BIN6,Ranges,Issuer,Country,Brand,Type
100001,00-99,STATE BANK OF INDIA,IN,local brand,debit
100002,00-99,STATE BANK OF INDIA,IN,local brand,debit
100003,00-99,Federal Bank,IN,visa,debit
100004,00-99,CENTRAL BANK OF INDIA,IN,local brand,debit
100005,00-99,BANK OF INDIA,IN,local brand,debit
100006,00-99,UCO BANK,IN,local brand,debit
100007,00-99,RBL BANK,IN,local brand,debit
100008,00-99,BANK OF INDIA,IN,local brand,debit
100011,00-99,RBL BANK,IN,local brand,debit
100013,00-99,ANDHRA BANK,IN,local brand,debit
100014,00-99,CANARA BANK,IN,local brand,debit
100015,00-99,CANARA BANK,IN,local brand,debit
100016,00-99,STATE BANK OF INDIA,IN,local brand,debit
100017,00-99,STATE BANK OF INDIA,IN,local brand,debit
100018,00-99,STATE BANK OF INDIA,IN,local brand,debit
100019,00-99,AXIS BANK,IN,local brand,debit
100020,00-99,PUNJAB NATIONAL BANK,IN,local brand,debit
100021,00-99,STATE BANK OF INDIA,IN,local brand,debit
100022,00-99,STATE BANK OF INDIA,IN,local brand,debit
100023,00-99,STATE BANK OF INDIA,IN,local brand,debit
100024,00-99,DHANLAXMI BANK,IN,local brand,debit
100025,00-99,CANARA BANK,IN,local brand,debit
100026,00-99,BANK OF INDIA,IN,local brand,debit
100027,00-99,UNITED BANK OF INDIA,IN,local brand,debit
100030,00-99,YES BANK,IN,local brand,debit
100031,00-99,AXIS BANK,IN,local brand,debit
100032,00-99,YES BANK,IN,local brand,debit
100033,00-99,ANDHRA BANK,IN,local brand,debit
100034,00-99,CANARA BANK,IN,local brand,debit
100035,00-99,PUNJAB NATIONAL BANK,IN,local brand,debit
100036,00-99,STATE BANK OF INDIA,IN,local brand,debit
100037,00-99,SHAMRAO VITHAL CO-OPERATIVE BANK,IN,local brand,debit
100038,00-99,ICICI BANK,IN,local brand,debit
100039,00-99,STATE BANK OF INDIA,IN,local brand,debit
100075,00-99,CHINA CITIC BANK,CN,private label,debit
100100,00-99,AMERICAN AIRLINES (AA),US,uatp,credit
100101,00-99,AMERICAN AIRLINES (AA),US,uatp,credit
100102,00-99,AMERICAN AIRLINES (AA),US,uatp,credit
100103,00-99,AMERICAN AIRLINES (AA),US,uatp,credit
100104,00-99,AMERICAN AIRLINES (AA),US,uatp,credit
100105,00-99,AMERICAN AIRLINES (AA),US,uatp,credit
100106,00-99,AMERICAN AIRLINES (AA),US,uatp,credit
100107,00-99,AMERICAN AIRLINES (AA),US,uatp,credit
100108,00-99,AMERICAN AIRLINES (AA),US,uatp,credit
100109,00-99,AMERICAN AIRLINES (AA),US,uatp,credit
100110,00-99,AMERICAN AIRLINES (AA),US,uatp,credit
100111,00-99,AMERICAN AIRLINES (AA),US,uatp,credit
100112,00-99,AMERICAN AIRLINES (AA),US,uatp,credit
100113,00-99,AMERICAN AIRLINES (AA),US,uatp,credit
100114,00-99,AMERICAN AIRLINES (AA),US,uatp,credit
100115,00-99,AMERICAN AIRLINES (AA),US,uatp,credit
100116,00-99,AMERICAN AIRLINES (AA),US,uatp,credit
100117,00-99,AMERICAN AIRLINES (AA),US,uatp,credit
100118,00-99,AMERICAN AIRLINES (AA),US,uatp,credit
100119,00-99,AMERICAN AIRLINES (AA),US,uatp,credit
100120,00-99,AMERICAN AIRLINES (AA),US,uatp,credit
100121,00-99,AMERICAN AIRLINES (AA),US,uatp,credit
100122,00-99,AMERICAN AIRLINES (AA),US,uatp,credit
100123,00-99,AMERICAN AIRLINES (AA),US,uatp,credit
100124,00-99,AMERICAN AIRLINES (AA),US,uatp,credit
100125,00-99,AMERICAN AIRLINES (AA),US,uatp,credit
100126,00-99,AMERICAN AIRLINES (AA),US,uatp,credit
100127,00-99,AMERICAN AIRLINES (AA),US,uatp,credit
100128,00-99,AMERICAN AIRLINES (AA),US,uatp,credit
100129,00-99,AMERICAN AIRLINES (AA),US,uatp,credit
100130,00-99,AMERICAN AIRLINES (AA),US,uatp,credit
100131,00-99,AMERICAN AIRLINES (AA),US,uatp,credit
100132,00-99,AMERICAN AIRLINES (AA),US,uatp,credit
100133,00-99,AMERICAN AIRLINES (AA),US,uatp,credit
100134,00-99,AMERICAN AIRLINES (AA),US,uatp,credit
100135,00-99,AMERICAN AIRLINES (AA),US,uatp,credit
100136,00-99,AMERICAN AIRLINES (AA),US,uatp,credit
100137,00-99,AMERICAN AIRLINES (AA),US,uatp,credit
100138,00-99,AMERICAN AIRLINES (AA),US,uatp,credit
100139,00-99,AMERICAN AIRLINES (AA),US,uatp,credit
100140,00-99,AMERICAN AIRLINES (AA),US,uatp,credit
100141,00-99,AMERICAN AIRLINES (AA),US,uatp,credit
100142,00-99,AMERICAN AIRLINES (AA),US,uatp,credit
100143,00-99,AMERICAN AIRLINES (AA),US,uatp,credit
100144,00-99,AMERICAN AIRLINES (AA),US,uatp,credit
100145,00-99,AMERICAN AIRLINES (AA),US,uatp,credit
100146,00-99,AMERICAN AIRLINES (AA),US,uatp,credit
100147,00-99,AMERICAN AIRLINES (AA),US,uatp,credit
100148,00-99,AMERICAN AIRLINES (AA),US,uatp,credit
100149,00-99,AMERICAN AIRLINES (AA),US,uatp,credit
100150,00-99,AMERICAN AIRLINES (AA),US,uatp,credit
100151,00-99,AMERICAN AIRLINES (AA),US,uatp,credit
100152,00-99,AMERICAN AIRLINES (AA),US,uatp,credit
100153,00-99,AMERICAN AIRLINES (AA),US,uatp,credit
100154,00-99,AMERICAN AIRLINES (AA),US,uatp,credit
100155,00-99,AMERICAN AIRLINES (AA),US,uatp,credit
100156,00-99,AMERICAN AIRLINES (AA),US,uatp,credit
100157,00-99,AMERICAN AIRLINES (AA),US,uatp,credit
100158,00-99,AMERICAN AIRLINES (AA),US,uatp,credit
100159,00-99,AMERICAN AIRLINES (AA),US,uatp,credit
100160,00-99,AMERICAN AIRLINES (AA),US,uatp,credit
100161,00-99,AMERICAN AIRLINES (AA),US,uatp,credit
100162,00-99,AMERICAN AIRLINES (AA),US,uatp,credit
100163,00-99,AMERICAN AIRLINES (AA),US,uatp,credit
100164,00-99,AMERICAN AIRLINES (AA),US,uatp,credit
100165,00-99,AMERICAN AIRLINES (AA),US,uatp,credit
100166,00-99,AMERICAN AIRLINES (AA),US,uatp,credit
100167,00-99,AMERICAN AIRLINES (AA),US,uatp,credit
100168,00-99,AMERICAN AIRLINES (AA),US,uatp,credit
100169,00-99,AMERICAN AIRLINES (AA),US,uatp,credit
100170,00-99,AMERICAN AIRLINES (AA),US,uatp,credit
100171,00-99,AMERICAN AIRLINES (AA),US,uatp,credit
100172,00-99,AMERICAN AIRLINES (AA),US,uatp,credit
100173,00-99,AMERICAN AIRLINES (AA),US,uatp,credit
100174,00-99,AMERICAN AIRLINES (AA),US,uatp,credit
100175,00-99,AMERICAN AIRLINES (AA),US,uatp,credit
100176,00-99,AMERICAN AIRLINES (AA),US,uatp,credit
100177,00-99,AMERICAN AIRLINES (AA),US,uatp,credit
100178,00-99,AMERICAN AIRLINES (AA),US,uatp,credit
100179,00-99,AMERICAN AIRLINES (AA),US,uatp,credit
100180,00-99,AMERICAN AIRLINES (AA),US,uatp,credit
100181,00-99,AMERICAN AIRLINES (AA),US,uatp,credit
100182,00-99,AMERICAN AIRLINES (AA),US,uatp,credit
100183,00-99,AMERICAN AIRLINES (AA),US,uatp,credit
100184,00-99,AMERICAN AIRLINES (AA),US,uatp,credit
100185,00-99,AMERICAN AIRLINES (AA),US,uatp,credit
100186,00-99,AMERICAN AIRLINES (AA),US,uatp,credit
100187,00-99,AMERICAN AIRLINES (AA),US,uatp,credit
100188,00-99,AMERICAN AIRLINES (AA),US,uatp,credit
100189,00-99,AMERICAN AIRLINES (AA),US,uatp,credit
100190,00-99,AMERICAN AIRLINES (AA),US,uatp,credit
100191,00-99,AMERICAN AIRLINES (AA),US,uatp,credit
100192,00-99,AMERICAN AIRLINES (AA),US,uatp,credit
100193,00-99,AMERICAN AIRLINES (AA),US,uatp,credit
100194,00-99,AMERICAN AIRLINES (AA),US,uatp,credit
100195,00-99,AMERICAN AIRLINES (AA),US,uatp,credit
100196,00-99,AMERICAN AIRLINES (AA),US,uatp,credit
100197,00-99,AMERICAN AIRLINES (AA),US,uatp,credit
100198,00-99,AMERICAN AIRLINES (AA),US,uatp,credit
100199,00-99,AMERICAN AIRLINES (AA),US,uatp,credit
100264,00-99,BCA BANK,ID,private label,credit
100500,00-99,CONTINENTAL AIRLINES (CO),US,uatp,credit
100501,00-99,CONTINENTAL AIRLINES (CO),US,uatp,credit
100502,00-99,CONTINENTAL AIRLINES (CO),US,uatp,credit
100503,00-99,CONTINENTAL AIRLINES (CO),US,uatp,credit
100504,00-99,CONTINENTAL AIRLINES (CO),US,uatp,credit
100505,00-99,CONTINENTAL AIRLINES (CO),US,uatp,credit
100506,00-99,CONTINENTAL AIRLINES (CO),US,uatp,credit
100507,00-99,CONTINENTAL AIRLINES (CO),US,uatp,credit
100508,00-99,CONTINENTAL AIRLINES (CO),US,uatp,credit
100509,00-99,CONTINENTAL AIRLINES (CO),US,uatp,credit
100510,00-99,CONTINENTAL AIRLINES (CO),US,uatp,credit
100511,00-99,CONTINENTAL AIRLINES (CO),US,uatp,credit
100512,00-99,CONTINENTAL AIRLINES (CO),US,uatp,credit
100513,00-99,CONTINENTAL AIRLINES (CO),US,uatp,credit
100514,00-99,CONTINENTAL AIRLINES (CO),US,uatp,credit
100515,00-99,CONTINENTAL AIRLINES (CO),US,uatp,credit
100516,00-99,CONTINENTAL AIRLINES (CO),US,uatp,credit
100517,00-99,CONTINENTAL AIRLINES (CO),US,uatp,credit
100518,00-99,CONTINENTAL AIRLINES (CO),US,uatp,credit
100519,00-99,CONTINENTAL AIRLINES (CO),US,uatp,credit
100520,00-99,CONTINENTAL AIRLINES (CO),US,uatp,credit
100521,00-99,CONTINENTAL AIRLINES (CO),US,uatp,credit
100522,00-99,CONTINENTAL AIRLINES (CO),US,uatp,credit
100523,00-99,CONTINENTAL AIRLINES (CO),US,uatp,credit
100524,00-99,CONTINENTAL AIRLINES (CO),US,uatp,credit
100525,00-99,CONTINENTAL AIRLINES (CO),US,uatp,credit
100526,00-99,CONTINENTAL AIRLINES (CO),US,uatp,credit
100527,00-99,CONTINENTAL AIRLINES (CO),US,uatp,credit
100528,00-99,CONTINENTAL AIRLINES (CO),US,uatp,credit
100529,00-99,CONTINENTAL AIRLINES (CO),US,uatp,credit
100530,00-99,CONTINENTAL AIRLINES (CO),US,uatp,credit
100531,00-99,CONTINENTAL AIRLINES (CO),US,uatp,credit
100532,00-99,CONTINENTAL AIRLINES (CO),US,uatp,credit
100533,00-99,CONTINENTAL AIRLINES (CO),US,uatp,credit
100534,00-99,CONTINENTAL AIRLINES (CO),US,uatp,credit
100535,00-99,CONTINENTAL AIRLINES (CO),US,uatp,credit
100536,00-99,CONTINENTAL AIRLINES (CO),US,uatp,credit
100537,00-99,CONTINENTAL AIRLINES (CO),US,uatp,credit
100538,00-99,CONTINENTAL AIRLINES (CO),US,uatp,credit
100539,00-99,CONTINENTAL AIRLINES (CO),US,uatp,credit
100540,00-99,CONTINENTAL AIRLINES (CO),US,uatp,credit
100541,00-99,CONTINENTAL AIRLINES (CO),US,uatp,credit
100542,00-99,CONTINENTAL AIRLINES (CO),US,uatp,credit
100543,00-99,CONTINENTAL AIRLINES (CO),US,uatp,credit
100544,00-99,CONTINENTAL AIRLINES (CO),US,uatp,credit
100545,00-99,CONTINENTAL AIRLINES (CO),US,uatp,credit
100546,00-99,CONTINENTAL AIRLINES (CO),US,uatp,credit
100547,00-99,CONTINENTAL AIRLINES (CO),US,uatp,credit
100548,00-99,CONTINENTAL AIRLINES (CO),US,uatp,credit
100549,00-99,CONTINENTAL AIRLINES (CO),US,uatp,credit
100550,00-99,CONTINENTAL AIRLINES (CO),US,uatp,credit
100551,00-99,CONTINENTAL AIRLINES (CO),US,uatp,credit
100552,00-99,CONTINENTAL AIRLINES (CO),US,uatp,credit
100553,00-99,CONTINENTAL AIRLINES (CO),US,uatp,credit
100554,00-99,CONTINENTAL AIRLINES (CO),US,uatp,credit
100555,00-99,CONTINENTAL AIRLINES (CO),US,uatp,credit
100556,00-99,CONTINENTAL AIRLINES (CO),US,uatp,credit
100557,00-99,CONTINENTAL AIRLINES (CO),US,uatp,credit
100558,00-99,CONTINENTAL AIRLINES (CO),US,uatp,credit
100559,00-99,CONTINENTAL AIRLINES (CO),US,uatp,credit
100560,00-99,CONTINENTAL AIRLINES (CO),US,uatp,credit
100561,00-99,CONTINENTAL AIRLINES (CO),US,uatp,credit
100562,00-99,CONTINENTAL AIRLINES (CO),US,uatp,credit
100563,00-99,CONTINENTAL AIRLINES (CO),US,uatp,credit
100564,00-99,CONTINENTAL AIRLINES (CO),US,uatp,credit
100565,00-99,CONTINENTAL AIRLINES (CO),US,uatp,credit
100566,00-99,CONTINENTAL AIRLINES (CO),US,uatp,credit
100567,00-99,CONTINENTAL AIRLINES (CO),US,uatp,credit
100568,00-99,CONTINENTAL AIRLINES (CO),US,uatp,credit
100569,00-99,CONTINENTAL AIRLINES (CO),US,uatp,credit
100570,00-99,CONTINENTAL AIRLINES (CO),US,uatp,credit
100571,00-99,CONTINENTAL AIRLINES (CO),US,uatp,credit
100572,00-99,CONTINENTAL AIRLINES (CO),US,uatp,credit
100573,00-99,CONTINENTAL AIRLINES (CO),US,uatp,credit
100574,00-99,CONTINENTAL AIRLINES (CO),US,uatp,credit
100575,00-99,CONTINENTAL AIRLINES (CO),US,uatp,credit
100576,00-99,CONTINENTAL AIRLINES (CO),US,uatp,credit
100577,00-99,CONTINENTAL AIRLINES (CO),US,uatp,credit
100578,00-99,CONTINENTAL AIRLINES (CO),US,uatp,credit
100579,00-99,CONTINENTAL AIRLINES (CO),US,uatp,credit
100580,00-99,CONTINENTAL AIRLINES (CO),US,uatp,credit
100581,00-99,CONTINENTAL AIRLINES (CO),US,uatp,credit
100582,00-99,CONTINENTAL AIRLINES (CO),US,uatp,credit
100583,00-99,CONTINENTAL AIRLINES (CO),US,uatp,credit
100584,00-99,CONTINENTAL AIRLINES (CO),US,uatp,credit
100585,00-99,CONTINENTAL AIRLINES (CO),US,uatp,credit
100586,00-99,CONTINENTAL AIRLINES (CO),US,uatp,credit
100587,00-99,CONTINENTAL AIRLINES (CO),US,uatp,credit
100588,00-99,CONTINENTAL AIRLINES (CO),US,uatp,credit
100589,00-99,CONTINENTAL AIRLINES (CO),US,uatp,credit
100590,00-99,CONTINENTAL AIRLINES (CO),US,uatp,credit
100591,00-99,CONTINENTAL AIRLINES (CO),US,uatp,credit
100592,00-99,CONTINENTAL AIRLINES (CO),US,uatp,credit
100593,00-99,CONTINENTAL AIRLINES (CO),US,uatp,credit
100594,00-99,CONTINENTAL AIRLINES (CO),US,uatp,credit
100595,00-99,CONTINENTAL AIRLINES (CO),US,uatp,credit
100596,00-99,CONTINENTAL AIRLINES (CO),US,uatp,credit
100597,00-99,CONTINENTAL AIRLINES (CO),US,uatp,credit
100598,00-99,CONTINENTAL AIRLINES (CO),US,uatp,credit
100599,00-99,CONTINENTAL AIRLINES (CO),US,uatp,credit
100600,00-99,DELTA AIRLINES (DL),US,uatp,credit
100601,00-99,DELTA AIRLINES (DL),US,uatp,credit
100602,00-99,DELTA AIRLINES (DL),US,uatp,credit
100603,00-99,DELTA AIRLINES (DL),US,uatp,credit
100604,00-99,DELTA AIRLINES (DL),US,uatp,credit
100605,00-99,DELTA AIRLINES (DL),US,uatp,credit
100606,00-99,DELTA AIRLINES (DL),US,uatp,credit
100607,00-99,DELTA AIRLINES (DL),US,uatp,credit
100608,00-99,DELTA AIRLINES (DL),US,uatp,credit
100609,00-99,DELTA AIRLINES (DL),US,uatp,credit
100610,00-99,DELTA AIRLINES (DL),US,uatp,credit
100611,00-99,DELTA AIRLINES (DL),US,uatp,credit
100612,00-99,DELTA AIRLINES (DL),US,uatp,credit
100613,00-99,DELTA AIRLINES (DL),US,uatp,credit
100614,00-99,DELTA AIRLINES (DL),US,uatp,credit
100615,00-99,DELTA AIRLINES (DL),US,uatp,credit
100616,00-99,DELTA AIRLINES (DL),US,uatp,credit
100617,00-99,DELTA AIRLINES (DL),US,uatp,credit
100618,00-99,DELTA AIRLINES (DL),US,uatp,credit
100619,00-99,DELTA AIRLINES (DL),US,uatp,credit
100620,00-99,DELTA AIRLINES (DL),US,uatp,credit
100621,00-99,DELTA AIRLINES (DL),US,uatp,credit
100622,00-99,DELTA AIRLINES (DL),US,uatp,credit
100623,00-99,DELTA AIRLINES (DL),US,uatp,credit
100624,00-99,DELTA AIRLINES (DL),US,uatp,credit
100625,00-99,DELTA AIRLINES (DL),US,uatp,credit
100626,00-99,DELTA AIRLINES (DL),US,uatp,credit
100627,00-99,DELTA AIRLINES (DL),US,uatp,credit
100628,00-99,DELTA AIRLINES (DL),US,uatp,credit
100629,00-99,DELTA AIRLINES (DL),US,uatp,credit
100630,00-99,DELTA AIRLINES (DL),US,uatp,credit
100631,00-99,DELTA AIRLINES (DL),US,uatp,credit
100632,00-99,DELTA AIRLINES (DL),US,uatp,credit
100633,00-99,DELTA AIRLINES (DL),US,uatp,credit
100634,00-99,DELTA AIRLINES (DL),US,uatp,credit
100635,00-99,DELTA AIRLINES (DL),US,uatp,credit
100636,00-99,DELTA AIRLINES (DL),US,uatp,credit
100637,00-99,DELTA AIRLINES (DL),US,uatp,credit
100638,00-99,DELTA AIRLINES (DL),US,uatp,credit
100639,00-99,DELTA AIRLINES (DL),US,uatp,credit
100640,00-99,DELTA AIRLINES (DL),US,uatp,credit
100641,00-99,DELTA AIRLINES (DL),US,uatp,credit
100642,00-99,DELTA AIRLINES (DL),US,uatp,credit
100643,00-99,DELTA AIRLINES (DL),US,uatp,credit
100644,00-99,DELTA AIRLINES (DL),US,uatp,credit
100645,00-99,DELTA AIRLINES (DL),US,uatp,credit
100646,00-99,DELTA AIRLINES (DL),US,uatp,credit
100647,00-99,DELTA AIRLINES (DL),US,uatp,credit
100648,00-99,DELTA AIRLINES (DL),US,uatp,credit
100649,00-99,DELTA AIRLINES (DL),US,uatp,credit
100650,00-99,DELTA AIRLINES (DL),US,uatp,credit
100651,00-99,DELTA AIRLINES (DL),US,uatp,credit
100652,00-99,DELTA AIRLINES (DL),US,uatp,credit
100653,00-99,DELTA AIRLINES (DL),US,uatp,credit
100654,00-99,DELTA AIRLINES (DL),US,uatp,credit
100655,00-99,DELTA AIRLINES (DL),US,uatp,credit
100656,00-99,DELTA AIRLINES (DL),US,uatp,credit
100657,00-99,DELTA AIRLINES (DL),US,uatp,credit
100658,00-99,DELTA AIRLINES (DL),US,uatp,credit
100659,00-99,DELTA AIRLINES (DL),US,uatp,credit
100660,00-99,DELTA AIRLINES (DL),US,uatp,credit
100661,00-99,DELTA AIRLINES (DL),US,uatp,credit
100662,00-99,DELTA AIRLINES (DL),US,uatp,credit
100663,00-99,DELTA AIRLINES (DL),US,uatp,credit
100664,00-99,DELTA AIRLINES (DL),US,uatp,credit
100665,00-99,DELTA AIRLINES (DL),US,uatp,credit
100666,00-99,DELTA AIRLINES (DL),US,uatp,credit
100667,00-99,DELTA AIRLINES (DL),US,uatp,credit
100668,00-99,Delta Airlines,US,uatp,credit
100669,00-99,DELTA AIRLINES (DL),US,uatp,credit
100670,00-99,DELTA AIRLINES (DL),US,uatp,credit
100671,00-99,DELTA AIRLINES (DL),US,uatp,credit
100672,00-99,DELTA AIRLINES (DL),US,uatp,credit
100673,00-99,DELTA AIRLINES (DL),US,uatp,credit
100674,00-99,DELTA AIRLINES (DL),US,uatp,credit
100675,00-99,DELTA AIRLINES (DL),US,uatp,credit
100676,00-99,DELTA AIRLINES (DL),US,uatp,credit
100677,00-99,DELTA AIRLINES (DL),US,uatp,credit
100678,00-99,DELTA AIRLINES (DL),US,uatp,credit
100679,00-99,DELTA AIRLINES (DL),US,uatp,credit
100680,00-99,DELTA AIRLINES (DL),US,uatp,credit
100681,00-99,DELTA AIRLINES (DL),US,uatp,credit
100682,00-99,DELTA AIRLINES (DL),US,uatp,credit
100683,00-99,DELTA AIRLINES (DL),US,uatp,credit
100684,00-99,DELTA AIRLINES (DL),US,uatp,credit
100685,00-99,DELTA AIRLINES (DL),US,uatp,credit
100686,00-99,DELTA AIRLINES (DL),US,uatp,credit
100687,00-99,DELTA AIRLINES (DL),US,uatp,credit
100688,00-99,DELTA AIRLINES (DL),US,uatp,credit
100689,00-99,DELTA AIRLINES (DL),US,uatp,credit
100690,00-99,DELTA AIRLINES (DL),US,uatp,credit
100691,00-99,DELTA AIRLINES (DL),US,uatp,credit
100692,00-99,DELTA AIRLINES (DL),US,uatp,credit
100693,00-99,DELTA AIRLINES (DL),US,uatp,credit
100694,00-99,DELTA AIRLINES (DL),US,uatp,credit
100695,00-99,DELTA AIRLINES (DL),US,uatp,credit
100696,00-99,DELTA AIRLINES (DL),US,uatp,credit
100697,00-99,DELTA AIRLINES (DL),US,uatp,credit
100698,00-99,DELTA AIRLINES (DL),US,uatp,credit
100699,00-99,DELTA AIRLINES (DL),US,uatp,credit
101017,00-99,PRIME BANK LTD.,BD,local brand,debit
101018,00-99,PRIME BANK LTD.,BD,local brand,debit
101104,00-99,BNI BANK,ID,private label,credit
101400,00-99,AEROPLAN (AIR CANADA),CA,uatp,credit
101401,00-99,AEROPLAN (AIR CANADA),CA,uatp,credit
101402,00-99,AEROPLAN (AIR CANADA),CA,uatp,credit
101403,00-99,AEROPLAN (AIR CANADA),CA,uatp,credit
101404,00-99,AEROPLAN (AIR CANADA),CA,uatp,credit
101405,00-99,AEROPLAN (AIR CANADA),CA,uatp,credit
101406,00-99,AEROPLAN (AIR CANADA),CA,uatp,credit
101407,00-99,AEROPLAN (AIR CANADA),CA,uatp,credit
101408,00-99,AEROPLAN (AIR CANADA),CA,uatp,credit
101409,00-99,AEROPLAN (AIR CANADA),CA,uatp,credit
101410,00-99,AEROPLAN (AIR CANADA),CA,uatp,credit
101411,00-99,AEROPLAN (AIR CANADA),CA,uatp,credit
101412,00-99,AEROPLAN (AIR CANADA),CA,uatp,credit
101413,00-99,AEROPLAN (AIR CANADA),CA,uatp,credit
101414,00-99,AEROPLAN (AIR CANADA),CA,uatp,credit
101415,00-99,AEROPLAN (AIR CANADA),CA,uatp,credit
101416,00-99,AEROPLAN (AIR CANADA),CA,uatp,credit
101417,00-99,AEROPLAN (AIR CANADA),CA,uatp,credit
101418,00-99,AEROPLAN (AIR CANADA),CA,uatp,credit
101419,00-99,AEROPLAN (AIR CANADA),CA,uatp,credit
101420,00-99,AEROPLAN (AIR CANADA),CA,uatp,credit
101421,00-99,AEROPLAN (AIR CANADA),CA,uatp,credit
101422,00-99,AEROPLAN (AIR CANADA),CA,uatp,credit
101423,00-99,AEROPLAN (AIR CANADA),CA,uatp,credit
101424,00-99,AEROPLAN (AIR CANADA),CA,uatp,credit
101425,00-99,AEROPLAN (AIR CANADA),CA,uatp,credit
101426,00-99,AEROPLAN (AIR CANADA),CA,uatp,credit
101427,00-99,AEROPLAN (AIR CANADA),CA,uatp,credit
101428,00-99,AEROPLAN (AIR CANADA),CA,uatp,credit
101429,00-99,AEROPLAN (AIR CANADA),CA,uatp,credit
101430,00-99,AEROPLAN (AIR CANADA),CA,uatp,credit
101431,00-99,AEROPLAN (AIR CANADA),CA,uatp,credit
101432,00-99,AEROPLAN (AIR CANADA),CA,uatp,credit
101433,00-99,AEROPLAN (AIR CANADA),CA,uatp,credit
101434,00-99,AEROPLAN (AIR CANADA),CA,uatp,credit
101435,00-99,AEROPLAN (AIR CANADA),CA,uatp,credit
101436,00-99,AEROPLAN (AIR CANADA),CA,uatp,credit
101437,00-99,AEROPLAN (AIR CANADA),CA,uatp,credit
101438,00-99,AEROPLAN (AIR CANADA),CA,uatp,credit
101439,00-99,AEROPLAN (AIR CANADA),CA,uatp,credit
101440,00-99,AEROPLAN (AIR CANADA),CA,uatp,credit
101441,00-99,AEROPLAN (AIR CANADA),CA,uatp,credit
101442,00-99,AEROPLAN (AIR CANADA),CA,uatp,credit
101443,00-99,AEROPLAN (AIR CANADA),CA,uatp,credit
101444,00-99,AEROPLAN (AIR CANADA),CA,uatp,credit
101445,00-99,AEROPLAN (AIR CANADA),CA,uatp,credit
101446,00-99,AEROPLAN (AIR CANADA),CA,uatp,credit
101447,00-99,AEROPLAN (AIR CANADA),CA,uatp,credit
101448,00-99,AEROPLAN (AIR CANADA),CA,uatp,credit
101449,00-99,AEROPLAN (AIR CANADA),CA,uatp,credit
101450,00-99,AEROPLAN (AIR CANADA),CA,uatp,credit
101451,00-99,AEROPLAN (AIR CANADA),CA,uatp,credit
101452,00-99,AEROPLAN (AIR CANADA),CA,uatp,credit
101453,00-99,AEROPLAN (AIR CANADA),CA,uatp,credit
101454,00-99,AEROPLAN (AIR CANADA),CA,uatp,credit
101455,00-99,AEROPLAN (AIR CANADA),CA,uatp,credit
101456,00-99,AEROPLAN (AIR CANADA),CA,uatp,credit
101457,00-99,AEROPLAN (AIR CANADA),CA,uatp,credit
101458,00-99,AEROPLAN (AIR CANADA),CA,uatp,credit
101459,00-99,AEROPLAN (AIR CANADA),CA,uatp,credit
101460,00-99,AEROPLAN (AIR CANADA),CA,uatp,credit
101461,00-99,AEROPLAN (AIR CANADA),CA,uatp,credit
101462,00-99,AEROPLAN (AIR CANADA),CA,uatp,credit
101463,00-99,AEROPLAN (AIR CANADA),CA,uatp,credit
101464,00-99,AEROPLAN (AIR CANADA),CA,uatp,credit
101465,00-99,AEROPLAN (AIR CANADA),CA,uatp,credit
101466,00-99,AEROPLAN (AIR CANADA),CA,uatp,credit
101467,00-99,AEROPLAN (AIR CANADA),CA,uatp,credit
101468,00-99,AEROPLAN (AIR CANADA),CA,uatp,credit
101469,00-99,AEROPLAN (AIR CANADA),CA,uatp,credit
101470,00-99,AEROPLAN (AIR CANADA),CA,uatp,credit
101471,00-99,AEROPLAN (AIR CANADA),CA,uatp,credit
101472,00-99,AEROPLAN (AIR CANADA),CA,uatp,credit
101473,00-99,AEROPLAN (AIR CANADA),CA,uatp,credit
101474,00-99,AEROPLAN (AIR CANADA),CA,uatp,credit
101475,00-99,AEROPLAN (AIR CANADA),CA,uatp,credit
101476,00-99,AEROPLAN (AIR CANADA),CA,uatp,credit
101477,00-99,AEROPLAN (AIR CANADA),CA,uatp,credit
101478,00-99,AEROPLAN (AIR CANADA),CA,uatp,credit
101479,00-99,AEROPLAN (AIR CANADA),CA,uatp,credit
101480,00-99,AEROPLAN (AIR CANADA),CA,uatp,credit
101481,00-99,AEROPLAN (AIR CANADA),CA,uatp,credit
101482,00-99,AEROPLAN (AIR CANADA),CA,uatp,credit
101483,00-99,AEROPLAN (AIR CANADA),CA,uatp,credit
101484,00-99,AEROPLAN (AIR CANADA),CA,uatp,credit
101485,00-99,AEROPLAN (AIR CANADA),CA,uatp,credit
101486,00-99,AEROPLAN (AIR CANADA),CA,uatp,credit
101487,00-99,AEROPLAN (AIR CANADA),CA,uatp,credit
101488,00-99,AEROPLAN (AIR CANADA),CA,uatp,credit
101489,00-99,AEROPLAN (AIR CANADA),CA,uatp,credit
101490,00-99,AEROPLAN (AIR CANADA),CA,uatp,credit
101491,00-99,AEROPLAN (AIR CANADA),CA,uatp,credit
101492,00-99,AEROPLAN (AIR CANADA),CA,uatp,credit
101493,00-99,AEROPLAN (AIR CANADA),CA,uatp,credit
101494,00-99,AEROPLAN (AIR CANADA),CA,uatp,credit
101495,00-99,AEROPLAN (AIR CANADA),CA,uatp,credit
101496,00-99,AEROPLAN (AIR CANADA),CA,uatp,credit
101497,00-99,AEROPLAN (AIR CANADA),CA,uatp,credit
101498,00-99,AEROPLAN (AIR CANADA),CA,uatp,credit
101499,00-99,AEROPLAN (AIR CANADA),CA,uatp,credit
101600,00-99,UNITED AIRLINES (UA),US,uatp,credit
101601,00-99,UNITED AIRLINES (UA),US,uatp,credit
101602,00-99,UNITED AIRLINES (UA),US,uatp,credit
101603,00-99,UNITED AIRLINES (UA),US,uatp,credit
101604,00-99,UNITED AIRLINES (UA),US,uatp,credit
101605,00-99,UNITED AIRLINES (UA),US,uatp,credit
101606,00-99,UNITED AIRLINES (UA),US,uatp,credit
101607,00-99,UNITED AIRLINES (UA),US,uatp,credit
101608,00-99,UNITED AIRLINES (UA),US,uatp,credit
101609,00-99,UNITED AIRLINES (UA),US,uatp,credit
101610,00-99,UNITED AIRLINES (UA),US,uatp,credit
101611,00-99,UNITED AIRLINES (UA),US,uatp,credit
101612,00-99,UNITED AIRLINES (UA),US,uatp,credit
101613,00-99,UNITED AIRLINES (UA),US,uatp,credit
101614,00-99,UNITED AIRLINES (UA),US,uatp,credit
101615,00-99,UNITED AIRLINES (UA),US,uatp,credit
101616,00-99,UNITED AIRLINES (UA),US,uatp,credit
101617,00-99,UNITED AIRLINES (UA),US,uatp,credit
101618,00-99,UNITED AIRLINES (UA),US,uatp,credit
101619,00-99,UNITED AIRLINES (UA),US,uatp,credit
101620,00-99,UNITED AIRLINES (UA),US,uatp,credit
101621,00-99,UNITED AIRLINES (UA),US,uatp,credit
101622,00-99,UNITED AIRLINES (UA),US,uatp,credit
101623,00-99,UNITED AIRLINES (UA),US,uatp,credit
101624,00-99,UNITED AIRLINES (UA),US,uatp,credit
101625,00-99,UNITED AIRLINES (UA),US,uatp,credit
101626,00-99,UNITED AIRLINES (UA),US,uatp,credit
101627,00-99,UNITED AIRLINES (UA),US,uatp,credit
101628,00-99,UNITED AIRLINES (UA),US,uatp,credit
101629,00-99,UNITED AIRLINES (UA),US,uatp,credit
101630,00-99,UNITED AIRLINES (UA),US,uatp,credit
101631,00-99,UNITED AIRLINES (UA),US,uatp,credit
101632,00-99,UNITED AIRLINES (UA),US,uatp,credit
101633,00-99,UNITED AIRLINES (UA),US,uatp,credit
101634,00-99,UNITED AIRLINES (UA),US,uatp,credit
101635,00-99,UNITED AIRLINES (UA),US,uatp,credit
101636,00-99,UNITED AIRLINES (UA),US,uatp,credit
101637,00-99,UNITED AIRLINES (UA),US,uatp,credit
101638,00-99,UNITED AIRLINES (UA),US,uatp,credit
101639,00-99,UNITED AIRLINES (UA),US,uatp,credit
101640,00-99,UNITED AIRLINES (UA),US,uatp,credit
101641,00-99,UNITED AIRLINES (UA),US,uatp,credit
101642,00-99,UNITED AIRLINES (UA),US,uatp,credit
101643,00-99,UNITED AIRLINES (UA),US,uatp,credit
101644,00-99,UNITED AIRLINES (UA),US,uatp,credit
101645,00-99,UNITED AIRLINES (UA),US,uatp,credit
101646,00-99,UNITED AIRLINES (UA),US,uatp,credit
101647,00-99,UNITED AIRLINES (UA),US,uatp,credit
101648,00-99,UNITED AIRLINES (UA),US,uatp,credit
101649,00-99,UNITED AIRLINES (UA),US,uatp,credit
101650,00-99,UNITED AIRLINES (UA),US,uatp,credit
101651,00-99,UNITED AIRLINES (UA),US,uatp,credit
101652,00-99,UNITED AIRLINES (UA),US,uatp,credit
101653,00-99,UNITED AIRLINES (UA),US,uatp,credit
101654,00-99,UNITED AIRLINES (UA),US,uatp,credit
101655,00-99,UNITED AIRLINES (UA),US,uatp,credit
101656,00-99,UNITED AIRLINES (UA),US,uatp,credit
101657,00-99,UNITED AIRLINES (UA),US,uatp,credit
101658,00-99,UNITED AIRLINES (UA),US,uatp,credit
101659,00-99,UNITED AIRLINES (UA),US,uatp,credit
101660,00-99,UNITED AIRLINES (UA),US,uatp,credit
101661,00-99,UNITED AIRLINES (UA),US,uatp,credit
101662,00-99,UNITED AIRLINES (UA),US,uatp,credit
101663,00-99,UNITED AIRLINES (UA),US,uatp,credit
101664,00-99,UNITED AIRLINES (UA),US,uatp,credit
101665,00-99,UNITED AIRLINES (UA),US,uatp,credit
101666,00-99,UNITED AIRLINES (UA),US,uatp,credit
101667,00-99,UNITED AIRLINES (UA),US,uatp,credit
101668,00-99,UNITED AIRLINES (UA),US,uatp,credit
101669,00-99,UNITED AIRLINES (UA),US,uatp,credit
101670,00-99,UNITED AIRLINES (UA),US,uatp,credit
101671,00-99,UNITED AIRLINES (UA),US,uatp,credit
101672,00-99,UNITED AIRLINES (UA),US,uatp,credit
101673,00-99,UNITED AIRLINES (UA),US,uatp,credit
101674,00-99,UNITED AIRLINES (UA),US,uatp,credit
101675,00-99,UNITED AIRLINES (UA),US,uatp,credit
101676,00-99,UNITED AIRLINES (UA),US,uatp,credit
101677,00-99,UNITED AIRLINES (UA),US,uatp,credit
101678,00-99,UNITED AIRLINES (UA),US,uatp,credit
101679,00-99,UNITED AIRLINES (UA),US,uatp,credit
101680,00-99,UNITED AIRLINES (UA),US,uatp,credit
101681,00-99,UNITED AIRLINES (UA),US,uatp,credit
101682,00-99,UNITED AIRLINES (UA),US,uatp,credit
101683,00-99,UNITED AIRLINES (UA),US,uatp,credit
101684,00-99,UNITED AIRLINES (UA),US,uatp,credit
101685,00-99,UNITED AIRLINES (UA),US,uatp,credit
101686,00-99,UNITED AIRLINES (UA),US,uatp,credit
101687,00-99,UNITED AIRLINES (UA),US,uatp,credit
101688,00-99,UNITED AIRLINES (UA),US,uatp,credit
101689,00-99,UNITED AIRLINES (UA),US,uatp,credit
101690,00-99,UNITED AIRLINES (UA),US,uatp,credit
101691,00-99,UNITED AIRLINES (UA),US,uatp,credit
101692,00-99,UNITED AIRLINES (UA),US,uatp,credit
101693,00-99,UNITED AIRLINES (UA),US,uatp,credit
101694,00-99,UNITED AIRLINES (UA),US,uatp,credit
101695,00-99,UNITED AIRLINES (UA),US,uatp,credit
101696,00-99,UNITED AIRLINES (UA),US,uatp,credit
101697,00-99,UNITED AIRLINES (UA),US,uatp,credit
101698,00-99,UNITED AIRLINES (UA),US,uatp,credit
101699,00-99,UNITED AIRLINES (UA),US,uatp,credit
102011,00-99,TBI BANK,BG,private label,debit
103000,00-99,AGRICULTURAL BANK OF CHINA,CN,local brand,debit
103001,00-99,AGRICULTURAL BANK OF CHINA,CN,local brand,debit
103002,00-99,AGRICULTURAL BANK OF CHINA,CN,local brand,debit
103003,00-99,AGRICULTURAL BANK OF CHINA,CN,local brand,debit
103004,00-99,AGRICULTURAL BANK OF CHINA,CN,local brand,debit
103005,00-99,AGRICULTURAL BANK OF CHINA,CN,local brand,debit
103006,00-99,AGRICULTURAL BANK OF CHINA,CN,local brand,debit
103007,00-99,AGRICULTURAL BANK OF CHINA,CN,local brand,debit
103008,00-99,AGRICULTURAL BANK OF CHINA,CN,local brand,debit
103009,00-99,AGRICULTURAL BANK OF CHINA,CN,local brand,debit
103010,00-99,AGRICULTURAL BANK OF CHINA,CN,local brand,debit
103011,00-99,AGRICULTURAL BANK OF CHINA,CN,local brand,debit
103012,00-99,AGRICULTURAL BANK OF CHINA,CN,local brand,debit
103013,00-99,AGRICULTURAL BANK OF CHINA,CN,local brand,debit
103014,00-99,AGRICULTURAL BANK OF CHINA,CN,local brand,debit
103015,00-99,AGRICULTURAL BANK OF CHINA,CN,local brand,debit
103016,00-99,AGRICULTURAL BANK OF CHINA,CN,local brand,debit
103017,00-99,AGRICULTURAL BANK OF CHINA,CN,local brand,debit
103018,00-99,AGRICULTURAL BANK OF CHINA,CN,local brand,debit
103019,00-99,AGRICULTURAL BANK OF CHINA,CN,local brand,debit
103020,00-99,AGRICULTURAL BANK OF CHINA,CN,local brand,debit
103021,00-99,AGRICULTURAL BANK OF CHINA,CN,local brand,debit
103022,00-99,AGRICULTURAL BANK OF CHINA,CN,local brand,debit
103023,00-99,AGRICULTURAL BANK OF CHINA,CN,local brand,debit
103024,00-99,AGRICULTURAL BANK OF CHINA,CN,local brand,debit
103025,00-99,AGRICULTURAL BANK OF CHINA,CN,local brand,debit
103026,00-99,AGRICULTURAL BANK OF CHINA,CN,local brand,debit
103027,00-99,AGRICULTURAL BANK OF CHINA,CN,local brand,debit
103028,00-99,AGRICULTURAL BANK OF CHINA,CN,local brand,debit
103029,00-99,AGRICULTURAL BANK OF CHINA,CN,local brand,debit
103030,00-99,AGRICULTURAL BANK OF CHINA,CN,local brand,debit
103031,00-99,AGRICULTURAL BANK OF CHINA,CN,local brand,debit
103032,00-99,AGRICULTURAL BANK OF CHINA,CN,local brand,debit
103033,00-99,AGRICULTURAL BANK OF CHINA,CN,local brand,debit
103034,00-99,AGRICULTURAL BANK OF CHINA,CN,local brand,debit
103035,00-99,AGRICULTURAL BANK OF CHINA,CN,local brand,debit
103036,00-99,AGRICULTURAL BANK OF CHINA,CN,local brand,debit
103037,00-99,AGRICULTURAL BANK OF CHINA,CN,local brand,debit
103038,00-99,AGRICULTURAL BANK OF CHINA,CN,local brand,debit
103039,00-99,AGRICULTURAL BANK OF CHINA,CN,local brand,debit
103040,00-99,AGRICULTURAL BANK OF CHINA,CN,local brand,debit
103041,00-99,AGRICULTURAL BANK OF CHINA,CN,local brand,debit
103042,00-99,AGRICULTURAL BANK OF CHINA,CN,local brand,debit
103043,00-99,AGRICULTURAL BANK OF CHINA,CN,local brand,debit
103044,00-99,AGRICULTURAL BANK OF CHINA,CN,local brand,debit
103045,00-99,AGRICULTURAL BANK OF CHINA,CN,local brand,debit
103046,00-99,AGRICULTURAL BANK OF CHINA,CN,local brand,debit
103047,00-99,AGRICULTURAL BANK OF CHINA,CN,local brand,debit
103048,00-99,AGRICULTURAL BANK OF CHINA,CN,local brand,debit
103049,00-99,AGRICULTURAL BANK OF CHINA,CN,local brand,debit
103050,00-99,AGRICULTURAL BANK OF CHINA,CN,local brand,debit
103051,00-99,AGRICULTURAL BANK OF CHINA,CN,local brand,debit
103052,00-99,AGRICULTURAL BANK OF CHINA,CN,local brand,debit
103053,00-99,AGRICULTURAL BANK OF CHINA,CN,local brand,debit
103054,00-99,AGRICULTURAL BANK OF CHINA,CN,local brand,debit
103055,00-99,AGRICULTURAL BANK OF CHINA,CN,local brand,debit
103056,00-99,AGRICULTURAL BANK OF CHINA,CN,local brand,debit
103057,00-99,AGRICULTURAL BANK OF CHINA,CN,local brand,debit
103058,00-99,AGRICULTURAL BANK OF CHINA,CN,local brand,debit
103059,00-99,AGRICULTURAL BANK OF CHINA,CN,local brand,debit
103060,00-99,AGRICULTURAL BANK OF CHINA,CN,local brand,debit
103061,00-99,AGRICULTURAL BANK OF CHINA,CN,local brand,debit
103062,00-99,AGRICULTURAL BANK OF CHINA,CN,local brand,debit
103063,00-99,AGRICULTURAL BANK OF CHINA,CN,local brand,debit
103064,00-99,AGRICULTURAL BANK OF CHINA,CN,local brand,debit
103065,00-99,AGRICULTURAL BANK OF CHINA,CN,local brand,debit
103066,00-99,AGRICULTURAL BANK OF CHINA,CN,local brand,debit
103067,00-99,AGRICULTURAL BANK OF CHINA,CN,local brand,debit
103068,00-99,AGRICULTURAL BANK OF CHINA,CN,local brand,debit
103069,00-99,AGRICULTURAL BANK OF CHINA,CN,local brand,debit
103070,00-99,AGRICULTURAL BANK OF CHINA,CN,local brand,debit
103071,00-99,AGRICULTURAL BANK OF CHINA,CN,local brand,debit
103072,00-99,AGRICULTURAL BANK OF CHINA,CN,local brand,debit
103073,00-99,AGRICULTURAL BANK OF CHINA,CN,local brand,debit
103074,00-99,AGRICULTURAL BANK OF CHINA,CN,local brand,debit
103075,00-99,AGRICULTURAL BANK OF CHINA,CN,local brand,debit
103076,00-99,AGRICULTURAL BANK OF CHINA,CN,local brand,debit
103077,00-99,AGRICULTURAL BANK OF CHINA,CN,local brand,debit
103078,00-99,AGRICULTURAL BANK OF CHINA,CN,local brand,debit
103079,00-99,AGRICULTURAL BANK OF CHINA,CN,local brand,debit
103080,00-99,AGRICULTURAL BANK OF CHINA,CN,local brand,debit
103081,00-99,AGRICULTURAL BANK OF CHINA,CN,local brand,debit
103082,00-99,AGRICULTURAL BANK OF CHINA,CN,local brand,debit
103083,00-99,AGRICULTURAL BANK OF CHINA,CN,local brand,debit
103084,00-99,AGRICULTURAL BANK OF CHINA,CN,local brand,debit
103085,00-99,AGRICULTURAL BANK OF CHINA,CN,local brand,debit
103086,00-99,AGRICULTURAL BANK OF CHINA,CN,local brand,debit
103087,00-99,AGRICULTURAL BANK OF CHINA,CN,local brand,debit
103088,00-99,AGRICULTURAL BANK OF CHINA,CN,local brand,debit
103089,00-99,AGRICULTURAL BANK OF CHINA,CN,local brand,debit
103090,00-99,AGRICULTURAL BANK OF CHINA,CN,local brand,debit
103091,00-99,AGRICULTURAL BANK OF CHINA,CN,local brand,debit
103092,00-99,AGRICULTURAL BANK OF CHINA,CN,local brand,debit
103093,00-99,AGRICULTURAL BANK OF CHINA,CN,local brand,debit
103094,00-99,AGRICULTURAL BANK OF CHINA,CN,private label,debit
103095,00-99,AGRICULTURAL BANK OF CHINA,CN,local brand,debit
103096,00-99,AGRICULTURAL BANK OF CHINA,CN,local brand,debit
103097,00-99,AGRICULTURAL BANK OF CHINA,CN,local brand,debit
103098,00-99,AGRICULTURAL BANK OF CHINA,CN,local brand,debit
103099,00-99,AGRICULTURAL BANK OF CHINA,CN,local brand,debit
103100,00-99,AGRICULTURAL BANK OF CHINA,CN,local brand,debit
103101,00-99,AGRICULTURAL BANK OF CHINA,CN,local brand,debit
103102,00-99,AGRICULTURAL BANK OF CHINA,CN,local brand,debit
103103,00-99,AGRICULTURAL BANK OF CHINA,CN,local brand,debit
103104,00-99,AGRICULTURAL BANK OF CHINA,CN,local brand,debit
103105,00-99,AGRICULTURAL BANK OF CHINA,CN,local brand,debit
103106,00-99,AGRICULTURAL BANK OF CHINA,CN,local brand,debit
103107,00-99,AGRICULTURAL BANK OF CHINA,CN,local brand,debit
103108,00-99,AGRICULTURAL BANK OF CHINA,CN,local brand,debit
103109,00-99,AGRICULTURAL BANK OF CHINA,CN,local brand,debit
103110,00-99,AGRICULTURAL BANK OF CHINA,CN,local brand,debit
103111,00-99,AGRICULTURAL BANK OF CHINA,CN,local brand,debit
103112,00-99,AGRICULTURAL BANK OF CHINA,CN,local brand,debit
103113,00-99,AGRICULTURAL BANK OF CHINA,CN,local brand,debit
103114,00-99,AGRICULTURAL BANK OF CHINA,CN,local brand,debit
103115,00-99,AGRICULTURAL BANK OF CHINA,CN,local brand,debit
103116,00-99,AGRICULTURAL BANK OF CHINA,CN,local brand,debit
103117,00-99,AGRICULTURAL BANK OF CHINA,CN,local brand,debit
103118,00-99,AGRICULTURAL BANK OF CHINA,CN,local brand,debit
103119,00-99,AGRICULTURAL BANK OF CHINA,CN,local brand,debit
103120,00-99,AGRICULTURAL BANK OF CHINA,CN,local brand,debit
103121,00-99,AGRICULTURAL BANK OF CHINA,CN,local brand,debit
103122,00-99,AGRICULTURAL BANK OF CHINA,CN,local brand,debit
103123,00-99,AGRICULTURAL BANK OF CHINA,CN,local brand,debit
103124,00-99,AGRICULTURAL BANK OF CHINA,CN,local brand,debit
103125,00-99,AGRICULTURAL BANK OF CHINA,CN,local brand,debit
103126,00-99,AGRICULTURAL BANK OF CHINA,CN,local brand,debit
103127,00-99,AGRICULTURAL BANK OF CHINA,CN,local brand,debit
103128,00-99,AGRICULTURAL BANK OF CHINA,CN,local brand,debit
103129,00-99,AGRICULTURAL BANK OF CHINA,CN,local brand,debit
103130,00-99,AGRICULTURAL BANK OF CHINA,CN,local brand,debit
103131,00-99,AGRICULTURAL BANK OF CHINA,CN,local brand,debit
103132,00-99,AGRICULTURAL BANK OF CHINA,CN,local brand,debit
103133,00-99,AGRICULTURAL BANK OF CHINA,CN,local brand,debit
103134,00-99,AGRICULTURAL BANK OF CHINA,CN,local brand,debit
103135,00-99,AGRICULTURAL BANK OF CHINA,CN,local brand,debit
103136,00-99,AGRICULTURAL BANK OF CHINA,CN,local brand,debit
103137,00-99,AGRICULTURAL BANK OF CHINA,CN,local brand,debit
103138,00-99,AGRICULTURAL BANK OF CHINA,CN,local brand,debit
103139,00-99,AGRICULTURAL BANK OF CHINA,CN,local brand,debit
103140,00-99,AGRICULTURAL BANK OF CHINA,CN,local brand,debit
103141,00-99,AGRICULTURAL BANK OF CHINA,CN,local brand,debit
103142,00-99,AGRICULTURAL BANK OF CHINA,CN,local brand,debit
103143,00-99,AGRICULTURAL BANK OF CHINA,CN,local brand,debit
103144,00-99,AGRICULTURAL BANK OF CHINA,CN,local brand,debit
103145,00-99,AGRICULTURAL BANK OF CHINA,CN,local brand,debit
103146,00-99,AGRICULTURAL BANK OF CHINA,CN,local brand,debit
103147,00-99,AGRICULTURAL BANK OF CHINA,CN,local brand,debit
103148,00-99,AGRICULTURAL BANK OF CHINA,CN,local brand,debit
103149,00-99,AGRICULTURAL BANK OF CHINA,CN,local brand,debit
103150,00-99,AGRICULTURAL BANK OF CHINA,CN,local brand,debit
103151,00-99,AGRICULTURAL BANK OF CHINA,CN,local brand,debit
103152,00-99,AGRICULTURAL BANK OF CHINA,CN,local brand,debit
103153,00-99,AGRICULTURAL BANK OF CHINA,CN,local brand,debit
103154,00-99,AGRICULTURAL BANK OF CHINA,CN,local brand,debit
103155,00-99,AGRICULTURAL BANK OF CHINA,CN,local brand,debit
103156,00-99,Agricultural Bank Of China,CN,visa,debit
103157,00-99,AGRICULTURAL BANK OF CHINA,CN,local brand,debit
103158,00-99,AGRICULTURAL BANK OF CHINA,CN,local brand,debit
103159,00-99,AGRICULTURAL BANK OF CHINA,CN,local brand,debit
103160,00-99,AGRICULTURAL BANK OF CHINA,CN,local brand,debit
103161,00-99,AGRICULTURAL BANK OF CHINA,CN,local brand,debit
103162,00-99,AGRICULTURAL BANK OF CHINA,CN,local brand,debit
103163,00-99,AGRICULTURAL BANK OF CHINA,CN,local brand,debit
103164,00-99,AGRICULTURAL BANK OF CHINA,CN,local brand,debit
103165,00-99,AGRICULTURAL BANK OF CHINA,CN,local brand,debit
103166,00-99,AGRICULTURAL BANK OF CHINA,CN,local brand,debit
103167,00-99,AGRICULTURAL BANK OF CHINA,CN,local brand,debit
103168,00-99,AGRICULTURAL BANK OF CHINA,CN,local brand,debit
103169,00-99,AGRICULTURAL BANK OF CHINA,CN,local brand,debit
103170,00-99,AGRICULTURAL BANK OF CHINA,CN,local brand,debit
103171,00-99,AGRICULTURAL BANK OF CHINA,CN,local brand,debit
103172,00-99,AGRICULTURAL BANK OF CHINA,CN,local brand,debit
103173,00-99,AGRICULTURAL BANK OF CHINA,CN,local brand,debit
103174,00-99,AGRICULTURAL BANK OF CHINA,CN,local brand,debit
103175,00-99,AGRICULTURAL BANK OF CHINA,CN,local brand,debit
103176,00-99,AGRICULTURAL BANK OF CHINA,CN,local brand,debit
103177,00-99,AGRICULTURAL BANK OF CHINA,CN,local brand,debit
103178,00-99,AGRICULTURAL BANK OF CHINA,CN,local brand,debit
103179,00-99,AGRICULTURAL BANK OF CHINA,CN,local brand,debit
103180,00-99,AGRICULTURAL BANK OF CHINA,CN,local brand,debit
103181,00-99,AGRICULTURAL BANK OF CHINA,CN,local brand,debit
103182,00-99,AGRICULTURAL BANK OF CHINA,CN,local brand,debit
103183,00-99,AGRICULTURAL BANK OF CHINA,CN,local brand,debit
103184,00-99,AGRICULTURAL BANK OF CHINA,CN,local brand,debit
103185,00-99,AGRICULTURAL BANK OF CHINA,CN,local brand,debit
103186,00-99,AGRICULTURAL BANK OF CHINA,CN,local brand,debit
103187,00-99,AGRICULTURAL BANK OF CHINA,CN,local brand,debit
103188,00-99,AGRICULTURAL BANK OF CHINA,CN,local brand,debit
103189,00-99,AGRICULTURAL BANK OF CHINA,CN,local brand,debit
103190,00-99,AGRICULTURAL BANK OF CHINA,CN,local brand,debit
103191,00-99,AGRICULTURAL BANK OF CHINA,CN,local brand,debit
103192,00-99,AGRICULTURAL BANK OF CHINA,CN,local brand,debit
103193,00-99,AGRICULTURAL BANK OF CHINA,CN,local brand,debit
103194,00-99,AGRICULTURAL BANK OF CHINA,CN,local brand,debit
103195,00-99,AGRICULTURAL BANK OF CHINA,CN,local brand,debit
103196,00-99,AGRICULTURAL BANK OF CHINA,CN,local brand,debit
103197,00-99,AGRICULTURAL BANK OF CHINA,CN,local brand,debit
103198,00-99,AGRICULTURAL BANK OF CHINA,CN,local brand,debit
103199,00-99,AGRICULTURAL BANK OF CHINA,CN,local brand,debit
103200,00-99,AGRICULTURAL BANK OF CHINA,CN,local brand,debit
103201,00-99,AGRICULTURAL BANK OF CHINA,CN,local brand,debit
103202,00-99,AGRICULTURAL BANK OF CHINA,CN,local brand,debit
103203,00-99,AGRICULTURAL BANK OF CHINA,CN,local brand,debit
103204,00-99,AGRICULTURAL BANK OF CHINA,CN,local brand,debit
103205,00-99,AGRICULTURAL BANK OF CHINA,CN,local brand,debit
103206,00-99,AGRICULTURAL BANK OF CHINA,CN,local brand,debit
103207,00-99,AGRICULTURAL BANK OF CHINA,CN,local brand,debit
103208,00-99,AGRICULTURAL BANK OF CHINA,CN,local brand,debit
103209,00-99,AGRICULTURAL BANK OF CHINA,CN,local brand,debit
103210,00-99,AGRICULTURAL BANK OF CHINA,CN,local brand,debit
103211,00-99,AGRICULTURAL BANK OF CHINA,CN,local brand,debit
103212,00-99,AGRICULTURAL BANK OF CHINA,CN,local brand,debit
103213,00-99,AGRICULTURAL BANK OF CHINA,CN,local brand,debit
103214,00-99,AGRICULTURAL BANK OF CHINA,CN,local brand,debit
103215,00-99,AGRICULTURAL BANK OF CHINA,CN,local brand,debit
103216,00-99,AGRICULTURAL BANK OF CHINA,CN,local brand,debit
103217,00-99,AGRICULTURAL BANK OF CHINA,CN,local brand,debit
103218,00-99,AGRICULTURAL BANK OF CHINA,CN,local brand,debit
103219,00-99,AGRICULTURAL BANK OF CHINA,CN,local brand,debit
103220,00-99,AGRICULTURAL BANK OF CHINA,CN,local brand,debit
103221,00-99,AGRICULTURAL BANK OF CHINA,CN,local brand,debit
103222,00-99,AGRICULTURAL BANK OF CHINA,CN,private label,debit
103223,00-99,AGRICULTURAL BANK OF CHINA,CN,local brand,debit
103224,00-99,AGRICULTURAL BANK OF CHINA,CN,local brand,debit
103225,00-99,AGRICULTURAL BANK OF CHINA,CN,local brand,debit
103226,00-99,AGRICULTURAL BANK OF CHINA,CN,local brand,debit
103227,00-99,AGRICULTURAL BANK OF CHINA,CN,local brand,debit
103228,00-99,AGRICULTURAL BANK OF CHINA,CN,local brand,debit
103229,00-99,AGRICULTURAL BANK OF CHINA,CN,local brand,debit
103230,00-99,AGRICULTURAL BANK OF CHINA,CN,local brand,debit
103231,00-99,AGRICULTURAL BANK OF CHINA,CN,local brand,debit
103232,00-99,AGRICULTURAL BANK OF CHINA,CN,local brand,debit
103233,00-99,AGRICULTURAL BANK OF CHINA,CN,local brand,debit
103234,00-99,AGRICULTURAL BANK OF CHINA,CN,local brand,debit
103235,00-99,AGRICULTURAL BANK OF CHINA,CN,local brand,debit
103236,00-99,AGRICULTURAL BANK OF CHINA,CN,local brand,debit
103237,00-99,AGRICULTURAL BANK OF CHINA,CN,local brand,debit
103238,00-99,AGRICULTURAL BANK OF CHINA,CN,local brand,debit
103239,00-99,AGRICULTURAL BANK OF CHINA,CN,local brand,debit
103240,00-99,AGRICULTURAL BANK OF CHINA,CN,local brand,debit
103241,00-99,AGRICULTURAL BANK OF CHINA,CN,local brand,debit
103242,00-99,AGRICULTURAL BANK OF CHINA,CN,local brand,debit
103243,00-99,AGRICULTURAL BANK OF CHINA,CN,local brand,debit
103244,00-99,AGRICULTURAL BANK OF CHINA,CN,local brand,debit
103245,00-99,AGRICULTURAL BANK OF CHINA,CN,local brand,debit
103246,00-99,AGRICULTURAL BANK OF CHINA,CN,local brand,debit
103247,00-99,AGRICULTURAL BANK OF CHINA,CN,local brand,debit
103248,00-99,AGRICULTURAL BANK OF CHINA,CN,local brand,debit
103249,00-99,AGRICULTURAL BANK OF CHINA,CN,local brand,debit
103250,00-99,AGRICULTURAL BANK OF CHINA,CN,local brand,debit
103251,00-99,AGRICULTURAL BANK OF CHINA,CN,local brand,debit
103252,00-99,AGRICULTURAL BANK OF CHINA,CN,local brand,debit
103253,00-99,AGRICULTURAL BANK OF CHINA,CN,local brand,debit
103254,00-99,AGRICULTURAL BANK OF CHINA,CN,local brand,debit
103255,00-99,AGRICULTURAL BANK OF CHINA,CN,local brand,debit
103256,00-99,AGRICULTURAL BANK OF CHINA,CN,local brand,debit
103257,00-99,AGRICULTURAL BANK OF CHINA,CN,local brand,debit
103258,00-99,AGRICULTURAL BANK OF CHINA,CN,local brand,debit
103259,00-99,AGRICULTURAL BANK OF CHINA,CN,local brand,debit
103260,00-99,AGRICULTURAL BANK OF CHINA,CN,local brand,debit
103261,00-99,AGRICULTURAL BANK OF CHINA,CN,local brand,debit
103262,00-99,AGRICULTURAL BANK OF CHINA,CN,local brand,debit
103263,00-99,AGRICULTURAL BANK OF CHINA,CN,local brand,debit
103264,00-99,AGRICULTURAL BANK OF CHINA,CN,local brand,debit
103265,00-99,AGRICULTURAL BANK OF CHINA,CN,local brand,debit
103266,00-99,AGRICULTURAL BANK OF CHINA,CN,local brand,debit
103267,00-99,AGRICULTURAL BANK OF CHINA,CN,local brand,debit
103268,00-99,AGRICULTURAL BANK OF CHINA,CN,local brand,debit
103269,00-99,AGRICULTURAL BANK OF CHINA,CN,local brand,debit
103270,00-99,AGRICULTURAL BANK OF CHINA,CN,local brand,debit
103271,00-99,AGRICULTURAL BANK OF CHINA,CN,local brand,debit
103272,00-99,AGRICULTURAL BANK OF CHINA,CN,local brand,debit
103273,00-99,AGRICULTURAL BANK OF CHINA,CN,local brand,debit
103274,00-99,AGRICULTURAL BANK OF CHINA,CN,local brand,debit
103275,00-99,AGRICULTURAL BANK OF CHINA,CN,local brand,debit
103276,00-99,AGRICULTURAL BANK OF CHINA,CN,local brand,debit
103277,00-99,AGRICULTURAL BANK OF CHINA,CN,local brand,debit
103278,00-99,AGRICULTURAL BANK OF CHINA,CN,local brand,debit
103279,00-99,AGRICULTURAL BANK OF CHINA,CN,local brand,debit
103280,00-99,AGRICULTURAL BANK OF CHINA,CN,local brand,debit
103281,00-99,AGRICULTURAL BANK OF CHINA,CN,local brand,debit
103282,00-99,AGRICULTURAL BANK OF CHINA,CN,local brand,debit
103283,00-99,AGRICULTURAL BANK OF CHINA,CN,local brand,debit
103284,00-99,AGRICULTURAL BANK OF CHINA,CN,local brand,debit
103285,00-99,AGRICULTURAL BANK OF CHINA,CN,local brand,debit
103286,00-99,AGRICULTURAL BANK OF CHINA,CN,local brand,debit
103287,00-99,AGRICULTURAL BANK OF CHINA,CN,local brand,debit
103288,00-99,AGRICULTURAL BANK OF CHINA,CN,local brand,debit
103289,00-99,AGRICULTURAL BANK OF CHINA,CN,local brand,debit
103290,00-99,AGRICULTURAL BANK OF CHINA,CN,local brand,debit
103291,00-99,AGRICULTURAL BANK OF CHINA,CN,local brand,debit
103292,00-99,AGRICULTURAL BANK OF CHINA,CN,local brand,debit
103293,00-99,AGRICULTURAL BANK OF CHINA,CN,local brand,debit
103294,00-99,AGRICULTURAL BANK OF CHINA,CN,local brand,debit
103295,00-99,AGRICULTURAL BANK OF CHINA,CN,local brand,debit
103296,00-99,AGRICULTURAL BANK OF CHINA,CN,local brand,debit
103297,00-99,AGRICULTURAL BANK OF CHINA,CN,local brand,debit
103298,00-99,AGRICULTURAL BANK OF CHINA,CN,local brand,debit
103299,00-99,AGRICULTURAL BANK OF CHINA,CN,local brand,debit
103300,00-99,AGRICULTURAL BANK OF CHINA,CN,local brand,debit
103301,00-99,AGRICULTURAL BANK OF CHINA,CN,local brand,debit
103302,00-99,AGRICULTURAL BANK OF CHINA,CN,local brand,debit
103303,00-99,AGRICULTURAL BANK OF CHINA,CN,local brand,debit
103304,00-99,AGRICULTURAL BANK OF CHINA,CN,local brand,debit
103305,00-99,AGRICULTURAL BANK OF CHINA,CN,local brand,debit
103306,00-99,AGRICULTURAL BANK OF CHINA,CN,local brand,debit
103307,00-99,AGRICULTURAL BANK OF CHINA,CN,local brand,debit
103308,00-99,AGRICULTURAL BANK OF CHINA,CN,local brand,debit
103309,00-99,AGRICULTURAL BANK OF CHINA,CN,local brand,debit
103310,00-99,AGRICULTURAL BANK OF CHINA,CN,local brand,debit
103311,00-99,AGRICULTURAL BANK OF CHINA,CN,local brand,debit
103312,00-99,AGRICULTURAL BANK OF CHINA,CN,local brand,debit
103313,00-99,AGRICULTURAL BANK OF CHINA,CN,local brand,debit
103314,00-99,AGRICULTURAL BANK OF CHINA,CN,local brand,debit
103315,00-99,AGRICULTURAL BANK OF CHINA,CN,local brand,debit
103316,00-99,AGRICULTURAL BANK OF CHINA,CN,local brand,debit
103317,00-99,AGRICULTURAL BANK OF CHINA,CN,local brand,debit
103318,00-99,AGRICULTURAL BANK OF CHINA,CN,local brand,debit
103319,00-99,AGRICULTURAL BANK OF CHINA,CN,local brand,debit
103320,00-99,AGRICULTURAL BANK OF CHINA,CN,local brand,debit
103321,00-99,AGRICULTURAL BANK OF CHINA,CN,local brand,debit
103322,00-99,AGRICULTURAL BANK OF CHINA,CN,local brand,debit
103323,00-99,AGRICULTURAL BANK OF CHINA,CN,local brand,debit
103324,00-99,AGRICULTURAL BANK OF CHINA,CN,local brand,debit
103325,00-99,AGRICULTURAL BANK OF CHINA,CN,local brand,debit
103326,00-99,AGRICULTURAL BANK OF CHINA,CN,local brand,debit
103327,00-99,AGRICULTURAL BANK OF CHINA,CN,local brand,debit
103328,00-99,AGRICULTURAL BANK OF CHINA,CN,local brand,debit
103329,00-99,AGRICULTURAL BANK OF CHINA,CN,local brand,debit
103330,00-99,AGRICULTURAL BANK OF CHINA,CN,local brand,debit
103331,00-99,AGRICULTURAL BANK OF CHINA,CN,local brand,debit
103332,00-99,AGRICULTURAL BANK OF CHINA,CN,local brand,debit
103333,00-99,AGRICULTURAL BANK OF CHINA,CN,local brand,debit
103334,00-99,AGRICULTURAL BANK OF CHINA,CN,local brand,debit
103335,00-99,AGRICULTURAL BANK OF CHINA,CN,local brand,debit
103336,00-99,AGRICULTURAL BANK OF CHINA,CN,local brand,debit
103337,00-99,AGRICULTURAL BANK OF CHINA,CN,local brand,debit
103338,00-99,AGRICULTURAL BANK OF CHINA,CN,local brand,debit
103339,00-99,AGRICULTURAL BANK OF CHINA,CN,local brand,debit
103340,00-99,AGRICULTURAL BANK OF CHINA,CN,local brand,debit
103341,00-99,AGRICULTURAL BANK OF CHINA,CN,local brand,debit
103342,00-99,AGRICULTURAL BANK OF CHINA,CN,local brand,debit
103343,00-99,AGRICULTURAL BANK OF CHINA,CN,local brand,debit
103344,00-99,AGRICULTURAL BANK OF CHINA,CN,local brand,debit
103345,00-99,AGRICULTURAL BANK OF CHINA,CN,local brand,debit
103346,00-99,AGRICULTURAL BANK OF CHINA,CN,local brand,debit
103347,00-99,AGRICULTURAL BANK OF CHINA,CN,local brand,debit
103348,00-99,AGRICULTURAL BANK OF CHINA,CN,local brand,debit
103349,00-99,AGRICULTURAL BANK OF CHINA,CN,local brand,debit
103350,00-99,AGRICULTURAL BANK OF CHINA,CN,local brand,debit
103351,00-99,AGRICULTURAL BANK OF CHINA,CN,local brand,debit
103352,00-99,AGRICULTURAL BANK OF CHINA,CN,local brand,debit
103353,00-99,AGRICULTURAL BANK OF CHINA,CN,local brand,debit
103354,00-99,AGRICULTURAL BANK OF CHINA,CN,local brand,debit
103355,00-99,AGRICULTURAL BANK OF CHINA,CN,local brand,debit
103356,00-99,AGRICULTURAL BANK OF CHINA,CN,local brand,debit
103357,00-99,AGRICULTURAL BANK OF CHINA,CN,local brand,debit
103358,00-99,AGRICULTURAL BANK OF CHINA,CN,local brand,debit
103359,00-99,AGRICULTURAL BANK OF CHINA,CN,local brand,debit
103360,00-99,AGRICULTURAL BANK OF CHINA,CN,local brand,debit
103361,00-99,AGRICULTURAL BANK OF CHINA,CN,local brand,debit
103362,00-99,AGRICULTURAL BANK OF CHINA,CN,local brand,debit
103363,00-99,AGRICULTURAL BANK OF CHINA,CN,local brand,debit
103364,00-99,AGRICULTURAL BANK OF CHINA,CN,local brand,debit
103365,00-99,AGRICULTURAL BANK OF CHINA,CN,local brand,debit
103366,00-99,AGRICULTURAL BANK OF CHINA,CN,local brand,debit
103367,00-99,AGRICULTURAL BANK OF CHINA,CN,local brand,debit
103368,00-99,AGRICULTURAL BANK OF CHINA,CN,local brand,debit
103369,00-99,AGRICULTURAL BANK OF CHINA,CN,local brand,debit
103370,00-99,AGRICULTURAL BANK OF CHINA,CN,local brand,debit
103371,00-99,AGRICULTURAL BANK OF CHINA,CN,local brand,debit
103372,00-99,AGRICULTURAL BANK OF CHINA,CN,local brand,debit
103373,00-99,AGRICULTURAL BANK OF CHINA,CN,local brand,debit
103374,00-99,AGRICULTURAL BANK OF CHINA,CN,local brand,debit
103375,00-99,AGRICULTURAL BANK OF CHINA,CN,local brand,debit
103376,00-99,AGRICULTURAL BANK OF CHINA,CN,local brand,debit
103377,00-99,AGRICULTURAL BANK OF CHINA,CN,local brand,debit
103378,00-99,AGRICULTURAL BANK OF CHINA,CN,local brand,debit
103379,00-99,AGRICULTURAL BANK OF CHINA,CN,local brand,debit
103380,00-99,AGRICULTURAL BANK OF CHINA,CN,local brand,debit
103381,00-99,AGRICULTURAL BANK OF CHINA,CN,local brand,debit
103382,00-99,AGRICULTURAL BANK OF CHINA,CN,local brand,debit
103383,00-99,AGRICULTURAL BANK OF CHINA,CN,local brand,debit
103384,00-99,AGRICULTURAL BANK OF CHINA,CN,local brand,debit
103385,00-99,AGRICULTURAL BANK OF CHINA,CN,local brand,debit
103386,00-99,AGRICULTURAL BANK OF CHINA,CN,local brand,debit
103387,00-99,AGRICULTURAL BANK OF CHINA,CN,local brand,debit
103388,00-99,AGRICULTURAL BANK OF CHINA,CN,local brand,debit
103389,00-99,AGRICULTURAL BANK OF CHINA,CN,local brand,debit
103390,00-99,AGRICULTURAL BANK OF CHINA,CN,local brand,debit
103391,00-99,AGRICULTURAL BANK OF CHINA,CN,local brand,debit
103392,00-99,AGRICULTURAL BANK OF CHINA,CN,local brand,debit
103393,00-99,AGRICULTURAL BANK OF CHINA,CN,local brand,debit
103394,00-99,AGRICULTURAL BANK OF CHINA,CN,local brand,debit
103395,00-99,AGRICULTURAL BANK OF CHINA,CN,local brand,debit
103396,00-99,AGRICULTURAL BANK OF CHINA,CN,local brand,debit
103397,00-99,AGRICULTURAL BANK OF CHINA,CN,local brand,debit
103398,00-99,AGRICULTURAL BANK OF CHINA,CN,local brand,debit
103399,00-99,AGRICULTURAL BANK OF CHINA,CN,local brand,debit
103400,00-99,AGRICULTURAL BANK OF CHINA,CN,local brand,debit
103401,00-99,AGRICULTURAL BANK OF CHINA,CN,local brand,debit
103402,00-99,AGRICULTURAL BANK OF CHINA,CN,local brand,debit
103403,00-99,AGRICULTURAL BANK OF CHINA,CN,local brand,debit
103404,00-99,AGRICULTURAL BANK OF CHINA,CN,local brand,debit
103405,00-99,AGRICULTURAL BANK OF CHINA,CN,local brand,debit
103406,00-99,AGRICULTURAL BANK OF CHINA,CN,local brand,debit
103407,00-99,AGRICULTURAL BANK OF CHINA,CN,local brand,debit
103408,00-99,AGRICULTURAL BANK OF CHINA,CN,local brand,debit
103409,00-99,AGRICULTURAL BANK OF CHINA,CN,local brand,debit
103410,00-99,AGRICULTURAL BANK OF CHINA,CN,local brand,debit
103411,00-99,AGRICULTURAL BANK OF CHINA,CN,local brand,debit
103412,00-99,AGRICULTURAL BANK OF CHINA,CN,local brand,debit
103413,00-99,AGRICULTURAL BANK OF CHINA,CN,local brand,debit
103414,00-99,AGRICULTURAL BANK OF CHINA,CN,local brand,debit
103415,00-99,AGRICULTURAL BANK OF CHINA,CN,local brand,debit
103416,00-99,AGRICULTURAL BANK OF CHINA,CN,private label,debit
103417,00-99,AGRICULTURAL BANK OF CHINA,CN,local brand,debit
103418,00-99,AGRICULTURAL BANK OF CHINA,CN,local brand,debit
103419,00-99,AGRICULTURAL BANK OF CHINA,CN,local brand,debit
103420,00-99,AGRICULTURAL BANK OF CHINA,CN,local brand,debit
103421,00-99,AGRICULTURAL BANK OF CHINA,CN,local brand,debit
103422,00-99,AGRICULTURAL BANK OF CHINA,CN,local brand,debit
103423,00-99,AGRICULTURAL BANK OF CHINA,CN,local brand,debit
103424,00-99,AGRICULTURAL BANK OF CHINA,CN,local brand,debit
103425,00-99,AGRICULTURAL BANK OF CHINA,CN,local brand,debit
103426,00-99,AGRICULTURAL BANK OF CHINA,CN,local brand,debit
103427,00-99,AGRICULTURAL BANK OF CHINA,CN,local brand,debit
103428,00-99,AGRICULTURAL BANK OF CHINA,CN,local brand,debit
103429,00-99,AGRICULTURAL BANK OF CHINA,CN,local brand,debit
103430,00-99,AGRICULTURAL BANK OF CHINA,CN,local brand,debit
103431,00-99,AGRICULTURAL BANK OF CHINA,CN,local brand,debit
103432,00-99,AGRICULTURAL BANK OF CHINA,CN,local brand,debit
103433,00-99,AGRICULTURAL BANK OF CHINA,CN,local brand,debit
103434,00-99,AGRICULTURAL BANK OF CHINA,CN,local brand,debit
103435,00-99,AGRICULTURAL BANK OF CHINA,CN,local brand,debit
103436,00-99,AGRICULTURAL BANK OF CHINA,CN,local brand,debit
103437,00-99,AGRICULTURAL BANK OF CHINA,CN,local brand,debit
103438,00-99,AGRICULTURAL BANK OF CHINA,CN,local brand,debit
103439,00-99,AGRICULTURAL BANK OF CHINA,CN,local brand,debit
103440,00-99,AGRICULTURAL BANK OF CHINA,CN,local brand,debit
103441,00-99,AGRICULTURAL BANK OF CHINA,CN,local brand,debit
103442,00-99,AGRICULTURAL BANK OF CHINA,CN,local brand,debit
103443,00-99,AGRICULTURAL BANK OF CHINA,CN,local brand,debit
103444,00-99,AGRICULTURAL BANK OF CHINA,CN,local brand,debit
103445,00-99,AGRICULTURAL BANK OF CHINA,CN,local brand,debit
103446,00-99,AGRICULTURAL BANK OF CHINA,CN,local brand,debit
103447,00-99,AGRICULTURAL BANK OF CHINA,CN,local brand,debit
103448,00-99,AGRICULTURAL BANK OF CHINA,CN,local brand,debit
103449,00-99,AGRICULTURAL BANK OF CHINA,CN,local brand,debit
103450,00-99,AGRICULTURAL BANK OF CHINA,CN,local brand,debit
103451,00-99,AGRICULTURAL BANK OF CHINA,CN,local brand,debit
103452,00-99,AGRICULTURAL BANK OF CHINA,CN,local brand,debit
103453,00-99,AGRICULTURAL BANK OF CHINA,CN,local brand,debit
103454,00-99,AGRICULTURAL BANK OF CHINA,CN,local brand,debit
103455,00-99,AGRICULTURAL BANK OF CHINA,CN,local brand,debit
103456,00-99,AGRICULTURAL BANK OF CHINA,CN,local brand,debit
103457,00-99,AGRICULTURAL BANK OF CHINA,CN,local brand,debit
103458,00-99,AGRICULTURAL BANK OF CHINA,CN,local brand,debit
103459,00-99,AGRICULTURAL BANK OF CHINA,CN,local brand,debit
103460,00-99,AGRICULTURAL BANK OF CHINA,CN,local brand,debit
103461,00-99,AGRICULTURAL BANK OF CHINA,CN,local brand,debit
103462,00-99,AGRICULTURAL BANK OF CHINA,CN,local brand,debit
103463,00-99,AGRICULTURAL BANK OF CHINA,CN,local brand,debit
103464,00-99,AGRICULTURAL BANK OF CHINA,CN,local brand,debit
103465,00-99,AGRICULTURAL BANK OF CHINA,CN,local brand,debit
103466,00-99,AGRICULTURAL BANK OF CHINA,CN,local brand,debit
103467,00-99,AGRICULTURAL BANK OF CHINA,CN,local brand,debit
103468,00-99,AGRICULTURAL BANK OF CHINA,CN,local brand,debit
103469,00-99,AGRICULTURAL BANK OF CHINA,CN,local brand,debit
103470,00-99,AGRICULTURAL BANK OF CHINA,CN,local brand,debit
103471,00-99,AGRICULTURAL BANK OF CHINA,CN,local brand,debit
103472,00-99,AGRICULTURAL BANK OF CHINA,CN,local brand,debit
103473,00-99,AGRICULTURAL BANK OF CHINA,CN,local brand,debit
103474,00-99,AGRICULTURAL BANK OF CHINA,CN,local brand,debit
103475,00-99,AGRICULTURAL BANK OF CHINA,CN,local brand,debit
103476,00-99,AGRICULTURAL BANK OF CHINA,CN,local brand,debit
103477,00-99,AGRICULTURAL BANK OF CHINA,CN,local brand,debit
103478,00-99,AGRICULTURAL BANK OF CHINA,CN,local brand,debit
103479,00-99,AGRICULTURAL BANK OF CHINA,CN,local brand,debit
103480,00-99,AGRICULTURAL BANK OF CHINA,CN,local brand,debit
103481,00-99,AGRICULTURAL BANK OF CHINA,CN,local brand,debit
103482,00-99,AGRICULTURAL BANK OF CHINA,CN,local brand,debit
103483,00-99,AGRICULTURAL BANK OF CHINA,CN,local brand,debit
103484,00-99,AGRICULTURAL BANK OF CHINA,CN,local brand,debit
103485,00-99,AGRICULTURAL BANK OF CHINA,CN,local brand,debit
103486,00-99,AGRICULTURAL BANK OF CHINA,CN,local brand,debit
103487,00-99,AGRICULTURAL BANK OF CHINA,CN,local brand,debit
103488,00-99,AGRICULTURAL BANK OF CHINA,CN,local brand,debit
103489,00-99,AGRICULTURAL BANK OF CHINA,CN,local brand,debit
103490,00-99,AGRICULTURAL BANK OF CHINA,CN,local brand,debit
103491,00-99,AGRICULTURAL BANK OF CHINA,CN,local brand,debit
103492,00-99,AGRICULTURAL BANK OF CHINA,CN,local brand,debit
103493,00-99,AGRICULTURAL BANK OF CHINA,CN,local brand,debit
103494,00-99,AGRICULTURAL BANK OF CHINA,CN,local brand,debit
103495,00-99,AGRICULTURAL BANK OF CHINA,CN,local brand,debit
103496,00-99,AGRICULTURAL BANK OF CHINA,CN,local brand,debit
103497,00-99,AGRICULTURAL BANK OF CHINA,CN,local brand,debit
103498,00-99,AGRICULTURAL BANK OF CHINA,CN,local brand,debit
103499,00-99,AGRICULTURAL BANK OF CHINA,CN,local brand,debit
103500,00-99,AGRICULTURAL BANK OF CHINA,CN,local brand,debit
103501,00-99,AGRICULTURAL BANK OF CHINA,CN,local brand,debit
103502,00-99,AGRICULTURAL BANK OF CHINA,CN,local brand,debit
103503,00-99,AGRICULTURAL BANK OF CHINA,CN,local brand,debit
103504,00-99,AGRICULTURAL BANK OF CHINA,CN,local brand,debit
103505,00-99,AGRICULTURAL BANK OF CHINA,CN,local brand,debit
103506,00-99,AGRICULTURAL BANK OF CHINA,CN,local brand,debit
103507,00-99,AGRICULTURAL BANK OF CHINA,CN,local brand,debit
103508,00-99,AGRICULTURAL BANK OF CHINA,CN,local brand,debit
103509,00-99,AGRICULTURAL BANK OF CHINA,CN,local brand,debit
103510,00-99,AGRICULTURAL BANK OF CHINA,CN,local brand,debit
103511,00-99,AGRICULTURAL BANK OF CHINA,CN,local brand,debit
103512,00-99,AGRICULTURAL BANK OF CHINA,CN,local brand,debit
103513,00-99,AGRICULTURAL BANK OF CHINA,CN,local brand,debit
103514,00-99,AGRICULTURAL BANK OF CHINA,CN,local brand,debit
103515,00-99,AGRICULTURAL BANK OF CHINA,CN,local brand,debit
103516,00-99,AGRICULTURAL BANK OF CHINA,CN,local brand,debit
103517,00-99,AGRICULTURAL BANK OF CHINA,CN,local brand,debit
103518,00-99,AGRICULTURAL BANK OF CHINA,CN,local brand,debit
103519,00-99,AGRICULTURAL BANK OF CHINA,CN,local brand,debit
103520,00-99,AGRICULTURAL BANK OF CHINA,CN,local brand,debit
103521,00-99,AGRICULTURAL BANK OF CHINA,CN,local brand,debit
103522,00-99,AGRICULTURAL BANK OF CHINA,CN,local brand,debit
103523,00-99,AGRICULTURAL BANK OF CHINA,CN,local brand,debit
103524,00-99,AGRICULTURAL BANK OF CHINA,CN,local brand,debit
103525,00-99,AGRICULTURAL BANK OF CHINA,CN,local brand,debit
103526,00-99,AGRICULTURAL BANK OF CHINA,CN,local brand,debit
103527,00-99,AGRICULTURAL BANK OF CHINA,CN,local brand,debit
103528,00-99,AGRICULTURAL BANK OF CHINA,CN,local brand,debit
103529,00-99,AGRICULTURAL BANK OF CHINA,CN,local brand,debit
103530,00-99,AGRICULTURAL BANK OF CHINA,CN,local brand,debit
103531,00-99,AGRICULTURAL BANK OF CHINA,CN,local brand,debit
103532,00-99,AGRICULTURAL BANK OF CHINA,CN,local brand,debit
103533,00-99,AGRICULTURAL BANK OF CHINA,CN,local brand,debit
103534,00-99,AGRICULTURAL BANK OF CHINA,CN,local brand,debit
103535,00-99,AGRICULTURAL BANK OF CHINA,CN,local brand,debit
103536,00-99,AGRICULTURAL BANK OF CHINA,CN,local brand,debit
103537,00-99,AGRICULTURAL BANK OF CHINA,CN,local brand,debit
103538,00-99,AGRICULTURAL BANK OF CHINA,CN,local brand,debit
103539,00-99,AGRICULTURAL BANK OF CHINA,CN,local brand,debit
103540,00-99,AGRICULTURAL BANK OF CHINA,CN,local brand,debit
103541,00-99,AGRICULTURAL BANK OF CHINA,CN,local brand,debit
103542,00-99,AGRICULTURAL BANK OF CHINA,CN,local brand,debit
103543,00-99,AGRICULTURAL BANK OF CHINA,CN,local brand,debit
103544,00-99,AGRICULTURAL BANK OF CHINA,CN,local brand,debit
103545,00-99,AGRICULTURAL BANK OF CHINA,CN,local brand,debit
103546,00-99,AGRICULTURAL BANK OF CHINA,CN,local brand,debit
103547,00-99,AGRICULTURAL BANK OF CHINA,CN,local brand,debit
103548,00-99,AGRICULTURAL BANK OF CHINA,CN,local brand,debit
103549,00-99,AGRICULTURAL BANK OF CHINA,CN,local brand,debit
103550,00-99,AGRICULTURAL BANK OF CHINA,CN,local brand,debit
103551,00-99,AGRICULTURAL BANK OF CHINA,CN,local brand,debit
103552,00-99,AGRICULTURAL BANK OF CHINA,CN,local brand,debit
103553,00-99,AGRICULTURAL BANK OF CHINA,CN,local brand,debit
103554,00-99,AGRICULTURAL BANK OF CHINA,CN,local brand,debit
103555,00-99,AGRICULTURAL BANK OF CHINA,CN,local brand,debit
103556,00-99,AGRICULTURAL BANK OF CHINA,CN,local brand,debit
103557,00-99,AGRICULTURAL BANK OF CHINA,CN,local brand,debit
103558,00-99,AGRICULTURAL BANK OF CHINA,CN,local brand,debit
103559,00-99,AGRICULTURAL BANK OF CHINA,CN,local brand,debit
103560,00-99,AGRICULTURAL BANK OF CHINA,CN,local brand,debit
103561,00-99,AGRICULTURAL BANK OF CHINA,CN,local brand,debit
103562,00-99,AGRICULTURAL BANK OF CHINA,CN,local brand,debit
103563,00-99,AGRICULTURAL BANK OF CHINA,CN,local brand,debit
103564,00-99,AGRICULTURAL BANK OF CHINA,CN,local brand,debit
103565,00-99,AGRICULTURAL BANK OF CHINA,CN,local brand,debit
103566,00-99,AGRICULTURAL BANK OF CHINA,CN,local brand,debit
103567,00-99,AGRICULTURAL BANK OF CHINA,CN,local brand,debit
103568,00-99,AGRICULTURAL BANK OF CHINA,CN,local brand,debit
103569,00-99,AGRICULTURAL BANK OF CHINA,CN,local brand,debit
103570,00-99,AGRICULTURAL BANK OF CHINA,CN,local brand,debit
103571,00-99,AGRICULTURAL BANK OF CHINA,CN,local brand,debit
103572,00-99,AGRICULTURAL BANK OF CHINA,CN,local brand,debit
103573,00-99,AGRICULTURAL BANK OF CHINA,CN,local brand,debit
103574,00-99,AGRICULTURAL BANK OF CHINA,CN,local brand,debit
103575,00-99,AGRICULTURAL BANK OF CHINA,CN,local brand,debit
103576,00-99,AGRICULTURAL BANK OF CHINA,CN,local brand,debit
103577,00-99,AGRICULTURAL BANK OF CHINA,CN,local brand,debit
103578,00-99,AGRICULTURAL BANK OF CHINA,CN,local brand,debit
103579,00-99,AGRICULTURAL BANK OF CHINA,CN,local brand,debit
103580,00-99,AGRICULTURAL BANK OF CHINA,CN,local brand,debit
103581,00-99,AGRICULTURAL BANK OF CHINA,CN,local brand,debit
103582,00-99,AGRICULTURAL BANK OF CHINA,CN,local brand,debit
103583,00-99,AGRICULTURAL BANK OF CHINA,CN,local brand,debit
103584,00-99,AGRICULTURAL BANK OF CHINA,CN,local brand,debit
103585,00-99,AGRICULTURAL BANK OF CHINA,CN,local brand,debit
103586,00-99,AGRICULTURAL BANK OF CHINA,CN,local brand,debit
103587,00-99,AGRICULTURAL BANK OF CHINA,CN,local brand,debit
103588,00-99,AGRICULTURAL BANK OF CHINA,CN,local brand,debit
103589,00-99,AGRICULTURAL BANK OF CHINA,CN,local brand,debit
103590,00-99,AGRICULTURAL BANK OF CHINA,CN,local brand,debit
103591,00-99,AGRICULTURAL BANK OF CHINA,CN,local brand,debit
103592,00-99,AGRICULTURAL BANK OF CHINA,CN,local brand,debit
103593,00-99,AGRICULTURAL BANK OF CHINA,CN,local brand,debit
103594,00-99,AGRICULTURAL BANK OF CHINA,CN,local brand,debit
103595,00-99,AGRICULTURAL BANK OF CHINA,CN,local brand,debit
103596,00-99,AGRICULTURAL BANK OF CHINA,CN,local brand,debit
103597,00-99,AGRICULTURAL BANK OF CHINA,CN,local brand,debit
103598,00-99,AGRICULTURAL BANK OF CHINA,CN,local brand,debit
103599,00-99,AGRICULTURAL BANK OF CHINA,CN,local brand,debit
103600,00-99,AGRICULTURAL BANK OF CHINA,CN,local brand,debit
103601,00-99,AGRICULTURAL BANK OF CHINA,CN,local brand,debit
103602,00-99,AGRICULTURAL BANK OF CHINA,CN,local brand,debit
103603,00-99,AGRICULTURAL BANK OF CHINA,CN,local brand,debit
103604,00-99,AGRICULTURAL BANK OF CHINA,CN,local brand,debit
103605,00-99,AGRICULTURAL BANK OF CHINA,CN,local brand,debit
103606,00-99,AGRICULTURAL BANK OF CHINA,CN,local brand,debit
103607,00-99,AGRICULTURAL BANK OF CHINA,CN,local brand,debit
103608,00-99,AGRICULTURAL BANK OF CHINA,CN,local brand,debit
103609,00-99,AGRICULTURAL BANK OF CHINA,CN,local brand,debit
103610,00-99,AGRICULTURAL BANK OF CHINA,CN,local brand,debit
103611,00-99,AGRICULTURAL BANK OF CHINA,CN,local brand,debit
103612,00-99,AGRICULTURAL BANK OF CHINA,CN,local brand,debit
103613,00-99,AGRICULTURAL BANK OF CHINA,CN,local brand,debit
103614,00-99,AGRICULTURAL BANK OF CHINA,CN,local brand,debit
103615,00-99,AGRICULTURAL BANK OF CHINA,CN,local brand,debit
103616,00-99,AGRICULTURAL BANK OF CHINA,CN,local brand,debit
103617,00-99,AGRICULTURAL BANK OF CHINA,CN,local brand,debit
103618,00-99,AGRICULTURAL BANK OF CHINA,CN,local brand,debit
103619,00-99,AGRICULTURAL BANK OF CHINA,CN,local brand,debit
103620,00-99,AGRICULTURAL BANK OF CHINA,CN,local brand,debit
103621,00-99,AGRICULTURAL BANK OF CHINA,CN,local brand,debit
103622,00-99,AGRICULTURAL BANK OF CHINA,CN,local brand,debit
103623,00-99,AGRICULTURAL BANK OF CHINA,CN,local brand,debit
103624,00-99,AGRICULTURAL BANK OF CHINA,CN,local brand,debit
103625,00-99,AGRICULTURAL BANK OF CHINA,CN,local brand,debit
103626,00-99,AGRICULTURAL BANK OF CHINA,CN,local brand,debit
103627,00-99,AGRICULTURAL BANK OF CHINA,CN,local brand,debit
103628,00-99,AGRICULTURAL BANK OF CHINA,CN,local brand,debit
103629,00-99,AGRICULTURAL BANK OF CHINA,CN,local brand,debit
103630,00-99,AGRICULTURAL BANK OF CHINA,CN,local brand,debit
103631,00-99,AGRICULTURAL BANK OF CHINA,CN,local brand,debit
103632,00-99,AGRICULTURAL BANK OF CHINA,CN,local brand,debit
103633,00-99,AGRICULTURAL BANK OF CHINA,CN,local brand,debit
103634,00-99,AGRICULTURAL BANK OF CHINA,CN,local brand,debit
103635,00-99,AGRICULTURAL BANK OF CHINA,CN,local brand,debit
103636,00-99,AGRICULTURAL BANK OF CHINA,CN,local brand,debit
103637,00-99,AGRICULTURAL BANK OF CHINA,CN,local brand,debit
103638,00-99,AGRICULTURAL BANK OF CHINA,CN,local brand,debit
103639,00-99,AGRICULTURAL BANK OF CHINA,CN,local brand,debit
103640,00-99,AGRICULTURAL BANK OF CHINA,CN,local brand,debit
103641,00-99,AGRICULTURAL BANK OF CHINA,CN,local brand,debit
103642,00-99,AGRICULTURAL BANK OF CHINA,CN,local brand,debit
103643,00-99,AGRICULTURAL BANK OF CHINA,CN,local brand,debit
103644,00-99,AGRICULTURAL BANK OF CHINA,CN,local brand,debit
103645,00-99,AGRICULTURAL BANK OF CHINA,CN,local brand,debit
103646,00-99,AGRICULTURAL BANK OF CHINA,CN,local brand,debit
103647,00-99,AGRICULTURAL BANK OF CHINA,CN,local brand,debit
103648,00-99,AGRICULTURAL BANK OF CHINA,CN,local brand,debit
103649,00-99,AGRICULTURAL BANK OF CHINA,CN,local brand,debit
103650,00-99,AGRICULTURAL BANK OF CHINA,CN,local brand,debit
103651,00-99,AGRICULTURAL BANK OF CHINA,CN,local brand,debit
103652,00-99,AGRICULTURAL BANK OF CHINA,CN,local brand,debit
103653,00-99,AGRICULTURAL BANK OF CHINA,CN,local brand,debit
103654,00-99,AGRICULTURAL BANK OF CHINA,CN,local brand,debit
103655,00-99,AGRICULTURAL BANK OF CHINA,CN,local brand,debit
103656,00-99,AGRICULTURAL BANK OF CHINA,CN,local brand,debit
103657,00-99,AGRICULTURAL BANK OF CHINA,CN,local brand,debit
103658,00-99,AGRICULTURAL BANK OF CHINA,CN,local brand,debit
103659,00-99,AGRICULTURAL BANK OF CHINA,CN,local brand,debit
103660,00-99,AGRICULTURAL BANK OF CHINA,CN,local brand,debit
103661,00-99,AGRICULTURAL BANK OF CHINA,CN,local brand,debit
103662,00-99,AGRICULTURAL BANK OF CHINA,CN,local brand,debit
103663,00-99,AGRICULTURAL BANK OF CHINA,CN,local brand,debit
103664,00-99,AGRICULTURAL BANK OF CHINA,CN,local brand,debit
103665,00-99,AGRICULTURAL BANK OF CHINA,CN,local brand,debit
103666,00-99,AGRICULTURAL BANK OF CHINA,CN,local brand,debit
103667,00-99,AGRICULTURAL BANK OF CHINA,CN,local brand,debit
103668,00-99,AGRICULTURAL BANK OF CHINA,CN,local brand,debit
103669,00-99,AGRICULTURAL BANK OF CHINA,CN,local brand,debit
103670,00-99,AGRICULTURAL BANK OF CHINA,CN,local brand,debit
103671,00-99,AGRICULTURAL BANK OF CHINA,CN,local brand,debit
103672,00-99,AGRICULTURAL BANK OF CHINA,CN,local brand,debit
103673,00-99,AGRICULTURAL BANK OF CHINA,CN,local brand,debit
103674,00-99,AGRICULTURAL BANK OF CHINA,CN,local brand,debit
103675,00-99,AGRICULTURAL BANK OF CHINA,CN,local brand,debit
103676,00-99,AGRICULTURAL BANK OF CHINA,CN,local brand,debit
103677,00-99,AGRICULTURAL BANK OF CHINA,CN,local brand,debit
103678,00-99,AGRICULTURAL BANK OF CHINA,CN,local brand,debit
103679,00-99,AGRICULTURAL BANK OF CHINA,CN,local brand,debit
103680,00-99,AGRICULTURAL BANK OF CHINA,CN,local brand,debit
103681,00-99,AGRICULTURAL BANK OF CHINA,CN,local brand,debit
103682,00-99,AGRICULTURAL BANK OF CHINA,CN,local brand,debit
103683,00-99,AGRICULTURAL BANK OF CHINA,CN,local brand,debit
103684,00-99,AGRICULTURAL BANK OF CHINA,CN,local brand,debit
103685,00-99,AGRICULTURAL BANK OF CHINA,CN,local brand,debit
103686,00-99,AGRICULTURAL BANK OF CHINA,CN,local brand,debit
103687,00-99,AGRICULTURAL BANK OF CHINA,CN,local brand,debit
103688,00-99,AGRICULTURAL BANK OF CHINA,CN,local brand,debit
103689,00-99,AGRICULTURAL BANK OF CHINA,CN,local brand,debit
103690,00-99,AGRICULTURAL BANK OF CHINA,CN,local brand,debit
103691,00-99,AGRICULTURAL BANK OF CHINA,CN,local brand,debit
103692,00-99,AGRICULTURAL BANK OF CHINA,CN,local brand,debit
103693,00-99,AGRICULTURAL BANK OF CHINA,CN,local brand,debit
103694,00-99,AGRICULTURAL BANK OF CHINA,CN,local brand,debit
103695,00-99,AGRICULTURAL BANK OF CHINA,CN,local brand,debit
103696,00-99,AGRICULTURAL BANK OF CHINA,CN,local brand,debit
103697,00-99,AGRICULTURAL BANK OF CHINA,CN,local brand,debit
103698,00-99,AGRICULTURAL BANK OF CHINA,CN,local brand,debit
103699,00-99,AGRICULTURAL BANK OF CHINA,CN,local brand,debit
103700,00-99,CLEARVIEW FEDERAL CREDIT UNION,US,uatp,credit
103701,00-99,CLEARVIEW FEDERAL CREDIT UNION,US,uatp,credit
103702,00-99,CLEARVIEW FEDERAL CREDIT UNION,US,uatp,credit
103703,00-99,CLEARVIEW FEDERAL CREDIT UNION,US,uatp,credit
103704,00-99,CLEARVIEW FEDERAL CREDIT UNION,US,uatp,credit
103705,00-99,CLEARVIEW FEDERAL CREDIT UNION,US,uatp,credit
103706,00-99,CLEARVIEW FEDERAL CREDIT UNION,US,uatp,credit
103707,00-99,CLEARVIEW FEDERAL CREDIT UNION,US,uatp,credit
103708,00-99,CLEARVIEW FEDERAL CREDIT UNION,US,uatp,credit
103709,00-99,CLEARVIEW FEDERAL CREDIT UNION,US,uatp,credit
103710,00-99,CLEARVIEW FEDERAL CREDIT UNION,US,uatp,credit
103711,00-99,CLEARVIEW FEDERAL CREDIT UNION,US,uatp,credit
103712,00-99,CLEARVIEW FEDERAL CREDIT UNION,US,uatp,credit
103713,00-99,CLEARVIEW FEDERAL CREDIT UNION,US,uatp,credit
103714,00-99,CLEARVIEW FEDERAL CREDIT UNION,US,uatp,credit
103715,00-99,CLEARVIEW FEDERAL CREDIT UNION,US,uatp,credit
103716,00-99,CLEARVIEW FEDERAL CREDIT UNION,US,uatp,credit
103717,00-99,CLEARVIEW FEDERAL CREDIT UNION,US,uatp,credit
103718,00-99,CLEARVIEW FEDERAL CREDIT UNION,US,uatp,credit
103719,00-99,CLEARVIEW FEDERAL CREDIT UNION,US,uatp,credit
103720,00-99,CLEARVIEW FEDERAL CREDIT UNION,US,uatp,credit
103721,00-99,CLEARVIEW FEDERAL CREDIT UNION,US,uatp,credit
103722,00-99,CLEARVIEW FEDERAL CREDIT UNION,US,uatp,credit
103723,00-99,CLEARVIEW FEDERAL CREDIT UNION,US,uatp,credit
103724,00-99,CLEARVIEW FEDERAL CREDIT UNION,US,uatp,credit
103725,00-99,CLEARVIEW FEDERAL CREDIT UNION,US,uatp,credit
103726,00-99,CLEARVIEW FEDERAL CREDIT UNION,US,uatp,credit
103727,00-99,CLEARVIEW FEDERAL CREDIT UNION,US,uatp,credit
103728,00-99,CLEARVIEW FEDERAL CREDIT UNION,US,uatp,credit
103729,00-99,CLEARVIEW FEDERAL CREDIT UNION,US,uatp,credit
103730,00-99,CLEARVIEW FEDERAL CREDIT UNION,US,uatp,credit
103731,00-99,CLEARVIEW FEDERAL CREDIT UNION,US,uatp,credit
103732,00-99,CLEARVIEW FEDERAL CREDIT UNION,US,uatp,credit
103733,00-99,CLEARVIEW FEDERAL CREDIT UNION,US,uatp,credit
103734,00-99,CLEARVIEW FEDERAL CREDIT UNION,US,uatp,credit
103735,00-99,CLEARVIEW FEDERAL CREDIT UNION,US,uatp,credit
103736,00-99,CLEARVIEW FEDERAL CREDIT UNION,US,uatp,credit
103737,00-99,CLEARVIEW FEDERAL CREDIT UNION,US,uatp,credit
103738,00-99,CLEARVIEW FEDERAL CREDIT UNION,US,uatp,credit
103739,00-99,CLEARVIEW FEDERAL CREDIT UNION,US,uatp,credit
103740,00-99,CLEARVIEW FEDERAL CREDIT UNION,US,uatp,credit
103741,00-99,CLEARVIEW FEDERAL CREDIT UNION,US,uatp,credit
103742,00-99,CLEARVIEW FEDERAL CREDIT UNION,US,uatp,credit
103743,00-99,CLEARVIEW FEDERAL CREDIT UNION,US,uatp,credit
103744,00-99,CLEARVIEW FEDERAL CREDIT UNION,US,uatp,credit
103745,00-99,CLEARVIEW FEDERAL CREDIT UNION,US,uatp,credit
103746,00-99,CLEARVIEW FEDERAL CREDIT UNION,US,uatp,credit
103747,00-99,CLEARVIEW FEDERAL CREDIT UNION,US,uatp,credit
103748,00-99,CLEARVIEW FEDERAL CREDIT UNION,US,uatp,credit
103749,00-99,CLEARVIEW FEDERAL CREDIT UNION,US,uatp,credit
103750,00-99,CLEARVIEW FEDERAL CREDIT UNION,US,uatp,credit
103751,00-99,CLEARVIEW FEDERAL CREDIT UNION,US,uatp,credit
103752,00-99,CLEARVIEW FEDERAL CREDIT UNION,US,uatp,credit
103753,00-99,CLEARVIEW FEDERAL CREDIT UNION,US,uatp,debit
103754,00-99,CLEARVIEW FEDERAL CREDIT UNION,US,uatp,credit
103755,00-99,CLEARVIEW FEDERAL CREDIT UNION,US,uatp,credit
103756,00-99,CLEARVIEW FEDERAL CREDIT UNION,US,uatp,credit
103757,00-99,CLEARVIEW FEDERAL CREDIT UNION,US,uatp,credit
103758,00-99,CLEARVIEW FEDERAL CREDIT UNION,US,uatp,credit
103759,00-99,CLEARVIEW FEDERAL CREDIT UNION,US,uatp,credit
103760,00-99,CLEARVIEW FEDERAL CREDIT UNION,US,uatp,credit
103761,00-99,CLEARVIEW FEDERAL CREDIT UNION,US,uatp,credit
103762,00-99,CLEARVIEW FEDERAL CREDIT UNION,US,uatp,credit
103763,00-99,CLEARVIEW FEDERAL CREDIT UNION,US,uatp,credit
103764,00-99,CLEARVIEW FEDERAL CREDIT UNION,US,uatp,credit
103765,00-99,CLEARVIEW FEDERAL CREDIT UNION,US,uatp,credit
103766,00-99,CLEARVIEW FEDERAL CREDIT UNION,US,uatp,credit
103767,00-99,CLEARVIEW FEDERAL CREDIT UNION,US,uatp,credit
103768,00-99,CLEARVIEW FEDERAL CREDIT UNION,US,uatp,credit
103769,00-99,CLEARVIEW FEDERAL CREDIT UNION,US,uatp,credit
103770,00-99,CLEARVIEW FEDERAL CREDIT UNION,US,uatp,credit
103771,00-99,CLEARVIEW FEDERAL CREDIT UNION,US,uatp,credit
103772,00-99,CLEARVIEW FEDERAL CREDIT UNION,US,uatp,credit
103773,00-99,CLEARVIEW FEDERAL CREDIT UNION,US,uatp,credit
103774,00-99,CLEARVIEW FEDERAL CREDIT UNION,US,uatp,credit
103775,00-99,CLEARVIEW FEDERAL CREDIT UNION,US,uatp,credit
103776,00-99,CLEARVIEW FEDERAL CREDIT UNION,US,uatp,credit
103777,00-99,CLEARVIEW FEDERAL CREDIT UNION,US,uatp,credit
103778,00-99,CLEARVIEW FEDERAL CREDIT UNION,US,uatp,credit
103779,00-99,CLEARVIEW FEDERAL CREDIT UNION,US,uatp,credit
103780,00-99,CLEARVIEW FEDERAL CREDIT UNION,US,uatp,credit
103781,00-99,CLEARVIEW FEDERAL CREDIT UNION,US,uatp,credit
103782,00-99,CLEARVIEW FEDERAL CREDIT UNION,US,uatp,credit
103783,00-99,CLEARVIEW FEDERAL CREDIT UNION,US,uatp,credit
103784,00-99,CLEARVIEW FEDERAL CREDIT UNION,US,uatp,credit
103785,00-99,CLEARVIEW FEDERAL CREDIT UNION,US,uatp,credit
103786,00-99,CLEARVIEW FEDERAL CREDIT UNION,US,uatp,credit
103787,00-99,CLEARVIEW FEDERAL CREDIT UNION,US,uatp,credit
103788,00-99,CLEARVIEW FEDERAL CREDIT UNION,US,uatp,credit
103789,00-99,CLEARVIEW FEDERAL CREDIT UNION,US,uatp,credit
103790,00-99,Clearview Federal Credit Union,US,visa,credit
103791,00-99,CLEARVIEW FEDERAL CREDIT UNION,US,uatp,credit
103792,00-99,CLEARVIEW FEDERAL CREDIT UNION,US,uatp,credit
103793,00-99,CLEARVIEW FEDERAL CREDIT UNION,US,uatp,credit
103794,00-99,CLEARVIEW FEDERAL CREDIT UNION,US,uatp,credit
103795,00-99,CLEARVIEW FEDERAL CREDIT UNION,US,uatp,credit
103796,00-99,CLEARVIEW FEDERAL CREDIT UNION,US,uatp,credit
103797,00-99,CLEARVIEW FEDERAL CREDIT UNION,US,uatp,credit
103798,00-99,CLEARVIEW FEDERAL CREDIT UNION,US,uatp,credit
103799,00-99,CLEARVIEW FEDERAL CREDIT UNION,US,uatp,credit
103800,00-99,AGRICULTURAL BANK OF CHINA,CN,local brand,debit
103801,00-99,AGRICULTURAL BANK OF CHINA,CN,local brand,debit
103802,00-99,AGRICULTURAL BANK OF CHINA,CN,local brand,debit
103803,00-99,AGRICULTURAL BANK OF CHINA,CN,local brand,debit
103804,00-99,AGRICULTURAL BANK OF CHINA,CN,local brand,debit
103805,00-99,AGRICULTURAL BANK OF CHINA,CN,local brand,debit
103806,00-99,AGRICULTURAL BANK OF CHINA,CN,local brand,debit
103807,00-99,AGRICULTURAL BANK OF CHINA,CN,local brand,debit
103808,00-99,AGRICULTURAL BANK OF CHINA,CN,local brand,debit
103809,00-99,AGRICULTURAL BANK OF CHINA,CN,local brand,debit
103810,00-99,AGRICULTURAL BANK OF CHINA,CN,local brand,debit
103811,00-99,AGRICULTURAL BANK OF CHINA,CN,local brand,debit
103812,00-99,AGRICULTURAL BANK OF CHINA,CN,local brand,debit
103813,00-99,AGRICULTURAL BANK OF CHINA,CN,local brand,debit
103814,00-99,AGRICULTURAL BANK OF CHINA,CN,local brand,debit
103815,00-99,AGRICULTURAL BANK OF CHINA,CN,local brand,debit
103816,00-99,AGRICULTURAL BANK OF CHINA,CN,local brand,debit
103817,00-99,AGRICULTURAL BANK OF CHINA,CN,local brand,debit
103818,00-99,AGRICULTURAL BANK OF CHINA,CN,local brand,debit
103819,00-99,AGRICULTURAL BANK OF CHINA,CN,local brand,debit
103820,00-99,AGRICULTURAL BANK OF CHINA,CN,local brand,debit
103821,00-99,AGRICULTURAL BANK OF CHINA,CN,local brand,debit
103822,00-99,AGRICULTURAL BANK OF CHINA,CN,local brand,debit
103823,00-99,AGRICULTURAL BANK OF CHINA,CN,local brand,debit
103824,00-99,AGRICULTURAL BANK OF CHINA,CN,local brand,debit
103825,00-99,AGRICULTURAL BANK OF CHINA,CN,local brand,debit
103826,00-99,AGRICULTURAL BANK OF CHINA,CN,local brand,debit
103827,00-99,AGRICULTURAL BANK OF CHINA,CN,local brand,debit
103828,00-99,AGRICULTURAL BANK OF CHINA,CN,local brand,debit
103829,00-99,AGRICULTURAL BANK OF CHINA,CN,local brand,debit
103830,00-99,AGRICULTURAL BANK OF CHINA,CN,local brand,debit
103831,00-99,AGRICULTURAL BANK OF CHINA,CN,local brand,debit
103832,00-99,AGRICULTURAL BANK OF CHINA,CN,local brand,debit
103833,00-99,AGRICULTURAL BANK OF CHINA,CN,local brand,debit
103834,00-99,AGRICULTURAL BANK OF CHINA,CN,local brand,debit
103835,00-99,AGRICULTURAL BANK OF CHINA,CN,local brand,debit
103836,00-99,AGRICULTURAL BANK OF CHINA,CN,local brand,debit
103837,00-99,AGRICULTURAL BANK OF CHINA,CN,local brand,debit
103838,00-99,AGRICULTURAL BANK OF CHINA,CN,local brand,debit
103839,00-99,AGRICULTURAL BANK OF CHINA,CN,local brand,debit
103840,00-99,AGRICULTURAL BANK OF CHINA,CN,local brand,debit
103841,00-99,Agricultural Bank Of China,CN,visa,debit
103842,00-99,AGRICULTURAL BANK OF CHINA,CN,local brand,debit
103843,00-99,AGRICULTURAL BANK OF CHINA,CN,local brand,debit
103844,00-99,AGRICULTURAL BANK OF CHINA,CN,local brand,debit
103845,00-99,AGRICULTURAL BANK OF CHINA,CN,local brand,debit
103846,00-99,AGRICULTURAL BANK OF CHINA,CN,local brand,debit
103847,00-99,AGRICULTURAL BANK OF CHINA,CN,local brand,debit
103848,00-99,AGRICULTURAL BANK OF CHINA,CN,local brand,debit
103849,00-99,AGRICULTURAL BANK OF CHINA,CN,local brand,debit
103850,00-99,AGRICULTURAL BANK OF CHINA,CN,local brand,debit
103851,00-99,AGRICULTURAL BANK OF CHINA,CN,local brand,debit
103852,00-99,AGRICULTURAL BANK OF CHINA,CN,local brand,debit
103853,00-99,AGRICULTURAL BANK OF CHINA,CN,local brand,debit
103854,00-99,AGRICULTURAL BANK OF CHINA,CN,local brand,debit
103855,00-99,AGRICULTURAL BANK OF CHINA,CN,local brand,debit
103856,00-99,AGRICULTURAL BANK OF CHINA,CN,local brand,debit
103857,00-99,AGRICULTURAL BANK OF CHINA,CN,local brand,debit
103858,00-99,AGRICULTURAL BANK OF CHINA,CN,local brand,debit
103859,00-99,AGRICULTURAL BANK OF CHINA,CN,local brand,debit
103860,00-99,AGRICULTURAL BANK OF CHINA,CN,local brand,debit
103861,00-99,AGRICULTURAL BANK OF CHINA,CN,local brand,debit
103862,00-99,AGRICULTURAL BANK OF CHINA,CN,local brand,debit
103863,00-99,AGRICULTURAL BANK OF CHINA,CN,local brand,debit
103864,00-99,AGRICULTURAL BANK OF CHINA,CN,local brand,debit
103865,00-99,AGRICULTURAL BANK OF CHINA,CN,local brand,debit
103866,00-99,AGRICULTURAL BANK OF CHINA,CN,local brand,debit
103867,00-99,AGRICULTURAL BANK OF CHINA,CN,local brand,debit
103868,00-99,AGRICULTURAL BANK OF CHINA,CN,local brand,debit
103869,00-99,AGRICULTURAL BANK OF CHINA,CN,local brand,debit
103870,00-99,AGRICULTURAL BANK OF CHINA,CN,local brand,debit
103871,00-99,AGRICULTURAL BANK OF CHINA,CN,local brand,debit
103872,00-99,AGRICULTURAL BANK OF CHINA,CN,local brand,debit
103873,00-99,AGRICULTURAL BANK OF CHINA,CN,local brand,debit
103874,00-99,AGRICULTURAL BANK OF CHINA,CN,local brand,debit
103875,00-99,AGRICULTURAL BANK OF CHINA,CN,local brand,debit
103876,00-99,AGRICULTURAL BANK OF CHINA,CN,local brand,debit
103877,00-99,AGRICULTURAL BANK OF CHINA,CN,local brand,debit
103878,00-99,AGRICULTURAL BANK OF CHINA,CN,local brand,debit
103879,00-99,AGRICULTURAL BANK OF CHINA,CN,local brand,debit
103880,00-99,AGRICULTURAL BANK OF CHINA,CN,local brand,debit
103881,00-99,AGRICULTURAL BANK OF CHINA,CN,local brand,debit
103882,00-99,AGRICULTURAL BANK OF CHINA,CN,local brand,debit
103883,00-99,AGRICULTURAL BANK OF CHINA,CN,local brand,debit
103884,00-99,AGRICULTURAL BANK OF CHINA,CN,local brand,debit
103885,00-99,AGRICULTURAL BANK OF CHINA,CN,local brand,debit
103886,00-99,AGRICULTURAL BANK OF CHINA,CN,local brand,debit
103887,00-99,AGRICULTURAL BANK OF CHINA,CN,local brand,debit
103888,00-99,AGRICULTURAL BANK OF CHINA,CN,local brand,debit
103889,00-99,AGRICULTURAL BANK OF CHINA,CN,local brand,debit
103890,00-99,AGRICULTURAL BANK OF CHINA,CN,local brand,debit
103891,00-99,AGRICULTURAL BANK OF CHINA,CN,local brand,debit
103892,00-99,AGRICULTURAL BANK OF CHINA,CN,local brand,debit
103893,00-99,AGRICULTURAL BANK OF CHINA,CN,local brand,debit
103894,00-99,AGRICULTURAL BANK OF CHINA,CN,local brand,debit
103895,00-99,AGRICULTURAL BANK OF CHINA,CN,local brand,debit
103896,00-99,AGRICULTURAL BANK OF CHINA,CN,local brand,debit
103897,00-99,AGRICULTURAL BANK OF CHINA,CN,local brand,debit
103898,00-99,AGRICULTURAL BANK OF CHINA,CN,local brand,debit
103899,00-99,AGRICULTURAL BANK OF CHINA,CN,local brand,debit
103900,00-99,AGRICULTURAL BANK OF CHINA,CN,local brand,debit
103901,00-99,AGRICULTURAL BANK OF CHINA,CN,local brand,debit
103902,00-99,AGRICULTURAL BANK OF CHINA,CN,local brand,debit
103903,00-99,AGRICULTURAL BANK OF CHINA,CN,private label,debit
103904,00-99,AGRICULTURAL BANK OF CHINA,CN,local brand,debit
103905,00-99,AGRICULTURAL BANK OF CHINA,CN,local brand,debit
103906,00-99,AGRICULTURAL BANK OF CHINA,CN,local brand,debit
103907,00-99,AGRICULTURAL BANK OF CHINA,CN,local brand,debit
103908,00-99,AGRICULTURAL BANK OF CHINA,CN,local brand,debit
103909,00-99,AGRICULTURAL BANK OF CHINA,CN,local brand,debit
103910,00-99,AGRICULTURAL BANK OF CHINA,CN,local brand,debit
103911,00-99,AGRICULTURAL BANK OF CHINA,CN,local brand,debit
103912,00-99,AGRICULTURAL BANK OF CHINA,CN,local brand,debit
103913,00-99,AGRICULTURAL BANK OF CHINA,CN,local brand,debit
103914,00-99,AGRICULTURAL BANK OF CHINA,CN,local brand,debit
103915,00-99,AGRICULTURAL BANK OF CHINA,CN,local brand,debit
103916,00-99,AGRICULTURAL BANK OF CHINA,CN,local brand,debit
103917,00-99,AGRICULTURAL BANK OF CHINA,CN,local brand,debit
103918,00-99,AGRICULTURAL BANK OF CHINA,CN,local brand,debit
103919,00-99,AGRICULTURAL BANK OF CHINA,CN,local brand,debit
103920,00-99,AGRICULTURAL BANK OF CHINA,CN,local brand,debit
103921,00-99,AGRICULTURAL BANK OF CHINA,CN,local brand,debit
103922,00-99,AGRICULTURAL BANK OF CHINA,CN,local brand,debit
103923,00-99,AGRICULTURAL BANK OF CHINA,CN,local brand,debit
103924,00-99,AGRICULTURAL BANK OF CHINA,CN,local brand,debit
103925,00-99,AGRICULTURAL BANK OF CHINA,CN,local brand,debit
103926,00-99,AGRICULTURAL BANK OF CHINA,CN,local brand,debit
103927,00-99,AGRICULTURAL BANK OF CHINA,CN,local brand,debit
103928,00-99,AGRICULTURAL BANK OF CHINA,CN,local brand,debit
103929,00-99,AGRICULTURAL BANK OF CHINA,CN,local brand,debit
103930,00-99,AGRICULTURAL BANK OF CHINA,CN,local brand,debit
103931,00-99,AGRICULTURAL BANK OF CHINA,CN,local brand,debit
103932,00-99,AGRICULTURAL BANK OF CHINA,CN,local brand,debit
103933,00-99,AGRICULTURAL BANK OF CHINA,CN,local brand,debit
103934,00-99,AGRICULTURAL BANK OF CHINA,CN,local brand,debit
103935,00-99,AGRICULTURAL BANK OF CHINA,CN,local brand,debit
103936,00-99,AGRICULTURAL BANK OF CHINA,CN,local brand,debit
103937,00-99,AGRICULTURAL BANK OF CHINA,CN,local brand,debit
103938,00-99,AGRICULTURAL BANK OF CHINA,CN,local brand,debit
103939,00-99,AGRICULTURAL BANK OF CHINA,CN,local brand,debit
103940,00-99,AGRICULTURAL BANK OF CHINA,CN,local brand,debit
103941,00-99,AGRICULTURAL BANK OF CHINA,CN,local brand,debit
103942,00-99,AGRICULTURAL BANK OF CHINA,CN,local brand,debit
103943,00-99,AGRICULTURAL BANK OF CHINA,CN,local brand,debit
103944,00-99,AGRICULTURAL BANK OF CHINA,CN,local brand,debit
103945,00-99,AGRICULTURAL BANK OF CHINA,CN,local brand,debit
103946,00-99,AGRICULTURAL BANK OF CHINA,CN,local brand,debit
103947,00-99,AGRICULTURAL BANK OF CHINA,CN,local brand,debit
103948,00-99,AGRICULTURAL BANK OF CHINA,CN,local brand,debit
103949,00-99,AGRICULTURAL BANK OF CHINA,CN,local brand,debit
103950,00-99,AGRICULTURAL BANK OF CHINA,CN,local brand,debit
103951,00-99,AGRICULTURAL BANK OF CHINA,CN,local brand,debit
103952,00-99,AGRICULTURAL BANK OF CHINA,CN,local brand,debit
103953,00-99,AGRICULTURAL BANK OF CHINA,CN,local brand,debit
103954,00-99,AGRICULTURAL BANK OF CHINA,CN,local brand,debit
103955,00-99,AGRICULTURAL BANK OF CHINA,CN,local brand,debit
103956,00-99,AGRICULTURAL BANK OF CHINA,CN,local brand,debit
103957,00-99,AGRICULTURAL BANK OF CHINA,CN,local brand,debit
103958,00-99,AGRICULTURAL BANK OF CHINA,CN,local brand,debit
103959,00-99,AGRICULTURAL BANK OF CHINA,CN,local brand,debit
103960,00-99,AGRICULTURAL BANK OF CHINA,CN,local brand,debit
103961,00-99,AGRICULTURAL BANK OF CHINA,CN,local brand,debit
103962,00-99,AGRICULTURAL BANK OF CHINA,CN,local brand,debit
103963,00-99,AGRICULTURAL BANK OF CHINA,CN,local brand,debit
103964,00-99,AGRICULTURAL BANK OF CHINA,CN,local brand,debit
103965,00-99,AGRICULTURAL BANK OF CHINA,CN,local brand,debit
103966,00-99,AGRICULTURAL BANK OF CHINA,CN,local brand,debit
103967,00-99,AGRICULTURAL BANK OF CHINA,CN,local brand,debit
103968,00-99,AGRICULTURAL BANK OF CHINA,CN,local brand,debit
103969,00-99,AGRICULTURAL BANK OF CHINA,CN,local brand,debit
103970,00-99,AGRICULTURAL BANK OF CHINA,CN,private label,debit
103971,00-99,AGRICULTURAL BANK OF CHINA,CN,local brand,debit
103972,00-99,AGRICULTURAL BANK OF CHINA,CN,local brand,debit
103973,00-99,AGRICULTURAL BANK OF CHINA,CN,local brand,debit
103974,00-99,AGRICULTURAL BANK OF CHINA,CN,local brand,debit
103975,00-99,AGRICULTURAL BANK OF CHINA,CN,local brand,debit
103976,00-99,AGRICULTURAL BANK OF CHINA,CN,local brand,debit
103977,00-99,AGRICULTURAL BANK OF CHINA,CN,local brand,debit
103978,00-99,AGRICULTURAL BANK OF CHINA,CN,local brand,debit
103979,00-99,AGRICULTURAL BANK OF CHINA,CN,local brand,debit
103980,00-99,AGRICULTURAL BANK OF CHINA,CN,local brand,debit
103981,00-99,AGRICULTURAL BANK OF CHINA,CN,local brand,debit
103982,00-99,AGRICULTURAL BANK OF CHINA,CN,local brand,debit
103983,00-99,AGRICULTURAL BANK OF CHINA,CN,local brand,debit
103984,00-99,AGRICULTURAL BANK OF CHINA,CN,local brand,debit
103985,00-99,AGRICULTURAL BANK OF CHINA,CN,local brand,debit
103986,00-99,AGRICULTURAL BANK OF CHINA,CN,local brand,debit
103987,00-99,AGRICULTURAL BANK OF CHINA,CN,local brand,debit
103988,00-99,AGRICULTURAL BANK OF CHINA,CN,local brand,debit
103989,00-99,AGRICULTURAL BANK OF CHINA,CN,local brand,debit
103990,00-99,AGRICULTURAL BANK OF CHINA,CN,local brand,debit
103991,00-99,AGRICULTURAL BANK OF CHINA,CN,local brand,debit
103992,00-99,AGRICULTURAL BANK OF CHINA,CN,local brand,debit
103993,00-99,AGRICULTURAL BANK OF CHINA,CN,local brand,debit
103994,00-99,AGRICULTURAL BANK OF CHINA,CN,local brand,debit
103995,00-99,AGRICULTURAL BANK OF CHINA,CN,local brand,debit
103996,00-99,AGRICULTURAL BANK OF CHINA,CN,local brand,debit
103997,00-99,AGRICULTURAL BANK OF CHINA,CN,local brand,debit
103998,00-99,AGRICULTURAL BANK OF CHINA,CN,local brand,debit
103999,00-99,AGRICULTURAL BANK OF CHINA,CN,local brand,debit
104001,00-99,LUXURY JEWELLERY CLASS (LJC) - TDFS,CA,private label,debit
104002,00-99,LUXURY JEWELLERY CLASS (LJC) - TDFS,CA,private label,debit
104003,00-99,LUXURY JEWELLERY CLASS (LJC) - TDFS,CA,private label,debit
104004,00-99,LUXURY JEWELLERY CLASS (LJC) - TDFS,CA,private label,debit
104005,00-99,LUXURY JEWELLERY CLASS (LJC) - TDFS,CA,private label,debit
104006,00-99,LUXURY JEWELLERY CLASS (LJC) - TDFS,CA,private label,debit
104007,00-99,LUXURY JEWELLERY CLASS (LJC) - TDFS,CA,private label,debit
104008,00-99,LUXURY JEWELLERY CLASS (LJC) - TDFS,CA,private label,debit
104009,00-99,LUXURY JEWELLERY CLASS (LJC) - TDFS,CA,private label,debit
104010,00-99,LUXURY JEWELLERY CLASS (LJC) - TDFS,CA,private label,debit
104011,00-99,LUXURY JEWELLERY CLASS (LJC) - TDFS,CA,private label,debit
104012,00-99,LUXURY JEWELLERY CLASS (LJC) - TDFS,CA,private label,debit
104013,00-99,LUXURY JEWELLERY CLASS (LJC) - TDFS,CA,private label,debit
104014,00-99,LUXURY JEWELLERY CLASS (LJC) - TDFS,CA,private label,debit
104015,00-99,LUXURY JEWELLERY CLASS (LJC) - TDFS,CA,private label,debit
104016,00-99,LUXURY JEWELLERY CLASS (LJC) - TDFS,CA,private label,debit
104017,00-99,LUXURY JEWELLERY CLASS (LJC) - TDFS,CA,private label,debit
104018,00-99,LUXURY JEWELLERY CLASS (LJC) - TDFS,CA,private label,debit
104019,00-99,LUXURY JEWELLERY CLASS (LJC) - TDFS,CA,private label,debit
104020,00-99,LUXURY JEWELLERY CLASS (LJC) - TDFS,CA,private label,debit
104021,00-99,LUXURY JEWELLERY CLASS (LJC) - TDFS,CA,private label,debit
104022,00-99,LUXURY JEWELLERY CLASS (LJC) - TDFS,CA,private label,debit
104023,00-99,LUXURY JEWELLERY CLASS (LJC) - TDFS,CA,private label,debit
104024,00-99,LUXURY JEWELLERY CLASS (LJC) - TDFS,CA,private label,debit
104025,00-99,LUXURY JEWELLERY CLASS (LJC) - TDFS,CA,private label,debit
104026,00-99,LUXURY JEWELLERY CLASS (LJC) - TDFS,CA,private label,debit
104027,00-99,LUXURY JEWELLERY CLASS (LJC) - TDFS,CA,private label,debit
104028,00-99,LUXURY JEWELLERY CLASS (LJC) - TDFS,CA,private label,debit
104029,00-99,LUXURY JEWELLERY CLASS (LJC) - TDFS,CA,private label,debit
104030,00-99,LUXURY JEWELLERY CLASS (LJC) - TDFS,CA,private label,debit
104031,00-99,LUXURY JEWELLERY CLASS (LJC) - TDFS,CA,private label,debit
104032,00-99,LUXURY JEWELLERY CLASS (LJC) - TDFS,CA,private label,debit
104033,00-99,LUXURY JEWELLERY CLASS (LJC) - TDFS,CA,private label,debit
104034,00-99,LUXURY JEWELLERY CLASS (LJC) - TDFS,CA,private label,debit
104035,00-99,LUXURY JEWELLERY CLASS (LJC) - TDFS,CA,private label,debit
104036,00-99,LUXURY JEWELLERY CLASS (LJC) - TDFS,CA,private label,debit
104037,00-99,LUXURY JEWELLERY CLASS (LJC) - TDFS,CA,private label,debit
104038,00-99,LUXURY JEWELLERY CLASS (LJC) - TDFS,CA,private label,debit
104039,00-99,LUXURY JEWELLERY CLASS (LJC) - TDFS,CA,private label,debit
104040,00-99,LUXURY JEWELLERY CLASS (LJC) - TDFS,CA,private label,debit
104041,00-99,LUXURY JEWELLERY CLASS (LJC) - TDFS,CA,private label,debit
104042,00-99,LUXURY JEWELLERY CLASS (LJC) - TDFS,CA,private label,debit
104043,00-99,LUXURY JEWELLERY CLASS (LJC) - TDFS,CA,private label,debit
104044,00-99,LUXURY JEWELLERY CLASS (LJC) - TDFS,CA,private label,debit
104045,00-99,LUXURY JEWELLERY CLASS (LJC) - TDFS,CA,private label,debit
104046,00-99,LUXURY JEWELLERY CLASS (LJC) - TDFS,CA,private label,debit
104047,00-99,LUXURY JEWELLERY CLASS (LJC) - TDFS,CA,private label,debit
104048,00-99,LUXURY JEWELLERY CLASS (LJC) - TDFS,CA,private label,debit
104049,00-99,LUXURY JEWELLERY CLASS (LJC) - TDFS,CA,private label,debit
104050,00-99,LUXURY JEWELLERY CLASS (LJC) - TDFS,CA,private label,debit
104051,00-99,LUXURY JEWELLERY CLASS (LJC) - TDFS,CA,private label,debit
104052,00-99,LUXURY JEWELLERY CLASS (LJC) - TDFS,CA,private label,debit
104053,00-99,LUXURY JEWELLERY CLASS (LJC) - TDFS,CA,private label,debit
104054,00-99,LUXURY JEWELLERY CLASS (LJC) - TDFS,CA,private label,debit
104055,00-99,LUXURY JEWELLERY CLASS (LJC) - TDFS,CA,private label,debit
104056,00-99,LUXURY JEWELLERY CLASS (LJC) - TDFS,CA,private label,debit
104057,00-99,LUXURY JEWELLERY CLASS (LJC) - TDFS,CA,private label,debit
104058,00-99,LUXURY JEWELLERY CLASS (LJC) - TDFS,CA,private label,debit
104059,00-99,LUXURY JEWELLERY CLASS (LJC) - TDFS,CA,private label,debit
104060,00-99,LUXURY JEWELLERY CLASS (LJC) - TDFS,CA,private label,debit
104061,00-99,LUXURY JEWELLERY CLASS (LJC) - TDFS,CA,private label,debit
104062,00-99,LUXURY JEWELLERY CLASS (LJC) - TDFS,CA,private label,debit
104063,00-99,LUXURY JEWELLERY CLASS (LJC) - TDFS,CA,private label,debit
104064,00-99,LUXURY JEWELLERY CLASS (LJC) - TDFS,CA,private label,debit
104065,00-99,LUXURY JEWELLERY CLASS (LJC) - TDFS,CA,private label,debit
104066,00-99,LUXURY JEWELLERY CLASS (LJC) - TDFS,CA,private label,debit
104067,00-99,LUXURY JEWELLERY CLASS (LJC) - TDFS,CA,private label,debit
104068,00-99,LUXURY JEWELLERY CLASS (LJC) - TDFS,CA,private label,debit
104069,00-99,LUXURY JEWELLERY CLASS (LJC) - TDFS,CA,private label,debit
104070,00-99,LUXURY JEWELLERY CLASS (LJC) - TDFS,CA,private label,debit
104071,00-99,LUXURY JEWELLERY CLASS (LJC) - TDFS,CA,private label,debit
104072,00-99,LUXURY JEWELLERY CLASS (LJC) - TDFS,CA,private label,debit
104073,00-99,LUXURY JEWELLERY CLASS (LJC) - TDFS,CA,private label,debit
104074,00-99,LUXURY JEWELLERY CLASS (LJC) - TDFS,CA,private label,debit
104075,00-99,LUXURY JEWELLERY CLASS (LJC) - TDFS,CA,private label,debit
104076,00-99,LUXURY JEWELLERY CLASS (LJC) - TDFS,CA,private label,debit
104077,00-99,LUXURY JEWELLERY CLASS (LJC) - TDFS,CA,private label,debit
104078,00-99,LUXURY JEWELLERY CLASS (LJC) - TDFS,CA,private label,debit
104079,00-99,LUXURY JEWELLERY CLASS (LJC) - TDFS,CA,private label,debit
104080,00-99,LUXURY JEWELLERY CLASS (LJC) - TDFS,CA,private label,debit
104081,00-99,LUXURY JEWELLERY CLASS (LJC) - TDFS,CA,private label,debit
104082,00-99,LUXURY JEWELLERY CLASS (LJC) - TDFS,CA,private label,debit
104083,00-99,LUXURY JEWELLERY CLASS (LJC) - TDFS,CA,private label,debit
104084,00-99,LUXURY JEWELLERY CLASS (LJC) - TDFS,CA,private label,debit
104085,00-99,LUXURY JEWELLERY CLASS (LJC) - TDFS,CA,private label,debit
104086,00-99,LUXURY JEWELLERY CLASS (LJC) - TDFS,CA,private label,debit
104087,00-99,LUXURY JEWELLERY CLASS (LJC) - TDFS,CA,private label,debit
104088,00-99,LUXURY JEWELLERY CLASS (LJC) - TDFS,CA,private label,debit
104089,00-99,LUXURY JEWELLERY CLASS (LJC) - TDFS,CA,private label,debit
104090,00-99,LUXURY JEWELLERY CLASS (LJC) - TDFS,CA,private label,debit
104091,00-99,LUXURY JEWELLERY CLASS (LJC) - TDFS,CA,private label,debit
104092,00-99,LUXURY JEWELLERY CLASS (LJC) - TDFS,CA,private label,debit
104093,00-99,LUXURY JEWELLERY CLASS (LJC) - TDFS,CA,private label,debit
104094,00-99,LUXURY JEWELLERY CLASS (LJC) - TDFS,CA,private label,debit
104095,00-99,LUXURY JEWELLERY CLASS (LJC) - TDFS,CA,private label,debit
104096,00-99,LUXURY JEWELLERY CLASS (LJC) - TDFS,CA,private label,debit
104097,00-99,LUXURY JEWELLERY CLASS (LJC) - TDFS,CA,private label,debit
104098,00-99,LUXURY JEWELLERY CLASS (LJC) - TDFS,CA,private label,debit
104099,00-99,LUXURY JEWELLERY CLASS (LJC) - TDFS,CA,private label,debit
104100,00-99,LUXURY JEWELLERY CLASS (LJC) - TDFS,CA,private label,debit
104101,00-99,LUXURY JEWELLERY CLASS (LJC) - TDFS,CA,private label,debit
104102,00-99,LUXURY JEWELLERY CLASS (LJC) - TDFS,CA,private label,debit
104103,00-99,LUXURY JEWELLERY CLASS (LJC) - TDFS,CA,private label,debit
104104,00-99,LUXURY JEWELLERY CLASS (LJC) - TDFS,CA,private label,debit
104105,00-99,LUXURY JEWELLERY CLASS (LJC) - TDFS,CA,private label,debit
104106,00-99,LUXURY JEWELLERY CLASS (LJC) - TDFS,CA,private label,debit
104107,00-99,LUXURY JEWELLERY CLASS (LJC) - TDFS,CA,private label,debit
104108,00-99,LUXURY JEWELLERY CLASS (LJC) - TDFS,CA,private label,debit
104109,00-99,LUXURY JEWELLERY CLASS (LJC) - TDFS,CA,private label,debit
104110,00-99,LUXURY JEWELLERY CLASS (LJC) - TDFS,CA,private label,debit
104111,00-99,LUXURY JEWELLERY CLASS (LJC) - TDFS,CA,private label,debit
104112,00-99,LUXURY JEWELLERY CLASS (LJC) - TDFS,CA,private label,debit
104113,00-99,LUXURY JEWELLERY CLASS (LJC) - TDFS,CA,private label,debit
104114,00-99,LUXURY JEWELLERY CLASS (LJC) - TDFS,CA,private label,debit
104115,00-99,LUXURY JEWELLERY CLASS (LJC) - TDFS,CA,private label,debit
104116,00-99,LUXURY JEWELLERY CLASS (LJC) - TDFS,CA,private label,debit
104117,00-99,LUXURY JEWELLERY CLASS (LJC) - TDFS,CA,private label,debit
104118,00-99,LUXURY JEWELLERY CLASS (LJC) - TDFS,CA,private label,debit
104119,00-99,LUXURY JEWELLERY CLASS (LJC) - TDFS,CA,private label,debit
104120,00-99,LUXURY JEWELLERY CLASS (LJC) - TDFS,CA,private label,debit
104121,00-99,LUXURY JEWELLERY CLASS (LJC) - TDFS,CA,private label,debit
104122,00-99,LUXURY JEWELLERY CLASS (LJC) - TDFS,CA,private label,debit
104123,00-99,LUXURY JEWELLERY CLASS (LJC) - TDFS,CA,private label,debit
104124,00-99,LUXURY JEWELLERY CLASS (LJC) - TDFS,CA,private label,debit
104125,00-99,LUXURY JEWELLERY CLASS (LJC) - TDFS,CA,private label,debit
104126,00-99,LUXURY JEWELLERY CLASS (LJC) - TDFS,CA,private label,debit
104127,00-99,LUXURY JEWELLERY CLASS (LJC) - TDFS,CA,private label,debit
104128,00-99,LUXURY JEWELLERY CLASS (LJC) - TDFS,CA,private label,debit
104129,00-99,LUXURY JEWELLERY CLASS (LJC) - TDFS,CA,private label,debit
104130,00-99,LUXURY JEWELLERY CLASS (LJC) - TDFS,CA,private label,debit
104131,00-99,LUXURY JEWELLERY CLASS (LJC) - TDFS,CA,private label,debit
104132,00-99,LUXURY JEWELLERY CLASS (LJC) - TDFS,CA,private label,debit
104133,00-99,LUXURY JEWELLERY CLASS (LJC) - TDFS,CA,private label,debit
104134,00-99,LUXURY JEWELLERY CLASS (LJC) - TDFS,CA,private label,debit
104135,00-99,LUXURY JEWELLERY CLASS (LJC) - TDFS,CA,private label,debit
104136,00-99,LUXURY JEWELLERY CLASS (LJC) - TDFS,CA,private label,debit
104137,00-99,LUXURY JEWELLERY CLASS (LJC) - TDFS,CA,private label,debit
104138,00-99,LUXURY JEWELLERY CLASS (LJC) - TDFS,CA,private label,debit
104139,00-99,LUXURY JEWELLERY CLASS (LJC) - TDFS,CA,private label,debit
104140,00-99,LUXURY JEWELLERY CLASS (LJC) - TDFS,CA,private label,debit
104141,00-99,LUXURY JEWELLERY CLASS (LJC) - TDFS,CA,private label,debit
104142,00-99,LUXURY JEWELLERY CLASS (LJC) - TDFS,CA,private label,debit
104143,00-99,LUXURY JEWELLERY CLASS (LJC) - TDFS,CA,private label,debit
104144,00-99,LUXURY JEWELLERY CLASS (LJC) - TDFS,CA,private label,debit
104145,00-99,LUXURY JEWELLERY CLASS (LJC) - TDFS,CA,private label,debit
104146,00-99,LUXURY JEWELLERY CLASS (LJC) - TDFS,CA,private label,debit
104147,00-99,LUXURY JEWELLERY CLASS (LJC) - TDFS,CA,private label,debit
104148,00-99,LUXURY JEWELLERY CLASS (LJC) - TDFS,CA,private label,debit
104149,00-99,LUXURY JEWELLERY CLASS (LJC) - TDFS,CA,private label,debit
104150,00-99,LUXURY JEWELLERY CLASS (LJC) - TDFS,CA,private label,debit
104151,00-99,LUXURY JEWELLERY CLASS (LJC) - TDFS,CA,private label,debit
104152,00-99,LUXURY JEWELLERY CLASS (LJC) - TDFS,CA,private label,debit
104153,00-99,LUXURY JEWELLERY CLASS (LJC) - TDFS,CA,private label,debit
104154,00-99,LUXURY JEWELLERY CLASS (LJC) - TDFS,CA,private label,debit
104155,00-99,LUXURY JEWELLERY CLASS (LJC) - TDFS,CA,private label,debit
104156,00-99,LUXURY JEWELLERY CLASS (LJC) - TDFS,CA,private label,debit
104157,00-99,LUXURY JEWELLERY CLASS (LJC) - TDFS,CA,private label,debit
104158,00-99,LUXURY JEWELLERY CLASS (LJC) - TDFS,CA,private label,debit
104159,00-99,LUXURY JEWELLERY CLASS (LJC) - TDFS,CA,private label,debit
104160,00-99,LUXURY JEWELLERY CLASS (LJC) - TDFS,CA,private label,debit
104161,00-99,LUXURY JEWELLERY CLASS (LJC) - TDFS,CA,private label,debit
104162,00-99,LUXURY JEWELLERY CLASS (LJC) - TDFS,CA,private label,debit
104163,00-99,LUXURY JEWELLERY CLASS (LJC) - TDFS,CA,private label,debit
104164,00-99,LUXURY JEWELLERY CLASS (LJC) - TDFS,CA,private label,debit
104165,00-99,LUXURY JEWELLERY CLASS (LJC) - TDFS,CA,private label,debit
104166,00-99,LUXURY JEWELLERY CLASS (LJC) - TDFS,CA,private label,debit
104167,00-99,LUXURY JEWELLERY CLASS (LJC) - TDFS,CA,private label,debit
104168,00-99,LUXURY JEWELLERY CLASS (LJC) - TDFS,CA,private label,debit
104169,00-99,LUXURY JEWELLERY CLASS (LJC) - TDFS,CA,private label,debit
104170,00-99,LUXURY JEWELLERY CLASS (LJC) - TDFS,CA,private label,debit
104171,00-99,LUXURY JEWELLERY CLASS (LJC) - TDFS,CA,private label,debit
104172,00-99,LUXURY JEWELLERY CLASS (LJC) - TDFS,CA,private label,debit
104173,00-99,LUXURY JEWELLERY CLASS (LJC) - TDFS,CA,private label,debit
104174,00-99,LUXURY JEWELLERY CLASS (LJC) - TDFS,CA,private label,debit
104175,00-99,LUXURY JEWELLERY CLASS (LJC) - TDFS,CA,private label,debit
104176,00-99,LUXURY JEWELLERY CLASS (LJC) - TDFS,CA,private label,debit
104177,00-99,LUXURY JEWELLERY CLASS (LJC) - TDFS,CA,private label,debit
104178,00-99,LUXURY JEWELLERY CLASS (LJC) - TDFS,CA,private label,debit
104179,00-99,LUXURY JEWELLERY CLASS (LJC) - TDFS,CA,private label,debit
104180,00-99,LUXURY JEWELLERY CLASS (LJC) - TDFS,CA,private label,debit
104181,00-99,LUXURY JEWELLERY CLASS (LJC) - TDFS,CA,private label,debit
104182,00-99,LUXURY JEWELLERY CLASS (LJC) - TDFS,CA,private label,debit
104183,00-99,LUXURY JEWELLERY CLASS (LJC) - TDFS,CA,private label,debit
104184,00-99,LUXURY JEWELLERY CLASS (LJC) - TDFS,CA,private label,debit
104185,00-99,LUXURY JEWELLERY CLASS (LJC) - TDFS,CA,private label,debit
104186,00-99,LUXURY JEWELLERY CLASS (LJC) - TDFS,CA,private label,debit
104187,00-99,LUXURY JEWELLERY CLASS (LJC) - TDFS,CA,private label,debit
104188,00-99,LUXURY JEWELLERY CLASS (LJC) - TDFS,CA,private label,debit
104189,00-99,LUXURY JEWELLERY CLASS (LJC) - TDFS,CA,private label,debit
104190,00-99,LUXURY JEWELLERY CLASS (LJC) - TDFS,CA,private label,debit
104191,00-99,LUXURY JEWELLERY CLASS (LJC) - TDFS,CA,private label,debit
104192,00-99,LUXURY JEWELLERY CLASS (LJC) - TDFS,CA,private label,debit
104193,00-99,LUXURY JEWELLERY CLASS (LJC) - TDFS,CA,private label,debit
104194,00-99,LUXURY JEWELLERY CLASS (LJC) - TDFS,CA,private label,debit
104195,00-99,LUXURY JEWELLERY CLASS (LJC) - TDFS,CA,private label,debit
104196,00-99,LUXURY JEWELLERY CLASS (LJC) - TDFS,CA,private label,debit
104197,00-99,LUXURY JEWELLERY CLASS (LJC) - TDFS,CA,private label,debit
104198,00-99,LUXURY JEWELLERY CLASS (LJC) - TDFS,CA,private label,debit
104199,00-99,LUXURY JEWELLERY CLASS (LJC) - TDFS,CA,private label,debit
104200,00-99,LUXURY JEWELLERY CLASS (LJC) - TDFS,CA,private label,debit
104201,00-99,LUXURY JEWELLERY CLASS (LJC) - TDFS,CA,private label,debit
104202,00-99,LUXURY JEWELLERY CLASS (LJC) - TDFS,CA,private label,debit
104203,00-99,LUXURY JEWELLERY CLASS (LJC) - TDFS,CA,private label,debit
104204,00-99,LUXURY JEWELLERY CLASS (LJC) - TDFS,CA,private label,debit
104205,00-99,LUXURY JEWELLERY CLASS (LJC) - TDFS,CA,private label,debit
104206,00-99,LUXURY JEWELLERY CLASS (LJC) - TDFS,CA,private label,debit
104207,00-99,LUXURY JEWELLERY CLASS (LJC) - TDFS,CA,private label,debit
104208,00-99,LUXURY JEWELLERY CLASS (LJC) - TDFS,CA,private label,debit
104209,00-99,LUXURY JEWELLERY CLASS (LJC) - TDFS,CA,private label,debit
104210,00-99,LUXURY JEWELLERY CLASS (LJC) - TDFS,CA,private label,debit
104211,00-99,LUXURY JEWELLERY CLASS (LJC) - TDFS,CA,private label,debit
104212,00-99,LUXURY JEWELLERY CLASS (LJC) - TDFS,CA,private label,debit
104213,00-99,LUXURY JEWELLERY CLASS (LJC) - TDFS,CA,private label,debit
104214,00-99,LUXURY JEWELLERY CLASS (LJC) - TDFS,CA,private label,debit
104215,00-99,LUXURY JEWELLERY CLASS (LJC) - TDFS,CA,private label,debit
104216,00-99,LUXURY JEWELLERY CLASS (LJC) - TDFS,CA,private label,debit
104217,00-99,LUXURY JEWELLERY CLASS (LJC) - TDFS,CA,private label,debit
104218,00-99,LUXURY JEWELLERY CLASS (LJC) - TDFS,CA,private label,debit
104219,00-99,LUXURY JEWELLERY CLASS (LJC) - TDFS,CA,private label,debit
104220,00-99,LUXURY JEWELLERY CLASS (LJC) - TDFS,CA,private label,debit
104221,00-99,LUXURY JEWELLERY CLASS (LJC) - TDFS,CA,private label,debit
104222,00-99,LUXURY JEWELLERY CLASS (LJC) - TDFS,CA,private label,debit
104223,00-99,LUXURY JEWELLERY CLASS (LJC) - TDFS,CA,private label,debit
104224,00-99,LUXURY JEWELLERY CLASS (LJC) - TDFS,CA,private label,debit
104225,00-99,LUXURY JEWELLERY CLASS (LJC) - TDFS,CA,private label,debit
104226,00-99,LUXURY JEWELLERY CLASS (LJC) - TDFS,CA,private label,debit
104227,00-99,LUXURY JEWELLERY CLASS (LJC) - TDFS,CA,private label,debit
104228,00-99,LUXURY JEWELLERY CLASS (LJC) - TDFS,CA,private label,debit
104229,00-99,LUXURY JEWELLERY CLASS (LJC) - TDFS,CA,private label,debit
104230,00-99,LUXURY JEWELLERY CLASS (LJC) - TDFS,CA,private label,debit
104231,00-99,LUXURY JEWELLERY CLASS (LJC) - TDFS,CA,private label,debit
104232,00-99,LUXURY JEWELLERY CLASS (LJC) - TDFS,CA,private label,debit
104233,00-99,LUXURY JEWELLERY CLASS (LJC) - TDFS,CA,private label,debit
104234,00-99,LUXURY JEWELLERY CLASS (LJC) - TDFS,CA,private label,debit
104235,00-99,LUXURY JEWELLERY CLASS (LJC) - TDFS,CA,private label,debit
104236,00-99,LUXURY JEWELLERY CLASS (LJC) - TDFS,CA,private label,debit
104237,00-99,LUXURY JEWELLERY CLASS (LJC) - TDFS,CA,private label,debit
104238,00-99,LUXURY JEWELLERY CLASS (LJC) - TDFS,CA,private label,debit
104239,00-99,LUXURY JEWELLERY CLASS (LJC) - TDFS,CA,private label,debit
104240,00-99,LUXURY JEWELLERY CLASS (LJC) - TDFS,CA,private label,debit
104241,00-99,LUXURY JEWELLERY CLASS (LJC) - TDFS,CA,private label,debit
104242,00-99,LUXURY JEWELLERY CLASS (LJC) - TDFS,CA,private label,debit
104243,00-99,LUXURY JEWELLERY CLASS (LJC) - TDFS,CA,private label,debit
104244,00-99,LUXURY JEWELLERY CLASS (LJC) - TDFS,CA,private label,debit
104245,00-99,LUXURY JEWELLERY CLASS (LJC) - TDFS,CA,private label,debit
104246,00-99,LUXURY JEWELLERY CLASS (LJC) - TDFS,CA,private label,debit
104247,00-99,LUXURY JEWELLERY CLASS (LJC) - TDFS,CA,private label,debit
104248,00-99,LUXURY JEWELLERY CLASS (LJC) - TDFS,CA,private label,debit
104249,00-99,LUXURY JEWELLERY CLASS (LJC) - TDFS,CA,private label,debit
104250,00-99,LUXURY JEWELLERY CLASS (LJC) - TDFS,CA,private label,debit
104251,00-99,LUXURY JEWELLERY CLASS (LJC) - TDFS,CA,private label,debit
104252,00-99,LUXURY JEWELLERY CLASS (LJC) - TDFS,CA,private label,debit
104253,00-99,LUXURY JEWELLERY CLASS (LJC) - TDFS,CA,private label,debit
104254,00-99,LUXURY JEWELLERY CLASS (LJC) - TDFS,CA,private label,debit
104255,00-99,LUXURY JEWELLERY CLASS (LJC) - TDFS,CA,private label,debit
104256,00-99,LUXURY JEWELLERY CLASS (LJC) - TDFS,CA,private label,debit
104257,00-99,LUXURY JEWELLERY CLASS (LJC) - TDFS,CA,private label,debit
104258,00-99,LUXURY JEWELLERY CLASS (LJC) - TDFS,CA,private label,debit
104259,00-99,LUXURY JEWELLERY CLASS (LJC) - TDFS,CA,private label,debit
104260,00-99,LUXURY JEWELLERY CLASS (LJC) - TDFS,CA,private label,debit
104261,00-99,LUXURY JEWELLERY CLASS (LJC) - TDFS,CA,private label,debit
104262,00-99,LUXURY JEWELLERY CLASS (LJC) - TDFS,CA,private label,debit
104263,00-99,LUXURY JEWELLERY CLASS (LJC) - TDFS,CA,private label,debit
104264,00-99,LUXURY JEWELLERY CLASS (LJC) - TDFS,CA,private label,debit
104265,00-99,LUXURY JEWELLERY CLASS (LJC) - TDFS,CA,private label,debit
104266,00-99,LUXURY JEWELLERY CLASS (LJC) - TDFS,CA,private label,debit
104267,00-99,LUXURY JEWELLERY CLASS (LJC) - TDFS,CA,private label,debit
104268,00-99,LUXURY JEWELLERY CLASS (LJC) - TDFS,CA,private label,debit
104269,00-99,LUXURY JEWELLERY CLASS (LJC) - TDFS,CA,private label,debit
104270,00-99,LUXURY JEWELLERY CLASS (LJC) - TDFS,CA,private label,debit
104271,00-99,LUXURY JEWELLERY CLASS (LJC) - TDFS,CA,private label,debit
104272,00-99,LUXURY JEWELLERY CLASS (LJC) - TDFS,CA,private label,debit
104273,00-99,LUXURY JEWELLERY CLASS (LJC) - TDFS,CA,private label,debit
104274,00-99,LUXURY JEWELLERY CLASS (LJC) - TDFS,CA,private label,debit
104275,00-99,LUXURY JEWELLERY CLASS (LJC) - TDFS,CA,private label,debit
104276,00-99,LUXURY JEWELLERY CLASS (LJC) - TDFS,CA,private label,debit
104277,00-99,LUXURY JEWELLERY CLASS (LJC) - TDFS,CA,private label,debit
104278,00-99,LUXURY JEWELLERY CLASS (LJC) - TDFS,CA,private label,debit
104279,00-99,LUXURY JEWELLERY CLASS (LJC) - TDFS,CA,private label,debit
104280,00-99,LUXURY JEWELLERY CLASS (LJC) - TDFS,CA,private label,debit
104281,00-99,LUXURY JEWELLERY CLASS (LJC) - TDFS,CA,private label,debit
104282,00-99,LUXURY JEWELLERY CLASS (LJC) - TDFS,CA,private label,debit
104283,00-99,LUXURY JEWELLERY CLASS (LJC) - TDFS,CA,private label,debit
104284,00-99,LUXURY JEWELLERY CLASS (LJC) - TDFS,CA,private label,debit
104285,00-99,LUXURY JEWELLERY CLASS (LJC) - TDFS,CA,private label,debit
104286,00-99,LUXURY JEWELLERY CLASS (LJC) - TDFS,CA,private label,debit
104287,00-99,LUXURY JEWELLERY CLASS (LJC) - TDFS,CA,private label,debit
104288,00-99,LUXURY JEWELLERY CLASS (LJC) - TDFS,CA,private label,debit
104289,00-99,LUXURY JEWELLERY CLASS (LJC) - TDFS,CA,private label,debit
104290,00-99,LUXURY JEWELLERY CLASS (LJC) - TDFS,CA,private label,debit
104291,00-99,LUXURY JEWELLERY CLASS (LJC) - TDFS,CA,private label,debit
104292,00-99,LUXURY JEWELLERY CLASS (LJC) - TDFS,CA,private label,debit
104293,00-99,LUXURY JEWELLERY CLASS (LJC) - TDFS,CA,private label,debit
104294,00-99,LUXURY JEWELLERY CLASS (LJC) - TDFS,CA,private label,debit
104295,00-99,LUXURY JEWELLERY CLASS (LJC) - TDFS,CA,private label,debit
104296,00-99,LUXURY JEWELLERY CLASS (LJC) - TDFS,CA,private label,debit
104297,00-99,LUXURY JEWELLERY CLASS (LJC) - TDFS,CA,private label,debit
104298,00-99,LUXURY JEWELLERY CLASS (LJC) - TDFS,CA,private label,debit
104299,00-99,LUXURY JEWELLERY CLASS (LJC) - TDFS,CA,private label,debit
104300,00-99,LUXURY JEWELLERY CLASS (LJC) - TDFS,CA,private label,debit
104301,00-99,LUXURY JEWELLERY CLASS (LJC) - TDFS,CA,private label,debit
104302,00-99,LUXURY JEWELLERY CLASS (LJC) - TDFS,CA,private label,debit
104303,00-99,LUXURY JEWELLERY CLASS (LJC) - TDFS,CA,private label,debit
104304,00-99,LUXURY JEWELLERY CLASS (LJC) - TDFS,CA,private label,debit
104305,00-99,LUXURY JEWELLERY CLASS (LJC) - TDFS,CA,private label,debit
104306,00-99,LUXURY JEWELLERY CLASS (LJC) - TDFS,CA,private label,debit
104307,00-99,LUXURY JEWELLERY CLASS (LJC) - TDFS,CA,private label,debit
104308,00-99,LUXURY JEWELLERY CLASS (LJC) - TDFS,CA,private label,debit
104309,00-99,LUXURY JEWELLERY CLASS (LJC) - TDFS,CA,private label,debit
104310,00-99,LUXURY JEWELLERY CLASS (LJC) - TDFS,CA,private label,debit
104311,00-99,LUXURY JEWELLERY CLASS (LJC) - TDFS,CA,private label,debit
104312,00-99,LUXURY JEWELLERY CLASS (LJC) - TDFS,CA,private label,debit
104313,00-99,LUXURY JEWELLERY CLASS (LJC) - TDFS,CA,private label,debit
104314,00-99,LUXURY JEWELLERY CLASS (LJC) - TDFS,CA,private label,debit
104315,00-99,LUXURY JEWELLERY CLASS (LJC) - TDFS,CA,private label,debit
104316,00-99,LUXURY JEWELLERY CLASS (LJC) - TDFS,CA,private label,debit
104317,00-99,LUXURY JEWELLERY CLASS (LJC) - TDFS,CA,private label,debit
104318,00-99,LUXURY JEWELLERY CLASS (LJC) - TDFS,CA,private label,debit
104319,00-99,LUXURY JEWELLERY CLASS (LJC) - TDFS,CA,private label,debit
104320,00-99,LUXURY JEWELLERY CLASS (LJC) - TDFS,CA,private label,debit
104321,00-99,LUXURY JEWELLERY CLASS (LJC) - TDFS,CA,private label,debit
104322,00-99,LUXURY JEWELLERY CLASS (LJC) - TDFS,CA,private label,debit
104323,00-99,LUXURY JEWELLERY CLASS (LJC) - TDFS,CA,private label,debit
104324,00-99,LUXURY JEWELLERY CLASS (LJC) - TDFS,CA,private label,debit
104325,00-99,LUXURY JEWELLERY CLASS (LJC) - TDFS,CA,private label,debit
104326,00-99,LUXURY JEWELLERY CLASS (LJC) - TDFS,CA,private label,debit
104327,00-99,LUXURY JEWELLERY CLASS (LJC) - TDFS,CA,private label,debit
104328,00-99,LUXURY JEWELLERY CLASS (LJC) - TDFS,CA,private label,debit
104329,00-99,LUXURY JEWELLERY CLASS (LJC) - TDFS,CA,private label,debit
104330,00-99,LUXURY JEWELLERY CLASS (LJC) - TDFS,CA,private label,debit
104331,00-99,LUXURY JEWELLERY CLASS (LJC) - TDFS,CA,private label,debit
104332,00-99,LUXURY JEWELLERY CLASS (LJC) - TDFS,CA,private label,debit
104333,00-99,LUXURY JEWELLERY CLASS (LJC) - TDFS,CA,private label,debit
104334,00-99,LUXURY JEWELLERY CLASS (LJC) - TDFS,CA,private label,debit
104335,00-99,LUXURY JEWELLERY CLASS (LJC) - TDFS,CA,private label,debit
104336,00-99,LUXURY JEWELLERY CLASS (LJC) - TDFS,CA,private label,debit
104337,00-99,LUXURY JEWELLERY CLASS (LJC) - TDFS,CA,private label,debit
104338,00-99,LUXURY JEWELLERY CLASS (LJC) - TDFS,CA,private label,debit
104339,00-99,LUXURY JEWELLERY CLASS (LJC) - TDFS,CA,private label,debit
104340,00-99,LUXURY JEWELLERY CLASS (LJC) - TDFS,CA,private label,debit
104341,00-99,LUXURY JEWELLERY CLASS (LJC) - TDFS,CA,private label,debit
104342,00-99,LUXURY JEWELLERY CLASS (LJC) - TDFS,CA,private label,debit
104343,00-99,LUXURY JEWELLERY CLASS (LJC) - TDFS,CA,private label,debit
104344,00-99,LUXURY JEWELLERY CLASS (LJC) - TDFS,CA,private label,debit
104345,00-99,LUXURY JEWELLERY CLASS (LJC) - TDFS,CA,private label,debit
104346,00-99,LUXURY JEWELLERY CLASS (LJC) - TDFS,CA,private label,debit
104347,00-99,LUXURY JEWELLERY CLASS (LJC) - TDFS,CA,private label,debit
104348,00-99,LUXURY JEWELLERY CLASS (LJC) - TDFS,CA,private label,debit
104349,00-99,LUXURY JEWELLERY CLASS (LJC) - TDFS,CA,private label,debit
104350,00-99,LUXURY JEWELLERY CLASS (LJC) - TDFS,CA,private label,debit
104351,00-99,LUXURY JEWELLERY CLASS (LJC) - TDFS,CA,private label,debit
104352,00-99,LUXURY JEWELLERY CLASS (LJC) - TDFS,CA,private label,debit
104353,00-99,LUXURY JEWELLERY CLASS (LJC) - TDFS,CA,private label,debit
104354,00-99,LUXURY JEWELLERY CLASS (LJC) - TDFS,CA,private label,debit
104355,00-99,LUXURY JEWELLERY CLASS (LJC) - TDFS,CA,private label,debit
104356,00-99,LUXURY JEWELLERY CLASS (LJC) - TDFS,CA,private label,debit
104357,00-99,LUXURY JEWELLERY CLASS (LJC) - TDFS,CA,private label,debit
104358,00-99,LUXURY JEWELLERY CLASS (LJC) - TDFS,CA,private label,debit
104359,00-99,LUXURY JEWELLERY CLASS (LJC) - TDFS,CA,private label,debit
104360,00-99,LUXURY JEWELLERY CLASS (LJC) - TDFS,CA,private label,debit
104361,00-99,LUXURY JEWELLERY CLASS (LJC) - TDFS,CA,private label,debit
104362,00-99,LUXURY JEWELLERY CLASS (LJC) - TDFS,CA,private label,debit
104363,00-99,LUXURY JEWELLERY CLASS (LJC) - TDFS,CA,private label,debit
104364,00-99,LUXURY JEWELLERY CLASS (LJC) - TDFS,CA,private label,debit
104365,00-99,LUXURY JEWELLERY CLASS (LJC) - TDFS,CA,private label,debit
104366,00-99,LUXURY JEWELLERY CLASS (LJC) - TDFS,CA,private label,debit
104367,00-99,LUXURY JEWELLERY CLASS (LJC) - TDFS,CA,private label,debit
104368,00-99,LUXURY JEWELLERY CLASS (LJC) - TDFS,CA,private label,debit
104369,00-99,LUXURY JEWELLERY CLASS (LJC) - TDFS,CA,private label,debit
104370,00-99,LUXURY JEWELLERY CLASS (LJC) - TDFS,CA,private label,debit
104371,00-99,LUXURY JEWELLERY CLASS (LJC) - TDFS,CA,private label,debit
104372,00-99,LUXURY JEWELLERY CLASS (LJC) - TDFS,CA,private label,debit
104373,00-99,LUXURY JEWELLERY CLASS (LJC) - TDFS,CA,private label,debit
104374,00-99,LUXURY JEWELLERY CLASS (LJC) - TDFS,CA,private label,debit
104375,00-99,LUXURY JEWELLERY CLASS (LJC) - TDFS,CA,private label,debit
104376,00-99,LUXURY JEWELLERY CLASS (LJC) - TDFS,CA,private label,debit
104377,00-99,LUXURY JEWELLERY CLASS (LJC) - TDFS,CA,private label,debit
104378,00-99,LUXURY JEWELLERY CLASS (LJC) - TDFS,CA,private label,debit
104379,00-99,LUXURY JEWELLERY CLASS (LJC) - TDFS,CA,private label,debit
104380,00-99,LUXURY JEWELLERY CLASS (LJC) - TDFS,CA,private label,debit
104381,00-99,LUXURY JEWELLERY CLASS (LJC) - TDFS,CA,private label,debit
104382,00-99,LUXURY JEWELLERY CLASS (LJC) - TDFS,CA,private label,debit
104383,00-99,LUXURY JEWELLERY CLASS (LJC) - TDFS,CA,private label,debit
104384,00-99,LUXURY JEWELLERY CLASS (LJC) - TDFS,CA,private label,debit
104385,00-99,LUXURY JEWELLERY CLASS (LJC) - TDFS,CA,private label,debit
104386,00-99,LUXURY JEWELLERY CLASS (LJC) - TDFS,CA,private label,debit
104387,00-99,LUXURY JEWELLERY CLASS (LJC) - TDFS,CA,private label,debit
104388,00-99,LUXURY JEWELLERY CLASS (LJC) - TDFS,CA,private label,debit
104389,00-99,LUXURY JEWELLERY CLASS (LJC) - TDFS,CA,private label,debit
104390,00-99,LUXURY JEWELLERY CLASS (LJC) - TDFS,CA,private label,debit
104391,00-99,LUXURY JEWELLERY CLASS (LJC) - TDFS,CA,private label,debit
104392,00-99,LUXURY JEWELLERY CLASS (LJC) - TDFS,CA,private label,debit
104393,00-99,LUXURY JEWELLERY CLASS (LJC) - TDFS,CA,private label,debit
104394,00-99,LUXURY JEWELLERY CLASS (LJC) - TDFS,CA,private label,debit
104395,00-99,LUXURY JEWELLERY CLASS (LJC) - TDFS,CA,private label,debit
104396,00-99,LUXURY JEWELLERY CLASS (LJC) - TDFS,CA,private label,debit
104397,00-99,LUXURY JEWELLERY CLASS (LJC) - TDFS,CA,private label,debit
104398,00-99,LUXURY JEWELLERY CLASS (LJC) - TDFS,CA,private label,debit
104399,00-99,LUXURY JEWELLERY CLASS (LJC) - TDFS,CA,private label,debit
104400,00-99,LUXURY JEWELLERY CLASS (LJC) - TDFS,CA,private label,debit
104401,00-99,LUXURY JEWELLERY CLASS (LJC) - TDFS,CA,private label,debit
104402,00-99,LUXURY JEWELLERY CLASS (LJC) - TDFS,CA,private label,debit
104403,00-99,LUXURY JEWELLERY CLASS (LJC) - TDFS,CA,private label,debit
104404,00-99,LUXURY JEWELLERY CLASS (LJC) - TDFS,CA,private label,debit
104405,00-99,LUXURY JEWELLERY CLASS (LJC) - TDFS,CA,private label,debit
104406,00-99,LUXURY JEWELLERY CLASS (LJC) - TDFS,CA,private label,debit
104407,00-99,LUXURY JEWELLERY CLASS (LJC) - TDFS,CA,private label,debit
104408,00-99,LUXURY JEWELLERY CLASS (LJC) - TDFS,CA,private label,debit
104409,00-99,LUXURY JEWELLERY CLASS (LJC) - TDFS,CA,private label,debit
104410,00-99,LUXURY JEWELLERY CLASS (LJC) - TDFS,CA,private label,debit
104411,00-99,LUXURY JEWELLERY CLASS (LJC) - TDFS,CA,private label,debit
104412,00-99,LUXURY JEWELLERY CLASS (LJC) - TDFS,CA,private label,debit
104413,00-99,LUXURY JEWELLERY CLASS (LJC) - TDFS,CA,private label,debit
104414,00-99,LUXURY JEWELLERY CLASS (LJC) - TDFS,CA,private label,debit
104415,00-99,LUXURY JEWELLERY CLASS (LJC) - TDFS,CA,private label,debit
104416,00-99,LUXURY JEWELLERY CLASS (LJC) - TDFS,CA,private label,debit
104417,00-99,LUXURY JEWELLERY CLASS (LJC) - TDFS,CA,private label,debit
104418,00-99,LUXURY JEWELLERY CLASS (LJC) - TDFS,CA,private label,debit
104419,00-99,LUXURY JEWELLERY CLASS (LJC) - TDFS,CA,private label,debit
104420,00-99,LUXURY JEWELLERY CLASS (LJC) - TDFS,CA,private label,debit
104421,00-99,LUXURY JEWELLERY CLASS (LJC) - TDFS,CA,private label,debit
104422,00-99,LUXURY JEWELLERY CLASS (LJC) - TDFS,CA,private label,debit
104423,00-99,LUXURY JEWELLERY CLASS (LJC) - TDFS,CA,private label,debit
104424,00-99,LUXURY JEWELLERY CLASS (LJC) - TDFS,CA,private label,debit
104425,00-99,LUXURY JEWELLERY CLASS (LJC) - TDFS,CA,private label,debit
104426,00-99,LUXURY JEWELLERY CLASS (LJC) - TDFS,CA,private label,debit
104427,00-99,LUXURY JEWELLERY CLASS (LJC) - TDFS,CA,private label,debit
104428,00-99,LUXURY JEWELLERY CLASS (LJC) - TDFS,CA,private label,debit
104429,00-99,LUXURY JEWELLERY CLASS (LJC) - TDFS,CA,private label,debit
104430,00-99,LUXURY JEWELLERY CLASS (LJC) - TDFS,CA,private label,debit
104431,00-99,LUXURY JEWELLERY CLASS (LJC) - TDFS,CA,private label,debit
104432,00-99,LUXURY JEWELLERY CLASS (LJC) - TDFS,CA,private label,debit
104433,00-99,LUXURY JEWELLERY CLASS (LJC) - TDFS,CA,private label,debit
104434,00-99,LUXURY JEWELLERY CLASS (LJC) - TDFS,CA,private label,debit
104435,00-99,LUXURY JEWELLERY CLASS (LJC) - TDFS,CA,private label,debit
104436,00-99,LUXURY JEWELLERY CLASS (LJC) - TDFS,CA,private label,debit
104437,00-99,LUXURY JEWELLERY CLASS (LJC) - TDFS,CA,private label,debit
104438,00-99,LUXURY JEWELLERY CLASS (LJC) - TDFS,CA,private label,debit
104439,00-99,LUXURY JEWELLERY CLASS (LJC) - TDFS,CA,private label,debit
104440,00-99,LUXURY JEWELLERY CLASS (LJC) - TDFS,CA,private label,debit
104441,00-99,LUXURY JEWELLERY CLASS (LJC) - TDFS,CA,private label,debit
104442,00-99,LUXURY JEWELLERY CLASS (LJC) - TDFS,CA,private label,debit
104443,00-99,LUXURY JEWELLERY CLASS (LJC) - TDFS,CA,private label,debit
104444,00-99,LUXURY JEWELLERY CLASS (LJC) - TDFS,CA,private label,debit
104445,00-99,LUXURY JEWELLERY CLASS (LJC) - TDFS,CA,private label,debit
104446,00-99,LUXURY JEWELLERY CLASS (LJC) - TDFS,CA,private label,debit
104447,00-99,LUXURY JEWELLERY CLASS (LJC) - TDFS,CA,private label,debit
104448,00-99,LUXURY JEWELLERY CLASS (LJC) - TDFS,CA,private label,debit
104449,00-99,LUXURY JEWELLERY CLASS (LJC) - TDFS,CA,private label,debit
104450,00-99,LUXURY JEWELLERY CLASS (LJC) - TDFS,CA,private label,debit
104451,00-99,LUXURY JEWELLERY CLASS (LJC) - TDFS,CA,private label,debit
104452,00-99,LUXURY JEWELLERY CLASS (LJC) - TDFS,CA,private label,debit
104453,00-99,LUXURY JEWELLERY CLASS (LJC) - TDFS,CA,private label,debit
104454,00-99,LUXURY JEWELLERY CLASS (LJC) - TDFS,CA,private label,debit
104455,00-99,LUXURY JEWELLERY CLASS (LJC) - TDFS,CA,private label,debit
104456,00-99,LUXURY JEWELLERY CLASS (LJC) - TDFS,CA,private label,debit
104457,00-99,LUXURY JEWELLERY CLASS (LJC) - TDFS,CA,private label,debit
104458,00-99,LUXURY JEWELLERY CLASS (LJC) - TDFS,CA,private label,debit
104459,00-99,LUXURY JEWELLERY CLASS (LJC) - TDFS,CA,private label,debit
104460,00-99,LUXURY JEWELLERY CLASS (LJC) - TDFS,CA,private label,debit
104461,00-99,LUXURY JEWELLERY CLASS (LJC) - TDFS,CA,private label,debit
104462,00-99,LUXURY JEWELLERY CLASS (LJC) - TDFS,CA,private label,debit
104463,00-99,LUXURY JEWELLERY CLASS (LJC) - TDFS,CA,private label,debit
104464,00-99,LUXURY JEWELLERY CLASS (LJC) - TDFS,CA,private label,debit
104465,00-99,LUXURY JEWELLERY CLASS (LJC) - TDFS,CA,private label,debit
104466,00-99,LUXURY JEWELLERY CLASS (LJC) - TDFS,CA,private label,debit
104467,00-99,LUXURY JEWELLERY CLASS (LJC) - TDFS,CA,private label,debit
104468,00-99,LUXURY JEWELLERY CLASS (LJC) - TDFS,CA,private label,debit
104469,00-99,LUXURY JEWELLERY CLASS (LJC) - TDFS,CA,private label,debit
104470,00-99,LUXURY JEWELLERY CLASS (LJC) - TDFS,CA,private label,debit
104471,00-99,LUXURY JEWELLERY CLASS (LJC) - TDFS,CA,private label,debit
104472,00-99,LUXURY JEWELLERY CLASS (LJC) - TDFS,CA,private label,debit
104473,00-99,LUXURY JEWELLERY CLASS (LJC) - TDFS,CA,private label,debit
104474,00-99,LUXURY JEWELLERY CLASS (LJC) - TDFS,CA,private label,debit
104475,00-99,LUXURY JEWELLERY CLASS (LJC) - TDFS,CA,private label,debit
104476,00-99,LUXURY JEWELLERY CLASS (LJC) - TDFS,CA,private label,debit
104477,00-99,LUXURY JEWELLERY CLASS (LJC) - TDFS,CA,private label,debit
104478,00-99,LUXURY JEWELLERY CLASS (LJC) - TDFS,CA,private label,debit
104479,00-99,LUXURY JEWELLERY CLASS (LJC) - TDFS,CA,private label,debit
104480,00-99,LUXURY JEWELLERY CLASS (LJC) - TDFS,CA,private label,debit
104481,00-99,LUXURY JEWELLERY CLASS (LJC) - TDFS,CA,private label,debit
104482,00-99,LUXURY JEWELLERY CLASS (LJC) - TDFS,CA,private label,debit
104483,00-99,LUXURY JEWELLERY CLASS (LJC) - TDFS,CA,private label,debit
104484,00-99,LUXURY JEWELLERY CLASS (LJC) - TDFS,CA,private label,debit
104485,00-99,LUXURY JEWELLERY CLASS (LJC) - TDFS,CA,private label,debit
104486,00-99,LUXURY JEWELLERY CLASS (LJC) - TDFS,CA,private label,debit
104487,00-99,LUXURY JEWELLERY CLASS (LJC) - TDFS,CA,private label,debit
104488,00-99,LUXURY JEWELLERY CLASS (LJC) - TDFS,CA,private label,debit
104489,00-99,LUXURY JEWELLERY CLASS (LJC) - TDFS,CA,private label,debit
104490,00-99,LUXURY JEWELLERY CLASS (LJC) - TDFS,CA,private label,debit
104491,00-99,LUXURY JEWELLERY CLASS (LJC) - TDFS,CA,private label,debit
104492,00-99,LUXURY JEWELLERY CLASS (LJC) - TDFS,CA,private label,debit
104493,00-99,LUXURY JEWELLERY CLASS (LJC) - TDFS,CA,private label,debit
104494,00-99,LUXURY JEWELLERY CLASS (LJC) - TDFS,CA,private label,debit
104495,00-99,LUXURY JEWELLERY CLASS (LJC) - TDFS,CA,private label,debit
104496,00-99,LUXURY JEWELLERY CLASS (LJC) - TDFS,CA,private label,debit
104497,00-99,LUXURY JEWELLERY CLASS (LJC) - TDFS,CA,private label,debit
104498,00-99,LUXURY JEWELLERY CLASS (LJC) - TDFS,CA,private label,debit
104499,00-99,LUXURY JEWELLERY CLASS (LJC) - TDFS,CA,private label,debit
104500,00-99,LUXURY JEWELLERY CLASS (LJC) - TDFS,CA,private label,debit
104501,00-99,LUXURY JEWELLERY CLASS (LJC) - TDFS,CA,private label,debit
104502,00-99,LUXURY JEWELLERY CLASS (LJC) - TDFS,CA,private label,debit
104503,00-99,LUXURY JEWELLERY CLASS (LJC) - TDFS,CA,private label,debit
104504,00-99,LUXURY JEWELLERY CLASS (LJC) - TDFS,CA,private label,debit
104505,00-99,LUXURY JEWELLERY CLASS (LJC) - TDFS,CA,private label,debit
104506,00-99,LUXURY JEWELLERY CLASS (LJC) - TDFS,CA,private label,debit
104507,00-99,LUXURY JEWELLERY CLASS (LJC) - TDFS,CA,private label,debit
104508,00-99,LUXURY JEWELLERY CLASS (LJC) - TDFS,CA,private label,debit
104509,00-99,LUXURY JEWELLERY CLASS (LJC) - TDFS,CA,private label,debit
104510,00-99,LUXURY JEWELLERY CLASS (LJC) - TDFS,CA,private label,debit
104511,00-99,LUXURY JEWELLERY CLASS (LJC) - TDFS,CA,private label,debit
104512,00-99,LUXURY JEWELLERY CLASS (LJC) - TDFS,CA,private label,debit
104513,00-99,LUXURY JEWELLERY CLASS (LJC) - TDFS,CA,private label,debit
104514,00-99,LUXURY JEWELLERY CLASS (LJC) - TDFS,CA,private label,debit
104515,00-99,LUXURY JEWELLERY CLASS (LJC) - TDFS,CA,private label,debit
104516,00-99,LUXURY JEWELLERY CLASS (LJC) - TDFS,CA,private label,debit
104517,00-99,LUXURY JEWELLERY CLASS (LJC) - TDFS,CA,private label,debit
104518,00-99,LUXURY JEWELLERY CLASS (LJC) - TDFS,CA,private label,debit
104519,00-99,LUXURY JEWELLERY CLASS (LJC) - TDFS,CA,private label,debit
104520,00-99,LUXURY JEWELLERY CLASS (LJC) - TDFS,CA,private label,debit
104521,00-99,LUXURY JEWELLERY CLASS (LJC) - TDFS,CA,private label,debit
104522,00-99,LUXURY JEWELLERY CLASS (LJC) - TDFS,CA,private label,debit
104523,00-99,LUXURY JEWELLERY CLASS (LJC) - TDFS,CA,private label,debit
104524,00-99,LUXURY JEWELLERY CLASS (LJC) - TDFS,CA,private label,debit
104525,00-99,LUXURY JEWELLERY CLASS (LJC) - TDFS,CA,private label,debit
104526,00-99,LUXURY JEWELLERY CLASS (LJC) - TDFS,CA,private label,debit
104527,00-99,LUXURY JEWELLERY CLASS (LJC) - TDFS,CA,private label,debit
104528,00-99,LUXURY JEWELLERY CLASS (LJC) - TDFS,CA,private label,debit
104529,00-99,LUXURY JEWELLERY CLASS (LJC) - TDFS,CA,private label,debit
104530,00-99,LUXURY JEWELLERY CLASS (LJC) - TDFS,CA,private label,debit
104531,00-99,LUXURY JEWELLERY CLASS (LJC) - TDFS,CA,private label,debit
104532,00-99,LUXURY JEWELLERY CLASS (LJC) - TDFS,CA,private label,debit
104533,00-99,LUXURY JEWELLERY CLASS (LJC) - TDFS,CA,private label,debit
104534,00-99,LUXURY JEWELLERY CLASS (LJC) - TDFS,CA,private label,debit
104535,00-99,LUXURY JEWELLERY CLASS (LJC) - TDFS,CA,private label,debit
104536,00-99,LUXURY JEWELLERY CLASS (LJC) - TDFS,CA,private label,debit
104537,00-99,LUXURY JEWELLERY CLASS (LJC) - TDFS,CA,private label,debit
104538,00-99,LUXURY JEWELLERY CLASS (LJC) - TDFS,CA,private label,debit
104539,00-99,LUXURY JEWELLERY CLASS (LJC) - TDFS,CA,private label,debit
104540,00-99,LUXURY JEWELLERY CLASS (LJC) - TDFS,CA,private label,debit
104541,00-99,LUXURY JEWELLERY CLASS (LJC) - TDFS,CA,private label,debit
104542,00-99,LUXURY JEWELLERY CLASS (LJC) - TDFS,CA,private label,debit
104543,00-99,LUXURY JEWELLERY CLASS (LJC) - TDFS,CA,private label,debit
104544,00-99,LUXURY JEWELLERY CLASS (LJC) - TDFS,CA,private label,debit
104545,00-99,LUXURY JEWELLERY CLASS (LJC) - TDFS,CA,private label,debit
104546,00-99,LUXURY JEWELLERY CLASS (LJC) - TDFS,CA,private label,debit
104547,00-99,LUXURY JEWELLERY CLASS (LJC) - TDFS,CA,private label,debit
104548,00-99,LUXURY JEWELLERY CLASS (LJC) - TDFS,CA,private label,debit
104549,00-99,LUXURY JEWELLERY CLASS (LJC) - TDFS,CA,private label,debit
104550,00-99,LUXURY JEWELLERY CLASS (LJC) - TDFS,CA,private label,debit
104551,00-99,LUXURY JEWELLERY CLASS (LJC) - TDFS,CA,private label,debit
104552,00-99,LUXURY JEWELLERY CLASS (LJC) - TDFS,CA,private label,debit
104553,00-99,LUXURY JEWELLERY CLASS (LJC) - TDFS,CA,private label,debit
104554,00-99,LUXURY JEWELLERY CLASS (LJC) - TDFS,CA,private label,debit
104555,00-99,LUXURY JEWELLERY CLASS (LJC) - TDFS,CA,private label,debit
104556,00-99,LUXURY JEWELLERY CLASS (LJC) - TDFS,CA,private label,debit
104557,00-99,LUXURY JEWELLERY CLASS (LJC) - TDFS,CA,private label,debit
104558,00-99,LUXURY JEWELLERY CLASS (LJC) - TDFS,CA,private label,debit
104559,00-99,LUXURY JEWELLERY CLASS (LJC) - TDFS,CA,private label,debit
104560,00-99,LUXURY JEWELLERY CLASS (LJC) - TDFS,CA,private label,debit
104561,00-99,LUXURY JEWELLERY CLASS (LJC) - TDFS,CA,private label,debit
104562,00-99,LUXURY JEWELLERY CLASS (LJC) - TDFS,CA,private label,debit
104563,00-99,LUXURY JEWELLERY CLASS (LJC) - TDFS,CA,private label,debit
104564,00-99,LUXURY JEWELLERY CLASS (LJC) - TDFS,CA,private label,debit
104565,00-99,LUXURY JEWELLERY CLASS (LJC) - TDFS,CA,private label,debit
104566,00-99,LUXURY JEWELLERY CLASS (LJC) - TDFS,CA,private label,debit
104567,00-99,LUXURY JEWELLERY CLASS (LJC) - TDFS,CA,private label,debit
104568,00-99,LUXURY JEWELLERY CLASS (LJC) - TDFS,CA,private label,debit
104569,00-99,LUXURY JEWELLERY CLASS (LJC) - TDFS,CA,private label,debit
104570,00-99,LUXURY JEWELLERY CLASS (LJC) - TDFS,CA,private label,debit
104571,00-99,LUXURY JEWELLERY CLASS (LJC) - TDFS,CA,private label,debit
104572,00-99,LUXURY JEWELLERY CLASS (LJC) - TDFS,CA,private label,debit
104573,00-99,LUXURY JEWELLERY CLASS (LJC) - TDFS,CA,private label,debit
104574,00-99,LUXURY JEWELLERY CLASS (LJC) - TDFS,CA,private label,debit
104575,00-99,LUXURY JEWELLERY CLASS (LJC) - TDFS,CA,private label,debit
104576,00-99,LUXURY JEWELLERY CLASS (LJC) - TDFS,CA,private label,debit
104577,00-99,LUXURY JEWELLERY CLASS (LJC) - TDFS,CA,private label,debit
104578,00-99,LUXURY JEWELLERY CLASS (LJC) - TDFS,CA,private label,debit
104579,00-99,LUXURY JEWELLERY CLASS (LJC) - TDFS,CA,private label,debit
104580,00-99,LUXURY JEWELLERY CLASS (LJC) - TDFS,CA,private label,debit
104581,00-99,LUXURY JEWELLERY CLASS (LJC) - TDFS,CA,private label,debit
104582,00-99,LUXURY JEWELLERY CLASS (LJC) - TDFS,CA,private label,debit
104583,00-99,LUXURY JEWELLERY CLASS (LJC) - TDFS,CA,private label,debit
104584,00-99,LUXURY JEWELLERY CLASS (LJC) - TDFS,CA,private label,debit
104585,00-99,LUXURY JEWELLERY CLASS (LJC) - TDFS,CA,private label,debit
104586,00-99,LUXURY JEWELLERY CLASS (LJC) - TDFS,CA,private label,debit
104587,00-99,LUXURY JEWELLERY CLASS (LJC) - TDFS,CA,private label,debit
104588,00-99,LUXURY JEWELLERY CLASS (LJC) - TDFS,CA,private label,debit
104589,00-99,LUXURY JEWELLERY CLASS (LJC) - TDFS,CA,private label,debit
104590,00-99,LUXURY JEWELLERY CLASS (LJC) - TDFS,CA,private label,debit
104591,00-99,LUXURY JEWELLERY CLASS (LJC) - TDFS,CA,private label,debit
104592,00-99,LUXURY JEWELLERY CLASS (LJC) - TDFS,CA,private label,debit
104593,00-99,LUXURY JEWELLERY CLASS (LJC) - TDFS,CA,private label,debit
104594,00-99,LUXURY JEWELLERY CLASS (LJC) - TDFS,CA,private label,debit
104595,00-99,LUXURY JEWELLERY CLASS (LJC) - TDFS,CA,private label,debit
104596,00-99,LUXURY JEWELLERY CLASS (LJC) - TDFS,CA,private label,debit
104597,00-99,LUXURY JEWELLERY CLASS (LJC) - TDFS,CA,private label,debit
104598,00-99,LUXURY JEWELLERY CLASS (LJC) - TDFS,CA,private label,debit
104599,00-99,Luxury Jewellery Class,CA,private label,credit
104600,00-99,LUXURY JEWELLERY CLASS (LJC) - TDFS,CA,private label,debit
104601,00-99,LUXURY JEWELLERY CLASS (LJC) - TDFS,CA,private label,debit
104602,00-99,LUXURY JEWELLERY CLASS (LJC) - TDFS,CA,private label,debit
104603,00-99,LUXURY JEWELLERY CLASS (LJC) - TDFS,CA,private label,debit
104604,00-99,LUXURY JEWELLERY CLASS (LJC) - TDFS,CA,private label,debit
104605,00-99,LUXURY JEWELLERY CLASS (LJC) - TDFS,CA,private label,debit
104606,00-99,LUXURY JEWELLERY CLASS (LJC) - TDFS,CA,private label,debit
104607,00-99,LUXURY JEWELLERY CLASS (LJC) - TDFS,CA,private label,debit
104608,00-99,LUXURY JEWELLERY CLASS (LJC) - TDFS,CA,private label,debit
104609,00-99,LUXURY JEWELLERY CLASS (LJC) - TDFS,CA,private label,debit
104610,00-99,LUXURY JEWELLERY CLASS (LJC) - TDFS,CA,private label,debit
104611,00-99,LUXURY JEWELLERY CLASS (LJC) - TDFS,CA,private label,debit
104612,00-99,LUXURY JEWELLERY CLASS (LJC) - TDFS,CA,private label,debit
104613,00-99,LUXURY JEWELLERY CLASS (LJC) - TDFS,CA,private label,debit
104614,00-99,LUXURY JEWELLERY CLASS (LJC) - TDFS,CA,private label,debit
104615,00-99,LUXURY JEWELLERY CLASS (LJC) - TDFS,CA,private label,debit
104616,00-99,LUXURY JEWELLERY CLASS (LJC) - TDFS,CA,private label,debit
104617,00-99,LUXURY JEWELLERY CLASS (LJC) - TDFS,CA,private label,debit
104618,00-99,LUXURY JEWELLERY CLASS (LJC) - TDFS,CA,private label,debit
104619,00-99,LUXURY JEWELLERY CLASS (LJC) - TDFS,CA,private label,debit
104620,00-99,LUXURY JEWELLERY CLASS (LJC) - TDFS,CA,private label,debit
104621,00-99,LUXURY JEWELLERY CLASS (LJC) - TDFS,CA,private label,debit
104622,00-99,LUXURY JEWELLERY CLASS (LJC) - TDFS,CA,private label,debit
104623,00-99,LUXURY JEWELLERY CLASS (LJC) - TDFS,CA,private label,debit
104624,00-99,LUXURY JEWELLERY CLASS (LJC) - TDFS,CA,private label,debit
104625,00-99,LUXURY JEWELLERY CLASS (LJC) - TDFS,CA,private label,debit
104626,00-99,LUXURY JEWELLERY CLASS (LJC) - TDFS,CA,private label,debit
104627,00-99,LUXURY JEWELLERY CLASS (LJC) - TDFS,CA,private label,debit
104628,00-99,LUXURY JEWELLERY CLASS (LJC) - TDFS,CA,private label,debit
104629,00-99,LUXURY JEWELLERY CLASS (LJC) - TDFS,CA,private label,debit
104630,00-99,LUXURY JEWELLERY CLASS (LJC) - TDFS,CA,private label,debit
104631,00-99,LUXURY JEWELLERY CLASS (LJC) - TDFS,CA,private label,debit
104632,00-99,LUXURY JEWELLERY CLASS (LJC) - TDFS,CA,private label,debit
104633,00-99,LUXURY JEWELLERY CLASS (LJC) - TDFS,CA,private label,debit
104634,00-99,LUXURY JEWELLERY CLASS (LJC) - TDFS,CA,private label,debit
104635,00-99,LUXURY JEWELLERY CLASS (LJC) - TDFS,CA,private label,debit
104636,00-99,LUXURY JEWELLERY CLASS (LJC) - TDFS,CA,private label,debit
104637,00-99,LUXURY JEWELLERY CLASS (LJC) - TDFS,CA,private label,debit
104638,00-99,LUXURY JEWELLERY CLASS (LJC) - TDFS,CA,private label,debit
104639,00-99,LUXURY JEWELLERY CLASS (LJC) - TDFS,CA,private label,debit
104640,00-99,LUXURY JEWELLERY CLASS (LJC) - TDFS,CA,private label,debit
104641,00-99,LUXURY JEWELLERY CLASS (LJC) - TDFS,CA,private label,debit
104642,00-99,LUXURY JEWELLERY CLASS (LJC) - TDFS,CA,private label,debit
104643,00-99,LUXURY JEWELLERY CLASS (LJC) - TDFS,CA,private label,debit
104644,00-99,LUXURY JEWELLERY CLASS (LJC) - TDFS,CA,private label,debit
104645,00-99,LUXURY JEWELLERY CLASS (LJC) - TDFS,CA,private label,debit
104646,00-99,LUXURY JEWELLERY CLASS (LJC) - TDFS,CA,private label,debit
104647,00-99,LUXURY JEWELLERY CLASS (LJC) - TDFS,CA,private label,debit
104648,00-99,LUXURY JEWELLERY CLASS (LJC) - TDFS,CA,private label,debit
104649,00-99,LUXURY JEWELLERY CLASS (LJC) - TDFS,CA,private label,debit
104650,00-99,LUXURY JEWELLERY CLASS (LJC) - TDFS,CA,private label,debit
104651,00-99,LUXURY JEWELLERY CLASS (LJC) - TDFS,CA,private label,debit
104652,00-99,LUXURY JEWELLERY CLASS (LJC) - TDFS,CA,private label,debit
104653,00-99,LUXURY JEWELLERY CLASS (LJC) - TDFS,CA,private label,debit
104654,00-99,LUXURY JEWELLERY CLASS (LJC) - TDFS,CA,private label,debit
104655,00-99,LUXURY JEWELLERY CLASS (LJC) - TDFS,CA,private label,debit
104656,00-99,LUXURY JEWELLERY CLASS (LJC) - TDFS,CA,private label,debit
104657,00-99,LUXURY JEWELLERY CLASS (LJC) - TDFS,CA,private label,debit
104658,00-99,LUXURY JEWELLERY CLASS (LJC) - TDFS,CA,private label,debit
104659,00-99,LUXURY JEWELLERY CLASS (LJC) - TDFS,CA,private label,debit
104660,00-99,LUXURY JEWELLERY CLASS (LJC) - TDFS,CA,private label,debit
104661,00-99,LUXURY JEWELLERY CLASS (LJC) - TDFS,CA,private label,debit
104662,00-99,LUXURY JEWELLERY CLASS (LJC) - TDFS,CA,private label,debit
104663,00-99,LUXURY JEWELLERY CLASS (LJC) - TDFS,CA,private label,debit
104664,00-99,LUXURY JEWELLERY CLASS (LJC) - TDFS,CA,private label,debit
104665,00-99,LUXURY JEWELLERY CLASS (LJC) - TDFS,CA,private label,debit
104666,00-99,LUXURY JEWELLERY CLASS (LJC) - TDFS,CA,private label,debit
104667,00-99,LUXURY JEWELLERY CLASS (LJC) - TDFS,CA,private label,debit
104668,00-99,LUXURY JEWELLERY CLASS (LJC) - TDFS,CA,private label,debit
104669,00-99,LUXURY JEWELLERY CLASS (LJC) - TDFS,CA,private label,debit
104670,00-99,LUXURY JEWELLERY CLASS (LJC) - TDFS,CA,private label,debit
104671,00-99,LUXURY JEWELLERY CLASS (LJC) - TDFS,CA,private label,debit
104672,00-99,LUXURY JEWELLERY CLASS (LJC) - TDFS,CA,private label,debit
104673,00-99,LUXURY JEWELLERY CLASS (LJC) - TDFS,CA,private label,debit
104674,00-99,LUXURY JEWELLERY CLASS (LJC) - TDFS,CA,private label,debit
104675,00-99,LUXURY JEWELLERY CLASS (LJC) - TDFS,CA,private label,debit
104676,00-99,LUXURY JEWELLERY CLASS (LJC) - TDFS,CA,private label,debit
104677,00-99,LUXURY JEWELLERY CLASS (LJC) - TDFS,CA,private label,debit
104678,00-99,LUXURY JEWELLERY CLASS (LJC) - TDFS,CA,private label,debit
104679,00-99,LUXURY JEWELLERY CLASS (LJC) - TDFS,CA,private label,debit
104680,00-99,LUXURY JEWELLERY CLASS (LJC) - TDFS,CA,private label,debit
104681,00-99,LUXURY JEWELLERY CLASS (LJC) - TDFS,CA,private label,debit
104682,00-99,LUXURY JEWELLERY CLASS (LJC) - TDFS,CA,private label,debit
104683,00-99,LUXURY JEWELLERY CLASS (LJC) - TDFS,CA,private label,debit
104684,00-99,LUXURY JEWELLERY CLASS (LJC) - TDFS,CA,private label,debit
104685,00-99,LUXURY JEWELLERY CLASS (LJC) - TDFS,CA,private label,debit
104686,00-99,LUXURY JEWELLERY CLASS (LJC) - TDFS,CA,private label,debit
104687,00-99,LUXURY JEWELLERY CLASS (LJC) - TDFS,CA,private label,debit
104688,00-99,LUXURY JEWELLERY CLASS (LJC) - TDFS,CA,private label,debit
104689,00-99,LUXURY JEWELLERY CLASS (LJC) - TDFS,CA,private label,debit
104690,00-99,LUXURY JEWELLERY CLASS (LJC) - TDFS,CA,private label,debit
104691,00-99,LUXURY JEWELLERY CLASS (LJC) - TDFS,CA,private label,debit
104692,00-99,LUXURY JEWELLERY CLASS (LJC) - TDFS,CA,private label,debit
104693,00-99,LUXURY JEWELLERY CLASS (LJC) - TDFS,CA,private label,debit
104694,00-99,LUXURY JEWELLERY CLASS (LJC) - TDFS,CA,private label,debit
104695,00-99,LUXURY JEWELLERY CLASS (LJC) - TDFS,CA,private label,debit
104696,00-99,LUXURY JEWELLERY CLASS (LJC) - TDFS,CA,private label,debit
104697,00-99,LUXURY JEWELLERY CLASS (LJC) - TDFS,CA,private label,debit
104698,00-99,LUXURY JEWELLERY CLASS (LJC) - TDFS,CA,private label,debit
104699,00-99,LUXURY JEWELLERY CLASS (LJC) - TDFS,CA,private label,debit
104700,00-99,LUXURY JEWELLERY CLASS (LJC) - TDFS,CA,private label,debit
104701,00-99,LUXURY JEWELLERY CLASS (LJC) - TDFS,CA,private label,debit
104702,00-99,LUXURY JEWELLERY CLASS (LJC) - TDFS,CA,private label,debit
104703,00-99,LUXURY JEWELLERY CLASS (LJC) - TDFS,CA,private label,debit
104704,00-99,LUXURY JEWELLERY CLASS (LJC) - TDFS,CA,private label,debit
104705,00-99,LUXURY JEWELLERY CLASS (LJC) - TDFS,CA,private label,debit
104706,00-99,LUXURY JEWELLERY CLASS (LJC) - TDFS,CA,private label,debit
104707,00-99,LUXURY JEWELLERY CLASS (LJC) - TDFS,CA,private label,debit
104708,00-99,LUXURY JEWELLERY CLASS (LJC) - TDFS,CA,private label,debit
104709,00-99,LUXURY JEWELLERY CLASS (LJC) - TDFS,CA,private label,debit
104710,00-99,LUXURY JEWELLERY CLASS (LJC) - TDFS,CA,private label,debit
104711,00-99,LUXURY JEWELLERY CLASS (LJC) - TDFS,CA,private label,debit
104712,00-99,LUXURY JEWELLERY CLASS (LJC) - TDFS,CA,private label,debit
104713,00-99,LUXURY JEWELLERY CLASS (LJC) - TDFS,CA,private label,debit
104714,00-99,LUXURY JEWELLERY CLASS (LJC) - TDFS,CA,private label,debit
104715,00-99,LUXURY JEWELLERY CLASS (LJC) - TDFS,CA,private label,debit
104716,00-99,LUXURY JEWELLERY CLASS (LJC) - TDFS,CA,private label,debit
104717,00-99,LUXURY JEWELLERY CLASS (LJC) - TDFS,CA,private label,debit
104718,00-99,LUXURY JEWELLERY CLASS (LJC) - TDFS,CA,private label,debit
104719,00-99,LUXURY JEWELLERY CLASS (LJC) - TDFS,CA,private label,debit
104720,00-99,LUXURY JEWELLERY CLASS (LJC) - TDFS,CA,private label,debit
104721,00-99,LUXURY JEWELLERY CLASS (LJC) - TDFS,CA,private label,debit
104722,00-99,LUXURY JEWELLERY CLASS (LJC) - TDFS,CA,private label,debit
104723,00-99,LUXURY JEWELLERY CLASS (LJC) - TDFS,CA,private label,debit
104724,00-99,LUXURY JEWELLERY CLASS (LJC) - TDFS,CA,private label,debit
104725,00-99,LUXURY JEWELLERY CLASS (LJC) - TDFS,CA,private label,debit
104726,00-99,LUXURY JEWELLERY CLASS (LJC) - TDFS,CA,private label,debit
104727,00-99,LUXURY JEWELLERY CLASS (LJC) - TDFS,CA,private label,debit
104728,00-99,LUXURY JEWELLERY CLASS (LJC) - TDFS,CA,private label,debit
104729,00-99,LUXURY JEWELLERY CLASS (LJC) - TDFS,CA,private label,debit
104730,00-99,LUXURY JEWELLERY CLASS (LJC) - TDFS,CA,private label,debit
104731,00-99,LUXURY JEWELLERY CLASS (LJC) - TDFS,CA,private label,debit
104732,00-99,LUXURY JEWELLERY CLASS (LJC) - TDFS,CA,private label,debit
104733,00-99,LUXURY JEWELLERY CLASS (LJC) - TDFS,CA,private label,debit
104734,00-99,LUXURY JEWELLERY CLASS (LJC) - TDFS,CA,private label,debit
104735,00-99,LUXURY JEWELLERY CLASS (LJC) - TDFS,CA,private label,debit
104736,00-99,LUXURY JEWELLERY CLASS (LJC) - TDFS,CA,private label,debit
104737,00-99,LUXURY JEWELLERY CLASS (LJC) - TDFS,CA,private label,debit
104738,00-99,LUXURY JEWELLERY CLASS (LJC) - TDFS,CA,private label,debit
104739,00-99,LUXURY JEWELLERY CLASS (LJC) - TDFS,CA,private label,debit
104740,00-99,LUXURY JEWELLERY CLASS (LJC) - TDFS,CA,private label,debit
104741,00-99,LUXURY JEWELLERY CLASS (LJC) - TDFS,CA,private label,debit
104742,00-99,LUXURY JEWELLERY CLASS (LJC) - TDFS,CA,private label,debit
104743,00-99,LUXURY JEWELLERY CLASS (LJC) - TDFS,CA,private label,debit
104744,00-99,LUXURY JEWELLERY CLASS (LJC) - TDFS,CA,private label,debit
104745,00-99,LUXURY JEWELLERY CLASS (LJC) - TDFS,CA,private label,debit
104746,00-99,LUXURY JEWELLERY CLASS (LJC) - TDFS,CA,private label,debit
104747,00-99,LUXURY JEWELLERY CLASS (LJC) - TDFS,CA,private label,debit
104748,00-99,LUXURY JEWELLERY CLASS (LJC) - TDFS,CA,private label,debit
104749,00-99,LUXURY JEWELLERY CLASS (LJC) - TDFS,CA,private label,debit
104750,00-99,LUXURY JEWELLERY CLASS (LJC) - TDFS,CA,private label,debit
104751,00-99,LUXURY JEWELLERY CLASS (LJC) - TDFS,CA,private label,debit
104752,00-99,LUXURY JEWELLERY CLASS (LJC) - TDFS,CA,private label,debit
104753,00-99,LUXURY JEWELLERY CLASS (LJC) - TDFS,CA,private label,debit
104754,00-99,LUXURY JEWELLERY CLASS (LJC) - TDFS,CA,private label,debit
104755,00-99,LUXURY JEWELLERY CLASS (LJC) - TDFS,CA,private label,debit
104756,00-99,LUXURY JEWELLERY CLASS (LJC) - TDFS,CA,private label,debit
104757,00-99,LUXURY JEWELLERY CLASS (LJC) - TDFS,CA,private label,debit
104758,00-99,LUXURY JEWELLERY CLASS (LJC) - TDFS,CA,private label,debit
104759,00-99,LUXURY JEWELLERY CLASS (LJC) - TDFS,CA,private label,debit
104760,00-99,LUXURY JEWELLERY CLASS (LJC) - TDFS,CA,private label,debit
104761,00-99,LUXURY JEWELLERY CLASS (LJC) - TDFS,CA,private label,debit
104762,00-99,LUXURY JEWELLERY CLASS (LJC) - TDFS,CA,private label,debit
104763,00-99,LUXURY JEWELLERY CLASS (LJC) - TDFS,CA,private label,debit
104764,00-99,LUXURY JEWELLERY CLASS (LJC) - TDFS,CA,private label,debit
104765,00-99,LUXURY JEWELLERY CLASS (LJC) - TDFS,CA,private label,debit
104766,00-99,LUXURY JEWELLERY CLASS (LJC) - TDFS,CA,private label,debit
104767,00-99,LUXURY JEWELLERY CLASS (LJC) - TDFS,CA,private label,debit
104768,00-99,LUXURY JEWELLERY CLASS (LJC) - TDFS,CA,private label,debit
104769,00-99,LUXURY JEWELLERY CLASS (LJC) - TDFS,CA,private label,debit
104770,00-99,LUXURY JEWELLERY CLASS (LJC) - TDFS,CA,private label,debit
104771,00-99,LUXURY JEWELLERY CLASS (LJC) - TDFS,CA,private label,debit
104772,00-99,LUXURY JEWELLERY CLASS (LJC) - TDFS,CA,private label,debit
104773,00-99,LUXURY JEWELLERY CLASS (LJC) - TDFS,CA,private label,debit
104774,00-99,LUXURY JEWELLERY CLASS (LJC) - TDFS,CA,private label,debit
104775,00-99,LUXURY JEWELLERY CLASS (LJC) - TDFS,CA,private label,debit
104776,00-99,LUXURY JEWELLERY CLASS (LJC) - TDFS,CA,private label,debit
104777,00-99,LUXURY JEWELLERY CLASS (LJC) - TDFS,CA,private label,debit
104778,00-99,LUXURY JEWELLERY CLASS (LJC) - TDFS,CA,private label,debit
104779,00-99,LUXURY JEWELLERY CLASS (LJC) - TDFS,CA,private label,debit
104780,00-99,LUXURY JEWELLERY CLASS (LJC) - TDFS,CA,private label,debit
104781,00-99,LUXURY JEWELLERY CLASS (LJC) - TDFS,CA,private label,debit
104782,00-99,LUXURY JEWELLERY CLASS (LJC) - TDFS,CA,private label,debit
104783,00-99,LUXURY JEWELLERY CLASS (LJC) - TDFS,CA,private label,debit
104784,00-99,LUXURY JEWELLERY CLASS (LJC) - TDFS,CA,private label,debit
104785,00-99,LUXURY JEWELLERY CLASS (LJC) - TDFS,CA,private label,debit
104786,00-99,LUXURY JEWELLERY CLASS (LJC) - TDFS,CA,private label,debit
104787,00-99,LUXURY JEWELLERY CLASS (LJC) - TDFS,CA,private label,debit
104788,00-99,LUXURY JEWELLERY CLASS (LJC) - TDFS,CA,private label,debit
104789,00-99,LUXURY JEWELLERY CLASS (LJC) - TDFS,CA,private label,debit
104790,00-99,LUXURY JEWELLERY CLASS (LJC) - TDFS,CA,private label,debit
104791,00-99,LUXURY JEWELLERY CLASS (LJC) - TDFS,CA,private label,debit
104792,00-99,LUXURY JEWELLERY CLASS (LJC) - TDFS,CA,private label,debit
104793,00-99,LUXURY JEWELLERY CLASS (LJC) - TDFS,CA,private label,debit
104794,00-99,LUXURY JEWELLERY CLASS (LJC) - TDFS,CA,private label,debit
104795,00-99,LUXURY JEWELLERY CLASS (LJC) - TDFS,CA,private label,debit
104796,00-99,LUXURY JEWELLERY CLASS (LJC) - TDFS,CA,private label,debit
104797,00-99,LUXURY JEWELLERY CLASS (LJC) - TDFS,CA,private label,debit
104798,00-99,LUXURY JEWELLERY CLASS (LJC) - TDFS,CA,private label,debit
104799,00-99,LUXURY JEWELLERY CLASS (LJC) - TDFS,CA,private label,debit
104800,00-99,LUXURY JEWELLERY CLASS (LJC) - TDFS,CA,private label,debit
104801,00-99,LUXURY JEWELLERY CLASS (LJC) - TDFS,CA,private label,debit
104802,00-99,LUXURY JEWELLERY CLASS (LJC) - TDFS,CA,private label,debit
104803,00-99,LUXURY JEWELLERY CLASS (LJC) - TDFS,CA,private label,debit
104804,00-99,LUXURY JEWELLERY CLASS (LJC) - TDFS,CA,private label,debit
104805,00-99,LUXURY JEWELLERY CLASS (LJC) - TDFS,CA,private label,debit
104806,00-99,LUXURY JEWELLERY CLASS (LJC) - TDFS,CA,private label,debit
104807,00-99,LUXURY JEWELLERY CLASS (LJC) - TDFS,CA,private label,debit
104808,00-99,LUXURY JEWELLERY CLASS (LJC) - TDFS,CA,private label,debit
104809,00-99,LUXURY JEWELLERY CLASS (LJC) - TDFS,CA,private label,debit
104810,00-99,LUXURY JEWELLERY CLASS (LJC) - TDFS,CA,private label,debit
104811,00-99,LUXURY JEWELLERY CLASS (LJC) - TDFS,CA,private label,debit
104812,00-99,LUXURY JEWELLERY CLASS (LJC) - TDFS,CA,private label,debit
104813,00-99,LUXURY JEWELLERY CLASS (LJC) - TDFS,CA,private label,debit
104814,00-99,LUXURY JEWELLERY CLASS (LJC) - TDFS,CA,private label,debit
104815,00-99,LUXURY JEWELLERY CLASS (LJC) - TDFS,CA,private label,debit
104816,00-99,LUXURY JEWELLERY CLASS (LJC) - TDFS,CA,private label,debit
104817,00-99,LUXURY JEWELLERY CLASS (LJC) - TDFS,CA,private label,debit
104818,00-99,LUXURY JEWELLERY CLASS (LJC) - TDFS,CA,private label,debit
104819,00-99,LUXURY JEWELLERY CLASS (LJC) - TDFS,CA,private label,debit
104820,00-99,LUXURY JEWELLERY CLASS (LJC) - TDFS,CA,private label,debit
104821,00-99,LUXURY JEWELLERY CLASS (LJC) - TDFS,CA,private label,debit
104822,00-99,LUXURY JEWELLERY CLASS (LJC) - TDFS,CA,private label,debit
104823,00-99,LUXURY JEWELLERY CLASS (LJC) - TDFS,CA,private label,debit
104824,00-99,LUXURY JEWELLERY CLASS (LJC) - TDFS,CA,private label,debit
104825,00-99,LUXURY JEWELLERY CLASS (LJC) - TDFS,CA,private label,debit
104826,00-99,LUXURY JEWELLERY CLASS (LJC) - TDFS,CA,private label,debit
104827,00-99,LUXURY JEWELLERY CLASS (LJC) - TDFS,CA,private label,debit
104828,00-99,LUXURY JEWELLERY CLASS (LJC) - TDFS,CA,private label,debit
104829,00-99,LUXURY JEWELLERY CLASS (LJC) - TDFS,CA,private label,debit
104830,00-99,LUXURY JEWELLERY CLASS (LJC) - TDFS,CA,private label,debit
104831,00-99,LUXURY JEWELLERY CLASS (LJC) - TDFS,CA,private label,debit
104832,00-99,LUXURY JEWELLERY CLASS (LJC) - TDFS,CA,private label,debit
104833,00-99,LUXURY JEWELLERY CLASS (LJC) - TDFS,CA,private label,debit
104834,00-99,LUXURY JEWELLERY CLASS (LJC) - TDFS,CA,private label,debit
104835,00-99,LUXURY JEWELLERY CLASS (LJC) - TDFS,CA,private label,debit
104836,00-99,LUXURY JEWELLERY CLASS (LJC) - TDFS,CA,private label,debit
104837,00-99,LUXURY JEWELLERY CLASS (LJC) - TDFS,CA,private label,debit
104838,00-99,LUXURY JEWELLERY CLASS (LJC) - TDFS,CA,private label,debit
104839,00-99,LUXURY JEWELLERY CLASS (LJC) - TDFS,CA,private label,debit
104840,00-99,LUXURY JEWELLERY CLASS (LJC) - TDFS,CA,private label,debit
104841,00-99,LUXURY JEWELLERY CLASS (LJC) - TDFS,CA,private label,debit
104842,00-99,LUXURY JEWELLERY CLASS (LJC) - TDFS,CA,private label,debit
104843,00-99,LUXURY JEWELLERY CLASS (LJC) - TDFS,CA,private label,debit
104844,00-99,LUXURY JEWELLERY CLASS (LJC) - TDFS,CA,private label,debit
104845,00-99,LUXURY JEWELLERY CLASS (LJC) - TDFS,CA,private label,debit
104846,00-99,LUXURY JEWELLERY CLASS (LJC) - TDFS,CA,private label,debit
104847,00-99,LUXURY JEWELLERY CLASS (LJC) - TDFS,CA,private label,debit
104848,00-99,LUXURY JEWELLERY CLASS (LJC) - TDFS,CA,private label,debit
104849,00-99,LUXURY JEWELLERY CLASS (LJC) - TDFS,CA,private label,debit
104850,00-99,LUXURY JEWELLERY CLASS (LJC) - TDFS,CA,private label,debit
104851,00-99,LUXURY JEWELLERY CLASS (LJC) - TDFS,CA,private label,debit
104852,00-99,LUXURY JEWELLERY CLASS (LJC) - TDFS,CA,private label,debit
104853,00-99,LUXURY JEWELLERY CLASS (LJC) - TDFS,CA,private label,debit
104854,00-99,LUXURY JEWELLERY CLASS (LJC) - TDFS,CA,private label,debit
104855,00-99,LUXURY JEWELLERY CLASS (LJC) - TDFS,CA,private label,debit
104856,00-99,LUXURY JEWELLERY CLASS (LJC) - TDFS,CA,private label,debit
104857,00-99,LUXURY JEWELLERY CLASS (LJC) - TDFS,CA,private label,debit
104858,00-99,LUXURY JEWELLERY CLASS (LJC) - TDFS,CA,private label,debit
104859,00-99,LUXURY JEWELLERY CLASS (LJC) - TDFS,CA,private label,debit
104860,00-99,LUXURY JEWELLERY CLASS (LJC) - TDFS,CA,private label,debit
104861,00-99,LUXURY JEWELLERY CLASS (LJC) - TDFS,CA,private label,debit
104862,00-99,LUXURY JEWELLERY CLASS (LJC) - TDFS,CA,private label,debit
104863,00-99,LUXURY JEWELLERY CLASS (LJC) - TDFS,CA,private label,debit
104864,00-99,LUXURY JEWELLERY CLASS (LJC) - TDFS,CA,private label,debit
104865,00-99,LUXURY JEWELLERY CLASS (LJC) - TDFS,CA,private label,debit
104866,00-99,LUXURY JEWELLERY CLASS (LJC) - TDFS,CA,private label,debit
104867,00-99,LUXURY JEWELLERY CLASS (LJC) - TDFS,CA,private label,debit
104868,00-99,LUXURY JEWELLERY CLASS (LJC) - TDFS,CA,private label,debit
104869,00-99,LUXURY JEWELLERY CLASS (LJC) - TDFS,CA,private label,debit
104870,00-99,LUXURY JEWELLERY CLASS (LJC) - TDFS,CA,private label,debit
104871,00-99,LUXURY JEWELLERY CLASS (LJC) - TDFS,CA,private label,debit
104872,00-99,LUXURY JEWELLERY CLASS (LJC) - TDFS,CA,private label,debit
104873,00-99,LUXURY JEWELLERY CLASS (LJC) - TDFS,CA,private label,debit
104874,00-99,LUXURY JEWELLERY CLASS (LJC) - TDFS,CA,private label,debit
104875,00-99,LUXURY JEWELLERY CLASS (LJC) - TDFS,CA,private label,debit
104876,00-99,LUXURY JEWELLERY CLASS (LJC) - TDFS,CA,private label,debit
104877,00-99,LUXURY JEWELLERY CLASS (LJC) - TDFS,CA,private label,debit
104878,00-99,LUXURY JEWELLERY CLASS (LJC) - TDFS,CA,private label,debit
104879,00-99,LUXURY JEWELLERY CLASS (LJC) - TDFS,CA,private label,debit
104880,00-99,LUXURY JEWELLERY CLASS (LJC) - TDFS,CA,private label,debit
104881,00-99,LUXURY JEWELLERY CLASS (LJC) - TDFS,CA,private label,debit
104882,00-99,LUXURY JEWELLERY CLASS (LJC) - TDFS,CA,private label,debit
104883,00-99,LUXURY JEWELLERY CLASS (LJC) - TDFS,CA,private label,debit
104884,00-99,LUXURY JEWELLERY CLASS (LJC) - TDFS,CA,private label,debit
104885,00-99,LUXURY JEWELLERY CLASS (LJC) - TDFS,CA,private label,debit
104886,00-99,LUXURY JEWELLERY CLASS (LJC) - TDFS,CA,private label,debit
104887,00-99,LUXURY JEWELLERY CLASS (LJC) - TDFS,CA,private label,debit
104888,00-99,LUXURY JEWELLERY CLASS (LJC) - TDFS,CA,private label,debit
104889,00-99,LUXURY JEWELLERY CLASS (LJC) - TDFS,CA,private label,debit
104890,00-99,LUXURY JEWELLERY CLASS (LJC) - TDFS,CA,private label,debit
104891,00-99,LUXURY JEWELLERY CLASS (LJC) - TDFS,CA,private label,debit
104892,00-99,LUXURY JEWELLERY CLASS (LJC) - TDFS,CA,private label,debit
104893,00-99,LUXURY JEWELLERY CLASS (LJC) - TDFS,CA,private label,debit
104894,00-99,LUXURY JEWELLERY CLASS (LJC) - TDFS,CA,private label,debit
104895,00-99,LUXURY JEWELLERY CLASS (LJC) - TDFS,CA,private label,debit
104896,00-99,LUXURY JEWELLERY CLASS (LJC) - TDFS,CA,private label,debit
104897,00-99,LUXURY JEWELLERY CLASS (LJC) - TDFS,CA,private label,debit
104898,00-99,LUXURY JEWELLERY CLASS (LJC) - TDFS,CA,private label,debit
104899,00-99,LUXURY JEWELLERY CLASS (LJC) - TDFS,CA,private label,debit
104900,00-99,LUXURY JEWELLERY CLASS (LJC) - TDFS,CA,private label,debit
104901,00-99,LUXURY JEWELLERY CLASS (LJC) - TDFS,CA,private label,debit
104902,00-99,LUXURY JEWELLERY CLASS (LJC) - TDFS,CA,private label,debit
104903,00-99,LUXURY JEWELLERY CLASS (LJC) - TDFS,CA,private label,debit
104904,00-99,LUXURY JEWELLERY CLASS (LJC) - TDFS,CA,private label,debit
104905,00-99,LUXURY JEWELLERY CLASS (LJC) - TDFS,CA,private label,debit
104906,00-99,LUXURY JEWELLERY CLASS (LJC) - TDFS,CA,private label,debit
104907,00-99,LUXURY JEWELLERY CLASS (LJC) - TDFS,CA,private label,debit
104908,00-99,LUXURY JEWELLERY CLASS (LJC) - TDFS,CA,private label,debit
104909,00-99,LUXURY JEWELLERY CLASS (LJC) - TDFS,CA,private label,debit
104910,00-99,LUXURY JEWELLERY CLASS (LJC) - TDFS,CA,private label,debit
104911,00-99,LUXURY JEWELLERY CLASS (LJC) - TDFS,CA,private label,debit
104912,00-99,LUXURY JEWELLERY CLASS (LJC) - TDFS,CA,private label,debit
104913,00-99,LUXURY JEWELLERY CLASS (LJC) - TDFS,CA,private label,debit
104914,00-99,LUXURY JEWELLERY CLASS (LJC) - TDFS,CA,private label,debit
104915,00-99,LUXURY JEWELLERY CLASS (LJC) - TDFS,CA,private label,debit
104916,00-99,LUXURY JEWELLERY CLASS (LJC) - TDFS,CA,private label,debit
104917,00-99,LUXURY JEWELLERY CLASS (LJC) - TDFS,CA,private label,debit
104918,00-99,LUXURY JEWELLERY CLASS (LJC) - TDFS,CA,private label,debit
104919,00-99,LUXURY JEWELLERY CLASS (LJC) - TDFS,CA,private label,debit
104920,00-99,LUXURY JEWELLERY CLASS (LJC) - TDFS,CA,private label,debit
104921,00-99,LUXURY JEWELLERY CLASS (LJC) - TDFS,CA,private label,debit
104922,00-99,LUXURY JEWELLERY CLASS (LJC) - TDFS,CA,private label,debit
104923,00-99,LUXURY JEWELLERY CLASS (LJC) - TDFS,CA,private label,debit
104924,00-99,LUXURY JEWELLERY CLASS (LJC) - TDFS,CA,private label,debit
104925,00-99,LUXURY JEWELLERY CLASS (LJC) - TDFS,CA,private label,debit
104926,00-99,LUXURY JEWELLERY CLASS (LJC) - TDFS,CA,private label,debit
104927,00-99,LUXURY JEWELLERY CLASS (LJC) - TDFS,CA,private label,debit
104928,00-99,LUXURY JEWELLERY CLASS (LJC) - TDFS,CA,private label,debit
104929,00-99,LUXURY JEWELLERY CLASS (LJC) - TDFS,CA,private label,debit
104930,00-99,LUXURY JEWELLERY CLASS (LJC) - TDFS,CA,private label,debit
104931,00-99,LUXURY JEWELLERY CLASS (LJC) - TDFS,CA,private label,debit
104932,00-99,LUXURY JEWELLERY CLASS (LJC) - TDFS,CA,private label,debit
104933,00-99,LUXURY JEWELLERY CLASS (LJC) - TDFS,CA,private label,debit
104934,00-99,LUXURY JEWELLERY CLASS (LJC) - TDFS,CA,private label,debit
104935,00-99,LUXURY JEWELLERY CLASS (LJC) - TDFS,CA,private label,debit
104936,00-99,LUXURY JEWELLERY CLASS (LJC) - TDFS,CA,private label,debit
104937,00-99,LUXURY JEWELLERY CLASS (LJC) - TDFS,CA,private label,debit
104938,00-99,LUXURY JEWELLERY CLASS (LJC) - TDFS,CA,private label,debit
104939,00-99,LUXURY JEWELLERY CLASS (LJC) - TDFS,CA,private label,debit
104940,00-99,LUXURY JEWELLERY CLASS (LJC) - TDFS,CA,private label,debit
104941,00-99,LUXURY JEWELLERY CLASS (LJC) - TDFS,CA,private label,debit
104942,00-99,LUXURY JEWELLERY CLASS (LJC) - TDFS,CA,private label,debit
104943,00-99,LUXURY JEWELLERY CLASS (LJC) - TDFS,CA,private label,debit
104944,00-99,LUXURY JEWELLERY CLASS (LJC) - TDFS,CA,private label,debit
104945,00-99,LUXURY JEWELLERY CLASS (LJC) - TDFS,CA,private label,debit
104946,00-99,LUXURY JEWELLERY CLASS (LJC) - TDFS,CA,private label,debit
104947,00-99,LUXURY JEWELLERY CLASS (LJC) - TDFS,CA,private label,debit
104948,00-99,LUXURY JEWELLERY CLASS (LJC) - TDFS,CA,private label,debit
104949,00-99,LUXURY JEWELLERY CLASS (LJC) - TDFS,CA,private label,debit
104950,00-99,LUXURY JEWELLERY CLASS (LJC) - TDFS,CA,private label,debit
104951,00-99,LUXURY JEWELLERY CLASS (LJC) - TDFS,CA,private label,debit
104952,00-99,LUXURY JEWELLERY CLASS (LJC) - TDFS,CA,private label,debit
104953,00-99,LUXURY JEWELLERY CLASS (LJC) - TDFS,CA,private label,debit
104954,00-99,LUXURY JEWELLERY CLASS (LJC) - TDFS,CA,private label,debit
104955,00-99,LUXURY JEWELLERY CLASS (LJC) - TDFS,CA,private label,debit
104956,00-99,LUXURY JEWELLERY CLASS (LJC) - TDFS,CA,private label,debit
104957,00-99,LUXURY JEWELLERY CLASS (LJC) - TDFS,CA,private label,debit
104958,00-99,LUXURY JEWELLERY CLASS (LJC) - TDFS,CA,private label,debit
104959,00-99,LUXURY JEWELLERY CLASS (LJC) - TDFS,CA,private label,debit
104960,00-99,LUXURY JEWELLERY CLASS (LJC) - TDFS,CA,private label,debit
104961,00-99,LUXURY JEWELLERY CLASS (LJC) - TDFS,CA,private label,debit
104962,00-99,LUXURY JEWELLERY CLASS (LJC) - TDFS,CA,private label,debit
104963,00-99,LUXURY JEWELLERY CLASS (LJC) - TDFS,CA,private label,debit
104964,00-99,LUXURY JEWELLERY CLASS (LJC) - TDFS,CA,private label,debit
104965,00-99,LUXURY JEWELLERY CLASS (LJC) - TDFS,CA,private label,debit
104966,00-99,LUXURY JEWELLERY CLASS (LJC) - TDFS,CA,private label,debit
104967,00-99,LUXURY JEWELLERY CLASS (LJC) - TDFS,CA,private label,debit
104968,00-99,LUXURY JEWELLERY CLASS (LJC) - TDFS,CA,private label,debit
104969,00-99,LUXURY JEWELLERY CLASS (LJC) - TDFS,CA,private label,debit
104970,00-99,LUXURY JEWELLERY CLASS (LJC) - TDFS,CA,private label,debit
104971,00-99,LUXURY JEWELLERY CLASS (LJC) - TDFS,CA,private label,debit
104972,00-99,LUXURY JEWELLERY CLASS (LJC) - TDFS,CA,private label,debit
104973,00-99,LUXURY JEWELLERY CLASS (LJC) - TDFS,CA,private label,debit
104974,00-99,LUXURY JEWELLERY CLASS (LJC) - TDFS,CA,private label,debit
104975,00-99,LUXURY JEWELLERY CLASS (LJC) - TDFS,CA,private label,debit
104976,00-99,LUXURY JEWELLERY CLASS (LJC) - TDFS,CA,private label,debit
104977,00-99,LUXURY JEWELLERY CLASS (LJC) - TDFS,CA,private label,debit
104978,00-99,LUXURY JEWELLERY CLASS (LJC) - TDFS,CA,private label,debit
104979,00-99,LUXURY JEWELLERY CLASS (LJC) - TDFS,CA,private label,debit
104980,00-99,LUXURY JEWELLERY CLASS (LJC) - TDFS,CA,private label,debit
104981,00-99,LUXURY JEWELLERY CLASS (LJC) - TDFS,CA,private label,debit
104982,00-99,LUXURY JEWELLERY CLASS (LJC) - TDFS,CA,private label,debit
104983,00-99,LUXURY JEWELLERY CLASS (LJC) - TDFS,CA,private label,debit
104984,00-99,LUXURY JEWELLERY CLASS (LJC) - TDFS,CA,private label,debit
104985,00-99,LUXURY JEWELLERY CLASS (LJC) - TDFS,CA,private label,debit
104986,00-99,LUXURY JEWELLERY CLASS (LJC) - TDFS,CA,private label,debit
104987,00-99,LUXURY JEWELLERY CLASS (LJC) - TDFS,CA,private label,debit
104988,00-99,LUXURY JEWELLERY CLASS (LJC) - TDFS,CA,private label,debit
104989,00-99,LUXURY JEWELLERY CLASS (LJC) - TDFS,CA,private label,debit
104990,00-99,LUXURY JEWELLERY CLASS (LJC) - TDFS,CA,private label,debit
104991,00-99,LUXURY JEWELLERY CLASS (LJC) - TDFS,CA,private label,debit
104992,00-99,LUXURY JEWELLERY CLASS (LJC) - TDFS,CA,private label,debit
104993,00-99,LUXURY JEWELLERY CLASS (LJC) - TDFS,CA,private label,debit
104994,00-99,LUXURY JEWELLERY CLASS (LJC) - TDFS,CA,private label,debit
104995,00-99,LUXURY JEWELLERY CLASS (LJC) - TDFS,CA,private label,debit
104996,00-99,LUXURY JEWELLERY CLASS (LJC) - TDFS,CA,private label,debit
104997,00-99,LUXURY JEWELLERY CLASS (LJC) - TDFS,CA,private label,debit
104998,00-99,LUXURY JEWELLERY CLASS (LJC) - TDFS,CA,private label,debit
104999,00-99,LUXURY JEWELLERY CLASS (LJC) - TDFS,CA,private label,debit
105001,00-99,CASTLE BUILDING CENTRES - TDFS,CA,private label,debit
105002,00-99,CASTLE BUILDING CENTRES - TDFS,CA,private label,debit
105003,00-99,CASTLE BUILDING CENTRES - TDFS,CA,private label,debit
105004,00-99,CASTLE BUILDING CENTRES - TDFS,CA,private label,debit
105005,00-99,CASTLE BUILDING CENTRES - TDFS,CA,private label,debit
105006,00-99,CASTLE BUILDING CENTRES - TDFS,CA,private label,debit
105007,00-99,CASTLE BUILDING CENTRES - TDFS,CA,private label,debit
105008,00-99,CASTLE BUILDING CENTRES - TDFS,CA,private label,debit
105009,00-99,CASTLE BUILDING CENTRES - TDFS,CA,private label,debit
105010,00-99,CASTLE BUILDING CENTRES - TDFS,CA,private label,debit
105011,00-99,CASTLE BUILDING CENTRES - TDFS,CA,private label,debit
105012,00-99,CASTLE BUILDING CENTRES - TDFS,CA,private label,debit
105013,00-99,CASTLE BUILDING CENTRES - TDFS,CA,private label,debit
105014,00-99,CASTLE BUILDING CENTRES - TDFS,CA,private label,debit
105015,00-99,CASTLE BUILDING CENTRES - TDFS,CA,private label,debit
105016,00-99,CASTLE BUILDING CENTRES - TDFS,CA,private label,debit
105017,00-99,CASTLE BUILDING CENTRES - TDFS,CA,private label,debit
105018,00-99,CASTLE BUILDING CENTRES - TDFS,CA,private label,debit
105019,00-99,CASTLE BUILDING CENTRES - TDFS,CA,private label,debit
105020,00-99,CASTLE BUILDING CENTRES - TDFS,CA,private label,debit
105021,00-99,CASTLE BUILDING CENTRES - TDFS,CA,private label,debit
105022,00-99,CASTLE BUILDING CENTRES - TDFS,CA,private label,debit
105023,00-99,CASTLE BUILDING CENTRES - TDFS,CA,private label,debit
105024,00-99,CASTLE BUILDING CENTRES - TDFS,CA,private label,debit
105025,00-99,CASTLE BUILDING CENTRES - TDFS,CA,private label,debit
105026,00-99,CASTLE BUILDING CENTRES - TDFS,CA,private label,debit
105027,00-99,CASTLE BUILDING CENTRES - TDFS,CA,private label,debit
105028,00-99,CASTLE BUILDING CENTRES - TDFS,CA,private label,debit
105029,00-99,CASTLE BUILDING CENTRES - TDFS,CA,private label,debit
105030,00-99,CASTLE BUILDING CENTRES - TDFS,CA,private label,debit
105031,00-99,CASTLE BUILDING CENTRES - TDFS,CA,private label,debit
105032,00-99,CASTLE BUILDING CENTRES - TDFS,CA,private label,debit
105033,00-99,CASTLE BUILDING CENTRES - TDFS,CA,private label,debit
105034,00-99,CASTLE BUILDING CENTRES - TDFS,CA,private label,debit
105035,00-99,CASTLE BUILDING CENTRES - TDFS,CA,private label,debit
105036,00-99,CASTLE BUILDING CENTRES - TDFS,CA,private label,debit
105037,00-99,Castle Building Centres,CA,private label,credit
105038,00-99,CASTLE BUILDING CENTRES - TDFS,CA,private label,debit
105039,00-99,CASTLE BUILDING CENTRES - TDFS,CA,private label,debit
105040,00-99,CASTLE BUILDING CENTRES - TDFS,CA,private label,debit
105041,00-99,CASTLE BUILDING CENTRES - TDFS,CA,private label,debit
105042,00-99,CASTLE BUILDING CENTRES - TDFS,CA,private label,debit
105043,00-99,CASTLE BUILDING CENTRES - TDFS,CA,private label,debit
105044,00-99,CASTLE BUILDING CENTRES - TDFS,CA,private label,debit
105045,00-99,CASTLE BUILDING CENTRES - TDFS,CA,private label,debit
105046,00-99,CASTLE BUILDING CENTRES - TDFS,CA,private label,debit
105047,00-99,CASTLE BUILDING CENTRES - TDFS,CA,private label,debit
105048,00-99,CASTLE BUILDING CENTRES - TDFS,CA,private label,debit
105049,00-99,CASTLE BUILDING CENTRES - TDFS,CA,private label,debit
105050,00-99,CASTLE BUILDING CENTRES - TDFS,CA,private label,debit
105051,00-99,CASTLE BUILDING CENTRES - TDFS,CA,private label,debit
105052,00-99,CASTLE BUILDING CENTRES - TDFS,CA,private label,debit
105053,00-99,CASTLE BUILDING CENTRES - TDFS,CA,private label,debit
105054,00-99,CASTLE BUILDING CENTRES - TDFS,CA,private label,debit
105055,00-99,CASTLE BUILDING CENTRES - TDFS,CA,private label,debit
105056,00-99,CASTLE BUILDING CENTRES - TDFS,CA,private label,debit
105057,00-99,CASTLE BUILDING CENTRES - TDFS,CA,private label,debit
105058,00-99,CASTLE BUILDING CENTRES - TDFS,CA,private label,debit
105059,00-99,CASTLE BUILDING CENTRES - TDFS,CA,private label,debit
105060,00-99,CASTLE BUILDING CENTRES - TDFS,CA,private label,debit
105061,00-99,CASTLE BUILDING CENTRES - TDFS,CA,private label,debit
105062,00-99,CASTLE BUILDING CENTRES - TDFS,CA,private label,debit
105063,00-99,CASTLE BUILDING CENTRES - TDFS,CA,private label,debit
105064,00-99,CASTLE BUILDING CENTRES - TDFS,CA,private label,debit
105065,00-99,CASTLE BUILDING CENTRES - TDFS,CA,private label,debit
105066,00-99,CASTLE BUILDING CENTRES - TDFS,CA,private label,debit
105067,00-99,CASTLE BUILDING CENTRES - TDFS,CA,private label,debit
105068,00-99,CASTLE BUILDING CENTRES - TDFS,CA,private label,debit
105069,00-99,CASTLE BUILDING CENTRES - TDFS,CA,private label,debit
105070,00-99,CASTLE BUILDING CENTRES - TDFS,CA,private label,debit
105071,00-99,CASTLE BUILDING CENTRES - TDFS,CA,private label,debit
105072,00-99,CASTLE BUILDING CENTRES - TDFS,CA,private label,debit
105073,00-99,CASTLE BUILDING CENTRES - TDFS,CA,private label,debit
105074,00-99,CASTLE BUILDING CENTRES - TDFS,CA,private label,debit
105075,00-99,CASTLE BUILDING CENTRES - TDFS,CA,private label,debit
105076,00-99,CASTLE BUILDING CENTRES - TDFS,CA,private label,debit
105077,00-99,CASTLE BUILDING CENTRES - TDFS,CA,private label,debit
105078,00-99,CASTLE BUILDING CENTRES - TDFS,CA,private label,debit
105079,00-99,CASTLE BUILDING CENTRES - TDFS,CA,private label,debit
105080,00-99,CASTLE BUILDING CENTRES - TDFS,CA,private label,debit
105081,00-99,CASTLE BUILDING CENTRES - TDFS,CA,private label,debit
105082,00-99,CASTLE BUILDING CENTRES - TDFS,CA,private label,debit
105083,00-99,CASTLE BUILDING CENTRES - TDFS,CA,private label,debit
105084,00-99,CASTLE BUILDING CENTRES - TDFS,CA,private label,debit
105085,00-99,CASTLE BUILDING CENTRES - TDFS,CA,private label,debit
105086,00-99,CASTLE BUILDING CENTRES - TDFS,CA,private label,debit
105087,00-99,CASTLE BUILDING CENTRES - TDFS,CA,private label,debit
105088,00-99,CASTLE BUILDING CENTRES - TDFS,CA,private label,debit
105089,00-99,CASTLE BUILDING CENTRES - TDFS,CA,private label,debit
105090,00-99,CASTLE BUILDING CENTRES - TDFS,CA,private label,debit
105091,00-99,CASTLE BUILDING CENTRES - TDFS,CA,private label,debit
105092,00-99,CASTLE BUILDING CENTRES - TDFS,CA,private label,debit
105093,00-99,CASTLE BUILDING CENTRES - TDFS,CA,private label,debit
105094,00-99,CASTLE BUILDING CENTRES - TDFS,CA,private label,debit
105095,00-99,CASTLE BUILDING CENTRES - TDFS,CA,private label,debit
105096,00-99,CASTLE BUILDING CENTRES - TDFS,CA,private label,debit
105097,00-99,CASTLE BUILDING CENTRES - TDFS,CA,private label,debit
105098,00-99,CASTLE BUILDING CENTRES - TDFS,CA,private label,debit
105099,00-99,CASTLE BUILDING CENTRES - TDFS,CA,private label,debit
105100,00-99,CASTLE BUILDING CENTRES - TDFS,CA,private label,debit
105101,00-99,CASTLE BUILDING CENTRES - TDFS,CA,private label,debit
105102,00-99,CASTLE BUILDING CENTRES - TDFS,CA,private label,debit
105103,00-99,CASTLE BUILDING CENTRES - TDFS,CA,private label,debit
105104,00-99,CASTLE BUILDING CENTRES - TDFS,CA,private label,debit
105105,00-99,CASTLE BUILDING CENTRES - TDFS,CA,private label,debit
105106,00-99,CASTLE BUILDING CENTRES - TDFS,CA,private label,debit
105107,00-99,CASTLE BUILDING CENTRES - TDFS,CA,private label,debit
105108,00-99,CASTLE BUILDING CENTRES - TDFS,CA,private label,debit
105109,00-99,CASTLE BUILDING CENTRES - TDFS,CA,private label,debit
105110,00-99,CASTLE BUILDING CENTRES - TDFS,CA,private label,debit
105111,00-99,CASTLE BUILDING CENTRES - TDFS,CA,private label,debit
105112,00-99,CASTLE BUILDING CENTRES - TDFS,CA,private label,debit
105113,00-99,CASTLE BUILDING CENTRES - TDFS,CA,private label,debit
105114,00-99,CASTLE BUILDING CENTRES - TDFS,CA,private label,debit
105115,00-99,CASTLE BUILDING CENTRES - TDFS,CA,private label,debit
105116,00-99,CASTLE BUILDING CENTRES - TDFS,CA,private label,debit
105117,00-99,CASTLE BUILDING CENTRES - TDFS,CA,private label,debit
105118,00-99,CASTLE BUILDING CENTRES - TDFS,CA,private label,debit
105119,00-99,CASTLE BUILDING CENTRES - TDFS,CA,private label,debit
105120,00-99,CASTLE BUILDING CENTRES - TDFS,CA,private label,debit
105121,00-99,CASTLE BUILDING CENTRES - TDFS,CA,private label,debit
105122,00-99,CASTLE BUILDING CENTRES - TDFS,CA,private label,debit
105123,00-99,CASTLE BUILDING CENTRES - TDFS,CA,private label,debit
105124,00-99,CASTLE BUILDING CENTRES - TDFS,CA,private label,debit
105125,00-99,CASTLE BUILDING CENTRES - TDFS,CA,private label,debit
105126,00-99,CASTLE BUILDING CENTRES - TDFS,CA,private label,debit
105127,00-99,CASTLE BUILDING CENTRES - TDFS,CA,private label,debit
105128,00-99,CASTLE BUILDING CENTRES - TDFS,CA,private label,debit
105129,00-99,CASTLE BUILDING CENTRES - TDFS,CA,private label,debit
105130,00-99,CASTLE BUILDING CENTRES - TDFS,CA,private label,debit
105131,00-99,CASTLE BUILDING CENTRES - TDFS,CA,private label,debit
105132,00-99,CASTLE BUILDING CENTRES - TDFS,CA,private label,debit
105133,00-99,CASTLE BUILDING CENTRES - TDFS,CA,private label,debit
105134,00-99,CASTLE BUILDING CENTRES - TDFS,CA,private label,debit
105135,00-99,CASTLE BUILDING CENTRES - TDFS,CA,private label,debit
105136,00-99,CASTLE BUILDING CENTRES - TDFS,CA,private label,debit
105137,00-99,CASTLE BUILDING CENTRES - TDFS,CA,private label,debit
105138,00-99,CASTLE BUILDING CENTRES - TDFS,CA,private label,debit
105139,00-99,CASTLE BUILDING CENTRES - TDFS,CA,private label,debit
105140,00-99,CASTLE BUILDING CENTRES - TDFS,CA,private label,debit
105141,00-99,CASTLE BUILDING CENTRES - TDFS,CA,private label,debit
105142,00-99,CASTLE BUILDING CENTRES - TDFS,CA,private label,debit
105143,00-99,CASTLE BUILDING CENTRES - TDFS,CA,private label,debit
105144,00-99,CASTLE BUILDING CENTRES - TDFS,CA,private label,debit
105145,00-99,CASTLE BUILDING CENTRES - TDFS,CA,private label,debit
105146,00-99,CASTLE BUILDING CENTRES - TDFS,CA,private label,debit
105147,00-99,CASTLE BUILDING CENTRES - TDFS,CA,private label,debit
105148,00-99,CASTLE BUILDING CENTRES - TDFS,CA,private label,debit
105149,00-99,CASTLE BUILDING CENTRES - TDFS,CA,private label,debit
105150,00-99,CASTLE BUILDING CENTRES - TDFS,CA,private label,debit
105151,00-99,CASTLE BUILDING CENTRES - TDFS,CA,private label,debit
105152,00-99,CASTLE BUILDING CENTRES - TDFS,CA,private label,debit
105153,00-99,CASTLE BUILDING CENTRES - TDFS,CA,private label,debit
105154,00-99,CASTLE BUILDING CENTRES - TDFS,CA,private label,debit
105155,00-99,CASTLE BUILDING CENTRES - TDFS,CA,private label,debit
105156,00-99,CASTLE BUILDING CENTRES - TDFS,CA,private label,debit
105157,00-99,CASTLE BUILDING CENTRES - TDFS,CA,private label,debit
105158,00-99,CASTLE BUILDING CENTRES - TDFS,CA,private label,debit
105159,00-99,CASTLE BUILDING CENTRES - TDFS,CA,private label,debit
105160,00-99,CASTLE BUILDING CENTRES - TDFS,CA,private label,debit
105161,00-99,CASTLE BUILDING CENTRES - TDFS,CA,private label,debit
105162,00-99,CASTLE BUILDING CENTRES - TDFS,CA,private label,debit
105163,00-99,CASTLE BUILDING CENTRES - TDFS,CA,private label,debit
105164,00-99,CASTLE BUILDING CENTRES - TDFS,CA,private label,debit
105165,00-99,CASTLE BUILDING CENTRES - TDFS,CA,private label,debit
105166,00-99,CASTLE BUILDING CENTRES - TDFS,CA,private label,debit
105167,00-99,CASTLE BUILDING CENTRES - TDFS,CA,private label,debit
105168,00-99,CASTLE BUILDING CENTRES - TDFS,CA,private label,debit
105169,00-99,CASTLE BUILDING CENTRES - TDFS,CA,private label,debit
105170,00-99,CASTLE BUILDING CENTRES - TDFS,CA,private label,debit
105171,00-99,CASTLE BUILDING CENTRES - TDFS,CA,private label,debit
105172,00-99,CASTLE BUILDING CENTRES - TDFS,CA,private label,debit
105173,00-99,CASTLE BUILDING CENTRES - TDFS,CA,private label,debit
105174,00-99,CASTLE BUILDING CENTRES - TDFS,CA,private label,debit
105175,00-99,CASTLE BUILDING CENTRES - TDFS,CA,private label,debit
105176,00-99,CASTLE BUILDING CENTRES - TDFS,CA,private label,debit
105177,00-99,CASTLE BUILDING CENTRES - TDFS,CA,private label,debit
105178,00-99,CASTLE BUILDING CENTRES - TDFS,CA,private label,debit
105179,00-99,CASTLE BUILDING CENTRES - TDFS,CA,private label,debit
105180,00-99,CASTLE BUILDING CENTRES - TDFS,CA,private label,debit
105181,00-99,CASTLE BUILDING CENTRES - TDFS,CA,private label,debit
105182,00-99,CASTLE BUILDING CENTRES - TDFS,CA,private label,debit
105183,00-99,CASTLE BUILDING CENTRES - TDFS,CA,private label,debit
105184,00-99,CASTLE BUILDING CENTRES - TDFS,CA,private label,debit
105185,00-99,CASTLE BUILDING CENTRES - TDFS,CA,private label,debit
105186,00-99,CASTLE BUILDING CENTRES - TDFS,CA,private label,debit
105187,00-99,CASTLE BUILDING CENTRES - TDFS,CA,private label,debit
105188,00-99,CASTLE BUILDING CENTRES - TDFS,CA,private label,debit
105189,00-99,CASTLE BUILDING CENTRES - TDFS,CA,private label,debit
105190,00-99,CASTLE BUILDING CENTRES - TDFS,CA,private label,debit
105191,00-99,CASTLE BUILDING CENTRES - TDFS,CA,private label,debit
105192,00-99,CASTLE BUILDING CENTRES - TDFS,CA,private label,debit
105193,00-99,CASTLE BUILDING CENTRES - TDFS,CA,private label,debit
105194,00-99,CASTLE BUILDING CENTRES - TDFS,CA,private label,debit
105195,00-99,CASTLE BUILDING CENTRES - TDFS,CA,private label,debit
105196,00-99,CASTLE BUILDING CENTRES - TDFS,CA,private label,debit
105197,00-99,CASTLE BUILDING CENTRES - TDFS,CA,private label,debit
105198,00-99,CASTLE BUILDING CENTRES - TDFS,CA,private label,debit
105199,00-99,CASTLE BUILDING CENTRES - TDFS,CA,private label,debit
105200,00-99,CASTLE BUILDING CENTRES - TDFS,CA,private label,debit
105201,00-99,CASTLE BUILDING CENTRES - TDFS,CA,private label,debit
105202,00-99,CASTLE BUILDING CENTRES - TDFS,CA,private label,debit
105203,00-99,CASTLE BUILDING CENTRES - TDFS,CA,private label,debit
105204,00-99,CASTLE BUILDING CENTRES - TDFS,CA,private label,debit
105205,00-99,CASTLE BUILDING CENTRES - TDFS,CA,private label,debit
105206,00-99,CASTLE BUILDING CENTRES - TDFS,CA,private label,debit
105207,00-99,CASTLE BUILDING CENTRES - TDFS,CA,private label,debit
105208,00-99,CASTLE BUILDING CENTRES - TDFS,CA,private label,debit
105209,00-99,CASTLE BUILDING CENTRES - TDFS,CA,private label,debit
105210,00-99,CASTLE BUILDING CENTRES - TDFS,CA,private label,debit
105211,00-99,CASTLE BUILDING CENTRES - TDFS,CA,private label,debit
105212,00-99,CASTLE BUILDING CENTRES - TDFS,CA,private label,debit
105213,00-99,CASTLE BUILDING CENTRES - TDFS,CA,private label,debit
105214,00-99,CASTLE BUILDING CENTRES - TDFS,CA,private label,debit
105215,00-99,CASTLE BUILDING CENTRES - TDFS,CA,private label,debit
105216,00-99,CASTLE BUILDING CENTRES - TDFS,CA,private label,debit
105217,00-99,CASTLE BUILDING CENTRES - TDFS,CA,private label,debit
105218,00-99,CASTLE BUILDING CENTRES - TDFS,CA,private label,debit
105219,00-99,CASTLE BUILDING CENTRES - TDFS,CA,private label,debit
105220,00-99,CASTLE BUILDING CENTRES - TDFS,CA,private label,debit
105221,00-99,CASTLE BUILDING CENTRES - TDFS,CA,private label,debit
105222,00-99,CASTLE BUILDING CENTRES - TDFS,CA,private label,debit
105223,00-99,CASTLE BUILDING CENTRES - TDFS,CA,private label,debit
105224,00-99,CASTLE BUILDING CENTRES - TDFS,CA,private label,debit
105225,00-99,CASTLE BUILDING CENTRES - TDFS,CA,private label,debit
105226,00-99,CASTLE BUILDING CENTRES - TDFS,CA,private label,debit
105227,00-99,CASTLE BUILDING CENTRES - TDFS,CA,private label,debit
105228,00-99,CASTLE BUILDING CENTRES - TDFS,CA,private label,debit
105229,00-99,CASTLE BUILDING CENTRES - TDFS,CA,private label,debit
105230,00-99,CASTLE BUILDING CENTRES - TDFS,CA,private label,debit
105231,00-99,CASTLE BUILDING CENTRES - TDFS,CA,private label,debit
105232,00-99,CASTLE BUILDING CENTRES - TDFS,CA,private label,debit
105233,00-99,CASTLE BUILDING CENTRES - TDFS,CA,private label,debit
105234,00-99,Castle Building Centres,CA,private label,credit
105235,00-99,CASTLE BUILDING CENTRES - TDFS,CA,private label,debit
105236,00-99,CASTLE BUILDING CENTRES - TDFS,CA,private label,debit
105237,00-99,CASTLE BUILDING CENTRES - TDFS,CA,private label,debit
105238,00-99,CASTLE BUILDING CENTRES - TDFS,CA,private label,debit
105239,00-99,CASTLE BUILDING CENTRES - TDFS,CA,private label,debit
105240,00-99,CASTLE BUILDING CENTRES - TDFS,CA,private label,debit
105241,00-99,CASTLE BUILDING CENTRES - TDFS,CA,private label,debit
105242,00-99,CASTLE BUILDING CENTRES - TDFS,CA,private label,debit
105243,00-99,CASTLE BUILDING CENTRES - TDFS,CA,private label,debit
105244,00-99,CASTLE BUILDING CENTRES - TDFS,CA,private label,debit
105245,00-99,CASTLE BUILDING CENTRES - TDFS,CA,private label,debit
105246,00-99,CASTLE BUILDING CENTRES - TDFS,CA,private label,debit
105247,00-99,CASTLE BUILDING CENTRES - TDFS,CA,private label,debit
105248,00-99,CASTLE BUILDING CENTRES - TDFS,CA,private label,debit
105249,00-99,CASTLE BUILDING CENTRES - TDFS,CA,private label,debit
105250,00-99,CASTLE BUILDING CENTRES - TDFS,CA,private label,debit
105251,00-99,CASTLE BUILDING CENTRES - TDFS,CA,private label,debit
105252,00-99,CASTLE BUILDING CENTRES - TDFS,CA,private label,debit
105253,00-99,CASTLE BUILDING CENTRES - TDFS,CA,private label,debit
105254,00-99,CASTLE BUILDING CENTRES - TDFS,CA,private label,debit
105255,00-99,CASTLE BUILDING CENTRES - TDFS,CA,private label,debit
105256,00-99,CASTLE BUILDING CENTRES - TDFS,CA,private label,debit
105257,00-99,CASTLE BUILDING CENTRES - TDFS,CA,private label,debit
105258,00-99,CASTLE BUILDING CENTRES - TDFS,CA,private label,debit
105259,00-99,CASTLE BUILDING CENTRES - TDFS,CA,private label,debit
105260,00-99,CASTLE BUILDING CENTRES - TDFS,CA,private label,debit
105261,00-99,CASTLE BUILDING CENTRES - TDFS,CA,private label,debit
105262,00-99,CASTLE BUILDING CENTRES - TDFS,CA,private label,debit
105263,00-99,CASTLE BUILDING CENTRES - TDFS,CA,private label,debit
105264,00-99,CASTLE BUILDING CENTRES - TDFS,CA,private label,debit
105265,00-99,CASTLE BUILDING CENTRES - TDFS,CA,private label,debit
105266,00-99,CASTLE BUILDING CENTRES - TDFS,CA,private label,debit
105267,00-99,CASTLE BUILDING CENTRES - TDFS,CA,private label,debit
105268,00-99,CASTLE BUILDING CENTRES - TDFS,CA,private label,debit
105269,00-99,CASTLE BUILDING CENTRES - TDFS,CA,private label,debit
105270,00-99,CASTLE BUILDING CENTRES - TDFS,CA,private label,debit
105271,00-99,CASTLE BUILDING CENTRES - TDFS,CA,private label,debit
105272,00-99,CASTLE BUILDING CENTRES - TDFS,CA,private label,debit
105273,00-99,CASTLE BUILDING CENTRES - TDFS,CA,private label,debit
105274,00-99,CASTLE BUILDING CENTRES - TDFS,CA,private label,debit
105275,00-99,CASTLE BUILDING CENTRES - TDFS,CA,private label,debit
105276,00-99,CASTLE BUILDING CENTRES - TDFS,CA,private label,debit
105277,00-99,CASTLE BUILDING CENTRES - TDFS,CA,private label,debit
105278,00-99,CASTLE BUILDING CENTRES - TDFS,CA,private label,debit
105279,00-99,CASTLE BUILDING CENTRES - TDFS,CA,private label,debit
105280,00-99,CASTLE BUILDING CENTRES - TDFS,CA,private label,debit
105281,00-99,CASTLE BUILDING CENTRES - TDFS,CA,private label,debit
105282,00-99,CASTLE BUILDING CENTRES - TDFS,CA,private label,debit
105283,00-99,CASTLE BUILDING CENTRES - TDFS,CA,private label,debit
105284,00-99,CASTLE BUILDING CENTRES - TDFS,CA,private label,debit
105285,00-99,CASTLE BUILDING CENTRES - TDFS,CA,private label,debit
105286,00-99,CASTLE BUILDING CENTRES - TDFS,CA,private label,debit
105287,00-99,CASTLE BUILDING CENTRES - TDFS,CA,private label,debit
105288,00-99,CASTLE BUILDING CENTRES - TDFS,CA,private label,debit
105289,00-99,CASTLE BUILDING CENTRES - TDFS,CA,private label,debit
105290,00-99,CASTLE BUILDING CENTRES - TDFS,CA,private label,debit
105291,00-99,CASTLE BUILDING CENTRES - TDFS,CA,private label,debit
105292,00-99,CASTLE BUILDING CENTRES - TDFS,CA,private label,debit
105293,00-99,CASTLE BUILDING CENTRES - TDFS,CA,private label,debit
105294,00-99,CASTLE BUILDING CENTRES - TDFS,CA,private label,debit
105295,00-99,CASTLE BUILDING CENTRES - TDFS,CA,private label,debit
105296,00-99,CASTLE BUILDING CENTRES - TDFS,CA,private label,debit
105297,00-99,CASTLE BUILDING CENTRES - TDFS,CA,private label,debit
105298,00-99,CASTLE BUILDING CENTRES - TDFS,CA,private label,debit
105299,00-99,CASTLE BUILDING CENTRES - TDFS,CA,private label,debit
105300,00-99,AER LINGUS (EI),IE,uatp,credit
105301,00-99,AER LINGUS (EI),IE,uatp,credit
105302,00-99,AER LINGUS (EI),IE,uatp,credit
105303,00-99,AER LINGUS (EI),IE,uatp,credit
105304,00-99,AER LINGUS (EI),IE,uatp,credit
105305,00-99,AER LINGUS (EI),IE,uatp,credit
105306,00-99,AER LINGUS (EI),IE,uatp,credit
105307,00-99,AER LINGUS (EI),IE,uatp,credit
105308,00-99,AER LINGUS (EI),IE,uatp,credit
105309,00-99,AER LINGUS (EI),IE,uatp,credit
105310,00-99,AER LINGUS (EI),IE,uatp,credit
105311,00-99,AER LINGUS (EI),IE,uatp,credit
105312,00-99,AER LINGUS (EI),IE,uatp,credit
105313,00-99,AER LINGUS (EI),IE,uatp,credit
105314,00-99,AER LINGUS (EI),IE,uatp,credit
105315,00-99,AER LINGUS (EI),IE,uatp,credit
105316,00-99,AER LINGUS (EI),IE,uatp,credit
105317,00-99,AER LINGUS (EI),IE,uatp,credit
105318,00-99,AER LINGUS (EI),IE,uatp,credit
105319,00-99,AER LINGUS (EI),IE,uatp,credit
105320,00-99,AER LINGUS (EI),IE,uatp,credit
105321,00-99,AER LINGUS (EI),IE,uatp,credit
105322,00-99,AER LINGUS (EI),IE,uatp,credit
105323,00-99,AER LINGUS (EI),IE,uatp,credit
105324,00-99,AER LINGUS (EI),IE,uatp,credit
105325,00-99,AER LINGUS (EI),IE,uatp,credit
105326,00-99,AER LINGUS (EI),IE,uatp,credit
105327,00-99,AER LINGUS (EI),IE,uatp,credit
105328,00-99,AER LINGUS (EI),IE,uatp,credit
105329,00-99,AER LINGUS (EI),IE,uatp,credit
105330,00-99,AER LINGUS (EI),IE,uatp,credit
105331,00-99,AER LINGUS (EI),IE,uatp,credit
105332,00-99,Aer Lingus,IE,uatp,credit
105333,00-99,AER LINGUS (EI),IE,uatp,credit
105334,00-99,AER LINGUS (EI),IE,uatp,credit
105335,00-99,AER LINGUS (EI),IE,uatp,credit
105336,00-99,AER LINGUS (EI),IE,uatp,credit
105337,00-99,AER LINGUS (EI),IE,uatp,credit
105338,00-99,AER LINGUS (EI),IE,uatp,credit
105339,00-99,AER LINGUS (EI),IE,uatp,credit
105340,00-99,AER LINGUS (EI),IE,uatp,credit
105341,00-99,AER LINGUS (EI),IE,uatp,credit
105342,00-99,AER LINGUS (EI),IE,uatp,credit
105343,00-99,AER LINGUS (EI),IE,uatp,credit
105344,00-99,AER LINGUS (EI),IE,uatp,credit
105345,00-99,AER LINGUS (EI),IE,uatp,credit
105346,00-99,AER LINGUS (EI),IE,uatp,credit
105347,00-99,AER LINGUS (EI),IE,uatp,credit
105348,00-99,AER LINGUS (EI),IE,uatp,credit
105349,00-99,AER LINGUS (EI),IE,uatp,credit
105350,00-99,AER LINGUS (EI),IE,uatp,credit
105351,00-99,AER LINGUS (EI),IE,uatp,credit
105352,00-99,AER LINGUS (EI),IE,uatp,credit
105353,00-99,AER LINGUS (EI),IE,uatp,credit
105354,00-99,AER LINGUS (EI),IE,uatp,credit
105355,00-99,AER LINGUS (EI),IE,uatp,credit
105356,00-99,AER LINGUS (EI),IE,uatp,credit
105357,00-99,AER LINGUS (EI),IE,uatp,credit
105358,00-99,AER LINGUS (EI),IE,uatp,credit
105359,00-99,AER LINGUS (EI),IE,uatp,credit
105360,00-99,AER LINGUS (EI),IE,uatp,credit
105361,00-99,AER LINGUS (EI),IE,uatp,credit
105362,00-99,AER LINGUS (EI),IE,uatp,credit
105363,00-99,AER LINGUS (EI),IE,uatp,credit
105364,00-99,AER LINGUS (EI),IE,uatp,credit
105365,00-99,AER LINGUS (EI),IE,uatp,credit
105366,00-99,AER LINGUS (EI),IE,uatp,credit
105367,00-99,AER LINGUS (EI),IE,uatp,credit
105368,00-99,AER LINGUS (EI),IE,uatp,credit
105369,00-99,AER LINGUS (EI),IE,uatp,credit
105370,00-99,AER LINGUS (EI),IE,uatp,credit
105371,00-99,AER LINGUS (EI),IE,uatp,credit
105372,00-99,AER LINGUS (EI),IE,uatp,credit
105373,00-99,AER LINGUS (EI),IE,uatp,credit
105374,00-99,AER LINGUS (EI),IE,uatp,credit
105375,00-99,AER LINGUS (EI),IE,uatp,credit
105376,00-99,AER LINGUS (EI),IE,uatp,credit
105377,00-99,AER LINGUS (EI),IE,uatp,credit
105378,00-99,AER LINGUS (EI),IE,uatp,credit
105379,00-99,AER LINGUS (EI),IE,uatp,credit
105380,00-99,AER LINGUS (EI),IE,uatp,credit
105381,00-99,AER LINGUS (EI),IE,uatp,credit
105382,00-99,AER LINGUS (EI),IE,uatp,credit
105383,00-99,AER LINGUS (EI),IE,uatp,credit
105384,00-99,AER LINGUS (EI),IE,uatp,credit
105385,00-99,AER LINGUS (EI),IE,uatp,credit
105386,00-99,AER LINGUS (EI),IE,uatp,credit
105387,00-99,AER LINGUS (EI),IE,uatp,credit
105388,00-99,AER LINGUS (EI),IE,uatp,credit
105389,00-99,AER LINGUS (EI),IE,uatp,credit
105390,00-99,AER LINGUS (EI),IE,uatp,credit
105391,00-99,AER LINGUS (EI),IE,uatp,credit
105392,00-99,AER LINGUS (EI),IE,uatp,credit
105393,00-99,AER LINGUS (EI),IE,uatp,credit
105394,00-99,AER LINGUS (EI),IE,uatp,credit
105395,00-99,AER LINGUS (EI),IE,uatp,credit
105396,00-99,AER LINGUS (EI),IE,uatp,credit
105397,00-99,AER LINGUS (EI),IE,uatp,credit
105398,00-99,AER LINGUS (EI),IE,uatp,credit
105399,00-99,AER LINGUS (EI),IE,uatp,credit
105400,00-99,CASTLE BUILDING CENTRES - TDFS,CA,private label,debit
105401,00-99,CASTLE BUILDING CENTRES - TDFS,CA,private label,debit
105402,00-99,CASTLE BUILDING CENTRES - TDFS,CA,private label,debit
105403,00-99,CASTLE BUILDING CENTRES - TDFS,CA,private label,debit
105404,00-99,CASTLE BUILDING CENTRES - TDFS,CA,private label,debit
105405,00-99,CASTLE BUILDING CENTRES - TDFS,CA,private label,debit
105406,00-99,CASTLE BUILDING CENTRES - TDFS,CA,private label,debit
105407,00-99,CASTLE BUILDING CENTRES - TDFS,CA,private label,debit
105408,00-99,CASTLE BUILDING CENTRES - TDFS,CA,private label,debit
105409,00-99,CASTLE BUILDING CENTRES - TDFS,CA,private label,debit
105410,00-99,CASTLE BUILDING CENTRES - TDFS,CA,private label,debit
105411,00-99,CASTLE BUILDING CENTRES - TDFS,CA,private label,debit
105412,00-99,CASTLE BUILDING CENTRES - TDFS,CA,private label,debit
105413,00-99,CASTLE BUILDING CENTRES - TDFS,CA,private label,debit
105414,00-99,CASTLE BUILDING CENTRES - TDFS,CA,private label,debit
105415,00-99,CASTLE BUILDING CENTRES - TDFS,CA,private label,debit
105416,00-99,CASTLE BUILDING CENTRES - TDFS,CA,private label,debit
105417,00-99,CASTLE BUILDING CENTRES - TDFS,CA,private label,debit
105418,00-99,CASTLE BUILDING CENTRES - TDFS,CA,private label,debit
105419,00-99,CASTLE BUILDING CENTRES - TDFS,CA,private label,debit
105420,00-99,CASTLE BUILDING CENTRES - TDFS,CA,private label,debit
105421,00-99,CASTLE BUILDING CENTRES - TDFS,CA,private label,debit
105422,00-99,CASTLE BUILDING CENTRES - TDFS,CA,private label,debit
105423,00-99,CASTLE BUILDING CENTRES - TDFS,CA,private label,debit
105424,00-99,CASTLE BUILDING CENTRES - TDFS,CA,private label,debit
105425,00-99,CASTLE BUILDING CENTRES - TDFS,CA,private label,debit
105426,00-99,CASTLE BUILDING CENTRES - TDFS,CA,private label,debit
105427,00-99,CASTLE BUILDING CENTRES - TDFS,CA,private label,debit
105428,00-99,CASTLE BUILDING CENTRES - TDFS,CA,private label,debit
105429,00-99,CASTLE BUILDING CENTRES - TDFS,CA,private label,debit
105430,00-99,CASTLE BUILDING CENTRES - TDFS,CA,private label,debit
105431,00-99,CASTLE BUILDING CENTRES - TDFS,CA,private label,debit
105432,00-99,CASTLE BUILDING CENTRES - TDFS,CA,private label,debit
105433,00-99,CASTLE BUILDING CENTRES - TDFS,CA,private label,debit
105434,00-99,CASTLE BUILDING CENTRES - TDFS,CA,private label,debit
105435,00-99,CASTLE BUILDING CENTRES - TDFS,CA,private label,debit
105436,00-99,CASTLE BUILDING CENTRES - TDFS,CA,private label,debit
105437,00-99,CASTLE BUILDING CENTRES - TDFS,CA,private label,debit
105438,00-99,CASTLE BUILDING CENTRES - TDFS,CA,private label,debit
105439,00-99,CASTLE BUILDING CENTRES - TDFS,CA,private label,debit
105440,00-99,CASTLE BUILDING CENTRES - TDFS,CA,private label,debit
105441,00-99,CASTLE BUILDING CENTRES - TDFS,CA,private label,debit
105442,00-99,CASTLE BUILDING CENTRES - TDFS,CA,private label,debit
105443,00-99,CASTLE BUILDING CENTRES - TDFS,CA,private label,debit
105444,00-99,CASTLE BUILDING CENTRES - TDFS,CA,private label,debit
105445,00-99,CASTLE BUILDING CENTRES - TDFS,CA,private label,debit
105446,00-99,CASTLE BUILDING CENTRES - TDFS,CA,private label,debit
105447,00-99,CASTLE BUILDING CENTRES - TDFS,CA,private label,debit
105448,00-99,CASTLE BUILDING CENTRES - TDFS,CA,private label,debit
105449,00-99,CASTLE BUILDING CENTRES - TDFS,CA,private label,debit
105450,00-99,CASTLE BUILDING CENTRES - TDFS,CA,private label,debit
105451,00-99,CASTLE BUILDING CENTRES - TDFS,CA,private label,debit
105452,00-99,CASTLE BUILDING CENTRES - TDFS,CA,private label,debit
105453,00-99,CASTLE BUILDING CENTRES - TDFS,CA,private label,debit
105454,00-99,CASTLE BUILDING CENTRES - TDFS,CA,private label,debit
105455,00-99,CASTLE BUILDING CENTRES - TDFS,CA,private label,debit
105456,00-99,CASTLE BUILDING CENTRES - TDFS,CA,private label,debit
105457,00-99,CASTLE BUILDING CENTRES - TDFS,CA,private label,debit
105458,00-99,CASTLE BUILDING CENTRES - TDFS,CA,private label,debit
105459,00-99,CASTLE BUILDING CENTRES - TDFS,CA,private label,debit
105460,00-99,CASTLE BUILDING CENTRES - TDFS,CA,private label,debit
105461,00-99,CASTLE BUILDING CENTRES - TDFS,CA,private label,debit
105462,00-99,CASTLE BUILDING CENTRES - TDFS,CA,private label,debit
105463,00-99,CASTLE BUILDING CENTRES - TDFS,CA,private label,debit
105464,00-99,CASTLE BUILDING CENTRES - TDFS,CA,private label,debit
105465,00-99,CASTLE BUILDING CENTRES - TDFS,CA,private label,debit
105466,00-99,CASTLE BUILDING CENTRES - TDFS,CA,private label,debit
105467,00-99,CASTLE BUILDING CENTRES - TDFS,CA,private label,debit
105468,00-99,CASTLE BUILDING CENTRES - TDFS,CA,private label,debit
105469,00-99,CASTLE BUILDING CENTRES - TDFS,CA,private label,debit
105470,00-99,CASTLE BUILDING CENTRES - TDFS,CA,private label,debit
105471,00-99,CASTLE BUILDING CENTRES - TDFS,CA,private label,debit
105472,00-99,CASTLE BUILDING CENTRES - TDFS,CA,private label,debit
105473,00-99,CASTLE BUILDING CENTRES - TDFS,CA,private label,debit
105474,00-99,CASTLE BUILDING CENTRES - TDFS,CA,private label,debit
105475,00-99,CASTLE BUILDING CENTRES - TDFS,CA,private label,debit
105476,00-99,CASTLE BUILDING CENTRES - TDFS,CA,private label,debit
105477,00-99,CASTLE BUILDING CENTRES - TDFS,CA,private label,debit
105478,00-99,CASTLE BUILDING CENTRES - TDFS,CA,private label,debit
105479,00-99,CASTLE BUILDING CENTRES - TDFS,CA,private label,debit
105480,00-99,CASTLE BUILDING CENTRES - TDFS,CA,private label,debit
105481,00-99,CASTLE BUILDING CENTRES - TDFS,CA,private label,debit
105482,00-99,CASTLE BUILDING CENTRES - TDFS,CA,private label,debit
105483,00-99,CASTLE BUILDING CENTRES - TDFS,CA,private label,debit
105484,00-99,CASTLE BUILDING CENTRES - TDFS,CA,private label,debit
105485,00-99,CASTLE BUILDING CENTRES - TDFS,CA,private label,debit
105486,00-99,CASTLE BUILDING CENTRES - TDFS,CA,private label,debit
105487,00-99,CASTLE BUILDING CENTRES - TDFS,CA,private label,debit
105488,00-99,CASTLE BUILDING CENTRES - TDFS,CA,private label,debit
105489,00-99,CASTLE BUILDING CENTRES - TDFS,CA,private label,debit
105490,00-99,CASTLE BUILDING CENTRES - TDFS,CA,private label,debit
105491,00-99,CASTLE BUILDING CENTRES - TDFS,CA,private label,debit
105492,00-99,CASTLE BUILDING CENTRES - TDFS,CA,private label,debit
105493,00-99,CASTLE BUILDING CENTRES - TDFS,CA,private label,debit
105494,00-99,CASTLE BUILDING CENTRES - TDFS,CA,private label,debit
105495,00-99,CASTLE BUILDING CENTRES - TDFS,CA,private label,debit
105496,00-99,CASTLE BUILDING CENTRES - TDFS,CA,private label,debit
105497,00-99,CASTLE BUILDING CENTRES - TDFS,CA,private label,debit
105498,00-99,CASTLE BUILDING CENTRES - TDFS,CA,private label,debit
105499,00-99,CASTLE BUILDING CENTRES - TDFS,CA,private label,debit
105500,00-99,CASTLE BUILDING CENTRES - TDFS,CA,private label,debit
105501,00-99,CASTLE BUILDING CENTRES - TDFS,CA,private label,debit
105502,00-99,CASTLE BUILDING CENTRES - TDFS,CA,private label,debit
105503,00-99,CASTLE BUILDING CENTRES - TDFS,CA,private label,debit
105504,00-99,CASTLE BUILDING CENTRES - TDFS,CA,private label,debit
105505,00-99,CASTLE BUILDING CENTRES - TDFS,CA,private label,debit
105506,00-99,CASTLE BUILDING CENTRES - TDFS,CA,private label,debit
105507,00-99,CASTLE BUILDING CENTRES - TDFS,CA,private label,debit
105508,00-99,CASTLE BUILDING CENTRES - TDFS,CA,private label,debit
105509,00-99,CASTLE BUILDING CENTRES - TDFS,CA,private label,debit
105510,00-99,CASTLE BUILDING CENTRES - TDFS,CA,private label,debit
105511,00-99,CASTLE BUILDING CENTRES - TDFS,CA,private label,debit
105512,00-99,CASTLE BUILDING CENTRES - TDFS,CA,private label,debit
105513,00-99,CASTLE BUILDING CENTRES - TDFS,CA,private label,debit
105514,00-99,CASTLE BUILDING CENTRES - TDFS,CA,private label,debit
105515,00-99,CASTLE BUILDING CENTRES - TDFS,CA,private label,debit
105516,00-99,CASTLE BUILDING CENTRES - TDFS,CA,private label,debit
105517,00-99,CASTLE BUILDING CENTRES - TDFS,CA,private label,debit
105518,00-99,CASTLE BUILDING CENTRES - TDFS,CA,private label,debit
105519,00-99,CASTLE BUILDING CENTRES - TDFS,CA,private label,debit
105520,00-99,CASTLE BUILDING CENTRES - TDFS,CA,private label,debit
105521,00-99,CASTLE BUILDING CENTRES - TDFS,CA,private label,debit
105522,00-99,CASTLE BUILDING CENTRES - TDFS,CA,private label,debit
105523,00-99,CASTLE BUILDING CENTRES - TDFS,CA,private label,debit
105524,00-99,CASTLE BUILDING CENTRES - TDFS,CA,private label,debit
105525,00-99,CASTLE BUILDING CENTRES - TDFS,CA,private label,debit
105526,00-99,CASTLE BUILDING CENTRES - TDFS,CA,private label,debit
105527,00-99,CASTLE BUILDING CENTRES - TDFS,CA,private label,debit
105528,00-99,CASTLE BUILDING CENTRES - TDFS,CA,private label,debit
105529,00-99,CASTLE BUILDING CENTRES - TDFS,CA,private label,debit
105530,00-99,CASTLE BUILDING CENTRES - TDFS,CA,private label,debit
105531,00-99,CASTLE BUILDING CENTRES - TDFS,CA,private label,debit
105532,00-99,CASTLE BUILDING CENTRES - TDFS,CA,private label,debit
105533,00-99,CASTLE BUILDING CENTRES - TDFS,CA,private label,debit
105534,00-99,CASTLE BUILDING CENTRES - TDFS,CA,private label,debit
105535,00-99,CASTLE BUILDING CENTRES - TDFS,CA,private label,debit
105536,00-99,CASTLE BUILDING CENTRES - TDFS,CA,private label,debit
105537,00-99,CASTLE BUILDING CENTRES - TDFS,CA,private label,debit
105538,00-99,CASTLE BUILDING CENTRES - TDFS,CA,private label,debit
105539,00-99,CASTLE BUILDING CENTRES - TDFS,CA,private label,debit
105540,00-99,CASTLE BUILDING CENTRES - TDFS,CA,private label,debit
105541,00-99,CASTLE BUILDING CENTRES - TDFS,CA,private label,debit
105542,00-99,CASTLE BUILDING CENTRES - TDFS,CA,private label,debit
105543,00-99,CASTLE BUILDING CENTRES - TDFS,CA,private label,debit
105544,00-99,CASTLE BUILDING CENTRES - TDFS,CA,private label,debit
105545,00-99,CASTLE BUILDING CENTRES - TDFS,CA,private label,debit
105546,00-99,CASTLE BUILDING CENTRES - TDFS,CA,private label,debit
105547,00-99,CASTLE BUILDING CENTRES - TDFS,CA,private label,debit
105548,00-99,CASTLE BUILDING CENTRES - TDFS,CA,private label,debit
105549,00-99,CASTLE BUILDING CENTRES - TDFS,CA,private label,debit
105550,00-99,CASTLE BUILDING CENTRES - TDFS,CA,private label,debit
105551,00-99,CASTLE BUILDING CENTRES - TDFS,CA,private label,debit
105552,00-99,CASTLE BUILDING CENTRES - TDFS,CA,private label,debit
105553,00-99,CASTLE BUILDING CENTRES - TDFS,CA,private label,debit
105554,00-99,CASTLE BUILDING CENTRES - TDFS,CA,private label,debit
105555,00-99,CASTLE BUILDING CENTRES - TDFS,CA,private label,debit
105556,00-99,CASTLE BUILDING CENTRES - TDFS,CA,private label,debit
105557,00-99,CASTLE BUILDING CENTRES - TDFS,CA,private label,debit
105558,00-99,CASTLE BUILDING CENTRES - TDFS,CA,private label,debit
105559,00-99,CASTLE BUILDING CENTRES - TDFS,CA,private label,debit
105560,00-99,CASTLE BUILDING CENTRES - TDFS,CA,private label,debit
105561,00-99,CASTLE BUILDING CENTRES - TDFS,CA,private label,debit
105562,00-99,CASTLE BUILDING CENTRES - TDFS,CA,private label,debit
105563,00-99,CASTLE BUILDING CENTRES - TDFS,CA,private label,debit
105564,00-99,CASTLE BUILDING CENTRES - TDFS,CA,private label,debit
105565,00-99,CASTLE BUILDING CENTRES - TDFS,CA,private label,debit
105566,00-99,CASTLE BUILDING CENTRES - TDFS,CA,private label,debit
105567,00-99,CASTLE BUILDING CENTRES - TDFS,CA,private label,debit
105568,00-99,CASTLE BUILDING CENTRES - TDFS,CA,private label,debit
105569,00-99,CASTLE BUILDING CENTRES - TDFS,CA,private label,debit
105570,00-99,CASTLE BUILDING CENTRES - TDFS,CA,private label,debit
105571,00-99,CASTLE BUILDING CENTRES - TDFS,CA,private label,debit
105572,00-99,CASTLE BUILDING CENTRES - TDFS,CA,private label,debit
105573,00-99,CASTLE BUILDING CENTRES - TDFS,CA,private label,debit
105574,00-99,CASTLE BUILDING CENTRES - TDFS,CA,private label,debit
105575,00-99,CASTLE BUILDING CENTRES - TDFS,CA,private label,debit
105576,00-99,CASTLE BUILDING CENTRES - TDFS,CA,private label,debit
105577,00-99,CASTLE BUILDING CENTRES - TDFS,CA,private label,debit
105578,00-99,CASTLE BUILDING CENTRES - TDFS,CA,private label,debit
105579,00-99,CASTLE BUILDING CENTRES - TDFS,CA,private label,debit
105580,00-99,CASTLE BUILDING CENTRES - TDFS,CA,private label,debit
105581,00-99,CASTLE BUILDING CENTRES - TDFS,CA,private label,debit
105582,00-99,CASTLE BUILDING CENTRES - TDFS,CA,private label,debit
105583,00-99,CASTLE BUILDING CENTRES - TDFS,CA,private label,debit
105584,00-99,CASTLE BUILDING CENTRES - TDFS,CA,private label,debit
105585,00-99,CASTLE BUILDING CENTRES - TDFS,CA,private label,debit
105586,00-99,CASTLE BUILDING CENTRES - TDFS,CA,private label,debit
105587,00-99,CASTLE BUILDING CENTRES - TDFS,CA,private label,debit
105588,00-99,CASTLE BUILDING CENTRES - TDFS,CA,private label,debit
105589,00-99,CASTLE BUILDING CENTRES - TDFS,CA,private label,debit
105590,00-99,CASTLE BUILDING CENTRES - TDFS,CA,private label,debit
105591,00-99,CASTLE BUILDING CENTRES - TDFS,CA,private label,debit
105592,00-99,CASTLE BUILDING CENTRES - TDFS,CA,private label,debit
105593,00-99,CASTLE BUILDING CENTRES - TDFS,CA,private label,debit
105594,00-99,CASTLE BUILDING CENTRES - TDFS,CA,private label,debit
105595,00-99,CASTLE BUILDING CENTRES - TDFS,CA,private label,debit
105596,00-99,CASTLE BUILDING CENTRES - TDFS,CA,private label,debit
105597,00-99,CASTLE BUILDING CENTRES - TDFS,CA,private label,debit
105598,00-99,CASTLE BUILDING CENTRES - TDFS,CA,private label,debit
105599,00-99,CASTLE BUILDING CENTRES - TDFS,CA,private label,debit
105600,00-99,CASTLE BUILDING CENTRES - TDFS,CA,private label,debit
105601,00-99,CASTLE BUILDING CENTRES - TDFS,CA,private label,debit
105602,00-99,CASTLE BUILDING CENTRES - TDFS,CA,private label,debit
105603,00-99,CASTLE BUILDING CENTRES - TDFS,CA,private label,debit
105604,00-99,CASTLE BUILDING CENTRES - TDFS,CA,private label,debit
105605,00-99,CASTLE BUILDING CENTRES - TDFS,CA,private label,debit
105606,00-99,CASTLE BUILDING CENTRES - TDFS,CA,private label,debit
105607,00-99,CASTLE BUILDING CENTRES - TDFS,CA,private label,debit
105608,00-99,CASTLE BUILDING CENTRES - TDFS,CA,private label,debit
105609,00-99,CASTLE BUILDING CENTRES - TDFS,CA,private label,debit
105610,00-99,CASTLE BUILDING CENTRES - TDFS,CA,private label,debit
105611,00-99,CASTLE BUILDING CENTRES - TDFS,CA,private label,debit
105612,00-99,CASTLE BUILDING CENTRES - TDFS,CA,private label,debit
105613,00-99,CASTLE BUILDING CENTRES - TDFS,CA,private label,debit
105614,00-99,CASTLE BUILDING CENTRES - TDFS,CA,private label,debit
105615,00-99,CASTLE BUILDING CENTRES - TDFS,CA,private label,debit
105616,00-99,CASTLE BUILDING CENTRES - TDFS,CA,private label,debit
105617,00-99,CASTLE BUILDING CENTRES - TDFS,CA,private label,debit
105618,00-99,CASTLE BUILDING CENTRES - TDFS,CA,private label,debit
105619,00-99,CASTLE BUILDING CENTRES - TDFS,CA,private label,debit
105620,00-99,CASTLE BUILDING CENTRES - TDFS,CA,private label,debit
105621,00-99,CASTLE BUILDING CENTRES - TDFS,CA,private label,debit
105622,00-99,CASTLE BUILDING CENTRES - TDFS,CA,private label,debit
105623,00-99,CASTLE BUILDING CENTRES - TDFS,CA,private label,debit
105624,00-99,CASTLE BUILDING CENTRES - TDFS,CA,private label,debit
105625,00-99,CASTLE BUILDING CENTRES - TDFS,CA,private label,debit
105626,00-99,CASTLE BUILDING CENTRES - TDFS,CA,private label,debit
105627,00-99,CASTLE BUILDING CENTRES - TDFS,CA,private label,debit
105628,00-99,CASTLE BUILDING CENTRES - TDFS,CA,private label,debit
105629,00-99,CASTLE BUILDING CENTRES - TDFS,CA,private label,debit
105630,00-99,CASTLE BUILDING CENTRES - TDFS,CA,private label,debit
105631,00-99,CASTLE BUILDING CENTRES - TDFS,CA,private label,debit
105632,00-99,CASTLE BUILDING CENTRES - TDFS,CA,private label,debit
105633,00-99,CASTLE BUILDING CENTRES - TDFS,CA,private label,debit
105634,00-99,CASTLE BUILDING CENTRES - TDFS,CA,private label,debit
105635,00-99,CASTLE BUILDING CENTRES - TDFS,CA,private label,debit
105636,00-99,CASTLE BUILDING CENTRES - TDFS,CA,private label,debit
105637,00-99,CASTLE BUILDING CENTRES - TDFS,CA,private label,debit
105638,00-99,CASTLE BUILDING CENTRES - TDFS,CA,private label,debit
105639,00-99,CASTLE BUILDING CENTRES - TDFS,CA,private label,debit
105640,00-99,CASTLE BUILDING CENTRES - TDFS,CA,private label,debit
105641,00-99,CASTLE BUILDING CENTRES - TDFS,CA,private label,debit
105642,00-99,CASTLE BUILDING CENTRES - TDFS,CA,private label,debit
105643,00-99,CASTLE BUILDING CENTRES - TDFS,CA,private label,debit
105644,00-99,CASTLE BUILDING CENTRES - TDFS,CA,private label,debit
105645,00-99,CASTLE BUILDING CENTRES - TDFS,CA,private label,debit
105646,00-99,CASTLE BUILDING CENTRES - TDFS,CA,private label,debit
105647,00-99,CASTLE BUILDING CENTRES - TDFS,CA,private label,debit
105648,00-99,CASTLE BUILDING CENTRES - TDFS,CA,private label,debit
105649,00-99,CASTLE BUILDING CENTRES - TDFS,CA,private label,debit
105650,00-99,CASTLE BUILDING CENTRES - TDFS,CA,private label,debit
105651,00-99,CASTLE BUILDING CENTRES - TDFS,CA,private label,debit
105652,00-99,CASTLE BUILDING CENTRES - TDFS,CA,private label,debit
105653,00-99,CASTLE BUILDING CENTRES - TDFS,CA,private label,debit
105654,00-99,CASTLE BUILDING CENTRES - TDFS,CA,private label,debit
105655,00-99,CASTLE BUILDING CENTRES - TDFS,CA,private label,debit
105656,00-99,CASTLE BUILDING CENTRES - TDFS,CA,private label,debit
105657,00-99,CASTLE BUILDING CENTRES - TDFS,CA,private label,debit
105658,00-99,CASTLE BUILDING CENTRES - TDFS,CA,private label,debit
105659,00-99,CASTLE BUILDING CENTRES - TDFS,CA,private label,debit
105660,00-99,CASTLE BUILDING CENTRES - TDFS,CA,private label,debit
105661,00-99,CASTLE BUILDING CENTRES - TDFS,CA,private label,debit
105662,00-99,CASTLE BUILDING CENTRES - TDFS,CA,private label,debit
105663,00-99,CASTLE BUILDING CENTRES - TDFS,CA,private label,debit
105664,00-99,CASTLE BUILDING CENTRES - TDFS,CA,private label,debit
105665,00-99,CASTLE BUILDING CENTRES - TDFS,CA,private label,debit
105666,00-99,CASTLE BUILDING CENTRES - TDFS,CA,private label,debit
105667,00-99,CASTLE BUILDING CENTRES - TDFS,CA,private label,debit
105668,00-99,CASTLE BUILDING CENTRES - TDFS,CA,private label,debit
105669,00-99,CASTLE BUILDING CENTRES - TDFS,CA,private label,debit
105670,00-99,CASTLE BUILDING CENTRES - TDFS,CA,private label,debit
105671,00-99,CASTLE BUILDING CENTRES - TDFS,CA,private label,debit
105672,00-99,CASTLE BUILDING CENTRES - TDFS,CA,private label,debit
105673,00-99,CASTLE BUILDING CENTRES - TDFS,CA,private label,debit
105674,00-99,CASTLE BUILDING CENTRES - TDFS,CA,private label,debit
105675,00-99,CASTLE BUILDING CENTRES - TDFS,CA,private label,debit
105676,00-99,CASTLE BUILDING CENTRES - TDFS,CA,private label,debit
105677,00-99,CASTLE BUILDING CENTRES - TDFS,CA,private label,debit
105678,00-99,CASTLE BUILDING CENTRES - TDFS,CA,private label,debit
105679,00-99,CASTLE BUILDING CENTRES - TDFS,CA,private label,debit
105680,00-99,CASTLE BUILDING CENTRES - TDFS,CA,private label,debit
105681,00-99,CASTLE BUILDING CENTRES - TDFS,CA,private label,debit
105682,00-99,CASTLE BUILDING CENTRES - TDFS,CA,private label,debit
105683,00-99,CASTLE BUILDING CENTRES - TDFS,CA,private label,debit
105684,00-99,CASTLE BUILDING CENTRES - TDFS,CA,private label,debit
105685,00-99,CASTLE BUILDING CENTRES - TDFS,CA,private label,debit
105686,00-99,CASTLE BUILDING CENTRES - TDFS,CA,private label,debit
105687,00-99,CASTLE BUILDING CENTRES - TDFS,CA,private label,debit
105688,00-99,CASTLE BUILDING CENTRES - TDFS,CA,private label,debit
105689,00-99,CASTLE BUILDING CENTRES - TDFS,CA,private label,debit
105690,00-99,CASTLE BUILDING CENTRES - TDFS,CA,private label,debit
105691,00-99,CASTLE BUILDING CENTRES - TDFS,CA,private label,debit
105692,00-99,CASTLE BUILDING CENTRES - TDFS,CA,private label,debit
105693,00-99,CASTLE BUILDING CENTRES - TDFS,CA,private label,debit
105694,00-99,CASTLE BUILDING CENTRES - TDFS,CA,private label,debit
105695,00-99,CASTLE BUILDING CENTRES - TDFS,CA,private label,debit
105696,00-99,CASTLE BUILDING CENTRES - TDFS,CA,private label,debit
105697,00-99,CASTLE BUILDING CENTRES - TDFS,CA,private label,debit
105698,00-99,CASTLE BUILDING CENTRES - TDFS,CA,private label,debit
105699,00-99,CASTLE BUILDING CENTRES - TDFS,CA,private label,debit
105700,00-99,CASTLE BUILDING CENTRES - TDFS,CA,private label,debit
105701,00-99,CASTLE BUILDING CENTRES - TDFS,CA,private label,debit
105702,00-99,CASTLE BUILDING CENTRES - TDFS,CA,private label,debit
105703,00-99,CASTLE BUILDING CENTRES - TDFS,CA,private label,debit
105704,00-99,CASTLE BUILDING CENTRES - TDFS,CA,private label,debit
105705,00-99,CASTLE BUILDING CENTRES - TDFS,CA,private label,debit
105706,00-99,CASTLE BUILDING CENTRES - TDFS,CA,private label,debit
105707,00-99,CASTLE BUILDING CENTRES - TDFS,CA,private label,debit
105708,00-99,CASTLE BUILDING CENTRES - TDFS,CA,private label,debit
105709,00-99,CASTLE BUILDING CENTRES - TDFS,CA,private label,debit
105710,00-99,CASTLE BUILDING CENTRES - TDFS,CA,private label,debit
105711,00-99,CASTLE BUILDING CENTRES - TDFS,CA,private label,debit
105712,00-99,CASTLE BUILDING CENTRES - TDFS,CA,private label,debit
105713,00-99,CASTLE BUILDING CENTRES - TDFS,CA,private label,debit
105714,00-99,CASTLE BUILDING CENTRES - TDFS,CA,private label,debit
105715,00-99,CASTLE BUILDING CENTRES - TDFS,CA,private label,debit
105716,00-99,CASTLE BUILDING CENTRES - TDFS,CA,private label,debit
105717,00-99,CASTLE BUILDING CENTRES - TDFS,CA,private label,debit
105718,00-99,CASTLE BUILDING CENTRES - TDFS,CA,private label,debit
105719,00-99,CASTLE BUILDING CENTRES - TDFS,CA,private label,debit
105720,00-99,CASTLE BUILDING CENTRES - TDFS,CA,private label,debit
105721,00-99,CASTLE BUILDING CENTRES - TDFS,CA,private label,debit
105722,00-99,CASTLE BUILDING CENTRES - TDFS,CA,private label,debit
105723,00-99,CASTLE BUILDING CENTRES - TDFS,CA,private label,debit
105724,00-99,CASTLE BUILDING CENTRES - TDFS,CA,private label,debit
105725,00-99,CASTLE BUILDING CENTRES - TDFS,CA,private label,debit
105726,00-99,CASTLE BUILDING CENTRES - TDFS,CA,private label,debit
105727,00-99,CASTLE BUILDING CENTRES - TDFS,CA,private label,debit
105728,00-99,CASTLE BUILDING CENTRES - TDFS,CA,private label,debit
105729,00-99,CASTLE BUILDING CENTRES - TDFS,CA,private label,debit
105730,00-99,CASTLE BUILDING CENTRES - TDFS,CA,private label,debit
105731,00-99,CASTLE BUILDING CENTRES - TDFS,CA,private label,debit
105732,00-99,CASTLE BUILDING CENTRES - TDFS,CA,private label,debit
105733,00-99,CASTLE BUILDING CENTRES - TDFS,CA,private label,debit
105734,00-99,CASTLE BUILDING CENTRES - TDFS,CA,private label,debit
105735,00-99,CASTLE BUILDING CENTRES - TDFS,CA,private label,debit
105736,00-99,CASTLE BUILDING CENTRES - TDFS,CA,private label,debit
105737,00-99,CASTLE BUILDING CENTRES - TDFS,CA,private label,debit
105738,00-99,CASTLE BUILDING CENTRES - TDFS,CA,private label,debit
105739,00-99,CASTLE BUILDING CENTRES - TDFS,CA,private label,debit
105740,00-99,CASTLE BUILDING CENTRES - TDFS,CA,private label,debit
105741,00-99,CASTLE BUILDING CENTRES - TDFS,CA,private label,debit
105742,00-99,CASTLE BUILDING CENTRES - TDFS,CA,private label,debit
105743,00-99,CASTLE BUILDING CENTRES - TDFS,CA,private label,debit
105744,00-99,CASTLE BUILDING CENTRES - TDFS,CA,private label,debit
105745,00-99,CASTLE BUILDING CENTRES - TDFS,CA,private label,debit
105746,00-99,CASTLE BUILDING CENTRES - TDFS,CA,private label,debit
105747,00-99,CASTLE BUILDING CENTRES - TDFS,CA,private label,debit
105748,00-99,CASTLE BUILDING CENTRES - TDFS,CA,private label,debit
105749,00-99,CASTLE BUILDING CENTRES - TDFS,CA,private label,debit
105750,00-99,CASTLE BUILDING CENTRES - TDFS,CA,private label,debit
105751,00-99,CASTLE BUILDING CENTRES - TDFS,CA,private label,debit
105752,00-99,CASTLE BUILDING CENTRES - TDFS,CA,private label,debit
105753,00-99,CASTLE BUILDING CENTRES - TDFS,CA,private label,debit
105754,00-99,CASTLE BUILDING CENTRES - TDFS,CA,private label,debit
105755,00-99,CASTLE BUILDING CENTRES - TDFS,CA,private label,debit
105756,00-99,CASTLE BUILDING CENTRES - TDFS,CA,private label,debit
105757,00-99,CASTLE BUILDING CENTRES - TDFS,CA,private label,debit
105758,00-99,CASTLE BUILDING CENTRES - TDFS,CA,private label,debit
105759,00-99,CASTLE BUILDING CENTRES - TDFS,CA,private label,debit
105760,00-99,CASTLE BUILDING CENTRES - TDFS,CA,private label,debit
105761,00-99,CASTLE BUILDING CENTRES - TDFS,CA,private label,debit
105762,00-99,CASTLE BUILDING CENTRES - TDFS,CA,private label,debit
105763,00-99,CASTLE BUILDING CENTRES - TDFS,CA,private label,debit
105764,00-99,CASTLE BUILDING CENTRES - TDFS,CA,private label,debit
105765,00-99,CASTLE BUILDING CENTRES - TDFS,CA,private label,debit
105766,00-99,CASTLE BUILDING CENTRES - TDFS,CA,private label,debit
105767,00-99,CASTLE BUILDING CENTRES - TDFS,CA,private label,debit
105768,00-99,CASTLE BUILDING CENTRES - TDFS,CA,private label,debit
105769,00-99,CASTLE BUILDING CENTRES - TDFS,CA,private label,debit
105770,00-99,CASTLE BUILDING CENTRES - TDFS,CA,private label,debit
105771,00-99,CASTLE BUILDING CENTRES - TDFS,CA,private label,debit
105772,00-99,CASTLE BUILDING CENTRES - TDFS,CA,private label,debit
105773,00-99,CASTLE BUILDING CENTRES - TDFS,CA,private label,debit
105774,00-99,CASTLE BUILDING CENTRES - TDFS,CA,private label,debit
105775,00-99,CASTLE BUILDING CENTRES - TDFS,CA,private label,debit
105776,00-99,CASTLE BUILDING CENTRES - TDFS,CA,private label,debit
105777,00-99,CASTLE BUILDING CENTRES - TDFS,CA,private label,debit
105778,00-99,CASTLE BUILDING CENTRES - TDFS,CA,private label,debit
105779,00-99,CASTLE BUILDING CENTRES - TDFS,CA,private label,debit
105780,00-99,CASTLE BUILDING CENTRES - TDFS,CA,private label,debit
105781,00-99,CASTLE BUILDING CENTRES - TDFS,CA,private label,debit
105782,00-99,CASTLE BUILDING CENTRES - TDFS,CA,private label,debit
105783,00-99,CASTLE BUILDING CENTRES - TDFS,CA,private label,debit
105784,00-99,CASTLE BUILDING CENTRES - TDFS,CA,private label,debit
105785,00-99,CASTLE BUILDING CENTRES - TDFS,CA,private label,debit
105786,00-99,CASTLE BUILDING CENTRES - TDFS,CA,private label,debit
105787,00-99,CASTLE BUILDING CENTRES - TDFS,CA,private label,debit
105788,00-99,CASTLE BUILDING CENTRES - TDFS,CA,private label,debit
105789,00-99,CASTLE BUILDING CENTRES - TDFS,CA,private label,debit
105790,00-99,CASTLE BUILDING CENTRES - TDFS,CA,private label,debit
105791,00-99,CASTLE BUILDING CENTRES - TDFS,CA,private label,debit
105792,00-99,CASTLE BUILDING CENTRES - TDFS,CA,private label,debit
105793,00-99,CASTLE BUILDING CENTRES - TDFS,CA,private label,debit
105794,00-99,CASTLE BUILDING CENTRES - TDFS,CA,private label,debit
105795,00-99,CASTLE BUILDING CENTRES - TDFS,CA,private label,debit
105796,00-99,CASTLE BUILDING CENTRES - TDFS,CA,private label,debit
105797,00-99,CASTLE BUILDING CENTRES - TDFS,CA,private label,debit
105798,00-99,CASTLE BUILDING CENTRES - TDFS,CA,private label,debit
105799,00-99,CASTLE BUILDING CENTRES - TDFS,CA,private label,debit
105800,00-99,CASTLE BUILDING CENTRES - TDFS,CA,private label,debit
105801,00-99,CASTLE BUILDING CENTRES - TDFS,CA,private label,debit
105802,00-99,CASTLE BUILDING CENTRES - TDFS,CA,private label,debit
105803,00-99,CASTLE BUILDING CENTRES - TDFS,CA,private label,debit
105804,00-99,CASTLE BUILDING CENTRES - TDFS,CA,private label,debit
105805,00-99,CASTLE BUILDING CENTRES - TDFS,CA,private label,debit
105806,00-99,CASTLE BUILDING CENTRES - TDFS,CA,private label,debit
105807,00-99,CASTLE BUILDING CENTRES - TDFS,CA,private label,debit
105808,00-99,CASTLE BUILDING CENTRES - TDFS,CA,private label,debit
105809,00-99,CASTLE BUILDING CENTRES - TDFS,CA,private label,debit
105810,00-99,CASTLE BUILDING CENTRES - TDFS,CA,private label,debit
105811,00-99,CASTLE BUILDING CENTRES - TDFS,CA,private label,debit
105812,00-99,CASTLE BUILDING CENTRES - TDFS,CA,private label,debit
105813,00-99,CASTLE BUILDING CENTRES - TDFS,CA,private label,debit
105814,00-99,CASTLE BUILDING CENTRES - TDFS,CA,private label,debit
105815,00-99,CASTLE BUILDING CENTRES - TDFS,CA,private label,debit
105816,00-99,CASTLE BUILDING CENTRES - TDFS,CA,private label,debit
105817,00-99,CASTLE BUILDING CENTRES - TDFS,CA,private label,debit
105818,00-99,CASTLE BUILDING CENTRES - TDFS,CA,private label,debit
105819,00-99,CASTLE BUILDING CENTRES - TDFS,CA,private label,debit
105820,00-99,CASTLE BUILDING CENTRES - TDFS,CA,private label,debit
105821,00-99,CASTLE BUILDING CENTRES - TDFS,CA,private label,debit
105822,00-99,CASTLE BUILDING CENTRES - TDFS,CA,private label,debit
105823,00-99,CASTLE BUILDING CENTRES - TDFS,CA,private label,debit
105824,00-99,CASTLE BUILDING CENTRES - TDFS,CA,private label,debit
105825,00-99,CASTLE BUILDING CENTRES - TDFS,CA,private label,debit
105826,00-99,CASTLE BUILDING CENTRES - TDFS,CA,private label,debit
105827,00-99,CASTLE BUILDING CENTRES - TDFS,CA,private label,debit
105828,00-99,CASTLE BUILDING CENTRES - TDFS,CA,private label,debit
105829,00-99,CASTLE BUILDING CENTRES - TDFS,CA,private label,debit
105830,00-99,CASTLE BUILDING CENTRES - TDFS,CA,private label,debit
105831,00-99,CASTLE BUILDING CENTRES - TDFS,CA,private label,debit
105832,00-99,CASTLE BUILDING CENTRES - TDFS,CA,private label,debit
105833,00-99,CASTLE BUILDING CENTRES - TDFS,CA,private label,debit
105834,00-99,CASTLE BUILDING CENTRES - TDFS,CA,private label,debit
105835,00-99,CASTLE BUILDING CENTRES - TDFS,CA,private label,debit
105836,00-99,CASTLE BUILDING CENTRES - TDFS,CA,private label,debit
105837,00-99,CASTLE BUILDING CENTRES - TDFS,CA,private label,debit
105838,00-99,CASTLE BUILDING CENTRES - TDFS,CA,private label,debit
105839,00-99,CASTLE BUILDING CENTRES - TDFS,CA,private label,debit
105840,00-99,CASTLE BUILDING CENTRES - TDFS,CA,private label,debit
105841,00-99,CASTLE BUILDING CENTRES - TDFS,CA,private label,debit
105842,00-99,CASTLE BUILDING CENTRES - TDFS,CA,private label,debit
105843,00-99,CASTLE BUILDING CENTRES - TDFS,CA,private label,debit
105844,00-99,CASTLE BUILDING CENTRES - TDFS,CA,private label,debit
105845,00-99,CASTLE BUILDING CENTRES - TDFS,CA,private label,debit
105846,00-99,CASTLE BUILDING CENTRES - TDFS,CA,private label,debit
105847,00-99,CASTLE BUILDING CENTRES - TDFS,CA,private label,debit
105848,00-99,CASTLE BUILDING CENTRES - TDFS,CA,private label,debit
105849,00-99,CASTLE BUILDING CENTRES - TDFS,CA,private label,debit
105850,00-99,CASTLE BUILDING CENTRES - TDFS,CA,private label,debit
105851,00-99,CASTLE BUILDING CENTRES - TDFS,CA,private label,debit
105852,00-99,CASTLE BUILDING CENTRES - TDFS,CA,private label,debit
105853,00-99,CASTLE BUILDING CENTRES - TDFS,CA,private label,debit
105854,00-99,CASTLE BUILDING CENTRES - TDFS,CA,private label,debit
105855,00-99,CASTLE BUILDING CENTRES - TDFS,CA,private label,debit
105856,00-99,CASTLE BUILDING CENTRES - TDFS,CA,private label,debit
105857,00-99,CASTLE BUILDING CENTRES - TDFS,CA,private label,debit
105858,00-99,CASTLE BUILDING CENTRES - TDFS,CA,private label,debit
105859,00-99,CASTLE BUILDING CENTRES - TDFS,CA,private label,debit
105860,00-99,CASTLE BUILDING CENTRES - TDFS,CA,private label,debit
105861,00-99,CASTLE BUILDING CENTRES - TDFS,CA,private label,debit
105862,00-99,CASTLE BUILDING CENTRES - TDFS,CA,private label,debit
105863,00-99,CASTLE BUILDING CENTRES - TDFS,CA,private label,debit
105864,00-99,CASTLE BUILDING CENTRES - TDFS,CA,private label,debit
105865,00-99,CASTLE BUILDING CENTRES - TDFS,CA,private label,debit
105866,00-99,CASTLE BUILDING CENTRES - TDFS,CA,private label,debit
105867,00-99,CASTLE BUILDING CENTRES - TDFS,CA,private label,debit
105868,00-99,CASTLE BUILDING CENTRES - TDFS,CA,private label,debit
105869,00-99,CASTLE BUILDING CENTRES - TDFS,CA,private label,debit
105870,00-99,CASTLE BUILDING CENTRES - TDFS,CA,private label,debit
105871,00-99,CASTLE BUILDING CENTRES - TDFS,CA,private label,debit
105872,00-99,CASTLE BUILDING CENTRES - TDFS,CA,private label,debit
105873,00-99,CASTLE BUILDING CENTRES - TDFS,CA,private label,debit
105874,00-99,CASTLE BUILDING CENTRES - TDFS,CA,private label,debit
105875,00-99,CASTLE BUILDING CENTRES - TDFS,CA,private label,debit
105876,00-99,CASTLE BUILDING CENTRES - TDFS,CA,private label,debit
105877,00-99,CASTLE BUILDING CENTRES - TDFS,CA,private label,debit
105878,00-99,CASTLE BUILDING CENTRES - TDFS,CA,private label,debit
105879,00-99,CASTLE BUILDING CENTRES - TDFS,CA,private label,debit
105880,00-99,CASTLE BUILDING CENTRES - TDFS,CA,private label,debit
105881,00-99,CASTLE BUILDING CENTRES - TDFS,CA,private label,debit
105882,00-99,CASTLE BUILDING CENTRES - TDFS,CA,private label,debit
105883,00-99,CASTLE BUILDING CENTRES - TDFS,CA,private label,debit
105884,00-99,CASTLE BUILDING CENTRES - TDFS,CA,private label,debit
105885,00-99,CASTLE BUILDING CENTRES - TDFS,CA,private label,debit
105886,00-99,CASTLE BUILDING CENTRES - TDFS,CA,private label,debit
105887,00-99,CASTLE BUILDING CENTRES - TDFS,CA,private label,debit
105888,00-99,CASTLE BUILDING CENTRES - TDFS,CA,private label,debit
105889,00-99,CASTLE BUILDING CENTRES - TDFS,CA,private label,debit
105890,00-99,CASTLE BUILDING CENTRES - TDFS,CA,private label,debit
105891,00-99,CASTLE BUILDING CENTRES - TDFS,CA,private label,debit
105892,00-99,CASTLE BUILDING CENTRES - TDFS,CA,private label,debit
105893,00-99,CASTLE BUILDING CENTRES - TDFS,CA,private label,debit
105894,00-99,CASTLE BUILDING CENTRES - TDFS,CA,private label,debit
105895,00-99,CASTLE BUILDING CENTRES - TDFS,CA,private label,debit
105896,00-99,CASTLE BUILDING CENTRES - TDFS,CA,private label,debit
105897,00-99,CASTLE BUILDING CENTRES - TDFS,CA,private label,debit
105898,00-99,CASTLE BUILDING CENTRES - TDFS,CA,private label,debit
105899,00-99,CASTLE BUILDING CENTRES - TDFS,CA,private label,debit
105900,00-99,CASTLE BUILDING CENTRES - TDFS,CA,private label,debit
105901,00-99,CASTLE BUILDING CENTRES - TDFS,CA,private label,debit
105902,00-99,CASTLE BUILDING CENTRES - TDFS,CA,private label,debit
105903,00-99,CASTLE BUILDING CENTRES - TDFS,CA,private label,debit
105904,00-99,CASTLE BUILDING CENTRES - TDFS,CA,private label,debit
105905,00-99,CASTLE BUILDING CENTRES - TDFS,CA,private label,debit
105906,00-99,CASTLE BUILDING CENTRES - TDFS,CA,private label,debit
105907,00-99,CASTLE BUILDING CENTRES - TDFS,CA,private label,debit
105908,00-99,CASTLE BUILDING CENTRES - TDFS,CA,private label,debit
105909,00-99,CASTLE BUILDING CENTRES - TDFS,CA,private label,debit
105910,00-99,CASTLE BUILDING CENTRES - TDFS,CA,private label,debit
105911,00-99,CASTLE BUILDING CENTRES - TDFS,CA,private label,debit
105912,00-99,CASTLE BUILDING CENTRES - TDFS,CA,private label,debit
105913,00-99,CASTLE BUILDING CENTRES - TDFS,CA,private label,debit
105914,00-99,CASTLE BUILDING CENTRES - TDFS,CA,private label,debit
105915,00-99,CASTLE BUILDING CENTRES - TDFS,CA,private label,debit
105916,00-99,CASTLE BUILDING CENTRES - TDFS,CA,private label,debit
105917,00-99,CASTLE BUILDING CENTRES - TDFS,CA,private label,debit
105918,00-99,CASTLE BUILDING CENTRES - TDFS,CA,private label,debit
105919,00-99,CASTLE BUILDING CENTRES - TDFS,CA,private label,debit
105920,00-99,CASTLE BUILDING CENTRES - TDFS,CA,private label,debit
105921,00-99,CASTLE BUILDING CENTRES - TDFS,CA,private label,debit
105922,00-99,CASTLE BUILDING CENTRES - TDFS,CA,private label,debit
105923,00-99,CASTLE BUILDING CENTRES - TDFS,CA,private label,debit
105924,00-99,CASTLE BUILDING CENTRES - TDFS,CA,private label,debit
105925,00-99,CASTLE BUILDING CENTRES - TDFS,CA,private label,debit
105926,00-99,CASTLE BUILDING CENTRES - TDFS,CA,private label,debit
105927,00-99,CASTLE BUILDING CENTRES - TDFS,CA,private label,debit
105928,00-99,CASTLE BUILDING CENTRES - TDFS,CA,private label,debit
105929,00-99,CASTLE BUILDING CENTRES - TDFS,CA,private label,debit
105930,00-99,CASTLE BUILDING CENTRES - TDFS,CA,private label,debit
105931,00-99,CASTLE BUILDING CENTRES - TDFS,CA,private label,debit
105932,00-99,CASTLE BUILDING CENTRES - TDFS,CA,private label,debit
105933,00-99,CASTLE BUILDING CENTRES - TDFS,CA,private label,debit
105934,00-99,CASTLE BUILDING CENTRES - TDFS,CA,private label,debit
105935,00-99,CASTLE BUILDING CENTRES - TDFS,CA,private label,debit
105936,00-99,CASTLE BUILDING CENTRES - TDFS,CA,private label,debit
105937,00-99,CASTLE BUILDING CENTRES - TDFS,CA,private label,debit
105938,00-99,CASTLE BUILDING CENTRES - TDFS,CA,private label,debit
105939,00-99,CASTLE BUILDING CENTRES - TDFS,CA,private label,debit
105940,00-99,CASTLE BUILDING CENTRES - TDFS,CA,private label,debit
105941,00-99,CASTLE BUILDING CENTRES - TDFS,CA,private label,debit
105942,00-99,CASTLE BUILDING CENTRES - TDFS,CA,private label,debit
105943,00-99,CASTLE BUILDING CENTRES - TDFS,CA,private label,debit
105944,00-99,CASTLE BUILDING CENTRES - TDFS,CA,private label,debit
105945,00-99,CASTLE BUILDING CENTRES - TDFS,CA,private label,debit
105946,00-99,CASTLE BUILDING CENTRES - TDFS,CA,private label,debit
105947,00-99,CASTLE BUILDING CENTRES - TDFS,CA,private label,debit
105948,00-99,CASTLE BUILDING CENTRES - TDFS,CA,private label,debit
105949,00-99,CASTLE BUILDING CENTRES - TDFS,CA,private label,debit
105950,00-99,CASTLE BUILDING CENTRES - TDFS,CA,private label,debit
105951,00-99,CASTLE BUILDING CENTRES - TDFS,CA,private label,debit
105952,00-99,CASTLE BUILDING CENTRES - TDFS,CA,private label,debit
105953,00-99,CASTLE BUILDING CENTRES - TDFS,CA,private label,debit
105954,00-99,CASTLE BUILDING CENTRES - TDFS,CA,private label,debit
105955,00-99,CASTLE BUILDING CENTRES - TDFS,CA,private label,debit
105956,00-99,CASTLE BUILDING CENTRES - TDFS,CA,private label,debit
105957,00-99,CASTLE BUILDING CENTRES - TDFS,CA,private label,debit
105958,00-99,CASTLE BUILDING CENTRES - TDFS,CA,private label,debit
105959,00-99,CASTLE BUILDING CENTRES - TDFS,CA,private label,debit
105960,00-99,CASTLE BUILDING CENTRES - TDFS,CA,private label,debit
105961,00-99,CASTLE BUILDING CENTRES - TDFS,CA,private label,debit
105962,00-99,CASTLE BUILDING CENTRES - TDFS,CA,private label,debit
105963,00-99,CASTLE BUILDING CENTRES - TDFS,CA,private label,debit
105964,00-99,CASTLE BUILDING CENTRES - TDFS,CA,private label,debit
105965,00-99,CASTLE BUILDING CENTRES - TDFS,CA,private label,debit
105966,00-99,CASTLE BUILDING CENTRES - TDFS,CA,private label,debit
105967,00-99,CASTLE BUILDING CENTRES - TDFS,CA,private label,debit
105968,00-99,CASTLE BUILDING CENTRES - TDFS,CA,private label,debit
105969,00-99,CASTLE BUILDING CENTRES - TDFS,CA,private label,debit
105970,00-99,CASTLE BUILDING CENTRES - TDFS,CA,private label,debit
105971,00-99,CASTLE BUILDING CENTRES - TDFS,CA,private label,debit
105972,00-99,CASTLE BUILDING CENTRES - TDFS,CA,private label,debit
105973,00-99,CASTLE BUILDING CENTRES - TDFS,CA,private label,debit
105974,00-99,CASTLE BUILDING CENTRES - TDFS,CA,private label,debit
105975,00-99,CASTLE BUILDING CENTRES - TDFS,CA,private label,debit
105976,00-99,CASTLE BUILDING CENTRES - TDFS,CA,private label,debit
105977,00-99,CASTLE BUILDING CENTRES - TDFS,CA,private label,debit
105978,00-99,CASTLE BUILDING CENTRES - TDFS,CA,private label,debit
105979,00-99,CASTLE BUILDING CENTRES - TDFS,CA,private label,debit
105980,00-99,CASTLE BUILDING CENTRES - TDFS,CA,private label,debit
105981,00-99,CASTLE BUILDING CENTRES - TDFS,CA,private label,debit
105982,00-99,CASTLE BUILDING CENTRES - TDFS,CA,private label,debit
105983,00-99,CASTLE BUILDING CENTRES - TDFS,CA,private label,debit
105984,00-99,CASTLE BUILDING CENTRES - TDFS,CA,private label,debit
105985,00-99,CASTLE BUILDING CENTRES - TDFS,CA,private label,debit
105986,00-99,CASTLE BUILDING CENTRES - TDFS,CA,private label,debit
105987,00-99,CASTLE BUILDING CENTRES - TDFS,CA,private label,debit
105988,00-99,CASTLE BUILDING CENTRES - TDFS,CA,private label,debit
105989,00-99,CASTLE BUILDING CENTRES - TDFS,CA,private label,debit
105990,00-99,CASTLE BUILDING CENTRES - TDFS,CA,private label,debit
105991,00-99,CASTLE BUILDING CENTRES - TDFS,CA,private label,debit
105992,00-99,CASTLE BUILDING CENTRES - TDFS,CA,private label,debit
105993,00-99,CASTLE BUILDING CENTRES - TDFS,CA,private label,debit
105994,00-99,CASTLE BUILDING CENTRES - TDFS,CA,private label,debit
105995,00-99,CASTLE BUILDING CENTRES - TDFS,CA,private label,debit
105996,00-99,CASTLE BUILDING CENTRES - TDFS,CA,private label,debit
105997,00-99,CASTLE BUILDING CENTRES - TDFS,CA,private label,debit
105998,00-99,CASTLE BUILDING CENTRES - TDFS,CA,private label,debit
105999,00-99,CASTLE BUILDING CENTRES - TDFS,CA,private label,debit
106500,00-99,SAUDI ARABIAN AIRLINES (SV),SA,uatp,credit
106501,00-99,SAUDI ARABIAN AIRLINES (SV),SA,uatp,credit
106502,00-99,SAUDI ARABIAN AIRLINES (SV),SA,uatp,credit
106503,00-99,SAUDI ARABIAN AIRLINES (SV),SA,uatp,credit
106504,00-99,SAUDI ARABIAN AIRLINES (SV),SA,uatp,credit
106505,00-99,SAUDI ARABIAN AIRLINES (SV),SA,uatp,credit
106506,00-99,SAUDI ARABIAN AIRLINES (SV),SA,uatp,credit
106507,00-99,SAUDI ARABIAN AIRLINES (SV),SA,uatp,credit
106508,00-99,SAUDI ARABIAN AIRLINES (SV),SA,uatp,credit
106509,00-99,SAUDI ARABIAN AIRLINES (SV),SA,uatp,credit
106510,00-99,SAUDI ARABIAN AIRLINES (SV),SA,uatp,credit
106511,00-99,SAUDI ARABIAN AIRLINES (SV),SA,uatp,credit
106512,00-99,SAUDI ARABIAN AIRLINES (SV),SA,uatp,credit
106513,00-99,SAUDI ARABIAN AIRLINES (SV),SA,uatp,credit
106514,00-99,SAUDI ARABIAN AIRLINES (SV),SA,uatp,credit
106515,00-99,SAUDI ARABIAN AIRLINES (SV),SA,uatp,credit
106516,00-99,SAUDI ARABIAN AIRLINES (SV),SA,uatp,credit
106517,00-99,SAUDI ARABIAN AIRLINES (SV),SA,uatp,credit
106518,00-99,SAUDI ARABIAN AIRLINES (SV),SA,uatp,credit
106519,00-99,SAUDI ARABIAN AIRLINES (SV),SA,uatp,credit
106520,00-99,SAUDI ARABIAN AIRLINES (SV),SA,uatp,credit
106521,00-99,SAUDI ARABIAN AIRLINES (SV),SA,uatp,credit
106522,00-99,SAUDI ARABIAN AIRLINES (SV),SA,uatp,credit
106523,00-99,SAUDI ARABIAN AIRLINES (SV),SA,uatp,credit
106524,00-99,SAUDI ARABIAN AIRLINES (SV),SA,uatp,credit
106525,00-99,SAUDI ARABIAN AIRLINES (SV),SA,uatp,credit
106526,00-99,SAUDI ARABIAN AIRLINES (SV),SA,uatp,credit
106527,00-99,SAUDI ARABIAN AIRLINES (SV),SA,uatp,credit
106528,00-99,SAUDI ARABIAN AIRLINES (SV),SA,uatp,credit
106529,00-99,SAUDI ARABIAN AIRLINES (SV),SA,uatp,credit
106530,00-99,SAUDI ARABIAN AIRLINES (SV),SA,uatp,credit
106531,00-99,SAUDI ARABIAN AIRLINES (SV),SA,uatp,credit
106532,00-99,SAUDI ARABIAN AIRLINES (SV),SA,uatp,credit
106533,00-99,SAUDI ARABIAN AIRLINES (SV),SA,uatp,credit
106534,00-99,SAUDI ARABIAN AIRLINES (SV),SA,uatp,credit
106535,00-99,SAUDI ARABIAN AIRLINES (SV),SA,uatp,credit
106536,00-99,SAUDI ARABIAN AIRLINES (SV),SA,uatp,credit
106537,00-99,SAUDI ARABIAN AIRLINES (SV),SA,uatp,credit
106538,00-99,SAUDI ARABIAN AIRLINES (SV),SA,uatp,credit
106539,00-99,SAUDI ARABIAN AIRLINES (SV),SA,uatp,credit
106540,00-99,SAUDI ARABIAN AIRLINES (SV),SA,uatp,credit
106541,00-99,SAUDI ARABIAN AIRLINES (SV),SA,uatp,credit
106542,00-99,SAUDI ARABIAN AIRLINES (SV),SA,uatp,credit
106543,00-99,SAUDI ARABIAN AIRLINES (SV),SA,uatp,credit
106544,00-99,SAUDI ARABIAN AIRLINES (SV),SA,uatp,credit
106545,00-99,SAUDI ARABIAN AIRLINES (SV),SA,uatp,credit
106546,00-99,SAUDI ARABIAN AIRLINES (SV),SA,uatp,credit
106547,00-99,SAUDI ARABIAN AIRLINES (SV),SA,uatp,credit
106548,00-99,SAUDI ARABIAN AIRLINES (SV),SA,uatp,credit
106549,00-99,SAUDI ARABIAN AIRLINES (SV),SA,uatp,credit
106550,00-99,SAUDI ARABIAN AIRLINES (SV),SA,uatp,credit
106551,00-99,SAUDI ARABIAN AIRLINES (SV),SA,uatp,credit
106552,00-99,SAUDI ARABIAN AIRLINES (SV),SA,uatp,credit
106553,00-99,SAUDI ARABIAN AIRLINES (SV),SA,uatp,credit
106554,00-99,SAUDI ARABIAN AIRLINES (SV),SA,uatp,credit
106555,00-99,SAUDI ARABIAN AIRLINES (SV),SA,uatp,credit
106556,00-99,SAUDI ARABIAN AIRLINES (SV),SA,uatp,credit
106557,00-99,SAUDI ARABIAN AIRLINES (SV),SA,uatp,credit
106558,00-99,SAUDI ARABIAN AIRLINES (SV),SA,uatp,credit
106559,00-99,SAUDI ARABIAN AIRLINES (SV),SA,uatp,credit
106560,00-99,SAUDI ARABIAN AIRLINES (SV),SA,uatp,credit
106561,00-99,SAUDI ARABIAN AIRLINES (SV),SA,uatp,credit
106562,00-99,SAUDI ARABIAN AIRLINES (SV),SA,uatp,credit
106563,00-99,SAUDI ARABIAN AIRLINES (SV),SA,uatp,credit
106564,00-99,SAUDI ARABIAN AIRLINES (SV),SA,uatp,credit
106565,00-99,SAUDI ARABIAN AIRLINES (SV),SA,uatp,credit
106566,00-99,SAUDI ARABIAN AIRLINES (SV),SA,uatp,credit
106567,00-99,SAUDI ARABIAN AIRLINES (SV),SA,uatp,credit
106568,00-99,SAUDI ARABIAN AIRLINES (SV),SA,uatp,credit
106569,00-99,SAUDI ARABIAN AIRLINES (SV),SA,uatp,credit
106570,00-99,SAUDI ARABIAN AIRLINES (SV),SA,uatp,credit
106571,00-99,SAUDI ARABIAN AIRLINES (SV),SA,uatp,credit
106572,00-99,SAUDI ARABIAN AIRLINES (SV),SA,uatp,credit
106573,00-99,SAUDI ARABIAN AIRLINES (SV),SA,uatp,credit
106574,00-99,SAUDI ARABIAN AIRLINES (SV),SA,uatp,credit
106575,00-99,SAUDI ARABIAN AIRLINES (SV),SA,uatp,credit
106576,00-99,SAUDI ARABIAN AIRLINES (SV),SA,uatp,credit
106577,00-99,SAUDI ARABIAN AIRLINES (SV),SA,uatp,credit
106578,00-99,SAUDI ARABIAN AIRLINES (SV),SA,uatp,credit
106579,00-99,SAUDI ARABIAN AIRLINES (SV),SA,uatp,credit
106580,00-99,SAUDI ARABIAN AIRLINES (SV),SA,uatp,credit
106581,00-99,SAUDI ARABIAN AIRLINES (SV),SA,uatp,credit
106582,00-99,SAUDI ARABIAN AIRLINES (SV),SA,uatp,credit
106583,00-99,SAUDI ARABIAN AIRLINES (SV),SA,uatp,credit
106584,00-99,SAUDI ARABIAN AIRLINES (SV),SA,uatp,credit
106585,00-99,SAUDI ARABIAN AIRLINES (SV),SA,uatp,credit
106586,00-99,SAUDI ARABIAN AIRLINES (SV),SA,uatp,credit
106587,00-99,SAUDI ARABIAN AIRLINES (SV),SA,uatp,credit
106588,00-99,SAUDI ARABIAN AIRLINES (SV),SA,uatp,credit
106589,00-99,SAUDI ARABIAN AIRLINES (SV),SA,uatp,credit
106590,00-99,SAUDI ARABIAN AIRLINES (SV),SA,uatp,credit
106591,00-99,SAUDI ARABIAN AIRLINES (SV),SA,uatp,credit
106592,00-99,SAUDI ARABIAN AIRLINES (SV),SA,uatp,credit
106593,00-99,SAUDI ARABIAN AIRLINES (SV),SA,uatp,credit
106594,00-99,SAUDI ARABIAN AIRLINES (SV),SA,uatp,credit
106595,00-99,SAUDI ARABIAN AIRLINES (SV),SA,uatp,credit
106596,00-99,SAUDI ARABIAN AIRLINES (SV),SA,uatp,credit
106597,00-99,SAUDI ARABIAN AIRLINES (SV),SA,uatp,credit
106598,00-99,SAUDI ARABIAN AIRLINES (SV),SA,uatp,credit
106599,00-99,SAUDI ARABIAN AIRLINES (SV),SA,uatp,credit
107500,00-99,IBERIA LINEAS AEREAS DE ESPANA,ES,uatp,credit
107501,00-99,IBERIA LINEAS AEREAS DE ESPANA,ES,uatp,credit
107502,00-99,IBERIA LINEAS AEREAS DE ESPANA,ES,uatp,credit
107503,00-99,IBERIA LINEAS AEREAS DE ESPANA,ES,uatp,credit
107504,00-99,IBERIA LINEAS AEREAS DE ESPANA,ES,uatp,credit
107505,00-99,IBERIA LINEAS AEREAS DE ESPANA,ES,uatp,credit
107506,00-99,IBERIA LINEAS AEREAS DE ESPANA,ES,uatp,credit
107507,00-99,IBERIA LINEAS AEREAS DE ESPANA,ES,uatp,credit
107508,00-99,IBERIA LINEAS AEREAS DE ESPANA,ES,uatp,credit
107509,00-99,IBERIA LINEAS AEREAS DE ESPANA,ES,uatp,credit
107510,00-99,IBERIA LINEAS AEREAS DE ESPANA,ES,uatp,credit
107511,00-99,IBERIA LINEAS AEREAS DE ESPANA,ES,uatp,credit
107512,00-99,IBERIA LINEAS AEREAS DE ESPANA,ES,uatp,credit
107513,00-99,IBERIA LINEAS AEREAS DE ESPANA,ES,uatp,credit
107514,00-99,IBERIA LINEAS AEREAS DE ESPANA,ES,uatp,credit
107515,00-99,IBERIA LINEAS AEREAS DE ESPANA,ES,uatp,credit
107516,00-99,IBERIA LINEAS AEREAS DE ESPANA,ES,uatp,credit
107517,00-99,IBERIA LINEAS AEREAS DE ESPANA,ES,uatp,credit
107518,00-99,IBERIA LINEAS AEREAS DE ESPANA,ES,uatp,credit
107519,00-99,IBERIA LINEAS AEREAS DE ESPANA,ES,uatp,credit
107520,00-99,IBERIA LINEAS AEREAS DE ESPANA,ES,uatp,credit
107521,00-99,IBERIA LINEAS AEREAS DE ESPANA,ES,uatp,credit
107522,00-99,IBERIA LINEAS AEREAS DE ESPANA,ES,uatp,credit
107523,00-99,IBERIA LINEAS AEREAS DE ESPANA,ES,uatp,credit
107524,00-99,IBERIA LINEAS AEREAS DE ESPANA,ES,uatp,credit
107525,00-99,IBERIA LINEAS AEREAS DE ESPANA,ES,uatp,credit
107526,00-99,IBERIA LINEAS AEREAS DE ESPANA,ES,uatp,credit
107527,00-99,IBERIA LINEAS AEREAS DE ESPANA,ES,uatp,credit
107528,00-99,IBERIA LINEAS AEREAS DE ESPANA,ES,uatp,credit
107529,00-99,IBERIA LINEAS AEREAS DE ESPANA,ES,uatp,credit
107530,00-99,IBERIA LINEAS AEREAS DE ESPANA,ES,uatp,credit
107531,00-99,IBERIA LINEAS AEREAS DE ESPANA,ES,uatp,credit
107532,00-99,IBERIA LINEAS AEREAS DE ESPANA,ES,uatp,credit
107533,00-99,IBERIA LINEAS AEREAS DE ESPANA,ES,uatp,credit
107534,00-99,IBERIA LINEAS AEREAS DE ESPANA,ES,uatp,credit
107535,00-99,IBERIA LINEAS AEREAS DE ESPANA,ES,uatp,credit
107536,00-99,IBERIA LINEAS AEREAS DE ESPANA,ES,uatp,credit
107537,00-99,IBERIA LINEAS AEREAS DE ESPANA,ES,uatp,credit
107538,00-99,IBERIA LINEAS AEREAS DE ESPANA,ES,uatp,credit
107539,00-99,IBERIA LINEAS AEREAS DE ESPANA,ES,uatp,credit
107540,00-99,IBERIA LINEAS AEREAS DE ESPANA,ES,uatp,credit
107541,00-99,IBERIA LINEAS AEREAS DE ESPANA,ES,uatp,credit
107542,00-99,IBERIA LINEAS AEREAS DE ESPANA,ES,uatp,credit
107543,00-99,IBERIA LINEAS AEREAS DE ESPANA,ES,uatp,credit
107544,00-99,IBERIA LINEAS AEREAS DE ESPANA,ES,uatp,credit
107545,00-99,IBERIA LINEAS AEREAS DE ESPANA,ES,uatp,credit
107546,00-99,IBERIA LINEAS AEREAS DE ESPANA,ES,uatp,credit
107547,00-99,IBERIA LINEAS AEREAS DE ESPANA,ES,uatp,credit
107548,00-99,IBERIA LINEAS AEREAS DE ESPANA,ES,uatp,credit
107549,00-99,IBERIA LINEAS AEREAS DE ESPANA,ES,uatp,credit
107550,00-99,IBERIA LINEAS AEREAS DE ESPANA,ES,uatp,credit
107551,00-99,IBERIA LINEAS AEREAS DE ESPANA,ES,uatp,credit
107552,00-99,IBERIA LINEAS AEREAS DE ESPANA,ES,uatp,credit
107553,00-99,IBERIA LINEAS AEREAS DE ESPANA,ES,uatp,credit
107554,00-99,IBERIA LINEAS AEREAS DE ESPANA,ES,uatp,credit
107555,00-99,IBERIA LINEAS AEREAS DE ESPANA,ES,uatp,credit
107556,00-99,IBERIA LINEAS AEREAS DE ESPANA,ES,uatp,credit
107557,00-99,IBERIA LINEAS AEREAS DE ESPANA,ES,uatp,credit
107558,00-99,IBERIA LINEAS AEREAS DE ESPANA,ES,uatp,credit
107559,00-99,IBERIA LINEAS AEREAS DE ESPANA,ES,uatp,credit
107560,00-99,IBERIA LINEAS AEREAS DE ESPANA,ES,uatp,credit
107561,00-99,IBERIA LINEAS AEREAS DE ESPANA,ES,uatp,credit
107562,00-99,IBERIA LINEAS AEREAS DE ESPANA,ES,uatp,credit
107563,00-99,IBERIA LINEAS AEREAS DE ESPANA,ES,uatp,credit
107564,00-99,IBERIA LINEAS AEREAS DE ESPANA,ES,uatp,credit
107565,00-99,IBERIA LINEAS AEREAS DE ESPANA,ES,uatp,credit
107566,00-99,IBERIA LINEAS AEREAS DE ESPANA,ES,uatp,credit
107567,00-99,IBERIA LINEAS AEREAS DE ESPANA,ES,uatp,credit
107568,00-99,IBERIA LINEAS AEREAS DE ESPANA,ES,uatp,credit
107569,00-99,IBERIA LINEAS AEREAS DE ESPANA,ES,uatp,credit
107570,00-99,IBERIA LINEAS AEREAS DE ESPANA,ES,uatp,credit
107571,00-99,IBERIA LINEAS AEREAS DE ESPANA,ES,uatp,credit
107572,00-99,IBERIA LINEAS AEREAS DE ESPANA,ES,uatp,credit
107573,00-99,IBERIA LINEAS AEREAS DE ESPANA,ES,uatp,credit
107574,00-99,IBERIA LINEAS AEREAS DE ESPANA,ES,uatp,credit
107575,00-99,IBERIA LINEAS AEREAS DE ESPANA,ES,uatp,credit
107576,00-99,IBERIA LINEAS AEREAS DE ESPANA,ES,uatp,credit
107577,00-99,IBERIA LINEAS AEREAS DE ESPANA,ES,uatp,credit
107578,00-99,IBERIA LINEAS AEREAS DE ESPANA,ES,uatp,credit
107579,00-99,IBERIA LINEAS AEREAS DE ESPANA,ES,uatp,credit
107580,00-99,IBERIA LINEAS AEREAS DE ESPANA,ES,uatp,credit
107581,00-99,IBERIA LINEAS AEREAS DE ESPANA,ES,uatp,credit
107582,00-99,IBERIA LINEAS AEREAS DE ESPANA,ES,uatp,credit
107583,00-99,IBERIA LINEAS AEREAS DE ESPANA,ES,uatp,credit
107584,00-99,IBERIA LINEAS AEREAS DE ESPANA,ES,uatp,credit
107585,00-99,IBERIA LINEAS AEREAS DE ESPANA,ES,uatp,credit
107586,00-99,Iberia Lineas Aereas De Espana,ES,uatp,credit
107587,00-99,IBERIA LINEAS AEREAS DE ESPANA,ES,uatp,credit
107588,00-99,IBERIA LINEAS AEREAS DE ESPANA,ES,uatp,credit
107589,00-99,IBERIA LINEAS AEREAS DE ESPANA,ES,uatp,credit
107590,00-99,IBERIA LINEAS AEREAS DE ESPANA,ES,uatp,credit
107591,00-99,IBERIA LINEAS AEREAS DE ESPANA,ES,uatp,credit
107592,00-99,IBERIA LINEAS AEREAS DE ESPANA,ES,uatp,credit
107593,00-99,IBERIA LINEAS AEREAS DE ESPANA,ES,uatp,credit
107594,00-99,IBERIA LINEAS AEREAS DE ESPANA,ES,uatp,credit
107595,00-99,IBERIA LINEAS AEREAS DE ESPANA,ES,uatp,credit
107596,00-99,IBERIA LINEAS AEREAS DE ESPANA,ES,uatp,credit
107597,00-99,IBERIA LINEAS AEREAS DE ESPANA,ES,uatp,credit
107598,00-99,IBERIA LINEAS AEREAS DE ESPANA,ES,uatp,credit
107599,00-99,IBERIA LINEAS AEREAS DE ESPANA,ES,uatp,credit
108100,00-99,QANTAS AIRWAYS (QF),AU,uatp,credit
108101,00-99,QANTAS AIRWAYS (QF),AU,uatp,credit
108102,00-99,QANTAS AIRWAYS (QF),AU,uatp,credit
108103,00-99,QANTAS AIRWAYS (QF),AU,uatp,credit
108104,00-99,QANTAS AIRWAYS (QF),AU,uatp,credit
108105,00-99,QANTAS AIRWAYS (QF),AU,uatp,credit
108106,00-99,QANTAS AIRWAYS (QF),AU,uatp,credit
108107,00-99,QANTAS AIRWAYS (QF),AU,uatp,credit
108108,00-99,QANTAS AIRWAYS (QF),AU,uatp,credit
108109,00-99,QANTAS AIRWAYS (QF),AU,uatp,credit
108110,00-99,QANTAS AIRWAYS (QF),AU,uatp,credit
108111,00-99,QANTAS AIRWAYS (QF),AU,uatp,credit
108112,00-99,QANTAS AIRWAYS (QF),AU,uatp,credit
108113,00-99,QANTAS AIRWAYS (QF),AU,uatp,credit
108114,00-99,QANTAS AIRWAYS (QF),AU,uatp,credit
108115,00-99,QANTAS AIRWAYS (QF),AU,uatp,credit
108116,00-99,QANTAS AIRWAYS (QF),AU,uatp,credit
108117,00-99,QANTAS AIRWAYS (QF),AU,uatp,credit
108118,00-99,QANTAS AIRWAYS (QF),AU,uatp,credit
108119,00-99,QANTAS AIRWAYS (QF),AU,uatp,credit
108120,00-99,QANTAS AIRWAYS (QF),AU,uatp,credit
108121,00-99,QANTAS AIRWAYS (QF),AU,uatp,credit
108122,00-99,QANTAS AIRWAYS (QF),AU,uatp,credit
108123,00-99,QANTAS AIRWAYS (QF),AU,uatp,credit
108124,00-99,QANTAS AIRWAYS (QF),AU,uatp,credit
108125,00-99,QANTAS AIRWAYS (QF),AU,uatp,credit
108126,00-99,QANTAS AIRWAYS (QF),AU,uatp,credit
108127,00-99,QANTAS AIRWAYS (QF),AU,uatp,credit
108128,00-99,QANTAS AIRWAYS (QF),AU,uatp,credit
108129,00-99,QANTAS AIRWAYS (QF),AU,uatp,credit
108130,00-99,QANTAS AIRWAYS (QF),AU,uatp,credit
108131,00-99,QANTAS AIRWAYS (QF),AU,uatp,credit
108132,00-99,QANTAS AIRWAYS (QF),AU,uatp,credit
108133,00-99,QANTAS AIRWAYS (QF),AU,uatp,credit
108134,00-99,QANTAS AIRWAYS (QF),AU,uatp,credit
108135,00-99,QANTAS AIRWAYS (QF),AU,uatp,credit
108136,00-99,QANTAS AIRWAYS (QF),AU,uatp,credit
108137,00-99,QANTAS AIRWAYS (QF),AU,uatp,credit
108138,00-99,QANTAS AIRWAYS (QF),AU,uatp,credit
108139,00-99,QANTAS AIRWAYS (QF),AU,uatp,credit
108140,00-99,QANTAS AIRWAYS (QF),AU,uatp,credit
108141,00-99,QANTAS AIRWAYS (QF),AU,uatp,credit
108142,00-99,QANTAS AIRWAYS (QF),AU,uatp,credit
108143,00-99,QANTAS AIRWAYS (QF),AU,uatp,credit
108144,00-99,QANTAS AIRWAYS (QF),AU,uatp,credit
108145,00-99,QANTAS AIRWAYS (QF),AU,uatp,credit
108146,00-99,QANTAS AIRWAYS (QF),AU,uatp,credit
108147,00-99,QANTAS AIRWAYS (QF),AU,uatp,credit
108148,00-99,QANTAS AIRWAYS (QF),AU,uatp,credit
108149,00-99,QANTAS AIRWAYS (QF),AU,uatp,credit
108150,00-99,QANTAS AIRWAYS (QF),AU,uatp,credit
108151,00-99,QANTAS AIRWAYS (QF),AU,uatp,credit
108152,00-99,QANTAS AIRWAYS (QF),AU,uatp,credit
108153,00-99,QANTAS AIRWAYS (QF),AU,uatp,credit
108154,00-99,QANTAS AIRWAYS (QF),AU,uatp,credit
108155,00-99,QANTAS AIRWAYS (QF),AU,uatp,credit
108156,00-99,QANTAS AIRWAYS (QF),AU,uatp,credit
108157,00-99,QANTAS AIRWAYS (QF),AU,uatp,credit
108158,00-99,QANTAS AIRWAYS (QF),AU,uatp,credit
108159,00-99,QANTAS AIRWAYS (QF),AU,uatp,credit
108160,00-99,QANTAS AIRWAYS (QF),AU,uatp,credit
108161,00-99,QANTAS AIRWAYS (QF),AU,uatp,credit
108162,00-99,QANTAS AIRWAYS (QF),AU,uatp,credit
108163,00-99,QANTAS AIRWAYS (QF),AU,uatp,credit
108164,00-99,QANTAS AIRWAYS (QF),AU,uatp,credit
108165,00-99,QANTAS AIRWAYS (QF),AU,uatp,credit
108166,00-99,QANTAS AIRWAYS (QF),AU,uatp,credit
108167,00-99,QANTAS AIRWAYS (QF),AU,uatp,credit
108168,00-99,QANTAS AIRWAYS (QF),AU,uatp,credit
108169,00-99,QANTAS AIRWAYS (QF),AU,uatp,credit
108170,00-99,QANTAS AIRWAYS (QF),AU,uatp,credit
108171,00-99,QANTAS AIRWAYS (QF),AU,uatp,credit
108172,00-99,QANTAS AIRWAYS (QF),AU,uatp,credit
108173,00-99,QANTAS AIRWAYS (QF),AU,uatp,credit
108174,00-99,QANTAS AIRWAYS (QF),AU,uatp,credit
108175,00-99,QANTAS AIRWAYS (QF),AU,uatp,credit
108176,00-99,QANTAS AIRWAYS (QF),AU,uatp,credit
108177,00-99,QANTAS AIRWAYS (QF),AU,uatp,credit
108178,00-99,QANTAS AIRWAYS (QF),AU,uatp,credit
108179,00-99,QANTAS AIRWAYS (QF),AU,uatp,credit
108180,00-99,QANTAS AIRWAYS (QF),AU,uatp,credit
108181,00-99,QANTAS AIRWAYS (QF),AU,uatp,credit
108182,00-99,QANTAS AIRWAYS (QF),AU,uatp,credit
108183,00-99,QANTAS AIRWAYS (QF),AU,uatp,credit
108184,00-99,QANTAS AIRWAYS (QF),AU,uatp,credit
108185,00-99,QANTAS AIRWAYS (QF),AU,uatp,credit
108186,00-99,QANTAS AIRWAYS (QF),AU,uatp,credit
108187,00-99,QANTAS AIRWAYS (QF),AU,uatp,credit
108188,00-99,QANTAS AIRWAYS (QF),AU,uatp,credit
108189,00-99,QANTAS AIRWAYS (QF),AU,uatp,credit
108190,00-99,QANTAS AIRWAYS (QF),AU,uatp,credit
108191,00-99,QANTAS AIRWAYS (QF),AU,uatp,credit
108192,00-99,QANTAS AIRWAYS (QF),AU,uatp,credit
108193,00-99,QANTAS AIRWAYS (QF),AU,uatp,credit
108194,00-99,QANTAS AIRWAYS (QF),AU,uatp,credit
108195,00-99,QANTAS AIRWAYS (QF),AU,uatp,credit
108196,00-99,QANTAS AIRWAYS (QF),AU,uatp,credit
108197,00-99,QANTAS AIRWAYS (QF),AU,uatp,credit
108198,00-99,QANTAS AIRWAYS (QF),AU,uatp,credit
108199,00-99,QANTAS AIRWAYS (QF),AU,uatp,credit
108600,00-99,AIR NEW ZEALAND (NZ),NZ,uatp,credit
108601,00-99,AIR NEW ZEALAND (NZ),NZ,uatp,credit
108602,00-99,AIR NEW ZEALAND (NZ),NZ,uatp,credit
108603,00-99,AIR NEW ZEALAND (NZ),NZ,uatp,credit
108604,00-99,AIR NEW ZEALAND (NZ),NZ,uatp,credit
108605,00-99,AIR NEW ZEALAND (NZ),NZ,uatp,credit
108606,00-99,AIR NEW ZEALAND (NZ),NZ,uatp,credit
108607,00-99,AIR NEW ZEALAND (NZ),NZ,uatp,credit
108608,00-99,AIR NEW ZEALAND (NZ),NZ,uatp,credit
108609,00-99,AIR NEW ZEALAND (NZ),NZ,uatp,credit
108610,00-99,AIR NEW ZEALAND (NZ),NZ,uatp,credit
108611,00-99,AIR NEW ZEALAND (NZ),NZ,uatp,credit
108612,00-99,AIR NEW ZEALAND (NZ),NZ,uatp,credit
108613,00-99,AIR NEW ZEALAND (NZ),NZ,uatp,credit
108614,00-99,AIR NEW ZEALAND (NZ),NZ,uatp,credit
108615,00-99,AIR NEW ZEALAND (NZ),NZ,uatp,credit
108616,00-99,AIR NEW ZEALAND (NZ),NZ,uatp,credit
108617,00-99,AIR NEW ZEALAND (NZ),NZ,uatp,credit
108618,00-99,AIR NEW ZEALAND (NZ),NZ,uatp,credit
108619,00-99,AIR NEW ZEALAND (NZ),NZ,uatp,credit
108620,00-99,AIR NEW ZEALAND (NZ),NZ,uatp,credit
108621,00-99,AIR NEW ZEALAND (NZ),NZ,uatp,credit
108622,00-99,AIR NEW ZEALAND (NZ),NZ,uatp,credit
108623,00-99,AIR NEW ZEALAND (NZ),NZ,uatp,credit
108624,00-99,AIR NEW ZEALAND (NZ),NZ,uatp,credit
108625,00-99,AIR NEW ZEALAND (NZ),NZ,uatp,credit
108626,00-99,AIR NEW ZEALAND (NZ),NZ,uatp,credit
108627,00-99,AIR NEW ZEALAND (NZ),NZ,uatp,credit
108628,00-99,AIR NEW ZEALAND (NZ),NZ,uatp,credit
108629,00-99,AIR NEW ZEALAND (NZ),NZ,uatp,credit
108630,00-99,AIR NEW ZEALAND (NZ),NZ,uatp,credit
108631,00-99,AIR NEW ZEALAND (NZ),NZ,uatp,credit
108632,00-99,AIR NEW ZEALAND (NZ),NZ,uatp,credit
108633,00-99,AIR NEW ZEALAND (NZ),NZ,uatp,credit
108634,00-99,AIR NEW ZEALAND (NZ),NZ,uatp,credit
108635,00-99,AIR NEW ZEALAND (NZ),NZ,uatp,credit
108636,00-99,AIR NEW ZEALAND (NZ),NZ,uatp,credit
108637,00-99,AIR NEW ZEALAND (NZ),NZ,uatp,credit
108638,00-99,AIR NEW ZEALAND (NZ),NZ,uatp,credit
108639,00-99,AIR NEW ZEALAND (NZ),NZ,uatp,credit
108640,00-99,AIR NEW ZEALAND (NZ),NZ,uatp,credit
108641,00-99,AIR NEW ZEALAND (NZ),NZ,uatp,credit
108642,00-99,AIR NEW ZEALAND (NZ),NZ,uatp,credit
108643,00-99,AIR NEW ZEALAND (NZ),NZ,uatp,credit
108644,00-99,AIR NEW ZEALAND (NZ),NZ,uatp,credit
108645,00-99,AIR NEW ZEALAND (NZ),NZ,uatp,credit
108646,00-99,AIR NEW ZEALAND (NZ),NZ,uatp,credit
108647,00-99,AIR NEW ZEALAND (NZ),NZ,uatp,credit
108648,00-99,AIR NEW ZEALAND (NZ),NZ,uatp,credit
108649,00-99,AIR NEW ZEALAND (NZ),NZ,uatp,credit
108650,00-99,AIR NEW ZEALAND (NZ),NZ,uatp,credit
108651,00-99,AIR NEW ZEALAND (NZ),NZ,uatp,credit
108652,00-99,AIR NEW ZEALAND (NZ),NZ,uatp,credit
108653,00-99,AIR NEW ZEALAND (NZ),NZ,uatp,credit
108654,00-99,AIR NEW ZEALAND (NZ),NZ,uatp,credit
108655,00-99,AIR NEW ZEALAND (NZ),NZ,uatp,credit
108656,00-99,AIR NEW ZEALAND (NZ),NZ,uatp,credit
108657,00-99,AIR NEW ZEALAND (NZ),NZ,uatp,credit
108658,00-99,AIR NEW ZEALAND (NZ),NZ,uatp,credit
108659,00-99,AIR NEW ZEALAND (NZ),NZ,uatp,credit
108660,00-99,AIR NEW ZEALAND (NZ),NZ,uatp,credit
108661,00-99,AIR NEW ZEALAND (NZ),NZ,uatp,credit
108662,00-99,AIR NEW ZEALAND (NZ),NZ,uatp,credit
108663,00-99,AIR NEW ZEALAND (NZ),NZ,uatp,credit
108664,00-99,AIR NEW ZEALAND (NZ),NZ,uatp,credit
108665,00-99,AIR NEW ZEALAND (NZ),NZ,uatp,credit
108666,00-99,AIR NEW ZEALAND (NZ),NZ,uatp,credit
108667,00-99,AIR NEW ZEALAND (NZ),NZ,uatp,credit
108668,00-99,AIR NEW ZEALAND (NZ),NZ,uatp,credit
108669,00-99,AIR NEW ZEALAND (NZ),NZ,uatp,credit
108670,00-99,AIR NEW ZEALAND (NZ),NZ,uatp,credit
108671,00-99,AIR NEW ZEALAND (NZ),NZ,uatp,credit
108672,00-99,AIR NEW ZEALAND (NZ),NZ,uatp,credit
108673,00-99,AIR NEW ZEALAND (NZ),NZ,uatp,credit
108674,00-99,AIR NEW ZEALAND (NZ),NZ,uatp,credit
108675,00-99,AIR NEW ZEALAND (NZ),NZ,uatp,credit
108676,00-99,AIR NEW ZEALAND (NZ),NZ,uatp,credit
108677,00-99,AIR NEW ZEALAND (NZ),NZ,uatp,credit
108678,00-99,AIR NEW ZEALAND (NZ),NZ,uatp,credit
108679,00-99,AIR NEW ZEALAND (NZ),NZ,uatp,credit
108680,00-99,AIR NEW ZEALAND (NZ),NZ,uatp,credit
108681,00-99,AIR NEW ZEALAND (NZ),NZ,uatp,credit
108682,00-99,AIR NEW ZEALAND (NZ),NZ,uatp,credit
108683,00-99,AIR NEW ZEALAND (NZ),NZ,uatp,credit
108684,00-99,AIR NEW ZEALAND (NZ),NZ,uatp,credit
108685,00-99,AIR NEW ZEALAND (NZ),NZ,uatp,credit
108686,00-99,AIR NEW ZEALAND (NZ),NZ,uatp,credit
108687,00-99,AIR NEW ZEALAND (NZ),NZ,uatp,credit
108688,00-99,AIR NEW ZEALAND (NZ),NZ,uatp,credit
108689,00-99,AIR NEW ZEALAND (NZ),NZ,uatp,credit
108690,00-99,AIR NEW ZEALAND (NZ),NZ,uatp,credit
108691,00-99,AIR NEW ZEALAND (NZ),NZ,uatp,credit
108692,00-99,AIR NEW ZEALAND (NZ),NZ,uatp,credit
108693,00-99,AIR NEW ZEALAND (NZ),NZ,uatp,credit
108694,00-99,AIR NEW ZEALAND (NZ),NZ,uatp,credit
108695,00-99,AIR NEW ZEALAND (NZ),NZ,uatp,credit
108696,00-99,AIR NEW ZEALAND (NZ),NZ,uatp,credit
108697,00-99,AIR NEW ZEALAND (NZ),NZ,uatp,credit
108698,00-99,AIR NEW ZEALAND (NZ),NZ,uatp,credit
108699,00-99,AIR NEW ZEALAND (NZ),NZ,uatp,credit
