BIN6,Ranges,Issuer,Country,Brand,Type
110001,00-99,BOSE - TDFS,CA,private label,debit
110002,00-99,BOSE - TDFS,CA,private label,debit
110003,00-99,BOSE - TDFS,CA,private label,debit
110004,00-99,BOSE - TDFS,CA,private label,debit
110005,00-99,BOSE - TDFS,CA,private label,debit
110006,00-99,BOSE - TDFS,CA,private label,debit
110007,00-99,BOSE - TDFS,CA,private label,debit
110008,00-99,BOSE - TDFS,CA,private label,debit
110009,00-99,BOSE - TDFS,CA,private label,debit
110010,00-99,BOSE - TDFS,CA,private label,debit
110011,00-99,BOSE - TDFS,CA,private label,debit
110012,00-99,BOSE - TDFS,CA,private label,debit
110013,00-99,BOSE - TDFS,CA,private label,debit
110014,00-99,BOSE - TDFS,CA,private label,debit
110015,00-99,BOSE - TDFS,CA,private label,debit
110016,00-99,BOSE - TDFS,CA,private label,debit
110017,00-99,BOSE - TDFS,CA,private label,debit
110018,00-99,BOSE - TDFS,CA,private label,debit
110019,00-99,BOSE - TDFS,CA,private label,debit
110020,00-99,BOSE - TDFS,CA,private label,debit
110021,00-99,BOSE - TDFS,CA,private label,debit
110022,00-99,BOSE - TDFS,CA,private label,debit
110023,00-99,BOSE - TDFS,CA,private label,debit
110024,00-99,BOSE - TDFS,CA,private label,debit
110025,00-99,BOSE - TDFS,CA,private label,debit
110026,00-99,BOSE - TDFS,CA,private label,debit
110027,00-99,BOSE - TDFS,CA,private label,debit
110028,00-99,BOSE - TDFS,CA,private label,debit
110029,00-99,BOSE - TDFS,CA,private label,debit
110030,00-99,BOSE - TDFS,CA,private label,debit
110031,00-99,BOSE - TDFS,CA,private label,debit
110032,00-99,BOSE - TDFS,CA,private label,debit
110033,00-99,BOSE - TDFS,CA,private label,debit
110034,00-99,BOSE - TDFS,CA,private label,debit
110035,00-99,BOSE - TDFS,CA,private label,debit
110036,00-99,BOSE - TDFS,CA,private label,debit
110037,00-99,BOSE - TDFS,CA,private label,debit
110038,00-99,BOSE - TDFS,CA,private label,debit
110039,00-99,BOSE - TDFS,CA,private label,debit
110040,00-99,BOSE - TDFS,CA,private label,debit
110041,00-99,BOSE - TDFS,CA,private label,debit
110042,00-99,BOSE - TDFS,CA,private label,debit
110043,00-99,BOSE - TDFS,CA,private label,debit
110044,00-99,BOSE - TDFS,CA,private label,debit
110045,00-99,BOSE - TDFS,CA,private label,debit
110046,00-99,BOSE - TDFS,CA,private label,debit
110047,00-99,BOSE - TDFS,CA,private label,debit
110048,00-99,BOSE - TDFS,CA,private label,debit
110049,00-99,BOSE - TDFS,CA,private label,debit
110050,00-99,BOSE - TDFS,CA,private label,debit
110051,00-99,BOSE - TDFS,CA,private label,debit
110052,00-99,BOSE - TDFS,CA,private label,debit
110053,00-99,BOSE - TDFS,CA,private label,debit
110054,00-99,BOSE - TDFS,CA,private label,debit
110055,00-99,BOSE - TDFS,CA,private label,debit
110056,00-99,BOSE - TDFS,CA,private label,debit
110057,00-99,BOSE - TDFS,CA,private label,debit
110058,00-99,BOSE - TDFS,CA,private label,debit
110059,00-99,BOSE - TDFS,CA,private label,debit
110060,00-99,BOSE - TDFS,CA,private label,debit
110061,00-99,BOSE - TDFS,CA,private label,debit
110062,00-99,BOSE - TDFS,CA,private label,debit
110063,00-99,BOSE - TDFS,CA,private label,debit
110064,00-99,BOSE - TDFS,CA,private label,debit
110065,00-99,BOSE - TDFS,CA,private label,debit
110066,00-99,BOSE - TDFS,CA,private label,debit
110067,00-99,BOSE - TDFS,CA,private label,debit
110068,00-99,BOSE - TDFS,CA,private label,debit
110069,00-99,BOSE - TDFS,CA,private label,debit
110070,00-99,BOSE - TDFS,CA,private label,debit
110071,00-99,BOSE - TDFS,CA,private label,debit
110072,00-99,BOSE - TDFS,CA,private label,debit
110073,00-99,BOSE - TDFS,CA,private label,debit
110074,00-99,BOSE - TDFS,CA,private label,debit
110075,00-99,BOSE - TDFS,CA,private label,debit
110076,00-99,BOSE - TDFS,CA,private label,debit
110077,00-99,BOSE - TDFS,CA,private label,debit
110078,00-99,BOSE - TDFS,CA,private label,debit
110079,00-99,BOSE - TDFS,CA,private label,debit
110080,00-99,BOSE - TDFS,CA,private label,debit
110081,00-99,BOSE - TDFS,CA,private label,debit
110082,00-99,BOSE - TDFS,CA,private label,debit
110083,00-99,BOSE - TDFS,CA,private label,debit
110084,00-99,BOSE - TDFS,CA,private label,debit
110085,00-99,BOSE - TDFS,CA,private label,debit
110086,00-99,BOSE - TDFS,CA,private label,debit
110087,00-99,BOSE - TDFS,CA,private label,debit
110088,00-99,BOSE - TDFS,CA,private label,debit
110089,00-99,BOSE - TDFS,CA,private label,debit
110090,00-99,BOSE - TDFS,CA,private label,debit
110091,00-99,BOSE - TDFS,CA,private label,debit
110092,00-99,BOSE - TDFS,CA,private label,debit
110093,00-99,BOSE - TDFS,CA,private label,debit
110094,00-99,BOSE - TDFS,CA,private label,debit
110095,00-99,BOSE - TDFS,CA,private label,debit
110096,00-99,BOSE - TDFS,CA,private label,debit
110097,00-99,BOSE - TDFS,CA,private label,debit
110098,00-99,BOSE - TDFS,CA,private label,debit
110099,00-99,BOSE - TDFS,CA,private label,debit
110100,00-99,BOSE - TDFS,CA,private label,debit
110101,00-99,BOSE - TDFS,CA,private label,debit
110102,00-99,BOSE - TDFS,CA,private label,debit
110103,00-99,BOSE - TDFS,CA,private label,debit
110104,00-99,BOSE - TDFS,CA,private label,debit
110105,00-99,BOSE - TDFS,CA,private label,debit
110106,00-99,BOSE - TDFS,CA,private label,debit
110107,00-99,BOSE - TDFS,CA,private label,debit
110108,00-99,BOSE - TDFS,CA,private label,debit
110109,00-99,BOSE - TDFS,CA,private label,debit
110110,00-99,BOSE - TDFS,CA,private label,debit
110111,00-99,BOSE - TDFS,CA,private label,debit
110112,00-99,BOSE - TDFS,CA,private label,debit
110113,00-99,BOSE - TDFS,CA,private label,debit
110114,00-99,BOSE - TDFS,CA,private label,debit
110115,00-99,BOSE - TDFS,CA,private label,debit
110116,00-99,BOSE - TDFS,CA,private label,debit
110117,00-99,BOSE - TDFS,CA,private label,debit
110118,00-99,BOSE - TDFS,CA,private label,debit
110119,00-99,BOSE - TDFS,CA,private label,debit
110120,00-99,BOSE - TDFS,CA,private label,debit
110121,00-99,BOSE - TDFS,CA,private label,debit
110122,00-99,BOSE - TDFS,CA,private label,debit
110123,00-99,BOSE - TDFS,CA,private label,debit
110124,00-99,BOSE - TDFS,CA,private label,debit
110125,00-99,BOSE - TDFS,CA,private label,debit
110126,00-99,BOSE - TDFS,CA,private label,debit
110127,00-99,BOSE - TDFS,CA,private label,debit
110128,00-99,BOSE - TDFS,CA,private label,debit
110129,00-99,BOSE - TDFS,CA,private label,debit
110130,00-99,BOSE - TDFS,CA,private label,debit
110131,00-99,BOSE - TDFS,CA,private label,debit
110132,00-99,BOSE - TDFS,CA,private label,debit
110133,00-99,BOSE - TDFS,CA,private label,debit
110134,00-99,BOSE - TDFS,CA,private label,debit
110135,00-99,BOSE - TDFS,CA,private label,debit
110136,00-99,BOSE - TDFS,CA,private label,debit
110137,00-99,BOSE - TDFS,CA,private label,debit
110138,00-99,BOSE - TDFS,CA,private label,debit
110139,00-99,BOSE - TDFS,CA,private label,debit
110140,00-99,BOSE - TDFS,CA,private label,debit
110141,00-99,BOSE - TDFS,CA,private label,debit
110142,00-99,BOSE - TDFS,CA,private label,debit
110143,00-99,BOSE - TDFS,CA,private label,debit
110144,00-99,BOSE - TDFS,CA,private label,debit
110145,00-99,BOSE - TDFS,CA,private label,debit
110146,00-99,BOSE - TDFS,CA,private label,debit
110147,00-99,BOSE - TDFS,CA,private label,debit
110148,00-99,BOSE - TDFS,CA,private label,debit
110149,00-99,BOSE - TDFS,CA,private label,debit
110150,00-99,BOSE - TDFS,CA,private label,debit
110151,00-99,BOSE - TDFS,CA,private label,debit
110152,00-99,BOSE - TDFS,CA,private label,debit
110153,00-99,BOSE - TDFS,CA,private label,debit
110154,00-99,BOSE - TDFS,CA,private label,debit
110155,00-99,BOSE - TDFS,CA,private label,debit
110156,00-99,BOSE - TDFS,CA,private label,debit
110157,00-99,BOSE - TDFS,CA,private label,debit
110158,00-99,BOSE - TDFS,CA,private label,debit
110159,00-99,BOSE - TDFS,CA,private label,debit
110160,00-99,BOSE - TDFS,CA,private label,debit
110161,00-99,BOSE - TDFS,CA,private label,debit
110162,00-99,BOSE - TDFS,CA,private label,debit
110163,00-99,BOSE - TDFS,CA,private label,debit
110164,00-99,BOSE - TDFS,CA,private label,debit
110165,00-99,BOSE - TDFS,CA,private label,debit
110166,00-99,BOSE - TDFS,CA,private label,debit
110167,00-99,BOSE - TDFS,CA,private label,debit
110168,00-99,BOSE - TDFS,CA,private label,debit
110169,00-99,BOSE - TDFS,CA,private label,debit
110170,00-99,BOSE - TDFS,CA,private label,debit
110171,00-99,BOSE - TDFS,CA,private label,debit
110172,00-99,BOSE - TDFS,CA,private label,debit
110173,00-99,BOSE - TDFS,CA,private label,debit
110174,00-99,BOSE - TDFS,CA,private label,debit
110175,00-99,BOSE - TDFS,CA,private label,debit
110176,00-99,BOSE - TDFS,CA,private label,debit
110177,00-99,BOSE - TDFS,CA,private label,debit
110178,00-99,BOSE - TDFS,CA,private label,debit
110179,00-99,BOSE - TDFS,CA,private label,debit
110180,00-99,BOSE - TDFS,CA,private label,debit
110181,00-99,BOSE - TDFS,CA,private label,debit
110182,00-99,BOSE - TDFS,CA,private label,debit
110183,00-99,BOSE - TDFS,CA,private label,debit
110184,00-99,BOSE - TDFS,CA,private label,debit
110185,00-99,BOSE - TDFS,CA,private label,debit
110186,00-99,BOSE - TDFS,CA,private label,debit
110187,00-99,BOSE - TDFS,CA,private label,debit
110188,00-99,BOSE - TDFS,CA,private label,debit
110189,00-99,BOSE - TDFS,CA,private label,debit
110190,00-99,BOSE - TDFS,CA,private label,debit
110191,00-99,BOSE - TDFS,CA,private label,debit
110192,00-99,BOSE - TDFS,CA,private label,debit
110193,00-99,BOSE - TDFS,CA,private label,debit
110194,00-99,BOSE - TDFS,CA,private label,debit
110195,00-99,BOSE - TDFS,CA,private label,debit
110196,00-99,BOSE - TDFS,CA,private label,debit
110197,00-99,BOSE - TDFS,CA,private label,debit
110198,00-99,BOSE - TDFS,CA,private label,debit
110199,00-99,BOSE - TDFS,CA,private label,debit
110200,00-99,BOSE - TDFS,CA,private label,debit
110201,00-99,BOSE - TDFS,CA,private label,debit
110202,00-99,BOSE - TDFS,CA,private label,debit
110203,00-99,BOSE - TDFS,CA,private label,debit
110204,00-99,BOSE - TDFS,CA,private label,debit
110205,00-99,BOSE - TDFS,CA,private label,debit
110206,00-99,BOSE - TDFS,CA,private label,debit
110207,00-99,BOSE - TDFS,CA,private label,debit
110208,00-99,BOSE - TDFS,CA,private label,debit
110209,00-99,BOSE - TDFS,CA,private label,debit
110210,00-99,BOSE - TDFS,CA,private label,debit
110211,00-99,BOSE - TDFS,CA,private label,debit
110212,00-99,BOSE - TDFS,CA,private label,debit
110213,00-99,BOSE - TDFS,CA,private label,debit
110214,00-99,BOSE - TDFS,CA,private label,debit
110215,00-99,BOSE - TDFS,CA,private label,debit
110216,00-99,BOSE - TDFS,CA,private label,debit
110217,00-99,BOSE - TDFS,CA,private label,debit
110218,00-99,BOSE - TDFS,CA,private label,debit
110219,00-99,BOSE - TDFS,CA,private label,debit
110220,00-99,BOSE - TDFS,CA,private label,debit
110221,00-99,BOSE - TDFS,CA,private label,debit
110222,00-99,BOSE - TDFS,CA,private label,debit
110223,00-99,BOSE - TDFS,CA,private label,debit
110224,00-99,BOSE - TDFS,CA,private label,debit
110225,00-99,BOSE - TDFS,CA,private label,debit
110226,00-99,BOSE - TDFS,CA,private label,debit
110227,00-99,BOSE - TDFS,CA,private label,debit
110228,00-99,BOSE - TDFS,CA,private label,debit
110229,00-99,BOSE - TDFS,CA,private label,debit
110230,00-99,BOSE - TDFS,CA,private label,debit
110231,00-99,BOSE - TDFS,CA,private label,debit
110232,00-99,BOSE - TDFS,CA,private label,debit
110233,00-99,BOSE - TDFS,CA,private label,debit
110234,00-99,BOSE - TDFS,CA,private label,debit
110235,00-99,BOSE - TDFS,CA,private label,debit
110236,00-99,BOSE - TDFS,CA,private label,debit
110237,00-99,BOSE - TDFS,CA,private label,debit
110238,00-99,BOSE - TDFS,CA,private label,debit
110239,00-99,BOSE - TDFS,CA,private label,debit
110240,00-99,BOSE - TDFS,CA,private label,debit
110241,00-99,BOSE - TDFS,CA,private label,debit
110242,00-99,BOSE - TDFS,CA,private label,debit
110243,00-99,BOSE - TDFS,CA,private label,debit
110244,00-99,BOSE - TDFS,CA,private label,debit
110245,00-99,BOSE - TDFS,CA,private label,debit
110246,00-99,BOSE - TDFS,CA,private label,debit
110247,00-99,BOSE - TDFS,CA,private label,debit
110248,00-99,BOSE - TDFS,CA,private label,debit
110249,00-99,BOSE - TDFS,CA,private label,debit
110250,00-99,BOSE - TDFS,CA,private label,debit
110251,00-99,BOSE - TDFS,CA,private label,debit
110252,00-99,BOSE - TDFS,CA,private label,debit
110253,00-99,BOSE - TDFS,CA,private label,debit
110254,00-99,BOSE - TDFS,CA,private label,debit
110255,00-99,BOSE - TDFS,CA,private label,debit
110256,00-99,BOSE - TDFS,CA,private label,debit
110257,00-99,BOSE - TDFS,CA,private label,debit
110258,00-99,BOSE - TDFS,CA,private label,debit
110259,00-99,BOSE - TDFS,CA,private label,debit
110260,00-99,BOSE - TDFS,CA,private label,debit
110261,00-99,BOSE - TDFS,CA,private label,debit
110262,00-99,BOSE - TDFS,CA,private label,debit
110263,00-99,BOSE - TDFS,CA,private label,debit
110264,00-99,BOSE - TDFS,CA,private label,debit
110265,00-99,BOSE - TDFS,CA,private label,debit
110266,00-99,BOSE - TDFS,CA,private label,debit
110267,00-99,BOSE - TDFS,CA,private label,debit
110268,00-99,BOSE - TDFS,CA,private label,debit
110269,00-99,BOSE - TDFS,CA,private label,debit
110270,00-99,BOSE - TDFS,CA,private label,debit
110271,00-99,BOSE - TDFS,CA,private label,debit
110272,00-99,BOSE - TDFS,CA,private label,debit
110273,00-99,BOSE - TDFS,CA,private label,debit
110274,00-99,BOSE - TDFS,CA,private label,debit
110275,00-99,BOSE - TDFS,CA,private label,debit
110276,00-99,BOSE - TDFS,CA,private label,debit
110277,00-99,BOSE - TDFS,CA,private label,debit
110278,00-99,BOSE - TDFS,CA,private label,debit
110279,00-99,BOSE - TDFS,CA,private label,debit
110280,00-99,BOSE - TDFS,CA,private label,debit
110281,00-99,BOSE - TDFS,CA,private label,debit
110282,00-99,BOSE - TDFS,CA,private label,debit
110283,00-99,BOSE - TDFS,CA,private label,debit
110284,00-99,BOSE - TDFS,CA,private label,debit
110285,00-99,BOSE - TDFS,CA,private label,debit
110286,00-99,BOSE - TDFS,CA,private label,debit
110287,00-99,BOSE - TDFS,CA,private label,debit
110288,00-99,BOSE - TDFS,CA,private label,debit
110289,00-99,BOSE - TDFS,CA,private label,debit
110290,00-99,BOSE - TDFS,CA,private label,debit
110291,00-99,BOSE - TDFS,CA,private label,debit
110292,00-99,BOSE - TDFS,CA,private label,debit
110293,00-99,BOSE - TDFS,CA,private label,debit
110294,00-99,BOSE - TDFS,CA,private label,debit
110295,00-99,BOSE - TDFS,CA,private label,debit
110296,00-99,BOSE - TDFS,CA,private label,debit
110297,00-99,BOSE - TDFS,CA,private label,debit
110298,00-99,BOSE - TDFS,CA,private label,debit
110299,00-99,BOSE - TDFS,CA,private label,debit
110300,00-99,BOSE - TDFS,CA,private label,debit
110301,00-99,BOSE - TDFS,CA,private label,debit
110302,00-99,BOSE - TDFS,CA,private label,debit
110303,00-99,BOSE - TDFS,CA,private label,debit
110304,00-99,BOSE - TDFS,CA,private label,debit
110305,00-99,BOSE - TDFS,CA,private label,debit
110306,00-99,BOSE - TDFS,CA,private label,debit
110307,00-99,BOSE - TDFS,CA,private label,debit
110308,00-99,BOSE - TDFS,CA,private label,debit
110309,00-99,BOSE - TDFS,CA,private label,debit
110310,00-99,BOSE - TDFS,CA,private label,debit
110311,00-99,BOSE - TDFS,CA,private label,debit
110312,00-99,BOSE - TDFS,CA,private label,debit
110313,00-99,BOSE - TDFS,CA,private label,debit
110314,00-99,BOSE - TDFS,CA,private label,debit
110315,00-99,BOSE - TDFS,CA,private label,debit
110316,00-99,BOSE - TDFS,CA,private label,debit
110317,00-99,BOSE - TDFS,CA,private label,debit
110318,00-99,BOSE - TDFS,CA,private label,debit
110319,00-99,BOSE - TDFS,CA,private label,debit
110320,00-99,BOSE - TDFS,CA,private label,debit
110321,00-99,BOSE - TDFS,CA,private label,debit
110322,00-99,BOSE - TDFS,CA,private label,debit
110323,00-99,BOSE - TDFS,CA,private label,debit
110324,00-99,BOSE - TDFS,CA,private label,debit
110325,00-99,BOSE - TDFS,CA,private label,debit
110326,00-99,BOSE - TDFS,CA,private label,debit
110327,00-99,BOSE - TDFS,CA,private label,debit
110328,00-99,BOSE - TDFS,CA,private label,debit
110329,00-99,BOSE - TDFS,CA,private label,debit
110330,00-99,BOSE - TDFS,CA,private label,debit
110331,00-99,BOSE - TDFS,CA,private label,debit
110332,00-99,BOSE - TDFS,CA,private label,debit
110333,00-99,BOSE - TDFS,CA,private label,debit
110334,00-99,BOSE - TDFS,CA,private label,debit
110335,00-99,BOSE - TDFS,CA,private label,debit
110336,00-99,BOSE - TDFS,CA,private label,debit
110337,00-99,BOSE - TDFS,CA,private label,debit
110338,00-99,BOSE - TDFS,CA,private label,debit
110339,00-99,BOSE - TDFS,CA,private label,debit
110340,00-99,BOSE - TDFS,CA,private label,debit
110341,00-99,BOSE - TDFS,CA,private label,debit
110342,00-99,BOSE - TDFS,CA,private label,debit
110343,00-99,BOSE - TDFS,CA,private label,debit
110344,00-99,BOSE - TDFS,CA,private label,debit
110345,00-99,BOSE - TDFS,CA,private label,debit
110346,00-99,BOSE - TDFS,CA,private label,debit
110347,00-99,BOSE - TDFS,CA,private label,debit
110348,00-99,BOSE - TDFS,CA,private label,debit
110349,00-99,BOSE - TDFS,CA,private label,debit
110350,00-99,BOSE - TDFS,CA,private label,debit
110351,00-99,BOSE - TDFS,CA,private label,debit
110352,00-99,BOSE - TDFS,CA,private label,debit
110353,00-99,BOSE - TDFS,CA,private label,debit
110354,00-99,BOSE - TDFS,CA,private label,debit
110355,00-99,BOSE - TDFS,CA,private label,debit
110356,00-99,BOSE - TDFS,CA,private label,debit
110357,00-99,BOSE - TDFS,CA,private label,debit
110358,00-99,BOSE - TDFS,CA,private label,debit
110359,00-99,BOSE - TDFS,CA,private label,debit
110360,00-99,BOSE - TDFS,CA,private label,debit
110361,00-99,BOSE - TDFS,CA,private label,debit
110362,00-99,BOSE - TDFS,CA,private label,debit
110363,00-99,BOSE - TDFS,CA,private label,debit
110364,00-99,BOSE - TDFS,CA,private label,debit
110365,00-99,BOSE - TDFS,CA,private label,debit
110366,00-99,BOSE - TDFS,CA,private label,debit
110367,00-99,BOSE - TDFS,CA,private label,debit
110368,00-99,BOSE - TDFS,CA,private label,debit
110369,00-99,BOSE - TDFS,CA,private label,debit
110370,00-99,BOSE - TDFS,CA,private label,debit
110371,00-99,BOSE - TDFS,CA,private label,debit
110372,00-99,BOSE - TDFS,CA,private label,debit
110373,00-99,BOSE - TDFS,CA,private label,debit
110374,00-99,BOSE - TDFS,CA,private label,debit
110375,00-99,BOSE - TDFS,CA,private label,debit
110376,00-99,BOSE - TDFS,CA,private label,debit
110377,00-99,BOSE - TDFS,CA,private label,debit
110378,00-99,BOSE - TDFS,CA,private label,debit
110379,00-99,BOSE - TDFS,CA,private label,debit
110380,00-99,BOSE - TDFS,CA,private label,debit
110381,00-99,BOSE - TDFS,CA,private label,debit
110382,00-99,BOSE - TDFS,CA,private label,debit
110383,00-99,BOSE - TDFS,CA,private label,debit
110384,00-99,BOSE - TDFS,CA,private label,debit
110385,00-99,BOSE - TDFS,CA,private label,debit
110386,00-99,BOSE - TDFS,CA,private label,debit
110387,00-99,BOSE - TDFS,CA,private label,debit
110388,00-99,BOSE - TDFS,CA,private label,debit
110389,00-99,BOSE - TDFS,CA,private label,debit
110390,00-99,BOSE - TDFS,CA,private label,debit
110391,00-99,BOSE - TDFS,CA,private label,debit
110392,00-99,BOSE - TDFS,CA,private label,debit
110393,00-99,BOSE - TDFS,CA,private label,debit
110394,00-99,BOSE - TDFS,CA,private label,debit
110395,00-99,BOSE - TDFS,CA,private label,debit
110396,00-99,BOSE - TDFS,CA,private label,debit
110397,00-99,BOSE - TDFS,CA,private label,debit
110398,00-99,BOSE - TDFS,CA,private label,debit
110399,00-99,BOSE - TDFS,CA,private label,debit
110400,00-99,BOSE - TDFS,CA,private label,debit
110401,00-99,BOSE - TDFS,CA,private label,debit
110402,00-99,BOSE - TDFS,CA,private label,debit
110403,00-99,BOSE - TDFS,CA,private label,debit
110404,00-99,BOSE - TDFS,CA,private label,debit
110405,00-99,BOSE - TDFS,CA,private label,debit
110406,00-99,BOSE - TDFS,CA,private label,debit
110407,00-99,BOSE - TDFS,CA,private label,debit
110408,00-99,BOSE - TDFS,CA,private label,debit
110409,00-99,BOSE - TDFS,CA,private label,debit
110410,00-99,BOSE - TDFS,CA,private label,debit
110411,00-99,BOSE - TDFS,CA,private label,debit
110412,00-99,BOSE - TDFS,CA,private label,debit
110413,00-99,BOSE - TDFS,CA,private label,debit
110414,00-99,BOSE - TDFS,CA,private label,debit
110415,00-99,BOSE - TDFS,CA,private label,debit
110416,00-99,BOSE - TDFS,CA,private label,debit
110417,00-99,BOSE - TDFS,CA,private label,debit
110418,00-99,BOSE - TDFS,CA,private label,debit
110419,00-99,BOSE - TDFS,CA,private label,debit
110420,00-99,BOSE - TDFS,CA,private label,debit
110421,00-99,BOSE - TDFS,CA,private label,debit
110422,00-99,BOSE - TDFS,CA,private label,debit
110423,00-99,BOSE - TDFS,CA,private label,debit
110424,00-99,BOSE - TDFS,CA,private label,debit
110425,00-99,BOSE - TDFS,CA,private label,debit
110426,00-99,BOSE - TDFS,CA,private label,debit
110427,00-99,BOSE - TDFS,CA,private label,debit
110428,00-99,BOSE - TDFS,CA,private label,debit
110429,00-99,BOSE - TDFS,CA,private label,debit
110430,00-99,BOSE - TDFS,CA,private label,debit
110431,00-99,BOSE - TDFS,CA,private label,debit
110432,00-99,BOSE - TDFS,CA,private label,debit
110433,00-99,BOSE - TDFS,CA,private label,debit
110434,00-99,BOSE - TDFS,CA,private label,debit
110435,00-99,BOSE - TDFS,CA,private label,debit
110436,00-99,BOSE - TDFS,CA,private label,debit
110437,00-99,BOSE - TDFS,CA,private label,debit
110438,00-99,BOSE - TDFS,CA,private label,debit
110439,00-99,BOSE - TDFS,CA,private label,debit
110440,00-99,BOSE - TDFS,CA,private label,debit
110441,00-99,BOSE - TDFS,CA,private label,debit
110442,00-99,BOSE - TDFS,CA,private label,debit
110443,00-99,BOSE - TDFS,CA,private label,debit
110444,00-99,BOSE - TDFS,CA,private label,debit
110445,00-99,BOSE - TDFS,CA,private label,debit
110446,00-99,BOSE - TDFS,CA,private label,debit
110447,00-99,BOSE - TDFS,CA,private label,debit
110448,00-99,BOSE - TDFS,CA,private label,debit
110449,00-99,BOSE - TDFS,CA,private label,debit
110450,00-99,BOSE - TDFS,CA,private label,debit
110451,00-99,BOSE - TDFS,CA,private label,debit
110452,00-99,BOSE - TDFS,CA,private label,debit
110453,00-99,BOSE - TDFS,CA,private label,debit
110454,00-99,BOSE - TDFS,CA,private label,debit
110455,00-99,BOSE - TDFS,CA,private label,debit
110456,00-99,BOSE - TDFS,CA,private label,debit
110457,00-99,BOSE - TDFS,CA,private label,debit
110458,00-99,BOSE - TDFS,CA,private label,debit
110459,00-99,BOSE - TDFS,CA,private label,debit
110460,00-99,BOSE - TDFS,CA,private label,debit
110461,00-99,BOSE - TDFS,CA,private label,debit
110462,00-99,BOSE - TDFS,CA,private label,debit
110463,00-99,BOSE - TDFS,CA,private label,debit
110464,00-99,BOSE - TDFS,CA,private label,debit
110465,00-99,BOSE - TDFS,CA,private label,debit
110466,00-99,BOSE - TDFS,CA,private label,debit
110467,00-99,BOSE - TDFS,CA,private label,debit
110468,00-99,BOSE - TDFS,CA,private label,debit
110469,00-99,BOSE - TDFS,CA,private label,debit
110470,00-99,BOSE - TDFS,CA,private label,debit
110471,00-99,BOSE - TDFS,CA,private label,debit
110472,00-99,BOSE - TDFS,CA,private label,debit
110473,00-99,BOSE - TDFS,CA,private label,debit
110474,00-99,BOSE - TDFS,CA,private label,debit
110475,00-99,BOSE - TDFS,CA,private label,debit
110476,00-99,BOSE - TDFS,CA,private label,debit
110477,00-99,BOSE - TDFS,CA,private label,debit
110478,00-99,BOSE - TDFS,CA,private label,debit
110479,00-99,BOSE - TDFS,CA,private label,debit
110480,00-99,BOSE - TDFS,CA,private label,debit
110481,00-99,BOSE - TDFS,CA,private label,debit
110482,00-99,BOSE - TDFS,CA,private label,debit
110483,00-99,BOSE - TDFS,CA,private label,debit
110484,00-99,BOSE - TDFS,CA,private label,debit
110485,00-99,BOSE - TDFS,CA,private label,debit
110486,00-99,BOSE - TDFS,CA,private label,debit
110487,00-99,BOSE - TDFS,CA,private label,debit
110488,00-99,BOSE - TDFS,CA,private label,debit
110489,00-99,BOSE - TDFS,CA,private label,debit
110490,00-99,BOSE - TDFS,CA,private label,debit
110491,00-99,BOSE - TDFS,CA,private label,debit
110492,00-99,BOSE - TDFS,CA,private label,debit
110493,00-99,BOSE - TDFS,CA,private label,debit
110494,00-99,BOSE - TDFS,CA,private label,debit
110495,00-99,BOSE - TDFS,CA,private label,debit
110496,00-99,BOSE - TDFS,CA,private label,debit
110497,00-99,BOSE - TDFS,CA,private label,debit
110498,00-99,BOSE - TDFS,CA,private label,debit
110499,00-99,BOSE - TDFS,CA,private label,debit
110500,00-99,FINNAIR OYJ (AY),FI,uatp,credit
110501,00-99,FINNAIR OYJ (AY),FI,uatp,credit
110502,00-99,FINNAIR OYJ (AY),FI,uatp,credit
110503,00-99,FINNAIR OYJ (AY),FI,uatp,credit
110504,00-99,FINNAIR OYJ (AY),FI,uatp,credit
110505,00-99,FINNAIR OYJ (AY),FI,uatp,credit
110506,00-99,FINNAIR OYJ (AY),FI,uatp,credit
110507,00-99,FINNAIR OYJ (AY),FI,uatp,credit
110508,00-99,FINNAIR OYJ (AY),FI,uatp,credit
110509,00-99,FINNAIR OYJ (AY),FI,uatp,credit
110510,00-99,FINNAIR OYJ (AY),FI,uatp,credit
110511,00-99,FINNAIR OYJ (AY),FI,uatp,credit
110512,00-99,FINNAIR OYJ (AY),FI,uatp,credit
110513,00-99,FINNAIR OYJ (AY),FI,uatp,credit
110514,00-99,FINNAIR OYJ (AY),FI,uatp,credit
110515,00-99,FINNAIR OYJ (AY),FI,uatp,credit
110516,00-99,FINNAIR OYJ (AY),FI,uatp,credit
110517,00-99,FINNAIR OYJ (AY),FI,uatp,credit
110518,00-99,FINNAIR OYJ (AY),FI,uatp,credit
110519,00-99,FINNAIR OYJ (AY),FI,uatp,credit
110520,00-99,FINNAIR OYJ (AY),FI,uatp,credit
110521,00-99,FINNAIR OYJ (AY),FI,uatp,credit
110522,00-99,FINNAIR OYJ (AY),FI,uatp,credit
110523,00-99,FINNAIR OYJ (AY),FI,uatp,credit
110524,00-99,FINNAIR OYJ (AY),FI,uatp,credit
110525,00-99,FINNAIR OYJ (AY),FI,uatp,credit
110526,00-99,FINNAIR OYJ (AY),FI,uatp,credit
110527,00-99,FINNAIR OYJ (AY),FI,uatp,credit
110528,00-99,FINNAIR OYJ (AY),FI,uatp,credit
110529,00-99,FINNAIR OYJ (AY),FI,uatp,credit
110530,00-99,FINNAIR OYJ (AY),FI,uatp,credit
110531,00-99,FINNAIR OYJ (AY),FI,uatp,credit
110532,00-99,FINNAIR OYJ (AY),FI,uatp,credit
110533,00-99,FINNAIR OYJ (AY),FI,uatp,credit
110534,00-99,FINNAIR OYJ (AY),FI,uatp,credit
110535,00-99,FINNAIR OYJ (AY),FI,uatp,credit
110536,00-99,FINNAIR OYJ (AY),FI,uatp,credit
110537,00-99,FINNAIR OYJ (AY),FI,uatp,credit
110538,00-99,FINNAIR OYJ (AY),FI,uatp,credit
110539,00-99,FINNAIR OYJ (AY),FI,uatp,credit
110540,00-99,FINNAIR OYJ (AY),FI,uatp,credit
110541,00-99,FINNAIR OYJ (AY),FI,uatp,credit
110542,00-99,FINNAIR OYJ (AY),FI,uatp,credit
110543,00-99,FINNAIR OYJ (AY),FI,uatp,credit
110544,00-99,FINNAIR OYJ (AY),FI,uatp,credit
110545,00-99,FINNAIR OYJ (AY),FI,uatp,credit
110546,00-99,FINNAIR OYJ (AY),FI,uatp,credit
110547,00-99,FINNAIR OYJ (AY),FI,uatp,credit
110548,00-99,FINNAIR OYJ (AY),FI,uatp,credit
110549,00-99,FINNAIR OYJ (AY),FI,uatp,credit
110550,00-99,FINNAIR OYJ (AY),FI,uatp,credit
110551,00-99,FINNAIR OYJ (AY),FI,uatp,credit
110552,00-99,FINNAIR OYJ (AY),FI,uatp,credit
110553,00-99,FINNAIR OYJ (AY),FI,uatp,credit
110554,00-99,FINNAIR OYJ (AY),FI,uatp,credit
110555,00-99,FINNAIR OYJ (AY),FI,uatp,credit
110556,00-99,FINNAIR OYJ (AY),FI,uatp,credit
110557,00-99,FINNAIR OYJ (AY),FI,uatp,credit
110558,00-99,FINNAIR OYJ (AY),FI,uatp,credit
110559,00-99,FINNAIR OYJ (AY),FI,uatp,credit
110560,00-99,FINNAIR OYJ (AY),FI,uatp,credit
110561,00-99,FINNAIR OYJ (AY),FI,uatp,credit
110562,00-99,FINNAIR OYJ (AY),FI,uatp,credit
110563,00-99,FINNAIR OYJ (AY),FI,uatp,credit
110564,00-99,FINNAIR OYJ (AY),FI,uatp,credit
110565,00-99,FINNAIR OYJ (AY),FI,uatp,credit
110566,00-99,FINNAIR OYJ (AY),FI,uatp,credit
110567,00-99,FINNAIR OYJ (AY),FI,uatp,credit
110568,00-99,FINNAIR OYJ (AY),FI,uatp,credit
110569,00-99,FINNAIR OYJ (AY),FI,uatp,credit
110570,00-99,FINNAIR OYJ (AY),FI,uatp,credit
110571,00-99,FINNAIR OYJ (AY),FI,uatp,credit
110572,00-99,FINNAIR OYJ (AY),FI,uatp,credit
110573,00-99,FINNAIR OYJ (AY),FI,uatp,credit
110574,00-99,FINNAIR OYJ (AY),FI,uatp,credit
110575,00-99,FINNAIR OYJ (AY),FI,uatp,credit
110576,00-99,FINNAIR OYJ (AY),FI,uatp,credit
110577,00-99,FINNAIR OYJ (AY),FI,uatp,credit
110578,00-99,FINNAIR OYJ (AY),FI,uatp,credit
110579,00-99,FINNAIR OYJ (AY),FI,uatp,credit
110580,00-99,FINNAIR OYJ (AY),FI,uatp,credit
110581,00-99,FINNAIR OYJ (AY),FI,uatp,credit
110582,00-99,FINNAIR OYJ (AY),FI,uatp,credit
110583,00-99,FINNAIR OYJ (AY),FI,uatp,credit
110584,00-99,FINNAIR OYJ (AY),FI,uatp,credit
110585,00-99,FINNAIR OYJ (AY),FI,uatp,credit
110586,00-99,FINNAIR OYJ (AY),FI,uatp,credit
110587,00-99,FINNAIR OYJ (AY),FI,uatp,credit
110588,00-99,FINNAIR OYJ (AY),FI,uatp,credit
110589,00-99,FINNAIR OYJ (AY),FI,uatp,credit
110590,00-99,FINNAIR OYJ (AY),FI,uatp,credit
110591,00-99,FINNAIR OYJ (AY),FI,uatp,credit
110592,00-99,FINNAIR OYJ (AY),FI,uatp,credit
110593,00-99,FINNAIR OYJ (AY),FI,uatp,credit
110594,00-99,FINNAIR OYJ (AY),FI,uatp,credit
110595,00-99,FINNAIR OYJ (AY),FI,uatp,credit
110596,00-99,FINNAIR OYJ (AY),FI,uatp,credit
110597,00-99,FINNAIR OYJ (AY),FI,uatp,credit
110598,00-99,FINNAIR OYJ (AY),FI,uatp,credit
110599,00-99,FINNAIR OYJ (AY),FI,uatp,credit
110600,00-99,BOSE - TDFS,CA,private label,debit
110601,00-99,BOSE - TDFS,CA,private label,debit
110602,00-99,BOSE - TDFS,CA,private label,debit
110603,00-99,BOSE - TDFS,CA,private label,debit
110604,00-99,BOSE - TDFS,CA,private label,debit
110605,00-99,BOSE - TDFS,CA,private label,debit
110606,00-99,BOSE - TDFS,CA,private label,debit
110607,00-99,BOSE - TDFS,CA,private label,debit
110608,00-99,BOSE - TDFS,CA,private label,debit
110609,00-99,BOSE - TDFS,CA,private label,debit
110610,00-99,BOSE - TDFS,CA,private label,debit
110611,00-99,BOSE - TDFS,CA,private label,debit
110612,00-99,BOSE - TDFS,CA,private label,debit
110613,00-99,BOSE - TDFS,CA,private label,debit
110614,00-99,BOSE - TDFS,CA,private label,debit
110615,00-99,BOSE - TDFS,CA,private label,debit
110616,00-99,BOSE - TDFS,CA,private label,debit
110617,00-99,BOSE - TDFS,CA,private label,debit
110618,00-99,BOSE - TDFS,CA,private label,debit
110619,00-99,BOSE - TDFS,CA,private label,debit
110620,00-99,BOSE - TDFS,CA,private label,debit
110621,00-99,BOSE - TDFS,CA,private label,debit
110622,00-99,BOSE - TDFS,CA,private label,debit
110623,00-99,BOSE - TDFS,CA,private label,debit
110624,00-99,BOSE - TDFS,CA,private label,debit
110625,00-99,BOSE - TDFS,CA,private label,debit
110626,00-99,BOSE - TDFS,CA,private label,debit
110627,00-99,BOSE - TDFS,CA,private label,debit
110628,00-99,BOSE - TDFS,CA,private label,debit
110629,00-99,BOSE - TDFS,CA,private label,debit
110630,00-99,BOSE - TDFS,CA,private label,debit
110631,00-99,BOSE - TDFS,CA,private label,debit
110632,00-99,BOSE - TDFS,CA,private label,debit
110633,00-99,BOSE - TDFS,CA,private label,debit
110634,00-99,BOSE - TDFS,CA,private label,debit
110635,00-99,BOSE - TDFS,CA,private label,debit
110636,00-99,BOSE - TDFS,CA,private label,debit
110637,00-99,BOSE - TDFS,CA,private label,debit
110638,00-99,BOSE - TDFS,CA,private label,debit
110639,00-99,BOSE - TDFS,CA,private label,debit
110640,00-99,BOSE - TDFS,CA,private label,debit
110641,00-99,BOSE - TDFS,CA,private label,debit
110642,00-99,BOSE - TDFS,CA,private label,debit
110643,00-99,BOSE - TDFS,CA,private label,debit
110644,00-99,BOSE - TDFS,CA,private label,debit
110645,00-99,BOSE - TDFS,CA,private label,debit
110646,00-99,BOSE - TDFS,CA,private label,debit
110647,00-99,BOSE - TDFS,CA,private label,debit
110648,00-99,BOSE - TDFS,CA,private label,debit
110649,00-99,BOSE - TDFS,CA,private label,debit
110650,00-99,BOSE - TDFS,CA,private label,debit
110651,00-99,BOSE - TDFS,CA,private label,debit
110652,00-99,BOSE - TDFS,CA,private label,debit
110653,00-99,BOSE - TDFS,CA,private label,debit
110654,00-99,BOSE - TDFS,CA,private label,debit
110655,00-99,BOSE - TDFS,CA,private label,debit
110656,00-99,BOSE - TDFS,CA,private label,debit
110657,00-99,BOSE - TDFS,CA,private label,debit
110658,00-99,BOSE - TDFS,CA,private label,debit
110659,00-99,BOSE - TDFS,CA,private label,debit
110660,00-99,BOSE - TDFS,CA,private label,debit
110661,00-99,BOSE - TDFS,CA,private label,debit
110662,00-99,BOSE - TDFS,CA,private label,debit
110663,00-99,BOSE - TDFS,CA,private label,debit
110664,00-99,BOSE - TDFS,CA,private label,debit
110665,00-99,BOSE - TDFS,CA,private label,debit
110666,00-99,BOSE - TDFS,CA,private label,debit
110667,00-99,BOSE - TDFS,CA,private label,debit
110668,00-99,BOSE - TDFS,CA,private label,debit
110669,00-99,BOSE - TDFS,CA,private label,debit
110670,00-99,BOSE - TDFS,CA,private label,debit
110671,00-99,BOSE - TDFS,CA,private label,debit
110672,00-99,BOSE - TDFS,CA,private label,debit
110673,00-99,BOSE - TDFS,CA,private label,debit
110674,00-99,BOSE - TDFS,CA,private label,debit
110675,00-99,BOSE - TDFS,CA,private label,debit
110676,00-99,BOSE - TDFS,CA,private label,debit
110677,00-99,BOSE - TDFS,CA,private label,debit
110678,00-99,BOSE - TDFS,CA,private label,debit
110679,00-99,BOSE - TDFS,CA,private label,debit
110680,00-99,BOSE - TDFS,CA,private label,debit
110681,00-99,BOSE - TDFS,CA,private label,debit
110682,00-99,BOSE - TDFS,CA,private label,debit
110683,00-99,BOSE - TDFS,CA,private label,debit
110684,00-99,BOSE - TDFS,CA,private label,debit
110685,00-99,BOSE - TDFS,CA,private label,debit
110686,00-99,BOSE - TDFS,CA,private label,debit
110687,00-99,BOSE - TDFS,CA,private label,debit
110688,00-99,BOSE - TDFS,CA,private label,debit
110689,00-99,BOSE - TDFS,CA,private label,debit
110690,00-99,BOSE - TDFS,CA,private label,debit
110691,00-99,BOSE - TDFS,CA,private label,debit
110692,00-99,BOSE - TDFS,CA,private label,debit
110693,00-99,BOSE - TDFS,CA,private label,debit
110694,00-99,BOSE - TDFS,CA,private label,debit
110695,00-99,BOSE - TDFS,CA,private label,debit
110696,00-99,BOSE - TDFS,CA,private label,debit
110697,00-99,BOSE - TDFS,CA,private label,debit
110698,00-99,BOSE - TDFS,CA,private label,debit
110699,00-99,BOSE - TDFS,CA,private label,debit
110700,00-99,BOSE - TDFS,CA,private label,debit
110701,00-99,BOSE - TDFS,CA,private label,debit
110702,00-99,BOSE - TDFS,CA,private label,debit
110703,00-99,BOSE - TDFS,CA,private label,debit
110704,00-99,BOSE - TDFS,CA,private label,debit
110705,00-99,BOSE - TDFS,CA,private label,debit
110706,00-99,BOSE - TDFS,CA,private label,debit
110707,00-99,BOSE - TDFS,CA,private label,debit
110708,00-99,BOSE - TDFS,CA,private label,debit
110709,00-99,BOSE - TDFS,CA,private label,debit
110710,00-99,BOSE - TDFS,CA,private label,debit
110711,00-99,BOSE - TDFS,CA,private label,debit
110712,00-99,BOSE - TDFS,CA,private label,debit
110713,00-99,BOSE - TDFS,CA,private label,debit
110714,00-99,BOSE - TDFS,CA,private label,debit
110715,00-99,BOSE - TDFS,CA,private label,debit
110716,00-99,BOSE - TDFS,CA,private label,debit
110717,00-99,BOSE - TDFS,CA,private label,debit
110718,00-99,BOSE - TDFS,CA,private label,debit
110719,00-99,BOSE - TDFS,CA,private label,debit
110720,00-99,BOSE - TDFS,CA,private label,debit
110721,00-99,BOSE - TDFS,CA,private label,debit
110722,00-99,BOSE - TDFS,CA,private label,debit
110723,00-99,BOSE - TDFS,CA,private label,debit
110724,00-99,BOSE - TDFS,CA,private label,debit
110725,00-99,BOSE - TDFS,CA,private label,debit
110726,00-99,BOSE - TDFS,CA,private label,debit
110727,00-99,BOSE - TDFS,CA,private label,debit
110728,00-99,BOSE - TDFS,CA,private label,debit
110729,00-99,BOSE - TDFS,CA,private label,debit
110730,00-99,BOSE - TDFS,CA,private label,debit
110731,00-99,BOSE - TDFS,CA,private label,debit
110732,00-99,BOSE - TDFS,CA,private label,debit
110733,00-99,BOSE - TDFS,CA,private label,debit
110734,00-99,BOSE - TDFS,CA,private label,debit
110735,00-99,BOSE - TDFS,CA,private label,debit
110736,00-99,BOSE - TDFS,CA,private label,debit
110737,00-99,BOSE - TDFS,CA,private label,debit
110738,00-99,BOSE - TDFS,CA,private label,debit
110739,00-99,BOSE - TDFS,CA,private label,debit
110740,00-99,BOSE - TDFS,CA,private label,debit
110741,00-99,BOSE - TDFS,CA,private label,debit
110742,00-99,BOSE - TDFS,CA,private label,debit
110743,00-99,BOSE - TDFS,CA,private label,debit
110744,00-99,BOSE - TDFS,CA,private label,debit
110745,00-99,BOSE - TDFS,CA,private label,debit
110746,00-99,BOSE - TDFS,CA,private label,debit
110747,00-99,BOSE - TDFS,CA,private label,debit
110748,00-99,BOSE - TDFS,CA,private label,debit
110749,00-99,BOSE - TDFS,CA,private label,debit
110750,00-99,BOSE - TDFS,CA,private label,debit
110751,00-99,BOSE - TDFS,CA,private label,debit
110752,00-99,BOSE - TDFS,CA,private label,debit
110753,00-99,BOSE - TDFS,CA,private label,debit
110754,00-99,BOSE - TDFS,CA,private label,debit
110755,00-99,BOSE - TDFS,CA,private label,debit
110756,00-99,BOSE - TDFS,CA,uatp,debit
110757,00-99,BOSE - TDFS,CA,private label,debit
110758,00-99,BOSE - TDFS,CA,private label,debit
110759,00-99,BOSE - TDFS,CA,private label,debit
110760,00-99,BOSE - TDFS,CA,private label,debit
110761,00-99,BOSE - TDFS,CA,private label,debit
110762,00-99,BOSE - TDFS,CA,private label,debit
110763,00-99,BOSE - TDFS,CA,private label,debit
110764,00-99,BOSE - TDFS,CA,private label,debit
110765,00-99,BOSE - TDFS,CA,private label,debit
110766,00-99,BOSE - TDFS,CA,private label,debit
110767,00-99,BOSE - TDFS,CA,private label,debit
110768,00-99,BOSE - TDFS,CA,private label,debit
110769,00-99,BOSE - TDFS,CA,private label,debit
110770,00-99,BOSE - TDFS,CA,private label,debit
110771,00-99,BOSE - TDFS,CA,private label,debit
110772,00-99,BOSE - TDFS,CA,private label,debit
110773,00-99,BOSE - TDFS,CA,private label,debit
110774,00-99,BOSE - TDFS,CA,private label,debit
110775,00-99,BOSE - TDFS,CA,private label,debit
110776,00-99,BOSE - TDFS,CA,private label,debit
110777,00-99,BOSE - TDFS,CA,private label,debit
110778,00-99,BOSE - TDFS,CA,private label,debit
110779,00-99,BOSE - TDFS,CA,private label,debit
110780,00-99,BOSE - TDFS,CA,private label,debit
110781,00-99,BOSE - TDFS,CA,private label,debit
110782,00-99,BOSE - TDFS,CA,private label,debit
110783,00-99,BOSE - TDFS,CA,private label,debit
110784,00-99,BOSE - TDFS,CA,private label,debit
110785,00-99,BOSE - TDFS,CA,private label,debit
110786,00-99,BOSE - TDFS,CA,private label,debit
110787,00-99,BOSE - TDFS,CA,private label,debit
110788,00-99,BOSE - TDFS,CA,private label,debit
110789,00-99,BOSE - TDFS,CA,private label,debit
110790,00-99,BOSE - TDFS,CA,private label,debit
110791,00-99,BOSE - TDFS,CA,private label,debit
110792,00-99,BOSE - TDFS,CA,private label,debit
110793,00-99,BOSE - TDFS,CA,private label,debit
110794,00-99,BOSE - TDFS,CA,private label,debit
110795,00-99,BOSE - TDFS,CA,private label,debit
110796,00-99,BOSE - TDFS,CA,private label,debit
110797,00-99,BOSE - TDFS,CA,private label,debit
110798,00-99,BOSE - TDFS,CA,private label,debit
110799,00-99,BOSE - TDFS,CA,private label,debit
110800,00-99,BOSE - TDFS,CA,private label,debit
110801,00-99,BOSE - TDFS,CA,private label,debit
110802,00-99,BOSE - TDFS,CA,private label,debit
110803,00-99,BOSE - TDFS,CA,private label,debit
110804,00-99,BOSE - TDFS,CA,private label,debit
110805,00-99,BOSE - TDFS,CA,private label,debit
110806,00-99,BOSE - TDFS,CA,private label,debit
110807,00-99,BOSE - TDFS,CA,private label,debit
110808,00-99,BOSE - TDFS,CA,private label,debit
110809,00-99,BOSE - TDFS,CA,private label,debit
110810,00-99,BOSE - TDFS,CA,private label,debit
110811,00-99,BOSE - TDFS,CA,private label,debit
110812,00-99,BOSE - TDFS,CA,private label,debit
110813,00-99,BOSE - TDFS,CA,private label,debit
110814,00-99,BOSE - TDFS,CA,private label,debit
110815,00-99,BOSE - TDFS,CA,private label,debit
110816,00-99,BOSE - TDFS,CA,private label,debit
110817,00-99,BOSE - TDFS,CA,private label,debit
110818,00-99,BOSE - TDFS,CA,private label,debit
110819,00-99,BOSE - TDFS,CA,private label,debit
110820,00-99,BOSE - TDFS,CA,private label,debit
110821,00-99,BOSE - TDFS,CA,private label,debit
110822,00-99,BOSE - TDFS,CA,private label,debit
110823,00-99,BOSE - TDFS,CA,private label,debit
110824,00-99,BOSE - TDFS,CA,uatp,debit
110825,00-99,BOSE - TDFS,CA,private label,debit
110826,00-99,BOSE - TDFS,CA,private label,debit
110827,00-99,BOSE - TDFS,CA,private label,debit
110828,00-99,BOSE - TDFS,CA,private label,debit
110829,00-99,BOSE - TDFS,CA,private label,debit
110830,00-99,BOSE - TDFS,CA,private label,debit
110831,00-99,BOSE - TDFS,CA,private label,debit
110832,00-99,BOSE - TDFS,CA,private label,debit
110833,00-99,BOSE - TDFS,CA,private label,debit
110834,00-99,BOSE - TDFS,CA,private label,debit
110835,00-99,BOSE - TDFS,CA,private label,debit
110836,00-99,BOSE - TDFS,CA,private label,debit
110837,00-99,BOSE - TDFS,CA,private label,debit
110838,00-99,BOSE - TDFS,CA,private label,debit
110839,00-99,BOSE - TDFS,CA,private label,debit
110840,00-99,BOSE - TDFS,CA,private label,debit
110841,00-99,BOSE - TDFS,CA,private label,debit
110842,00-99,BOSE - TDFS,CA,private label,debit
110843,00-99,BOSE - TDFS,CA,private label,debit
110844,00-99,BOSE - TDFS,CA,private label,debit
110845,00-99,BOSE - TDFS,CA,private label,debit
110846,00-99,BOSE - TDFS,CA,private label,debit
110847,00-99,BOSE - TDFS,CA,private label,debit
110848,00-99,BOSE - TDFS,CA,private label,debit
110849,00-99,BOSE - TDFS,CA,private label,debit
110850,00-99,BOSE - TDFS,CA,private label,debit
110851,00-99,BOSE - TDFS,CA,private label,debit
110852,00-99,BOSE - TDFS,CA,private label,debit
110853,00-99,BOSE - TDFS,CA,private label,debit
110854,00-99,BOSE - TDFS,CA,private label,debit
110855,00-99,BOSE - TDFS,CA,private label,debit
110856,00-99,BOSE - TDFS,CA,private label,debit
110857,00-99,BOSE - TDFS,CA,private label,debit
110858,00-99,BOSE - TDFS,CA,private label,debit
110859,00-99,BOSE - TDFS,CA,private label,debit
110860,00-99,BOSE - TDFS,CA,private label,debit
110861,00-99,BOSE - TDFS,CA,private label,debit
110862,00-99,BOSE - TDFS,CA,private label,debit
110863,00-99,BOSE - TDFS,CA,private label,debit
110864,00-99,BOSE - TDFS,CA,private label,debit
110865,00-99,BOSE - TDFS,CA,private label,debit
110866,00-99,BOSE - TDFS,CA,private label,debit
110867,00-99,BOSE - TDFS,CA,private label,debit
110868,00-99,BOSE - TDFS,CA,private label,debit
110869,00-99,BOSE - TDFS,CA,private label,debit
110870,00-99,BOSE - TDFS,CA,private label,debit
110871,00-99,BOSE - TDFS,CA,private label,debit
110872,00-99,BOSE - TDFS,CA,private label,debit
110873,00-99,BOSE - TDFS,CA,private label,debit
110874,00-99,BOSE - TDFS,CA,private label,debit
110875,00-99,BOSE - TDFS,CA,private label,debit
110876,00-99,BOSE - TDFS,CA,private label,debit
110877,00-99,BOSE - TDFS,CA,private label,debit
110878,00-99,BOSE - TDFS,CA,private label,debit
110879,00-99,BOSE - TDFS,CA,private label,debit
110880,00-99,BOSE - TDFS,CA,private label,debit
110881,00-99,BOSE - TDFS,CA,private label,debit
110882,00-99,BOSE - TDFS,CA,private label,debit
110883,00-99,BOSE - TDFS,CA,private label,debit
110884,00-99,BOSE - TDFS,CA,private label,debit
110885,00-99,BOSE - TDFS,CA,private label,debit
110886,00-99,BOSE - TDFS,CA,private label,debit
110887,00-99,BOSE - TDFS,CA,private label,debit
110888,00-99,BOSE - TDFS,CA,private label,debit
110889,00-99,BOSE - TDFS,CA,private label,debit
110890,00-99,BOSE - TDFS,CA,private label,debit
110891,00-99,BOSE - TDFS,CA,private label,debit
110892,00-99,BOSE - TDFS,CA,private label,debit
110893,00-99,BOSE - TDFS,CA,private label,debit
110894,00-99,BOSE - TDFS,CA,private label,debit
110895,00-99,BOSE - TDFS,CA,private label,debit
110896,00-99,BOSE - TDFS,CA,private label,debit
110897,00-99,BOSE - TDFS,CA,private label,debit
110898,00-99,BOSE - TDFS,CA,private label,debit
110899,00-99,BOSE - TDFS,CA,private label,debit
110900,00-99,BOSE - TDFS,CA,private label,debit
110901,00-99,BOSE - TDFS,CA,private label,debit
110902,00-99,BOSE - TDFS,CA,private label,debit
110903,00-99,BOSE - TDFS,CA,private label,debit
110904,00-99,BOSE - TDFS,CA,private label,debit
110905,00-99,BOSE - TDFS,CA,private label,debit
110906,00-99,BOSE - TDFS,CA,private label,debit
110907,00-99,BOSE - TDFS,CA,private label,debit
110908,00-99,BOSE - TDFS,CA,private label,debit
110909,00-99,BOSE - TDFS,CA,private label,debit
110910,00-99,BOSE - TDFS,CA,private label,debit
110911,00-99,BOSE - TDFS,CA,private label,debit
110912,00-99,BOSE - TDFS,CA,private label,debit
110913,00-99,BOSE - TDFS,CA,private label,debit
110914,00-99,BOSE - TDFS,CA,private label,debit
110915,00-99,BOSE - TDFS,CA,private label,debit
110916,00-99,BOSE - TDFS,CA,private label,debit
110917,00-99,BOSE - TDFS,CA,private label,debit
110918,00-99,BOSE - TDFS,CA,private label,debit
110919,00-99,BOSE - TDFS,CA,private label,debit
110920,00-99,BOSE - TDFS,CA,private label,debit
110921,00-99,BOSE - TDFS,CA,private label,debit
110922,00-99,BOSE - TDFS,CA,private label,debit
110923,00-99,BOSE - TDFS,CA,private label,debit
110924,00-99,BOSE - TDFS,CA,private label,debit
110925,00-99,BOSE - TDFS,CA,private label,debit
110926,00-99,BOSE - TDFS,CA,private label,debit
110927,00-99,BOSE - TDFS,CA,private label,debit
110928,00-99,BOSE - TDFS,CA,private label,debit
110929,00-99,BOSE - TDFS,CA,private label,debit
110930,00-99,BOSE - TDFS,CA,private label,debit
110931,00-99,BOSE - TDFS,CA,private label,debit
110932,00-99,BOSE - TDFS,CA,private label,debit
110933,00-99,BOSE - TDFS,CA,private label,debit
110934,00-99,BOSE - TDFS,CA,private label,debit
110935,00-99,BOSE - TDFS,CA,private label,debit
110936,00-99,BOSE - TDFS,CA,private label,debit
110937,00-99,BOSE - TDFS,CA,private label,debit
110938,00-99,BOSE - TDFS,CA,private label,debit
110939,00-99,BOSE - TDFS,CA,private label,debit
110940,00-99,BOSE - TDFS,CA,private label,debit
110941,00-99,BOSE - TDFS,CA,private label,debit
110942,00-99,BOSE - TDFS,CA,private label,debit
110943,00-99,BOSE - TDFS,CA,private label,debit
110944,00-99,BOSE - TDFS,CA,private label,debit
110945,00-99,BOSE - TDFS,CA,private label,debit
110946,00-99,BOSE - TDFS,CA,private label,debit
110947,00-99,BOSE - TDFS,CA,private label,debit
110948,00-99,BOSE - TDFS,CA,private label,debit
110949,00-99,BOSE - TDFS,CA,private label,debit
110950,00-99,BOSE - TDFS,CA,private label,debit
110951,00-99,BOSE - TDFS,CA,private label,debit
110952,00-99,BOSE - TDFS,CA,private label,debit
110953,00-99,BOSE - TDFS,CA,private label,debit
110954,00-99,BOSE - TDFS,CA,private label,debit
110955,00-99,BOSE - TDFS,CA,private label,debit
110956,00-99,BOSE - TDFS,CA,private label,debit
110957,00-99,BOSE - TDFS,CA,private label,debit
110958,00-99,BOSE - TDFS,CA,private label,debit
110959,00-99,BOSE - TDFS,CA,private label,debit
110960,00-99,BOSE - TDFS,CA,private label,debit
110961,00-99,BOSE - TDFS,CA,private label,debit
110962,00-99,BOSE - TDFS,CA,private label,debit
110963,00-99,BOSE - TDFS,CA,private label,debit
110964,00-99,BOSE - TDFS,CA,private label,debit
110965,00-99,BOSE - TDFS,CA,private label,debit
110966,00-99,BOSE - TDFS,CA,private label,debit
110967,00-99,BOSE - TDFS,CA,private label,debit
110968,00-99,BOSE - TDFS,CA,private label,debit
110969,00-99,BOSE - TDFS,CA,private label,debit
110970,00-99,BOSE - TDFS,CA,private label,debit
110971,00-99,BOSE - TDFS,CA,private label,debit
110972,00-99,BOSE - TDFS,CA,private label,debit
110973,00-99,BOSE - TDFS,CA,private label,debit
110974,00-99,BOSE - TDFS,CA,private label,debit
110975,00-99,BOSE - TDFS,CA,private label,debit
110976,00-99,BOSE - TDFS,CA,private label,debit
110977,00-99,BOSE - TDFS,CA,private label,debit
110978,00-99,BOSE - TDFS,CA,private label,debit
110979,00-99,BOSE - TDFS,CA,private label,debit
110980,00-99,BOSE - TDFS,CA,private label,debit
110981,00-99,BOSE - TDFS,CA,private label,debit
110982,00-99,BOSE - TDFS,CA,private label,debit
110983,00-99,BOSE - TDFS,CA,private label,debit
110984,00-99,BOSE - TDFS,CA,private label,debit
110985,00-99,BOSE - TDFS,CA,private label,debit
110986,00-99,BOSE - TDFS,CA,private label,debit
110987,00-99,BOSE - TDFS,CA,private label,debit
110988,00-99,BOSE - TDFS,CA,private label,debit
110989,00-99,BOSE - TDFS,CA,private label,debit
110990,00-99,BOSE - TDFS,CA,private label,debit
110991,00-99,BOSE - TDFS,CA,private label,debit
110992,00-99,BOSE - TDFS,CA,private label,debit
110993,00-99,BOSE - TDFS,CA,private label,debit
110994,00-99,BOSE - TDFS,CA,private label,debit
110995,00-99,BOSE - TDFS,CA,private label,debit
110996,00-99,BOSE - TDFS,CA,private label,debit
110997,00-99,BOSE - TDFS,CA,private label,debit
110998,00-99,BOSE - TDFS,CA,private label,debit
110999,00-99,BOSE - TDFS,CA,private label,debit
111102,00-99,UNKNOWN,US,private label,debit
111103,00-99,UNKNOWN,US,private label,debit
111111,00-99,CENTRAL BANK OF INDIA,IN,uatp,debit
111200,00-99,PAYPAL,GB,uatp,credit
111201,00-99,PAYPAL,GB,uatp,credit
111202,00-99,PAYPAL,GB,uatp,credit
111203,00-99,PAYPAL,GB,uatp,credit
111204,00-99,PAYPAL,GB,uatp,credit
111205,00-99,PAYPAL,GB,uatp,credit
111206,00-99,PAYPAL,GB,uatp,credit
111207,00-99,PAYPAL,GB,uatp,credit
111208,00-99,PAYPAL,GB,uatp,credit
111209,00-99,PAYPAL,GB,uatp,credit
111210,00-99,PAYPAL,GB,uatp,credit
111211,00-99,PAYPAL,GB,uatp,credit
111212,00-99,PAYPAL,GB,uatp,credit
111213,00-99,PAYPAL,GB,uatp,credit
111214,00-99,PAYPAL,GB,uatp,credit
111215,00-99,PAYPAL,GB,uatp,credit
111216,00-99,PAYPAL,GB,uatp,credit
111217,00-99,PAYPAL,GB,uatp,credit
111218,00-99,PAYPAL,GB,uatp,credit
111219,00-99,PAYPAL,GB,uatp,credit
111220,00-99,PAYPAL,GB,uatp,credit
111221,00-99,PAYPAL,GB,uatp,credit
111222,00-99,PAYPAL,GB,uatp,credit
111223,00-99,PAYPAL,GB,uatp,credit
111224,00-99,PAYPAL,GB,uatp,credit
111225,00-99,PAYPAL,GB,uatp,credit
111226,00-99,PAYPAL,GB,uatp,credit
111227,00-99,PAYPAL,GB,uatp,credit
111228,00-99,PAYPAL,GB,uatp,credit
111229,00-99,PAYPAL,GB,uatp,credit
111230,00-99,PAYPAL,GB,uatp,credit
111231,00-99,PAYPAL,US,uatp,debit
111232,00-99,PAYPAL,GB,uatp,credit
111233,00-99,PAYPAL,GB,uatp,credit
111234,00-99,PAYPAL,GB,uatp,credit
111235,00-99,PAYPAL,GB,uatp,credit
111236,00-99,PAYPAL,GB,uatp,credit
111237,00-99,PAYPAL,GB,uatp,credit
111238,00-99,PAYPAL,GB,uatp,credit
111239,00-99,PAYPAL,GB,uatp,credit
111240,00-99,PAYPAL,GB,uatp,credit
111241,00-99,PAYPAL,GB,uatp,credit
111242,00-99,PAYPAL,GB,uatp,credit
111243,00-99,PAYPAL,GB,uatp,credit
111244,00-99,PAYPAL,GB,uatp,credit
111245,00-99,PAYPAL,GB,uatp,credit
111246,00-99,PAYPAL,GB,uatp,credit
111247,00-99,PAYPAL,GB,uatp,credit
111248,00-99,PAYPAL,GB,uatp,credit
111249,00-99,PAYPAL,GB,uatp,credit
111250,00-99,PAYPAL,GB,uatp,credit
111251,00-99,PAYPAL,GB,uatp,credit
111252,00-99,PAYPAL,GB,uatp,credit
111253,00-99,PAYPAL,GB,uatp,credit
111254,00-99,PAYPAL,GB,uatp,credit
111255,00-99,PAYPAL,GB,uatp,credit
111256,00-99,PAYPAL,GB,uatp,credit
111257,00-99,PAYPAL,GB,uatp,credit
111258,00-99,PAYPAL,GB,uatp,credit
111259,00-99,PAYPAL,GB,uatp,credit
111260,00-99,PAYPAL,GB,uatp,credit
111261,00-99,PAYPAL,GB,uatp,credit
111262,00-99,PAYPAL,GB,uatp,credit
111263,00-99,PAYPAL,GB,uatp,credit
111264,00-99,PAYPAL,GB,uatp,credit
111265,00-99,PAYPAL,GB,uatp,credit
111266,00-99,PAYPAL,GB,uatp,credit
111267,00-99,PAYPAL,GB,uatp,credit
111268,00-99,PAYPAL,GB,uatp,credit
111269,00-99,PAYPAL,GB,uatp,credit
111270,00-99,PAYPAL,GB,uatp,credit
111271,00-99,PAYPAL,GB,uatp,credit
111272,00-99,PAYPAL,GB,uatp,credit
111273,00-99,PAYPAL,GB,uatp,credit
111274,00-99,PAYPAL,GB,uatp,credit
111275,00-99,PAYPAL,GB,uatp,credit
111276,00-99,PAYPAL,GB,uatp,credit
111277,00-99,PAYPAL,GB,uatp,credit
111278,00-99,PAYPAL,GB,uatp,credit
111279,00-99,PAYPAL,GB,uatp,credit
111280,00-99,PAYPAL,GB,uatp,credit
111281,00-99,PAYPAL,GB,uatp,credit
111282,00-99,PAYPAL,GB,uatp,credit
111283,00-99,PAYPAL,GB,uatp,credit
111284,00-99,PAYPAL,GB,uatp,credit
111285,00-99,PAYPAL,GB,uatp,credit
111286,00-99,PAYPAL,GB,uatp,credit
111287,00-99,PAYPAL,GB,uatp,credit
111288,00-99,PAYPAL,GB,uatp,credit
111289,00-99,PAYPAL,GB,uatp,credit
111290,00-99,PAYPAL,GB,uatp,credit
111291,00-99,PAYPAL,GB,uatp,credit
111292,00-99,PAYPAL,GB,uatp,credit
111293,00-99,PAYPAL,GB,uatp,credit
111294,00-99,PAYPAL,GB,uatp,credit
111295,00-99,PAYPAL,GB,uatp,credit
111296,00-99,PAYPAL,GB,uatp,credit
111297,00-99,PAYPAL,GB,uatp,credit
111298,00-99,PAYPAL,GB,uatp,credit
111299,00-99,PAYPAL,GB,uatp,credit
111301,00-99,UNKNOWN,US,private label,debit
111400,00-99,EL AL ISRAELI AIRLINES (LY),IL,uatp,credit
111401,00-99,EL AL ISRAELI AIRLINES (LY),IL,uatp,credit
111402,00-99,EL AL ISRAELI AIRLINES (LY),IL,uatp,credit
111403,00-99,EL AL ISRAELI AIRLINES (LY),IL,uatp,credit
111404,00-99,EL AL ISRAELI AIRLINES (LY),IL,uatp,credit
111405,00-99,EL AL ISRAELI AIRLINES (LY),IL,uatp,credit
111406,00-99,EL AL ISRAELI AIRLINES (LY),IL,uatp,credit
111407,00-99,EL AL ISRAELI AIRLINES (LY),IL,uatp,credit
111408,00-99,EL AL ISRAELI AIRLINES (LY),IL,uatp,credit
111409,00-99,EL AL ISRAELI AIRLINES (LY),IL,uatp,credit
111410,00-99,EL AL ISRAELI AIRLINES (LY),IL,uatp,credit
111411,00-99,EL AL ISRAELI AIRLINES (LY),IL,uatp,credit
111412,00-99,EL AL ISRAELI AIRLINES (LY),IL,uatp,credit
111413,00-99,EL AL ISRAELI AIRLINES (LY),IL,uatp,credit
111414,00-99,EL AL ISRAELI AIRLINES (LY),IL,uatp,credit
111415,00-99,EL AL ISRAELI AIRLINES (LY),IL,uatp,credit
111416,00-99,EL AL ISRAELI AIRLINES (LY),IL,uatp,credit
111417,00-99,EL AL ISRAELI AIRLINES (LY),IL,uatp,credit
111418,00-99,EL AL ISRAELI AIRLINES (LY),IL,uatp,credit
111419,00-99,EL AL ISRAELI AIRLINES (LY),IL,uatp,credit
111420,00-99,EL AL ISRAELI AIRLINES (LY),IL,uatp,credit
111421,00-99,EL AL ISRAELI AIRLINES (LY),IL,uatp,credit
111422,00-99,EL AL ISRAELI AIRLINES (LY),IL,uatp,credit
111423,00-99,EL AL ISRAELI AIRLINES (LY),IL,uatp,credit
111424,00-99,EL AL ISRAELI AIRLINES (LY),IL,uatp,credit
111425,00-99,EL AL ISRAELI AIRLINES (LY),IL,uatp,credit
111426,00-99,EL AL ISRAELI AIRLINES (LY),IL,uatp,credit
111427,00-99,EL AL ISRAELI AIRLINES (LY),IL,uatp,credit
111428,00-99,EL AL ISRAELI AIRLINES (LY),IL,uatp,credit
111429,00-99,EL AL ISRAELI AIRLINES (LY),IL,uatp,credit
111430,00-99,EL AL ISRAELI AIRLINES (LY),IL,uatp,credit
111431,00-99,EL AL ISRAELI AIRLINES (LY),IL,uatp,credit
111432,00-99,EL AL ISRAELI AIRLINES (LY),IL,uatp,credit
111433,00-99,EL AL ISRAELI AIRLINES (LY),IL,uatp,credit
111434,00-99,EL AL ISRAELI AIRLINES (LY),IL,uatp,credit
111435,00-99,EL AL ISRAELI AIRLINES (LY),IL,uatp,credit
111436,00-99,EL AL ISRAELI AIRLINES (LY),IL,uatp,credit
111437,00-99,EL AL ISRAELI AIRLINES (LY),IL,uatp,credit
111438,00-99,EL AL ISRAELI AIRLINES (LY),IL,uatp,credit
111439,00-99,EL AL ISRAELI AIRLINES (LY),IL,uatp,credit
111440,00-99,EL AL ISRAELI AIRLINES (LY),IL,uatp,credit
111441,00-99,EL AL ISRAELI AIRLINES (LY),IL,uatp,credit
111442,00-99,EL AL ISRAELI AIRLINES (LY),IL,uatp,credit
111443,00-99,EL AL ISRAELI AIRLINES (LY),IL,uatp,credit
111444,00-99,EL AL ISRAELI AIRLINES (LY),IL,uatp,credit
111445,00-99,EL AL ISRAELI AIRLINES (LY),IL,uatp,credit
111446,00-99,EL AL ISRAELI AIRLINES (LY),IL,uatp,credit
111447,00-99,EL AL ISRAELI AIRLINES (LY),IL,uatp,credit
111448,00-99,EL AL ISRAELI AIRLINES (LY),IL,uatp,credit
111449,00-99,EL AL ISRAELI AIRLINES (LY),IL,uatp,credit
111450,00-99,EL AL ISRAELI AIRLINES (LY),IL,uatp,credit
111451,00-99,EL AL ISRAELI AIRLINES (LY),IL,uatp,credit
111452,00-99,EL AL ISRAELI AIRLINES (LY),IL,uatp,credit
111453,00-99,EL AL ISRAELI AIRLINES (LY),IL,uatp,credit
111454,00-99,EL AL ISRAELI AIRLINES (LY),IL,uatp,credit
111455,00-99,EL AL ISRAELI AIRLINES (LY),IL,uatp,credit
111456,00-99,EL AL ISRAELI AIRLINES (LY),IL,uatp,credit
111457,00-99,EL AL ISRAELI AIRLINES (LY),IL,uatp,credit
111458,00-99,EL AL ISRAELI AIRLINES (LY),IL,uatp,credit
111459,00-99,EL AL ISRAELI AIRLINES (LY),IL,uatp,credit
111460,00-99,EL AL ISRAELI AIRLINES (LY),IL,uatp,credit
111461,00-99,EL AL ISRAELI AIRLINES (LY),IL,uatp,credit
111462,00-99,EL AL ISRAELI AIRLINES (LY),IL,uatp,credit
111463,00-99,EL AL ISRAELI AIRLINES (LY),IL,uatp,credit
111464,00-99,EL AL ISRAELI AIRLINES (LY),IL,uatp,credit
111465,00-99,EL AL ISRAELI AIRLINES (LY),IL,uatp,credit
111466,00-99,EL AL ISRAELI AIRLINES (LY),IL,uatp,credit
111467,00-99,EL AL ISRAELI AIRLINES (LY),IL,uatp,credit
111468,00-99,EL AL ISRAELI AIRLINES (LY),IL,uatp,credit
111469,00-99,EL AL ISRAELI AIRLINES (LY),IL,uatp,credit
111470,00-99,EL AL ISRAELI AIRLINES (LY),IL,uatp,credit
111471,00-99,EL AL ISRAELI AIRLINES (LY),IL,uatp,credit
111472,00-99,EL AL ISRAELI AIRLINES (LY),IL,uatp,credit
111473,00-99,EL AL ISRAELI AIRLINES (LY),IL,uatp,credit
111474,00-99,EL AL ISRAELI AIRLINES (LY),IL,uatp,credit
111475,00-99,EL AL ISRAELI AIRLINES (LY),IL,uatp,credit
111476,00-99,EL AL ISRAELI AIRLINES (LY),IL,uatp,credit
111477,00-99,EL AL ISRAELI AIRLINES (LY),IL,uatp,credit
111478,00-99,EL AL ISRAELI AIRLINES (LY),IL,uatp,credit
111479,00-99,EL AL ISRAELI AIRLINES (LY),IL,uatp,credit
111480,00-99,EL AL ISRAELI AIRLINES (LY),IL,uatp,credit
111481,00-99,EL AL ISRAELI AIRLINES (LY),IL,uatp,credit
111482,00-99,EL AL ISRAELI AIRLINES (LY),IL,uatp,credit
111483,00-99,EL AL ISRAELI AIRLINES (LY),IL,uatp,credit
111484,00-99,EL AL ISRAELI AIRLINES (LY),IL,uatp,credit
111485,00-99,EL AL ISRAELI AIRLINES (LY),IL,uatp,credit
111486,00-99,EL AL ISRAELI AIRLINES (LY),IL,uatp,credit
111487,00-99,EL AL ISRAELI AIRLINES (LY),IL,uatp,credit
111488,00-99,EL AL ISRAELI AIRLINES (LY),IL,uatp,credit
111489,00-99,EL AL ISRAELI AIRLINES (LY),IL,uatp,credit
111490,00-99,EL AL ISRAELI AIRLINES (LY),IL,uatp,credit
111491,00-99,EL AL ISRAELI AIRLINES (LY),IL,uatp,credit
111492,00-99,EL AL ISRAELI AIRLINES (LY),IL,uatp,credit
111493,00-99,EL AL ISRAELI AIRLINES (LY),IL,uatp,credit
111494,00-99,EL AL ISRAELI AIRLINES (LY),IL,uatp,credit
111495,00-99,EL AL ISRAELI AIRLINES (LY),IL,uatp,credit
111496,00-99,EL AL ISRAELI AIRLINES (LY),IL,uatp,credit
111497,00-99,EL AL ISRAELI AIRLINES (LY),IL,uatp,credit
111498,00-99,EL AL ISRAELI AIRLINES (LY),IL,uatp,credit
111499,00-99,EL AL ISRAELI AIRLINES (LY),IL,uatp,credit
111904,00-99,UNKNOWN,US,private label,debit
112001,00-99,CHARM DIAMOND CENTRES - TDFS,CA,private label,debit
112002,00-99,CHARM DIAMOND CENTRES - TDFS,CA,private label,debit
112003,00-99,CHARM DIAMOND CENTRES - TDFS,CA,private label,debit
112004,00-99,CHARM DIAMOND CENTRES - TDFS,CA,private label,debit
112005,00-99,CHARM DIAMOND CENTRES - TDFS,CA,private label,debit
112006,00-99,CHARM DIAMOND CENTRES - TDFS,CA,private label,debit
112007,00-99,CHARM DIAMOND CENTRES - TDFS,CA,private label,debit
112008,00-99,CHARM DIAMOND CENTRES - TDFS,CA,private label,debit
112009,00-99,CHARM DIAMOND CENTRES - TDFS,CA,private label,debit
112010,00-99,CHARM DIAMOND CENTRES - TDFS,CA,private label,debit
112011,00-99,CHARM DIAMOND CENTRES - TDFS,CA,private label,debit
112012,00-99,CHARM DIAMOND CENTRES - TDFS,CA,private label,debit
112013,00-99,CHARM DIAMOND CENTRES - TDFS,CA,private label,debit
112014,00-99,CHARM DIAMOND CENTRES - TDFS,CA,private label,debit
112015,00-99,CHARM DIAMOND CENTRES - TDFS,CA,private label,debit
112016,00-99,CHARM DIAMOND CENTRES - TDFS,CA,private label,debit
112017,00-99,CHARM DIAMOND CENTRES - TDFS,CA,private label,debit
112018,00-99,CHARM DIAMOND CENTRES - TDFS,CA,private label,debit
112019,00-99,CHARM DIAMOND CENTRES - TDFS,CA,private label,debit
112020,00-99,CHARM DIAMOND CENTRES - TDFS,CA,private label,debit
112021,00-99,CHARM DIAMOND CENTRES - TDFS,CA,private label,debit
112022,00-99,CHARM DIAMOND CENTRES - TDFS,CA,private label,debit
112023,00-99,CHARM DIAMOND CENTRES - TDFS,CA,private label,debit
112024,00-99,CHARM DIAMOND CENTRES - TDFS,CA,private label,debit
112025,00-99,CHARM DIAMOND CENTRES - TDFS,CA,private label,debit
112026,00-99,CHARM DIAMOND CENTRES - TDFS,CA,private label,debit
112027,00-99,CHARM DIAMOND CENTRES - TDFS,CA,private label,debit
112028,00-99,CHARM DIAMOND CENTRES - TDFS,CA,private label,debit
112029,00-99,CHARM DIAMOND CENTRES - TDFS,CA,private label,debit
112030,00-99,CHARM DIAMOND CENTRES - TDFS,CA,private label,debit
112031,00-99,CHARM DIAMOND CENTRES - TDFS,CA,private label,debit
112032,00-99,CHARM DIAMOND CENTRES - TDFS,CA,private label,debit
112033,00-99,CHARM DIAMOND CENTRES - TDFS,CA,private label,debit
112034,00-99,CHARM DIAMOND CENTRES - TDFS,CA,private label,debit
112035,00-99,CHARM DIAMOND CENTRES - TDFS,CA,private label,debit
112036,00-99,CHARM DIAMOND CENTRES - TDFS,CA,private label,debit
112037,00-99,CHARM DIAMOND CENTRES - TDFS,CA,private label,debit
112038,00-99,CHARM DIAMOND CENTRES - TDFS,CA,private label,debit
112039,00-99,CHARM DIAMOND CENTRES - TDFS,CA,private label,debit
112040,00-99,CHARM DIAMOND CENTRES - TDFS,CA,private label,debit
112041,00-99,CHARM DIAMOND CENTRES - TDFS,CA,private label,debit
112042,00-99,CHARM DIAMOND CENTRES - TDFS,CA,private label,debit
112043,00-99,CHARM DIAMOND CENTRES - TDFS,CA,private label,debit
112044,00-99,CHARM DIAMOND CENTRES - TDFS,CA,private label,debit
112045,00-99,CHARM DIAMOND CENTRES - TDFS,CA,private label,debit
112046,00-99,CHARM DIAMOND CENTRES - TDFS,CA,private label,debit
112047,00-99,CHARM DIAMOND CENTRES - TDFS,CA,private label,debit
112048,00-99,CHARM DIAMOND CENTRES - TDFS,CA,private label,debit
112049,00-99,CHARM DIAMOND CENTRES - TDFS,CA,private label,debit
112050,00-99,CHARM DIAMOND CENTRES - TDFS,CA,private label,debit
112051,00-99,CHARM DIAMOND CENTRES - TDFS,CA,private label,debit
112052,00-99,CHARM DIAMOND CENTRES - TDFS,CA,private label,debit
112053,00-99,CHARM DIAMOND CENTRES - TDFS,CA,private label,debit
112054,00-99,CHARM DIAMOND CENTRES - TDFS,CA,private label,debit
112055,00-99,CHARM DIAMOND CENTRES - TDFS,CA,private label,debit
112056,00-99,CHARM DIAMOND CENTRES - TDFS,CA,private label,debit
112057,00-99,CHARM DIAMOND CENTRES - TDFS,CA,private label,debit
112058,00-99,CHARM DIAMOND CENTRES - TDFS,CA,private label,debit
112059,00-99,CHARM DIAMOND CENTRES - TDFS,CA,private label,debit
112060,00-99,CHARM DIAMOND CENTRES - TDFS,CA,private label,debit
112061,00-99,CHARM DIAMOND CENTRES - TDFS,CA,private label,debit
112062,00-99,CHARM DIAMOND CENTRES - TDFS,CA,private label,debit
112063,00-99,CHARM DIAMOND CENTRES - TDFS,CA,private label,debit
112064,00-99,CHARM DIAMOND CENTRES - TDFS,CA,private label,debit
112065,00-99,CHARM DIAMOND CENTRES - TDFS,CA,private label,debit
112066,00-99,CHARM DIAMOND CENTRES - TDFS,CA,private label,debit
112067,00-99,CHARM DIAMOND CENTRES - TDFS,CA,private label,debit
112068,00-99,CHARM DIAMOND CENTRES - TDFS,CA,private label,debit
112069,00-99,CHARM DIAMOND CENTRES - TDFS,CA,private label,debit
112070,00-99,CHARM DIAMOND CENTRES - TDFS,CA,private label,debit
112071,00-99,CHARM DIAMOND CENTRES - TDFS,CA,private label,debit
112072,00-99,CHARM DIAMOND CENTRES - TDFS,CA,private label,debit
112073,00-99,CHARM DIAMOND CENTRES - TDFS,CA,private label,debit
112074,00-99,CHARM DIAMOND CENTRES - TDFS,CA,private label,debit
112075,00-99,CHARM DIAMOND CENTRES - TDFS,CA,private label,debit
112076,00-99,CHARM DIAMOND CENTRES - TDFS,CA,private label,debit
112077,00-99,CHARM DIAMOND CENTRES - TDFS,CA,private label,debit
112078,00-99,CHARM DIAMOND CENTRES - TDFS,CA,private label,debit
112079,00-99,CHARM DIAMOND CENTRES - TDFS,CA,private label,debit
112080,00-99,CHARM DIAMOND CENTRES - TDFS,CA,private label,debit
112081,00-99,CHARM DIAMOND CENTRES - TDFS,CA,private label,debit
112082,00-99,CHARM DIAMOND CENTRES - TDFS,CA,private label,debit
112083,00-99,CHARM DIAMOND CENTRES - TDFS,CA,private label,debit
112084,00-99,CHARM DIAMOND CENTRES - TDFS,CA,private label,debit
112085,00-99,CHARM DIAMOND CENTRES - TDFS,CA,private label,debit
112086,00-99,CHARM DIAMOND CENTRES - TDFS,CA,private label,debit
112087,00-99,CHARM DIAMOND CENTRES - TDFS,CA,private label,debit
112088,00-99,CHARM DIAMOND CENTRES - TDFS,CA,private label,debit
112089,00-99,CHARM DIAMOND CENTRES - TDFS,CA,private label,debit
112090,00-99,CHARM DIAMOND CENTRES - TDFS,CA,private label,debit
112091,00-99,CHARM DIAMOND CENTRES - TDFS,CA,private label,debit
112092,00-99,CHARM DIAMOND CENTRES - TDFS,CA,private label,debit
112093,00-99,CHARM DIAMOND CENTRES - TDFS,CA,private label,debit
112094,00-99,CHARM DIAMOND CENTRES - TDFS,CA,private label,debit
112095,00-99,CHARM DIAMOND CENTRES - TDFS,CA,private label,debit
112096,00-99,CHARM DIAMOND CENTRES - TDFS,CA,private label,debit
112097,00-99,CHARM DIAMOND CENTRES - TDFS,CA,private label,debit
112098,00-99,CHARM DIAMOND CENTRES - TDFS,CA,private label,debit
112099,00-99,CHARM DIAMOND CENTRES - TDFS,CA,private label,debit
112100,00-99,CHARM DIAMOND CENTRES - TDFS,CA,private label,debit
112101,00-99,CHARM DIAMOND CENTRES - TDFS,CA,private label,debit
112102,00-99,CHARM DIAMOND CENTRES - TDFS,CA,private label,debit
112103,00-99,CHARM DIAMOND CENTRES - TDFS,CA,private label,debit
112104,00-99,CHARM DIAMOND CENTRES - TDFS,CA,private label,debit
112105,00-99,CHARM DIAMOND CENTRES - TDFS,CA,private label,debit
112106,00-99,CHARM DIAMOND CENTRES - TDFS,CA,private label,debit
112107,00-99,CHARM DIAMOND CENTRES - TDFS,CA,private label,debit
112108,00-99,CHARM DIAMOND CENTRES - TDFS,CA,private label,debit
112109,00-99,CHARM DIAMOND CENTRES - TDFS,CA,private label,debit
112110,00-99,CHARM DIAMOND CENTRES - TDFS,CA,private label,debit
112111,00-99,CHARM DIAMOND CENTRES - TDFS,CA,private label,debit
112112,00-99,CHARM DIAMOND CENTRES - TDFS,CA,private label,debit
112113,00-99,CHARM DIAMOND CENTRES - TDFS,CA,private label,debit
112114,00-99,CHARM DIAMOND CENTRES - TDFS,CA,private label,debit
112115,00-99,CHARM DIAMOND CENTRES - TDFS,CA,private label,debit
112116,00-99,CHARM DIAMOND CENTRES - TDFS,CA,private label,debit
112117,00-99,CHARM DIAMOND CENTRES - TDFS,CA,private label,debit
112118,00-99,CHARM DIAMOND CENTRES - TDFS,CA,private label,debit
112119,00-99,CHARM DIAMOND CENTRES - TDFS,CA,private label,debit
112120,00-99,CHARM DIAMOND CENTRES - TDFS,CA,private label,debit
112121,00-99,CHARM DIAMOND CENTRES - TDFS,CA,private label,debit
112122,00-99,CHARM DIAMOND CENTRES - TDFS,CA,private label,debit
112123,00-99,CHARM DIAMOND CENTRES - TDFS,CA,private label,debit
112124,00-99,CHARM DIAMOND CENTRES - TDFS,CA,private label,debit
112125,00-99,CHARM DIAMOND CENTRES - TDFS,CA,private label,debit
112126,00-99,CHARM DIAMOND CENTRES - TDFS,CA,private label,debit
112127,00-99,CHARM DIAMOND CENTRES - TDFS,CA,private label,debit
112128,00-99,CHARM DIAMOND CENTRES - TDFS,CA,private label,debit
112129,00-99,CHARM DIAMOND CENTRES - TDFS,CA,private label,debit
112130,00-99,CHARM DIAMOND CENTRES - TDFS,CA,private label,debit
112131,00-99,CHARM DIAMOND CENTRES - TDFS,CA,private label,debit
112132,00-99,CHARM DIAMOND CENTRES - TDFS,CA,private label,debit
112133,00-99,CHARM DIAMOND CENTRES - TDFS,CA,private label,debit
112134,00-99,CHARM DIAMOND CENTRES - TDFS,CA,private label,debit
112135,00-99,CHARM DIAMOND CENTRES - TDFS,CA,private label,debit
112136,00-99,CHARM DIAMOND CENTRES - TDFS,CA,private label,debit
112137,00-99,CHARM DIAMOND CENTRES - TDFS,CA,private label,debit
112138,00-99,CHARM DIAMOND CENTRES - TDFS,CA,private label,debit
112139,00-99,CHARM DIAMOND CENTRES - TDFS,CA,private label,debit
112140,00-99,CHARM DIAMOND CENTRES - TDFS,CA,private label,debit
112141,00-99,CHARM DIAMOND CENTRES - TDFS,CA,private label,debit
112142,00-99,CHARM DIAMOND CENTRES - TDFS,CA,private label,debit
112143,00-99,CHARM DIAMOND CENTRES - TDFS,CA,private label,debit
112144,00-99,CHARM DIAMOND CENTRES - TDFS,CA,private label,debit
112145,00-99,CHARM DIAMOND CENTRES - TDFS,CA,private label,debit
112146,00-99,CHARM DIAMOND CENTRES - TDFS,CA,private label,debit
112147,00-99,CHARM DIAMOND CENTRES - TDFS,CA,private label,debit
112148,00-99,CHARM DIAMOND CENTRES - TDFS,CA,private label,debit
112149,00-99,CHARM DIAMOND CENTRES - TDFS,CA,private label,debit
112150,00-99,CHARM DIAMOND CENTRES - TDFS,CA,private label,debit
112151,00-99,CHARM DIAMOND CENTRES - TDFS,CA,private label,debit
112152,00-99,CHARM DIAMOND CENTRES - TDFS,CA,private label,debit
112153,00-99,CHARM DIAMOND CENTRES - TDFS,CA,private label,debit
112154,00-99,CHARM DIAMOND CENTRES - TDFS,CA,private label,debit
112155,00-99,CHARM DIAMOND CENTRES - TDFS,CA,private label,debit
112156,00-99,CHARM DIAMOND CENTRES - TDFS,CA,private label,debit
112157,00-99,CHARM DIAMOND CENTRES - TDFS,CA,private label,debit
112158,00-99,CHARM DIAMOND CENTRES - TDFS,CA,private label,debit
112159,00-99,CHARM DIAMOND CENTRES - TDFS,CA,private label,debit
112160,00-99,CHARM DIAMOND CENTRES - TDFS,CA,private label,debit
112161,00-99,CHARM DIAMOND CENTRES - TDFS,CA,private label,debit
112162,00-99,CHARM DIAMOND CENTRES - TDFS,CA,private label,debit
112163,00-99,CHARM DIAMOND CENTRES - TDFS,CA,private label,debit
112164,00-99,CHARM DIAMOND CENTRES - TDFS,CA,private label,debit
112165,00-99,CHARM DIAMOND CENTRES - TDFS,CA,private label,debit
112166,00-99,CHARM DIAMOND CENTRES - TDFS,CA,private label,debit
112167,00-99,CHARM DIAMOND CENTRES - TDFS,CA,private label,debit
112168,00-99,CHARM DIAMOND CENTRES - TDFS,CA,private label,debit
112169,00-99,CHARM DIAMOND CENTRES - TDFS,CA,private label,debit
112170,00-99,CHARM DIAMOND CENTRES - TDFS,CA,private label,debit
112171,00-99,CHARM DIAMOND CENTRES - TDFS,CA,private label,debit
112172,00-99,CHARM DIAMOND CENTRES - TDFS,CA,private label,debit
112173,00-99,CHARM DIAMOND CENTRES - TDFS,CA,private label,debit
112174,00-99,CHARM DIAMOND CENTRES - TDFS,CA,private label,debit
112175,00-99,CHARM DIAMOND CENTRES - TDFS,CA,private label,debit
112176,00-99,CHARM DIAMOND CENTRES - TDFS,CA,private label,debit
112177,00-99,CHARM DIAMOND CENTRES - TDFS,CA,private label,debit
112178,00-99,CHARM DIAMOND CENTRES - TDFS,CA,private label,debit
112179,00-99,CHARM DIAMOND CENTRES - TDFS,CA,private label,debit
112180,00-99,CHARM DIAMOND CENTRES - TDFS,CA,private label,debit
112181,00-99,CHARM DIAMOND CENTRES - TDFS,CA,private label,debit
112182,00-99,CHARM DIAMOND CENTRES - TDFS,CA,private label,debit
112183,00-99,CHARM DIAMOND CENTRES - TDFS,CA,private label,debit
112184,00-99,CHARM DIAMOND CENTRES - TDFS,CA,private label,debit
112185,00-99,CHARM DIAMOND CENTRES - TDFS,CA,private label,debit
112186,00-99,CHARM DIAMOND CENTRES - TDFS,CA,private label,debit
112187,00-99,CHARM DIAMOND CENTRES - TDFS,CA,private label,debit
112188,00-99,CHARM DIAMOND CENTRES - TDFS,CA,private label,debit
112189,00-99,CHARM DIAMOND CENTRES - TDFS,CA,private label,debit
112190,00-99,CHARM DIAMOND CENTRES - TDFS,CA,private label,debit
112191,00-99,CHARM DIAMOND CENTRES - TDFS,CA,private label,debit
112192,00-99,CHARM DIAMOND CENTRES - TDFS,CA,private label,debit
112193,00-99,CHARM DIAMOND CENTRES - TDFS,CA,private label,debit
112194,00-99,CHARM DIAMOND CENTRES - TDFS,CA,private label,debit
112195,00-99,CHARM DIAMOND CENTRES - TDFS,CA,private label,debit
112196,00-99,CHARM DIAMOND CENTRES - TDFS,CA,private label,debit
112197,00-99,CHARM DIAMOND CENTRES - TDFS,CA,private label,debit
112198,00-99,CHARM DIAMOND CENTRES - TDFS,CA,private label,debit
112199,00-99,CHARM DIAMOND CENTRES - TDFS,CA,private label,debit
112200,00-99,CHARM DIAMOND CENTRES - TDFS,CA,private label,debit
112201,00-99,CHARM DIAMOND CENTRES - TDFS,CA,private label,debit
112202,00-99,CHARM DIAMOND CENTRES - TDFS,CA,private label,debit
112203,00-99,CHARM DIAMOND CENTRES - TDFS,CA,private label,debit
112204,00-99,CHARM DIAMOND CENTRES - TDFS,CA,private label,debit
112205,00-99,CHARM DIAMOND CENTRES - TDFS,CA,private label,debit
112206,00-99,CHARM DIAMOND CENTRES - TDFS,CA,private label,debit
112207,00-99,CHARM DIAMOND CENTRES - TDFS,CA,private label,debit
112208,00-99,CHARM DIAMOND CENTRES - TDFS,CA,private label,debit
112209,00-99,CHARM DIAMOND CENTRES - TDFS,CA,private label,debit
112210,00-99,CHARM DIAMOND CENTRES - TDFS,CA,private label,debit
112211,00-99,CHARM DIAMOND CENTRES - TDFS,CA,private label,debit
112212,00-99,CHARM DIAMOND CENTRES - TDFS,CA,private label,debit
112213,00-99,CHARM DIAMOND CENTRES - TDFS,CA,private label,debit
112214,00-99,CHARM DIAMOND CENTRES - TDFS,CA,private label,debit
112215,00-99,CHARM DIAMOND CENTRES - TDFS,CA,private label,debit
112216,00-99,CHARM DIAMOND CENTRES - TDFS,CA,private label,debit
112217,00-99,CHARM DIAMOND CENTRES - TDFS,CA,private label,debit
112218,00-99,CHARM DIAMOND CENTRES - TDFS,CA,private label,debit
112219,00-99,CHARM DIAMOND CENTRES - TDFS,CA,private label,debit
112220,00-99,CHARM DIAMOND CENTRES - TDFS,CA,private label,debit
112221,00-99,CHARM DIAMOND CENTRES - TDFS,CA,private label,debit
112222,00-99,CHARM DIAMOND CENTRES - TDFS,CA,private label,debit
112223,00-99,CHARM DIAMOND CENTRES - TDFS,CA,private label,debit
112224,00-99,CHARM DIAMOND CENTRES - TDFS,CA,private label,debit
112225,00-99,CHARM DIAMOND CENTRES - TDFS,CA,private label,debit
112226,00-99,CHARM DIAMOND CENTRES - TDFS,CA,private label,debit
112227,00-99,CHARM DIAMOND CENTRES - TDFS,CA,private label,debit
112228,00-99,CHARM DIAMOND CENTRES - TDFS,CA,private label,debit
112229,00-99,CHARM DIAMOND CENTRES - TDFS,CA,private label,debit
112230,00-99,CHARM DIAMOND CENTRES - TDFS,CA,private label,debit
112231,00-99,CHARM DIAMOND CENTRES - TDFS,CA,private label,debit
112232,00-99,CHARM DIAMOND CENTRES - TDFS,CA,private label,debit
112233,00-99,CHARM DIAMOND CENTRES - TDFS,CA,private label,debit
112234,00-99,CHARM DIAMOND CENTRES - TDFS,CA,private label,debit
112235,00-99,CHARM DIAMOND CENTRES - TDFS,CA,private label,debit
112236,00-99,CHARM DIAMOND CENTRES - TDFS,CA,private label,debit
112237,00-99,CHARM DIAMOND CENTRES - TDFS,CA,private label,debit
112238,00-99,CHARM DIAMOND CENTRES - TDFS,CA,private label,debit
112239,00-99,CHARM DIAMOND CENTRES - TDFS,CA,private label,debit
112240,00-99,CHARM DIAMOND CENTRES - TDFS,CA,private label,debit
112241,00-99,CHARM DIAMOND CENTRES - TDFS,CA,private label,debit
112242,00-99,CHARM DIAMOND CENTRES - TDFS,CA,private label,debit
112243,00-99,CHARM DIAMOND CENTRES - TDFS,CA,private label,debit
112244,00-99,CHARM DIAMOND CENTRES - TDFS,CA,private label,debit
112245,00-99,CHARM DIAMOND CENTRES - TDFS,CA,uatp,debit
112246,00-99,CHARM DIAMOND CENTRES - TDFS,CA,private label,debit
112247,00-99,CHARM DIAMOND CENTRES - TDFS,CA,private label,debit
112248,00-99,CHARM DIAMOND CENTRES - TDFS,CA,private label,debit
112249,00-99,CHARM DIAMOND CENTRES - TDFS,CA,private label,debit
112250,00-99,CHARM DIAMOND CENTRES - TDFS,CA,private label,debit
112251,00-99,CHARM DIAMOND CENTRES - TDFS,CA,private label,debit
112252,00-99,CHARM DIAMOND CENTRES - TDFS,CA,private label,debit
112253,00-99,CHARM DIAMOND CENTRES - TDFS,CA,private label,debit
112254,00-99,CHARM DIAMOND CENTRES - TDFS,CA,private label,debit
112255,00-99,CHARM DIAMOND CENTRES - TDFS,CA,private label,debit
112256,00-99,CHARM DIAMOND CENTRES - TDFS,CA,private label,debit
112257,00-99,CHARM DIAMOND CENTRES - TDFS,CA,private label,debit
112258,00-99,CHARM DIAMOND CENTRES - TDFS,CA,private label,debit
112259,00-99,CHARM DIAMOND CENTRES - TDFS,CA,private label,debit
112260,00-99,CHARM DIAMOND CENTRES - TDFS,CA,private label,debit
112261,00-99,CHARM DIAMOND CENTRES - TDFS,CA,private label,debit
112262,00-99,CHARM DIAMOND CENTRES - TDFS,CA,private label,debit
112263,00-99,CHARM DIAMOND CENTRES - TDFS,CA,private label,debit
112264,00-99,CHARM DIAMOND CENTRES - TDFS,CA,private label,debit
112265,00-99,CHARM DIAMOND CENTRES - TDFS,CA,private label,debit
112266,00-99,CHARM DIAMOND CENTRES - TDFS,CA,private label,debit
112267,00-99,CHARM DIAMOND CENTRES - TDFS,CA,private label,debit
112268,00-99,CHARM DIAMOND CENTRES - TDFS,CA,private label,debit
112269,00-99,CHARM DIAMOND CENTRES - TDFS,CA,private label,debit
112270,00-99,CHARM DIAMOND CENTRES - TDFS,CA,private label,debit
112271,00-99,CHARM DIAMOND CENTRES - TDFS,CA,private label,debit
112272,00-99,CHARM DIAMOND CENTRES - TDFS,CA,private label,debit
112273,00-99,CHARM DIAMOND CENTRES - TDFS,CA,private label,debit
112274,00-99,CHARM DIAMOND CENTRES - TDFS,CA,private label,debit
112275,00-99,CHARM DIAMOND CENTRES - TDFS,CA,private label,debit
112276,00-99,CHARM DIAMOND CENTRES - TDFS,CA,private label,debit
112277,00-99,CHARM DIAMOND CENTRES - TDFS,CA,private label,debit
112278,00-99,CHARM DIAMOND CENTRES - TDFS,CA,private label,debit
112279,00-99,CHARM DIAMOND CENTRES - TDFS,CA,private label,debit
112280,00-99,CHARM DIAMOND CENTRES - TDFS,CA,private label,debit
112281,00-99,CHARM DIAMOND CENTRES - TDFS,CA,private label,debit
112282,00-99,CHARM DIAMOND CENTRES - TDFS,CA,private label,debit
112283,00-99,CHARM DIAMOND CENTRES - TDFS,CA,private label,debit
112284,00-99,CHARM DIAMOND CENTRES - TDFS,CA,private label,debit
112285,00-99,CHARM DIAMOND CENTRES - TDFS,CA,private label,debit
112286,00-99,CHARM DIAMOND CENTRES - TDFS,CA,private label,debit
112287,00-99,CHARM DIAMOND CENTRES - TDFS,CA,private label,debit
112288,00-99,CHARM DIAMOND CENTRES - TDFS,CA,private label,debit
112289,00-99,CHARM DIAMOND CENTRES - TDFS,CA,private label,debit
112290,00-99,CHARM DIAMOND CENTRES - TDFS,CA,private label,debit
112291,00-99,CHARM DIAMOND CENTRES - TDFS,CA,private label,debit
112292,00-99,CHARM DIAMOND CENTRES - TDFS,CA,private label,debit
112293,00-99,CHARM DIAMOND CENTRES - TDFS,CA,private label,debit
112294,00-99,CHARM DIAMOND CENTRES - TDFS,CA,private label,debit
112295,00-99,CHARM DIAMOND CENTRES - TDFS,CA,private label,debit
112296,00-99,CHARM DIAMOND CENTRES - TDFS,CA,private label,debit
112297,00-99,CHARM DIAMOND CENTRES - TDFS,CA,private label,debit
112298,00-99,CHARM DIAMOND CENTRES - TDFS,CA,private label,debit
112299,00-99,CHARM DIAMOND CENTRES - TDFS,CA,private label,debit
112300,00-99,CHARM DIAMOND CENTRES - TDFS,CA,private label,debit
112301,00-99,CHARM DIAMOND CENTRES - TDFS,CA,private label,debit
112302,00-99,CHARM DIAMOND CENTRES - TDFS,CA,private label,debit
112303,00-99,CHARM DIAMOND CENTRES - TDFS,CA,private label,debit
112304,00-99,CHARM DIAMOND CENTRES - TDFS,CA,private label,debit
112305,00-99,CHARM DIAMOND CENTRES - TDFS,CA,private label,debit
112306,00-99,CHARM DIAMOND CENTRES - TDFS,CA,private label,debit
112307,00-99,CHARM DIAMOND CENTRES - TDFS,CA,private label,debit
112308,00-99,CHARM DIAMOND CENTRES - TDFS,CA,private label,debit
112309,00-99,CHARM DIAMOND CENTRES - TDFS,CA,private label,debit
112310,00-99,CHARM DIAMOND CENTRES - TDFS,CA,private label,debit
112311,00-99,CHARM DIAMOND CENTRES - TDFS,CA,private label,debit
112312,00-99,CHARM DIAMOND CENTRES - TDFS,CA,uatp,debit
112313,00-99,CHARM DIAMOND CENTRES - TDFS,CA,private label,debit
112314,00-99,CHARM DIAMOND CENTRES - TDFS,CA,private label,debit
112315,00-99,CHARM DIAMOND CENTRES - TDFS,CA,private label,debit
112316,00-99,CHARM DIAMOND CENTRES - TDFS,CA,private label,debit
112317,00-99,CHARM DIAMOND CENTRES - TDFS,CA,private label,debit
112318,00-99,CHARM DIAMOND CENTRES - TDFS,CA,private label,debit
112319,00-99,CHARM DIAMOND CENTRES - TDFS,CA,private label,debit
112320,00-99,CHARM DIAMOND CENTRES - TDFS,CA,private label,debit
112321,00-99,CHARM DIAMOND CENTRES - TDFS,CA,private label,debit
112322,00-99,CHARM DIAMOND CENTRES - TDFS,CA,private label,debit
112323,00-99,CHARM DIAMOND CENTRES - TDFS,CA,private label,debit
112324,00-99,CHARM DIAMOND CENTRES - TDFS,CA,private label,debit
112325,00-99,CHARM DIAMOND CENTRES - TDFS,CA,private label,debit
112326,00-99,CHARM DIAMOND CENTRES - TDFS,CA,private label,debit
112327,00-99,CHARM DIAMOND CENTRES - TDFS,CA,private label,debit
112328,00-99,CHARM DIAMOND CENTRES - TDFS,CA,private label,debit
112329,00-99,CHARM DIAMOND CENTRES - TDFS,CA,private label,debit
112330,00-99,CHARM DIAMOND CENTRES - TDFS,CA,private label,debit
112331,00-99,CHARM DIAMOND CENTRES - TDFS,CA,private label,debit
112332,00-99,CHARM DIAMOND CENTRES - TDFS,CA,private label,debit
112333,00-99,CHARM DIAMOND CENTRES - TDFS,CA,private label,debit
112334,00-99,CHARM DIAMOND CENTRES - TDFS,CA,private label,debit
112335,00-99,CHARM DIAMOND CENTRES - TDFS,CA,private label,debit
112336,00-99,CHARM DIAMOND CENTRES - TDFS,CA,private label,debit
112337,00-99,CHARM DIAMOND CENTRES - TDFS,CA,private label,debit
112338,00-99,CHARM DIAMOND CENTRES - TDFS,CA,private label,debit
112339,00-99,CHARM DIAMOND CENTRES - TDFS,CA,private label,debit
112340,00-99,CHARM DIAMOND CENTRES - TDFS,CA,private label,debit
112341,00-99,CHARM DIAMOND CENTRES - TDFS,CA,private label,debit
112342,00-99,CHARM DIAMOND CENTRES - TDFS,CA,private label,debit
112343,00-99,CHARM DIAMOND CENTRES - TDFS,CA,private label,debit
112344,00-99,CHARM DIAMOND CENTRES - TDFS,CA,private label,debit
112345,00-99,CHARM DIAMOND CENTRES - TDFS,CA,private label,debit
112346,00-99,CHARM DIAMOND CENTRES - TDFS,CA,private label,debit
112347,00-99,CHARM DIAMOND CENTRES - TDFS,CA,private label,debit
112348,00-99,CHARM DIAMOND CENTRES - TDFS,CA,private label,debit
112349,00-99,CHARM DIAMOND CENTRES - TDFS,CA,private label,debit
112350,00-99,CHARM DIAMOND CENTRES - TDFS,CA,private label,debit
112351,00-99,CHARM DIAMOND CENTRES - TDFS,CA,private label,debit
112352,00-99,CHARM DIAMOND CENTRES - TDFS,CA,private label,debit
112353,00-99,CHARM DIAMOND CENTRES - TDFS,CA,private label,debit
112354,00-99,CHARM DIAMOND CENTRES - TDFS,CA,private label,debit
112355,00-99,CHARM DIAMOND CENTRES - TDFS,CA,private label,debit
112356,00-99,CHARM DIAMOND CENTRES - TDFS,CA,private label,debit
112357,00-99,CHARM DIAMOND CENTRES - TDFS,CA,private label,debit
112358,00-99,CHARM DIAMOND CENTRES - TDFS,CA,private label,debit
112359,00-99,CHARM DIAMOND CENTRES - TDFS,CA,private label,debit
112360,00-99,CHARM DIAMOND CENTRES - TDFS,CA,private label,debit
112361,00-99,CHARM DIAMOND CENTRES - TDFS,CA,private label,debit
112362,00-99,CHARM DIAMOND CENTRES - TDFS,CA,private label,debit
112363,00-99,CHARM DIAMOND CENTRES - TDFS,CA,private label,debit
112364,00-99,CHARM DIAMOND CENTRES - TDFS,CA,private label,debit
112365,00-99,CHARM DIAMOND CENTRES - TDFS,CA,private label,debit
112366,00-99,CHARM DIAMOND CENTRES - TDFS,CA,private label,debit
112367,00-99,CHARM DIAMOND CENTRES - TDFS,CA,private label,debit
112368,00-99,CHARM DIAMOND CENTRES - TDFS,CA,private label,debit
112369,00-99,CHARM DIAMOND CENTRES - TDFS,CA,private label,debit
112370,00-99,CHARM DIAMOND CENTRES - TDFS,CA,private label,debit
112371,00-99,CHARM DIAMOND CENTRES - TDFS,CA,private label,debit
112372,00-99,CHARM DIAMOND CENTRES - TDFS,CA,private label,debit
112373,00-99,CHARM DIAMOND CENTRES - TDFS,CA,private label,debit
112374,00-99,CHARM DIAMOND CENTRES - TDFS,CA,private label,debit
112375,00-99,CHARM DIAMOND CENTRES - TDFS,CA,private label,debit
112376,00-99,CHARM DIAMOND CENTRES - TDFS,CA,private label,debit
112377,00-99,CHARM DIAMOND CENTRES - TDFS,CA,private label,debit
112378,00-99,CHARM DIAMOND CENTRES - TDFS,CA,private label,debit
112379,00-99,CHARM DIAMOND CENTRES - TDFS,CA,private label,debit
112380,00-99,CHARM DIAMOND CENTRES - TDFS,CA,private label,debit
112381,00-99,CHARM DIAMOND CENTRES - TDFS,CA,private label,debit
112382,00-99,CHARM DIAMOND CENTRES - TDFS,CA,private label,debit
112383,00-99,CHARM DIAMOND CENTRES - TDFS,CA,private label,debit
112384,00-99,CHARM DIAMOND CENTRES - TDFS,CA,private label,debit
112385,00-99,CHARM DIAMOND CENTRES - TDFS,CA,private label,debit
112386,00-99,CHARM DIAMOND CENTRES - TDFS,CA,private label,debit
112387,00-99,CHARM DIAMOND CENTRES - TDFS,CA,private label,debit
112388,00-99,CHARM DIAMOND CENTRES - TDFS,CA,private label,debit
112389,00-99,CHARM DIAMOND CENTRES - TDFS,CA,private label,debit
112390,00-99,CHARM DIAMOND CENTRES - TDFS,CA,private label,debit
112391,00-99,CHARM DIAMOND CENTRES - TDFS,CA,private label,debit
112392,00-99,CHARM DIAMOND CENTRES - TDFS,CA,private label,debit
112393,00-99,CHARM DIAMOND CENTRES - TDFS,CA,private label,debit
112394,00-99,CHARM DIAMOND CENTRES - TDFS,CA,private label,debit
112395,00-99,CHARM DIAMOND CENTRES - TDFS,CA,private label,debit
112396,00-99,CHARM DIAMOND CENTRES - TDFS,CA,private label,debit
112397,00-99,CHARM DIAMOND CENTRES - TDFS,CA,private label,debit
112398,00-99,CHARM DIAMOND CENTRES - TDFS,CA,private label,debit
112399,00-99,CHARM DIAMOND CENTRES - TDFS,CA,private label,debit
112400,00-99,CHARM DIAMOND CENTRES - TDFS,CA,private label,debit
112401,00-99,CHARM DIAMOND CENTRES - TDFS,CA,private label,debit
112402,00-99,CHARM DIAMOND CENTRES - TDFS,CA,private label,debit
112403,00-99,CHARM DIAMOND CENTRES - TDFS,CA,private label,debit
112404,00-99,CHARM DIAMOND CENTRES - TDFS,CA,private label,debit
112405,00-99,CHARM DIAMOND CENTRES - TDFS,CA,private label,debit
112406,00-99,CHARM DIAMOND CENTRES - TDFS,CA,private label,debit
112407,00-99,CHARM DIAMOND CENTRES - TDFS,CA,private label,debit
112408,00-99,CHARM DIAMOND CENTRES - TDFS,CA,private label,debit
112409,00-99,CHARM DIAMOND CENTRES - TDFS,CA,private label,debit
112410,00-99,CHARM DIAMOND CENTRES - TDFS,CA,private label,debit
112411,00-99,CHARM DIAMOND CENTRES - TDFS,CA,private label,debit
112412,00-99,CHARM DIAMOND CENTRES - TDFS,CA,private label,debit
112413,00-99,CHARM DIAMOND CENTRES - TDFS,CA,private label,debit
112414,00-99,CHARM DIAMOND CENTRES - TDFS,CA,private label,debit
112415,00-99,CHARM DIAMOND CENTRES - TDFS,CA,private label,debit
112416,00-99,CHARM DIAMOND CENTRES - TDFS,CA,private label,debit
112417,00-99,CHARM DIAMOND CENTRES - TDFS,CA,private label,debit
112418,00-99,CHARM DIAMOND CENTRES - TDFS,CA,private label,debit
112419,00-99,CHARM DIAMOND CENTRES - TDFS,CA,private label,debit
112420,00-99,CHARM DIAMOND CENTRES - TDFS,CA,private label,debit
112421,00-99,CHARM DIAMOND CENTRES - TDFS,CA,private label,debit
112422,00-99,CHARM DIAMOND CENTRES - TDFS,CA,private label,debit
112423,00-99,CHARM DIAMOND CENTRES - TDFS,CA,private label,debit
112424,00-99,CHARM DIAMOND CENTRES - TDFS,CA,private label,debit
112425,00-99,CHARM DIAMOND CENTRES - TDFS,CA,private label,debit
112426,00-99,CHARM DIAMOND CENTRES - TDFS,CA,private label,debit
112427,00-99,CHARM DIAMOND CENTRES - TDFS,CA,private label,debit
112428,00-99,CHARM DIAMOND CENTRES - TDFS,CA,private label,debit
112429,00-99,CHARM DIAMOND CENTRES - TDFS,CA,private label,debit
112430,00-99,CHARM DIAMOND CENTRES - TDFS,CA,private label,debit
112431,00-99,CHARM DIAMOND CENTRES - TDFS,CA,private label,debit
112432,00-99,CHARM DIAMOND CENTRES - TDFS,CA,private label,debit
112433,00-99,CHARM DIAMOND CENTRES - TDFS,CA,private label,debit
112434,00-99,CHARM DIAMOND CENTRES - TDFS,CA,private label,debit
112435,00-99,CHARM DIAMOND CENTRES - TDFS,CA,private label,debit
112436,00-99,CHARM DIAMOND CENTRES - TDFS,CA,private label,debit
112437,00-99,CHARM DIAMOND CENTRES - TDFS,CA,private label,debit
112438,00-99,CHARM DIAMOND CENTRES - TDFS,CA,private label,debit
112439,00-99,CHARM DIAMOND CENTRES - TDFS,CA,private label,debit
112440,00-99,CHARM DIAMOND CENTRES - TDFS,CA,private label,debit
112441,00-99,CHARM DIAMOND CENTRES - TDFS,CA,private label,debit
112442,00-99,CHARM DIAMOND CENTRES - TDFS,CA,private label,debit
112443,00-99,CHARM DIAMOND CENTRES - TDFS,CA,private label,debit
112444,00-99,CHARM DIAMOND CENTRES - TDFS,CA,private label,debit
112445,00-99,CHARM DIAMOND CENTRES - TDFS,CA,private label,debit
112446,00-99,CHARM DIAMOND CENTRES - TDFS,CA,private label,debit
112447,00-99,CHARM DIAMOND CENTRES - TDFS,CA,private label,debit
112448,00-99,CHARM DIAMOND CENTRES - TDFS,CA,private label,debit
112449,00-99,CHARM DIAMOND CENTRES - TDFS,CA,private label,debit
112450,00-99,CHARM DIAMOND CENTRES - TDFS,CA,private label,debit
112451,00-99,CHARM DIAMOND CENTRES - TDFS,CA,private label,debit
112452,00-99,CHARM DIAMOND CENTRES - TDFS,CA,private label,debit
112453,00-99,CHARM DIAMOND CENTRES - TDFS,CA,private label,debit
112454,00-99,CHARM DIAMOND CENTRES - TDFS,CA,private label,debit
112455,00-99,CHARM DIAMOND CENTRES - TDFS,CA,private label,debit
112456,00-99,CHARM DIAMOND CENTRES - TDFS,CA,private label,debit
112457,00-99,CHARM DIAMOND CENTRES - TDFS,CA,private label,debit
112458,00-99,CHARM DIAMOND CENTRES - TDFS,CA,private label,debit
112459,00-99,CHARM DIAMOND CENTRES - TDFS,CA,private label,debit
112460,00-99,CHARM DIAMOND CENTRES - TDFS,CA,private label,debit
112461,00-99,CHARM DIAMOND CENTRES - TDFS,CA,private label,debit
112462,00-99,CHARM DIAMOND CENTRES - TDFS,CA,private label,debit
112463,00-99,CHARM DIAMOND CENTRES - TDFS,CA,private label,debit
112464,00-99,CHARM DIAMOND CENTRES - TDFS,CA,private label,debit
112465,00-99,CHARM DIAMOND CENTRES - TDFS,CA,private label,debit
112466,00-99,CHARM DIAMOND CENTRES - TDFS,CA,private label,debit
112467,00-99,CHARM DIAMOND CENTRES - TDFS,CA,private label,debit
112468,00-99,CHARM DIAMOND CENTRES - TDFS,CA,private label,debit
112469,00-99,CHARM DIAMOND CENTRES - TDFS,CA,private label,debit
112470,00-99,CHARM DIAMOND CENTRES - TDFS,CA,private label,debit
112471,00-99,CHARM DIAMOND CENTRES - TDFS,CA,private label,debit
112472,00-99,CHARM DIAMOND CENTRES - TDFS,CA,private label,debit
112473,00-99,CHARM DIAMOND CENTRES - TDFS,CA,private label,debit
112474,00-99,CHARM DIAMOND CENTRES - TDFS,CA,private label,debit
112475,00-99,CHARM DIAMOND CENTRES - TDFS,CA,private label,debit
112476,00-99,CHARM DIAMOND CENTRES - TDFS,CA,private label,debit
112477,00-99,CHARM DIAMOND CENTRES - TDFS,CA,private label,debit
112478,00-99,CHARM DIAMOND CENTRES - TDFS,CA,private label,debit
112479,00-99,CHARM DIAMOND CENTRES - TDFS,CA,private label,debit
112480,00-99,CHARM DIAMOND CENTRES - TDFS,CA,private label,debit
112481,00-99,CHARM DIAMOND CENTRES - TDFS,CA,private label,debit
112482,00-99,CHARM DIAMOND CENTRES - TDFS,CA,private label,debit
112483,00-99,CHARM DIAMOND CENTRES - TDFS,CA,private label,debit
112484,00-99,CHARM DIAMOND CENTRES - TDFS,CA,private label,debit
112485,00-99,CHARM DIAMOND CENTRES - TDFS,CA,private label,debit
112486,00-99,CHARM DIAMOND CENTRES - TDFS,CA,private label,debit
112487,00-99,CHARM DIAMOND CENTRES - TDFS,CA,private label,debit
112488,00-99,CHARM DIAMOND CENTRES - TDFS,CA,private label,debit
112489,00-99,CHARM DIAMOND CENTRES - TDFS,CA,private label,debit
112490,00-99,CHARM DIAMOND CENTRES - TDFS,CA,private label,debit
112491,00-99,CHARM DIAMOND CENTRES - TDFS,CA,private label,debit
112492,00-99,CHARM DIAMOND CENTRES - TDFS,CA,private label,debit
112493,00-99,CHARM DIAMOND CENTRES - TDFS,CA,private label,debit
112494,00-99,CHARM DIAMOND CENTRES - TDFS,CA,private label,debit
112495,00-99,CHARM DIAMOND CENTRES - TDFS,CA,private label,debit
112496,00-99,CHARM DIAMOND CENTRES - TDFS,CA,private label,debit
112497,00-99,CHARM DIAMOND CENTRES - TDFS,CA,private label,debit
112498,00-99,CHARM DIAMOND CENTRES - TDFS,CA,private label,debit
112499,00-99,CHARM DIAMOND CENTRES - TDFS,CA,private label,debit
112500,00-99,BRITISH AIRWAYS (BA),GB,uatp,credit
112501,00-99,BRITISH AIRWAYS (BA),GB,uatp,credit
112502,00-99,BRITISH AIRWAYS (BA),GB,uatp,credit
112503,00-99,BRITISH AIRWAYS (BA),GB,uatp,credit
112504,00-99,BRITISH AIRWAYS (BA),GB,uatp,credit
112505,00-99,BRITISH AIRWAYS (BA),GB,uatp,credit
112506,00-99,BRITISH AIRWAYS (BA),GB,uatp,credit
112507,00-99,BRITISH AIRWAYS (BA),GB,uatp,credit
112508,00-99,BRITISH AIRWAYS (BA),GB,uatp,credit
112509,00-99,BRITISH AIRWAYS (BA),GB,uatp,credit
112510,00-99,BRITISH AIRWAYS (BA),GB,uatp,credit
112511,00-99,BRITISH AIRWAYS (BA),GB,uatp,credit
112512,00-99,BRITISH AIRWAYS (BA),GB,uatp,credit
112513,00-99,BRITISH AIRWAYS (BA),GB,uatp,credit
112514,00-99,BRITISH AIRWAYS (BA),GB,uatp,credit
112515,00-99,BRITISH AIRWAYS (BA),GB,uatp,credit
112516,00-99,BRITISH AIRWAYS (BA),GB,uatp,credit
112517,00-99,BRITISH AIRWAYS (BA),GB,uatp,credit
112518,00-99,BRITISH AIRWAYS (BA),GB,uatp,credit
112519,00-99,BRITISH AIRWAYS (BA),GB,uatp,credit
112520,00-99,BRITISH AIRWAYS (BA),GB,uatp,credit
112521,00-99,BRITISH AIRWAYS (BA),GB,uatp,credit
112522,00-99,BRITISH AIRWAYS (BA),GB,uatp,credit
112523,00-99,BRITISH AIRWAYS (BA),GB,uatp,credit
112524,00-99,BRITISH AIRWAYS (BA),GB,uatp,credit
112525,00-99,BRITISH AIRWAYS (BA),GB,uatp,credit
112526,00-99,BRITISH AIRWAYS (BA),GB,uatp,credit
112527,00-99,BRITISH AIRWAYS (BA),GB,uatp,credit
112528,00-99,BRITISH AIRWAYS (BA),GB,uatp,credit
112529,00-99,BRITISH AIRWAYS (BA),GB,uatp,credit
112530,00-99,BRITISH AIRWAYS (BA),GB,uatp,credit
112531,00-99,BRITISH AIRWAYS (BA),GB,uatp,credit
112532,00-99,BRITISH AIRWAYS (BA),GB,uatp,credit
112533,00-99,BRITISH AIRWAYS (BA),GB,uatp,credit
112534,00-99,BRITISH AIRWAYS (BA),GB,uatp,credit
112535,00-99,BRITISH AIRWAYS (BA),GB,uatp,credit
112536,00-99,BRITISH AIRWAYS (BA),GB,uatp,credit
112537,00-99,BRITISH AIRWAYS (BA),GB,uatp,credit
112538,00-99,BRITISH AIRWAYS (BA),GB,uatp,credit
112539,00-99,BRITISH AIRWAYS (BA),GB,uatp,credit
112540,00-99,BRITISH AIRWAYS (BA),GB,uatp,credit
112541,00-99,BRITISH AIRWAYS (BA),GB,uatp,credit
112542,00-99,BRITISH AIRWAYS (BA),GB,uatp,credit
112543,00-99,BRITISH AIRWAYS (BA),GB,uatp,credit
112544,00-99,BRITISH AIRWAYS (BA),GB,uatp,credit
112545,00-99,BRITISH AIRWAYS (BA),GB,uatp,credit
112546,00-99,BRITISH AIRWAYS (BA),GB,uatp,credit
112547,00-99,BRITISH AIRWAYS (BA),GB,uatp,credit
112548,00-99,BRITISH AIRWAYS (BA),GB,uatp,credit
112549,00-99,BRITISH AIRWAYS (BA),GB,uatp,credit
112550,00-99,BRITISH AIRWAYS (BA),GB,uatp,credit
112551,00-99,BRITISH AIRWAYS (BA),GB,uatp,credit
112552,00-99,BRITISH AIRWAYS (BA),GB,uatp,credit
112553,00-99,BRITISH AIRWAYS (BA),GB,uatp,credit
112554,00-99,BRITISH AIRWAYS (BA),GB,uatp,credit
112555,00-99,BRITISH AIRWAYS (BA),GB,uatp,credit
112556,00-99,BRITISH AIRWAYS (BA),GB,uatp,credit
112557,00-99,BRITISH AIRWAYS (BA),GB,uatp,credit
112558,00-99,BRITISH AIRWAYS (BA),GB,uatp,credit
112559,00-99,BRITISH AIRWAYS (BA),GB,uatp,credit
112560,00-99,BRITISH AIRWAYS (BA),GB,uatp,credit
112561,00-99,BRITISH AIRWAYS (BA),GB,uatp,credit
112562,00-99,BRITISH AIRWAYS (BA),GB,uatp,credit
112563,00-99,BRITISH AIRWAYS (BA),GB,uatp,credit
112564,00-99,BRITISH AIRWAYS (BA),GB,uatp,credit
112565,00-99,BRITISH AIRWAYS (BA),GB,uatp,credit
112566,00-99,BRITISH AIRWAYS (BA),GB,uatp,credit
112567,00-99,BRITISH AIRWAYS (BA),GB,uatp,credit
112568,00-99,BRITISH AIRWAYS (BA),GB,uatp,credit
112569,00-99,BRITISH AIRWAYS (BA),GB,uatp,credit
112570,00-99,BRITISH AIRWAYS (BA),GB,uatp,credit
112571,00-99,BRITISH AIRWAYS (BA),GB,uatp,credit
112572,00-99,BRITISH AIRWAYS (BA),GB,uatp,credit
112573,00-99,BRITISH AIRWAYS (BA),GB,uatp,credit
112574,00-99,BRITISH AIRWAYS (BA),GB,uatp,credit
112575,00-99,BRITISH AIRWAYS (BA),GB,uatp,credit
112576,00-99,BRITISH AIRWAYS (BA),GB,uatp,credit
112577,00-99,BRITISH AIRWAYS (BA),GB,uatp,credit
112578,00-99,BRITISH AIRWAYS (BA),GB,uatp,credit
112579,00-99,BRITISH AIRWAYS (BA),GB,uatp,credit
112580,00-99,BRITISH AIRWAYS (BA),GB,uatp,credit
112581,00-99,BRITISH AIRWAYS (BA),GB,uatp,credit
112582,00-99,BRITISH AIRWAYS (BA),GB,uatp,credit
112583,00-99,BRITISH AIRWAYS (BA),GB,uatp,credit
112584,00-99,BRITISH AIRWAYS (BA),GB,uatp,credit
112585,00-99,BRITISH AIRWAYS (BA),GB,uatp,credit
112586,00-99,BRITISH AIRWAYS (BA),GB,uatp,credit
112587,00-99,BRITISH AIRWAYS (BA),GB,uatp,credit
112588,00-99,BRITISH AIRWAYS (BA),GB,uatp,credit
112589,00-99,BRITISH AIRWAYS (BA),GB,uatp,credit
112590,00-99,BRITISH AIRWAYS (BA),GB,uatp,credit
112591,00-99,BRITISH AIRWAYS (BA),GB,uatp,credit
112592,00-99,BRITISH AIRWAYS (BA),GB,uatp,credit
112593,00-99,BRITISH AIRWAYS (BA),GB,uatp,credit
112594,00-99,BRITISH AIRWAYS (BA),GB,uatp,credit
112595,00-99,BRITISH AIRWAYS (BA),GB,uatp,credit
112596,00-99,BRITISH AIRWAYS (BA),GB,uatp,credit
112597,00-99,BRITISH AIRWAYS (BA),GB,uatp,credit
112598,00-99,BRITISH AIRWAYS (BA),GB,uatp,credit
112599,00-99,BRITISH AIRWAYS (BA),GB,uatp,credit
112600,00-99,CHARM DIAMOND CENTRES - TDFS,CA,private label,debit
112601,00-99,CHARM DIAMOND CENTRES - TDFS,CA,private label,debit
112602,00-99,CHARM DIAMOND CENTRES - TDFS,CA,private label,debit
112603,00-99,CHARM DIAMOND CENTRES - TDFS,CA,private label,debit
112604,00-99,CHARM DIAMOND CENTRES - TDFS,CA,private label,debit
112605,00-99,CHARM DIAMOND CENTRES - TDFS,CA,private label,debit
112606,00-99,CHARM DIAMOND CENTRES - TDFS,CA,private label,debit
112607,00-99,CHARM DIAMOND CENTRES - TDFS,CA,private label,debit
112608,00-99,CHARM DIAMOND CENTRES - TDFS,CA,private label,debit
112609,00-99,CHARM DIAMOND CENTRES - TDFS,CA,private label,debit
112610,00-99,CHARM DIAMOND CENTRES - TDFS,CA,private label,debit
112611,00-99,CHARM DIAMOND CENTRES - TDFS,CA,private label,debit
112612,00-99,CHARM DIAMOND CENTRES - TDFS,CA,private label,debit
112613,00-99,CHARM DIAMOND CENTRES - TDFS,CA,private label,debit
112614,00-99,CHARM DIAMOND CENTRES - TDFS,CA,private label,debit
112615,00-99,CHARM DIAMOND CENTRES - TDFS,CA,private label,debit
112616,00-99,CHARM DIAMOND CENTRES - TDFS,CA,private label,debit
112617,00-99,CHARM DIAMOND CENTRES - TDFS,CA,private label,debit
112618,00-99,CHARM DIAMOND CENTRES - TDFS,CA,private label,debit
112619,00-99,CHARM DIAMOND CENTRES - TDFS,CA,private label,debit
112620,00-99,CHARM DIAMOND CENTRES - TDFS,CA,private label,debit
112621,00-99,CHARM DIAMOND CENTRES - TDFS,CA,private label,debit
112622,00-99,CHARM DIAMOND CENTRES - TDFS,CA,private label,debit
112623,00-99,CHARM DIAMOND CENTRES - TDFS,CA,private label,debit
112624,00-99,CHARM DIAMOND CENTRES - TDFS,CA,private label,debit
112625,00-99,CHARM DIAMOND CENTRES - TDFS,CA,private label,debit
112626,00-99,CHARM DIAMOND CENTRES - TDFS,CA,private label,debit
112627,00-99,CHARM DIAMOND CENTRES - TDFS,CA,private label,debit
112628,00-99,CHARM DIAMOND CENTRES - TDFS,CA,private label,debit
112629,00-99,CHARM DIAMOND CENTRES - TDFS,CA,private label,debit
112630,00-99,CHARM DIAMOND CENTRES - TDFS,CA,private label,debit
112631,00-99,CHARM DIAMOND CENTRES - TDFS,CA,private label,debit
112632,00-99,CHARM DIAMOND CENTRES - TDFS,CA,private label,debit
112633,00-99,CHARM DIAMOND CENTRES - TDFS,CA,private label,debit
112634,00-99,CHARM DIAMOND CENTRES - TDFS,CA,private label,debit
112635,00-99,CHARM DIAMOND CENTRES - TDFS,CA,private label,debit
112636,00-99,CHARM DIAMOND CENTRES - TDFS,CA,private label,debit
112637,00-99,CHARM DIAMOND CENTRES - TDFS,CA,private label,debit
112638,00-99,CHARM DIAMOND CENTRES - TDFS,CA,private label,debit
112639,00-99,CHARM DIAMOND CENTRES - TDFS,CA,private label,debit
112640,00-99,CHARM DIAMOND CENTRES - TDFS,CA,private label,debit
112641,00-99,CHARM DIAMOND CENTRES - TDFS,CA,private label,debit
112642,00-99,CHARM DIAMOND CENTRES - TDFS,CA,private label,debit
112643,00-99,CHARM DIAMOND CENTRES - TDFS,CA,private label,debit
112644,00-99,CHARM DIAMOND CENTRES - TDFS,CA,private label,debit
112645,00-99,CHARM DIAMOND CENTRES - TDFS,CA,private label,debit
112646,00-99,CHARM DIAMOND CENTRES - TDFS,CA,private label,debit
112647,00-99,CHARM DIAMOND CENTRES - TDFS,CA,private label,debit
112648,00-99,CHARM DIAMOND CENTRES - TDFS,CA,private label,debit
112649,00-99,CHARM DIAMOND CENTRES - TDFS,CA,private label,debit
112650,00-99,CHARM DIAMOND CENTRES - TDFS,CA,private label,debit
112651,00-99,CHARM DIAMOND CENTRES - TDFS,CA,private label,debit
112652,00-99,CHARM DIAMOND CENTRES - TDFS,CA,private label,debit
112653,00-99,CHARM DIAMOND CENTRES - TDFS,CA,private label,debit
112654,00-99,CHARM DIAMOND CENTRES - TDFS,CA,private label,debit
112655,00-99,CHARM DIAMOND CENTRES - TDFS,CA,private label,debit
112656,00-99,CHARM DIAMOND CENTRES - TDFS,CA,private label,debit
112657,00-99,CHARM DIAMOND CENTRES - TDFS,CA,private label,debit
112658,00-99,CHARM DIAMOND CENTRES - TDFS,CA,private label,debit
112659,00-99,CHARM DIAMOND CENTRES - TDFS,CA,private label,debit
112660,00-99,CHARM DIAMOND CENTRES - TDFS,CA,private label,debit
112661,00-99,CHARM DIAMOND CENTRES - TDFS,CA,private label,debit
112662,00-99,CHARM DIAMOND CENTRES - TDFS,CA,private label,debit
112663,00-99,CHARM DIAMOND CENTRES - TDFS,CA,private label,debit
112664,00-99,CHARM DIAMOND CENTRES - TDFS,CA,private label,debit
112665,00-99,CHARM DIAMOND CENTRES - TDFS,CA,private label,debit
112666,00-99,CHARM DIAMOND CENTRES - TDFS,CA,private label,debit
112667,00-99,CHARM DIAMOND CENTRES - TDFS,CA,private label,debit
112668,00-99,CHARM DIAMOND CENTRES - TDFS,CA,private label,debit
112669,00-99,CHARM DIAMOND CENTRES - TDFS,CA,private label,debit
112670,00-99,CHARM DIAMOND CENTRES - TDFS,CA,private label,debit
112671,00-99,CHARM DIAMOND CENTRES - TDFS,CA,private label,debit
112672,00-99,CHARM DIAMOND CENTRES - TDFS,CA,private label,debit
112673,00-99,CHARM DIAMOND CENTRES - TDFS,CA,private label,debit
112674,00-99,CHARM DIAMOND CENTRES - TDFS,CA,private label,debit
112675,00-99,CHARM DIAMOND CENTRES - TDFS,CA,private label,debit
112676,00-99,CHARM DIAMOND CENTRES - TDFS,CA,private label,debit
112677,00-99,CHARM DIAMOND CENTRES - TDFS,CA,private label,debit
112678,00-99,CHARM DIAMOND CENTRES - TDFS,CA,private label,debit
112679,00-99,CHARM DIAMOND CENTRES - TDFS,CA,private label,debit
112680,00-99,CHARM DIAMOND CENTRES - TDFS,CA,private label,debit
112681,00-99,CHARM DIAMOND CENTRES - TDFS,CA,private label,debit
112682,00-99,CHARM DIAMOND CENTRES - TDFS,CA,private label,debit
112683,00-99,CHARM DIAMOND CENTRES - TDFS,CA,private label,debit
112684,00-99,CHARM DIAMOND CENTRES - TDFS,CA,private label,debit
112685,00-99,CHARM DIAMOND CENTRES - TDFS,CA,private label,debit
112686,00-99,CHARM DIAMOND CENTRES - TDFS,CA,private label,debit
112687,00-99,CHARM DIAMOND CENTRES - TDFS,CA,private label,debit
112688,00-99,CHARM DIAMOND CENTRES - TDFS,CA,private label,debit
112689,00-99,CHARM DIAMOND CENTRES - TDFS,CA,private label,debit
112690,00-99,CHARM DIAMOND CENTRES - TDFS,CA,private label,debit
112691,00-99,CHARM DIAMOND CENTRES - TDFS,CA,private label,debit
112692,00-99,CHARM DIAMOND CENTRES - TDFS,CA,private label,debit
112693,00-99,CHARM DIAMOND CENTRES - TDFS,CA,private label,debit
112694,00-99,CHARM DIAMOND CENTRES - TDFS,CA,private label,debit
112695,00-99,CHARM DIAMOND CENTRES - TDFS,CA,private label,debit
112696,00-99,CHARM DIAMOND CENTRES - TDFS,CA,private label,debit
112697,00-99,CHARM DIAMOND CENTRES - TDFS,CA,private label,debit
112698,00-99,CHARM DIAMOND CENTRES - TDFS,CA,private label,debit
112699,00-99,CHARM DIAMOND CENTRES - TDFS,CA,private label,debit
112700,00-99,GOL LINHAS AEREAS,BR,uatp,debit
112701,00-99,GOL LINHAS AEREAS INTELIGENTES (G3),BR,uatp,credit
112702,00-99,GOL LINHAS AEREAS INTELIGENTES (G3),BR,uatp,credit
112703,00-99,GOL LINHAS AEREAS INTELIGENTES (G3),BR,uatp,credit
112704,00-99,GOL LINHAS AEREAS INTELIGENTES (G3),BR,uatp,credit
112705,00-99,GOL LINHAS AEREAS INTELIGENTES (G3),BR,uatp,credit
112706,00-99,GOL LINHAS AEREAS INTELIGENTES (G3),BR,uatp,credit
112707,00-99,GOL LINHAS AEREAS INTELIGENTES (G3),BR,uatp,credit
112708,00-99,GOL LINHAS AEREAS INTELIGENTES (G3),BR,uatp,credit
112709,00-99,GOL LINHAS AEREAS INTELIGENTES (G3),BR,uatp,credit
112710,00-99,GOL LINHAS AEREAS INTELIGENTES (G3),BR,uatp,credit
112711,00-99,GOL LINHAS AEREAS INTELIGENTES (G3),BR,uatp,credit
112712,00-99,GOL LINHAS AEREAS INTELIGENTES (G3),BR,uatp,credit
112713,00-99,GOL LINHAS AEREAS INTELIGENTES (G3),BR,uatp,credit
112714,00-99,GOL LINHAS AEREAS INTELIGENTES (G3),BR,uatp,credit
112715,00-99,GOL LINHAS AEREAS INTELIGENTES (G3),BR,uatp,credit
112716,00-99,GOL LINHAS AEREAS INTELIGENTES (G3),BR,uatp,credit
112717,00-99,GOL LINHAS AEREAS INTELIGENTES (G3),BR,uatp,credit
112718,00-99,GOL LINHAS AEREAS INTELIGENTES (G3),BR,uatp,credit
112719,00-99,GOL LINHAS AEREAS INTELIGENTES (G3),BR,uatp,credit
112720,00-99,GOL LINHAS AEREAS INTELIGENTES (G3),BR,uatp,credit
112721,00-99,GOL LINHAS AEREAS INTELIGENTES (G3),BR,uatp,credit
112722,00-99,GOL LINHAS AEREAS INTELIGENTES (G3),BR,uatp,credit
112723,00-99,GOL LINHAS AEREAS INTELIGENTES (G3),BR,uatp,credit
112724,00-99,GOL LINHAS AEREAS INTELIGENTES (G3),BR,uatp,credit
112725,00-99,GOL LINHAS AEREAS INTELIGENTES (G3),BR,uatp,credit
112726,00-99,GOL LINHAS AEREAS INTELIGENTES (G3),BR,uatp,credit
112727,00-99,GOL LINHAS AEREAS INTELIGENTES (G3),BR,uatp,credit
112728,00-99,GOL LINHAS AEREAS INTELIGENTES (G3),BR,uatp,credit
112729,00-99,GOL LINHAS AEREAS INTELIGENTES (G3),BR,uatp,credit
112730,00-99,GOL LINHAS AEREAS INTELIGENTES (G3),BR,uatp,credit
112731,00-99,GOL LINHAS AEREAS INTELIGENTES (G3),BR,uatp,credit
112732,00-99,GOL LINHAS AEREAS INTELIGENTES (G3),BR,uatp,credit
112733,00-99,GOL LINHAS AEREAS INTELIGENTES (G3),BR,uatp,credit
112734,00-99,GOL LINHAS AEREAS INTELIGENTES (G3),BR,uatp,credit
112735,00-99,GOL LINHAS AEREAS INTELIGENTES (G3),BR,uatp,credit
112736,00-99,GOL LINHAS AEREAS INTELIGENTES (G3),BR,uatp,credit
112737,00-99,GOL LINHAS AEREAS INTELIGENTES (G3),BR,uatp,credit
112738,00-99,GOL LINHAS AEREAS INTELIGENTES (G3),BR,uatp,credit
112739,00-99,GOL LINHAS AEREAS INTELIGENTES (G3),BR,uatp,credit
112740,00-99,GOL LINHAS AEREAS INTELIGENTES (G3),BR,uatp,credit
112741,00-99,GOL LINHAS AEREAS INTELIGENTES (G3),BR,uatp,credit
112742,00-99,GOL LINHAS AEREAS INTELIGENTES (G3),BR,uatp,credit
112743,00-99,GOL LINHAS AEREAS INTELIGENTES (G3),BR,uatp,credit
112744,00-99,GOL LINHAS AEREAS INTELIGENTES (G3),BR,uatp,credit
112745,00-99,GOL LINHAS AEREAS INTELIGENTES (G3),BR,uatp,credit
112746,00-99,GOL LINHAS AEREAS INTELIGENTES (G3),BR,uatp,credit
112747,00-99,GOL LINHAS AEREAS INTELIGENTES (G3),BR,uatp,credit
112748,00-99,GOL LINHAS AEREAS INTELIGENTES (G3),BR,uatp,credit
112749,00-99,GOL LINHAS AEREAS INTELIGENTES (G3),BR,uatp,credit
112750,00-99,GOL LINHAS AEREAS INTELIGENTES (G3),BR,uatp,credit
112751,00-99,GOL LINHAS AEREAS INTELIGENTES (G3),BR,uatp,credit
112752,00-99,GOL LINHAS AEREAS INTELIGENTES (G3),BR,uatp,credit
112753,00-99,GOL LINHAS AEREAS INTELIGENTES (G3),BR,uatp,credit
112754,00-99,GOL LINHAS AEREAS INTELIGENTES (G3),BR,uatp,credit
112755,00-99,GOL LINHAS AEREAS INTELIGENTES (G3),BR,uatp,credit
112756,00-99,GOL LINHAS AEREAS INTELIGENTES (G3),BR,uatp,credit
112757,00-99,GOL LINHAS AEREAS INTELIGENTES (G3),BR,uatp,credit
112758,00-99,GOL LINHAS AEREAS INTELIGENTES (G3),BR,uatp,credit
112759,00-99,GOL LINHAS AEREAS INTELIGENTES (G3),BR,uatp,credit
112760,00-99,GOL LINHAS AEREAS INTELIGENTES (G3),BR,uatp,credit
112761,00-99,GOL LINHAS AEREAS INTELIGENTES (G3),BR,uatp,credit
112762,00-99,GOL LINHAS AEREAS INTELIGENTES (G3),BR,uatp,credit
112763,00-99,GOL LINHAS AEREAS INTELIGENTES (G3),BR,uatp,credit
112764,00-99,GOL LINHAS AEREAS INTELIGENTES (G3),BR,uatp,credit
112765,00-99,GOL LINHAS AEREAS INTELIGENTES (G3),BR,uatp,credit
112766,00-99,GOL LINHAS AEREAS INTELIGENTES (G3),BR,uatp,credit
112767,00-99,GOL LINHAS AEREAS INTELIGENTES (G3),BR,uatp,credit
112768,00-99,GOL LINHAS AEREAS INTELIGENTES (G3),BR,uatp,credit
112769,00-99,GOL LINHAS AEREAS INTELIGENTES (G3),BR,uatp,credit
112770,00-99,GOL LINHAS AEREAS INTELIGENTES (G3),BR,uatp,credit
112771,00-99,GOL LINHAS AEREAS INTELIGENTES (G3),BR,uatp,credit
112772,00-99,GOL LINHAS AEREAS INTELIGENTES (G3),BR,uatp,credit
112773,00-99,GOL LINHAS AEREAS INTELIGENTES (G3),BR,uatp,credit
112774,00-99,GOL LINHAS AEREAS INTELIGENTES (G3),BR,uatp,credit
112775,00-99,GOL LINHAS AEREAS INTELIGENTES (G3),BR,uatp,credit
112776,00-99,GOL LINHAS AEREAS INTELIGENTES (G3),BR,uatp,credit
112777,00-99,GOL LINHAS AEREAS INTELIGENTES (G3),BR,uatp,credit
112778,00-99,GOL LINHAS AEREAS INTELIGENTES (G3),BR,uatp,credit
112779,00-99,GOL LINHAS AEREAS INTELIGENTES (G3),BR,uatp,credit
112780,00-99,GOL LINHAS AEREAS INTELIGENTES (G3),BR,uatp,credit
112781,00-99,GOL LINHAS AEREAS INTELIGENTES (G3),BR,uatp,credit
112782,00-99,GOL LINHAS AEREAS INTELIGENTES (G3),BR,uatp,credit
112783,00-99,GOL LINHAS AEREAS INTELIGENTES (G3),BR,uatp,credit
112784,00-99,GOL LINHAS AEREAS INTELIGENTES (G3),BR,uatp,credit
112785,00-99,GOL LINHAS AEREAS INTELIGENTES (G3),BR,uatp,credit
112786,00-99,GOL LINHAS AEREAS INTELIGENTES (G3),BR,uatp,credit
112787,00-99,GOL LINHAS AEREAS INTELIGENTES (G3),BR,uatp,credit
112788,00-99,GOL LINHAS AEREAS INTELIGENTES (G3),BR,uatp,credit
112789,00-99,GOL LINHAS AEREAS INTELIGENTES (G3),BR,uatp,credit
112790,00-99,GOL LINHAS AEREAS INTELIGENTES (G3),BR,uatp,credit
112791,00-99,GOL LINHAS AEREAS INTELIGENTES (G3),BR,uatp,credit
112792,00-99,GOL LINHAS AEREAS INTELIGENTES (G3),BR,uatp,credit
112793,00-99,GOL LINHAS AEREAS INTELIGENTES (G3),BR,uatp,credit
112794,00-99,GOL LINHAS AEREAS INTELIGENTES (G3),BR,uatp,credit
112795,00-99,GOL LINHAS AEREAS INTELIGENTES (G3),BR,uatp,credit
112796,00-99,GOL LINHAS AEREAS INTELIGENTES (G3),BR,uatp,credit
112797,00-99,GOL LINHAS AEREAS INTELIGENTES (G3),BR,uatp,credit
112798,00-99,GOL LINHAS AEREAS INTELIGENTES (G3),BR,uatp,credit
112799,00-99,GOL LINHAS AEREAS INTELIGENTES (G3),BR,uatp,credit
112800,00-99,CHARM DIAMOND CENTRES - TDFS,CA,private label,debit
112801,00-99,CHARM DIAMOND CENTRES - TDFS,CA,private label,debit
112802,00-99,CHARM DIAMOND CENTRES - TDFS,CA,private label,debit
112803,00-99,CHARM DIAMOND CENTRES - TDFS,CA,private label,debit
112804,00-99,CHARM DIAMOND CENTRES - TDFS,CA,private label,debit
112805,00-99,CHARM DIAMOND CENTRES - TDFS,CA,private label,debit
112806,00-99,CHARM DIAMOND CENTRES - TDFS,CA,private label,debit
112807,00-99,CHARM DIAMOND CENTRES - TDFS,CA,private label,debit
112808,00-99,CHARM DIAMOND CENTRES - TDFS,CA,private label,debit
112809,00-99,CHARM DIAMOND CENTRES - TDFS,CA,private label,debit
112810,00-99,CHARM DIAMOND CENTRES - TDFS,CA,private label,debit
112811,00-99,CHARM DIAMOND CENTRES - TDFS,CA,private label,debit
112812,00-99,CHARM DIAMOND CENTRES - TDFS,CA,private label,debit
112813,00-99,CHARM DIAMOND CENTRES - TDFS,CA,private label,debit
112814,00-99,CHARM DIAMOND CENTRES - TDFS,CA,private label,debit
112815,00-99,CHARM DIAMOND CENTRES - TDFS,CA,private label,debit
112816,00-99,CHARM DIAMOND CENTRES - TDFS,CA,private label,debit
112817,00-99,CHARM DIAMOND CENTRES - TDFS,CA,private label,debit
112818,00-99,CHARM DIAMOND CENTRES - TDFS,CA,private label,debit
112819,00-99,CHARM DIAMOND CENTRES - TDFS,CA,private label,debit
112820,00-99,CHARM DIAMOND CENTRES - TDFS,CA,private label,debit
112821,00-99,CHARM DIAMOND CENTRES - TDFS,CA,private label,debit
112822,00-99,CHARM DIAMOND CENTRES - TDFS,CA,private label,debit
112823,00-99,CHARM DIAMOND CENTRES - TDFS,CA,private label,debit
112824,00-99,CHARM DIAMOND CENTRES - TDFS,CA,private label,debit
112825,00-99,CHARM DIAMOND CENTRES - TDFS,CA,private label,debit
112826,00-99,CHARM DIAMOND CENTRES - TDFS,CA,private label,debit
112827,00-99,CHARM DIAMOND CENTRES - TDFS,CA,private label,debit
112828,00-99,CHARM DIAMOND CENTRES - TDFS,CA,private label,debit
112829,00-99,CHARM DIAMOND CENTRES - TDFS,CA,private label,debit
112830,00-99,CHARM DIAMOND CENTRES - TDFS,CA,private label,debit
112831,00-99,CHARM DIAMOND CENTRES - TDFS,CA,private label,debit
112832,00-99,CHARM DIAMOND CENTRES - TDFS,CA,private label,debit
112833,00-99,CHARM DIAMOND CENTRES - TDFS,CA,private label,debit
112834,00-99,CHARM DIAMOND CENTRES - TDFS,CA,private label,debit
112835,00-99,CHARM DIAMOND CENTRES - TDFS,CA,private label,debit
112836,00-99,CHARM DIAMOND CENTRES - TDFS,CA,private label,debit
112837,00-99,CHARM DIAMOND CENTRES - TDFS,CA,private label,debit
112838,00-99,CHARM DIAMOND CENTRES - TDFS,CA,private label,debit
112839,00-99,CHARM DIAMOND CENTRES - TDFS,CA,private label,debit
112840,00-99,CHARM DIAMOND CENTRES - TDFS,CA,private label,debit
112841,00-99,CHARM DIAMOND CENTRES - TDFS,CA,private label,debit
112842,00-99,CHARM DIAMOND CENTRES - TDFS,CA,private label,debit
112843,00-99,CHARM DIAMOND CENTRES - TDFS,CA,private label,debit
112844,00-99,CHARM DIAMOND CENTRES - TDFS,CA,private label,debit
112845,00-99,CHARM DIAMOND CENTRES - TDFS,CA,private label,debit
112846,00-99,CHARM DIAMOND CENTRES - TDFS,CA,private label,debit
112847,00-99,CHARM DIAMOND CENTRES - TDFS,CA,private label,debit
112848,00-99,CHARM DIAMOND CENTRES - TDFS,CA,private label,debit
112849,00-99,CHARM DIAMOND CENTRES - TDFS,CA,private label,debit
112850,00-99,CHARM DIAMOND CENTRES - TDFS,CA,private label,debit
112851,00-99,CHARM DIAMOND CENTRES - TDFS,CA,private label,debit
112852,00-99,CHARM DIAMOND CENTRES - TDFS,CA,private label,debit
112853,00-99,CHARM DIAMOND CENTRES - TDFS,CA,private label,debit
112854,00-99,CHARM DIAMOND CENTRES - TDFS,CA,private label,debit
112855,00-99,CHARM DIAMOND CENTRES - TDFS,CA,private label,debit
112856,00-99,CHARM DIAMOND CENTRES - TDFS,CA,private label,debit
112857,00-99,CHARM DIAMOND CENTRES - TDFS,CA,private label,debit
112858,00-99,CHARM DIAMOND CENTRES - TDFS,CA,private label,debit
112859,00-99,CHARM DIAMOND CENTRES - TDFS,CA,private label,debit
112860,00-99,CHARM DIAMOND CENTRES - TDFS,CA,private label,debit
112861,00-99,CHARM DIAMOND CENTRES - TDFS,CA,private label,debit
112862,00-99,CHARM DIAMOND CENTRES - TDFS,CA,private label,debit
112863,00-99,CHARM DIAMOND CENTRES - TDFS,CA,private label,debit
112864,00-99,CHARM DIAMOND CENTRES - TDFS,CA,private label,debit
112865,00-99,CHARM DIAMOND CENTRES - TDFS,CA,private label,debit
112866,00-99,CHARM DIAMOND CENTRES - TDFS,CA,private label,debit
112867,00-99,CHARM DIAMOND CENTRES - TDFS,CA,private label,debit
112868,00-99,CHARM DIAMOND CENTRES - TDFS,CA,private label,debit
112869,00-99,CHARM DIAMOND CENTRES - TDFS,CA,private label,debit
112870,00-99,CHARM DIAMOND CENTRES - TDFS,CA,private label,debit
112871,00-99,CHARM DIAMOND CENTRES - TDFS,CA,private label,debit
112872,00-99,CHARM DIAMOND CENTRES - TDFS,CA,private label,debit
112873,00-99,CHARM DIAMOND CENTRES - TDFS,CA,private label,debit
112874,00-99,CHARM DIAMOND CENTRES - TDFS,CA,private label,debit
112875,00-99,CHARM DIAMOND CENTRES - TDFS,CA,private label,debit
112876,00-99,CHARM DIAMOND CENTRES - TDFS,CA,private label,debit
112877,00-99,CHARM DIAMOND CENTRES - TDFS,CA,private label,debit
112878,00-99,CHARM DIAMOND CENTRES - TDFS,CA,private label,debit
112879,00-99,CHARM DIAMOND CENTRES - TDFS,CA,private label,debit
112880,00-99,CHARM DIAMOND CENTRES - TDFS,CA,private label,debit
112881,00-99,CHARM DIAMOND CENTRES - TDFS,CA,private label,debit
112882,00-99,CHARM DIAMOND CENTRES - TDFS,CA,private label,debit
112883,00-99,CHARM DIAMOND CENTRES - TDFS,CA,private label,debit
112884,00-99,CHARM DIAMOND CENTRES - TDFS,CA,private label,debit
112885,00-99,CHARM DIAMOND CENTRES - TDFS,CA,private label,debit
112886,00-99,CHARM DIAMOND CENTRES - TDFS,CA,private label,debit
112887,00-99,CHARM DIAMOND CENTRES - TDFS,CA,private label,debit
112888,00-99,CHARM DIAMOND CENTRES - TDFS,CA,private label,debit
112889,00-99,CHARM DIAMOND CENTRES - TDFS,CA,private label,debit
112890,00-99,CHARM DIAMOND CENTRES - TDFS,CA,private label,debit
112891,00-99,CHARM DIAMOND CENTRES - TDFS,CA,private label,debit
112892,00-99,CHARM DIAMOND CENTRES - TDFS,CA,private label,debit
112893,00-99,CHARM DIAMOND CENTRES - TDFS,CA,private label,debit
112894,00-99,CHARM DIAMOND CENTRES - TDFS,CA,private label,debit
112895,00-99,CHARM DIAMOND CENTRES - TDFS,CA,private label,debit
112896,00-99,CHARM DIAMOND CENTRES - TDFS,CA,private label,debit
112897,00-99,CHARM DIAMOND CENTRES - TDFS,CA,private label,debit
112898,00-99,CHARM DIAMOND CENTRES - TDFS,CA,private label,debit
112899,00-99,CHARM DIAMOND CENTRES - TDFS,CA,private label,debit
112900,00-99,CHARM DIAMOND CENTRES - TDFS,CA,private label,debit
112901,00-99,CHARM DIAMOND CENTRES - TDFS,CA,private label,debit
112902,00-99,CHARM DIAMOND CENTRES - TDFS,CA,private label,debit
112903,00-99,CHARM DIAMOND CENTRES - TDFS,CA,private label,debit
112904,00-99,CHARM DIAMOND CENTRES - TDFS,CA,private label,debit
112905,00-99,CHARM DIAMOND CENTRES - TDFS,CA,private label,debit
112906,00-99,CHARM DIAMOND CENTRES - TDFS,CA,private label,debit
112907,00-99,CHARM DIAMOND CENTRES - TDFS,CA,private label,debit
112908,00-99,CHARM DIAMOND CENTRES - TDFS,CA,private label,debit
112909,00-99,CHARM DIAMOND CENTRES - TDFS,CA,private label,debit
112910,00-99,CHARM DIAMOND CENTRES - TDFS,CA,private label,debit
112911,00-99,CHARM DIAMOND CENTRES - TDFS,CA,private label,debit
112912,00-99,CHARM DIAMOND CENTRES - TDFS,CA,private label,debit
112913,00-99,CHARM DIAMOND CENTRES - TDFS,CA,private label,debit
112914,00-99,CHARM DIAMOND CENTRES - TDFS,CA,private label,debit
112915,00-99,CHARM DIAMOND CENTRES - TDFS,CA,private label,debit
112916,00-99,CHARM DIAMOND CENTRES - TDFS,CA,private label,debit
112917,00-99,CHARM DIAMOND CENTRES - TDFS,CA,private label,debit
112918,00-99,CHARM DIAMOND CENTRES - TDFS,CA,private label,debit
112919,00-99,CHARM DIAMOND CENTRES - TDFS,CA,private label,debit
112920,00-99,CHARM DIAMOND CENTRES - TDFS,CA,private label,debit
112921,00-99,CHARM DIAMOND CENTRES - TDFS,CA,private label,debit
112922,00-99,CHARM DIAMOND CENTRES - TDFS,CA,private label,debit
112923,00-99,CHARM DIAMOND CENTRES - TDFS,CA,private label,debit
112924,00-99,CHARM DIAMOND CENTRES - TDFS,CA,private label,debit
112925,00-99,CHARM DIAMOND CENTRES - TDFS,CA,private label,debit
112926,00-99,CHARM DIAMOND CENTRES - TDFS,CA,private label,debit
112927,00-99,CHARM DIAMOND CENTRES - TDFS,CA,private label,debit
112928,00-99,CHARM DIAMOND CENTRES - TDFS,CA,private label,debit
112929,00-99,CHARM DIAMOND CENTRES - TDFS,CA,private label,debit
112930,00-99,CHARM DIAMOND CENTRES - TDFS,CA,private label,debit
112931,00-99,CHARM DIAMOND CENTRES - TDFS,CA,private label,debit
112932,00-99,CHARM DIAMOND CENTRES - TDFS,CA,private label,debit
112933,00-99,CHARM DIAMOND CENTRES - TDFS,CA,private label,debit
112934,00-99,CHARM DIAMOND CENTRES - TDFS,CA,private label,debit
112935,00-99,CHARM DIAMOND CENTRES - TDFS,CA,private label,debit
112936,00-99,CHARM DIAMOND CENTRES - TDFS,CA,private label,debit
112937,00-99,CHARM DIAMOND CENTRES - TDFS,CA,private label,debit
112938,00-99,CHARM DIAMOND CENTRES - TDFS,CA,private label,debit
112939,00-99,CHARM DIAMOND CENTRES - TDFS,CA,private label,debit
112940,00-99,CHARM DIAMOND CENTRES - TDFS,CA,private label,debit
112941,00-99,CHARM DIAMOND CENTRES - TDFS,CA,private label,debit
112942,00-99,CHARM DIAMOND CENTRES - TDFS,CA,private label,debit
112943,00-99,CHARM DIAMOND CENTRES - TDFS,CA,private label,debit
112944,00-99,CHARM DIAMOND CENTRES - TDFS,CA,private label,debit
112945,00-99,CHARM DIAMOND CENTRES - TDFS,CA,private label,debit
112946,00-99,CHARM DIAMOND CENTRES - TDFS,CA,private label,debit
112947,00-99,CHARM DIAMOND CENTRES - TDFS,CA,private label,debit
112948,00-99,CHARM DIAMOND CENTRES - TDFS,CA,private label,debit
112949,00-99,CHARM DIAMOND CENTRES - TDFS,CA,private label,debit
112950,00-99,CHARM DIAMOND CENTRES - TDFS,CA,private label,debit
112951,00-99,CHARM DIAMOND CENTRES - TDFS,CA,private label,debit
112952,00-99,CHARM DIAMOND CENTRES - TDFS,CA,private label,debit
112953,00-99,CHARM DIAMOND CENTRES - TDFS,CA,private label,debit
112954,00-99,CHARM DIAMOND CENTRES - TDFS,CA,private label,debit
112955,00-99,CHARM DIAMOND CENTRES - TDFS,CA,private label,debit
112956,00-99,CHARM DIAMOND CENTRES - TDFS,CA,private label,debit
112957,00-99,CHARM DIAMOND CENTRES - TDFS,CA,private label,debit
112958,00-99,CHARM DIAMOND CENTRES - TDFS,CA,private label,debit
112959,00-99,CHARM DIAMOND CENTRES - TDFS,CA,private label,debit
112960,00-99,CHARM DIAMOND CENTRES - TDFS,CA,private label,debit
112961,00-99,CHARM DIAMOND CENTRES - TDFS,CA,private label,debit
112962,00-99,CHARM DIAMOND CENTRES - TDFS,CA,private label,debit
112963,00-99,CHARM DIAMOND CENTRES - TDFS,CA,private label,debit
112964,00-99,CHARM DIAMOND CENTRES - TDFS,CA,private label,debit
112965,00-99,CHARM DIAMOND CENTRES - TDFS,CA,private label,debit
112966,00-99,CHARM DIAMOND CENTRES - TDFS,CA,private label,debit
112967,00-99,CHARM DIAMOND CENTRES - TDFS,CA,private label,debit
112968,00-99,CHARM DIAMOND CENTRES - TDFS,CA,private label,debit
112969,00-99,CHARM DIAMOND CENTRES - TDFS,CA,private label,debit
112970,00-99,CHARM DIAMOND CENTRES - TDFS,CA,private label,debit
112971,00-99,CHARM DIAMOND CENTRES - TDFS,CA,private label,debit
112972,00-99,CHARM DIAMOND CENTRES - TDFS,CA,private label,debit
112973,00-99,CHARM DIAMOND CENTRES - TDFS,CA,private label,debit
112974,00-99,CHARM DIAMOND CENTRES - TDFS,CA,private label,debit
112975,00-99,CHARM DIAMOND CENTRES - TDFS,CA,private label,debit
112976,00-99,CHARM DIAMOND CENTRES - TDFS,CA,private label,debit
112977,00-99,CHARM DIAMOND CENTRES - TDFS,CA,private label,debit
112978,00-99,CHARM DIAMOND CENTRES - TDFS,CA,private label,debit
112979,00-99,CHARM DIAMOND CENTRES - TDFS,CA,private label,debit
112980,00-99,CHARM DIAMOND CENTRES - TDFS,CA,private label,debit
112981,00-99,CHARM DIAMOND CENTRES - TDFS,CA,private label,debit
112982,00-99,CHARM DIAMOND CENTRES - TDFS,CA,private label,debit
112983,00-99,CHARM DIAMOND CENTRES - TDFS,CA,private label,debit
112984,00-99,CHARM DIAMOND CENTRES - TDFS,CA,private label,debit
112985,00-99,CHARM DIAMOND CENTRES - TDFS,CA,private label,debit
112986,00-99,CHARM DIAMOND CENTRES - TDFS,CA,private label,debit
112987,00-99,CHARM DIAMOND CENTRES - TDFS,CA,private label,debit
112988,00-99,CHARM DIAMOND CENTRES - TDFS,CA,private label,debit
112989,00-99,CHARM DIAMOND CENTRES - TDFS,CA,private label,debit
112990,00-99,CHARM DIAMOND CENTRES - TDFS,CA,private label,debit
112991,00-99,CHARM DIAMOND CENTRES - TDFS,CA,private label,debit
112992,00-99,CHARM DIAMOND CENTRES - TDFS,CA,private label,debit
112993,00-99,CHARM DIAMOND CENTRES - TDFS,CA,private label,debit
112994,00-99,CHARM DIAMOND CENTRES - TDFS,CA,private label,debit
112995,00-99,CHARM DIAMOND CENTRES - TDFS,CA,private label,debit
112996,00-99,CHARM DIAMOND CENTRES - TDFS,CA,private label,debit
112997,00-99,CHARM DIAMOND CENTRES - TDFS,CA,private label,debit
112998,00-99,CHARM DIAMOND CENTRES - TDFS,CA,private label,debit
112999,00-99,CHARM DIAMOND CENTRES - TDFS,CA,private label,debit
113001,00-99,CRESCENT GOLD AND DIAMONDS - TDFS,CA,private label,debit
113002,00-99,CRESCENT GOLD AND DIAMONDS - TDFS,CA,private label,debit
113003,00-99,CRESCENT GOLD AND DIAMONDS - TDFS,CA,private label,debit
113004,00-99,CRESCENT GOLD AND DIAMONDS - TDFS,CA,private label,debit
113005,00-99,CRESCENT GOLD AND DIAMONDS - TDFS,CA,private label,debit
113006,00-99,CRESCENT GOLD AND DIAMONDS - TDFS,CA,private label,debit
113007,00-99,CRESCENT GOLD AND DIAMONDS - TDFS,CA,private label,debit
113008,00-99,CRESCENT GOLD AND DIAMONDS - TDFS,CA,private label,debit
113009,00-99,CRESCENT GOLD AND DIAMONDS - TDFS,CA,private label,debit
113010,00-99,CRESCENT GOLD AND DIAMONDS - TDFS,CA,private label,debit
113011,00-99,CRESCENT GOLD AND DIAMONDS - TDFS,CA,private label,debit
113012,00-99,CRESCENT GOLD AND DIAMONDS - TDFS,CA,private label,debit
113013,00-99,CRESCENT GOLD AND DIAMONDS - TDFS,CA,private label,debit
113014,00-99,CRESCENT GOLD AND DIAMONDS - TDFS,CA,private label,debit
113015,00-99,CRESCENT GOLD AND DIAMONDS - TDFS,CA,private label,debit
113016,00-99,CRESCENT GOLD AND DIAMONDS - TDFS,CA,private label,debit
113017,00-99,CRESCENT GOLD AND DIAMONDS - TDFS,CA,private label,debit
113018,00-99,CRESCENT GOLD AND DIAMONDS - TDFS,CA,private label,debit
113019,00-99,CRESCENT GOLD AND DIAMONDS - TDFS,CA,private label,debit
113020,00-99,CRESCENT GOLD AND DIAMONDS - TDFS,CA,private label,debit
113021,00-99,CRESCENT GOLD AND DIAMONDS - TDFS,CA,private label,debit
113022,00-99,CRESCENT GOLD AND DIAMONDS - TDFS,CA,private label,debit
113023,00-99,CRESCENT GOLD AND DIAMONDS - TDFS,CA,private label,debit
113024,00-99,CRESCENT GOLD AND DIAMONDS - TDFS,CA,private label,debit
113025,00-99,CRESCENT GOLD AND DIAMONDS - TDFS,CA,private label,debit
113026,00-99,CRESCENT GOLD AND DIAMONDS - TDFS,CA,private label,debit
113027,00-99,CRESCENT GOLD AND DIAMONDS - TDFS,CA,private label,debit
113028,00-99,CRESCENT GOLD AND DIAMONDS - TDFS,CA,private label,debit
113029,00-99,CRESCENT GOLD AND DIAMONDS - TDFS,CA,private label,debit
113030,00-99,CRESCENT GOLD AND DIAMONDS - TDFS,CA,private label,debit
113031,00-99,CRESCENT GOLD AND DIAMONDS - TDFS,CA,private label,debit
113032,00-99,CRESCENT GOLD AND DIAMONDS - TDFS,CA,private label,debit
113033,00-99,CRESCENT GOLD AND DIAMONDS - TDFS,CA,private label,debit
113034,00-99,CRESCENT GOLD AND DIAMONDS - TDFS,CA,private label,debit
113035,00-99,CRESCENT GOLD AND DIAMONDS - TDFS,CA,private label,debit
113036,00-99,CRESCENT GOLD AND DIAMONDS - TDFS,CA,private label,debit
113037,00-99,CRESCENT GOLD AND DIAMONDS - TDFS,CA,private label,debit
113038,00-99,CRESCENT GOLD AND DIAMONDS - TDFS,CA,private label,debit
113039,00-99,CRESCENT GOLD AND DIAMONDS - TDFS,CA,private label,debit
113040,00-99,CRESCENT GOLD AND DIAMONDS - TDFS,CA,private label,debit
113041,00-99,CRESCENT GOLD AND DIAMONDS - TDFS,CA,private label,debit
113042,00-99,CRESCENT GOLD AND DIAMONDS - TDFS,CA,private label,debit
113043,00-99,CRESCENT GOLD AND DIAMONDS - TDFS,CA,private label,debit
113044,00-99,CRESCENT GOLD AND DIAMONDS - TDFS,CA,private label,debit
113045,00-99,CRESCENT GOLD AND DIAMONDS - TDFS,CA,private label,debit
113046,00-99,CRESCENT GOLD AND DIAMONDS - TDFS,CA,private label,debit
113047,00-99,CRESCENT GOLD AND DIAMONDS - TDFS,CA,private label,debit
113048,00-99,CRESCENT GOLD AND DIAMONDS - TDFS,CA,private label,debit
113049,00-99,CRESCENT GOLD AND DIAMONDS - TDFS,CA,private label,debit
113050,00-99,CRESCENT GOLD AND DIAMONDS - TDFS,CA,private label,debit
113051,00-99,CRESCENT GOLD AND DIAMONDS - TDFS,CA,private label,debit
113052,00-99,CRESCENT GOLD AND DIAMONDS - TDFS,CA,private label,debit
113053,00-99,CRESCENT GOLD AND DIAMONDS - TDFS,CA,private label,debit
113054,00-99,CRESCENT GOLD AND DIAMONDS - TDFS,CA,private label,debit
113055,00-99,CRESCENT GOLD AND DIAMONDS - TDFS,CA,private label,debit
113056,00-99,CRESCENT GOLD AND DIAMONDS - TDFS,CA,private label,debit
113057,00-99,CRESCENT GOLD AND DIAMONDS - TDFS,CA,private label,debit
113058,00-99,CRESCENT GOLD AND DIAMONDS - TDFS,CA,private label,debit
113059,00-99,CRESCENT GOLD AND DIAMONDS - TDFS,CA,private label,debit
113060,00-99,CRESCENT GOLD AND DIAMONDS - TDFS,CA,private label,debit
113061,00-99,CRESCENT GOLD AND DIAMONDS - TDFS,CA,private label,debit
113062,00-99,CRESCENT GOLD AND DIAMONDS - TDFS,CA,private label,debit
113063,00-99,CRESCENT GOLD AND DIAMONDS - TDFS,CA,private label,debit
113064,00-99,CRESCENT GOLD AND DIAMONDS - TDFS,CA,private label,debit
113065,00-99,CRESCENT GOLD AND DIAMONDS - TDFS,CA,private label,debit
113066,00-99,CRESCENT GOLD AND DIAMONDS - TDFS,CA,private label,debit
113067,00-99,CRESCENT GOLD AND DIAMONDS - TDFS,CA,private label,debit
113068,00-99,CRESCENT GOLD AND DIAMONDS - TDFS,CA,private label,debit
113069,00-99,CRESCENT GOLD AND DIAMONDS - TDFS,CA,private label,debit
113070,00-99,CRESCENT GOLD AND DIAMONDS - TDFS,CA,private label,debit
113071,00-99,CRESCENT GOLD AND DIAMONDS - TDFS,CA,private label,debit
113072,00-99,CRESCENT GOLD AND DIAMONDS - TDFS,CA,private label,debit
113073,00-99,CRESCENT GOLD AND DIAMONDS - TDFS,CA,private label,debit
113074,00-99,CRESCENT GOLD AND DIAMONDS - TDFS,CA,private label,debit
113075,00-99,CRESCENT GOLD AND DIAMONDS - TDFS,CA,private label,debit
113076,00-99,CRESCENT GOLD AND DIAMONDS - TDFS,CA,private label,debit
113077,00-99,CRESCENT GOLD AND DIAMONDS - TDFS,CA,private label,debit
113078,00-99,CRESCENT GOLD AND DIAMONDS - TDFS,CA,private label,debit
113079,00-99,CRESCENT GOLD AND DIAMONDS - TDFS,CA,private label,debit
113080,00-99,CRESCENT GOLD AND DIAMONDS - TDFS,CA,private label,debit
113081,00-99,CRESCENT GOLD AND DIAMONDS - TDFS,CA,private label,debit
113082,00-99,CRESCENT GOLD AND DIAMONDS - TDFS,CA,private label,debit
113083,00-99,CRESCENT GOLD AND DIAMONDS - TDFS,CA,private label,debit
113084,00-99,CRESCENT GOLD AND DIAMONDS - TDFS,CA,private label,debit
113085,00-99,CRESCENT GOLD AND DIAMONDS - TDFS,CA,private label,debit
113086,00-99,CRESCENT GOLD AND DIAMONDS - TDFS,CA,private label,debit
113087,00-99,CRESCENT GOLD AND DIAMONDS - TDFS,CA,private label,debit
113088,00-99,CRESCENT GOLD AND DIAMONDS - TDFS,CA,private label,debit
113089,00-99,CRESCENT GOLD AND DIAMONDS - TDFS,CA,private label,debit
113090,00-99,CRESCENT GOLD AND DIAMONDS - TDFS,CA,private label,debit
113091,00-99,CRESCENT GOLD AND DIAMONDS - TDFS,CA,private label,debit
113092,00-99,CRESCENT GOLD AND DIAMONDS - TDFS,CA,private label,debit
113093,00-99,CRESCENT GOLD AND DIAMONDS - TDFS,CA,private label,debit
113094,00-99,CRESCENT GOLD AND DIAMONDS - TDFS,CA,private label,debit
113095,00-99,CRESCENT GOLD AND DIAMONDS - TDFS,CA,private label,debit
113096,00-99,CRESCENT GOLD AND DIAMONDS - TDFS,CA,private label,debit
113097,00-99,CRESCENT GOLD AND DIAMONDS - TDFS,CA,private label,debit
113098,00-99,CRESCENT GOLD AND DIAMONDS - TDFS,CA,private label,debit
113099,00-99,CRESCENT GOLD AND DIAMONDS - TDFS,CA,private label,debit
113100,00-99,JAPAN AIRLINES INTERNATIONAL (JL),JP,uatp,credit
113101,00-99,JAPAN AIRLINES INTERNATIONAL (JL),JP,uatp,credit
113102,00-99,JAPAN AIRLINES INTERNATIONAL (JL),JP,uatp,credit
113103,00-99,JAPAN AIRLINES INTERNATIONAL (JL),JP,uatp,credit
113104,00-99,JAPAN AIRLINES INTERNATIONAL (JL),JP,uatp,credit
113105,00-99,JAPAN AIRLINES INTERNATIONAL (JL),JP,uatp,credit
113106,00-99,JAPAN AIRLINES INTERNATIONAL (JL),JP,uatp,credit
113107,00-99,JAPAN AIRLINES INTERNATIONAL (JL),JP,uatp,credit
113108,00-99,JAPAN AIRLINES INTERNATIONAL (JL),JP,uatp,credit
113109,00-99,JAPAN AIRLINES INTERNATIONAL (JL),JP,uatp,credit
113110,00-99,JAPAN AIRLINES INTERNATIONAL (JL),JP,uatp,credit
113111,00-99,JAPAN AIRLINES INTERNATIONAL (JL),JP,uatp,credit
113112,00-99,JAPAN AIRLINES INTERNATIONAL (JL),JP,uatp,credit
113113,00-99,JAPAN AIRLINES INTERNATIONAL (JL),JP,uatp,credit
113114,00-99,JAPAN AIRLINES INTERNATIONAL (JL),JP,uatp,credit
113115,00-99,JAPAN AIRLINES INTERNATIONAL (JL),JP,uatp,credit
113116,00-99,JAPAN AIRLINES INTERNATIONAL (JL),JP,uatp,credit
113117,00-99,JAPAN AIRLINES INTERNATIONAL (JL),JP,uatp,credit
113118,00-99,JAPAN AIRLINES INTERNATIONAL (JL),JP,uatp,credit
113119,00-99,JAPAN AIRLINES INTERNATIONAL (JL),JP,uatp,credit
113120,00-99,JAPAN AIRLINES INTERNATIONAL (JL),JP,uatp,credit
113121,00-99,JAPAN AIRLINES INTERNATIONAL (JL),JP,uatp,credit
113122,00-99,JAPAN AIRLINES INTERNATIONAL (JL),JP,uatp,credit
113123,00-99,JAPAN AIRLINES INTERNATIONAL (JL),JP,uatp,credit
113124,00-99,JAPAN AIRLINES INTERNATIONAL (JL),JP,uatp,credit
113125,00-99,JAPAN AIRLINES INTERNATIONAL (JL),JP,uatp,credit
113126,00-99,JAPAN AIRLINES INTERNATIONAL (JL),JP,uatp,credit
113127,00-99,JAPAN AIRLINES INTERNATIONAL (JL),JP,uatp,credit
113128,00-99,JAPAN AIRLINES INTERNATIONAL (JL),JP,uatp,credit
113129,00-99,JAPAN AIRLINES INTERNATIONAL (JL),JP,uatp,credit
113130,00-99,JAPAN AIRLINES INTERNATIONAL (JL),JP,uatp,credit
113131,00-99,JAPAN AIRLINES INTERNATIONAL (JL),JP,uatp,credit
113132,00-99,JAPAN AIRLINES INTERNATIONAL (JL),JP,uatp,credit
113133,00-99,JAPAN AIRLINES INTERNATIONAL (JL),JP,uatp,credit
113134,00-99,JAPAN AIRLINES INTERNATIONAL (JL),JP,uatp,credit
113135,00-99,JAPAN AIRLINES INTERNATIONAL (JL),JP,uatp,credit
113136,00-99,JAPAN AIRLINES INTERNATIONAL (JL),JP,uatp,credit
113137,00-99,JAPAN AIRLINES INTERNATIONAL (JL),JP,uatp,credit
113138,00-99,JAPAN AIRLINES INTERNATIONAL (JL),JP,uatp,credit
113139,00-99,JAPAN AIRLINES INTERNATIONAL (JL),JP,uatp,credit
113140,00-99,JAPAN AIRLINES INTERNATIONAL (JL),JP,uatp,credit
113141,00-99,JAPAN AIRLINES INTERNATIONAL (JL),JP,uatp,credit
113142,00-99,JAPAN AIRLINES INTERNATIONAL (JL),JP,uatp,credit
113143,00-99,JAPAN AIRLINES INTERNATIONAL (JL),JP,uatp,credit
113144,00-99,JAPAN AIRLINES INTERNATIONAL (JL),JP,uatp,credit
113145,00-99,JAPAN AIRLINES INTERNATIONAL (JL),JP,uatp,credit
113146,00-99,JAPAN AIRLINES INTERNATIONAL (JL),JP,uatp,credit
113147,00-99,JAPAN AIRLINES INTERNATIONAL (JL),JP,uatp,credit
113148,00-99,JAPAN AIRLINES INTERNATIONAL (JL),JP,uatp,credit
113149,00-99,JAPAN AIRLINES INTERNATIONAL (JL),JP,uatp,credit
113150,00-99,JAPAN AIRLINES INTERNATIONAL (JL),JP,uatp,credit
113151,00-99,JAPAN AIRLINES INTERNATIONAL (JL),JP,uatp,credit
113152,00-99,JAPAN AIRLINES INTERNATIONAL (JL),JP,uatp,credit
113153,00-99,JAPAN AIRLINES INTERNATIONAL (JL),JP,uatp,credit
113154,00-99,JAPAN AIRLINES INTERNATIONAL (JL),JP,uatp,credit
113155,00-99,JAPAN AIRLINES INTERNATIONAL (JL),JP,uatp,credit
113156,00-99,JAPAN AIRLINES INTERNATIONAL (JL),JP,uatp,credit
113157,00-99,JAPAN AIRLINES INTERNATIONAL (JL),JP,uatp,credit
113158,00-99,JAPAN AIRLINES INTERNATIONAL (JL),JP,uatp,credit
113159,00-99,JAPAN AIRLINES INTERNATIONAL (JL),JP,uatp,credit
113160,00-99,JAPAN AIRLINES INTERNATIONAL (JL),JP,uatp,credit
113161,00-99,JAPAN AIRLINES INTERNATIONAL (JL),JP,uatp,credit
113162,00-99,JAPAN AIRLINES INTERNATIONAL (JL),JP,uatp,credit
113163,00-99,JAPAN AIRLINES INTERNATIONAL (JL),JP,uatp,credit
113164,00-99,JAPAN AIRLINES INTERNATIONAL (JL),JP,uatp,credit
113165,00-99,JAPAN AIRLINES INTERNATIONAL (JL),JP,uatp,credit
113166,00-99,JAPAN AIRLINES INTERNATIONAL (JL),JP,uatp,credit
113167,00-99,JAPAN AIRLINES INTERNATIONAL (JL),JP,uatp,credit
113168,00-99,JAPAN AIRLINES INTERNATIONAL (JL),JP,uatp,credit
113169,00-99,JAPAN AIRLINES INTERNATIONAL (JL),JP,uatp,credit
113170,00-99,JAPAN AIRLINES INTERNATIONAL (JL),JP,uatp,credit
113171,00-99,JAPAN AIRLINES INTERNATIONAL (JL),JP,uatp,credit
113172,00-99,JAPAN AIRLINES INTERNATIONAL (JL),JP,uatp,credit
113173,00-99,JAPAN AIRLINES INTERNATIONAL (JL),JP,uatp,credit
113174,00-99,JAPAN AIRLINES INTERNATIONAL (JL),JP,uatp,credit
113175,00-99,JAPAN AIRLINES INTERNATIONAL (JL),JP,uatp,credit
113176,00-99,JAPAN AIRLINES INTERNATIONAL (JL),JP,uatp,credit
113177,00-99,JAPAN AIRLINES INTERNATIONAL (JL),JP,uatp,credit
113178,00-99,JAPAN AIRLINES INTERNATIONAL (JL),JP,uatp,credit
113179,00-99,JAPAN AIRLINES INTERNATIONAL (JL),JP,uatp,credit
113180,00-99,JAPAN AIRLINES INTERNATIONAL (JL),JP,uatp,credit
113181,00-99,JAPAN AIRLINES INTERNATIONAL (JL),JP,uatp,credit
113182,00-99,JAPAN AIRLINES INTERNATIONAL (JL),JP,uatp,credit
113183,00-99,JAPAN AIRLINES INTERNATIONAL (JL),JP,uatp,credit
113184,00-99,JAPAN AIRLINES INTERNATIONAL (JL),JP,uatp,credit
113185,00-99,JAPAN AIRLINES INTERNATIONAL (JL),JP,uatp,credit
113186,00-99,JAPAN AIRLINES INTERNATIONAL (JL),JP,uatp,credit
113187,00-99,JAPAN AIRLINES INTERNATIONAL (JL),JP,uatp,credit
113188,00-99,JAPAN AIRLINES INTERNATIONAL (JL),JP,uatp,credit
113189,00-99,JAPAN AIRLINES INTERNATIONAL (JL),JP,uatp,credit
113190,00-99,JAPAN AIRLINES INTERNATIONAL (JL),JP,uatp,credit
113191,00-99,JAPAN AIRLINES INTERNATIONAL (JL),JP,uatp,credit
113192,00-99,JAPAN AIRLINES INTERNATIONAL (JL),JP,uatp,credit
113193,00-99,JAPAN AIRLINES INTERNATIONAL (JL),JP,uatp,credit
113194,00-99,JAPAN AIRLINES INTERNATIONAL (JL),JP,uatp,credit
113195,00-99,JAPAN AIRLINES INTERNATIONAL (JL),JP,uatp,credit
113196,00-99,JAPAN AIRLINES INTERNATIONAL (JL),JP,uatp,credit
113197,00-99,JAPAN AIRLINES INTERNATIONAL (JL),JP,uatp,credit
113198,00-99,JAPAN AIRLINES INTERNATIONAL (JL),JP,uatp,credit
113199,00-99,JAPAN AIRLINES INTERNATIONAL (JL),JP,uatp,credit
113200,00-99,CRESCENT GOLD AND DIAMONDS - TDFS,CA,private label,debit
113201,00-99,CRESCENT GOLD AND DIAMONDS - TDFS,CA,private label,debit
113202,00-99,CRESCENT GOLD AND DIAMONDS - TDFS,CA,private label,debit
113203,00-99,CRESCENT GOLD AND DIAMONDS - TDFS,CA,private label,debit
113204,00-99,CRESCENT GOLD AND DIAMONDS - TDFS,CA,private label,debit
113205,00-99,CRESCENT GOLD AND DIAMONDS - TDFS,CA,private label,debit
113206,00-99,CRESCENT GOLD AND DIAMONDS - TDFS,CA,private label,debit
113207,00-99,CRESCENT GOLD AND DIAMONDS - TDFS,CA,private label,debit
113208,00-99,CRESCENT GOLD AND DIAMONDS - TDFS,CA,private label,debit
113209,00-99,CRESCENT GOLD AND DIAMONDS - TDFS,CA,private label,debit
113210,00-99,CRESCENT GOLD AND DIAMONDS - TDFS,CA,private label,debit
113211,00-99,CRESCENT GOLD AND DIAMONDS - TDFS,CA,private label,debit
113212,00-99,CRESCENT GOLD AND DIAMONDS - TDFS,CA,private label,debit
113213,00-99,CRESCENT GOLD AND DIAMONDS - TDFS,CA,private label,debit
113214,00-99,CRESCENT GOLD AND DIAMONDS - TDFS,CA,private label,debit
113215,00-99,CRESCENT GOLD AND DIAMONDS - TDFS,CA,private label,debit
113216,00-99,CRESCENT GOLD AND DIAMONDS - TDFS,CA,private label,debit
113217,00-99,CRESCENT GOLD AND DIAMONDS - TDFS,CA,private label,debit
113218,00-99,CRESCENT GOLD AND DIAMONDS - TDFS,CA,private label,debit
113219,00-99,CRESCENT GOLD AND DIAMONDS - TDFS,CA,private label,debit
113220,00-99,CRESCENT GOLD AND DIAMONDS - TDFS,CA,private label,debit
113221,00-99,CRESCENT GOLD AND DIAMONDS - TDFS,CA,private label,debit
113222,00-99,CRESCENT GOLD AND DIAMONDS - TDFS,CA,private label,debit
113223,00-99,CRESCENT GOLD AND DIAMONDS - TDFS,CA,private label,debit
113224,00-99,CRESCENT GOLD AND DIAMONDS - TDFS,CA,private label,debit
113225,00-99,CRESCENT GOLD AND DIAMONDS - TDFS,CA,private label,debit
113226,00-99,CRESCENT GOLD AND DIAMONDS - TDFS,CA,private label,debit
113227,00-99,CRESCENT GOLD AND DIAMONDS - TDFS,CA,private label,debit
113228,00-99,CRESCENT GOLD AND DIAMONDS - TDFS,CA,private label,debit
113229,00-99,CRESCENT GOLD AND DIAMONDS - TDFS,CA,private label,debit
113230,00-99,CRESCENT GOLD AND DIAMONDS - TDFS,CA,private label,debit
113231,00-99,CRESCENT GOLD AND DIAMONDS - TDFS,CA,private label,debit
113232,00-99,CRESCENT GOLD AND DIAMONDS - TDFS,CA,private label,debit
113233,00-99,CRESCENT GOLD AND DIAMONDS - TDFS,CA,private label,debit
113234,00-99,CRESCENT GOLD AND DIAMONDS - TDFS,CA,private label,debit
113235,00-99,CRESCENT GOLD AND DIAMONDS - TDFS,CA,private label,debit
113236,00-99,CRESCENT GOLD AND DIAMONDS - TDFS,CA,private label,debit
113237,00-99,CRESCENT GOLD AND DIAMONDS - TDFS,CA,private label,debit
113238,00-99,CRESCENT GOLD AND DIAMONDS - TDFS,CA,private label,debit
113239,00-99,CRESCENT GOLD AND DIAMONDS - TDFS,CA,private label,debit
113240,00-99,CRESCENT GOLD AND DIAMONDS - TDFS,CA,private label,debit
113241,00-99,CRESCENT GOLD AND DIAMONDS - TDFS,CA,private label,debit
113242,00-99,CRESCENT GOLD AND DIAMONDS - TDFS,CA,private label,debit
113243,00-99,CRESCENT GOLD AND DIAMONDS - TDFS,CA,private label,debit
113244,00-99,CRESCENT GOLD AND DIAMONDS - TDFS,CA,private label,debit
113245,00-99,CRESCENT GOLD AND DIAMONDS - TDFS,CA,private label,debit
113246,00-99,CRESCENT GOLD AND DIAMONDS - TDFS,CA,private label,debit
113247,00-99,CRESCENT GOLD AND DIAMONDS - TDFS,CA,private label,debit
113248,00-99,CRESCENT GOLD AND DIAMONDS - TDFS,CA,private label,debit
113249,00-99,CRESCENT GOLD AND DIAMONDS - TDFS,CA,private label,debit
113250,00-99,CRESCENT GOLD AND DIAMONDS - TDFS,CA,private label,debit
113251,00-99,CRESCENT GOLD AND DIAMONDS - TDFS,CA,private label,debit
113252,00-99,CRESCENT GOLD AND DIAMONDS - TDFS,CA,private label,debit
113253,00-99,CRESCENT GOLD AND DIAMONDS - TDFS,CA,private label,debit
113254,00-99,CRESCENT GOLD AND DIAMONDS - TDFS,CA,private label,debit
113255,00-99,CRESCENT GOLD AND DIAMONDS - TDFS,CA,private label,debit
113256,00-99,CRESCENT GOLD AND DIAMONDS - TDFS,CA,private label,debit
113257,00-99,CRESCENT GOLD AND DIAMONDS - TDFS,CA,private label,debit
113258,00-99,CRESCENT GOLD AND DIAMONDS - TDFS,CA,private label,debit
113259,00-99,CRESCENT GOLD AND DIAMONDS - TDFS,CA,private label,debit
113260,00-99,CRESCENT GOLD AND DIAMONDS - TDFS,CA,private label,debit
113261,00-99,CRESCENT GOLD AND DIAMONDS - TDFS,CA,private label,debit
113262,00-99,CRESCENT GOLD AND DIAMONDS - TDFS,CA,private label,debit
113263,00-99,CRESCENT GOLD AND DIAMONDS - TDFS,CA,private label,debit
113264,00-99,CRESCENT GOLD AND DIAMONDS - TDFS,CA,private label,debit
113265,00-99,CRESCENT GOLD AND DIAMONDS - TDFS,CA,private label,debit
113266,00-99,CRESCENT GOLD AND DIAMONDS - TDFS,CA,private label,debit
113267,00-99,CRESCENT GOLD AND DIAMONDS - TDFS,CA,private label,debit
113268,00-99,CRESCENT GOLD AND DIAMONDS - TDFS,CA,private label,debit
113269,00-99,CRESCENT GOLD AND DIAMONDS - TDFS,CA,private label,debit
113270,00-99,CRESCENT GOLD AND DIAMONDS - TDFS,CA,private label,debit
113271,00-99,CRESCENT GOLD AND DIAMONDS - TDFS,CA,private label,debit
113272,00-99,CRESCENT GOLD AND DIAMONDS - TDFS,CA,private label,debit
113273,00-99,CRESCENT GOLD AND DIAMONDS - TDFS,CA,private label,debit
113274,00-99,CRESCENT GOLD AND DIAMONDS - TDFS,CA,private label,debit
113275,00-99,CRESCENT GOLD AND DIAMONDS - TDFS,CA,private label,debit
113276,00-99,CRESCENT GOLD AND DIAMONDS - TDFS,CA,private label,debit
113277,00-99,CRESCENT GOLD AND DIAMONDS - TDFS,CA,private label,debit
113278,00-99,CRESCENT GOLD AND DIAMONDS - TDFS,CA,private label,debit
113279,00-99,CRESCENT GOLD AND DIAMONDS - TDFS,CA,private label,debit
113280,00-99,CRESCENT GOLD AND DIAMONDS - TDFS,CA,private label,debit
113281,00-99,CRESCENT GOLD AND DIAMONDS - TDFS,CA,private label,debit
113282,00-99,CRESCENT GOLD AND DIAMONDS - TDFS,CA,private label,debit
113283,00-99,CRESCENT GOLD AND DIAMONDS - TDFS,CA,private label,debit
113284,00-99,CRESCENT GOLD AND DIAMONDS - TDFS,CA,private label,debit
113285,00-99,CRESCENT GOLD AND DIAMONDS - TDFS,CA,private label,debit
113286,00-99,CRESCENT GOLD AND DIAMONDS - TDFS,CA,private label,debit
113287,00-99,CRESCENT GOLD AND DIAMONDS - TDFS,CA,private label,debit
113288,00-99,CRESCENT GOLD AND DIAMONDS - TDFS,CA,private label,debit
113289,00-99,CRESCENT GOLD AND DIAMONDS - TDFS,CA,private label,debit
113290,00-99,CRESCENT GOLD AND DIAMONDS - TDFS,CA,private label,debit
113291,00-99,CRESCENT GOLD AND DIAMONDS - TDFS,CA,private label,debit
113292,00-99,CRESCENT GOLD AND DIAMONDS - TDFS,CA,private label,debit
113293,00-99,CRESCENT GOLD AND DIAMONDS - TDFS,CA,private label,debit
113294,00-99,CRESCENT GOLD AND DIAMONDS - TDFS,CA,private label,debit
113295,00-99,CRESCENT GOLD AND DIAMONDS - TDFS,CA,private label,debit
113296,00-99,CRESCENT GOLD AND DIAMONDS - TDFS,CA,private label,debit
113297,00-99,CRESCENT GOLD AND DIAMONDS - TDFS,CA,private label,debit
113298,00-99,CRESCENT GOLD AND DIAMONDS - TDFS,CA,private label,debit
113299,00-99,CRESCENT GOLD AND DIAMONDS - TDFS,CA,private label,debit
113300,00-99,AVIANCA,CR,uatp,credit
113301,00-99,AVIANCA,CR,uatp,credit
113302,00-99,AVIANCA,CR,uatp,credit
113303,00-99,AVIANCA,CR,uatp,credit
113304,00-99,AVIANCA,CR,uatp,credit
113305,00-99,AVIANCA,CR,uatp,credit
113306,00-99,AVIANCA,CR,uatp,credit
113307,00-99,AVIANCA,CR,uatp,credit
113308,00-99,AVIANCA,CR,uatp,credit
113309,00-99,AVIANCA,CR,uatp,credit
113310,00-99,AVIANCA,CR,uatp,credit
113311,00-99,AVIANCA,CR,uatp,credit
113312,00-99,AVIANCA,CR,uatp,credit
113313,00-99,AVIANCA,CR,uatp,credit
113314,00-99,AVIANCA,CR,uatp,credit
113315,00-99,AVIANCA,CR,uatp,credit
113316,00-99,AVIANCA,CR,uatp,credit
113317,00-99,AVIANCA,CR,uatp,credit
113318,00-99,AVIANCA,CR,uatp,credit
113319,00-99,AVIANCA,CR,uatp,credit
113320,00-99,AVIANCA,CR,uatp,credit
113321,00-99,AVIANCA,CR,uatp,credit
113322,00-99,AVIANCA,CR,uatp,credit
113323,00-99,AVIANCA,CR,uatp,credit
113324,00-99,AVIANCA,CR,uatp,credit
113325,00-99,AVIANCA,CR,uatp,credit
113326,00-99,AVIANCA,CR,uatp,credit
113327,00-99,AVIANCA,CR,uatp,credit
113328,00-99,AVIANCA,CR,uatp,credit
113329,00-99,AVIANCA,CR,uatp,credit
113330,00-99,AVIANCA,CR,uatp,credit
113331,00-99,AVIANCA,CR,uatp,credit
113332,00-99,AVIANCA,CR,uatp,credit
113333,00-99,AVIANCA,CR,uatp,credit
113334,00-99,AVIANCA,CR,uatp,credit
113335,00-99,AVIANCA,CR,uatp,credit
113336,00-99,AVIANCA,CR,uatp,credit
113337,00-99,AVIANCA,CR,uatp,credit
113338,00-99,AVIANCA,CR,uatp,credit
113339,00-99,AVIANCA,CR,uatp,credit
113340,00-99,AVIANCA,CR,uatp,credit
113341,00-99,AVIANCA,CR,uatp,credit
113342,00-99,AVIANCA,CR,uatp,credit
113343,00-99,AVIANCA,CR,uatp,credit
113344,00-99,AVIANCA,CR,uatp,credit
113345,00-99,AVIANCA,CR,uatp,credit
113346,00-99,AVIANCA,CR,uatp,credit
113347,00-99,AVIANCA,CR,uatp,credit
113348,00-99,AVIANCA,CR,uatp,credit
113349,00-99,AVIANCA,CR,uatp,credit
113350,00-99,AVIANCA,CR,uatp,credit
113351,00-99,AVIANCA,CR,uatp,credit
113352,00-99,AVIANCA,CR,uatp,credit
113353,00-99,AVIANCA,CR,uatp,credit
113354,00-99,AVIANCA,CR,uatp,credit
113355,00-99,AVIANCA,CR,uatp,credit
113356,00-99,AVIANCA,CR,uatp,credit
113357,00-99,AVIANCA,CR,uatp,credit
113358,00-99,AVIANCA,CR,uatp,credit
113359,00-99,AVIANCA,CR,uatp,credit
113360,00-99,AVIANCA,CR,uatp,credit
113361,00-99,AVIANCA,CR,uatp,credit
113362,00-99,AVIANCA,CR,uatp,credit
113363,00-99,AVIANCA,CR,uatp,credit
113364,00-99,AVIANCA,CR,uatp,credit
113365,00-99,AVIANCA,CR,uatp,credit
113366,00-99,AVIANCA,CR,uatp,credit
113367,00-99,AVIANCA,CR,uatp,credit
113368,00-99,AVIANCA,CR,uatp,credit
113369,00-99,AVIANCA,CR,uatp,credit
113370,00-99,AVIANCA,CR,uatp,credit
113371,00-99,AVIANCA,CR,uatp,credit
113372,00-99,AVIANCA,CR,uatp,credit
113373,00-99,AVIANCA,CR,uatp,credit
113374,00-99,AVIANCA,CR,uatp,credit
113375,00-99,AVIANCA,CR,uatp,credit
113376,00-99,AVIANCA,CR,uatp,credit
113377,00-99,AVIANCA,CR,uatp,credit
113378,00-99,AVIANCA,CR,uatp,credit
113379,00-99,AVIANCA,CR,uatp,credit
113380,00-99,AVIANCA,CR,uatp,credit
113381,00-99,AVIANCA,CR,uatp,credit
113382,00-99,AVIANCA,CR,uatp,credit
113383,00-99,AVIANCA,CR,uatp,credit
113384,00-99,AVIANCA,CR,uatp,credit
113385,00-99,AVIANCA,CR,uatp,credit
113386,00-99,AVIANCA,CR,uatp,credit
113387,00-99,AVIANCA,CR,uatp,credit
113388,00-99,AVIANCA,CR,uatp,credit
113389,00-99,AVIANCA,CR,uatp,credit
113390,00-99,AVIANCA,CR,uatp,credit
113391,00-99,AVIANCA,CR,uatp,credit
113392,00-99,AVIANCA,CR,uatp,credit
113393,00-99,AVIANCA,CR,uatp,credit
113394,00-99,AVIANCA,CR,uatp,credit
113395,00-99,AVIANCA,CR,uatp,credit
113396,00-99,AVIANCA,CR,uatp,credit
113397,00-99,AVIANCA,CR,uatp,credit
113398,00-99,AVIANCA,CR,uatp,credit
113399,00-99,AVIANCA,CR,uatp,credit
113400,00-99,AVIANCA,CO,uatp,credit
113401,00-99,AVIANCA,CO,uatp,credit
113402,00-99,AVIANCA,CO,uatp,credit
113403,00-99,AVIANCA,CO,uatp,credit
113404,00-99,AVIANCA,CO,uatp,credit
113405,00-99,AVIANCA,CO,uatp,credit
113406,00-99,AVIANCA,CO,uatp,credit
113407,00-99,AVIANCA,CO,uatp,credit
113408,00-99,AVIANCA,CO,uatp,credit
113409,00-99,AVIANCA,CO,uatp,credit
113410,00-99,AVIANCA,CO,uatp,credit
113411,00-99,AVIANCA,CO,uatp,credit
113412,00-99,AVIANCA,CO,uatp,credit
113413,00-99,AVIANCA,CO,uatp,credit
113414,00-99,AVIANCA,CO,uatp,credit
113415,00-99,AVIANCA,CO,uatp,credit
113416,00-99,AVIANCA,CO,uatp,credit
113417,00-99,AVIANCA,CO,uatp,credit
113418,00-99,AVIANCA,CO,uatp,credit
113419,00-99,AVIANCA,CO,uatp,credit
113420,00-99,AVIANCA,CO,uatp,credit
113421,00-99,AVIANCA,CO,uatp,credit
113422,00-99,AVIANCA,CO,uatp,credit
113423,00-99,AVIANCA,CO,uatp,credit
113424,00-99,AVIANCA,CO,uatp,credit
113425,00-99,AVIANCA,CO,uatp,credit
113426,00-99,AVIANCA,CO,uatp,credit
113427,00-99,AVIANCA,CO,uatp,credit
113428,00-99,AVIANCA,CO,uatp,credit
113429,00-99,AVIANCA,CO,uatp,credit
113430,00-99,AVIANCA,CO,uatp,credit
113431,00-99,AVIANCA,CO,uatp,credit
113432,00-99,AVIANCA,CO,uatp,credit
113433,00-99,AVIANCA,CO,uatp,credit
113434,00-99,AVIANCA,CO,uatp,credit
113435,00-99,AVIANCA,CO,uatp,credit
113436,00-99,AVIANCA,CO,uatp,credit
113437,00-99,AVIANCA,CO,uatp,credit
113438,00-99,AVIANCA,CO,uatp,credit
113439,00-99,AVIANCA,CO,uatp,credit
113440,00-99,AVIANCA,CO,uatp,credit
113441,00-99,AVIANCA,CO,uatp,credit
113442,00-99,AVIANCA,CO,uatp,credit
113443,00-99,AVIANCA,CO,uatp,credit
113444,00-99,AVIANCA,CO,uatp,credit
113445,00-99,AVIANCA,CO,uatp,credit
113446,00-99,AVIANCA,CO,uatp,credit
113447,00-99,AVIANCA,CO,uatp,credit
113448,00-99,AVIANCA,CO,uatp,credit
113449,00-99,AVIANCA,CO,uatp,credit
113450,00-99,AVIANCA,CO,uatp,credit
113451,00-99,AVIANCA,CO,uatp,credit
113452,00-99,AVIANCA,CO,uatp,credit
113453,00-99,AVIANCA,CO,uatp,credit
113454,00-99,AVIANCA,CO,uatp,credit
113455,00-99,AVIANCA,CO,uatp,credit
113456,00-99,AVIANCA,CO,uatp,credit
113457,00-99,AVIANCA,CO,uatp,credit
113458,00-99,AVIANCA,CO,uatp,credit
113459,00-99,AVIANCA,CO,uatp,credit
113460,00-99,AVIANCA,CO,uatp,credit
113461,00-99,AVIANCA,CO,uatp,credit
113462,00-99,AVIANCA,CO,uatp,credit
113463,00-99,AVIANCA,CO,uatp,credit
113464,00-99,AVIANCA,CO,uatp,credit
113465,00-99,AVIANCA,CO,uatp,credit
113466,00-99,AVIANCA,CO,uatp,credit
113467,00-99,AVIANCA,CO,uatp,credit
113468,00-99,AVIANCA,CO,uatp,credit
113469,00-99,AVIANCA,CO,uatp,credit
113470,00-99,AVIANCA,CO,uatp,credit
113471,00-99,AVIANCA,CO,uatp,credit
113472,00-99,AVIANCA,CO,uatp,credit
113473,00-99,AVIANCA,CO,uatp,credit
113474,00-99,AVIANCA,CO,uatp,credit
113475,00-99,AVIANCA,CO,uatp,credit
113476,00-99,AVIANCA,CO,uatp,credit
113477,00-99,AVIANCA,CO,uatp,credit
113478,00-99,AVIANCA,CO,uatp,credit
113479,00-99,AVIANCA,CO,uatp,credit
113480,00-99,AVIANCA,CO,uatp,credit
113481,00-99,AVIANCA,CO,uatp,credit
113482,00-99,AVIANCA,CO,uatp,credit
113483,00-99,AVIANCA,CO,uatp,credit
113484,00-99,AVIANCA,CO,uatp,credit
113485,00-99,AVIANCA,CO,uatp,credit
113486,00-99,AVIANCA,CO,uatp,credit
113487,00-99,AVIANCA,CO,uatp,credit
113488,00-99,AVIANCA,CO,uatp,credit
113489,00-99,AVIANCA,CO,uatp,credit
113490,00-99,AVIANCA,CO,uatp,credit
113491,00-99,AVIANCA,CO,uatp,credit
113492,00-99,AVIANCA,CO,uatp,credit
113493,00-99,AVIANCA,CO,uatp,credit
113494,00-99,AVIANCA,CO,uatp,credit
113495,00-99,AVIANCA,CO,uatp,credit
113496,00-99,AVIANCA,CO,uatp,credit
113497,00-99,AVIANCA,CO,uatp,credit
113498,00-99,AVIANCA,CO,uatp,credit
113499,00-99,AVIANCA,CO,uatp,credit
113500,00-99,CRESCENT GOLD AND DIAMONDS - TDFS,CA,private label,debit
113501,00-99,CRESCENT GOLD AND DIAMONDS - TDFS,CA,private label,debit
113502,00-99,CRESCENT GOLD AND DIAMONDS - TDFS,CA,private label,debit
113503,00-99,CRESCENT GOLD AND DIAMONDS - TDFS,CA,private label,debit
113504,00-99,CRESCENT GOLD AND DIAMONDS - TDFS,CA,private label,debit
113505,00-99,CRESCENT GOLD AND DIAMONDS - TDFS,CA,private label,debit
113506,00-99,CRESCENT GOLD AND DIAMONDS - TDFS,CA,private label,debit
113507,00-99,CRESCENT GOLD AND DIAMONDS - TDFS,CA,private label,debit
113508,00-99,CRESCENT GOLD AND DIAMONDS - TDFS,CA,private label,debit
113509,00-99,CRESCENT GOLD AND DIAMONDS - TDFS,CA,private label,debit
113510,00-99,CRESCENT GOLD AND DIAMONDS - TDFS,CA,private label,debit
113511,00-99,CRESCENT GOLD AND DIAMONDS - TDFS,CA,private label,debit
113512,00-99,CRESCENT GOLD AND DIAMONDS - TDFS,CA,private label,debit
113513,00-99,CRESCENT GOLD AND DIAMONDS - TDFS,CA,private label,debit
113514,00-99,CRESCENT GOLD AND DIAMONDS - TDFS,CA,private label,debit
113515,00-99,CRESCENT GOLD AND DIAMONDS - TDFS,CA,private label,debit
113516,00-99,CRESCENT GOLD AND DIAMONDS - TDFS,CA,private label,debit
113517,00-99,CRESCENT GOLD AND DIAMONDS - TDFS,CA,private label,debit
113518,00-99,CRESCENT GOLD AND DIAMONDS - TDFS,CA,private label,debit
113519,00-99,CRESCENT GOLD AND DIAMONDS - TDFS,CA,private label,debit
113520,00-99,CRESCENT GOLD AND DIAMONDS - TDFS,CA,private label,debit
113521,00-99,CRESCENT GOLD AND DIAMONDS - TDFS,CA,private label,debit
113522,00-99,CRESCENT GOLD AND DIAMONDS - TDFS,CA,private label,debit
113523,00-99,CRESCENT GOLD AND DIAMONDS - TDFS,CA,private label,debit
113524,00-99,CRESCENT GOLD AND DIAMONDS - TDFS,CA,private label,debit
113525,00-99,CRESCENT GOLD AND DIAMONDS - TDFS,CA,private label,debit
113526,00-99,CRESCENT GOLD AND DIAMONDS - TDFS,CA,private label,debit
113527,00-99,CRESCENT GOLD AND DIAMONDS - TDFS,CA,private label,debit
113528,00-99,CRESCENT GOLD AND DIAMONDS - TDFS,CA,private label,debit
113529,00-99,CRESCENT GOLD AND DIAMONDS - TDFS,CA,private label,debit
113530,00-99,CRESCENT GOLD AND DIAMONDS - TDFS,CA,private label,debit
113531,00-99,CRESCENT GOLD AND DIAMONDS - TDFS,CA,private label,debit
113532,00-99,CRESCENT GOLD AND DIAMONDS - TDFS,CA,private label,debit
113533,00-99,CRESCENT GOLD AND DIAMONDS - TDFS,CA,private label,debit
113534,00-99,CRESCENT GOLD AND DIAMONDS - TDFS,CA,private label,debit
113535,00-99,CRESCENT GOLD AND DIAMONDS - TDFS,CA,private label,debit
113536,00-99,CRESCENT GOLD AND DIAMONDS - TDFS,CA,private label,debit
113537,00-99,CRESCENT GOLD AND DIAMONDS - TDFS,CA,private label,debit
113538,00-99,CRESCENT GOLD AND DIAMONDS - TDFS,CA,private label,debit
113539,00-99,CRESCENT GOLD AND DIAMONDS - TDFS,CA,private label,debit
113540,00-99,CRESCENT GOLD AND DIAMONDS - TDFS,CA,private label,debit
113541,00-99,CRESCENT GOLD AND DIAMONDS - TDFS,CA,private label,debit
113542,00-99,CRESCENT GOLD AND DIAMONDS - TDFS,CA,private label,debit
113543,00-99,CRESCENT GOLD AND DIAMONDS - TDFS,CA,private label,debit
113544,00-99,CRESCENT GOLD AND DIAMONDS - TDFS,CA,private label,debit
113545,00-99,CRESCENT GOLD AND DIAMONDS - TDFS,CA,private label,debit
113546,00-99,CRESCENT GOLD AND DIAMONDS - TDFS,CA,private label,debit
113547,00-99,CRESCENT GOLD AND DIAMONDS - TDFS,CA,private label,debit
113548,00-99,CRESCENT GOLD AND DIAMONDS - TDFS,CA,private label,debit
113549,00-99,CRESCENT GOLD AND DIAMONDS - TDFS,CA,private label,debit
113550,00-99,CRESCENT GOLD AND DIAMONDS - TDFS,CA,private label,debit
113551,00-99,CRESCENT GOLD AND DIAMONDS - TDFS,CA,private label,debit
113552,00-99,CRESCENT GOLD AND DIAMONDS - TDFS,CA,private label,debit
113553,00-99,CRESCENT GOLD AND DIAMONDS - TDFS,CA,private label,debit
113554,00-99,CRESCENT GOLD AND DIAMONDS - TDFS,CA,private label,debit
113555,00-99,CRESCENT GOLD AND DIAMONDS - TDFS,CA,private label,debit
113556,00-99,CRESCENT GOLD AND DIAMONDS - TDFS,CA,private label,debit
113557,00-99,CRESCENT GOLD AND DIAMONDS - TDFS,CA,private label,debit
113558,00-99,CRESCENT GOLD AND DIAMONDS - TDFS,CA,private label,debit
113559,00-99,CRESCENT GOLD AND DIAMONDS - TDFS,CA,private label,debit
113560,00-99,CRESCENT GOLD AND DIAMONDS - TDFS,CA,private label,debit
113561,00-99,CRESCENT GOLD AND DIAMONDS - TDFS,CA,private label,debit
113562,00-99,CRESCENT GOLD AND DIAMONDS - TDFS,CA,private label,debit
113563,00-99,CRESCENT GOLD AND DIAMONDS - TDFS,CA,private label,debit
113564,00-99,CRESCENT GOLD AND DIAMONDS - TDFS,CA,private label,debit
113565,00-99,CRESCENT GOLD AND DIAMONDS - TDFS,CA,private label,debit
113566,00-99,CRESCENT GOLD AND DIAMONDS - TDFS,CA,private label,debit
113567,00-99,CRESCENT GOLD AND DIAMONDS - TDFS,CA,private label,debit
113568,00-99,CRESCENT GOLD AND DIAMONDS - TDFS,CA,private label,debit
113569,00-99,CRESCENT GOLD AND DIAMONDS - TDFS,CA,private label,debit
113570,00-99,CRESCENT GOLD AND DIAMONDS - TDFS,CA,private label,debit
113571,00-99,CRESCENT GOLD AND DIAMONDS - TDFS,CA,private label,debit
113572,00-99,CRESCENT GOLD AND DIAMONDS - TDFS,CA,private label,debit
113573,00-99,CRESCENT GOLD AND DIAMONDS - TDFS,CA,private label,debit
113574,00-99,CRESCENT GOLD AND DIAMONDS - TDFS,CA,private label,debit
113575,00-99,CRESCENT GOLD AND DIAMONDS - TDFS,CA,private label,debit
113576,00-99,CRESCENT GOLD AND DIAMONDS - TDFS,CA,private label,debit
113577,00-99,CRESCENT GOLD AND DIAMONDS - TDFS,CA,private label,debit
113578,00-99,CRESCENT GOLD AND DIAMONDS - TDFS,CA,private label,debit
113579,00-99,CRESCENT GOLD AND DIAMONDS - TDFS,CA,private label,debit
113580,00-99,CRESCENT GOLD AND DIAMONDS - TDFS,CA,private label,debit
113581,00-99,CRESCENT GOLD AND DIAMONDS - TDFS,CA,private label,debit
113582,00-99,CRESCENT GOLD AND DIAMONDS - TDFS,CA,private label,debit
113583,00-99,CRESCENT GOLD AND DIAMONDS - TDFS,CA,private label,debit
113584,00-99,CRESCENT GOLD AND DIAMONDS - TDFS,CA,private label,debit
113585,00-99,CRESCENT GOLD AND DIAMONDS - TDFS,CA,private label,debit
113586,00-99,CRESCENT GOLD AND DIAMONDS - TDFS,CA,private label,debit
113587,00-99,CRESCENT GOLD AND DIAMONDS - TDFS,CA,private label,debit
113588,00-99,CRESCENT GOLD AND DIAMONDS - TDFS,CA,private label,debit
113589,00-99,CRESCENT GOLD AND DIAMONDS - TDFS,CA,private label,debit
113590,00-99,CRESCENT GOLD AND DIAMONDS - TDFS,CA,private label,debit
113591,00-99,CRESCENT GOLD AND DIAMONDS - TDFS,CA,private label,debit
113592,00-99,CRESCENT GOLD AND DIAMONDS - TDFS,CA,private label,debit
113593,00-99,CRESCENT GOLD AND DIAMONDS - TDFS,CA,private label,debit
113594,00-99,CRESCENT GOLD AND DIAMONDS - TDFS,CA,private label,debit
113595,00-99,CRESCENT GOLD AND DIAMONDS - TDFS,CA,private label,debit
113596,00-99,CRESCENT GOLD AND DIAMONDS - TDFS,CA,private label,debit
113597,00-99,CRESCENT GOLD AND DIAMONDS - TDFS,CA,private label,debit
113598,00-99,CRESCENT GOLD AND DIAMONDS - TDFS,CA,private label,debit
113599,00-99,CRESCENT GOLD AND DIAMONDS - TDFS,CA,private label,debit
113600,00-99,CRESCENT GOLD AND DIAMONDS - TDFS,CA,private label,debit
113601,00-99,CRESCENT GOLD AND DIAMONDS - TDFS,CA,private label,debit
113602,00-99,CRESCENT GOLD AND DIAMONDS - TDFS,CA,private label,debit
113603,00-99,CRESCENT GOLD AND DIAMONDS - TDFS,CA,private label,debit
113604,00-99,CRESCENT GOLD AND DIAMONDS - TDFS,CA,private label,debit
113605,00-99,CRESCENT GOLD AND DIAMONDS - TDFS,CA,private label,debit
113606,00-99,CRESCENT GOLD AND DIAMONDS - TDFS,CA,private label,debit
113607,00-99,CRESCENT GOLD AND DIAMONDS - TDFS,CA,private label,debit
113608,00-99,CRESCENT GOLD AND DIAMONDS - TDFS,CA,private label,debit
113609,00-99,CRESCENT GOLD AND DIAMONDS - TDFS,CA,private label,debit
113610,00-99,CRESCENT GOLD AND DIAMONDS - TDFS,CA,private label,debit
113611,00-99,CRESCENT GOLD AND DIAMONDS - TDFS,CA,private label,debit
113612,00-99,CRESCENT GOLD AND DIAMONDS - TDFS,CA,private label,debit
113613,00-99,CRESCENT GOLD AND DIAMONDS - TDFS,CA,private label,debit
113614,00-99,CRESCENT GOLD AND DIAMONDS - TDFS,CA,private label,debit
113615,00-99,CRESCENT GOLD AND DIAMONDS - TDFS,CA,private label,debit
113616,00-99,CRESCENT GOLD AND DIAMONDS - TDFS,CA,private label,debit
113617,00-99,CRESCENT GOLD AND DIAMONDS - TDFS,CA,private label,debit
113618,00-99,CRESCENT GOLD AND DIAMONDS - TDFS,CA,private label,debit
113619,00-99,CRESCENT GOLD AND DIAMONDS - TDFS,CA,private label,debit
113620,00-99,CRESCENT GOLD AND DIAMONDS - TDFS,CA,private label,debit
113621,00-99,CRESCENT GOLD AND DIAMONDS - TDFS,CA,private label,debit
113622,00-99,CRESCENT GOLD AND DIAMONDS - TDFS,CA,private label,debit
113623,00-99,CRESCENT GOLD AND DIAMONDS - TDFS,CA,private label,debit
113624,00-99,CRESCENT GOLD AND DIAMONDS - TDFS,CA,private label,debit
113625,00-99,CRESCENT GOLD AND DIAMONDS - TDFS,CA,private label,debit
113626,00-99,CRESCENT GOLD AND DIAMONDS - TDFS,CA,private label,debit
113627,00-99,CRESCENT GOLD AND DIAMONDS - TDFS,CA,private label,debit
113628,00-99,CRESCENT GOLD AND DIAMONDS - TDFS,CA,private label,debit
113629,00-99,CRESCENT GOLD AND DIAMONDS - TDFS,CA,private label,debit
113630,00-99,CRESCENT GOLD AND DIAMONDS - TDFS,CA,private label,debit
113631,00-99,CRESCENT GOLD AND DIAMONDS - TDFS,CA,private label,debit
113632,00-99,CRESCENT GOLD AND DIAMONDS - TDFS,CA,private label,debit
113633,00-99,CRESCENT GOLD AND DIAMONDS - TDFS,CA,private label,debit
113634,00-99,CRESCENT GOLD AND DIAMONDS - TDFS,CA,private label,debit
113635,00-99,CRESCENT GOLD AND DIAMONDS - TDFS,CA,private label,debit
113636,00-99,CRESCENT GOLD AND DIAMONDS - TDFS,CA,private label,debit
113637,00-99,CRESCENT GOLD AND DIAMONDS - TDFS,CA,private label,debit
113638,00-99,CRESCENT GOLD AND DIAMONDS - TDFS,CA,private label,debit
113639,00-99,CRESCENT GOLD AND DIAMONDS - TDFS,CA,private label,debit
113640,00-99,CRESCENT GOLD AND DIAMONDS - TDFS,CA,private label,debit
113641,00-99,CRESCENT GOLD AND DIAMONDS - TDFS,CA,private label,debit
113642,00-99,CRESCENT GOLD AND DIAMONDS - TDFS,CA,private label,debit
113643,00-99,CRESCENT GOLD AND DIAMONDS - TDFS,CA,private label,debit
113644,00-99,CRESCENT GOLD AND DIAMONDS - TDFS,CA,private label,debit
113645,00-99,CRESCENT GOLD AND DIAMONDS - TDFS,CA,private label,debit
113646,00-99,CRESCENT GOLD AND DIAMONDS - TDFS,CA,private label,debit
113647,00-99,CRESCENT GOLD AND DIAMONDS - TDFS,CA,private label,debit
113648,00-99,CRESCENT GOLD AND DIAMONDS - TDFS,CA,private label,debit
113649,00-99,CRESCENT GOLD AND DIAMONDS - TDFS,CA,private label,debit
113650,00-99,CRESCENT GOLD AND DIAMONDS - TDFS,CA,private label,debit
113651,00-99,CRESCENT GOLD AND DIAMONDS - TDFS,CA,private label,debit
113652,00-99,CRESCENT GOLD AND DIAMONDS - TDFS,CA,private label,debit
113653,00-99,CRESCENT GOLD AND DIAMONDS - TDFS,CA,private label,debit
113654,00-99,CRESCENT GOLD AND DIAMONDS - TDFS,CA,private label,debit
113655,00-99,CRESCENT GOLD AND DIAMONDS - TDFS,CA,private label,debit
113656,00-99,CRESCENT GOLD AND DIAMONDS - TDFS,CA,private label,debit
113657,00-99,CRESCENT GOLD AND DIAMONDS - TDFS,CA,private label,debit
113658,00-99,CRESCENT GOLD AND DIAMONDS - TDFS,CA,private label,debit
113659,00-99,CRESCENT GOLD AND DIAMONDS - TDFS,CA,private label,debit
113660,00-99,CRESCENT GOLD AND DIAMONDS - TDFS,CA,private label,debit
113661,00-99,CRESCENT GOLD AND DIAMONDS - TDFS,CA,private label,debit
113662,00-99,CRESCENT GOLD AND DIAMONDS - TDFS,CA,private label,debit
113663,00-99,CRESCENT GOLD AND DIAMONDS - TDFS,CA,private label,debit
113664,00-99,CRESCENT GOLD AND DIAMONDS - TDFS,CA,private label,debit
113665,00-99,CRESCENT GOLD AND DIAMONDS - TDFS,CA,private label,debit
113666,00-99,CRESCENT GOLD AND DIAMONDS - TDFS,CA,private label,debit
113667,00-99,CRESCENT GOLD AND DIAMONDS - TDFS,CA,private label,debit
113668,00-99,CRESCENT GOLD AND DIAMONDS - TDFS,CA,private label,debit
113669,00-99,CRESCENT GOLD AND DIAMONDS - TDFS,CA,private label,debit
113670,00-99,CRESCENT GOLD AND DIAMONDS - TDFS,CA,private label,debit
113671,00-99,CRESCENT GOLD AND DIAMONDS - TDFS,CA,private label,debit
113672,00-99,CRESCENT GOLD AND DIAMONDS - TDFS,CA,private label,debit
113673,00-99,CRESCENT GOLD AND DIAMONDS - TDFS,CA,private label,debit
113674,00-99,CRESCENT GOLD AND DIAMONDS - TDFS,CA,private label,debit
113675,00-99,CRESCENT GOLD AND DIAMONDS - TDFS,CA,private label,debit
113676,00-99,CRESCENT GOLD AND DIAMONDS - TDFS,CA,private label,debit
113677,00-99,CRESCENT GOLD AND DIAMONDS - TDFS,CA,private label,debit
113678,00-99,CRESCENT GOLD AND DIAMONDS - TDFS,CA,private label,debit
113679,00-99,CRESCENT GOLD AND DIAMONDS - TDFS,CA,private label,debit
113680,00-99,CRESCENT GOLD AND DIAMONDS - TDFS,CA,private label,debit
113681,00-99,CRESCENT GOLD AND DIAMONDS - TDFS,CA,private label,debit
113682,00-99,CRESCENT GOLD AND DIAMONDS - TDFS,CA,private label,debit
113683,00-99,CRESCENT GOLD AND DIAMONDS - TDFS,CA,private label,debit
113684,00-99,CRESCENT GOLD AND DIAMONDS - TDFS,CA,private label,debit
113685,00-99,CRESCENT GOLD AND DIAMONDS - TDFS,CA,private label,debit
113686,00-99,CRESCENT GOLD AND DIAMONDS - TDFS,CA,private label,debit
113687,00-99,CRESCENT GOLD AND DIAMONDS - TDFS,CA,private label,debit
113688,00-99,CRESCENT GOLD AND DIAMONDS - TDFS,CA,private label,debit
113689,00-99,CRESCENT GOLD AND DIAMONDS - TDFS,CA,private label,debit
113690,00-99,CRESCENT GOLD AND DIAMONDS - TDFS,CA,private label,debit
113691,00-99,CRESCENT GOLD AND DIAMONDS - TDFS,CA,private label,debit
113692,00-99,CRESCENT GOLD AND DIAMONDS - TDFS,CA,private label,debit
113693,00-99,CRESCENT GOLD AND DIAMONDS - TDFS,CA,private label,debit
113694,00-99,CRESCENT GOLD AND DIAMONDS - TDFS,CA,private label,debit
113695,00-99,CRESCENT GOLD AND DIAMONDS - TDFS,CA,private label,debit
113696,00-99,CRESCENT GOLD AND DIAMONDS - TDFS,CA,private label,debit
113697,00-99,CRESCENT GOLD AND DIAMONDS - TDFS,CA,private label,debit
113698,00-99,CRESCENT GOLD AND DIAMONDS - TDFS,CA,private label,debit
113699,00-99,CRESCENT GOLD AND DIAMONDS - TDFS,CA,private label,debit
113700,00-99,CRESCENT GOLD AND DIAMONDS - TDFS,CA,private label,debit
113701,00-99,CRESCENT GOLD AND DIAMONDS - TDFS,CA,private label,debit
113702,00-99,CRESCENT GOLD AND DIAMONDS - TDFS,CA,private label,debit
113703,00-99,CRESCENT GOLD AND DIAMONDS - TDFS,CA,private label,debit
113704,00-99,CRESCENT GOLD AND DIAMONDS - TDFS,CA,private label,debit
113705,00-99,CRESCENT GOLD AND DIAMONDS - TDFS,CA,private label,debit
113706,00-99,CRESCENT GOLD AND DIAMONDS - TDFS,CA,private label,debit
113707,00-99,CRESCENT GOLD AND DIAMONDS - TDFS,CA,private label,debit
113708,00-99,CRESCENT GOLD AND DIAMONDS - TDFS,CA,private label,debit
113709,00-99,CRESCENT GOLD AND DIAMONDS - TDFS,CA,private label,debit
113710,00-99,CRESCENT GOLD AND DIAMONDS - TDFS,CA,private label,debit
113711,00-99,CRESCENT GOLD AND DIAMONDS - TDFS,CA,private label,debit
113712,00-99,CRESCENT GOLD AND DIAMONDS - TDFS,CA,private label,debit
113713,00-99,CRESCENT GOLD AND DIAMONDS - TDFS,CA,private label,debit
113714,00-99,CRESCENT GOLD AND DIAMONDS - TDFS,CA,private label,debit
113715,00-99,CRESCENT GOLD AND DIAMONDS - TDFS,CA,private label,debit
113716,00-99,CRESCENT GOLD AND DIAMONDS - TDFS,CA,private label,debit
113717,00-99,CRESCENT GOLD AND DIAMONDS - TDFS,CA,private label,debit
113718,00-99,CRESCENT GOLD AND DIAMONDS - TDFS,CA,private label,debit
113719,00-99,CRESCENT GOLD AND DIAMONDS - TDFS,CA,private label,debit
113720,00-99,CRESCENT GOLD AND DIAMONDS - TDFS,CA,private label,debit
113721,00-99,CRESCENT GOLD AND DIAMONDS - TDFS,CA,private label,debit
113722,00-99,CRESCENT GOLD AND DIAMONDS - TDFS,CA,private label,debit
113723,00-99,CRESCENT GOLD AND DIAMONDS - TDFS,CA,private label,debit
113724,00-99,CRESCENT GOLD AND DIAMONDS - TDFS,CA,private label,debit
113725,00-99,CRESCENT GOLD AND DIAMONDS - TDFS,CA,private label,debit
113726,00-99,CRESCENT GOLD AND DIAMONDS - TDFS,CA,private label,debit
113727,00-99,CRESCENT GOLD AND DIAMONDS - TDFS,CA,private label,debit
113728,00-99,CRESCENT GOLD AND DIAMONDS - TDFS,CA,private label,debit
113729,00-99,CRESCENT GOLD AND DIAMONDS - TDFS,CA,private label,debit
113730,00-99,CRESCENT GOLD AND DIAMONDS - TDFS,CA,private label,debit
113731,00-99,CRESCENT GOLD AND DIAMONDS - TDFS,CA,private label,debit
113732,00-99,CRESCENT GOLD AND DIAMONDS - TDFS,CA,private label,debit
113733,00-99,CRESCENT GOLD AND DIAMONDS - TDFS,CA,private label,debit
113734,00-99,CRESCENT GOLD AND DIAMONDS - TDFS,CA,private label,debit
113735,00-99,CRESCENT GOLD AND DIAMONDS - TDFS,CA,private label,debit
113736,00-99,CRESCENT GOLD AND DIAMONDS - TDFS,CA,private label,debit
113737,00-99,CRESCENT GOLD AND DIAMONDS - TDFS,CA,private label,debit
113738,00-99,CRESCENT GOLD AND DIAMONDS - TDFS,CA,private label,debit
113739,00-99,CRESCENT GOLD AND DIAMONDS - TDFS,CA,private label,debit
113740,00-99,CRESCENT GOLD AND DIAMONDS - TDFS,CA,private label,debit
113741,00-99,CRESCENT GOLD AND DIAMONDS - TDFS,CA,private label,debit
113742,00-99,CRESCENT GOLD AND DIAMONDS - TDFS,CA,private label,debit
113743,00-99,CRESCENT GOLD AND DIAMONDS - TDFS,CA,private label,debit
113744,00-99,CRESCENT GOLD AND DIAMONDS - TDFS,CA,private label,debit
113745,00-99,CRESCENT GOLD AND DIAMONDS - TDFS,CA,private label,debit
113746,00-99,CRESCENT GOLD AND DIAMONDS - TDFS,CA,private label,debit
113747,00-99,CRESCENT GOLD AND DIAMONDS - TDFS,CA,private label,debit
113748,00-99,CRESCENT GOLD AND DIAMONDS - TDFS,CA,private label,debit
113749,00-99,CRESCENT GOLD AND DIAMONDS - TDFS,CA,private label,debit
113750,00-99,CRESCENT GOLD AND DIAMONDS - TDFS,CA,private label,debit
113751,00-99,CRESCENT GOLD AND DIAMONDS - TDFS,CA,private label,debit
113752,00-99,CRESCENT GOLD AND DIAMONDS - TDFS,CA,private label,debit
113753,00-99,CRESCENT GOLD AND DIAMONDS - TDFS,CA,private label,debit
113754,00-99,CRESCENT GOLD AND DIAMONDS - TDFS,CA,private label,debit
113755,00-99,CRESCENT GOLD AND DIAMONDS - TDFS,CA,private label,debit
113756,00-99,CRESCENT GOLD AND DIAMONDS - TDFS,CA,private label,debit
113757,00-99,CRESCENT GOLD AND DIAMONDS - TDFS,CA,private label,debit
113758,00-99,CRESCENT GOLD AND DIAMONDS - TDFS,CA,private label,debit
113759,00-99,CRESCENT GOLD AND DIAMONDS - TDFS,CA,private label,debit
113760,00-99,CRESCENT GOLD AND DIAMONDS - TDFS,CA,private label,debit
113761,00-99,CRESCENT GOLD AND DIAMONDS - TDFS,CA,private label,debit
113762,00-99,CRESCENT GOLD AND DIAMONDS - TDFS,CA,private label,debit
113763,00-99,CRESCENT GOLD AND DIAMONDS - TDFS,CA,private label,debit
113764,00-99,CRESCENT GOLD AND DIAMONDS - TDFS,CA,private label,debit
113765,00-99,CRESCENT GOLD AND DIAMONDS - TDFS,CA,private label,debit
113766,00-99,CRESCENT GOLD AND DIAMONDS - TDFS,CA,private label,debit
113767,00-99,CRESCENT GOLD AND DIAMONDS - TDFS,CA,private label,debit
113768,00-99,CRESCENT GOLD AND DIAMONDS - TDFS,CA,private label,debit
113769,00-99,CRESCENT GOLD AND DIAMONDS - TDFS,CA,private label,debit
113770,00-99,CRESCENT GOLD AND DIAMONDS - TDFS,CA,private label,debit
113771,00-99,CRESCENT GOLD AND DIAMONDS - TDFS,CA,private label,debit
113772,00-99,CRESCENT GOLD AND DIAMONDS - TDFS,CA,private label,debit
113773,00-99,CRESCENT GOLD AND DIAMONDS - TDFS,CA,private label,debit
113774,00-99,CRESCENT GOLD AND DIAMONDS - TDFS,CA,private label,debit
113775,00-99,CRESCENT GOLD AND DIAMONDS - TDFS,CA,private label,debit
113776,00-99,CRESCENT GOLD AND DIAMONDS - TDFS,CA,private label,debit
113777,00-99,CRESCENT GOLD AND DIAMONDS - TDFS,CA,private label,debit
113778,00-99,CRESCENT GOLD AND DIAMONDS - TDFS,CA,private label,debit
113779,00-99,CRESCENT GOLD AND DIAMONDS - TDFS,CA,private label,debit
113780,00-99,CRESCENT GOLD AND DIAMONDS - TDFS,CA,private label,debit
113781,00-99,CRESCENT GOLD AND DIAMONDS - TDFS,CA,private label,debit
113782,00-99,CRESCENT GOLD AND DIAMONDS - TDFS,CA,private label,debit
113783,00-99,CRESCENT GOLD AND DIAMONDS - TDFS,CA,private label,debit
113784,00-99,CRESCENT GOLD AND DIAMONDS - TDFS,CA,private label,debit
113785,00-99,CRESCENT GOLD AND DIAMONDS - TDFS,CA,private label,debit
113786,00-99,CRESCENT GOLD AND DIAMONDS - TDFS,CA,private label,debit
113787,00-99,CRESCENT GOLD AND DIAMONDS - TDFS,CA,private label,debit
113788,00-99,CRESCENT GOLD AND DIAMONDS - TDFS,CA,private label,debit
113789,00-99,CRESCENT GOLD AND DIAMONDS - TDFS,CA,private label,debit
113790,00-99,CRESCENT GOLD AND DIAMONDS - TDFS,CA,private label,debit
113791,00-99,CRESCENT GOLD AND DIAMONDS - TDFS,CA,private label,debit
113792,00-99,CRESCENT GOLD AND DIAMONDS - TDFS,CA,private label,debit
113793,00-99,CRESCENT GOLD AND DIAMONDS - TDFS,CA,private label,debit
113794,00-99,CRESCENT GOLD AND DIAMONDS - TDFS,CA,private label,debit
113795,00-99,CRESCENT GOLD AND DIAMONDS - TDFS,CA,private label,debit
113796,00-99,CRESCENT GOLD AND DIAMONDS - TDFS,CA,private label,debit
113797,00-99,CRESCENT GOLD AND DIAMONDS - TDFS,CA,private label,debit
113798,00-99,CRESCENT GOLD AND DIAMONDS - TDFS,CA,private label,debit
113799,00-99,CRESCENT GOLD AND DIAMONDS - TDFS,CA,private label,debit
113800,00-99,CRESCENT GOLD AND DIAMONDS - TDFS,CA,private label,debit
113801,00-99,CRESCENT GOLD AND DIAMONDS - TDFS,CA,private label,debit
113802,00-99,CRESCENT GOLD AND DIAMONDS - TDFS,CA,private label,debit
113803,00-99,CRESCENT GOLD AND DIAMONDS - TDFS,CA,private label,debit
113804,00-99,CRESCENT GOLD AND DIAMONDS - TDFS,CA,private label,debit
113805,00-99,CRESCENT GOLD AND DIAMONDS - TDFS,CA,private label,debit
113806,00-99,CRESCENT GOLD AND DIAMONDS - TDFS,CA,private label,debit
113807,00-99,CRESCENT GOLD AND DIAMONDS - TDFS,CA,private label,debit
113808,00-99,CRESCENT GOLD AND DIAMONDS - TDFS,CA,private label,debit
113809,00-99,CRESCENT GOLD AND DIAMONDS - TDFS,CA,private label,debit
113810,00-99,CRESCENT GOLD AND DIAMONDS - TDFS,CA,private label,debit
113811,00-99,CRESCENT GOLD AND DIAMONDS - TDFS,CA,private label,debit
113812,00-99,CRESCENT GOLD AND DIAMONDS - TDFS,CA,private label,debit
113813,00-99,CRESCENT GOLD AND DIAMONDS - TDFS,CA,private label,debit
113814,00-99,CRESCENT GOLD AND DIAMONDS - TDFS,CA,private label,debit
113815,00-99,CRESCENT GOLD AND DIAMONDS - TDFS,CA,private label,debit
113816,00-99,CRESCENT GOLD AND DIAMONDS - TDFS,CA,private label,debit
113817,00-99,CRESCENT GOLD AND DIAMONDS - TDFS,CA,private label,debit
113818,00-99,CRESCENT GOLD AND DIAMONDS - TDFS,CA,private label,debit
113819,00-99,CRESCENT GOLD AND DIAMONDS - TDFS,CA,private label,debit
113820,00-99,CRESCENT GOLD AND DIAMONDS - TDFS,CA,private label,debit
113821,00-99,CRESCENT GOLD AND DIAMONDS - TDFS,CA,private label,debit
113822,00-99,CRESCENT GOLD AND DIAMONDS - TDFS,CA,private label,debit
113823,00-99,CRESCENT GOLD AND DIAMONDS - TDFS,CA,private label,debit
113824,00-99,CRESCENT GOLD AND DIAMONDS - TDFS,CA,private label,debit
113825,00-99,CRESCENT GOLD AND DIAMONDS - TDFS,CA,private label,debit
113826,00-99,CRESCENT GOLD AND DIAMONDS - TDFS,CA,private label,debit
113827,00-99,CRESCENT GOLD AND DIAMONDS - TDFS,CA,private label,debit
113828,00-99,CRESCENT GOLD AND DIAMONDS - TDFS,CA,private label,debit
113829,00-99,CRESCENT GOLD AND DIAMONDS - TDFS,CA,private label,debit
113830,00-99,CRESCENT GOLD AND DIAMONDS - TDFS,CA,private label,debit
113831,00-99,CRESCENT GOLD AND DIAMONDS - TDFS,CA,private label,debit
113832,00-99,CRESCENT GOLD AND DIAMONDS - TDFS,CA,private label,debit
113833,00-99,CRESCENT GOLD AND DIAMONDS - TDFS,CA,private label,debit
113834,00-99,CRESCENT GOLD AND DIAMONDS - TDFS,CA,private label,debit
113835,00-99,CRESCENT GOLD AND DIAMONDS - TDFS,CA,private label,debit
113836,00-99,CRESCENT GOLD AND DIAMONDS - TDFS,CA,private label,debit
113837,00-99,CRESCENT GOLD AND DIAMONDS - TDFS,CA,private label,debit
113838,00-99,CRESCENT GOLD AND DIAMONDS - TDFS,CA,private label,debit
113839,00-99,CRESCENT GOLD AND DIAMONDS - TDFS,CA,private label,debit
113840,00-99,CRESCENT GOLD AND DIAMONDS - TDFS,CA,private label,debit
113841,00-99,CRESCENT GOLD AND DIAMONDS - TDFS,CA,private label,debit
113842,00-99,CRESCENT GOLD AND DIAMONDS - TDFS,CA,private label,debit
113843,00-99,CRESCENT GOLD AND DIAMONDS - TDFS,CA,private label,debit
113844,00-99,CRESCENT GOLD AND DIAMONDS - TDFS,CA,private label,debit
113845,00-99,CRESCENT GOLD AND DIAMONDS - TDFS,CA,private label,debit
113846,00-99,CRESCENT GOLD AND DIAMONDS - TDFS,CA,private label,debit
113847,00-99,CRESCENT GOLD AND DIAMONDS - TDFS,CA,private label,debit
113848,00-99,CRESCENT GOLD AND DIAMONDS - TDFS,CA,private label,debit
113849,00-99,CRESCENT GOLD AND DIAMONDS - TDFS,CA,private label,debit
113850,00-99,CRESCENT GOLD AND DIAMONDS - TDFS,CA,private label,debit
113851,00-99,CRESCENT GOLD AND DIAMONDS - TDFS,CA,private label,debit
113852,00-99,CRESCENT GOLD AND DIAMONDS - TDFS,CA,private label,debit
113853,00-99,CRESCENT GOLD AND DIAMONDS - TDFS,CA,private label,debit
113854,00-99,CRESCENT GOLD AND DIAMONDS - TDFS,CA,private label,debit
113855,00-99,CRESCENT GOLD AND DIAMONDS - TDFS,CA,private label,debit
113856,00-99,CRESCENT GOLD AND DIAMONDS - TDFS,CA,private label,debit
113857,00-99,CRESCENT GOLD AND DIAMONDS - TDFS,CA,private label,debit
113858,00-99,CRESCENT GOLD AND DIAMONDS - TDFS,CA,private label,debit
113859,00-99,CRESCENT GOLD AND DIAMONDS - TDFS,CA,private label,debit
113860,00-99,CRESCENT GOLD AND DIAMONDS - TDFS,CA,private label,debit
113861,00-99,CRESCENT GOLD AND DIAMONDS - TDFS,CA,private label,debit
113862,00-99,CRESCENT GOLD AND DIAMONDS - TDFS,CA,private label,debit
113863,00-99,CRESCENT GOLD AND DIAMONDS - TDFS,CA,private label,debit
113864,00-99,CRESCENT GOLD AND DIAMONDS - TDFS,CA,private label,debit
113865,00-99,CRESCENT GOLD AND DIAMONDS - TDFS,CA,private label,debit
113866,00-99,CRESCENT GOLD AND DIAMONDS - TDFS,CA,private label,debit
113867,00-99,CRESCENT GOLD AND DIAMONDS - TDFS,CA,private label,debit
113868,00-99,CRESCENT GOLD AND DIAMONDS - TDFS,CA,private label,debit
113869,00-99,CRESCENT GOLD AND DIAMONDS - TDFS,CA,private label,debit
113870,00-99,CRESCENT GOLD AND DIAMONDS - TDFS,CA,private label,debit
113871,00-99,CRESCENT GOLD AND DIAMONDS - TDFS,CA,private label,debit
113872,00-99,CRESCENT GOLD AND DIAMONDS - TDFS,CA,private label,debit
113873,00-99,CRESCENT GOLD AND DIAMONDS - TDFS,CA,private label,debit
113874,00-99,CRESCENT GOLD AND DIAMONDS - TDFS,CA,private label,debit
113875,00-99,CRESCENT GOLD AND DIAMONDS - TDFS,CA,private label,debit
113876,00-99,CRESCENT GOLD AND DIAMONDS - TDFS,CA,private label,debit
113877,00-99,CRESCENT GOLD AND DIAMONDS - TDFS,CA,private label,debit
113878,00-99,CRESCENT GOLD AND DIAMONDS - TDFS,CA,private label,debit
113879,00-99,CRESCENT GOLD AND DIAMONDS - TDFS,CA,private label,debit
113880,00-99,CRESCENT GOLD AND DIAMONDS - TDFS,CA,private label,debit
113881,00-99,CRESCENT GOLD AND DIAMONDS - TDFS,CA,private label,debit
113882,00-99,CRESCENT GOLD AND DIAMONDS - TDFS,CA,private label,debit
113883,00-99,CRESCENT GOLD AND DIAMONDS - TDFS,CA,private label,debit
113884,00-99,CRESCENT GOLD AND DIAMONDS - TDFS,CA,private label,debit
113885,00-99,CRESCENT GOLD AND DIAMONDS - TDFS,CA,private label,debit
113886,00-99,CRESCENT GOLD AND DIAMONDS - TDFS,CA,private label,debit
113887,00-99,CRESCENT GOLD AND DIAMONDS - TDFS,CA,private label,debit
113888,00-99,CRESCENT GOLD AND DIAMONDS - TDFS,CA,private label,debit
113889,00-99,CRESCENT GOLD AND DIAMONDS - TDFS,CA,private label,debit
113890,00-99,CRESCENT GOLD AND DIAMONDS - TDFS,CA,private label,debit
113891,00-99,CRESCENT GOLD AND DIAMONDS - TDFS,CA,private label,debit
113892,00-99,CRESCENT GOLD AND DIAMONDS - TDFS,CA,private label,debit
113893,00-99,CRESCENT GOLD AND DIAMONDS - TDFS,CA,private label,debit
113894,00-99,CRESCENT GOLD AND DIAMONDS - TDFS,CA,private label,debit
113895,00-99,CRESCENT GOLD AND DIAMONDS - TDFS,CA,private label,debit
113896,00-99,CRESCENT GOLD AND DIAMONDS - TDFS,CA,private label,debit
113897,00-99,CRESCENT GOLD AND DIAMONDS - TDFS,CA,private label,debit
113898,00-99,CRESCENT GOLD AND DIAMONDS - TDFS,CA,private label,debit
113899,00-99,CRESCENT GOLD AND DIAMONDS - TDFS,CA,private label,debit
113900,00-99,AEROMEXICO (AM),MX,uatp,credit
113901,00-99,AEROMEXICO (AM),MX,uatp,credit
113902,00-99,AEROMEXICO (AM),MX,uatp,credit
113903,00-99,AEROMEXICO (AM),MX,uatp,credit
113904,00-99,AEROMEXICO (AM),MX,uatp,credit
113905,00-99,AEROMEXICO (AM),MX,uatp,credit
113906,00-99,AEROMEXICO (AM),MX,uatp,credit
113907,00-99,AEROMEXICO (AM),MX,uatp,credit
113908,00-99,AEROMEXICO (AM),MX,uatp,credit
113909,00-99,AEROMEXICO (AM),MX,uatp,credit
113910,00-99,AEROMEXICO (AM),MX,uatp,credit
113911,00-99,AEROMEXICO (AM),MX,uatp,credit
113912,00-99,AEROMEXICO (AM),MX,uatp,credit
113913,00-99,AEROMEXICO (AM),MX,uatp,credit
113914,00-99,AEROMEXICO (AM),MX,uatp,credit
113915,00-99,AEROMEXICO (AM),MX,uatp,credit
113916,00-99,AEROMEXICO (AM),MX,uatp,credit
113917,00-99,AEROMEXICO (AM),MX,uatp,credit
113918,00-99,AEROMEXICO (AM),MX,uatp,credit
113919,00-99,AEROMEXICO (AM),MX,uatp,credit
113920,00-99,AEROMEXICO (AM),MX,uatp,credit
113921,00-99,AEROMEXICO (AM),MX,uatp,credit
113922,00-99,AEROMEXICO (AM),MX,uatp,credit
113923,00-99,AEROMEXICO (AM),MX,uatp,credit
113924,00-99,AEROMEXICO (AM),MX,uatp,credit
113925,00-99,AEROMEXICO (AM),MX,uatp,credit
113926,00-99,AEROMEXICO (AM),MX,uatp,credit
113927,00-99,AEROMEXICO (AM),MX,uatp,credit
113928,00-99,AEROMEXICO (AM),MX,uatp,credit
113929,00-99,AEROMEXICO (AM),MX,uatp,credit
113930,00-99,AEROMEXICO (AM),MX,uatp,credit
113931,00-99,AEROMEXICO (AM),MX,uatp,credit
113932,00-99,AEROMEXICO (AM),MX,uatp,credit
113933,00-99,AEROMEXICO (AM),MX,uatp,credit
113934,00-99,AEROMEXICO (AM),MX,uatp,credit
113935,00-99,AEROMEXICO (AM),MX,uatp,credit
113936,00-99,AEROMEXICO (AM),MX,uatp,credit
113937,00-99,AEROMEXICO (AM),MX,uatp,credit
113938,00-99,AEROMEXICO (AM),MX,uatp,credit
113939,00-99,AEROMEXICO (AM),MX,uatp,credit
113940,00-99,AEROMEXICO (AM),MX,uatp,credit
113941,00-99,AEROMEXICO (AM),MX,uatp,credit
113942,00-99,AEROMEXICO (AM),MX,uatp,credit
113943,00-99,AEROMEXICO (AM),MX,uatp,credit
113944,00-99,AEROMEXICO (AM),MX,uatp,credit
113945,00-99,AEROMEXICO (AM),MX,uatp,credit
113946,00-99,AEROMEXICO (AM),MX,uatp,credit
113947,00-99,AEROMEXICO (AM),MX,uatp,credit
113948,00-99,AEROMEXICO (AM),MX,uatp,credit
113949,00-99,AEROMEXICO (AM),MX,uatp,credit
113950,00-99,AEROMEXICO (AM),MX,uatp,credit
113951,00-99,AEROMEXICO (AM),MX,uatp,credit
113952,00-99,AEROMEXICO (AM),MX,uatp,credit
113953,00-99,AEROMEXICO (AM),MX,uatp,credit
113954,00-99,AEROMEXICO (AM),MX,uatp,credit
113955,00-99,AEROMEXICO (AM),MX,uatp,credit
113956,00-99,AEROMEXICO (AM),MX,uatp,credit
113957,00-99,AEROMEXICO (AM),MX,uatp,credit
113958,00-99,AEROMEXICO (AM),MX,uatp,credit
113959,00-99,AEROMEXICO (AM),MX,uatp,credit
113960,00-99,AEROMEXICO (AM),MX,uatp,credit
113961,00-99,AEROMEXICO (AM),MX,uatp,credit
113962,00-99,AEROMEXICO (AM),MX,uatp,credit
113963,00-99,AEROMEXICO (AM),MX,uatp,credit
113964,00-99,AEROMEXICO (AM),MX,uatp,credit
113965,00-99,AEROMEXICO (AM),MX,uatp,credit
113966,00-99,AEROMEXICO (AM),MX,uatp,credit
113967,00-99,AEROMEXICO (AM),MX,uatp,credit
113968,00-99,AEROMEXICO (AM),MX,uatp,credit
113969,00-99,AEROMEXICO (AM),MX,uatp,credit
113970,00-99,AEROMEXICO (AM),MX,uatp,credit
113971,00-99,AEROMEXICO (AM),MX,uatp,credit
113972,00-99,AEROMEXICO (AM),MX,uatp,credit
113973,00-99,AEROMEXICO (AM),MX,uatp,credit
113974,00-99,AEROMEXICO (AM),MX,uatp,credit
113975,00-99,AEROMEXICO (AM),MX,uatp,credit
113976,00-99,AEROMEXICO (AM),MX,uatp,credit
113977,00-99,AEROMEXICO (AM),MX,uatp,credit
113978,00-99,AEROMEXICO (AM),MX,uatp,credit
113979,00-99,AEROMEXICO (AM),MX,uatp,credit
113980,00-99,AEROMEXICO (AM),MX,uatp,credit
113981,00-99,AEROMEXICO (AM),MX,uatp,credit
113982,00-99,AEROMEXICO (AM),MX,uatp,credit
113983,00-99,AEROMEXICO (AM),MX,uatp,credit
113984,00-99,AEROMEXICO (AM),MX,uatp,credit
113985,00-99,AEROMEXICO (AM),MX,uatp,credit
113986,00-99,AEROMEXICO (AM),MX,uatp,credit
113987,00-99,AEROMEXICO (AM),MX,uatp,credit
113988,00-99,AEROMEXICO (AM),MX,uatp,credit
113989,00-99,AEROMEXICO (AM),MX,uatp,credit
113990,00-99,AEROMEXICO (AM),MX,uatp,credit
113991,00-99,AEROMEXICO (AM),MX,uatp,credit
113992,00-99,AEROMEXICO (AM),MX,uatp,credit
113993,00-99,AEROMEXICO (AM),MX,uatp,credit
113994,00-99,AEROMEXICO (AM),MX,uatp,credit
113995,00-99,AEROMEXICO (AM),MX,uatp,credit
113996,00-99,AEROMEXICO (AM),MX,uatp,credit
113997,00-99,AEROMEXICO (AM),MX,uatp,credit
113998,00-99,AEROMEXICO (AM),MX,uatp,credit
113999,00-99,AEROMEXICO (AM),MX,uatp,credit
114001,00-99,CANTREX - TDFS,CA,private label,debit
114002,00-99,CANTREX - TDFS,CA,private label,debit
114003,00-99,CANTREX - TDFS,CA,private label,debit
114004,00-99,CANTREX - TDFS,CA,private label,debit
114005,00-99,CANTREX - TDFS,CA,private label,debit
114006,00-99,CANTREX - TDFS,CA,private label,debit
114007,00-99,CANTREX - TDFS,CA,private label,debit
114008,00-99,CANTREX - TDFS,CA,private label,debit
114009,00-99,CANTREX - TDFS,CA,private label,debit
114010,00-99,CANTREX - TDFS,CA,private label,debit
114011,00-99,CANTREX - TDFS,CA,private label,debit
114012,00-99,CANTREX - TDFS,CA,private label,debit
114013,00-99,CANTREX - TDFS,CA,private label,debit
114014,00-99,CANTREX - TDFS,CA,private label,debit
114015,00-99,CANTREX - TDFS,CA,private label,debit
114016,00-99,CANTREX - TDFS,CA,private label,debit
114017,00-99,CANTREX - TDFS,CA,private label,debit
114018,00-99,CANTREX - TDFS,CA,private label,debit
114019,00-99,CANTREX - TDFS,CA,private label,debit
114020,00-99,CANTREX - TDFS,CA,private label,debit
114021,00-99,CANTREX - TDFS,CA,private label,debit
114022,00-99,CANTREX - TDFS,CA,private label,debit
114023,00-99,CANTREX - TDFS,CA,private label,debit
114024,00-99,CANTREX - TDFS,CA,private label,debit
114025,00-99,CANTREX - TDFS,CA,private label,debit
114026,00-99,CANTREX - TDFS,CA,private label,debit
114027,00-99,CANTREX - TDFS,CA,private label,debit
114028,00-99,CANTREX - TDFS,CA,private label,debit
114029,00-99,CANTREX - TDFS,CA,private label,debit
114030,00-99,CANTREX - TDFS,CA,private label,debit
114031,00-99,CANTREX - TDFS,CA,private label,debit
114032,00-99,CANTREX - TDFS,CA,private label,debit
114033,00-99,CANTREX - TDFS,CA,private label,debit
114034,00-99,CANTREX - TDFS,CA,private label,debit
114035,00-99,CANTREX - TDFS,CA,private label,debit
114036,00-99,CANTREX - TDFS,CA,private label,debit
114037,00-99,CANTREX - TDFS,CA,private label,debit
114038,00-99,CANTREX - TDFS,CA,private label,debit
114039,00-99,CANTREX - TDFS,CA,private label,debit
114040,00-99,CANTREX - TDFS,CA,private label,debit
114041,00-99,CANTREX - TDFS,CA,private label,debit
114042,00-99,CANTREX - TDFS,CA,private label,debit
114043,00-99,CANTREX - TDFS,CA,private label,debit
114044,00-99,CANTREX - TDFS,CA,private label,debit
114045,00-99,CANTREX - TDFS,CA,private label,debit
114046,00-99,CANTREX - TDFS,CA,private label,debit
114047,00-99,CANTREX - TDFS,CA,private label,debit
114048,00-99,CANTREX - TDFS,CA,private label,debit
114049,00-99,CANTREX - TDFS,CA,private label,debit
114050,00-99,CANTREX - TDFS,CA,private label,debit
114051,00-99,CANTREX - TDFS,CA,private label,debit
114052,00-99,CANTREX - TDFS,CA,private label,debit
114053,00-99,CANTREX - TDFS,CA,private label,debit
114054,00-99,CANTREX - TDFS,CA,private label,debit
114055,00-99,CANTREX - TDFS,CA,private label,debit
114056,00-99,CANTREX - TDFS,CA,private label,debit
114057,00-99,CANTREX - TDFS,CA,private label,debit
114058,00-99,CANTREX - TDFS,CA,private label,debit
114059,00-99,CANTREX - TDFS,CA,private label,debit
114060,00-99,CANTREX - TDFS,CA,private label,debit
114061,00-99,CANTREX - TDFS,CA,private label,debit
114062,00-99,CANTREX - TDFS,CA,private label,debit
114063,00-99,CANTREX - TDFS,CA,private label,debit
114064,00-99,CANTREX - TDFS,CA,private label,debit
114065,00-99,CANTREX - TDFS,CA,private label,debit
114066,00-99,CANTREX - TDFS,CA,private label,debit
114067,00-99,CANTREX - TDFS,CA,private label,debit
114068,00-99,CANTREX - TDFS,CA,private label,debit
114069,00-99,CANTREX - TDFS,CA,private label,debit
114070,00-99,CANTREX - TDFS,CA,private label,debit
114071,00-99,CANTREX - TDFS,CA,private label,debit
114072,00-99,CANTREX - TDFS,CA,private label,debit
114073,00-99,CANTREX - TDFS,CA,private label,debit
114074,00-99,CANTREX - TDFS,CA,private label,debit
114075,00-99,CANTREX - TDFS,CA,private label,debit
114076,00-99,CANTREX - TDFS,CA,private label,debit
114077,00-99,CANTREX - TDFS,CA,private label,debit
114078,00-99,CANTREX - TDFS,CA,private label,debit
114079,00-99,CANTREX - TDFS,CA,private label,debit
114080,00-99,CANTREX - TDFS,CA,private label,debit
114081,00-99,CANTREX - TDFS,CA,private label,debit
114082,00-99,CANTREX - TDFS,CA,private label,debit
114083,00-99,CANTREX - TDFS,CA,private label,debit
114084,00-99,CANTREX - TDFS,CA,private label,debit
114085,00-99,CANTREX - TDFS,CA,private label,debit
114086,00-99,CANTREX - TDFS,CA,private label,debit
114087,00-99,CANTREX - TDFS,CA,private label,debit
114088,00-99,CANTREX - TDFS,CA,private label,debit
114089,00-99,CANTREX - TDFS,CA,private label,debit
114090,00-99,CANTREX - TDFS,CA,private label,debit
114091,00-99,CANTREX - TDFS,CA,private label,debit
114092,00-99,CANTREX - TDFS,CA,private label,debit
114093,00-99,CANTREX - TDFS,CA,private label,debit
114094,00-99,CANTREX - TDFS,CA,private label,debit
114095,00-99,CANTREX - TDFS,CA,private label,debit
114096,00-99,CANTREX - TDFS,CA,private label,debit
114097,00-99,CANTREX - TDFS,CA,private label,debit
114098,00-99,CANTREX - TDFS,CA,private label,debit
114099,00-99,CANTREX - TDFS,CA,private label,debit
114100,00-99,CANTREX - TDFS,CA,private label,debit
114101,00-99,CANTREX - TDFS,CA,private label,debit
114102,00-99,CANTREX - TDFS,CA,private label,debit
114103,00-99,CANTREX - TDFS,CA,private label,debit
114104,00-99,CANTREX - TDFS,CA,private label,debit
114105,00-99,CANTREX - TDFS,CA,private label,debit
114106,00-99,CANTREX - TDFS,CA,private label,debit
114107,00-99,CANTREX - TDFS,CA,private label,debit
114108,00-99,CANTREX - TDFS,CA,private label,debit
114109,00-99,CANTREX - TDFS,CA,private label,debit
114110,00-99,CANTREX - TDFS,CA,private label,debit
114111,00-99,CANTREX - TDFS,CA,private label,debit
114112,00-99,CANTREX - TDFS,CA,private label,debit
114113,00-99,CANTREX - TDFS,CA,private label,debit
114114,00-99,CANTREX - TDFS,CA,private label,debit
114115,00-99,CANTREX - TDFS,CA,private label,debit
114116,00-99,CANTREX - TDFS,CA,private label,debit
114117,00-99,CANTREX - TDFS,CA,private label,debit
114118,00-99,CANTREX - TDFS,CA,private label,debit
114119,00-99,CANTREX - TDFS,CA,private label,debit
114120,00-99,CANTREX - TDFS,CA,private label,debit
114121,00-99,CANTREX - TDFS,CA,private label,debit
114122,00-99,CANTREX - TDFS,CA,private label,debit
114123,00-99,CANTREX - TDFS,CA,private label,debit
114124,00-99,CANTREX - TDFS,CA,private label,debit
114125,00-99,CANTREX - TDFS,CA,private label,debit
114126,00-99,CANTREX - TDFS,CA,private label,debit
114127,00-99,CANTREX - TDFS,CA,private label,debit
114128,00-99,CANTREX - TDFS,CA,private label,debit
114129,00-99,CANTREX - TDFS,CA,private label,debit
114130,00-99,CANTREX - TDFS,CA,private label,debit
114131,00-99,CANTREX - TDFS,CA,private label,debit
114132,00-99,CANTREX - TDFS,CA,private label,debit
114133,00-99,CANTREX - TDFS,CA,private label,debit
114134,00-99,CANTREX - TDFS,CA,private label,debit
114135,00-99,CANTREX - TDFS,CA,private label,debit
114136,00-99,CANTREX - TDFS,CA,private label,debit
114137,00-99,CANTREX - TDFS,CA,private label,debit
114138,00-99,CANTREX - TDFS,CA,private label,debit
114139,00-99,CANTREX - TDFS,CA,private label,debit
114140,00-99,CANTREX - TDFS,CA,private label,debit
114141,00-99,CANTREX - TDFS,CA,private label,debit
114142,00-99,CANTREX - TDFS,CA,private label,debit
114143,00-99,CANTREX - TDFS,CA,private label,debit
114144,00-99,CANTREX - TDFS,CA,private label,debit
114145,00-99,CANTREX - TDFS,CA,private label,debit
114146,00-99,CANTREX - TDFS,CA,private label,debit
114147,00-99,CANTREX - TDFS,CA,private label,debit
114148,00-99,CANTREX - TDFS,CA,private label,debit
114149,00-99,CANTREX - TDFS,CA,private label,debit
114150,00-99,CANTREX - TDFS,CA,private label,debit
114151,00-99,CANTREX - TDFS,CA,private label,debit
114152,00-99,CANTREX - TDFS,CA,private label,debit
114153,00-99,CANTREX - TDFS,CA,private label,debit
114154,00-99,CANTREX - TDFS,CA,private label,debit
114155,00-99,CANTREX - TDFS,CA,private label,debit
114156,00-99,CANTREX - TDFS,CA,private label,debit
114157,00-99,CANTREX - TDFS,CA,private label,debit
114158,00-99,CANTREX - TDFS,CA,private label,debit
114159,00-99,CANTREX - TDFS,CA,private label,debit
114160,00-99,CANTREX - TDFS,CA,private label,debit
114161,00-99,CANTREX - TDFS,CA,private label,debit
114162,00-99,CANTREX - TDFS,CA,private label,debit
114163,00-99,CANTREX - TDFS,CA,private label,debit
114164,00-99,CANTREX - TDFS,CA,private label,debit
114165,00-99,CANTREX - TDFS,CA,private label,debit
114166,00-99,CANTREX - TDFS,CA,private label,debit
114167,00-99,CANTREX - TDFS,CA,private label,debit
114168,00-99,CANTREX - TDFS,CA,private label,debit
114169,00-99,CANTREX - TDFS,CA,private label,debit
114170,00-99,CANTREX - TDFS,CA,private label,debit
114171,00-99,CANTREX - TDFS,CA,private label,debit
114172,00-99,CANTREX - TDFS,CA,private label,debit
114173,00-99,CANTREX - TDFS,CA,private label,debit
114174,00-99,CANTREX - TDFS,CA,private label,debit
114175,00-99,CANTREX - TDFS,CA,private label,debit
114176,00-99,CANTREX - TDFS,CA,private label,debit
114177,00-99,CANTREX - TDFS,CA,private label,debit
114178,00-99,CANTREX - TDFS,CA,private label,debit
114179,00-99,CANTREX - TDFS,CA,private label,debit
114180,00-99,CANTREX - TDFS,CA,private label,debit
114181,00-99,CANTREX - TDFS,CA,private label,debit
114182,00-99,CANTREX - TDFS,CA,private label,debit
114183,00-99,CANTREX - TDFS,CA,private label,debit
114184,00-99,CANTREX - TDFS,CA,private label,debit
114185,00-99,CANTREX - TDFS,CA,private label,debit
114186,00-99,CANTREX - TDFS,CA,private label,debit
114187,00-99,CANTREX - TDFS,CA,private label,debit
114188,00-99,CANTREX - TDFS,CA,private label,debit
114189,00-99,CANTREX - TDFS,CA,private label,debit
114190,00-99,CANTREX - TDFS,CA,private label,debit
114191,00-99,CANTREX - TDFS,CA,private label,debit
114192,00-99,CANTREX - TDFS,CA,private label,debit
114193,00-99,CANTREX - TDFS,CA,private label,debit
114194,00-99,CANTREX - TDFS,CA,private label,debit
114195,00-99,CANTREX - TDFS,CA,private label,debit
114196,00-99,CANTREX - TDFS,CA,private label,debit
114197,00-99,CANTREX - TDFS,CA,private label,debit
114198,00-99,CANTREX - TDFS,CA,private label,debit
114199,00-99,CANTREX - TDFS,CA,private label,debit
114200,00-99,CANTREX - TDFS,CA,private label,debit
114201,00-99,CANTREX - TDFS,CA,private label,debit
114202,00-99,CANTREX - TDFS,CA,private label,debit
114203,00-99,CANTREX - TDFS,CA,private label,debit
114204,00-99,CANTREX - TDFS,CA,private label,debit
114205,00-99,CANTREX - TDFS,CA,private label,debit
114206,00-99,CANTREX - TDFS,CA,private label,debit
114207,00-99,CANTREX - TDFS,CA,private label,debit
114208,00-99,CANTREX - TDFS,CA,private label,debit
114209,00-99,CANTREX - TDFS,CA,private label,debit
114210,00-99,CANTREX - TDFS,CA,private label,debit
114211,00-99,CANTREX - TDFS,CA,private label,debit
114212,00-99,CANTREX - TDFS,CA,private label,debit
114213,00-99,CANTREX - TDFS,CA,private label,debit
114214,00-99,CANTREX - TDFS,CA,private label,debit
114215,00-99,CANTREX - TDFS,CA,private label,debit
114216,00-99,CANTREX - TDFS,CA,private label,debit
114217,00-99,CANTREX - TDFS,CA,private label,debit
114218,00-99,CANTREX - TDFS,CA,private label,debit
114219,00-99,CANTREX - TDFS,CA,private label,debit
114220,00-99,CANTREX - TDFS,CA,private label,debit
114221,00-99,CANTREX - TDFS,CA,private label,debit
114222,00-99,CANTREX - TDFS,CA,private label,debit
114223,00-99,CANTREX - TDFS,CA,private label,debit
114224,00-99,CANTREX - TDFS,CA,private label,debit
114225,00-99,CANTREX - TDFS,CA,private label,debit
114226,00-99,CANTREX - TDFS,CA,private label,debit
114227,00-99,CANTREX - TDFS,CA,private label,debit
114228,00-99,CANTREX - TDFS,CA,private label,debit
114229,00-99,CANTREX - TDFS,CA,private label,debit
114230,00-99,CANTREX - TDFS,CA,private label,debit
114231,00-99,CANTREX - TDFS,CA,private label,debit
114232,00-99,CANTREX - TDFS,CA,private label,debit
114233,00-99,CANTREX - TDFS,CA,private label,debit
114234,00-99,CANTREX - TDFS,CA,private label,debit
114235,00-99,CANTREX - TDFS,CA,private label,debit
114236,00-99,CANTREX - TDFS,CA,private label,debit
114237,00-99,CANTREX - TDFS,CA,private label,debit
114238,00-99,CANTREX - TDFS,CA,private label,debit
114239,00-99,CANTREX - TDFS,CA,private label,debit
114240,00-99,CANTREX - TDFS,CA,private label,debit
114241,00-99,CANTREX - TDFS,CA,private label,debit
114242,00-99,CANTREX - TDFS,CA,private label,debit
114243,00-99,CANTREX - TDFS,CA,private label,debit
114244,00-99,CANTREX - TDFS,CA,private label,debit
114245,00-99,CANTREX - TDFS,CA,private label,debit
114246,00-99,CANTREX - TDFS,CA,private label,debit
114247,00-99,CANTREX - TDFS,CA,private label,debit
114248,00-99,CANTREX - TDFS,CA,private label,debit
114249,00-99,CANTREX - TDFS,CA,private label,debit
114250,00-99,CANTREX - TDFS,CA,private label,debit
114251,00-99,CANTREX - TDFS,CA,private label,debit
114252,00-99,CANTREX - TDFS,CA,private label,debit
114253,00-99,CANTREX - TDFS,CA,private label,debit
114254,00-99,CANTREX - TDFS,CA,private label,debit
114255,00-99,CANTREX - TDFS,CA,private label,debit
114256,00-99,CANTREX - TDFS,CA,private label,debit
114257,00-99,CANTREX - TDFS,CA,private label,debit
114258,00-99,CANTREX - TDFS,CA,private label,debit
114259,00-99,CANTREX - TDFS,CA,private label,debit
114260,00-99,CANTREX - TDFS,CA,private label,debit
114261,00-99,CANTREX - TDFS,CA,private label,debit
114262,00-99,CANTREX - TDFS,CA,private label,debit
114263,00-99,CANTREX - TDFS,CA,private label,debit
114264,00-99,CANTREX - TDFS,CA,private label,debit
114265,00-99,CANTREX - TDFS,CA,private label,debit
114266,00-99,CANTREX - TDFS,CA,private label,debit
114267,00-99,CANTREX - TDFS,CA,private label,debit
114268,00-99,CANTREX - TDFS,CA,private label,debit
114269,00-99,CANTREX - TDFS,CA,private label,debit
114270,00-99,CANTREX - TDFS,CA,private label,debit
114271,00-99,CANTREX - TDFS,CA,private label,debit
114272,00-99,CANTREX - TDFS,CA,private label,debit
114273,00-99,CANTREX - TDFS,CA,private label,debit
114274,00-99,CANTREX - TDFS,CA,private label,debit
114275,00-99,CANTREX - TDFS,CA,private label,debit
114276,00-99,CANTREX - TDFS,CA,private label,debit
114277,00-99,CANTREX - TDFS,CA,private label,debit
114278,00-99,CANTREX - TDFS,CA,private label,debit
114279,00-99,CANTREX - TDFS,CA,private label,debit
114280,00-99,CANTREX - TDFS,CA,private label,debit
114281,00-99,CANTREX - TDFS,CA,private label,debit
114282,00-99,CANTREX - TDFS,CA,private label,debit
114283,00-99,CANTREX - TDFS,CA,private label,debit
114284,00-99,CANTREX - TDFS,CA,private label,debit
114285,00-99,CANTREX - TDFS,CA,private label,debit
114286,00-99,CANTREX - TDFS,CA,private label,debit
114287,00-99,CANTREX - TDFS,CA,private label,debit
114288,00-99,CANTREX - TDFS,CA,private label,debit
114289,00-99,CANTREX - TDFS,CA,private label,debit
114290,00-99,CANTREX - TDFS,CA,private label,debit
114291,00-99,CANTREX - TDFS,CA,private label,debit
114292,00-99,CANTREX - TDFS,CA,private label,debit
114293,00-99,CANTREX - TDFS,CA,private label,debit
114294,00-99,CANTREX - TDFS,CA,private label,debit
114295,00-99,CANTREX - TDFS,CA,private label,debit
114296,00-99,CANTREX - TDFS,CA,private label,debit
114297,00-99,CANTREX - TDFS,CA,private label,debit
114298,00-99,CANTREX - TDFS,CA,private label,debit
114299,00-99,CANTREX - TDFS,CA,private label,debit
114300,00-99,CANTREX - TDFS,CA,private label,debit
114301,00-99,CANTREX - TDFS,CA,private label,debit
114302,00-99,CANTREX - TDFS,CA,private label,debit
114303,00-99,CANTREX - TDFS,CA,private label,debit
114304,00-99,CANTREX - TDFS,CA,private label,debit
114305,00-99,CANTREX - TDFS,CA,private label,debit
114306,00-99,CANTREX - TDFS,CA,private label,debit
114307,00-99,CANTREX - TDFS,CA,private label,debit
114308,00-99,CANTREX - TDFS,CA,private label,debit
114309,00-99,CANTREX - TDFS,CA,private label,debit
114310,00-99,CANTREX - TDFS,CA,private label,debit
114311,00-99,CANTREX - TDFS,CA,private label,debit
114312,00-99,CANTREX - TDFS,CA,private label,debit
114313,00-99,CANTREX - TDFS,CA,private label,debit
114314,00-99,CANTREX - TDFS,CA,private label,debit
114315,00-99,CANTREX - TDFS,CA,private label,debit
114316,00-99,CANTREX - TDFS,CA,private label,debit
114317,00-99,CANTREX - TDFS,CA,private label,debit
114318,00-99,CANTREX - TDFS,CA,private label,debit
114319,00-99,CANTREX - TDFS,CA,private label,debit
114320,00-99,CANTREX - TDFS,CA,private label,debit
114321,00-99,CANTREX - TDFS,CA,private label,debit
114322,00-99,CANTREX - TDFS,CA,private label,debit
114323,00-99,CANTREX - TDFS,CA,private label,debit
114324,00-99,CANTREX - TDFS,CA,private label,debit
114325,00-99,CANTREX - TDFS,CA,private label,debit
114326,00-99,CANTREX - TDFS,CA,private label,debit
114327,00-99,CANTREX - TDFS,CA,private label,debit
114328,00-99,CANTREX - TDFS,CA,private label,debit
114329,00-99,CANTREX - TDFS,CA,private label,debit
114330,00-99,CANTREX - TDFS,CA,private label,debit
114331,00-99,CANTREX - TDFS,CA,private label,debit
114332,00-99,CANTREX - TDFS,CA,private label,debit
114333,00-99,CANTREX - TDFS,CA,private label,debit
114334,00-99,CANTREX - TDFS,CA,private label,debit
114335,00-99,CANTREX - TDFS,CA,private label,debit
114336,00-99,CANTREX - TDFS,CA,private label,debit
114337,00-99,CANTREX - TDFS,CA,private label,debit
114338,00-99,CANTREX - TDFS,CA,private label,debit
114339,00-99,CANTREX - TDFS,CA,private label,debit
114340,00-99,CANTREX - TDFS,CA,private label,debit
114341,00-99,CANTREX - TDFS,CA,private label,debit
114342,00-99,CANTREX - TDFS,CA,private label,debit
114343,00-99,CANTREX - TDFS,CA,private label,debit
114344,00-99,CANTREX - TDFS,CA,private label,debit
114345,00-99,CANTREX - TDFS,CA,private label,debit
114346,00-99,CANTREX - TDFS,CA,private label,debit
114347,00-99,CANTREX - TDFS,CA,private label,debit
114348,00-99,CANTREX - TDFS,CA,private label,debit
114349,00-99,CANTREX - TDFS,CA,private label,debit
114350,00-99,CANTREX - TDFS,CA,private label,debit
114351,00-99,CANTREX - TDFS,CA,private label,debit
114352,00-99,CANTREX - TDFS,CA,private label,debit
114353,00-99,CANTREX - TDFS,CA,private label,debit
114354,00-99,CANTREX - TDFS,CA,private label,debit
114355,00-99,CANTREX - TDFS,CA,private label,debit
114356,00-99,CANTREX - TDFS,CA,private label,debit
114357,00-99,CANTREX - TDFS,CA,private label,debit
114358,00-99,CANTREX - TDFS,CA,private label,debit
114359,00-99,CANTREX - TDFS,CA,private label,debit
114360,00-99,CANTREX - TDFS,CA,private label,debit
114361,00-99,CANTREX - TDFS,CA,private label,debit
114362,00-99,CANTREX - TDFS,CA,private label,debit
114363,00-99,CANTREX - TDFS,CA,private label,debit
114364,00-99,CANTREX - TDFS,CA,private label,debit
114365,00-99,CANTREX - TDFS,CA,private label,debit
114366,00-99,CANTREX - TDFS,CA,private label,debit
114367,00-99,CANTREX - TDFS,CA,private label,debit
114368,00-99,CANTREX - TDFS,CA,private label,debit
114369,00-99,CANTREX - TDFS,CA,private label,debit
114370,00-99,CANTREX - TDFS,CA,private label,debit
114371,00-99,CANTREX - TDFS,CA,private label,debit
114372,00-99,CANTREX - TDFS,CA,private label,debit
114373,00-99,CANTREX - TDFS,CA,private label,debit
114374,00-99,CANTREX - TDFS,CA,private label,debit
114375,00-99,CANTREX - TDFS,CA,private label,debit
114376,00-99,CANTREX - TDFS,CA,private label,debit
114377,00-99,CANTREX - TDFS,CA,private label,debit
114378,00-99,CANTREX - TDFS,CA,private label,debit
114379,00-99,CANTREX - TDFS,CA,private label,debit
114380,00-99,CANTREX - TDFS,CA,private label,debit
114381,00-99,CANTREX - TDFS,CA,private label,debit
114382,00-99,CANTREX - TDFS,CA,private label,debit
114383,00-99,CANTREX - TDFS,CA,private label,debit
114384,00-99,CANTREX - TDFS,CA,private label,debit
114385,00-99,CANTREX - TDFS,CA,private label,debit
114386,00-99,CANTREX - TDFS,CA,private label,debit
114387,00-99,CANTREX - TDFS,CA,private label,debit
114388,00-99,CANTREX - TDFS,CA,private label,debit
114389,00-99,CANTREX - TDFS,CA,private label,debit
114390,00-99,CANTREX - TDFS,CA,private label,debit
114391,00-99,CANTREX - TDFS,CA,private label,debit
114392,00-99,CANTREX - TDFS,CA,private label,debit
114393,00-99,CANTREX - TDFS,CA,private label,debit
114394,00-99,CANTREX - TDFS,CA,private label,debit
114395,00-99,CANTREX - TDFS,CA,private label,debit
114396,00-99,CANTREX - TDFS,CA,private label,debit
114397,00-99,CANTREX - TDFS,CA,private label,debit
114398,00-99,CANTREX - TDFS,CA,private label,debit
114399,00-99,CANTREX - TDFS,CA,private label,debit
114400,00-99,CANTREX - TDFS,CA,private label,debit
114401,00-99,CANTREX - TDFS,CA,private label,debit
114402,00-99,CANTREX - TDFS,CA,private label,debit
114403,00-99,CANTREX - TDFS,CA,private label,debit
114404,00-99,CANTREX - TDFS,CA,private label,debit
114405,00-99,CANTREX - TDFS,CA,private label,debit
114406,00-99,CANTREX - TDFS,CA,private label,debit
114407,00-99,CANTREX - TDFS,CA,private label,debit
114408,00-99,CANTREX - TDFS,CA,private label,debit
114409,00-99,CANTREX - TDFS,CA,private label,debit
114410,00-99,CANTREX - TDFS,CA,private label,debit
114411,00-99,CANTREX - TDFS,CA,private label,debit
114412,00-99,CANTREX - TDFS,CA,private label,debit
114413,00-99,CANTREX - TDFS,CA,private label,debit
114414,00-99,CANTREX - TDFS,CA,private label,debit
114415,00-99,CANTREX - TDFS,CA,private label,debit
114416,00-99,CANTREX - TDFS,CA,private label,debit
114417,00-99,CANTREX - TDFS,CA,private label,debit
114418,00-99,CANTREX - TDFS,CA,private label,debit
114419,00-99,CANTREX - TDFS,CA,private label,debit
114420,00-99,CANTREX - TDFS,CA,private label,debit
114421,00-99,CANTREX - TDFS,CA,private label,debit
114422,00-99,CANTREX - TDFS,CA,private label,debit
114423,00-99,CANTREX - TDFS,CA,private label,debit
114424,00-99,CANTREX - TDFS,CA,private label,debit
114425,00-99,CANTREX - TDFS,CA,private label,debit
114426,00-99,CANTREX - TDFS,CA,private label,debit
114427,00-99,CANTREX - TDFS,CA,private label,debit
114428,00-99,CANTREX - TDFS,CA,private label,debit
114429,00-99,CANTREX - TDFS,CA,private label,debit
114430,00-99,CANTREX - TDFS,CA,private label,debit
114431,00-99,CANTREX - TDFS,CA,private label,debit
114432,00-99,CANTREX - TDFS,CA,private label,debit
114433,00-99,CANTREX - TDFS,CA,private label,debit
114434,00-99,CANTREX - TDFS,CA,private label,debit
114435,00-99,CANTREX - TDFS,CA,private label,debit
114436,00-99,CANTREX - TDFS,CA,private label,debit
114437,00-99,CANTREX - TDFS,CA,private label,debit
114438,00-99,CANTREX - TDFS,CA,private label,debit
114439,00-99,CANTREX - TDFS,CA,private label,debit
114440,00-99,CANTREX - TDFS,CA,private label,debit
114441,00-99,CANTREX - TDFS,CA,private label,debit
114442,00-99,CANTREX - TDFS,CA,private label,debit
114443,00-99,CANTREX - TDFS,CA,private label,debit
114444,00-99,CANTREX - TDFS,CA,private label,debit
114445,00-99,CANTREX - TDFS,CA,private label,debit
114446,00-99,CANTREX - TDFS,CA,private label,debit
114447,00-99,CANTREX - TDFS,CA,private label,debit
114448,00-99,CANTREX - TDFS,CA,private label,debit
114449,00-99,CANTREX - TDFS,CA,private label,debit
114450,00-99,CANTREX - TDFS,CA,private label,debit
114451,00-99,CANTREX - TDFS,CA,private label,debit
114452,00-99,CANTREX - TDFS,CA,private label,debit
114453,00-99,CANTREX - TDFS,CA,private label,debit
114454,00-99,CANTREX - TDFS,CA,private label,debit
114455,00-99,CANTREX - TDFS,CA,private label,debit
114456,00-99,CANTREX - TDFS,CA,private label,debit
114457,00-99,CANTREX - TDFS,CA,private label,debit
114458,00-99,CANTREX - TDFS,CA,private label,debit
114459,00-99,CANTREX - TDFS,CA,private label,debit
114460,00-99,CANTREX - TDFS,CA,private label,debit
114461,00-99,CANTREX - TDFS,CA,private label,debit
114462,00-99,CANTREX - TDFS,CA,private label,debit
114463,00-99,CANTREX - TDFS,CA,private label,debit
114464,00-99,CANTREX - TDFS,CA,private label,debit
114465,00-99,CANTREX - TDFS,CA,private label,debit
114466,00-99,CANTREX - TDFS,CA,private label,debit
114467,00-99,CANTREX - TDFS,CA,private label,debit
114468,00-99,CANTREX - TDFS,CA,private label,debit
114469,00-99,CANTREX - TDFS,CA,private label,debit
114470,00-99,CANTREX - TDFS,CA,private label,debit
114471,00-99,CANTREX - TDFS,CA,private label,debit
114472,00-99,CANTREX - TDFS,CA,private label,debit
114473,00-99,CANTREX - TDFS,CA,private label,debit
114474,00-99,CANTREX - TDFS,CA,private label,debit
114475,00-99,CANTREX - TDFS,CA,private label,debit
114476,00-99,CANTREX - TDFS,CA,private label,debit
114477,00-99,CANTREX - TDFS,CA,private label,debit
114478,00-99,CANTREX - TDFS,CA,private label,debit
114479,00-99,CANTREX - TDFS,CA,private label,debit
114480,00-99,CANTREX - TDFS,CA,private label,debit
114481,00-99,CANTREX - TDFS,CA,private label,debit
114482,00-99,CANTREX - TDFS,CA,private label,debit
114483,00-99,CANTREX - TDFS,CA,private label,debit
114484,00-99,CANTREX - TDFS,CA,private label,debit
114485,00-99,CANTREX - TDFS,CA,private label,debit
114486,00-99,CANTREX - TDFS,CA,private label,debit
114487,00-99,CANTREX - TDFS,CA,private label,debit
114488,00-99,CANTREX - TDFS,CA,private label,debit
114489,00-99,CANTREX - TDFS,CA,private label,debit
114490,00-99,CANTREX - TDFS,CA,private label,debit
114491,00-99,CANTREX - TDFS,CA,private label,debit
114492,00-99,CANTREX - TDFS,CA,private label,debit
114493,00-99,CANTREX - TDFS,CA,private label,debit
114494,00-99,CANTREX - TDFS,CA,private label,debit
114495,00-99,CANTREX - TDFS,CA,private label,debit
114496,00-99,CANTREX - TDFS,CA,private label,debit
114497,00-99,CANTREX - TDFS,CA,private label,debit
114498,00-99,CANTREX - TDFS,CA,private label,debit
114499,00-99,CANTREX - TDFS,CA,private label,debit
114500,00-99,CANTREX - TDFS,CA,private label,debit
114501,00-99,CANTREX - TDFS,CA,private label,debit
114502,00-99,CANTREX - TDFS,CA,private label,debit
114503,00-99,CANTREX - TDFS,CA,private label,debit
114504,00-99,CANTREX - TDFS,CA,private label,debit
114505,00-99,CANTREX - TDFS,CA,private label,debit
114506,00-99,CANTREX - TDFS,CA,private label,debit
114507,00-99,CANTREX - TDFS,CA,private label,debit
114508,00-99,CANTREX - TDFS,CA,private label,debit
114509,00-99,CANTREX - TDFS,CA,private label,debit
114510,00-99,CANTREX - TDFS,CA,private label,debit
114511,00-99,CANTREX - TDFS,CA,private label,debit
114512,00-99,CANTREX - TDFS,CA,private label,debit
114513,00-99,CANTREX - TDFS,CA,private label,debit
114514,00-99,CANTREX - TDFS,CA,private label,debit
114515,00-99,CANTREX - TDFS,CA,private label,debit
114516,00-99,CANTREX - TDFS,CA,private label,debit
114517,00-99,CANTREX - TDFS,CA,private label,debit
114518,00-99,CANTREX - TDFS,CA,private label,debit
114519,00-99,CANTREX - TDFS,CA,private label,debit
114520,00-99,CANTREX - TDFS,CA,private label,debit
114521,00-99,CANTREX - TDFS,CA,private label,debit
114522,00-99,CANTREX - TDFS,CA,private label,debit
114523,00-99,CANTREX - TDFS,CA,private label,debit
114524,00-99,CANTREX - TDFS,CA,private label,debit
114525,00-99,CANTREX - TDFS,CA,private label,debit
114526,00-99,CANTREX - TDFS,CA,private label,debit
114527,00-99,CANTREX - TDFS,CA,private label,debit
114528,00-99,CANTREX - TDFS,CA,private label,debit
114529,00-99,CANTREX - TDFS,CA,private label,debit
114530,00-99,CANTREX - TDFS,CA,private label,debit
114531,00-99,CANTREX - TDFS,CA,private label,debit
114532,00-99,CANTREX - TDFS,CA,private label,debit
114533,00-99,CANTREX - TDFS,CA,private label,debit
114534,00-99,CANTREX - TDFS,CA,private label,debit
114535,00-99,CANTREX - TDFS,CA,private label,debit
114536,00-99,CANTREX - TDFS,CA,private label,debit
114537,00-99,CANTREX - TDFS,CA,private label,debit
114538,00-99,CANTREX - TDFS,CA,private label,debit
114539,00-99,CANTREX - TDFS,CA,private label,debit
114540,00-99,CANTREX - TDFS,CA,private label,debit
114541,00-99,CANTREX - TDFS,CA,private label,debit
114542,00-99,CANTREX - TDFS,CA,private label,debit
114543,00-99,CANTREX - TDFS,CA,private label,debit
114544,00-99,CANTREX - TDFS,CA,private label,debit
114545,00-99,CANTREX - TDFS,CA,private label,debit
114546,00-99,CANTREX - TDFS,CA,private label,debit
114547,00-99,CANTREX - TDFS,CA,private label,debit
114548,00-99,CANTREX - TDFS,CA,private label,debit
114549,00-99,CANTREX - TDFS,CA,private label,debit
114550,00-99,CANTREX - TDFS,CA,private label,debit
114551,00-99,CANTREX - TDFS,CA,private label,debit
114552,00-99,CANTREX - TDFS,CA,private label,debit
114553,00-99,CANTREX - TDFS,CA,private label,debit
114554,00-99,CANTREX - TDFS,CA,private label,debit
114555,00-99,CANTREX - TDFS,CA,private label,debit
114556,00-99,CANTREX - TDFS,CA,private label,debit
114557,00-99,CANTREX - TDFS,CA,private label,debit
114558,00-99,CANTREX - TDFS,CA,private label,debit
114559,00-99,CANTREX - TDFS,CA,private label,debit
114560,00-99,CANTREX - TDFS,CA,private label,debit
114561,00-99,CANTREX - TDFS,CA,private label,debit
114562,00-99,CANTREX - TDFS,CA,private label,debit
114563,00-99,CANTREX - TDFS,CA,private label,debit
114564,00-99,CANTREX - TDFS,CA,private label,debit
114565,00-99,CANTREX - TDFS,CA,private label,debit
114566,00-99,CANTREX - TDFS,CA,private label,debit
114567,00-99,CANTREX - TDFS,CA,private label,debit
114568,00-99,CANTREX - TDFS,CA,private label,debit
114569,00-99,CANTREX - TDFS,CA,private label,debit
114570,00-99,CANTREX - TDFS,CA,private label,debit
114571,00-99,CANTREX - TDFS,CA,private label,debit
114572,00-99,CANTREX - TDFS,CA,private label,debit
114573,00-99,CANTREX - TDFS,CA,private label,debit
114574,00-99,CANTREX - TDFS,CA,private label,debit
114575,00-99,CANTREX - TDFS,CA,private label,debit
114576,00-99,CANTREX - TDFS,CA,private label,debit
114577,00-99,CANTREX - TDFS,CA,private label,debit
114578,00-99,CANTREX - TDFS,CA,private label,debit
114579,00-99,CANTREX - TDFS,CA,private label,debit
114580,00-99,CANTREX - TDFS,CA,private label,debit
114581,00-99,CANTREX - TDFS,CA,private label,debit
114582,00-99,CANTREX - TDFS,CA,private label,debit
114583,00-99,CANTREX - TDFS,CA,private label,debit
114584,00-99,CANTREX - TDFS,CA,private label,debit
114585,00-99,CANTREX - TDFS,CA,private label,debit
114586,00-99,CANTREX - TDFS,CA,private label,debit
114587,00-99,CANTREX - TDFS,CA,private label,debit
114588,00-99,CANTREX - TDFS,CA,private label,debit
114589,00-99,CANTREX - TDFS,CA,private label,debit
114590,00-99,CANTREX - TDFS,CA,private label,debit
114591,00-99,CANTREX - TDFS,CA,private label,debit
114592,00-99,CANTREX - TDFS,CA,private label,debit
114593,00-99,CANTREX - TDFS,CA,private label,debit
114594,00-99,CANTREX - TDFS,CA,private label,debit
114595,00-99,CANTREX - TDFS,CA,private label,debit
114596,00-99,CANTREX - TDFS,CA,private label,debit
114597,00-99,CANTREX - TDFS,CA,private label,debit
114598,00-99,CANTREX - TDFS,CA,private label,debit
114599,00-99,CANTREX - TDFS,CA,private label,debit
114600,00-99,CANTREX - TDFS,CA,private label,debit
114601,00-99,CANTREX - TDFS,CA,private label,debit
114602,00-99,CANTREX - TDFS,CA,private label,debit
114603,00-99,CANTREX - TDFS,CA,private label,debit
114604,00-99,CANTREX - TDFS,CA,private label,debit
114605,00-99,CANTREX - TDFS,CA,private label,debit
114606,00-99,CANTREX - TDFS,CA,private label,debit
114607,00-99,CANTREX - TDFS,CA,private label,debit
114608,00-99,CANTREX - TDFS,CA,private label,debit
114609,00-99,CANTREX - TDFS,CA,private label,debit
114610,00-99,CANTREX - TDFS,CA,private label,debit
114611,00-99,CANTREX - TDFS,CA,private label,debit
114612,00-99,CANTREX - TDFS,CA,private label,debit
114613,00-99,CANTREX - TDFS,CA,private label,debit
114614,00-99,CANTREX - TDFS,CA,private label,debit
114615,00-99,CANTREX - TDFS,CA,private label,debit
114616,00-99,CANTREX - TDFS,CA,private label,debit
114617,00-99,CANTREX - TDFS,CA,private label,debit
114618,00-99,CANTREX - TDFS,CA,private label,debit
114619,00-99,CANTREX - TDFS,CA,private label,debit
114620,00-99,CANTREX - TDFS,CA,private label,debit
114621,00-99,CANTREX - TDFS,CA,private label,debit
114622,00-99,CANTREX - TDFS,CA,private label,debit
114623,00-99,CANTREX - TDFS,CA,private label,debit
114624,00-99,CANTREX - TDFS,CA,private label,debit
114625,00-99,CANTREX - TDFS,CA,private label,debit
114626,00-99,CANTREX - TDFS,CA,private label,debit
114627,00-99,CANTREX - TDFS,CA,private label,debit
114628,00-99,CANTREX - TDFS,CA,private label,debit
114629,00-99,CANTREX - TDFS,CA,private label,debit
114630,00-99,CANTREX - TDFS,CA,private label,debit
114631,00-99,CANTREX - TDFS,CA,private label,debit
114632,00-99,CANTREX - TDFS,CA,private label,debit
114633,00-99,CANTREX - TDFS,CA,private label,debit
114634,00-99,CANTREX - TDFS,CA,private label,debit
114635,00-99,CANTREX - TDFS,CA,private label,debit
114636,00-99,CANTREX - TDFS,CA,private label,debit
114637,00-99,CANTREX - TDFS,CA,private label,debit
114638,00-99,CANTREX - TDFS,CA,private label,debit
114639,00-99,CANTREX - TDFS,CA,private label,debit
114640,00-99,CANTREX - TDFS,CA,private label,debit
114641,00-99,CANTREX - TDFS,CA,private label,debit
114642,00-99,CANTREX - TDFS,CA,private label,debit
114643,00-99,CANTREX - TDFS,CA,private label,debit
114644,00-99,CANTREX - TDFS,CA,private label,debit
114645,00-99,CANTREX - TDFS,CA,private label,debit
114646,00-99,CANTREX - TDFS,CA,private label,debit
114647,00-99,CANTREX - TDFS,CA,private label,debit
114648,00-99,CANTREX - TDFS,CA,private label,debit
114649,00-99,CANTREX - TDFS,CA,private label,debit
114650,00-99,CANTREX - TDFS,CA,private label,debit
114651,00-99,CANTREX - TDFS,CA,private label,debit
114652,00-99,CANTREX - TDFS,CA,private label,debit
114653,00-99,CANTREX - TDFS,CA,private label,debit
114654,00-99,CANTREX - TDFS,CA,private label,debit
114655,00-99,CANTREX - TDFS,CA,private label,debit
114656,00-99,CANTREX - TDFS,CA,private label,debit
114657,00-99,CANTREX - TDFS,CA,private label,debit
114658,00-99,CANTREX - TDFS,CA,private label,debit
114659,00-99,CANTREX - TDFS,CA,private label,debit
114660,00-99,CANTREX - TDFS,CA,private label,debit
114661,00-99,CANTREX - TDFS,CA,private label,debit
114662,00-99,CANTREX - TDFS,CA,private label,debit
114663,00-99,CANTREX - TDFS,CA,private label,debit
114664,00-99,CANTREX - TDFS,CA,private label,debit
114665,00-99,CANTREX - TDFS,CA,private label,debit
114666,00-99,CANTREX - TDFS,CA,private label,debit
114667,00-99,CANTREX - TDFS,CA,private label,debit
114668,00-99,CANTREX - TDFS,CA,private label,debit
114669,00-99,CANTREX - TDFS,CA,private label,debit
114670,00-99,CANTREX - TDFS,CA,private label,debit
114671,00-99,CANTREX - TDFS,CA,private label,debit
114672,00-99,CANTREX - TDFS,CA,private label,debit
114673,00-99,CANTREX - TDFS,CA,private label,debit
114674,00-99,CANTREX - TDFS,CA,private label,debit
114675,00-99,CANTREX - TDFS,CA,private label,debit
114676,00-99,CANTREX - TDFS,CA,private label,debit
114677,00-99,CANTREX - TDFS,CA,private label,debit
114678,00-99,CANTREX - TDFS,CA,private label,debit
114679,00-99,CANTREX - TDFS,CA,private label,debit
114680,00-99,CANTREX - TDFS,CA,private label,debit
114681,00-99,CANTREX - TDFS,CA,private label,debit
114682,00-99,CANTREX - TDFS,CA,private label,debit
114683,00-99,CANTREX - TDFS,CA,private label,debit
114684,00-99,CANTREX - TDFS,CA,private label,debit
114685,00-99,CANTREX - TDFS,CA,private label,debit
114686,00-99,CANTREX - TDFS,CA,private label,debit
114687,00-99,CANTREX - TDFS,CA,private label,debit
114688,00-99,CANTREX - TDFS,CA,private label,debit
114689,00-99,CANTREX - TDFS,CA,private label,debit
114690,00-99,CANTREX - TDFS,CA,private label,debit
114691,00-99,CANTREX - TDFS,CA,private label,debit
114692,00-99,CANTREX - TDFS,CA,private label,debit
114693,00-99,CANTREX - TDFS,CA,private label,debit
114694,00-99,CANTREX - TDFS,CA,private label,debit
114695,00-99,CANTREX - TDFS,CA,private label,debit
114696,00-99,CANTREX - TDFS,CA,private label,debit
114697,00-99,CANTREX - TDFS,CA,private label,debit
114698,00-99,CANTREX - TDFS,CA,private label,debit
114699,00-99,CANTREX - TDFS,CA,private label,debit
114700,00-99,CANTREX - TDFS,CA,private label,debit
114701,00-99,CANTREX - TDFS,CA,private label,debit
114702,00-99,CANTREX - TDFS,CA,private label,debit
114703,00-99,CANTREX - TDFS,CA,private label,debit
114704,00-99,CANTREX - TDFS,CA,private label,debit
114705,00-99,CANTREX - TDFS,CA,private label,debit
114706,00-99,CANTREX - TDFS,CA,private label,debit
114707,00-99,CANTREX - TDFS,CA,private label,debit
114708,00-99,CANTREX - TDFS,CA,private label,debit
114709,00-99,CANTREX - TDFS,CA,private label,debit
114710,00-99,CANTREX - TDFS,CA,private label,debit
114711,00-99,CANTREX - TDFS,CA,private label,debit
114712,00-99,CANTREX - TDFS,CA,private label,debit
114713,00-99,CANTREX - TDFS,CA,private label,debit
114714,00-99,CANTREX - TDFS,CA,private label,debit
114715,00-99,CANTREX - TDFS,CA,private label,debit
114716,00-99,CANTREX - TDFS,CA,private label,debit
114717,00-99,CANTREX - TDFS,CA,private label,debit
114718,00-99,CANTREX - TDFS,CA,private label,debit
114719,00-99,CANTREX - TDFS,CA,private label,debit
114720,00-99,CANTREX - TDFS,CA,private label,debit
114721,00-99,CANTREX - TDFS,CA,private label,debit
114722,00-99,CANTREX - TDFS,CA,private label,debit
114723,00-99,CANTREX - TDFS,CA,private label,debit
114724,00-99,CANTREX - TDFS,CA,private label,debit
114725,00-99,CANTREX - TDFS,CA,private label,debit
114726,00-99,CANTREX - TDFS,CA,private label,debit
114727,00-99,CANTREX - TDFS,CA,private label,debit
114728,00-99,CANTREX - TDFS,CA,private label,debit
114729,00-99,CANTREX - TDFS,CA,private label,debit
114730,00-99,CANTREX - TDFS,CA,private label,debit
114731,00-99,CANTREX - TDFS,CA,private label,debit
114732,00-99,CANTREX - TDFS,CA,private label,debit
114733,00-99,CANTREX - TDFS,CA,private label,debit
114734,00-99,CANTREX - TDFS,CA,private label,debit
114735,00-99,CANTREX - TDFS,CA,private label,debit
114736,00-99,CANTREX - TDFS,CA,private label,debit
114737,00-99,CANTREX - TDFS,CA,private label,debit
114738,00-99,CANTREX - TDFS,CA,private label,debit
114739,00-99,CANTREX - TDFS,CA,private label,debit
114740,00-99,CANTREX - TDFS,CA,private label,debit
114741,00-99,CANTREX - TDFS,CA,private label,debit
114742,00-99,CANTREX - TDFS,CA,private label,debit
114743,00-99,CANTREX - TDFS,CA,private label,debit
114744,00-99,CANTREX - TDFS,CA,private label,debit
114745,00-99,CANTREX - TDFS,CA,private label,debit
114746,00-99,CANTREX - TDFS,CA,private label,debit
114747,00-99,CANTREX - TDFS,CA,private label,debit
114748,00-99,CANTREX - TDFS,CA,private label,debit
114749,00-99,CANTREX - TDFS,CA,private label,debit
114750,00-99,CANTREX - TDFS,CA,private label,debit
114751,00-99,CANTREX - TDFS,CA,private label,debit
114752,00-99,CANTREX - TDFS,CA,private label,debit
114753,00-99,CANTREX - TDFS,CA,private label,debit
114754,00-99,CANTREX - TDFS,CA,private label,debit
114755,00-99,CANTREX - TDFS,CA,private label,debit
114756,00-99,CANTREX - TDFS,CA,private label,debit
114757,00-99,CANTREX - TDFS,CA,private label,debit
114758,00-99,CANTREX - TDFS,CA,private label,debit
114759,00-99,CANTREX - TDFS,CA,private label,debit
114760,00-99,CANTREX - TDFS,CA,private label,debit
114761,00-99,CANTREX - TDFS,CA,private label,debit
114762,00-99,CANTREX - TDFS,CA,private label,debit
114763,00-99,CANTREX - TDFS,CA,private label,debit
114764,00-99,CANTREX - TDFS,CA,private label,debit
114765,00-99,CANTREX - TDFS,CA,private label,debit
114766,00-99,CANTREX - TDFS,CA,private label,debit
114767,00-99,CANTREX - TDFS,CA,private label,debit
114768,00-99,CANTREX - TDFS,CA,private label,debit
114769,00-99,CANTREX - TDFS,CA,private label,debit
114770,00-99,CANTREX - TDFS,CA,private label,debit
114771,00-99,CANTREX - TDFS,CA,private label,debit
114772,00-99,CANTREX - TDFS,CA,private label,debit
114773,00-99,CANTREX - TDFS,CA,private label,debit
114774,00-99,CANTREX - TDFS,CA,private label,debit
114775,00-99,CANTREX - TDFS,CA,private label,debit
114776,00-99,CANTREX - TDFS,CA,private label,debit
114777,00-99,CANTREX - TDFS,CA,private label,debit
114778,00-99,CANTREX - TDFS,CA,private label,debit
114779,00-99,CANTREX - TDFS,CA,private label,debit
114780,00-99,CANTREX - TDFS,CA,private label,debit
114781,00-99,CANTREX - TDFS,CA,private label,debit
114782,00-99,CANTREX - TDFS,CA,private label,debit
114783,00-99,CANTREX - TDFS,CA,private label,debit
114784,00-99,CANTREX - TDFS,CA,private label,debit
114785,00-99,CANTREX - TDFS,CA,private label,debit
114786,00-99,CANTREX - TDFS,CA,private label,debit
114787,00-99,CANTREX - TDFS,CA,private label,debit
114788,00-99,CANTREX - TDFS,CA,private label,debit
114789,00-99,CANTREX - TDFS,CA,private label,debit
114790,00-99,CANTREX - TDFS,CA,private label,debit
114791,00-99,CANTREX - TDFS,CA,private label,debit
114792,00-99,CANTREX - TDFS,CA,private label,debit
114793,00-99,CANTREX - TDFS,CA,private label,debit
114794,00-99,CANTREX - TDFS,CA,private label,debit
114795,00-99,CANTREX - TDFS,CA,private label,debit
114796,00-99,CANTREX - TDFS,CA,private label,debit
114797,00-99,CANTREX - TDFS,CA,private label,debit
114798,00-99,CANTREX - TDFS,CA,private label,debit
114799,00-99,CANTREX - TDFS,CA,private label,debit
114800,00-99,CANTREX - TDFS,CA,private label,debit
114801,00-99,CANTREX - TDFS,CA,private label,debit
114802,00-99,CANTREX - TDFS,CA,private label,debit
114803,00-99,CANTREX - TDFS,CA,private label,debit
114804,00-99,CANTREX - TDFS,CA,private label,debit
114805,00-99,CANTREX - TDFS,CA,private label,debit
114806,00-99,CANTREX - TDFS,CA,private label,debit
114807,00-99,CANTREX - TDFS,CA,private label,debit
114808,00-99,CANTREX - TDFS,CA,private label,debit
114809,00-99,CANTREX - TDFS,CA,private label,debit
114810,00-99,CANTREX - TDFS,CA,private label,debit
114811,00-99,CANTREX - TDFS,CA,private label,debit
114812,00-99,CANTREX - TDFS,CA,private label,debit
114813,00-99,CANTREX - TDFS,CA,private label,debit
114814,00-99,CANTREX - TDFS,CA,private label,debit
114815,00-99,CANTREX - TDFS,CA,private label,debit
114816,00-99,CANTREX - TDFS,CA,private label,debit
114817,00-99,CANTREX - TDFS,CA,private label,debit
114818,00-99,CANTREX - TDFS,CA,private label,debit
114819,00-99,CANTREX - TDFS,CA,private label,debit
114820,00-99,CANTREX - TDFS,CA,private label,debit
114821,00-99,CANTREX - TDFS,CA,private label,debit
114822,00-99,CANTREX - TDFS,CA,private label,debit
114823,00-99,CANTREX - TDFS,CA,private label,debit
114824,00-99,CANTREX - TDFS,CA,private label,debit
114825,00-99,CANTREX - TDFS,CA,private label,debit
114826,00-99,CANTREX - TDFS,CA,private label,debit
114827,00-99,CANTREX - TDFS,CA,private label,debit
114828,00-99,CANTREX - TDFS,CA,private label,debit
114829,00-99,CANTREX - TDFS,CA,private label,debit
114830,00-99,CANTREX - TDFS,CA,private label,debit
114831,00-99,CANTREX - TDFS,CA,private label,debit
114832,00-99,CANTREX - TDFS,CA,private label,debit
114833,00-99,CANTREX - TDFS,CA,private label,debit
114834,00-99,CANTREX - TDFS,CA,private label,debit
114835,00-99,CANTREX - TDFS,CA,private label,debit
114836,00-99,CANTREX - TDFS,CA,private label,debit
114837,00-99,CANTREX - TDFS,CA,private label,debit
114838,00-99,CANTREX - TDFS,CA,private label,debit
114839,00-99,CANTREX - TDFS,CA,private label,debit
114840,00-99,CANTREX - TDFS,CA,private label,debit
114841,00-99,CANTREX - TDFS,CA,private label,debit
114842,00-99,CANTREX - TDFS,CA,private label,debit
114843,00-99,CANTREX - TDFS,CA,private label,debit
114844,00-99,CANTREX - TDFS,CA,private label,debit
114845,00-99,CANTREX - TDFS,CA,private label,debit
114846,00-99,CANTREX - TDFS,CA,private label,debit
114847,00-99,CANTREX - TDFS,CA,private label,debit
114848,00-99,CANTREX - TDFS,CA,private label,debit
114849,00-99,CANTREX - TDFS,CA,private label,debit
114850,00-99,CANTREX - TDFS,CA,private label,debit
114851,00-99,CANTREX - TDFS,CA,private label,debit
114852,00-99,CANTREX - TDFS,CA,private label,debit
114853,00-99,CANTREX - TDFS,CA,private label,debit
114854,00-99,CANTREX - TDFS,CA,private label,debit
114855,00-99,CANTREX - TDFS,CA,private label,debit
114856,00-99,CANTREX - TDFS,CA,private label,debit
114857,00-99,CANTREX - TDFS,CA,private label,debit
114858,00-99,CANTREX - TDFS,CA,private label,debit
114859,00-99,CANTREX - TDFS,CA,private label,debit
114860,00-99,CANTREX - TDFS,CA,private label,debit
114861,00-99,CANTREX - TDFS,CA,private label,debit
114862,00-99,CANTREX - TDFS,CA,private label,debit
114863,00-99,CANTREX - TDFS,CA,private label,debit
114864,00-99,CANTREX - TDFS,CA,private label,debit
114865,00-99,CANTREX - TDFS,CA,private label,debit
114866,00-99,CANTREX - TDFS,CA,private label,debit
114867,00-99,CANTREX - TDFS,CA,private label,debit
114868,00-99,CANTREX - TDFS,CA,private label,debit
114869,00-99,CANTREX - TDFS,CA,private label,debit
114870,00-99,CANTREX - TDFS,CA,private label,debit
114871,00-99,CANTREX - TDFS,CA,private label,debit
114872,00-99,CANTREX - TDFS,CA,private label,debit
114873,00-99,CANTREX - TDFS,CA,private label,debit
114874,00-99,CANTREX - TDFS,CA,private label,debit
114875,00-99,CANTREX - TDFS,CA,private label,debit
114876,00-99,CANTREX - TDFS,CA,private label,debit
114877,00-99,CANTREX - TDFS,CA,private label,debit
114878,00-99,CANTREX - TDFS,CA,private label,debit
114879,00-99,CANTREX - TDFS,CA,private label,debit
114880,00-99,CANTREX - TDFS,CA,private label,debit
114881,00-99,CANTREX - TDFS,CA,private label,debit
114882,00-99,CANTREX - TDFS,CA,private label,debit
114883,00-99,CANTREX - TDFS,CA,private label,debit
114884,00-99,CANTREX - TDFS,CA,private label,debit
114885,00-99,CANTREX - TDFS,CA,private label,debit
114886,00-99,CANTREX - TDFS,CA,private label,debit
114887,00-99,CANTREX - TDFS,CA,private label,debit
114888,00-99,CANTREX - TDFS,CA,private label,debit
114889,00-99,CANTREX - TDFS,CA,private label,debit
114890,00-99,CANTREX - TDFS,CA,private label,debit
114891,00-99,CANTREX - TDFS,CA,private label,debit
114892,00-99,CANTREX - TDFS,CA,private label,debit
114893,00-99,CANTREX - TDFS,CA,private label,debit
114894,00-99,CANTREX - TDFS,CA,private label,debit
114895,00-99,CANTREX - TDFS,CA,private label,debit
114896,00-99,CANTREX - TDFS,CA,private label,debit
114897,00-99,CANTREX - TDFS,CA,private label,debit
114898,00-99,CANTREX - TDFS,CA,private label,debit
114899,00-99,CANTREX - TDFS,CA,private label,debit
114900,00-99,CANTREX - TDFS,CA,private label,debit
114901,00-99,CANTREX - TDFS,CA,private label,debit
114902,00-99,CANTREX - TDFS,CA,private label,debit
114903,00-99,CANTREX - TDFS,CA,private label,debit
114904,00-99,CANTREX - TDFS,CA,private label,debit
114905,00-99,CANTREX - TDFS,CA,private label,debit
114906,00-99,CANTREX - TDFS,CA,private label,debit
114907,00-99,CANTREX - TDFS,CA,private label,debit
114908,00-99,CANTREX - TDFS,CA,private label,debit
114909,00-99,CANTREX - TDFS,CA,private label,debit
114910,00-99,CANTREX - TDFS,CA,private label,debit
114911,00-99,CANTREX - TDFS,CA,private label,debit
114912,00-99,CANTREX - TDFS,CA,private label,debit
114913,00-99,CANTREX - TDFS,CA,private label,debit
114914,00-99,CANTREX - TDFS,CA,private label,debit
114915,00-99,CANTREX - TDFS,CA,private label,debit
114916,00-99,CANTREX - TDFS,CA,private label,debit
114917,00-99,CANTREX - TDFS,CA,private label,debit
114918,00-99,CANTREX - TDFS,CA,private label,debit
114919,00-99,CANTREX - TDFS,CA,private label,debit
114920,00-99,CANTREX - TDFS,CA,private label,debit
114921,00-99,CANTREX - TDFS,CA,private label,debit
114922,00-99,CANTREX - TDFS,CA,private label,debit
114923,00-99,CANTREX - TDFS,CA,private label,debit
114924,00-99,CANTREX - TDFS,CA,private label,debit
114925,00-99,CANTREX - TDFS,CA,private label,debit
114926,00-99,CANTREX - TDFS,CA,private label,debit
114927,00-99,CANTREX - TDFS,CA,private label,debit
114928,00-99,CANTREX - TDFS,CA,private label,debit
114929,00-99,CANTREX - TDFS,CA,private label,debit
114930,00-99,CANTREX - TDFS,CA,private label,debit
114931,00-99,CANTREX - TDFS,CA,private label,debit
114932,00-99,CANTREX - TDFS,CA,private label,debit
114933,00-99,CANTREX - TDFS,CA,private label,debit
114934,00-99,CANTREX - TDFS,CA,private label,debit
114935,00-99,CANTREX - TDFS,CA,private label,debit
114936,00-99,CANTREX - TDFS,CA,private label,debit
114937,00-99,CANTREX - TDFS,CA,private label,debit
114938,00-99,CANTREX - TDFS,CA,private label,debit
114939,00-99,CANTREX - TDFS,CA,private label,debit
114940,00-99,CANTREX - TDFS,CA,private label,debit
114941,00-99,CANTREX - TDFS,CA,private label,debit
114942,00-99,CANTREX - TDFS,CA,private label,debit
114943,00-99,CANTREX - TDFS,CA,private label,debit
114944,00-99,CANTREX - TDFS,CA,private label,debit
114945,00-99,CANTREX - TDFS,CA,private label,debit
114946,00-99,CANTREX - TDFS,CA,private label,debit
114947,00-99,CANTREX - TDFS,CA,private label,debit
114948,00-99,CANTREX - TDFS,CA,private label,debit
114949,00-99,CANTREX - TDFS,CA,private label,debit
114950,00-99,CANTREX - TDFS,CA,private label,debit
114951,00-99,CANTREX - TDFS,CA,private label,debit
114952,00-99,CANTREX - TDFS,CA,private label,debit
114953,00-99,CANTREX - TDFS,CA,private label,debit
114954,00-99,CANTREX - TDFS,CA,private label,debit
114955,00-99,CANTREX - TDFS,CA,private label,debit
114956,00-99,CANTREX - TDFS,CA,private label,debit
114957,00-99,CANTREX - TDFS,CA,private label,debit
114958,00-99,CANTREX - TDFS,CA,private label,debit
114959,00-99,CANTREX - TDFS,CA,private label,debit
114960,00-99,CANTREX - TDFS,CA,private label,debit
114961,00-99,CANTREX - TDFS,CA,private label,debit
114962,00-99,CANTREX - TDFS,CA,private label,debit
114963,00-99,CANTREX - TDFS,CA,private label,debit
114964,00-99,CANTREX - TDFS,CA,private label,debit
114965,00-99,CANTREX - TDFS,CA,private label,debit
114966,00-99,CANTREX - TDFS,CA,private label,debit
114967,00-99,CANTREX - TDFS,CA,private label,debit
114968,00-99,CANTREX - TDFS,CA,private label,debit
114969,00-99,CANTREX - TDFS,CA,private label,debit
114970,00-99,CANTREX - TDFS,CA,private label,debit
114971,00-99,CANTREX - TDFS,CA,private label,debit
114972,00-99,CANTREX - TDFS,CA,private label,debit
114973,00-99,CANTREX - TDFS,CA,private label,debit
114974,00-99,CANTREX - TDFS,CA,private label,debit
114975,00-99,CANTREX - TDFS,CA,private label,debit
114976,00-99,CANTREX - TDFS,CA,private label,debit
114977,00-99,CANTREX - TDFS,CA,private label,debit
114978,00-99,CANTREX - TDFS,CA,private label,debit
114979,00-99,CANTREX - TDFS,CA,private label,debit
114980,00-99,CANTREX - TDFS,CA,private label,debit
114981,00-99,CANTREX - TDFS,CA,private label,debit
114982,00-99,CANTREX - TDFS,CA,private label,debit
114983,00-99,CANTREX - TDFS,CA,private label,debit
114984,00-99,CANTREX - TDFS,CA,private label,debit
114985,00-99,CANTREX - TDFS,CA,private label,debit
114986,00-99,CANTREX - TDFS,CA,private label,debit
114987,00-99,CANTREX - TDFS,CA,private label,debit
114988,00-99,CANTREX - TDFS,CA,private label,debit
114989,00-99,CANTREX - TDFS,CA,private label,debit
114990,00-99,CANTREX - TDFS,CA,private label,debit
114991,00-99,CANTREX - TDFS,CA,private label,debit
114992,00-99,CANTREX - TDFS,CA,private label,debit
114993,00-99,CANTREX - TDFS,CA,private label,debit
114994,00-99,CANTREX - TDFS,CA,private label,debit
114995,00-99,CANTREX - TDFS,CA,private label,debit
114996,00-99,CANTREX - TDFS,CA,private label,debit
114997,00-99,CANTREX - TDFS,CA,private label,debit
114998,00-99,CANTREX - TDFS,CA,private label,debit
114999,00-99,CANTREX - TDFS,CA,private label,debit
115001,00-99,CORBEIL - TDFS,CA,private label,debit
115002,00-99,CORBEIL - TDFS,CA,private label,debit
115003,00-99,CORBEIL - TDFS,CA,private label,debit
115004,00-99,CORBEIL - TDFS,CA,private label,debit
115005,00-99,CORBEIL - TDFS,CA,private label,debit
115006,00-99,CORBEIL - TDFS,CA,private label,debit
115007,00-99,CORBEIL - TDFS,CA,private label,debit
115008,00-99,CORBEIL - TDFS,CA,private label,debit
115009,00-99,CORBEIL - TDFS,CA,private label,debit
115010,00-99,CORBEIL - TDFS,CA,private label,debit
115011,00-99,CORBEIL - TDFS,CA,private label,debit
115012,00-99,CORBEIL - TDFS,CA,private label,debit
115013,00-99,CORBEIL - TDFS,CA,private label,debit
115014,00-99,CORBEIL - TDFS,CA,private label,debit
115015,00-99,CORBEIL - TDFS,CA,private label,debit
115016,00-99,CORBEIL - TDFS,CA,private label,debit
115017,00-99,CORBEIL - TDFS,CA,private label,debit
115018,00-99,CORBEIL - TDFS,CA,private label,debit
115019,00-99,CORBEIL - TDFS,CA,private label,debit
115020,00-99,CORBEIL - TDFS,CA,private label,debit
115021,00-99,CORBEIL - TDFS,CA,private label,debit
115022,00-99,CORBEIL - TDFS,CA,private label,debit
115023,00-99,CORBEIL - TDFS,CA,private label,debit
115024,00-99,CORBEIL - TDFS,CA,private label,debit
115025,00-99,CORBEIL - TDFS,CA,private label,debit
115026,00-99,CORBEIL - TDFS,CA,private label,debit
115027,00-99,CORBEIL - TDFS,CA,private label,debit
115028,00-99,CORBEIL - TDFS,CA,private label,debit
115029,00-99,CORBEIL - TDFS,CA,private label,debit
115030,00-99,CORBEIL - TDFS,CA,private label,debit
115031,00-99,CORBEIL - TDFS,CA,private label,debit
115032,00-99,CORBEIL - TDFS,CA,private label,debit
115033,00-99,CORBEIL - TDFS,CA,private label,debit
115034,00-99,CORBEIL - TDFS,CA,private label,debit
115035,00-99,CORBEIL - TDFS,CA,private label,debit
115036,00-99,CORBEIL - TDFS,CA,private label,debit
115037,00-99,CORBEIL - TDFS,CA,private label,debit
115038,00-99,CORBEIL - TDFS,CA,private label,debit
115039,00-99,CORBEIL - TDFS,CA,private label,debit
115040,00-99,CORBEIL - TDFS,CA,private label,debit
115041,00-99,CORBEIL - TDFS,CA,private label,debit
115042,00-99,CORBEIL - TDFS,CA,private label,debit
115043,00-99,CORBEIL - TDFS,CA,private label,debit
115044,00-99,CORBEIL - TDFS,CA,private label,debit
115045,00-99,CORBEIL - TDFS,CA,private label,debit
115046,00-99,CORBEIL - TDFS,CA,private label,debit
115047,00-99,CORBEIL - TDFS,CA,private label,debit
115048,00-99,CORBEIL - TDFS,CA,private label,debit
115049,00-99,CORBEIL - TDFS,CA,private label,debit
115050,00-99,CORBEIL - TDFS,CA,private label,debit
115051,00-99,CORBEIL - TDFS,CA,private label,debit
115052,00-99,CORBEIL - TDFS,CA,private label,debit
115053,00-99,CORBEIL - TDFS,CA,private label,debit
115054,00-99,CORBEIL - TDFS,CA,private label,debit
115055,00-99,CORBEIL - TDFS,CA,private label,debit
115056,00-99,CORBEIL - TDFS,CA,private label,debit
115057,00-99,CORBEIL - TDFS,CA,private label,debit
115058,00-99,CORBEIL - TDFS,CA,private label,debit
115059,00-99,CORBEIL - TDFS,CA,private label,debit
115060,00-99,CORBEIL - TDFS,CA,private label,debit
115061,00-99,CORBEIL - TDFS,CA,private label,debit
115062,00-99,CORBEIL - TDFS,CA,private label,debit
115063,00-99,CORBEIL - TDFS,CA,private label,debit
115064,00-99,CORBEIL - TDFS,CA,private label,debit
115065,00-99,CORBEIL - TDFS,CA,private label,debit
115066,00-99,CORBEIL - TDFS,CA,private label,debit
115067,00-99,CORBEIL - TDFS,CA,private label,debit
115068,00-99,CORBEIL - TDFS,CA,private label,debit
115069,00-99,CORBEIL - TDFS,CA,private label,debit
115070,00-99,CORBEIL - TDFS,CA,private label,debit
115071,00-99,CORBEIL - TDFS,CA,private label,debit
115072,00-99,CORBEIL - TDFS,CA,private label,debit
115073,00-99,CORBEIL - TDFS,CA,private label,debit
115074,00-99,CORBEIL - TDFS,CA,private label,debit
115075,00-99,CORBEIL - TDFS,CA,private label,debit
115076,00-99,CORBEIL - TDFS,CA,private label,debit
115077,00-99,CORBEIL - TDFS,CA,private label,debit
115078,00-99,CORBEIL - TDFS,CA,private label,debit
115079,00-99,CORBEIL - TDFS,CA,private label,debit
115080,00-99,CORBEIL - TDFS,CA,private label,debit
115081,00-99,CORBEIL - TDFS,CA,private label,debit
115082,00-99,CORBEIL - TDFS,CA,private label,debit
115083,00-99,CORBEIL - TDFS,CA,private label,debit
115084,00-99,CORBEIL - TDFS,CA,private label,debit
115085,00-99,CORBEIL - TDFS,CA,private label,debit
115086,00-99,CORBEIL - TDFS,CA,private label,debit
115087,00-99,CORBEIL - TDFS,CA,private label,debit
115088,00-99,CORBEIL - TDFS,CA,private label,debit
115089,00-99,CORBEIL - TDFS,CA,private label,debit
115090,00-99,CORBEIL - TDFS,CA,private label,debit
115091,00-99,CORBEIL - TDFS,CA,private label,debit
115092,00-99,CORBEIL - TDFS,CA,private label,debit
115093,00-99,CORBEIL - TDFS,CA,private label,debit
115094,00-99,CORBEIL - TDFS,CA,private label,debit
115095,00-99,CORBEIL - TDFS,CA,private label,debit
115096,00-99,CORBEIL - TDFS,CA,private label,debit
115097,00-99,CORBEIL - TDFS,CA,private label,debit
115098,00-99,CORBEIL - TDFS,CA,private label,debit
115099,00-99,CORBEIL - TDFS,CA,private label,debit
115100,00-99,CORBEIL - TDFS,CA,private label,debit
115101,00-99,CORBEIL - TDFS,CA,private label,debit
115102,00-99,CORBEIL - TDFS,CA,private label,debit
115103,00-99,CORBEIL - TDFS,CA,private label,debit
115104,00-99,CORBEIL - TDFS,CA,private label,debit
115105,00-99,CORBEIL - TDFS,CA,private label,debit
115106,00-99,CORBEIL - TDFS,CA,private label,debit
115107,00-99,CORBEIL - TDFS,CA,private label,debit
115108,00-99,CORBEIL - TDFS,CA,private label,debit
115109,00-99,CORBEIL - TDFS,CA,private label,debit
115110,00-99,CORBEIL - TDFS,CA,private label,debit
115111,00-99,CORBEIL - TDFS,CA,private label,debit
115112,00-99,CORBEIL - TDFS,CA,private label,debit
115113,00-99,CORBEIL - TDFS,CA,private label,debit
115114,00-99,CORBEIL - TDFS,CA,private label,debit
115115,00-99,CORBEIL - TDFS,CA,private label,debit
115116,00-99,CORBEIL - TDFS,CA,private label,debit
115117,00-99,CORBEIL - TDFS,CA,private label,debit
115118,00-99,CORBEIL - TDFS,CA,private label,debit
115119,00-99,CORBEIL - TDFS,CA,private label,debit
115120,00-99,CORBEIL - TDFS,CA,private label,debit
115121,00-99,CORBEIL - TDFS,CA,private label,debit
115122,00-99,CORBEIL - TDFS,CA,private label,debit
115123,00-99,CORBEIL - TDFS,CA,private label,debit
115124,00-99,CORBEIL - TDFS,CA,private label,debit
115125,00-99,CORBEIL - TDFS,CA,private label,debit
115126,00-99,CORBEIL - TDFS,CA,private label,debit
115127,00-99,CORBEIL - TDFS,CA,private label,debit
115128,00-99,CORBEIL - TDFS,CA,private label,debit
115129,00-99,CORBEIL - TDFS,CA,private label,debit
115130,00-99,CORBEIL - TDFS,CA,private label,debit
115131,00-99,CORBEIL - TDFS,CA,private label,debit
115132,00-99,CORBEIL - TDFS,CA,private label,debit
115133,00-99,CORBEIL - TDFS,CA,private label,debit
115134,00-99,CORBEIL - TDFS,CA,private label,debit
115135,00-99,CORBEIL - TDFS,CA,private label,debit
115136,00-99,CORBEIL - TDFS,CA,private label,debit
115137,00-99,CORBEIL - TDFS,CA,private label,debit
115138,00-99,CORBEIL - TDFS,CA,private label,debit
115139,00-99,CORBEIL - TDFS,CA,private label,debit
115140,00-99,CORBEIL - TDFS,CA,private label,debit
115141,00-99,CORBEIL - TDFS,CA,private label,debit
115142,00-99,CORBEIL - TDFS,CA,private label,debit
115143,00-99,CORBEIL - TDFS,CA,private label,debit
115144,00-99,CORBEIL - TDFS,CA,private label,debit
115145,00-99,CORBEIL - TDFS,CA,private label,debit
115146,00-99,CORBEIL - TDFS,CA,private label,debit
115147,00-99,CORBEIL - TDFS,CA,private label,debit
115148,00-99,CORBEIL - TDFS,CA,private label,debit
115149,00-99,CORBEIL - TDFS,CA,private label,debit
115150,00-99,CORBEIL - TDFS,CA,private label,debit
115151,00-99,CORBEIL - TDFS,CA,private label,debit
115152,00-99,CORBEIL - TDFS,CA,private label,debit
115153,00-99,CORBEIL - TDFS,CA,private label,debit
115154,00-99,CORBEIL - TDFS,CA,private label,debit
115155,00-99,CORBEIL - TDFS,CA,private label,debit
115156,00-99,CORBEIL - TDFS,CA,private label,debit
115157,00-99,CORBEIL - TDFS,CA,private label,debit
115158,00-99,CORBEIL - TDFS,CA,private label,debit
115159,00-99,CORBEIL - TDFS,CA,private label,debit
115160,00-99,CORBEIL - TDFS,CA,private label,debit
115161,00-99,CORBEIL - TDFS,CA,private label,debit
115162,00-99,CORBEIL - TDFS,CA,private label,debit
115163,00-99,CORBEIL - TDFS,CA,private label,debit
115164,00-99,CORBEIL - TDFS,CA,private label,debit
115165,00-99,CORBEIL - TDFS,CA,private label,debit
115166,00-99,CORBEIL - TDFS,CA,private label,debit
115167,00-99,CORBEIL - TDFS,CA,private label,debit
115168,00-99,CORBEIL - TDFS,CA,private label,debit
115169,00-99,CORBEIL - TDFS,CA,private label,debit
115170,00-99,CORBEIL - TDFS,CA,private label,debit
115171,00-99,CORBEIL - TDFS,CA,private label,debit
115172,00-99,CORBEIL - TDFS,CA,private label,debit
115173,00-99,CORBEIL - TDFS,CA,private label,debit
115174,00-99,CORBEIL - TDFS,CA,private label,debit
115175,00-99,CORBEIL - TDFS,CA,private label,debit
115176,00-99,CORBEIL - TDFS,CA,private label,debit
115177,00-99,CORBEIL - TDFS,CA,private label,debit
115178,00-99,CORBEIL - TDFS,CA,private label,debit
115179,00-99,CORBEIL - TDFS,CA,private label,debit
115180,00-99,CORBEIL - TDFS,CA,private label,debit
115181,00-99,CORBEIL - TDFS,CA,private label,debit
115182,00-99,CORBEIL - TDFS,CA,private label,debit
115183,00-99,CORBEIL - TDFS,CA,private label,debit
115184,00-99,CORBEIL - TDFS,CA,private label,debit
115185,00-99,CORBEIL - TDFS,CA,private label,debit
115186,00-99,CORBEIL - TDFS,CA,private label,debit
115187,00-99,CORBEIL - TDFS,CA,private label,debit
115188,00-99,CORBEIL - TDFS,CA,private label,debit
115189,00-99,CORBEIL - TDFS,CA,private label,debit
115190,00-99,CORBEIL - TDFS,CA,private label,debit
115191,00-99,CORBEIL - TDFS,CA,private label,debit
115192,00-99,CORBEIL - TDFS,CA,private label,debit
115193,00-99,CORBEIL - TDFS,CA,private label,debit
115194,00-99,CORBEIL - TDFS,CA,private label,debit
115195,00-99,CORBEIL - TDFS,CA,private label,debit
115196,00-99,CORBEIL - TDFS,CA,private label,debit
115197,00-99,CORBEIL - TDFS,CA,private label,debit
115198,00-99,CORBEIL - TDFS,CA,private label,debit
115199,00-99,CORBEIL - TDFS,CA,private label,debit
115200,00-99,CORBEIL - TDFS,CA,private label,debit
115201,00-99,CORBEIL - TDFS,CA,private label,debit
115202,00-99,CORBEIL - TDFS,CA,private label,debit
115203,00-99,CORBEIL - TDFS,CA,private label,debit
115204,00-99,CORBEIL - TDFS,CA,private label,debit
115205,00-99,CORBEIL - TDFS,CA,private label,debit
115206,00-99,CORBEIL - TDFS,CA,private label,debit
115207,00-99,CORBEIL - TDFS,CA,private label,debit
115208,00-99,CORBEIL - TDFS,CA,private label,debit
115209,00-99,CORBEIL - TDFS,CA,private label,debit
115210,00-99,CORBEIL - TDFS,CA,private label,debit
115211,00-99,CORBEIL - TDFS,CA,private label,debit
115212,00-99,CORBEIL - TDFS,CA,private label,debit
115213,00-99,CORBEIL - TDFS,CA,private label,debit
115214,00-99,CORBEIL - TDFS,CA,private label,debit
115215,00-99,CORBEIL - TDFS,CA,private label,debit
115216,00-99,CORBEIL - TDFS,CA,private label,debit
115217,00-99,CORBEIL - TDFS,CA,private label,debit
115218,00-99,CORBEIL - TDFS,CA,private label,debit
115219,00-99,CORBEIL - TDFS,CA,private label,debit
115220,00-99,CORBEIL - TDFS,CA,private label,debit
115221,00-99,CORBEIL - TDFS,CA,private label,debit
115222,00-99,CORBEIL - TDFS,CA,private label,debit
115223,00-99,CORBEIL - TDFS,CA,private label,debit
115224,00-99,CORBEIL - TDFS,CA,private label,debit
115225,00-99,CORBEIL - TDFS,CA,private label,debit
115226,00-99,CORBEIL - TDFS,CA,private label,debit
115227,00-99,CORBEIL - TDFS,CA,private label,debit
115228,00-99,CORBEIL - TDFS,CA,private label,debit
115229,00-99,CORBEIL - TDFS,CA,private label,debit
115230,00-99,CORBEIL - TDFS,CA,private label,debit
115231,00-99,CORBEIL - TDFS,CA,private label,debit
115232,00-99,CORBEIL - TDFS,CA,private label,debit
115233,00-99,CORBEIL - TDFS,CA,private label,debit
115234,00-99,CORBEIL - TDFS,CA,private label,debit
115235,00-99,CORBEIL - TDFS,CA,private label,debit
115236,00-99,CORBEIL - TDFS,CA,private label,debit
115237,00-99,CORBEIL - TDFS,CA,private label,debit
115238,00-99,CORBEIL - TDFS,CA,private label,debit
115239,00-99,CORBEIL - TDFS,CA,private label,debit
115240,00-99,CORBEIL - TDFS,CA,private label,debit
115241,00-99,CORBEIL - TDFS,CA,private label,debit
115242,00-99,CORBEIL - TDFS,CA,private label,debit
115243,00-99,CORBEIL - TDFS,CA,private label,debit
115244,00-99,CORBEIL - TDFS,CA,private label,debit
115245,00-99,CORBEIL - TDFS,CA,private label,debit
115246,00-99,CORBEIL - TDFS,CA,private label,debit
115247,00-99,CORBEIL - TDFS,CA,private label,debit
115248,00-99,CORBEIL - TDFS,CA,private label,debit
115249,00-99,CORBEIL - TDFS,CA,private label,debit
115250,00-99,CORBEIL - TDFS,CA,private label,debit
115251,00-99,CORBEIL - TDFS,CA,private label,debit
115252,00-99,CORBEIL - TDFS,CA,private label,debit
115253,00-99,CORBEIL - TDFS,CA,private label,debit
115254,00-99,CORBEIL - TDFS,CA,private label,debit
115255,00-99,CORBEIL - TDFS,CA,private label,debit
115256,00-99,CORBEIL - TDFS,CA,private label,debit
115257,00-99,CORBEIL - TDFS,CA,private label,debit
115258,00-99,CORBEIL - TDFS,CA,private label,debit
115259,00-99,CORBEIL - TDFS,CA,private label,debit
115260,00-99,CORBEIL - TDFS,CA,private label,debit
115261,00-99,CORBEIL - TDFS,CA,private label,debit
115262,00-99,CORBEIL - TDFS,CA,private label,debit
115263,00-99,CORBEIL - TDFS,CA,private label,debit
115264,00-99,CORBEIL - TDFS,CA,private label,debit
115265,00-99,CORBEIL - TDFS,CA,private label,debit
115266,00-99,CORBEIL - TDFS,CA,private label,debit
115267,00-99,CORBEIL - TDFS,CA,private label,debit
115268,00-99,CORBEIL - TDFS,CA,private label,debit
115269,00-99,CORBEIL - TDFS,CA,private label,debit
115270,00-99,CORBEIL - TDFS,CA,private label,debit
115271,00-99,CORBEIL - TDFS,CA,private label,debit
115272,00-99,CORBEIL - TDFS,CA,private label,debit
115273,00-99,CORBEIL - TDFS,CA,private label,debit
115274,00-99,CORBEIL - TDFS,CA,private label,debit
115275,00-99,CORBEIL - TDFS,CA,private label,debit
115276,00-99,CORBEIL - TDFS,CA,private label,debit
115277,00-99,CORBEIL - TDFS,CA,private label,debit
115278,00-99,CORBEIL - TDFS,CA,private label,debit
115279,00-99,CORBEIL - TDFS,CA,private label,debit
115280,00-99,CORBEIL - TDFS,CA,private label,debit
115281,00-99,CORBEIL - TDFS,CA,private label,debit
115282,00-99,CORBEIL - TDFS,CA,private label,debit
115283,00-99,CORBEIL - TDFS,CA,private label,debit
115284,00-99,CORBEIL - TDFS,CA,private label,debit
115285,00-99,CORBEIL - TDFS,CA,private label,debit
115286,00-99,CORBEIL - TDFS,CA,private label,debit
115287,00-99,CORBEIL - TDFS,CA,private label,debit
115288,00-99,CORBEIL - TDFS,CA,private label,debit
115289,00-99,CORBEIL - TDFS,CA,private label,debit
115290,00-99,CORBEIL - TDFS,CA,private label,debit
115291,00-99,CORBEIL - TDFS,CA,private label,debit
115292,00-99,CORBEIL - TDFS,CA,private label,debit
115293,00-99,CORBEIL - TDFS,CA,private label,debit
115294,00-99,CORBEIL - TDFS,CA,private label,debit
115295,00-99,CORBEIL - TDFS,CA,private label,debit
115296,00-99,CORBEIL - TDFS,CA,private label,debit
115297,00-99,CORBEIL - TDFS,CA,private label,debit
115298,00-99,CORBEIL - TDFS,CA,private label,debit
115299,00-99,CORBEIL - TDFS,CA,private label,debit
115300,00-99,CORBEIL - TDFS,CA,private label,debit
115301,00-99,CORBEIL - TDFS,CA,private label,debit
115302,00-99,CORBEIL - TDFS,CA,private label,debit
115303,00-99,CORBEIL - TDFS,CA,private label,debit
115304,00-99,CORBEIL - TDFS,CA,private label,debit
115305,00-99,CORBEIL - TDFS,CA,private label,debit
115306,00-99,CORBEIL - TDFS,CA,private label,debit
115307,00-99,CORBEIL - TDFS,CA,private label,debit
115308,00-99,CORBEIL - TDFS,CA,private label,debit
115309,00-99,CORBEIL - TDFS,CA,private label,debit
115310,00-99,CORBEIL - TDFS,CA,private label,debit
115311,00-99,CORBEIL - TDFS,CA,private label,debit
115312,00-99,CORBEIL - TDFS,CA,private label,debit
115313,00-99,CORBEIL - TDFS,CA,private label,debit
115314,00-99,CORBEIL - TDFS,CA,private label,debit
115315,00-99,CORBEIL - TDFS,CA,private label,debit
115316,00-99,CORBEIL - TDFS,CA,private label,debit
115317,00-99,CORBEIL - TDFS,CA,private label,debit
115318,00-99,CORBEIL - TDFS,CA,private label,debit
115319,00-99,CORBEIL - TDFS,CA,private label,debit
115320,00-99,CORBEIL - TDFS,CA,private label,debit
115321,00-99,CORBEIL - TDFS,CA,private label,debit
115322,00-99,CORBEIL - TDFS,CA,private label,debit
115323,00-99,CORBEIL - TDFS,CA,private label,debit
115324,00-99,CORBEIL - TDFS,CA,private label,debit
115325,00-99,CORBEIL - TDFS,CA,private label,debit
115326,00-99,CORBEIL - TDFS,CA,private label,debit
115327,00-99,CORBEIL - TDFS,CA,private label,debit
115328,00-99,CORBEIL - TDFS,CA,private label,debit
115329,00-99,CORBEIL - TDFS,CA,private label,debit
115330,00-99,CORBEIL - TDFS,CA,private label,debit
115331,00-99,CORBEIL - TDFS,CA,private label,debit
115332,00-99,CORBEIL - TDFS,CA,private label,debit
115333,00-99,CORBEIL - TDFS,CA,private label,debit
115334,00-99,CORBEIL - TDFS,CA,private label,debit
115335,00-99,CORBEIL - TDFS,CA,private label,debit
115336,00-99,CORBEIL - TDFS,CA,private label,debit
115337,00-99,CORBEIL - TDFS,CA,private label,debit
115338,00-99,CORBEIL - TDFS,CA,private label,debit
115339,00-99,CORBEIL - TDFS,CA,private label,debit
115340,00-99,CORBEIL - TDFS,CA,private label,debit
115341,00-99,CORBEIL - TDFS,CA,private label,debit
115342,00-99,CORBEIL - TDFS,CA,private label,debit
115343,00-99,CORBEIL - TDFS,CA,private label,debit
115344,00-99,CORBEIL - TDFS,CA,private label,debit
115345,00-99,CORBEIL - TDFS,CA,private label,debit
115346,00-99,CORBEIL - TDFS,CA,private label,debit
115347,00-99,CORBEIL - TDFS,CA,private label,debit
115348,00-99,CORBEIL - TDFS,CA,private label,debit
115349,00-99,CORBEIL - TDFS,CA,private label,debit
115350,00-99,CORBEIL - TDFS,CA,private label,debit
115351,00-99,CORBEIL - TDFS,CA,private label,debit
115352,00-99,CORBEIL - TDFS,CA,private label,debit
115353,00-99,CORBEIL - TDFS,CA,private label,debit
115354,00-99,CORBEIL - TDFS,CA,private label,debit
115355,00-99,CORBEIL - TDFS,CA,private label,debit
115356,00-99,CORBEIL - TDFS,CA,private label,debit
115357,00-99,CORBEIL - TDFS,CA,private label,debit
115358,00-99,CORBEIL - TDFS,CA,private label,debit
115359,00-99,CORBEIL - TDFS,CA,private label,debit
115360,00-99,CORBEIL - TDFS,CA,private label,debit
115361,00-99,CORBEIL - TDFS,CA,private label,debit
115362,00-99,CORBEIL - TDFS,CA,private label,debit
115363,00-99,CORBEIL - TDFS,CA,private label,debit
115364,00-99,CORBEIL - TDFS,CA,private label,debit
115365,00-99,CORBEIL - TDFS,CA,private label,debit
115366,00-99,CORBEIL - TDFS,CA,private label,debit
115367,00-99,CORBEIL - TDFS,CA,private label,debit
115368,00-99,CORBEIL - TDFS,CA,private label,debit
115369,00-99,CORBEIL - TDFS,CA,private label,debit
115370,00-99,CORBEIL - TDFS,CA,private label,debit
115371,00-99,CORBEIL - TDFS,CA,private label,debit
115372,00-99,CORBEIL - TDFS,CA,private label,debit
115373,00-99,CORBEIL - TDFS,CA,private label,debit
115374,00-99,CORBEIL - TDFS,CA,private label,debit
115375,00-99,CORBEIL - TDFS,CA,private label,debit
115376,00-99,CORBEIL - TDFS,CA,private label,debit
115377,00-99,CORBEIL - TDFS,CA,private label,debit
115378,00-99,CORBEIL - TDFS,CA,private label,debit
115379,00-99,CORBEIL - TDFS,CA,private label,debit
115380,00-99,CORBEIL - TDFS,CA,private label,debit
115381,00-99,CORBEIL - TDFS,CA,private label,debit
115382,00-99,CORBEIL - TDFS,CA,private label,debit
115383,00-99,CORBEIL - TDFS,CA,private label,debit
115384,00-99,CORBEIL - TDFS,CA,private label,debit
115385,00-99,CORBEIL - TDFS,CA,private label,debit
115386,00-99,CORBEIL - TDFS,CA,private label,debit
115387,00-99,CORBEIL - TDFS,CA,private label,debit
115388,00-99,CORBEIL - TDFS,CA,private label,debit
115389,00-99,CORBEIL - TDFS,CA,private label,debit
115390,00-99,CORBEIL - TDFS,CA,private label,debit
115391,00-99,CORBEIL - TDFS,CA,private label,debit
115392,00-99,CORBEIL - TDFS,CA,private label,debit
115393,00-99,CORBEIL - TDFS,CA,private label,debit
115394,00-99,CORBEIL - TDFS,CA,private label,debit
115395,00-99,CORBEIL - TDFS,CA,private label,debit
115396,00-99,CORBEIL - TDFS,CA,private label,debit
115397,00-99,CORBEIL - TDFS,CA,private label,debit
115398,00-99,CORBEIL - TDFS,CA,private label,debit
115399,00-99,CORBEIL - TDFS,CA,private label,debit
115400,00-99,CORBEIL - TDFS,CA,private label,debit
115401,00-99,CORBEIL - TDFS,CA,private label,debit
115402,00-99,CORBEIL - TDFS,CA,private label,debit
115403,00-99,CORBEIL - TDFS,CA,private label,debit
115404,00-99,CORBEIL - TDFS,CA,private label,debit
115405,00-99,CORBEIL - TDFS,CA,private label,debit
115406,00-99,CORBEIL - TDFS,CA,private label,debit
115407,00-99,CORBEIL - TDFS,CA,private label,debit
115408,00-99,CORBEIL - TDFS,CA,private label,debit
115409,00-99,CORBEIL - TDFS,CA,private label,debit
115410,00-99,CORBEIL - TDFS,CA,private label,debit
115411,00-99,CORBEIL - TDFS,CA,private label,debit
115412,00-99,CORBEIL - TDFS,CA,private label,debit
115413,00-99,CORBEIL - TDFS,CA,private label,debit
115414,00-99,CORBEIL - TDFS,CA,private label,debit
115415,00-99,CORBEIL - TDFS,CA,private label,debit
115416,00-99,CORBEIL - TDFS,CA,private label,debit
115417,00-99,CORBEIL - TDFS,CA,private label,debit
115418,00-99,CORBEIL - TDFS,CA,private label,debit
115419,00-99,CORBEIL - TDFS,CA,private label,debit
115420,00-99,CORBEIL - TDFS,CA,private label,debit
115421,00-99,CORBEIL - TDFS,CA,private label,debit
115422,00-99,CORBEIL - TDFS,CA,private label,debit
115423,00-99,CORBEIL - TDFS,CA,private label,debit
115424,00-99,CORBEIL - TDFS,CA,private label,debit
115425,00-99,CORBEIL - TDFS,CA,private label,debit
115426,00-99,CORBEIL - TDFS,CA,private label,debit
115427,00-99,CORBEIL - TDFS,CA,private label,debit
115428,00-99,CORBEIL - TDFS,CA,private label,debit
115429,00-99,CORBEIL - TDFS,CA,private label,debit
115430,00-99,CORBEIL - TDFS,CA,private label,debit
115431,00-99,CORBEIL - TDFS,CA,private label,debit
115432,00-99,CORBEIL - TDFS,CA,private label,debit
115433,00-99,CORBEIL - TDFS,CA,private label,debit
115434,00-99,CORBEIL - TDFS,CA,private label,debit
115435,00-99,CORBEIL - TDFS,CA,private label,debit
115436,00-99,CORBEIL - TDFS,CA,private label,debit
115437,00-99,CORBEIL - TDFS,CA,private label,debit
115438,00-99,CORBEIL - TDFS,CA,private label,debit
115439,00-99,CORBEIL - TDFS,CA,private label,debit
115440,00-99,CORBEIL - TDFS,CA,private label,debit
115441,00-99,CORBEIL - TDFS,CA,private label,debit
115442,00-99,CORBEIL - TDFS,CA,private label,debit
115443,00-99,CORBEIL - TDFS,CA,private label,debit
115444,00-99,CORBEIL - TDFS,CA,private label,debit
115445,00-99,CORBEIL - TDFS,CA,private label,debit
115446,00-99,CORBEIL - TDFS,CA,private label,debit
115447,00-99,CORBEIL - TDFS,CA,private label,debit
115448,00-99,CORBEIL - TDFS,CA,private label,debit
115449,00-99,CORBEIL - TDFS,CA,private label,debit
115450,00-99,CORBEIL - TDFS,CA,private label,debit
115451,00-99,CORBEIL - TDFS,CA,private label,debit
115452,00-99,CORBEIL - TDFS,CA,private label,debit
115453,00-99,CORBEIL - TDFS,CA,private label,debit
115454,00-99,CORBEIL - TDFS,CA,private label,debit
115455,00-99,CORBEIL - TDFS,CA,private label,debit
115456,00-99,CORBEIL - TDFS,CA,private label,debit
115457,00-99,CORBEIL - TDFS,CA,private label,debit
115458,00-99,CORBEIL - TDFS,CA,private label,debit
115459,00-99,CORBEIL - TDFS,CA,private label,debit
115460,00-99,CORBEIL - TDFS,CA,private label,debit
115461,00-99,CORBEIL - TDFS,CA,private label,debit
115462,00-99,CORBEIL - TDFS,CA,private label,debit
115463,00-99,CORBEIL - TDFS,CA,private label,debit
115464,00-99,CORBEIL - TDFS,CA,private label,debit
115465,00-99,CORBEIL - TDFS,CA,private label,debit
115466,00-99,CORBEIL - TDFS,CA,private label,debit
115467,00-99,CORBEIL - TDFS,CA,private label,debit
115468,00-99,CORBEIL - TDFS,CA,private label,debit
115469,00-99,CORBEIL - TDFS,CA,private label,debit
115470,00-99,CORBEIL - TDFS,CA,private label,debit
115471,00-99,CORBEIL - TDFS,CA,private label,debit
115472,00-99,CORBEIL - TDFS,CA,private label,debit
115473,00-99,CORBEIL - TDFS,CA,private label,debit
115474,00-99,CORBEIL - TDFS,CA,private label,debit
115475,00-99,CORBEIL - TDFS,CA,private label,debit
115476,00-99,CORBEIL - TDFS,CA,private label,debit
115477,00-99,CORBEIL - TDFS,CA,private label,debit
115478,00-99,CORBEIL - TDFS,CA,private label,debit
115479,00-99,CORBEIL - TDFS,CA,private label,debit
115480,00-99,CORBEIL - TDFS,CA,private label,debit
115481,00-99,CORBEIL - TDFS,CA,private label,debit
115482,00-99,CORBEIL - TDFS,CA,private label,debit
115483,00-99,CORBEIL - TDFS,CA,private label,debit
115484,00-99,CORBEIL - TDFS,CA,private label,debit
115485,00-99,CORBEIL - TDFS,CA,private label,debit
115486,00-99,CORBEIL - TDFS,CA,private label,debit
115487,00-99,CORBEIL - TDFS,CA,private label,debit
115488,00-99,CORBEIL - TDFS,CA,private label,debit
115489,00-99,CORBEIL - TDFS,CA,private label,debit
115490,00-99,CORBEIL - TDFS,CA,private label,debit
115491,00-99,CORBEIL - TDFS,CA,private label,debit
115492,00-99,CORBEIL - TDFS,CA,private label,debit
115493,00-99,CORBEIL - TDFS,CA,private label,debit
115494,00-99,CORBEIL - TDFS,CA,private label,debit
115495,00-99,CORBEIL - TDFS,CA,private label,debit
115496,00-99,CORBEIL - TDFS,CA,private label,debit
115497,00-99,CORBEIL - TDFS,CA,private label,debit
115498,00-99,CORBEIL - TDFS,CA,private label,debit
115499,00-99,CORBEIL - TDFS,CA,private label,debit
115500,00-99,CORBEIL - TDFS,CA,private label,debit
115501,00-99,CORBEIL - TDFS,CA,private label,debit
115502,00-99,CORBEIL - TDFS,CA,private label,debit
115503,00-99,CORBEIL - TDFS,CA,private label,debit
115504,00-99,CORBEIL - TDFS,CA,private label,debit
115505,00-99,CORBEIL - TDFS,CA,private label,debit
115506,00-99,CORBEIL - TDFS,CA,private label,debit
115507,00-99,CORBEIL - TDFS,CA,private label,debit
115508,00-99,CORBEIL - TDFS,CA,private label,debit
115509,00-99,CORBEIL - TDFS,CA,private label,debit
115510,00-99,CORBEIL - TDFS,CA,private label,debit
115511,00-99,CORBEIL - TDFS,CA,private label,debit
115512,00-99,CORBEIL - TDFS,CA,private label,debit
115513,00-99,CORBEIL - TDFS,CA,private label,debit
115514,00-99,CORBEIL - TDFS,CA,private label,debit
115515,00-99,CORBEIL - TDFS,CA,private label,debit
115516,00-99,CORBEIL - TDFS,CA,private label,debit
115517,00-99,CORBEIL - TDFS,CA,private label,debit
115518,00-99,CORBEIL - TDFS,CA,private label,debit
115519,00-99,CORBEIL - TDFS,CA,private label,debit
115520,00-99,CORBEIL - TDFS,CA,private label,debit
115521,00-99,CORBEIL - TDFS,CA,private label,debit
115522,00-99,CORBEIL - TDFS,CA,private label,debit
115523,00-99,CORBEIL - TDFS,CA,private label,debit
115524,00-99,CORBEIL - TDFS,CA,private label,debit
115525,00-99,CORBEIL - TDFS,CA,private label,debit
115526,00-99,CORBEIL - TDFS,CA,private label,debit
115527,00-99,CORBEIL - TDFS,CA,private label,debit
115528,00-99,CORBEIL - TDFS,CA,private label,debit
115529,00-99,CORBEIL - TDFS,CA,private label,debit
115530,00-99,CORBEIL - TDFS,CA,private label,debit
115531,00-99,CORBEIL - TDFS,CA,private label,debit
115532,00-99,CORBEIL - TDFS,CA,private label,debit
115533,00-99,CORBEIL - TDFS,CA,private label,debit
115534,00-99,CORBEIL - TDFS,CA,private label,debit
115535,00-99,CORBEIL - TDFS,CA,private label,debit
115536,00-99,CORBEIL - TDFS,CA,private label,debit
115537,00-99,CORBEIL - TDFS,CA,private label,debit
115538,00-99,CORBEIL - TDFS,CA,private label,debit
115539,00-99,CORBEIL - TDFS,CA,private label,debit
115540,00-99,CORBEIL - TDFS,CA,private label,debit
115541,00-99,CORBEIL - TDFS,CA,private label,debit
115542,00-99,CORBEIL - TDFS,CA,private label,debit
115543,00-99,CORBEIL - TDFS,CA,private label,debit
115544,00-99,CORBEIL - TDFS,CA,private label,debit
115545,00-99,CORBEIL - TDFS,CA,private label,debit
115546,00-99,CORBEIL - TDFS,CA,private label,debit
115547,00-99,CORBEIL - TDFS,CA,private label,debit
115548,00-99,CORBEIL - TDFS,CA,private label,debit
115549,00-99,CORBEIL - TDFS,CA,private label,debit
115550,00-99,CORBEIL - TDFS,CA,private label,debit
115551,00-99,CORBEIL - TDFS,CA,private label,debit
115552,00-99,CORBEIL - TDFS,CA,private label,debit
115553,00-99,CORBEIL - TDFS,CA,private label,debit
115554,00-99,CORBEIL - TDFS,CA,private label,debit
115555,00-99,CORBEIL - TDFS,CA,private label,debit
115556,00-99,CORBEIL - TDFS,CA,private label,debit
115557,00-99,CORBEIL - TDFS,CA,private label,debit
115558,00-99,CORBEIL - TDFS,CA,private label,debit
115559,00-99,CORBEIL - TDFS,CA,private label,debit
115560,00-99,CORBEIL - TDFS,CA,private label,debit
115561,00-99,CORBEIL - TDFS,CA,private label,debit
115562,00-99,CORBEIL - TDFS,CA,private label,debit
115563,00-99,CORBEIL - TDFS,CA,private label,debit
115564,00-99,CORBEIL - TDFS,CA,private label,debit
115565,00-99,CORBEIL - TDFS,CA,private label,debit
115566,00-99,CORBEIL - TDFS,CA,private label,debit
115567,00-99,CORBEIL - TDFS,CA,private label,debit
115568,00-99,CORBEIL - TDFS,CA,private label,debit
115569,00-99,CORBEIL - TDFS,CA,private label,debit
115570,00-99,CORBEIL - TDFS,CA,private label,debit
115571,00-99,CORBEIL - TDFS,CA,private label,debit
115572,00-99,CORBEIL - TDFS,CA,private label,debit
115573,00-99,CORBEIL - TDFS,CA,private label,debit
115574,00-99,CORBEIL - TDFS,CA,private label,debit
115575,00-99,CORBEIL - TDFS,CA,private label,debit
115576,00-99,CORBEIL - TDFS,CA,private label,debit
115577,00-99,CORBEIL - TDFS,CA,private label,debit
115578,00-99,CORBEIL - TDFS,CA,private label,debit
115579,00-99,CORBEIL - TDFS,CA,private label,debit
115580,00-99,CORBEIL - TDFS,CA,private label,debit
115581,00-99,CORBEIL - TDFS,CA,private label,debit
115582,00-99,CORBEIL - TDFS,CA,private label,debit
115583,00-99,CORBEIL - TDFS,CA,private label,debit
115584,00-99,CORBEIL - TDFS,CA,private label,debit
115585,00-99,CORBEIL - TDFS,CA,private label,debit
115586,00-99,CORBEIL - TDFS,CA,private label,debit
115587,00-99,CORBEIL - TDFS,CA,private label,debit
115588,00-99,CORBEIL - TDFS,CA,private label,debit
115589,00-99,CORBEIL - TDFS,CA,private label,debit
115590,00-99,CORBEIL - TDFS,CA,private label,debit
115591,00-99,CORBEIL - TDFS,CA,private label,debit
115592,00-99,CORBEIL - TDFS,CA,private label,debit
115593,00-99,CORBEIL - TDFS,CA,private label,debit
115594,00-99,CORBEIL - TDFS,CA,private label,debit
115595,00-99,CORBEIL - TDFS,CA,private label,debit
115596,00-99,CORBEIL - TDFS,CA,private label,debit
115597,00-99,CORBEIL - TDFS,CA,private label,debit
115598,00-99,CORBEIL - TDFS,CA,private label,debit
115599,00-99,CORBEIL - TDFS,CA,private label,debit
115600,00-99,CORBEIL - TDFS,CA,private label,debit
115601,00-99,CORBEIL - TDFS,CA,private label,debit
115602,00-99,CORBEIL - TDFS,CA,private label,debit
115603,00-99,CORBEIL - TDFS,CA,private label,debit
115604,00-99,CORBEIL - TDFS,CA,private label,debit
115605,00-99,CORBEIL - TDFS,CA,private label,debit
115606,00-99,CORBEIL - TDFS,CA,private label,debit
115607,00-99,CORBEIL - TDFS,CA,private label,debit
115608,00-99,CORBEIL - TDFS,CA,private label,debit
115609,00-99,CORBEIL - TDFS,CA,private label,debit
115610,00-99,CORBEIL - TDFS,CA,private label,debit
115611,00-99,CORBEIL - TDFS,CA,private label,debit
115612,00-99,CORBEIL - TDFS,CA,private label,debit
115613,00-99,CORBEIL - TDFS,CA,private label,debit
115614,00-99,CORBEIL - TDFS,CA,private label,debit
115615,00-99,CORBEIL - TDFS,CA,private label,debit
115616,00-99,CORBEIL - TDFS,CA,private label,debit
115617,00-99,CORBEIL - TDFS,CA,private label,debit
115618,00-99,CORBEIL - TDFS,CA,private label,debit
115619,00-99,CORBEIL - TDFS,CA,private label,debit
115620,00-99,CORBEIL - TDFS,CA,private label,debit
115621,00-99,CORBEIL - TDFS,CA,private label,debit
115622,00-99,CORBEIL - TDFS,CA,private label,debit
115623,00-99,CORBEIL - TDFS,CA,private label,debit
115624,00-99,CORBEIL - TDFS,CA,private label,debit
115625,00-99,CORBEIL - TDFS,CA,private label,debit
115626,00-99,CORBEIL - TDFS,CA,private label,debit
115627,00-99,CORBEIL - TDFS,CA,private label,debit
115628,00-99,CORBEIL - TDFS,CA,private label,debit
115629,00-99,CORBEIL - TDFS,CA,private label,debit
115630,00-99,CORBEIL - TDFS,CA,private label,debit
115631,00-99,CORBEIL - TDFS,CA,private label,debit
115632,00-99,CORBEIL - TDFS,CA,private label,debit
115633,00-99,CORBEIL - TDFS,CA,private label,debit
115634,00-99,CORBEIL - TDFS,CA,private label,debit
115635,00-99,CORBEIL - TDFS,CA,private label,debit
115636,00-99,CORBEIL - TDFS,CA,private label,debit
115637,00-99,CORBEIL - TDFS,CA,private label,debit
115638,00-99,CORBEIL - TDFS,CA,private label,debit
115639,00-99,CORBEIL - TDFS,CA,private label,debit
115640,00-99,CORBEIL - TDFS,CA,private label,debit
115641,00-99,CORBEIL - TDFS,CA,private label,debit
115642,00-99,CORBEIL - TDFS,CA,private label,debit
115643,00-99,CORBEIL - TDFS,CA,private label,debit
115644,00-99,CORBEIL - TDFS,CA,private label,debit
115645,00-99,CORBEIL - TDFS,CA,private label,debit
115646,00-99,CORBEIL - TDFS,CA,private label,debit
115647,00-99,CORBEIL - TDFS,CA,private label,debit
115648,00-99,CORBEIL - TDFS,CA,private label,debit
115649,00-99,CORBEIL - TDFS,CA,private label,debit
115650,00-99,CORBEIL - TDFS,CA,private label,debit
115651,00-99,CORBEIL - TDFS,CA,private label,debit
115652,00-99,CORBEIL - TDFS,CA,private label,debit
115653,00-99,CORBEIL - TDFS,CA,private label,debit
115654,00-99,CORBEIL - TDFS,CA,private label,debit
115655,00-99,CORBEIL - TDFS,CA,private label,debit
115656,00-99,CORBEIL - TDFS,CA,private label,debit
115657,00-99,CORBEIL - TDFS,CA,private label,debit
115658,00-99,CORBEIL - TDFS,CA,private label,debit
115659,00-99,CORBEIL - TDFS,CA,private label,debit
115660,00-99,CORBEIL - TDFS,CA,private label,debit
115661,00-99,CORBEIL - TDFS,CA,private label,debit
115662,00-99,CORBEIL - TDFS,CA,private label,debit
115663,00-99,CORBEIL - TDFS,CA,private label,debit
115664,00-99,CORBEIL - TDFS,CA,private label,debit
115665,00-99,CORBEIL - TDFS,CA,private label,debit
115666,00-99,CORBEIL - TDFS,CA,private label,debit
115667,00-99,CORBEIL - TDFS,CA,private label,debit
115668,00-99,CORBEIL - TDFS,CA,private label,debit
115669,00-99,CORBEIL - TDFS,CA,private label,debit
115670,00-99,CORBEIL - TDFS,CA,private label,debit
115671,00-99,CORBEIL - TDFS,CA,private label,debit
115672,00-99,CORBEIL - TDFS,CA,private label,debit
115673,00-99,CORBEIL - TDFS,CA,private label,debit
115674,00-99,CORBEIL - TDFS,CA,private label,debit
115675,00-99,CORBEIL - TDFS,CA,private label,debit
115676,00-99,CORBEIL - TDFS,CA,private label,debit
115677,00-99,CORBEIL - TDFS,CA,private label,debit
115678,00-99,CORBEIL - TDFS,CA,private label,debit
115679,00-99,CORBEIL - TDFS,CA,private label,debit
115680,00-99,CORBEIL - TDFS,CA,private label,debit
115681,00-99,CORBEIL - TDFS,CA,private label,debit
115682,00-99,CORBEIL - TDFS,CA,private label,debit
115683,00-99,CORBEIL - TDFS,CA,private label,debit
115684,00-99,CORBEIL - TDFS,CA,private label,debit
115685,00-99,CORBEIL - TDFS,CA,private label,debit
115686,00-99,CORBEIL - TDFS,CA,private label,debit
115687,00-99,CORBEIL - TDFS,CA,private label,debit
115688,00-99,CORBEIL - TDFS,CA,private label,debit
115689,00-99,CORBEIL - TDFS,CA,private label,debit
115690,00-99,CORBEIL - TDFS,CA,private label,debit
115691,00-99,CORBEIL - TDFS,CA,private label,debit
115692,00-99,CORBEIL - TDFS,CA,private label,debit
115693,00-99,CORBEIL - TDFS,CA,private label,debit
115694,00-99,CORBEIL - TDFS,CA,private label,debit
115695,00-99,CORBEIL - TDFS,CA,private label,debit
115696,00-99,CORBEIL - TDFS,CA,private label,debit
115697,00-99,CORBEIL - TDFS,CA,private label,debit
115698,00-99,CORBEIL - TDFS,CA,private label,debit
115699,00-99,CORBEIL - TDFS,CA,private label,debit
115700,00-99,QATAR AIRWAYS (QR),QA,uatp,credit
115701,00-99,QATAR AIRWAYS (QR),QA,uatp,credit
115702,00-99,QATAR AIRWAYS (QR),QA,uatp,credit
115703,00-99,QATAR AIRWAYS (QR),QA,uatp,credit
115704,00-99,QATAR AIRWAYS (QR),QA,uatp,credit
115705,00-99,QATAR AIRWAYS (QR),QA,uatp,credit
115706,00-99,QATAR AIRWAYS (QR),QA,uatp,credit
115707,00-99,QATAR AIRWAYS (QR),QA,uatp,credit
115708,00-99,QATAR AIRWAYS (QR),QA,uatp,credit
115709,00-99,QATAR AIRWAYS (QR),QA,uatp,credit
115710,00-99,QATAR AIRWAYS (QR),QA,uatp,credit
115711,00-99,QATAR AIRWAYS (QR),QA,uatp,credit
115712,00-99,QATAR AIRWAYS (QR),QA,uatp,credit
115713,00-99,QATAR AIRWAYS (QR),QA,uatp,credit
115714,00-99,QATAR AIRWAYS (QR),QA,uatp,credit
115715,00-99,QATAR AIRWAYS (QR),QA,uatp,credit
115716,00-99,QATAR AIRWAYS (QR),QA,uatp,credit
115717,00-99,QATAR AIRWAYS (QR),QA,uatp,credit
115718,00-99,QATAR AIRWAYS (QR),QA,uatp,credit
115719,00-99,QATAR AIRWAYS (QR),QA,uatp,credit
115720,00-99,QATAR AIRWAYS (QR),QA,uatp,credit
115721,00-99,QATAR AIRWAYS (QR),QA,uatp,credit
115722,00-99,QATAR AIRWAYS (QR),QA,uatp,credit
115723,00-99,QATAR AIRWAYS (QR),QA,uatp,credit
115724,00-99,QATAR AIRWAYS (QR),QA,uatp,credit
115725,00-99,QATAR AIRWAYS (QR),QA,uatp,credit
115726,00-99,QATAR AIRWAYS (QR),QA,uatp,credit
115727,00-99,QATAR AIRWAYS (QR),QA,uatp,credit
115728,00-99,QATAR AIRWAYS (QR),QA,uatp,credit
115729,00-99,QATAR AIRWAYS (QR),QA,uatp,credit
115730,00-99,QATAR AIRWAYS (QR),QA,uatp,credit
115731,00-99,QATAR AIRWAYS (QR),QA,uatp,credit
115732,00-99,QATAR AIRWAYS (QR),QA,uatp,credit
115733,00-99,QATAR AIRWAYS (QR),QA,uatp,credit
115734,00-99,QATAR AIRWAYS (QR),QA,uatp,credit
115735,00-99,QATAR AIRWAYS (QR),QA,uatp,credit
115736,00-99,QATAR AIRWAYS (QR),QA,uatp,credit
115737,00-99,QATAR AIRWAYS (QR),QA,uatp,credit
115738,00-99,QATAR AIRWAYS (QR),QA,uatp,credit
115739,00-99,QATAR AIRWAYS (QR),QA,uatp,credit
115740,00-99,QATAR AIRWAYS (QR),QA,uatp,credit
115741,00-99,QATAR AIRWAYS (QR),QA,uatp,credit
115742,00-99,QATAR AIRWAYS (QR),QA,uatp,credit
115743,00-99,QATAR AIRWAYS (QR),QA,uatp,credit
115744,00-99,QATAR AIRWAYS (QR),QA,uatp,credit
115745,00-99,QATAR AIRWAYS (QR),QA,uatp,credit
115746,00-99,QATAR AIRWAYS (QR),QA,uatp,credit
115747,00-99,QATAR AIRWAYS (QR),QA,uatp,credit
115748,00-99,QATAR AIRWAYS (QR),QA,uatp,credit
115749,00-99,QATAR AIRWAYS (QR),QA,uatp,credit
115750,00-99,QATAR AIRWAYS (QR),QA,uatp,credit
115751,00-99,QATAR AIRWAYS (QR),QA,uatp,credit
115752,00-99,QATAR AIRWAYS (QR),QA,uatp,credit
115753,00-99,QATAR AIRWAYS (QR),QA,uatp,credit
115754,00-99,QATAR AIRWAYS (QR),QA,uatp,credit
115755,00-99,QATAR AIRWAYS (QR),QA,uatp,credit
115756,00-99,QATAR AIRWAYS (QR),QA,uatp,credit
115757,00-99,QATAR AIRWAYS (QR),QA,uatp,credit
115758,00-99,QATAR AIRWAYS (QR),QA,uatp,credit
115759,00-99,QATAR AIRWAYS (QR),QA,uatp,credit
115760,00-99,QATAR AIRWAYS (QR),QA,uatp,credit
115761,00-99,QATAR AIRWAYS (QR),QA,uatp,credit
115762,00-99,QATAR AIRWAYS (QR),QA,uatp,credit
115763,00-99,QATAR AIRWAYS (QR),QA,uatp,credit
115764,00-99,QATAR AIRWAYS (QR),QA,uatp,credit
115765,00-99,QATAR AIRWAYS (QR),QA,uatp,credit
115766,00-99,QATAR AIRWAYS (QR),QA,uatp,credit
115767,00-99,QATAR AIRWAYS (QR),QA,uatp,credit
115768,00-99,QATAR AIRWAYS (QR),QA,uatp,credit
115769,00-99,QATAR AIRWAYS (QR),QA,uatp,credit
115770,00-99,QATAR AIRWAYS (QR),QA,uatp,credit
115771,00-99,QATAR AIRWAYS (QR),QA,uatp,credit
115772,00-99,QATAR AIRWAYS (QR),QA,uatp,credit
115773,00-99,QATAR AIRWAYS (QR),QA,uatp,credit
115774,00-99,QATAR AIRWAYS (QR),QA,uatp,credit
115775,00-99,QATAR AIRWAYS (QR),QA,uatp,credit
115776,00-99,QATAR AIRWAYS (QR),QA,uatp,credit
115777,00-99,QATAR AIRWAYS (QR),QA,uatp,credit
115778,00-99,QATAR AIRWAYS (QR),QA,uatp,credit
115779,00-99,QATAR AIRWAYS (QR),QA,uatp,credit
115780,00-99,QATAR AIRWAYS (QR),QA,uatp,credit
115781,00-99,QATAR AIRWAYS (QR),QA,uatp,credit
115782,00-99,QATAR AIRWAYS (QR),QA,uatp,credit
115783,00-99,QATAR AIRWAYS (QR),QA,uatp,credit
115784,00-99,QATAR AIRWAYS (QR),QA,uatp,credit
115785,00-99,QATAR AIRWAYS (QR),QA,uatp,credit
115786,00-99,QATAR AIRWAYS (QR),QA,uatp,credit
115787,00-99,QATAR AIRWAYS (QR),QA,uatp,credit
115788,00-99,QATAR AIRWAYS (QR),QA,uatp,credit
115789,00-99,QATAR AIRWAYS (QR),QA,uatp,credit
115790,00-99,QATAR AIRWAYS (QR),QA,uatp,credit
115791,00-99,QATAR AIRWAYS (QR),QA,uatp,credit
115792,00-99,QATAR AIRWAYS (QR),QA,uatp,credit
115793,00-99,QATAR AIRWAYS (QR),QA,uatp,credit
115794,00-99,QATAR AIRWAYS (QR),QA,uatp,credit
115795,00-99,QATAR AIRWAYS (QR),QA,uatp,credit
115796,00-99,QATAR AIRWAYS (QR),QA,uatp,credit
115797,00-99,QATAR AIRWAYS (QR),QA,uatp,credit
115798,00-99,QATAR AIRWAYS (QR),QA,uatp,credit
115799,00-99,QATAR AIRWAYS (QR),QA,uatp,credit
115800,00-99,CORBEIL - TDFS,CA,private label,debit
115801,00-99,CORBEIL - TDFS,CA,private label,debit
115802,00-99,CORBEIL - TDFS,CA,private label,debit
115803,00-99,CORBEIL - TDFS,CA,private label,debit
115804,00-99,CORBEIL - TDFS,CA,private label,debit
115805,00-99,CORBEIL - TDFS,CA,private label,debit
115806,00-99,CORBEIL - TDFS,CA,private label,debit
115807,00-99,CORBEIL - TDFS,CA,private label,debit
115808,00-99,CORBEIL - TDFS,CA,private label,debit
115809,00-99,CORBEIL - TDFS,CA,private label,debit
115810,00-99,CORBEIL - TDFS,CA,private label,debit
115811,00-99,CORBEIL - TDFS,CA,private label,debit
115812,00-99,CORBEIL - TDFS,CA,private label,debit
115813,00-99,CORBEIL - TDFS,CA,private label,debit
115814,00-99,CORBEIL - TDFS,CA,private label,debit
115815,00-99,CORBEIL - TDFS,CA,private label,debit
115816,00-99,CORBEIL - TDFS,CA,private label,debit
115817,00-99,CORBEIL - TDFS,CA,private label,debit
115818,00-99,CORBEIL - TDFS,CA,private label,debit
115819,00-99,CORBEIL - TDFS,CA,private label,debit
115820,00-99,CORBEIL - TDFS,CA,private label,debit
115821,00-99,CORBEIL - TDFS,CA,private label,debit
115822,00-99,CORBEIL - TDFS,CA,private label,debit
115823,00-99,CORBEIL - TDFS,CA,private label,debit
115824,00-99,CORBEIL - TDFS,CA,private label,debit
115825,00-99,CORBEIL - TDFS,CA,private label,debit
115826,00-99,CORBEIL - TDFS,CA,private label,debit
115827,00-99,CORBEIL - TDFS,CA,private label,debit
115828,00-99,CORBEIL - TDFS,CA,private label,debit
115829,00-99,CORBEIL - TDFS,CA,private label,debit
115830,00-99,CORBEIL - TDFS,CA,private label,debit
115831,00-99,CORBEIL - TDFS,CA,private label,debit
115832,00-99,CORBEIL - TDFS,CA,private label,debit
115833,00-99,CORBEIL - TDFS,CA,private label,debit
115834,00-99,CORBEIL - TDFS,CA,private label,debit
115835,00-99,CORBEIL - TDFS,CA,private label,debit
115836,00-99,CORBEIL - TDFS,CA,private label,debit
115837,00-99,CORBEIL - TDFS,CA,private label,debit
115838,00-99,CORBEIL - TDFS,CA,private label,debit
115839,00-99,CORBEIL - TDFS,CA,private label,debit
115840,00-99,CORBEIL - TDFS,CA,private label,debit
115841,00-99,CORBEIL - TDFS,CA,private label,debit
115842,00-99,CORBEIL - TDFS,CA,private label,debit
115843,00-99,CORBEIL - TDFS,CA,private label,debit
115844,00-99,CORBEIL - TDFS,CA,private label,debit
115845,00-99,CORBEIL - TDFS,CA,private label,debit
115846,00-99,CORBEIL - TDFS,CA,private label,debit
115847,00-99,CORBEIL - TDFS,CA,private label,debit
115848,00-99,CORBEIL - TDFS,CA,private label,debit
115849,00-99,CORBEIL - TDFS,CA,private label,debit
115850,00-99,CORBEIL - TDFS,CA,private label,debit
115851,00-99,CORBEIL - TDFS,CA,private label,debit
115852,00-99,CORBEIL - TDFS,CA,private label,debit
115853,00-99,CORBEIL - TDFS,CA,private label,debit
115854,00-99,CORBEIL - TDFS,CA,private label,debit
115855,00-99,CORBEIL - TDFS,CA,private label,debit
115856,00-99,CORBEIL - TDFS,CA,private label,debit
115857,00-99,CORBEIL - TDFS,CA,private label,debit
115858,00-99,CORBEIL - TDFS,CA,private label,debit
115859,00-99,CORBEIL - TDFS,CA,private label,debit
115860,00-99,CORBEIL - TDFS,CA,private label,debit
115861,00-99,CORBEIL - TDFS,CA,private label,debit
115862,00-99,CORBEIL - TDFS,CA,private label,debit
115863,00-99,CORBEIL - TDFS,CA,private label,debit
115864,00-99,CORBEIL - TDFS,CA,private label,debit
115865,00-99,CORBEIL - TDFS,CA,private label,debit
115866,00-99,CORBEIL - TDFS,CA,private label,debit
115867,00-99,CORBEIL - TDFS,CA,private label,debit
115868,00-99,CORBEIL - TDFS,CA,private label,debit
115869,00-99,CORBEIL - TDFS,CA,private label,debit
115870,00-99,CORBEIL - TDFS,CA,private label,debit
115871,00-99,CORBEIL - TDFS,CA,private label,debit
115872,00-99,CORBEIL - TDFS,CA,private label,debit
115873,00-99,CORBEIL - TDFS,CA,private label,debit
115874,00-99,CORBEIL - TDFS,CA,private label,debit
115875,00-99,CORBEIL - TDFS,CA,private label,debit
115876,00-99,CORBEIL - TDFS,CA,private label,debit
115877,00-99,CORBEIL - TDFS,CA,private label,debit
115878,00-99,CORBEIL - TDFS,CA,private label,debit
115879,00-99,CORBEIL - TDFS,CA,private label,debit
115880,00-99,CORBEIL - TDFS,CA,private label,debit
115881,00-99,CORBEIL - TDFS,CA,private label,debit
115882,00-99,CORBEIL - TDFS,CA,private label,debit
115883,00-99,CORBEIL - TDFS,CA,private label,debit
115884,00-99,CORBEIL - TDFS,CA,private label,debit
115885,00-99,CORBEIL - TDFS,CA,private label,debit
115886,00-99,CORBEIL - TDFS,CA,private label,debit
115887,00-99,CORBEIL - TDFS,CA,private label,debit
115888,00-99,CORBEIL - TDFS,CA,private label,debit
115889,00-99,CORBEIL - TDFS,CA,private label,debit
115890,00-99,CORBEIL - TDFS,CA,private label,debit
115891,00-99,CORBEIL - TDFS,CA,private label,debit
115892,00-99,CORBEIL - TDFS,CA,private label,debit
115893,00-99,CORBEIL - TDFS,CA,private label,debit
115894,00-99,CORBEIL - TDFS,CA,private label,debit
115895,00-99,CORBEIL - TDFS,CA,private label,debit
115896,00-99,CORBEIL - TDFS,CA,private label,debit
115897,00-99,CORBEIL - TDFS,CA,private label,debit
115898,00-99,CORBEIL - TDFS,CA,private label,debit
115899,00-99,CORBEIL - TDFS,CA,private label,debit
115900,00-99,CORBEIL - TDFS,CA,private label,debit
115901,00-99,CORBEIL - TDFS,CA,private label,debit
115902,00-99,CORBEIL - TDFS,CA,private label,debit
115903,00-99,CORBEIL - TDFS,CA,private label,debit
115904,00-99,CORBEIL - TDFS,CA,private label,debit
115905,00-99,CORBEIL - TDFS,CA,private label,debit
115906,00-99,CORBEIL - TDFS,CA,private label,debit
115907,00-99,CORBEIL - TDFS,CA,private label,debit
115908,00-99,CORBEIL - TDFS,CA,private label,debit
115909,00-99,CORBEIL - TDFS,CA,private label,debit
115910,00-99,CORBEIL - TDFS,CA,private label,debit
115911,00-99,CORBEIL - TDFS,CA,private label,debit
115912,00-99,CORBEIL - TDFS,CA,private label,debit
115913,00-99,CORBEIL - TDFS,CA,private label,debit
115914,00-99,CORBEIL - TDFS,CA,private label,debit
115915,00-99,CORBEIL - TDFS,CA,private label,debit
115916,00-99,CORBEIL - TDFS,CA,private label,debit
115917,00-99,CORBEIL - TDFS,CA,private label,debit
115918,00-99,CORBEIL - TDFS,CA,private label,debit
115919,00-99,CORBEIL - TDFS,CA,private label,debit
115920,00-99,CORBEIL - TDFS,CA,private label,debit
115921,00-99,CORBEIL - TDFS,CA,private label,debit
115922,00-99,CORBEIL - TDFS,CA,private label,debit
115923,00-99,CORBEIL - TDFS,CA,private label,debit
115924,00-99,CORBEIL - TDFS,CA,private label,debit
115925,00-99,CORBEIL - TDFS,CA,private label,debit
115926,00-99,CORBEIL - TDFS,CA,private label,debit
115927,00-99,CORBEIL - TDFS,CA,private label,debit
115928,00-99,CORBEIL - TDFS,CA,private label,debit
115929,00-99,CORBEIL - TDFS,CA,private label,debit
115930,00-99,CORBEIL - TDFS,CA,private label,debit
115931,00-99,CORBEIL - TDFS,CA,private label,debit
115932,00-99,CORBEIL - TDFS,CA,private label,debit
115933,00-99,CORBEIL - TDFS,CA,private label,debit
115934,00-99,CORBEIL - TDFS,CA,private label,debit
115935,00-99,CORBEIL - TDFS,CA,private label,debit
115936,00-99,CORBEIL - TDFS,CA,private label,debit
115937,00-99,CORBEIL - TDFS,CA,private label,debit
115938,00-99,CORBEIL - TDFS,CA,private label,debit
115939,00-99,CORBEIL - TDFS,CA,private label,debit
115940,00-99,CORBEIL - TDFS,CA,private label,debit
115941,00-99,CORBEIL - TDFS,CA,private label,debit
115942,00-99,CORBEIL - TDFS,CA,private label,debit
115943,00-99,CORBEIL - TDFS,CA,private label,debit
115944,00-99,CORBEIL - TDFS,CA,private label,debit
115945,00-99,CORBEIL - TDFS,CA,private label,debit
115946,00-99,CORBEIL - TDFS,CA,private label,debit
115947,00-99,CORBEIL - TDFS,CA,private label,debit
115948,00-99,CORBEIL - TDFS,CA,private label,debit
115949,00-99,CORBEIL - TDFS,CA,private label,debit
115950,00-99,CORBEIL - TDFS,CA,private label,debit
115951,00-99,CORBEIL - TDFS,CA,private label,debit
115952,00-99,CORBEIL - TDFS,CA,private label,debit
115953,00-99,CORBEIL - TDFS,CA,private label,debit
115954,00-99,CORBEIL - TDFS,CA,private label,debit
115955,00-99,CORBEIL - TDFS,CA,private label,debit
115956,00-99,CORBEIL - TDFS,CA,private label,debit
115957,00-99,CORBEIL - TDFS,CA,private label,debit
115958,00-99,CORBEIL - TDFS,CA,private label,debit
115959,00-99,CORBEIL - TDFS,CA,private label,debit
115960,00-99,CORBEIL - TDFS,CA,private label,debit
115961,00-99,CORBEIL - TDFS,CA,private label,debit
115962,00-99,CORBEIL - TDFS,CA,private label,debit
115963,00-99,CORBEIL - TDFS,CA,private label,debit
115964,00-99,CORBEIL - TDFS,CA,private label,debit
115965,00-99,CORBEIL - TDFS,CA,private label,debit
115966,00-99,CORBEIL - TDFS,CA,private label,debit
115967,00-99,CORBEIL - TDFS,CA,private label,debit
115968,00-99,CORBEIL - TDFS,CA,private label,debit
115969,00-99,CORBEIL - TDFS,CA,private label,debit
115970,00-99,CORBEIL - TDFS,CA,private label,debit
115971,00-99,CORBEIL - TDFS,CA,private label,debit
115972,00-99,CORBEIL - TDFS,CA,private label,debit
115973,00-99,CORBEIL - TDFS,CA,private label,debit
115974,00-99,CORBEIL - TDFS,CA,private label,debit
115975,00-99,CORBEIL - TDFS,CA,private label,debit
115976,00-99,CORBEIL - TDFS,CA,private label,debit
115977,00-99,CORBEIL - TDFS,CA,private label,debit
115978,00-99,CORBEIL - TDFS,CA,private label,debit
115979,00-99,CORBEIL - TDFS,CA,private label,debit
115980,00-99,CORBEIL - TDFS,CA,private label,debit
115981,00-99,CORBEIL - TDFS,CA,private label,debit
115982,00-99,CORBEIL - TDFS,CA,private label,debit
115983,00-99,CORBEIL - TDFS,CA,private label,debit
115984,00-99,CORBEIL - TDFS,CA,private label,debit
115985,00-99,CORBEIL - TDFS,CA,private label,debit
115986,00-99,CORBEIL - TDFS,CA,private label,debit
115987,00-99,CORBEIL - TDFS,CA,private label,debit
115988,00-99,CORBEIL - TDFS,CA,private label,debit
115989,00-99,CORBEIL - TDFS,CA,private label,debit
115990,00-99,CORBEIL - TDFS,CA,private label,debit
115991,00-99,CORBEIL - TDFS,CA,private label,debit
115992,00-99,CORBEIL - TDFS,CA,private label,debit
115993,00-99,CORBEIL - TDFS,CA,private label,debit
115994,00-99,CORBEIL - TDFS,CA,private label,debit
115995,00-99,CORBEIL - TDFS,CA,private label,debit
115996,00-99,CORBEIL - TDFS,CA,private label,debit
115997,00-99,CORBEIL - TDFS,CA,private label,debit
115998,00-99,CORBEIL - TDFS,CA,private label,debit
115999,00-99,CORBEIL - TDFS,CA,private label,debit
116001,00-99,BEN MOSS JEWELLERS - TDFS,CA,private label,debit
116002,00-99,BEN MOSS JEWELLERS - TDFS,CA,private label,debit
116003,00-99,BEN MOSS JEWELLERS - TDFS,CA,private label,debit
116004,00-99,BEN MOSS JEWELLERS - TDFS,CA,private label,debit
116005,00-99,BEN MOSS JEWELLERS - TDFS,CA,private label,debit
116006,00-99,BEN MOSS JEWELLERS - TDFS,CA,private label,debit
116007,00-99,BEN MOSS JEWELLERS - TDFS,CA,private label,debit
116008,00-99,BEN MOSS JEWELLERS - TDFS,CA,private label,debit
116009,00-99,BEN MOSS JEWELLERS - TDFS,CA,private label,debit
116010,00-99,BEN MOSS JEWELLERS - TDFS,CA,private label,debit
116011,00-99,BEN MOSS JEWELLERS - TDFS,CA,private label,debit
116012,00-99,BEN MOSS JEWELLERS - TDFS,CA,private label,debit
116013,00-99,BEN MOSS JEWELLERS - TDFS,CA,private label,debit
116014,00-99,BEN MOSS JEWELLERS - TDFS,CA,private label,debit
116015,00-99,BEN MOSS JEWELLERS - TDFS,CA,private label,debit
116016,00-99,BEN MOSS JEWELLERS - TDFS,CA,private label,debit
116017,00-99,BEN MOSS JEWELLERS - TDFS,CA,private label,debit
116018,00-99,BEN MOSS JEWELLERS - TDFS,CA,private label,debit
116019,00-99,BEN MOSS JEWELLERS - TDFS,CA,private label,debit
116020,00-99,BEN MOSS JEWELLERS - TDFS,CA,private label,debit
116021,00-99,BEN MOSS JEWELLERS - TDFS,CA,private label,debit
116022,00-99,BEN MOSS JEWELLERS - TDFS,CA,private label,debit
116023,00-99,BEN MOSS JEWELLERS - TDFS,CA,private label,debit
116024,00-99,BEN MOSS JEWELLERS - TDFS,CA,private label,debit
116025,00-99,BEN MOSS JEWELLERS - TDFS,CA,private label,debit
116026,00-99,BEN MOSS JEWELLERS - TDFS,CA,private label,debit
116027,00-99,BEN MOSS JEWELLERS - TDFS,CA,private label,debit
116028,00-99,BEN MOSS JEWELLERS - TDFS,CA,private label,debit
116029,00-99,BEN MOSS JEWELLERS - TDFS,CA,private label,debit
116030,00-99,BEN MOSS JEWELLERS - TDFS,CA,private label,debit
116031,00-99,BEN MOSS JEWELLERS - TDFS,CA,private label,debit
116032,00-99,BEN MOSS JEWELLERS - TDFS,CA,private label,debit
116033,00-99,BEN MOSS JEWELLERS - TDFS,CA,private label,debit
116034,00-99,BEN MOSS JEWELLERS - TDFS,CA,private label,debit
116035,00-99,BEN MOSS JEWELLERS - TDFS,CA,private label,debit
116036,00-99,BEN MOSS JEWELLERS - TDFS,CA,private label,debit
116037,00-99,BEN MOSS JEWELLERS - TDFS,CA,private label,debit
116038,00-99,BEN MOSS JEWELLERS - TDFS,CA,private label,debit
116039,00-99,BEN MOSS JEWELLERS - TDFS,CA,private label,debit
116040,00-99,BEN MOSS JEWELLERS - TDFS,CA,private label,debit
116041,00-99,BEN MOSS JEWELLERS - TDFS,CA,private label,debit
116042,00-99,BEN MOSS JEWELLERS - TDFS,CA,private label,debit
116043,00-99,BEN MOSS JEWELLERS - TDFS,CA,private label,debit
116044,00-99,BEN MOSS JEWELLERS - TDFS,CA,private label,debit
116045,00-99,BEN MOSS JEWELLERS - TDFS,CA,private label,debit
116046,00-99,BEN MOSS JEWELLERS - TDFS,CA,private label,debit
116047,00-99,BEN MOSS JEWELLERS - TDFS,CA,private label,debit
116048,00-99,BEN MOSS JEWELLERS - TDFS,CA,private label,debit
116049,00-99,BEN MOSS JEWELLERS - TDFS,CA,private label,debit
116050,00-99,BEN MOSS JEWELLERS - TDFS,CA,private label,debit
116051,00-99,BEN MOSS JEWELLERS - TDFS,CA,private label,debit
116052,00-99,BEN MOSS JEWELLERS - TDFS,CA,private label,debit
116053,00-99,BEN MOSS JEWELLERS - TDFS,CA,private label,debit
116054,00-99,BEN MOSS JEWELLERS - TDFS,CA,private label,debit
116055,00-99,BEN MOSS JEWELLERS - TDFS,CA,private label,debit
116056,00-99,BEN MOSS JEWELLERS - TDFS,CA,private label,debit
116057,00-99,BEN MOSS JEWELLERS - TDFS,CA,private label,debit
116058,00-99,BEN MOSS JEWELLERS - TDFS,CA,private label,debit
116059,00-99,BEN MOSS JEWELLERS - TDFS,CA,private label,debit
116060,00-99,BEN MOSS JEWELLERS - TDFS,CA,private label,debit
116061,00-99,BEN MOSS JEWELLERS - TDFS,CA,private label,debit
116062,00-99,BEN MOSS JEWELLERS - TDFS,CA,private label,debit
116063,00-99,BEN MOSS JEWELLERS - TDFS,CA,private label,debit
116064,00-99,BEN MOSS JEWELLERS - TDFS,CA,private label,debit
116065,00-99,BEN MOSS JEWELLERS - TDFS,CA,private label,debit
116066,00-99,BEN MOSS JEWELLERS - TDFS,CA,private label,debit
116067,00-99,BEN MOSS JEWELLERS - TDFS,CA,private label,debit
116068,00-99,BEN MOSS JEWELLERS - TDFS,CA,private label,debit
116069,00-99,BEN MOSS JEWELLERS - TDFS,CA,private label,debit
116070,00-99,BEN MOSS JEWELLERS - TDFS,CA,private label,debit
116071,00-99,BEN MOSS JEWELLERS - TDFS,CA,private label,debit
116072,00-99,BEN MOSS JEWELLERS - TDFS,CA,private label,debit
116073,00-99,BEN MOSS JEWELLERS - TDFS,CA,private label,debit
116074,00-99,BEN MOSS JEWELLERS - TDFS,CA,private label,debit
116075,00-99,BEN MOSS JEWELLERS - TDFS,CA,private label,debit
116076,00-99,BEN MOSS JEWELLERS - TDFS,CA,private label,debit
116077,00-99,BEN MOSS JEWELLERS - TDFS,CA,private label,debit
116078,00-99,BEN MOSS JEWELLERS - TDFS,CA,private label,debit
116079,00-99,BEN MOSS JEWELLERS - TDFS,CA,private label,debit
116080,00-99,BEN MOSS JEWELLERS - TDFS,CA,private label,debit
116081,00-99,BEN MOSS JEWELLERS - TDFS,CA,private label,debit
116082,00-99,BEN MOSS JEWELLERS - TDFS,CA,private label,debit
116083,00-99,BEN MOSS JEWELLERS - TDFS,CA,private label,debit
116084,00-99,BEN MOSS JEWELLERS - TDFS,CA,private label,debit
116085,00-99,BEN MOSS JEWELLERS - TDFS,CA,private label,debit
116086,00-99,BEN MOSS JEWELLERS - TDFS,CA,private label,debit
116087,00-99,BEN MOSS JEWELLERS - TDFS,CA,private label,debit
116088,00-99,BEN MOSS JEWELLERS - TDFS,CA,private label,debit
116089,00-99,BEN MOSS JEWELLERS - TDFS,CA,private label,debit
116090,00-99,BEN MOSS JEWELLERS - TDFS,CA,private label,debit
116091,00-99,BEN MOSS JEWELLERS - TDFS,CA,private label,debit
116092,00-99,BEN MOSS JEWELLERS - TDFS,CA,private label,debit
116093,00-99,BEN MOSS JEWELLERS - TDFS,CA,private label,debit
116094,00-99,BEN MOSS JEWELLERS - TDFS,CA,private label,debit
116095,00-99,BEN MOSS JEWELLERS - TDFS,CA,private label,debit
116096,00-99,BEN MOSS JEWELLERS - TDFS,CA,private label,debit
116097,00-99,BEN MOSS JEWELLERS - TDFS,CA,private label,debit
116098,00-99,BEN MOSS JEWELLERS - TDFS,CA,private label,debit
116099,00-99,BEN MOSS JEWELLERS - TDFS,CA,private label,debit
116100,00-99,BEN MOSS JEWELLERS - TDFS,CA,private label,debit
116101,00-99,BEN MOSS JEWELLERS - TDFS,CA,private label,debit
116102,00-99,BEN MOSS JEWELLERS - TDFS,CA,private label,debit
116103,00-99,BEN MOSS JEWELLERS - TDFS,CA,private label,debit
116104,00-99,BEN MOSS JEWELLERS - TDFS,CA,private label,debit
116105,00-99,BEN MOSS JEWELLERS - TDFS,CA,private label,debit
116106,00-99,BEN MOSS JEWELLERS - TDFS,CA,private label,debit
116107,00-99,BEN MOSS JEWELLERS - TDFS,CA,private label,debit
116108,00-99,BEN MOSS JEWELLERS - TDFS,CA,private label,debit
116109,00-99,BEN MOSS JEWELLERS - TDFS,CA,private label,debit
116110,00-99,BEN MOSS JEWELLERS - TDFS,CA,private label,debit
116111,00-99,BEN MOSS JEWELLERS - TDFS,CA,private label,debit
116112,00-99,BEN MOSS JEWELLERS - TDFS,CA,private label,debit
116113,00-99,BEN MOSS JEWELLERS - TDFS,CA,private label,debit
116114,00-99,BEN MOSS JEWELLERS - TDFS,CA,private label,debit
116115,00-99,BEN MOSS JEWELLERS - TDFS,CA,private label,debit
116116,00-99,BEN MOSS JEWELLERS - TDFS,CA,private label,debit
116117,00-99,BEN MOSS JEWELLERS - TDFS,CA,private label,debit
116118,00-99,BEN MOSS JEWELLERS - TDFS,CA,private label,debit
116119,00-99,BEN MOSS JEWELLERS - TDFS,CA,private label,debit
116120,00-99,BEN MOSS JEWELLERS - TDFS,CA,private label,debit
116121,00-99,BEN MOSS JEWELLERS - TDFS,CA,private label,debit
116122,00-99,BEN MOSS JEWELLERS - TDFS,CA,private label,debit
116123,00-99,BEN MOSS JEWELLERS - TDFS,CA,private label,debit
116124,00-99,BEN MOSS JEWELLERS - TDFS,CA,private label,debit
116125,00-99,BEN MOSS JEWELLERS - TDFS,CA,private label,debit
116126,00-99,BEN MOSS JEWELLERS - TDFS,CA,private label,debit
116127,00-99,BEN MOSS JEWELLERS - TDFS,CA,private label,debit
116128,00-99,BEN MOSS JEWELLERS - TDFS,CA,private label,debit
116129,00-99,BEN MOSS JEWELLERS - TDFS,CA,private label,debit
116130,00-99,BEN MOSS JEWELLERS - TDFS,CA,private label,debit
116131,00-99,BEN MOSS JEWELLERS - TDFS,CA,private label,debit
116132,00-99,BEN MOSS JEWELLERS - TDFS,CA,private label,debit
116133,00-99,BEN MOSS JEWELLERS - TDFS,CA,private label,debit
116134,00-99,BEN MOSS JEWELLERS - TDFS,CA,private label,debit
116135,00-99,BEN MOSS JEWELLERS - TDFS,CA,private label,debit
116136,00-99,BEN MOSS JEWELLERS - TDFS,CA,private label,debit
116137,00-99,BEN MOSS JEWELLERS - TDFS,CA,private label,debit
116138,00-99,BEN MOSS JEWELLERS - TDFS,CA,private label,debit
116139,00-99,BEN MOSS JEWELLERS - TDFS,CA,private label,debit
116140,00-99,BEN MOSS JEWELLERS - TDFS,CA,private label,debit
116141,00-99,BEN MOSS JEWELLERS - TDFS,CA,private label,debit
116142,00-99,BEN MOSS JEWELLERS - TDFS,CA,private label,debit
116143,00-99,BEN MOSS JEWELLERS - TDFS,CA,private label,debit
116144,00-99,BEN MOSS JEWELLERS - TDFS,CA,private label,debit
116145,00-99,BEN MOSS JEWELLERS - TDFS,CA,private label,debit
116146,00-99,BEN MOSS JEWELLERS - TDFS,CA,private label,debit
116147,00-99,BEN MOSS JEWELLERS - TDFS,CA,private label,debit
116148,00-99,BEN MOSS JEWELLERS - TDFS,CA,private label,debit
116149,00-99,BEN MOSS JEWELLERS - TDFS,CA,private label,debit
116150,00-99,BEN MOSS JEWELLERS - TDFS,CA,private label,debit
116151,00-99,BEN MOSS JEWELLERS - TDFS,CA,private label,debit
116152,00-99,BEN MOSS JEWELLERS - TDFS,CA,private label,debit
116153,00-99,BEN MOSS JEWELLERS - TDFS,CA,private label,debit
116154,00-99,BEN MOSS JEWELLERS - TDFS,CA,private label,debit
116155,00-99,BEN MOSS JEWELLERS - TDFS,CA,private label,debit
116156,00-99,BEN MOSS JEWELLERS - TDFS,CA,private label,debit
116157,00-99,BEN MOSS JEWELLERS - TDFS,CA,private label,debit
116158,00-99,BEN MOSS JEWELLERS - TDFS,CA,private label,debit
116159,00-99,BEN MOSS JEWELLERS - TDFS,CA,private label,debit
116160,00-99,BEN MOSS JEWELLERS - TDFS,CA,private label,debit
116161,00-99,BEN MOSS JEWELLERS - TDFS,CA,private label,debit
116162,00-99,BEN MOSS JEWELLERS - TDFS,CA,private label,debit
116163,00-99,BEN MOSS JEWELLERS - TDFS,CA,private label,debit
116164,00-99,BEN MOSS JEWELLERS - TDFS,CA,private label,debit
116165,00-99,BEN MOSS JEWELLERS - TDFS,CA,private label,debit
116166,00-99,BEN MOSS JEWELLERS - TDFS,CA,private label,debit
116167,00-99,BEN MOSS JEWELLERS - TDFS,CA,private label,debit
116168,00-99,BEN MOSS JEWELLERS - TDFS,CA,private label,debit
116169,00-99,BEN MOSS JEWELLERS - TDFS,CA,private label,debit
116170,00-99,BEN MOSS JEWELLERS - TDFS,CA,private label,debit
116171,00-99,BEN MOSS JEWELLERS - TDFS,CA,private label,debit
116172,00-99,BEN MOSS JEWELLERS - TDFS,CA,private label,debit
116173,00-99,BEN MOSS JEWELLERS - TDFS,CA,private label,debit
116174,00-99,BEN MOSS JEWELLERS - TDFS,CA,private label,debit
116175,00-99,BEN MOSS JEWELLERS - TDFS,CA,private label,debit
116176,00-99,BEN MOSS JEWELLERS - TDFS,CA,private label,debit
116177,00-99,BEN MOSS JEWELLERS - TDFS,CA,private label,debit
116178,00-99,BEN MOSS JEWELLERS - TDFS,CA,private label,debit
116179,00-99,BEN MOSS JEWELLERS - TDFS,CA,private label,debit
116180,00-99,BEN MOSS JEWELLERS - TDFS,CA,private label,debit
116181,00-99,BEN MOSS JEWELLERS - TDFS,CA,private label,debit
116182,00-99,BEN MOSS JEWELLERS - TDFS,CA,private label,debit
116183,00-99,BEN MOSS JEWELLERS - TDFS,CA,private label,debit
116184,00-99,BEN MOSS JEWELLERS - TDFS,CA,private label,debit
116185,00-99,BEN MOSS JEWELLERS - TDFS,CA,private label,debit
116186,00-99,BEN MOSS JEWELLERS - TDFS,CA,private label,debit
116187,00-99,BEN MOSS JEWELLERS - TDFS,CA,private label,debit
116188,00-99,BEN MOSS JEWELLERS - TDFS,CA,private label,debit
116189,00-99,BEN MOSS JEWELLERS - TDFS,CA,private label,debit
116190,00-99,BEN MOSS JEWELLERS - TDFS,CA,private label,debit
116191,00-99,BEN MOSS JEWELLERS - TDFS,CA,private label,debit
116192,00-99,BEN MOSS JEWELLERS - TDFS,CA,private label,debit
116193,00-99,BEN MOSS JEWELLERS - TDFS,CA,private label,debit
116194,00-99,BEN MOSS JEWELLERS - TDFS,CA,private label,debit
116195,00-99,BEN MOSS JEWELLERS - TDFS,CA,private label,debit
116196,00-99,BEN MOSS JEWELLERS - TDFS,CA,private label,debit
116197,00-99,BEN MOSS JEWELLERS - TDFS,CA,private label,debit
116198,00-99,BEN MOSS JEWELLERS - TDFS,CA,private label,debit
116199,00-99,BEN MOSS JEWELLERS - TDFS,CA,private label,debit
116200,00-99,BEN MOSS JEWELLERS - TDFS,CA,private label,debit
116201,00-99,BEN MOSS JEWELLERS - TDFS,CA,private label,debit
116202,00-99,BEN MOSS JEWELLERS - TDFS,CA,private label,debit
116203,00-99,BEN MOSS JEWELLERS - TDFS,CA,private label,debit
116204,00-99,BEN MOSS JEWELLERS - TDFS,CA,private label,debit
116205,00-99,BEN MOSS JEWELLERS - TDFS,CA,private label,debit
116206,00-99,BEN MOSS JEWELLERS - TDFS,CA,private label,debit
116207,00-99,BEN MOSS JEWELLERS - TDFS,CA,private label,debit
116208,00-99,BEN MOSS JEWELLERS - TDFS,CA,private label,debit
116209,00-99,BEN MOSS JEWELLERS - TDFS,CA,private label,debit
116210,00-99,BEN MOSS JEWELLERS - TDFS,CA,private label,debit
116211,00-99,BEN MOSS JEWELLERS - TDFS,CA,private label,debit
116212,00-99,BEN MOSS JEWELLERS - TDFS,CA,private label,debit
116213,00-99,BEN MOSS JEWELLERS - TDFS,CA,private label,debit
116214,00-99,BEN MOSS JEWELLERS - TDFS,CA,private label,debit
116215,00-99,BEN MOSS JEWELLERS - TDFS,CA,private label,debit
116216,00-99,BEN MOSS JEWELLERS - TDFS,CA,private label,debit
116217,00-99,BEN MOSS JEWELLERS - TDFS,CA,private label,debit
116218,00-99,BEN MOSS JEWELLERS - TDFS,CA,private label,debit
116219,00-99,BEN MOSS JEWELLERS - TDFS,CA,private label,debit
116220,00-99,BEN MOSS JEWELLERS - TDFS,CA,private label,debit
116221,00-99,BEN MOSS JEWELLERS - TDFS,CA,private label,debit
116222,00-99,BEN MOSS JEWELLERS - TDFS,CA,private label,debit
116223,00-99,BEN MOSS JEWELLERS - TDFS,CA,private label,debit
116224,00-99,BEN MOSS JEWELLERS - TDFS,CA,private label,debit
116225,00-99,BEN MOSS JEWELLERS - TDFS,CA,private label,debit
116226,00-99,BEN MOSS JEWELLERS - TDFS,CA,private label,debit
116227,00-99,BEN MOSS JEWELLERS - TDFS,CA,private label,debit
116228,00-99,BEN MOSS JEWELLERS - TDFS,CA,private label,debit
116229,00-99,BEN MOSS JEWELLERS - TDFS,CA,private label,debit
116230,00-99,BEN MOSS JEWELLERS - TDFS,CA,private label,debit
116231,00-99,BEN MOSS JEWELLERS - TDFS,CA,private label,debit
116232,00-99,BEN MOSS JEWELLERS - TDFS,CA,private label,debit
116233,00-99,BEN MOSS JEWELLERS - TDFS,CA,private label,debit
116234,00-99,BEN MOSS JEWELLERS - TDFS,CA,private label,debit
116235,00-99,BEN MOSS JEWELLERS - TDFS,CA,private label,debit
116236,00-99,BEN MOSS JEWELLERS - TDFS,CA,private label,debit
116237,00-99,BEN MOSS JEWELLERS - TDFS,CA,private label,debit
116238,00-99,BEN MOSS JEWELLERS - TDFS,CA,private label,debit
116239,00-99,BEN MOSS JEWELLERS - TDFS,CA,private label,debit
116240,00-99,BEN MOSS JEWELLERS - TDFS,CA,private label,debit
116241,00-99,BEN MOSS JEWELLERS - TDFS,CA,private label,debit
116242,00-99,BEN MOSS JEWELLERS - TDFS,CA,private label,debit
116243,00-99,BEN MOSS JEWELLERS - TDFS,CA,private label,debit
116244,00-99,BEN MOSS JEWELLERS - TDFS,CA,private label,debit
116245,00-99,BEN MOSS JEWELLERS - TDFS,CA,private label,debit
116246,00-99,BEN MOSS JEWELLERS - TDFS,CA,private label,debit
116247,00-99,BEN MOSS JEWELLERS - TDFS,CA,private label,debit
116248,00-99,BEN MOSS JEWELLERS - TDFS,CA,private label,debit
116249,00-99,BEN MOSS JEWELLERS - TDFS,CA,private label,debit
116250,00-99,BEN MOSS JEWELLERS - TDFS,CA,private label,debit
116251,00-99,BEN MOSS JEWELLERS - TDFS,CA,private label,debit
116252,00-99,BEN MOSS JEWELLERS - TDFS,CA,private label,debit
116253,00-99,BEN MOSS JEWELLERS - TDFS,CA,private label,debit
116254,00-99,BEN MOSS JEWELLERS - TDFS,CA,private label,debit
116255,00-99,BEN MOSS JEWELLERS - TDFS,CA,private label,debit
116256,00-99,BEN MOSS JEWELLERS - TDFS,CA,private label,debit
116257,00-99,BEN MOSS JEWELLERS - TDFS,CA,private label,debit
116258,00-99,BEN MOSS JEWELLERS - TDFS,CA,private label,debit
116259,00-99,BEN MOSS JEWELLERS - TDFS,CA,private label,debit
116260,00-99,BEN MOSS JEWELLERS - TDFS,CA,private label,debit
116261,00-99,BEN MOSS JEWELLERS - TDFS,CA,private label,debit
116262,00-99,BEN MOSS JEWELLERS - TDFS,CA,private label,debit
116263,00-99,BEN MOSS JEWELLERS - TDFS,CA,private label,debit
116264,00-99,BEN MOSS JEWELLERS - TDFS,CA,private label,debit
116265,00-99,BEN MOSS JEWELLERS - TDFS,CA,private label,debit
116266,00-99,BEN MOSS JEWELLERS - TDFS,CA,private label,debit
116267,00-99,BEN MOSS JEWELLERS - TDFS,CA,private label,debit
116268,00-99,BEN MOSS JEWELLERS - TDFS,CA,private label,debit
116269,00-99,BEN MOSS JEWELLERS - TDFS,CA,private label,debit
116270,00-99,BEN MOSS JEWELLERS - TDFS,CA,private label,debit
116271,00-99,BEN MOSS JEWELLERS - TDFS,CA,private label,debit
116272,00-99,BEN MOSS JEWELLERS - TDFS,CA,private label,debit
116273,00-99,BEN MOSS JEWELLERS - TDFS,CA,private label,debit
116274,00-99,BEN MOSS JEWELLERS - TDFS,CA,private label,debit
116275,00-99,BEN MOSS JEWELLERS - TDFS,CA,private label,debit
116276,00-99,BEN MOSS JEWELLERS - TDFS,CA,private label,debit
116277,00-99,BEN MOSS JEWELLERS - TDFS,CA,private label,debit
116278,00-99,BEN MOSS JEWELLERS - TDFS,CA,private label,debit
116279,00-99,BEN MOSS JEWELLERS - TDFS,CA,private label,debit
116280,00-99,BEN MOSS JEWELLERS - TDFS,CA,private label,debit
116281,00-99,BEN MOSS JEWELLERS - TDFS,CA,private label,debit
116282,00-99,BEN MOSS JEWELLERS - TDFS,CA,private label,debit
116283,00-99,BEN MOSS JEWELLERS - TDFS,CA,private label,debit
116284,00-99,BEN MOSS JEWELLERS - TDFS,CA,private label,debit
116285,00-99,BEN MOSS JEWELLERS - TDFS,CA,private label,debit
116286,00-99,BEN MOSS JEWELLERS - TDFS,CA,private label,debit
116287,00-99,BEN MOSS JEWELLERS - TDFS,CA,private label,debit
116288,00-99,BEN MOSS JEWELLERS - TDFS,CA,private label,debit
116289,00-99,BEN MOSS JEWELLERS - TDFS,CA,private label,debit
116290,00-99,BEN MOSS JEWELLERS - TDFS,CA,private label,debit
116291,00-99,BEN MOSS JEWELLERS - TDFS,CA,private label,debit
116292,00-99,BEN MOSS JEWELLERS - TDFS,CA,private label,debit
116293,00-99,BEN MOSS JEWELLERS - TDFS,CA,private label,debit
116294,00-99,BEN MOSS JEWELLERS - TDFS,CA,private label,debit
116295,00-99,BEN MOSS JEWELLERS - TDFS,CA,private label,debit
116296,00-99,BEN MOSS JEWELLERS - TDFS,CA,private label,debit
116297,00-99,BEN MOSS JEWELLERS - TDFS,CA,private label,debit
116298,00-99,BEN MOSS JEWELLERS - TDFS,CA,private label,debit
116299,00-99,BEN MOSS JEWELLERS - TDFS,CA,private label,debit
116300,00-99,BEN MOSS JEWELLERS - TDFS,CA,private label,debit
116301,00-99,BEN MOSS JEWELLERS - TDFS,CA,private label,debit
116302,00-99,BEN MOSS JEWELLERS - TDFS,CA,private label,debit
116303,00-99,BEN MOSS JEWELLERS - TDFS,CA,private label,debit
116304,00-99,BEN MOSS JEWELLERS - TDFS,CA,private label,debit
116305,00-99,BEN MOSS JEWELLERS - TDFS,CA,private label,debit
116306,00-99,BEN MOSS JEWELLERS - TDFS,CA,private label,debit
116307,00-99,BEN MOSS JEWELLERS - TDFS,CA,private label,debit
116308,00-99,BEN MOSS JEWELLERS - TDFS,CA,private label,debit
116309,00-99,BEN MOSS JEWELLERS - TDFS,CA,private label,debit
116310,00-99,BEN MOSS JEWELLERS - TDFS,CA,private label,debit
116311,00-99,BEN MOSS JEWELLERS - TDFS,CA,private label,debit
116312,00-99,BEN MOSS JEWELLERS - TDFS,CA,private label,debit
116313,00-99,BEN MOSS JEWELLERS - TDFS,CA,private label,debit
116314,00-99,BEN MOSS JEWELLERS - TDFS,CA,private label,debit
116315,00-99,BEN MOSS JEWELLERS - TDFS,CA,private label,debit
116316,00-99,BEN MOSS JEWELLERS - TDFS,CA,private label,debit
116317,00-99,BEN MOSS JEWELLERS - TDFS,CA,private label,debit
116318,00-99,BEN MOSS JEWELLERS - TDFS,CA,private label,debit
116319,00-99,BEN MOSS JEWELLERS - TDFS,CA,private label,debit
116320,00-99,BEN MOSS JEWELLERS - TDFS,CA,private label,debit
116321,00-99,BEN MOSS JEWELLERS - TDFS,CA,private label,debit
116322,00-99,BEN MOSS JEWELLERS - TDFS,CA,private label,debit
116323,00-99,BEN MOSS JEWELLERS - TDFS,CA,private label,debit
116324,00-99,BEN MOSS JEWELLERS - TDFS,CA,private label,debit
116325,00-99,BEN MOSS JEWELLERS - TDFS,CA,private label,debit
116326,00-99,BEN MOSS JEWELLERS - TDFS,CA,private label,debit
116327,00-99,BEN MOSS JEWELLERS - TDFS,CA,private label,debit
116328,00-99,BEN MOSS JEWELLERS - TDFS,CA,private label,debit
116329,00-99,BEN MOSS JEWELLERS - TDFS,CA,private label,debit
116330,00-99,BEN MOSS JEWELLERS - TDFS,CA,private label,debit
116331,00-99,BEN MOSS JEWELLERS - TDFS,CA,private label,debit
116332,00-99,BEN MOSS JEWELLERS - TDFS,CA,private label,debit
116333,00-99,BEN MOSS JEWELLERS - TDFS,CA,private label,debit
116334,00-99,BEN MOSS JEWELLERS - TDFS,CA,private label,debit
116335,00-99,BEN MOSS JEWELLERS - TDFS,CA,private label,debit
116336,00-99,BEN MOSS JEWELLERS - TDFS,CA,private label,debit
116337,00-99,BEN MOSS JEWELLERS - TDFS,CA,private label,debit
116338,00-99,BEN MOSS JEWELLERS - TDFS,CA,private label,debit
116339,00-99,BEN MOSS JEWELLERS - TDFS,CA,private label,debit
116340,00-99,BEN MOSS JEWELLERS - TDFS,CA,private label,debit
116341,00-99,BEN MOSS JEWELLERS - TDFS,CA,private label,debit
116342,00-99,BEN MOSS JEWELLERS - TDFS,CA,private label,debit
116343,00-99,BEN MOSS JEWELLERS - TDFS,CA,private label,debit
116344,00-99,BEN MOSS JEWELLERS - TDFS,CA,private label,debit
116345,00-99,BEN MOSS JEWELLERS - TDFS,CA,private label,debit
116346,00-99,BEN MOSS JEWELLERS - TDFS,CA,private label,debit
116347,00-99,BEN MOSS JEWELLERS - TDFS,CA,private label,debit
116348,00-99,BEN MOSS JEWELLERS - TDFS,CA,private label,debit
116349,00-99,BEN MOSS JEWELLERS - TDFS,CA,private label,debit
116350,00-99,BEN MOSS JEWELLERS - TDFS,CA,private label,debit
116351,00-99,BEN MOSS JEWELLERS - TDFS,CA,private label,debit
116352,00-99,BEN MOSS JEWELLERS - TDFS,CA,private label,debit
116353,00-99,BEN MOSS JEWELLERS - TDFS,CA,private label,debit
116354,00-99,BEN MOSS JEWELLERS - TDFS,CA,private label,debit
116355,00-99,BEN MOSS JEWELLERS - TDFS,CA,private label,debit
116356,00-99,BEN MOSS JEWELLERS - TDFS,CA,private label,debit
116357,00-99,BEN MOSS JEWELLERS - TDFS,CA,private label,debit
116358,00-99,BEN MOSS JEWELLERS - TDFS,CA,private label,debit
116359,00-99,BEN MOSS JEWELLERS - TDFS,CA,private label,debit
116360,00-99,BEN MOSS JEWELLERS - TDFS,CA,private label,debit
116361,00-99,BEN MOSS JEWELLERS - TDFS,CA,private label,debit
116362,00-99,BEN MOSS JEWELLERS - TDFS,CA,private label,debit
116363,00-99,BEN MOSS JEWELLERS - TDFS,CA,private label,debit
116364,00-99,BEN MOSS JEWELLERS - TDFS,CA,private label,debit
116365,00-99,BEN MOSS JEWELLERS - TDFS,CA,private label,debit
116366,00-99,BEN MOSS JEWELLERS - TDFS,CA,private label,debit
116367,00-99,BEN MOSS JEWELLERS - TDFS,CA,private label,debit
116368,00-99,BEN MOSS JEWELLERS - TDFS,CA,private label,debit
116369,00-99,BEN MOSS JEWELLERS - TDFS,CA,private label,debit
116370,00-99,BEN MOSS JEWELLERS - TDFS,CA,private label,debit
116371,00-99,BEN MOSS JEWELLERS - TDFS,CA,private label,debit
116372,00-99,BEN MOSS JEWELLERS - TDFS,CA,private label,debit
116373,00-99,BEN MOSS JEWELLERS - TDFS,CA,private label,debit
116374,00-99,BEN MOSS JEWELLERS - TDFS,CA,private label,debit
116375,00-99,BEN MOSS JEWELLERS - TDFS,CA,private label,debit
116376,00-99,BEN MOSS JEWELLERS - TDFS,CA,private label,debit
116377,00-99,BEN MOSS JEWELLERS - TDFS,CA,private label,debit
116378,00-99,BEN MOSS JEWELLERS - TDFS,CA,private label,debit
116379,00-99,BEN MOSS JEWELLERS - TDFS,CA,private label,debit
116380,00-99,BEN MOSS JEWELLERS - TDFS,CA,private label,debit
116381,00-99,BEN MOSS JEWELLERS - TDFS,CA,private label,debit
116382,00-99,BEN MOSS JEWELLERS - TDFS,CA,private label,debit
116383,00-99,BEN MOSS JEWELLERS - TDFS,CA,private label,debit
116384,00-99,BEN MOSS JEWELLERS - TDFS,CA,private label,debit
116385,00-99,BEN MOSS JEWELLERS - TDFS,CA,private label,debit
116386,00-99,BEN MOSS JEWELLERS - TDFS,CA,private label,debit
116387,00-99,BEN MOSS JEWELLERS - TDFS,CA,private label,debit
116388,00-99,BEN MOSS JEWELLERS - TDFS,CA,private label,debit
116389,00-99,BEN MOSS JEWELLERS - TDFS,CA,private label,debit
116390,00-99,BEN MOSS JEWELLERS - TDFS,CA,private label,debit
116391,00-99,BEN MOSS JEWELLERS - TDFS,CA,private label,debit
116392,00-99,BEN MOSS JEWELLERS - TDFS,CA,private label,debit
116393,00-99,BEN MOSS JEWELLERS - TDFS,CA,private label,debit
116394,00-99,BEN MOSS JEWELLERS - TDFS,CA,private label,debit
116395,00-99,BEN MOSS JEWELLERS - TDFS,CA,private label,debit
116396,00-99,BEN MOSS JEWELLERS - TDFS,CA,private label,debit
116397,00-99,BEN MOSS JEWELLERS - TDFS,CA,private label,debit
116398,00-99,BEN MOSS JEWELLERS - TDFS,CA,private label,debit
116399,00-99,BEN MOSS JEWELLERS - TDFS,CA,private label,debit
116400,00-99,BEN MOSS JEWELLERS - TDFS,CA,private label,debit
116401,00-99,BEN MOSS JEWELLERS - TDFS,CA,private label,debit
116402,00-99,BEN MOSS JEWELLERS - TDFS,CA,private label,debit
116403,00-99,BEN MOSS JEWELLERS - TDFS,CA,private label,debit
116404,00-99,BEN MOSS JEWELLERS - TDFS,CA,private label,debit
116405,00-99,BEN MOSS JEWELLERS - TDFS,CA,private label,debit
116406,00-99,BEN MOSS JEWELLERS - TDFS,CA,private label,debit
116407,00-99,BEN MOSS JEWELLERS - TDFS,CA,private label,debit
116408,00-99,BEN MOSS JEWELLERS - TDFS,CA,private label,debit
116409,00-99,BEN MOSS JEWELLERS - TDFS,CA,private label,debit
116410,00-99,BEN MOSS JEWELLERS - TDFS,CA,private label,debit
116411,00-99,BEN MOSS JEWELLERS - TDFS,CA,private label,debit
116412,00-99,BEN MOSS JEWELLERS - TDFS,CA,private label,debit
116413,00-99,BEN MOSS JEWELLERS - TDFS,CA,private label,debit
116414,00-99,BEN MOSS JEWELLERS - TDFS,CA,private label,debit
116415,00-99,BEN MOSS JEWELLERS - TDFS,CA,private label,debit
116416,00-99,BEN MOSS JEWELLERS - TDFS,CA,private label,debit
116417,00-99,BEN MOSS JEWELLERS - TDFS,CA,private label,debit
116418,00-99,BEN MOSS JEWELLERS - TDFS,CA,private label,debit
116419,00-99,BEN MOSS JEWELLERS - TDFS,CA,private label,debit
116420,00-99,BEN MOSS JEWELLERS - TDFS,CA,private label,debit
116421,00-99,BEN MOSS JEWELLERS - TDFS,CA,private label,debit
116422,00-99,BEN MOSS JEWELLERS - TDFS,CA,private label,debit
116423,00-99,BEN MOSS JEWELLERS - TDFS,CA,private label,debit
116424,00-99,BEN MOSS JEWELLERS - TDFS,CA,private label,debit
116425,00-99,BEN MOSS JEWELLERS - TDFS,CA,private label,debit
116426,00-99,BEN MOSS JEWELLERS - TDFS,CA,private label,debit
116427,00-99,BEN MOSS JEWELLERS - TDFS,CA,private label,debit
116428,00-99,BEN MOSS JEWELLERS - TDFS,CA,private label,debit
116429,00-99,BEN MOSS JEWELLERS - TDFS,CA,private label,debit
116430,00-99,BEN MOSS JEWELLERS - TDFS,CA,private label,debit
116431,00-99,BEN MOSS JEWELLERS - TDFS,CA,private label,debit
116432,00-99,BEN MOSS JEWELLERS - TDFS,CA,private label,debit
116433,00-99,BEN MOSS JEWELLERS - TDFS,CA,private label,debit
116434,00-99,BEN MOSS JEWELLERS - TDFS,CA,private label,debit
116435,00-99,BEN MOSS JEWELLERS - TDFS,CA,private label,debit
116436,00-99,BEN MOSS JEWELLERS - TDFS,CA,private label,debit
116437,00-99,BEN MOSS JEWELLERS - TDFS,CA,private label,debit
116438,00-99,BEN MOSS JEWELLERS - TDFS,CA,private label,debit
116439,00-99,BEN MOSS JEWELLERS - TDFS,CA,private label,debit
116440,00-99,BEN MOSS JEWELLERS - TDFS,CA,private label,debit
116441,00-99,BEN MOSS JEWELLERS - TDFS,CA,private label,debit
116442,00-99,BEN MOSS JEWELLERS - TDFS,CA,private label,debit
116443,00-99,BEN MOSS JEWELLERS - TDFS,CA,private label,debit
116444,00-99,BEN MOSS JEWELLERS - TDFS,CA,private label,debit
116445,00-99,BEN MOSS JEWELLERS - TDFS,CA,private label,debit
116446,00-99,BEN MOSS JEWELLERS - TDFS,CA,private label,debit
116447,00-99,BEN MOSS JEWELLERS - TDFS,CA,private label,debit
116448,00-99,BEN MOSS JEWELLERS - TDFS,CA,private label,debit
116449,00-99,BEN MOSS JEWELLERS - TDFS,CA,private label,debit
116450,00-99,BEN MOSS JEWELLERS - TDFS,CA,private label,debit
116451,00-99,BEN MOSS JEWELLERS - TDFS,CA,private label,debit
116452,00-99,BEN MOSS JEWELLERS - TDFS,CA,private label,debit
116453,00-99,BEN MOSS JEWELLERS - TDFS,CA,private label,debit
116454,00-99,BEN MOSS JEWELLERS - TDFS,CA,private label,debit
116455,00-99,BEN MOSS JEWELLERS - TDFS,CA,private label,debit
116456,00-99,BEN MOSS JEWELLERS - TDFS,CA,private label,debit
116457,00-99,BEN MOSS JEWELLERS - TDFS,CA,private label,debit
116458,00-99,BEN MOSS JEWELLERS - TDFS,CA,private label,debit
116459,00-99,BEN MOSS JEWELLERS - TDFS,CA,private label,debit
116460,00-99,BEN MOSS JEWELLERS - TDFS,CA,private label,debit
116461,00-99,BEN MOSS JEWELLERS - TDFS,CA,private label,debit
116462,00-99,BEN MOSS JEWELLERS - TDFS,CA,private label,debit
116463,00-99,BEN MOSS JEWELLERS - TDFS,CA,private label,debit
116464,00-99,BEN MOSS JEWELLERS - TDFS,CA,private label,debit
116465,00-99,BEN MOSS JEWELLERS - TDFS,CA,private label,debit
116466,00-99,BEN MOSS JEWELLERS - TDFS,CA,private label,debit
116467,00-99,BEN MOSS JEWELLERS - TDFS,CA,private label,debit
116468,00-99,BEN MOSS JEWELLERS - TDFS,CA,private label,debit
116469,00-99,BEN MOSS JEWELLERS - TDFS,CA,private label,debit
116470,00-99,BEN MOSS JEWELLERS - TDFS,CA,private label,debit
116471,00-99,BEN MOSS JEWELLERS - TDFS,CA,private label,debit
116472,00-99,BEN MOSS JEWELLERS - TDFS,CA,private label,debit
116473,00-99,BEN MOSS JEWELLERS - TDFS,CA,private label,debit
116474,00-99,BEN MOSS JEWELLERS - TDFS,CA,private label,debit
116475,00-99,BEN MOSS JEWELLERS - TDFS,CA,private label,debit
116476,00-99,BEN MOSS JEWELLERS - TDFS,CA,private label,debit
116477,00-99,BEN MOSS JEWELLERS - TDFS,CA,private label,debit
116478,00-99,BEN MOSS JEWELLERS - TDFS,CA,private label,debit
116479,00-99,BEN MOSS JEWELLERS - TDFS,CA,private label,debit
116480,00-99,BEN MOSS JEWELLERS - TDFS,CA,private label,debit
116481,00-99,BEN MOSS JEWELLERS - TDFS,CA,private label,debit
116482,00-99,BEN MOSS JEWELLERS - TDFS,CA,private label,debit
116483,00-99,BEN MOSS JEWELLERS - TDFS,CA,private label,debit
116484,00-99,BEN MOSS JEWELLERS - TDFS,CA,private label,debit
116485,00-99,BEN MOSS JEWELLERS - TDFS,CA,private label,debit
116486,00-99,BEN MOSS JEWELLERS - TDFS,CA,private label,debit
116487,00-99,BEN MOSS JEWELLERS - TDFS,CA,private label,debit
116488,00-99,BEN MOSS JEWELLERS - TDFS,CA,private label,debit
116489,00-99,BEN MOSS JEWELLERS - TDFS,CA,private label,debit
116490,00-99,BEN MOSS JEWELLERS - TDFS,CA,private label,debit
116491,00-99,BEN MOSS JEWELLERS - TDFS,CA,private label,debit
116492,00-99,BEN MOSS JEWELLERS - TDFS,CA,private label,debit
116493,00-99,BEN MOSS JEWELLERS - TDFS,CA,private label,debit
116494,00-99,BEN MOSS JEWELLERS - TDFS,CA,private label,debit
116495,00-99,BEN MOSS JEWELLERS - TDFS,CA,private label,debit
116496,00-99,BEN MOSS JEWELLERS - TDFS,CA,private label,debit
116497,00-99,BEN MOSS JEWELLERS - TDFS,CA,private label,debit
116498,00-99,BEN MOSS JEWELLERS - TDFS,CA,private label,debit
116499,00-99,BEN MOSS JEWELLERS - TDFS,CA,private label,debit
116500,00-99,BEN MOSS JEWELLERS - TDFS,CA,private label,debit
116501,00-99,BEN MOSS JEWELLERS - TDFS,CA,private label,debit
116502,00-99,BEN MOSS JEWELLERS - TDFS,CA,private label,debit
116503,00-99,BEN MOSS JEWELLERS - TDFS,CA,private label,debit
116504,00-99,BEN MOSS JEWELLERS - TDFS,CA,private label,debit
116505,00-99,BEN MOSS JEWELLERS - TDFS,CA,private label,debit
116506,00-99,BEN MOSS JEWELLERS - TDFS,CA,private label,debit
116507,00-99,BEN MOSS JEWELLERS - TDFS,CA,private label,debit
116508,00-99,BEN MOSS JEWELLERS - TDFS,CA,private label,debit
116509,00-99,BEN MOSS JEWELLERS - TDFS,CA,private label,debit
116510,00-99,BEN MOSS JEWELLERS - TDFS,CA,private label,debit
116511,00-99,BEN MOSS JEWELLERS - TDFS,CA,private label,debit
116512,00-99,BEN MOSS JEWELLERS - TDFS,CA,private label,debit
116513,00-99,BEN MOSS JEWELLERS - TDFS,CA,private label,debit
116514,00-99,BEN MOSS JEWELLERS - TDFS,CA,private label,debit
116515,00-99,BEN MOSS JEWELLERS - TDFS,CA,private label,debit
116516,00-99,BEN MOSS JEWELLERS - TDFS,CA,private label,debit
116517,00-99,BEN MOSS JEWELLERS - TDFS,CA,private label,debit
116518,00-99,BEN MOSS JEWELLERS - TDFS,CA,private label,debit
116519,00-99,BEN MOSS JEWELLERS - TDFS,CA,private label,debit
116520,00-99,BEN MOSS JEWELLERS - TDFS,CA,private label,debit
116521,00-99,BEN MOSS JEWELLERS - TDFS,CA,private label,debit
116522,00-99,BEN MOSS JEWELLERS - TDFS,CA,private label,debit
116523,00-99,BEN MOSS JEWELLERS - TDFS,CA,private label,debit
116524,00-99,BEN MOSS JEWELLERS - TDFS,CA,private label,debit
116525,00-99,BEN MOSS JEWELLERS - TDFS,CA,private label,debit
116526,00-99,BEN MOSS JEWELLERS - TDFS,CA,private label,debit
116527,00-99,BEN MOSS JEWELLERS - TDFS,CA,private label,debit
116528,00-99,BEN MOSS JEWELLERS - TDFS,CA,private label,debit
116529,00-99,BEN MOSS JEWELLERS - TDFS,CA,private label,debit
116530,00-99,BEN MOSS JEWELLERS - TDFS,CA,private label,debit
116531,00-99,BEN MOSS JEWELLERS - TDFS,CA,private label,debit
116532,00-99,BEN MOSS JEWELLERS - TDFS,CA,private label,debit
116533,00-99,BEN MOSS JEWELLERS - TDFS,CA,private label,debit
116534,00-99,BEN MOSS JEWELLERS - TDFS,CA,private label,debit
116535,00-99,BEN MOSS JEWELLERS - TDFS,CA,private label,debit
116536,00-99,BEN MOSS JEWELLERS - TDFS,CA,private label,debit
116537,00-99,BEN MOSS JEWELLERS - TDFS,CA,private label,debit
116538,00-99,BEN MOSS JEWELLERS - TDFS,CA,private label,debit
116539,00-99,BEN MOSS JEWELLERS - TDFS,CA,private label,debit
116540,00-99,BEN MOSS JEWELLERS - TDFS,CA,private label,debit
116541,00-99,BEN MOSS JEWELLERS - TDFS,CA,private label,debit
116542,00-99,BEN MOSS JEWELLERS - TDFS,CA,private label,debit
116543,00-99,BEN MOSS JEWELLERS - TDFS,CA,private label,debit
116544,00-99,BEN MOSS JEWELLERS - TDFS,CA,private label,debit
116545,00-99,BEN MOSS JEWELLERS - TDFS,CA,private label,debit
116546,00-99,BEN MOSS JEWELLERS - TDFS,CA,private label,debit
116547,00-99,BEN MOSS JEWELLERS - TDFS,CA,private label,debit
116548,00-99,BEN MOSS JEWELLERS - TDFS,CA,private label,debit
116549,00-99,BEN MOSS JEWELLERS - TDFS,CA,private label,debit
116550,00-99,BEN MOSS JEWELLERS - TDFS,CA,private label,debit
116551,00-99,BEN MOSS JEWELLERS - TDFS,CA,private label,debit
116552,00-99,BEN MOSS JEWELLERS - TDFS,CA,private label,debit
116553,00-99,BEN MOSS JEWELLERS - TDFS,CA,private label,debit
116554,00-99,BEN MOSS JEWELLERS - TDFS,CA,private label,debit
116555,00-99,BEN MOSS JEWELLERS - TDFS,CA,private label,debit
116556,00-99,BEN MOSS JEWELLERS - TDFS,CA,private label,debit
116557,00-99,BEN MOSS JEWELLERS - TDFS,CA,private label,debit
116558,00-99,BEN MOSS JEWELLERS - TDFS,CA,private label,debit
116559,00-99,BEN MOSS JEWELLERS - TDFS,CA,private label,debit
116560,00-99,BEN MOSS JEWELLERS - TDFS,CA,private label,debit
116561,00-99,BEN MOSS JEWELLERS - TDFS,CA,private label,debit
116562,00-99,BEN MOSS JEWELLERS - TDFS,CA,private label,debit
116563,00-99,BEN MOSS JEWELLERS - TDFS,CA,private label,debit
116564,00-99,BEN MOSS JEWELLERS - TDFS,CA,private label,debit
116565,00-99,BEN MOSS JEWELLERS - TDFS,CA,private label,debit
116566,00-99,BEN MOSS JEWELLERS - TDFS,CA,private label,debit
116567,00-99,BEN MOSS JEWELLERS - TDFS,CA,private label,debit
116568,00-99,BEN MOSS JEWELLERS - TDFS,CA,private label,debit
116569,00-99,BEN MOSS JEWELLERS - TDFS,CA,private label,debit
116570,00-99,BEN MOSS JEWELLERS - TDFS,CA,private label,debit
116571,00-99,BEN MOSS JEWELLERS - TDFS,CA,private label,debit
116572,00-99,BEN MOSS JEWELLERS - TDFS,CA,private label,debit
116573,00-99,BEN MOSS JEWELLERS - TDFS,CA,private label,debit
116574,00-99,BEN MOSS JEWELLERS - TDFS,CA,private label,debit
116575,00-99,BEN MOSS JEWELLERS - TDFS,CA,private label,debit
116576,00-99,BEN MOSS JEWELLERS - TDFS,CA,private label,debit
116577,00-99,BEN MOSS JEWELLERS - TDFS,CA,private label,debit
116578,00-99,BEN MOSS JEWELLERS - TDFS,CA,private label,debit
116579,00-99,BEN MOSS JEWELLERS - TDFS,CA,private label,debit
116580,00-99,BEN MOSS JEWELLERS - TDFS,CA,private label,debit
116581,00-99,BEN MOSS JEWELLERS - TDFS,CA,private label,debit
116582,00-99,BEN MOSS JEWELLERS - TDFS,CA,private label,debit
116583,00-99,BEN MOSS JEWELLERS - TDFS,CA,private label,debit
116584,00-99,BEN MOSS JEWELLERS - TDFS,CA,private label,debit
116585,00-99,BEN MOSS JEWELLERS - TDFS,CA,private label,debit
116586,00-99,BEN MOSS JEWELLERS - TDFS,CA,private label,debit
116587,00-99,BEN MOSS JEWELLERS - TDFS,CA,private label,debit
116588,00-99,BEN MOSS JEWELLERS - TDFS,CA,private label,debit
116589,00-99,BEN MOSS JEWELLERS - TDFS,CA,private label,debit
116590,00-99,BEN MOSS JEWELLERS - TDFS,CA,private label,debit
116591,00-99,BEN MOSS JEWELLERS - TDFS,CA,private label,debit
116592,00-99,BEN MOSS JEWELLERS - TDFS,CA,private label,debit
116593,00-99,BEN MOSS JEWELLERS - TDFS,CA,private label,debit
116594,00-99,BEN MOSS JEWELLERS - TDFS,CA,private label,debit
116595,00-99,BEN MOSS JEWELLERS - TDFS,CA,private label,debit
116596,00-99,BEN MOSS JEWELLERS - TDFS,CA,private label,debit
116597,00-99,BEN MOSS JEWELLERS - TDFS,CA,private label,debit
116598,00-99,BEN MOSS JEWELLERS - TDFS,CA,private label,debit
116599,00-99,BEN MOSS JEWELLERS - TDFS,CA,private label,debit
116600,00-99,BEN MOSS JEWELLERS - TDFS,CA,private label,debit
116601,00-99,BEN MOSS JEWELLERS - TDFS,CA,private label,debit
116602,00-99,BEN MOSS JEWELLERS - TDFS,CA,private label,debit
116603,00-99,BEN MOSS JEWELLERS - TDFS,CA,private label,debit
116604,00-99,BEN MOSS JEWELLERS - TDFS,CA,private label,debit
116605,00-99,BEN MOSS JEWELLERS - TDFS,CA,private label,debit
116606,00-99,BEN MOSS JEWELLERS - TDFS,CA,private label,debit
116607,00-99,BEN MOSS JEWELLERS - TDFS,CA,private label,debit
116608,00-99,BEN MOSS JEWELLERS - TDFS,CA,private label,debit
116609,00-99,BEN MOSS JEWELLERS - TDFS,CA,private label,debit
116610,00-99,BEN MOSS JEWELLERS - TDFS,CA,private label,debit
116611,00-99,BEN MOSS JEWELLERS - TDFS,CA,private label,debit
116612,00-99,BEN MOSS JEWELLERS - TDFS,CA,private label,debit
116613,00-99,BEN MOSS JEWELLERS - TDFS,CA,private label,debit
116614,00-99,BEN MOSS JEWELLERS - TDFS,CA,private label,debit
116615,00-99,BEN MOSS JEWELLERS - TDFS,CA,private label,debit
116616,00-99,BEN MOSS JEWELLERS - TDFS,CA,private label,debit
116617,00-99,BEN MOSS JEWELLERS - TDFS,CA,private label,debit
116618,00-99,BEN MOSS JEWELLERS - TDFS,CA,private label,debit
116619,00-99,BEN MOSS JEWELLERS - TDFS,CA,private label,debit
116620,00-99,BEN MOSS JEWELLERS - TDFS,CA,private label,debit
116621,00-99,BEN MOSS JEWELLERS - TDFS,CA,private label,debit
116622,00-99,BEN MOSS JEWELLERS - TDFS,CA,private label,debit
116623,00-99,BEN MOSS JEWELLERS - TDFS,CA,private label,debit
116624,00-99,BEN MOSS JEWELLERS - TDFS,CA,private label,debit
116625,00-99,BEN MOSS JEWELLERS - TDFS,CA,private label,debit
116626,00-99,BEN MOSS JEWELLERS - TDFS,CA,private label,debit
116627,00-99,BEN MOSS JEWELLERS - TDFS,CA,private label,debit
116628,00-99,BEN MOSS JEWELLERS - TDFS,CA,private label,debit
116629,00-99,BEN MOSS JEWELLERS - TDFS,CA,private label,debit
116630,00-99,BEN MOSS JEWELLERS - TDFS,CA,private label,debit
116631,00-99,BEN MOSS JEWELLERS - TDFS,CA,private label,debit
116632,00-99,BEN MOSS JEWELLERS - TDFS,CA,private label,debit
116633,00-99,BEN MOSS JEWELLERS - TDFS,CA,private label,debit
116634,00-99,BEN MOSS JEWELLERS - TDFS,CA,private label,debit
116635,00-99,BEN MOSS JEWELLERS - TDFS,CA,private label,debit
116636,00-99,BEN MOSS JEWELLERS - TDFS,CA,private label,debit
116637,00-99,BEN MOSS JEWELLERS - TDFS,CA,private label,debit
116638,00-99,BEN MOSS JEWELLERS - TDFS,CA,private label,debit
116639,00-99,BEN MOSS JEWELLERS - TDFS,CA,private label,debit
116640,00-99,BEN MOSS JEWELLERS - TDFS,CA,private label,debit
116641,00-99,BEN MOSS JEWELLERS - TDFS,CA,private label,debit
116642,00-99,BEN MOSS JEWELLERS - TDFS,CA,private label,debit
116643,00-99,BEN MOSS JEWELLERS - TDFS,CA,private label,debit
116644,00-99,BEN MOSS JEWELLERS - TDFS,CA,private label,debit
116645,00-99,BEN MOSS JEWELLERS - TDFS,CA,private label,debit
116646,00-99,BEN MOSS JEWELLERS - TDFS,CA,private label,debit
116647,00-99,BEN MOSS JEWELLERS - TDFS,CA,private label,debit
116648,00-99,BEN MOSS JEWELLERS - TDFS,CA,private label,debit
116649,00-99,BEN MOSS JEWELLERS - TDFS,CA,private label,debit
116650,00-99,BEN MOSS JEWELLERS - TDFS,CA,private label,debit
116651,00-99,BEN MOSS JEWELLERS - TDFS,CA,private label,debit
116652,00-99,BEN MOSS JEWELLERS - TDFS,CA,private label,debit
116653,00-99,BEN MOSS JEWELLERS - TDFS,CA,private label,debit
116654,00-99,BEN MOSS JEWELLERS - TDFS,CA,private label,debit
116655,00-99,BEN MOSS JEWELLERS - TDFS,CA,private label,debit
116656,00-99,BEN MOSS JEWELLERS - TDFS,CA,private label,debit
116657,00-99,BEN MOSS JEWELLERS - TDFS,CA,private label,debit
116658,00-99,BEN MOSS JEWELLERS - TDFS,CA,private label,debit
116659,00-99,BEN MOSS JEWELLERS - TDFS,CA,private label,debit
116660,00-99,BEN MOSS JEWELLERS - TDFS,CA,private label,debit
116661,00-99,BEN MOSS JEWELLERS - TDFS,CA,private label,debit
116662,00-99,BEN MOSS JEWELLERS - TDFS,CA,private label,debit
116663,00-99,BEN MOSS JEWELLERS - TDFS,CA,private label,debit
116664,00-99,BEN MOSS JEWELLERS - TDFS,CA,private label,debit
116665,00-99,BEN MOSS JEWELLERS - TDFS,CA,private label,debit
116666,00-99,BEN MOSS JEWELLERS - TDFS,CA,private label,debit
116667,00-99,BEN MOSS JEWELLERS - TDFS,CA,private label,debit
116668,00-99,BEN MOSS JEWELLERS - TDFS,CA,private label,debit
116669,00-99,BEN MOSS JEWELLERS - TDFS,CA,private label,debit
116670,00-99,BEN MOSS JEWELLERS - TDFS,CA,private label,debit
116671,00-99,BEN MOSS JEWELLERS - TDFS,CA,private label,debit
116672,00-99,BEN MOSS JEWELLERS - TDFS,CA,private label,debit
116673,00-99,BEN MOSS JEWELLERS - TDFS,CA,private label,debit
116674,00-99,BEN MOSS JEWELLERS - TDFS,CA,private label,debit
116675,00-99,BEN MOSS JEWELLERS - TDFS,CA,private label,debit
116676,00-99,BEN MOSS JEWELLERS - TDFS,CA,private label,debit
116677,00-99,BEN MOSS JEWELLERS - TDFS,CA,private label,debit
116678,00-99,BEN MOSS JEWELLERS - TDFS,CA,private label,debit
116679,00-99,BEN MOSS JEWELLERS - TDFS,CA,private label,debit
116680,00-99,BEN MOSS JEWELLERS - TDFS,CA,private label,debit
116681,00-99,BEN MOSS JEWELLERS - TDFS,CA,private label,debit
116682,00-99,BEN MOSS JEWELLERS - TDFS,CA,private label,debit
116683,00-99,BEN MOSS JEWELLERS - TDFS,CA,private label,debit
116684,00-99,BEN MOSS JEWELLERS - TDFS,CA,private label,debit
116685,00-99,BEN MOSS JEWELLERS - TDFS,CA,private label,debit
116686,00-99,BEN MOSS JEWELLERS - TDFS,CA,private label,debit
116687,00-99,BEN MOSS JEWELLERS - TDFS,CA,private label,debit
116688,00-99,BEN MOSS JEWELLERS - TDFS,CA,private label,debit
116689,00-99,BEN MOSS JEWELLERS - TDFS,CA,private label,debit
116690,00-99,BEN MOSS JEWELLERS - TDFS,CA,private label,debit
116691,00-99,BEN MOSS JEWELLERS - TDFS,CA,private label,debit
116692,00-99,BEN MOSS JEWELLERS - TDFS,CA,private label,debit
116693,00-99,BEN MOSS JEWELLERS - TDFS,CA,private label,debit
116694,00-99,BEN MOSS JEWELLERS - TDFS,CA,private label,debit
116695,00-99,BEN MOSS JEWELLERS - TDFS,CA,private label,debit
116696,00-99,BEN MOSS JEWELLERS - TDFS,CA,private label,debit
116697,00-99,BEN MOSS JEWELLERS - TDFS,CA,private label,debit
116698,00-99,BEN MOSS JEWELLERS - TDFS,CA,private label,debit
116699,00-99,BEN MOSS JEWELLERS - TDFS,CA,private label,debit
116700,00-99,BEN MOSS JEWELLERS - TDFS,CA,private label,debit
116701,00-99,BEN MOSS JEWELLERS - TDFS,CA,private label,debit
116702,00-99,BEN MOSS JEWELLERS - TDFS,CA,private label,debit
116703,00-99,BEN MOSS JEWELLERS - TDFS,CA,private label,debit
116704,00-99,BEN MOSS JEWELLERS - TDFS,CA,private label,debit
116705,00-99,BEN MOSS JEWELLERS - TDFS,CA,private label,debit
116706,00-99,BEN MOSS JEWELLERS - TDFS,CA,private label,debit
116707,00-99,BEN MOSS JEWELLERS - TDFS,CA,private label,debit
116708,00-99,BEN MOSS JEWELLERS - TDFS,CA,private label,debit
116709,00-99,BEN MOSS JEWELLERS - TDFS,CA,private label,debit
116710,00-99,BEN MOSS JEWELLERS - TDFS,CA,private label,debit
116711,00-99,BEN MOSS JEWELLERS - TDFS,CA,private label,debit
116712,00-99,BEN MOSS JEWELLERS - TDFS,CA,private label,debit
116713,00-99,BEN MOSS JEWELLERS - TDFS,CA,private label,debit
116714,00-99,BEN MOSS JEWELLERS - TDFS,CA,private label,debit
116715,00-99,BEN MOSS JEWELLERS - TDFS,CA,private label,debit
116716,00-99,BEN MOSS JEWELLERS - TDFS,CA,private label,debit
116717,00-99,BEN MOSS JEWELLERS - TDFS,CA,private label,debit
116718,00-99,BEN MOSS JEWELLERS - TDFS,CA,private label,debit
116719,00-99,BEN MOSS JEWELLERS - TDFS,CA,private label,debit
116720,00-99,BEN MOSS JEWELLERS - TDFS,CA,private label,debit
116721,00-99,BEN MOSS JEWELLERS - TDFS,CA,private label,debit
116722,00-99,BEN MOSS JEWELLERS - TDFS,CA,private label,debit
116723,00-99,BEN MOSS JEWELLERS - TDFS,CA,private label,debit
116724,00-99,BEN MOSS JEWELLERS - TDFS,CA,private label,debit
116725,00-99,BEN MOSS JEWELLERS - TDFS,CA,private label,debit
116726,00-99,BEN MOSS JEWELLERS - TDFS,CA,private label,debit
116727,00-99,BEN MOSS JEWELLERS - TDFS,CA,private label,debit
116728,00-99,BEN MOSS JEWELLERS - TDFS,CA,private label,debit
116729,00-99,BEN MOSS JEWELLERS - TDFS,CA,private label,debit
116730,00-99,BEN MOSS JEWELLERS - TDFS,CA,private label,debit
116731,00-99,BEN MOSS JEWELLERS - TDFS,CA,private label,debit
116732,00-99,BEN MOSS JEWELLERS - TDFS,CA,private label,debit
116733,00-99,BEN MOSS JEWELLERS - TDFS,CA,private label,debit
116734,00-99,BEN MOSS JEWELLERS - TDFS,CA,private label,debit
116735,00-99,BEN MOSS JEWELLERS - TDFS,CA,private label,debit
116736,00-99,BEN MOSS JEWELLERS - TDFS,CA,private label,debit
116737,00-99,BEN MOSS JEWELLERS - TDFS,CA,private label,debit
116738,00-99,BEN MOSS JEWELLERS - TDFS,CA,private label,debit
116739,00-99,BEN MOSS JEWELLERS - TDFS,CA,private label,debit
116740,00-99,BEN MOSS JEWELLERS - TDFS,CA,private label,debit
116741,00-99,BEN MOSS JEWELLERS - TDFS,CA,private label,debit
116742,00-99,BEN MOSS JEWELLERS - TDFS,CA,private label,debit
116743,00-99,BEN MOSS JEWELLERS - TDFS,CA,private label,debit
116744,00-99,BEN MOSS JEWELLERS - TDFS,CA,private label,debit
116745,00-99,BEN MOSS JEWELLERS - TDFS,CA,private label,debit
116746,00-99,BEN MOSS JEWELLERS - TDFS,CA,private label,debit
116747,00-99,BEN MOSS JEWELLERS - TDFS,CA,private label,debit
116748,00-99,BEN MOSS JEWELLERS - TDFS,CA,private label,debit
116749,00-99,BEN MOSS JEWELLERS - TDFS,CA,private label,debit
116750,00-99,BEN MOSS JEWELLERS - TDFS,CA,private label,debit
116751,00-99,BEN MOSS JEWELLERS - TDFS,CA,private label,debit
116752,00-99,BEN MOSS JEWELLERS - TDFS,CA,private label,debit
116753,00-99,BEN MOSS JEWELLERS - TDFS,CA,private label,debit
116754,00-99,BEN MOSS JEWELLERS - TDFS,CA,private label,debit
116755,00-99,BEN MOSS JEWELLERS - TDFS,CA,private label,debit
116756,00-99,BEN MOSS JEWELLERS - TDFS,CA,private label,debit
116757,00-99,BEN MOSS JEWELLERS - TDFS,CA,private label,debit
116758,00-99,BEN MOSS JEWELLERS - TDFS,CA,private label,debit
116759,00-99,BEN MOSS JEWELLERS - TDFS,CA,private label,debit
116760,00-99,BEN MOSS JEWELLERS - TDFS,CA,private label,debit
116761,00-99,BEN MOSS JEWELLERS - TDFS,CA,private label,debit
116762,00-99,BEN MOSS JEWELLERS - TDFS,CA,private label,debit
116763,00-99,BEN MOSS JEWELLERS - TDFS,CA,private label,debit
116764,00-99,BEN MOSS JEWELLERS - TDFS,CA,private label,debit
116765,00-99,BEN MOSS JEWELLERS - TDFS,CA,private label,debit
116766,00-99,BEN MOSS JEWELLERS - TDFS,CA,private label,debit
116767,00-99,BEN MOSS JEWELLERS - TDFS,CA,private label,debit
116768,00-99,BEN MOSS JEWELLERS - TDFS,CA,private label,debit
116769,00-99,BEN MOSS JEWELLERS - TDFS,CA,private label,debit
116770,00-99,BEN MOSS JEWELLERS - TDFS,CA,private label,debit
116771,00-99,BEN MOSS JEWELLERS - TDFS,CA,private label,debit
116772,00-99,BEN MOSS JEWELLERS - TDFS,CA,private label,debit
116773,00-99,BEN MOSS JEWELLERS - TDFS,CA,private label,debit
116774,00-99,BEN MOSS JEWELLERS - TDFS,CA,private label,debit
116775,00-99,BEN MOSS JEWELLERS - TDFS,CA,private label,debit
116776,00-99,BEN MOSS JEWELLERS - TDFS,CA,private label,debit
116777,00-99,BEN MOSS JEWELLERS - TDFS,CA,private label,debit
116778,00-99,BEN MOSS JEWELLERS - TDFS,CA,private label,debit
116779,00-99,BEN MOSS JEWELLERS - TDFS,CA,private label,debit
116780,00-99,BEN MOSS JEWELLERS - TDFS,CA,private label,debit
116781,00-99,BEN MOSS JEWELLERS - TDFS,CA,private label,debit
116782,00-99,BEN MOSS JEWELLERS - TDFS,CA,private label,debit
116783,00-99,BEN MOSS JEWELLERS - TDFS,CA,private label,debit
116784,00-99,BEN MOSS JEWELLERS - TDFS,CA,private label,debit
116785,00-99,BEN MOSS JEWELLERS - TDFS,CA,private label,debit
116786,00-99,BEN MOSS JEWELLERS - TDFS,CA,private label,debit
116787,00-99,BEN MOSS JEWELLERS - TDFS,CA,private label,debit
116788,00-99,BEN MOSS JEWELLERS - TDFS,CA,private label,debit
116789,00-99,BEN MOSS JEWELLERS - TDFS,CA,private label,debit
116790,00-99,BEN MOSS JEWELLERS - TDFS,CA,private label,debit
116791,00-99,BEN MOSS JEWELLERS - TDFS,CA,private label,debit
116792,00-99,BEN MOSS JEWELLERS - TDFS,CA,private label,debit
116793,00-99,BEN MOSS JEWELLERS - TDFS,CA,private label,debit
116794,00-99,BEN MOSS JEWELLERS - TDFS,CA,private label,debit
116795,00-99,BEN MOSS JEWELLERS - TDFS,CA,private label,debit
116796,00-99,BEN MOSS JEWELLERS - TDFS,CA,private label,debit
116797,00-99,BEN MOSS JEWELLERS - TDFS,CA,private label,debit
116798,00-99,BEN MOSS JEWELLERS - TDFS,CA,private label,debit
116799,00-99,BEN MOSS JEWELLERS - TDFS,CA,private label,debit
116800,00-99,BEN MOSS JEWELLERS - TDFS,CA,private label,debit
116801,00-99,BEN MOSS JEWELLERS - TDFS,CA,private label,debit
116802,00-99,BEN MOSS JEWELLERS - TDFS,CA,private label,debit
116803,00-99,BEN MOSS JEWELLERS - TDFS,CA,private label,debit
116804,00-99,BEN MOSS JEWELLERS - TDFS,CA,private label,debit
116805,00-99,BEN MOSS JEWELLERS - TDFS,CA,private label,debit
116806,00-99,BEN MOSS JEWELLERS - TDFS,CA,private label,debit
116807,00-99,BEN MOSS JEWELLERS - TDFS,CA,private label,debit
116808,00-99,BEN MOSS JEWELLERS - TDFS,CA,private label,debit
116809,00-99,BEN MOSS JEWELLERS - TDFS,CA,private label,debit
116810,00-99,BEN MOSS JEWELLERS - TDFS,CA,private label,debit
116811,00-99,BEN MOSS JEWELLERS - TDFS,CA,private label,debit
116812,00-99,BEN MOSS JEWELLERS - TDFS,CA,private label,debit
116813,00-99,BEN MOSS JEWELLERS - TDFS,CA,private label,debit
116814,00-99,BEN MOSS JEWELLERS - TDFS,CA,private label,debit
116815,00-99,BEN MOSS JEWELLERS - TDFS,CA,private label,debit
116816,00-99,BEN MOSS JEWELLERS - TDFS,CA,private label,debit
116817,00-99,BEN MOSS JEWELLERS - TDFS,CA,private label,debit
116818,00-99,BEN MOSS JEWELLERS - TDFS,CA,private label,debit
116819,00-99,BEN MOSS JEWELLERS - TDFS,CA,private label,debit
116820,00-99,BEN MOSS JEWELLERS - TDFS,CA,private label,debit
116821,00-99,BEN MOSS JEWELLERS - TDFS,CA,private label,debit
116822,00-99,BEN MOSS JEWELLERS - TDFS,CA,private label,debit
116823,00-99,BEN MOSS JEWELLERS - TDFS,CA,private label,debit
116824,00-99,BEN MOSS JEWELLERS - TDFS,CA,private label,debit
116825,00-99,BEN MOSS JEWELLERS - TDFS,CA,private label,debit
116826,00-99,BEN MOSS JEWELLERS - TDFS,CA,private label,debit
116827,00-99,BEN MOSS JEWELLERS - TDFS,CA,private label,debit
116828,00-99,BEN MOSS JEWELLERS - TDFS,CA,private label,debit
116829,00-99,BEN MOSS JEWELLERS - TDFS,CA,private label,debit
116830,00-99,BEN MOSS JEWELLERS - TDFS,CA,private label,debit
116831,00-99,BEN MOSS JEWELLERS - TDFS,CA,private label,debit
116832,00-99,BEN MOSS JEWELLERS - TDFS,CA,private label,debit
116833,00-99,BEN MOSS JEWELLERS - TDFS,CA,private label,debit
116834,00-99,BEN MOSS JEWELLERS - TDFS,CA,private label,debit
116835,00-99,BEN MOSS JEWELLERS - TDFS,CA,private label,debit
116836,00-99,BEN MOSS JEWELLERS - TDFS,CA,private label,debit
116837,00-99,BEN MOSS JEWELLERS - TDFS,CA,private label,debit
116838,00-99,BEN MOSS JEWELLERS - TDFS,CA,private label,debit
116839,00-99,BEN MOSS JEWELLERS - TDFS,CA,private label,debit
116840,00-99,BEN MOSS JEWELLERS - TDFS,CA,private label,debit
116841,00-99,BEN MOSS JEWELLERS - TDFS,CA,private label,debit
116842,00-99,BEN MOSS JEWELLERS - TDFS,CA,private label,debit
116843,00-99,BEN MOSS JEWELLERS - TDFS,CA,private label,debit
116844,00-99,BEN MOSS JEWELLERS - TDFS,CA,private label,debit
116845,00-99,BEN MOSS JEWELLERS - TDFS,CA,private label,debit
116846,00-99,BEN MOSS JEWELLERS - TDFS,CA,private label,debit
116847,00-99,BEN MOSS JEWELLERS - TDFS,CA,private label,debit
116848,00-99,BEN MOSS JEWELLERS - TDFS,CA,private label,debit
116849,00-99,BEN MOSS JEWELLERS - TDFS,CA,private label,debit
116850,00-99,BEN MOSS JEWELLERS - TDFS,CA,private label,debit
116851,00-99,BEN MOSS JEWELLERS - TDFS,CA,private label,debit
116852,00-99,BEN MOSS JEWELLERS - TDFS,CA,private label,debit
116853,00-99,BEN MOSS JEWELLERS - TDFS,CA,private label,debit
116854,00-99,BEN MOSS JEWELLERS - TDFS,CA,private label,debit
116855,00-99,BEN MOSS JEWELLERS - TDFS,CA,private label,debit
116856,00-99,BEN MOSS JEWELLERS - TDFS,CA,private label,debit
116857,00-99,BEN MOSS JEWELLERS - TDFS,CA,private label,debit
116858,00-99,BEN MOSS JEWELLERS - TDFS,CA,private label,debit
116859,00-99,BEN MOSS JEWELLERS - TDFS,CA,private label,debit
116860,00-99,BEN MOSS JEWELLERS - TDFS,CA,private label,debit
116861,00-99,BEN MOSS JEWELLERS - TDFS,CA,private label,debit
116862,00-99,BEN MOSS JEWELLERS - TDFS,CA,private label,debit
116863,00-99,BEN MOSS JEWELLERS - TDFS,CA,private label,debit
116864,00-99,BEN MOSS JEWELLERS - TDFS,CA,private label,debit
116865,00-99,BEN MOSS JEWELLERS - TDFS,CA,private label,debit
116866,00-99,BEN MOSS JEWELLERS - TDFS,CA,private label,debit
116867,00-99,BEN MOSS JEWELLERS - TDFS,CA,private label,debit
116868,00-99,BEN MOSS JEWELLERS - TDFS,CA,private label,debit
116869,00-99,BEN MOSS JEWELLERS - TDFS,CA,private label,debit
116870,00-99,BEN MOSS JEWELLERS - TDFS,CA,private label,debit
116871,00-99,BEN MOSS JEWELLERS - TDFS,CA,private label,debit
116872,00-99,BEN MOSS JEWELLERS - TDFS,CA,private label,debit
116873,00-99,BEN MOSS JEWELLERS - TDFS,CA,private label,debit
116874,00-99,BEN MOSS JEWELLERS - TDFS,CA,private label,debit
116875,00-99,BEN MOSS JEWELLERS - TDFS,CA,private label,debit
116876,00-99,BEN MOSS JEWELLERS - TDFS,CA,private label,debit
116877,00-99,BEN MOSS JEWELLERS - TDFS,CA,private label,debit
116878,00-99,BEN MOSS JEWELLERS - TDFS,CA,private label,debit
116879,00-99,BEN MOSS JEWELLERS - TDFS,CA,private label,debit
116880,00-99,BEN MOSS JEWELLERS - TDFS,CA,private label,debit
116881,00-99,BEN MOSS JEWELLERS - TDFS,CA,private label,debit
116882,00-99,BEN MOSS JEWELLERS - TDFS,CA,private label,debit
116883,00-99,BEN MOSS JEWELLERS - TDFS,CA,private label,debit
116884,00-99,BEN MOSS JEWELLERS - TDFS,CA,private label,debit
116885,00-99,BEN MOSS JEWELLERS - TDFS,CA,private label,debit
116886,00-99,BEN MOSS JEWELLERS - TDFS,CA,private label,debit
116887,00-99,BEN MOSS JEWELLERS - TDFS,CA,private label,debit
116888,00-99,BEN MOSS JEWELLERS - TDFS,CA,private label,debit
116889,00-99,BEN MOSS JEWELLERS - TDFS,CA,private label,debit
116890,00-99,BEN MOSS JEWELLERS - TDFS,CA,private label,debit
116891,00-99,BEN MOSS JEWELLERS - TDFS,CA,private label,debit
116892,00-99,BEN MOSS JEWELLERS - TDFS,CA,private label,debit
116893,00-99,BEN MOSS JEWELLERS - TDFS,CA,private label,debit
116894,00-99,BEN MOSS JEWELLERS - TDFS,CA,private label,debit
116895,00-99,BEN MOSS JEWELLERS - TDFS,CA,private label,debit
116896,00-99,BEN MOSS JEWELLERS - TDFS,CA,private label,debit
116897,00-99,BEN MOSS JEWELLERS - TDFS,CA,private label,debit
116898,00-99,BEN MOSS JEWELLERS - TDFS,CA,private label,debit
116899,00-99,BEN MOSS JEWELLERS - TDFS,CA,private label,debit
116900,00-99,HAHN AIR BUSINESS LINE (HR),DE,uatp,credit
116901,00-99,HAHN AIR BUSINESS LINE (HR),DE,uatp,credit
116902,00-99,HAHN AIR BUSINESS LINE (HR),DE,uatp,credit
116903,00-99,HAHN AIR BUSINESS LINE (HR),DE,uatp,credit
116904,00-99,HAHN AIR BUSINESS LINE (HR),DE,uatp,credit
116905,00-99,HAHN AIR BUSINESS LINE (HR),DE,uatp,credit
116906,00-99,HAHN AIR BUSINESS LINE (HR),DE,uatp,credit
116907,00-99,HAHN AIR BUSINESS LINE (HR),DE,uatp,credit
116908,00-99,HAHN AIR BUSINESS LINE (HR),DE,uatp,credit
116909,00-99,HAHN AIR BUSINESS LINE (HR),DE,uatp,credit
116910,00-99,HAHN AIR BUSINESS LINE (HR),DE,uatp,credit
116911,00-99,HAHN AIR BUSINESS LINE (HR),DE,uatp,credit
116912,00-99,HAHN AIR BUSINESS LINE (HR),DE,uatp,credit
116913,00-99,HAHN AIR BUSINESS LINE (HR),DE,uatp,credit
116914,00-99,HAHN AIR BUSINESS LINE (HR),DE,uatp,credit
116915,00-99,HAHN AIR BUSINESS LINE (HR),DE,uatp,credit
116916,00-99,HAHN AIR BUSINESS LINE (HR),DE,uatp,credit
116917,00-99,HAHN AIR BUSINESS LINE (HR),DE,uatp,credit
116918,00-99,HAHN AIR BUSINESS LINE (HR),DE,uatp,credit
116919,00-99,HAHN AIR BUSINESS LINE (HR),DE,uatp,credit
116920,00-99,HAHN AIR BUSINESS LINE (HR),DE,uatp,credit
116921,00-99,HAHN AIR BUSINESS LINE (HR),DE,uatp,credit
116922,00-99,HAHN AIR BUSINESS LINE (HR),DE,uatp,credit
116923,00-99,HAHN AIR BUSINESS LINE (HR),DE,uatp,credit
116924,00-99,HAHN AIR BUSINESS LINE (HR),DE,uatp,credit
116925,00-99,HAHN AIR BUSINESS LINE (HR),DE,uatp,credit
116926,00-99,HAHN AIR BUSINESS LINE (HR),DE,uatp,credit
116927,00-99,HAHN AIR BUSINESS LINE (HR),DE,uatp,credit
116928,00-99,HAHN AIR BUSINESS LINE (HR),DE,uatp,credit
116929,00-99,HAHN AIR BUSINESS LINE (HR),DE,uatp,credit
116930,00-99,HAHN AIR BUSINESS LINE (HR),DE,uatp,credit
116931,00-99,HAHN AIR BUSINESS LINE (HR),DE,uatp,credit
116932,00-99,HAHN AIR BUSINESS LINE (HR),DE,uatp,credit
116933,00-99,HAHN AIR BUSINESS LINE (HR),DE,uatp,credit
116934,00-99,HAHN AIR BUSINESS LINE (HR),DE,uatp,credit
116935,00-99,HAHN AIR BUSINESS LINE (HR),DE,uatp,credit
116936,00-99,HAHN AIR BUSINESS LINE (HR),DE,uatp,credit
116937,00-99,HAHN AIR BUSINESS LINE (HR),DE,uatp,credit
116938,00-99,HAHN AIR BUSINESS LINE (HR),DE,uatp,credit
116939,00-99,HAHN AIR BUSINESS LINE (HR),DE,uatp,credit
116940,00-99,HAHN AIR BUSINESS LINE (HR),DE,uatp,credit
116941,00-99,HAHN AIR BUSINESS LINE (HR),DE,uatp,credit
116942,00-99,HAHN AIR BUSINESS LINE (HR),DE,uatp,credit
116943,00-99,HAHN AIR BUSINESS LINE (HR),DE,uatp,credit
116944,00-99,HAHN AIR BUSINESS LINE (HR),DE,uatp,credit
116945,00-99,HAHN AIR BUSINESS LINE (HR),DE,uatp,credit
116946,00-99,HAHN AIR BUSINESS LINE (HR),DE,uatp,credit
116947,00-99,HAHN AIR BUSINESS LINE (HR),DE,uatp,credit
116948,00-99,HAHN AIR BUSINESS LINE (HR),DE,uatp,credit
116949,00-99,HAHN AIR BUSINESS LINE (HR),DE,uatp,credit
116950,00-99,HAHN AIR BUSINESS LINE (HR),DE,uatp,credit
116951,00-99,HAHN AIR BUSINESS LINE (HR),DE,uatp,credit
116952,00-99,HAHN AIR BUSINESS LINE (HR),DE,uatp,credit
116953,00-99,HAHN AIR BUSINESS LINE (HR),DE,uatp,credit
116954,00-99,HAHN AIR BUSINESS LINE (HR),DE,uatp,credit
116955,00-99,HAHN AIR BUSINESS LINE (HR),DE,uatp,credit
116956,00-99,HAHN AIR BUSINESS LINE (HR),DE,uatp,credit
116957,00-99,HAHN AIR BUSINESS LINE (HR),DE,uatp,credit
116958,00-99,HAHN AIR BUSINESS LINE (HR),DE,uatp,credit
116959,00-99,HAHN AIR BUSINESS LINE (HR),DE,uatp,credit
116960,00-99,HAHN AIR BUSINESS LINE (HR),DE,uatp,credit
116961,00-99,HAHN AIR BUSINESS LINE (HR),DE,uatp,credit
116962,00-99,HAHN AIR BUSINESS LINE (HR),DE,uatp,credit
116963,00-99,HAHN AIR BUSINESS LINE (HR),DE,uatp,credit
116964,00-99,HAHN AIR BUSINESS LINE (HR),DE,uatp,credit
116965,00-99,HAHN AIR BUSINESS LINE (HR),DE,uatp,credit
116966,00-99,HAHN AIR BUSINESS LINE (HR),DE,uatp,credit
116967,00-99,HAHN AIR BUSINESS LINE (HR),DE,uatp,credit
116968,00-99,HAHN AIR BUSINESS LINE (HR),DE,uatp,credit
116969,00-99,HAHN AIR BUSINESS LINE (HR),DE,uatp,credit
116970,00-99,HAHN AIR BUSINESS LINE (HR),DE,uatp,credit
116971,00-99,HAHN AIR BUSINESS LINE (HR),DE,uatp,credit
116972,00-99,HAHN AIR BUSINESS LINE (HR),DE,uatp,credit
116973,00-99,HAHN AIR BUSINESS LINE (HR),DE,uatp,credit
116974,00-99,HAHN AIR BUSINESS LINE (HR),DE,uatp,credit
116975,00-99,HAHN AIR BUSINESS LINE (HR),DE,uatp,credit
116976,00-99,HAHN AIR BUSINESS LINE (HR),DE,uatp,credit
116977,00-99,HAHN AIR BUSINESS LINE (HR),DE,uatp,credit
116978,00-99,HAHN AIR BUSINESS LINE (HR),DE,uatp,credit
116979,00-99,HAHN AIR BUSINESS LINE (HR),DE,uatp,credit
116980,00-99,HAHN AIR BUSINESS LINE (HR),DE,uatp,credit
116981,00-99,HAHN AIR BUSINESS LINE (HR),DE,uatp,credit
116982,00-99,HAHN AIR BUSINESS LINE (HR),DE,uatp,credit
116983,00-99,HAHN AIR BUSINESS LINE (HR),DE,uatp,credit
116984,00-99,HAHN AIR BUSINESS LINE (HR),DE,uatp,credit
116985,00-99,HAHN AIR BUSINESS LINE (HR),DE,uatp,credit
116986,00-99,HAHN AIR BUSINESS LINE (HR),DE,uatp,credit
116987,00-99,HAHN AIR BUSINESS LINE (HR),DE,uatp,credit
116988,00-99,HAHN AIR BUSINESS LINE (HR),DE,uatp,credit
116989,00-99,HAHN AIR BUSINESS LINE (HR),DE,uatp,credit
116990,00-99,HAHN AIR BUSINESS LINE (HR),DE,uatp,credit
116991,00-99,HAHN AIR BUSINESS LINE (HR),DE,uatp,credit
116992,00-99,HAHN AIR BUSINESS LINE (HR),DE,uatp,credit
116993,00-99,HAHN AIR BUSINESS LINE (HR),DE,uatp,credit
116994,00-99,HAHN AIR BUSINESS LINE (HR),DE,uatp,credit
116995,00-99,HAHN AIR BUSINESS LINE (HR),DE,uatp,credit
116996,00-99,HAHN AIR BUSINESS LINE (HR),DE,uatp,credit
116997,00-99,HAHN AIR BUSINESS LINE (HR),DE,uatp,credit
116998,00-99,HAHN AIR BUSINESS LINE (HR),DE,uatp,credit
116999,00-99,HAHN AIR BUSINESS LINE (HR),DE,uatp,credit
117500,00-99,HOPPER USA INC.,US,uatp,credit
117501,00-99,HOPPER USA INC.,US,uatp,credit
117502,00-99,HOPPER USA INC.,US,uatp,credit
117503,00-99,HOPPER USA INC.,US,uatp,credit
117504,00-99,HOPPER USA INC.,US,uatp,credit
117505,00-99,HOPPER USA INC.,US,uatp,credit
117506,00-99,HOPPER USA INC.,US,uatp,credit
117507,00-99,HOPPER USA INC.,US,uatp,credit
117508,00-99,HOPPER USA INC.,US,uatp,credit
117509,00-99,HOPPER USA INC.,US,uatp,credit
117510,00-99,HOPPER USA INC.,US,uatp,credit
117511,00-99,HOPPER USA INC.,US,uatp,credit
117512,00-99,HOPPER USA INC.,US,uatp,credit
117513,00-99,HOPPER USA INC.,US,uatp,credit
117514,00-99,HOPPER USA INC.,US,uatp,credit
117515,00-99,HOPPER USA INC.,US,uatp,credit
117516,00-99,HOPPER USA INC.,US,uatp,credit
117517,00-99,HOPPER USA INC.,US,uatp,credit
117518,00-99,HOPPER USA INC.,US,uatp,credit
117519,00-99,HOPPER USA INC.,US,uatp,credit
117520,00-99,HOPPER USA INC.,US,uatp,credit
117521,00-99,HOPPER USA INC.,US,uatp,credit
117522,00-99,HOPPER USA INC.,US,uatp,credit
117523,00-99,HOPPER USA INC.,US,uatp,credit
117524,00-99,HOPPER USA INC.,US,uatp,credit
117525,00-99,HOPPER USA INC.,US,uatp,credit
117526,00-99,HOPPER USA INC.,US,uatp,credit
117527,00-99,HOPPER USA INC.,US,uatp,credit
117528,00-99,HOPPER USA INC.,US,uatp,credit
117529,00-99,HOPPER USA INC.,US,uatp,credit
117530,00-99,HOPPER USA INC.,US,uatp,credit
117531,00-99,HOPPER USA INC.,US,uatp,credit
117532,00-99,HOPPER USA INC.,US,uatp,credit
117533,00-99,HOPPER USA INC.,US,uatp,credit
117534,00-99,HOPPER USA INC.,US,uatp,credit
117535,00-99,HOPPER USA INC.,US,uatp,credit
117536,00-99,HOPPER USA INC.,US,uatp,credit
117537,00-99,HOPPER USA INC.,US,uatp,credit
117538,00-99,HOPPER USA INC.,US,uatp,credit
117539,00-99,HOPPER USA INC.,US,uatp,credit
117540,00-99,HOPPER USA INC.,US,uatp,credit
117541,00-99,HOPPER USA INC.,US,uatp,credit
117542,00-99,HOPPER USA INC.,US,uatp,credit
117543,00-99,HOPPER USA INC.,US,uatp,credit
117544,00-99,HOPPER USA INC.,US,uatp,credit
117545,00-99,HOPPER USA INC.,US,uatp,credit
117546,00-99,HOPPER USA INC.,US,uatp,credit
117547,00-99,HOPPER USA INC.,US,uatp,credit
117548,00-99,HOPPER USA INC.,US,uatp,credit
117549,00-99,HOPPER USA INC.,US,uatp,credit
117550,00-99,HOPPER USA INC.,US,uatp,credit
117551,00-99,HOPPER USA INC.,US,uatp,credit
117552,00-99,HOPPER USA INC.,US,uatp,credit
117553,00-99,HOPPER USA INC.,US,uatp,credit
117554,00-99,HOPPER USA INC.,US,uatp,credit
117555,00-99,HOPPER USA INC.,US,uatp,credit
117556,00-99,HOPPER USA INC.,US,uatp,credit
117557,00-99,HOPPER USA INC.,US,uatp,credit
117558,00-99,HOPPER USA INC.,US,uatp,credit
117559,00-99,HOPPER USA INC.,US,uatp,credit
117560,00-99,HOPPER USA INC.,US,uatp,credit
117561,00-99,HOPPER USA INC.,US,uatp,credit
117562,00-99,HOPPER USA INC.,US,uatp,credit
117563,00-99,HOPPER USA INC.,US,uatp,credit
117564,00-99,HOPPER USA INC.,US,uatp,credit
117565,00-99,HOPPER USA INC.,US,uatp,credit
117566,00-99,HOPPER USA INC.,US,uatp,credit
117567,00-99,HOPPER USA INC.,US,uatp,credit
117568,00-99,HOPPER USA INC.,US,uatp,credit
117569,00-99,HOPPER USA INC.,US,uatp,credit
117570,00-99,HOPPER USA INC.,US,uatp,credit
117571,00-99,HOPPER USA INC.,US,uatp,credit
117572,00-99,HOPPER USA INC.,US,uatp,credit
117573,00-99,HOPPER USA INC.,US,uatp,credit
117574,00-99,HOPPER USA INC.,US,uatp,credit
117575,00-99,HOPPER USA INC.,US,uatp,credit
117576,00-99,HOPPER USA INC.,US,uatp,credit
117577,00-99,HOPPER USA INC.,US,uatp,credit
117578,00-99,HOPPER USA INC.,US,uatp,credit
117579,00-99,HOPPER USA INC.,US,uatp,credit
117580,00-99,HOPPER USA INC.,US,uatp,credit
117581,00-99,HOPPER USA INC.,US,uatp,credit
117582,00-99,HOPPER USA INC.,US,uatp,credit
117583,00-99,HOPPER USA INC.,US,uatp,credit
117584,00-99,HOPPER USA INC.,US,uatp,credit
117585,00-99,HOPPER USA INC.,US,uatp,credit
117586,00-99,HOPPER USA INC.,US,uatp,credit
117587,00-99,HOPPER USA INC.,US,uatp,credit
117588,00-99,HOPPER USA INC.,US,uatp,credit
117589,00-99,HOPPER USA INC.,US,uatp,credit
117590,00-99,HOPPER USA INC.,US,uatp,credit
117591,00-99,HOPPER USA INC.,US,uatp,credit
117592,00-99,HOPPER USA INC.,US,uatp,credit
117593,00-99,HOPPER USA INC.,US,uatp,credit
117594,00-99,HOPPER USA INC.,US,uatp,credit
117595,00-99,HOPPER USA INC.,US,uatp,credit
117596,00-99,HOPPER USA INC.,US,uatp,credit
117597,00-99,HOPPER USA INC.,US,uatp,credit
117598,00-99,HOPPER USA INC.,US,uatp,credit
117599,00-99,HOPPER USA INC.,US,uatp,credit
118500,00-99,AERTICKET GMBH,DE,uatp,credit
118501,00-99,AERTICKET GMBH,DE,uatp,credit
118502,00-99,AERTICKET GMBH,DE,uatp,credit
118503,00-99,AERTICKET GMBH,DE,uatp,credit
118504,00-99,AERTICKET GMBH,DE,uatp,credit
118505,00-99,AERTICKET GMBH,DE,uatp,credit
118506,00-99,AERTICKET GMBH,DE,uatp,credit
118507,00-99,AERTICKET GMBH,DE,uatp,credit
118508,00-99,AERTICKET GMBH,DE,uatp,credit
118509,00-99,AERTICKET GMBH,DE,uatp,credit
118510,00-99,AERTICKET GMBH,DE,uatp,credit
118511,00-99,AERTICKET GMBH,DE,uatp,credit
118512,00-99,AERTICKET GMBH,DE,uatp,credit
118513,00-99,AERTICKET GMBH,DE,uatp,credit
118514,00-99,AERTICKET GMBH,DE,uatp,credit
118515,00-99,AERTICKET GMBH,DE,uatp,credit
118516,00-99,AERTICKET GMBH,DE,uatp,credit
118517,00-99,AERTICKET GMBH,DE,uatp,credit
118518,00-99,AERTICKET GMBH,DE,uatp,credit
118519,00-99,AERTICKET GMBH,DE,uatp,credit
118520,00-99,AERTICKET GMBH,DE,uatp,credit
118521,00-99,AERTICKET GMBH,DE,uatp,credit
118522,00-99,AERTICKET GMBH,DE,uatp,credit
118523,00-99,AERTICKET GMBH,DE,uatp,credit
118524,00-99,AERTICKET GMBH,DE,uatp,credit
118525,00-99,AERTICKET GMBH,DE,uatp,credit
118526,00-99,AERTICKET GMBH,DE,uatp,credit
118527,00-99,AERTICKET GMBH,DE,uatp,credit
118528,00-99,AERTICKET GMBH,DE,uatp,credit
118529,00-99,AERTICKET GMBH,DE,uatp,credit
118530,00-99,AERTICKET GMBH,DE,uatp,credit
118531,00-99,AERTICKET GMBH,DE,uatp,credit
118532,00-99,AERTICKET GMBH,DE,uatp,credit
118533,00-99,AERTICKET GMBH,DE,uatp,credit
118534,00-99,AERTICKET GMBH,DE,uatp,credit
118535,00-99,AERTICKET GMBH,DE,uatp,credit
118536,00-99,AERTICKET GMBH,DE,uatp,credit
118537,00-99,AERTICKET GMBH,DE,uatp,credit
118538,00-99,AERTICKET GMBH,DE,uatp,credit
118539,00-99,AERTICKET GMBH,DE,uatp,credit
118540,00-99,AERTICKET GMBH,DE,uatp,credit
118541,00-99,AERTICKET GMBH,DE,uatp,credit
118542,00-99,AERTICKET GMBH,DE,uatp,credit
118543,00-99,AERTICKET GMBH,DE,uatp,credit
118544,00-99,AERTICKET GMBH,DE,uatp,credit
118545,00-99,AERTICKET GMBH,DE,uatp,credit
118546,00-99,AERTICKET GMBH,DE,uatp,credit
118547,00-99,AERTICKET GMBH,DE,uatp,credit
118548,00-99,AERTICKET GMBH,DE,uatp,credit
118549,00-99,AERTICKET GMBH,DE,uatp,credit
118550,00-99,AERTICKET GMBH,DE,uatp,credit
118551,00-99,AERTICKET GMBH,DE,uatp,credit
118552,00-99,AERTICKET GMBH,DE,uatp,credit
118553,00-99,AERTICKET GMBH,DE,uatp,credit
118554,00-99,AERTICKET GMBH,DE,uatp,credit
118555,00-99,AERTICKET GMBH,DE,uatp,credit
118556,00-99,AERTICKET GMBH,DE,uatp,credit
118557,00-99,AERTICKET GMBH,DE,uatp,credit
118558,00-99,AERTICKET GMBH,DE,uatp,credit
118559,00-99,AERTICKET GMBH,DE,uatp,credit
118560,00-99,AERTICKET GMBH,DE,uatp,credit
118561,00-99,AERTICKET GMBH,DE,uatp,credit
118562,00-99,AERTICKET GMBH,DE,uatp,credit
118563,00-99,AERTICKET GMBH,DE,uatp,credit
118564,00-99,AERTICKET GMBH,DE,uatp,credit
118565,00-99,AERTICKET GMBH,DE,uatp,credit
118566,00-99,AERTICKET GMBH,DE,uatp,credit
118567,00-99,AERTICKET GMBH,DE,uatp,credit
118568,00-99,AERTICKET GMBH,DE,uatp,credit
118569,00-99,AERTICKET GMBH,DE,uatp,credit
118570,00-99,AERTICKET GMBH,DE,uatp,credit
118571,00-99,AERTICKET GMBH,DE,uatp,credit
118572,00-99,AERTICKET GMBH,DE,uatp,credit
118573,00-99,AERTICKET GMBH,DE,uatp,credit
118574,00-99,AERTICKET GMBH,DE,uatp,credit
118575,00-99,AERTICKET GMBH,DE,uatp,credit
118576,00-99,AERTICKET GMBH,DE,uatp,credit
118577,00-99,AERTICKET GMBH,DE,uatp,credit
118578,00-99,AERTICKET GMBH,DE,uatp,credit
118579,00-99,AERTICKET GMBH,DE,uatp,credit
118580,00-99,AERTICKET GMBH,DE,uatp,credit
118581,00-99,AERTICKET GMBH,DE,uatp,credit
118582,00-99,AERTICKET GMBH,DE,uatp,credit
118583,00-99,AERTICKET GMBH,DE,uatp,credit
118584,00-99,AERTICKET GMBH,DE,uatp,credit
118585,00-99,AERTICKET GMBH,DE,uatp,credit
118586,00-99,AERTICKET GMBH,DE,uatp,credit
118587,00-99,AERTICKET GMBH,DE,uatp,credit
118588,00-99,AERTICKET GMBH,DE,uatp,credit
118589,00-99,AERTICKET GMBH,DE,uatp,credit
118590,00-99,AERTICKET GMBH,DE,uatp,credit
118591,00-99,AERTICKET GMBH,DE,uatp,credit
118592,00-99,AERTICKET GMBH,DE,uatp,credit
118593,00-99,AERTICKET GMBH,DE,uatp,credit
118594,00-99,AERTICKET GMBH,DE,uatp,credit
118595,00-99,AERTICKET GMBH,DE,uatp,credit
118596,00-99,AERTICKET GMBH,DE,uatp,credit
118597,00-99,AERTICKET GMBH,DE,uatp,credit
118598,00-99,AERTICKET GMBH,DE,uatp,credit
118599,00-99,AERTICKET GMBH,DE,uatp,credit
