BIN6,Ranges,Issuer,Country,Brand,Type
250000,00-99,ORBITALL SERVICOS E PROCESSAMENTO DE MEIOS DE PAGAMENTO LTDA,BR,maestro,debit
250001,00-99,ORIENTAL BANK,PR,mastercard,debit
250002,00-99,HUB PAGAMENTOS S.A.,BR,mastercard,debit
250003,00-99,HUB INSTITUICAO DE PAGAMENTO SA,BR,mastercard,debit
250004,00-99,CAPITAL BANK INC.,PA,mastercard,debit
250005,00-99,BANCO DE DESARROLLO RURAL DE HONDURAS S A,HN,mastercard,credit
250006,00-99,TOWERBANK INTERNATIONAL INC,PA,mastercard,debit
250007,00-99,BANCO PAN SA,BR,mastercard,credit
250008,00-99,NU MEXICO FINANCIERA S.A. DE C.V. SOCIEDAD FINANCIERA POPULAR,MX,mastercard,debit
250009,00-99,POMELO TECNOLOGIA PERU SAC,PE,mastercard,debit
250010,00-99,,,mastercard,debit
250011,00-99,ISLANDPAY GROUP LTD.,BS,mastercard,debit
250012,00-99,NU MEXICO FINANCIERA S.A. DE C.V. SOCIEDAD FINANCIERA POPULAR,MX,mastercard,debit
250013,00-99,ORBITALL SERVICOS E PROCESSAMENTO DE MEIOS DE PAGAMENTO LTDA,BR,mastercard,debit
250014,00-99,ORBITALL SERVICOS E PROCESSAMENTO DE MEIOS DE PAGAMENTO LTDA,BR,mastercard,debit
250015,00-99,ORBITALL SERVICOS E PROCESSAMENTO DE MEIOS DE PAGAMENTO LTDA,BR,mastercard,debit
250016,00-99,EDENRED SOLUCOES DE PAGAMENTOS HYLA S.A.,BR,mastercard,credit
250017,00-99,EDENRED SOLUCOES DE PAGAMENTOS HYLA S.A.,BR,mastercard,credit
250018,00-99,EDENRED SOLUCOES DE PAGAMENTOS HYLA S.A.,BR,mastercard,credit
250019,00-99,CARDNPAY LTD.,TT,mastercard,debit
250020,00-99,REALIZE CREDITO FINANCIAMENTO E INVESTIMENTO SA,BR,mastercard,debit
250021,00-99,REALIZE CREDITO FINANCIAMENTO E INVESTIMENTO SA,BR,mastercard,credit
250022,00-99,BANCO PAN SA,BR,mastercard,credit
250023,00-99,ORBITALL SERVICOS E PROCESSAMENTO DE MEIOS DE PAGAMENTO LTDA,BR,mastercard,debit
250024,00-99,ORBITALL SERVICOS E PROCESSAMENTO DE MEIOS DE PAGAMENTO LTDA,BR,mastercard,debit
250025,00-99,BANCO VOTORANTIM S/A,BR,mastercard,credit
250026,00-99,ORBITALL SERVICOS E PROCESSAMENTO DE MEIOS DE PAGAMENTO LTDA,BR,mastercard,credit
250027,00-99,BANCO VOTORANTIM S/A,BR,mastercard,credit
250028,00-99,HUB PAGAMENTOS S.A.,BR,mastercard,debit
250029,00-99,BANCO INTER S.A.,BR,mastercard,credit
250030,00-99,BANCO INTER S.A.,BR,mastercard,credit
250031,00-99,BANCO INTER S.A.,BR,mastercard,credit
250032,00-99,BANCO INTER S.A.,BR,mastercard,credit
250033,00-99,BANCO COOPERATIVO SICREDI SA,BR,mastercard,credit
250034,00-99,BANCO COOPERATIVO SICREDI SA,BR,mastercard,credit
250035,00-99,BANCO CSF S/A,BR,mastercard,debit
250036,00-99,BANCO ATLANTICO DE AHORRO Y CREDITO S A,DO,mastercard,debit
250037,00-99,HUB PAGAMENTOS S.A.,BR,mastercard,debit
250038,00-99,HUB PAGAMENTOS S.A.,BR,mastercard,debit
250039,00-99,HUB PAGAMENTOS S.A.,BR,mastercard,debit
250040,00-99,MOVII SA,CO,mastercard,debit
250041,00-99,BANCO PAN SA,BR,mastercard,credit
250042,00-99,BANCO PAN SA,BR,mastercard,credit
250043,00-99,ACESSO SOLUCOES DE PAGAMENTO S.A.,BR,mastercard,debit
250044,00-99,ACESSO SOLUCOES DE PAGAMENTO S.A.,BR,mastercard,debit
250045,00-99,ACESSO SOLUCOES DE PAGAMENTO S.A.,BR,mastercard,debit
250046,00-99,ACESSO SOLUCOES DE PAGAMENTO S.A.,BR,mastercard,debit
250047,00-99,ACESSO SOLUCOES DE PAGAMENTO S.A.,BR,mastercard,debit
250048,00-99,BANCO DE BRASILIA S.A.,BR,mastercard,credit
250049,00-99,BANCO DE BRASILIA S.A.,BR,mastercard,credit
250050,00-99,CAJA CENTRAL FINANCOOP,EC,mastercard,debit
250051,00-99,BANCO TRIANGULO S/A,BR,mastercard,credit
250052,00-99,CAJA CENTRAL FINANCOOP,EC,mastercard,credit
250053,00-99,CAJA CENTRAL FINANCOOP,EC,mastercard,debit
250054,00-99,BANCO DE LA NACION ARGENTINA,AR,mastercard,debit
250055,00-99,BANCO DE LA NACION ARGENTINA,AR,mastercard,debit
250056,00-99,BANCO DE LA NACION ARGENTINA,AR,mastercard,debit
250057,00-99,BANCO DE LA NACION ARGENTINA,AR,mastercard,debit
250058,00-99,BANCO DE LA NACION ARGENTINA,AR,mastercard,debit
250059,00-99,BANCO TRIANGULO S/A,BR,mastercard,credit
250060,00-99,BANCO COOPERATIVO SICOOB S.A. - BANCO SICOOB,BR,mastercard,credit
250061,00-99,BANCO COOPERATIVO SICOOB S.A. - BANCO SICOOB,BR,mastercard,credit
250062,00-99,BANCO COOPERATIVO SICOOB S.A. - BANCO SICOOB,BR,mastercard,credit
250063,00-99,BANCO COOPERATIVO SICOOB S.A. - BANCO SICOOB,BR,mastercard,credit
250064,00-99,ACG INSTITUICAO DE PAGAMENTO S.A,BR,mastercard,debit
250065,00-99,BANCO DE BRASILIA S.A.,BR,mastercard,credit
250066,00-99,ITAU UNIBANCO S.A.,BR,mastercard,credit
250067,00-99,ACG INSTITUICAO DE PAGAMENTO S.A,BR,mastercard,debit
250068,00-99,BANCO POPULAR Y DE DESARROLLO COMUNAL,CR,mastercard,debit
250069,00-99,FIRST DATA MERCHANT SERVICES MEXICO S DE R L DE CV,MX,mastercard,credit
250070,00-99,BANCO INVEX S.A. INSTITUCION DE BANCA MULTIPLE INVEX GRUPO FINANCIER,MX,mastercard,credit
250071,00-99,SWAP MEIOS DE PAGAMENTOS SA,BR,mastercard,debit
250072,00-99,MUTUAL CARTAGO DE AHORRO Y PRESTAMO,CR,mastercard,debit
250073,00-99,SWAP MEIOS DE PAGAMENTOS SA,BR,mastercard,debit
250074,00-99,COOPERATIVA DE AHORRO Y CREDITO ANDE NUMERO UNO RL,CR,mastercard,credit
250075,00-99,TOKA INTERNATIONAL S.A.P.I. DE C.V.,MX,mastercard,debit
250076,00-99,TOKA INTERNATIONAL S.A.P.I. DE C.V.,MX,mastercard,credit
250077,00-99,SWAP MEIOS DE PAGAMENTOS SA,BR,mastercard,debit
250078,00-99,GFY SA DE CV,MX,mastercard,credit
250079,00-99,SWAP MEIOS DE PAGAMENTOS SA,BR,mastercard,debit
250080,00-99,SWAP MEIOS DE PAGAMENTOS SA,BR,mastercard,debit
250081,00-99,SWAP MEIOS DE PAGAMENTOS SA,BR,mastercard,debit
250082,00-99,BANCO DE LA NACION ARGENTINA,AR,mastercard,credit
250083,00-99,BANCO DE LA NACION ARGENTINA,AR,mastercard,credit
250084,00-99,BANCO DE LA NACION ARGENTINA,AR,mastercard,credit
250085,00-99,ADMINISTRADORA DE TARJETAS DE CREDITO (A.T.C.) S.A.,BO,mastercard,debit
250086,00-99,BANCO CARONI C.A. BANCO UNIVERSAL,VE,mastercard,debit
250087,00-99,,,mastercard,debit
250088,00-99,ADMINISTRADORA DE TARJETAS DE CREDITO (A.T.C.) S.A.,BO,mastercard,debit
250089,00-99,,,mastercard,debit
250090,00-99,BOLD COMPANIA DE FINANCIAMIENTO SA,CO,mastercard,credit
250091,00-99,,,mastercard,debit
250092,00-99,,,mastercard,debit
250093,00-99,,,mastercard,debit
250094,00-99,,,mastercard,debit
250095,00-99,,,mastercard,debit
250096,00-99,,,mastercard,debit
250097,00-99,,,mastercard,debit
250098,00-99,,,mastercard,debit
250099,00-99,,,mastercard,debit
250100,00-99,,,mastercard,debit
250101,00-99,,,mastercard,debit
250102,00-99,,,mastercard,debit
250103,00-99,,,mastercard,debit
250104,00-99,,,mastercard,debit
250105,00-99,,,mastercard,debit
250106,00-99,,,mastercard,debit
250107,00-99,,,mastercard,debit
250108,00-99,,,mastercard,debit
250109,00-99,,,mastercard,debit
250110,00-99,,,mastercard,debit
250111,00-99,,,mastercard,debit
250112,00-99,,,mastercard,debit
250113,00-99,,,mastercard,debit
250114,00-99,,,mastercard,debit
250115,00-99,,,mastercard,debit
250116,00-99,,,mastercard,debit
250117,00-99,,,mastercard,debit
250118,00-99,,,mastercard,debit
250119,00-99,,,mastercard,debit
250120,00-99,,,mastercard,debit
250121,00-99,,,mastercard,debit
250122,00-99,,,mastercard,debit
250123,00-99,,,mastercard,debit
250124,00-99,,,mastercard,debit
250125,00-99,,,mastercard,debit
250126,00-99,,,mastercard,debit
250127,00-99,,,mastercard,debit
250128,00-99,,,mastercard,debit
250129,00-99,,,mastercard,debit
250130,00-99,,,mastercard,debit
250131,00-99,,,mastercard,debit
250132,00-99,,,mastercard,debit
250133,00-99,,,mastercard,debit
250134,00-99,,,mastercard,debit
250135,00-99,,,mastercard,debit
250136,00-99,,,mastercard,debit
250137,00-99,,,mastercard,debit
250138,00-99,,,mastercard,debit
250139,00-99,,,mastercard,debit
250140,00-99,,,mastercard,debit
250141,00-99,,,mastercard,debit
250142,00-99,,,mastercard,debit
250143,00-99,,,mastercard,debit
250144,00-99,,,mastercard,debit
250145,00-99,,,mastercard,debit
250146,00-99,,,mastercard,debit
250147,00-99,,,mastercard,debit
250148,00-99,,,mastercard,debit
250149,00-99,,,mastercard,debit
250150,00-99,,,mastercard,debit
250151,00-99,,,mastercard,debit
250152,00-99,,,mastercard,debit
250153,00-99,,,mastercard,debit
250154,00-99,,,mastercard,debit
250155,00-99,,,mastercard,debit
250156,00-99,,,mastercard,debit
250157,00-99,,,mastercard,debit
250158,00-99,,,mastercard,debit
250159,00-99,,,mastercard,debit
250160,00-99,,,mastercard,debit
250161,00-99,,,mastercard,debit
250162,00-99,,,mastercard,debit
250163,00-99,,,mastercard,debit
250164,00-99,,,mastercard,debit
250165,00-99,,,mastercard,debit
250166,00-99,,,mastercard,debit
250167,00-99,,,mastercard,debit
250168,00-99,,,mastercard,debit
250169,00-99,,,mastercard,debit
250170,00-99,,,mastercard,debit
250171,00-99,,,mastercard,debit
250172,00-99,,,mastercard,debit
250173,00-99,,,mastercard,debit
250174,00-99,,,mastercard,debit
250175,00-99,,,mastercard,debit
250176,00-99,,,mastercard,debit
250177,00-99,,,mastercard,debit
250178,00-99,,,mastercard,debit
250179,00-99,,,mastercard,debit
250180,00-99,,,mastercard,debit
250181,00-99,,,mastercard,debit
250182,00-99,,,mastercard,debit
250183,00-99,,,mastercard,debit
250184,00-99,,,mastercard,debit
250185,00-99,,,mastercard,debit
250186,00-99,,,mastercard,debit
250187,00-99,,,mastercard,debit
250188,00-99,,,mastercard,debit
250189,00-99,,,mastercard,debit
250190,00-99,,,mastercard,debit
250191,00-99,,,mastercard,debit
250192,00-99,,,mastercard,debit
250193,00-99,,,mastercard,debit
250194,00-99,,,mastercard,debit
250195,00-99,,,mastercard,debit
250196,00-99,,,mastercard,debit
250197,00-99,,,mastercard,debit
250198,00-99,,,mastercard,debit
250199,00-99,,,mastercard,debit
250200,00-99,,,mastercard,debit
250201,00-99,,,mastercard,debit
250202,00-99,,,mastercard,debit
250203,00-99,,,mastercard,debit
250204,00-99,,,mastercard,debit
250205,00-99,,,mastercard,debit
250206,00-99,,,mastercard,debit
250207,00-99,,,mastercard,debit
250208,00-99,,,mastercard,debit
250209,00-99,,,mastercard,debit
250210,00-99,,,mastercard,debit
250211,00-99,,,mastercard,debit
250212,00-99,,,mastercard,debit
250213,00-99,,,mastercard,debit
250214,00-99,,,mastercard,debit
250215,00-99,,,mastercard,debit
250216,00-99,,,mastercard,debit
250217,00-99,,,mastercard,debit
250218,00-99,,,mastercard,debit
250219,00-99,,,mastercard,debit
250220,00-99,,,mastercard,debit
250221,00-99,,,mastercard,debit
250222,00-99,,,mastercard,debit
250223,00-99,,,mastercard,debit
250224,00-99,,,mastercard,debit
250225,00-99,,,mastercard,debit
250226,00-99,,,mastercard,debit
250227,00-99,,,mastercard,debit
250228,00-99,,,mastercard,debit
250229,00-99,,,mastercard,debit
250230,00-99,,,mastercard,debit
250231,00-99,,,mastercard,debit
250232,00-99,,,mastercard,debit
250233,00-99,,,mastercard,debit
250234,00-99,,,mastercard,debit
250235,00-99,,,mastercard,debit
250236,00-99,,,mastercard,debit
250237,00-99,,,mastercard,debit
250238,00-99,,,mastercard,debit
250239,00-99,,,mastercard,debit
250240,00-99,,,mastercard,debit
250241,00-99,,,mastercard,debit
250242,00-99,,,mastercard,debit
250243,00-99,,,mastercard,debit
250244,00-99,,,mastercard,debit
250245,00-99,,,mastercard,debit
250246,00-99,,,mastercard,debit
250247,00-99,,,mastercard,debit
250248,00-99,,,mastercard,debit
250249,00-99,,,mastercard,debit
250250,00-99,,,mastercard,debit
250251,00-99,,,mastercard,debit
250252,00-99,,,mastercard,debit
250253,00-99,,,mastercard,debit
250254,00-99,,,mastercard,debit
250255,00-99,,,mastercard,debit
250256,00-99,,,mastercard,debit
250257,00-99,,,mastercard,debit
250258,00-99,,,mastercard,debit
250259,00-99,,,mastercard,debit
250260,00-99,,,mastercard,debit
250261,00-99,,,mastercard,debit
250262,00-99,,,mastercard,debit
250263,00-99,,,mastercard,debit
250264,00-99,,,mastercard,debit
250265,00-99,,,mastercard,debit
250266,00-99,,,mastercard,debit
250267,00-99,,,mastercard,debit
250268,00-99,,,mastercard,debit
250269,00-99,,,mastercard,debit
250270,00-99,,,mastercard,debit
250271,00-99,,,mastercard,debit
250272,00-99,,,mastercard,debit
250273,00-99,,,mastercard,debit
250274,00-99,,,mastercard,debit
250275,00-99,,,mastercard,debit
250276,00-99,,,mastercard,debit
250277,00-99,,,mastercard,debit
250278,00-99,,,mastercard,debit
250279,00-99,,,mastercard,debit
250280,00-99,,,mastercard,debit
250281,00-99,,,mastercard,debit
250282,00-99,,,mastercard,debit
250283,00-99,,,mastercard,debit
250284,00-99,,,mastercard,debit
250285,00-99,,,mastercard,debit
250286,00-99,,,mastercard,debit
250287,00-99,,,mastercard,debit
250288,00-99,,,mastercard,debit
250289,00-99,,,mastercard,debit
250290,00-99,,,mastercard,debit
250291,00-99,,,mastercard,debit
250292,00-99,,,mastercard,debit
250293,00-99,,,mastercard,debit
250294,00-99,,,mastercard,debit
250295,00-99,,,mastercard,debit
250296,00-99,,,mastercard,debit
250297,00-99,,,mastercard,debit
250298,00-99,,,mastercard,debit
250299,00-99,,,mastercard,debit
250300,00-99,,,mastercard,debit
250301,00-99,,,mastercard,debit
250302,00-99,,,mastercard,debit
250303,00-99,,,mastercard,debit
250304,00-99,,,mastercard,debit
250305,00-99,,,mastercard,debit
250306,00-99,,,mastercard,debit
250307,00-99,,,mastercard,debit
250308,00-99,,,mastercard,debit
250309,00-99,,,mastercard,debit
250310,00-99,,,mastercard,debit
250311,00-99,,,mastercard,debit
250312,00-99,,,mastercard,debit
250313,00-99,,,mastercard,debit
250314,00-99,,,mastercard,debit
250315,00-99,,,mastercard,debit
250316,00-99,,,mastercard,debit
250317,00-99,,,mastercard,debit
250318,00-99,,,mastercard,debit
250319,00-99,,,mastercard,debit
250320,00-99,,,mastercard,debit
250321,00-99,,,mastercard,debit
250322,00-99,,,mastercard,debit
250323,00-99,,,mastercard,debit
250324,00-99,,,mastercard,debit
250325,00-99,,,mastercard,debit
250326,00-99,,,mastercard,debit
250327,00-99,,,mastercard,debit
250328,00-99,,,mastercard,debit
250329,00-99,,,mastercard,debit
250330,00-99,,,mastercard,debit
250331,00-99,,,mastercard,debit
250332,00-99,,,mastercard,debit
250333,00-99,,,mastercard,debit
250334,00-99,,,mastercard,debit
250335,00-99,,,mastercard,debit
250336,00-99,,,mastercard,debit
250337,00-99,,,mastercard,debit
250338,00-99,,,mastercard,debit
250339,00-99,,,mastercard,debit
250340,00-99,,,mastercard,debit
250341,00-99,,,mastercard,debit
250342,00-99,,,mastercard,debit
250343,00-99,,,mastercard,debit
250344,00-99,,,mastercard,debit
250345,00-99,,,mastercard,debit
250346,00-99,,,mastercard,debit
250347,00-99,,,mastercard,debit
250348,00-99,,,mastercard,debit
250349,00-99,,,mastercard,debit
250350,00-99,,,mastercard,debit
250351,00-99,,,mastercard,debit
250352,00-99,,,mastercard,debit
250353,00-99,,,mastercard,debit
250354,00-99,,,mastercard,debit
250355,00-99,,,mastercard,debit
250356,00-99,,,mastercard,debit
250357,00-99,,,mastercard,debit
250358,00-99,,,mastercard,debit
250359,00-99,,,mastercard,debit
250360,00-99,,,mastercard,debit
250361,00-99,,,mastercard,debit
250362,00-99,,,mastercard,debit
250363,00-99,,,mastercard,debit
250364,00-99,,,mastercard,debit
250365,00-99,,,mastercard,debit
250366,00-99,,,mastercard,debit
250367,00-99,,,mastercard,debit
250368,00-99,,,mastercard,debit
250369,00-99,,,mastercard,debit
250370,00-99,,,mastercard,debit
250371,00-99,,,mastercard,debit
250372,00-99,,,mastercard,debit
250373,00-99,,,mastercard,debit
250374,00-99,,,mastercard,debit
250375,00-99,,,mastercard,debit
250376,00-99,,,mastercard,debit
250377,00-99,,,mastercard,debit
250378,00-99,,,mastercard,debit
250379,00-99,,,mastercard,debit
250380,00-99,,,mastercard,debit
250381,00-99,,,mastercard,debit
250382,00-99,,,mastercard,debit
250383,00-99,,,mastercard,debit
250384,00-99,,,mastercard,debit
250385,00-99,,,mastercard,debit
250386,00-99,,,mastercard,debit
250387,00-99,,,mastercard,debit
250388,00-99,,,mastercard,debit
250389,00-99,,,mastercard,debit
250390,00-99,,,mastercard,debit
250391,00-99,,,mastercard,debit
250392,00-99,,,mastercard,debit
250393,00-99,,,mastercard,debit
250394,00-99,,,mastercard,debit
250395,00-99,,,mastercard,debit
250396,00-99,,,mastercard,debit
250397,00-99,,,mastercard,debit
250398,00-99,,,mastercard,debit
250399,00-99,,,mastercard,debit
250400,00-99,,,mastercard,debit
250401,00-99,,,mastercard,debit
250402,00-99,,,mastercard,debit
250403,00-99,,,mastercard,debit
250404,00-99,,,mastercard,debit
250405,00-99,,,mastercard,debit
250406,00-99,,,mastercard,debit
250407,00-99,,,mastercard,debit
250408,00-99,,,mastercard,debit
250409,00-99,,,mastercard,debit
250410,00-99,,,mastercard,debit
250411,00-99,,,mastercard,debit
250412,00-99,,,mastercard,debit
250413,00-99,,,mastercard,debit
250414,00-99,,,mastercard,debit
250415,00-99,,,mastercard,debit
250416,00-99,,,mastercard,debit
250417,00-99,,,mastercard,debit
250418,00-99,,,mastercard,debit
250419,00-99,,,mastercard,debit
250420,00-99,,,mastercard,debit
250421,00-99,,,mastercard,debit
250422,00-99,,,mastercard,debit
250423,00-99,,,mastercard,debit
250424,00-99,,,mastercard,debit
250425,00-99,,,mastercard,debit
250426,00-99,,,mastercard,debit
250427,00-99,,,mastercard,debit
250428,00-99,,,mastercard,debit
250429,00-99,,,mastercard,debit
250430,00-99,,,mastercard,debit
250431,00-99,,,mastercard,debit
250432,00-99,,,mastercard,debit
250433,00-99,,,mastercard,debit
250434,00-99,,,mastercard,debit
250435,00-99,,,mastercard,debit
250436,00-99,,,mastercard,debit
250437,00-99,,,mastercard,debit
250438,00-99,,,mastercard,debit
250439,00-99,,,mastercard,debit
250440,00-99,,,mastercard,debit
250441,00-99,,,mastercard,debit
250442,00-99,,,mastercard,debit
250443,00-99,,,mastercard,debit
250444,00-99,,,mastercard,debit
250445,00-99,,,mastercard,debit
250446,00-99,,,mastercard,debit
250447,00-99,,,mastercard,debit
250448,00-99,,,mastercard,debit
250449,00-99,,,mastercard,debit
250450,00-99,,,mastercard,debit
250451,00-99,,,mastercard,debit
250452,00-99,,,mastercard,debit
250453,00-99,,,mastercard,debit
250454,00-99,,,mastercard,debit
250455,00-99,,,mastercard,debit
250456,00-99,,,mastercard,debit
250457,00-99,,,mastercard,debit
250458,00-99,,,mastercard,debit
250459,00-99,,,mastercard,debit
250460,00-99,,,mastercard,debit
250461,00-99,,,mastercard,debit
250462,00-99,,,mastercard,debit
250463,00-99,,,mastercard,debit
250464,00-99,,,mastercard,debit
250465,00-99,,,mastercard,debit
250466,00-99,,,mastercard,debit
250467,00-99,,,mastercard,debit
250468,00-99,,,mastercard,debit
250469,00-99,,,mastercard,debit
250470,00-99,,,mastercard,debit
250471,00-99,,,mastercard,debit
250472,00-99,,,mastercard,debit
250473,00-99,,,mastercard,debit
250474,00-99,,,mastercard,debit
250475,00-99,,,mastercard,debit
250476,00-99,,,mastercard,debit
250477,00-99,,,mastercard,debit
250478,00-99,,,mastercard,debit
250479,00-99,,,mastercard,debit
250480,00-99,,,mastercard,debit
250481,00-99,,,mastercard,debit
250482,00-99,,,mastercard,debit
250483,00-99,,,mastercard,debit
250484,00-99,,,mastercard,debit
250485,00-99,,,mastercard,debit
250486,00-99,,,mastercard,debit
250487,00-99,,,mastercard,debit
250488,00-99,,,mastercard,debit
250489,00-99,,,mastercard,debit
250490,00-99,,,mastercard,debit
250491,00-99,,,mastercard,debit
250492,00-99,,,mastercard,debit
250493,00-99,,,mastercard,debit
250494,00-99,,,mastercard,debit
250495,00-99,,,mastercard,debit
250496,00-99,,,mastercard,debit
250497,00-99,,,mastercard,debit
250498,00-99,,,mastercard,debit
250499,00-99,,,mastercard,debit
250500,00-99,,,mastercard,debit
250501,00-99,,,mastercard,debit
250502,00-99,,,mastercard,debit
250503,00-99,,,mastercard,debit
250504,00-99,,,mastercard,debit
250505,00-99,,,mastercard,debit
250506,00-99,,,mastercard,debit
250507,00-99,,,mastercard,debit
250508,00-99,,,mastercard,debit
250509,00-99,,,mastercard,debit
250510,00-99,,,mastercard,debit
250511,00-99,,,mastercard,debit
250512,00-99,,,mastercard,debit
250513,00-99,,,mastercard,debit
250514,00-99,,,mastercard,debit
250515,00-99,,,mastercard,debit
250516,00-99,,,mastercard,debit
250517,00-99,,,mastercard,debit
250518,00-99,,,mastercard,debit
250519,00-99,,,mastercard,debit
250520,00-99,,,mastercard,debit
250521,00-99,,,mastercard,debit
250522,00-99,,,mastercard,debit
250523,00-99,,,mastercard,debit
250524,00-99,,,mastercard,debit
250525,00-99,,,mastercard,debit
250526,00-99,,,mastercard,debit
250527,00-99,,,mastercard,debit
250528,00-99,,,mastercard,debit
250529,00-99,,,mastercard,debit
250530,00-99,,,mastercard,debit
250531,00-99,,,mastercard,debit
250532,00-99,,,mastercard,debit
250533,00-99,,,mastercard,debit
250534,00-99,,,mastercard,debit
250535,00-99,,,mastercard,debit
250536,00-99,,,mastercard,debit
250537,00-99,,,mastercard,debit
250538,00-99,,,mastercard,debit
250539,00-99,,,mastercard,debit
250540,00-99,,,mastercard,debit
250541,00-99,,,mastercard,debit
250542,00-99,,,mastercard,debit
250543,00-99,,,mastercard,debit
250544,00-99,,,mastercard,debit
250545,00-99,,,mastercard,debit
250546,00-99,,,mastercard,debit
250547,00-99,,,mastercard,debit
250548,00-99,,,mastercard,debit
250549,00-99,,,mastercard,debit
250550,00-99,,,mastercard,debit
250551,00-99,,,mastercard,debit
250552,00-99,,,mastercard,debit
250553,00-99,,,mastercard,debit
250554,00-99,,,mastercard,debit
250555,00-99,,,mastercard,debit
250556,00-99,,,mastercard,debit
250557,00-99,,,mastercard,debit
250558,00-99,,,mastercard,debit
250559,00-99,,,mastercard,debit
250560,00-99,,,mastercard,debit
250561,00-99,,,mastercard,debit
250562,00-99,,,mastercard,debit
250563,00-99,,,mastercard,debit
250564,00-99,,,mastercard,debit
250565,00-99,,,mastercard,debit
250566,00-99,,,mastercard,debit
250567,00-99,,,mastercard,debit
250568,00-99,,,mastercard,debit
250569,00-99,,,mastercard,debit
250570,00-99,,,mastercard,debit
250571,00-99,,,mastercard,debit
250572,00-99,,,mastercard,debit
250573,00-99,,,mastercard,debit
250574,00-99,,,mastercard,debit
250575,00-99,,,mastercard,debit
250576,00-99,,,mastercard,debit
250577,00-99,,,mastercard,debit
250578,00-99,,,mastercard,debit
250579,00-99,,,mastercard,debit
250580,00-99,,,mastercard,debit
250581,00-99,,,mastercard,debit
250582,00-99,,,mastercard,debit
250583,00-99,,,mastercard,debit
250584,00-99,,,mastercard,debit
250585,00-99,,,mastercard,debit
250586,00-99,,,mastercard,debit
250587,00-99,,,mastercard,debit
250588,00-99,,,mastercard,debit
250589,00-99,,,mastercard,debit
250590,00-99,,,mastercard,debit
250591,00-99,,,mastercard,debit
250592,00-99,,,mastercard,debit
250593,00-99,,,mastercard,debit
250594,00-99,,,mastercard,debit
250595,00-99,,,mastercard,debit
250596,00-99,,,mastercard,debit
250597,00-99,,,mastercard,debit
250598,00-99,,,mastercard,debit
250599,00-99,,,mastercard,debit
250600,00-99,,,mastercard,debit
250601,00-99,,,mastercard,debit
250602,00-99,,,mastercard,debit
250603,00-99,,,mastercard,debit
250604,00-99,,,mastercard,debit
250605,00-99,,,mastercard,debit
250606,00-99,,,mastercard,debit
250607,00-99,,,mastercard,debit
250608,00-99,,,mastercard,debit
250609,00-99,,,mastercard,debit
250610,00-99,,,mastercard,debit
250611,00-99,,,mastercard,debit
250612,00-99,,,mastercard,debit
250613,00-99,,,mastercard,debit
250614,00-99,,,mastercard,debit
250615,00-99,,,mastercard,debit
250616,00-99,,,mastercard,debit
250617,00-99,,,mastercard,debit
250618,00-99,,,mastercard,debit
250619,00-99,,,mastercard,debit
250620,00-99,,,mastercard,debit
250621,00-99,,,mastercard,debit
250622,00-99,,,mastercard,debit
250623,00-99,,,mastercard,debit
250624,00-99,,,mastercard,debit
250625,00-99,,,mastercard,debit
250626,00-99,,,mastercard,debit
250627,00-99,,,mastercard,debit
250628,00-99,,,mastercard,debit
250629,00-99,,,mastercard,debit
250630,00-99,,,mastercard,debit
250631,00-99,,,mastercard,debit
250632,00-99,,,mastercard,debit
250633,00-99,,,mastercard,debit
250634,00-99,,,mastercard,debit
250635,00-99,,,mastercard,debit
250636,00-99,,,mastercard,debit
250637,00-99,,,mastercard,debit
250638,00-99,,,mastercard,debit
250639,00-99,,,mastercard,debit
250640,00-99,,,mastercard,debit
250641,00-99,,,mastercard,debit
250642,00-99,,,mastercard,debit
250643,00-99,,,mastercard,debit
250644,00-99,,,mastercard,debit
250645,00-99,,,mastercard,debit
250646,00-99,,,mastercard,debit
250647,00-99,,,mastercard,debit
250648,00-99,,,mastercard,debit
250649,00-99,,,mastercard,debit
250650,00-99,,,mastercard,debit
250651,00-99,,,mastercard,debit
250652,00-99,,,mastercard,debit
250653,00-99,,,mastercard,debit
250654,00-99,,,mastercard,debit
250655,00-99,,,mastercard,debit
250656,00-99,,,mastercard,debit
250657,00-99,,,mastercard,debit
250658,00-99,,,mastercard,debit
250659,00-99,,,mastercard,debit
250660,00-99,,,mastercard,debit
250661,00-99,,,mastercard,debit
250662,00-99,,,mastercard,debit
250663,00-99,,,mastercard,debit
250664,00-99,,,mastercard,debit
250665,00-99,,,mastercard,debit
250666,00-99,,,mastercard,debit
250667,00-99,,,mastercard,debit
250668,00-99,,,mastercard,debit
250669,00-99,,,mastercard,debit
250670,00-99,,,mastercard,debit
250671,00-99,,,mastercard,debit
250672,00-99,,,mastercard,debit
250673,00-99,,,mastercard,debit
250674,00-99,,,mastercard,debit
250675,00-99,,,mastercard,debit
250676,00-99,,,mastercard,debit
250677,00-99,,,mastercard,debit
250678,00-99,,,mastercard,debit
250679,00-99,,,mastercard,debit
250680,00-99,,,mastercard,debit
250681,00-99,,,mastercard,debit
250682,00-99,,,mastercard,debit
250683,00-99,,,mastercard,debit
250684,00-99,,,mastercard,debit
250685,00-99,,,mastercard,debit
250686,00-99,,,mastercard,debit
250687,00-99,,,mastercard,debit
250688,00-99,,,mastercard,debit
250689,00-99,,,mastercard,debit
250690,00-99,,,mastercard,debit
250691,00-99,,,mastercard,debit
250692,00-99,,,mastercard,debit
250693,00-99,,,mastercard,debit
250694,00-99,,,mastercard,debit
250695,00-99,,,mastercard,debit
250696,00-99,,,mastercard,debit
250697,00-99,,,mastercard,debit
250698,00-99,,,mastercard,debit
250699,00-99,,,mastercard,debit
250700,00-99,,,mastercard,debit
250701,00-99,,,mastercard,debit
250702,00-99,,,mastercard,debit
250703,00-99,,,mastercard,debit
250704,00-99,,,mastercard,debit
250705,00-99,,,mastercard,debit
250706,00-99,,,mastercard,debit
250707,00-99,,,mastercard,debit
250708,00-99,,,mastercard,debit
250709,00-99,,,mastercard,debit
250710,00-99,,,mastercard,debit
250711,00-99,,,mastercard,debit
250712,00-99,,,mastercard,debit
250713,00-99,,,mastercard,debit
250714,00-99,,,mastercard,debit
250715,00-99,,,mastercard,debit
250716,00-99,,,mastercard,debit
250717,00-99,,,mastercard,debit
250718,00-99,,,mastercard,debit
250719,00-99,,,mastercard,debit
250720,00-99,,,mastercard,debit
250721,00-99,,,mastercard,debit
250722,00-99,,,mastercard,debit
250723,00-99,,,mastercard,debit
250724,00-99,,,mastercard,debit
250725,00-99,,,mastercard,debit
250726,00-99,,,mastercard,debit
250727,00-99,,,mastercard,debit
250728,00-99,,,mastercard,debit
250729,00-99,,,mastercard,debit
250730,00-99,,,mastercard,debit
250731,00-99,,,mastercard,debit
250732,00-99,,,mastercard,debit
250733,00-99,,,mastercard,debit
250734,00-99,,,mastercard,debit
250735,00-99,,,mastercard,debit
250736,00-99,,,mastercard,debit
250737,00-99,,,mastercard,debit
250738,00-99,,,mastercard,debit
250739,00-99,,,mastercard,debit
250740,00-99,,,mastercard,debit
250741,00-99,,,mastercard,debit
250742,00-99,,,mastercard,debit
250743,00-99,,,mastercard,debit
250744,00-99,,,mastercard,debit
250745,00-99,,,mastercard,debit
250746,00-99,,,mastercard,debit
250747,00-99,,,mastercard,debit
250748,00-99,,,mastercard,debit
250749,00-99,,,mastercard,debit
250750,00-99,,,mastercard,debit
250751,00-99,,,mastercard,debit
250752,00-99,,,mastercard,debit
250753,00-99,,,mastercard,debit
250754,00-99,,,mastercard,debit
250755,00-99,,,mastercard,debit
250756,00-99,,,mastercard,debit
250757,00-99,,,mastercard,debit
250758,00-99,,,mastercard,debit
250759,00-99,,,mastercard,debit
250760,00-99,,,mastercard,debit
250761,00-99,,,mastercard,debit
250762,00-99,,,mastercard,debit
250763,00-99,,,mastercard,debit
250764,00-99,,,mastercard,debit
250765,00-99,,,mastercard,debit
250766,00-99,,,mastercard,debit
250767,00-99,,,mastercard,debit
250768,00-99,,,mastercard,debit
250769,00-99,,,mastercard,debit
250770,00-99,,,mastercard,debit
250771,00-99,,,mastercard,debit
250772,00-99,,,mastercard,debit
250773,00-99,,,mastercard,debit
250774,00-99,,,mastercard,debit
250775,00-99,,,mastercard,debit
250776,00-99,,,mastercard,debit
250777,00-99,,,mastercard,debit
250778,00-99,,,mastercard,debit
250779,00-99,,,mastercard,debit
250780,00-99,,,mastercard,debit
250781,00-99,,,mastercard,debit
250782,00-99,,,mastercard,debit
250783,00-99,,,mastercard,debit
250784,00-99,,,mastercard,debit
250785,00-99,,,mastercard,debit
250786,00-99,,,mastercard,debit
250787,00-99,,,mastercard,debit
250788,00-99,,,mastercard,debit
250789,00-99,,,mastercard,debit
250790,00-99,,,mastercard,debit
250791,00-99,,,mastercard,debit
250792,00-99,,,mastercard,debit
250793,00-99,,,mastercard,debit
250794,00-99,,,mastercard,debit
250795,00-99,,,mastercard,debit
250796,00-99,,,mastercard,debit
250797,00-99,,,mastercard,debit
250798,00-99,,,mastercard,debit
250799,00-99,,,mastercard,debit
250800,00-99,,,mastercard,debit
250801,00-99,,,mastercard,debit
250802,00-99,,,mastercard,debit
250803,00-99,,,mastercard,debit
250804,00-99,,,mastercard,debit
250805,00-99,,,mastercard,debit
250806,00-99,,,mastercard,debit
250807,00-99,,,mastercard,debit
250808,00-99,,,mastercard,debit
250809,00-99,,,mastercard,debit
250810,00-99,,,mastercard,debit
250811,00-99,,,mastercard,debit
250812,00-99,,,mastercard,debit
250813,00-99,,,mastercard,debit
250814,00-99,,,mastercard,debit
250815,00-99,,,mastercard,debit
250816,00-99,,,mastercard,debit
250817,00-99,,,mastercard,debit
250818,00-99,,,mastercard,debit
250819,00-99,,,mastercard,debit
250820,00-99,,,mastercard,debit
250821,00-99,,,mastercard,debit
250822,00-99,,,mastercard,debit
250823,00-99,,,mastercard,debit
250824,00-99,,,mastercard,debit
250825,00-99,,,mastercard,debit
250826,00-99,,,mastercard,debit
250827,00-99,,,mastercard,debit
250828,00-99,,,mastercard,debit
250829,00-99,,,mastercard,debit
250830,00-99,,,mastercard,debit
250831,00-99,,,mastercard,debit
250832,00-99,,,mastercard,debit
250833,00-99,,,mastercard,debit
250834,00-99,,,mastercard,debit
250835,00-99,,,mastercard,debit
250836,00-99,,,mastercard,debit
250837,00-99,,,mastercard,debit
250838,00-99,,,mastercard,debit
250839,00-99,,,mastercard,debit
250840,00-99,,,mastercard,debit
250841,00-99,,,mastercard,debit
250842,00-99,,,mastercard,debit
250843,00-99,,,mastercard,debit
250844,00-99,,,mastercard,debit
250845,00-99,,,mastercard,debit
250846,00-99,,,mastercard,debit
250847,00-99,,,mastercard,debit
250848,00-99,,,mastercard,debit
250849,00-99,,,mastercard,debit
250850,00-99,,,mastercard,debit
250851,00-99,,,mastercard,debit
250852,00-99,,,mastercard,debit
250853,00-99,,,mastercard,debit
250854,00-99,,,mastercard,debit
250855,00-99,,,mastercard,debit
250856,00-99,,,mastercard,debit
250857,00-99,,,mastercard,debit
250858,00-99,,,mastercard,debit
250859,00-99,,,mastercard,debit
250860,00-99,,,mastercard,debit
250861,00-99,,,mastercard,debit
250862,00-99,,,mastercard,debit
250863,00-99,,,mastercard,debit
250864,00-99,,,mastercard,debit
250865,00-99,,,mastercard,debit
250866,00-99,,,mastercard,debit
250867,00-99,,,mastercard,debit
250868,00-99,,,mastercard,debit
250869,00-99,,,mastercard,debit
250870,00-99,,,mastercard,debit
250871,00-99,,,mastercard,debit
250872,00-99,,,mastercard,debit
250873,00-99,,,mastercard,debit
250874,00-99,,,mastercard,debit
250875,00-99,,,mastercard,debit
250876,00-99,,,mastercard,debit
250877,00-99,,,mastercard,debit
250878,00-99,,,mastercard,debit
250879,00-99,,,mastercard,debit
250880,00-99,,,mastercard,debit
250881,00-99,,,mastercard,debit
250882,00-99,,,mastercard,debit
250883,00-99,,,mastercard,debit
250884,00-99,,,mastercard,debit
250885,00-99,,,mastercard,debit
250886,00-99,,,mastercard,debit
250887,00-99,,,mastercard,debit
250888,00-99,,,mastercard,debit
250889,00-99,,,mastercard,debit
250890,00-99,,,mastercard,debit
250891,00-99,,,mastercard,debit
250892,00-99,,,mastercard,debit
250893,00-99,,,mastercard,debit
250894,00-99,,,mastercard,debit
250895,00-99,,,mastercard,debit
250896,00-99,,,mastercard,debit
250897,00-99,,,mastercard,debit
250898,00-99,,,mastercard,debit
250899,00-99,,,mastercard,debit
250900,00-99,,,mastercard,debit
250901,00-99,,,mastercard,debit
250902,00-99,,,mastercard,debit
250903,00-99,,,mastercard,debit
250904,00-99,,,mastercard,debit
250905,00-99,,,mastercard,debit
250906,00-99,,,mastercard,debit
250907,00-99,,,mastercard,debit
250908,00-99,,,mastercard,debit
250909,00-99,,,mastercard,debit
250910,00-99,,,mastercard,debit
250911,00-99,,,mastercard,debit
250912,00-99,,,mastercard,debit
250913,00-99,,,mastercard,debit
250914,00-99,,,mastercard,debit
250915,00-99,,,mastercard,debit
250916,00-99,,,mastercard,debit
250917,00-99,,,mastercard,debit
250918,00-99,,,mastercard,debit
250919,00-99,,,mastercard,debit
250920,00-99,,,mastercard,debit
250921,00-99,,,mastercard,debit
250922,00-99,,,mastercard,debit
250923,00-99,,,mastercard,debit
250924,00-99,,,mastercard,debit
250925,00-99,,,mastercard,debit
250926,00-99,,,mastercard,debit
250927,00-99,,,mastercard,debit
250928,00-99,,,mastercard,debit
250929,00-99,,,mastercard,debit
250930,00-99,,,mastercard,debit
250931,00-99,,,mastercard,debit
250932,00-99,,,mastercard,debit
250933,00-99,,,mastercard,debit
250934,00-99,,,mastercard,debit
250935,00-99,,,mastercard,debit
250936,00-99,,,mastercard,debit
250937,00-99,,,mastercard,debit
250938,00-99,,,mastercard,debit
250939,00-99,,,mastercard,debit
250940,00-99,,,mastercard,debit
250941,00-99,,,mastercard,debit
250942,00-99,,,mastercard,debit
250943,00-99,,,mastercard,debit
250944,00-99,,,mastercard,debit
250945,00-99,,,mastercard,debit
250946,00-99,,,mastercard,debit
250947,00-99,,,mastercard,debit
250948,00-99,,,mastercard,debit
250949,00-99,,,mastercard,debit
250950,00-99,,,mastercard,debit
250951,00-99,,,mastercard,debit
250952,00-99,,,mastercard,debit
250953,00-99,,,mastercard,debit
250954,00-99,,,mastercard,debit
250955,00-99,,,mastercard,debit
250956,00-99,,,mastercard,debit
250957,00-99,,,mastercard,debit
250958,00-99,,,mastercard,debit
250959,00-99,,,mastercard,debit
250960,00-99,,,mastercard,debit
250961,00-99,,,mastercard,debit
250962,00-99,,,mastercard,debit
250963,00-99,,,mastercard,debit
250964,00-99,,,mastercard,debit
250965,00-99,,,mastercard,debit
250966,00-99,,,mastercard,debit
250967,00-99,,,mastercard,debit
250968,00-99,,,mastercard,debit
250969,00-99,,,mastercard,debit
250970,00-99,,,mastercard,debit
250971,00-99,,,mastercard,debit
250972,00-99,,,mastercard,debit
250973,00-99,,,mastercard,debit
250974,00-99,,,mastercard,debit
250975,00-99,,,mastercard,debit
250976,00-99,,,mastercard,debit
250977,00-99,,,mastercard,debit
250978,00-99,,,mastercard,debit
250979,00-99,,,mastercard,debit
250980,00-99,,,mastercard,debit
250981,00-99,,,mastercard,debit
250982,00-99,,,mastercard,debit
250983,00-99,,,mastercard,debit
250984,00-99,,,mastercard,debit
250985,00-99,,,mastercard,debit
250986,00-99,,,mastercard,debit
250987,00-99,,,mastercard,debit
250988,00-99,,,mastercard,debit
250989,00-99,,,mastercard,debit
250990,00-99,,,mastercard,debit
250991,00-99,,,mastercard,debit
250992,00-99,,,mastercard,debit
250993,00-99,,,mastercard,debit
250994,00-99,,,mastercard,debit
250995,00-99,,,mastercard,debit
250996,00-99,,,mastercard,debit
250997,00-99,,,mastercard,debit
250998,00-99,,,mastercard,debit
250999,00-99,,,mastercard,debit
251000,00-99,,,mastercard,debit
251001,00-99,,,mastercard,debit
251002,00-99,,,mastercard,debit
251003,00-99,,,mastercard,debit
251004,00-99,,,mastercard,debit
251005,00-99,,,mastercard,debit
251006,00-99,,,mastercard,debit
251007,00-99,,,mastercard,debit
251008,00-99,,,mastercard,debit
251009,00-99,,,mastercard,debit
251010,00-99,,,mastercard,debit
251011,00-99,,,mastercard,debit
251012,00-99,,,mastercard,debit
251013,00-99,,,mastercard,debit
251014,00-99,,,mastercard,debit
251015,00-99,,,mastercard,debit
251016,00-99,,,mastercard,debit
251017,00-99,,,mastercard,debit
251018,00-99,,,mastercard,debit
251019,00-99,,,mastercard,debit
251020,00-99,,,mastercard,debit
251021,00-99,,,mastercard,debit
251022,00-99,,,mastercard,debit
251023,00-99,,,mastercard,debit
251024,00-99,,,mastercard,debit
251025,00-99,,,mastercard,debit
251026,00-99,,,mastercard,debit
251027,00-99,,,mastercard,debit
251028,00-99,,,mastercard,debit
251029,00-99,,,mastercard,debit
251030,00-99,,,mastercard,debit
251031,00-99,,,mastercard,debit
251032,00-99,,,mastercard,debit
251033,00-99,,,mastercard,debit
251034,00-99,,,mastercard,debit
251035,00-99,,,mastercard,debit
251036,00-99,,,mastercard,debit
251037,00-99,,,mastercard,debit
251038,00-99,,,mastercard,debit
251039,00-99,,,mastercard,debit
251040,00-99,,,mastercard,debit
251041,00-99,,,mastercard,debit
251042,00-99,,,mastercard,debit
251043,00-99,,,mastercard,debit
251044,00-99,,,mastercard,debit
251045,00-99,,,mastercard,debit
251046,00-99,,,mastercard,debit
251047,00-99,,,mastercard,debit
251048,00-99,,,mastercard,debit
251049,00-99,,,mastercard,debit
251050,00-99,,,mastercard,debit
251051,00-99,,,mastercard,debit
251052,00-99,,,mastercard,debit
251053,00-99,,,mastercard,debit
251054,00-99,,,mastercard,debit
251055,00-99,,,mastercard,debit
251056,00-99,,,mastercard,debit
251057,00-99,,,mastercard,debit
251058,00-99,,,mastercard,debit
251059,00-99,,,mastercard,debit
251060,00-99,,,mastercard,debit
251061,00-99,,,mastercard,debit
251062,00-99,,,mastercard,debit
251063,00-99,,,mastercard,debit
251064,00-99,,,mastercard,debit
251065,00-99,,,mastercard,debit
251066,00-99,,,mastercard,debit
251067,00-99,,,mastercard,debit
251068,00-99,,,mastercard,debit
251069,00-99,,,mastercard,debit
251070,00-99,,,mastercard,debit
251071,00-99,,,mastercard,debit
251072,00-99,,,mastercard,debit
251073,00-99,,,mastercard,debit
251074,00-99,,,mastercard,debit
251075,00-99,,,mastercard,debit
251076,00-99,,,mastercard,debit
251077,00-99,,,mastercard,debit
251078,00-99,,,mastercard,debit
251079,00-99,,,mastercard,debit
251080,00-99,,,mastercard,debit
251081,00-99,,,mastercard,debit
251082,00-99,,,mastercard,debit
251083,00-99,,,mastercard,debit
251084,00-99,,,mastercard,debit
251085,00-99,,,mastercard,debit
251086,00-99,,,mastercard,debit
251087,00-99,,,mastercard,debit
251088,00-99,,,mastercard,debit
251089,00-99,,,mastercard,debit
251090,00-99,,,mastercard,debit
251091,00-99,,,mastercard,debit
251092,00-99,,,mastercard,debit
251093,00-99,,,mastercard,debit
251094,00-99,,,mastercard,debit
251095,00-99,,,mastercard,debit
251096,00-99,,,mastercard,debit
251097,00-99,,,mastercard,debit
251098,00-99,,,mastercard,debit
251099,00-99,,,mastercard,debit
251100,00-99,,,mastercard,debit
251101,00-99,,,mastercard,debit
251102,00-99,,,mastercard,debit
251103,00-99,,,mastercard,debit
251104,00-99,,,mastercard,debit
251105,00-99,,,mastercard,debit
251106,00-99,,,mastercard,debit
251107,00-99,,,mastercard,debit
251108,00-99,,,mastercard,debit
251109,00-99,,,mastercard,debit
251110,00-99,,,mastercard,debit
251111,00-99,,,mastercard,debit
251112,00-99,,,mastercard,debit
251113,00-99,,,mastercard,debit
251114,00-99,,,mastercard,debit
251115,00-99,,,mastercard,debit
251116,00-99,,,mastercard,debit
251117,00-99,,,mastercard,debit
251118,00-99,,,mastercard,debit
251119,00-99,,,mastercard,debit
251120,00-99,,,mastercard,debit
251121,00-99,,,mastercard,debit
251122,00-99,,,mastercard,debit
251123,00-99,,,mastercard,debit
251124,00-99,,,mastercard,debit
251125,00-99,,,mastercard,debit
251126,00-99,,,mastercard,debit
251127,00-99,,,mastercard,debit
251128,00-99,,,mastercard,debit
251129,00-99,,,mastercard,debit
251130,00-99,,,mastercard,debit
251131,00-99,,,mastercard,debit
251132,00-99,,,mastercard,debit
251133,00-99,,,mastercard,debit
251134,00-99,,,mastercard,debit
251135,00-99,,,mastercard,debit
251136,00-99,,,mastercard,debit
251137,00-99,,,mastercard,debit
251138,00-99,,,mastercard,debit
251139,00-99,,,mastercard,debit
251140,00-99,,,mastercard,debit
251141,00-99,,,mastercard,debit
251142,00-99,,,mastercard,debit
251143,00-99,,,mastercard,debit
251144,00-99,,,mastercard,debit
251145,00-99,,,mastercard,debit
251146,00-99,,,mastercard,debit
251147,00-99,,,mastercard,debit
251148,00-99,,,mastercard,debit
251149,00-99,,,mastercard,debit
251150,00-99,,,mastercard,debit
251151,00-99,,,mastercard,debit
251152,00-99,,,mastercard,debit
251153,00-99,,,mastercard,debit
251154,00-99,,,mastercard,debit
251155,00-99,,,mastercard,debit
251156,00-99,,,mastercard,debit
251157,00-99,,,mastercard,debit
251158,00-99,,,mastercard,debit
251159,00-99,,,mastercard,debit
251160,00-99,,,mastercard,debit
251161,00-99,,,mastercard,debit
251162,00-99,,,mastercard,debit
251163,00-99,,,mastercard,debit
251164,00-99,,,mastercard,debit
251165,00-99,,,mastercard,debit
251166,00-99,,,mastercard,debit
251167,00-99,,,mastercard,debit
251168,00-99,,,mastercard,debit
251169,00-99,,,mastercard,debit
251170,00-99,,,mastercard,debit
251171,00-99,,,mastercard,debit
251172,00-99,,,mastercard,debit
251173,00-99,,,mastercard,debit
251174,00-99,,,mastercard,debit
251175,00-99,,,mastercard,debit
251176,00-99,,,mastercard,debit
251177,00-99,,,mastercard,debit
251178,00-99,,,mastercard,debit
251179,00-99,,,mastercard,debit
251180,00-99,,,mastercard,debit
251181,00-99,,,mastercard,debit
251182,00-99,,,mastercard,debit
251183,00-99,,,mastercard,debit
251184,00-99,,,mastercard,debit
251185,00-99,,,mastercard,debit
251186,00-99,,,mastercard,debit
251187,00-99,,,mastercard,debit
251188,00-99,,,mastercard,debit
251189,00-99,,,mastercard,debit
251190,00-99,,,mastercard,debit
251191,00-99,,,mastercard,debit
251192,00-99,,,mastercard,debit
251193,00-99,,,mastercard,debit
251194,00-99,,,mastercard,debit
251195,00-99,,,mastercard,debit
251196,00-99,,,mastercard,debit
251197,00-99,,,mastercard,debit
251198,00-99,,,mastercard,debit
251199,00-99,,,mastercard,debit
251200,00-99,,,mastercard,debit
251201,00-99,,,mastercard,debit
251202,00-99,,,mastercard,debit
251203,00-99,,,mastercard,debit
251204,00-99,,,mastercard,debit
251205,00-99,,,mastercard,debit
251206,00-99,,,mastercard,debit
251207,00-99,,,mastercard,debit
251208,00-99,,,mastercard,debit
251209,00-99,,,mastercard,debit
251210,00-99,,,mastercard,debit
251211,00-99,,,mastercard,debit
251212,00-99,,,mastercard,debit
251213,00-99,,,mastercard,debit
251214,00-99,,,mastercard,debit
251215,00-99,,,mastercard,debit
251216,00-99,,,mastercard,debit
251217,00-99,,,mastercard,debit
251218,00-99,,,mastercard,debit
251219,00-99,,,mastercard,debit
251220,00-99,,,mastercard,debit
251221,00-99,,,mastercard,debit
251222,00-99,,,mastercard,debit
251223,00-99,,,mastercard,debit
251224,00-99,,,mastercard,debit
251225,00-99,,,mastercard,debit
251226,00-99,,,mastercard,debit
251227,00-99,,,mastercard,debit
251228,00-99,,,mastercard,debit
251229,00-99,,,mastercard,debit
251230,00-99,,,mastercard,debit
251231,00-99,,,mastercard,debit
251232,00-99,,,mastercard,debit
251233,00-99,,,mastercard,debit
251234,00-99,,,mastercard,debit
251235,00-99,,,mastercard,debit
251236,00-99,,,mastercard,debit
251237,00-99,,,mastercard,debit
251238,00-99,,,mastercard,debit
251239,00-99,,,mastercard,debit
251240,00-99,,,mastercard,debit
251241,00-99,,,mastercard,debit
251242,00-99,,,mastercard,debit
251243,00-99,,,mastercard,debit
251244,00-99,,,mastercard,debit
251245,00-99,,,mastercard,debit
251246,00-99,,,mastercard,debit
251247,00-99,,,mastercard,debit
251248,00-99,,,mastercard,debit
251249,00-99,,,mastercard,debit
251250,00-99,,,mastercard,debit
251251,00-99,,,mastercard,debit
251252,00-99,,,mastercard,debit
251253,00-99,,,mastercard,debit
251254,00-99,,,mastercard,debit
251255,00-99,,,mastercard,debit
251256,00-99,,,mastercard,debit
251257,00-99,,,mastercard,debit
251258,00-99,,,mastercard,debit
251259,00-99,,,mastercard,debit
251260,00-99,,,mastercard,debit
251261,00-99,,,mastercard,debit
251262,00-99,,,mastercard,debit
251263,00-99,,,mastercard,debit
251264,00-99,,,mastercard,debit
251265,00-99,,,mastercard,debit
251266,00-99,,,mastercard,debit
251267,00-99,,,mastercard,debit
251268,00-99,,,mastercard,debit
251269,00-99,,,mastercard,debit
251270,00-99,,,mastercard,debit
251271,00-99,,,mastercard,debit
251272,00-99,,,mastercard,debit
251273,00-99,,,mastercard,debit
251274,00-99,,,mastercard,debit
251275,00-99,,,mastercard,debit
251276,00-99,,,mastercard,debit
251277,00-99,,,mastercard,debit
251278,00-99,,,mastercard,debit
251279,00-99,,,mastercard,debit
251280,00-99,,,mastercard,debit
251281,00-99,,,mastercard,debit
251282,00-99,,,mastercard,debit
251283,00-99,,,mastercard,debit
251284,00-99,,,mastercard,debit
251285,00-99,,,mastercard,debit
251286,00-99,,,mastercard,debit
251287,00-99,,,mastercard,debit
251288,00-99,,,mastercard,debit
251289,00-99,,,mastercard,debit
251290,00-99,,,mastercard,debit
251291,00-99,,,mastercard,debit
251292,00-99,,,mastercard,debit
251293,00-99,,,mastercard,debit
251294,00-99,,,mastercard,debit
251295,00-99,,,mastercard,debit
251296,00-99,,,mastercard,debit
251297,00-99,,,mastercard,debit
251298,00-99,,,mastercard,debit
251299,00-99,,,mastercard,debit
251300,00-99,,,mastercard,debit
251301,00-99,,,mastercard,debit
251302,00-99,,,mastercard,debit
251303,00-99,,,mastercard,debit
251304,00-99,,,mastercard,debit
251305,00-99,,,mastercard,debit
251306,00-99,,,mastercard,debit
251307,00-99,,,mastercard,debit
251308,00-99,,,mastercard,debit
251309,00-99,,,mastercard,debit
251310,00-99,,,mastercard,debit
251311,00-99,,,mastercard,debit
251312,00-99,,,mastercard,debit
251313,00-99,,,mastercard,debit
251314,00-99,,,mastercard,debit
251315,00-99,,,mastercard,debit
251316,00-99,,,mastercard,debit
251317,00-99,,,mastercard,debit
251318,00-99,,,mastercard,debit
251319,00-99,,,mastercard,debit
251320,00-99,,,mastercard,debit
251321,00-99,,,mastercard,debit
251322,00-99,,,mastercard,debit
251323,00-99,,,mastercard,debit
251324,00-99,,,mastercard,debit
251325,00-99,,,mastercard,debit
251326,00-99,,,mastercard,debit
251327,00-99,,,mastercard,debit
251328,00-99,,,mastercard,debit
251329,00-99,,,mastercard,debit
251330,00-99,,,mastercard,debit
251331,00-99,,,mastercard,debit
251332,00-99,,,mastercard,debit
251333,00-99,,,mastercard,debit
251334,00-99,,,mastercard,debit
251335,00-99,,,mastercard,debit
251336,00-99,,,mastercard,debit
251337,00-99,,,mastercard,debit
251338,00-99,,,mastercard,debit
251339,00-99,,,mastercard,debit
251340,00-99,,,mastercard,debit
251341,00-99,,,mastercard,debit
251342,00-99,,,mastercard,debit
251343,00-99,,,mastercard,debit
251344,00-99,,,mastercard,debit
251345,00-99,,,mastercard,debit
251346,00-99,,,mastercard,debit
251347,00-99,,,mastercard,debit
251348,00-99,,,mastercard,debit
251349,00-99,,,mastercard,debit
251350,00-99,,,mastercard,debit
251351,00-99,,,mastercard,debit
251352,00-99,,,mastercard,debit
251353,00-99,,,mastercard,debit
251354,00-99,,,mastercard,debit
251355,00-99,,,mastercard,debit
251356,00-99,,,mastercard,debit
251357,00-99,,,mastercard,debit
251358,00-99,,,mastercard,debit
251359,00-99,,,mastercard,debit
251360,00-99,,,mastercard,debit
251361,00-99,,,mastercard,debit
251362,00-99,,,mastercard,debit
251363,00-99,,,mastercard,debit
251364,00-99,,,mastercard,debit
251365,00-99,,,mastercard,debit
251366,00-99,,,mastercard,debit
251367,00-99,,,mastercard,debit
251368,00-99,,,mastercard,debit
251369,00-99,,,mastercard,debit
251370,00-99,,,mastercard,debit
251371,00-99,,,mastercard,debit
251372,00-99,,,mastercard,debit
251373,00-99,,,mastercard,debit
251374,00-99,,,mastercard,debit
251375,00-99,,,mastercard,debit
251376,00-99,,,mastercard,debit
251377,00-99,,,mastercard,debit
251378,00-99,,,mastercard,debit
251379,00-99,,,mastercard,debit
251380,00-99,,,mastercard,debit
251381,00-99,,,mastercard,debit
251382,00-99,,,mastercard,debit
251383,00-99,,,mastercard,debit
251384,00-99,,,mastercard,debit
251385,00-99,,,mastercard,debit
251386,00-99,,,mastercard,debit
251387,00-99,,,mastercard,debit
251388,00-99,,,mastercard,debit
251389,00-99,,,mastercard,debit
251390,00-99,,,mastercard,debit
251391,00-99,,,mastercard,debit
251392,00-99,,,mastercard,debit
251393,00-99,,,mastercard,debit
251394,00-99,,,mastercard,debit
251395,00-99,,,mastercard,debit
251396,00-99,,,mastercard,debit
251397,00-99,,,mastercard,debit
251398,00-99,,,mastercard,debit
251399,00-99,,,mastercard,debit
251400,00-99,,,mastercard,debit
251401,00-99,,,mastercard,debit
251402,00-99,,,mastercard,debit
251403,00-99,,,mastercard,debit
251404,00-99,,,mastercard,debit
251405,00-99,,,mastercard,debit
251406,00-99,,,mastercard,debit
251407,00-99,,,mastercard,debit
251408,00-99,,,mastercard,debit
251409,00-99,,,mastercard,debit
251410,00-99,,,mastercard,debit
251411,00-99,,,mastercard,debit
251412,00-99,,,mastercard,debit
251413,00-99,,,mastercard,debit
251414,00-99,,,mastercard,debit
251415,00-99,,,mastercard,debit
251416,00-99,,,mastercard,debit
251417,00-99,,,mastercard,debit
251418,00-99,,,mastercard,debit
251419,00-99,,,mastercard,debit
251420,00-99,,,mastercard,debit
251421,00-99,,,mastercard,debit
251422,00-99,,,mastercard,debit
251423,00-99,,,mastercard,debit
251424,00-99,,,mastercard,debit
251425,00-99,,,mastercard,debit
251426,00-99,,,mastercard,debit
251427,00-99,,,mastercard,debit
251428,00-99,,,mastercard,debit
251429,00-99,,,mastercard,debit
251430,00-99,,,mastercard,debit
251431,00-99,,,mastercard,debit
251432,00-99,,,mastercard,debit
251433,00-99,,,mastercard,debit
251434,00-99,,,mastercard,debit
251435,00-99,,,mastercard,debit
251436,00-99,,,mastercard,debit
251437,00-99,,,mastercard,debit
251438,00-99,,,mastercard,debit
251439,00-99,,,mastercard,debit
251440,00-99,,,mastercard,debit
251441,00-99,,,mastercard,debit
251442,00-99,,,mastercard,debit
251443,00-99,,,mastercard,debit
251444,00-99,,,mastercard,debit
251445,00-99,,,mastercard,debit
251446,00-99,,,mastercard,debit
251447,00-99,,,mastercard,debit
251448,00-99,,,mastercard,debit
251449,00-99,,,mastercard,debit
251450,00-99,,,mastercard,debit
251451,00-99,,,mastercard,debit
251452,00-99,,,mastercard,debit
251453,00-99,,,mastercard,debit
251454,00-99,,,mastercard,debit
251455,00-99,,,mastercard,debit
251456,00-99,,,mastercard,debit
251457,00-99,,,mastercard,debit
251458,00-99,,,mastercard,debit
251459,00-99,,,mastercard,debit
251460,00-99,,,mastercard,debit
251461,00-99,,,mastercard,debit
251462,00-99,,,mastercard,debit
251463,00-99,,,mastercard,debit
251464,00-99,,,mastercard,debit
251465,00-99,,,mastercard,debit
251466,00-99,,,mastercard,debit
251467,00-99,,,mastercard,debit
251468,00-99,,,mastercard,debit
251469,00-99,,,mastercard,debit
251470,00-99,,,mastercard,debit
251471,00-99,,,mastercard,debit
251472,00-99,,,mastercard,debit
251473,00-99,,,mastercard,debit
251474,00-99,,,mastercard,debit
251475,00-99,,,mastercard,debit
251476,00-99,,,mastercard,debit
251477,00-99,,,mastercard,debit
251478,00-99,,,mastercard,debit
251479,00-99,,,mastercard,debit
251480,00-99,,,mastercard,debit
251481,00-99,,,mastercard,debit
251482,00-99,,,mastercard,debit
251483,00-99,,,mastercard,debit
251484,00-99,,,mastercard,debit
251485,00-99,,,mastercard,debit
251486,00-99,,,mastercard,debit
251487,00-99,,,mastercard,debit
251488,00-99,,,mastercard,debit
251489,00-99,,,mastercard,debit
251490,00-99,,,mastercard,debit
251491,00-99,,,mastercard,debit
251492,00-99,,,mastercard,debit
251493,00-99,,,mastercard,debit
251494,00-99,,,mastercard,debit
251495,00-99,,,mastercard,debit
251496,00-99,,,mastercard,debit
251497,00-99,,,mastercard,debit
251498,00-99,,,mastercard,debit
251499,00-99,,,mastercard,debit
251500,00-99,,,mastercard,debit
251501,00-99,,,mastercard,debit
251502,00-99,,,mastercard,debit
251503,00-99,,,mastercard,debit
251504,00-99,,,mastercard,debit
251505,00-99,,,mastercard,debit
251506,00-99,,,mastercard,debit
251507,00-99,,,mastercard,debit
251508,00-99,,,mastercard,debit
251509,00-99,,,mastercard,debit
251510,00-99,,,mastercard,debit
251511,00-99,,,mastercard,debit
251512,00-99,,,mastercard,debit
251513,00-99,,,mastercard,debit
251514,00-99,,,mastercard,debit
251515,00-99,,,mastercard,debit
251516,00-99,,,mastercard,debit
251517,00-99,,,mastercard,debit
251518,00-99,,,mastercard,debit
251519,00-99,,,mastercard,debit
251520,00-99,,,mastercard,debit
251521,00-99,,,mastercard,debit
251522,00-99,,,mastercard,debit
251523,00-99,,,mastercard,debit
251524,00-99,,,mastercard,debit
251525,00-99,,,mastercard,debit
251526,00-99,,,mastercard,debit
251527,00-99,,,mastercard,debit
251528,00-99,,,mastercard,debit
251529,00-99,,,mastercard,debit
251530,00-99,,,mastercard,debit
251531,00-99,,,mastercard,debit
251532,00-99,,,mastercard,debit
251533,00-99,,,mastercard,debit
251534,00-99,,,mastercard,debit
251535,00-99,,,mastercard,debit
251536,00-99,,,mastercard,debit
251537,00-99,,,mastercard,debit
251538,00-99,,,mastercard,debit
251539,00-99,,,mastercard,debit
251540,00-99,,,mastercard,debit
251541,00-99,,,mastercard,debit
251542,00-99,,,mastercard,debit
251543,00-99,,,mastercard,debit
251544,00-99,,,mastercard,debit
251545,00-99,,,mastercard,debit
251546,00-99,,,mastercard,debit
251547,00-99,,,mastercard,debit
251548,00-99,,,mastercard,debit
251549,00-99,,,mastercard,debit
251550,00-99,,,mastercard,debit
251551,00-99,,,mastercard,debit
251552,00-99,,,mastercard,debit
251553,00-99,,,mastercard,debit
251554,00-99,,,mastercard,debit
251555,00-99,,,mastercard,debit
251556,00-99,,,mastercard,debit
251557,00-99,,,mastercard,debit
251558,00-99,,,mastercard,debit
251559,00-99,,,mastercard,debit
251560,00-99,,,mastercard,debit
251561,00-99,,,mastercard,debit
251562,00-99,,,mastercard,debit
251563,00-99,,,mastercard,debit
251564,00-99,,,mastercard,debit
251565,00-99,,,mastercard,debit
251566,00-99,,,mastercard,debit
251567,00-99,,,mastercard,debit
251568,00-99,,,mastercard,debit
251569,00-99,,,mastercard,debit
251570,00-99,,,mastercard,debit
251571,00-99,,,mastercard,debit
251572,00-99,,,mastercard,debit
251573,00-99,,,mastercard,debit
251574,00-99,,,mastercard,debit
251575,00-99,,,mastercard,debit
251576,00-99,,,mastercard,debit
251577,00-99,,,mastercard,debit
251578,00-99,,,mastercard,debit
251579,00-99,,,mastercard,debit
251580,00-99,,,mastercard,debit
251581,00-99,,,mastercard,debit
251582,00-99,,,mastercard,debit
251583,00-99,,,mastercard,debit
251584,00-99,,,mastercard,debit
251585,00-99,,,mastercard,debit
251586,00-99,,,mastercard,debit
251587,00-99,,,mastercard,debit
251588,00-99,,,mastercard,debit
251589,00-99,,,mastercard,debit
251590,00-99,,,mastercard,debit
251591,00-99,,,mastercard,debit
251592,00-99,,,mastercard,debit
251593,00-99,,,mastercard,debit
251594,00-99,,,mastercard,debit
251595,00-99,,,mastercard,debit
251596,00-99,,,mastercard,debit
251597,00-99,,,mastercard,debit
251598,00-99,,,mastercard,debit
251599,00-99,,,mastercard,debit
251600,00-99,,,mastercard,debit
251601,00-99,,,mastercard,debit
251602,00-99,,,mastercard,debit
251603,00-99,,,mastercard,debit
251604,00-99,,,mastercard,debit
251605,00-99,,,mastercard,debit
251606,00-99,,,mastercard,debit
251607,00-99,,,mastercard,debit
251608,00-99,,,mastercard,debit
251609,00-99,,,mastercard,debit
251610,00-99,,,mastercard,debit
251611,00-99,,,mastercard,debit
251612,00-99,,,mastercard,debit
251613,00-99,,,mastercard,debit
251614,00-99,,,mastercard,debit
251615,00-99,,,mastercard,debit
251616,00-99,,,mastercard,debit
251617,00-99,,,mastercard,debit
251618,00-99,,,mastercard,debit
251619,00-99,,,mastercard,debit
251620,00-99,,,mastercard,debit
251621,00-99,,,mastercard,debit
251622,00-99,,,mastercard,debit
251623,00-99,,,mastercard,debit
251624,00-99,,,mastercard,debit
251625,00-99,,,mastercard,debit
251626,00-99,,,mastercard,debit
251627,00-99,,,mastercard,debit
251628,00-99,,,mastercard,debit
251629,00-99,,,mastercard,debit
251630,00-99,,,mastercard,debit
251631,00-99,,,mastercard,debit
251632,00-99,,,mastercard,debit
251633,00-99,,,mastercard,debit
251634,00-99,,,mastercard,debit
251635,00-99,,,mastercard,debit
251636,00-99,,,mastercard,debit
251637,00-99,,,mastercard,debit
251638,00-99,,,mastercard,debit
251639,00-99,,,mastercard,debit
251640,00-99,,,mastercard,debit
251641,00-99,,,mastercard,debit
251642,00-99,,,mastercard,debit
251643,00-99,,,mastercard,debit
251644,00-99,,,mastercard,debit
251645,00-99,,,mastercard,debit
251646,00-99,,,mastercard,debit
251647,00-99,,,mastercard,debit
251648,00-99,,,mastercard,debit
251649,00-99,,,mastercard,debit
251650,00-99,,,mastercard,debit
251651,00-99,,,mastercard,debit
251652,00-99,,,mastercard,debit
251653,00-99,,,mastercard,debit
251654,00-99,,,mastercard,debit
251655,00-99,,,mastercard,debit
251656,00-99,,,mastercard,debit
251657,00-99,,,mastercard,debit
251658,00-99,,,mastercard,debit
251659,00-99,,,mastercard,debit
251660,00-99,,,mastercard,debit
251661,00-99,,,mastercard,debit
251662,00-99,,,mastercard,debit
251663,00-99,,,mastercard,debit
251664,00-99,,,mastercard,debit
251665,00-99,,,mastercard,debit
251666,00-99,,,mastercard,debit
251667,00-99,,,mastercard,debit
251668,00-99,,,mastercard,debit
251669,00-99,,,mastercard,debit
251670,00-99,,,mastercard,debit
251671,00-99,,,mastercard,debit
251672,00-99,,,mastercard,debit
251673,00-99,,,mastercard,debit
251674,00-99,,,mastercard,debit
251675,00-99,,,mastercard,debit
251676,00-99,,,mastercard,debit
251677,00-99,,,mastercard,debit
251678,00-99,,,mastercard,debit
251679,00-99,,,mastercard,debit
251680,00-99,,,mastercard,debit
251681,00-99,,,mastercard,debit
251682,00-99,,,mastercard,debit
251683,00-99,,,mastercard,debit
251684,00-99,,,mastercard,debit
251685,00-99,,,mastercard,debit
251686,00-99,,,mastercard,debit
251687,00-99,,,mastercard,debit
251688,00-99,,,mastercard,debit
251689,00-99,,,mastercard,debit
251690,00-99,,,mastercard,debit
251691,00-99,,,mastercard,debit
251692,00-99,,,mastercard,debit
251693,00-99,,,mastercard,debit
251694,00-99,,,mastercard,debit
251695,00-99,,,mastercard,debit
251696,00-99,,,mastercard,debit
251697,00-99,,,mastercard,debit
251698,00-99,,,mastercard,debit
251699,00-99,,,mastercard,debit
251700,00-99,,,mastercard,debit
251701,00-99,,,mastercard,debit
251702,00-99,,,mastercard,debit
251703,00-99,,,mastercard,debit
251704,00-99,,,mastercard,debit
251705,00-99,,,mastercard,debit
251706,00-99,,,mastercard,debit
251707,00-99,,,mastercard,debit
251708,00-99,,,mastercard,debit
251709,00-99,,,mastercard,debit
251710,00-99,,,mastercard,debit
251711,00-99,,,mastercard,debit
251712,00-99,,,mastercard,debit
251713,00-99,,,mastercard,debit
251714,00-99,,,mastercard,debit
251715,00-99,,,mastercard,debit
251716,00-99,,,mastercard,debit
251717,00-99,,,mastercard,debit
251718,00-99,,,mastercard,debit
251719,00-99,,,mastercard,debit
251720,00-99,,,mastercard,debit
251721,00-99,,,mastercard,debit
251722,00-99,,,mastercard,debit
251723,00-99,,,mastercard,debit
251724,00-99,,,mastercard,debit
251725,00-99,,,mastercard,debit
251726,00-99,,,mastercard,debit
251727,00-99,,,mastercard,debit
251728,00-99,,,mastercard,debit
251729,00-99,,,mastercard,debit
251730,00-99,,,mastercard,debit
251731,00-99,,,mastercard,debit
251732,00-99,,,mastercard,debit
251733,00-99,,,mastercard,debit
251734,00-99,,,mastercard,debit
251735,00-99,,,mastercard,debit
251736,00-99,,,mastercard,debit
251737,00-99,,,mastercard,debit
251738,00-99,,,mastercard,debit
251739,00-99,,,mastercard,debit
251740,00-99,,,mastercard,debit
251741,00-99,,,mastercard,debit
251742,00-99,,,mastercard,debit
251743,00-99,,,mastercard,debit
251744,00-99,,,mastercard,debit
251745,00-99,,,mastercard,debit
251746,00-99,,,mastercard,debit
251747,00-99,,,mastercard,debit
251748,00-99,,,mastercard,debit
251749,00-99,,,mastercard,debit
251750,00-99,,,mastercard,debit
251751,00-99,,,mastercard,debit
251752,00-99,,,mastercard,debit
251753,00-99,,,mastercard,debit
251754,00-99,,,mastercard,debit
251755,00-99,,,mastercard,debit
251756,00-99,,,mastercard,debit
251757,00-99,,,mastercard,debit
251758,00-99,,,mastercard,debit
251759,00-99,,,mastercard,debit
251760,00-99,,,mastercard,debit
251761,00-99,,,mastercard,debit
251762,00-99,,,mastercard,debit
251763,00-99,,,mastercard,debit
251764,00-99,,,mastercard,debit
251765,00-99,,,mastercard,debit
251766,00-99,,,mastercard,debit
251767,00-99,,,mastercard,debit
251768,00-99,,,mastercard,debit
251769,00-99,,,mastercard,debit
251770,00-99,,,mastercard,debit
251771,00-99,,,mastercard,debit
251772,00-99,,,mastercard,debit
251773,00-99,,,mastercard,debit
251774,00-99,,,mastercard,debit
251775,00-99,,,mastercard,debit
251776,00-99,,,mastercard,debit
251777,00-99,,,mastercard,debit
251778,00-99,,,mastercard,debit
251779,00-99,,,mastercard,debit
251780,00-99,,,mastercard,debit
251781,00-99,,,mastercard,debit
251782,00-99,,,mastercard,debit
251783,00-99,,,mastercard,debit
251784,00-99,,,mastercard,debit
251785,00-99,,,mastercard,debit
251786,00-99,,,mastercard,debit
251787,00-99,,,mastercard,debit
251788,00-99,,,mastercard,debit
251789,00-99,,,mastercard,debit
251790,00-99,,,mastercard,debit
251791,00-99,,,mastercard,debit
251792,00-99,,,mastercard,debit
251793,00-99,,,mastercard,debit
251794,00-99,,,mastercard,debit
251795,00-99,,,mastercard,debit
251796,00-99,,,mastercard,debit
251797,00-99,,,mastercard,debit
251798,00-99,,,mastercard,debit
251799,00-99,,,mastercard,debit
251800,00-99,,,mastercard,debit
251801,00-99,,,mastercard,debit
251802,00-99,,,mastercard,debit
251803,00-99,,,mastercard,debit
251804,00-99,,,mastercard,debit
251805,00-99,,,mastercard,debit
251806,00-99,,,mastercard,debit
251807,00-99,,,mastercard,debit
251808,00-99,,,mastercard,debit
251809,00-99,,,mastercard,debit
251810,00-99,,,mastercard,debit
251811,00-99,,,mastercard,debit
251812,00-99,,,mastercard,debit
251813,00-99,,,mastercard,debit
251814,00-99,,,mastercard,debit
251815,00-99,,,mastercard,debit
251816,00-99,,,mastercard,debit
251817,00-99,,,mastercard,debit
251818,00-99,,,mastercard,debit
251819,00-99,,,mastercard,debit
251820,00-99,,,mastercard,debit
251821,00-99,,,mastercard,debit
251822,00-99,,,mastercard,debit
251823,00-99,,,mastercard,debit
251824,00-99,,,mastercard,debit
251825,00-99,,,mastercard,debit
251826,00-99,,,mastercard,debit
251827,00-99,,,mastercard,debit
251828,00-99,,,mastercard,debit
251829,00-99,,,mastercard,debit
251830,00-99,,,mastercard,debit
251831,00-99,,,mastercard,debit
251832,00-99,,,mastercard,debit
251833,00-99,,,mastercard,debit
251834,00-99,,,mastercard,debit
251835,00-99,,,mastercard,debit
251836,00-99,,,mastercard,debit
251837,00-99,,,mastercard,debit
251838,00-99,,,mastercard,debit
251839,00-99,,,mastercard,debit
251840,00-99,,,mastercard,debit
251841,00-99,,,mastercard,debit
251842,00-99,,,mastercard,debit
251843,00-99,,,mastercard,debit
251844,00-99,,,mastercard,debit
251845,00-99,,,mastercard,debit
251846,00-99,,,mastercard,debit
251847,00-99,,,mastercard,debit
251848,00-99,,,mastercard,debit
251849,00-99,,,mastercard,debit
251850,00-99,,,mastercard,debit
251851,00-99,,,mastercard,debit
251852,00-99,,,mastercard,debit
251853,00-99,,,mastercard,debit
251854,00-99,,,mastercard,debit
251855,00-99,,,mastercard,debit
251856,00-99,,,mastercard,debit
251857,00-99,,,mastercard,debit
251858,00-99,,,mastercard,debit
251859,00-99,,,mastercard,debit
251860,00-99,,,mastercard,debit
251861,00-99,,,mastercard,debit
251862,00-99,,,mastercard,debit
251863,00-99,,,mastercard,debit
251864,00-99,,,mastercard,debit
251865,00-99,,,mastercard,debit
251866,00-99,,,mastercard,debit
251867,00-99,,,mastercard,debit
251868,00-99,,,mastercard,debit
251869,00-99,,,mastercard,debit
251870,00-99,,,mastercard,debit
251871,00-99,,,mastercard,debit
251872,00-99,,,mastercard,debit
251873,00-99,,,mastercard,debit
251874,00-99,,,mastercard,debit
251875,00-99,,,mastercard,debit
251876,00-99,,,mastercard,debit
251877,00-99,,,mastercard,debit
251878,00-99,,,mastercard,debit
251879,00-99,,,mastercard,debit
251880,00-99,,,mastercard,debit
251881,00-99,,,mastercard,debit
251882,00-99,,,mastercard,debit
251883,00-99,,,mastercard,debit
251884,00-99,,,mastercard,debit
251885,00-99,,,mastercard,debit
251886,00-99,,,mastercard,debit
251887,00-99,,,mastercard,debit
251888,00-99,,,mastercard,debit
251889,00-99,,,mastercard,debit
251890,00-99,,,mastercard,debit
251891,00-99,,,mastercard,debit
251892,00-99,,,mastercard,debit
251893,00-99,,,mastercard,debit
251894,00-99,,,mastercard,debit
251895,00-99,,,mastercard,debit
251896,00-99,,,mastercard,debit
251897,00-99,,,mastercard,debit
251898,00-99,,,mastercard,debit
251899,00-99,,,mastercard,debit
251900,00-99,,,mastercard,debit
251901,00-99,,,mastercard,debit
251902,00-99,,,mastercard,debit
251903,00-99,,,mastercard,debit
251904,00-99,,,mastercard,debit
251905,00-99,,,mastercard,debit
251906,00-99,,,mastercard,debit
251907,00-99,,,mastercard,debit
251908,00-99,,,mastercard,debit
251909,00-99,,,mastercard,debit
251910,00-99,,,mastercard,debit
251911,00-99,,,mastercard,debit
251912,00-99,,,mastercard,debit
251913,00-99,,,mastercard,debit
251914,00-99,,,mastercard,debit
251915,00-99,,,mastercard,debit
251916,00-99,,,mastercard,debit
251917,00-99,,,mastercard,debit
251918,00-99,,,mastercard,debit
251919,00-99,,,mastercard,debit
251920,00-99,,,mastercard,debit
251921,00-99,,,mastercard,debit
251922,00-99,,,mastercard,debit
251923,00-99,,,mastercard,debit
251924,00-99,,,mastercard,debit
251925,00-99,,,mastercard,debit
251926,00-99,,,mastercard,debit
251927,00-99,,,mastercard,debit
251928,00-99,,,mastercard,debit
251929,00-99,,,mastercard,debit
251930,00-99,,,mastercard,debit
251931,00-99,,,mastercard,debit
251932,00-99,,,mastercard,debit
251933,00-99,,,mastercard,debit
251934,00-99,,,mastercard,debit
251935,00-99,,,mastercard,debit
251936,00-99,,,mastercard,debit
251937,00-99,,,mastercard,debit
251938,00-99,,,mastercard,debit
251939,00-99,,,mastercard,debit
251940,00-99,,,mastercard,debit
251941,00-99,,,mastercard,debit
251942,00-99,,,mastercard,debit
251943,00-99,,,mastercard,debit
251944,00-99,,,mastercard,debit
251945,00-99,,,mastercard,debit
251946,00-99,,,mastercard,debit
251947,00-99,,,mastercard,debit
251948,00-99,,,mastercard,debit
251949,00-99,,,mastercard,debit
251950,00-99,,,mastercard,debit
251951,00-99,,,mastercard,debit
251952,00-99,,,mastercard,debit
251953,00-99,,,mastercard,debit
251954,00-99,,,mastercard,debit
251955,00-99,,,mastercard,debit
251956,00-99,,,mastercard,debit
251957,00-99,,,mastercard,debit
251958,00-99,,,mastercard,debit
251959,00-99,,,mastercard,debit
251960,00-99,,,mastercard,debit
251961,00-99,,,mastercard,debit
251962,00-99,,,mastercard,debit
251963,00-99,,,mastercard,debit
251964,00-99,,,mastercard,debit
251965,00-99,,,mastercard,debit
251966,00-99,,,mastercard,debit
251967,00-99,,,mastercard,debit
251968,00-99,,,mastercard,debit
251969,00-99,,,mastercard,debit
251970,00-99,,,mastercard,debit
251971,00-99,,,mastercard,debit
251972,00-99,,,mastercard,debit
251973,00-99,,,mastercard,debit
251974,00-99,,,mastercard,debit
251975,00-99,,,mastercard,debit
251976,00-99,,,mastercard,debit
251977,00-99,,,mastercard,debit
251978,00-99,,,mastercard,debit
251979,00-99,,,mastercard,debit
251980,00-99,,,mastercard,debit
251981,00-99,,,mastercard,debit
251982,00-99,,,mastercard,debit
251983,00-99,,,mastercard,debit
251984,00-99,,,mastercard,debit
251985,00-99,,,mastercard,debit
251986,00-99,,,mastercard,debit
251987,00-99,,,mastercard,debit
251988,00-99,,,mastercard,debit
251989,00-99,,,mastercard,debit
251990,00-99,,,mastercard,debit
251991,00-99,,,mastercard,debit
251992,00-99,,,mastercard,debit
251993,00-99,,,mastercard,debit
251994,00-99,,,mastercard,debit
251995,00-99,,,mastercard,debit
251996,00-99,,,mastercard,debit
251997,00-99,,,mastercard,debit
251998,00-99,,,mastercard,debit
251999,00-99,,,mastercard,debit
252000,00-99,,,mastercard,debit
252001,00-99,,,mastercard,debit
252002,00-99,,,mastercard,debit
252003,00-99,,,mastercard,debit
252004,00-99,,,mastercard,debit
252005,00-99,,,mastercard,debit
252006,00-99,,,mastercard,debit
252007,00-99,,,mastercard,debit
252008,00-99,,,mastercard,debit
252009,00-99,,,mastercard,debit
252010,00-99,,,mastercard,debit
252011,00-99,,,mastercard,debit
252012,00-99,,,mastercard,debit
252013,00-99,,,mastercard,debit
252014,00-99,,,mastercard,debit
252015,00-99,,,mastercard,debit
252016,00-99,,,mastercard,debit
252017,00-99,,,mastercard,debit
252018,00-99,,,mastercard,debit
252019,00-99,,,mastercard,debit
252020,00-99,,,mastercard,debit
252021,00-99,,,mastercard,debit
252022,00-99,,,mastercard,debit
252023,00-99,,,mastercard,debit
252024,00-99,,,mastercard,debit
252025,00-99,,,mastercard,debit
252026,00-99,,,mastercard,debit
252027,00-99,,,mastercard,debit
252028,00-99,,,mastercard,debit
252029,00-99,,,mastercard,debit
252030,00-99,,,mastercard,debit
252031,00-99,,,mastercard,debit
252032,00-99,,,mastercard,debit
252033,00-99,,,mastercard,debit
252034,00-99,,,mastercard,debit
252035,00-99,,,mastercard,debit
252036,00-99,,,mastercard,debit
252037,00-99,,,mastercard,debit
252038,00-99,,,mastercard,debit
252039,00-99,,,mastercard,debit
252040,00-99,,,mastercard,debit
252041,00-99,,,mastercard,debit
252042,00-99,,,mastercard,debit
252043,00-99,,,mastercard,debit
252044,00-99,,,mastercard,debit
252045,00-99,,,mastercard,debit
252046,00-99,,,mastercard,debit
252047,00-99,,,mastercard,debit
252048,00-99,,,mastercard,debit
252049,00-99,,,mastercard,debit
252050,00-99,,,mastercard,debit
252051,00-99,,,mastercard,debit
252052,00-99,,,mastercard,debit
252053,00-99,,,mastercard,debit
252054,00-99,,,mastercard,debit
252055,00-99,,,mastercard,debit
252056,00-99,,,mastercard,debit
252057,00-99,,,mastercard,debit
252058,00-99,,,mastercard,debit
252059,00-99,,,mastercard,debit
252060,00-99,,,mastercard,debit
252061,00-99,,,mastercard,debit
252062,00-99,,,mastercard,debit
252063,00-99,,,mastercard,debit
252064,00-99,,,mastercard,debit
252065,00-99,,,mastercard,debit
252066,00-99,,,mastercard,debit
252067,00-99,,,mastercard,debit
252068,00-99,,,mastercard,debit
252069,00-99,,,mastercard,debit
252070,00-99,,,mastercard,debit
252071,00-99,,,mastercard,debit
252072,00-99,,,mastercard,debit
252073,00-99,,,mastercard,debit
252074,00-99,,,mastercard,debit
252075,00-99,,,mastercard,debit
252076,00-99,,,mastercard,debit
252077,00-99,,,mastercard,debit
252078,00-99,,,mastercard,debit
252079,00-99,,,mastercard,debit
252080,00-99,,,mastercard,debit
252081,00-99,,,mastercard,debit
252082,00-99,,,mastercard,debit
252083,00-99,,,mastercard,debit
252084,00-99,,,mastercard,debit
252085,00-99,,,mastercard,debit
252086,00-99,,,mastercard,debit
252087,00-99,,,mastercard,debit
252088,00-99,,,mastercard,debit
252089,00-99,,,mastercard,debit
252090,00-99,,,mastercard,debit
252091,00-99,,,mastercard,debit
252092,00-99,,,mastercard,debit
252093,00-99,,,mastercard,debit
252094,00-99,,,mastercard,debit
252095,00-99,,,mastercard,debit
252096,00-99,,,mastercard,debit
252097,00-99,,,mastercard,debit
252098,00-99,,,mastercard,debit
252099,00-99,,,mastercard,debit
252100,00-99,,,mastercard,debit
252101,00-99,,,mastercard,debit
252102,00-99,,,mastercard,debit
252103,00-99,,,mastercard,debit
252104,00-99,,,mastercard,debit
252105,00-99,,,mastercard,debit
252106,00-99,,,mastercard,debit
252107,00-99,,,mastercard,debit
252108,00-99,,,mastercard,debit
252109,00-99,,,mastercard,debit
252110,00-99,,,mastercard,debit
252111,00-99,,,mastercard,debit
252112,00-99,,,mastercard,debit
252113,00-99,,,mastercard,debit
252114,00-99,,,mastercard,debit
252115,00-99,,,mastercard,debit
252116,00-99,,,mastercard,debit
252117,00-99,,,mastercard,debit
252118,00-99,,,mastercard,debit
252119,00-99,,,mastercard,debit
252120,00-99,,,mastercard,debit
252121,00-99,,,mastercard,debit
252122,00-99,,,mastercard,debit
252123,00-99,,,mastercard,debit
252124,00-99,,,mastercard,debit
252125,00-99,,,mastercard,debit
252126,00-99,,,mastercard,debit
252127,00-99,,,mastercard,debit
252128,00-99,,,mastercard,debit
252129,00-99,,,mastercard,debit
252130,00-99,,,mastercard,debit
252131,00-99,,,mastercard,debit
252132,00-99,,,mastercard,debit
252133,00-99,,,mastercard,debit
252134,00-99,,,mastercard,debit
252135,00-99,,,mastercard,debit
252136,00-99,,,mastercard,debit
252137,00-99,,,mastercard,debit
252138,00-99,,,mastercard,debit
252139,00-99,,,mastercard,debit
252140,00-99,,,mastercard,debit
252141,00-99,,,mastercard,debit
252142,00-99,,,mastercard,debit
252143,00-99,,,mastercard,debit
252144,00-99,,,mastercard,debit
252145,00-99,,,mastercard,debit
252146,00-99,,,mastercard,debit
252147,00-99,,,mastercard,debit
252148,00-99,,,mastercard,debit
252149,00-99,,,mastercard,debit
252150,00-99,,,mastercard,debit
252151,00-99,,,mastercard,debit
252152,00-99,,,mastercard,debit
252153,00-99,,,mastercard,debit
252154,00-99,,,mastercard,debit
252155,00-99,,,mastercard,debit
252156,00-99,,,mastercard,debit
252157,00-99,,,mastercard,debit
252158,00-99,,,mastercard,debit
252159,00-99,,,mastercard,debit
252160,00-99,,,mastercard,debit
252161,00-99,,,mastercard,debit
252162,00-99,,,mastercard,debit
252163,00-99,,,mastercard,debit
252164,00-99,,,mastercard,debit
252165,00-99,,,mastercard,debit
252166,00-99,,,mastercard,debit
252167,00-99,,,mastercard,debit
252168,00-99,,,mastercard,debit
252169,00-99,,,mastercard,debit
252170,00-99,,,mastercard,debit
252171,00-99,,,mastercard,debit
252172,00-99,,,mastercard,debit
252173,00-99,,,mastercard,debit
252174,00-99,,,mastercard,debit
252175,00-99,,,mastercard,debit
252176,00-99,,,mastercard,debit
252177,00-99,,,mastercard,debit
252178,00-99,,,mastercard,debit
252179,00-99,,,mastercard,debit
252180,00-99,,,mastercard,debit
252181,00-99,,,mastercard,debit
252182,00-99,,,mastercard,debit
252183,00-99,,,mastercard,debit
252184,00-99,,,mastercard,debit
252185,00-99,,,mastercard,debit
252186,00-99,,,mastercard,debit
252187,00-99,,,mastercard,debit
252188,00-99,,,mastercard,debit
252189,00-99,,,mastercard,debit
252190,00-99,,,mastercard,debit
252191,00-99,,,mastercard,debit
252192,00-99,,,mastercard,debit
252193,00-99,,,mastercard,debit
252194,00-99,,,mastercard,debit
252195,00-99,,,mastercard,debit
252196,00-99,,,mastercard,debit
252197,00-99,,,mastercard,debit
252198,00-99,,,mastercard,debit
252199,00-99,,,mastercard,debit
252200,00-99,,,mastercard,debit
252201,00-99,,,mastercard,debit
252202,00-99,,,mastercard,debit
252203,00-99,,,mastercard,debit
252204,00-99,,,mastercard,debit
252205,00-99,,,mastercard,debit
252206,00-99,,,mastercard,debit
252207,00-99,,,mastercard,debit
252208,00-99,,,mastercard,debit
252209,00-99,,,mastercard,debit
252210,00-99,,,mastercard,debit
252211,00-99,,,mastercard,debit
252212,00-99,,,mastercard,debit
252213,00-99,,,mastercard,debit
252214,00-99,,,mastercard,debit
252215,00-99,,,mastercard,debit
252216,00-99,,,mastercard,debit
252217,00-99,,,mastercard,debit
252218,00-99,,,mastercard,debit
252219,00-99,,,mastercard,debit
252220,00-99,,,mastercard,debit
252221,00-99,,,mastercard,debit
252222,00-99,,,mastercard,debit
252223,00-99,,,mastercard,debit
252224,00-99,,,mastercard,debit
252225,00-99,,,mastercard,debit
252226,00-99,,,mastercard,debit
252227,00-99,,,mastercard,debit
252228,00-99,,,mastercard,debit
252229,00-99,,,mastercard,debit
252230,00-99,,,mastercard,debit
252231,00-99,,,mastercard,debit
252232,00-99,,,mastercard,debit
252233,00-99,,,mastercard,debit
252234,00-99,,,mastercard,debit
252235,00-99,,,mastercard,debit
252236,00-99,,,mastercard,debit
252237,00-99,,,mastercard,debit
252238,00-99,,,mastercard,debit
252239,00-99,,,mastercard,debit
252240,00-99,,,mastercard,debit
252241,00-99,,,mastercard,debit
252242,00-99,,,mastercard,debit
252243,00-99,,,mastercard,debit
252244,00-99,,,mastercard,debit
252245,00-99,,,mastercard,debit
252246,00-99,,,mastercard,debit
252247,00-99,,,mastercard,debit
252248,00-99,,,mastercard,debit
252249,00-99,,,mastercard,debit
252250,00-99,,,mastercard,debit
252251,00-99,,,mastercard,debit
252252,00-99,,,mastercard,debit
252253,00-99,,,mastercard,debit
252254,00-99,,,mastercard,debit
252255,00-99,,,mastercard,debit
252256,00-99,,,mastercard,debit
252257,00-99,,,mastercard,debit
252258,00-99,,,mastercard,debit
252259,00-99,,,mastercard,debit
252260,00-99,,,mastercard,debit
252261,00-99,,,mastercard,debit
252262,00-99,,,mastercard,debit
252263,00-99,,,mastercard,debit
252264,00-99,,,mastercard,debit
252265,00-99,,,mastercard,debit
252266,00-99,,,mastercard,debit
252267,00-99,,,mastercard,debit
252268,00-99,,,mastercard,debit
252269,00-99,,,mastercard,debit
252270,00-99,,,mastercard,debit
252271,00-99,,,mastercard,debit
252272,00-99,,,mastercard,debit
252273,00-99,,,mastercard,debit
252274,00-99,,,mastercard,debit
252275,00-99,,,mastercard,debit
252276,00-99,,,mastercard,debit
252277,00-99,,,mastercard,debit
252278,00-99,,,mastercard,debit
252279,00-99,,,mastercard,debit
252280,00-99,,,mastercard,debit
252281,00-99,,,mastercard,debit
252282,00-99,,,mastercard,debit
252283,00-99,,,mastercard,debit
252284,00-99,,,mastercard,debit
252285,00-99,,,mastercard,debit
252286,00-99,,,mastercard,debit
252287,00-99,,,mastercard,debit
252288,00-99,,,mastercard,debit
252289,00-99,,,mastercard,debit
252290,00-99,,,mastercard,debit
252291,00-99,,,mastercard,debit
252292,00-99,,,mastercard,debit
252293,00-99,,,mastercard,debit
252294,00-99,,,mastercard,debit
252295,00-99,,,mastercard,debit
252296,00-99,,,mastercard,debit
252297,00-99,,,mastercard,debit
252298,00-99,,,mastercard,debit
252299,00-99,,,mastercard,debit
252300,00-99,,,mastercard,debit
252301,00-99,,,mastercard,debit
252302,00-99,,,mastercard,debit
252303,00-99,,,mastercard,debit
252304,00-99,,,mastercard,debit
252305,00-99,,,mastercard,debit
252306,00-99,,,mastercard,debit
252307,00-99,,,mastercard,debit
252308,00-99,,,mastercard,debit
252309,00-99,,,mastercard,debit
252310,00-99,,,mastercard,debit
252311,00-99,,,mastercard,debit
252312,00-99,,,mastercard,debit
252313,00-99,,,mastercard,debit
252314,00-99,,,mastercard,debit
252315,00-99,,,mastercard,debit
252316,00-99,,,mastercard,debit
252317,00-99,,,mastercard,debit
252318,00-99,,,mastercard,debit
252319,00-99,,,mastercard,debit
252320,00-99,,,mastercard,debit
252321,00-99,,,mastercard,debit
252322,00-99,,,mastercard,debit
252323,00-99,,,mastercard,debit
252324,00-99,,,mastercard,debit
252325,00-99,,,mastercard,debit
252326,00-99,,,mastercard,debit
252327,00-99,,,mastercard,debit
252328,00-99,,,mastercard,debit
252329,00-99,,,mastercard,debit
252330,00-99,,,mastercard,debit
252331,00-99,,,mastercard,debit
252332,00-99,,,mastercard,debit
252333,00-99,,,mastercard,debit
252334,00-99,,,mastercard,debit
252335,00-99,,,mastercard,debit
252336,00-99,,,mastercard,debit
252337,00-99,,,mastercard,debit
252338,00-99,,,mastercard,debit
252339,00-99,,,mastercard,debit
252340,00-99,,,mastercard,debit
252341,00-99,,,mastercard,debit
252342,00-99,,,mastercard,debit
252343,00-99,,,mastercard,debit
252344,00-99,,,mastercard,debit
252345,00-99,,,mastercard,debit
252346,00-99,,,mastercard,debit
252347,00-99,,,mastercard,debit
252348,00-99,,,mastercard,debit
252349,00-99,,,mastercard,debit
252350,00-99,,,mastercard,debit
252351,00-99,,,mastercard,debit
252352,00-99,,,mastercard,debit
252353,00-99,,,mastercard,debit
252354,00-99,,,mastercard,debit
252355,00-99,,,mastercard,debit
252356,00-99,,,mastercard,debit
252357,00-99,,,mastercard,debit
252358,00-99,,,mastercard,debit
252359,00-99,,,mastercard,debit
252360,00-99,,,mastercard,debit
252361,00-99,,,mastercard,debit
252362,00-99,,,mastercard,debit
252363,00-99,,,mastercard,debit
252364,00-99,,,mastercard,debit
252365,00-99,,,mastercard,debit
252366,00-99,,,mastercard,debit
252367,00-99,,,mastercard,debit
252368,00-99,,,mastercard,debit
252369,00-99,,,mastercard,debit
252370,00-99,,,mastercard,debit
252371,00-99,,,mastercard,debit
252372,00-99,,,mastercard,debit
252373,00-99,,,mastercard,debit
252374,00-99,,,mastercard,debit
252375,00-99,,,mastercard,debit
252376,00-99,,,mastercard,debit
252377,00-99,,,mastercard,debit
252378,00-99,,,mastercard,debit
252379,00-99,,,mastercard,debit
252380,00-99,,,mastercard,debit
252381,00-99,,,mastercard,debit
252382,00-99,,,mastercard,debit
252383,00-99,,,mastercard,debit
252384,00-99,,,mastercard,debit
252385,00-99,,,mastercard,debit
252386,00-99,,,mastercard,debit
252387,00-99,,,mastercard,debit
252388,00-99,,,mastercard,debit
252389,00-99,,,mastercard,debit
252390,00-99,,,mastercard,debit
252391,00-99,,,mastercard,debit
252392,00-99,,,mastercard,debit
252393,00-99,,,mastercard,debit
252394,00-99,,,mastercard,debit
252395,00-99,,,mastercard,debit
252396,00-99,,,mastercard,debit
252397,00-99,,,mastercard,debit
252398,00-99,,,mastercard,debit
252399,00-99,,,mastercard,debit
252400,00-99,,,mastercard,debit
252401,00-99,,,mastercard,debit
252402,00-99,,,mastercard,debit
252403,00-99,,,mastercard,debit
252404,00-99,,,mastercard,debit
252405,00-99,,,mastercard,debit
252406,00-99,,,mastercard,debit
252407,00-99,,,mastercard,debit
252408,00-99,,,mastercard,debit
252409,00-99,,,mastercard,debit
252410,00-99,,,mastercard,debit
252411,00-99,,,mastercard,debit
252412,00-99,,,mastercard,debit
252413,00-99,,,mastercard,debit
252414,00-99,,,mastercard,debit
252415,00-99,,,mastercard,debit
252416,00-99,,,mastercard,debit
252417,00-99,,,mastercard,debit
252418,00-99,,,mastercard,debit
252419,00-99,,,mastercard,debit
252420,00-99,,,mastercard,debit
252421,00-99,,,mastercard,debit
252422,00-99,,,mastercard,debit
252423,00-99,,,mastercard,debit
252424,00-99,,,mastercard,debit
252425,00-99,,,mastercard,debit
252426,00-99,,,mastercard,debit
252427,00-99,,,mastercard,debit
252428,00-99,,,mastercard,debit
252429,00-99,,,mastercard,debit
252430,00-99,,,mastercard,debit
252431,00-99,,,mastercard,debit
252432,00-99,,,mastercard,debit
252433,00-99,,,mastercard,debit
252434,00-99,,,mastercard,debit
252435,00-99,,,mastercard,debit
252436,00-99,,,mastercard,debit
252437,00-99,,,mastercard,debit
252438,00-99,,,mastercard,debit
252439,00-99,,,mastercard,debit
252440,00-99,,,mastercard,debit
252441,00-99,,,mastercard,debit
252442,00-99,,,mastercard,debit
252443,00-99,,,mastercard,debit
252444,00-99,,,mastercard,debit
252445,00-99,,,mastercard,debit
252446,00-99,,,mastercard,debit
252447,00-99,,,mastercard,debit
252448,00-99,,,mastercard,debit
252449,00-99,,,mastercard,debit
252450,00-99,,,mastercard,debit
252451,00-99,,,mastercard,debit
252452,00-99,,,mastercard,debit
252453,00-99,,,mastercard,debit
252454,00-99,,,mastercard,debit
252455,00-99,,,mastercard,debit
252456,00-99,,,mastercard,debit
252457,00-99,,,mastercard,debit
252458,00-99,,,mastercard,debit
252459,00-99,,,mastercard,debit
252460,00-99,,,mastercard,debit
252461,00-99,,,mastercard,debit
252462,00-99,,,mastercard,debit
252463,00-99,,,mastercard,debit
252464,00-99,,,mastercard,debit
252465,00-99,,,mastercard,debit
252466,00-99,,,mastercard,debit
252467,00-99,,,mastercard,debit
252468,00-99,,,mastercard,debit
252469,00-99,,,mastercard,debit
252470,00-99,,,mastercard,debit
252471,00-99,,,mastercard,debit
252472,00-99,,,mastercard,debit
252473,00-99,,,mastercard,debit
252474,00-99,,,mastercard,debit
252475,00-99,,,mastercard,debit
252476,00-99,,,mastercard,debit
252477,00-99,,,mastercard,debit
252478,00-99,,,mastercard,debit
252479,00-99,,,mastercard,debit
252480,00-99,,,mastercard,debit
252481,00-99,,,mastercard,debit
252482,00-99,,,mastercard,debit
252483,00-99,,,mastercard,debit
252484,00-99,,,mastercard,debit
252485,00-99,,,mastercard,debit
252486,00-99,,,mastercard,debit
252487,00-99,,,mastercard,debit
252488,00-99,,,mastercard,debit
252489,00-99,,,mastercard,debit
252490,00-99,,,mastercard,debit
252491,00-99,,,mastercard,debit
252492,00-99,,,mastercard,debit
252493,00-99,,,mastercard,debit
252494,00-99,,,mastercard,debit
252495,00-99,,,mastercard,debit
252496,00-99,,,mastercard,debit
252497,00-99,,,mastercard,debit
252498,00-99,,,mastercard,debit
252499,00-99,,,mastercard,debit
252500,00-99,BANQUE CENTRALE POPULAIRE,MA,mastercard,debit
252501,00-99,CENTRE MONETIQUE INTERBANCAIRE,MA,mastercard,debit
252502,00-99,CREDIT AGRICOLE DU MAROC,MA,mastercard,debit
252503,00-99,CREDIT AGRICOLE DU MAROC,MA,mastercard,debit
252504,00-99,ATTIJARIWAFA BANK,MA,mastercard,debit
252505,00-99,SOCIETE GENERALE MAROCAINE DE BANQUES,MA,mastercard,debit
252506,00-99,,,mastercard,debit
252507,00-99,,,mastercard,debit
252508,00-99,,,mastercard,debit
252509,00-99,,,mastercard,debit
252510,00-99,,,mastercard,debit
252511,00-99,,,mastercard,debit
252512,00-99,,,mastercard,debit
252513,00-99,CAJA CENTRAL FINANCOOP,EC,mastercard,credit
252514,00-99,,,mastercard,debit
252515,00-99,,,mastercard,debit
252516,00-99,,,mastercard,debit
252517,00-99,,,mastercard,debit
252518,00-99,,,mastercard,debit
252519,00-99,,,mastercard,debit
252520,00-99,,,mastercard,debit
252521,00-99,,,mastercard,debit
252522,00-99,,,mastercard,debit
252523,00-99,,,mastercard,debit
252524,00-99,,,mastercard,debit
252525,00-99,CREDIT IMMOBILIER ET. HOTELIER,MA,mastercard,debit
252526,00-99,,,mastercard,debit
252527,00-99,,,mastercard,debit
252528,00-99,,,mastercard,debit
252529,00-99,,,mastercard,debit
252530,00-99,,,mastercard,debit
252531,00-99,,,mastercard,debit
252532,00-99,,,mastercard,debit
252533,00-99,,,mastercard,debit
252534,00-99,,,mastercard,debit
252535,00-99,,,mastercard,debit
252536,00-99,,,mastercard,debit
252537,00-99,,,mastercard,debit
252538,00-99,,,mastercard,debit
252539,00-99,,,mastercard,debit
252540,00-99,,,mastercard,debit
252541,00-99,,,mastercard,debit
252542,00-99,,,mastercard,debit
252543,00-99,,,mastercard,debit
252544,00-99,,,mastercard,debit
252545,00-99,,,mastercard,debit
252546,00-99,,,mastercard,debit
252547,00-99,,,mastercard,debit
252548,00-99,,,mastercard,debit
252549,00-99,,,mastercard,debit
252550,00-99,,,mastercard,debit
252551,00-99,,,mastercard,debit
252552,00-99,,,mastercard,debit
252553,00-99,,,mastercard,debit
252554,00-99,,,mastercard,debit
252555,00-99,,,mastercard,debit
252556,00-99,,,mastercard,debit
252557,00-99,,,mastercard,debit
252558,00-99,,,mastercard,debit
252559,00-99,,,mastercard,debit
252560,00-99,,,mastercard,debit
252561,00-99,,,mastercard,debit
252562,00-99,,,mastercard,debit
252563,00-99,,,mastercard,debit
252564,00-99,,,mastercard,debit
252565,00-99,,,mastercard,debit
252566,00-99,,,mastercard,debit
252567,00-99,,,mastercard,debit
252568,00-99,,,mastercard,debit
252569,00-99,,,mastercard,debit
252570,00-99,,,mastercard,debit
252571,00-99,,,mastercard,debit
252572,00-99,,,mastercard,debit
252573,00-99,,,mastercard,debit
252574,00-99,,,mastercard,debit
252575,00-99,,,mastercard,debit
252576,00-99,,,mastercard,debit
252577,00-99,,,mastercard,debit
252578,00-99,,,mastercard,debit
252579,00-99,,,mastercard,debit
252580,00-99,,,mastercard,debit
252581,00-99,,,mastercard,debit
252582,00-99,,,mastercard,debit
252583,00-99,,,mastercard,debit
252584,00-99,,,mastercard,debit
252585,00-99,,,mastercard,debit
252586,00-99,,,mastercard,debit
252587,00-99,,,mastercard,debit
252588,00-99,,,mastercard,debit
252589,00-99,,,mastercard,debit
252590,00-99,,,mastercard,debit
252591,00-99,,,mastercard,debit
252592,00-99,,,mastercard,debit
252593,00-99,,,mastercard,debit
252594,00-99,,,mastercard,debit
252595,00-99,,,mastercard,debit
252596,00-99,,,mastercard,debit
252597,00-99,,,mastercard,debit
252598,00-99,,,mastercard,debit
252599,00-99,,,mastercard,debit
252600,00-99,,,mastercard,debit
252601,00-99,,,mastercard,debit
252602,00-99,,,mastercard,debit
252603,00-99,,,mastercard,debit
252604,00-99,,,mastercard,debit
252605,00-99,,,mastercard,debit
252606,00-99,,,mastercard,debit
252607,00-99,,,mastercard,debit
252608,00-99,,,mastercard,debit
252609,00-99,,,mastercard,debit
252610,00-99,,,mastercard,debit
252611,00-99,,,mastercard,debit
252612,00-99,,,mastercard,debit
252613,00-99,,,mastercard,debit
252614,00-99,,,mastercard,debit
252615,00-99,,,mastercard,debit
252616,00-99,,,mastercard,debit
252617,00-99,,,mastercard,debit
252618,00-99,,,mastercard,debit
252619,00-99,,,mastercard,debit
252620,00-99,,,mastercard,debit
252621,00-99,,,mastercard,debit
252622,00-99,,,mastercard,debit
252623,00-99,,,mastercard,debit
252624,00-99,,,mastercard,debit
252625,00-99,,,mastercard,debit
252626,00-99,,,mastercard,debit
252627,00-99,,,mastercard,debit
252628,00-99,,,mastercard,debit
252629,00-99,,,mastercard,debit
252630,00-99,,,mastercard,debit
252631,00-99,,,mastercard,debit
252632,00-99,,,mastercard,debit
252633,00-99,,,mastercard,debit
252634,00-99,,,mastercard,debit
252635,00-99,,,mastercard,debit
252636,00-99,,,mastercard,debit
252637,00-99,,,mastercard,debit
252638,00-99,,,mastercard,debit
252639,00-99,,,mastercard,debit
252640,00-99,,,mastercard,debit
252641,00-99,,,mastercard,debit
252642,00-99,,,mastercard,debit
252643,00-99,,,mastercard,debit
252644,00-99,,,mastercard,debit
252645,00-99,,,mastercard,debit
252646,00-99,,,mastercard,debit
252647,00-99,,,mastercard,debit
252648,00-99,,,mastercard,debit
252649,00-99,,,mastercard,debit
252650,00-99,,,mastercard,debit
252651,00-99,,,mastercard,debit
252652,00-99,,,mastercard,debit
252653,00-99,,,mastercard,debit
252654,00-99,,,mastercard,debit
252655,00-99,,,mastercard,debit
252656,00-99,,,mastercard,debit
252657,00-99,,,mastercard,debit
252658,00-99,,,mastercard,debit
252659,00-99,,,mastercard,debit
252660,00-99,,,mastercard,debit
252661,00-99,,,mastercard,debit
252662,00-99,,,mastercard,debit
252663,00-99,,,mastercard,debit
252664,00-99,,,mastercard,debit
252665,00-99,,,mastercard,debit
252666,00-99,,,mastercard,debit
252667,00-99,,,mastercard,debit
252668,00-99,,,mastercard,debit
252669,00-99,,,mastercard,debit
252670,00-99,,,mastercard,debit
252671,00-99,,,mastercard,debit
252672,00-99,,,mastercard,debit
252673,00-99,,,mastercard,debit
252674,00-99,,,mastercard,debit
252675,00-99,,,mastercard,debit
252676,00-99,,,mastercard,debit
252677,00-99,,,mastercard,debit
252678,00-99,,,mastercard,debit
252679,00-99,,,mastercard,debit
252680,00-99,,,mastercard,debit
252681,00-99,,,mastercard,debit
252682,00-99,,,mastercard,debit
252683,00-99,,,mastercard,debit
252684,00-99,,,mastercard,debit
252685,00-99,,,mastercard,debit
252686,00-99,,,mastercard,debit
252687,00-99,,,mastercard,debit
252688,00-99,,,mastercard,debit
252689,00-99,,,mastercard,debit
252690,00-99,,,mastercard,debit
252691,00-99,,,mastercard,debit
252692,00-99,,,mastercard,debit
252693,00-99,,,mastercard,debit
252694,00-99,,,mastercard,debit
252695,00-99,,,mastercard,debit
252696,00-99,,,mastercard,debit
252697,00-99,,,mastercard,debit
252698,00-99,,,mastercard,debit
252699,00-99,,,mastercard,debit
252700,00-99,,,mastercard,debit
252701,00-99,,,mastercard,debit
252702,00-99,,,mastercard,debit
252703,00-99,,,mastercard,debit
252704,00-99,,,mastercard,debit
252705,00-99,,,mastercard,debit
252706,00-99,,,mastercard,debit
252707,00-99,,,mastercard,debit
252708,00-99,,,mastercard,debit
252709,00-99,,,mastercard,debit
252710,00-99,,,mastercard,debit
252711,00-99,,,mastercard,debit
252712,00-99,,,mastercard,debit
252713,00-99,,,mastercard,debit
252714,00-99,,,mastercard,debit
252715,00-99,,,mastercard,debit
252716,00-99,,,mastercard,debit
252717,00-99,,,mastercard,debit
252718,00-99,,,mastercard,debit
252719,00-99,,,mastercard,debit
252720,00-99,,,mastercard,debit
252721,00-99,,,mastercard,debit
252722,00-99,,,mastercard,debit
252723,00-99,,,mastercard,debit
252724,00-99,,,mastercard,debit
252725,00-99,,,mastercard,debit
252726,00-99,,,mastercard,debit
252727,00-99,,,mastercard,debit
252728,00-99,,,mastercard,debit
252729,00-99,,,mastercard,debit
252730,00-99,,,mastercard,debit
252731,00-99,,,mastercard,debit
252732,00-99,,,mastercard,debit
252733,00-99,,,mastercard,debit
252734,00-99,,,mastercard,debit
252735,00-99,,,mastercard,debit
252736,00-99,,,mastercard,debit
252737,00-99,,,mastercard,debit
252738,00-99,,,mastercard,debit
252739,00-99,,,mastercard,debit
252740,00-99,,,mastercard,debit
252741,00-99,,,mastercard,debit
252742,00-99,,,mastercard,debit
252743,00-99,,,mastercard,debit
252744,00-99,,,mastercard,debit
252745,00-99,,,mastercard,debit
252746,00-99,,,mastercard,debit
252747,00-99,,,mastercard,debit
252748,00-99,,,mastercard,debit
252749,00-99,,,mastercard,debit
252750,00-99,,,mastercard,debit
252751,00-99,,,mastercard,debit
252752,00-99,,,mastercard,debit
252753,00-99,,,mastercard,debit
252754,00-99,,,mastercard,debit
252755,00-99,,,mastercard,debit
252756,00-99,,,mastercard,debit
252757,00-99,,,mastercard,debit
252758,00-99,,,mastercard,debit
252759,00-99,,,mastercard,debit
252760,00-99,,,mastercard,debit
252761,00-99,,,mastercard,debit
252762,00-99,,,mastercard,debit
252763,00-99,,,mastercard,debit
252764,00-99,,,mastercard,debit
252765,00-99,,,mastercard,debit
252766,00-99,,,mastercard,debit
252767,00-99,,,mastercard,debit
252768,00-99,,,mastercard,debit
252769,00-99,,,mastercard,debit
252770,00-99,,,mastercard,debit
252771,00-99,,,mastercard,debit
252772,00-99,,,mastercard,debit
252773,00-99,,,mastercard,debit
252774,00-99,,,mastercard,debit
252775,00-99,,,mastercard,debit
252776,00-99,,,mastercard,debit
252777,00-99,,,mastercard,debit
252778,00-99,,,mastercard,debit
252779,00-99,,,mastercard,debit
252780,00-99,,,mastercard,debit
252781,00-99,,,mastercard,debit
252782,00-99,,,mastercard,debit
252783,00-99,,,mastercard,debit
252784,00-99,,,mastercard,debit
252785,00-99,,,mastercard,debit
252786,00-99,,,mastercard,debit
252787,00-99,,,mastercard,debit
252788,00-99,,,mastercard,debit
252789,00-99,,,mastercard,debit
252790,00-99,,,mastercard,debit
252791,00-99,,,mastercard,debit
252792,00-99,,,mastercard,debit
252793,00-99,,,mastercard,debit
252794,00-99,,,mastercard,debit
252795,00-99,,,mastercard,debit
252796,00-99,,,mastercard,debit
252797,00-99,,,mastercard,debit
252798,00-99,,,mastercard,debit
252799,00-99,,,mastercard,debit
252800,00-99,,,mastercard,debit
252801,00-99,,,mastercard,debit
252802,00-99,,,mastercard,debit
252803,00-99,,,mastercard,debit
252804,00-99,,,mastercard,debit
252805,00-99,,,mastercard,debit
252806,00-99,,,mastercard,debit
252807,00-99,,,mastercard,debit
252808,00-99,,,mastercard,debit
252809,00-99,,,mastercard,debit
252810,00-99,,,mastercard,debit
252811,00-99,,,mastercard,debit
252812,00-99,,,mastercard,debit
252813,00-99,,,mastercard,debit
252814,00-99,,,mastercard,debit
252815,00-99,,,mastercard,debit
252816,00-99,,,mastercard,debit
252817,00-99,,,mastercard,debit
252818,00-99,,,mastercard,debit
252819,00-99,,,mastercard,debit
252820,00-99,,,mastercard,debit
252821,00-99,,,mastercard,debit
252822,00-99,,,mastercard,debit
252823,00-99,,,mastercard,debit
252824,00-99,,,mastercard,debit
252825,00-99,,,mastercard,debit
252826,00-99,,,mastercard,debit
252827,00-99,,,mastercard,debit
252828,00-99,,,mastercard,debit
252829,00-99,,,mastercard,debit
252830,00-99,,,mastercard,debit
252831,00-99,,,mastercard,debit
252832,00-99,,,mastercard,debit
252833,00-99,,,mastercard,debit
252834,00-99,,,mastercard,debit
252835,00-99,,,mastercard,debit
252836,00-99,,,mastercard,debit
252837,00-99,,,mastercard,debit
252838,00-99,,,mastercard,debit
252839,00-99,,,mastercard,debit
252840,00-99,,,mastercard,debit
252841,00-99,,,mastercard,debit
252842,00-99,,,mastercard,debit
252843,00-99,,,mastercard,debit
252844,00-99,,,mastercard,debit
252845,00-99,,,mastercard,debit
252846,00-99,,,mastercard,debit
252847,00-99,,,mastercard,debit
252848,00-99,,,mastercard,debit
252849,00-99,,,mastercard,debit
252850,00-99,,,mastercard,debit
252851,00-99,,,mastercard,debit
252852,00-99,,,mastercard,debit
252853,00-99,,,mastercard,debit
252854,00-99,,,mastercard,debit
252855,00-99,,,mastercard,debit
252856,00-99,,,mastercard,debit
252857,00-99,,,mastercard,debit
252858,00-99,,,mastercard,debit
252859,00-99,,,mastercard,debit
252860,00-99,,,mastercard,debit
252861,00-99,,,mastercard,debit
252862,00-99,,,mastercard,debit
252863,00-99,,,mastercard,debit
252864,00-99,,,mastercard,debit
252865,00-99,,,mastercard,debit
252866,00-99,,,mastercard,debit
252867,00-99,,,mastercard,debit
252868,00-99,,,mastercard,debit
252869,00-99,,,mastercard,debit
252870,00-99,,,mastercard,debit
252871,00-99,,,mastercard,debit
252872,00-99,,,mastercard,debit
252873,00-99,,,mastercard,debit
252874,00-99,,,mastercard,debit
252875,00-99,,,mastercard,debit
252876,00-99,,,mastercard,debit
252877,00-99,,,mastercard,debit
252878,00-99,,,mastercard,debit
252879,00-99,,,mastercard,debit
252880,00-99,,,mastercard,debit
252881,00-99,,,mastercard,debit
252882,00-99,,,mastercard,debit
252883,00-99,,,mastercard,debit
252884,00-99,,,mastercard,debit
252885,00-99,,,mastercard,debit
252886,00-99,,,mastercard,debit
252887,00-99,,,mastercard,debit
252888,00-99,,,mastercard,debit
252889,00-99,,,mastercard,debit
252890,00-99,,,mastercard,debit
252891,00-99,,,mastercard,debit
252892,00-99,,,mastercard,debit
252893,00-99,,,mastercard,debit
252894,00-99,,,mastercard,debit
252895,00-99,,,mastercard,debit
252896,00-99,,,mastercard,debit
252897,00-99,,,mastercard,debit
252898,00-99,,,mastercard,debit
252899,00-99,,,mastercard,debit
252900,00-99,,,mastercard,debit
252901,00-99,,,mastercard,debit
252902,00-99,,,mastercard,debit
252903,00-99,,,mastercard,debit
252904,00-99,,,mastercard,debit
252905,00-99,,,mastercard,debit
252906,00-99,,,mastercard,debit
252907,00-99,,,mastercard,debit
252908,00-99,,,mastercard,debit
252909,00-99,,,mastercard,debit
252910,00-99,,,mastercard,debit
252911,00-99,,,mastercard,debit
252912,00-99,,,mastercard,debit
252913,00-99,,,mastercard,debit
252914,00-99,,,mastercard,debit
252915,00-99,,,mastercard,debit
252916,00-99,,,mastercard,debit
252917,00-99,,,mastercard,debit
252918,00-99,,,mastercard,debit
252919,00-99,,,mastercard,debit
252920,00-99,,,mastercard,debit
252921,00-99,,,mastercard,debit
252922,00-99,,,mastercard,debit
252923,00-99,,,mastercard,debit
252924,00-99,,,mastercard,debit
252925,00-99,,,mastercard,debit
252926,00-99,,,mastercard,debit
252927,00-99,,,mastercard,debit
252928,00-99,,,mastercard,debit
252929,00-99,,,mastercard,debit
252930,00-99,,,mastercard,debit
252931,00-99,,,mastercard,debit
252932,00-99,,,mastercard,debit
252933,00-99,,,mastercard,debit
252934,00-99,,,mastercard,debit
252935,00-99,,,mastercard,debit
252936,00-99,,,mastercard,debit
252937,00-99,,,mastercard,debit
252938,00-99,,,mastercard,debit
252939,00-99,,,mastercard,debit
252940,00-99,,,mastercard,debit
252941,00-99,,,mastercard,debit
252942,00-99,,,mastercard,debit
252943,00-99,,,mastercard,debit
252944,00-99,,,mastercard,debit
252945,00-99,,,mastercard,debit
252946,00-99,,,mastercard,debit
252947,00-99,,,mastercard,debit
252948,00-99,,,mastercard,debit
252949,00-99,,,mastercard,debit
252950,00-99,,,mastercard,debit
252951,00-99,,,mastercard,debit
252952,00-99,,,mastercard,debit
252953,00-99,,,mastercard,debit
252954,00-99,,,mastercard,debit
252955,00-99,,,mastercard,debit
252956,00-99,,,mastercard,debit
252957,00-99,,,mastercard,debit
252958,00-99,,,mastercard,debit
252959,00-99,,,mastercard,debit
252960,00-99,,,mastercard,debit
252961,00-99,,,mastercard,debit
252962,00-99,,,mastercard,debit
252963,00-99,,,mastercard,debit
252964,00-99,,,mastercard,debit
252965,00-99,,,mastercard,debit
252966,00-99,,,mastercard,debit
252967,00-99,,,mastercard,debit
252968,00-99,,,mastercard,debit
252969,00-99,,,mastercard,debit
252970,00-99,,,mastercard,debit
252971,00-99,,,mastercard,debit
252972,00-99,,,mastercard,debit
252973,00-99,,,mastercard,debit
252974,00-99,,,mastercard,debit
252975,00-99,,,mastercard,debit
252976,00-99,,,mastercard,debit
252977,00-99,,,mastercard,debit
252978,00-99,,,mastercard,debit
252979,00-99,,,mastercard,debit
252980,00-99,,,mastercard,debit
252981,00-99,,,mastercard,debit
252982,00-99,,,mastercard,debit
252983,00-99,,,mastercard,debit
252984,00-99,,,mastercard,debit
252985,00-99,,,mastercard,debit
252986,00-99,,,mastercard,debit
252987,00-99,,,mastercard,debit
252988,00-99,,,mastercard,debit
252989,00-99,,,mastercard,debit
252990,00-99,,,mastercard,debit
252991,00-99,,,mastercard,debit
252992,00-99,,,mastercard,debit
252993,00-99,,,mastercard,debit
252994,00-99,,,mastercard,debit
252995,00-99,,,mastercard,debit
252996,00-99,,,mastercard,debit
252997,00-99,,,mastercard,debit
252998,00-99,,,mastercard,debit
252999,00-99,,,mastercard,debit
253000,00-99,,,mastercard,debit
253001,00-99,,,mastercard,debit
253002,00-99,,,mastercard,debit
253003,00-99,,,mastercard,debit
253004,00-99,,,mastercard,debit
253005,00-99,,,mastercard,debit
253006,00-99,,,mastercard,debit
253007,00-99,,,mastercard,debit
253008,00-99,,,mastercard,debit
253009,00-99,,,mastercard,debit
253010,00-99,,,mastercard,debit
253011,00-99,,,mastercard,debit
253012,00-99,,,mastercard,debit
253013,00-99,,,mastercard,debit
253014,00-99,,,mastercard,debit
253015,00-99,,,mastercard,debit
253016,00-99,,,mastercard,debit
253017,00-99,,,mastercard,debit
253018,00-99,,,mastercard,debit
253019,00-99,,,mastercard,debit
253020,00-99,,,mastercard,debit
253021,00-99,,,mastercard,debit
253022,00-99,,,mastercard,debit
253023,00-99,,,mastercard,debit
253024,00-99,,,mastercard,debit
253025,00-99,,,mastercard,debit
253026,00-99,,,mastercard,debit
253027,00-99,,,mastercard,debit
253028,00-99,,,mastercard,debit
253029,00-99,,,mastercard,debit
253030,00-99,,,mastercard,debit
253031,00-99,,,mastercard,debit
253032,00-99,,,mastercard,debit
253033,00-99,,,mastercard,debit
253034,00-99,,,mastercard,debit
253035,00-99,,,mastercard,debit
253036,00-99,,,mastercard,debit
253037,00-99,,,mastercard,debit
253038,00-99,,,mastercard,debit
253039,00-99,,,mastercard,debit
253040,00-99,,,mastercard,debit
253041,00-99,,,mastercard,debit
253042,00-99,,,mastercard,debit
253043,00-99,,,mastercard,debit
253044,00-99,,,mastercard,debit
253045,00-99,,,mastercard,debit
253046,00-99,,,mastercard,debit
253047,00-99,,,mastercard,debit
253048,00-99,,,mastercard,debit
253049,00-99,,,mastercard,debit
253050,00-99,,,mastercard,debit
253051,00-99,,,mastercard,debit
253052,00-99,,,mastercard,debit
253053,00-99,,,mastercard,debit
253054,00-99,,,mastercard,debit
253055,00-99,,,mastercard,debit
253056,00-99,,,mastercard,debit
253057,00-99,,,mastercard,debit
253058,00-99,,,mastercard,debit
253059,00-99,,,mastercard,debit
253060,00-99,,,mastercard,debit
253061,00-99,,,mastercard,debit
253062,00-99,,,mastercard,debit
253063,00-99,,,mastercard,debit
253064,00-99,,,mastercard,debit
253065,00-99,,,mastercard,debit
253066,00-99,,,mastercard,debit
253067,00-99,,,mastercard,debit
253068,00-99,,,mastercard,debit
253069,00-99,,,mastercard,debit
253070,00-99,,,mastercard,debit
253071,00-99,,,mastercard,debit
253072,00-99,,,mastercard,debit
253073,00-99,,,mastercard,debit
253074,00-99,,,mastercard,debit
253075,00-99,,,mastercard,debit
253076,00-99,,,mastercard,debit
253077,00-99,,,mastercard,debit
253078,00-99,,,mastercard,debit
253079,00-99,,,mastercard,debit
253080,00-99,,,mastercard,debit
253081,00-99,,,mastercard,debit
253082,00-99,,,mastercard,debit
253083,00-99,,,mastercard,debit
253084,00-99,,,mastercard,debit
253085,00-99,,,mastercard,debit
253086,00-99,,,mastercard,debit
253087,00-99,,,mastercard,debit
253088,00-99,,,mastercard,debit
253089,00-99,,,mastercard,debit
253090,00-99,,,mastercard,debit
253091,00-99,,,mastercard,debit
253092,00-99,,,mastercard,debit
253093,00-99,,,mastercard,debit
253094,00-99,,,mastercard,debit
253095,00-99,,,mastercard,debit
253096,00-99,,,mastercard,debit
253097,00-99,,,mastercard,debit
253098,00-99,,,mastercard,debit
253099,00-99,,,mastercard,debit
253100,00-99,,,mastercard,debit
253101,00-99,,,mastercard,debit
253102,00-99,,,mastercard,debit
253103,00-99,,,mastercard,debit
253104,00-99,,,mastercard,debit
253105,00-99,,,mastercard,debit
253106,00-99,,,mastercard,debit
253107,00-99,,,mastercard,debit
253108,00-99,,,mastercard,debit
253109,00-99,,,mastercard,debit
253110,00-99,,,mastercard,debit
253111,00-99,,,mastercard,debit
253112,00-99,,,mastercard,debit
253113,00-99,,,mastercard,debit
253114,00-99,,,mastercard,debit
253115,00-99,,,mastercard,debit
253116,00-99,,,mastercard,debit
253117,00-99,,,mastercard,debit
253118,00-99,,,mastercard,debit
253119,00-99,,,mastercard,debit
253120,00-99,,,mastercard,debit
253121,00-99,,,mastercard,debit
253122,00-99,,,mastercard,debit
253123,00-99,,,mastercard,debit
253124,00-99,,,mastercard,debit
253125,00-99,,,mastercard,debit
253126,00-99,,,mastercard,debit
253127,00-99,,,mastercard,debit
253128,00-99,,,mastercard,debit
253129,00-99,,,mastercard,debit
253130,00-99,,,mastercard,debit
253131,00-99,,,mastercard,debit
253132,00-99,,,mastercard,debit
253133,00-99,,,mastercard,debit
253134,00-99,,,mastercard,debit
253135,00-99,,,mastercard,debit
253136,00-99,,,mastercard,debit
253137,00-99,,,mastercard,debit
253138,00-99,,,mastercard,debit
253139,00-99,,,mastercard,debit
253140,00-99,,,mastercard,debit
253141,00-99,,,mastercard,debit
253142,00-99,,,mastercard,debit
253143,00-99,,,mastercard,debit
253144,00-99,,,mastercard,debit
253145,00-99,,,mastercard,debit
253146,00-99,,,mastercard,debit
253147,00-99,,,mastercard,debit
253148,00-99,,,mastercard,debit
253149,00-99,,,mastercard,debit
253150,00-99,,,mastercard,debit
253151,00-99,,,mastercard,debit
253152,00-99,,,mastercard,debit
253153,00-99,,,mastercard,debit
253154,00-99,,,mastercard,debit
253155,00-99,,,mastercard,debit
253156,00-99,,,mastercard,debit
253157,00-99,,,mastercard,debit
253158,00-99,,,mastercard,debit
253159,00-99,,,mastercard,debit
253160,00-99,,,mastercard,debit
253161,00-99,,,mastercard,debit
253162,00-99,,,mastercard,debit
253163,00-99,,,mastercard,debit
253164,00-99,,,mastercard,debit
253165,00-99,,,mastercard,debit
253166,00-99,,,mastercard,debit
253167,00-99,,,mastercard,debit
253168,00-99,,,mastercard,debit
253169,00-99,,,mastercard,debit
253170,00-99,,,mastercard,debit
253171,00-99,,,mastercard,debit
253172,00-99,,,mastercard,debit
253173,00-99,,,mastercard,debit
253174,00-99,,,mastercard,debit
253175,00-99,,,mastercard,debit
253176,00-99,,,mastercard,debit
253177,00-99,,,mastercard,debit
253178,00-99,,,mastercard,debit
253179,00-99,,,mastercard,debit
253180,00-99,,,mastercard,debit
253181,00-99,,,mastercard,debit
253182,00-99,,,mastercard,debit
253183,00-99,,,mastercard,debit
253184,00-99,,,mastercard,debit
253185,00-99,,,mastercard,debit
253186,00-99,,,mastercard,debit
253187,00-99,,,mastercard,debit
253188,00-99,,,mastercard,debit
253189,00-99,,,mastercard,debit
253190,00-99,,,mastercard,debit
253191,00-99,,,mastercard,debit
253192,00-99,,,mastercard,debit
253193,00-99,,,mastercard,debit
253194,00-99,,,mastercard,debit
253195,00-99,,,mastercard,debit
253196,00-99,,,mastercard,debit
253197,00-99,,,mastercard,debit
253198,00-99,,,mastercard,debit
253199,00-99,,,mastercard,debit
253200,00-99,,,mastercard,debit
253201,00-99,,,mastercard,debit
253202,00-99,,,mastercard,debit
253203,00-99,,,mastercard,debit
253204,00-99,,,mastercard,debit
253205,00-99,,,mastercard,debit
253206,00-99,,,mastercard,debit
253207,00-99,,,mastercard,debit
253208,00-99,,,mastercard,debit
253209,00-99,,,mastercard,debit
253210,00-99,,,mastercard,debit
253211,00-99,,,mastercard,debit
253212,00-99,,,mastercard,debit
253213,00-99,,,mastercard,debit
253214,00-99,,,mastercard,debit
253215,00-99,,,mastercard,debit
253216,00-99,,,mastercard,debit
253217,00-99,,,mastercard,debit
253218,00-99,,,mastercard,debit
253219,00-99,,,mastercard,debit
253220,00-99,,,mastercard,debit
253221,00-99,,,mastercard,debit
253222,00-99,,,mastercard,debit
253223,00-99,,,mastercard,debit
253224,00-99,,,mastercard,debit
253225,00-99,,,mastercard,debit
253226,00-99,,,mastercard,debit
253227,00-99,,,mastercard,debit
253228,00-99,,,mastercard,debit
253229,00-99,,,mastercard,debit
253230,00-99,,,mastercard,debit
253231,00-99,,,mastercard,debit
253232,00-99,,,mastercard,debit
253233,00-99,,,mastercard,debit
253234,00-99,,,mastercard,debit
253235,00-99,,,mastercard,debit
253236,00-99,,,mastercard,debit
253237,00-99,,,mastercard,debit
253238,00-99,,,mastercard,debit
253239,00-99,,,mastercard,debit
253240,00-99,,,mastercard,debit
253241,00-99,,,mastercard,debit
253242,00-99,,,mastercard,debit
253243,00-99,,,mastercard,debit
253244,00-99,,,mastercard,debit
253245,00-99,,,mastercard,debit
253246,00-99,,,mastercard,debit
253247,00-99,,,mastercard,debit
253248,00-99,,,mastercard,debit
253249,00-99,,,mastercard,debit
253250,00-99,,,mastercard,debit
253251,00-99,,,mastercard,debit
253252,00-99,,,mastercard,debit
253253,00-99,,,mastercard,debit
253254,00-99,,,mastercard,debit
253255,00-99,,,mastercard,debit
253256,00-99,,,mastercard,debit
253257,00-99,,,mastercard,debit
253258,00-99,,,mastercard,debit
253259,00-99,,,mastercard,debit
253260,00-99,,,mastercard,debit
253261,00-99,,,mastercard,debit
253262,00-99,,,mastercard,debit
253263,00-99,,,mastercard,debit
253264,00-99,,,mastercard,debit
253265,00-99,,,mastercard,debit
253266,00-99,,,mastercard,debit
253267,00-99,,,mastercard,debit
253268,00-99,,,mastercard,debit
253269,00-99,,,mastercard,debit
253270,00-99,,,mastercard,debit
253271,00-99,,,mastercard,debit
253272,00-99,,,mastercard,debit
253273,00-99,,,mastercard,debit
253274,00-99,,,mastercard,debit
253275,00-99,,,mastercard,debit
253276,00-99,,,mastercard,debit
253277,00-99,,,mastercard,debit
253278,00-99,,,mastercard,debit
253279,00-99,,,mastercard,debit
253280,00-99,,,mastercard,debit
253281,00-99,,,mastercard,debit
253282,00-99,,,mastercard,debit
253283,00-99,,,mastercard,debit
253284,00-99,,,mastercard,debit
253285,00-99,,,mastercard,debit
253286,00-99,,,mastercard,debit
253287,00-99,,,mastercard,debit
253288,00-99,,,mastercard,debit
253289,00-99,,,mastercard,debit
253290,00-99,,,mastercard,debit
253291,00-99,,,mastercard,debit
253292,00-99,,,mastercard,debit
253293,00-99,,,mastercard,debit
253294,00-99,,,mastercard,debit
253295,00-99,,,mastercard,debit
253296,00-99,,,mastercard,debit
253297,00-99,,,mastercard,debit
253298,00-99,,,mastercard,debit
253299,00-99,,,mastercard,debit
253300,00-99,,,mastercard,debit
253301,00-99,,,mastercard,debit
253302,00-99,,,mastercard,debit
253303,00-99,,,mastercard,debit
253304,00-99,,,mastercard,debit
253305,00-99,,,mastercard,debit
253306,00-99,,,mastercard,debit
253307,00-99,,,mastercard,debit
253308,00-99,,,mastercard,debit
253309,00-99,,,mastercard,debit
253310,00-99,,,mastercard,debit
253311,00-99,,,mastercard,debit
253312,00-99,,,mastercard,debit
253313,00-99,,,mastercard,debit
253314,00-99,,,mastercard,debit
253315,00-99,,,mastercard,debit
253316,00-99,,,mastercard,debit
253317,00-99,,,mastercard,debit
253318,00-99,,,mastercard,debit
253319,00-99,,,mastercard,debit
253320,00-99,,,mastercard,debit
253321,00-99,,,mastercard,debit
253322,00-99,,,mastercard,debit
253323,00-99,,,mastercard,debit
253324,00-99,,,mastercard,debit
253325,00-99,,,mastercard,debit
253326,00-99,,,mastercard,debit
253327,00-99,,,mastercard,debit
253328,00-99,,,mastercard,debit
253329,00-99,,,mastercard,debit
253330,00-99,,,mastercard,debit
253331,00-99,,,mastercard,debit
253332,00-99,,,mastercard,debit
253333,00-99,,,mastercard,debit
253334,00-99,,,mastercard,debit
253335,00-99,,,mastercard,debit
253336,00-99,,,mastercard,debit
253337,00-99,,,mastercard,debit
253338,00-99,,,mastercard,debit
253339,00-99,,,mastercard,debit
253340,00-99,,,mastercard,debit
253341,00-99,,,mastercard,debit
253342,00-99,,,mastercard,debit
253343,00-99,,,mastercard,debit
253344,00-99,,,mastercard,debit
253345,00-99,,,mastercard,debit
253346,00-99,,,mastercard,debit
253347,00-99,,,mastercard,debit
253348,00-99,,,mastercard,debit
253349,00-99,,,mastercard,debit
253350,00-99,,,mastercard,debit
253351,00-99,,,mastercard,debit
253352,00-99,,,mastercard,debit
253353,00-99,,,mastercard,debit
253354,00-99,,,mastercard,debit
253355,00-99,,,mastercard,debit
253356,00-99,,,mastercard,debit
253357,00-99,,,mastercard,debit
253358,00-99,,,mastercard,debit
253359,00-99,,,mastercard,debit
253360,00-99,,,mastercard,debit
253361,00-99,,,mastercard,debit
253362,00-99,,,mastercard,debit
253363,00-99,,,mastercard,debit
253364,00-99,,,mastercard,debit
253365,00-99,,,mastercard,debit
253366,00-99,,,mastercard,debit
253367,00-99,,,mastercard,debit
253368,00-99,,,mastercard,debit
253369,00-99,,,mastercard,debit
253370,00-99,,,mastercard,debit
253371,00-99,,,mastercard,debit
253372,00-99,,,mastercard,debit
253373,00-99,,,mastercard,debit
253374,00-99,,,mastercard,debit
253375,00-99,,,mastercard,debit
253376,00-99,,,mastercard,debit
253377,00-99,,,mastercard,debit
253378,00-99,,,mastercard,debit
253379,00-99,,,mastercard,debit
253380,00-99,,,mastercard,debit
253381,00-99,,,mastercard,debit
253382,00-99,,,mastercard,debit
253383,00-99,,,mastercard,debit
253384,00-99,,,mastercard,debit
253385,00-99,,,mastercard,debit
253386,00-99,,,mastercard,debit
253387,00-99,,,mastercard,debit
253388,00-99,,,mastercard,debit
253389,00-99,,,mastercard,debit
253390,00-99,,,mastercard,debit
253391,00-99,,,mastercard,debit
253392,00-99,,,mastercard,debit
253393,00-99,,,mastercard,debit
253394,00-99,,,mastercard,debit
253395,00-99,,,mastercard,debit
253396,00-99,,,mastercard,debit
253397,00-99,,,mastercard,debit
253398,00-99,,,mastercard,debit
253399,00-99,,,mastercard,debit
253400,00-99,,,mastercard,debit
253401,00-99,,,mastercard,debit
253402,00-99,,,mastercard,debit
253403,00-99,,,mastercard,debit
253404,00-99,,,mastercard,debit
253405,00-99,,,mastercard,debit
253406,00-99,,,mastercard,debit
253407,00-99,,,mastercard,debit
253408,00-99,,,mastercard,debit
253409,00-99,,,mastercard,debit
253410,00-99,,,mastercard,debit
253411,00-99,,,mastercard,debit
253412,00-99,,,mastercard,debit
253413,00-99,,,mastercard,debit
253414,00-99,,,mastercard,debit
253415,00-99,,,mastercard,debit
253416,00-99,,,mastercard,debit
253417,00-99,,,mastercard,debit
253418,00-99,,,mastercard,debit
253419,00-99,,,mastercard,debit
253420,00-99,,,mastercard,debit
253421,00-99,,,mastercard,debit
253422,00-99,,,mastercard,debit
253423,00-99,,,mastercard,debit
253424,00-99,,,mastercard,debit
253425,00-99,,,mastercard,debit
253426,00-99,,,mastercard,debit
253427,00-99,,,mastercard,debit
253428,00-99,,,mastercard,debit
253429,00-99,,,mastercard,debit
253430,00-99,,,mastercard,debit
253431,00-99,,,mastercard,debit
253432,00-99,,,mastercard,debit
253433,00-99,,,mastercard,debit
253434,00-99,,,mastercard,debit
253435,00-99,,,mastercard,debit
253436,00-99,,,mastercard,debit
253437,00-99,,,mastercard,debit
253438,00-99,,,mastercard,debit
253439,00-99,,,mastercard,debit
253440,00-99,,,mastercard,debit
253441,00-99,,,mastercard,debit
253442,00-99,,,mastercard,debit
253443,00-99,,,mastercard,debit
253444,00-99,,,mastercard,debit
253445,00-99,,,mastercard,debit
253446,00-99,,,mastercard,debit
253447,00-99,,,mastercard,debit
253448,00-99,,,mastercard,debit
253449,00-99,,,mastercard,debit
253450,00-99,,,mastercard,debit
253451,00-99,,,mastercard,debit
253452,00-99,,,mastercard,debit
253453,00-99,,,mastercard,debit
253454,00-99,,,mastercard,debit
253455,00-99,,,mastercard,debit
253456,00-99,,,mastercard,debit
253457,00-99,,,mastercard,debit
253458,00-99,,,mastercard,debit
253459,00-99,,,mastercard,debit
253460,00-99,,,mastercard,debit
253461,00-99,,,mastercard,debit
253462,00-99,,,mastercard,debit
253463,00-99,,,mastercard,debit
253464,00-99,,,mastercard,debit
253465,00-99,,,mastercard,debit
253466,00-99,,,mastercard,debit
253467,00-99,,,mastercard,debit
253468,00-99,,,mastercard,debit
253469,00-99,,,mastercard,debit
253470,00-99,,,mastercard,debit
253471,00-99,,,mastercard,debit
253472,00-99,,,mastercard,debit
253473,00-99,,,mastercard,debit
253474,00-99,,,mastercard,debit
253475,00-99,,,mastercard,debit
253476,00-99,,,mastercard,debit
253477,00-99,,,mastercard,debit
253478,00-99,,,mastercard,debit
253479,00-99,,,mastercard,debit
253480,00-99,,,mastercard,debit
253481,00-99,,,mastercard,debit
253482,00-99,,,mastercard,debit
253483,00-99,,,mastercard,debit
253484,00-99,,,mastercard,debit
253485,00-99,,,mastercard,debit
253486,00-99,,,mastercard,debit
253487,00-99,,,mastercard,debit
253488,00-99,,,mastercard,debit
253489,00-99,,,mastercard,debit
253490,00-99,,,mastercard,debit
253491,00-99,,,mastercard,debit
253492,00-99,,,mastercard,debit
253493,00-99,,,mastercard,debit
253494,00-99,,,mastercard,debit
253495,00-99,,,mastercard,debit
253496,00-99,,,mastercard,debit
253497,00-99,,,mastercard,debit
253498,00-99,,,mastercard,debit
253499,00-99,,,mastercard,debit
253500,00-99,,,mastercard,debit
253501,00-99,,,mastercard,debit
253502,00-99,,,mastercard,debit
253503,00-99,,,mastercard,debit
253504,00-99,,,mastercard,debit
253505,00-99,,,mastercard,debit
253506,00-99,,,mastercard,debit
253507,00-99,,,mastercard,debit
253508,00-99,,,mastercard,debit
253509,00-99,,,mastercard,debit
253510,00-99,,,mastercard,debit
253511,00-99,,,mastercard,debit
253512,00-99,,,mastercard,debit
253513,00-99,,,mastercard,debit
253514,00-99,,,mastercard,debit
253515,00-99,,,mastercard,debit
253516,00-99,,,mastercard,debit
253517,00-99,,,mastercard,debit
253518,00-99,,,mastercard,debit
253519,00-99,,,mastercard,debit
253520,00-99,,,mastercard,debit
253521,00-99,,,mastercard,debit
253522,00-99,,,mastercard,debit
253523,00-99,,,mastercard,debit
253524,00-99,,,mastercard,debit
253525,00-99,,,mastercard,debit
253526,00-99,,,mastercard,debit
253527,00-99,,,mastercard,debit
253528,00-99,,,mastercard,debit
253529,00-99,,,mastercard,debit
253530,00-99,,,mastercard,debit
253531,00-99,,,mastercard,debit
253532,00-99,,,mastercard,debit
253533,00-99,,,mastercard,debit
253534,00-99,,,mastercard,debit
253535,00-99,,,mastercard,debit
253536,00-99,,,mastercard,debit
253537,00-99,,,mastercard,debit
253538,00-99,,,mastercard,debit
253539,00-99,,,mastercard,debit
253540,00-99,,,mastercard,debit
253541,00-99,,,mastercard,debit
253542,00-99,,,mastercard,debit
253543,00-99,,,mastercard,debit
253544,00-99,,,mastercard,debit
253545,00-99,,,mastercard,debit
253546,00-99,,,mastercard,debit
253547,00-99,,,mastercard,debit
253548,00-99,,,mastercard,debit
253549,00-99,,,mastercard,debit
253550,00-99,,,mastercard,debit
253551,00-99,,,mastercard,debit
253552,00-99,,,mastercard,debit
253553,00-99,,,mastercard,debit
253554,00-99,,,mastercard,debit
253555,00-99,,,mastercard,debit
253556,00-99,,,mastercard,debit
253557,00-99,,,mastercard,debit
253558,00-99,,,mastercard,debit
253559,00-99,,,mastercard,debit
253560,00-99,,,mastercard,debit
253561,00-99,,,mastercard,debit
253562,00-99,,,mastercard,debit
253563,00-99,,,mastercard,debit
253564,00-99,,,mastercard,debit
253565,00-99,,,mastercard,debit
253566,00-99,,,mastercard,debit
253567,00-99,,,mastercard,debit
253568,00-99,,,mastercard,debit
253569,00-99,,,mastercard,debit
253570,00-99,,,mastercard,debit
253571,00-99,,,mastercard,debit
253572,00-99,,,mastercard,debit
253573,00-99,,,mastercard,debit
253574,00-99,,,mastercard,debit
253575,00-99,,,mastercard,debit
253576,00-99,,,mastercard,debit
253577,00-99,,,mastercard,debit
253578,00-99,,,mastercard,debit
253579,00-99,,,mastercard,debit
253580,00-99,,,mastercard,debit
253581,00-99,,,mastercard,debit
253582,00-99,,,mastercard,debit
253583,00-99,,,mastercard,debit
253584,00-99,,,mastercard,debit
253585,00-99,,,mastercard,debit
253586,00-99,,,mastercard,debit
253587,00-99,,,mastercard,debit
253588,00-99,,,mastercard,debit
253589,00-99,,,mastercard,debit
253590,00-99,,,mastercard,debit
253591,00-99,,,mastercard,debit
253592,00-99,,,mastercard,debit
253593,00-99,,,mastercard,debit
253594,00-99,,,mastercard,debit
253595,00-99,,,mastercard,debit
253596,00-99,,,mastercard,debit
253597,00-99,,,mastercard,debit
253598,00-99,,,mastercard,debit
253599,00-99,,,mastercard,debit
253600,00-99,,,mastercard,debit
253601,00-99,,,mastercard,debit
253602,00-99,,,mastercard,debit
253603,00-99,,,mastercard,debit
253604,00-99,,,mastercard,debit
253605,00-99,,,mastercard,debit
253606,00-99,,,mastercard,debit
253607,00-99,,,mastercard,debit
253608,00-99,,,mastercard,debit
253609,00-99,,,mastercard,debit
253610,00-99,,,mastercard,debit
253611,00-99,,,mastercard,debit
253612,00-99,,,mastercard,debit
253613,00-99,,,mastercard,debit
253614,00-99,,,mastercard,debit
253615,00-99,,,mastercard,debit
253616,00-99,,,mastercard,debit
253617,00-99,,,mastercard,debit
253618,00-99,,,mastercard,debit
253619,00-99,,,mastercard,debit
253620,00-99,,,mastercard,debit
253621,00-99,,,mastercard,debit
253622,00-99,,,mastercard,debit
253623,00-99,,,mastercard,debit
253624,00-99,,,mastercard,debit
253625,00-99,,,mastercard,debit
253626,00-99,,,mastercard,debit
253627,00-99,,,mastercard,debit
253628,00-99,,,mastercard,debit
253629,00-99,,,mastercard,debit
253630,00-99,,,mastercard,debit
253631,00-99,,,mastercard,debit
253632,00-99,,,mastercard,debit
253633,00-99,,,mastercard,debit
253634,00-99,,,mastercard,debit
253635,00-99,,,mastercard,debit
253636,00-99,,,mastercard,debit
253637,00-99,,,mastercard,debit
253638,00-99,,,mastercard,debit
253639,00-99,,,mastercard,debit
253640,00-99,,,mastercard,debit
253641,00-99,,,mastercard,debit
253642,00-99,,,mastercard,debit
253643,00-99,,,mastercard,debit
253644,00-99,,,mastercard,debit
253645,00-99,,,mastercard,debit
253646,00-99,,,mastercard,debit
253647,00-99,,,mastercard,debit
253648,00-99,,,mastercard,debit
253649,00-99,,,mastercard,debit
253650,00-99,,,mastercard,debit
253651,00-99,,,mastercard,debit
253652,00-99,,,mastercard,debit
253653,00-99,,,mastercard,debit
253654,00-99,,,mastercard,debit
253655,00-99,,,mastercard,debit
253656,00-99,,,mastercard,debit
253657,00-99,,,mastercard,debit
253658,00-99,,,mastercard,debit
253659,00-99,,,mastercard,debit
253660,00-99,,,mastercard,debit
253661,00-99,,,mastercard,debit
253662,00-99,,,mastercard,debit
253663,00-99,,,mastercard,debit
253664,00-99,,,mastercard,debit
253665,00-99,,,mastercard,debit
253666,00-99,,,mastercard,debit
253667,00-99,,,mastercard,debit
253668,00-99,,,mastercard,debit
253669,00-99,,,mastercard,debit
253670,00-99,,,mastercard,debit
253671,00-99,,,mastercard,debit
253672,00-99,,,mastercard,debit
253673,00-99,,,mastercard,debit
253674,00-99,,,mastercard,debit
253675,00-99,,,mastercard,debit
253676,00-99,,,mastercard,debit
253677,00-99,,,mastercard,debit
253678,00-99,,,mastercard,debit
253679,00-99,,,mastercard,debit
253680,00-99,,,mastercard,debit
253681,00-99,,,mastercard,debit
253682,00-99,,,mastercard,debit
253683,00-99,,,mastercard,debit
253684,00-99,,,mastercard,debit
253685,00-99,,,mastercard,debit
253686,00-99,,,mastercard,debit
253687,00-99,,,mastercard,debit
253688,00-99,,,mastercard,debit
253689,00-99,,,mastercard,debit
253690,00-99,,,mastercard,debit
253691,00-99,,,mastercard,debit
253692,00-99,,,mastercard,debit
253693,00-99,,,mastercard,debit
253694,00-99,,,mastercard,debit
253695,00-99,,,mastercard,debit
253696,00-99,,,mastercard,debit
253697,00-99,,,mastercard,debit
253698,00-99,,,mastercard,debit
253699,00-99,,,mastercard,debit
253700,00-99,,,mastercard,debit
253701,00-99,,,mastercard,debit
253702,00-99,,,mastercard,debit
253703,00-99,,,mastercard,debit
253704,00-99,,,mastercard,debit
253705,00-99,,,mastercard,debit
253706,00-99,,,mastercard,debit
253707,00-99,,,mastercard,debit
253708,00-99,,,mastercard,debit
253709,00-99,,,mastercard,debit
253710,00-99,,,mastercard,debit
253711,00-99,,,mastercard,debit
253712,00-99,,,mastercard,debit
253713,00-99,,,mastercard,debit
253714,00-99,,,mastercard,debit
253715,00-99,,,mastercard,debit
253716,00-99,,,mastercard,debit
253717,00-99,,,mastercard,debit
253718,00-99,,,mastercard,debit
253719,00-99,,,mastercard,debit
253720,00-99,,,mastercard,debit
253721,00-99,,,mastercard,debit
253722,00-99,,,mastercard,debit
253723,00-99,,,mastercard,debit
253724,00-99,,,mastercard,debit
253725,00-99,,,mastercard,debit
253726,00-99,,,mastercard,debit
253727,00-99,,,mastercard,debit
253728,00-99,,,mastercard,debit
253729,00-99,,,mastercard,debit
253730,00-99,,,mastercard,debit
253731,00-99,,,mastercard,debit
253732,00-99,,,mastercard,debit
253733,00-99,,,mastercard,debit
253734,00-99,,,mastercard,debit
253735,00-99,,,mastercard,debit
253736,00-99,,,mastercard,debit
253737,00-99,,,mastercard,debit
253738,00-99,,,mastercard,debit
253739,00-99,,,mastercard,debit
253740,00-99,,,mastercard,debit
253741,00-99,,,mastercard,debit
253742,00-99,,,mastercard,debit
253743,00-99,,,mastercard,debit
253744,00-99,,,mastercard,debit
253745,00-99,,,mastercard,debit
253746,00-99,,,mastercard,debit
253747,00-99,,,mastercard,debit
253748,00-99,,,mastercard,debit
253749,00-99,,,mastercard,debit
253750,00-99,,,mastercard,debit
253751,00-99,,,mastercard,debit
253752,00-99,,,mastercard,debit
253753,00-99,,,mastercard,debit
253754,00-99,,,mastercard,debit
253755,00-99,,,mastercard,debit
253756,00-99,,,mastercard,debit
253757,00-99,,,mastercard,debit
253758,00-99,,,mastercard,debit
253759,00-99,,,mastercard,debit
253760,00-99,,,mastercard,debit
253761,00-99,,,mastercard,debit
253762,00-99,,,mastercard,debit
253763,00-99,,,mastercard,debit
253764,00-99,,,mastercard,debit
253765,00-99,,,mastercard,debit
253766,00-99,,,mastercard,debit
253767,00-99,,,mastercard,debit
253768,00-99,,,mastercard,debit
253769,00-99,,,mastercard,debit
253770,00-99,,,mastercard,debit
253771,00-99,,,mastercard,debit
253772,00-99,,,mastercard,debit
253773,00-99,,,mastercard,debit
253774,00-99,,,mastercard,debit
253775,00-99,,,mastercard,debit
253776,00-99,,,mastercard,debit
253777,00-99,,,mastercard,debit
253778,00-99,,,mastercard,debit
253779,00-99,,,mastercard,debit
253780,00-99,,,mastercard,debit
253781,00-99,,,mastercard,debit
253782,00-99,,,mastercard,debit
253783,00-99,,,mastercard,debit
253784,00-99,,,mastercard,debit
253785,00-99,,,mastercard,debit
253786,00-99,,,mastercard,debit
253787,00-99,,,mastercard,debit
253788,00-99,,,mastercard,debit
253789,00-99,,,mastercard,debit
253790,00-99,,,mastercard,debit
253791,00-99,,,mastercard,debit
253792,00-99,,,mastercard,debit
253793,00-99,,,mastercard,debit
253794,00-99,,,mastercard,debit
253795,00-99,,,mastercard,debit
253796,00-99,,,mastercard,debit
253797,00-99,,,mastercard,debit
253798,00-99,,,mastercard,debit
253799,00-99,,,mastercard,debit
253800,00-99,,,mastercard,debit
253801,00-99,,,mastercard,debit
253802,00-99,,,mastercard,debit
253803,00-99,,,mastercard,debit
253804,00-99,,,mastercard,debit
253805,00-99,,,mastercard,debit
253806,00-99,,,mastercard,debit
253807,00-99,,,mastercard,debit
253808,00-99,,,mastercard,debit
253809,00-99,,,mastercard,debit
253810,00-99,,,mastercard,debit
253811,00-99,,,mastercard,debit
253812,00-99,,,mastercard,debit
253813,00-99,,,mastercard,debit
253814,00-99,,,mastercard,debit
253815,00-99,,,mastercard,debit
253816,00-99,,,mastercard,debit
253817,00-99,,,mastercard,debit
253818,00-99,,,mastercard,debit
253819,00-99,,,mastercard,debit
253820,00-99,,,mastercard,debit
253821,00-99,,,mastercard,debit
253822,00-99,,,mastercard,debit
253823,00-99,,,mastercard,debit
253824,00-99,,,mastercard,debit
253825,00-99,,,mastercard,debit
253826,00-99,,,mastercard,debit
253827,00-99,,,mastercard,debit
253828,00-99,,,mastercard,debit
253829,00-99,,,mastercard,debit
253830,00-99,,,mastercard,debit
253831,00-99,,,mastercard,debit
253832,00-99,,,mastercard,debit
253833,00-99,,,mastercard,debit
253834,00-99,,,mastercard,debit
253835,00-99,,,mastercard,debit
253836,00-99,,,mastercard,debit
253837,00-99,,,mastercard,debit
253838,00-99,,,mastercard,debit
253839,00-99,,,mastercard,debit
253840,00-99,,,mastercard,debit
253841,00-99,,,mastercard,debit
253842,00-99,,,mastercard,debit
253843,00-99,,,mastercard,debit
253844,00-99,,,mastercard,debit
253845,00-99,,,mastercard,debit
253846,00-99,,,mastercard,debit
253847,00-99,,,mastercard,debit
253848,00-99,,,mastercard,debit
253849,00-99,,,mastercard,debit
253850,00-99,,,mastercard,debit
253851,00-99,,,mastercard,debit
253852,00-99,,,mastercard,debit
253853,00-99,,,mastercard,debit
253854,00-99,,,mastercard,debit
253855,00-99,,,mastercard,debit
253856,00-99,,,mastercard,debit
253857,00-99,,,mastercard,debit
253858,00-99,,,mastercard,debit
253859,00-99,,,mastercard,debit
253860,00-99,,,mastercard,debit
253861,00-99,,,mastercard,debit
253862,00-99,,,mastercard,debit
253863,00-99,,,mastercard,debit
253864,00-99,,,mastercard,debit
253865,00-99,,,mastercard,debit
253866,00-99,,,mastercard,debit
253867,00-99,,,mastercard,debit
253868,00-99,,,mastercard,debit
253869,00-99,,,mastercard,debit
253870,00-99,,,mastercard,debit
253871,00-99,,,mastercard,debit
253872,00-99,,,mastercard,debit
253873,00-99,,,mastercard,debit
253874,00-99,,,mastercard,debit
253875,00-99,,,mastercard,debit
253876,00-99,,,mastercard,debit
253877,00-99,,,mastercard,debit
253878,00-99,,,mastercard,debit
253879,00-99,,,mastercard,debit
253880,00-99,,,mastercard,debit
253881,00-99,,,mastercard,debit
253882,00-99,,,mastercard,debit
253883,00-99,,,mastercard,debit
253884,00-99,,,mastercard,debit
253885,00-99,,,mastercard,debit
253886,00-99,,,mastercard,debit
253887,00-99,,,mastercard,debit
253888,00-99,,,mastercard,debit
253889,00-99,,,mastercard,debit
253890,00-99,,,mastercard,debit
253891,00-99,,,mastercard,debit
253892,00-99,,,mastercard,debit
253893,00-99,,,mastercard,debit
253894,00-99,,,mastercard,debit
253895,00-99,,,mastercard,debit
253896,00-99,,,mastercard,debit
253897,00-99,,,mastercard,debit
253898,00-99,,,mastercard,debit
253899,00-99,,,mastercard,debit
253900,00-99,,,mastercard,debit
253901,00-99,,,mastercard,debit
253902,00-99,,,mastercard,debit
253903,00-99,,,mastercard,debit
253904,00-99,,,mastercard,debit
253905,00-99,,,mastercard,debit
253906,00-99,,,mastercard,debit
253907,00-99,,,mastercard,debit
253908,00-99,,,mastercard,debit
253909,00-99,,,mastercard,debit
253910,00-99,,,mastercard,debit
253911,00-99,,,mastercard,debit
253912,00-99,,,mastercard,debit
253913,00-99,,,mastercard,debit
253914,00-99,,,mastercard,debit
253915,00-99,,,mastercard,debit
253916,00-99,,,mastercard,debit
253917,00-99,,,mastercard,debit
253918,00-99,,,mastercard,debit
253919,00-99,,,mastercard,debit
253920,00-99,,,mastercard,debit
253921,00-99,,,mastercard,debit
253922,00-99,,,mastercard,debit
253923,00-99,,,mastercard,debit
253924,00-99,,,mastercard,debit
253925,00-99,,,mastercard,debit
253926,00-99,,,mastercard,debit
253927,00-99,,,mastercard,debit
253928,00-99,,,mastercard,debit
253929,00-99,,,mastercard,debit
253930,00-99,,,mastercard,debit
253931,00-99,,,mastercard,debit
253932,00-99,,,mastercard,debit
253933,00-99,,,mastercard,debit
253934,00-99,,,mastercard,debit
253935,00-99,,,mastercard,debit
253936,00-99,,,mastercard,debit
253937,00-99,,,mastercard,debit
253938,00-99,,,mastercard,debit
253939,00-99,,,mastercard,debit
253940,00-99,,,mastercard,debit
253941,00-99,,,mastercard,debit
253942,00-99,,,mastercard,debit
253943,00-99,,,mastercard,debit
253944,00-99,,,mastercard,debit
253945,00-99,,,mastercard,debit
253946,00-99,,,mastercard,debit
253947,00-99,,,mastercard,debit
253948,00-99,,,mastercard,debit
253949,00-99,,,mastercard,debit
253950,00-99,,,mastercard,debit
253951,00-99,,,mastercard,debit
253952,00-99,,,mastercard,debit
253953,00-99,,,mastercard,debit
253954,00-99,,,mastercard,debit
253955,00-99,,,mastercard,debit
253956,00-99,,,mastercard,debit
253957,00-99,,,mastercard,debit
253958,00-99,,,mastercard,debit
253959,00-99,,,mastercard,debit
253960,00-99,,,mastercard,debit
253961,00-99,,,mastercard,debit
253962,00-99,,,mastercard,debit
253963,00-99,,,mastercard,debit
253964,00-99,,,mastercard,debit
253965,00-99,,,mastercard,debit
253966,00-99,,,mastercard,debit
253967,00-99,,,mastercard,debit
253968,00-99,,,mastercard,debit
253969,00-99,,,mastercard,debit
253970,00-99,,,mastercard,debit
253971,00-99,,,mastercard,debit
253972,00-99,,,mastercard,debit
253973,00-99,,,mastercard,debit
253974,00-99,,,mastercard,debit
253975,00-99,,,mastercard,debit
253976,00-99,,,mastercard,debit
253977,00-99,,,mastercard,debit
253978,00-99,,,mastercard,debit
253979,00-99,,,mastercard,debit
253980,00-99,,,mastercard,debit
253981,00-99,,,mastercard,debit
253982,00-99,,,mastercard,debit
253983,00-99,,,mastercard,debit
253984,00-99,,,mastercard,debit
253985,00-99,,,mastercard,debit
253986,00-99,,,mastercard,debit
253987,00-99,,,mastercard,debit
253988,00-99,,,mastercard,debit
253989,00-99,,,mastercard,debit
253990,00-99,,,mastercard,debit
253991,00-99,,,mastercard,debit
253992,00-99,,,mastercard,debit
253993,00-99,,,mastercard,debit
253994,00-99,,,mastercard,debit
253995,00-99,,,mastercard,debit
253996,00-99,,,mastercard,debit
253997,00-99,,,mastercard,debit
253998,00-99,,,mastercard,debit
253999,00-99,,,mastercard,debit
254000,00-99,,,mastercard,debit
254001,00-99,,,mastercard,debit
254002,00-99,,,mastercard,debit
254003,00-99,,,mastercard,debit
254004,00-99,,,mastercard,debit
254005,00-99,,,mastercard,debit
254006,00-99,,,mastercard,debit
254007,00-99,,,mastercard,debit
254008,00-99,,,mastercard,debit
254009,00-99,,,mastercard,debit
254010,00-99,,,mastercard,debit
254011,00-99,,,mastercard,debit
254012,00-99,,,mastercard,debit
254013,00-99,,,mastercard,debit
254014,00-99,,,mastercard,debit
254015,00-99,,,mastercard,debit
254016,00-99,,,mastercard,debit
254017,00-99,,,mastercard,debit
254018,00-99,,,mastercard,debit
254019,00-99,,,mastercard,debit
254020,00-99,,,mastercard,debit
254021,00-99,,,mastercard,debit
254022,00-99,,,mastercard,debit
254023,00-99,,,mastercard,debit
254024,00-99,,,mastercard,debit
254025,00-99,,,mastercard,debit
254026,00-99,,,mastercard,debit
254027,00-99,,,mastercard,debit
254028,00-99,,,mastercard,debit
254029,00-99,,,mastercard,debit
254030,00-99,,,mastercard,debit
254031,00-99,,,mastercard,debit
254032,00-99,,,mastercard,debit
254033,00-99,,,mastercard,debit
254034,00-99,,,mastercard,debit
254035,00-99,,,mastercard,debit
254036,00-99,,,mastercard,debit
254037,00-99,,,mastercard,debit
254038,00-99,,,mastercard,debit
254039,00-99,,,mastercard,debit
254040,00-99,,,mastercard,debit
254041,00-99,,,mastercard,debit
254042,00-99,,,mastercard,debit
254043,00-99,,,mastercard,debit
254044,00-99,,,mastercard,debit
254045,00-99,,,mastercard,debit
254046,00-99,,,mastercard,debit
254047,00-99,,,mastercard,debit
254048,00-99,,,mastercard,debit
254049,00-99,,,mastercard,debit
254050,00-99,,,mastercard,debit
254051,00-99,,,mastercard,debit
254052,00-99,,,mastercard,debit
254053,00-99,,,mastercard,debit
254054,00-99,,,mastercard,debit
254055,00-99,,,mastercard,debit
254056,00-99,,,mastercard,debit
254057,00-99,,,mastercard,debit
254058,00-99,,,mastercard,debit
254059,00-99,,,mastercard,debit
254060,00-99,,,mastercard,debit
254061,00-99,,,mastercard,debit
254062,00-99,,,mastercard,debit
254063,00-99,,,mastercard,debit
254064,00-99,,,mastercard,debit
254065,00-99,,,mastercard,debit
254066,00-99,,,mastercard,debit
254067,00-99,,,mastercard,debit
254068,00-99,,,mastercard,debit
254069,00-99,,,mastercard,debit
254070,00-99,,,mastercard,debit
254071,00-99,,,mastercard,debit
254072,00-99,,,mastercard,debit
254073,00-99,,,mastercard,debit
254074,00-99,,,mastercard,debit
254075,00-99,,,mastercard,debit
254076,00-99,,,mastercard,debit
254077,00-99,,,mastercard,debit
254078,00-99,,,mastercard,debit
254079,00-99,,,mastercard,debit
254080,00-99,,,mastercard,debit
254081,00-99,,,mastercard,debit
254082,00-99,,,mastercard,debit
254083,00-99,,,mastercard,debit
254084,00-99,,,mastercard,debit
254085,00-99,,,mastercard,debit
254086,00-99,,,mastercard,debit
254087,00-99,,,mastercard,debit
254088,00-99,,,mastercard,debit
254089,00-99,,,mastercard,debit
254090,00-99,,,mastercard,debit
254091,00-99,,,mastercard,debit
254092,00-99,,,mastercard,debit
254093,00-99,,,mastercard,debit
254094,00-99,,,mastercard,debit
254095,00-99,,,mastercard,debit
254096,00-99,,,mastercard,debit
254097,00-99,,,mastercard,debit
254098,00-99,,,mastercard,debit
254099,00-99,,,mastercard,debit
254100,00-99,,,mastercard,debit
254101,00-99,,,mastercard,debit
254102,00-99,,,mastercard,debit
254103,00-99,,,mastercard,debit
254104,00-99,,,mastercard,debit
254105,00-99,,,mastercard,debit
254106,00-99,,,mastercard,debit
254107,00-99,,,mastercard,debit
254108,00-99,,,mastercard,debit
254109,00-99,,,mastercard,debit
254110,00-99,,,mastercard,debit
254111,00-99,,,mastercard,debit
254112,00-99,,,mastercard,debit
254113,00-99,,,mastercard,debit
254114,00-99,,,mastercard,debit
254115,00-99,,,mastercard,debit
254116,00-99,,,mastercard,debit
254117,00-99,,,mastercard,debit
254118,00-99,,,mastercard,debit
254119,00-99,,,mastercard,debit
254120,00-99,,,mastercard,debit
254121,00-99,,,mastercard,debit
254122,00-99,,,mastercard,debit
254123,00-99,,,mastercard,debit
254124,00-99,,,mastercard,debit
254125,00-99,,,mastercard,debit
254126,00-99,,,mastercard,debit
254127,00-99,,,mastercard,debit
254128,00-99,,,mastercard,debit
254129,00-99,,,mastercard,debit
254130,00-99,,,mastercard,debit
254131,00-99,,,mastercard,debit
254132,00-99,,,mastercard,debit
254133,00-99,,,mastercard,debit
254134,00-99,,,mastercard,debit
254135,00-99,,,mastercard,debit
254136,00-99,,,mastercard,debit
254137,00-99,,,mastercard,debit
254138,00-99,,,mastercard,debit
254139,00-99,,,mastercard,debit
254140,00-99,,,mastercard,debit
254141,00-99,,,mastercard,debit
254142,00-99,,,mastercard,debit
254143,00-99,,,mastercard,debit
254144,00-99,,,mastercard,debit
254145,00-99,,,mastercard,debit
254146,00-99,,,mastercard,debit
254147,00-99,,,mastercard,debit
254148,00-99,,,mastercard,debit
254149,00-99,,,mastercard,debit
254150,00-99,,,mastercard,debit
254151,00-99,,,mastercard,debit
254152,00-99,,,mastercard,debit
254153,00-99,,,mastercard,debit
254154,00-99,,,mastercard,debit
254155,00-99,,,mastercard,debit
254156,00-99,,,mastercard,debit
254157,00-99,,,mastercard,debit
254158,00-99,,,mastercard,debit
254159,00-99,,,mastercard,debit
254160,00-99,,,mastercard,debit
254161,00-99,,,mastercard,debit
254162,00-99,,,mastercard,debit
254163,00-99,,,mastercard,debit
254164,00-99,,,mastercard,debit
254165,00-99,,,mastercard,debit
254166,00-99,,,mastercard,debit
254167,00-99,,,mastercard,debit
254168,00-99,,,mastercard,debit
254169,00-99,,,mastercard,debit
254170,00-99,,,mastercard,debit
254171,00-99,,,mastercard,debit
254172,00-99,,,mastercard,debit
254173,00-99,,,mastercard,debit
254174,00-99,,,mastercard,debit
254175,00-99,,,mastercard,debit
254176,00-99,,,mastercard,debit
254177,00-99,,,mastercard,debit
254178,00-99,,,mastercard,debit
254179,00-99,,,mastercard,debit
254180,00-99,,,mastercard,debit
254181,00-99,,,mastercard,debit
254182,00-99,,,mastercard,debit
254183,00-99,,,mastercard,debit
254184,00-99,,,mastercard,debit
254185,00-99,,,mastercard,debit
254186,00-99,,,mastercard,debit
254187,00-99,,,mastercard,debit
254188,00-99,,,mastercard,debit
254189,00-99,,,mastercard,debit
254190,00-99,,,mastercard,debit
254191,00-99,,,mastercard,debit
254192,00-99,,,mastercard,debit
254193,00-99,,,mastercard,debit
254194,00-99,,,mastercard,debit
254195,00-99,,,mastercard,debit
254196,00-99,,,mastercard,debit
254197,00-99,,,mastercard,debit
254198,00-99,,,mastercard,debit
254199,00-99,,,mastercard,debit
254200,00-99,,,mastercard,debit
254201,00-99,,,mastercard,debit
254202,00-99,,,mastercard,debit
254203,00-99,,,mastercard,debit
254204,00-99,,,mastercard,debit
254205,00-99,,,mastercard,debit
254206,00-99,,,mastercard,debit
254207,00-99,,,mastercard,debit
254208,00-99,,,mastercard,debit
254209,00-99,,,mastercard,debit
254210,00-99,,,mastercard,debit
254211,00-99,,,mastercard,debit
254212,00-99,,,mastercard,debit
254213,00-99,,,mastercard,debit
254214,00-99,,,mastercard,debit
254215,00-99,,,mastercard,debit
254216,00-99,,,mastercard,debit
254217,00-99,,,mastercard,debit
254218,00-99,,,mastercard,debit
254219,00-99,,,mastercard,debit
254220,00-99,,,mastercard,debit
254221,00-99,,,mastercard,debit
254222,00-99,,,mastercard,debit
254223,00-99,,,mastercard,debit
254224,00-99,,,mastercard,debit
254225,00-99,,,mastercard,debit
254226,00-99,,,mastercard,debit
254227,00-99,,,mastercard,debit
254228,00-99,,,mastercard,debit
254229,00-99,,,mastercard,debit
254230,00-99,,,mastercard,debit
254231,00-99,,,mastercard,debit
254232,00-99,,,mastercard,debit
254233,00-99,,,mastercard,debit
254234,00-99,,,mastercard,debit
254235,00-99,,,mastercard,debit
254236,00-99,,,mastercard,debit
254237,00-99,,,mastercard,debit
254238,00-99,,,mastercard,debit
254239,00-99,,,mastercard,debit
254240,00-99,,,mastercard,debit
254241,00-99,,,mastercard,debit
254242,00-99,,,mastercard,debit
254243,00-99,,,mastercard,debit
254244,00-99,,,mastercard,debit
254245,00-99,,,mastercard,debit
254246,00-99,,,mastercard,debit
254247,00-99,,,mastercard,debit
254248,00-99,,,mastercard,debit
254249,00-99,,,mastercard,debit
254250,00-99,,,mastercard,debit
254251,00-99,,,mastercard,debit
254252,00-99,,,mastercard,debit
254253,00-99,,,mastercard,debit
254254,00-99,,,mastercard,debit
254255,00-99,,,mastercard,debit
254256,00-99,,,mastercard,debit
254257,00-99,,,mastercard,debit
254258,00-99,,,mastercard,debit
254259,00-99,,,mastercard,debit
254260,00-99,,,mastercard,debit
254261,00-99,,,mastercard,debit
254262,00-99,,,mastercard,debit
254263,00-99,,,mastercard,debit
254264,00-99,,,mastercard,debit
254265,00-99,,,mastercard,debit
254266,00-99,,,mastercard,debit
254267,00-99,,,mastercard,debit
254268,00-99,,,mastercard,debit
254269,00-99,,,mastercard,debit
254270,00-99,,,mastercard,debit
254271,00-99,,,mastercard,debit
254272,00-99,,,mastercard,debit
254273,00-99,,,mastercard,debit
254274,00-99,,,mastercard,debit
254275,00-99,,,mastercard,debit
254276,00-99,,,mastercard,debit
254277,00-99,,,mastercard,debit
254278,00-99,,,mastercard,debit
254279,00-99,,,mastercard,debit
254280,00-99,,,mastercard,debit
254281,00-99,,,mastercard,debit
254282,00-99,,,mastercard,debit
254283,00-99,,,mastercard,debit
254284,00-99,,,mastercard,debit
254285,00-99,,,mastercard,debit
254286,00-99,,,mastercard,debit
254287,00-99,,,mastercard,debit
254288,00-99,,,mastercard,debit
254289,00-99,,,mastercard,debit
254290,00-99,,,mastercard,debit
254291,00-99,,,mastercard,debit
254292,00-99,,,mastercard,debit
254293,00-99,,,mastercard,debit
254294,00-99,,,mastercard,debit
254295,00-99,,,mastercard,debit
254296,00-99,,,mastercard,debit
254297,00-99,,,mastercard,debit
254298,00-99,,,mastercard,debit
254299,00-99,,,mastercard,debit
254300,00-99,,,mastercard,debit
254301,00-99,,,mastercard,debit
254302,00-99,,,mastercard,debit
254303,00-99,,,mastercard,debit
254304,00-99,,,mastercard,debit
254305,00-99,,,mastercard,debit
254306,00-99,,,mastercard,debit
254307,00-99,,,mastercard,debit
254308,00-99,,,mastercard,debit
254309,00-99,,,mastercard,debit
254310,00-99,,,mastercard,debit
254311,00-99,,,mastercard,debit
254312,00-99,,,mastercard,debit
254313,00-99,,,mastercard,debit
254314,00-99,,,mastercard,debit
254315,00-99,,,mastercard,debit
254316,00-99,,,mastercard,debit
254317,00-99,,,mastercard,debit
254318,00-99,,,mastercard,debit
254319,00-99,,,mastercard,debit
254320,00-99,,,mastercard,debit
254321,00-99,,,mastercard,debit
254322,00-99,,,mastercard,debit
254323,00-99,,,mastercard,debit
254324,00-99,,,mastercard,debit
254325,00-99,,,mastercard,debit
254326,00-99,,,mastercard,debit
254327,00-99,,,mastercard,debit
254328,00-99,,,mastercard,debit
254329,00-99,,,mastercard,debit
254330,00-99,,,mastercard,debit
254331,00-99,,,mastercard,debit
254332,00-99,,,mastercard,debit
254333,00-99,,,mastercard,debit
254334,00-99,,,mastercard,debit
254335,00-99,,,mastercard,debit
254336,00-99,,,mastercard,debit
254337,00-99,,,mastercard,debit
254338,00-99,,,mastercard,debit
254339,00-99,,,mastercard,debit
254340,00-99,,,mastercard,debit
254341,00-99,,,mastercard,debit
254342,00-99,,,mastercard,debit
254343,00-99,,,mastercard,debit
254344,00-99,,,mastercard,debit
254345,00-99,,,mastercard,debit
254346,00-99,,,mastercard,debit
254347,00-99,,,mastercard,debit
254348,00-99,,,mastercard,debit
254349,00-99,,,mastercard,debit
254350,00-99,,,mastercard,debit
254351,00-99,,,mastercard,debit
254352,00-99,,,mastercard,debit
254353,00-99,,,mastercard,debit
254354,00-99,,,mastercard,debit
254355,00-99,,,mastercard,debit
254356,00-99,,,mastercard,debit
254357,00-99,,,mastercard,debit
254358,00-99,,,mastercard,debit
254359,00-99,,,mastercard,debit
254360,00-99,,,mastercard,debit
254361,00-99,,,mastercard,debit
254362,00-99,,,mastercard,debit
254363,00-99,,,mastercard,debit
254364,00-99,,,mastercard,debit
254365,00-99,,,mastercard,debit
254366,00-99,,,mastercard,debit
254367,00-99,,,mastercard,debit
254368,00-99,,,mastercard,debit
254369,00-99,,,mastercard,debit
254370,00-99,,,mastercard,debit
254371,00-99,,,mastercard,debit
254372,00-99,,,mastercard,debit
254373,00-99,,,mastercard,debit
254374,00-99,,,mastercard,debit
254375,00-99,,,mastercard,debit
254376,00-99,,,mastercard,debit
254377,00-99,,,mastercard,debit
254378,00-99,,,mastercard,debit
254379,00-99,,,mastercard,debit
254380,00-99,,,mastercard,debit
254381,00-99,,,mastercard,debit
254382,00-99,,,mastercard,debit
254383,00-99,,,mastercard,debit
254384,00-99,,,mastercard,debit
254385,00-99,,,mastercard,debit
254386,00-99,,,mastercard,debit
254387,00-99,,,mastercard,debit
254388,00-99,,,mastercard,debit
254389,00-99,,,mastercard,debit
254390,00-99,,,mastercard,debit
254391,00-99,,,mastercard,debit
254392,00-99,,,mastercard,debit
254393,00-99,,,mastercard,debit
254394,00-99,,,mastercard,debit
254395,00-99,,,mastercard,debit
254396,00-99,,,mastercard,debit
254397,00-99,,,mastercard,debit
254398,00-99,,,mastercard,debit
254399,00-99,,,mastercard,debit
254400,00-99,,,mastercard,debit
254401,00-99,,,mastercard,debit
254402,00-99,,,mastercard,debit
254403,00-99,,,mastercard,debit
254404,00-99,,,mastercard,debit
254405,00-99,,,mastercard,debit
254406,00-99,,,mastercard,debit
254407,00-99,,,mastercard,debit
254408,00-99,,,mastercard,debit
254409,00-99,,,mastercard,debit
254410,00-99,,,mastercard,debit
254411,00-99,,,mastercard,debit
254412,00-99,,,mastercard,debit
254413,00-99,,,mastercard,debit
254414,00-99,,,mastercard,debit
254415,00-99,,,mastercard,debit
254416,00-99,,,mastercard,debit
254417,00-99,,,mastercard,debit
254418,00-99,,,mastercard,debit
254419,00-99,,,mastercard,debit
254420,00-99,,,mastercard,debit
254421,00-99,,,mastercard,debit
254422,00-99,,,mastercard,debit
254423,00-99,,,mastercard,debit
254424,00-99,,,mastercard,debit
254425,00-99,,,mastercard,debit
254426,00-99,,,mastercard,debit
254427,00-99,,,mastercard,debit
254428,00-99,,,mastercard,debit
254429,00-99,,,mastercard,debit
254430,00-99,,,mastercard,debit
254431,00-99,,,mastercard,debit
254432,00-99,,,mastercard,debit
254433,00-99,,,mastercard,debit
254434,00-99,,,mastercard,debit
254435,00-99,,,mastercard,debit
254436,00-99,,,mastercard,debit
254437,00-99,,,mastercard,debit
254438,00-99,,,mastercard,debit
254439,00-99,,,mastercard,debit
254440,00-99,,,mastercard,debit
254441,00-99,,,mastercard,debit
254442,00-99,,,mastercard,debit
254443,00-99,,,mastercard,debit
254444,00-99,,,mastercard,debit
254445,00-99,,,mastercard,debit
254446,00-99,,,mastercard,debit
254447,00-99,,,mastercard,debit
254448,00-99,,,mastercard,debit
254449,00-99,,,mastercard,debit
254450,00-99,,,mastercard,debit
254451,00-99,,,mastercard,debit
254452,00-99,,,mastercard,debit
254453,00-99,,,mastercard,debit
254454,00-99,,,mastercard,debit
254455,00-99,,,mastercard,debit
254456,00-99,,,mastercard,debit
254457,00-99,,,mastercard,debit
254458,00-99,,,mastercard,debit
254459,00-99,,,mastercard,debit
254460,00-99,,,mastercard,debit
254461,00-99,,,mastercard,debit
254462,00-99,,,mastercard,debit
254463,00-99,,,mastercard,debit
254464,00-99,,,mastercard,debit
254465,00-99,,,mastercard,debit
254466,00-99,,,mastercard,debit
254467,00-99,,,mastercard,debit
254468,00-99,,,mastercard,debit
254469,00-99,,,mastercard,debit
254470,00-99,,,mastercard,debit
254471,00-99,,,mastercard,debit
254472,00-99,,,mastercard,debit
254473,00-99,,,mastercard,debit
254474,00-99,,,mastercard,debit
254475,00-99,,,mastercard,debit
254476,00-99,,,mastercard,debit
254477,00-99,,,mastercard,debit
254478,00-99,,,mastercard,debit
254479,00-99,,,mastercard,debit
254480,00-99,,,mastercard,debit
254481,00-99,,,mastercard,debit
254482,00-99,,,mastercard,debit
254483,00-99,,,mastercard,debit
254484,00-99,,,mastercard,debit
254485,00-99,,,mastercard,debit
254486,00-99,,,mastercard,debit
254487,00-99,,,mastercard,debit
254488,00-99,,,mastercard,debit
254489,00-99,,,mastercard,debit
254490,00-99,,,mastercard,debit
254491,00-99,,,mastercard,debit
254492,00-99,,,mastercard,debit
254493,00-99,,,mastercard,debit
254494,00-99,,,mastercard,debit
254495,00-99,,,mastercard,debit
254496,00-99,,,mastercard,debit
254497,00-99,,,mastercard,debit
254498,00-99,,,mastercard,debit
254499,00-99,,,mastercard,debit
254500,00-99,,,mastercard,debit
254501,00-99,,,mastercard,debit
254502,00-99,,,mastercard,debit
254503,00-99,,,mastercard,debit
254504,00-99,,,mastercard,debit
254505,00-99,,,mastercard,debit
254506,00-99,,,mastercard,debit
254507,00-99,,,mastercard,debit
254508,00-99,,,mastercard,debit
254509,00-99,,,mastercard,debit
254510,00-99,,,mastercard,debit
254511,00-99,,,mastercard,debit
254512,00-99,,,mastercard,debit
254513,00-99,,,mastercard,debit
254514,00-99,,,mastercard,debit
254515,00-99,,,mastercard,debit
254516,00-99,,,mastercard,debit
254517,00-99,,,mastercard,debit
254518,00-99,,,mastercard,debit
254519,00-99,,,mastercard,debit
254520,00-99,,,mastercard,debit
254521,00-99,,,mastercard,debit
254522,00-99,,,mastercard,debit
254523,00-99,,,mastercard,debit
254524,00-99,,,mastercard,debit
254525,00-99,,,mastercard,debit
254526,00-99,,,mastercard,debit
254527,00-99,,,mastercard,debit
254528,00-99,,,mastercard,debit
254529,00-99,,,mastercard,debit
254530,00-99,,,mastercard,debit
254531,00-99,,,mastercard,debit
254532,00-99,,,mastercard,debit
254533,00-99,,,mastercard,debit
254534,00-99,,,mastercard,debit
254535,00-99,,,mastercard,debit
254536,00-99,,,mastercard,debit
254537,00-99,,,mastercard,debit
254538,00-99,,,mastercard,debit
254539,00-99,,,mastercard,debit
254540,00-99,,,mastercard,debit
254541,00-99,,,mastercard,debit
254542,00-99,,,mastercard,debit
254543,00-99,,,mastercard,debit
254544,00-99,,,mastercard,debit
254545,00-99,,,mastercard,debit
254546,00-99,,,mastercard,debit
254547,00-99,,,mastercard,debit
254548,00-99,,,mastercard,debit
254549,00-99,,,mastercard,debit
254550,00-99,,,mastercard,debit
254551,00-99,,,mastercard,debit
254552,00-99,,,mastercard,debit
254553,00-99,,,mastercard,debit
254554,00-99,,,mastercard,debit
254555,00-99,,,mastercard,debit
254556,00-99,,,mastercard,debit
254557,00-99,,,mastercard,debit
254558,00-99,,,mastercard,debit
254559,00-99,,,mastercard,debit
254560,00-99,,,mastercard,debit
254561,00-99,,,mastercard,debit
254562,00-99,,,mastercard,debit
254563,00-99,,,mastercard,debit
254564,00-99,,,mastercard,debit
254565,00-99,,,mastercard,debit
254566,00-99,,,mastercard,debit
254567,00-99,,,mastercard,debit
254568,00-99,,,mastercard,debit
254569,00-99,,,mastercard,debit
254570,00-99,,,mastercard,debit
254571,00-99,,,mastercard,debit
254572,00-99,,,mastercard,debit
254573,00-99,,,mastercard,debit
254574,00-99,,,mastercard,debit
254575,00-99,,,mastercard,debit
254576,00-99,,,mastercard,debit
254577,00-99,,,mastercard,debit
254578,00-99,,,mastercard,debit
254579,00-99,,,mastercard,debit
254580,00-99,,,mastercard,debit
254581,00-99,,,mastercard,debit
254582,00-99,,,mastercard,debit
254583,00-99,,,mastercard,debit
254584,00-99,,,mastercard,debit
254585,00-99,,,mastercard,debit
254586,00-99,,,mastercard,debit
254587,00-99,,,mastercard,debit
254588,00-99,,,mastercard,debit
254589,00-99,,,mastercard,debit
254590,00-99,,,mastercard,debit
254591,00-99,,,mastercard,debit
254592,00-99,,,mastercard,debit
254593,00-99,,,mastercard,debit
254594,00-99,,,mastercard,debit
254595,00-99,,,mastercard,debit
254596,00-99,,,mastercard,debit
254597,00-99,,,mastercard,debit
254598,00-99,,,mastercard,debit
254599,00-99,,,mastercard,debit
254600,00-99,,,mastercard,debit
254601,00-99,,,mastercard,debit
254602,00-99,,,mastercard,debit
254603,00-99,,,mastercard,debit
254604,00-99,,,mastercard,debit
254605,00-99,,,mastercard,debit
254606,00-99,,,mastercard,debit
254607,00-99,,,mastercard,debit
254608,00-99,,,mastercard,debit
254609,00-99,,,mastercard,debit
254610,00-99,,,mastercard,debit
254611,00-99,,,mastercard,debit
254612,00-99,,,mastercard,debit
254613,00-99,,,mastercard,debit
254614,00-99,,,mastercard,debit
254615,00-99,,,mastercard,debit
254616,00-99,,,mastercard,debit
254617,00-99,,,mastercard,debit
254618,00-99,,,mastercard,debit
254619,00-99,,,mastercard,debit
254620,00-99,,,mastercard,debit
254621,00-99,,,mastercard,debit
254622,00-99,,,mastercard,debit
254623,00-99,,,mastercard,debit
254624,00-99,,,mastercard,debit
254625,00-99,,,mastercard,debit
254626,00-99,,,mastercard,debit
254627,00-99,,,mastercard,debit
254628,00-99,,,mastercard,debit
254629,00-99,,,mastercard,debit
254630,00-99,,,mastercard,debit
254631,00-99,,,mastercard,debit
254632,00-99,,,mastercard,debit
254633,00-99,,,mastercard,debit
254634,00-99,,,mastercard,debit
254635,00-99,,,mastercard,debit
254636,00-99,,,mastercard,debit
254637,00-99,,,mastercard,debit
254638,00-99,,,mastercard,debit
254639,00-99,,,mastercard,debit
254640,00-99,,,mastercard,debit
254641,00-99,,,mastercard,debit
254642,00-99,,,mastercard,debit
254643,00-99,,,mastercard,debit
254644,00-99,,,mastercard,debit
254645,00-99,,,mastercard,debit
254646,00-99,,,mastercard,debit
254647,00-99,,,mastercard,debit
254648,00-99,,,mastercard,debit
254649,00-99,,,mastercard,debit
254650,00-99,,,mastercard,debit
254651,00-99,,,mastercard,debit
254652,00-99,,,mastercard,debit
254653,00-99,,,mastercard,debit
254654,00-99,,,mastercard,debit
254655,00-99,,,mastercard,debit
254656,00-99,,,mastercard,debit
254657,00-99,,,mastercard,debit
254658,00-99,,,mastercard,debit
254659,00-99,,,mastercard,debit
254660,00-99,,,mastercard,debit
254661,00-99,,,mastercard,debit
254662,00-99,,,mastercard,debit
254663,00-99,,,mastercard,debit
254664,00-99,,,mastercard,debit
254665,00-99,,,mastercard,debit
254666,00-99,,,mastercard,debit
254667,00-99,,,mastercard,debit
254668,00-99,,,mastercard,debit
254669,00-99,,,mastercard,debit
254670,00-99,,,mastercard,debit
254671,00-99,,,mastercard,debit
254672,00-99,,,mastercard,debit
254673,00-99,,,mastercard,debit
254674,00-99,,,mastercard,debit
254675,00-99,,,mastercard,debit
254676,00-99,,,mastercard,debit
254677,00-99,,,mastercard,debit
254678,00-99,,,mastercard,debit
254679,00-99,,,mastercard,debit
254680,00-99,,,mastercard,debit
254681,00-99,,,mastercard,debit
254682,00-99,,,mastercard,debit
254683,00-99,,,mastercard,debit
254684,00-99,,,mastercard,debit
254685,00-99,,,mastercard,debit
254686,00-99,,,mastercard,debit
254687,00-99,,,mastercard,debit
254688,00-99,,,mastercard,debit
254689,00-99,,,mastercard,debit
254690,00-99,,,mastercard,debit
254691,00-99,,,mastercard,debit
254692,00-99,,,mastercard,debit
254693,00-99,,,mastercard,debit
254694,00-99,,,mastercard,debit
254695,00-99,,,mastercard,debit
254696,00-99,,,mastercard,debit
254697,00-99,,,mastercard,debit
254698,00-99,,,mastercard,debit
254699,00-99,,,mastercard,debit
254700,00-99,,,mastercard,debit
254701,00-99,,,mastercard,debit
254702,00-99,,,mastercard,debit
254703,00-99,,,mastercard,debit
254704,00-99,,,mastercard,debit
254705,00-99,,,mastercard,debit
254706,00-99,,,mastercard,debit
254707,00-99,,,mastercard,debit
254708,00-99,,,mastercard,debit
254709,00-99,,,mastercard,debit
254710,00-99,,,mastercard,debit
254711,00-99,,,mastercard,debit
254712,00-99,,,mastercard,debit
254713,00-99,,,mastercard,debit
254714,00-99,,,mastercard,debit
254715,00-99,,,mastercard,debit
254716,00-99,,,mastercard,debit
254717,00-99,,,mastercard,debit
254718,00-99,,,mastercard,debit
254719,00-99,,,mastercard,debit
254720,00-99,,,mastercard,debit
254721,00-99,,,mastercard,debit
254722,00-99,,,mastercard,debit
254723,00-99,,,mastercard,debit
254724,00-99,,,mastercard,debit
254725,00-99,,,mastercard,debit
254726,00-99,,,mastercard,debit
254727,00-99,,,mastercard,debit
254728,00-99,,,mastercard,debit
254729,00-99,,,mastercard,debit
254730,00-99,,,mastercard,debit
254731,00-99,,,mastercard,debit
254732,00-99,,,mastercard,debit
254733,00-99,,,mastercard,debit
254734,00-99,,,mastercard,debit
254735,00-99,,,mastercard,debit
254736,00-99,,,mastercard,debit
254737,00-99,,,mastercard,debit
254738,00-99,,,mastercard,debit
254739,00-99,,,mastercard,debit
254740,00-99,,,mastercard,debit
254741,00-99,,,mastercard,debit
254742,00-99,,,mastercard,debit
254743,00-99,,,mastercard,debit
254744,00-99,,,mastercard,debit
254745,00-99,,,mastercard,debit
254746,00-99,,,mastercard,debit
254747,00-99,,,mastercard,debit
254748,00-99,,,mastercard,debit
254749,00-99,,,mastercard,debit
254750,00-99,,,mastercard,debit
254751,00-99,,,mastercard,debit
254752,00-99,,,mastercard,debit
254753,00-99,,,mastercard,debit
254754,00-99,,,mastercard,debit
254755,00-99,,,mastercard,debit
254756,00-99,,,mastercard,debit
254757,00-99,,,mastercard,debit
254758,00-99,,,mastercard,debit
254759,00-99,,,mastercard,debit
254760,00-99,,,mastercard,debit
254761,00-99,,,mastercard,debit
254762,00-99,,,mastercard,debit
254763,00-99,,,mastercard,debit
254764,00-99,,,mastercard,debit
254765,00-99,,,mastercard,debit
254766,00-99,,,mastercard,debit
254767,00-99,,,mastercard,debit
254768,00-99,,,mastercard,debit
254769,00-99,,,mastercard,debit
254770,00-99,,,mastercard,debit
254771,00-99,,,mastercard,debit
254772,00-99,,,mastercard,debit
254773,00-99,,,mastercard,debit
254774,00-99,,,mastercard,debit
254775,00-99,,,mastercard,debit
254776,00-99,,,mastercard,debit
254777,00-99,,,mastercard,debit
254778,00-99,,,mastercard,debit
254779,00-99,,,mastercard,debit
254780,00-99,,,mastercard,debit
254781,00-99,,,mastercard,debit
254782,00-99,,,mastercard,debit
254783,00-99,,,mastercard,debit
254784,00-99,,,mastercard,debit
254785,00-99,,,mastercard,debit
254786,00-99,,,mastercard,debit
254787,00-99,,,mastercard,debit
254788,00-99,,,mastercard,debit
254789,00-99,,,mastercard,debit
254790,00-99,,,mastercard,debit
254791,00-99,,,mastercard,debit
254792,00-99,,,mastercard,debit
254793,00-99,,,mastercard,debit
254794,00-99,,,mastercard,debit
254795,00-99,,,mastercard,debit
254796,00-99,,,mastercard,debit
254797,00-99,,,mastercard,debit
254798,00-99,,,mastercard,debit
254799,00-99,,,mastercard,debit
254800,00-99,,,mastercard,debit
254801,00-99,,,mastercard,debit
254802,00-99,,,mastercard,debit
254803,00-99,,,mastercard,debit
254804,00-99,,,mastercard,debit
254805,00-99,,,mastercard,debit
254806,00-99,,,mastercard,debit
254807,00-99,,,mastercard,debit
254808,00-99,,,mastercard,debit
254809,00-99,,,mastercard,debit
254810,00-99,,,mastercard,debit
254811,00-99,,,mastercard,debit
254812,00-99,,,mastercard,debit
254813,00-99,,,mastercard,debit
254814,00-99,,,mastercard,debit
254815,00-99,,,mastercard,debit
254816,00-99,,,mastercard,debit
254817,00-99,,,mastercard,debit
254818,00-99,,,mastercard,debit
254819,00-99,,,mastercard,debit
254820,00-99,,,mastercard,debit
254821,00-99,,,mastercard,debit
254822,00-99,,,mastercard,debit
254823,00-99,,,mastercard,debit
254824,00-99,,,mastercard,debit
254825,00-99,,,mastercard,debit
254826,00-99,,,mastercard,debit
254827,00-99,,,mastercard,debit
254828,00-99,,,mastercard,debit
254829,00-99,,,mastercard,debit
254830,00-99,,,mastercard,debit
254831,00-99,,,mastercard,debit
254832,00-99,,,mastercard,debit
254833,00-99,,,mastercard,debit
254834,00-99,,,mastercard,debit
254835,00-99,,,mastercard,debit
254836,00-99,,,mastercard,debit
254837,00-99,,,mastercard,debit
254838,00-99,,,mastercard,debit
254839,00-99,,,mastercard,debit
254840,00-99,,,mastercard,debit
254841,00-99,,,mastercard,debit
254842,00-99,,,mastercard,debit
254843,00-99,,,mastercard,debit
254844,00-99,,,mastercard,debit
254845,00-99,,,mastercard,debit
254846,00-99,,,mastercard,debit
254847,00-99,,,mastercard,debit
254848,00-99,,,mastercard,debit
254849,00-99,,,mastercard,debit
254850,00-99,,,mastercard,debit
254851,00-99,,,mastercard,debit
254852,00-99,,,mastercard,debit
254853,00-99,,,mastercard,debit
254854,00-99,,,mastercard,debit
254855,00-99,,,mastercard,debit
254856,00-99,,,mastercard,debit
254857,00-99,,,mastercard,debit
254858,00-99,,,mastercard,debit
254859,00-99,,,mastercard,debit
254860,00-99,,,mastercard,debit
254861,00-99,,,mastercard,debit
254862,00-99,,,mastercard,debit
254863,00-99,,,mastercard,debit
254864,00-99,,,mastercard,debit
254865,00-99,,,mastercard,debit
254866,00-99,,,mastercard,debit
254867,00-99,,,mastercard,debit
254868,00-99,,,mastercard,debit
254869,00-99,,,mastercard,debit
254870,00-99,,,mastercard,debit
254871,00-99,,,mastercard,debit
254872,00-99,,,mastercard,debit
254873,00-99,,,mastercard,debit
254874,00-99,,,mastercard,debit
254875,00-99,,,mastercard,debit
254876,00-99,,,mastercard,debit
254877,00-99,,,mastercard,debit
254878,00-99,,,mastercard,debit
254879,00-99,,,mastercard,debit
254880,00-99,,,mastercard,debit
254881,00-99,,,mastercard,debit
254882,00-99,,,mastercard,debit
254883,00-99,,,mastercard,debit
254884,00-99,,,mastercard,debit
254885,00-99,,,mastercard,debit
254886,00-99,,,mastercard,debit
254887,00-99,,,mastercard,debit
254888,00-99,,,mastercard,debit
254889,00-99,,,mastercard,debit
254890,00-99,,,mastercard,debit
254891,00-99,,,mastercard,debit
254892,00-99,,,mastercard,debit
254893,00-99,,,mastercard,debit
254894,00-99,,,mastercard,debit
254895,00-99,,,mastercard,debit
254896,00-99,,,mastercard,debit
254897,00-99,,,mastercard,debit
254898,00-99,,,mastercard,debit
254899,00-99,,,mastercard,debit
254900,00-99,,,mastercard,debit
254901,00-99,,,mastercard,debit
254902,00-99,,,mastercard,debit
254903,00-99,,,mastercard,debit
254904,00-99,,,mastercard,debit
254905,00-99,,,mastercard,debit
254906,00-99,,,mastercard,debit
254907,00-99,,,mastercard,debit
254908,00-99,,,mastercard,debit
254909,00-99,,,mastercard,debit
254910,00-99,,,mastercard,debit
254911,00-99,,,mastercard,debit
254912,00-99,,,mastercard,debit
254913,00-99,,,mastercard,debit
254914,00-99,,,mastercard,debit
254915,00-99,,,mastercard,debit
254916,00-99,,,mastercard,debit
254917,00-99,,,mastercard,debit
254918,00-99,,,mastercard,debit
254919,00-99,,,mastercard,debit
254920,00-99,,,mastercard,debit
254921,00-99,,,mastercard,debit
254922,00-99,,,mastercard,debit
254923,00-99,,,mastercard,debit
254924,00-99,,,mastercard,debit
254925,00-99,,,mastercard,debit
254926,00-99,,,mastercard,debit
254927,00-99,,,mastercard,debit
254928,00-99,,,mastercard,debit
254929,00-99,,,mastercard,debit
254930,00-99,,,mastercard,debit
254931,00-99,,,mastercard,debit
254932,00-99,,,mastercard,debit
254933,00-99,,,mastercard,debit
254934,00-99,,,mastercard,debit
254935,00-99,,,mastercard,debit
254936,00-99,,,mastercard,debit
254937,00-99,,,mastercard,debit
254938,00-99,,,mastercard,debit
254939,00-99,,,mastercard,debit
254940,00-99,,,mastercard,debit
254941,00-99,,,mastercard,debit
254942,00-99,,,mastercard,debit
254943,00-99,,,mastercard,debit
254944,00-99,,,mastercard,debit
254945,00-99,,,mastercard,debit
254946,00-99,,,mastercard,debit
254947,00-99,,,mastercard,debit
254948,00-99,,,mastercard,debit
254949,00-99,,,mastercard,debit
254950,00-99,,,mastercard,debit
254951,00-99,,,mastercard,debit
254952,00-99,,,mastercard,debit
254953,00-99,,,mastercard,debit
254954,00-99,,,mastercard,debit
254955,00-99,,,mastercard,debit
254956,00-99,,,mastercard,debit
254957,00-99,,,mastercard,debit
254958,00-99,,,mastercard,debit
254959,00-99,,,mastercard,debit
254960,00-99,,,mastercard,debit
254961,00-99,,,mastercard,debit
254962,00-99,,,mastercard,debit
254963,00-99,,,mastercard,debit
254964,00-99,,,mastercard,debit
254965,00-99,,,mastercard,debit
254966,00-99,,,mastercard,debit
254967,00-99,,,mastercard,debit
254968,00-99,,,mastercard,debit
254969,00-99,,,mastercard,debit
254970,00-99,,,mastercard,debit
254971,00-99,,,mastercard,debit
254972,00-99,,,mastercard,debit
254973,00-99,,,mastercard,debit
254974,00-99,,,mastercard,debit
254975,00-99,,,mastercard,debit
254976,00-99,,,mastercard,debit
254977,00-99,,,mastercard,debit
254978,00-99,,,mastercard,debit
254979,00-99,,,mastercard,debit
254980,00-99,,,mastercard,debit
254981,00-99,,,mastercard,debit
254982,00-99,,,mastercard,debit
254983,00-99,,,mastercard,debit
254984,00-99,,,mastercard,debit
254985,00-99,,,mastercard,debit
254986,00-99,,,mastercard,debit
254987,00-99,,,mastercard,debit
254988,00-99,,,mastercard,debit
254989,00-99,,,mastercard,debit
254990,00-99,,,mastercard,debit
254991,00-99,,,mastercard,debit
254992,00-99,,,mastercard,debit
254993,00-99,,,mastercard,debit
254994,00-99,,,mastercard,debit
254995,00-99,,,mastercard,debit
254996,00-99,,,mastercard,debit
254997,00-99,,,mastercard,debit
254998,00-99,,,mastercard,debit
254999,00-99,,,mastercard,debit
255000,00-99,CARDNPAY LTD.,TC,mastercard,credit
255001,00-99,,,mastercard,debit
255002,00-99,,,mastercard,debit
255003,00-99,,,mastercard,debit
255004,00-99,,,mastercard,debit
255005,00-99,,,mastercard,debit
255006,00-99,,,mastercard,debit
255007,00-99,,,mastercard,debit
255008,00-99,,,mastercard,debit
255009,00-99,,,mastercard,debit
255010,00-99,,,mastercard,debit
255011,00-99,,,mastercard,debit
255012,00-99,,,mastercard,debit
255013,00-99,,,mastercard,debit
255014,00-99,,,mastercard,debit
255015,00-99,,,mastercard,debit
255016,00-99,,,mastercard,debit
255017,00-99,,,mastercard,debit
255018,00-99,,,mastercard,debit
255019,00-99,,,mastercard,debit
255020,00-99,,,mastercard,debit
255021,00-99,,,mastercard,debit
255022,00-99,,,mastercard,debit
255023,00-99,,,mastercard,debit
255024,00-99,,,mastercard,debit
255025,00-99,,,mastercard,debit
255026,00-99,,,mastercard,debit
255027,00-99,,,mastercard,debit
255028,00-99,,,mastercard,debit
255029,00-99,,,mastercard,debit
255030,00-99,,,mastercard,debit
255031,00-99,,,mastercard,debit
255032,00-99,,,mastercard,debit
255033,00-99,,,mastercard,debit
255034,00-99,,,mastercard,debit
255035,00-99,,,mastercard,debit
255036,00-99,,,mastercard,debit
255037,00-99,,,mastercard,debit
255038,00-99,,,mastercard,debit
255039,00-99,,,mastercard,debit
255040,00-99,,,mastercard,debit
255041,00-99,,,mastercard,debit
255042,00-99,,,mastercard,debit
255043,00-99,,,mastercard,debit
255044,00-99,,,mastercard,debit
255045,00-99,,,mastercard,debit
255046,00-99,,,mastercard,debit
255047,00-99,,,mastercard,debit
255048,00-99,,,mastercard,debit
255049,00-99,,,mastercard,debit
255050,00-99,,,mastercard,debit
255051,00-99,,,mastercard,debit
255052,00-99,,,mastercard,debit
255053,00-99,,,mastercard,debit
255054,00-99,,,mastercard,debit
255055,00-99,,,mastercard,debit
255056,00-99,,,mastercard,debit
255057,00-99,,,mastercard,debit
255058,00-99,,,mastercard,debit
255059,00-99,,,mastercard,debit
255060,00-99,,,mastercard,debit
255061,00-99,,,mastercard,debit
255062,00-99,,,mastercard,debit
255063,00-99,,,mastercard,debit
255064,00-99,,,mastercard,debit
255065,00-99,,,mastercard,debit
255066,00-99,,,mastercard,debit
255067,00-99,,,mastercard,debit
255068,00-99,,,mastercard,debit
255069,00-99,,,mastercard,debit
255070,00-99,,,mastercard,debit
255071,00-99,,,mastercard,debit
255072,00-99,,,mastercard,debit
255073,00-99,,,mastercard,debit
255074,00-99,,,mastercard,debit
255075,00-99,,,mastercard,debit
255076,00-99,,,mastercard,debit
255077,00-99,,,mastercard,debit
255078,00-99,,,mastercard,debit
255079,00-99,,,mastercard,debit
255080,00-99,,,mastercard,debit
255081,00-99,,,mastercard,debit
255082,00-99,,,mastercard,debit
255083,00-99,,,mastercard,debit
255084,00-99,,,mastercard,debit
255085,00-99,,,mastercard,debit
255086,00-99,,,mastercard,debit
255087,00-99,,,mastercard,debit
255088,00-99,,,mastercard,debit
255089,00-99,,,mastercard,debit
255090,00-99,,,mastercard,debit
255091,00-99,,,mastercard,debit
255092,00-99,,,mastercard,debit
255093,00-99,,,mastercard,debit
255094,00-99,,,mastercard,debit
255095,00-99,,,mastercard,debit
255096,00-99,,,mastercard,debit
255097,00-99,,,mastercard,debit
255098,00-99,,,mastercard,debit
255099,00-99,,,mastercard,debit
255100,00-99,,,mastercard,debit
255101,00-99,,,mastercard,debit
255102,00-99,,,mastercard,debit
255103,00-99,,,mastercard,debit
255104,00-99,,,mastercard,debit
255105,00-99,,,mastercard,debit
255106,00-99,,,mastercard,debit
255107,00-99,,,mastercard,debit
255108,00-99,,,mastercard,debit
255109,00-99,,,mastercard,debit
255110,00-99,,,mastercard,debit
255111,00-99,,,mastercard,debit
255112,00-99,,,mastercard,debit
255113,00-99,,,mastercard,debit
255114,00-99,,,mastercard,debit
255115,00-99,,,mastercard,debit
255116,00-99,,,mastercard,debit
255117,00-99,,,mastercard,debit
255118,00-99,,,mastercard,debit
255119,00-99,,,mastercard,debit
255120,00-99,,,mastercard,debit
255121,00-99,,,mastercard,debit
255122,00-99,,,mastercard,debit
255123,00-99,,,mastercard,debit
255124,00-99,,,mastercard,debit
255125,00-99,,,mastercard,debit
255126,00-99,,,mastercard,debit
255127,00-99,,,mastercard,debit
255128,00-99,,,mastercard,debit
255129,00-99,,,mastercard,debit
255130,00-99,,,mastercard,debit
255131,00-99,,,mastercard,debit
255132,00-99,,,mastercard,debit
255133,00-99,,,mastercard,debit
255134,00-99,,,mastercard,debit
255135,00-99,,,mastercard,debit
255136,00-99,,,mastercard,debit
255137,00-99,,,mastercard,debit
255138,00-99,,,mastercard,debit
255139,00-99,,,mastercard,debit
255140,00-99,,,mastercard,debit
255141,00-99,,,mastercard,debit
255142,00-99,,,mastercard,debit
255143,00-99,,,mastercard,debit
255144,00-99,,,mastercard,debit
255145,00-99,,,mastercard,debit
255146,00-99,,,mastercard,debit
255147,00-99,BANCA AFIRME S.A.,MX,mastercard,credit
255148,00-99,,,mastercard,debit
255149,00-99,,,mastercard,debit
255150,00-99,,,mastercard,debit
255151,00-99,,,mastercard,debit
255152,00-99,,,mastercard,debit
255153,00-99,,,mastercard,debit
255154,00-99,,,mastercard,debit
255155,00-99,,,mastercard,debit
255156,00-99,,,mastercard,debit
255157,00-99,,,mastercard,debit
255158,00-99,,,mastercard,debit
255159,00-99,,,mastercard,debit
255160,00-99,,,mastercard,debit
255161,00-99,,,mastercard,debit
255162,00-99,,,mastercard,debit
255163,00-99,,,mastercard,debit
255164,00-99,,,mastercard,debit
255165,00-99,,,mastercard,debit
255166,00-99,,,mastercard,debit
255167,00-99,,,mastercard,debit
255168,00-99,,,mastercard,debit
255169,00-99,,,mastercard,debit
255170,00-99,,,mastercard,debit
255171,00-99,,,mastercard,debit
255172,00-99,,,mastercard,debit
255173,00-99,,,mastercard,debit
255174,00-99,,,mastercard,debit
255175,00-99,,,mastercard,debit
255176,00-99,,,mastercard,debit
255177,00-99,,,mastercard,debit
255178,00-99,,,mastercard,debit
255179,00-99,,,mastercard,debit
255180,00-99,,,mastercard,debit
255181,00-99,,,mastercard,debit
255182,00-99,,,mastercard,debit
255183,00-99,,,mastercard,debit
255184,00-99,,,mastercard,debit
255185,00-99,,,mastercard,debit
255186,00-99,,,mastercard,debit
255187,00-99,,,mastercard,debit
255188,00-99,,,mastercard,debit
255189,00-99,,,mastercard,debit
255190,00-99,,,mastercard,debit
255191,00-99,,,mastercard,debit
255192,00-99,,,mastercard,debit
255193,00-99,,,mastercard,debit
255194,00-99,,,mastercard,debit
255195,00-99,,,mastercard,debit
255196,00-99,,,mastercard,debit
255197,00-99,,,mastercard,debit
255198,00-99,,,mastercard,debit
255199,00-99,,,mastercard,debit
255200,00-99,,,mastercard,debit
255201,00-99,,,mastercard,debit
255202,00-99,,,mastercard,debit
255203,00-99,,,mastercard,debit
255204,00-99,,,mastercard,debit
255205,00-99,,,mastercard,debit
255206,00-99,,,mastercard,debit
255207,00-99,,,mastercard,debit
255208,00-99,,,mastercard,debit
255209,00-99,,,mastercard,debit
255210,00-99,,,mastercard,debit
255211,00-99,,,mastercard,debit
255212,00-99,,,mastercard,debit
255213,00-99,,,mastercard,debit
255214,00-99,,,mastercard,debit
255215,00-99,,,mastercard,debit
255216,00-99,,,mastercard,debit
255217,00-99,,,mastercard,debit
255218,00-99,,,mastercard,debit
255219,00-99,,,mastercard,debit
255220,00-99,,,mastercard,debit
255221,00-99,,,mastercard,debit
255222,00-99,,,mastercard,debit
255223,00-99,,,mastercard,debit
255224,00-99,,,mastercard,debit
255225,00-99,,,mastercard,debit
255226,00-99,,,mastercard,debit
255227,00-99,,,mastercard,debit
255228,00-99,,,mastercard,debit
255229,00-99,,,mastercard,debit
255230,00-99,,,mastercard,debit
255231,00-99,,,mastercard,debit
255232,00-99,,,mastercard,debit
255233,00-99,,,mastercard,debit
255234,00-99,,,mastercard,debit
255235,00-99,,,mastercard,debit
255236,00-99,,,mastercard,debit
255237,00-99,,,mastercard,debit
255238,00-99,,,mastercard,debit
255239,00-99,,,mastercard,debit
255240,00-99,,,mastercard,debit
255241,00-99,,,mastercard,debit
255242,00-99,,,mastercard,debit
255243,00-99,,,mastercard,debit
255244,00-99,,,mastercard,debit
255245,00-99,,,mastercard,debit
255246,00-99,,,mastercard,debit
255247,00-99,,,mastercard,debit
255248,00-99,,,mastercard,debit
255249,00-99,,,mastercard,debit
255250,00-99,,,mastercard,debit
255251,00-99,,,mastercard,debit
255252,00-99,,,mastercard,debit
255253,00-99,,,mastercard,debit
255254,00-99,,,mastercard,debit
255255,00-99,,,mastercard,debit
255256,00-99,,,mastercard,debit
255257,00-99,,,mastercard,debit
255258,00-99,,,mastercard,debit
255259,00-99,,,mastercard,debit
255260,00-99,,,mastercard,debit
255261,00-99,,,mastercard,debit
255262,00-99,,,mastercard,debit
255263,00-99,,,mastercard,debit
255264,00-99,,,mastercard,debit
255265,00-99,,,mastercard,debit
255266,00-99,,,mastercard,debit
255267,00-99,,,mastercard,debit
255268,00-99,,,mastercard,debit
255269,00-99,,,mastercard,debit
255270,00-99,,,mastercard,debit
255271,00-99,,,mastercard,debit
255272,00-99,,,mastercard,debit
255273,00-99,,,mastercard,debit
255274,00-99,,,mastercard,debit
255275,00-99,,,mastercard,debit
255276,00-99,,,mastercard,debit
255277,00-99,,,mastercard,debit
255278,00-99,,,mastercard,debit
255279,00-99,,,mastercard,debit
255280,00-99,,,mastercard,debit
255281,00-99,,,mastercard,debit
255282,00-99,,,mastercard,debit
255283,00-99,,,mastercard,debit
255284,00-99,,,mastercard,debit
255285,00-99,,,mastercard,debit
255286,00-99,,,mastercard,debit
255287,00-99,,,mastercard,debit
255288,00-99,,,mastercard,debit
255289,00-99,,,mastercard,debit
255290,00-99,,,mastercard,debit
255291,00-99,,,mastercard,debit
255292,00-99,,,mastercard,debit
255293,00-99,,,mastercard,debit
255294,00-99,,,mastercard,debit
255295,00-99,,,mastercard,debit
255296,00-99,,,mastercard,debit
255297,00-99,,,mastercard,debit
255298,00-99,,,mastercard,debit
255299,00-99,,,mastercard,debit
255300,00-99,,,mastercard,debit
255301,00-99,,,mastercard,debit
255302,00-99,,,mastercard,debit
255303,00-99,,,mastercard,debit
255304,00-99,,,mastercard,debit
255305,00-99,,,mastercard,debit
255306,00-99,,,mastercard,debit
255307,00-99,,,mastercard,debit
255308,00-99,,,mastercard,debit
255309,00-99,,,mastercard,debit
255310,00-99,,,mastercard,debit
255311,00-99,,,mastercard,debit
255312,00-99,,,mastercard,debit
255313,00-99,,,mastercard,debit
255314,00-99,,,mastercard,debit
255315,00-99,,,mastercard,debit
255316,00-99,,,mastercard,debit
255317,00-99,,,mastercard,debit
255318,00-99,,,mastercard,debit
255319,00-99,,,mastercard,debit
255320,00-99,,,mastercard,debit
255321,00-99,,,mastercard,debit
255322,00-99,,,mastercard,debit
255323,00-99,,,mastercard,debit
255324,00-99,,,mastercard,debit
255325,00-99,,,mastercard,debit
255326,00-99,,,mastercard,debit
255327,00-99,,,mastercard,debit
255328,00-99,,,mastercard,debit
255329,00-99,,,mastercard,debit
255330,00-99,,,mastercard,debit
255331,00-99,,,mastercard,debit
255332,00-99,,,mastercard,debit
255333,00-99,,,mastercard,debit
255334,00-99,,,mastercard,debit
255335,00-99,,,mastercard,debit
255336,00-99,,,mastercard,debit
255337,00-99,,,mastercard,debit
255338,00-99,,,mastercard,debit
255339,00-99,,,mastercard,debit
255340,00-99,,,mastercard,debit
255341,00-99,,,mastercard,debit
255342,00-99,,,mastercard,debit
255343,00-99,,,mastercard,debit
255344,00-99,,,mastercard,debit
255345,00-99,,,mastercard,debit
255346,00-99,,,mastercard,debit
255347,00-99,,,mastercard,debit
255348,00-99,,,mastercard,debit
255349,00-99,,,mastercard,debit
255350,00-99,,,mastercard,debit
255351,00-99,,,mastercard,debit
255352,00-99,,,mastercard,debit
255353,00-99,,,mastercard,debit
255354,00-99,,,mastercard,debit
255355,00-99,,,mastercard,debit
255356,00-99,,,mastercard,debit
255357,00-99,,,mastercard,debit
255358,00-99,,,mastercard,debit
255359,00-99,,,mastercard,debit
255360,00-99,,,mastercard,debit
255361,00-99,,,mastercard,debit
255362,00-99,,,mastercard,debit
255363,00-99,,,mastercard,debit
255364,00-99,,,mastercard,debit
255365,00-99,,,mastercard,debit
255366,00-99,,,mastercard,debit
255367,00-99,,,mastercard,debit
255368,00-99,,,mastercard,debit
255369,00-99,,,mastercard,debit
255370,00-99,,,mastercard,debit
255371,00-99,,,mastercard,debit
255372,00-99,,,mastercard,debit
255373,00-99,,,mastercard,debit
255374,00-99,,,mastercard,debit
255375,00-99,,,mastercard,debit
255376,00-99,,,mastercard,debit
255377,00-99,,,mastercard,debit
255378,00-99,,,mastercard,debit
255379,00-99,,,mastercard,debit
255380,00-99,,,mastercard,debit
255381,00-99,,,mastercard,debit
255382,00-99,,,mastercard,debit
255383,00-99,,,mastercard,debit
255384,00-99,,,mastercard,debit
255385,00-99,,,mastercard,debit
255386,00-99,,,mastercard,debit
255387,00-99,,,mastercard,debit
255388,00-99,,,mastercard,debit
255389,00-99,,,mastercard,debit
255390,00-99,,,mastercard,debit
255391,00-99,,,mastercard,debit
255392,00-99,,,mastercard,debit
255393,00-99,,,mastercard,debit
255394,00-99,,,mastercard,debit
255395,00-99,,,mastercard,debit
255396,00-99,,,mastercard,debit
255397,00-99,,,mastercard,debit
255398,00-99,,,mastercard,debit
255399,00-99,,,mastercard,debit
255400,00-99,,,mastercard,debit
255401,00-99,,,mastercard,debit
255402,00-99,,,mastercard,debit
255403,00-99,,,mastercard,debit
255404,00-99,,,mastercard,debit
255405,00-99,,,mastercard,debit
255406,00-99,,,mastercard,debit
255407,00-99,,,mastercard,debit
255408,00-99,,,mastercard,debit
255409,00-99,,,mastercard,debit
255410,00-99,,,mastercard,debit
255411,00-99,,,mastercard,debit
255412,00-99,,,mastercard,debit
255413,00-99,,,mastercard,debit
255414,00-99,,,mastercard,debit
255415,00-99,,,mastercard,debit
255416,00-99,,,mastercard,debit
255417,00-99,,,mastercard,debit
255418,00-99,,,mastercard,debit
255419,00-99,,,mastercard,debit
255420,00-99,,,mastercard,debit
255421,00-99,,,mastercard,debit
255422,00-99,,,mastercard,debit
255423,00-99,,,mastercard,debit
255424,00-99,,,mastercard,debit
255425,00-99,,,mastercard,debit
255426,00-99,,,mastercard,debit
255427,00-99,,,mastercard,debit
255428,00-99,,,mastercard,debit
255429,00-99,,,mastercard,debit
255430,00-99,,,mastercard,debit
255431,00-99,,,mastercard,debit
255432,00-99,,,mastercard,debit
255433,00-99,,,mastercard,debit
255434,00-99,,,mastercard,debit
255435,00-99,,,mastercard,debit
255436,00-99,,,mastercard,debit
255437,00-99,,,mastercard,debit
255438,00-99,,,mastercard,debit
255439,00-99,,,mastercard,debit
255440,00-99,,,mastercard,debit
255441,00-99,,,mastercard,debit
255442,00-99,,,mastercard,debit
255443,00-99,,,mastercard,debit
255444,00-99,,,mastercard,debit
255445,00-99,,,mastercard,debit
255446,00-99,,,mastercard,debit
255447,00-99,,,mastercard,debit
255448,00-99,,,mastercard,debit
255449,00-99,,,mastercard,debit
255450,00-99,,,mastercard,debit
255451,00-99,,,mastercard,debit
255452,00-99,,,mastercard,debit
255453,00-99,,,mastercard,debit
255454,00-99,,,mastercard,debit
255455,00-99,,,mastercard,debit
255456,00-99,,,mastercard,debit
255457,00-99,,,mastercard,debit
255458,00-99,,,mastercard,debit
255459,00-99,,,mastercard,debit
255460,00-99,,,mastercard,debit
255461,00-99,,,mastercard,debit
255462,00-99,,,mastercard,debit
255463,00-99,,,mastercard,debit
255464,00-99,,,mastercard,debit
255465,00-99,,,mastercard,debit
255466,00-99,,,mastercard,debit
255467,00-99,,,mastercard,debit
255468,00-99,,,mastercard,debit
255469,00-99,,,mastercard,debit
255470,00-99,,,mastercard,debit
255471,00-99,,,mastercard,debit
255472,00-99,,,mastercard,debit
255473,00-99,,,mastercard,debit
255474,00-99,,,mastercard,debit
255475,00-99,,,mastercard,debit
255476,00-99,,,mastercard,debit
255477,00-99,,,mastercard,debit
255478,00-99,,,mastercard,debit
255479,00-99,,,mastercard,debit
255480,00-99,,,mastercard,debit
255481,00-99,,,mastercard,debit
255482,00-99,,,mastercard,debit
255483,00-99,,,mastercard,debit
255484,00-99,,,mastercard,debit
255485,00-99,,,mastercard,debit
255486,00-99,,,mastercard,debit
255487,00-99,,,mastercard,debit
255488,00-99,,,mastercard,debit
255489,00-99,,,mastercard,debit
255490,00-99,,,mastercard,debit
255491,00-99,,,mastercard,debit
255492,00-99,,,mastercard,debit
255493,00-99,,,mastercard,debit
255494,00-99,,,mastercard,debit
255495,00-99,,,mastercard,debit
255496,00-99,,,mastercard,debit
255497,00-99,,,mastercard,debit
255498,00-99,,,mastercard,debit
255499,00-99,,,mastercard,debit
255500,00-99,,,mastercard,debit
255501,00-99,,,mastercard,debit
255502,00-99,,,mastercard,debit
255503,00-99,,,mastercard,debit
255504,00-99,,,mastercard,debit
255505,00-99,,,mastercard,debit
255506,00-99,,,mastercard,debit
255507,00-99,,,mastercard,debit
255508,00-99,,,mastercard,debit
255509,00-99,,,mastercard,debit
255510,00-99,,,mastercard,debit
255511,00-99,,,mastercard,debit
255512,00-99,,,mastercard,debit
255513,00-99,,,mastercard,debit
255514,00-99,,,mastercard,debit
255515,00-99,,,mastercard,debit
255516,00-99,,,mastercard,debit
255517,00-99,,,mastercard,debit
255518,00-99,,,mastercard,debit
255519,00-99,,,mastercard,debit
255520,00-99,,,mastercard,debit
255521,00-99,,,mastercard,debit
255522,00-99,,,mastercard,debit
255523,00-99,,,mastercard,debit
255524,00-99,,,mastercard,debit
255525,00-99,,,mastercard,debit
255526,00-99,,,mastercard,debit
255527,00-99,,,mastercard,debit
255528,00-99,,,mastercard,debit
255529,00-99,,,mastercard,debit
255530,00-99,,,mastercard,debit
255531,00-99,,,mastercard,debit
255532,00-99,,,mastercard,debit
255533,00-99,,,mastercard,debit
255534,00-99,,,mastercard,debit
255535,00-99,,,mastercard,debit
255536,00-99,,,mastercard,debit
255537,00-99,,,mastercard,debit
255538,00-99,,,mastercard,debit
255539,00-99,,,mastercard,debit
255540,00-99,,,mastercard,debit
255541,00-99,,,mastercard,debit
255542,00-99,,,mastercard,debit
255543,00-99,,,mastercard,debit
255544,00-99,,,mastercard,debit
255545,00-99,,,mastercard,debit
255546,00-99,,,mastercard,debit
255547,00-99,,,mastercard,debit
255548,00-99,,,mastercard,debit
255549,00-99,,,mastercard,debit
255550,00-99,,,mastercard,debit
255551,00-99,,,mastercard,debit
255552,00-99,,,mastercard,debit
255553,00-99,,,mastercard,debit
255554,00-99,,,mastercard,debit
255555,00-99,,,mastercard,debit
255556,00-99,,,mastercard,debit
255557,00-99,,,mastercard,debit
255558,00-99,,,mastercard,debit
255559,00-99,,,mastercard,debit
255560,00-99,,,mastercard,debit
255561,00-99,,,mastercard,debit
255562,00-99,,,mastercard,debit
255563,00-99,,,mastercard,debit
255564,00-99,,,mastercard,debit
255565,00-99,,,mastercard,debit
255566,00-99,,,mastercard,debit
255567,00-99,,,mastercard,debit
255568,00-99,,,mastercard,debit
255569,00-99,,,mastercard,debit
255570,00-99,,,mastercard,debit
255571,00-99,,,mastercard,debit
255572,00-99,,,mastercard,debit
255573,00-99,,,mastercard,debit
255574,00-99,,,mastercard,debit
255575,00-99,,,mastercard,debit
255576,00-99,,,mastercard,debit
255577,00-99,,,mastercard,debit
255578,00-99,,,mastercard,debit
255579,00-99,,,mastercard,debit
255580,00-99,,,mastercard,debit
255581,00-99,,,mastercard,debit
255582,00-99,,,mastercard,debit
255583,00-99,,,mastercard,debit
255584,00-99,,,mastercard,debit
255585,00-99,,,mastercard,debit
255586,00-99,,,mastercard,debit
255587,00-99,,,mastercard,debit
255588,00-99,,,mastercard,debit
255589,00-99,,,mastercard,debit
255590,00-99,,,mastercard,debit
255591,00-99,,,mastercard,debit
255592,00-99,,,mastercard,debit
255593,00-99,,,mastercard,debit
255594,00-99,,,mastercard,debit
255595,00-99,,,mastercard,debit
255596,00-99,,,mastercard,debit
255597,00-99,,,mastercard,debit
255598,00-99,,,mastercard,debit
255599,00-99,,,mastercard,debit
255600,00-99,,,mastercard,debit
255601,00-99,,,mastercard,debit
255602,00-99,,,mastercard,debit
255603,00-99,,,mastercard,debit
255604,00-99,,,mastercard,debit
255605,00-99,,,mastercard,debit
255606,00-99,,,mastercard,debit
255607,00-99,,,mastercard,debit
255608,00-99,,,mastercard,debit
255609,00-99,,,mastercard,debit
255610,00-99,,,mastercard,debit
255611,00-99,,,mastercard,debit
255612,00-99,,,mastercard,debit
255613,00-99,,,mastercard,debit
255614,00-99,,,mastercard,debit
255615,00-99,,,mastercard,debit
255616,00-99,,,mastercard,debit
255617,00-99,,,mastercard,debit
255618,00-99,,,mastercard,debit
255619,00-99,,,mastercard,debit
255620,00-99,,,mastercard,debit
255621,00-99,,,mastercard,debit
255622,00-99,,,mastercard,debit
255623,00-99,,,mastercard,debit
255624,00-99,,,mastercard,debit
255625,00-99,,,mastercard,debit
255626,00-99,,,mastercard,debit
255627,00-99,,,mastercard,debit
255628,00-99,,,mastercard,debit
255629,00-99,,,mastercard,debit
255630,00-99,,,mastercard,debit
255631,00-99,,,mastercard,debit
255632,00-99,,,mastercard,debit
255633,00-99,,,mastercard,debit
255634,00-99,,,mastercard,debit
255635,00-99,,,mastercard,debit
255636,00-99,,,mastercard,debit
255637,00-99,,,mastercard,debit
255638,00-99,,,mastercard,debit
255639,00-99,,,mastercard,debit
255640,00-99,,,mastercard,debit
255641,00-99,,,mastercard,debit
255642,00-99,,,mastercard,debit
255643,00-99,,,mastercard,debit
255644,00-99,,,mastercard,debit
255645,00-99,,,mastercard,debit
255646,00-99,,,mastercard,debit
255647,00-99,,,mastercard,debit
255648,00-99,,,mastercard,debit
255649,00-99,,,mastercard,debit
255650,00-99,,,mastercard,debit
255651,00-99,,,mastercard,debit
255652,00-99,,,mastercard,debit
255653,00-99,,,mastercard,debit
255654,00-99,,,mastercard,debit
255655,00-99,,,mastercard,debit
255656,00-99,,,mastercard,debit
255657,00-99,,,mastercard,debit
255658,00-99,,,mastercard,debit
255659,00-99,,,mastercard,debit
255660,00-99,,,mastercard,debit
255661,00-99,,,mastercard,debit
255662,00-99,,,mastercard,debit
255663,00-99,,,mastercard,debit
255664,00-99,,,mastercard,debit
255665,00-99,,,mastercard,debit
255666,00-99,,,mastercard,debit
255667,00-99,,,mastercard,debit
255668,00-99,,,mastercard,debit
255669,00-99,,,mastercard,debit
255670,00-99,,,mastercard,debit
255671,00-99,,,mastercard,debit
255672,00-99,,,mastercard,debit
255673,00-99,,,mastercard,debit
255674,00-99,,,mastercard,debit
255675,00-99,,,mastercard,debit
255676,00-99,,,mastercard,debit
255677,00-99,,,mastercard,debit
255678,00-99,,,mastercard,debit
255679,00-99,,,mastercard,debit
255680,00-99,,,mastercard,debit
255681,00-99,,,mastercard,debit
255682,00-99,,,mastercard,debit
255683,00-99,,,mastercard,debit
255684,00-99,,,mastercard,debit
255685,00-99,,,mastercard,debit
255686,00-99,,,mastercard,debit
255687,00-99,,,mastercard,debit
255688,00-99,,,mastercard,debit
255689,00-99,,,mastercard,debit
255690,00-99,,,mastercard,debit
255691,00-99,,,mastercard,debit
255692,00-99,,,mastercard,debit
255693,00-99,,,mastercard,debit
255694,00-99,,,mastercard,debit
255695,00-99,,,mastercard,debit
255696,00-99,,,mastercard,debit
255697,00-99,,,mastercard,debit
255698,00-99,,,mastercard,debit
255699,00-99,,,mastercard,debit
255700,00-99,,,mastercard,debit
255701,00-99,,,mastercard,debit
255702,00-99,,,mastercard,debit
255703,00-99,,,mastercard,debit
255704,00-99,,,mastercard,debit
255705,00-99,,,mastercard,debit
255706,00-99,,,mastercard,debit
255707,00-99,,,mastercard,debit
255708,00-99,,,mastercard,debit
255709,00-99,,,mastercard,debit
255710,00-99,,,mastercard,debit
255711,00-99,,,mastercard,debit
255712,00-99,,,mastercard,debit
255713,00-99,,,mastercard,debit
255714,00-99,,,mastercard,debit
255715,00-99,,,mastercard,debit
255716,00-99,,,mastercard,debit
255717,00-99,,,mastercard,debit
255718,00-99,,,mastercard,debit
255719,00-99,,,mastercard,debit
255720,00-99,,,mastercard,debit
255721,00-99,,,mastercard,debit
255722,00-99,,,mastercard,debit
255723,00-99,,,mastercard,debit
255724,00-99,,,mastercard,debit
255725,00-99,,,mastercard,debit
255726,00-99,,,mastercard,debit
255727,00-99,,,mastercard,debit
255728,00-99,,,mastercard,debit
255729,00-99,,,mastercard,debit
255730,00-99,,,mastercard,debit
255731,00-99,,,mastercard,debit
255732,00-99,,,mastercard,debit
255733,00-99,,,mastercard,debit
255734,00-99,,,mastercard,debit
255735,00-99,,,mastercard,debit
255736,00-99,,,mastercard,debit
255737,00-99,,,mastercard,debit
255738,00-99,,,mastercard,debit
255739,00-99,,,mastercard,debit
255740,00-99,,,mastercard,debit
255741,00-99,,,mastercard,debit
255742,00-99,,,mastercard,debit
255743,00-99,,,mastercard,debit
255744,00-99,,,mastercard,debit
255745,00-99,,,mastercard,debit
255746,00-99,,,mastercard,debit
255747,00-99,,,mastercard,debit
255748,00-99,,,mastercard,debit
255749,00-99,,,mastercard,debit
255750,00-99,,,mastercard,debit
255751,00-99,,,mastercard,debit
255752,00-99,,,mastercard,debit
255753,00-99,,,mastercard,debit
255754,00-99,,,mastercard,debit
255755,00-99,,,mastercard,debit
255756,00-99,,,mastercard,debit
255757,00-99,,,mastercard,debit
255758,00-99,,,mastercard,debit
255759,00-99,,,mastercard,debit
255760,00-99,,,mastercard,debit
255761,00-99,,,mastercard,debit
255762,00-99,,,mastercard,debit
255763,00-99,,,mastercard,debit
255764,00-99,,,mastercard,debit
255765,00-99,,,mastercard,debit
255766,00-99,,,mastercard,debit
255767,00-99,,,mastercard,debit
255768,00-99,,,mastercard,debit
255769,00-99,,,mastercard,debit
255770,00-99,,,mastercard,debit
255771,00-99,,,mastercard,debit
255772,00-99,,,mastercard,debit
255773,00-99,,,mastercard,debit
255774,00-99,,,mastercard,debit
255775,00-99,,,mastercard,debit
255776,00-99,,,mastercard,debit
255777,00-99,,,mastercard,debit
255778,00-99,,,mastercard,debit
255779,00-99,,,mastercard,debit
255780,00-99,,,mastercard,debit
255781,00-99,,,mastercard,debit
255782,00-99,,,mastercard,debit
255783,00-99,,,mastercard,debit
255784,00-99,,,mastercard,debit
255785,00-99,,,mastercard,debit
255786,00-99,,,mastercard,debit
255787,00-99,,,mastercard,debit
255788,00-99,,,mastercard,debit
255789,00-99,,,mastercard,debit
255790,00-99,,,mastercard,debit
255791,00-99,,,mastercard,debit
255792,00-99,,,mastercard,debit
255793,00-99,,,mastercard,debit
255794,00-99,,,mastercard,debit
255795,00-99,,,mastercard,debit
255796,00-99,,,mastercard,debit
255797,00-99,,,mastercard,debit
255798,00-99,,,mastercard,debit
255799,00-99,,,mastercard,debit
255800,00-99,,,mastercard,debit
255801,00-99,,,mastercard,debit
255802,00-99,,,mastercard,debit
255803,00-99,,,mastercard,debit
255804,00-99,,,mastercard,debit
255805,00-99,,,mastercard,debit
255806,00-99,,,mastercard,debit
255807,00-99,,,mastercard,debit
255808,00-99,,,mastercard,debit
255809,00-99,,,mastercard,debit
255810,00-99,,,mastercard,debit
255811,00-99,,,mastercard,debit
255812,00-99,,,mastercard,debit
255813,00-99,,,mastercard,debit
255814,00-99,,,mastercard,debit
255815,00-99,,,mastercard,debit
255816,00-99,,,mastercard,debit
255817,00-99,,,mastercard,debit
255818,00-99,,,mastercard,debit
255819,00-99,,,mastercard,debit
255820,00-99,,,mastercard,debit
255821,00-99,,,mastercard,debit
255822,00-99,,,mastercard,debit
255823,00-99,,,mastercard,debit
255824,00-99,,,mastercard,debit
255825,00-99,,,mastercard,debit
255826,00-99,,,mastercard,debit
255827,00-99,,,mastercard,debit
255828,00-99,,,mastercard,debit
255829,00-99,,,mastercard,debit
255830,00-99,,,mastercard,debit
255831,00-99,,,mastercard,debit
255832,00-99,,,mastercard,debit
255833,00-99,,,mastercard,debit
255834,00-99,,,mastercard,debit
255835,00-99,,,mastercard,debit
255836,00-99,,,mastercard,debit
255837,00-99,,,mastercard,debit
255838,00-99,,,mastercard,debit
255839,00-99,,,mastercard,debit
255840,00-99,,,mastercard,debit
255841,00-99,,,mastercard,debit
255842,00-99,,,mastercard,debit
255843,00-99,,,mastercard,debit
255844,00-99,,,mastercard,debit
255845,00-99,,,mastercard,debit
255846,00-99,,,mastercard,debit
255847,00-99,,,mastercard,debit
255848,00-99,,,mastercard,debit
255849,00-99,,,mastercard,debit
255850,00-99,,,mastercard,debit
255851,00-99,,,mastercard,debit
255852,00-99,,,mastercard,debit
255853,00-99,,,mastercard,debit
255854,00-99,,,mastercard,debit
255855,00-99,,,mastercard,debit
255856,00-99,,,mastercard,debit
255857,00-99,,,mastercard,debit
255858,00-99,,,mastercard,debit
255859,00-99,,,mastercard,debit
255860,00-99,,,mastercard,debit
255861,00-99,,,mastercard,debit
255862,00-99,,,mastercard,debit
255863,00-99,,,mastercard,debit
255864,00-99,,,mastercard,debit
255865,00-99,,,mastercard,debit
255866,00-99,,,mastercard,debit
255867,00-99,,,mastercard,debit
255868,00-99,,,mastercard,debit
255869,00-99,,,mastercard,debit
255870,00-99,,,mastercard,debit
255871,00-99,,,mastercard,debit
255872,00-99,,,mastercard,debit
255873,00-99,,,mastercard,debit
255874,00-99,,,mastercard,debit
255875,00-99,,,mastercard,debit
255876,00-99,,,mastercard,debit
255877,00-99,,,mastercard,debit
255878,00-99,,,mastercard,debit
255879,00-99,,,mastercard,debit
255880,00-99,,,mastercard,debit
255881,00-99,,,mastercard,debit
255882,00-99,,,mastercard,debit
255883,00-99,,,mastercard,debit
255884,00-99,,,mastercard,debit
255885,00-99,,,mastercard,debit
255886,00-99,,,mastercard,debit
255887,00-99,,,mastercard,debit
255888,00-99,,,mastercard,debit
255889,00-99,,,mastercard,debit
255890,00-99,,,mastercard,debit
255891,00-99,,,mastercard,debit
255892,00-99,,,mastercard,debit
255893,00-99,,,mastercard,debit
255894,00-99,,,mastercard,debit
255895,00-99,,,mastercard,debit
255896,00-99,,,mastercard,debit
255897,00-99,,,mastercard,debit
255898,00-99,,,mastercard,debit
255899,00-99,,,mastercard,debit
255900,00-99,,,mastercard,debit
255901,00-99,,,mastercard,debit
255902,00-99,,,mastercard,debit
255903,00-99,,,mastercard,debit
255904,00-99,,,mastercard,debit
255905,00-99,,,mastercard,debit
255906,00-99,,,mastercard,debit
255907,00-99,,,mastercard,debit
255908,00-99,,,mastercard,debit
255909,00-99,,,mastercard,debit
255910,00-99,,,mastercard,debit
255911,00-99,,,mastercard,debit
255912,00-99,,,mastercard,debit
255913,00-99,,,mastercard,debit
255914,00-99,,,mastercard,debit
255915,00-99,,,mastercard,debit
255916,00-99,,,mastercard,debit
255917,00-99,,,mastercard,debit
255918,00-99,,,mastercard,debit
255919,00-99,,,mastercard,debit
255920,00-99,,,mastercard,debit
255921,00-99,,,mastercard,debit
255922,00-99,,,mastercard,debit
255923,00-99,,,mastercard,debit
255924,00-99,,,mastercard,debit
255925,00-99,,,mastercard,debit
255926,00-99,,,mastercard,debit
255927,00-99,,,mastercard,debit
255928,00-99,,,mastercard,debit
255929,00-99,,,mastercard,debit
255930,00-99,,,mastercard,debit
255931,00-99,,,mastercard,debit
255932,00-99,,,mastercard,debit
255933,00-99,,,mastercard,debit
255934,00-99,,,mastercard,debit
255935,00-99,,,mastercard,debit
255936,00-99,,,mastercard,debit
255937,00-99,,,mastercard,debit
255938,00-99,,,mastercard,debit
255939,00-99,,,mastercard,debit
255940,00-99,,,mastercard,debit
255941,00-99,,,mastercard,debit
255942,00-99,,,mastercard,debit
255943,00-99,,,mastercard,debit
255944,00-99,,,mastercard,debit
255945,00-99,,,mastercard,debit
255946,00-99,,,mastercard,debit
255947,00-99,,,mastercard,debit
255948,00-99,,,mastercard,debit
255949,00-99,,,mastercard,debit
255950,00-99,,,mastercard,debit
255951,00-99,,,mastercard,debit
255952,00-99,,,mastercard,debit
255953,00-99,,,mastercard,debit
255954,00-99,,,mastercard,debit
255955,00-99,,,mastercard,debit
255956,00-99,,,mastercard,debit
255957,00-99,,,mastercard,debit
255958,00-99,,,mastercard,debit
255959,00-99,,,mastercard,debit
255960,00-99,,,mastercard,debit
255961,00-99,,,mastercard,debit
255962,00-99,,,mastercard,debit
255963,00-99,,,mastercard,debit
255964,00-99,,,mastercard,debit
255965,00-99,,,mastercard,debit
255966,00-99,,,mastercard,debit
255967,00-99,,,mastercard,debit
255968,00-99,,,mastercard,debit
255969,00-99,,,mastercard,debit
255970,00-99,,,mastercard,debit
255971,00-99,,,mastercard,debit
255972,00-99,,,mastercard,debit
255973,00-99,,,mastercard,debit
255974,00-99,,,mastercard,debit
255975,00-99,,,mastercard,debit
255976,00-99,,,mastercard,debit
255977,00-99,,,mastercard,debit
255978,00-99,,,mastercard,debit
255979,00-99,,,mastercard,debit
255980,00-99,,,mastercard,debit
255981,00-99,,,mastercard,debit
255982,00-99,,,mastercard,debit
255983,00-99,,,mastercard,debit
255984,00-99,,,mastercard,debit
255985,00-99,,,mastercard,debit
255986,00-99,,,mastercard,debit
255987,00-99,,,mastercard,debit
255988,00-99,,,mastercard,debit
255989,00-99,,,mastercard,debit
255990,00-99,,,mastercard,debit
255991,00-99,,,mastercard,debit
255992,00-99,,,mastercard,debit
255993,00-99,,,mastercard,debit
255994,00-99,,,mastercard,debit
255995,00-99,,,mastercard,debit
255996,00-99,,,mastercard,debit
255997,00-99,,,mastercard,debit
255998,00-99,,,mastercard,debit
255999,00-99,,,mastercard,debit
256000,00-99,SUNRATE PARTNERS UK LTD.,GB,mastercard,credit
256001,00-99,,,mastercard,debit
256002,00-99,,,mastercard,debit
256003,00-99,,,mastercard,debit
256004,00-99,,,mastercard,debit
256005,00-99,,,mastercard,debit
256006,00-99,,,mastercard,debit
256007,00-99,,,mastercard,debit
256008,00-99,,,mastercard,debit
256009,00-99,,,mastercard,debit
256010,00-99,,,mastercard,debit
256011,00-99,,,mastercard,debit
256012,00-99,,,mastercard,debit
256013,00-99,,,mastercard,debit
256014,00-99,,,mastercard,debit
256015,00-99,,,mastercard,debit
256016,00-99,,,mastercard,debit
256017,00-99,,,mastercard,debit
256018,00-99,,,mastercard,debit
256019,00-99,,,mastercard,debit
256020,00-99,,,mastercard,debit
256021,00-99,,,mastercard,debit
256022,00-99,,,mastercard,debit
256023,00-99,,,mastercard,debit
256024,00-99,,,mastercard,debit
256025,00-99,,,mastercard,debit
256026,00-99,,,mastercard,debit
256027,00-99,,,mastercard,debit
256028,00-99,,,mastercard,debit
256029,00-99,,,mastercard,debit
256030,00-99,,,mastercard,debit
256031,00-99,,,mastercard,debit
256032,00-99,,,mastercard,debit
256033,00-99,,,mastercard,debit
256034,00-99,,,mastercard,debit
256035,00-99,,,mastercard,debit
256036,00-99,,,mastercard,debit
256037,00-99,,,mastercard,debit
256038,00-99,,,mastercard,debit
256039,00-99,,,mastercard,debit
256040,00-99,,,mastercard,debit
256041,00-99,,,mastercard,debit
256042,00-99,,,mastercard,debit
256043,00-99,,,mastercard,debit
256044,00-99,,,mastercard,debit
256045,00-99,,,mastercard,debit
256046,00-99,,,mastercard,debit
256047,00-99,,,mastercard,debit
256048,00-99,,,mastercard,debit
256049,00-99,,,mastercard,debit
256050,00-99,,,mastercard,debit
256051,00-99,,,mastercard,debit
256052,00-99,,,mastercard,debit
256053,00-99,,,mastercard,debit
256054,00-99,,,mastercard,debit
256055,00-99,,,mastercard,debit
256056,00-99,,,mastercard,debit
256057,00-99,,,mastercard,debit
256058,00-99,,,mastercard,debit
256059,00-99,,,mastercard,debit
256060,00-99,,,mastercard,debit
256061,00-99,,,mastercard,debit
256062,00-99,,,mastercard,debit
256063,00-99,,,mastercard,debit
256064,00-99,,,mastercard,debit
256065,00-99,,,mastercard,debit
256066,00-99,,,mastercard,debit
256067,00-99,,,mastercard,debit
256068,00-99,,,mastercard,debit
256069,00-99,,,mastercard,debit
256070,00-99,,,mastercard,debit
256071,00-99,,,mastercard,debit
256072,00-99,,,mastercard,debit
256073,00-99,,,mastercard,debit
256074,00-99,,,mastercard,debit
256075,00-99,,,mastercard,debit
256076,00-99,,,mastercard,debit
256077,00-99,,,mastercard,debit
256078,00-99,,,mastercard,debit
256079,00-99,,,mastercard,debit
256080,00-99,,,mastercard,debit
256081,00-99,,,mastercard,debit
256082,00-99,,,mastercard,debit
256083,00-99,,,mastercard,debit
256084,00-99,,,mastercard,debit
256085,00-99,,,mastercard,debit
256086,00-99,,,mastercard,debit
256087,00-99,,,mastercard,debit
256088,00-99,,,mastercard,debit
256089,00-99,,,mastercard,debit
256090,00-99,,,mastercard,debit
256091,00-99,,,mastercard,debit
256092,00-99,,,mastercard,debit
256093,00-99,,,mastercard,debit
256094,00-99,,,mastercard,debit
256095,00-99,,,mastercard,debit
256096,00-99,,,mastercard,debit
256097,00-99,,,mastercard,debit
256098,00-99,,,mastercard,debit
256099,00-99,,,mastercard,debit
256100,00-99,,,mastercard,debit
256101,00-99,,,mastercard,debit
256102,00-99,,,mastercard,debit
256103,00-99,,,mastercard,debit
256104,00-99,,,mastercard,debit
256105,00-99,,,mastercard,debit
256106,00-99,,,mastercard,debit
256107,00-99,,,mastercard,debit
256108,00-99,,,mastercard,debit
256109,00-99,,,mastercard,debit
256110,00-99,,,mastercard,debit
256111,00-99,,,mastercard,debit
256112,00-99,,,mastercard,debit
256113,00-99,,,mastercard,debit
256114,00-99,,,mastercard,debit
256115,00-99,,,mastercard,debit
256116,00-99,,,mastercard,debit
256117,00-99,,,mastercard,debit
256118,00-99,,,mastercard,debit
256119,00-99,,,mastercard,debit
256120,00-99,,,mastercard,debit
256121,00-99,,,mastercard,debit
256122,00-99,,,mastercard,debit
256123,00-99,,,mastercard,debit
256124,00-99,,,mastercard,debit
256125,00-99,,,mastercard,debit
256126,00-99,,,mastercard,debit
256127,00-99,,,mastercard,debit
256128,00-99,,,mastercard,debit
256129,00-99,,,mastercard,debit
256130,00-99,,,mastercard,debit
256131,00-99,,,mastercard,debit
256132,00-99,,,mastercard,debit
256133,00-99,,,mastercard,debit
256134,00-99,,,mastercard,debit
256135,00-99,,,mastercard,debit
256136,00-99,,,mastercard,debit
256137,00-99,,,mastercard,debit
256138,00-99,,,mastercard,debit
256139,00-99,,,mastercard,debit
256140,00-99,,,mastercard,debit
256141,00-99,,,mastercard,debit
256142,00-99,,,mastercard,debit
256143,00-99,,,mastercard,debit
256144,00-99,,,mastercard,debit
256145,00-99,,,mastercard,debit
256146,00-99,,,mastercard,debit
256147,00-99,,,mastercard,debit
256148,00-99,,,mastercard,debit
256149,00-99,,,mastercard,debit
256150,00-99,,,mastercard,debit
256151,00-99,,,mastercard,debit
256152,00-99,,,mastercard,debit
256153,00-99,,,mastercard,debit
256154,00-99,,,mastercard,debit
256155,00-99,,,mastercard,debit
256156,00-99,,,mastercard,debit
256157,00-99,,,mastercard,debit
256158,00-99,,,mastercard,debit
256159,00-99,,,mastercard,debit
256160,00-99,,,mastercard,debit
256161,00-99,,,mastercard,debit
256162,00-99,,,mastercard,debit
256163,00-99,,,mastercard,debit
256164,00-99,,,mastercard,debit
256165,00-99,,,mastercard,debit
256166,00-99,,,mastercard,debit
256167,00-99,,,mastercard,debit
256168,00-99,,,mastercard,debit
256169,00-99,,,mastercard,debit
256170,00-99,,,mastercard,debit
256171,00-99,,,mastercard,debit
256172,00-99,,,mastercard,debit
256173,00-99,,,mastercard,debit
256174,00-99,,,mastercard,debit
256175,00-99,,,mastercard,debit
256176,00-99,,,mastercard,debit
256177,00-99,,,mastercard,debit
256178,00-99,,,mastercard,debit
256179,00-99,,,mastercard,debit
256180,00-99,,,mastercard,debit
256181,00-99,,,mastercard,debit
256182,00-99,,,mastercard,debit
256183,00-99,,,mastercard,debit
256184,00-99,,,mastercard,debit
256185,00-99,,,mastercard,debit
256186,00-99,,,mastercard,debit
256187,00-99,,,mastercard,debit
256188,00-99,,,mastercard,debit
256189,00-99,,,mastercard,debit
256190,00-99,,,mastercard,debit
256191,00-99,,,mastercard,debit
256192,00-99,,,mastercard,debit
256193,00-99,,,mastercard,debit
256194,00-99,,,mastercard,debit
256195,00-99,,,mastercard,debit
256196,00-99,,,mastercard,debit
256197,00-99,,,mastercard,debit
256198,00-99,,,mastercard,debit
256199,00-99,,,mastercard,debit
256200,00-99,,,mastercard,debit
256201,00-99,,,mastercard,debit
256202,00-99,,,mastercard,debit
256203,00-99,,,mastercard,debit
256204,00-99,,,mastercard,debit
256205,00-99,,,mastercard,debit
256206,00-99,,,mastercard,debit
256207,00-99,,,mastercard,debit
256208,00-99,,,mastercard,debit
256209,00-99,,,mastercard,debit
256210,00-99,,,mastercard,debit
256211,00-99,,,mastercard,debit
256212,00-99,,,mastercard,debit
256213,00-99,,,mastercard,debit
256214,00-99,,,mastercard,debit
256215,00-99,,,mastercard,debit
256216,00-99,,,mastercard,debit
256217,00-99,,,mastercard,debit
256218,00-99,,,mastercard,debit
256219,00-99,,,mastercard,debit
256220,00-99,,,mastercard,debit
256221,00-99,,,mastercard,debit
256222,00-99,,,mastercard,debit
256223,00-99,,,mastercard,debit
256224,00-99,,,mastercard,debit
256225,00-99,,,mastercard,debit
256226,00-99,,,mastercard,debit
256227,00-99,,,mastercard,debit
256228,00-99,,,mastercard,debit
256229,00-99,,,mastercard,debit
256230,00-99,,,mastercard,debit
256231,00-99,,,mastercard,debit
256232,00-99,,,mastercard,debit
256233,00-99,,,mastercard,debit
256234,00-99,,,mastercard,debit
256235,00-99,,,mastercard,debit
256236,00-99,,,mastercard,debit
256237,00-99,,,mastercard,debit
256238,00-99,,,mastercard,debit
256239,00-99,,,mastercard,debit
256240,00-99,,,mastercard,debit
256241,00-99,,,mastercard,debit
256242,00-99,,,mastercard,debit
256243,00-99,,,mastercard,debit
256244,00-99,,,mastercard,debit
256245,00-99,,,mastercard,debit
256246,00-99,,,mastercard,debit
256247,00-99,,,mastercard,debit
256248,00-99,,,mastercard,debit
256249,00-99,,,mastercard,debit
256250,00-99,,,mastercard,debit
256251,00-99,,,mastercard,debit
256252,00-99,,,mastercard,debit
256253,00-99,,,mastercard,debit
256254,00-99,,,mastercard,debit
256255,00-99,,,mastercard,debit
256256,00-99,,,mastercard,debit
256257,00-99,,,mastercard,debit
256258,00-99,,,mastercard,debit
256259,00-99,,,mastercard,debit
256260,00-99,,,mastercard,debit
256261,00-99,,,mastercard,debit
256262,00-99,,,mastercard,debit
256263,00-99,,,mastercard,debit
256264,00-99,,,mastercard,debit
256265,00-99,,,mastercard,debit
256266,00-99,,,mastercard,debit
256267,00-99,,,mastercard,debit
256268,00-99,,,mastercard,debit
256269,00-99,,,mastercard,debit
256270,00-99,,,mastercard,debit
256271,00-99,,,mastercard,debit
256272,00-99,,,mastercard,debit
256273,00-99,,,mastercard,debit
256274,00-99,,,mastercard,debit
256275,00-99,,,mastercard,debit
256276,00-99,,,mastercard,debit
256277,00-99,,,mastercard,debit
256278,00-99,,,mastercard,debit
256279,00-99,,,mastercard,debit
256280,00-99,,,mastercard,debit
256281,00-99,,,mastercard,debit
256282,00-99,,,mastercard,debit
256283,00-99,,,mastercard,debit
256284,00-99,,,mastercard,debit
256285,00-99,,,mastercard,debit
256286,00-99,,,mastercard,debit
256287,00-99,,,mastercard,debit
256288,00-99,,,mastercard,debit
256289,00-99,,,mastercard,debit
256290,00-99,,,mastercard,debit
256291,00-99,,,mastercard,debit
256292,00-99,,,mastercard,debit
256293,00-99,,,mastercard,debit
256294,00-99,,,mastercard,debit
256295,00-99,,,mastercard,debit
256296,00-99,,,mastercard,debit
256297,00-99,,,mastercard,debit
256298,00-99,,,mastercard,debit
256299,00-99,,,mastercard,debit
256300,00-99,,,mastercard,debit
256301,00-99,,,mastercard,debit
256302,00-99,,,mastercard,debit
256303,00-99,,,mastercard,debit
256304,00-99,,,mastercard,debit
256305,00-99,,,mastercard,debit
256306,00-99,,,mastercard,debit
256307,00-99,,,mastercard,debit
256308,00-99,,,mastercard,debit
256309,00-99,,,mastercard,debit
256310,00-99,,,mastercard,debit
256311,00-99,,,mastercard,debit
256312,00-99,,,mastercard,debit
256313,00-99,,,mastercard,debit
256314,00-99,,,mastercard,debit
256315,00-99,,,mastercard,debit
256316,00-99,,,mastercard,debit
256317,00-99,,,mastercard,debit
256318,00-99,,,mastercard,debit
256319,00-99,,,mastercard,debit
256320,00-99,,,mastercard,debit
256321,00-99,,,mastercard,debit
256322,00-99,,,mastercard,debit
256323,00-99,,,mastercard,debit
256324,00-99,,,mastercard,debit
256325,00-99,,,mastercard,debit
256326,00-99,,,mastercard,debit
256327,00-99,,,mastercard,debit
256328,00-99,,,mastercard,debit
256329,00-99,,,mastercard,debit
256330,00-99,,,mastercard,debit
256331,00-99,,,mastercard,debit
256332,00-99,,,mastercard,debit
256333,00-99,,,mastercard,debit
256334,00-99,,,mastercard,debit
256335,00-99,,,mastercard,debit
256336,00-99,,,mastercard,debit
256337,00-99,,,mastercard,debit
256338,00-99,,,mastercard,debit
256339,00-99,,,mastercard,debit
256340,00-99,,,mastercard,debit
256341,00-99,,,mastercard,debit
256342,00-99,,,mastercard,debit
256343,00-99,,,mastercard,debit
256344,00-99,,,mastercard,debit
256345,00-99,,,mastercard,debit
256346,00-99,,,mastercard,debit
256347,00-99,,,mastercard,debit
256348,00-99,,,mastercard,debit
256349,00-99,,,mastercard,debit
256350,00-99,,,mastercard,debit
256351,00-99,,,mastercard,debit
256352,00-99,,,mastercard,debit
256353,00-99,,,mastercard,debit
256354,00-99,,,mastercard,debit
256355,00-99,,,mastercard,debit
256356,00-99,,,mastercard,debit
256357,00-99,,,mastercard,debit
256358,00-99,,,mastercard,debit
256359,00-99,,,mastercard,debit
256360,00-99,,,mastercard,debit
256361,00-99,,,mastercard,debit
256362,00-99,,,mastercard,debit
256363,00-99,,,mastercard,debit
256364,00-99,,,mastercard,debit
256365,00-99,,,mastercard,debit
256366,00-99,,,mastercard,debit
256367,00-99,,,mastercard,debit
256368,00-99,,,mastercard,debit
256369,00-99,,,mastercard,debit
256370,00-99,,,mastercard,debit
256371,00-99,,,mastercard,debit
256372,00-99,,,mastercard,debit
256373,00-99,,,mastercard,debit
256374,00-99,,,mastercard,debit
256375,00-99,,,mastercard,debit
256376,00-99,,,mastercard,debit
256377,00-99,,,mastercard,debit
256378,00-99,,,mastercard,debit
256379,00-99,,,mastercard,debit
256380,00-99,,,mastercard,debit
256381,00-99,,,mastercard,debit
256382,00-99,,,mastercard,debit
256383,00-99,,,mastercard,debit
256384,00-99,,,mastercard,debit
256385,00-99,,,mastercard,debit
256386,00-99,,,mastercard,debit
256387,00-99,,,mastercard,debit
256388,00-99,,,mastercard,debit
256389,00-99,,,mastercard,debit
256390,00-99,,,mastercard,debit
256391,00-99,,,mastercard,debit
256392,00-99,,,mastercard,debit
256393,00-99,,,mastercard,debit
256394,00-99,,,mastercard,debit
256395,00-99,,,mastercard,debit
256396,00-99,,,mastercard,debit
256397,00-99,,,mastercard,debit
256398,00-99,,,mastercard,debit
256399,00-99,,,mastercard,debit
256400,00-99,,,mastercard,debit
256401,00-99,,,mastercard,debit
256402,00-99,,,mastercard,debit
256403,00-99,,,mastercard,debit
256404,00-99,,,mastercard,debit
256405,00-99,,,mastercard,debit
256406,00-99,,,mastercard,debit
256407,00-99,,,mastercard,debit
256408,00-99,,,mastercard,debit
256409,00-99,,,mastercard,debit
256410,00-99,,,mastercard,debit
256411,00-99,,,mastercard,debit
256412,00-99,,,mastercard,debit
256413,00-99,,,mastercard,debit
256414,00-99,,,mastercard,debit
256415,00-99,,,mastercard,debit
256416,00-99,,,mastercard,debit
256417,00-99,,,mastercard,debit
256418,00-99,,,mastercard,debit
256419,00-99,,,mastercard,debit
256420,00-99,,,mastercard,debit
256421,00-99,,,mastercard,debit
256422,00-99,,,mastercard,debit
256423,00-99,,,mastercard,debit
256424,00-99,,,mastercard,debit
256425,00-99,,,mastercard,debit
256426,00-99,,,mastercard,debit
256427,00-99,,,mastercard,debit
256428,00-99,,,mastercard,debit
256429,00-99,,,mastercard,debit
256430,00-99,,,mastercard,debit
256431,00-99,,,mastercard,debit
256432,00-99,,,mastercard,debit
256433,00-99,,,mastercard,debit
256434,00-99,,,mastercard,debit
256435,00-99,,,mastercard,debit
256436,00-99,,,mastercard,debit
256437,00-99,,,mastercard,debit
256438,00-99,,,mastercard,debit
256439,00-99,,,mastercard,debit
256440,00-99,,,mastercard,debit
256441,00-99,,,mastercard,debit
256442,00-99,,,mastercard,debit
256443,00-99,,,mastercard,debit
256444,00-99,,,mastercard,debit
256445,00-99,,,mastercard,debit
256446,00-99,,,mastercard,debit
256447,00-99,,,mastercard,debit
256448,00-99,,,mastercard,debit
256449,00-99,,,mastercard,debit
256450,00-99,,,mastercard,debit
256451,00-99,,,mastercard,debit
256452,00-99,,,mastercard,debit
256453,00-99,,,mastercard,debit
256454,00-99,,,mastercard,debit
256455,00-99,,,mastercard,debit
256456,00-99,,,mastercard,debit
256457,00-99,,,mastercard,debit
256458,00-99,,,mastercard,debit
256459,00-99,,,mastercard,debit
256460,00-99,,,mastercard,debit
256461,00-99,,,mastercard,debit
256462,00-99,,,mastercard,debit
256463,00-99,,,mastercard,debit
256464,00-99,,,mastercard,debit
256465,00-99,,,mastercard,debit
256466,00-99,,,mastercard,debit
256467,00-99,,,mastercard,debit
256468,00-99,,,mastercard,debit
256469,00-99,,,mastercard,debit
256470,00-99,,,mastercard,debit
256471,00-99,,,mastercard,debit
256472,00-99,,,mastercard,debit
256473,00-99,,,mastercard,debit
256474,00-99,,,mastercard,debit
256475,00-99,,,mastercard,debit
256476,00-99,,,mastercard,debit
256477,00-99,,,mastercard,debit
256478,00-99,,,mastercard,debit
256479,00-99,,,mastercard,debit
256480,00-99,,,mastercard,debit
256481,00-99,,,mastercard,debit
256482,00-99,,,mastercard,debit
256483,00-99,,,mastercard,debit
256484,00-99,,,mastercard,debit
256485,00-99,,,mastercard,debit
256486,00-99,,,mastercard,debit
256487,00-99,,,mastercard,debit
256488,00-99,,,mastercard,debit
256489,00-99,,,mastercard,debit
256490,00-99,,,mastercard,debit
256491,00-99,,,mastercard,debit
256492,00-99,,,mastercard,debit
256493,00-99,,,mastercard,debit
256494,00-99,,,mastercard,debit
256495,00-99,,,mastercard,debit
256496,00-99,,,mastercard,debit
256497,00-99,,,mastercard,debit
256498,00-99,,,mastercard,debit
256499,00-99,,,mastercard,debit
256500,00-99,,,mastercard,debit
256501,00-99,,,mastercard,debit
256502,00-99,,,mastercard,debit
256503,00-99,,,mastercard,debit
256504,00-99,,,mastercard,debit
256505,00-99,,,mastercard,debit
256506,00-99,,,mastercard,debit
256507,00-99,,,mastercard,debit
256508,00-99,,,mastercard,debit
256509,00-99,,,mastercard,debit
256510,00-99,,,mastercard,debit
256511,00-99,,,mastercard,debit
256512,00-99,,,mastercard,debit
256513,00-99,,,mastercard,debit
256514,00-99,,,mastercard,debit
256515,00-99,,,mastercard,debit
256516,00-99,,,mastercard,debit
256517,00-99,,,mastercard,debit
256518,00-99,,,mastercard,debit
256519,00-99,,,mastercard,debit
256520,00-99,,,mastercard,debit
256521,00-99,,,mastercard,debit
256522,00-99,,,mastercard,debit
256523,00-99,,,mastercard,debit
256524,00-99,,,mastercard,debit
256525,00-99,,,mastercard,debit
256526,00-99,,,mastercard,debit
256527,00-99,,,mastercard,debit
256528,00-99,,,mastercard,debit
256529,00-99,,,mastercard,debit
256530,00-99,,,mastercard,debit
256531,00-99,,,mastercard,debit
256532,00-99,,,mastercard,debit
256533,00-99,,,mastercard,debit
256534,00-99,,,mastercard,debit
256535,00-99,,,mastercard,debit
256536,00-99,,,mastercard,debit
256537,00-99,,,mastercard,debit
256538,00-99,,,mastercard,debit
256539,00-99,,,mastercard,debit
256540,00-99,,,mastercard,debit
256541,00-99,,,mastercard,debit
256542,00-99,,,mastercard,debit
256543,00-99,,,mastercard,debit
256544,00-99,,,mastercard,debit
256545,00-99,,,mastercard,debit
256546,00-99,,,mastercard,debit
256547,00-99,,,mastercard,debit
256548,00-99,,,mastercard,debit
256549,00-99,,,mastercard,debit
256550,00-99,,,mastercard,debit
256551,00-99,,,mastercard,debit
256552,00-99,,,mastercard,debit
256553,00-99,,,mastercard,debit
256554,00-99,,,mastercard,debit
256555,00-99,,,mastercard,debit
256556,00-99,,,mastercard,debit
256557,00-99,,,mastercard,debit
256558,00-99,,,mastercard,debit
256559,00-99,,,mastercard,debit
256560,00-99,,,mastercard,debit
256561,00-99,,,mastercard,debit
256562,00-99,,,mastercard,debit
256563,00-99,,,mastercard,debit
256564,00-99,,,mastercard,debit
256565,00-99,,,mastercard,debit
256566,00-99,,,mastercard,debit
256567,00-99,,,mastercard,debit
256568,00-99,,,mastercard,debit
256569,00-99,,,mastercard,debit
256570,00-99,,,mastercard,debit
256571,00-99,,,mastercard,debit
256572,00-99,,,mastercard,debit
256573,00-99,,,mastercard,debit
256574,00-99,,,mastercard,debit
256575,00-99,,,mastercard,debit
256576,00-99,,,mastercard,debit
256577,00-99,,,mastercard,debit
256578,00-99,,,mastercard,debit
256579,00-99,,,mastercard,debit
256580,00-99,,,mastercard,debit
256581,00-99,,,mastercard,debit
256582,00-99,,,mastercard,debit
256583,00-99,,,mastercard,debit
256584,00-99,,,mastercard,debit
256585,00-99,,,mastercard,debit
256586,00-99,,,mastercard,debit
256587,00-99,,,mastercard,debit
256588,00-99,,,mastercard,debit
256589,00-99,,,mastercard,debit
256590,00-99,,,mastercard,debit
256591,00-99,,,mastercard,debit
256592,00-99,,,mastercard,debit
256593,00-99,,,mastercard,debit
256594,00-99,,,mastercard,debit
256595,00-99,,,mastercard,debit
256596,00-99,,,mastercard,debit
256597,00-99,,,mastercard,debit
256598,00-99,,,mastercard,debit
256599,00-99,,,mastercard,debit
256600,00-99,,,mastercard,debit
256601,00-99,,,mastercard,debit
256602,00-99,,,mastercard,debit
256603,00-99,,,mastercard,debit
256604,00-99,,,mastercard,debit
256605,00-99,,,mastercard,debit
256606,00-99,,,mastercard,debit
256607,00-99,,,mastercard,debit
256608,00-99,,,mastercard,debit
256609,00-99,,,mastercard,debit
256610,00-99,,,mastercard,debit
256611,00-99,,,mastercard,debit
256612,00-99,,,mastercard,debit
256613,00-99,,,mastercard,debit
256614,00-99,,,mastercard,debit
256615,00-99,,,mastercard,debit
256616,00-99,,,mastercard,debit
256617,00-99,,,mastercard,debit
256618,00-99,,,mastercard,debit
256619,00-99,,,mastercard,debit
256620,00-99,,,mastercard,debit
256621,00-99,,,mastercard,debit
256622,00-99,,,mastercard,debit
256623,00-99,,,mastercard,debit
256624,00-99,,,mastercard,debit
256625,00-99,,,mastercard,debit
256626,00-99,,,mastercard,debit
256627,00-99,,,mastercard,debit
256628,00-99,,,mastercard,debit
256629,00-99,,,mastercard,debit
256630,00-99,,,mastercard,debit
256631,00-99,,,mastercard,debit
256632,00-99,,,mastercard,debit
256633,00-99,,,mastercard,debit
256634,00-99,,,mastercard,debit
256635,00-99,,,mastercard,debit
256636,00-99,,,mastercard,debit
256637,00-99,,,mastercard,debit
256638,00-99,,,mastercard,debit
256639,00-99,,,mastercard,debit
256640,00-99,,,mastercard,debit
256641,00-99,,,mastercard,debit
256642,00-99,,,mastercard,debit
256643,00-99,,,mastercard,debit
256644,00-99,,,mastercard,debit
256645,00-99,,,mastercard,debit
256646,00-99,,,mastercard,debit
256647,00-99,,,mastercard,debit
256648,00-99,,,mastercard,debit
256649,00-99,,,mastercard,debit
256650,00-99,,,mastercard,debit
256651,00-99,,,mastercard,debit
256652,00-99,,,mastercard,debit
256653,00-99,,,mastercard,debit
256654,00-99,,,mastercard,debit
256655,00-99,,,mastercard,debit
256656,00-99,,,mastercard,debit
256657,00-99,,,mastercard,debit
256658,00-99,,,mastercard,debit
256659,00-99,,,mastercard,debit
256660,00-99,,,mastercard,debit
256661,00-99,,,mastercard,debit
256662,00-99,,,mastercard,debit
256663,00-99,,,mastercard,debit
256664,00-99,,,mastercard,debit
256665,00-99,,,mastercard,debit
256666,00-99,,,mastercard,debit
256667,00-99,,,mastercard,debit
256668,00-99,,,mastercard,debit
256669,00-99,,,mastercard,debit
256670,00-99,,,mastercard,debit
256671,00-99,,,mastercard,debit
256672,00-99,,,mastercard,debit
256673,00-99,,,mastercard,debit
256674,00-99,,,mastercard,debit
256675,00-99,,,mastercard,debit
256676,00-99,,,mastercard,debit
256677,00-99,,,mastercard,debit
256678,00-99,,,mastercard,debit
256679,00-99,,,mastercard,debit
256680,00-99,,,mastercard,debit
256681,00-99,,,mastercard,debit
256682,00-99,,,mastercard,debit
256683,00-99,,,mastercard,debit
256684,00-99,,,mastercard,debit
256685,00-99,,,mastercard,debit
256686,00-99,,,mastercard,debit
256687,00-99,,,mastercard,debit
256688,00-99,,,mastercard,debit
256689,00-99,,,mastercard,debit
256690,00-99,,,mastercard,debit
256691,00-99,,,mastercard,debit
256692,00-99,,,mastercard,debit
256693,00-99,,,mastercard,debit
256694,00-99,,,mastercard,debit
256695,00-99,,,mastercard,debit
256696,00-99,,,mastercard,debit
256697,00-99,,,mastercard,debit
256698,00-99,,,mastercard,debit
256699,00-99,,,mastercard,debit
256700,00-99,,,mastercard,debit
256701,00-99,,,mastercard,debit
256702,00-99,,,mastercard,debit
256703,00-99,,,mastercard,debit
256704,00-99,,,mastercard,debit
256705,00-99,,,mastercard,debit
256706,00-99,,,mastercard,debit
256707,00-99,,,mastercard,debit
256708,00-99,,,mastercard,debit
256709,00-99,,,mastercard,debit
256710,00-99,,,mastercard,debit
256711,00-99,,,mastercard,debit
256712,00-99,,,mastercard,debit
256713,00-99,,,mastercard,debit
256714,00-99,,,mastercard,debit
256715,00-99,,,mastercard,debit
256716,00-99,,,mastercard,debit
256717,00-99,,,mastercard,debit
256718,00-99,,,mastercard,debit
256719,00-99,,,mastercard,debit
256720,00-99,,,mastercard,debit
256721,00-99,,,mastercard,debit
256722,00-99,,,mastercard,debit
256723,00-99,,,mastercard,debit
256724,00-99,,,mastercard,debit
256725,00-99,,,mastercard,debit
256726,00-99,,,mastercard,debit
256727,00-99,,,mastercard,debit
256728,00-99,,,mastercard,debit
256729,00-99,,,mastercard,debit
256730,00-99,,,mastercard,debit
256731,00-99,,,mastercard,debit
256732,00-99,,,mastercard,debit
256733,00-99,,,mastercard,debit
256734,00-99,,,mastercard,debit
256735,00-99,,,mastercard,debit
256736,00-99,,,mastercard,debit
256737,00-99,,,mastercard,debit
256738,00-99,,,mastercard,debit
256739,00-99,,,mastercard,debit
256740,00-99,,,mastercard,debit
256741,00-99,,,mastercard,debit
256742,00-99,,,mastercard,debit
256743,00-99,,,mastercard,debit
256744,00-99,,,mastercard,debit
256745,00-99,,,mastercard,debit
256746,00-99,,,mastercard,debit
256747,00-99,,,mastercard,debit
256748,00-99,,,mastercard,debit
256749,00-99,,,mastercard,debit
256750,00-99,,,mastercard,debit
256751,00-99,,,mastercard,debit
256752,00-99,,,mastercard,debit
256753,00-99,,,mastercard,debit
256754,00-99,,,mastercard,debit
256755,00-99,,,mastercard,debit
256756,00-99,,,mastercard,debit
256757,00-99,,,mastercard,debit
256758,00-99,,,mastercard,debit
256759,00-99,,,mastercard,debit
256760,00-99,,,mastercard,debit
256761,00-99,,,mastercard,debit
256762,00-99,,,mastercard,debit
256763,00-99,,,mastercard,debit
256764,00-99,,,mastercard,debit
256765,00-99,,,mastercard,debit
256766,00-99,,,mastercard,debit
256767,00-99,,,mastercard,debit
256768,00-99,,,mastercard,debit
256769,00-99,,,mastercard,debit
256770,00-99,,,mastercard,debit
256771,00-99,,,mastercard,debit
256772,00-99,,,mastercard,debit
256773,00-99,,,mastercard,debit
256774,00-99,,,mastercard,debit
256775,00-99,,,mastercard,debit
256776,00-99,,,mastercard,debit
256777,00-99,,,mastercard,debit
256778,00-99,,,mastercard,debit
256779,00-99,,,mastercard,debit
256780,00-99,,,mastercard,debit
256781,00-99,,,mastercard,debit
256782,00-99,,,mastercard,debit
256783,00-99,,,mastercard,debit
256784,00-99,,,mastercard,debit
256785,00-99,,,mastercard,debit
256786,00-99,,,mastercard,debit
256787,00-99,,,mastercard,debit
256788,00-99,,,mastercard,debit
256789,00-99,,,mastercard,debit
256790,00-99,,,mastercard,debit
256791,00-99,,,mastercard,debit
256792,00-99,,,mastercard,debit
256793,00-99,,,mastercard,debit
256794,00-99,,,mastercard,debit
256795,00-99,,,mastercard,debit
256796,00-99,,,mastercard,debit
256797,00-99,,,mastercard,debit
256798,00-99,,,mastercard,debit
256799,00-99,,,mastercard,debit
256800,00-99,,,mastercard,debit
256801,00-99,,,mastercard,debit
256802,00-99,,,mastercard,debit
256803,00-99,,,mastercard,debit
256804,00-99,,,mastercard,debit
256805,00-99,,,mastercard,debit
256806,00-99,,,mastercard,debit
256807,00-99,,,mastercard,debit
256808,00-99,,,mastercard,debit
256809,00-99,,,mastercard,debit
256810,00-99,,,mastercard,debit
256811,00-99,,,mastercard,debit
256812,00-99,,,mastercard,debit
256813,00-99,,,mastercard,debit
256814,00-99,,,mastercard,debit
256815,00-99,,,mastercard,debit
256816,00-99,,,mastercard,debit
256817,00-99,,,mastercard,debit
256818,00-99,,,mastercard,debit
256819,00-99,,,mastercard,debit
256820,00-99,,,mastercard,debit
256821,00-99,,,mastercard,debit
256822,00-99,,,mastercard,debit
256823,00-99,,,mastercard,debit
256824,00-99,,,mastercard,debit
256825,00-99,,,mastercard,debit
256826,00-99,,,mastercard,debit
256827,00-99,,,mastercard,debit
256828,00-99,,,mastercard,debit
256829,00-99,,,mastercard,debit
256830,00-99,,,mastercard,debit
256831,00-99,,,mastercard,debit
256832,00-99,,,mastercard,debit
256833,00-99,,,mastercard,debit
256834,00-99,,,mastercard,debit
256835,00-99,,,mastercard,debit
256836,00-99,,,mastercard,debit
256837,00-99,,,mastercard,debit
256838,00-99,,,mastercard,debit
256839,00-99,,,mastercard,debit
256840,00-99,,,mastercard,debit
256841,00-99,,,mastercard,debit
256842,00-99,,,mastercard,debit
256843,00-99,,,mastercard,debit
256844,00-99,,,mastercard,debit
256845,00-99,,,mastercard,debit
256846,00-99,,,mastercard,debit
256847,00-99,,,mastercard,debit
256848,00-99,,,mastercard,debit
256849,00-99,,,mastercard,debit
256850,00-99,,,mastercard,debit
256851,00-99,,,mastercard,debit
256852,00-99,,,mastercard,debit
256853,00-99,,,mastercard,debit
256854,00-99,,,mastercard,debit
256855,00-99,,,mastercard,debit
256856,00-99,,,mastercard,debit
256857,00-99,,,mastercard,debit
256858,00-99,,,mastercard,debit
256859,00-99,,,mastercard,debit
256860,00-99,,,mastercard,debit
256861,00-99,,,mastercard,debit
256862,00-99,,,mastercard,debit
256863,00-99,,,mastercard,debit
256864,00-99,,,mastercard,debit
256865,00-99,,,mastercard,debit
256866,00-99,,,mastercard,debit
256867,00-99,,,mastercard,debit
256868,00-99,,,mastercard,debit
256869,00-99,,,mastercard,debit
256870,00-99,,,mastercard,debit
256871,00-99,,,mastercard,debit
256872,00-99,,,mastercard,debit
256873,00-99,,,mastercard,debit
256874,00-99,,,mastercard,debit
256875,00-99,,,mastercard,debit
256876,00-99,,,mastercard,debit
256877,00-99,,,mastercard,debit
256878,00-99,,,mastercard,debit
256879,00-99,,,mastercard,debit
256880,00-99,,,mastercard,debit
256881,00-99,,,mastercard,debit
256882,00-99,,,mastercard,debit
256883,00-99,,,mastercard,debit
256884,00-99,,,mastercard,debit
256885,00-99,,,mastercard,debit
256886,00-99,,,mastercard,debit
256887,00-99,,,mastercard,debit
256888,00-99,,,mastercard,debit
256889,00-99,,,mastercard,debit
256890,00-99,,,mastercard,debit
256891,00-99,,,mastercard,debit
256892,00-99,,,mastercard,debit
256893,00-99,,,mastercard,debit
256894,00-99,,,mastercard,debit
256895,00-99,,,mastercard,debit
256896,00-99,,,mastercard,debit
256897,00-99,,,mastercard,debit
256898,00-99,,,mastercard,debit
256899,00-99,,,mastercard,debit
256900,00-99,,,mastercard,debit
256901,00-99,,,mastercard,debit
256902,00-99,,,mastercard,debit
256903,00-99,,,mastercard,debit
256904,00-99,,,mastercard,debit
256905,00-99,,,mastercard,debit
256906,00-99,,,mastercard,debit
256907,00-99,,,mastercard,debit
256908,00-99,,,mastercard,debit
256909,00-99,,,mastercard,debit
256910,00-99,,,mastercard,debit
256911,00-99,,,mastercard,debit
256912,00-99,,,mastercard,debit
256913,00-99,,,mastercard,debit
256914,00-99,,,mastercard,debit
256915,00-99,,,mastercard,debit
256916,00-99,,,mastercard,debit
256917,00-99,,,mastercard,debit
256918,00-99,,,mastercard,debit
256919,00-99,,,mastercard,debit
256920,00-99,,,mastercard,debit
256921,00-99,,,mastercard,debit
256922,00-99,,,mastercard,debit
256923,00-99,,,mastercard,debit
256924,00-99,,,mastercard,debit
256925,00-99,,,mastercard,debit
256926,00-99,,,mastercard,debit
256927,00-99,,,mastercard,debit
256928,00-99,,,mastercard,debit
256929,00-99,,,mastercard,debit
256930,00-99,,,mastercard,debit
256931,00-99,,,mastercard,debit
256932,00-99,,,mastercard,debit
256933,00-99,,,mastercard,debit
256934,00-99,,,mastercard,debit
256935,00-99,,,mastercard,debit
256936,00-99,,,mastercard,debit
256937,00-99,,,mastercard,debit
256938,00-99,,,mastercard,debit
256939,00-99,,,mastercard,debit
256940,00-99,,,mastercard,debit
256941,00-99,,,mastercard,debit
256942,00-99,,,mastercard,debit
256943,00-99,,,mastercard,debit
256944,00-99,,,mastercard,debit
256945,00-99,,,mastercard,debit
256946,00-99,,,mastercard,debit
256947,00-99,,,mastercard,debit
256948,00-99,,,mastercard,debit
256949,00-99,,,mastercard,debit
256950,00-99,,,mastercard,debit
256951,00-99,,,mastercard,debit
256952,00-99,,,mastercard,debit
256953,00-99,,,mastercard,debit
256954,00-99,,,mastercard,debit
256955,00-99,,,mastercard,debit
256956,00-99,,,mastercard,debit
256957,00-99,,,mastercard,debit
256958,00-99,,,mastercard,debit
256959,00-99,,,mastercard,debit
256960,00-99,,,mastercard,debit
256961,00-99,,,mastercard,debit
256962,00-99,,,mastercard,debit
256963,00-99,,,mastercard,debit
256964,00-99,,,mastercard,debit
256965,00-99,,,mastercard,debit
256966,00-99,,,mastercard,debit
256967,00-99,,,mastercard,debit
256968,00-99,,,mastercard,debit
256969,00-99,,,mastercard,debit
256970,00-99,,,mastercard,debit
256971,00-99,,,mastercard,debit
256972,00-99,,,mastercard,debit
256973,00-99,,,mastercard,debit
256974,00-99,,,mastercard,debit
256975,00-99,,,mastercard,debit
256976,00-99,,,mastercard,debit
256977,00-99,,,mastercard,debit
256978,00-99,,,mastercard,debit
256979,00-99,,,mastercard,debit
256980,00-99,,,mastercard,debit
256981,00-99,,,mastercard,debit
256982,00-99,,,mastercard,debit
256983,00-99,,,mastercard,debit
256984,00-99,,,mastercard,debit
256985,00-99,,,mastercard,debit
256986,00-99,,,mastercard,debit
256987,00-99,,,mastercard,debit
256988,00-99,,,mastercard,debit
256989,00-99,,,mastercard,debit
256990,00-99,,,mastercard,debit
256991,00-99,,,mastercard,debit
256992,00-99,,,mastercard,debit
256993,00-99,,,mastercard,debit
256994,00-99,,,mastercard,debit
256995,00-99,,,mastercard,debit
256996,00-99,,,mastercard,debit
256997,00-99,,,mastercard,debit
256998,00-99,,,mastercard,debit
256999,00-99,,,mastercard,debit
257000,00-99,,,mastercard,debit
257001,00-99,,,mastercard,debit
257002,00-99,,,mastercard,debit
257003,00-99,,,mastercard,debit
257004,00-99,,,mastercard,debit
257005,00-99,,,mastercard,debit
257006,00-99,,,mastercard,debit
257007,00-99,,,mastercard,debit
257008,00-99,,,mastercard,debit
257009,00-99,,,mastercard,debit
257010,00-99,,,mastercard,debit
257011,00-99,,,mastercard,debit
257012,00-99,,,mastercard,debit
257013,00-99,,,mastercard,debit
257014,00-99,,,mastercard,debit
257015,00-99,,,mastercard,debit
257016,00-99,,,mastercard,debit
257017,00-99,,,mastercard,debit
257018,00-99,,,mastercard,debit
257019,00-99,,,mastercard,debit
257020,00-99,,,mastercard,debit
257021,00-99,,,mastercard,debit
257022,00-99,,,mastercard,debit
257023,00-99,,,mastercard,debit
257024,00-99,,,mastercard,debit
257025,00-99,,,mastercard,debit
257026,00-99,,,mastercard,debit
257027,00-99,,,mastercard,debit
257028,00-99,,,mastercard,debit
257029,00-99,,,mastercard,debit
257030,00-99,,,mastercard,debit
257031,00-99,,,mastercard,debit
257032,00-99,,,mastercard,debit
257033,00-99,,,mastercard,debit
257034,00-99,,,mastercard,debit
257035,00-99,,,mastercard,debit
257036,00-99,,,mastercard,debit
257037,00-99,,,mastercard,debit
257038,00-99,,,mastercard,debit
257039,00-99,,,mastercard,debit
257040,00-99,,,mastercard,debit
257041,00-99,,,mastercard,debit
257042,00-99,,,mastercard,debit
257043,00-99,,,mastercard,debit
257044,00-99,,,mastercard,debit
257045,00-99,,,mastercard,debit
257046,00-99,,,mastercard,debit
257047,00-99,,,mastercard,debit
257048,00-99,,,mastercard,debit
257049,00-99,,,mastercard,debit
257050,00-99,,,mastercard,debit
257051,00-99,,,mastercard,debit
257052,00-99,,,mastercard,debit
257053,00-99,,,mastercard,debit
257054,00-99,,,mastercard,debit
257055,00-99,,,mastercard,debit
257056,00-99,,,mastercard,debit
257057,00-99,,,mastercard,debit
257058,00-99,,,mastercard,debit
257059,00-99,,,mastercard,debit
257060,00-99,,,mastercard,debit
257061,00-99,,,mastercard,debit
257062,00-99,,,mastercard,debit
257063,00-99,,,mastercard,debit
257064,00-99,,,mastercard,debit
257065,00-99,,,mastercard,debit
257066,00-99,,,mastercard,debit
257067,00-99,,,mastercard,debit
257068,00-99,,,mastercard,debit
257069,00-99,,,mastercard,debit
257070,00-99,,,mastercard,debit
257071,00-99,,,mastercard,debit
257072,00-99,,,mastercard,debit
257073,00-99,,,mastercard,debit
257074,00-99,,,mastercard,debit
257075,00-99,,,mastercard,debit
257076,00-99,,,mastercard,debit
257077,00-99,,,mastercard,debit
257078,00-99,,,mastercard,debit
257079,00-99,,,mastercard,debit
257080,00-99,,,mastercard,debit
257081,00-99,,,mastercard,debit
257082,00-99,,,mastercard,debit
257083,00-99,,,mastercard,debit
257084,00-99,,,mastercard,debit
257085,00-99,,,mastercard,debit
257086,00-99,,,mastercard,debit
257087,00-99,,,mastercard,debit
257088,00-99,,,mastercard,debit
257089,00-99,,,mastercard,debit
257090,00-99,,,mastercard,debit
257091,00-99,,,mastercard,debit
257092,00-99,,,mastercard,debit
257093,00-99,,,mastercard,debit
257094,00-99,,,mastercard,debit
257095,00-99,,,mastercard,debit
257096,00-99,,,mastercard,debit
257097,00-99,,,mastercard,debit
257098,00-99,,,mastercard,debit
257099,00-99,,,mastercard,debit
257100,00-99,,,mastercard,debit
257101,00-99,,,mastercard,debit
257102,00-99,,,mastercard,debit
257103,00-99,,,mastercard,debit
257104,00-99,,,mastercard,debit
257105,00-99,,,mastercard,debit
257106,00-99,,,mastercard,debit
257107,00-99,,,mastercard,debit
257108,00-99,,,mastercard,debit
257109,00-99,,,mastercard,debit
257110,00-99,,,mastercard,debit
257111,00-99,,,mastercard,debit
257112,00-99,,,mastercard,debit
257113,00-99,,,mastercard,debit
257114,00-99,,,mastercard,debit
257115,00-99,,,mastercard,debit
257116,00-99,,,mastercard,debit
257117,00-99,,,mastercard,debit
257118,00-99,,,mastercard,debit
257119,00-99,,,mastercard,debit
257120,00-99,,,mastercard,debit
257121,00-99,,,mastercard,debit
257122,00-99,,,mastercard,debit
257123,00-99,,,mastercard,debit
257124,00-99,,,mastercard,debit
257125,00-99,,,mastercard,debit
257126,00-99,,,mastercard,debit
257127,00-99,,,mastercard,debit
257128,00-99,,,mastercard,debit
257129,00-99,,,mastercard,debit
257130,00-99,,,mastercard,debit
257131,00-99,,,mastercard,debit
257132,00-99,,,mastercard,debit
257133,00-99,,,mastercard,debit
257134,00-99,,,mastercard,debit
257135,00-99,,,mastercard,debit
257136,00-99,,,mastercard,debit
257137,00-99,,,mastercard,debit
257138,00-99,,,mastercard,debit
257139,00-99,,,mastercard,debit
257140,00-99,,,mastercard,debit
257141,00-99,,,mastercard,debit
257142,00-99,,,mastercard,debit
257143,00-99,,,mastercard,debit
257144,00-99,,,mastercard,debit
257145,00-99,,,mastercard,debit
257146,00-99,,,mastercard,debit
257147,00-99,,,mastercard,debit
257148,00-99,,,mastercard,debit
257149,00-99,,,mastercard,debit
257150,00-99,,,mastercard,debit
257151,00-99,,,mastercard,debit
257152,00-99,,,mastercard,debit
257153,00-99,,,mastercard,debit
257154,00-99,,,mastercard,debit
257155,00-99,,,mastercard,debit
257156,00-99,,,mastercard,debit
257157,00-99,,,mastercard,debit
257158,00-99,,,mastercard,debit
257159,00-99,,,mastercard,debit
257160,00-99,,,mastercard,debit
257161,00-99,,,mastercard,debit
257162,00-99,,,mastercard,debit
257163,00-99,,,mastercard,debit
257164,00-99,,,mastercard,debit
257165,00-99,,,mastercard,debit
257166,00-99,,,mastercard,debit
257167,00-99,,,mastercard,debit
257168,00-99,,,mastercard,debit
257169,00-99,,,mastercard,debit
257170,00-99,,,mastercard,debit
257171,00-99,,,mastercard,debit
257172,00-99,,,mastercard,debit
257173,00-99,,,mastercard,debit
257174,00-99,,,mastercard,debit
257175,00-99,,,mastercard,debit
257176,00-99,,,mastercard,debit
257177,00-99,,,mastercard,debit
257178,00-99,,,mastercard,debit
257179,00-99,,,mastercard,debit
257180,00-99,,,mastercard,debit
257181,00-99,,,mastercard,debit
257182,00-99,,,mastercard,debit
257183,00-99,,,mastercard,debit
257184,00-99,,,mastercard,debit
257185,00-99,,,mastercard,debit
257186,00-99,,,mastercard,debit
257187,00-99,,,mastercard,debit
257188,00-99,,,mastercard,debit
257189,00-99,,,mastercard,debit
257190,00-99,,,mastercard,debit
257191,00-99,,,mastercard,debit
257192,00-99,,,mastercard,debit
257193,00-99,,,mastercard,debit
257194,00-99,,,mastercard,debit
257195,00-99,,,mastercard,debit
257196,00-99,,,mastercard,debit
257197,00-99,,,mastercard,debit
257198,00-99,,,mastercard,debit
257199,00-99,,,mastercard,debit
257200,00-99,,,mastercard,debit
257201,00-99,,,mastercard,debit
257202,00-99,,,mastercard,debit
257203,00-99,,,mastercard,debit
257204,00-99,,,mastercard,debit
257205,00-99,,,mastercard,debit
257206,00-99,,,mastercard,debit
257207,00-99,,,mastercard,debit
257208,00-99,,,mastercard,debit
257209,00-99,,,mastercard,debit
257210,00-99,,,mastercard,debit
257211,00-99,,,mastercard,debit
257212,00-99,,,mastercard,debit
257213,00-99,,,mastercard,debit
257214,00-99,,,mastercard,debit
257215,00-99,,,mastercard,debit
257216,00-99,,,mastercard,debit
257217,00-99,,,mastercard,debit
257218,00-99,,,mastercard,debit
257219,00-99,,,mastercard,debit
257220,00-99,,,mastercard,debit
257221,00-99,,,mastercard,debit
257222,00-99,,,mastercard,debit
257223,00-99,,,mastercard,debit
257224,00-99,,,mastercard,debit
257225,00-99,,,mastercard,debit
257226,00-99,,,mastercard,debit
257227,00-99,,,mastercard,debit
257228,00-99,,,mastercard,debit
257229,00-99,,,mastercard,debit
257230,00-99,,,mastercard,debit
257231,00-99,,,mastercard,debit
257232,00-99,,,mastercard,debit
257233,00-99,,,mastercard,debit
257234,00-99,,,mastercard,debit
257235,00-99,,,mastercard,debit
257236,00-99,,,mastercard,debit
257237,00-99,,,mastercard,debit
257238,00-99,,,mastercard,debit
257239,00-99,,,mastercard,debit
257240,00-99,,,mastercard,debit
257241,00-99,,,mastercard,debit
257242,00-99,,,mastercard,debit
257243,00-99,,,mastercard,debit
257244,00-99,,,mastercard,debit
257245,00-99,,,mastercard,debit
257246,00-99,,,mastercard,debit
257247,00-99,,,mastercard,debit
257248,00-99,,,mastercard,debit
257249,00-99,,,mastercard,debit
257250,00-99,,,mastercard,debit
257251,00-99,,,mastercard,debit
257252,00-99,,,mastercard,debit
257253,00-99,,,mastercard,debit
257254,00-99,,,mastercard,debit
257255,00-99,,,mastercard,debit
257256,00-99,,,mastercard,debit
257257,00-99,,,mastercard,debit
257258,00-99,,,mastercard,debit
257259,00-99,,,mastercard,debit
257260,00-99,,,mastercard,debit
257261,00-99,,,mastercard,debit
257262,00-99,,,mastercard,debit
257263,00-99,,,mastercard,debit
257264,00-99,,,mastercard,debit
257265,00-99,,,mastercard,debit
257266,00-99,,,mastercard,debit
257267,00-99,,,mastercard,debit
257268,00-99,,,mastercard,debit
257269,00-99,,,mastercard,debit
257270,00-99,,,mastercard,debit
257271,00-99,,,mastercard,debit
257272,00-99,,,mastercard,debit
257273,00-99,,,mastercard,debit
257274,00-99,,,mastercard,debit
257275,00-99,,,mastercard,debit
257276,00-99,,,mastercard,debit
257277,00-99,,,mastercard,debit
257278,00-99,,,mastercard,debit
257279,00-99,,,mastercard,debit
257280,00-99,,,mastercard,debit
257281,00-99,,,mastercard,debit
257282,00-99,,,mastercard,debit
257283,00-99,,,mastercard,debit
257284,00-99,,,mastercard,debit
257285,00-99,,,mastercard,debit
257286,00-99,,,mastercard,debit
257287,00-99,,,mastercard,debit
257288,00-99,,,mastercard,debit
257289,00-99,,,mastercard,debit
257290,00-99,,,mastercard,debit
257291,00-99,,,mastercard,debit
257292,00-99,,,mastercard,debit
257293,00-99,,,mastercard,debit
257294,00-99,,,mastercard,debit
257295,00-99,,,mastercard,debit
257296,00-99,,,mastercard,debit
257297,00-99,,,mastercard,debit
257298,00-99,,,mastercard,debit
257299,00-99,,,mastercard,debit
257300,00-99,,,mastercard,debit
257301,00-99,,,mastercard,debit
257302,00-99,,,mastercard,debit
257303,00-99,,,mastercard,debit
257304,00-99,,,mastercard,debit
257305,00-99,,,mastercard,debit
257306,00-99,,,mastercard,debit
257307,00-99,,,mastercard,debit
257308,00-99,,,mastercard,debit
257309,00-99,,,mastercard,debit
257310,00-99,,,mastercard,debit
257311,00-99,,,mastercard,debit
257312,00-99,,,mastercard,debit
257313,00-99,,,mastercard,debit
257314,00-99,,,mastercard,debit
257315,00-99,,,mastercard,debit
257316,00-99,,,mastercard,debit
257317,00-99,,,mastercard,debit
257318,00-99,,,mastercard,debit
257319,00-99,,,mastercard,debit
257320,00-99,,,mastercard,debit
257321,00-99,,,mastercard,debit
257322,00-99,,,mastercard,debit
257323,00-99,,,mastercard,debit
257324,00-99,,,mastercard,debit
257325,00-99,,,mastercard,debit
257326,00-99,,,mastercard,debit
257327,00-99,,,mastercard,debit
257328,00-99,,,mastercard,debit
257329,00-99,,,mastercard,debit
257330,00-99,,,mastercard,debit
257331,00-99,,,mastercard,debit
257332,00-99,,,mastercard,debit
257333,00-99,,,mastercard,debit
257334,00-99,,,mastercard,debit
257335,00-99,,,mastercard,debit
257336,00-99,,,mastercard,debit
257337,00-99,,,mastercard,debit
257338,00-99,,,mastercard,debit
257339,00-99,,,mastercard,debit
257340,00-99,,,mastercard,debit
257341,00-99,,,mastercard,debit
257342,00-99,,,mastercard,debit
257343,00-99,,,mastercard,debit
257344,00-99,,,mastercard,debit
257345,00-99,,,mastercard,debit
257346,00-99,,,mastercard,debit
257347,00-99,,,mastercard,debit
257348,00-99,,,mastercard,debit
257349,00-99,,,mastercard,debit
257350,00-99,,,mastercard,debit
257351,00-99,,,mastercard,debit
257352,00-99,,,mastercard,debit
257353,00-99,,,mastercard,debit
257354,00-99,,,mastercard,debit
257355,00-99,,,mastercard,debit
257356,00-99,,,mastercard,debit
257357,00-99,,,mastercard,debit
257358,00-99,,,mastercard,debit
257359,00-99,,,mastercard,debit
257360,00-99,,,mastercard,debit
257361,00-99,,,mastercard,debit
257362,00-99,,,mastercard,debit
257363,00-99,,,mastercard,debit
257364,00-99,,,mastercard,debit
257365,00-99,,,mastercard,debit
257366,00-99,,,mastercard,debit
257367,00-99,,,mastercard,debit
257368,00-99,,,mastercard,debit
257369,00-99,,,mastercard,debit
257370,00-99,,,mastercard,debit
257371,00-99,,,mastercard,debit
257372,00-99,,,mastercard,debit
257373,00-99,,,mastercard,debit
257374,00-99,,,mastercard,debit
257375,00-99,,,mastercard,debit
257376,00-99,,,mastercard,debit
257377,00-99,,,mastercard,debit
257378,00-99,,,mastercard,debit
257379,00-99,,,mastercard,debit
257380,00-99,,,mastercard,debit
257381,00-99,,,mastercard,debit
257382,00-99,,,mastercard,debit
257383,00-99,,,mastercard,debit
257384,00-99,,,mastercard,debit
257385,00-99,,,mastercard,debit
257386,00-99,,,mastercard,debit
257387,00-99,,,mastercard,debit
257388,00-99,,,mastercard,debit
257389,00-99,,,mastercard,debit
257390,00-99,,,mastercard,debit
257391,00-99,,,mastercard,debit
257392,00-99,,,mastercard,debit
257393,00-99,,,mastercard,debit
257394,00-99,,,mastercard,debit
257395,00-99,,,mastercard,debit
257396,00-99,,,mastercard,debit
257397,00-99,,,mastercard,debit
257398,00-99,,,mastercard,debit
257399,00-99,,,mastercard,debit
257400,00-99,,,mastercard,debit
257401,00-99,,,mastercard,debit
257402,00-99,,,mastercard,debit
257403,00-99,,,mastercard,debit
257404,00-99,,,mastercard,debit
257405,00-99,,,mastercard,debit
257406,00-99,,,mastercard,debit
257407,00-99,,,mastercard,debit
257408,00-99,,,mastercard,debit
257409,00-99,,,mastercard,debit
257410,00-99,,,mastercard,debit
257411,00-99,,,mastercard,debit
257412,00-99,,,mastercard,debit
257413,00-99,,,mastercard,debit
257414,00-99,,,mastercard,debit
257415,00-99,,,mastercard,debit
257416,00-99,,,mastercard,debit
257417,00-99,,,mastercard,debit
257418,00-99,,,mastercard,debit
257419,00-99,,,mastercard,debit
257420,00-99,,,mastercard,debit
257421,00-99,,,mastercard,debit
257422,00-99,,,mastercard,debit
257423,00-99,,,mastercard,debit
257424,00-99,,,mastercard,debit
257425,00-99,,,mastercard,debit
257426,00-99,,,mastercard,debit
257427,00-99,,,mastercard,debit
257428,00-99,,,mastercard,debit
257429,00-99,,,mastercard,debit
257430,00-99,,,mastercard,debit
257431,00-99,,,mastercard,debit
257432,00-99,,,mastercard,debit
257433,00-99,,,mastercard,debit
257434,00-99,,,mastercard,debit
257435,00-99,,,mastercard,debit
257436,00-99,,,mastercard,debit
257437,00-99,,,mastercard,debit
257438,00-99,,,mastercard,debit
257439,00-99,,,mastercard,debit
257440,00-99,,,mastercard,debit
257441,00-99,,,mastercard,debit
257442,00-99,,,mastercard,debit
257443,00-99,,,mastercard,debit
257444,00-99,,,mastercard,debit
257445,00-99,,,mastercard,debit
257446,00-99,,,mastercard,debit
257447,00-99,,,mastercard,debit
257448,00-99,,,mastercard,debit
257449,00-99,,,mastercard,debit
257450,00-99,,,mastercard,debit
257451,00-99,,,mastercard,debit
257452,00-99,,,mastercard,debit
257453,00-99,,,mastercard,debit
257454,00-99,,,mastercard,debit
257455,00-99,,,mastercard,debit
257456,00-99,,,mastercard,debit
257457,00-99,,,mastercard,debit
257458,00-99,,,mastercard,debit
257459,00-99,,,mastercard,debit
257460,00-99,,,mastercard,debit
257461,00-99,,,mastercard,debit
257462,00-99,,,mastercard,debit
257463,00-99,,,mastercard,debit
257464,00-99,,,mastercard,debit
257465,00-99,,,mastercard,debit
257466,00-99,,,mastercard,debit
257467,00-99,,,mastercard,debit
257468,00-99,,,mastercard,debit
257469,00-99,,,mastercard,debit
257470,00-99,,,mastercard,debit
257471,00-99,,,mastercard,debit
257472,00-99,,,mastercard,debit
257473,00-99,,,mastercard,debit
257474,00-99,,,mastercard,debit
257475,00-99,,,mastercard,debit
257476,00-99,,,mastercard,debit
257477,00-99,,,mastercard,debit
257478,00-99,,,mastercard,debit
257479,00-99,,,mastercard,debit
257480,00-99,,,mastercard,debit
257481,00-99,,,mastercard,debit
257482,00-99,,,mastercard,debit
257483,00-99,,,mastercard,debit
257484,00-99,,,mastercard,debit
257485,00-99,,,mastercard,debit
257486,00-99,,,mastercard,debit
257487,00-99,,,mastercard,debit
257488,00-99,,,mastercard,debit
257489,00-99,,,mastercard,debit
257490,00-99,,,mastercard,debit
257491,00-99,,,mastercard,debit
257492,00-99,,,mastercard,debit
257493,00-99,,,mastercard,debit
257494,00-99,,,mastercard,debit
257495,00-99,,,mastercard,debit
257496,00-99,,,mastercard,debit
257497,00-99,,,mastercard,debit
257498,00-99,,,mastercard,debit
257499,00-99,,,mastercard,debit
257500,00-99,,,mastercard,debit
257501,00-99,,,mastercard,debit
257502,00-99,,,mastercard,debit
257503,00-99,,,mastercard,debit
257504,00-99,,,mastercard,debit
257505,00-99,,,mastercard,debit
257506,00-99,,,mastercard,debit
257507,00-99,,,mastercard,debit
257508,00-99,,,mastercard,debit
257509,00-99,,,mastercard,debit
257510,00-99,,,mastercard,debit
257511,00-99,,,mastercard,debit
257512,00-99,,,mastercard,debit
257513,00-99,,,mastercard,debit
257514,00-99,,,mastercard,debit
257515,00-99,,,mastercard,debit
257516,00-99,,,mastercard,debit
257517,00-99,,,mastercard,debit
257518,00-99,,,mastercard,debit
257519,00-99,,,mastercard,debit
257520,00-99,,,mastercard,debit
257521,00-99,,,mastercard,debit
257522,00-99,,,mastercard,debit
257523,00-99,,,mastercard,debit
257524,00-99,,,mastercard,debit
257525,00-99,,,mastercard,debit
257526,00-99,,,mastercard,debit
257527,00-99,,,mastercard,debit
257528,00-99,,,mastercard,debit
257529,00-99,,,mastercard,debit
257530,00-99,,,mastercard,debit
257531,00-99,,,mastercard,debit
257532,00-99,,,mastercard,debit
257533,00-99,,,mastercard,debit
257534,00-99,,,mastercard,debit
257535,00-99,,,mastercard,debit
257536,00-99,,,mastercard,debit
257537,00-99,,,mastercard,debit
257538,00-99,,,mastercard,debit
257539,00-99,,,mastercard,debit
257540,00-99,,,mastercard,debit
257541,00-99,,,mastercard,debit
257542,00-99,,,mastercard,debit
257543,00-99,,,mastercard,debit
257544,00-99,,,mastercard,debit
257545,00-99,,,mastercard,debit
257546,00-99,,,mastercard,debit
257547,00-99,,,mastercard,debit
257548,00-99,,,mastercard,debit
257549,00-99,,,mastercard,debit
257550,00-99,,,mastercard,debit
257551,00-99,,,mastercard,debit
257552,00-99,,,mastercard,debit
257553,00-99,,,mastercard,debit
257554,00-99,,,mastercard,debit
257555,00-99,,,mastercard,debit
257556,00-99,,,mastercard,debit
257557,00-99,,,mastercard,debit
257558,00-99,,,mastercard,debit
257559,00-99,,,mastercard,debit
257560,00-99,,,mastercard,debit
257561,00-99,,,mastercard,debit
257562,00-99,,,mastercard,debit
257563,00-99,,,mastercard,debit
257564,00-99,,,mastercard,debit
257565,00-99,,,mastercard,debit
257566,00-99,,,mastercard,debit
257567,00-99,,,mastercard,debit
257568,00-99,,,mastercard,debit
257569,00-99,,,mastercard,debit
257570,00-99,,,mastercard,debit
257571,00-99,,,mastercard,debit
257572,00-99,,,mastercard,debit
257573,00-99,,,mastercard,debit
257574,00-99,,,mastercard,debit
257575,00-99,,,mastercard,debit
257576,00-99,,,mastercard,debit
257577,00-99,,,mastercard,debit
257578,00-99,,,mastercard,debit
257579,00-99,,,mastercard,debit
257580,00-99,,,mastercard,debit
257581,00-99,,,mastercard,debit
257582,00-99,,,mastercard,debit
257583,00-99,,,mastercard,debit
257584,00-99,,,mastercard,debit
257585,00-99,,,mastercard,debit
257586,00-99,,,mastercard,debit
257587,00-99,,,mastercard,debit
257588,00-99,,,mastercard,debit
257589,00-99,,,mastercard,debit
257590,00-99,,,mastercard,debit
257591,00-99,,,mastercard,debit
257592,00-99,,,mastercard,debit
257593,00-99,,,mastercard,debit
257594,00-99,,,mastercard,debit
257595,00-99,,,mastercard,debit
257596,00-99,,,mastercard,debit
257597,00-99,,,mastercard,debit
257598,00-99,,,mastercard,debit
257599,00-99,,,mastercard,debit
257600,00-99,,,mastercard,debit
257601,00-99,,,mastercard,debit
257602,00-99,,,mastercard,debit
257603,00-99,,,mastercard,debit
257604,00-99,,,mastercard,debit
257605,00-99,,,mastercard,debit
257606,00-99,,,mastercard,debit
257607,00-99,,,mastercard,debit
257608,00-99,,,mastercard,debit
257609,00-99,,,mastercard,debit
257610,00-99,,,mastercard,debit
257611,00-99,,,mastercard,debit
257612,00-99,,,mastercard,debit
257613,00-99,,,mastercard,debit
257614,00-99,,,mastercard,debit
257615,00-99,,,mastercard,debit
257616,00-99,,,mastercard,debit
257617,00-99,,,mastercard,debit
257618,00-99,,,mastercard,debit
257619,00-99,,,mastercard,debit
257620,00-99,,,mastercard,debit
257621,00-99,,,mastercard,debit
257622,00-99,,,mastercard,debit
257623,00-99,,,mastercard,debit
257624,00-99,,,mastercard,debit
257625,00-99,,,mastercard,debit
257626,00-99,,,mastercard,debit
257627,00-99,,,mastercard,debit
257628,00-99,,,mastercard,debit
257629,00-99,,,mastercard,debit
257630,00-99,,,mastercard,debit
257631,00-99,,,mastercard,debit
257632,00-99,,,mastercard,debit
257633,00-99,,,mastercard,debit
257634,00-99,,,mastercard,debit
257635,00-99,,,mastercard,debit
257636,00-99,,,mastercard,debit
257637,00-99,,,mastercard,debit
257638,00-99,,,mastercard,debit
257639,00-99,,,mastercard,debit
257640,00-99,,,mastercard,debit
257641,00-99,,,mastercard,debit
257642,00-99,,,mastercard,debit
257643,00-99,,,mastercard,debit
257644,00-99,,,mastercard,debit
257645,00-99,,,mastercard,debit
257646,00-99,,,mastercard,debit
257647,00-99,,,mastercard,debit
257648,00-99,,,mastercard,debit
257649,00-99,,,mastercard,debit
257650,00-99,,,mastercard,debit
257651,00-99,,,mastercard,debit
257652,00-99,,,mastercard,debit
257653,00-99,,,mastercard,debit
257654,00-99,,,mastercard,debit
257655,00-99,,,mastercard,debit
257656,00-99,,,mastercard,debit
257657,00-99,,,mastercard,debit
257658,00-99,,,mastercard,debit
257659,00-99,,,mastercard,debit
257660,00-99,,,mastercard,debit
257661,00-99,,,mastercard,debit
257662,00-99,,,mastercard,debit
257663,00-99,,,mastercard,debit
257664,00-99,,,mastercard,debit
257665,00-99,,,mastercard,debit
257666,00-99,,,mastercard,debit
257667,00-99,,,mastercard,debit
257668,00-99,,,mastercard,debit
257669,00-99,,,mastercard,debit
257670,00-99,,,mastercard,debit
257671,00-99,,,mastercard,debit
257672,00-99,,,mastercard,debit
257673,00-99,,,mastercard,debit
257674,00-99,,,mastercard,debit
257675,00-99,,,mastercard,debit
257676,00-99,,,mastercard,debit
257677,00-99,,,mastercard,debit
257678,00-99,,,mastercard,debit
257679,00-99,,,mastercard,debit
257680,00-99,,,mastercard,debit
257681,00-99,,,mastercard,debit
257682,00-99,,,mastercard,debit
257683,00-99,,,mastercard,debit
257684,00-99,,,mastercard,debit
257685,00-99,,,mastercard,debit
257686,00-99,,,mastercard,debit
257687,00-99,,,mastercard,debit
257688,00-99,,,mastercard,debit
257689,00-99,,,mastercard,debit
257690,00-99,,,mastercard,debit
257691,00-99,,,mastercard,debit
257692,00-99,,,mastercard,debit
257693,00-99,,,mastercard,debit
257694,00-99,,,mastercard,debit
257695,00-99,,,mastercard,debit
257696,00-99,,,mastercard,debit
257697,00-99,,,mastercard,debit
257698,00-99,,,mastercard,debit
257699,00-99,,,mastercard,debit
257700,00-99,,,mastercard,debit
257701,00-99,,,mastercard,debit
257702,00-99,,,mastercard,debit
257703,00-99,,,mastercard,debit
257704,00-99,,,mastercard,debit
257705,00-99,,,mastercard,debit
257706,00-99,,,mastercard,debit
257707,00-99,,,mastercard,debit
257708,00-99,,,mastercard,debit
257709,00-99,,,mastercard,debit
257710,00-99,,,mastercard,debit
257711,00-99,,,mastercard,debit
257712,00-99,,,mastercard,debit
257713,00-99,,,mastercard,debit
257714,00-99,,,mastercard,debit
257715,00-99,,,mastercard,debit
257716,00-99,,,mastercard,debit
257717,00-99,,,mastercard,debit
257718,00-99,,,mastercard,debit
257719,00-99,,,mastercard,debit
257720,00-99,,,mastercard,debit
257721,00-99,,,mastercard,debit
257722,00-99,,,mastercard,debit
257723,00-99,,,mastercard,debit
257724,00-99,,,mastercard,debit
257725,00-99,,,mastercard,debit
257726,00-99,,,mastercard,debit
257727,00-99,,,mastercard,debit
257728,00-99,,,mastercard,debit
257729,00-99,,,mastercard,debit
257730,00-99,,,mastercard,debit
257731,00-99,,,mastercard,debit
257732,00-99,,,mastercard,debit
257733,00-99,,,mastercard,debit
257734,00-99,,,mastercard,debit
257735,00-99,,,mastercard,debit
257736,00-99,,,mastercard,debit
257737,00-99,,,mastercard,debit
257738,00-99,,,mastercard,debit
257739,00-99,,,mastercard,debit
257740,00-99,,,mastercard,debit
257741,00-99,,,mastercard,debit
257742,00-99,,,mastercard,debit
257743,00-99,,,mastercard,debit
257744,00-99,,,mastercard,debit
257745,00-99,,,mastercard,debit
257746,00-99,,,mastercard,debit
257747,00-99,,,mastercard,debit
257748,00-99,,,mastercard,debit
257749,00-99,,,mastercard,debit
257750,00-99,,,mastercard,debit
257751,00-99,,,mastercard,debit
257752,00-99,,,mastercard,debit
257753,00-99,,,mastercard,debit
257754,00-99,,,mastercard,debit
257755,00-99,,,mastercard,debit
257756,00-99,,,mastercard,debit
257757,00-99,,,mastercard,debit
257758,00-99,,,mastercard,debit
257759,00-99,,,mastercard,debit
257760,00-99,,,mastercard,debit
257761,00-99,,,mastercard,debit
257762,00-99,,,mastercard,debit
257763,00-99,,,mastercard,debit
257764,00-99,,,mastercard,debit
257765,00-99,,,mastercard,debit
257766,00-99,,,mastercard,debit
257767,00-99,,,mastercard,debit
257768,00-99,,,mastercard,debit
257769,00-99,,,mastercard,debit
257770,00-99,,,mastercard,debit
257771,00-99,,,mastercard,debit
257772,00-99,,,mastercard,debit
257773,00-99,,,mastercard,debit
257774,00-99,,,mastercard,debit
257775,00-99,,,mastercard,debit
257776,00-99,,,mastercard,debit
257777,00-99,,,mastercard,debit
257778,00-99,,,mastercard,debit
257779,00-99,,,mastercard,debit
257780,00-99,,,mastercard,debit
257781,00-99,,,mastercard,debit
257782,00-99,,,mastercard,debit
257783,00-99,,,mastercard,debit
257784,00-99,,,mastercard,debit
257785,00-99,,,mastercard,debit
257786,00-99,,,mastercard,debit
257787,00-99,,,mastercard,debit
257788,00-99,,,mastercard,debit
257789,00-99,,,mastercard,debit
257790,00-99,,,mastercard,debit
257791,00-99,,,mastercard,debit
257792,00-99,,,mastercard,debit
257793,00-99,,,mastercard,debit
257794,00-99,,,mastercard,debit
257795,00-99,,,mastercard,debit
257796,00-99,,,mastercard,debit
257797,00-99,,,mastercard,debit
257798,00-99,,,mastercard,debit
257799,00-99,,,mastercard,debit
257800,00-99,,,mastercard,debit
257801,00-99,,,mastercard,debit
257802,00-99,,,mastercard,debit
257803,00-99,,,mastercard,debit
257804,00-99,,,mastercard,debit
257805,00-99,,,mastercard,debit
257806,00-99,,,mastercard,debit
257807,00-99,,,mastercard,debit
257808,00-99,,,mastercard,debit
257809,00-99,,,mastercard,debit
257810,00-99,,,mastercard,debit
257811,00-99,,,mastercard,debit
257812,00-99,,,mastercard,debit
257813,00-99,,,mastercard,debit
257814,00-99,,,mastercard,debit
257815,00-99,,,mastercard,debit
257816,00-99,,,mastercard,debit
257817,00-99,,,mastercard,debit
257818,00-99,,,mastercard,debit
257819,00-99,,,mastercard,debit
257820,00-99,,,mastercard,debit
257821,00-99,,,mastercard,debit
257822,00-99,,,mastercard,debit
257823,00-99,,,mastercard,debit
257824,00-99,,,mastercard,debit
257825,00-99,,,mastercard,debit
257826,00-99,,,mastercard,debit
257827,00-99,,,mastercard,debit
257828,00-99,,,mastercard,debit
257829,00-99,,,mastercard,debit
257830,00-99,,,mastercard,debit
257831,00-99,,,mastercard,debit
257832,00-99,,,mastercard,debit
257833,00-99,,,mastercard,debit
257834,00-99,,,mastercard,debit
257835,00-99,,,mastercard,debit
257836,00-99,,,mastercard,debit
257837,00-99,,,mastercard,debit
257838,00-99,,,mastercard,debit
257839,00-99,,,mastercard,debit
257840,00-99,,,mastercard,debit
257841,00-99,,,mastercard,debit
257842,00-99,,,mastercard,debit
257843,00-99,,,mastercard,debit
257844,00-99,,,mastercard,debit
257845,00-99,,,mastercard,debit
257846,00-99,,,mastercard,debit
257847,00-99,,,mastercard,debit
257848,00-99,,,mastercard,debit
257849,00-99,,,mastercard,debit
257850,00-99,,,mastercard,debit
257851,00-99,,,mastercard,debit
257852,00-99,,,mastercard,debit
257853,00-99,,,mastercard,debit
257854,00-99,,,mastercard,debit
257855,00-99,,,mastercard,debit
257856,00-99,,,mastercard,debit
257857,00-99,,,mastercard,debit
257858,00-99,,,mastercard,debit
257859,00-99,,,mastercard,debit
257860,00-99,,,mastercard,debit
257861,00-99,,,mastercard,debit
257862,00-99,,,mastercard,debit
257863,00-99,,,mastercard,debit
257864,00-99,,,mastercard,debit
257865,00-99,,,mastercard,debit
257866,00-99,,,mastercard,debit
257867,00-99,,,mastercard,debit
257868,00-99,,,mastercard,debit
257869,00-99,,,mastercard,debit
257870,00-99,,,mastercard,debit
257871,00-99,,,mastercard,debit
257872,00-99,,,mastercard,debit
257873,00-99,,,mastercard,debit
257874,00-99,,,mastercard,debit
257875,00-99,,,mastercard,debit
257876,00-99,,,mastercard,debit
257877,00-99,,,mastercard,debit
257878,00-99,,,mastercard,debit
257879,00-99,,,mastercard,debit
257880,00-99,,,mastercard,debit
257881,00-99,,,mastercard,debit
257882,00-99,,,mastercard,debit
257883,00-99,,,mastercard,debit
257884,00-99,,,mastercard,debit
257885,00-99,,,mastercard,debit
257886,00-99,,,mastercard,debit
257887,00-99,,,mastercard,debit
257888,00-99,,,mastercard,debit
257889,00-99,,,mastercard,debit
257890,00-99,,,mastercard,debit
257891,00-99,,,mastercard,debit
257892,00-99,,,mastercard,debit
257893,00-99,,,mastercard,debit
257894,00-99,,,mastercard,debit
257895,00-99,,,mastercard,debit
257896,00-99,,,mastercard,debit
257897,00-99,,,mastercard,debit
257898,00-99,,,mastercard,debit
257899,00-99,,,mastercard,debit
257900,00-99,,,mastercard,debit
257901,00-99,,,mastercard,debit
257902,00-99,,,mastercard,debit
257903,00-99,,,mastercard,debit
257904,00-99,,,mastercard,debit
257905,00-99,,,mastercard,debit
257906,00-99,,,mastercard,debit
257907,00-99,,,mastercard,debit
257908,00-99,,,mastercard,debit
257909,00-99,,,mastercard,debit
257910,00-99,,,mastercard,debit
257911,00-99,,,mastercard,debit
257912,00-99,,,mastercard,debit
257913,00-99,,,mastercard,debit
257914,00-99,,,mastercard,debit
257915,00-99,,,mastercard,debit
257916,00-99,,,mastercard,debit
257917,00-99,,,mastercard,debit
257918,00-99,,,mastercard,debit
257919,00-99,,,mastercard,debit
257920,00-99,,,mastercard,debit
257921,00-99,,,mastercard,debit
257922,00-99,,,mastercard,debit
257923,00-99,,,mastercard,debit
257924,00-99,,,mastercard,debit
257925,00-99,,,mastercard,debit
257926,00-99,,,mastercard,debit
257927,00-99,,,mastercard,debit
257928,00-99,,,mastercard,debit
257929,00-99,,,mastercard,debit
257930,00-99,,,mastercard,debit
257931,00-99,,,mastercard,debit
257932,00-99,,,mastercard,debit
257933,00-99,,,mastercard,debit
257934,00-99,,,mastercard,debit
257935,00-99,,,mastercard,debit
257936,00-99,,,mastercard,debit
257937,00-99,,,mastercard,debit
257938,00-99,,,mastercard,debit
257939,00-99,,,mastercard,debit
257940,00-99,,,mastercard,debit
257941,00-99,,,mastercard,debit
257942,00-99,,,mastercard,debit
257943,00-99,,,mastercard,debit
257944,00-99,,,mastercard,debit
257945,00-99,,,mastercard,debit
257946,00-99,,,mastercard,debit
257947,00-99,,,mastercard,debit
257948,00-99,,,mastercard,debit
257949,00-99,,,mastercard,debit
257950,00-99,,,mastercard,debit
257951,00-99,,,mastercard,debit
257952,00-99,,,mastercard,debit
257953,00-99,,,mastercard,debit
257954,00-99,,,mastercard,debit
257955,00-99,,,mastercard,debit
257956,00-99,,,mastercard,debit
257957,00-99,,,mastercard,debit
257958,00-99,,,mastercard,debit
257959,00-99,,,mastercard,debit
257960,00-99,,,mastercard,debit
257961,00-99,,,mastercard,debit
257962,00-99,,,mastercard,debit
257963,00-99,,,mastercard,debit
257964,00-99,,,mastercard,debit
257965,00-99,,,mastercard,debit
257966,00-99,,,mastercard,debit
257967,00-99,,,mastercard,debit
257968,00-99,,,mastercard,debit
257969,00-99,,,mastercard,debit
257970,00-99,,,mastercard,debit
257971,00-99,,,mastercard,debit
257972,00-99,,,mastercard,debit
257973,00-99,,,mastercard,debit
257974,00-99,,,mastercard,debit
257975,00-99,,,mastercard,debit
257976,00-99,,,mastercard,debit
257977,00-99,,,mastercard,debit
257978,00-99,,,mastercard,debit
257979,00-99,,,mastercard,debit
257980,00-99,,,mastercard,debit
257981,00-99,,,mastercard,debit
257982,00-99,,,mastercard,debit
257983,00-99,,,mastercard,debit
257984,00-99,,,mastercard,debit
257985,00-99,,,mastercard,debit
257986,00-99,,,mastercard,debit
257987,00-99,,,mastercard,debit
257988,00-99,,,mastercard,debit
257989,00-99,,,mastercard,debit
257990,00-99,,,mastercard,debit
257991,00-99,,,mastercard,debit
257992,00-99,,,mastercard,debit
257993,00-99,,,mastercard,debit
257994,00-99,,,mastercard,debit
257995,00-99,,,mastercard,debit
257996,00-99,,,mastercard,debit
257997,00-99,,,mastercard,debit
257998,00-99,,,mastercard,debit
257999,00-99,,,mastercard,debit
258000,00-99,,,mastercard,debit
258001,00-99,,,mastercard,debit
258002,00-99,,,mastercard,debit
258003,00-99,,,mastercard,debit
258004,00-99,,,mastercard,debit
258005,00-99,,,mastercard,debit
258006,00-99,,,mastercard,debit
258007,00-99,,,mastercard,debit
258008,00-99,,,mastercard,debit
258009,00-99,,,mastercard,debit
258010,00-99,,,mastercard,debit
258011,00-99,,,mastercard,debit
258012,00-99,,,mastercard,debit
258013,00-99,,,mastercard,debit
258014,00-99,,,mastercard,debit
258015,00-99,,,mastercard,debit
258016,00-99,,,mastercard,debit
258017,00-99,,,mastercard,debit
258018,00-99,,,mastercard,debit
258019,00-99,,,mastercard,debit
258020,00-99,,,mastercard,debit
258021,00-99,,,mastercard,debit
258022,00-99,,,mastercard,debit
258023,00-99,,,mastercard,debit
258024,00-99,,,mastercard,debit
258025,00-99,,,mastercard,debit
258026,00-99,,,mastercard,debit
258027,00-99,,,mastercard,debit
258028,00-99,,,mastercard,debit
258029,00-99,,,mastercard,debit
258030,00-99,,,mastercard,debit
258031,00-99,,,mastercard,debit
258032,00-99,,,mastercard,debit
258033,00-99,,,mastercard,debit
258034,00-99,,,mastercard,debit
258035,00-99,,,mastercard,debit
258036,00-99,,,mastercard,debit
258037,00-99,,,mastercard,debit
258038,00-99,,,mastercard,debit
258039,00-99,,,mastercard,debit
258040,00-99,,,mastercard,debit
258041,00-99,,,mastercard,debit
258042,00-99,,,mastercard,debit
258043,00-99,,,mastercard,debit
258044,00-99,,,mastercard,debit
258045,00-99,,,mastercard,debit
258046,00-99,,,mastercard,debit
258047,00-99,,,mastercard,debit
258048,00-99,,,mastercard,debit
258049,00-99,,,mastercard,debit
258050,00-99,,,mastercard,debit
258051,00-99,,,mastercard,debit
258052,00-99,,,mastercard,debit
258053,00-99,,,mastercard,debit
258054,00-99,,,mastercard,debit
258055,00-99,,,mastercard,debit
258056,00-99,,,mastercard,debit
258057,00-99,,,mastercard,debit
258058,00-99,,,mastercard,debit
258059,00-99,,,mastercard,debit
258060,00-99,,,mastercard,debit
258061,00-99,,,mastercard,debit
258062,00-99,,,mastercard,debit
258063,00-99,,,mastercard,debit
258064,00-99,,,mastercard,debit
258065,00-99,,,mastercard,debit
258066,00-99,,,mastercard,debit
258067,00-99,,,mastercard,debit
258068,00-99,,,mastercard,debit
258069,00-99,,,mastercard,debit
258070,00-99,,,mastercard,debit
258071,00-99,,,mastercard,debit
258072,00-99,,,mastercard,debit
258073,00-99,,,mastercard,debit
258074,00-99,,,mastercard,debit
258075,00-99,,,mastercard,debit
258076,00-99,,,mastercard,debit
258077,00-99,,,mastercard,debit
258078,00-99,,,mastercard,debit
258079,00-99,,,mastercard,debit
258080,00-99,,,mastercard,debit
258081,00-99,,,mastercard,debit
258082,00-99,,,mastercard,debit
258083,00-99,,,mastercard,debit
258084,00-99,,,mastercard,debit
258085,00-99,,,mastercard,debit
258086,00-99,,,mastercard,debit
258087,00-99,,,mastercard,debit
258088,00-99,,,mastercard,debit
258089,00-99,,,mastercard,debit
258090,00-99,,,mastercard,debit
258091,00-99,,,mastercard,debit
258092,00-99,,,mastercard,debit
258093,00-99,,,mastercard,debit
258094,00-99,,,mastercard,debit
258095,00-99,,,mastercard,debit
258096,00-99,,,mastercard,debit
258097,00-99,,,mastercard,debit
258098,00-99,,,mastercard,debit
258099,00-99,,,mastercard,debit
258100,00-99,,,mastercard,debit
258101,00-99,,,mastercard,debit
258102,00-99,,,mastercard,debit
258103,00-99,,,mastercard,debit
258104,00-99,,,mastercard,debit
258105,00-99,,,mastercard,debit
258106,00-99,,,mastercard,debit
258107,00-99,,,mastercard,debit
258108,00-99,,,mastercard,debit
258109,00-99,,,mastercard,debit
258110,00-99,,,mastercard,debit
258111,00-99,,,mastercard,debit
258112,00-99,,,mastercard,debit
258113,00-99,,,mastercard,debit
258114,00-99,,,mastercard,debit
258115,00-99,,,mastercard,debit
258116,00-99,,,mastercard,debit
258117,00-99,,,mastercard,debit
258118,00-99,,,mastercard,debit
258119,00-99,,,mastercard,debit
258120,00-99,,,mastercard,debit
258121,00-99,,,mastercard,debit
258122,00-99,,,mastercard,debit
258123,00-99,,,mastercard,debit
258124,00-99,,,mastercard,debit
258125,00-99,,,mastercard,debit
258126,00-99,,,mastercard,debit
258127,00-99,,,mastercard,debit
258128,00-99,,,mastercard,debit
258129,00-99,,,mastercard,debit
258130,00-99,,,mastercard,debit
258131,00-99,,,mastercard,debit
258132,00-99,,,mastercard,debit
258133,00-99,,,mastercard,debit
258134,00-99,,,mastercard,debit
258135,00-99,,,mastercard,debit
258136,00-99,,,mastercard,debit
258137,00-99,,,mastercard,debit
258138,00-99,,,mastercard,debit
258139,00-99,,,mastercard,debit
258140,00-99,,,mastercard,debit
258141,00-99,,,mastercard,debit
258142,00-99,,,mastercard,debit
258143,00-99,,,mastercard,debit
258144,00-99,,,mastercard,debit
258145,00-99,,,mastercard,debit
258146,00-99,,,mastercard,debit
258147,00-99,,,mastercard,debit
258148,00-99,,,mastercard,debit
258149,00-99,,,mastercard,debit
258150,00-99,,,mastercard,debit
258151,00-99,,,mastercard,debit
258152,00-99,,,mastercard,debit
258153,00-99,,,mastercard,debit
258154,00-99,,,mastercard,debit
258155,00-99,,,mastercard,debit
258156,00-99,,,mastercard,debit
258157,00-99,,,mastercard,debit
258158,00-99,,,mastercard,debit
258159,00-99,,,mastercard,debit
258160,00-99,,,mastercard,debit
258161,00-99,,,mastercard,debit
258162,00-99,,,mastercard,debit
258163,00-99,,,mastercard,debit
258164,00-99,,,mastercard,debit
258165,00-99,,,mastercard,debit
258166,00-99,,,mastercard,debit
258167,00-99,,,mastercard,debit
258168,00-99,,,mastercard,debit
258169,00-99,,,mastercard,debit
258170,00-99,,,mastercard,debit
258171,00-99,,,mastercard,debit
258172,00-99,,,mastercard,debit
258173,00-99,,,mastercard,debit
258174,00-99,,,mastercard,debit
258175,00-99,,,mastercard,debit
258176,00-99,,,mastercard,debit
258177,00-99,,,mastercard,debit
258178,00-99,,,mastercard,debit
258179,00-99,,,mastercard,debit
258180,00-99,,,mastercard,debit
258181,00-99,,,mastercard,debit
258182,00-99,,,mastercard,debit
258183,00-99,,,mastercard,debit
258184,00-99,,,mastercard,debit
258185,00-99,,,mastercard,debit
258186,00-99,,,mastercard,debit
258187,00-99,,,mastercard,debit
258188,00-99,,,mastercard,debit
258189,00-99,,,mastercard,debit
258190,00-99,,,mastercard,debit
258191,00-99,,,mastercard,debit
258192,00-99,,,mastercard,debit
258193,00-99,,,mastercard,debit
258194,00-99,,,mastercard,debit
258195,00-99,,,mastercard,debit
258196,00-99,,,mastercard,debit
258197,00-99,,,mastercard,debit
258198,00-99,,,mastercard,debit
258199,00-99,,,mastercard,debit
258200,00-99,,,mastercard,debit
258201,00-99,,,mastercard,debit
258202,00-99,,,mastercard,debit
258203,00-99,,,mastercard,debit
258204,00-99,,,mastercard,debit
258205,00-99,,,mastercard,debit
258206,00-99,,,mastercard,debit
258207,00-99,,,mastercard,debit
258208,00-99,,,mastercard,debit
258209,00-99,,,mastercard,debit
258210,00-99,,,mastercard,debit
258211,00-99,,,mastercard,debit
258212,00-99,,,mastercard,debit
258213,00-99,,,mastercard,debit
258214,00-99,,,mastercard,debit
258215,00-99,,,mastercard,debit
258216,00-99,,,mastercard,debit
258217,00-99,,,mastercard,debit
258218,00-99,,,mastercard,debit
258219,00-99,,,mastercard,debit
258220,00-99,,,mastercard,debit
258221,00-99,,,mastercard,debit
258222,00-99,,,mastercard,debit
258223,00-99,,,mastercard,debit
258224,00-99,,,mastercard,debit
258225,00-99,,,mastercard,debit
258226,00-99,,,mastercard,debit
258227,00-99,,,mastercard,debit
258228,00-99,,,mastercard,debit
258229,00-99,,,mastercard,debit
258230,00-99,,,mastercard,debit
258231,00-99,,,mastercard,debit
258232,00-99,,,mastercard,debit
258233,00-99,,,mastercard,debit
258234,00-99,,,mastercard,debit
258235,00-99,,,mastercard,debit
258236,00-99,,,mastercard,debit
258237,00-99,,,mastercard,debit
258238,00-99,,,mastercard,debit
258239,00-99,,,mastercard,debit
258240,00-99,,,mastercard,debit
258241,00-99,,,mastercard,debit
258242,00-99,,,mastercard,debit
258243,00-99,,,mastercard,debit
258244,00-99,,,mastercard,debit
258245,00-99,,,mastercard,debit
258246,00-99,,,mastercard,debit
258247,00-99,,,mastercard,debit
258248,00-99,,,mastercard,debit
258249,00-99,,,mastercard,debit
258250,00-99,,,mastercard,debit
258251,00-99,,,mastercard,debit
258252,00-99,,,mastercard,debit
258253,00-99,,,mastercard,debit
258254,00-99,,,mastercard,debit
258255,00-99,,,mastercard,debit
258256,00-99,,,mastercard,debit
258257,00-99,,,mastercard,debit
258258,00-99,,,mastercard,debit
258259,00-99,,,mastercard,debit
258260,00-99,,,mastercard,debit
258261,00-99,,,mastercard,debit
258262,00-99,,,mastercard,debit
258263,00-99,,,mastercard,debit
258264,00-99,,,mastercard,debit
258265,00-99,,,mastercard,debit
258266,00-99,,,mastercard,debit
258267,00-99,,,mastercard,debit
258268,00-99,,,mastercard,debit
258269,00-99,,,mastercard,debit
258270,00-99,,,mastercard,debit
258271,00-99,,,mastercard,debit
258272,00-99,,,mastercard,debit
258273,00-99,,,mastercard,debit
258274,00-99,,,mastercard,debit
258275,00-99,,,mastercard,debit
258276,00-99,,,mastercard,debit
258277,00-99,,,mastercard,debit
258278,00-99,,,mastercard,debit
258279,00-99,,,mastercard,debit
258280,00-99,,,mastercard,debit
258281,00-99,,,mastercard,debit
258282,00-99,,,mastercard,debit
258283,00-99,,,mastercard,debit
258284,00-99,,,mastercard,debit
258285,00-99,,,mastercard,debit
258286,00-99,,,mastercard,debit
258287,00-99,,,mastercard,debit
258288,00-99,,,mastercard,debit
258289,00-99,,,mastercard,debit
258290,00-99,,,mastercard,debit
258291,00-99,,,mastercard,debit
258292,00-99,,,mastercard,debit
258293,00-99,,,mastercard,debit
258294,00-99,,,mastercard,debit
258295,00-99,,,mastercard,debit
258296,00-99,,,mastercard,debit
258297,00-99,,,mastercard,debit
258298,00-99,,,mastercard,debit
258299,00-99,,,mastercard,debit
258300,00-99,,,mastercard,debit
258301,00-99,,,mastercard,debit
258302,00-99,,,mastercard,debit
258303,00-99,,,mastercard,debit
258304,00-99,,,mastercard,debit
258305,00-99,,,mastercard,debit
258306,00-99,,,mastercard,debit
258307,00-99,,,mastercard,debit
258308,00-99,,,mastercard,debit
258309,00-99,,,mastercard,debit
258310,00-99,,,mastercard,debit
258311,00-99,,,mastercard,debit
258312,00-99,,,mastercard,debit
258313,00-99,,,mastercard,debit
258314,00-99,,,mastercard,debit
258315,00-99,,,mastercard,debit
258316,00-99,,,mastercard,debit
258317,00-99,,,mastercard,debit
258318,00-99,,,mastercard,debit
258319,00-99,,,mastercard,debit
258320,00-99,,,mastercard,debit
258321,00-99,,,mastercard,debit
258322,00-99,,,mastercard,debit
258323,00-99,,,mastercard,debit
258324,00-99,,,mastercard,debit
258325,00-99,,,mastercard,debit
258326,00-99,,,mastercard,debit
258327,00-99,,,mastercard,debit
258328,00-99,,,mastercard,debit
258329,00-99,,,mastercard,debit
258330,00-99,,,mastercard,debit
258331,00-99,,,mastercard,debit
258332,00-99,,,mastercard,debit
258333,00-99,,,mastercard,debit
258334,00-99,,,mastercard,debit
258335,00-99,,,mastercard,debit
258336,00-99,,,mastercard,debit
258337,00-99,,,mastercard,debit
258338,00-99,,,mastercard,debit
258339,00-99,,,mastercard,debit
258340,00-99,,,mastercard,debit
258341,00-99,,,mastercard,debit
258342,00-99,,,mastercard,debit
258343,00-99,,,mastercard,debit
258344,00-99,,,mastercard,debit
258345,00-99,,,mastercard,debit
258346,00-99,,,mastercard,debit
258347,00-99,,,mastercard,debit
258348,00-99,,,mastercard,debit
258349,00-99,,,mastercard,debit
258350,00-99,,,mastercard,debit
258351,00-99,,,mastercard,debit
258352,00-99,,,mastercard,debit
258353,00-99,,,mastercard,debit
258354,00-99,,,mastercard,debit
258355,00-99,,,mastercard,debit
258356,00-99,,,mastercard,debit
258357,00-99,,,mastercard,debit
258358,00-99,,,mastercard,debit
258359,00-99,,,mastercard,debit
258360,00-99,,,mastercard,debit
258361,00-99,,,mastercard,debit
258362,00-99,,,mastercard,debit
258363,00-99,,,mastercard,debit
258364,00-99,,,mastercard,debit
258365,00-99,,,mastercard,debit
258366,00-99,,,mastercard,debit
258367,00-99,,,mastercard,debit
258368,00-99,,,mastercard,debit
258369,00-99,,,mastercard,debit
258370,00-99,,,mastercard,debit
258371,00-99,,,mastercard,debit
258372,00-99,,,mastercard,debit
258373,00-99,,,mastercard,debit
258374,00-99,,,mastercard,debit
258375,00-99,,,mastercard,debit
258376,00-99,,,mastercard,debit
258377,00-99,,,mastercard,debit
258378,00-99,,,mastercard,debit
258379,00-99,,,mastercard,debit
258380,00-99,,,mastercard,debit
258381,00-99,,,mastercard,debit
258382,00-99,,,mastercard,debit
258383,00-99,,,mastercard,debit
258384,00-99,,,mastercard,debit
258385,00-99,,,mastercard,debit
258386,00-99,,,mastercard,debit
258387,00-99,,,mastercard,debit
258388,00-99,,,mastercard,debit
258389,00-99,,,mastercard,debit
258390,00-99,,,mastercard,debit
258391,00-99,,,mastercard,debit
258392,00-99,,,mastercard,debit
258393,00-99,,,mastercard,debit
258394,00-99,,,mastercard,debit
258395,00-99,,,mastercard,debit
258396,00-99,,,mastercard,debit
258397,00-99,,,mastercard,debit
258398,00-99,,,mastercard,debit
258399,00-99,,,mastercard,debit
258400,00-99,,,mastercard,debit
258401,00-99,,,mastercard,debit
258402,00-99,,,mastercard,debit
258403,00-99,,,mastercard,debit
258404,00-99,,,mastercard,debit
258405,00-99,,,mastercard,debit
258406,00-99,,,mastercard,debit
258407,00-99,,,mastercard,debit
258408,00-99,,,mastercard,debit
258409,00-99,,,mastercard,debit
258410,00-99,,,mastercard,debit
258411,00-99,,,mastercard,debit
258412,00-99,,,mastercard,debit
258413,00-99,,,mastercard,debit
258414,00-99,,,mastercard,debit
258415,00-99,,,mastercard,debit
258416,00-99,,,mastercard,debit
258417,00-99,,,mastercard,debit
258418,00-99,,,mastercard,debit
258419,00-99,,,mastercard,debit
258420,00-99,,,mastercard,debit
258421,00-99,,,mastercard,debit
258422,00-99,,,mastercard,debit
258423,00-99,,,mastercard,debit
258424,00-99,,,mastercard,debit
258425,00-99,,,mastercard,debit
258426,00-99,,,mastercard,debit
258427,00-99,,,mastercard,debit
258428,00-99,,,mastercard,debit
258429,00-99,,,mastercard,debit
258430,00-99,,,mastercard,debit
258431,00-99,,,mastercard,debit
258432,00-99,,,mastercard,debit
258433,00-99,,,mastercard,debit
258434,00-99,,,mastercard,debit
258435,00-99,,,mastercard,debit
258436,00-99,,,mastercard,debit
258437,00-99,,,mastercard,debit
258438,00-99,,,mastercard,debit
258439,00-99,,,mastercard,debit
258440,00-99,,,mastercard,debit
258441,00-99,,,mastercard,debit
258442,00-99,,,mastercard,debit
258443,00-99,,,mastercard,debit
258444,00-99,,,mastercard,debit
258445,00-99,,,mastercard,debit
258446,00-99,,,mastercard,debit
258447,00-99,,,mastercard,debit
258448,00-99,,,mastercard,debit
258449,00-99,,,mastercard,debit
258450,00-99,,,mastercard,debit
258451,00-99,,,mastercard,debit
258452,00-99,,,mastercard,debit
258453,00-99,,,mastercard,debit
258454,00-99,,,mastercard,debit
258455,00-99,,,mastercard,debit
258456,00-99,,,mastercard,debit
258457,00-99,,,mastercard,debit
258458,00-99,,,mastercard,debit
258459,00-99,,,mastercard,debit
258460,00-99,,,mastercard,debit
258461,00-99,,,mastercard,debit
258462,00-99,,,mastercard,debit
258463,00-99,,,mastercard,debit
258464,00-99,,,mastercard,debit
258465,00-99,,,mastercard,debit
258466,00-99,,,mastercard,debit
258467,00-99,,,mastercard,debit
258468,00-99,,,mastercard,debit
258469,00-99,,,mastercard,debit
258470,00-99,,,mastercard,debit
258471,00-99,,,mastercard,debit
258472,00-99,,,mastercard,debit
258473,00-99,,,mastercard,debit
258474,00-99,,,mastercard,debit
258475,00-99,,,mastercard,debit
258476,00-99,,,mastercard,debit
258477,00-99,,,mastercard,debit
258478,00-99,,,mastercard,debit
258479,00-99,,,mastercard,debit
258480,00-99,,,mastercard,debit
258481,00-99,,,mastercard,debit
258482,00-99,,,mastercard,debit
258483,00-99,,,mastercard,debit
258484,00-99,,,mastercard,debit
258485,00-99,,,mastercard,debit
258486,00-99,,,mastercard,debit
258487,00-99,,,mastercard,debit
258488,00-99,,,mastercard,debit
258489,00-99,,,mastercard,debit
258490,00-99,,,mastercard,debit
258491,00-99,,,mastercard,debit
258492,00-99,,,mastercard,debit
258493,00-99,,,mastercard,debit
258494,00-99,,,mastercard,debit
258495,00-99,,,mastercard,debit
258496,00-99,,,mastercard,debit
258497,00-99,,,mastercard,debit
258498,00-99,,,mastercard,debit
258499,00-99,,,mastercard,debit
258500,00-99,,,mastercard,debit
258501,00-99,,,mastercard,debit
258502,00-99,,,mastercard,debit
258503,00-99,,,mastercard,debit
258504,00-99,,,mastercard,debit
258505,00-99,,,mastercard,debit
258506,00-99,,,mastercard,debit
258507,00-99,,,mastercard,debit
258508,00-99,,,mastercard,debit
258509,00-99,,,mastercard,debit
258510,00-99,,,mastercard,debit
258511,00-99,,,mastercard,debit
258512,00-99,,,mastercard,debit
258513,00-99,,,mastercard,debit
258514,00-99,,,mastercard,debit
258515,00-99,,,mastercard,debit
258516,00-99,,,mastercard,debit
258517,00-99,,,mastercard,debit
258518,00-99,,,mastercard,debit
258519,00-99,,,mastercard,debit
258520,00-99,,,mastercard,debit
258521,00-99,,,mastercard,debit
258522,00-99,,,mastercard,debit
258523,00-99,,,mastercard,debit
258524,00-99,,,mastercard,debit
258525,00-99,,,mastercard,debit
258526,00-99,,,mastercard,debit
258527,00-99,,,mastercard,debit
258528,00-99,,,mastercard,debit
258529,00-99,,,mastercard,debit
258530,00-99,,,mastercard,debit
258531,00-99,,,mastercard,debit
258532,00-99,,,mastercard,debit
258533,00-99,,,mastercard,debit
258534,00-99,,,mastercard,debit
258535,00-99,,,mastercard,debit
258536,00-99,,,mastercard,debit
258537,00-99,,,mastercard,debit
258538,00-99,,,mastercard,debit
258539,00-99,,,mastercard,debit
258540,00-99,,,mastercard,debit
258541,00-99,,,mastercard,debit
258542,00-99,,,mastercard,debit
258543,00-99,,,mastercard,debit
258544,00-99,,,mastercard,debit
258545,00-99,,,mastercard,debit
258546,00-99,,,mastercard,debit
258547,00-99,,,mastercard,debit
258548,00-99,,,mastercard,debit
258549,00-99,,,mastercard,debit
258550,00-99,,,mastercard,debit
258551,00-99,,,mastercard,debit
258552,00-99,,,mastercard,debit
258553,00-99,,,mastercard,debit
258554,00-99,,,mastercard,debit
258555,00-99,,,mastercard,debit
258556,00-99,,,mastercard,debit
258557,00-99,,,mastercard,debit
258558,00-99,,,mastercard,debit
258559,00-99,,,mastercard,debit
258560,00-99,,,mastercard,debit
258561,00-99,,,mastercard,debit
258562,00-99,,,mastercard,debit
258563,00-99,,,mastercard,debit
258564,00-99,,,mastercard,debit
258565,00-99,,,mastercard,debit
258566,00-99,,,mastercard,debit
258567,00-99,,,mastercard,debit
258568,00-99,,,mastercard,debit
258569,00-99,,,mastercard,debit
258570,00-99,,,mastercard,debit
258571,00-99,,,mastercard,debit
258572,00-99,,,mastercard,debit
258573,00-99,,,mastercard,debit
258574,00-99,,,mastercard,debit
258575,00-99,,,mastercard,debit
258576,00-99,,,mastercard,debit
258577,00-99,,,mastercard,debit
258578,00-99,,,mastercard,debit
258579,00-99,,,mastercard,debit
258580,00-99,,,mastercard,debit
258581,00-99,,,mastercard,debit
258582,00-99,,,mastercard,debit
258583,00-99,,,mastercard,debit
258584,00-99,,,mastercard,debit
258585,00-99,,,mastercard,debit
258586,00-99,,,mastercard,debit
258587,00-99,,,mastercard,debit
258588,00-99,,,mastercard,debit
258589,00-99,,,mastercard,debit
258590,00-99,,,mastercard,debit
258591,00-99,,,mastercard,debit
258592,00-99,,,mastercard,debit
258593,00-99,,,mastercard,debit
258594,00-99,,,mastercard,debit
258595,00-99,,,mastercard,debit
258596,00-99,,,mastercard,debit
258597,00-99,,,mastercard,debit
258598,00-99,,,mastercard,debit
258599,00-99,,,mastercard,debit
258600,00-99,,,mastercard,debit
258601,00-99,,,mastercard,debit
258602,00-99,,,mastercard,debit
258603,00-99,,,mastercard,debit
258604,00-99,,,mastercard,debit
258605,00-99,,,mastercard,debit
258606,00-99,,,mastercard,debit
258607,00-99,,,mastercard,debit
258608,00-99,,,mastercard,debit
258609,00-99,,,mastercard,debit
258610,00-99,,,mastercard,debit
258611,00-99,,,mastercard,debit
258612,00-99,,,mastercard,debit
258613,00-99,,,mastercard,debit
258614,00-99,,,mastercard,debit
258615,00-99,,,mastercard,debit
258616,00-99,,,mastercard,debit
258617,00-99,,,mastercard,debit
258618,00-99,,,mastercard,debit
258619,00-99,,,mastercard,debit
258620,00-99,,,mastercard,debit
258621,00-99,,,mastercard,debit
258622,00-99,,,mastercard,debit
258623,00-99,,,mastercard,debit
258624,00-99,,,mastercard,debit
258625,00-99,,,mastercard,debit
258626,00-99,,,mastercard,debit
258627,00-99,,,mastercard,debit
258628,00-99,,,mastercard,debit
258629,00-99,,,mastercard,debit
258630,00-99,,,mastercard,debit
258631,00-99,,,mastercard,debit
258632,00-99,,,mastercard,debit
258633,00-99,,,mastercard,debit
258634,00-99,,,mastercard,debit
258635,00-99,,,mastercard,debit
258636,00-99,,,mastercard,debit
258637,00-99,,,mastercard,debit
258638,00-99,,,mastercard,debit
258639,00-99,,,mastercard,debit
258640,00-99,,,mastercard,debit
258641,00-99,,,mastercard,debit
258642,00-99,,,mastercard,debit
258643,00-99,,,mastercard,debit
258644,00-99,,,mastercard,debit
258645,00-99,,,mastercard,debit
258646,00-99,,,mastercard,debit
258647,00-99,,,mastercard,debit
258648,00-99,,,mastercard,debit
258649,00-99,,,mastercard,debit
258650,00-99,,,mastercard,debit
258651,00-99,,,mastercard,debit
258652,00-99,,,mastercard,debit
258653,00-99,,,mastercard,debit
258654,00-99,,,mastercard,debit
258655,00-99,,,mastercard,debit
258656,00-99,,,mastercard,debit
258657,00-99,,,mastercard,debit
258658,00-99,,,mastercard,debit
258659,00-99,,,mastercard,debit
258660,00-99,,,mastercard,debit
258661,00-99,,,mastercard,debit
258662,00-99,,,mastercard,debit
258663,00-99,,,mastercard,debit
258664,00-99,,,mastercard,debit
258665,00-99,,,mastercard,debit
258666,00-99,,,mastercard,debit
258667,00-99,,,mastercard,debit
258668,00-99,,,mastercard,debit
258669,00-99,,,mastercard,debit
258670,00-99,,,mastercard,debit
258671,00-99,,,mastercard,debit
258672,00-99,,,mastercard,debit
258673,00-99,,,mastercard,debit
258674,00-99,,,mastercard,debit
258675,00-99,,,mastercard,debit
258676,00-99,,,mastercard,debit
258677,00-99,,,mastercard,debit
258678,00-99,,,mastercard,debit
258679,00-99,,,mastercard,debit
258680,00-99,,,mastercard,debit
258681,00-99,,,mastercard,debit
258682,00-99,,,mastercard,debit
258683,00-99,,,mastercard,debit
258684,00-99,,,mastercard,debit
258685,00-99,,,mastercard,debit
258686,00-99,,,mastercard,debit
258687,00-99,,,mastercard,debit
258688,00-99,,,mastercard,debit
258689,00-99,,,mastercard,debit
258690,00-99,,,mastercard,debit
258691,00-99,,,mastercard,debit
258692,00-99,,,mastercard,debit
258693,00-99,,,mastercard,debit
258694,00-99,,,mastercard,debit
258695,00-99,,,mastercard,debit
258696,00-99,,,mastercard,debit
258697,00-99,,,mastercard,debit
258698,00-99,,,mastercard,debit
258699,00-99,,,mastercard,debit
258700,00-99,,,mastercard,debit
258701,00-99,,,mastercard,debit
258702,00-99,,,mastercard,debit
258703,00-99,,,mastercard,debit
258704,00-99,,,mastercard,debit
258705,00-99,,,mastercard,debit
258706,00-99,,,mastercard,debit
258707,00-99,,,mastercard,debit
258708,00-99,,,mastercard,debit
258709,00-99,,,mastercard,debit
258710,00-99,,,mastercard,debit
258711,00-99,,,mastercard,debit
258712,00-99,,,mastercard,debit
258713,00-99,,,mastercard,debit
258714,00-99,,,mastercard,debit
258715,00-99,,,mastercard,debit
258716,00-99,,,mastercard,debit
258717,00-99,,,mastercard,debit
258718,00-99,,,mastercard,debit
258719,00-99,,,mastercard,debit
258720,00-99,,,mastercard,debit
258721,00-99,,,mastercard,debit
258722,00-99,,,mastercard,debit
258723,00-99,,,mastercard,debit
258724,00-99,,,mastercard,debit
258725,00-99,,,mastercard,debit
258726,00-99,,,mastercard,debit
258727,00-99,,,mastercard,debit
258728,00-99,,,mastercard,debit
258729,00-99,,,mastercard,debit
258730,00-99,,,mastercard,debit
258731,00-99,,,mastercard,debit
258732,00-99,,,mastercard,debit
258733,00-99,,,mastercard,debit
258734,00-99,,,mastercard,debit
258735,00-99,,,mastercard,debit
258736,00-99,,,mastercard,debit
258737,00-99,,,mastercard,debit
258738,00-99,,,mastercard,debit
258739,00-99,,,mastercard,debit
258740,00-99,,,mastercard,debit
258741,00-99,,,mastercard,debit
258742,00-99,,,mastercard,debit
258743,00-99,,,mastercard,debit
258744,00-99,,,mastercard,debit
258745,00-99,,,mastercard,debit
258746,00-99,,,mastercard,debit
258747,00-99,,,mastercard,debit
258748,00-99,,,mastercard,debit
258749,00-99,,,mastercard,debit
258750,00-99,,,mastercard,debit
258751,00-99,,,mastercard,debit
258752,00-99,,,mastercard,debit
258753,00-99,,,mastercard,debit
258754,00-99,,,mastercard,debit
258755,00-99,,,mastercard,debit
258756,00-99,,,mastercard,debit
258757,00-99,,,mastercard,debit
258758,00-99,,,mastercard,debit
258759,00-99,,,mastercard,debit
258760,00-99,,,mastercard,debit
258761,00-99,,,mastercard,debit
258762,00-99,,,mastercard,debit
258763,00-99,,,mastercard,debit
258764,00-99,,,mastercard,debit
258765,00-99,,,mastercard,debit
258766,00-99,,,mastercard,debit
258767,00-99,,,mastercard,debit
258768,00-99,,,mastercard,debit
258769,00-99,,,mastercard,debit
258770,00-99,,,mastercard,debit
258771,00-99,,,mastercard,debit
258772,00-99,,,mastercard,debit
258773,00-99,,,mastercard,debit
258774,00-99,,,mastercard,debit
258775,00-99,,,mastercard,debit
258776,00-99,,,mastercard,debit
258777,00-99,,,mastercard,debit
258778,00-99,,,mastercard,debit
258779,00-99,,,mastercard,debit
258780,00-99,,,mastercard,debit
258781,00-99,,,mastercard,debit
258782,00-99,,,mastercard,debit
258783,00-99,,,mastercard,debit
258784,00-99,,,mastercard,debit
258785,00-99,,,mastercard,debit
258786,00-99,,,mastercard,debit
258787,00-99,,,mastercard,debit
258788,00-99,,,mastercard,debit
258789,00-99,,,mastercard,debit
258790,00-99,,,mastercard,debit
258791,00-99,,,mastercard,debit
258792,00-99,,,mastercard,debit
258793,00-99,,,mastercard,debit
258794,00-99,,,mastercard,debit
258795,00-99,,,mastercard,debit
258796,00-99,,,mastercard,debit
258797,00-99,,,mastercard,debit
258798,00-99,,,mastercard,debit
258799,00-99,,,mastercard,debit
258800,00-99,,,mastercard,debit
258801,00-99,,,mastercard,debit
258802,00-99,,,mastercard,debit
258803,00-99,,,mastercard,debit
258804,00-99,,,mastercard,debit
258805,00-99,,,mastercard,debit
258806,00-99,,,mastercard,debit
258807,00-99,,,mastercard,debit
258808,00-99,,,mastercard,debit
258809,00-99,,,mastercard,debit
258810,00-99,,,mastercard,debit
258811,00-99,,,mastercard,debit
258812,00-99,,,mastercard,debit
258813,00-99,,,mastercard,debit
258814,00-99,,,mastercard,debit
258815,00-99,,,mastercard,debit
258816,00-99,,,mastercard,debit
258817,00-99,,,mastercard,debit
258818,00-99,,,mastercard,debit
258819,00-99,,,mastercard,debit
258820,00-99,,,mastercard,debit
258821,00-99,,,mastercard,debit
258822,00-99,,,mastercard,debit
258823,00-99,,,mastercard,debit
258824,00-99,,,mastercard,debit
258825,00-99,,,mastercard,debit
258826,00-99,,,mastercard,debit
258827,00-99,,,mastercard,debit
258828,00-99,,,mastercard,debit
258829,00-99,,,mastercard,debit
258830,00-99,,,mastercard,debit
258831,00-99,,,mastercard,debit
258832,00-99,,,mastercard,debit
258833,00-99,,,mastercard,debit
258834,00-99,,,mastercard,debit
258835,00-99,,,mastercard,debit
258836,00-99,,,mastercard,debit
258837,00-99,,,mastercard,debit
258838,00-99,,,mastercard,debit
258839,00-99,,,mastercard,debit
258840,00-99,,,mastercard,debit
258841,00-99,,,mastercard,debit
258842,00-99,,,mastercard,debit
258843,00-99,,,mastercard,debit
258844,00-99,,,mastercard,debit
258845,00-99,,,mastercard,debit
258846,00-99,,,mastercard,debit
258847,00-99,,,mastercard,debit
258848,00-99,,,mastercard,debit
258849,00-99,,,mastercard,debit
258850,00-99,,,mastercard,debit
258851,00-99,,,mastercard,debit
258852,00-99,,,mastercard,debit
258853,00-99,,,mastercard,debit
258854,00-99,,,mastercard,debit
258855,00-99,,,mastercard,debit
258856,00-99,,,mastercard,debit
258857,00-99,,,mastercard,debit
258858,00-99,,,mastercard,debit
258859,00-99,,,mastercard,debit
258860,00-99,,,mastercard,debit
258861,00-99,,,mastercard,debit
258862,00-99,,,mastercard,debit
258863,00-99,,,mastercard,debit
258864,00-99,,,mastercard,debit
258865,00-99,,,mastercard,debit
258866,00-99,,,mastercard,debit
258867,00-99,,,mastercard,debit
258868,00-99,,,mastercard,debit
258869,00-99,,,mastercard,debit
258870,00-99,,,mastercard,debit
258871,00-99,,,mastercard,debit
258872,00-99,,,mastercard,debit
258873,00-99,,,mastercard,debit
258874,00-99,,,mastercard,debit
258875,00-99,,,mastercard,debit
258876,00-99,,,mastercard,debit
258877,00-99,,,mastercard,debit
258878,00-99,,,mastercard,debit
258879,00-99,,,mastercard,debit
258880,00-99,,,mastercard,debit
258881,00-99,,,mastercard,debit
258882,00-99,,,mastercard,debit
258883,00-99,,,mastercard,debit
258884,00-99,,,mastercard,debit
258885,00-99,,,mastercard,debit
258886,00-99,,,mastercard,debit
258887,00-99,,,mastercard,debit
258888,00-99,,,mastercard,debit
258889,00-99,,,mastercard,debit
258890,00-99,,,mastercard,debit
258891,00-99,,,mastercard,debit
258892,00-99,,,mastercard,debit
258893,00-99,,,mastercard,debit
258894,00-99,,,mastercard,debit
258895,00-99,,,mastercard,debit
258896,00-99,,,mastercard,debit
258897,00-99,,,mastercard,debit
258898,00-99,,,mastercard,debit
258899,00-99,,,mastercard,debit
258900,00-99,,,mastercard,debit
258901,00-99,,,mastercard,debit
258902,00-99,,,mastercard,debit
258903,00-99,,,mastercard,debit
258904,00-99,,,mastercard,debit
258905,00-99,,,mastercard,debit
258906,00-99,,,mastercard,debit
258907,00-99,,,mastercard,debit
258908,00-99,,,mastercard,debit
258909,00-99,,,mastercard,debit
258910,00-99,,,mastercard,debit
258911,00-99,,,mastercard,debit
258912,00-99,,,mastercard,debit
258913,00-99,,,mastercard,debit
258914,00-99,,,mastercard,debit
258915,00-99,,,mastercard,debit
258916,00-99,,,mastercard,debit
258917,00-99,,,mastercard,debit
258918,00-99,,,mastercard,debit
258919,00-99,,,mastercard,debit
258920,00-99,,,mastercard,debit
258921,00-99,,,mastercard,debit
258922,00-99,,,mastercard,debit
258923,00-99,,,mastercard,debit
258924,00-99,,,mastercard,debit
258925,00-99,,,mastercard,debit
258926,00-99,,,mastercard,debit
258927,00-99,,,mastercard,debit
258928,00-99,,,mastercard,debit
258929,00-99,,,mastercard,debit
258930,00-99,,,mastercard,debit
258931,00-99,,,mastercard,debit
258932,00-99,,,mastercard,debit
258933,00-99,,,mastercard,debit
258934,00-99,,,mastercard,debit
258935,00-99,,,mastercard,debit
258936,00-99,,,mastercard,debit
258937,00-99,,,mastercard,debit
258938,00-99,,,mastercard,debit
258939,00-99,,,mastercard,debit
258940,00-99,,,mastercard,debit
258941,00-99,,,mastercard,debit
258942,00-99,,,mastercard,debit
258943,00-99,,,mastercard,debit
258944,00-99,,,mastercard,debit
258945,00-99,,,mastercard,debit
258946,00-99,,,mastercard,debit
258947,00-99,,,mastercard,debit
258948,00-99,,,mastercard,debit
258949,00-99,,,mastercard,debit
258950,00-99,,,mastercard,debit
258951,00-99,,,mastercard,debit
258952,00-99,,,mastercard,debit
258953,00-99,,,mastercard,debit
258954,00-99,,,mastercard,debit
258955,00-99,,,mastercard,debit
258956,00-99,,,mastercard,debit
258957,00-99,,,mastercard,debit
258958,00-99,,,mastercard,debit
258959,00-99,,,mastercard,debit
258960,00-99,,,mastercard,debit
258961,00-99,,,mastercard,debit
258962,00-99,,,mastercard,debit
258963,00-99,,,mastercard,debit
258964,00-99,,,mastercard,debit
258965,00-99,,,mastercard,debit
258966,00-99,,,mastercard,debit
258967,00-99,,,mastercard,debit
258968,00-99,,,mastercard,debit
258969,00-99,,,mastercard,debit
258970,00-99,,,mastercard,debit
258971,00-99,,,mastercard,debit
258972,00-99,,,mastercard,debit
258973,00-99,,,mastercard,debit
258974,00-99,,,mastercard,debit
258975,00-99,,,mastercard,debit
258976,00-99,,,mastercard,debit
258977,00-99,,,mastercard,debit
258978,00-99,,,mastercard,debit
258979,00-99,,,mastercard,debit
258980,00-99,,,mastercard,debit
258981,00-99,,,mastercard,debit
258982,00-99,,,mastercard,debit
258983,00-99,,,mastercard,debit
258984,00-99,,,mastercard,debit
258985,00-99,,,mastercard,debit
258986,00-99,,,mastercard,debit
258987,00-99,,,mastercard,debit
258988,00-99,,,mastercard,debit
258989,00-99,,,mastercard,debit
258990,00-99,,,mastercard,debit
258991,00-99,,,mastercard,debit
258992,00-99,,,mastercard,debit
258993,00-99,,,mastercard,debit
258994,00-99,,,mastercard,debit
258995,00-99,,,mastercard,debit
258996,00-99,,,mastercard,debit
258997,00-99,,,mastercard,debit
258998,00-99,,,mastercard,debit
258999,00-99,,,mastercard,debit
259000,00-99,,,mastercard,debit
259001,00-99,,,mastercard,debit
259002,00-99,,,mastercard,debit
259003,00-99,,,mastercard,debit
259004,00-99,,,mastercard,debit
259005,00-99,,,mastercard,debit
259006,00-99,,,mastercard,debit
259007,00-99,,,mastercard,debit
259008,00-99,,,mastercard,debit
259009,00-99,,,mastercard,debit
259010,00-99,,,mastercard,debit
259011,00-99,,,mastercard,debit
259012,00-99,,,mastercard,debit
259013,00-99,,,mastercard,debit
259014,00-99,,,mastercard,debit
259015,00-99,,,mastercard,debit
259016,00-99,,,mastercard,debit
259017,00-99,,,mastercard,debit
259018,00-99,,,mastercard,debit
259019,00-99,,,mastercard,debit
259020,00-99,,,mastercard,debit
259021,00-99,,,mastercard,debit
259022,00-99,,,mastercard,debit
259023,00-99,,,mastercard,debit
259024,00-99,,,mastercard,debit
259025,00-99,,,mastercard,debit
259026,00-99,,,mastercard,debit
259027,00-99,,,mastercard,debit
259028,00-99,,,mastercard,debit
259029,00-99,,,mastercard,debit
259030,00-99,,,mastercard,debit
259031,00-99,,,mastercard,debit
259032,00-99,,,mastercard,debit
259033,00-99,,,mastercard,debit
259034,00-99,,,mastercard,debit
259035,00-99,,,mastercard,debit
259036,00-99,,,mastercard,debit
259037,00-99,,,mastercard,debit
259038,00-99,,,mastercard,debit
259039,00-99,,,mastercard,debit
259040,00-99,,,mastercard,debit
259041,00-99,,,mastercard,debit
259042,00-99,,,mastercard,debit
259043,00-99,,,mastercard,debit
259044,00-99,,,mastercard,debit
259045,00-99,,,mastercard,debit
259046,00-99,,,mastercard,debit
259047,00-99,,,mastercard,debit
259048,00-99,,,mastercard,debit
259049,00-99,,,mastercard,debit
259050,00-99,,,mastercard,debit
259051,00-99,,,mastercard,debit
259052,00-99,,,mastercard,debit
259053,00-99,,,mastercard,debit
259054,00-99,,,mastercard,debit
259055,00-99,,,mastercard,debit
259056,00-99,,,mastercard,debit
259057,00-99,,,mastercard,debit
259058,00-99,,,mastercard,debit
259059,00-99,,,mastercard,debit
259060,00-99,,,mastercard,debit
259061,00-99,,,mastercard,debit
259062,00-99,,,mastercard,debit
259063,00-99,,,mastercard,debit
259064,00-99,,,mastercard,debit
259065,00-99,,,mastercard,debit
259066,00-99,,,mastercard,debit
259067,00-99,,,mastercard,debit
259068,00-99,,,mastercard,debit
259069,00-99,,,mastercard,debit
259070,00-99,,,mastercard,debit
259071,00-99,,,mastercard,debit
259072,00-99,,,mastercard,debit
259073,00-99,,,mastercard,debit
259074,00-99,,,mastercard,debit
259075,00-99,,,mastercard,debit
259076,00-99,,,mastercard,debit
259077,00-99,,,mastercard,debit
259078,00-99,,,mastercard,debit
259079,00-99,,,mastercard,debit
259080,00-99,,,mastercard,debit
259081,00-99,,,mastercard,debit
259082,00-99,,,mastercard,debit
259083,00-99,,,mastercard,debit
259084,00-99,,,mastercard,debit
259085,00-99,,,mastercard,debit
259086,00-99,,,mastercard,debit
259087,00-99,,,mastercard,debit
259088,00-99,,,mastercard,debit
259089,00-99,,,mastercard,debit
259090,00-99,,,mastercard,debit
259091,00-99,,,mastercard,debit
259092,00-99,,,mastercard,debit
259093,00-99,,,mastercard,debit
259094,00-99,,,mastercard,debit
259095,00-99,,,mastercard,debit
259096,00-99,,,mastercard,debit
259097,00-99,,,mastercard,debit
259098,00-99,,,mastercard,debit
259099,00-99,,,mastercard,debit
259100,00-99,,,mastercard,debit
259101,00-99,,,mastercard,debit
259102,00-99,,,mastercard,debit
259103,00-99,,,mastercard,debit
259104,00-99,,,mastercard,debit
259105,00-99,,,mastercard,debit
259106,00-99,,,mastercard,debit
259107,00-99,,,mastercard,debit
259108,00-99,,,mastercard,debit
259109,00-99,,,mastercard,debit
259110,00-99,,,mastercard,debit
259111,00-99,,,mastercard,debit
259112,00-99,,,mastercard,debit
259113,00-99,,,mastercard,debit
259114,00-99,,,mastercard,debit
259115,00-99,,,mastercard,debit
259116,00-99,,,mastercard,debit
259117,00-99,,,mastercard,debit
259118,00-99,,,mastercard,debit
259119,00-99,,,mastercard,debit
259120,00-99,,,mastercard,debit
259121,00-99,,,mastercard,debit
259122,00-99,,,mastercard,debit
259123,00-99,,,mastercard,debit
259124,00-99,,,mastercard,debit
259125,00-99,,,mastercard,debit
259126,00-99,,,mastercard,debit
259127,00-99,,,mastercard,debit
259128,00-99,,,mastercard,debit
259129,00-99,,,mastercard,debit
259130,00-99,,,mastercard,debit
259131,00-99,,,mastercard,debit
259132,00-99,,,mastercard,debit
259133,00-99,,,mastercard,debit
259134,00-99,,,mastercard,debit
259135,00-99,,,mastercard,debit
259136,00-99,,,mastercard,debit
259137,00-99,,,mastercard,debit
259138,00-99,,,mastercard,debit
259139,00-99,,,mastercard,debit
259140,00-99,,,mastercard,debit
259141,00-99,,,mastercard,debit
259142,00-99,,,mastercard,debit
259143,00-99,,,mastercard,debit
259144,00-99,,,mastercard,debit
259145,00-99,,,mastercard,debit
259146,00-99,,,mastercard,debit
259147,00-99,,,mastercard,debit
259148,00-99,,,mastercard,debit
259149,00-99,,,mastercard,debit
259150,00-99,,,mastercard,debit
259151,00-99,,,mastercard,debit
259152,00-99,,,mastercard,debit
259153,00-99,,,mastercard,debit
259154,00-99,,,mastercard,debit
259155,00-99,,,mastercard,debit
259156,00-99,,,mastercard,debit
259157,00-99,,,mastercard,debit
259158,00-99,,,mastercard,debit
259159,00-99,,,mastercard,debit
259160,00-99,,,mastercard,debit
259161,00-99,,,mastercard,debit
259162,00-99,,,mastercard,debit
259163,00-99,,,mastercard,debit
259164,00-99,,,mastercard,debit
259165,00-99,,,mastercard,debit
259166,00-99,,,mastercard,debit
259167,00-99,,,mastercard,debit
259168,00-99,,,mastercard,debit
259169,00-99,,,mastercard,debit
259170,00-99,,,mastercard,debit
259171,00-99,,,mastercard,debit
259172,00-99,,,mastercard,debit
259173,00-99,,,mastercard,debit
259174,00-99,,,mastercard,debit
259175,00-99,,,mastercard,debit
259176,00-99,,,mastercard,debit
259177,00-99,,,mastercard,debit
259178,00-99,,,mastercard,debit
259179,00-99,,,mastercard,debit
259180,00-99,,,mastercard,debit
259181,00-99,,,mastercard,debit
259182,00-99,,,mastercard,debit
259183,00-99,,,mastercard,debit
259184,00-99,,,mastercard,debit
259185,00-99,,,mastercard,debit
259186,00-99,,,mastercard,debit
259187,00-99,,,mastercard,debit
259188,00-99,,,mastercard,debit
259189,00-99,,,mastercard,debit
259190,00-99,,,mastercard,debit
259191,00-99,,,mastercard,debit
259192,00-99,,,mastercard,debit
259193,00-99,,,mastercard,debit
259194,00-99,,,mastercard,debit
259195,00-99,,,mastercard,debit
259196,00-99,,,mastercard,debit
259197,00-99,,,mastercard,debit
259198,00-99,,,mastercard,debit
259199,00-99,,,mastercard,debit
259200,00-99,,,mastercard,debit
259201,00-99,,,mastercard,debit
259202,00-99,,,mastercard,debit
259203,00-99,,,mastercard,debit
259204,00-99,,,mastercard,debit
259205,00-99,,,mastercard,debit
259206,00-99,,,mastercard,debit
259207,00-99,,,mastercard,debit
259208,00-99,,,mastercard,debit
259209,00-99,,,mastercard,debit
259210,00-99,,,mastercard,debit
259211,00-99,,,mastercard,debit
259212,00-99,,,mastercard,debit
259213,00-99,,,mastercard,debit
259214,00-99,,,mastercard,debit
259215,00-99,,,mastercard,debit
259216,00-99,,,mastercard,debit
259217,00-99,,,mastercard,debit
259218,00-99,,,mastercard,debit
259219,00-99,,,mastercard,debit
259220,00-99,,,mastercard,debit
259221,00-99,,,mastercard,debit
259222,00-99,,,mastercard,debit
259223,00-99,,,mastercard,debit
259224,00-99,,,mastercard,debit
259225,00-99,,,mastercard,debit
259226,00-99,,,mastercard,debit
259227,00-99,,,mastercard,debit
259228,00-99,,,mastercard,debit
259229,00-99,,,mastercard,debit
259230,00-99,,,mastercard,debit
259231,00-99,,,mastercard,debit
259232,00-99,,,mastercard,debit
259233,00-99,,,mastercard,debit
259234,00-99,,,mastercard,debit
259235,00-99,,,mastercard,debit
259236,00-99,,,mastercard,debit
259237,00-99,,,mastercard,debit
259238,00-99,,,mastercard,debit
259239,00-99,,,mastercard,debit
259240,00-99,,,mastercard,debit
259241,00-99,,,mastercard,debit
259242,00-99,,,mastercard,debit
259243,00-99,,,mastercard,debit
259244,00-99,,,mastercard,debit
259245,00-99,,,mastercard,debit
259246,00-99,,,mastercard,debit
259247,00-99,,,mastercard,debit
259248,00-99,,,mastercard,debit
259249,00-99,,,mastercard,debit
259250,00-99,,,mastercard,debit
259251,00-99,,,mastercard,debit
259252,00-99,,,mastercard,debit
259253,00-99,,,mastercard,debit
259254,00-99,,,mastercard,debit
259255,00-99,,,mastercard,debit
259256,00-99,,,mastercard,debit
259257,00-99,,,mastercard,debit
259258,00-99,,,mastercard,debit
259259,00-99,,,mastercard,debit
259260,00-99,,,mastercard,debit
259261,00-99,,,mastercard,debit
259262,00-99,,,mastercard,debit
259263,00-99,,,mastercard,debit
259264,00-99,,,mastercard,debit
259265,00-99,,,mastercard,debit
259266,00-99,,,mastercard,debit
259267,00-99,,,mastercard,debit
259268,00-99,,,mastercard,debit
259269,00-99,,,mastercard,debit
259270,00-99,,,mastercard,debit
259271,00-99,,,mastercard,debit
259272,00-99,,,mastercard,debit
259273,00-99,,,mastercard,debit
259274,00-99,,,mastercard,debit
259275,00-99,,,mastercard,debit
259276,00-99,,,mastercard,debit
259277,00-99,,,mastercard,debit
259278,00-99,,,mastercard,debit
259279,00-99,,,mastercard,debit
259280,00-99,,,mastercard,debit
259281,00-99,,,mastercard,debit
259282,00-99,,,mastercard,debit
259283,00-99,,,mastercard,debit
259284,00-99,,,mastercard,debit
259285,00-99,,,mastercard,debit
259286,00-99,,,mastercard,debit
259287,00-99,,,mastercard,debit
259288,00-99,,,mastercard,debit
259289,00-99,,,mastercard,debit
259290,00-99,,,mastercard,debit
259291,00-99,,,mastercard,debit
259292,00-99,,,mastercard,debit
259293,00-99,,,mastercard,debit
259294,00-99,,,mastercard,debit
259295,00-99,,,mastercard,debit
259296,00-99,,,mastercard,debit
259297,00-99,,,mastercard,debit
259298,00-99,,,mastercard,debit
259299,00-99,,,mastercard,debit
259300,00-99,,,mastercard,debit
259301,00-99,,,mastercard,debit
259302,00-99,,,mastercard,debit
259303,00-99,,,mastercard,debit
259304,00-99,,,mastercard,debit
259305,00-99,,,mastercard,debit
259306,00-99,,,mastercard,debit
259307,00-99,,,mastercard,debit
259308,00-99,,,mastercard,debit
259309,00-99,,,mastercard,debit
259310,00-99,,,mastercard,debit
259311,00-99,,,mastercard,debit
259312,00-99,,,mastercard,debit
259313,00-99,,,mastercard,debit
259314,00-99,,,mastercard,debit
259315,00-99,,,mastercard,debit
259316,00-99,,,mastercard,debit
259317,00-99,,,mastercard,debit
259318,00-99,,,mastercard,debit
259319,00-99,,,mastercard,debit
259320,00-99,,,mastercard,debit
259321,00-99,,,mastercard,debit
259322,00-99,,,mastercard,debit
259323,00-99,,,mastercard,debit
259324,00-99,,,mastercard,debit
259325,00-99,,,mastercard,debit
259326,00-99,,,mastercard,debit
259327,00-99,,,mastercard,debit
259328,00-99,,,mastercard,debit
259329,00-99,,,mastercard,debit
259330,00-99,,,mastercard,debit
259331,00-99,,,mastercard,debit
259332,00-99,,,mastercard,debit
259333,00-99,,,mastercard,debit
259334,00-99,,,mastercard,debit
259335,00-99,,,mastercard,debit
259336,00-99,,,mastercard,debit
259337,00-99,,,mastercard,debit
259338,00-99,,,mastercard,debit
259339,00-99,,,mastercard,debit
259340,00-99,,,mastercard,debit
259341,00-99,,,mastercard,debit
259342,00-99,,,mastercard,debit
259343,00-99,,,mastercard,debit
259344,00-99,,,mastercard,debit
259345,00-99,,,mastercard,debit
259346,00-99,,,mastercard,debit
259347,00-99,,,mastercard,debit
259348,00-99,,,mastercard,debit
259349,00-99,,,mastercard,debit
259350,00-99,,,mastercard,debit
259351,00-99,,,mastercard,debit
259352,00-99,,,mastercard,debit
259353,00-99,,,mastercard,debit
259354,00-99,,,mastercard,debit
259355,00-99,,,mastercard,debit
259356,00-99,,,mastercard,debit
259357,00-99,,,mastercard,debit
259358,00-99,,,mastercard,debit
259359,00-99,,,mastercard,debit
259360,00-99,,,mastercard,debit
259361,00-99,,,mastercard,debit
259362,00-99,,,mastercard,debit
259363,00-99,,,mastercard,debit
259364,00-99,,,mastercard,debit
259365,00-99,,,mastercard,debit
259366,00-99,,,mastercard,debit
259367,00-99,,,mastercard,debit
259368,00-99,,,mastercard,debit
259369,00-99,,,mastercard,debit
259370,00-99,,,mastercard,debit
259371,00-99,,,mastercard,debit
259372,00-99,,,mastercard,debit
259373,00-99,,,mastercard,debit
259374,00-99,,,mastercard,debit
259375,00-99,,,mastercard,debit
259376,00-99,,,mastercard,debit
259377,00-99,,,mastercard,debit
259378,00-99,,,mastercard,debit
259379,00-99,,,mastercard,debit
259380,00-99,,,mastercard,debit
259381,00-99,,,mastercard,debit
259382,00-99,,,mastercard,debit
259383,00-99,,,mastercard,debit
259384,00-99,,,mastercard,debit
259385,00-99,,,mastercard,debit
259386,00-99,,,mastercard,debit
259387,00-99,,,mastercard,debit
259388,00-99,,,mastercard,debit
259389,00-99,,,mastercard,debit
259390,00-99,,,mastercard,debit
259391,00-99,,,mastercard,debit
259392,00-99,,,mastercard,debit
259393,00-99,,,mastercard,debit
259394,00-99,,,mastercard,debit
259395,00-99,,,mastercard,debit
259396,00-99,,,mastercard,debit
259397,00-99,,,mastercard,debit
259398,00-99,,,mastercard,debit
259399,00-99,,,mastercard,debit
259400,00-99,,,mastercard,debit
259401,00-99,,,mastercard,debit
259402,00-99,,,mastercard,debit
259403,00-99,,,mastercard,debit
259404,00-99,,,mastercard,debit
259405,00-99,,,mastercard,debit
259406,00-99,,,mastercard,debit
259407,00-99,,,mastercard,debit
259408,00-99,,,mastercard,debit
259409,00-99,,,mastercard,debit
259410,00-99,,,mastercard,debit
259411,00-99,,,mastercard,debit
259412,00-99,,,mastercard,debit
259413,00-99,,,mastercard,debit
259414,00-99,,,mastercard,debit
259415,00-99,,,mastercard,debit
259416,00-99,,,mastercard,debit
259417,00-99,,,mastercard,debit
259418,00-99,,,mastercard,debit
259419,00-99,,,mastercard,debit
259420,00-99,,,mastercard,debit
259421,00-99,,,mastercard,debit
259422,00-99,,,mastercard,debit
259423,00-99,,,mastercard,debit
259424,00-99,,,mastercard,debit
259425,00-99,,,mastercard,debit
259426,00-99,,,mastercard,debit
259427,00-99,,,mastercard,debit
259428,00-99,,,mastercard,debit
259429,00-99,,,mastercard,debit
259430,00-99,,,mastercard,debit
259431,00-99,,,mastercard,debit
259432,00-99,,,mastercard,debit
259433,00-99,,,mastercard,debit
259434,00-99,,,mastercard,debit
259435,00-99,,,mastercard,debit
259436,00-99,,,mastercard,debit
259437,00-99,,,mastercard,debit
259438,00-99,,,mastercard,debit
259439,00-99,,,mastercard,debit
259440,00-99,,,mastercard,debit
259441,00-99,,,mastercard,debit
259442,00-99,,,mastercard,debit
259443,00-99,,,mastercard,debit
259444,00-99,,,mastercard,debit
259445,00-99,,,mastercard,debit
259446,00-99,,,mastercard,debit
259447,00-99,,,mastercard,debit
259448,00-99,,,mastercard,debit
259449,00-99,,,mastercard,debit
259450,00-99,,,mastercard,debit
259451,00-99,,,mastercard,debit
259452,00-99,,,mastercard,debit
259453,00-99,,,mastercard,debit
259454,00-99,,,mastercard,debit
259455,00-99,,,mastercard,debit
259456,00-99,,,mastercard,debit
259457,00-99,,,mastercard,debit
259458,00-99,,,mastercard,debit
259459,00-99,,,mastercard,debit
259460,00-99,,,mastercard,debit
259461,00-99,,,mastercard,debit
259462,00-99,,,mastercard,debit
259463,00-99,,,mastercard,debit
259464,00-99,,,mastercard,debit
259465,00-99,,,mastercard,debit
259466,00-99,,,mastercard,debit
259467,00-99,,,mastercard,debit
259468,00-99,,,mastercard,debit
259469,00-99,,,mastercard,debit
259470,00-99,,,mastercard,debit
259471,00-99,,,mastercard,debit
259472,00-99,,,mastercard,debit
259473,00-99,,,mastercard,debit
259474,00-99,,,mastercard,debit
259475,00-99,,,mastercard,debit
259476,00-99,,,mastercard,debit
259477,00-99,,,mastercard,debit
259478,00-99,,,mastercard,debit
259479,00-99,,,mastercard,debit
259480,00-99,,,mastercard,debit
259481,00-99,,,mastercard,debit
259482,00-99,,,mastercard,debit
259483,00-99,,,mastercard,debit
259484,00-99,,,mastercard,debit
259485,00-99,,,mastercard,debit
259486,00-99,,,mastercard,debit
259487,00-99,,,mastercard,debit
259488,00-99,,,mastercard,debit
259489,00-99,,,mastercard,debit
259490,00-99,,,mastercard,debit
259491,00-99,,,mastercard,debit
259492,00-99,,,mastercard,debit
259493,00-99,,,mastercard,debit
259494,00-99,,,mastercard,debit
259495,00-99,,,mastercard,debit
259496,00-99,,,mastercard,debit
259497,00-99,,,mastercard,debit
259498,00-99,,,mastercard,debit
259499,00-99,,,mastercard,debit
259500,00-99,,,mastercard,debit
259501,00-99,,,mastercard,debit
259502,00-99,,,mastercard,debit
259503,00-99,,,mastercard,debit
259504,00-99,,,mastercard,debit
259505,00-99,,,mastercard,debit
259506,00-99,,,mastercard,debit
259507,00-99,,,mastercard,debit
259508,00-99,,,mastercard,debit
259509,00-99,,,mastercard,debit
259510,00-99,,,mastercard,debit
259511,00-99,,,mastercard,debit
259512,00-99,,,mastercard,debit
259513,00-99,,,mastercard,debit
259514,00-99,,,mastercard,debit
259515,00-99,,,mastercard,debit
259516,00-99,,,mastercard,debit
259517,00-99,,,mastercard,debit
259518,00-99,,,mastercard,debit
259519,00-99,,,mastercard,debit
259520,00-99,,,mastercard,debit
259521,00-99,,,mastercard,debit
259522,00-99,,,mastercard,debit
259523,00-99,,,mastercard,debit
259524,00-99,,,mastercard,debit
259525,00-99,,,mastercard,debit
259526,00-99,,,mastercard,debit
259527,00-99,,,mastercard,debit
259528,00-99,,,mastercard,debit
259529,00-99,,,mastercard,debit
259530,00-99,,,mastercard,debit
259531,00-99,,,mastercard,debit
259532,00-99,,,mastercard,debit
259533,00-99,,,mastercard,debit
259534,00-99,,,mastercard,debit
259535,00-99,,,mastercard,debit
259536,00-99,,,mastercard,debit
259537,00-99,,,mastercard,debit
259538,00-99,,,mastercard,debit
259539,00-99,,,mastercard,debit
259540,00-99,,,mastercard,debit
259541,00-99,,,mastercard,debit
259542,00-99,,,mastercard,debit
259543,00-99,,,mastercard,debit
259544,00-99,,,mastercard,debit
259545,00-99,,,mastercard,debit
259546,00-99,,,mastercard,debit
259547,00-99,,,mastercard,debit
259548,00-99,,,mastercard,debit
259549,00-99,,,mastercard,debit
259550,00-99,,,mastercard,debit
259551,00-99,,,mastercard,debit
259552,00-99,,,mastercard,debit
259553,00-99,,,mastercard,debit
259554,00-99,,,mastercard,debit
259555,00-99,,,mastercard,debit
259556,00-99,,,mastercard,debit
259557,00-99,,,mastercard,debit
259558,00-99,,,mastercard,debit
259559,00-99,,,mastercard,debit
259560,00-99,,,mastercard,debit
259561,00-99,,,mastercard,debit
259562,00-99,,,mastercard,debit
259563,00-99,,,mastercard,debit
259564,00-99,,,mastercard,debit
259565,00-99,,,mastercard,debit
259566,00-99,,,mastercard,debit
259567,00-99,,,mastercard,debit
259568,00-99,,,mastercard,debit
259569,00-99,,,mastercard,debit
259570,00-99,,,mastercard,debit
259571,00-99,,,mastercard,debit
259572,00-99,,,mastercard,debit
259573,00-99,,,mastercard,debit
259574,00-99,,,mastercard,debit
259575,00-99,,,mastercard,debit
259576,00-99,,,mastercard,debit
259577,00-99,,,mastercard,debit
259578,00-99,,,mastercard,debit
259579,00-99,,,mastercard,debit
259580,00-99,,,mastercard,debit
259581,00-99,,,mastercard,debit
259582,00-99,,,mastercard,debit
259583,00-99,,,mastercard,debit
259584,00-99,,,mastercard,debit
259585,00-99,,,mastercard,debit
259586,00-99,,,mastercard,debit
259587,00-99,,,mastercard,debit
259588,00-99,,,mastercard,debit
259589,00-99,,,mastercard,debit
259590,00-99,,,mastercard,debit
259591,00-99,,,mastercard,debit
259592,00-99,,,mastercard,debit
259593,00-99,,,mastercard,debit
259594,00-99,,,mastercard,debit
259595,00-99,,,mastercard,debit
259596,00-99,,,mastercard,debit
259597,00-99,,,mastercard,debit
259598,00-99,,,mastercard,debit
259599,00-99,,,mastercard,debit
259600,00-99,,,mastercard,debit
259601,00-99,,,mastercard,debit
259602,00-99,,,mastercard,debit
259603,00-99,,,mastercard,debit
259604,00-99,,,mastercard,debit
259605,00-99,,,mastercard,debit
259606,00-99,,,mastercard,debit
259607,00-99,,,mastercard,debit
259608,00-99,,,mastercard,debit
259609,00-99,,,mastercard,debit
259610,00-99,,,mastercard,debit
259611,00-99,,,mastercard,debit
259612,00-99,,,mastercard,debit
259613,00-99,,,mastercard,debit
259614,00-99,,,mastercard,debit
259615,00-99,,,mastercard,debit
259616,00-99,,,mastercard,debit
259617,00-99,,,mastercard,debit
259618,00-99,,,mastercard,debit
259619,00-99,,,mastercard,debit
259620,00-99,,,mastercard,debit
259621,00-99,,,mastercard,debit
259622,00-99,,,mastercard,debit
259623,00-99,,,mastercard,debit
259624,00-99,,,mastercard,debit
259625,00-99,,,mastercard,debit
259626,00-99,,,mastercard,debit
259627,00-99,,,mastercard,debit
259628,00-99,,,mastercard,debit
259629,00-99,,,mastercard,debit
259630,00-99,,,mastercard,debit
259631,00-99,,,mastercard,debit
259632,00-99,,,mastercard,debit
259633,00-99,,,mastercard,debit
259634,00-99,,,mastercard,debit
259635,00-99,,,mastercard,debit
259636,00-99,,,mastercard,debit
259637,00-99,,,mastercard,debit
259638,00-99,,,mastercard,debit
259639,00-99,,,mastercard,debit
259640,00-99,,,mastercard,debit
259641,00-99,,,mastercard,debit
259642,00-99,,,mastercard,debit
259643,00-99,,,mastercard,debit
259644,00-99,,,mastercard,debit
259645,00-99,,,mastercard,debit
259646,00-99,,,mastercard,debit
259647,00-99,,,mastercard,debit
259648,00-99,,,mastercard,debit
259649,00-99,,,mastercard,debit
259650,00-99,,,mastercard,debit
259651,00-99,,,mastercard,debit
259652,00-99,,,mastercard,debit
259653,00-99,,,mastercard,debit
259654,00-99,,,mastercard,debit
259655,00-99,,,mastercard,debit
259656,00-99,,,mastercard,debit
259657,00-99,,,mastercard,debit
259658,00-99,,,mastercard,debit
259659,00-99,,,mastercard,debit
259660,00-99,,,mastercard,debit
259661,00-99,,,mastercard,debit
259662,00-99,,,mastercard,debit
259663,00-99,,,mastercard,debit
259664,00-99,,,mastercard,debit
259665,00-99,,,mastercard,debit
259666,00-99,,,mastercard,debit
259667,00-99,,,mastercard,debit
259668,00-99,,,mastercard,debit
259669,00-99,,,mastercard,debit
259670,00-99,,,mastercard,debit
259671,00-99,,,mastercard,debit
259672,00-99,,,mastercard,debit
259673,00-99,,,mastercard,debit
259674,00-99,,,mastercard,debit
259675,00-99,,,mastercard,debit
259676,00-99,,,mastercard,debit
259677,00-99,,,mastercard,debit
259678,00-99,,,mastercard,debit
259679,00-99,,,mastercard,debit
259680,00-99,,,mastercard,debit
259681,00-99,,,mastercard,debit
259682,00-99,,,mastercard,debit
259683,00-99,,,mastercard,debit
259684,00-99,,,mastercard,debit
259685,00-99,,,mastercard,debit
259686,00-99,,,mastercard,debit
259687,00-99,,,mastercard,debit
259688,00-99,,,mastercard,debit
259689,00-99,,,mastercard,debit
259690,00-99,,,mastercard,debit
259691,00-99,,,mastercard,debit
259692,00-99,,,mastercard,debit
259693,00-99,,,mastercard,debit
259694,00-99,,,mastercard,debit
259695,00-99,,,mastercard,debit
259696,00-99,,,mastercard,debit
259697,00-99,,,mastercard,debit
259698,00-99,,,mastercard,debit
259699,00-99,,,mastercard,debit
259700,00-99,,,mastercard,debit
259701,00-99,,,mastercard,debit
259702,00-99,,,mastercard,debit
259703,00-99,,,mastercard,debit
259704,00-99,,,mastercard,debit
259705,00-99,,,mastercard,debit
259706,00-99,,,mastercard,debit
259707,00-99,,,mastercard,debit
259708,00-99,,,mastercard,debit
259709,00-99,,,mastercard,debit
259710,00-99,,,mastercard,debit
259711,00-99,,,mastercard,debit
259712,00-99,,,mastercard,debit
259713,00-99,,,mastercard,debit
259714,00-99,,,mastercard,debit
259715,00-99,,,mastercard,debit
259716,00-99,,,mastercard,debit
259717,00-99,,,mastercard,debit
259718,00-99,,,mastercard,debit
259719,00-99,,,mastercard,debit
259720,00-99,,,mastercard,debit
259721,00-99,,,mastercard,debit
259722,00-99,,,mastercard,debit
259723,00-99,,,mastercard,debit
259724,00-99,,,mastercard,debit
259725,00-99,,,mastercard,debit
259726,00-99,,,mastercard,debit
259727,00-99,,,mastercard,debit
259728,00-99,,,mastercard,debit
259729,00-99,,,mastercard,debit
259730,00-99,,,mastercard,debit
259731,00-99,,,mastercard,debit
259732,00-99,,,mastercard,debit
259733,00-99,,,mastercard,debit
259734,00-99,,,mastercard,debit
259735,00-99,,,mastercard,debit
259736,00-99,,,mastercard,debit
259737,00-99,,,mastercard,debit
259738,00-99,,,mastercard,debit
259739,00-99,,,mastercard,debit
259740,00-99,,,mastercard,debit
259741,00-99,,,mastercard,debit
259742,00-99,,,mastercard,debit
259743,00-99,,,mastercard,debit
259744,00-99,,,mastercard,debit
259745,00-99,,,mastercard,debit
259746,00-99,,,mastercard,debit
259747,00-99,,,mastercard,debit
259748,00-99,,,mastercard,debit
259749,00-99,,,mastercard,debit
259750,00-99,,,mastercard,debit
259751,00-99,,,mastercard,debit
259752,00-99,,,mastercard,debit
259753,00-99,,,mastercard,debit
259754,00-99,,,mastercard,debit
259755,00-99,,,mastercard,debit
259756,00-99,,,mastercard,debit
259757,00-99,,,mastercard,debit
259758,00-99,,,mastercard,debit
259759,00-99,,,mastercard,debit
259760,00-99,,,mastercard,debit
259761,00-99,,,mastercard,debit
259762,00-99,,,mastercard,debit
259763,00-99,,,mastercard,debit
259764,00-99,,,mastercard,debit
259765,00-99,,,mastercard,debit
259766,00-99,,,mastercard,debit
259767,00-99,,,mastercard,debit
259768,00-99,,,mastercard,debit
259769,00-99,,,mastercard,debit
259770,00-99,,,mastercard,debit
259771,00-99,,,mastercard,debit
259772,00-99,,,mastercard,debit
259773,00-99,,,mastercard,debit
259774,00-99,,,mastercard,debit
259775,00-99,,,mastercard,debit
259776,00-99,,,mastercard,debit
259777,00-99,,,mastercard,debit
259778,00-99,,,mastercard,debit
259779,00-99,,,mastercard,debit
259780,00-99,,,mastercard,debit
259781,00-99,,,mastercard,debit
259782,00-99,,,mastercard,debit
259783,00-99,,,mastercard,debit
259784,00-99,,,mastercard,debit
259785,00-99,,,mastercard,debit
259786,00-99,,,mastercard,debit
259787,00-99,,,mastercard,debit
259788,00-99,,,mastercard,debit
259789,00-99,,,mastercard,debit
259790,00-99,,,mastercard,debit
259791,00-99,,,mastercard,debit
259792,00-99,,,mastercard,debit
259793,00-99,,,mastercard,debit
259794,00-99,,,mastercard,debit
259795,00-99,,,mastercard,debit
259796,00-99,,,mastercard,debit
259797,00-99,,,mastercard,debit
259798,00-99,,,mastercard,debit
259799,00-99,,,mastercard,debit
259800,00-99,,,mastercard,debit
259801,00-99,,,mastercard,debit
259802,00-99,,,mastercard,debit
259803,00-99,,,mastercard,debit
259804,00-99,,,mastercard,debit
259805,00-99,,,mastercard,debit
259806,00-99,,,mastercard,debit
259807,00-99,,,mastercard,debit
259808,00-99,,,mastercard,debit
259809,00-99,,,mastercard,debit
259810,00-99,,,mastercard,debit
259811,00-99,,,mastercard,debit
259812,00-99,,,mastercard,debit
259813,00-99,,,mastercard,debit
259814,00-99,,,mastercard,debit
259815,00-99,,,mastercard,debit
259816,00-99,,,mastercard,debit
259817,00-99,,,mastercard,debit
259818,00-99,,,mastercard,debit
259819,00-99,,,mastercard,debit
259820,00-99,,,mastercard,debit
259821,00-99,,,mastercard,debit
259822,00-99,,,mastercard,debit
259823,00-99,,,mastercard,debit
259824,00-99,,,mastercard,debit
259825,00-99,,,mastercard,debit
259826,00-99,,,mastercard,debit
259827,00-99,,,mastercard,debit
259828,00-99,,,mastercard,debit
259829,00-99,,,mastercard,debit
259830,00-99,,,mastercard,debit
259831,00-99,,,mastercard,debit
259832,00-99,,,mastercard,debit
259833,00-99,,,mastercard,debit
259834,00-99,,,mastercard,debit
259835,00-99,,,mastercard,debit
259836,00-99,,,mastercard,debit
259837,00-99,,,mastercard,debit
259838,00-99,,,mastercard,debit
259839,00-99,,,mastercard,debit
259840,00-99,,,mastercard,debit
259841,00-99,,,mastercard,debit
259842,00-99,,,mastercard,debit
259843,00-99,,,mastercard,debit
259844,00-99,,,mastercard,debit
259845,00-99,,,mastercard,debit
259846,00-99,,,mastercard,debit
259847,00-99,,,mastercard,debit
259848,00-99,,,mastercard,debit
259849,00-99,,,mastercard,debit
259850,00-99,,,mastercard,debit
259851,00-99,,,mastercard,debit
259852,00-99,,,mastercard,debit
259853,00-99,,,mastercard,debit
259854,00-99,,,mastercard,debit
259855,00-99,,,mastercard,debit
259856,00-99,,,mastercard,debit
259857,00-99,,,mastercard,debit
259858,00-99,,,mastercard,debit
259859,00-99,,,mastercard,debit
259860,00-99,,,mastercard,debit
259861,00-99,,,mastercard,debit
259862,00-99,,,mastercard,debit
259863,00-99,,,mastercard,debit
259864,00-99,,,mastercard,debit
259865,00-99,,,mastercard,debit
259866,00-99,,,mastercard,debit
259867,00-99,,,mastercard,debit
259868,00-99,,,mastercard,debit
259869,00-99,,,mastercard,debit
259870,00-99,,,mastercard,debit
259871,00-99,,,mastercard,debit
259872,00-99,,,mastercard,debit
259873,00-99,,,mastercard,debit
259874,00-99,,,mastercard,debit
259875,00-99,,,mastercard,debit
259876,00-99,,,mastercard,debit
259877,00-99,,,mastercard,debit
259878,00-99,,,mastercard,debit
259879,00-99,,,mastercard,debit
259880,00-99,,,mastercard,debit
259881,00-99,,,mastercard,debit
259882,00-99,,,mastercard,debit
259883,00-99,,,mastercard,debit
259884,00-99,,,mastercard,debit
259885,00-99,,,mastercard,debit
259886,00-99,,,mastercard,debit
259887,00-99,,,mastercard,debit
259888,00-99,,,mastercard,debit
259889,00-99,,,mastercard,debit
259890,00-99,,,mastercard,debit
259891,00-99,,,mastercard,debit
259892,00-99,,,mastercard,debit
259893,00-99,,,mastercard,debit
259894,00-99,,,mastercard,debit
259895,00-99,,,mastercard,debit
259896,00-99,,,mastercard,debit
259897,00-99,,,mastercard,debit
259898,00-99,,,mastercard,debit
259899,00-99,,,mastercard,debit
259900,00-99,,,mastercard,debit
259901,00-99,,,mastercard,debit
259902,00-99,,,mastercard,debit
259903,00-99,,,mastercard,debit
259904,00-99,,,mastercard,debit
259905,00-99,,,mastercard,debit
259906,00-99,,,mastercard,debit
259907,00-99,,,mastercard,debit
259908,00-99,,,mastercard,debit
259909,00-99,,,mastercard,debit
259910,00-99,,,mastercard,debit
259911,00-99,,,mastercard,debit
259912,00-99,,,mastercard,debit
259913,00-99,,,mastercard,debit
259914,00-99,,,mastercard,debit
259915,00-99,,,mastercard,debit
259916,00-99,,,mastercard,debit
259917,00-99,,,mastercard,debit
259918,00-99,,,mastercard,debit
259919,00-99,,,mastercard,debit
259920,00-99,,,mastercard,debit
259921,00-99,,,mastercard,debit
259922,00-99,,,mastercard,debit
259923,00-99,,,mastercard,debit
259924,00-99,,,mastercard,debit
259925,00-99,,,mastercard,debit
259926,00-99,,,mastercard,debit
259927,00-99,,,mastercard,debit
259928,00-99,,,mastercard,debit
259929,00-99,,,mastercard,debit
259930,00-99,,,mastercard,debit
259931,00-99,,,mastercard,debit
259932,00-99,,,mastercard,debit
259933,00-99,,,mastercard,debit
259934,00-99,,,mastercard,debit
259935,00-99,,,mastercard,debit
259936,00-99,,,mastercard,debit
259937,00-99,,,mastercard,debit
259938,00-99,,,mastercard,debit
259939,00-99,,,mastercard,debit
259940,00-99,,,mastercard,debit
259941,00-99,,,mastercard,debit
259942,00-99,,,mastercard,debit
259943,00-99,,,mastercard,debit
259944,00-99,,,mastercard,debit
259945,00-99,,,mastercard,debit
259946,00-99,,,mastercard,debit
259947,00-99,,,mastercard,debit
259948,00-99,,,mastercard,debit
259949,00-99,,,mastercard,debit
259950,00-99,,,mastercard,debit
259951,00-99,,,mastercard,debit
259952,00-99,,,mastercard,debit
259953,00-99,,,mastercard,debit
259954,00-99,,,mastercard,debit
259955,00-99,,,mastercard,debit
259956,00-99,,,mastercard,debit
259957,00-99,,,mastercard,debit
259958,00-99,,,mastercard,debit
259959,00-99,,,mastercard,debit
259960,00-99,,,mastercard,debit
259961,00-99,,,mastercard,debit
259962,00-99,,,mastercard,debit
259963,00-99,,,mastercard,debit
259964,00-99,,,mastercard,debit
259965,00-99,,,mastercard,debit
259966,00-99,,,mastercard,debit
259967,00-99,,,mastercard,debit
259968,00-99,,,mastercard,debit
259969,00-99,,,mastercard,debit
259970,00-99,,,mastercard,debit
259971,00-99,,,mastercard,debit
259972,00-99,,,mastercard,debit
259973,00-99,,,mastercard,debit
259974,00-99,,,mastercard,debit
259975,00-99,,,mastercard,debit
259976,00-99,,,mastercard,debit
259977,00-99,,,mastercard,debit
259978,00-99,,,mastercard,debit
259979,00-99,,,mastercard,debit
259980,00-99,,,mastercard,debit
259981,00-99,,,mastercard,debit
259982,00-99,,,mastercard,debit
259983,00-99,,,mastercard,debit
259984,00-99,,,mastercard,debit
259985,00-99,,,mastercard,debit
259986,00-99,,,mastercard,debit
259987,00-99,,,mastercard,debit
259988,00-99,,,mastercard,debit
259989,00-99,,,mastercard,debit
259990,00-99,,,mastercard,debit
259991,00-99,,,mastercard,debit
259992,00-99,,,mastercard,debit
259993,00-99,,,mastercard,debit
259994,00-99,,,mastercard,debit
259995,00-99,,,mastercard,debit
259996,00-99,,,mastercard,debit
259997,00-99,,,mastercard,debit
259998,00-99,,,mastercard,debit
259999,00-99,,,mastercard,debit
