BIN6,Ranges,Issuer,Country,Brand,Type
350000,00-99,Jcb International,JP,jcb,credit
350003,00-99,INDUSTRIAL AND COMMERCIAL BANK OF CHINA,CN,private label,debit
350010,00-99,Jcb International,JP,jcb,credit
350012,00-99,Jcb International,JP,jcb,credit
350023,00-99,Jcb International,JP,jcb,credit
350067,00-99,Jcb International,JP,jcb,credit
350100,00-99,Jcb International,JP,jcb,credit
350149,00-99,Jcb International,JP,jcb,credit
350201,00-99,Jcb International,JP,jcb,credit
350301,00-99,Jcb International,JP,jcb,credit
350353,00-99,Jcb International,JP,jcb,credit
350355,00-99,Jcb International,RU,jcb,credit
350472,00-99,Jcb International,LU,jcb,credit
350527,00-99,Jcb International,AR,jcb,credit
350554,00-99,Jcb International,RO,jcb,credit
350600,00-99,Jcb International,US,jcb,credit
350627,00-99,Jcb International,BR,jcb,credit
350688,00-99,Jcb International,JP,jcb,credit
350717,00-99,Jcb International,RU,jcb,credit
350767,00-99,Jcb International,US,jcb,credit
350800,00-99,Jcb International,FR,jcb,credit
350845,00-99,Jcb International,BR,jcb,credit
350947,00-99,Jcb International,DE,jcb,debit
350972,00-99,Jcb International,BR,jcb,credit
351000,00-99,Jcb International,FI,jcb,credit
351005,00-99,Jcb International,UA,jcb,credit
351011,00-99,Jcb International,IT,jcb,credit
351139,00-99,Jcb International,UA,jcb,debit
351174,00-99,Jcb International,BR,jcb,credit
351197,00-99,Jcb International,US,jcb,credit
351200,00-99,Jcb International,US,jcb,credit
351214,00-99,Jcb International,JP,jcb,credit
351226,00-99,Jcb International,JP,jcb,credit
351231,00-99,Jcb International,JP,jcb,credit
351234,00-99,Jcb International,JP,jcb,credit
351237,00-99,Jcb International,JP,jcb,credit
351248,00-99,Jcb International,JP,jcb,credit
351254,00-99,Jcb International,JP,jcb,credit
351257,00-99,Jcb International,JP,jcb,credit
351263,00-99,Jcb International,JP,jcb,credit
351300,00-99,Jcb International,JP,jcb,credit
351308,00-99,,CO,private label,credit
351323,00-99,,MY,private label,debit
351337,00-99,,AT,private label,credit
351358,00-99,,IN,private label,debit
351359,00-99,,IT,private label,credit
351420,00-99,,US,private label,credit
351458,00-99,,BR,private label,credit
351510,00-99,,US,private label,credit
351513,00-99,,LU,private label,credit
351538,00-99,,PL,private label,credit
351551,00-99,,IT,private label,debit
351570,00-99,,BR,private label,credit
351578,00-99,,CA,private label,credit
351651,00-99,,DE,private label,credit
351684,00-99,,MX,private label,credit
351690,00-99,,FR,private label,credit
351702,00-99,,TR,private label,debit
351723,00-99,,FR,private label,credit
351756,00-99,,US,private label,credit
351760,00-99,,IT,private label,debit
351767,00-99,,AU,private label,credit
351780,00-99,,ID,private label,debit
351800,00-99,,GB,private label,credit
351817,00-99,,LT,private label,credit
351837,00-99,,RU,private label,credit
351841,00-99,,EE,private label,credit
351869,00-99,,CN,private label,credit
351871,00-99,,IT,private label,credit
351900,00-99,,BR,private label,credit
351990,00-99,,JP,private label,credit
351991,00-99,,US,private label,credit
352000,00-99,,GB,private label,credit
352005,00-99,,CN,private label,credit
352006,00-99,,NL,private label,credit
352009,00-99,,CN,private label,credit
352013,00-99,,CN,private label,credit
352016,00-99,,CN,private label,credit
352022,00-99,,GB,private label,credit
352023,00-99,,CN,private label,credit
352027,00-99,,BR,private label,debit
352028,00-99,,CN,private label,credit
352032,00-99,,CN,private label,credit
352036,00-99,,CN,private label,credit
352041,00-99,,CN,private label,credit
352045,00-99,,CN,private label,credit
352052,00-99,,CN,private label,credit
352056,00-99,,CN,private label,credit
352059,00-99,,CN,private label,credit
352083,00-99,,CN,private label,credit
352088,00-99,,CN,private label,credit
352092,00-99,,CN,private label,credit
352093,00-99,,RU,private label,credit
352096,00-99,,CN,private label,credit
352112,00-99,,CN,private label,credit
352113,00-99,,BR,private label,credit
352118,00-99,,CN,private label,credit
352127,00-99,,RU,private label,credit
352134,00-99,,US,private label,credit
352145,00-99,,BR,private label,credit
352154,00-99,,CA,private label,debit
352179,00-99,,DE,private label,credit
352192,00-99,,CN,private label,credit
352198,00-99,,CN,private label,credit
352202,00-99,,US,private label,credit
352211,00-99,,SG,private label,credit
352292,00-99,,US,private label,credit
352305,00-99,,BR,private label,credit
352312,00-99,,MX,private label,credit
352317,00-99,,ZA,private label,credit
352335,00-99,,US,private label,credit
352338,00-99,,BR,private label,debit
352340,00-99,,FR,private label,credit
352345,00-99,,CO,private label,credit
352350,00-99,,AU,private label,credit
352371,00-99,,IT,private label,debit
352373,00-99,,MA,private label,credit
352377,00-99,,CA,private label,debit
352380,00-99,,BG,private label,credit
352391,00-99,,GB,private label,credit
352407,00-99,,NL,private label,credit
352418,00-99,,US,private label,debit
352430,00-99,,US,private label,credit
352467,00-99,,US,private label,credit
352507,00-99,,CA,private label,credit
352523,00-99,,BR,private label,credit
352530,00-99,,CO,private label,credit
352550,00-99,,US,private label,credit
352571,00-99,,FR,private label,debit
352576,00-99,,TR,private label,credit
352583,00-99,,CN,private label,credit
352604,00-99,,CN,private label,credit
352608,00-99,,CN,private label,credit
352613,00-99,,CN,private label,credit
352618,00-99,,CN,private label,credit
352630,00-99,,US,private label,credit
352682,00-99,,CN,private label,credit
352685,00-99,,CN,private label,credit
352686,00-99,,BR,private label,debit
352689,00-99,,CN,private label,credit
352692,00-99,,CN,private label,credit
352698,00-99,,MA,private label,credit
352699,00-99,,CN,private label,credit
352700,00-99,,AR,private label,credit
352703,00-99,,CN,private label,credit
352717,00-99,,KW,private label,debit
352753,00-99,,CN,private label,credit
352758,00-99,,CN,private label,credit
352760,00-99,,US,private label,debit
352786,00-99,,AL,private label,credit
352792,00-99,,CN,private label,credit
352795,00-99,,CN,private label,credit
352798,00-99,,CN,private label,credit
352800,00-99,SAISON,JP,jcb,credit
352801,00-99,,JP,jcb,credit
352802,00-99,,JP,jcb,credit
352803,00-99,,JP,jcb,credit
352804,00-99,,JP,jcb,credit
352805,00-99,,JP,jcb,credit
352806,00-99,,JP,jcb,credit
352807,00-99,,JP,jcb,credit
352808,00-99,,JP,jcb,credit
352809,00-99,,JP,jcb,credit
352810,00-99,,JP,jcb,credit
352811,00-99,,JP,jcb,credit
352812,00-99,SAISON,JP,jcb,credit
352813,00-99,SAISON,JP,jcb,credit
352814,00-99,,JP,jcb,credit
352815,00-99,,JP,jcb,credit
352816,00-99,,JP,jcb,credit
352817,00-99,,JP,jcb,credit
352818,00-99,,JP,jcb,credit
352819,00-99,,JP,jcb,credit
352820,00-99,MIZUHO,JP,jcb,credit
352821,00-99,,JP,jcb,credit
352822,00-99,YUBINCHOKIN,JP,jcb,credit
352823,00-99,SAISON,JP,jcb,credit
352824,00-99,SAISON POSTAL SAVINGS,JP,jcb,credit
352825,00-99,SAISON,JP,jcb,credit
352826,00-99,,JP,jcb,credit
352827,00-99,,JP,jcb,credit
352828,00-99,,JP,jcb,credit
352829,00-99,,JP,jcb,credit
352830,00-99,SAISON LOFT,JP,jcb,credit
352831,00-99,SAISON,JP,jcb,credit
352832,00-99,MITSUI SUMITOMO,JP,jcb,credit
352833,00-99,,JP,jcb,credit
352834,00-99,,JP,jcb,credit
352835,00-99,,JP,jcb,credit
352836,00-99,,JP,jcb,credit
352837,00-99,,JP,jcb,credit
352838,00-99,,JP,jcb,credit
352839,00-99,,JP,jcb,credit
352840,00-99,CITI,JP,jcb,credit
352841,00-99,RESONA,JP,jcb,credit
352842,00-99,SAISON,JP,jcb,credit
352843,00-99,SAISON,JP,jcb,credit
352844,00-99,,JP,jcb,credit
352845,00-99,,JP,jcb,credit
352846,00-99,,JP,jcb,credit
352847,00-99,,JP,jcb,credit
352848,00-99,,JP,jcb,credit
352849,00-99,,JP,jcb,credit
352850,00-99,,JP,jcb,credit
352851,00-99,,JP,jcb,credit
352852,00-99,SAISON,JP,jcb,credit
352853,00-99,SAISON,JP,jcb,credit
352854,00-99,,JP,jcb,credit
352855,00-99,SAISON,JP,jcb,credit
352856,00-99,SAISON,JP,jcb,credit
352857,00-99,,JP,jcb,credit
352858,00-99,,JP,jcb,credit
352859,00-99,IDEMITSU MAIDO CARD,JP,jcb,credit
352860,00-99,SAISON,JP,jcb,credit
352861,00-99,SAISON,JP,jcb,credit
352862,00-99,,JP,jcb,credit
352863,00-99,SAISON,JP,jcb,credit
352864,00-99,,JP,jcb,credit
352865,00-99,SAISON MUJI,JP,jcb,credit
352866,00-99,,JP,jcb,credit
352867,00-99,SAISON MEI,JP,jcb,credit
352868,00-99,SAISON PEC,JP,jcb,credit
352869,00-99,,JP,jcb,credit
352870,00-99,,JP,jcb,credit
352871,00-99,,JP,jcb,credit
352872,00-99,,JP,jcb,credit
352873,00-99,MIZUHO,JP,jcb,credit
352874,00-99,,JP,jcb,credit
352875,00-99,,JP,jcb,credit
352876,00-99,,JP,jcb,credit
352877,00-99,,JP,jcb,credit
352878,00-99,,JP,jcb,credit
352879,00-99,,JP,jcb,credit
352880,00-99,,JP,jcb,credit
352881,00-99,,JP,jcb,credit
352882,00-99,,JP,jcb,credit
352883,00-99,,JP,jcb,credit
352884,00-99,,JP,jcb,credit
352885,00-99,,JP,jcb,credit
352886,00-99,,JP,jcb,credit
352887,00-99,,JP,jcb,credit
352888,00-99,,JP,jcb,credit
352889,00-99,,JP,jcb,credit
352890,00-99,,JP,jcb,credit
352891,00-99,,JP,jcb,credit
352892,00-99,,JP,jcb,credit
352893,00-99,,JP,jcb,credit
352894,00-99,SAISON,JP,jcb,credit
352895,00-99,,JP,jcb,credit
352896,00-99,,JP,jcb,credit
352897,00-99,BANK OF AMERICA N.A.,JP,jcb,credit
352898,00-99,,JP,jcb,credit
352899,00-99,,JP,jcb,credit
352900,00-99,,JP,jcb,credit
352901,00-99,,JP,jcb,credit
352902,00-99,,JP,jcb,credit
352903,00-99,,JP,jcb,credit
352904,00-99,,JP,jcb,credit
352905,00-99,,JP,jcb,credit
352906,00-99,,JP,jcb,credit
352907,00-99,,JP,jcb,credit
352908,00-99,,JP,jcb,credit
352909,00-99,,JP,jcb,credit
352910,00-99,,JP,jcb,credit
352911,00-99,,JP,jcb,credit
352912,00-99,,JP,jcb,credit
352913,00-99,,JP,jcb,credit
352914,00-99,,JP,jcb,credit
352915,00-99,,JP,jcb,credit
352916,00-99,,JP,jcb,credit
352917,00-99,,JP,jcb,credit
352918,00-99,,JP,jcb,credit
352919,00-99,,JP,jcb,credit
352920,00-99,,JP,jcb,credit
352921,00-99,,JP,jcb,credit
352922,00-99,,JP,jcb,credit
352923,00-99,,JP,jcb,credit
352924,00-99,,JP,jcb,credit
352925,00-99,,JP,jcb,credit
352926,00-99,,JP,jcb,credit
352927,00-99,,JP,jcb,credit
352928,00-99,,JP,jcb,credit
352929,00-99,,JP,jcb,credit
352930,00-99,,JP,jcb,credit
352931,00-99,,JP,jcb,credit
352932,00-99,,JP,jcb,credit
352933,00-99,,JP,jcb,credit
352934,00-99,Jcb International Credit Card Co. Ltd.,US,jcb,credit
352935,00-99,,JP,jcb,credit
352936,00-99,,JP,jcb,credit
352937,00-99,,JP,jcb,credit
352938,00-99,,JP,jcb,credit
352939,00-99,,JP,jcb,credit
352940,00-99,,JP,jcb,credit
352941,00-99,,JP,jcb,credit
352942,00-99,,JP,jcb,credit
352943,00-99,,JP,jcb,credit
352944,00-99,,JP,jcb,credit
352945,00-99,,JP,jcb,credit
352946,00-99,,JP,jcb,credit
352947,00-99,,JP,jcb,credit
352948,00-99,,JP,jcb,credit
352949,00-99,,JP,jcb,credit
352950,00-99,,JP,jcb,credit
352951,00-99,,JP,jcb,credit
352952,00-99,,JP,jcb,credit
352953,00-99,,JP,jcb,credit
352954,00-99,,JP,jcb,credit
352955,00-99,,JP,jcb,credit
352956,00-99,,JP,jcb,credit
352957,00-99,,JP,jcb,credit
352958,00-99,,JP,jcb,credit
352959,00-99,,JP,jcb,credit
352960,00-99,,JP,jcb,credit
352961,00-99,,JP,jcb,credit
352962,00-99,,JP,jcb,credit
352963,00-99,,JP,jcb,credit
352964,00-99,,JP,jcb,credit
352965,00-99,,JP,jcb,credit
352966,00-99,,JP,jcb,credit
352967,00-99,,JP,jcb,credit
352968,00-99,,JP,jcb,credit
352969,00-99,,JP,jcb,credit
352970,00-99,,JP,jcb,credit
352971,00-99,,JP,jcb,credit
352972,00-99,,JP,jcb,credit
352973,00-99,,JP,jcb,credit
352974,00-99,,JP,jcb,credit
352975,00-99,,JP,jcb,credit
352976,00-99,,JP,jcb,credit
352977,00-99,,JP,jcb,credit
352978,00-99,,JP,jcb,credit
352979,00-99,,JP,jcb,credit
352980,00-99,,JP,jcb,credit
352981,00-99,,JP,jcb,credit
352982,00-99,,JP,jcb,credit
352983,00-99,,JP,jcb,credit
352984,00-99,,JP,jcb,credit
352985,00-99,,JP,jcb,credit
352986,00-99,,JP,jcb,credit
352987,00-99,,JP,jcb,credit
352988,00-99,,JP,jcb,credit
352989,00-99,,JP,jcb,credit
352990,00-99,,JP,jcb,credit
352991,00-99,,JP,jcb,credit
352992,00-99,,JP,jcb,credit
352993,00-99,,JP,jcb,credit
352994,00-99,,JP,jcb,credit
352995,00-99,,JP,jcb,credit
352996,00-99,,JP,jcb,credit
352997,00-99,,JP,jcb,credit
352998,00-99,,JP,jcb,credit
352999,00-99,,JP,jcb,credit
353000,00-99,,JP,jcb,credit
353001,00-99,,JP,jcb,credit
353002,00-99,,JP,jcb,credit
353003,00-99,,JP,jcb,credit
353004,00-99,,JP,jcb,credit
353005,00-99,,JP,jcb,credit
353006,00-99,,JP,jcb,credit
353007,00-99,,JP,jcb,credit
353008,00-99,,JP,jcb,credit
353009,00-99,,JP,jcb,credit
353010,00-99,,JP,jcb,credit
353011,00-99,,JP,jcb,credit
353012,00-99,,JP,jcb,credit
353013,00-99,,JP,jcb,credit
353014,00-99,,JP,jcb,credit
353015,00-99,,JP,jcb,credit
353016,00-99,,JP,jcb,credit
353017,00-99,,JP,jcb,credit
353018,00-99,,JP,jcb,credit
353019,00-99,,JP,jcb,credit
353020,00-99,,JP,jcb,credit
353021,00-99,,JP,jcb,credit
353022,00-99,,JP,jcb,credit
353023,00-99,,JP,jcb,credit
353024,00-99,,JP,jcb,credit
353025,00-99,,JP,jcb,credit
353026,00-99,,JP,jcb,credit
353027,00-99,,JP,jcb,credit
353028,00-99,,JP,jcb,credit
353029,00-99,,JP,jcb,credit
353030,00-99,,JP,jcb,credit
353031,00-99,,JP,jcb,credit
353032,00-99,,JP,jcb,credit
353033,00-99,,JP,jcb,credit
353034,00-99,,JP,jcb,credit
353035,00-99,,JP,jcb,credit
353036,00-99,,JP,jcb,credit
353037,00-99,,JP,jcb,credit
353038,00-99,,JP,jcb,credit
353039,00-99,,JP,jcb,credit
353040,00-99,,JP,jcb,credit
353041,00-99,,JP,jcb,credit
353042,00-99,,JP,jcb,credit
353043,00-99,,JP,jcb,credit
353044,00-99,,JP,jcb,credit
353045,00-99,,JP,jcb,credit
353046,00-99,,JP,jcb,credit
353047,00-99,,JP,jcb,credit
353048,00-99,,JP,jcb,credit
353049,00-99,,JP,jcb,credit
353050,00-99,,JP,jcb,credit
353051,00-99,,JP,jcb,credit
353052,00-99,,JP,jcb,credit
353053,00-99,,JP,jcb,credit
353054,00-99,,JP,jcb,credit
353055,00-99,,JP,jcb,credit
353056,00-99,,JP,jcb,credit
353057,00-99,,JP,jcb,credit
353058,00-99,,JP,jcb,credit
353059,00-99,,JP,jcb,credit
353060,00-99,,JP,jcb,credit
353061,00-99,,JP,jcb,credit
353062,00-99,,JP,jcb,credit
353063,00-99,,JP,jcb,credit
353064,00-99,,JP,jcb,credit
353065,00-99,,JP,jcb,credit
353066,00-99,,JP,jcb,credit
353067,00-99,,JP,jcb,credit
353068,00-99,,JP,jcb,credit
353069,00-99,,JP,jcb,credit
353070,00-99,,JP,jcb,credit
353071,00-99,,JP,jcb,credit
353072,00-99,,JP,jcb,credit
353073,00-99,,JP,jcb,credit
353074,00-99,,JP,jcb,credit
353075,00-99,,JP,jcb,credit
353076,00-99,,JP,jcb,credit
353077,00-99,,JP,jcb,credit
353078,00-99,,JP,jcb,credit
353079,00-99,,JP,jcb,credit
353080,00-99,,JP,jcb,credit
353081,00-99,,JP,jcb,credit
353082,00-99,,JP,jcb,credit
353083,00-99,,JP,jcb,credit
353084,00-99,,JP,jcb,credit
353085,00-99,,JP,jcb,credit
353086,00-99,,JP,jcb,credit
353087,00-99,,JP,jcb,credit
353088,00-99,,JP,jcb,credit
353089,00-99,,JP,jcb,credit
353090,00-99,,JP,jcb,credit
353091,00-99,,JP,jcb,credit
353092,00-99,,JP,jcb,credit
353093,00-99,,JP,jcb,credit
353094,00-99,,JP,jcb,credit
353095,00-99,,JP,jcb,credit
353096,00-99,,JP,jcb,credit
353097,00-99,,JP,jcb,credit
353098,00-99,,JP,jcb,credit
353099,00-99,,JP,jcb,credit
353100,00-99,,JP,jcb,credit
353101,00-99,,JP,jcb,credit
353102,00-99,,JP,jcb,credit
353103,00-99,,JP,jcb,credit
353104,00-99,,JP,jcb,credit
353105,00-99,,JP,jcb,credit
353106,00-99,,JP,jcb,credit
353107,00-99,,JP,jcb,credit
353108,00-99,,JP,jcb,credit
353109,00-99,,JP,jcb,credit
353110,00-99,,JP,jcb,credit
353111,00-99,,JP,jcb,credit
353112,00-99,,JP,jcb,credit
353113,00-99,,JP,jcb,credit
353114,00-99,,JP,jcb,credit
353115,00-99,,JP,jcb,credit
353116,00-99,,JP,jcb,credit
353117,00-99,,JP,jcb,credit
353118,00-99,,JP,jcb,credit
353119,00-99,,JP,jcb,credit
353120,00-99,,JP,jcb,credit
353121,00-99,,JP,jcb,credit
353122,00-99,,JP,jcb,credit
353123,00-99,,JP,jcb,credit
353124,00-99,,JP,jcb,credit
353125,00-99,,JP,jcb,credit
353126,00-99,,JP,jcb,credit
353127,00-99,,JP,jcb,credit
353128,00-99,,JP,jcb,credit
353129,00-99,,JP,jcb,credit
353130,00-99,,JP,jcb,credit
353131,00-99,,JP,jcb,credit
353132,00-99,,JP,jcb,credit
353133,00-99,,JP,jcb,credit
353134,00-99,,JP,jcb,credit
353135,00-99,,JP,jcb,credit
353136,00-99,,JP,jcb,credit
353137,00-99,,JP,jcb,credit
353138,00-99,,JP,jcb,credit
353139,00-99,,JP,jcb,credit
353140,00-99,,JP,jcb,credit
353141,00-99,,JP,jcb,credit
353142,00-99,,JP,jcb,credit
353143,00-99,,JP,jcb,credit
353144,00-99,,JP,jcb,credit
353145,00-99,,JP,jcb,credit
353146,00-99,,JP,jcb,credit
353147,00-99,,JP,jcb,credit
353148,00-99,,JP,jcb,credit
353149,00-99,,JP,jcb,credit
353150,00-99,,JP,jcb,credit
353151,00-99,,JP,jcb,credit
353152,00-99,,JP,jcb,credit
353153,00-99,,JP,jcb,credit
353154,00-99,,JP,jcb,credit
353155,00-99,,JP,jcb,credit
353156,00-99,,JP,jcb,credit
353157,00-99,,JP,jcb,credit
353158,00-99,,JP,jcb,credit
353159,00-99,,JP,jcb,credit
353160,00-99,,JP,jcb,credit
353161,00-99,,JP,jcb,credit
353162,00-99,,JP,jcb,credit
353163,00-99,,JP,jcb,credit
353164,00-99,,JP,jcb,credit
353165,00-99,,JP,jcb,credit
353166,00-99,,JP,jcb,credit
353167,00-99,,JP,jcb,credit
353168,00-99,,JP,jcb,credit
353169,00-99,,JP,jcb,credit
353170,00-99,,JP,jcb,credit
353171,00-99,,JP,jcb,credit
353172,00-99,,JP,jcb,credit
353173,00-99,,JP,jcb,credit
353174,00-99,,JP,jcb,credit
353175,00-99,,JP,jcb,credit
353176,00-99,,JP,jcb,credit
353177,00-99,,JP,jcb,credit
353178,00-99,,JP,jcb,credit
353179,00-99,,JP,jcb,credit
353180,00-99,,JP,jcb,credit
353181,00-99,,JP,jcb,credit
353182,00-99,,JP,jcb,credit
353183,00-99,,JP,jcb,credit
353184,00-99,,JP,jcb,credit
353185,00-99,,JP,jcb,credit
353186,00-99,,JP,jcb,credit
353187,00-99,,JP,jcb,credit
353188,00-99,,JP,jcb,credit
353189,00-99,,JP,jcb,credit
353190,00-99,,JP,jcb,credit
353191,00-99,,JP,jcb,credit
353192,00-99,,JP,jcb,credit
353193,00-99,,JP,jcb,credit
353194,00-99,,JP,jcb,credit
353195,00-99,,JP,jcb,credit
353196,00-99,,JP,jcb,credit
353197,00-99,,JP,jcb,credit
353198,00-99,,JP,jcb,credit
353199,00-99,,JP,jcb,credit
353200,00-99,,JP,jcb,credit
353201,00-99,,JP,jcb,credit
353202,00-99,,JP,jcb,credit
353203,00-99,,JP,jcb,credit
353204,00-99,,JP,jcb,credit
353205,00-99,,JP,jcb,credit
353206,00-99,,JP,jcb,credit
353207,00-99,,JP,jcb,credit
353208,00-99,,JP,jcb,credit
353209,00-99,,JP,jcb,credit
353210,00-99,,JP,jcb,credit
353211,00-99,,JP,jcb,credit
353212,00-99,,JP,jcb,credit
353213,00-99,,JP,jcb,credit
353214,00-99,,JP,jcb,credit
353215,00-99,,JP,jcb,credit
353216,00-99,,JP,jcb,credit
353217,00-99,,JP,jcb,credit
353218,00-99,,JP,jcb,credit
353219,00-99,,JP,jcb,credit
353220,00-99,,JP,jcb,credit
353221,00-99,,JP,jcb,credit
353222,00-99,,JP,jcb,credit
353223,00-99,,JP,jcb,credit
353224,00-99,,JP,jcb,credit
353225,00-99,,JP,jcb,credit
353226,00-99,,JP,jcb,credit
353227,00-99,,JP,jcb,credit
353228,00-99,,JP,jcb,credit
353229,00-99,,JP,jcb,credit
353230,00-99,,JP,jcb,credit
353231,00-99,,JP,jcb,credit
353232,00-99,,JP,jcb,credit
353233,00-99,,JP,jcb,credit
353234,00-99,,JP,jcb,credit
353235,00-99,,JP,jcb,credit
353236,00-99,,JP,jcb,credit
353237,00-99,,JP,jcb,credit
353238,00-99,,JP,jcb,credit
353239,00-99,,JP,jcb,credit
353240,00-99,,JP,jcb,credit
353241,00-99,,JP,jcb,credit
353242,00-99,,JP,jcb,credit
353243,00-99,,JP,jcb,credit
353244,00-99,,JP,jcb,credit
353245,00-99,,JP,jcb,credit
353246,00-99,,JP,jcb,credit
353247,00-99,Jcb International Credit Card Co. Ltd.,US,jcb,credit
353248,00-99,,JP,jcb,credit
353249,00-99,,JP,jcb,credit
353250,00-99,,JP,jcb,credit
353251,00-99,,JP,jcb,credit
353252,00-99,,JP,jcb,credit
353253,00-99,,JP,jcb,credit
353254,00-99,,JP,jcb,credit
353255,00-99,,JP,jcb,credit
353256,00-99,,JP,jcb,credit
353257,00-99,,JP,jcb,credit
353258,00-99,,JP,jcb,credit
353259,00-99,,JP,jcb,credit
353260,00-99,,JP,jcb,credit
353261,00-99,,JP,jcb,credit
353262,00-99,,JP,jcb,credit
353263,00-99,,JP,jcb,credit
353264,00-99,,JP,jcb,credit
353265,00-99,,JP,jcb,credit
353266,00-99,,JP,jcb,credit
353267,00-99,,JP,jcb,credit
353268,00-99,,JP,jcb,credit
353269,00-99,,JP,jcb,credit
353270,00-99,,JP,jcb,credit
353271,00-99,,JP,jcb,credit
353272,00-99,,JP,jcb,credit
353273,00-99,,JP,jcb,credit
353274,00-99,,JP,jcb,credit
353275,00-99,,JP,jcb,credit
353276,00-99,,JP,jcb,credit
353277,00-99,,JP,jcb,credit
353278,00-99,,JP,jcb,credit
353279,00-99,,JP,jcb,credit
353280,00-99,,JP,jcb,credit
353281,00-99,,JP,jcb,credit
353282,00-99,,JP,jcb,credit
353283,00-99,,JP,jcb,credit
353284,00-99,,JP,jcb,credit
353285,00-99,,JP,jcb,credit
353286,00-99,,JP,jcb,credit
353287,00-99,,JP,jcb,credit
353288,00-99,,JP,jcb,credit
353289,00-99,,JP,jcb,credit
353290,00-99,,JP,jcb,credit
353291,00-99,,JP,jcb,credit
353292,00-99,,JP,jcb,credit
353293,00-99,,JP,jcb,credit
353294,00-99,,JP,jcb,credit
353295,00-99,,JP,jcb,credit
353296,00-99,,JP,jcb,credit
353297,00-99,,JP,jcb,credit
353298,00-99,,JP,jcb,credit
353299,00-99,,JP,jcb,credit
353300,00-99,,PH,jcb,debit
353301,00-99,ACB,VN,jcb,debit
353302,00-99,,PH,jcb,debit
353303,00-99,,JP,jcb,debit
353304,00-99,,DE,jcb,debit
353305,00-99,,JP,jcb,debit
353306,00-99,,JP,jcb,debit
353307,00-99,,JP,jcb,debit
353308,00-99,,LK,jcb,debit
353309,00-99,,MM,jcb,debit
353310,00-99,,JP,jcb,debit
353311,00-99,,JP,jcb,debit
353312,00-99,,JP,jcb,debit
353313,00-99,,JP,jcb,debit
353314,00-99,,JP,jcb,debit
353315,00-99,,JP,jcb,debit
353316,00-99,,JP,jcb,debit
353317,00-99,,JP,jcb,debit
353318,00-99,,JP,jcb,debit
353319,00-99,,JP,jcb,debit
353320,00-99,,JP,jcb,debit
353321,00-99,,JP,jcb,debit
353322,00-99,,JP,jcb,debit
353323,00-99,,JP,jcb,debit
353324,00-99,,JP,jcb,debit
353325,00-99,,JP,jcb,debit
353326,00-99,,JP,jcb,debit
353327,00-99,,JP,jcb,debit
353328,00-99,,JP,jcb,debit
353329,00-99,,JP,jcb,debit
353330,00-99,,JP,jcb,debit
353331,00-99,,JP,jcb,debit
353332,00-99,,JP,jcb,debit
353333,00-99,,JP,jcb,debit
353334,00-99,,JP,jcb,debit
353335,00-99,,JP,jcb,debit
353336,00-99,,JP,jcb,debit
353337,00-99,,JP,jcb,debit
353338,00-99,,JP,jcb,debit
353339,00-99,,JP,jcb,debit
353340,00-99,,JP,jcb,debit
353341,00-99,,JP,jcb,debit
353342,00-99,,JP,jcb,debit
353343,00-99,,JP,jcb,debit
353344,00-99,,JP,jcb,debit
353345,00-99,,JP,jcb,debit
353346,00-99,,JP,jcb,debit
353347,00-99,,JP,jcb,debit
353348,00-99,,JP,jcb,debit
353349,00-99,,JP,jcb,debit
353350,00-99,,JP,jcb,debit
353351,00-99,,JP,jcb,debit
353352,00-99,,JP,jcb,debit
353353,00-99,,JP,jcb,debit
353354,00-99,,JP,jcb,debit
353355,00-99,,JP,jcb,debit
353356,00-99,,JP,jcb,debit
353357,00-99,,JP,jcb,debit
353358,00-99,,JP,jcb,debit
353359,00-99,,JP,jcb,debit
353360,00-99,,JP,jcb,debit
353361,00-99,,JP,jcb,debit
353362,00-99,,JP,jcb,debit
353363,00-99,,JP,jcb,debit
353364,00-99,,JP,jcb,debit
353365,00-99,,JP,jcb,debit
353366,00-99,,JP,jcb,debit
353367,00-99,,JP,jcb,debit
353368,00-99,,JP,jcb,debit
353369,00-99,,JP,jcb,debit
353370,00-99,,JP,jcb,debit
353371,00-99,,JP,jcb,debit
353372,00-99,,JP,jcb,debit
353373,00-99,,JP,jcb,debit
353374,00-99,,JP,jcb,debit
353375,00-99,,JP,jcb,debit
353376,00-99,,JP,jcb,debit
353377,00-99,,JP,jcb,debit
353378,00-99,,JP,jcb,debit
353379,00-99,,JP,jcb,debit
353380,00-99,,JP,jcb,debit
353381,00-99,,JP,jcb,debit
353382,00-99,,JP,jcb,debit
353383,00-99,,JP,jcb,debit
353384,00-99,,JP,jcb,debit
353385,00-99,,JP,jcb,debit
353386,00-99,,JP,jcb,debit
353387,00-99,,JP,jcb,debit
353388,00-99,,JP,jcb,debit
353389,00-99,,JP,jcb,debit
353390,00-99,,JP,jcb,debit
353391,00-99,,JP,jcb,debit
353392,00-99,,JP,jcb,debit
353393,00-99,,JP,jcb,debit
353394,00-99,,JP,jcb,debit
353395,00-99,,JP,jcb,debit
353396,00-99,,JP,jcb,debit
353397,00-99,,JP,jcb,debit
353398,00-99,,JP,jcb,debit
353399,00-99,,JP,jcb,debit
353400,00-99,,JP,jcb,debit
353401,00-99,,JP,jcb,debit
353402,00-99,,JP,jcb,debit
353403,00-99,,JP,jcb,debit
353404,00-99,,JP,jcb,debit
353405,00-99,,JP,jcb,debit
353406,00-99,,JP,jcb,debit
353407,00-99,,JP,jcb,debit
353408,00-99,,JP,jcb,debit
353409,00-99,,JP,jcb,debit
353410,00-99,,JP,jcb,debit
353411,00-99,,JP,jcb,debit
353412,00-99,,JP,jcb,debit
353413,00-99,,JP,jcb,debit
353414,00-99,,JP,jcb,debit
353415,00-99,,JP,jcb,debit
353416,00-99,,JP,jcb,debit
353417,00-99,,JP,jcb,debit
353418,00-99,,JP,jcb,debit
353419,00-99,,JP,jcb,debit
353420,00-99,,JP,jcb,debit
353421,00-99,,JP,jcb,debit
353422,00-99,,JP,jcb,debit
353423,00-99,,JP,jcb,debit
353424,00-99,,JP,jcb,debit
353425,00-99,,JP,jcb,debit
353426,00-99,,JP,jcb,debit
353427,00-99,,JP,jcb,debit
353428,00-99,,JP,jcb,debit
353429,00-99,,JP,jcb,debit
353430,00-99,,JP,jcb,debit
353431,00-99,,JP,jcb,debit
353432,00-99,,JP,jcb,debit
353433,00-99,,JP,jcb,debit
353434,00-99,,JP,jcb,debit
353435,00-99,,JP,jcb,debit
353436,00-99,,JP,jcb,debit
353437,00-99,,JP,jcb,debit
353438,00-99,,JP,jcb,debit
353439,00-99,,JP,jcb,debit
353440,00-99,,JP,jcb,debit
353441,00-99,,JP,jcb,debit
353442,00-99,,JP,jcb,debit
353443,00-99,,JP,jcb,debit
353444,00-99,,JP,jcb,debit
353445,00-99,,JP,jcb,debit
353446,00-99,,JP,jcb,debit
353447,00-99,,JP,jcb,debit
353448,00-99,,JP,jcb,debit
353449,00-99,,JP,jcb,debit
353450,00-99,,JP,jcb,debit
353451,00-99,,JP,jcb,debit
353452,00-99,,JP,jcb,debit
353453,00-99,,JP,jcb,debit
353454,00-99,,JP,jcb,debit
353455,00-99,,JP,jcb,debit
353456,00-99,,JP,jcb,debit
353457,00-99,,JP,jcb,debit
353458,00-99,,JP,jcb,debit
353459,00-99,,JP,jcb,debit
353460,00-99,,JP,jcb,debit
353461,00-99,,JP,jcb,debit
353462,00-99,,JP,jcb,debit
353463,00-99,,JP,jcb,debit
353464,00-99,,JP,jcb,debit
353465,00-99,,JP,jcb,debit
353466,00-99,,JP,jcb,debit
353467,00-99,,JP,jcb,debit
353468,00-99,,JP,jcb,debit
353469,00-99,,JP,jcb,debit
353470,00-99,,JP,jcb,debit
353471,00-99,,JP,jcb,debit
353472,00-99,,JP,jcb,debit
353473,00-99,,JP,jcb,debit
353474,00-99,,JP,jcb,debit
353475,00-99,,JP,jcb,debit
353476,00-99,,JP,jcb,debit
353477,00-99,,JP,jcb,debit
353478,00-99,,JP,jcb,debit
353479,00-99,,JP,jcb,debit
353480,00-99,,JP,jcb,debit
353481,00-99,,JP,jcb,debit
353482,00-99,,JP,jcb,debit
353483,00-99,,JP,jcb,debit
353484,00-99,,JP,jcb,debit
353485,00-99,,JP,jcb,debit
353486,00-99,,JP,jcb,debit
353487,00-99,,JP,jcb,debit
353488,00-99,,JP,jcb,debit
353489,00-99,,JP,jcb,debit
353490,00-99,,JP,jcb,debit
353491,00-99,,JP,jcb,debit
353492,00-99,,JP,jcb,debit
353493,00-99,,JP,jcb,debit
353494,00-99,,JP,jcb,debit
353495,00-99,,JP,jcb,debit
353496,00-99,,JP,jcb,debit
353497,00-99,,JP,jcb,debit
353498,00-99,,JP,jcb,debit
353499,00-99,,JP,jcb,debit
353500,00-99,,JP,jcb,debit
353501,00-99,,JP,jcb,debit
353502,00-99,JCB INTERNATIONAL CREDIT CARD CO.,JP,jcb,debit
353503,00-99,,JP,jcb,debit
353504,00-99,,JP,jcb,debit
353505,00-99,,JP,jcb,debit
353506,00-99,,JP,jcb,debit
353507,00-99,,JP,jcb,debit
353508,00-99,,JP,jcb,debit
353509,00-99,,JP,jcb,debit
353510,00-99,,JP,jcb,debit
353511,00-99,,JP,jcb,debit
353512,00-99,,JP,jcb,debit
353513,00-99,,JP,jcb,debit
353514,00-99,,JP,jcb,debit
353515,00-99,,JP,jcb,debit
353516,00-99,,JP,jcb,debit
353517,00-99,,JP,jcb,debit
353518,00-99,,JP,jcb,debit
353519,00-99,,JP,jcb,debit
353520,00-99,,JP,jcb,debit
353521,00-99,,JP,jcb,debit
353522,00-99,,JP,jcb,debit
353523,00-99,,JP,jcb,debit
353524,00-99,,JP,jcb,debit
353525,00-99,,JP,jcb,debit
353526,00-99,,JP,jcb,debit
353527,00-99,,JP,jcb,debit
353528,00-99,,JP,jcb,debit
353529,00-99,,JP,jcb,debit
353530,00-99,,JP,jcb,debit
353531,00-99,,JP,jcb,debit
353532,00-99,,JP,jcb,debit
353533,00-99,,JP,jcb,debit
353534,00-99,,JP,jcb,debit
353535,00-99,,JP,jcb,debit
353536,00-99,,JP,jcb,debit
353537,00-99,,JP,jcb,debit
353538,00-99,,JP,jcb,debit
353539,00-99,,JP,jcb,debit
353540,00-99,,JP,jcb,debit
353541,00-99,,JP,jcb,debit
353542,00-99,,JP,jcb,debit
353543,00-99,,JP,jcb,debit
353544,00-99,,JP,jcb,debit
353545,00-99,,JP,jcb,debit
353546,00-99,,JP,jcb,debit
353547,00-99,,JP,jcb,debit
353548,00-99,,JP,jcb,debit
353549,00-99,,JP,jcb,debit
353550,00-99,,JP,jcb,debit
353551,00-99,,JP,jcb,debit
353552,00-99,,JP,jcb,debit
353553,00-99,,JP,jcb,debit
353554,00-99,,JP,jcb,debit
353555,00-99,,JP,jcb,debit
353556,00-99,,JP,jcb,debit
353557,00-99,,JP,jcb,debit
353558,00-99,,JP,jcb,debit
353559,00-99,,JP,jcb,debit
353560,00-99,,JP,jcb,debit
353561,00-99,JCB INTERNATIONAL CREDIT CARD CO.,JP,jcb,debit
353562,00-99,,JP,jcb,debit
353563,00-99,,JP,jcb,debit
353564,00-99,,JP,jcb,debit
353565,00-99,,JP,jcb,debit
353566,00-99,,JP,jcb,debit
353567,00-99,,JP,jcb,debit
353568,00-99,,JP,jcb,debit
353569,00-99,,JP,jcb,debit
353570,00-99,,JP,jcb,debit
353571,00-99,,JP,jcb,debit
353572,00-99,,JP,jcb,debit
353573,00-99,,JP,jcb,debit
353574,00-99,,JP,jcb,debit
353575,00-99,,JP,jcb,debit
353576,00-99,,JP,jcb,debit
353577,00-99,,JP,jcb,debit
353578,00-99,,JP,jcb,debit
353579,00-99,,JP,jcb,debit
353580,00-99,,JP,jcb,debit
353581,00-99,,JP,jcb,debit
353582,00-99,,JP,jcb,debit
353583,00-99,,JP,jcb,debit
353584,00-99,,JP,jcb,debit
353585,00-99,,JP,jcb,debit
353586,00-99,,JP,jcb,debit
353587,00-99,,JP,jcb,debit
353588,00-99,,JP,jcb,debit
353589,00-99,,JP,jcb,debit
353590,00-99,,JP,jcb,debit
353591,00-99,,JP,jcb,debit
353592,00-99,,JP,jcb,debit
353593,00-99,,JP,jcb,debit
353594,00-99,,JP,jcb,debit
353595,00-99,,JP,jcb,debit
353596,00-99,,JP,jcb,debit
353597,00-99,,JP,jcb,debit
353598,00-99,,JP,jcb,debit
353599,00-99,,JP,jcb,debit
353600,00-99,,IN,jcb/rupay,debit
353601,00-99,,IN,jcb/rupay,debit
353602,00-99,,IN,jcb/rupay,debit
353603,00-99,STATE BANK OF INDIA,IN,jcb/rupay,debit
353604,00-99,,IN,jcb/rupay,debit
353605,00-99,UNION BANK OF INDIA,IN,jcb/rupay,debit
353606,00-99,,IN,jcb/rupay,credit
353607,00-99,,IN,jcb/rupay,credit
353608,00-99,,IN,jcb/rupay,credit
353609,00-99,,IN,jcb/rupay,credit
353610,00-99,,IN,jcb/rupay,debit
353611,00-99,,IN,jcb/rupay,debit
353612,00-99,,IN,jcb/rupay,debit
353613,00-99,,IN,jcb/rupay,debit
353614,00-99,,IN,jcb/rupay,debit
353615,00-99,,IN,jcb/rupay,debit
353616,00-99,,IN,jcb/rupay,debit
353617,00-99,,IN,jcb/rupay,debit
353618,00-99,,IN,jcb/rupay,debit
353619,00-99,,IN,jcb/rupay,debit
353620,00-99,,IN,jcb/rupay,debit
353621,00-99,,IN,jcb/rupay,debit
353622,00-99,,IN,jcb/rupay,debit
353623,00-99,,IN,jcb/rupay,debit
353624,00-99,,IN,jcb/rupay,debit
353625,00-99,,IN,jcb/rupay,debit
353626,00-99,,IN,jcb/rupay,debit
353627,00-99,,IN,jcb/rupay,debit
353628,00-99,,IN,jcb/rupay,debit
353629,00-99,,IN,jcb/rupay,debit
353630,00-99,,IN,jcb/rupay,debit
353631,00-99,,IN,jcb/rupay,debit
353632,00-99,,IN,jcb/rupay,debit
353633,00-99,,IN,jcb/rupay,debit
353634,00-99,,IN,jcb/rupay,debit
353635,00-99,,IN,jcb/rupay,debit
353636,00-99,,IN,jcb/rupay,debit
353637,00-99,,IN,jcb/rupay,debit
353638,00-99,,IN,jcb/rupay,debit
353639,00-99,,IN,jcb/rupay,debit
353640,00-99,,IN,jcb/rupay,debit
353641,00-99,,IN,jcb/rupay,debit
353642,00-99,,IN,jcb/rupay,debit
353643,00-99,,IN,jcb/rupay,debit
353644,00-99,,IN,jcb/rupay,debit
353645,00-99,,IN,jcb/rupay,debit
353646,00-99,,IN,jcb/rupay,debit
353647,00-99,,IN,jcb/rupay,debit
353648,00-99,,IN,jcb/rupay,debit
353649,00-99,,IN,jcb/rupay,debit
353650,00-99,,IN,jcb/rupay,debit
353651,00-99,,IN,jcb/rupay,debit
353652,00-99,,IN,jcb/rupay,debit
353653,00-99,,IN,jcb/rupay,debit
353654,00-99,,IN,jcb/rupay,debit
353655,00-99,,IN,jcb/rupay,debit
353656,00-99,,IN,jcb/rupay,debit
353657,00-99,,IN,jcb/rupay,debit
353658,00-99,,IN,jcb/rupay,debit
353659,00-99,,IN,jcb/rupay,debit
353660,00-99,,IN,jcb/rupay,debit
353661,00-99,,IN,jcb/rupay,debit
353662,00-99,,IN,jcb/rupay,debit
353663,00-99,,IN,jcb/rupay,debit
353664,00-99,,IN,jcb/rupay,debit
353665,00-99,,IN,jcb/rupay,debit
353666,00-99,,IN,jcb/rupay,debit
353667,00-99,,IN,jcb/rupay,debit
353668,00-99,,IN,jcb/rupay,debit
353669,00-99,,IN,jcb/rupay,debit
353670,00-99,,IN,jcb/rupay,debit
353671,00-99,,IN,jcb/rupay,debit
353672,00-99,,IN,jcb/rupay,debit
353673,00-99,,IN,jcb/rupay,debit
353674,00-99,,IN,jcb/rupay,debit
353675,00-99,,IN,jcb/rupay,debit
353676,00-99,,IN,jcb/rupay,debit
353677,00-99,,IN,jcb/rupay,debit
353678,00-99,,IN,jcb/rupay,debit
353679,00-99,,IN,jcb/rupay,debit
353680,00-99,,IN,jcb/rupay,debit
353681,00-99,,IN,jcb/rupay,debit
353682,00-99,,IN,jcb/rupay,debit
353683,00-99,,IN,jcb/rupay,debit
353684,00-99,,IN,jcb/rupay,debit
353685,00-99,,IN,jcb/rupay,debit
353686,00-99,,IN,jcb/rupay,debit
353687,00-99,,IN,jcb/rupay,debit
353688,00-99,,IN,jcb/rupay,debit
353689,00-99,,IN,jcb/rupay,debit
353690,00-99,,IN,jcb/rupay,debit
353691,00-99,,IN,jcb/rupay,debit
353692,00-99,,IN,jcb/rupay,debit
353693,00-99,,IN,jcb/rupay,debit
353694,00-99,,IN,jcb/rupay,debit
353695,00-99,,IN,jcb/rupay,debit
353696,00-99,,IN,jcb/rupay,debit
353697,00-99,,IN,jcb/rupay,debit
353698,00-99,,IN,jcb/rupay,debit
353699,00-99,,IN,jcb/rupay,debit
353700,00-99,,IN,jcb/rupay,debit
353701,00-99,,IN,jcb/rupay,credit
353702,00-99,,IN,jcb/rupay,debit
353703,00-99,,IN,jcb/rupay,debit
353704,00-99,,IN,jcb/rupay,debit
353705,00-99,,IN,jcb/rupay,debit
353706,00-99,,IN,jcb/rupay,debit
353707,00-99,,IN,jcb/rupay,debit
353708,00-99,,IN,jcb/rupay,debit
353709,00-99,,IN,jcb/rupay,debit
353710,00-99,,IN,jcb/rupay,debit
353711,00-99,,IN,jcb/rupay,debit
353712,00-99,,IN,jcb/rupay,debit
353713,00-99,,IN,jcb/rupay,debit
353714,00-99,,IN,jcb/rupay,debit
353715,00-99,,IN,jcb/rupay,debit
353716,00-99,,IN,jcb/rupay,debit
353717,00-99,,IN,jcb/rupay,debit
353718,00-99,,IN,jcb/rupay,debit
353719,00-99,,IN,jcb/rupay,debit
353720,00-99,,IN,jcb/rupay,debit
353721,00-99,,IN,jcb/rupay,debit
353722,00-99,,IN,jcb/rupay,debit
353723,00-99,,IN,jcb/rupay,debit
353724,00-99,,IN,jcb/rupay,debit
353725,00-99,,IN,jcb/rupay,debit
353726,00-99,,IN,jcb/rupay,debit
353727,00-99,,IN,jcb/rupay,debit
353728,00-99,,IN,jcb/rupay,debit
353729,00-99,,IN,jcb/rupay,debit
353730,00-99,,IN,jcb/rupay,debit
353731,00-99,,IN,jcb/rupay,debit
353732,00-99,,IN,jcb/rupay,debit
353733,00-99,,IN,jcb/rupay,debit
353734,00-99,,IN,jcb/rupay,debit
353735,00-99,,IN,jcb/rupay,debit
353736,00-99,,IN,jcb/rupay,debit
353737,00-99,,IN,jcb/rupay,debit
353738,00-99,,IN,jcb/rupay,debit
353739,00-99,,IN,jcb/rupay,debit
353740,00-99,,IN,jcb/rupay,debit
353741,00-99,,IN,jcb/rupay,debit
353742,00-99,,IN,jcb/rupay,debit
353743,00-99,,IN,jcb/rupay,debit
353744,00-99,,IN,jcb/rupay,debit
353745,00-99,,IN,jcb/rupay,debit
353746,00-99,,IN,jcb/rupay,debit
353747,00-99,,IN,jcb/rupay,debit
353748,00-99,,IN,jcb/rupay,debit
353749,00-99,,IN,jcb/rupay,debit
353750,00-99,,IN,jcb/rupay,debit
353751,00-99,,IN,jcb/rupay,debit
353752,00-99,,IN,jcb/rupay,debit
353753,00-99,,IN,jcb/rupay,debit
353754,00-99,,IN,jcb/rupay,debit
353755,00-99,,IN,jcb/rupay,debit
353756,00-99,,IN,jcb/rupay,debit
353757,00-99,,IN,jcb/rupay,debit
353758,00-99,,IN,jcb/rupay,debit
353759,00-99,,IN,jcb/rupay,debit
353760,00-99,,IN,jcb/rupay,debit
353761,00-99,,IN,jcb/rupay,debit
353762,00-99,,IN,jcb/rupay,debit
353763,00-99,,IN,jcb/rupay,debit
353764,00-99,,IN,jcb/rupay,debit
353765,00-99,,IN,jcb/rupay,debit
353766,00-99,,IN,jcb/rupay,debit
353767,00-99,,IN,jcb/rupay,debit
353768,00-99,,IN,jcb/rupay,debit
353769,00-99,,IN,jcb/rupay,debit
353770,00-99,,IN,jcb/rupay,debit
353771,00-99,,IN,jcb/rupay,debit
353772,00-99,,IN,jcb/rupay,debit
353773,00-99,,IN,jcb/rupay,debit
353774,00-99,,IN,jcb/rupay,debit
353775,00-99,,IN,jcb/rupay,debit
353776,00-99,,IN,jcb/rupay,debit
353777,00-99,,IN,jcb/rupay,debit
353778,00-99,,IN,jcb/rupay,debit
353779,00-99,,IN,jcb/rupay,debit
353780,00-99,,IN,jcb/rupay,debit
353781,00-99,,IN,jcb/rupay,debit
353782,00-99,,IN,jcb/rupay,debit
353783,00-99,,IN,jcb/rupay,debit
353784,00-99,,IN,jcb/rupay,debit
353785,00-99,,IN,jcb/rupay,debit
353786,00-99,,IN,jcb/rupay,debit
353787,00-99,,IN,jcb/rupay,debit
353788,00-99,,IN,jcb/rupay,debit
353789,00-99,,IN,jcb/rupay,debit
353790,00-99,,IN,jcb/rupay,debit
353791,00-99,,IN,jcb/rupay,debit
353792,00-99,,IN,jcb/rupay,debit
353793,00-99,,IN,jcb/rupay,debit
353794,00-99,,IN,jcb/rupay,debit
353795,00-99,,IN,jcb/rupay,debit
353796,00-99,,IN,jcb/rupay,debit
353797,00-99,,IN,jcb/rupay,debit
353798,00-99,,IN,jcb/rupay,debit
353799,00-99,,IN,jcb/rupay,debit
353800,00-99,CITY UNION BANK,IN,jcb/rupay,debit
353801,00-99,UNION BANK OF INDIA,IN,jcb/rupay,debit
353802,00-99,CENTRAL BANK OF INDIA,IN,jcb/rupay,debit
353803,00-99,UCO BANK,IN,jcb/rupay,debit
353804,00-99,,IN,jcb,debit
353805,00-99,AXIS BANK,IN,jcb/rupay,debit
353806,00-99,PUNJAB NATIONAL BANK,IN,jcb/rupay,debit
353807,00-99,UNION BANK OF INDIA,IN,jcb/rupay,debit
353808,00-99,THANE JANATA SAHAKARI BANK,IN,jcb/rupay,debit
353809,00-99,STATE BANK OF INDIA,IN,jcb/rupay,debit
353810,00-99,CATHOLIC SYRIAN BANK,IN,jcb/rupay,debit
353811,00-99,,IN,jcb/rupay,debit
353812,00-99,,IN,jcb/rupay,debit
353813,00-99,,IN,jcb/rupay,debit
353814,00-99,,IN,jcb/rupay,credit
353815,00-99,,IN,jcb/rupay,credit
353816,00-99,UNION BANK OF INDIA,IN,jcb/rupay,debit
353817,00-99,UNION BANK OF INDIA,IN,jcb/rupay,debit
353818,00-99,,IN,jcb/rupay,debit
353819,00-99,,IN,jcb/rupay,credit
353820,00-99,,IN,jcb/rupay,credit
353821,00-99,,IN,jcb/rupay,debit
353822,00-99,,IN,jcb/rupay,debit
353823,00-99,,IN,jcb/rupay,debit
353824,00-99,,IN,jcb/rupay,debit
353825,00-99,,IN,jcb/rupay,debit
353826,00-99,,IN,jcb/rupay,debit
353827,00-99,,IN,jcb/rupay,debit
353828,00-99,,IN,jcb/rupay,debit
353829,00-99,,IN,jcb/rupay,debit
353830,00-99,,IN,jcb/rupay,debit
353831,00-99,,IN,jcb/rupay,debit
353832,00-99,,IN,jcb/rupay,debit
353833,00-99,,IN,jcb/rupay,debit
353834,00-99,,IN,jcb/rupay,debit
353835,00-99,,IN,jcb/rupay,debit
353836,00-99,,IN,jcb/rupay,debit
353837,00-99,,IN,jcb/rupay,debit
353838,00-99,,IN,jcb/rupay,debit
353839,00-99,,IN,jcb/rupay,debit
353840,00-99,,IN,jcb/rupay,debit
353841,00-99,,IN,jcb/rupay,debit
353842,00-99,,IN,jcb/rupay,debit
353843,00-99,,IN,jcb/rupay,debit
353844,00-99,,IN,jcb/rupay,debit
353845,00-99,,IN,jcb/rupay,debit
353846,00-99,,IN,jcb/rupay,debit
353847,00-99,,IN,jcb/rupay,debit
353848,00-99,,IN,jcb/rupay,debit
353849,00-99,,IN,jcb/rupay,debit
353850,00-99,,IN,jcb/rupay,debit
353851,00-99,,IN,jcb/rupay,debit
353852,00-99,,IN,jcb/rupay,debit
353853,00-99,,IN,jcb/rupay,debit
353854,00-99,,IN,jcb/rupay,debit
353855,00-99,,IN,jcb/rupay,debit
353856,00-99,,IN,jcb/rupay,debit
353857,00-99,,IN,jcb/rupay,debit
353858,00-99,,IN,jcb/rupay,debit
353859,00-99,,IN,jcb/rupay,debit
353860,00-99,,IN,jcb/rupay,debit
353861,00-99,,IN,jcb/rupay,debit
353862,00-99,,IN,jcb/rupay,debit
353863,00-99,,IN,jcb/rupay,debit
353864,00-99,,IN,jcb/rupay,debit
353865,00-99,,IN,jcb/rupay,debit
353866,00-99,,IN,jcb/rupay,debit
353867,00-99,,IN,jcb/rupay,debit
353868,00-99,,IN,jcb/rupay,debit
353869,00-99,,IN,jcb/rupay,debit
353870,00-99,,IN,jcb/rupay,debit
353871,00-99,,IN,jcb/rupay,debit
353872,00-99,,IN,jcb/rupay,debit
353873,00-99,,IN,jcb/rupay,debit
353874,00-99,,IN,jcb/rupay,debit
353875,00-99,,IN,jcb/rupay,debit
353876,00-99,,IN,jcb/rupay,debit
353877,00-99,,IN,jcb/rupay,debit
353878,00-99,,IN,jcb/rupay,debit
353879,00-99,,IN,jcb/rupay,debit
353880,00-99,,IN,jcb/rupay,debit
353881,00-99,,IN,jcb/rupay,debit
353882,00-99,,IN,jcb/rupay,debit
353883,00-99,,IN,jcb/rupay,debit
353884,00-99,,IN,jcb/rupay,debit
353885,00-99,,IN,jcb/rupay,debit
353886,00-99,,IN,jcb/rupay,debit
353887,00-99,,IN,jcb/rupay,debit
353888,00-99,,IN,jcb/rupay,debit
353889,00-99,,IN,jcb/rupay,debit
353890,00-99,,IN,jcb/rupay,debit
353891,00-99,,IN,jcb/rupay,debit
353892,00-99,,IN,jcb/rupay,debit
353893,00-99,,IN,jcb/rupay,debit
353894,00-99,,IN,jcb/rupay,debit
353895,00-99,,IN,jcb/rupay,debit
353896,00-99,,IN,jcb/rupay,debit
353897,00-99,,IN,jcb/rupay,debit
353898,00-99,,IN,jcb/rupay,debit
353899,00-99,,IN,jcb/rupay,debit
353900,00-99,,IN,jcb/rupay,credit
353901,00-99,STATE BANK OF INDIA,IN,jcb/rupay,credit
353902,00-99,BANK OF BARODA,IN,jcb/rupay,credit
353903,00-99,UNION BANK OF INDIA,IN,jcb/rupay,credit
353904,00-99,KOTAK MAHINDRA BANK,IN,jcb/rupay,credit
353905,00-99,YES BANK,IN,jcb/rupay,credit
353906,00-99,YES BANK,IN,jcb/rupay,credit
353907,00-99,,IN,jcb/rupay,credit
353908,00-99,,IN,jcb/rupay,credit
353909,00-99,,IN,jcb/rupay,credit
353910,00-99,,IN,jcb/rupay,credit
353911,00-99,,IN,jcb/rupay,credit
353912,00-99,KOTAK MAHINDRA BANK,IN,jcb/rupay,credit
353913,00-99,,IN,jcb/rupay,credit
353914,00-99,STATE BANK OF INDIA,IN,jcb/rupay,credit
353915,00-99,BANK OF BARODA,IN,jcb/rupay,credit
353916,00-99,BANK OF BARODA,IN,jcb/rupay,credit
353917,00-99,UNION BANK OF INDIA,IN,jcb/rupay,credit
353918,00-99,KOTAK MAHINDRA BANK,IN,jcb/rupay,credit
353919,00-99,,IN,jcb/rupay,credit
353920,00-99,,IN,jcb/rupay,credit
353921,00-99,,IN,jcb/rupay,credit
353922,00-99,YES BANK,IN,jcb/rupay,credit
353923,00-99,YES BANK,IN,jcb/rupay,credit
353924,00-99,,IN,jcb/rupay,credit
353925,00-99,,IN,jcb/rupay,credit
353926,00-99,,IN,jcb/rupay,credit
353927,00-99,,IN,jcb/rupay,credit
353928,00-99,,IN,jcb/rupay,credit
353929,00-99,KOTAK MAHINDRA BANK,IN,jcb/rupay,credit
353930,00-99,KOTAK MAHINDRA BANK,IN,jcb/rupay,credit
353931,00-99,,IN,jcb/rupay,credit
353932,00-99,,IN,jcb/rupay,credit
353933,00-99,,IN,jcb/rupay,credit
353934,00-99,CITY UNION BANK,IN,jcb/rupay,debit
353935,00-99,UNION BANK OF INDIA,IN,jcb/rupay,debit
353936,00-99,CENTRAL BANK OF INDIA,IN,jcb/rupay,debit
353937,00-99,UCO BANK,IN,jcb/rupay,debit
353938,00-99,,IN,jcb/rupay,credit
353939,00-99,AXIS BANK,IN,jcb/rupay,debit
353940,00-99,PUNJAB NATIONAL BANK,IN,jcb/rupay,debit
353941,00-99,UNION BANK OF INDIA,IN,jcb/rupay,debit
353942,00-99,THANE JANATA SAHAKARI BANK,IN,jcb/rupay,debit
353943,00-99,STATE BANK OF INDIA,IN,jcb/rupay,debit
353944,00-99,CATHOLIC SYRIAN BANK,IN,jcb/rupay,debit
353945,00-99,,IN,jcb/rupay,credit
353946,00-99,,IN,jcb/rupay,credit
353947,00-99,,IN,jcb/rupay,credit
353948,00-99,,IN,jcb/rupay,credit
353949,00-99,,IN,jcb/rupay,credit
353950,00-99,UNION BANK OF INDIA,IN,jcb/rupay,debit
353951,00-99,UNION BANK OF INDIA,IN,jcb/rupay,debit
353952,00-99,,IN,jcb/rupay,credit
353953,00-99,,IN,jcb/rupay,credit
353954,00-99,,IN,jcb/rupay,credit
353955,00-99,,IN,jcb/rupay,credit
353956,00-99,,IN,jcb/rupay,credit
353957,00-99,STATE BANK OF INDIA,IN,jcb/rupay,debit
353958,00-99,,IN,jcb/rupay,credit
353959,00-99,UNION BANK OF INDIA,IN,jcb/rupay,debit
353960,00-99,,IN,jcb/rupay,credit
353961,00-99,,IN,jcb/rupay,credit
353962,00-99,,IN,jcb/rupay,credit
353963,00-99,,IN,jcb/rupay,credit
353964,00-99,,IN,jcb/rupay,credit
353965,00-99,BANK OF BARODA,IN,jcb/rupay,credit
353966,00-99,STATE BANK OF INDIA,IN,jcb/rupay,credit
353967,00-99,STATE BANK OF INDIA,IN,jcb/rupay,credit
353968,00-99,BANK OF BARODA,IN,jcb/rupay,credit
353969,00-99,INDUSIND BANK,IN,jcb/rupay,credit
353970,00-99,,IN,jcb/rupay,credit
353971,00-99,,IN,jcb/rupay,credit
353972,00-99,,IN,jcb/rupay,credit
353973,00-99,,IN,jcb/rupay,credit
353974,00-99,,IN,jcb/rupay,credit
353975,00-99,,IN,jcb/rupay,credit
353976,00-99,,IN,jcb/rupay,credit
353977,00-99,,IN,jcb/rupay,credit
353978,00-99,,IN,jcb/rupay,credit
353979,00-99,,IN,jcb/rupay,credit
353980,00-99,,IN,jcb/rupay,credit
353981,00-99,,IN,jcb/rupay,credit
353982,00-99,,IN,jcb/rupay,credit
353983,00-99,,IN,jcb/rupay,credit
353984,00-99,,IN,jcb/rupay,credit
353985,00-99,,IN,jcb/rupay,credit
353986,00-99,,IN,jcb/rupay,credit
353987,00-99,,IN,jcb/rupay,credit
353988,00-99,,IN,jcb/rupay,credit
353989,00-99,,IN,jcb/rupay,credit
353990,00-99,,IN,jcb/rupay,credit
353991,00-99,,IN,jcb/rupay,credit
353992,00-99,,IN,jcb/rupay,credit
353993,00-99,,IN,jcb/rupay,credit
353994,00-99,,IN,jcb/rupay,credit
353995,00-99,,IN,jcb/rupay,credit
353996,00-99,,IN,jcb/rupay,credit
353997,00-99,,IN,jcb/rupay,credit
353998,00-99,,IN,jcb/rupay,credit
353999,00-99,,IN,jcb/rupay,credit
354000,00-99,,JP,jcb,credit
354001,00-99,,JP,jcb,credit
354002,00-99,SAKURA CARD,JP,jcb,credit
354003,00-99,,JP,jcb,credit
354004,00-99,,JP,jcb,credit
354005,00-99,,JP,jcb,credit
354006,00-99,FUKUOKA,JP,jcb,credit
354007,00-99,CHIBA KGYO,JP,jcb,credit
354008,00-99,FUKUOKA,JP,jcb,credit
354009,00-99,UFJ SNOOPY-L,JP,jcb,credit
354010,00-99,MIZUHO,JP,jcb,credit
354011,00-99,,JP,jcb,credit
354012,00-99,UFJ,JP,jcb,credit
354013,00-99,,JP,jcb,credit
354014,00-99,HOKKAIDO,JP,jcb,credit
354015,00-99,,JP,jcb,credit
354016,00-99,SAVE ON,JP,jcb,credit
354017,00-99,RESONA,JP,jcb,credit
354018,00-99,,JP,jcb,credit
354019,00-99,SAKURA,JP,jcb,credit
354020,00-99,PIA,JP,jcb,credit
354021,00-99,SURUGA BANK,JP,jcb,credit
354022,00-99,TRI-CARD,JP,jcb,credit
354023,00-99,WASEDA JC,JP,jcb,credit
354024,00-99,KEIO,JP,jcb,credit
354025,00-99,SAKURA GRAND,JP,jcb,credit
354026,00-99,UFJ,JP,jcb,credit
354027,00-99,MEIJI UNIVERSITY STUDENT,JP,jcb,credit
354028,00-99,UNITIED AIRLINE,JP,jcb,credit
354029,00-99,,JP,jcb,credit
354030,00-99,RECRUIT CARD,JP,jcb,credit
354031,00-99,SAKURA GRANDE,JP,jcb,credit
354032,00-99,JCB ASIA COMMERCIAL BANK,JP,jcb,credit
354033,00-99,SAKURA TYPE SELECT,JP,jcb,credit
354034,00-99,EITT,JP,jcb,credit
354035,00-99,SAKURA TYPE SELECT,JP,jcb,credit
354036,00-99,ANA,JP,jcb,credit
354037,00-99,,JP,jcb,credit
354038,00-99,,JP,jcb,credit
354039,00-99,,JP,jcb,credit
354040,00-99,,JP,jcb,credit
354041,00-99,,JP,jcb,credit
354042,00-99,,JP,jcb,credit
354043,00-99,,JP,jcb,credit
354044,00-99,,JP,jcb,credit
354045,00-99,,JP,jcb,credit
354046,00-99,,JP,jcb,credit
354047,00-99,,JP,jcb,credit
354048,00-99,,JP,jcb,credit
354049,00-99,,JP,jcb,credit
354050,00-99,,JP,jcb,credit
354051,00-99,JCB INTERNATIONAL CREDIT CARD CO.,JP,jcb,credit
354052,00-99,JCB INTERNATIONAL CREDIT CARD CO.,JP,jcb,credit
354053,00-99,JCB INTERNATIONAL CREDIT CARD CO.,JP,jcb,credit
354054,00-99,JCB INTERNATIONAL CREDIT CARD CO.,JP,jcb,credit
354055,00-99,JCB INTERNATIONAL CREDIT CARD CO.,JP,jcb,credit
354056,00-99,JCB INTERNATIONAL CREDIT CARD CO.,JP,jcb,credit
354057,00-99,JCB INTERNATIONAL CREDIT CARD CO.,JP,jcb,credit
354058,00-99,JCB INTERNATIONAL CREDIT CARD CO.,JP,jcb,credit
354059,00-99,,JP,jcb,credit
354060,00-99,UNIVERSITY SEIKYO,JP,jcb,credit
354061,00-99,,JP,jcb,credit
354062,00-99,ANA,JP,jcb,credit
354063,00-99,,JP,jcb,credit
354064,00-99,,JP,jcb,credit
354065,00-99,,JP,jcb,credit
354066,00-99,,JP,jcb,credit
354067,00-99,,JP,jcb,credit
354068,00-99,MICROSOFT PLUS SANWA,JP,jcb,credit
354069,00-99,JAL MILEAGE BANK,JP,jcb,credit
354070,00-99,CENTRAL LEAGUE HANSHIN TIGER,JP,jcb,credit
354071,00-99,,JP,jcb,credit
354072,00-99,DRIVER'S PLUS/ETC,JP,jcb,credit
354073,00-99,,JP,jcb,credit
354074,00-99,FUKUOKA BANK ARECORE,JP,jcb,credit
354075,00-99,,JP,jcb,credit
354076,00-99,,JP,jcb,credit
354077,00-99,FINANCIAL ONE MEMBERS UFJ NEXUS,JP,jcb,credit
354078,00-99,,JP,jcb,credit
354079,00-99,,JP,jcb,credit
354080,00-99,SYNERGY,JP,jcb,credit
354081,00-99,,JP,jcb,credit
354082,00-99,HOKKAIDO GRANDE,JP,jcb,credit
354083,00-99,,JP,jcb,credit
354084,00-99,,JP,jcb,credit
354085,00-99,,JP,jcb,credit
354086,00-99,,JP,jcb,credit
354087,00-99,DOCOMO UFJ,JP,jcb,credit
354088,00-99,PERSONA,JP,jcb,credit
354089,00-99,,JP,jcb,credit
354090,00-99,IY CARD,JP,jcb,credit
354091,00-99,AIWAI,JP,jcb,credit
354092,00-99,IY CARD,JP,jcb,credit
354093,00-99,IY CARD,JP,jcb,credit
354094,00-99,,JP,jcb,credit
354095,00-99,,JP,jcb,credit
354096,00-99,,JP,jcb,credit
354097,00-99,,JP,jcb,credit
354098,00-99,,JP,jcb,credit
354099,00-99,,JP,jcb,credit
354100,00-99,NISHIGIN,JP,jcb,credit
354101,00-99,WASEDA,JP,jcb,credit
354102,00-99,FINANCIAL ONE MEMBERS UFJ,JP,jcb,credit
354103,00-99,,JP,jcb,credit
354104,00-99,,JP,jcb,credit
354105,00-99,,JP,jcb,credit
354106,00-99,,JP,jcb,credit
354107,00-99,,JP,jcb,credit
354108,00-99,,JP,jcb,credit
354109,00-99,,JP,jcb,credit
354110,00-99,,JP,jcb,credit
354111,00-99,,JP,jcb,credit
354112,00-99,,JP,jcb,credit
354113,00-99,,JP,jcb,credit
354114,00-99,,JP,jcb,credit
354115,00-99,,JP,jcb,credit
354116,00-99,,JP,jcb,credit
354117,00-99,,JP,jcb,credit
354118,00-99,,JP,jcb,credit
354119,00-99,,JP,jcb,credit
354120,00-99,,JP,jcb,credit
354121,00-99,,JP,jcb,credit
354122,00-99,,JP,jcb,credit
354123,00-99,,JP,jcb,credit
354124,00-99,,JP,jcb,credit
354125,00-99,,JP,jcb,credit
354126,00-99,,JP,jcb,credit
354127,00-99,,JP,jcb,credit
354128,00-99,,JP,jcb,credit
354129,00-99,,JP,jcb,credit
354130,00-99,,JP,jcb,credit
354131,00-99,,JP,jcb,credit
354132,00-99,,JP,jcb,credit
354133,00-99,,JP,jcb,credit
354134,00-99,,JP,jcb,credit
354135,00-99,,JP,jcb,credit
354136,00-99,,JP,jcb,credit
354137,00-99,,JP,jcb,credit
354138,00-99,,JP,jcb,credit
354139,00-99,,JP,jcb,credit
354140,00-99,,JP,jcb,credit
354141,00-99,,JP,jcb,credit
354142,00-99,,JP,jcb,credit
354143,00-99,,JP,jcb,credit
354144,00-99,,JP,jcb,credit
354145,00-99,,JP,jcb,credit
354146,00-99,,JP,jcb,credit
354147,00-99,,JP,jcb,credit
354148,00-99,,JP,jcb,credit
354149,00-99,,JP,jcb,credit
354150,00-99,,JP,jcb,credit
354151,00-99,,JP,jcb,credit
354152,00-99,,JP,jcb,credit
354153,00-99,,JP,jcb,credit
354154,00-99,,JP,jcb,credit
354155,00-99,,JP,jcb,credit
354156,00-99,,JP,jcb,credit
354157,00-99,,JP,jcb,credit
354158,00-99,,JP,jcb,credit
354159,00-99,,JP,jcb,credit
354160,00-99,,JP,jcb,credit
354161,00-99,,JP,jcb,credit
354162,00-99,,JP,jcb,credit
354163,00-99,,JP,jcb,credit
354164,00-99,,JP,jcb,credit
354165,00-99,,JP,jcb,credit
354166,00-99,,JP,jcb,credit
354167,00-99,,JP,jcb,credit
354168,00-99,,JP,jcb,credit
354169,00-99,JAL CARD CLUB-A,JP,jcb,credit
354170,00-99,,JP,jcb,credit
354171,00-99,,JP,jcb,credit
354172,00-99,MUFG,JP,jcb,credit
354173,00-99,SO FAMILYCARD,JP,jcb,credit
354174,00-99,,JP,jcb,credit
354175,00-99,,JP,jcb,credit
354176,00-99,,JP,jcb,credit
354177,00-99,,JP,jcb,credit
354178,00-99,,JP,jcb,credit
354179,00-99,MIZUHO,JP,jcb,credit
354180,00-99,JCB THE CLASS,JP,jcb,credit
354181,00-99,JRJD,JP,jcb,credit
354182,00-99,,JP,jcb,credit
354183,00-99,TOSHIBA FINANCE,JP,jcb,credit
354184,00-99,GUNMA,JP,jcb,credit
354185,00-99,,JP,jcb,credit
354186,00-99,,JP,jcb,credit
354187,00-99,,JP,jcb,credit
354188,00-99,,JP,jcb,credit
354189,00-99,,JP,jcb,credit
354190,00-99,,JP,jcb,credit
354191,00-99,,JP,jcb,credit
354192,00-99,,JP,jcb,credit
354193,00-99,,JP,jcb,credit
354194,00-99,,JP,jcb,credit
354195,00-99,,JP,jcb,credit
354196,00-99,,JP,jcb,credit
354197,00-99,,JP,jcb,credit
354198,00-99,,JP,jcb,credit
354199,00-99,,JP,jcb,credit
354200,00-99,,JP,jcb,credit
354201,00-99,,JP,jcb,credit
354202,00-99,,JP,jcb,credit
354203,00-99,,JP,jcb,credit
354204,00-99,,JP,jcb,credit
354205,00-99,,JP,jcb,credit
354206,00-99,,JP,jcb,credit
354207,00-99,,JP,jcb,credit
354208,00-99,,JP,jcb,credit
354209,00-99,,JP,jcb,credit
354210,00-99,,JP,jcb,credit
354211,00-99,,JP,jcb,credit
354212,00-99,,JP,jcb,credit
354213,00-99,,JP,jcb,credit
354214,00-99,,JP,jcb,credit
354215,00-99,,JP,jcb,credit
354216,00-99,,JP,jcb,credit
354217,00-99,,JP,jcb,credit
354218,00-99,,JP,jcb,credit
354219,00-99,,JP,jcb,credit
354220,00-99,,JP,jcb,credit
354221,00-99,,JP,jcb,credit
354222,00-99,,JP,jcb,credit
354223,00-99,,JP,jcb,credit
354224,00-99,,JP,jcb,credit
354225,00-99,,JP,jcb,credit
354226,00-99,,JP,jcb,credit
354227,00-99,,JP,jcb,credit
354228,00-99,,JP,jcb,credit
354229,00-99,,JP,jcb,credit
354230,00-99,,JP,jcb,credit
354231,00-99,,JP,jcb,credit
354232,00-99,,JP,jcb,credit
354233,00-99,,JP,jcb,credit
354234,00-99,,JP,jcb,credit
354235,00-99,,JP,jcb,credit
354236,00-99,,JP,jcb,credit
354237,00-99,,JP,jcb,credit
354238,00-99,,JP,jcb,credit
354239,00-99,,JP,jcb,credit
354240,00-99,,JP,jcb,credit
354241,00-99,,JP,jcb,credit
354242,00-99,,JP,jcb,credit
354243,00-99,,JP,jcb,credit
354244,00-99,,JP,jcb,credit
354245,00-99,,JP,jcb,credit
354246,00-99,,JP,jcb,credit
354247,00-99,,JP,jcb,credit
354248,00-99,,JP,jcb,credit
354249,00-99,,JP,jcb,credit
354250,00-99,,JP,jcb,credit
354251,00-99,,JP,jcb,credit
354252,00-99,,JP,jcb,credit
354253,00-99,,JP,jcb,credit
354254,00-99,,JP,jcb,credit
354255,00-99,,JP,jcb,credit
354256,00-99,,JP,jcb,credit
354257,00-99,,JP,jcb,credit
354258,00-99,JAL,JP,jcb,credit
354259,00-99,YAHOO! JAPAN,JP,jcb,credit
354260,00-99,,JP,jcb,credit
354261,00-99,,JP,jcb,credit
354262,00-99,,JP,jcb,credit
354263,00-99,,JP,jcb,credit
354264,00-99,,JP,jcb,credit
354265,00-99,,JP,jcb,credit
354266,00-99,,JP,jcb,credit
354267,00-99,JOYO,JP,jcb,credit
354268,00-99,,JP,jcb,credit
354269,00-99,JCB INTERNATIONAL CREDIT CARD CO. LTD.,JP,jcb,credit
354270,00-99,CHIBA,JP,jcb,credit
354271,00-99,,JP,jcb,credit
354272,00-99,,JP,jcb,credit
354273,00-99,,JP,jcb,credit
354274,00-99,,JP,jcb,credit
354275,00-99,,JP,jcb,credit
354276,00-99,,JP,jcb,credit
354277,00-99,ARIO,JP,jcb,credit
354278,00-99,TATSUO TAKEDA,JP,jcb,credit
354279,00-99,,JP,jcb,credit
354280,00-99,,JP,jcb,credit
354281,00-99,,JP,jcb,credit
354282,00-99,,JP,jcb,credit
354283,00-99,,JP,jcb,credit
354284,00-99,MUFG,JP,jcb,credit
354285,00-99,,JP,jcb,credit
354286,00-99,,JP,jcb,credit
354287,00-99,HANA PLUS,JP,jcb,credit
354288,00-99,BENESSE,JP,jcb,credit
354289,00-99,,JP,jcb,credit
354290,00-99,ODAKYU POINT,JP,jcb,credit
354291,00-99,,JP,jcb,credit
354292,00-99,,JP,jcb,credit
354293,00-99,,JP,jcb,credit
354294,00-99,,JP,jcb,credit
354295,00-99,,JP,jcb,credit
354296,00-99,,JP,jcb,credit
354297,00-99,,JP,jcb,credit
354298,00-99,,JP,jcb,credit
354299,00-99,,JP,jcb,credit
354300,00-99,,JP,jcb,credit
354301,00-99,,JP,jcb,credit
354302,00-99,,JP,jcb,credit
354303,00-99,,JP,jcb,credit
354304,00-99,,JP,jcb,credit
354305,00-99,,JP,jcb,credit
354306,00-99,,JP,jcb,credit
354307,00-99,,JP,jcb,credit
354308,00-99,,JP,jcb,credit
354309,00-99,,JP,jcb,credit
354310,00-99,,JP,jcb,credit
354311,00-99,JCB INTERNATIONAL CREDIT CARD CO.,JP,jcb,credit
354312,00-99,,JP,jcb,credit
354313,00-99,,JP,jcb,credit
354314,00-99,,JP,jcb,credit
354315,00-99,,JP,jcb,credit
354316,00-99,,JP,jcb,credit
354317,00-99,,JP,jcb,credit
354318,00-99,,JP,jcb,credit
354319,00-99,,JP,jcb,credit
354320,00-99,,JP,jcb,credit
354321,00-99,,JP,jcb,credit
354322,00-99,,JP,jcb,credit
354323,00-99,,JP,jcb,credit
354324,00-99,,JP,jcb,credit
354325,00-99,,JP,jcb,credit
354326,00-99,,JP,jcb,credit
354327,00-99,,JP,jcb,credit
354328,00-99,,JP,jcb,credit
354329,00-99,,JP,jcb,credit
354330,00-99,,JP,jcb,credit
354331,00-99,,JP,jcb,credit
354332,00-99,,JP,jcb,credit
354333,00-99,,JP,jcb,credit
354334,00-99,,JP,jcb,credit
354335,00-99,,JP,jcb,credit
354336,00-99,,JP,jcb,credit
354337,00-99,,JP,jcb,credit
354338,00-99,,JP,jcb,credit
354339,00-99,,JP,jcb,credit
354340,00-99,,JP,jcb,credit
354341,00-99,,JP,jcb,credit
354342,00-99,,JP,jcb,credit
354343,00-99,,JP,jcb,credit
354344,00-99,,JP,jcb,credit
354345,00-99,,JP,jcb,credit
354346,00-99,,JP,jcb,credit
354347,00-99,,JP,jcb,credit
354348,00-99,,JP,jcb,credit
354349,00-99,,JP,jcb,credit
354350,00-99,,JP,jcb,credit
354351,00-99,,JP,jcb,credit
354352,00-99,,JP,jcb,credit
354353,00-99,,JP,jcb,credit
354354,00-99,,JP,jcb,credit
354355,00-99,,JP,jcb,credit
354356,00-99,,JP,jcb,credit
354357,00-99,,JP,jcb,credit
354358,00-99,,JP,jcb,credit
354359,00-99,,JP,jcb,credit
354360,00-99,,JP,jcb,credit
354361,00-99,,JP,jcb,credit
354362,00-99,,JP,jcb,credit
354363,00-99,,JP,jcb,credit
354364,00-99,,JP,jcb,credit
354365,00-99,,JP,jcb,credit
354366,00-99,,JP,jcb,credit
354367,00-99,,JP,jcb,credit
354368,00-99,,JP,jcb,credit
354369,00-99,,JP,jcb,credit
354370,00-99,,JP,jcb,credit
354371,00-99,,JP,jcb,credit
354372,00-99,,JP,jcb,credit
354373,00-99,,JP,jcb,credit
354374,00-99,,JP,jcb,credit
354375,00-99,,JP,jcb,credit
354376,00-99,,JP,jcb,credit
354377,00-99,,JP,jcb,credit
354378,00-99,,JP,jcb,credit
354379,00-99,,JP,jcb,credit
354380,00-99,,JP,jcb,credit
354381,00-99,,JP,jcb,credit
354382,00-99,,JP,jcb,credit
354383,00-99,,JP,jcb,credit
354384,00-99,,JP,jcb,credit
354385,00-99,,JP,jcb,credit
354386,00-99,,JP,jcb,credit
354387,00-99,,JP,jcb,credit
354388,00-99,,JP,jcb,credit
354389,00-99,,JP,jcb,credit
354390,00-99,,JP,jcb,credit
354391,00-99,,JP,jcb,credit
354392,00-99,,JP,jcb,credit
354393,00-99,,JP,jcb,credit
354394,00-99,,JP,jcb,credit
354395,00-99,,JP,jcb,credit
354396,00-99,,JP,jcb,credit
354397,00-99,,JP,jcb,credit
354398,00-99,,JP,jcb,credit
354399,00-99,,JP,jcb,credit
354400,00-99,,JP,jcb,credit
354401,00-99,,JP,jcb,credit
354402,00-99,,JP,jcb,credit
354403,00-99,,JP,jcb,credit
354404,00-99,,JP,jcb,credit
354405,00-99,,JP,jcb,credit
354406,00-99,,JP,jcb,credit
354407,00-99,,JP,jcb,credit
354408,00-99,,JP,jcb,credit
354409,00-99,,JP,jcb,credit
354410,00-99,,JP,jcb,credit
354411,00-99,,JP,jcb,credit
354412,00-99,,JP,jcb,credit
354413,00-99,,JP,jcb,credit
354414,00-99,,JP,jcb,credit
354415,00-99,,JP,jcb,credit
354416,00-99,,JP,jcb,credit
354417,00-99,,JP,jcb,credit
354418,00-99,,JP,jcb,credit
354419,00-99,,JP,jcb,credit
354420,00-99,,JP,jcb,credit
354421,00-99,,JP,jcb,credit
354422,00-99,,JP,jcb,credit
354423,00-99,,JP,jcb,credit
354424,00-99,,JP,jcb,credit
354425,00-99,,JP,jcb,credit
354426,00-99,,JP,jcb,credit
354427,00-99,,JP,jcb,credit
354428,00-99,,JP,jcb,credit
354429,00-99,,JP,jcb,credit
354430,00-99,,JP,jcb,credit
354431,00-99,,JP,jcb,credit
354432,00-99,,JP,jcb,credit
354433,00-99,,JP,jcb,credit
354434,00-99,,JP,jcb,credit
354435,00-99,,JP,jcb,credit
354436,00-99,,JP,jcb,credit
354437,00-99,,JP,jcb,credit
354438,00-99,,JP,jcb,credit
354439,00-99,,JP,jcb,credit
354440,00-99,,JP,jcb,credit
354441,00-99,,JP,jcb,credit
354442,00-99,,JP,jcb,credit
354443,00-99,,JP,jcb,credit
354444,00-99,,JP,jcb,credit
354445,00-99,,JP,jcb,credit
354446,00-99,,JP,jcb,credit
354447,00-99,,JP,jcb,credit
354448,00-99,,JP,jcb,credit
354449,00-99,,JP,jcb,credit
354450,00-99,,JP,jcb,credit
354451,00-99,,JP,jcb,credit
354452,00-99,,JP,jcb,credit
354453,00-99,,JP,jcb,credit
354454,00-99,,JP,jcb,credit
354455,00-99,,JP,jcb,credit
354456,00-99,,JP,jcb,credit
354457,00-99,,JP,jcb,credit
354458,00-99,,JP,jcb,credit
354459,00-99,,JP,jcb,credit
354460,00-99,,JP,jcb,credit
354461,00-99,,JP,jcb,credit
354462,00-99,,JP,jcb,credit
354463,00-99,,JP,jcb,credit
354464,00-99,,JP,jcb,credit
354465,00-99,,JP,jcb,credit
354466,00-99,,JP,jcb,credit
354467,00-99,,JP,jcb,credit
354468,00-99,,JP,jcb,credit
354469,00-99,,JP,jcb,credit
354470,00-99,,JP,jcb,credit
354471,00-99,,JP,jcb,credit
354472,00-99,,JP,jcb,credit
354473,00-99,,JP,jcb,credit
354474,00-99,,JP,jcb,credit
354475,00-99,,JP,jcb,credit
354476,00-99,,JP,jcb,credit
354477,00-99,,JP,jcb,credit
354478,00-99,,JP,jcb,credit
354479,00-99,,JP,jcb,credit
354480,00-99,,JP,jcb,credit
354481,00-99,,JP,jcb,credit
354482,00-99,,JP,jcb,credit
354483,00-99,,JP,jcb,credit
354484,00-99,,JP,jcb,credit
354485,00-99,,JP,jcb,credit
354486,00-99,,JP,jcb,credit
354487,00-99,,JP,jcb,credit
354488,00-99,,JP,jcb,credit
354489,00-99,,JP,jcb,credit
354490,00-99,,JP,jcb,credit
354491,00-99,,JP,jcb,credit
354492,00-99,,JP,jcb,credit
354493,00-99,,JP,jcb,credit
354494,00-99,,JP,jcb,credit
354495,00-99,,JP,jcb,credit
354496,00-99,,JP,jcb,credit
354497,00-99,,JP,jcb,credit
354498,00-99,,JP,jcb,credit
354499,00-99,,JP,jcb,credit
354500,00-99,,JP,jcb,credit
354501,00-99,,JP,jcb,credit
354502,00-99,,JP,jcb,credit
354503,00-99,,JP,jcb,credit
354504,00-99,,JP,jcb,credit
354505,00-99,,JP,jcb,credit
354506,00-99,,JP,jcb,credit
354507,00-99,,JP,jcb,credit
354508,00-99,,JP,jcb,credit
354509,00-99,,JP,jcb,credit
354510,00-99,,JP,jcb,credit
354511,00-99,,JP,jcb,credit
354512,00-99,,JP,jcb,credit
354513,00-99,,JP,jcb,credit
354514,00-99,,JP,jcb,credit
354515,00-99,,JP,jcb,credit
354516,00-99,,JP,jcb,credit
354517,00-99,,JP,jcb,credit
354518,00-99,,JP,jcb,credit
354519,00-99,,JP,jcb,credit
354520,00-99,,JP,jcb,credit
354521,00-99,,JP,jcb,credit
354522,00-99,,JP,jcb,credit
354523,00-99,,JP,jcb,credit
354524,00-99,,JP,jcb,credit
354525,00-99,,JP,jcb,credit
354526,00-99,,JP,jcb,credit
354527,00-99,,JP,jcb,credit
354528,00-99,,JP,jcb,credit
354529,00-99,,JP,jcb,credit
354530,00-99,,JP,jcb,credit
354531,00-99,,JP,jcb,credit
354532,00-99,,JP,jcb,credit
354533,00-99,,JP,jcb,credit
354534,00-99,,JP,jcb,credit
354535,00-99,,JP,jcb,credit
354536,00-99,,JP,jcb,credit
354537,00-99,,JP,jcb,credit
354538,00-99,,JP,jcb,credit
354539,00-99,,JP,jcb,credit
354540,00-99,,JP,jcb,credit
354541,00-99,,JP,jcb,credit
354542,00-99,,JP,jcb,credit
354543,00-99,,JP,jcb,credit
354544,00-99,,JP,jcb,credit
354545,00-99,,JP,jcb,credit
354546,00-99,,JP,jcb,credit
354547,00-99,,JP,jcb,credit
354548,00-99,,JP,jcb,credit
354549,00-99,,JP,jcb,credit
354550,00-99,,JP,jcb,credit
354551,00-99,,JP,jcb,credit
354552,00-99,,JP,jcb,credit
354553,00-99,,JP,jcb,credit
354554,00-99,,JP,jcb,credit
354555,00-99,,JP,jcb,credit
354556,00-99,,JP,jcb,credit
354557,00-99,,JP,jcb,credit
354558,00-99,,JP,jcb,credit
354559,00-99,,JP,jcb,credit
354560,00-99,,JP,jcb,credit
354561,00-99,,JP,jcb,credit
354562,00-99,,JP,jcb,credit
354563,00-99,,JP,jcb,credit
354564,00-99,,JP,jcb,credit
354565,00-99,,JP,jcb,credit
354566,00-99,,JP,jcb,credit
354567,00-99,,JP,jcb,credit
354568,00-99,,JP,jcb,credit
354569,00-99,,JP,jcb,credit
354570,00-99,,JP,jcb,credit
354571,00-99,,JP,jcb,credit
354572,00-99,,JP,jcb,credit
354573,00-99,,JP,jcb,credit
354574,00-99,,JP,jcb,credit
354575,00-99,,JP,jcb,credit
354576,00-99,,JP,jcb,credit
354577,00-99,,JP,jcb,credit
354578,00-99,,JP,jcb,credit
354579,00-99,,JP,jcb,credit
354580,00-99,,JP,jcb,credit
354581,00-99,,JP,jcb,credit
354582,00-99,,JP,jcb,credit
354583,00-99,,JP,jcb,credit
354584,00-99,,JP,jcb,credit
354585,00-99,,JP,jcb,credit
354586,00-99,,JP,jcb,credit
354587,00-99,,JP,jcb,credit
354588,00-99,,JP,jcb,credit
354589,00-99,,JP,jcb,credit
354590,00-99,,JP,jcb,credit
354591,00-99,,JP,jcb,credit
354592,00-99,,JP,jcb,credit
354593,00-99,,JP,jcb,credit
354594,00-99,,JP,jcb,credit
354595,00-99,,JP,jcb,credit
354596,00-99,,JP,jcb,credit
354597,00-99,,JP,jcb,credit
354598,00-99,,JP,jcb,credit
354599,00-99,,JP,jcb,credit
354600,00-99,,JP,jcb,credit
354601,00-99,,JP,jcb,credit
354602,00-99,,JP,jcb,credit
354603,00-99,,JP,jcb,credit
354604,00-99,,JP,jcb,credit
354605,00-99,,JP,jcb,credit
354606,00-99,,JP,jcb,credit
354607,00-99,,JP,jcb,credit
354608,00-99,,JP,jcb,credit
354609,00-99,,JP,jcb,credit
354610,00-99,,JP,jcb,credit
354611,00-99,,JP,jcb,credit
354612,00-99,,JP,jcb,credit
354613,00-99,,JP,jcb,credit
354614,00-99,,JP,jcb,credit
354615,00-99,,JP,jcb,credit
354616,00-99,,JP,jcb,credit
354617,00-99,,JP,jcb,credit
354618,00-99,,JP,jcb,credit
354619,00-99,,JP,jcb,credit
354620,00-99,,JP,jcb,credit
354621,00-99,,JP,jcb,credit
354622,00-99,,JP,jcb,credit
354623,00-99,,JP,jcb,credit
354624,00-99,,JP,jcb,credit
354625,00-99,,JP,jcb,credit
354626,00-99,,JP,jcb,credit
354627,00-99,,JP,jcb,credit
354628,00-99,,JP,jcb,credit
354629,00-99,,JP,jcb,credit
354630,00-99,,JP,jcb,credit
354631,00-99,,JP,jcb,credit
354632,00-99,,JP,jcb,credit
354633,00-99,,JP,jcb,credit
354634,00-99,,JP,jcb,credit
354635,00-99,,JP,jcb,credit
354636,00-99,,JP,jcb,credit
354637,00-99,,JP,jcb,credit
354638,00-99,,JP,jcb,credit
354639,00-99,,JP,jcb,credit
354640,00-99,,JP,jcb,credit
354641,00-99,,JP,jcb,credit
354642,00-99,,JP,jcb,credit
354643,00-99,,JP,jcb,credit
354644,00-99,,JP,jcb,credit
354645,00-99,,JP,jcb,credit
354646,00-99,,JP,jcb,credit
354647,00-99,,JP,jcb,credit
354648,00-99,,JP,jcb,credit
354649,00-99,,JP,jcb,credit
354650,00-99,,JP,jcb,credit
354651,00-99,,JP,jcb,credit
354652,00-99,,JP,jcb,credit
354653,00-99,,JP,jcb,credit
354654,00-99,,JP,jcb,credit
354655,00-99,,JP,jcb,credit
354656,00-99,,JP,jcb,credit
354657,00-99,,JP,jcb,credit
354658,00-99,,JP,jcb,credit
354659,00-99,,JP,jcb,credit
354660,00-99,,JP,jcb,credit
354661,00-99,,JP,jcb,credit
354662,00-99,,JP,jcb,credit
354663,00-99,,JP,jcb,credit
354664,00-99,,JP,jcb,credit
354665,00-99,,JP,jcb,credit
354666,00-99,,JP,jcb,credit
354667,00-99,,JP,jcb,credit
354668,00-99,,JP,jcb,credit
354669,00-99,,JP,jcb,credit
354670,00-99,,JP,jcb,credit
354671,00-99,,JP,jcb,credit
354672,00-99,,JP,jcb,credit
354673,00-99,,JP,jcb,credit
354674,00-99,,JP,jcb,credit
354675,00-99,,JP,jcb,credit
354676,00-99,,JP,jcb,credit
354677,00-99,,JP,jcb,credit
354678,00-99,,JP,jcb,credit
354679,00-99,,JP,jcb,credit
354680,00-99,,JP,jcb,credit
354681,00-99,,JP,jcb,credit
354682,00-99,,JP,jcb,credit
354683,00-99,,JP,jcb,credit
354684,00-99,,JP,jcb,credit
354685,00-99,,JP,jcb,credit
354686,00-99,,JP,jcb,credit
354687,00-99,,JP,jcb,credit
354688,00-99,,JP,jcb,credit
354689,00-99,,JP,jcb,credit
354690,00-99,,JP,jcb,credit
354691,00-99,,JP,jcb,credit
354692,00-99,,JP,jcb,credit
354693,00-99,,JP,jcb,credit
354694,00-99,,JP,jcb,credit
354695,00-99,,JP,jcb,credit
354696,00-99,,JP,jcb,credit
354697,00-99,,JP,jcb,credit
354698,00-99,,JP,jcb,credit
354699,00-99,,JP,jcb,credit
354700,00-99,,JP,jcb,credit
354701,00-99,,JP,jcb,credit
354702,00-99,,JP,jcb,credit
354703,00-99,,JP,jcb,credit
354704,00-99,,JP,jcb,credit
354705,00-99,,JP,jcb,credit
354706,00-99,,JP,jcb,credit
354707,00-99,,JP,jcb,credit
354708,00-99,,JP,jcb,credit
354709,00-99,,JP,jcb,credit
354710,00-99,,JP,jcb,credit
354711,00-99,,JP,jcb,credit
354712,00-99,,JP,jcb,credit
354713,00-99,,JP,jcb,credit
354714,00-99,,JP,jcb,credit
354715,00-99,,JP,jcb,credit
354716,00-99,,JP,jcb,credit
354717,00-99,,JP,jcb,credit
354718,00-99,,JP,jcb,credit
354719,00-99,,JP,jcb,credit
354720,00-99,,JP,jcb,credit
354721,00-99,,JP,jcb,credit
354722,00-99,,JP,jcb,credit
354723,00-99,,JP,jcb,credit
354724,00-99,,JP,jcb,credit
354725,00-99,,JP,jcb,credit
354726,00-99,,JP,jcb,credit
354727,00-99,,JP,jcb,credit
354728,00-99,,JP,jcb,credit
354729,00-99,,JP,jcb,credit
354730,00-99,,JP,jcb,credit
354731,00-99,,JP,jcb,credit
354732,00-99,,JP,jcb,credit
354733,00-99,,JP,jcb,credit
354734,00-99,,JP,jcb,credit
354735,00-99,,JP,jcb,credit
354736,00-99,,JP,jcb,credit
354737,00-99,,JP,jcb,credit
354738,00-99,,JP,jcb,credit
354739,00-99,,JP,jcb,credit
354740,00-99,,JP,jcb,credit
354741,00-99,,JP,jcb,credit
354742,00-99,,JP,jcb,credit
354743,00-99,,JP,jcb,credit
354744,00-99,,JP,jcb,credit
354745,00-99,,JP,jcb,credit
354746,00-99,,JP,jcb,credit
354747,00-99,,JP,jcb,credit
354748,00-99,,JP,jcb,credit
354749,00-99,,JP,jcb,credit
354750,00-99,,JP,jcb,credit
354751,00-99,,JP,jcb,credit
354752,00-99,,JP,jcb,credit
354753,00-99,,JP,jcb,credit
354754,00-99,,JP,jcb,credit
354755,00-99,,JP,jcb,credit
354756,00-99,,JP,jcb,credit
354757,00-99,,JP,jcb,credit
354758,00-99,,JP,jcb,credit
354759,00-99,,JP,jcb,credit
354760,00-99,,JP,jcb,credit
354761,00-99,,JP,jcb,credit
354762,00-99,,JP,jcb,credit
354763,00-99,,JP,jcb,credit
354764,00-99,,JP,jcb,credit
354765,00-99,,JP,jcb,credit
354766,00-99,,JP,jcb,credit
354767,00-99,,JP,jcb,credit
354768,00-99,,JP,jcb,credit
354769,00-99,,JP,jcb,credit
354770,00-99,,JP,jcb,credit
354771,00-99,,JP,jcb,credit
354772,00-99,,JP,jcb,credit
354773,00-99,,JP,jcb,credit
354774,00-99,,JP,jcb,credit
354775,00-99,,JP,jcb,credit
354776,00-99,,JP,jcb,credit
354777,00-99,,JP,jcb,credit
354778,00-99,,JP,jcb,credit
354779,00-99,,JP,jcb,credit
354780,00-99,,JP,jcb,credit
354781,00-99,,JP,jcb,credit
354782,00-99,,JP,jcb,credit
354783,00-99,,JP,jcb,credit
354784,00-99,,JP,jcb,credit
354785,00-99,,JP,jcb,credit
354786,00-99,,JP,jcb,credit
354787,00-99,,JP,jcb,credit
354788,00-99,,JP,jcb,credit
354789,00-99,,JP,jcb,credit
354790,00-99,,JP,jcb,credit
354791,00-99,,JP,jcb,credit
354792,00-99,,JP,jcb,credit
354793,00-99,,JP,jcb,credit
354794,00-99,,JP,jcb,credit
354795,00-99,,JP,jcb,credit
354796,00-99,,JP,jcb,credit
354797,00-99,,JP,jcb,credit
354798,00-99,,JP,jcb,credit
354799,00-99,,JP,jcb,credit
354800,00-99,,JP,jcb,credit
354801,00-99,,JP,jcb,credit
354802,00-99,,JP,jcb,credit
354803,00-99,,JP,jcb,credit
354804,00-99,,JP,jcb,credit
354805,00-99,,JP,jcb,credit
354806,00-99,,JP,jcb,credit
354807,00-99,,JP,jcb,credit
354808,00-99,,JP,jcb,credit
354809,00-99,,JP,jcb,credit
354810,00-99,,JP,jcb,credit
354811,00-99,,JP,jcb,credit
354812,00-99,,JP,jcb,credit
354813,00-99,,JP,jcb,credit
354814,00-99,,JP,jcb,credit
354815,00-99,,JP,jcb,credit
354816,00-99,,JP,jcb,credit
354817,00-99,,JP,jcb,credit
354818,00-99,,JP,jcb,credit
354819,00-99,,JP,jcb,credit
354820,00-99,,JP,jcb,credit
354821,00-99,,JP,jcb,credit
354822,00-99,,JP,jcb,credit
354823,00-99,,JP,jcb,credit
354824,00-99,,JP,jcb,credit
354825,00-99,,JP,jcb,credit
354826,00-99,,JP,jcb,credit
354827,00-99,,JP,jcb,credit
354828,00-99,,JP,jcb,credit
354829,00-99,,JP,jcb,credit
354830,00-99,,JP,jcb,credit
354831,00-99,,JP,jcb,credit
354832,00-99,,JP,jcb,credit
354833,00-99,,JP,jcb,credit
354834,00-99,,JP,jcb,credit
354835,00-99,,JP,jcb,credit
354836,00-99,,JP,jcb,credit
354837,00-99,,JP,jcb,credit
354838,00-99,,JP,jcb,credit
354839,00-99,,JP,jcb,credit
354840,00-99,,JP,jcb,credit
354841,00-99,,JP,jcb,credit
354842,00-99,,JP,jcb,credit
354843,00-99,,JP,jcb,credit
354844,00-99,,JP,jcb,credit
354845,00-99,,JP,jcb,credit
354846,00-99,,JP,jcb,credit
354847,00-99,,JP,jcb,credit
354848,00-99,,JP,jcb,credit
354849,00-99,,JP,jcb,credit
354850,00-99,,JP,jcb,credit
354851,00-99,,JP,jcb,credit
354852,00-99,,JP,jcb,credit
354853,00-99,,JP,jcb,credit
354854,00-99,,JP,jcb,credit
354855,00-99,,JP,jcb,credit
354856,00-99,,JP,jcb,credit
354857,00-99,,JP,jcb,credit
354858,00-99,,JP,jcb,credit
354859,00-99,,JP,jcb,credit
354860,00-99,,JP,jcb,credit
354861,00-99,,JP,jcb,credit
354862,00-99,,JP,jcb,credit
354863,00-99,,JP,jcb,credit
354864,00-99,,JP,jcb,credit
354865,00-99,,JP,jcb,credit
354866,00-99,,JP,jcb,credit
354867,00-99,,JP,jcb,credit
354868,00-99,,JP,jcb,credit
354869,00-99,,JP,jcb,credit
354870,00-99,,JP,jcb,credit
354871,00-99,,JP,jcb,credit
354872,00-99,,JP,jcb,credit
354873,00-99,,JP,jcb,credit
354874,00-99,,JP,jcb,credit
354875,00-99,,JP,jcb,credit
354876,00-99,,JP,jcb,credit
354877,00-99,,JP,jcb,credit
354878,00-99,,JP,jcb,credit
354879,00-99,,JP,jcb,credit
354880,00-99,,JP,jcb,credit
354881,00-99,,JP,jcb,credit
354882,00-99,,JP,jcb,credit
354883,00-99,,JP,jcb,credit
354884,00-99,,JP,jcb,credit
354885,00-99,,JP,jcb,credit
354886,00-99,,JP,jcb,credit
354887,00-99,,JP,jcb,credit
354888,00-99,,JP,jcb,credit
354889,00-99,,JP,jcb,credit
354890,00-99,,JP,jcb,credit
354891,00-99,,JP,jcb,credit
354892,00-99,,JP,jcb,credit
354893,00-99,,JP,jcb,credit
354894,00-99,,JP,jcb,credit
354895,00-99,,JP,jcb,credit
354896,00-99,,JP,jcb,credit
354897,00-99,,JP,jcb,credit
354898,00-99,,JP,jcb,credit
354899,00-99,,JP,jcb,credit
354900,00-99,,JP,jcb,credit
354901,00-99,,JP,jcb,credit
354902,00-99,,JP,jcb,credit
354903,00-99,,JP,jcb,credit
354904,00-99,,JP,jcb,credit
354905,00-99,,JP,jcb,credit
354906,00-99,,JP,jcb,credit
354907,00-99,,JP,jcb,credit
354908,00-99,,JP,jcb,credit
354909,00-99,,JP,jcb,credit
354910,00-99,,JP,jcb,credit
354911,00-99,,JP,jcb,credit
354912,00-99,,JP,jcb,credit
354913,00-99,,JP,jcb,credit
354914,00-99,,JP,jcb,credit
354915,00-99,,JP,jcb,credit
354916,00-99,,JP,jcb,credit
354917,00-99,,JP,jcb,credit
354918,00-99,,JP,jcb,credit
354919,00-99,,JP,jcb,credit
354920,00-99,,JP,jcb,credit
354921,00-99,,JP,jcb,credit
354922,00-99,,JP,jcb,credit
354923,00-99,,JP,jcb,credit
354924,00-99,,JP,jcb,credit
354925,00-99,,JP,jcb,credit
354926,00-99,,JP,jcb,credit
354927,00-99,,JP,jcb,credit
354928,00-99,,JP,jcb,credit
354929,00-99,,JP,jcb,credit
354930,00-99,,JP,jcb,credit
354931,00-99,,JP,jcb,credit
354932,00-99,,JP,jcb,credit
354933,00-99,,JP,jcb,credit
354934,00-99,,JP,jcb,credit
354935,00-99,,JP,jcb,credit
354936,00-99,,JP,jcb,credit
354937,00-99,,JP,jcb,credit
354938,00-99,,JP,jcb,credit
354939,00-99,,JP,jcb,credit
354940,00-99,,JP,jcb,credit
354941,00-99,,JP,jcb,credit
354942,00-99,,JP,jcb,credit
354943,00-99,,JP,jcb,credit
354944,00-99,,JP,jcb,credit
354945,00-99,,JP,jcb,credit
354946,00-99,,JP,jcb,credit
354947,00-99,,JP,jcb,credit
354948,00-99,,JP,jcb,credit
354949,00-99,,JP,jcb,credit
354950,00-99,,JP,jcb,credit
354951,00-99,,JP,jcb,credit
354952,00-99,,JP,jcb,credit
354953,00-99,,JP,jcb,credit
354954,00-99,,JP,jcb,credit
354955,00-99,,JP,jcb,credit
354956,00-99,,JP,jcb,credit
354957,00-99,,JP,jcb,credit
354958,00-99,,JP,jcb,credit
354959,00-99,,JP,jcb,credit
354960,00-99,,JP,jcb,credit
354961,00-99,,JP,jcb,credit
354962,00-99,,JP,jcb,credit
354963,00-99,,JP,jcb,credit
354964,00-99,,JP,jcb,credit
354965,00-99,,JP,jcb,credit
354966,00-99,,JP,jcb,credit
354967,00-99,,JP,jcb,credit
354968,00-99,,JP,jcb,credit
354969,00-99,,JP,jcb,credit
354970,00-99,,JP,jcb,credit
354971,00-99,JCB INTERNATIONAL CREDIT CARD CO.,JP,jcb,credit
354972,00-99,,JP,jcb,credit
354973,00-99,,JP,jcb,credit
354974,00-99,,JP,jcb,credit
354975,00-99,,JP,jcb,credit
354976,00-99,,JP,jcb,credit
354977,00-99,,JP,jcb,credit
354978,00-99,,JP,jcb,credit
354979,00-99,,JP,jcb,credit
354980,00-99,,JP,jcb,credit
354981,00-99,,JP,jcb,credit
354982,00-99,,JP,jcb,credit
354983,00-99,,JP,jcb,credit
354984,00-99,,JP,jcb,credit
354985,00-99,,JP,jcb,credit
354986,00-99,,JP,jcb,credit
354987,00-99,,JP,jcb,credit
354988,00-99,,JP,jcb,credit
354989,00-99,,JP,jcb,credit
354990,00-99,,JP,jcb,credit
354991,00-99,,JP,jcb,credit
354992,00-99,,JP,jcb,credit
354993,00-99,,JP,jcb,credit
354994,00-99,,JP,jcb,credit
354995,00-99,,JP,jcb,credit
354996,00-99,,JP,jcb,credit
354997,00-99,,JP,jcb,credit
354998,00-99,,JP,jcb,credit
354999,00-99,,JP,jcb,credit
355000,00-99,,JP,jcb,credit
355001,00-99,,JP,jcb,credit
355002,00-99,,JP,jcb,credit
355003,00-99,,JP,jcb,credit
355004,00-99,,JP,jcb,credit
355005,00-99,,JP,jcb,credit
355006,00-99,,JP,jcb,credit
355007,00-99,,JP,jcb,credit
355008,00-99,,JP,jcb,credit
355009,00-99,,JP,jcb,credit
355010,00-99,,JP,jcb,credit
355011,00-99,,JP,jcb,credit
355012,00-99,,JP,jcb,credit
355013,00-99,,JP,jcb,credit
355014,00-99,,JP,jcb,credit
355015,00-99,,JP,jcb,credit
355016,00-99,,JP,jcb,credit
355017,00-99,,JP,jcb,credit
355018,00-99,,JP,jcb,credit
355019,00-99,,JP,jcb,credit
355020,00-99,,JP,jcb,credit
355021,00-99,,JP,jcb,credit
355022,00-99,,JP,jcb,credit
355023,00-99,,JP,jcb,credit
355024,00-99,,JP,jcb,credit
355025,00-99,,JP,jcb,credit
355026,00-99,,JP,jcb,credit
355027,00-99,,JP,jcb,credit
355028,00-99,,JP,jcb,credit
355029,00-99,,JP,jcb,credit
355030,00-99,,JP,jcb,credit
355031,00-99,,JP,jcb,credit
355032,00-99,,JP,jcb,credit
355033,00-99,,JP,jcb,credit
355034,00-99,,JP,jcb,credit
355035,00-99,,JP,jcb,credit
355036,00-99,,JP,jcb,credit
355037,00-99,,JP,jcb,credit
355038,00-99,,JP,jcb,credit
355039,00-99,,JP,jcb,credit
355040,00-99,,JP,jcb,credit
355041,00-99,,JP,jcb,credit
355042,00-99,,JP,jcb,credit
355043,00-99,,JP,jcb,credit
355044,00-99,,JP,jcb,credit
355045,00-99,,JP,jcb,credit
355046,00-99,,JP,jcb,credit
355047,00-99,,JP,jcb,credit
355048,00-99,,JP,jcb,credit
355049,00-99,,JP,jcb,credit
355050,00-99,,JP,jcb,credit
355051,00-99,,JP,jcb,credit
355052,00-99,,JP,jcb,credit
355053,00-99,,JP,jcb,credit
355054,00-99,,JP,jcb,credit
355055,00-99,,JP,jcb,credit
355056,00-99,,JP,jcb,credit
355057,00-99,,JP,jcb,credit
355058,00-99,,JP,jcb,credit
355059,00-99,,JP,jcb,credit
355060,00-99,,JP,jcb,credit
355061,00-99,,JP,jcb,credit
355062,00-99,,JP,jcb,credit
355063,00-99,,JP,jcb,credit
355064,00-99,,JP,jcb,credit
355065,00-99,,JP,jcb,credit
355066,00-99,,JP,jcb,credit
355067,00-99,JCB INTERNATIONAL CREDIT CARD CO.,JP,jcb,credit
355068,00-99,,JP,jcb,credit
355069,00-99,,JP,jcb,credit
355070,00-99,,JP,jcb,credit
355071,00-99,,JP,jcb,credit
355072,00-99,,JP,jcb,credit
355073,00-99,,JP,jcb,credit
355074,00-99,,JP,jcb,credit
355075,00-99,,JP,jcb,credit
355076,00-99,,JP,jcb,credit
355077,00-99,,JP,jcb,credit
355078,00-99,,JP,jcb,credit
355079,00-99,,JP,jcb,credit
355080,00-99,,JP,jcb,credit
355081,00-99,,JP,jcb,credit
355082,00-99,,JP,jcb,credit
355083,00-99,,JP,jcb,credit
355084,00-99,,JP,jcb,credit
355085,00-99,,JP,jcb,credit
355086,00-99,,JP,jcb,credit
355087,00-99,,JP,jcb,credit
355088,00-99,,JP,jcb,credit
355089,00-99,,JP,jcb,credit
355090,00-99,,JP,jcb,credit
355091,00-99,,JP,jcb,credit
355092,00-99,,JP,jcb,credit
355093,00-99,,JP,jcb,credit
355094,00-99,,JP,jcb,credit
355095,00-99,,JP,jcb,credit
355096,00-99,,JP,jcb,credit
355097,00-99,,JP,jcb,credit
355098,00-99,,JP,jcb,credit
355099,00-99,,JP,jcb,credit
355100,00-99,JR,JP,jcb,credit
355101,00-99,,JP,jcb,credit
355102,00-99,,JP,jcb,credit
355103,00-99,,JP,jcb,credit
355104,00-99,,JP,jcb,credit
355105,00-99,,JP,jcb,credit
355106,00-99,,JP,jcb,credit
355107,00-99,,JP,jcb,credit
355108,00-99,,JP,jcb,credit
355109,00-99,,JP,jcb,credit
355110,00-99,,JP,jcb,credit
355111,00-99,JCB CARD,JP,jcb,credit
355112,00-99,,JP,jcb,credit
355113,00-99,,JP,jcb,credit
355114,00-99,,JP,jcb,credit
355115,00-99,,JP,jcb,credit
355116,00-99,,JP,jcb,credit
355117,00-99,,JP,jcb,credit
355118,00-99,,JP,jcb,credit
355119,00-99,,JP,jcb,credit
355120,00-99,,JP,jcb,credit
355121,00-99,JCB CARD,JP,jcb,credit
355122,00-99,,JP,jcb,credit
355123,00-99,,JP,jcb,credit
355124,00-99,,JP,jcb,credit
355125,00-99,,JP,jcb,credit
355126,00-99,,JP,jcb,credit
355127,00-99,,JP,jcb,credit
355128,00-99,,JP,jcb,credit
355129,00-99,,JP,jcb,credit
355130,00-99,,JP,jcb,credit
355131,00-99,,JP,jcb,credit
355132,00-99,,JP,jcb,credit
355133,00-99,,JP,jcb,credit
355134,00-99,,JP,jcb,credit
355135,00-99,,JP,jcb,credit
355136,00-99,,JP,jcb,credit
355137,00-99,,JP,jcb,credit
355138,00-99,,JP,jcb,credit
355139,00-99,,JP,jcb,credit
355140,00-99,,JP,jcb,credit
355141,00-99,,JP,jcb,credit
355142,00-99,,JP,jcb,credit
355143,00-99,,JP,jcb,credit
355144,00-99,,JP,jcb,credit
355145,00-99,,JP,jcb,credit
355146,00-99,,JP,jcb,credit
355147,00-99,,JP,jcb,credit
355148,00-99,,JP,jcb,credit
355149,00-99,,JP,jcb,credit
355150,00-99,,JP,jcb,credit
355151,00-99,,JP,jcb,credit
355152,00-99,,JP,jcb,credit
355153,00-99,,JP,jcb,credit
355154,00-99,,JP,jcb,credit
355155,00-99,,JP,jcb,credit
355156,00-99,,JP,jcb,credit
355157,00-99,,JP,jcb,credit
355158,00-99,,JP,jcb,credit
355159,00-99,,JP,jcb,credit
355160,00-99,,JP,jcb,credit
355161,00-99,,JP,jcb,credit
355162,00-99,,JP,jcb,credit
355163,00-99,,JP,jcb,credit
355164,00-99,,JP,jcb,credit
355165,00-99,,JP,jcb,credit
355166,00-99,,JP,jcb,credit
355167,00-99,,JP,jcb,credit
355168,00-99,,JP,jcb,credit
355169,00-99,,JP,jcb,credit
355170,00-99,,JP,jcb,credit
355171,00-99,,JP,jcb,credit
355172,00-99,,JP,jcb,credit
355173,00-99,,JP,jcb,credit
355174,00-99,,JP,jcb,credit
355175,00-99,,JP,jcb,credit
355176,00-99,,JP,jcb,credit
355177,00-99,,JP,jcb,credit
355178,00-99,,JP,jcb,credit
355179,00-99,,JP,jcb,credit
355180,00-99,,JP,jcb,credit
355181,00-99,,JP,jcb,credit
355182,00-99,,JP,jcb,credit
355183,00-99,,JP,jcb,credit
355184,00-99,,JP,jcb,credit
355185,00-99,,JP,jcb,credit
355186,00-99,,JP,jcb,credit
355187,00-99,,JP,jcb,credit
355188,00-99,,JP,jcb,credit
355189,00-99,,JP,jcb,credit
355190,00-99,,JP,jcb,credit
355191,00-99,,JP,jcb,credit
355192,00-99,,JP,jcb,credit
355193,00-99,,JP,jcb,credit
355194,00-99,,JP,jcb,credit
355195,00-99,,JP,jcb,credit
355196,00-99,,JP,jcb,credit
355197,00-99,,JP,jcb,credit
355198,00-99,,JP,jcb,credit
355199,00-99,,JP,jcb,credit
355200,00-99,,JP,jcb,credit
355201,00-99,,JP,jcb,credit
355202,00-99,,JP,jcb,credit
355203,00-99,,JP,jcb,credit
355204,00-99,,JP,jcb,credit
355205,00-99,,JP,jcb,credit
355206,00-99,,JP,jcb,credit
355207,00-99,,JP,jcb,credit
355208,00-99,,JP,jcb,credit
355209,00-99,,JP,jcb,credit
355210,00-99,,JP,jcb,credit
355211,00-99,,JP,jcb,credit
355212,00-99,,JP,jcb,credit
355213,00-99,,JP,jcb,credit
355214,00-99,,JP,jcb,credit
355215,00-99,,JP,jcb,credit
355216,00-99,,JP,jcb,credit
355217,00-99,,JP,jcb,credit
355218,00-99,,JP,jcb,credit
355219,00-99,,JP,jcb,credit
355220,00-99,,JP,jcb,credit
355221,00-99,,JP,jcb,credit
355222,00-99,,JP,jcb,credit
355223,00-99,,JP,jcb,credit
355224,00-99,,JP,jcb,credit
355225,00-99,,JP,jcb,credit
355226,00-99,,JP,jcb,credit
355227,00-99,,JP,jcb,credit
355228,00-99,,JP,jcb,credit
355229,00-99,,JP,jcb,credit
355230,00-99,,JP,jcb,credit
355231,00-99,,JP,jcb,credit
355232,00-99,,JP,jcb,credit
355233,00-99,,JP,jcb,credit
355234,00-99,,JP,jcb,credit
355235,00-99,,JP,jcb,credit
355236,00-99,,JP,jcb,credit
355237,00-99,,JP,jcb,credit
355238,00-99,,JP,jcb,credit
355239,00-99,,JP,jcb,credit
355240,00-99,,JP,jcb,credit
355241,00-99,,JP,jcb,credit
355242,00-99,,JP,jcb,credit
355243,00-99,,JP,jcb,credit
355244,00-99,,JP,jcb,credit
355245,00-99,,JP,jcb,credit
355246,00-99,,JP,jcb,credit
355247,00-99,,JP,jcb,credit
355248,00-99,,JP,jcb,credit
355249,00-99,,JP,jcb,credit
355250,00-99,,JP,jcb,credit
355251,00-99,,JP,jcb,credit
355252,00-99,,JP,jcb,credit
355253,00-99,,JP,jcb,credit
355254,00-99,,JP,jcb,credit
355255,00-99,,JP,jcb,credit
355256,00-99,,JP,jcb,credit
355257,00-99,,JP,jcb,credit
355258,00-99,,JP,jcb,credit
355259,00-99,,JP,jcb,credit
355260,00-99,,JP,jcb,credit
355261,00-99,,JP,jcb,credit
355262,00-99,,JP,jcb,credit
355263,00-99,,JP,jcb,credit
355264,00-99,,JP,jcb,credit
355265,00-99,,JP,jcb,credit
355266,00-99,,JP,jcb,credit
355267,00-99,,JP,jcb,credit
355268,00-99,,JP,jcb,credit
355269,00-99,,JP,jcb,credit
355270,00-99,,JP,jcb,credit
355271,00-99,,JP,jcb,credit
355272,00-99,,JP,jcb,credit
355273,00-99,,JP,jcb,credit
355274,00-99,,JP,jcb,credit
355275,00-99,,JP,jcb,credit
355276,00-99,,JP,jcb,credit
355277,00-99,,JP,jcb,credit
355278,00-99,,JP,jcb,credit
355279,00-99,,JP,jcb,credit
355280,00-99,,JP,jcb,credit
355281,00-99,,JP,jcb,credit
355282,00-99,,JP,jcb,credit
355283,00-99,,JP,jcb,credit
355284,00-99,,JP,jcb,credit
355285,00-99,,JP,jcb,credit
355286,00-99,,JP,jcb,credit
355287,00-99,,JP,jcb,credit
355288,00-99,,JP,jcb,credit
355289,00-99,,JP,jcb,credit
355290,00-99,,JP,jcb,credit
355291,00-99,,JP,jcb,credit
355292,00-99,,JP,jcb,credit
355293,00-99,,JP,jcb,credit
355294,00-99,,JP,jcb,credit
355295,00-99,,JP,jcb,credit
355296,00-99,,JP,jcb,credit
355297,00-99,,JP,jcb,credit
355298,00-99,,JP,jcb,credit
355299,00-99,,JP,jcb,credit
355300,00-99,,JP,jcb,credit
355301,00-99,,JP,jcb,credit
355302,00-99,,JP,jcb,credit
355303,00-99,,JP,jcb,credit
355304,00-99,,JP,jcb,credit
355305,00-99,,JP,jcb,credit
355306,00-99,,JP,jcb,credit
355307,00-99,,JP,jcb,credit
355308,00-99,,JP,jcb,credit
355309,00-99,,JP,jcb,credit
355310,00-99,,JP,jcb,credit
355311,00-99,,JP,jcb,credit
355312,00-99,,JP,jcb,credit
355313,00-99,,JP,jcb,credit
355314,00-99,,JP,jcb,credit
355315,00-99,,JP,jcb,credit
355316,00-99,,JP,jcb,credit
355317,00-99,,JP,jcb,credit
355318,00-99,,JP,jcb,credit
355319,00-99,,JP,jcb,credit
355320,00-99,,JP,jcb,credit
355321,00-99,,JP,jcb,credit
355322,00-99,,JP,jcb,credit
355323,00-99,,JP,jcb,credit
355324,00-99,,JP,jcb,credit
355325,00-99,,JP,jcb,credit
355326,00-99,,JP,jcb,credit
355327,00-99,,JP,jcb,credit
355328,00-99,,JP,jcb,credit
355329,00-99,,JP,jcb,credit
355330,00-99,,JP,jcb,credit
355331,00-99,,JP,jcb,credit
355332,00-99,,JP,jcb,credit
355333,00-99,,JP,jcb,credit
355334,00-99,,JP,jcb,credit
355335,00-99,,JP,jcb,credit
355336,00-99,,JP,jcb,credit
355337,00-99,,JP,jcb,credit
355338,00-99,,JP,jcb,credit
355339,00-99,,JP,jcb,credit
355340,00-99,,JP,jcb,credit
355341,00-99,,JP,jcb,credit
355342,00-99,,JP,jcb,credit
355343,00-99,,JP,jcb,credit
355344,00-99,,JP,jcb,credit
355345,00-99,,JP,jcb,credit
355346,00-99,,JP,jcb,credit
355347,00-99,,JP,jcb,credit
355348,00-99,,JP,jcb,credit
355349,00-99,,JP,jcb,credit
355350,00-99,,JP,jcb,credit
355351,00-99,,JP,jcb,credit
355352,00-99,,JP,jcb,credit
355353,00-99,,JP,jcb,credit
355354,00-99,,JP,jcb,credit
355355,00-99,,JP,jcb,credit
355356,00-99,,JP,jcb,credit
355357,00-99,,JP,jcb,credit
355358,00-99,,JP,jcb,credit
355359,00-99,,JP,jcb,credit
355360,00-99,,JP,jcb,credit
355361,00-99,,JP,jcb,credit
355362,00-99,,JP,jcb,credit
355363,00-99,,JP,jcb,credit
355364,00-99,,JP,jcb,credit
355365,00-99,,JP,jcb,credit
355366,00-99,,JP,jcb,credit
355367,00-99,,JP,jcb,credit
355368,00-99,,JP,jcb,credit
355369,00-99,,JP,jcb,credit
355370,00-99,,JP,jcb,credit
355371,00-99,,JP,jcb,credit
355372,00-99,,JP,jcb,credit
355373,00-99,,JP,jcb,credit
355374,00-99,,JP,jcb,credit
355375,00-99,,JP,jcb,credit
355376,00-99,,JP,jcb,credit
355377,00-99,,JP,jcb,credit
355378,00-99,,JP,jcb,credit
355379,00-99,,JP,jcb,credit
355380,00-99,,JP,jcb,credit
355381,00-99,,JP,jcb,credit
355382,00-99,,JP,jcb,credit
355383,00-99,,JP,jcb,credit
355384,00-99,,JP,jcb,credit
355385,00-99,,JP,jcb,credit
355386,00-99,,JP,jcb,credit
355387,00-99,,JP,jcb,credit
355388,00-99,,JP,jcb,credit
355389,00-99,,JP,jcb,credit
355390,00-99,,JP,jcb,credit
355391,00-99,,JP,jcb,credit
355392,00-99,,JP,jcb,credit
355393,00-99,,JP,jcb,credit
355394,00-99,,JP,jcb,credit
355395,00-99,,JP,jcb,credit
355396,00-99,,JP,jcb,credit
355397,00-99,,JP,jcb,credit
355398,00-99,,JP,jcb,credit
355399,00-99,,JP,jcb,credit
355400,00-99,,JP,jcb,credit
355401,00-99,,JP,jcb,credit
355402,00-99,,JP,jcb,credit
355403,00-99,,JP,jcb,credit
355404,00-99,,JP,jcb,credit
355405,00-99,,JP,jcb,credit
355406,00-99,,JP,jcb,credit
355407,00-99,,JP,jcb,credit
355408,00-99,,JP,jcb,credit
355409,00-99,,JP,jcb,credit
355410,00-99,,JP,jcb,credit
355411,00-99,,JP,jcb,credit
355412,00-99,,JP,jcb,credit
355413,00-99,,JP,jcb,credit
355414,00-99,,JP,jcb,credit
355415,00-99,,JP,jcb,credit
355416,00-99,,JP,jcb,credit
355417,00-99,,JP,jcb,credit
355418,00-99,,JP,jcb,credit
355419,00-99,,JP,jcb,credit
355420,00-99,,JP,jcb,credit
355421,00-99,,JP,jcb,credit
355422,00-99,,JP,jcb,credit
355423,00-99,,JP,jcb,credit
355424,00-99,,JP,jcb,credit
355425,00-99,,JP,jcb,credit
355426,00-99,,JP,jcb,credit
355427,00-99,,JP,jcb,credit
355428,00-99,,JP,jcb,credit
355429,00-99,,JP,jcb,credit
355430,00-99,,JP,jcb,credit
355431,00-99,,JP,jcb,credit
355432,00-99,,JP,jcb,credit
355433,00-99,,JP,jcb,credit
355434,00-99,,JP,jcb,credit
355435,00-99,,JP,jcb,credit
355436,00-99,,JP,jcb,credit
355437,00-99,,JP,jcb,credit
355438,00-99,,JP,jcb,credit
355439,00-99,,JP,jcb,credit
355440,00-99,,JP,jcb,credit
355441,00-99,,JP,jcb,credit
355442,00-99,,JP,jcb,credit
355443,00-99,,JP,jcb,credit
355444,00-99,,JP,jcb,credit
355445,00-99,,JP,jcb,credit
355446,00-99,,JP,jcb,credit
355447,00-99,,JP,jcb,credit
355448,00-99,,JP,jcb,credit
355449,00-99,,JP,jcb,credit
355450,00-99,,JP,jcb,credit
355451,00-99,,JP,jcb,credit
355452,00-99,,JP,jcb,credit
355453,00-99,,JP,jcb,credit
355454,00-99,,JP,jcb,credit
355455,00-99,,JP,jcb,credit
355456,00-99,,JP,jcb,credit
355457,00-99,,JP,jcb,credit
355458,00-99,,JP,jcb,credit
355459,00-99,,JP,jcb,credit
355460,00-99,,JP,jcb,credit
355461,00-99,,JP,jcb,credit
355462,00-99,,JP,jcb,credit
355463,00-99,,JP,jcb,credit
355464,00-99,,JP,jcb,credit
355465,00-99,,JP,jcb,credit
355466,00-99,,JP,jcb,credit
355467,00-99,,JP,jcb,credit
355468,00-99,,JP,jcb,credit
355469,00-99,,JP,jcb,credit
355470,00-99,,JP,jcb,credit
355471,00-99,,JP,jcb,credit
355472,00-99,,JP,jcb,credit
355473,00-99,,JP,jcb,credit
355474,00-99,,JP,jcb,credit
355475,00-99,,JP,jcb,credit
355476,00-99,JCB INTERNATIONAL CREDIT CARD CO.,JP,jcb,credit
355477,00-99,,JP,jcb,credit
355478,00-99,,JP,jcb,credit
355479,00-99,,JP,jcb,credit
355480,00-99,,JP,jcb,credit
355481,00-99,,JP,jcb,credit
355482,00-99,,JP,jcb,credit
355483,00-99,,JP,jcb,credit
355484,00-99,,JP,jcb,credit
355485,00-99,,JP,jcb,credit
355486,00-99,,JP,jcb,credit
355487,00-99,,JP,jcb,credit
355488,00-99,,JP,jcb,credit
355489,00-99,,JP,jcb,credit
355490,00-99,,JP,jcb,credit
355491,00-99,,JP,jcb,credit
355492,00-99,,JP,jcb,credit
355493,00-99,,JP,jcb,credit
355494,00-99,,JP,jcb,credit
355495,00-99,,JP,jcb,credit
355496,00-99,,JP,jcb,credit
355497,00-99,,JP,jcb,credit
355498,00-99,,JP,jcb,credit
355499,00-99,,JP,jcb,credit
355500,00-99,,JP,jcb,credit
355501,00-99,,JP,jcb,credit
355502,00-99,,JP,jcb,credit
355503,00-99,,JP,jcb,credit
355504,00-99,,JP,jcb,credit
355505,00-99,,JP,jcb,credit
355506,00-99,,JP,jcb,credit
355507,00-99,,JP,jcb,credit
355508,00-99,,JP,jcb,credit
355509,00-99,,JP,jcb,credit
355510,00-99,,JP,jcb,credit
355511,00-99,,JP,jcb,credit
355512,00-99,,JP,jcb,credit
355513,00-99,,JP,jcb,credit
355514,00-99,,JP,jcb,credit
355515,00-99,,JP,jcb,credit
355516,00-99,,JP,jcb,credit
355517,00-99,,JP,jcb,credit
355518,00-99,,JP,jcb,credit
355519,00-99,,JP,jcb,credit
355520,00-99,,JP,jcb,credit
355521,00-99,,JP,jcb,credit
355522,00-99,,JP,jcb,credit
355523,00-99,,JP,jcb,credit
355524,00-99,,JP,jcb,credit
355525,00-99,,JP,jcb,credit
355526,00-99,,JP,jcb,credit
355527,00-99,,JP,jcb,credit
355528,00-99,,JP,jcb,credit
355529,00-99,,JP,jcb,credit
355530,00-99,,JP,jcb,credit
355531,00-99,,JP,jcb,credit
355532,00-99,,JP,jcb,credit
355533,00-99,,JP,jcb,credit
355534,00-99,,JP,jcb,credit
355535,00-99,,JP,jcb,credit
355536,00-99,,JP,jcb,credit
355537,00-99,,JP,jcb,credit
355538,00-99,,JP,jcb,credit
355539,00-99,,JP,jcb,credit
355540,00-99,,JP,jcb,credit
355541,00-99,,JP,jcb,credit
355542,00-99,,JP,jcb,credit
355543,00-99,,JP,jcb,credit
355544,00-99,,JP,jcb,credit
355545,00-99,,JP,jcb,credit
355546,00-99,,JP,jcb,credit
355547,00-99,,JP,jcb,credit
355548,00-99,,JP,jcb,credit
355549,00-99,,JP,jcb,credit
355550,00-99,,JP,jcb,credit
355551,00-99,,JP,jcb,credit
355552,00-99,,JP,jcb,credit
355553,00-99,,JP,jcb,credit
355554,00-99,,JP,jcb,credit
355555,00-99,,JP,jcb,credit
355556,00-99,,JP,jcb,credit
355557,00-99,,JP,jcb,credit
355558,00-99,,JP,jcb,credit
355559,00-99,,JP,jcb,credit
355560,00-99,,JP,jcb,credit
355561,00-99,,JP,jcb,credit
355562,00-99,,JP,jcb,credit
355563,00-99,,JP,jcb,credit
355564,00-99,,JP,jcb,credit
355565,00-99,,JP,jcb,credit
355566,00-99,,JP,jcb,credit
355567,00-99,,JP,jcb,credit
355568,00-99,,JP,jcb,credit
355569,00-99,,JP,jcb,credit
355570,00-99,,JP,jcb,credit
355571,00-99,,JP,jcb,credit
355572,00-99,,JP,jcb,credit
355573,00-99,,JP,jcb,credit
355574,00-99,,JP,jcb,credit
355575,00-99,,JP,jcb,credit
355576,00-99,,JP,jcb,credit
355577,00-99,,JP,jcb,credit
355578,00-99,,JP,jcb,credit
355579,00-99,,JP,jcb,credit
355580,00-99,,JP,jcb,credit
355581,00-99,,JP,jcb,credit
355582,00-99,,JP,jcb,credit
355583,00-99,,JP,jcb,credit
355584,00-99,,JP,jcb,credit
355585,00-99,,JP,jcb,credit
355586,00-99,,JP,jcb,credit
355587,00-99,,JP,jcb,credit
355588,00-99,,JP,jcb,credit
355589,00-99,,JP,jcb,credit
355590,00-99,,JP,jcb,credit
355591,00-99,,JP,jcb,credit
355592,00-99,,JP,jcb,credit
355593,00-99,,JP,jcb,credit
355594,00-99,,JP,jcb,credit
355595,00-99,,JP,jcb,credit
355596,00-99,,JP,jcb,credit
355597,00-99,,JP,jcb,credit
355598,00-99,,JP,jcb,credit
355599,00-99,,JP,jcb,credit
355600,00-99,,JP,jcb,credit
355601,00-99,,JP,jcb,credit
355602,00-99,,JP,jcb,credit
355603,00-99,,JP,jcb,credit
355604,00-99,,JP,jcb,credit
355605,00-99,,JP,jcb,credit
355606,00-99,,JP,jcb,credit
355607,00-99,,JP,jcb,credit
355608,00-99,,JP,jcb,credit
355609,00-99,,JP,jcb,credit
355610,00-99,,JP,jcb,credit
355611,00-99,,JP,jcb,credit
355612,00-99,,JP,jcb,credit
355613,00-99,,JP,jcb,credit
355614,00-99,,JP,jcb,credit
355615,00-99,,JP,jcb,credit
355616,00-99,,JP,jcb,credit
355617,00-99,,JP,jcb,credit
355618,00-99,,JP,jcb,credit
355619,00-99,,JP,jcb,credit
355620,00-99,,JP,jcb,credit
355621,00-99,,JP,jcb,credit
355622,00-99,,JP,jcb,credit
355623,00-99,,JP,jcb,credit
355624,00-99,,JP,jcb,credit
355625,00-99,,JP,jcb,credit
355626,00-99,,JP,jcb,credit
355627,00-99,,JP,jcb,credit
355628,00-99,,JP,jcb,credit
355629,00-99,,JP,jcb,credit
355630,00-99,,JP,jcb,credit
355631,00-99,,JP,jcb,credit
355632,00-99,,JP,jcb,credit
355633,00-99,,JP,jcb,credit
355634,00-99,,JP,jcb,credit
355635,00-99,,JP,jcb,credit
355636,00-99,,JP,jcb,credit
355637,00-99,,JP,jcb,credit
355638,00-99,,JP,jcb,credit
355639,00-99,,JP,jcb,credit
355640,00-99,,JP,jcb,credit
355641,00-99,,JP,jcb,credit
355642,00-99,,JP,jcb,credit
355643,00-99,,JP,jcb,credit
355644,00-99,,JP,jcb,credit
355645,00-99,,JP,jcb,credit
355646,00-99,,JP,jcb,credit
355647,00-99,,JP,jcb,credit
355648,00-99,,JP,jcb,credit
355649,00-99,,JP,jcb,credit
355650,00-99,,JP,jcb,credit
355651,00-99,,JP,jcb,credit
355652,00-99,,JP,jcb,credit
355653,00-99,,JP,jcb,credit
355654,00-99,,JP,jcb,credit
355655,00-99,,JP,jcb,credit
355656,00-99,,JP,jcb,credit
355657,00-99,,JP,jcb,credit
355658,00-99,,JP,jcb,credit
355659,00-99,,JP,jcb,credit
355660,00-99,,JP,jcb,credit
355661,00-99,,JP,jcb,credit
355662,00-99,,JP,jcb,credit
355663,00-99,,JP,jcb,credit
355664,00-99,,JP,jcb,credit
355665,00-99,,JP,jcb,credit
355666,00-99,,JP,jcb,credit
355667,00-99,,JP,jcb,credit
355668,00-99,,JP,jcb,credit
355669,00-99,,JP,jcb,credit
355670,00-99,,JP,jcb,credit
355671,00-99,,JP,jcb,credit
355672,00-99,,JP,jcb,credit
355673,00-99,,JP,jcb,credit
355674,00-99,,JP,jcb,credit
355675,00-99,,JP,jcb,credit
355676,00-99,,JP,jcb,credit
355677,00-99,,JP,jcb,credit
355678,00-99,,JP,jcb,credit
355679,00-99,,JP,jcb,credit
355680,00-99,,JP,jcb,credit
355681,00-99,,JP,jcb,credit
355682,00-99,,JP,jcb,credit
355683,00-99,,JP,jcb,credit
355684,00-99,,JP,jcb,credit
355685,00-99,,JP,jcb,credit
355686,00-99,,JP,jcb,credit
355687,00-99,,JP,jcb,credit
355688,00-99,,JP,jcb,credit
355689,00-99,,JP,jcb,credit
355690,00-99,,JP,jcb,credit
355691,00-99,,JP,jcb,credit
355692,00-99,,JP,jcb,credit
355693,00-99,,JP,jcb,credit
355694,00-99,,JP,jcb,credit
355695,00-99,,JP,jcb,credit
355696,00-99,,JP,jcb,credit
355697,00-99,,JP,jcb,credit
355698,00-99,,JP,jcb,credit
355699,00-99,,JP,jcb,credit
355700,00-99,,JP,jcb,credit
355701,00-99,,JP,jcb,credit
355702,00-99,,JP,jcb,credit
355703,00-99,,JP,jcb,credit
355704,00-99,,JP,jcb,credit
355705,00-99,,JP,jcb,credit
355706,00-99,,JP,jcb,credit
355707,00-99,,JP,jcb,credit
355708,00-99,,JP,jcb,credit
355709,00-99,,JP,jcb,credit
355710,00-99,,JP,jcb,credit
355711,00-99,,JP,jcb,credit
355712,00-99,,JP,jcb,credit
355713,00-99,,JP,jcb,credit
355714,00-99,,JP,jcb,credit
355715,00-99,,JP,jcb,credit
355716,00-99,,JP,jcb,credit
355717,00-99,,JP,jcb,credit
355718,00-99,,JP,jcb,credit
355719,00-99,,JP,jcb,credit
355720,00-99,,JP,jcb,credit
355721,00-99,,JP,jcb,credit
355722,00-99,,JP,jcb,credit
355723,00-99,,JP,jcb,credit
355724,00-99,,JP,jcb,credit
355725,00-99,,JP,jcb,credit
355726,00-99,,JP,jcb,credit
355727,00-99,,JP,jcb,credit
355728,00-99,,JP,jcb,credit
355729,00-99,,JP,jcb,credit
355730,00-99,,JP,jcb,credit
355731,00-99,,JP,jcb,credit
355732,00-99,,JP,jcb,credit
355733,00-99,,JP,jcb,credit
355734,00-99,,JP,jcb,credit
355735,00-99,,JP,jcb,credit
355736,00-99,,JP,jcb,credit
355737,00-99,,JP,jcb,credit
355738,00-99,,JP,jcb,credit
355739,00-99,,JP,jcb,credit
355740,00-99,,JP,jcb,credit
355741,00-99,,JP,jcb,credit
355742,00-99,,JP,jcb,credit
355743,00-99,,JP,jcb,credit
355744,00-99,,JP,jcb,credit
355745,00-99,,JP,jcb,credit
355746,00-99,,JP,jcb,credit
355747,00-99,,JP,jcb,credit
355748,00-99,,JP,jcb,credit
355749,00-99,,JP,jcb,credit
355750,00-99,,JP,jcb,credit
355751,00-99,,JP,jcb,credit
355752,00-99,,JP,jcb,credit
355753,00-99,,JP,jcb,credit
355754,00-99,,JP,jcb,credit
355755,00-99,,JP,jcb,credit
355756,00-99,,JP,jcb,credit
355757,00-99,,JP,jcb,credit
355758,00-99,,JP,jcb,credit
355759,00-99,,JP,jcb,credit
355760,00-99,,JP,jcb,credit
355761,00-99,,JP,jcb,credit
355762,00-99,,JP,jcb,credit
355763,00-99,,JP,jcb,credit
355764,00-99,,JP,jcb,credit
355765,00-99,,JP,jcb,credit
355766,00-99,,JP,jcb,credit
355767,00-99,,JP,jcb,credit
355768,00-99,,JP,jcb,credit
355769,00-99,,JP,jcb,credit
355770,00-99,,JP,jcb,credit
355771,00-99,,JP,jcb,credit
355772,00-99,,JP,jcb,credit
355773,00-99,,JP,jcb,credit
355774,00-99,,JP,jcb,credit
355775,00-99,,JP,jcb,credit
355776,00-99,,JP,jcb,credit
355777,00-99,,JP,jcb,credit
355778,00-99,,JP,jcb,credit
355779,00-99,,JP,jcb,credit
355780,00-99,,JP,jcb,credit
355781,00-99,,JP,jcb,credit
355782,00-99,,JP,jcb,credit
355783,00-99,,JP,jcb,credit
355784,00-99,,JP,jcb,credit
355785,00-99,,JP,jcb,credit
355786,00-99,,JP,jcb,credit
355787,00-99,,JP,jcb,credit
355788,00-99,,JP,jcb,credit
355789,00-99,,JP,jcb,credit
355790,00-99,,JP,jcb,credit
355791,00-99,,JP,jcb,credit
355792,00-99,,JP,jcb,credit
355793,00-99,,JP,jcb,credit
355794,00-99,,JP,jcb,credit
355795,00-99,,JP,jcb,credit
355796,00-99,,JP,jcb,credit
355797,00-99,,JP,jcb,credit
355798,00-99,,JP,jcb,credit
355799,00-99,,JP,jcb,credit
355800,00-99,,JP,jcb,credit
355801,00-99,,JP,jcb,credit
355802,00-99,,JP,jcb,credit
355803,00-99,,JP,jcb,credit
355804,00-99,,JP,jcb,credit
355805,00-99,,JP,jcb,credit
355806,00-99,,JP,jcb,credit
355807,00-99,,JP,jcb,credit
355808,00-99,,JP,jcb,credit
355809,00-99,,JP,jcb,credit
355810,00-99,,JP,jcb,credit
355811,00-99,,JP,jcb,credit
355812,00-99,,JP,jcb,credit
355813,00-99,,JP,jcb,credit
355814,00-99,,JP,jcb,credit
355815,00-99,,JP,jcb,credit
355816,00-99,,JP,jcb,credit
355817,00-99,,JP,jcb,credit
355818,00-99,,JP,jcb,credit
355819,00-99,,JP,jcb,credit
355820,00-99,,JP,jcb,credit
355821,00-99,,JP,jcb,credit
355822,00-99,,JP,jcb,credit
355823,00-99,,JP,jcb,credit
355824,00-99,,JP,jcb,credit
355825,00-99,,JP,jcb,credit
355826,00-99,,JP,jcb,credit
355827,00-99,,JP,jcb,credit
355828,00-99,,JP,jcb,credit
355829,00-99,,JP,jcb,credit
355830,00-99,,JP,jcb,credit
355831,00-99,,JP,jcb,credit
355832,00-99,,JP,jcb,credit
355833,00-99,,JP,jcb,credit
355834,00-99,,JP,jcb,credit
355835,00-99,,JP,jcb,credit
355836,00-99,,JP,jcb,credit
355837,00-99,,JP,jcb,credit
355838,00-99,,JP,jcb,credit
355839,00-99,,JP,jcb,credit
355840,00-99,,JP,jcb,credit
355841,00-99,,JP,jcb,credit
355842,00-99,,JP,jcb,credit
355843,00-99,,JP,jcb,credit
355844,00-99,,JP,jcb,credit
355845,00-99,,JP,jcb,credit
355846,00-99,,JP,jcb,credit
355847,00-99,,JP,jcb,credit
355848,00-99,,JP,jcb,credit
355849,00-99,,JP,jcb,credit
355850,00-99,,JP,jcb,credit
355851,00-99,,JP,jcb,credit
355852,00-99,,JP,jcb,credit
355853,00-99,,JP,jcb,credit
355854,00-99,,JP,jcb,credit
355855,00-99,,JP,jcb,credit
355856,00-99,,JP,jcb,credit
355857,00-99,,JP,jcb,credit
355858,00-99,,JP,jcb,credit
355859,00-99,,JP,jcb,credit
355860,00-99,,JP,jcb,credit
355861,00-99,,JP,jcb,credit
355862,00-99,,JP,jcb,credit
355863,00-99,,JP,jcb,credit
355864,00-99,,JP,jcb,credit
355865,00-99,,JP,jcb,credit
355866,00-99,,JP,jcb,credit
355867,00-99,,JP,jcb,credit
355868,00-99,,JP,jcb,credit
355869,00-99,,JP,jcb,credit
355870,00-99,,JP,jcb,credit
355871,00-99,,JP,jcb,credit
355872,00-99,,JP,jcb,credit
355873,00-99,,JP,jcb,credit
355874,00-99,,JP,jcb,credit
355875,00-99,,JP,jcb,credit
355876,00-99,,JP,jcb,credit
355877,00-99,,JP,jcb,credit
355878,00-99,,JP,jcb,credit
355879,00-99,,JP,jcb,credit
355880,00-99,,JP,jcb,credit
355881,00-99,,JP,jcb,credit
355882,00-99,,JP,jcb,credit
355883,00-99,,JP,jcb,credit
355884,00-99,,JP,jcb,credit
355885,00-99,,JP,jcb,credit
355886,00-99,,JP,jcb,credit
355887,00-99,,JP,jcb,credit
355888,00-99,,JP,jcb,credit
355889,00-99,,JP,jcb,credit
355890,00-99,,JP,jcb,credit
355891,00-99,,JP,jcb,credit
355892,00-99,,JP,jcb,credit
355893,00-99,,JP,jcb,credit
355894,00-99,,JP,jcb,credit
355895,00-99,,JP,jcb,credit
355896,00-99,,JP,jcb,credit
355897,00-99,,JP,jcb,credit
355898,00-99,JCB INTERNATIONAL CREDIT CARD CO.,JP,jcb,credit
355899,00-99,,JP,jcb,credit
355900,00-99,,JP,jcb,credit
355901,00-99,,JP,jcb,credit
355902,00-99,,JP,jcb,credit
355903,00-99,,JP,jcb,credit
355904,00-99,,JP,jcb,credit
355905,00-99,,JP,jcb,credit
355906,00-99,,JP,jcb,credit
355907,00-99,,JP,jcb,credit
355908,00-99,,JP,jcb,credit
355909,00-99,,JP,jcb,credit
355910,00-99,,JP,jcb,credit
355911,00-99,,JP,jcb,credit
355912,00-99,,JP,jcb,credit
355913,00-99,,JP,jcb,credit
355914,00-99,,JP,jcb,credit
355915,00-99,,JP,jcb,credit
355916,00-99,,JP,jcb,credit
355917,00-99,,JP,jcb,credit
355918,00-99,,JP,jcb,credit
355919,00-99,,JP,jcb,credit
355920,00-99,,JP,jcb,credit
355921,00-99,,JP,jcb,credit
355922,00-99,,JP,jcb,credit
355923,00-99,,JP,jcb,credit
355924,00-99,,JP,jcb,credit
355925,00-99,,JP,jcb,credit
355926,00-99,,JP,jcb,credit
355927,00-99,,JP,jcb,credit
355928,00-99,,JP,jcb,credit
355929,00-99,,JP,jcb,credit
355930,00-99,,JP,jcb,credit
355931,00-99,,JP,jcb,credit
355932,00-99,,JP,jcb,credit
355933,00-99,,JP,jcb,credit
355934,00-99,,JP,jcb,credit
355935,00-99,,JP,jcb,credit
355936,00-99,,JP,jcb,credit
355937,00-99,,JP,jcb,credit
355938,00-99,,JP,jcb,credit
355939,00-99,,JP,jcb,credit
355940,00-99,,JP,jcb,credit
355941,00-99,,JP,jcb,credit
355942,00-99,,JP,jcb,credit
355943,00-99,,JP,jcb,credit
355944,00-99,,JP,jcb,credit
355945,00-99,,JP,jcb,credit
355946,00-99,,JP,jcb,credit
355947,00-99,,JP,jcb,credit
355948,00-99,,JP,jcb,credit
355949,00-99,,JP,jcb,credit
355950,00-99,,JP,jcb,credit
355951,00-99,,JP,jcb,credit
355952,00-99,,JP,jcb,credit
355953,00-99,,JP,jcb,credit
355954,00-99,,JP,jcb,credit
355955,00-99,,JP,jcb,credit
355956,00-99,,JP,jcb,credit
355957,00-99,,JP,jcb,credit
355958,00-99,,JP,jcb,credit
355959,00-99,,JP,jcb,credit
355960,00-99,,JP,jcb,credit
355961,00-99,,JP,jcb,credit
355962,00-99,,JP,jcb,credit
355963,00-99,,JP,jcb,credit
355964,00-99,,JP,jcb,credit
355965,00-99,,JP,jcb,credit
355966,00-99,,JP,jcb,credit
355967,00-99,,JP,jcb,credit
355968,00-99,,JP,jcb,credit
355969,00-99,,JP,jcb,credit
355970,00-99,,JP,jcb,credit
355971,00-99,,JP,jcb,credit
355972,00-99,,JP,jcb,credit
355973,00-99,,JP,jcb,credit
355974,00-99,,JP,jcb,credit
355975,00-99,,JP,jcb,credit
355976,00-99,,JP,jcb,credit
355977,00-99,,JP,jcb,credit
355978,00-99,,JP,jcb,credit
355979,00-99,,JP,jcb,credit
355980,00-99,,JP,jcb,credit
355981,00-99,,JP,jcb,credit
355982,00-99,JCB INTERNATIONAL CREDIT CARD CO.,JP,jcb,credit
355983,00-99,,JP,jcb,credit
355984,00-99,,JP,jcb,credit
355985,00-99,,JP,jcb,credit
355986,00-99,,JP,jcb,credit
355987,00-99,,JP,jcb,credit
355988,00-99,,JP,jcb,credit
355989,00-99,,JP,jcb,credit
355990,00-99,,JP,jcb,credit
355991,00-99,,JP,jcb,credit
355992,00-99,,JP,jcb,credit
355993,00-99,,JP,jcb,credit
355994,00-99,,JP,jcb,credit
355995,00-99,,JP,jcb,credit
355996,00-99,,JP,jcb,credit
355997,00-99,,JP,jcb,credit
355998,00-99,,JP,jcb,credit
355999,00-99,,JP,jcb,credit
356000,00-99,,JP,jcb,credit
356001,00-99,,JP,jcb,credit
356002,00-99,,JP,jcb,credit
356003,00-99,BC CARD,KR,jcb,credit
356004,00-99,,JP,jcb,credit
356005,00-99,,JP,jcb,credit
356006,00-99,BC CARD,KR,jcb,credit
356007,00-99,,JP,jcb,credit
356008,00-99,,JP,jcb,credit
356009,00-99,,JP,jcb,credit
356010,00-99,,JP,jcb,credit
356011,00-99,BC CARD,KR,jcb,credit
356012,00-99,BC CARD,KR,jcb,credit
356013,00-99,,JP,jcb,credit
356014,00-99,,JP,jcb,credit
356015,00-99,,JP,jcb,credit
356016,00-99,,JP,jcb,credit
356017,00-99,,JP,jcb,credit
356018,00-99,,JP,jcb,credit
356019,00-99,,JP,jcb,credit
356020,00-99,BC CARD,KR,jcb,credit
356021,00-99,BC CARD,KR,jcb,credit
356022,00-99,BC CARD,KR,jcb,credit
356023,00-99,BC CARD,KR,jcb,credit
356024,00-99,BC CARD,KR,jcb,credit
356025,00-99,BC CARD,KR,jcb,credit
356026,00-99,,JP,jcb,credit
356027,00-99,BC CARD,KR,jcb,credit
356028,00-99,,JP,jcb,credit
356029,00-99,,JP,jcb,credit
356030,00-99,,JP,jcb,credit
356031,00-99,BC CARD,KR,jcb,credit
356032,00-99,BC CARD,KR,jcb,credit
356033,00-99,KEB HANA CARD CO. LTD.,KR,jcb,credit
356034,00-99,,JP,jcb,credit
356035,00-99,,JP,jcb,credit
356036,00-99,BC CARD,KR,jcb,credit
356037,00-99,,JP,jcb,credit
356038,00-99,,JP,jcb,credit
356039,00-99,BC CARD,KR,jcb,credit
356040,00-99,,JP,jcb,credit
356041,00-99,,JP,jcb,credit
356042,00-99,,JP,jcb,credit
356043,00-99,,JP,jcb,credit
356044,00-99,,JP,jcb,credit
356045,00-99,,KR,jcb,credit
356046,00-99,,JP,jcb,credit
356047,00-99,,JP,jcb,credit
356048,00-99,,JP,jcb,credit
356049,00-99,,JP,jcb,credit
356050,00-99,,JP,jcb,credit
356051,00-99,CHINA TRUST COMERCIAL BANK,TW,jcb,credit
356052,00-99,TAISHIN INTERNATIONAL BANK,TW,jcb,credit
356053,00-99,MEGA INTERNATIONAL COMMERCIAL BANK,TW,jcb,credit
356054,00-99,JCB INTERNATIONAL CREDIT CARD CO.,JP,jcb,credit
356055,00-99,STANDARD CHARTERED BANK,TW,jcb,credit
356056,00-99,UNION BANK OF TAIWAN,TW,jcb,credit
356057,00-99,JCB INTERNATIONAL CREDIT CARD CO.,JP,jcb,credit
356058,00-99,TAISHIN INTERNATIONAL BANK,TW,jcb,credit
356059,00-99,JIH SUN INTERNATIONAL COMMERCIAL BANK,TW,jcb,credit
356060,00-99,,JP,jcb,credit
356061,00-99,ENTIE COMMERCIAL BANK,TW,jcb,credit
356062,00-99,SACOMBANK,VN,jcb,credit
356063,00-99,YUANTA COMMERCIAL BANK,TW,jcb,credit
356064,00-99,SHANGHAI COMMERCIAL AND SAVINGS BANK,TW,jcb,credit
356065,00-99,,JP,jcb,credit
356066,00-99,,JP,jcb,credit
356067,00-99,TAIWAN SHIN KONG COMMERCIAL BANK,TW,jcb,credit
356068,00-99,E SUN COMMERCIAL BANK,TW,jcb,credit
356069,00-99,JCB INTERNATIONAL CREDIT CARD CO.,JP,jcb,credit
356070,00-99,BANK SINOPAC,TW,jcb,credit
356071,00-99,SUNNY BANK,TW,jcb,credit
356072,00-99,GOGO BANK,JP,jcb,credit
356073,00-99,,JP,jcb,credit
356074,00-99,DBS BANK/TAIWAN,TW,jcb,credit
356075,00-99,,JP,jcb,credit
356076,00-99,,LB,jcb,credit
356077,00-99,,JP,jcb,credit
356078,00-99,SHINHAN CARD,KR,jcb,credit
356079,00-99,HWATAI BANK,TW,jcb,credit
356080,00-99,CATHAY UNITED BANK,TW,jcb,credit
356081,00-99,,JP,jcb,credit
356082,00-99,,JP,jcb,credit
356083,00-99,TAIPEI FUBON COMMERCIAL BANK,TW,jcb,credit
356084,00-99,TAIWAN SHIN KONG COMMERCIAL BANK,TW,jcb,credit
356085,00-99,CATHAY UNITED BANK,TW,jcb,credit
356086,00-99,JCB INTERNATIONAL CREDIT CARD CO.,JP,jcb,credit
356087,00-99,SHINHAN CARD,KR,jcb,credit
356088,00-99,FIRST COMMERCIAL BANK,TW,jcb,credit
356089,00-99,TAIWAN SHIN KONG COMMERCIAL BANK,TW,jcb,credit
356090,00-99,COSMOS BANK,TW,jcb,credit
356091,00-99,BANK SINOPAC,TW,jcb,credit
356092,00-99,,JP,jcb,credit
356093,00-99,,JP,jcb,credit
356094,00-99,,JP,jcb,credit
356095,00-99,,JP,jcb,credit
356096,00-99,,TW,jcb,credit
356097,00-99,E SUN COMMERCIAL BANK,TW,jcb,credit
356098,00-99,,JP,jcb,credit
356099,00-99,E SUN COMMERCIAL BANK,TW,jcb,credit
356100,00-99,,IN,jcb/rupay,credit
356101,00-99,,IN,jcb/rupay,credit
356102,00-99,,IN,jcb/rupay,credit
356103,00-99,,IN,jcb/rupay,credit
356104,00-99,,IN,jcb/rupay,credit
356105,00-99,,IN,jcb/rupay,credit
356106,00-99,,IN,jcb/rupay,credit
356107,00-99,,IN,jcb/rupay,credit
356108,00-99,,IN,jcb/rupay,credit
356109,00-99,,IN,jcb/rupay,credit
356110,00-99,,IN,jcb/rupay,credit
356111,00-99,,IN,jcb/rupay,credit
356112,00-99,,IN,jcb/rupay,credit
356113,00-99,,IN,jcb/rupay,credit
356114,00-99,,IN,jcb/rupay,credit
356115,00-99,KOTAK MAHINDRA BANK,IN,jcb/rupay,credit
356116,00-99,,IN,jcb/rupay,credit
356117,00-99,PUNJAB NATIONAL BANK,IN,jcb/rupay,credit
356118,00-99,,IN,jcb/rupay,credit
356119,00-99,INDUSIND BANK,IN,jcb/rupay,credit
356120,00-99,INDUSIND BANK,IN,jcb/rupay,credit
356121,00-99,,IN,jcb/rupay,credit
356122,00-99,,IN,jcb/rupay,credit
356123,00-99,,IN,jcb/rupay,credit
356124,00-99,,IN,jcb/rupay,credit
356125,00-99,,IN,jcb/rupay,credit
356126,00-99,,IN,jcb/rupay,credit
356127,00-99,,IN,jcb/rupay,credit
356128,00-99,,IN,jcb/rupay,credit
356129,00-99,,IN,jcb/rupay,credit
356130,00-99,,IN,jcb/rupay,credit
356131,00-99,STATE BANK OF INDIA,IN,jcb/rupay,credit
356132,00-99,BANK OF BARODA,IN,jcb/rupay,credit
356133,00-99,BANK OF BARODA,IN,jcb/rupay,credit
356134,00-99,UNION BANK OF INDIA,IN,jcb/rupay,credit
356135,00-99,KOTAK MAHINDRA BANK,IN,jcb/rupay,credit
356136,00-99,,IN,jcb/rupay,credit
356137,00-99,,IN,jcb/rupay,credit
356138,00-99,FEDERAL BANK,IN,jcb/rupay,credit
356139,00-99,YES BANK,IN,jcb/rupay,credit
356140,00-99,YES BANK,IN,jcb/rupay,credit
356141,00-99,INDUSIND BANK,IN,jcb/rupay,credit
356142,00-99,INDUSIND BANK,IN,jcb/rupay,credit
356143,00-99,STATE BANK OF INDIA,IN,jcb/rupay,credit
356144,00-99,,IN,jcb/rupay,credit
356145,00-99,,IN,jcb/rupay,credit
356146,00-99,KOTAK MAHINDRA BANK,IN,jcb/rupay,credit
356147,00-99,KOTAK MAHINDRA BANK,IN,jcb/rupay,credit
356148,00-99,STATE BANK OF INDIA,IN,jcb/rupay,credit
356149,00-99,,IN,jcb/rupay,credit
356150,00-99,BANK OF BARODA,IN,jcb/rupay,credit
356151,00-99,BANK OF BARODA,IN,jcb/rupay,credit
356152,00-99,,IN,jcb/rupay,credit
356153,00-99,STATE BANK OF INDIA,IN,jcb/rupay,credit
356154,00-99,STATE BANK OF INDIA,IN,jcb/rupay,credit
356155,00-99,STATE BANK OF INDIA,IN,jcb/rupay,credit
356156,00-99,,IN,jcb/rupay,credit
356157,00-99,,IN,jcb/rupay,credit
356158,00-99,,IN,jcb/rupay,credit
356159,00-99,FEDERAL BANK,IN,jcb/rupay,credit
356160,00-99,,IN,jcb,credit
356161,00-99,STATE BANK OF INDIA,IN,jcb/rupay,credit
356162,00-99,BANK OF BARODA,IN,jcb,credit
356163,00-99,UNION BANK OF INDIA,IN,jcb,credit
356164,00-99,KOTAK MAHINDRA BANK,IN,jcb/rupay,credit
356165,00-99,YES BANK,IN,jcb/rupay,credit
356166,00-99,YES BANK,IN,jcb/rupay,credit
356167,00-99,,IN,jcb/rupay,credit
356168,00-99,STATE BANK OF INDIA,IN,jcb/rupay,credit
356169,00-99,,IN,jcb/rupay,credit
356170,00-99,,IN,jcb/rupay,credit
356171,00-99,,IN,jcb/rupay,credit
356172,00-99,KOTAK MAHINDRA BANK,IN,jcb/rupay,credit
356173,00-99,BANK OF BARODA,IN,jcb/rupay,credit
356174,00-99,,IN,jcb/rupay,credit
356175,00-99,,IN,jcb/rupay,credit
356176,00-99,,IN,jcb/rupay,credit
356177,00-99,STATE BANK OF INDIA,IN,jcb/rupay,credit
356178,00-99,STATE BANK OF INDIA,IN,jcb/rupay,credit
356179,00-99,STATE BANK OF INDIA,IN,jcb/rupay,credit
356180,00-99,,IN,jcb/rupay,credit
356181,00-99,,IN,jcb/rupay,credit
356182,00-99,,IN,jcb/rupay,credit
356183,00-99,,IN,jcb/rupay,credit
356184,00-99,,IN,jcb/rupay,credit
356185,00-99,,IN,jcb/rupay,credit
356186,00-99,,IN,jcb/rupay,credit
356187,00-99,,IN,jcb/rupay,credit
356188,00-99,,IN,jcb/rupay,credit
356189,00-99,,IN,jcb/rupay,credit
356190,00-99,,IN,jcb/rupay,credit
356191,00-99,,IN,jcb/rupay,credit
356192,00-99,,IN,jcb/rupay,credit
356193,00-99,,IN,jcb/rupay,credit
356194,00-99,,IN,jcb/rupay,credit
356195,00-99,,IN,jcb/rupay,credit
356196,00-99,,IN,jcb/rupay,credit
356197,00-99,,IN,jcb/rupay,credit
356198,00-99,,IN,jcb/rupay,credit
356199,00-99,,IN,jcb/rupay,credit
356200,00-99,JCB INTERNATIONAL CREDIT CARD CO.,JP,jcb,credit
356201,00-99,AEON CREDIT CARD (TAIWAN),TW,jcb,credit
356202,00-99,AEON CREDIT CARD (TAIWAN),TW,jcb,credit
356203,00-99,,JP,jcb,credit
356204,00-99,,JP,jcb,credit
356205,00-99,JCB INTERNATIONAL CREDIT CARD CO.,JP,jcb,credit
356206,00-99,,JP,jcb,credit
356207,00-99,JCB INTERNATIONAL CREDIT CARD CO.,JP,jcb,credit
356208,00-99,,HK,jcb,credit
356209,00-99,,HK,jcb,credit
356210,00-99,,HK,jcb,credit
356211,00-99,,AT,jcb,credit
356212,00-99,,JP,jcb,credit
356213,00-99,,JP,jcb,credit
356214,00-99,,JP,jcb,credit
356215,00-99,,JP,jcb,credit
356216,00-99,,JP,jcb,credit
356217,00-99,,JP,jcb,credit
356218,00-99,,JP,jcb,credit
356219,00-99,,JP,jcb,credit
356220,00-99,,JP,jcb,credit
356221,00-99,,JP,jcb,credit
356222,00-99,,JP,jcb,credit
356223,00-99,,JP,jcb,credit
356224,00-99,,JP,jcb,credit
356225,00-99,,JP,jcb,credit
356226,00-99,,JP,jcb,credit
356227,00-99,,JP,jcb,credit
356228,00-99,,JP,jcb,credit
356229,00-99,,JP,jcb,credit
356230,00-99,,JP,jcb,credit
356231,00-99,,JP,jcb,credit
356232,00-99,,PH,jcb,credit
356233,00-99,,PH,jcb,credit
356234,00-99,BC CARD,KR,jcb,credit
356235,00-99,JCB INTERNATIONAL CREDIT CARD CO.,JP,jcb,credit
356236,00-99,JCB INTERNATIONAL CREDIT CARD CO.,JP,jcb,credit
356237,00-99,,JP,jcb,credit
356238,00-99,,JP,jcb,credit
356239,00-99,UNITED OVERSEAS BANK LTD.,HK,jcb,credit
356240,00-99,UNITED OVERSEAS BANK LTD.,SG,jcb,credit
356241,00-99,UNITED OVERSEAS BANK LTD.,SG,jcb,credit
356242,00-99,UNITED OVERSEAS BANK LTD.,SG,jcb,credit
356243,00-99,UNITED OVERSEAS BANK LTD.,SG,jcb,credit
356244,00-99,,JP,jcb,credit
356245,00-99,,JP,jcb,credit
356246,00-99,,JP,jcb,credit
356247,00-99,,JP,jcb,credit
356248,00-99,,JP,jcb,credit
356249,00-99,,JP,jcb,credit
356250,00-99,,JP,jcb,credit
356251,00-99,,JP,jcb,credit
356252,00-99,,JP,jcb,credit
356253,00-99,,JP,jcb,credit
356254,00-99,,JP,jcb,credit
356255,00-99,JCB INTERNATIONAL CREDIT CARD CO.,JP,jcb,credit
356256,00-99,,JP,jcb,credit
356257,00-99,,JP,jcb,credit
356258,00-99,,JP,jcb,credit
356259,00-99,,JP,jcb,credit
356260,00-99,,JP,jcb,credit
356261,00-99,,JP,jcb,credit
356262,00-99,,JP,jcb,credit
356263,00-99,,JP,jcb,credit
356264,00-99,,JP,jcb,credit
356265,00-99,,JP,jcb,credit
356266,00-99,,JP,jcb,credit
356267,00-99,,JP,jcb,credit
356268,00-99,,JP,jcb,credit
356269,00-99,,JP,jcb,credit
356270,00-99,,TH,jcb,credit
356271,00-99,,JP,jcb,credit
356272,00-99,AEON CREDIT CARD (TAIWAN),TW,jcb,credit
356273,00-99,,JP,jcb,credit
356274,00-99,JCB INTERNATIONAL CREDIT CARD CO.,JP,jcb,credit
356275,00-99,,JP,jcb,credit
356276,00-99,,JP,jcb,credit
356277,00-99,,PH,jcb,credit
356278,00-99,,PH,jcb,credit
356279,00-99,AEON CREDIT CARD (TAIWAN),TW,jcb,credit
356280,00-99,PT BANK CENTRAL ASIA TBK,ID,jcb,credit
356281,00-99,,ID,jcb,credit
356282,00-99,,JP,jcb,credit
356283,00-99,BC CARD,KR,jcb,credit
356284,00-99,,ID,jcb,credit
356285,00-99,,ID,jcb,credit
356286,00-99,,PH,jcb,credit
356287,00-99,JCB INTERNATIONAL CREDIT CARD CO.,JP,jcb,credit
356288,00-99,,PH,jcb,credit
356289,00-99,JCB INTERNATIONAL CREDIT CARD CO.,JP,jcb,credit
356290,00-99,SHINHAN CARD,KR,jcb,credit
356291,00-99,SHINHAN CARD,KR,jcb,credit
356292,00-99,SHINHAN CARD,KR,jcb,credit
356293,00-99,SHINHAN CARD,KR,jcb,credit
356294,00-99,SHINHAN CARD,KR,jcb,credit
356295,00-99,SHINHAN CARD,KR,jcb,credit
356296,00-99,SHINHAN CARD,KR,jcb,debit
356297,00-99,SHINHAN CARD,KR,jcb,credit
356298,00-99,SHINHAN CARD,KR,jcb,credit
356299,00-99,GAZPROMBANK (JOINT STOCK COMPANY),RU,jcb/mir,credit
356300,00-99,,JP,jcb,credit
356301,00-99,,JP,jcb,credit
356302,00-99,,JP,jcb,credit
356303,00-99,BC CARD,KR,jcb,credit
356304,00-99,,JP,jcb,credit
356305,00-99,,JP,jcb,credit
356306,00-99,BC CARD,KR,jcb,credit
356307,00-99,,JP,jcb,credit
356308,00-99,,JP,jcb,credit
356309,00-99,,JP,jcb,credit
356310,00-99,,JP,jcb,credit
356311,00-99,BC CARD,KR,jcb,credit
356312,00-99,BC CARD,KR,jcb,credit
356313,00-99,,JP,jcb,credit
356314,00-99,,JP,jcb,credit
356315,00-99,,JP,jcb,credit
356316,00-99,NH CARD,KR,jcb,credit
356317,00-99,NH CARD,KR,jcb,credit
356318,00-99,,JP,jcb,credit
356319,00-99,,JP,jcb,credit
356320,00-99,BC CARD,KR,jcb,credit
356321,00-99,BC CARD,KR,jcb,credit
356322,00-99,BC CARD,KR,jcb,credit
356323,00-99,BC CARD,KR,jcb,credit
356324,00-99,BC CARD,KR,jcb,credit
356325,00-99,BC CARD,KR,jcb,credit
356326,00-99,,JP,jcb,credit
356327,00-99,BC CARD,KR,jcb,credit
356328,00-99,,JP,jcb,credit
356329,00-99,,JP,jcb,credit
356330,00-99,,JP,jcb,credit
356331,00-99,BC CARD,KR,jcb,credit
356332,00-99,BC CARD,KR,jcb,credit
356333,00-99,KEB HANA CARD CO. LTD.,KR,jcb,credit
356334,00-99,,JP,jcb,credit
356335,00-99,,JP,jcb,credit
356336,00-99,BC CARD,KR,jcb,credit
356337,00-99,,JP,jcb,credit
356338,00-99,,JP,jcb,credit
356339,00-99,BC CARD,KR,jcb,credit
356340,00-99,,JP,jcb,credit
356341,00-99,JCB INTERNATIONAL CREDIT CARD CO.,JP,jcb,credit
356342,00-99,KRUNG THAI BANK,TH,jcb,credit
356343,00-99,,TH,jcb,credit
356344,00-99,JCB INTERNATIONAL CREDIT CARD CO.,JP,jcb,credit
356345,00-99,,JP,jcb,credit
356346,00-99,,JP,jcb,credit
356347,00-99,,JP,jcb,credit
356348,00-99,,JP,jcb,credit
356349,00-99,,JP,jcb,credit
356350,00-99,,ID,jcb,credit
356351,00-99,CHINA TRUST COMERCIAL BANK,TW,jcb,credit
356352,00-99,TAISHIN INTERNATIONAL BANK,TW,jcb,credit
356353,00-99,MEGA INTERNATIONAL COMMERCIAL BANK,TW,jcb,credit
356354,00-99,JCB INTERNATIONAL CREDIT CARD CO.,JP,jcb,credit
356355,00-99,STANDARD CHARTERED BANK,TW,jcb,credit
356356,00-99,UNION BANK OF TAIWAN,TW,jcb,credit
356357,00-99,JCB INTERNATIONAL CREDIT CARD CO.,JP,jcb,credit
356358,00-99,JCB INTERNATIONAL CREDIT CARD CO.,JP,jcb,credit
356359,00-99,JIH SUN INTERNATIONAL COMMERCIAL BANK,TW,jcb,credit
356360,00-99,,TW,jcb,credit
356361,00-99,ENTIE COMMERCIAL BANK,TW,jcb,credit
356362,00-99,,JP,jcb,credit
356363,00-99,YUANTA COMMERCIAL BANK,TW,jcb,credit
356364,00-99,,JP,jcb,credit
356365,00-99,SHANGHAI COMMERCIAL AND SAVINGS BANK,TW,jcb,credit
356366,00-99,,JP,jcb,credit
356367,00-99,TAIWAN SHIN KONG COMMERCIAL BANK,TW,jcb,credit
356368,00-99,E SUN COMMERCIAL BANK,TW,jcb,credit
356369,00-99,JCB INTERNATIONAL CREDIT CARD CO.,JP,jcb,credit
356370,00-99,BANK SINOPAC,TW,jcb,credit
356371,00-99,SUNNY BANK,TW,jcb,credit
356372,00-99,,JP,jcb,credit
356373,00-99,,JP,jcb,credit
356374,00-99,DBS BANK/TAIWAN,TW,jcb,credit
356375,00-99,,JP,jcb,credit
356376,00-99,MEGA INTERNATIONAL COMMERCIAL BANK,TW,jcb,credit
356377,00-99,,JP,jcb,credit
356378,00-99,,CN,jcb,credit
356379,00-99,HWATAI BANK,TW,jcb,credit
356380,00-99,CATHAY UNITED BANK,TW,jcb,credit
356381,00-99,,JP,jcb,credit
356382,00-99,,TW,jcb,credit
356383,00-99,TAIPEI FUBON COMMERCIAL BANK,TW,jcb,credit
356384,00-99,TAIWAN SHIN KONG COMMERCIAL BANK,TW,jcb,credit
356385,00-99,CATHAY UNITED BANK,TW,jcb,credit
356386,00-99,JCB INTERNATIONAL CREDIT CARD CO.,JP,jcb,credit
356387,00-99,,JP,jcb,credit
356388,00-99,FIRST COMMERCIAL BANK,TW,jcb,credit
356389,00-99,TAIWAN SHIN KONG COMMERCIAL BANK,TW,jcb,credit
356390,00-99,CHINA CITIC BANK,CN,jcb,credit
356391,00-99,CHINA CITIC BANK,CN,jcb,credit
356392,00-99,CHINA CITIC BANK,CN,jcb,credit
356393,00-99,,ID,jcb,credit
356394,00-99,TECHCOM,VN,jcb,credit
356395,00-99,TECHCOM,VN,jcb,credit
356396,00-99,,JP,jcb,credit
356397,00-99,E SUN COMMERCIAL BANK,TW,jcb,credit
356398,00-99,,CN,jcb,credit
356399,00-99,,JP,jcb,credit
356400,00-99,,JP,jcb,credit
356401,00-99,,JP,jcb,credit
356402,00-99,,BD,jcb,credit
356403,00-99,,BD,jcb,credit
356404,00-99,,BD,jcb,credit
356405,00-99,,JP,jcb,credit
356406,00-99,KB CARD,KR,jcb,credit
356407,00-99,KB CARD,KR,jcb,credit
356408,00-99,,JP,jcb,credit
356409,00-99,,JP,jcb,credit
356410,00-99,,JP,jcb,credit
356411,00-99,,JP,jcb,credit
356412,00-99,,JP,jcb,credit
356413,00-99,KB CARD,KR,jcb,credit
356414,00-99,KB CARD,KR,jcb,credit
356415,00-99,KB CARD,KR,jcb,credit
356416,00-99,KB CARD,KR,jcb,credit
356417,00-99,KB CARD,KR,jcb,credit
356418,00-99,MB,VN,jcb,credit
356419,00-99,MB,VN,jcb,credit
356420,00-99,,JP,jcb,credit
356421,00-99,,JP,jcb,credit
356422,00-99,,JP,jcb,credit
356423,00-99,,JP,jcb,credit
356424,00-99,,JP,jcb,credit
356425,00-99,,JP,jcb,credit
356426,00-99,,JP,jcb,credit
356427,00-99,,JP,jcb,credit
356428,00-99,,JP,jcb,credit
356429,00-99,,JP,jcb,credit
356430,00-99,,JP,jcb,credit
356431,00-99,,JP,jcb,credit
356432,00-99,,JP,jcb,credit
356433,00-99,MB,VN,jcb,credit
356434,00-99,,JP,jcb,credit
356435,00-99,VIETCOMBANK,VN,jcb,credit
356436,00-99,,JP,jcb,credit
356437,00-99,,JP,jcb,credit
356438,00-99,KIENLONGBANK,VN,jcb,credit
356439,00-99,,JP,jcb,credit
356440,00-99,,JP,jcb,credit
356441,00-99,,JP,jcb,credit
356442,00-99,,JP,jcb,credit
356443,00-99,,JP,jcb,credit
356444,00-99,,JP,jcb,credit
356445,00-99,,JP,jcb,credit
356446,00-99,,JP,jcb,credit
356447,00-99,,JP,jcb,credit
356448,00-99,,JP,jcb,credit
356449,00-99,,JP,jcb,credit
356450,00-99,,ES,jcb,credit
356451,00-99,,TW,jcb,credit
356452,00-99,,ES,jcb,credit
356453,00-99,,JP,jcb,credit
356454,00-99,KB CARD,KR,jcb,credit
356455,00-99,FAR EASTERN INTERNATIONAL BANK,TW,jcb,credit
356456,00-99,,TH,jcb,credit
356457,00-99,,TH,jcb,credit
356458,00-99,,TH,jcb,credit
356459,00-99,,JP,jcb,credit
356460,00-99,,JP,jcb,credit
356461,00-99,,AE,jcb,credit
356462,00-99,,AE,jcb,credit
356463,00-99,,AE,jcb,credit
356464,00-99,,BH,jcb,credit
356465,00-99,,BH,jcb,credit
356466,00-99,GAZPROMBANK (JOINT STOCK COMPANY),RU,jcb,credit
356467,00-99,GAZPROMBANK (JOINT STOCK COMPANY),RU,jcb,credit
356468,00-99,GAZPROMBANK (JOINT STOCK COMPANY),RU,jcb,credit
356469,00-99,,JP,jcb,credit
356470,00-99,JCB INTERNATIONAL CREDIT CARD CO.,JP,jcb,credit
356471,00-99,JCB INTERNATIONAL CREDIT CARD CO.,JP,jcb,credit
356472,00-99,,JP,jcb,credit
356473,00-99,,JP,jcb,credit
356474,00-99,SHANGHAI PUDONG DEVELOPMENT BANK,CN,jcb,credit
356475,00-99,,JP,jcb,credit
356476,00-99,,JP,jcb,credit
356477,00-99,,JP,jcb,credit
356478,00-99,NH CARD,KR,jcb,credit
356479,00-99,NH CARD,KR,jcb,credit
356480,00-99,SACOMBANK,VN,jcb,credit
356481,00-99,SACOMBANK,VN,jcb,credit
356482,00-99,,JP,jcb,credit
356483,00-99,,JP,jcb,credit
356484,00-99,,BG,jcb,credit
356485,00-99,,BG,jcb,credit
356486,00-99,,JP,jcb,credit
356487,00-99,,JP,jcb,credit
356488,00-99,,JP,jcb,credit
356489,00-99,,JP,jcb,credit
356490,00-99,,JP,jcb,credit
356491,00-99,,JP,jcb,credit
356492,00-99,,JP,jcb,credit
356493,00-99,,JP,jcb,credit
356494,00-99,,JP,jcb,credit
356495,00-99,,JP,jcb,credit
356496,00-99,,RU,jcb,credit
356497,00-99,,RU,jcb,credit
356498,00-99,,RU,jcb,credit
356499,00-99,,JP,jcb,credit
356500,00-99,,JP,jcb,credit
356501,00-99,,JP,jcb,credit
356502,00-99,,JP,jcb,credit
356503,00-99,BC CARD,KR,jcb,credit
356504,00-99,ALMAZERGIENBANK,RU,jcb,credit
356505,00-99,ORIENT COMMERCIAL BANK,VN,jcb,credit
356506,00-99,BC CARD,KR,jcb,credit
356507,00-99,,MM,jcb,credit
356508,00-99,,MM,jcb,credit
356509,00-99,,MM,jcb,credit
356510,00-99,PT. BANK RAKYAT INDONESIA (PERSERO),ID,jcb,credit
356511,00-99,BC CARD,KR,jcb,credit
356512,00-99,BC CARD,KR,jcb,credit
356513,00-99,EXIM BANK,VN,jcb,credit
356514,00-99,JOINT STOCK COMPANY RUSSIAN AGRICULTURAL BANK,RU,jcb,credit
356515,00-99,VIET CAPITAL COMMERCIAL,VN,jcb,credit
356516,00-99,NH CARD,KR,jcb,credit
356517,00-99,NH CARD,KR,jcb,credit
356518,00-99,,TH,jcb,credit
356519,00-99,NAM A COMMERCIAL BANK,VN,jcb,credit
356520,00-99,BC CARD,KR,jcb,credit
356521,00-99,BC CARD,KR,jcb,credit
356522,00-99,SHINHAN CARD,KR,jcb,credit
356523,00-99,BC CARD,KR,jcb,credit
356524,00-99,,ID,jcb,credit
356525,00-99,KEB HANA CARD CO. LTD.,KR,jcb,credit
356526,00-99,ORIENT COMMERCIAL BANK,VN,jcb,credit
356527,00-99,BC CARD,KR,jcb,credit
356528,00-99,,JP,jcb,credit
356529,00-99,,JP,jcb,credit
356530,00-99,,JP,jcb,credit
356531,00-99,BC CARD,KR,jcb,credit
356532,00-99,BC CARD,KR,jcb,credit
356533,00-99,KEB HANA CARD CO. LTD.,KR,jcb,credit
356534,00-99,BC CARD,KR,jcb,credit
356535,00-99,,ID,jcb,credit
356536,00-99,,ID,jcb,credit
356537,00-99,,TW,jcb,credit
356538,00-99,,JP,jcb,credit
356539,00-99,BC CARD,KR,jcb,credit
356540,00-99,,PH,jcb,debit
356541,00-99,,JP,jcb,credit
356542,00-99,,JP,jcb,credit
356543,00-99,KEB HANA CARD,KR,jcb,credit
356544,00-99,KEB HANA CARD,KR,jcb,credit
356545,00-99,KEB HANA CARD,KR,jcb,credit
356546,00-99,DALNEVOSTOCHNIY BANK,RU,jcb,credit
356547,00-99,,JP,jcb,credit
356548,00-99,,TW,jcb,credit
356549,00-99,,TW,jcb,credit
356550,00-99,,TW,jcb,credit
356551,00-99,CHINA TRUST COMERCIAL BANK,TW,jcb,credit
356552,00-99,TAISHIN INTERNATIONAL BANK,TW,jcb,credit
356553,00-99,MEGA INTERNATIONAL COMMERCIAL BANK,TW,jcb,credit
356554,00-99,FE CREDIT,VN,jcb,credit
356555,00-99,JCB INTERNATIONAL CREDIT CARD CO.,JP,jcb,credit
356556,00-99,UNION BANK OF TAIWAN,TW,jcb,credit
356557,00-99,COSMOS BANK,TW,jcb,credit
356558,00-99,TAISHIN INTERNATIONAL BANK,TW,jcb,credit
356559,00-99,JIH SUN INTERNATIONAL COMMERCIAL BANK,TW,jcb,credit
356560,00-99,,TW,jcb,credit
356561,00-99,ENTIE COMMERCIAL BANK,TW,jcb,credit
356562,00-99,BANK SINOPAC,TW,jcb,credit
356563,00-99,YUANTA COMMERCIAL BANK,TW,jcb,credit
356564,00-99,SHANGHAI COMMERCIAL AND SAVINGS BANK,TW,jcb,credit
356565,00-99,,JP,jcb,credit
356566,00-99,,JP,jcb,credit
356567,00-99,TAIWAN SHIN KONG COMMERCIAL BANK,TW,jcb,credit
356568,00-99,E SUN COMMERCIAL BANK,TW,jcb,credit
356569,00-99,E SUN COMMERCIAL BANK,TW,jcb,credit
356570,00-99,BANK SINOPAC,TW,jcb,credit
356571,00-99,SUNNY BANK,TW,jcb,credit
356572,00-99,,JP,jcb,credit
356573,00-99,E SUN COMMERCIAL BANK,JP,jcb,credit
356574,00-99,,MM,jcb,credit
356575,00-99,,TW,jcb,credit
356576,00-99,,JP,jcb,credit
356577,00-99,,JP,jcb,credit
356578,00-99,,JP,jcb,credit
356579,00-99,,JP,jcb,credit
356580,00-99,CATHAY UNITED BANK,TW,jcb,credit
356581,00-99,,TW,jcb,credit
356582,00-99,,JP,jcb,credit
356583,00-99,TAIPEI FUBON COMMERCIAL BANK,TW,jcb,credit
356584,00-99,TAIWAN SHIN KONG COMMERCIAL BANK,TW,jcb,credit
356585,00-99,,PH,jcb,credit
356586,00-99,TIEN PHONG BANK,VN,jcb,credit
356587,00-99,LIEN VIET POST BANK,VN,jcb,credit
356588,00-99,FIRST COMMERCIAL BANK,TW,jcb,credit
356589,00-99,TAIWAN SHIN KONG COMMERCIAL BANK,TW,jcb,credit
356590,00-99,,LK,jcb,credit
356591,00-99,,JP,jcb,credit
356592,00-99,BIDV,VN,jcb,credit
356593,00-99,VIET CAPITAL COMMERCIAL,VN,jcb,credit
356594,00-99,,ID,jcb,credit
356595,00-99,,JP,jcb,credit
356596,00-99,,TW,jcb,credit
356597,00-99,E SUN COMMERCIAL BANK,TW,jcb,credit
356598,00-99,UNION BANK OF TAIWAN,TW,jcb,credit
356599,00-99,UNION BANK OF TAIWAN,TW,jcb,credit
356600,00-99,,US,jcb,credit
356601,00-99,,US,jcb,credit
356602,00-99,,US,jcb,credit
356603,00-99,,JP,jcb,credit
356604,00-99,,JP,jcb,credit
356605,00-99,,JP,jcb,credit
356606,00-99,,JP,jcb,credit
356607,00-99,,JP,jcb,credit
356608,00-99,,JP,jcb,credit
356609,00-99,,JP,jcb,credit
356610,00-99,,US,jcb,credit
356611,00-99,,US,jcb,credit
356612,00-99,,JP,jcb,credit
356613,00-99,,JP,jcb,credit
356614,00-99,,US,jcb,credit
356615,00-99,,JP,jcb,credit
356616,00-99,,JP,jcb,credit
356617,00-99,,JP,jcb,credit
356618,00-99,E SUN COMMERCIAL BANK,TW,jcb,credit
356619,00-99,,JP,jcb,credit
356620,00-99,,JP,jcb,credit
356621,00-99,,JP,jcb,credit
356622,00-99,,JP,jcb,credit
356623,00-99,,JP,jcb,credit
356624,00-99,,JP,jcb,credit
356625,00-99,,JP,jcb,credit
356626,00-99,,JP,jcb,credit
356627,00-99,,JP,jcb,credit
356628,00-99,,JP,jcb,credit
356629,00-99,,JP,jcb,credit
356630,00-99,,US,jcb,credit
356631,00-99,,JP,jcb,credit
356632,00-99,,JP,jcb,credit
356633,00-99,,JP,jcb,credit
356634,00-99,,JP,jcb,credit
356635,00-99,,JP,jcb,credit
356636,00-99,,JP,jcb,credit
356637,00-99,,JP,jcb,credit
356638,00-99,,JP,jcb,credit
356639,00-99,,JP,jcb,credit
356640,00-99,,JP,jcb,credit
356641,00-99,,JP,jcb,credit
356642,00-99,,JP,jcb,credit
356643,00-99,,JP,jcb,credit
356644,00-99,,JP,jcb,credit
356645,00-99,,JP,jcb,credit
356646,00-99,,JP,jcb,credit
356647,00-99,,JP,jcb,credit
356648,00-99,,JP,jcb,credit
356649,00-99,,JP,jcb,credit
356650,00-99,,JP,jcb,credit
356651,00-99,CHINA TRUST COMERCIAL BANK,TW,jcb,credit
356652,00-99,TA CHONG BANK,TW,jcb,credit
356653,00-99,SHINHAN CARD,KR,jcb,credit
356654,00-99,,JP,jcb,credit
356655,00-99,,JP,jcb,credit
356656,00-99,UNION BANK OF TAIWAN,TW,jcb,credit
356657,00-99,UNION BANK OF TAIWAN,TW,jcb,credit
356658,00-99,,JP,jcb,credit
356659,00-99,,JP,jcb,credit
356660,00-99,,JP,jcb,credit
356661,00-99,ENTIE COMMERCIAL BANK,TW,jcb,credit
356662,00-99,,JP,jcb,credit
356663,00-99,YUANTA COMMERCIAL BANK,TW,jcb,credit
356664,00-99,,JP,jcb,credit
356665,00-99,,JP,jcb,credit
356666,00-99,,JP,jcb,credit
356667,00-99,,JP,jcb,credit
356668,00-99,,JP,jcb,credit
356669,00-99,,JP,jcb,credit
356670,00-99,BANK SINOPAC,TW,jcb,credit
356671,00-99,,JP,jcb,credit
356672,00-99,,JP,jcb,credit
356673,00-99,,JP,jcb,credit
356674,00-99,,JP,jcb,credit
356675,00-99,,JP,jcb,credit
356676,00-99,,JP,jcb,credit
356677,00-99,,JP,jcb,credit
356678,00-99,,JP,jcb,credit
356679,00-99,,JP,jcb,credit
356680,00-99,EXIM BANK,VN,jcb,credit
356681,00-99,EXIM BANK,VN,jcb,credit
356682,00-99,,JP,jcb,credit
356683,00-99,,JP,jcb,credit
356684,00-99,TAIWAN SHIN KONG COMMERCIAL BANK,TW,jcb,credit
356685,00-99,CATHAY UNITED BANK,TW,jcb,credit
356686,00-99,NH CARD,KR,jcb,credit
356687,00-99,NH CARD,KR,jcb,credit
356688,00-99,,LA,jcb,credit
356689,00-99,,LA,jcb,credit
356690,00-99,,BD,jcb,credit
356691,00-99,,BD,jcb,credit
356692,00-99,,BD,jcb,credit
356693,00-99,,JP,jcb,credit
356694,00-99,,JP,jcb,credit
356695,00-99,,JP,jcb,credit
356696,00-99,,JP,jcb,credit
356697,00-99,,JP,jcb,credit
356698,00-99,,JP,jcb,credit
356699,00-99,,JP,jcb,credit
356700,00-99,,BR,jcb,credit
356701,00-99,TAICHUNG COMMERCIAL BANK,TW,jcb,credit
356702,00-99,TAICHUNG COMMERCIAL BANK,TW,jcb,credit
356703,00-99,HUA NAN COMMERCIAL BANK,TW,jcb,credit
356704,00-99,,BR,jcb,credit
356705,00-99,,JP,jcb,credit
356706,00-99,,BR,jcb,credit
356707,00-99,FIRST COMMERCIAL BANK,TW,jcb,credit
356708,00-99,,BR,jcb,credit
356709,00-99,CHANGHWA COMMERCIAL BANK,TW,jcb,credit
356710,00-99,JCB INTERNATIONAL CREDIT CARD CO.,JP,jcb,credit
356711,00-99,JCB INTERNATIONAL CREDIT CARD CO.,JP,jcb,credit
356712,00-99,CHINA TRUST COMERCIAL BANK,TW,jcb,credit
356713,00-99,TAIWAN COOPERATIVE BANK,TW,jcb,credit
356714,00-99,CHINA TRUST COMERCIAL BANK,TW,jcb,credit
356715,00-99,,TW,jcb,credit
356716,00-99,NH CARD,KR,jcb,credit
356717,00-99,NH CARD,KR,jcb,credit
356718,00-99,,TW,jcb,credit
356719,00-99,,JP,jcb,credit
356720,00-99,,JP,jcb,credit
356721,00-99,,TW,jcb,credit
356722,00-99,,TW,jcb,credit
356723,00-99,,JP,jcb,credit
356724,00-99,,TW,jcb,credit
356725,00-99,MCREDIT,VN,jcb,credit
356726,00-99,,JP,jcb,credit
356727,00-99,,TW,jcb,credit
356728,00-99,,TW,jcb,credit
356729,00-99,,TW,jcb,credit
356730,00-99,CHANGHWA COMMERCIAL BANK,TW,jcb,credit
356731,00-99,TAICHUNG COMMERCIAL BANK,TW,jcb,credit
356732,00-99,,TW,jcb,credit
356733,00-99,HUA NAN COMMERCIAL BANK,TW,jcb,credit
356734,00-99,HUA NAN COMMERCIAL BANK,TW,jcb,credit
356735,00-99,TAICHUNG COMMERCIAL BANK,TW,jcb,credit
356736,00-99,TAICHUNG COMMERCIAL BANK,TW,jcb,credit
356737,00-99,TAICHUNG COMMERCIAL BANK,TW,jcb,credit
356738,00-99,TAIWAN RAKUTEN CARD INC.,TW,jcb,credit
356739,00-99,,JP,jcb,credit
356740,00-99,,JP,jcb,credit
356741,00-99,BC CARD,KR,jcb,credit
356742,00-99,,TW,jcb,credit
356743,00-99,TAIWAN COOPERATIVE BANK,TW,jcb,credit
356744,00-99,LOTTE CARD,KR,jcb,credit
356745,00-99,LOTTE CARD,KR,jcb,credit
356746,00-99,,TW,jcb,credit
356747,00-99,KEB HANA CARD,KR,jcb,credit
356748,00-99,KEB HANA CARD,KR,jcb,credit
356749,00-99,,JP,jcb,credit
356750,00-99,,JP,jcb,credit
356751,00-99,TAICHUNG COMMERCIAL BANK,TW,jcb,credit
356752,00-99,,TW,jcb,credit
356753,00-99,HUA NAN COMMERCIAL BANK,TW,jcb,credit
356754,00-99,HUA NAN COMMERCIAL BANK,TW,jcb,credit
356755,00-99,,JP,jcb,credit
356756,00-99,,TW,jcb,credit
356757,00-99,FIRST COMMERCIAL BANK,TW,jcb,credit
356758,00-99,AN BINH BANK,VN,jcb,credit
356759,00-99,CHANGHWA COMMERCIAL BANK,TW,jcb,credit
356760,00-99,JCB INTERNATIONAL CREDIT CARD CO.,JP,jcb,credit
356761,00-99,JCB INTERNATIONAL CREDIT CARD CO.,JP,jcb,credit
356762,00-99,,JP,jcb,credit
356763,00-99,TAIWAN COOPERATIVE BANK,TW,jcb,credit
356764,00-99,TAIWAN COOPERATIVE BANK,TW,jcb,credit
356765,00-99,,JP,jcb,credit
356766,00-99,,CN,jcb,credit
356767,00-99,,JP,jcb,credit
356768,00-99,,JP,jcb,credit
356769,00-99,VIETCOMBANK,VN,jcb,credit
356770,00-99,VIETCOMBANK,VN,jcb,credit
356771,00-99,VIETCOMBANK,VN,jcb,credit
356772,00-99,VP BANK,VN,jcb,credit
356773,00-99,,JP,jcb,credit
356774,00-99,,JP,jcb,credit
356775,00-99,WOORI CARD,KR,jcb,credit
356776,00-99,,TW,jcb,credit
356777,00-99,,TH,jcb,credit
356778,00-99,,JP,jcb,credit
356779,00-99,,JP,jcb,credit
356780,00-99,AGRIBANK,VN,jcb,credit
356781,00-99,,JP,jcb,credit
356782,00-99,,JP,jcb,credit
356783,00-99,,JP,jcb,credit
356784,00-99,,JP,jcb,credit
356785,00-99,INDUSTRIAL AND COMMERCIAL BANK OF CHINA,CN,jcb,credit
356786,00-99,,CN,jcb,credit
356787,00-99,INDUSTRIAL AND COMMERCIAL BANK OF CHINA,CN,jcb,credit
356788,00-99,INDUSTRIAL AND COMMERCIAL BANK OF CHINA,CN,jcb,credit
356789,00-99,,JP,jcb,credit
356790,00-99,VIETIN BANK,VN,jcb,credit
356791,00-99,VIETIN BANK,VN,jcb,credit
356792,00-99,VIETIN BANK,VN,jcb,credit
356793,00-99,VIETIN BANK,VN,jcb,credit
356794,00-99,ACB,VN,jcb,credit
356795,00-99,ACB,VN,jcb,credit
356796,00-99,,ID,jcb,credit
356797,00-99,,JP,jcb,credit
356798,00-99,,JP,jcb,credit
356799,00-99,,JP,jcb,credit
356800,00-99,KEB HANA CARD,KR,jcb,credit
356801,00-99,KEB HANA CARD,KR,jcb,credit
356802,00-99,KEB HANA CARD,KR,jcb,debit
356803,00-99,KEB HANA CARD,KR,jcb,debit
356804,00-99,KOREA EXCHANGE BANK,JP,jcb,credit
356805,00-99,,JP,jcb,credit
356806,00-99,,JP,jcb,credit
356807,00-99,,JP,jcb,credit
356808,00-99,,JP,jcb,credit
356809,00-99,,JP,jcb,credit
356810,00-99,,JP,jcb,credit
356811,00-99,,JP,jcb,credit
356812,00-99,,TW,jcb,credit
356813,00-99,,TW,jcb,credit
356814,00-99,,JP,jcb,credit
356815,00-99,,JP,jcb,credit
356816,00-99,,JP,jcb,credit
356817,00-99,BANK OF CHINA,CN,jcb,credit
356818,00-99,,JP,jcb,credit
356819,00-99,INDUSTRIAL AND COMMERCIAL BANK OF CHINA,CN,jcb,credit
356820,00-99,BC CARD,KR,jcb,credit
356821,00-99,,JP,jcb,credit
356822,00-99,INDUSTRIAL AND COMMERCIAL BANK OF CHINA,CN,jcb,credit
356823,00-99,NH CARD,KR,jcb,credit
356824,00-99,NH CARD,KR,jcb,credit
356825,00-99,BANK OF SHANGHAI,CN,jcb,credit
356826,00-99,BANK OF SHANGHAI,CN,jcb,credit
356827,00-99,BANK OF SHANGHAI,CN,jcb,credit
356828,00-99,BANK OF SHANGHAI,CN,jcb,credit
356829,00-99,BANK OF SHANGHAI,CN,jcb,credit
356830,00-99,BANK OF SHANGHAI,CN,jcb,credit
356831,00-99,,JP,jcb,credit
356832,00-99,BANK OF SHANGHAI,CN,jcb,credit
356833,00-99,BANK OF CHINA,CN,jcb,credit
356834,00-99,BANK OF CHINA,CN,jcb,credit
356835,00-99,BANK OF CHINA,CN,jcb,credit
356836,00-99,,JP,jcb,credit
356837,00-99,CHINA EVERBRIGHT BANK,CN,jcb,credit
356838,00-99,CHINA EVERBRIGHT BANK,CN,jcb,credit
356839,00-99,CHINA EVERBRIGHT BANK,CN,jcb,credit
356840,00-99,CHINA EVERBRIGHT BANK,CN,jcb,credit
356841,00-99,BANK OF SHANGHAI,CN,jcb,credit
356842,00-99,,JP,jcb,credit
356843,00-99,,JP,jcb,credit
356844,00-99,,CN,jcb,credit
356845,00-99,,CN,jcb,credit
356846,00-99,CHINA MINSHENG BANKING CORPORATION LTD.,CN,jcb,credit
356847,00-99,,CN,jcb,credit
356848,00-99,,JP,jcb,credit
356849,00-99,,JP,jcb,credit
356850,00-99,SHANGHAI PUDONG DEVELOPMENT BANK,CN,jcb,credit
356851,00-99,SHANGHAI PUDONG DEVELOPMENT BANK,CN,jcb,credit
356852,00-99,SHANGHAI PUDONG DEVELOPMENT BANK,CN,jcb,credit
356853,00-99,,CN,jcb,credit
356854,00-99,,JP,jcb,credit
356855,00-99,,JP,jcb,credit
356856,00-99,CHINA MINSENG BANK CORPORATION,CN,jcb,credit
356857,00-99,CHINA MINSENG BANK CORPORATION,CN,jcb,credit
356858,00-99,CHINA MINSENG BANK CORPORATION,CN,jcb,credit
356859,00-99,CHINA MINSENG BANK CORPORATION,CN,jcb,credit
356860,00-99,,JP,jcb,credit
356861,00-99,,JP,jcb,credit
356862,00-99,CHINA EVERBRIGHT BANK,CN,jcb,credit
356863,00-99,,JP,jcb,credit
356864,00-99,,JP,jcb,credit
356865,00-99,,JP,jcb,credit
356866,00-99,,JP,jcb,credit
356867,00-99,,PH,jcb,credit
356868,00-99,PINGAN BANK,CN,jcb,credit
356869,00-99,PINGAN BANK,CN,jcb,credit
356870,00-99,AEON CREDIT SERVICE (ASIA) CO. LTD.,HK,jcb,credit
356871,00-99,JCB INTERNATIONAL CREDIT CARD CO.,JP,jcb,credit
356872,00-99,,TH,jcb,credit
356873,00-99,,JP,jcb,credit
356874,00-99,,JP,jcb,credit
356875,00-99,,JP,jcb,credit
356876,00-99,,TH,jcb,credit
356877,00-99,,JP,jcb,credit
356878,00-99,BC CARD,KR,jcb,credit
356879,00-99,INDUSTRIAL AND COMMERCIAL BANK OF CHINA,CN,jcb,credit
356880,00-99,INDUSTRIAL AND COMMERCIAL BANK OF CHINA,CN,jcb,credit
356881,00-99,INDUSTRIAL AND COMMERCIAL BANK OF CHINA,CN,jcb,credit
356882,00-99,INDUSTRIAL AND COMMERCIAL BANK OF CHINA,CN,jcb,credit
356883,00-99,INDUSTRIAL AND COMMERCIAL BANK OF CHINA,CN,jcb,credit
356884,00-99,,JP,jcb,credit
356885,00-99,CHINA MERCHANTS BANK,CN,jcb,credit
356886,00-99,CHINA MERCHANTS BANK,CN,jcb,credit
356887,00-99,CHINA MERCHANTS BANK,CN,jcb,credit
356888,00-99,JCB INTERNATIONAL CREDIT CARD CO,CN,jcb/local,credit
356889,00-99,CHINA MERCHANTS BANK,CN,jcb,credit
356890,00-99,CHINA MERCHANTS BANK,CN,jcb,credit
356891,00-99,KB KOOKMIN CARD CO. LTD,KR,jcb,credit
356892,00-99,KB KOOKMIN CARD CO. LTD,KR,jcb,credit
356893,00-99,,JP,jcb,credit
356894,00-99,,JP,jcb,credit
356895,00-99,CHINA CONSTRUCTION BANK,CN,jcb,credit
356896,00-99,CHINA CONSTRUCTION BANK,CN,jcb,credit
356897,00-99,,CN,jcb,credit
356898,00-99,,CN,jcb,credit
356899,00-99,CHINA CONSTRUCTION BANK,CN,jcb,credit
356900,00-99,SHINHAN CARD,KR,jcb,credit
356901,00-99,SHINHAN CARD,KR,jcb,credit
356902,00-99,SHINHAN CARD,KR,jcb,credit
356903,00-99,SHINHAN CARD CO. LTD.,JP,jcb,credit
356904,00-99,SHINHAN CARD,KR,jcb,credit
356905,00-99,SHINHAN CARD,KR,jcb,credit
356906,00-99,SHINHAN CARD,KR,jcb,credit
356907,00-99,SHINHAN CARD,KR,jcb,credit
356908,00-99,SHINHAN CARD,KR,jcb,credit
356909,00-99,,JP,jcb,credit
356910,00-99,KB CARD,KR,jcb,credit
356911,00-99,KB CARD,KR,jcb,credit
356912,00-99,KB CARD,KR,jcb,credit
356913,00-99,,JP,jcb,credit
356914,00-99,LOTTE CARD,KR,jcb,credit
356915,00-99,LOTTE CARD,KR,jcb,credit
356916,00-99,LOTTE CARD,KR,jcb,credit
356917,00-99,JCB INTERNATIONAL CREDIT CARD CO.,JP,jcb,credit
356918,00-99,JCB INTERNATIONAL CREDIT CARD CO.,JP,jcb,credit
356919,00-99,JCB INTERNATIONAL CREDIT CARD CO.,JP,jcb,credit
356920,00-99,BC CARD,KR,jcb,credit
356921,00-99,,JP,jcb,credit
356922,00-99,,JP,jcb,credit
356923,00-99,,JP,jcb,credit
356924,00-99,,JP,jcb,credit
356925,00-99,,JP,jcb,credit
356926,00-99,,JP,jcb,credit
356927,00-99,,JP,jcb,credit
356928,00-99,,JP,jcb,credit
356929,00-99,,JP,jcb,credit
356930,00-99,,JP,jcb,credit
356931,00-99,,JP,jcb,credit
356932,00-99,BC CARD,KR,jcb,credit
356933,00-99,,JP,jcb,credit
356934,00-99,,JP,jcb,credit
356935,00-99,,JP,jcb,credit
356936,00-99,,JP,jcb,credit
356937,00-99,,JP,jcb,credit
356938,00-99,,JP,jcb,credit
356939,00-99,,JP,jcb,credit
356940,00-99,,JP,jcb,credit
356941,00-99,,JP,jcb,credit
356942,00-99,,JP,jcb,credit
356943,00-99,,JP,jcb,credit
356944,00-99,,JP,jcb,credit
356945,00-99,,JP,jcb,credit
356946,00-99,,JP,jcb,credit
356947,00-99,,JP,jcb,credit
356948,00-99,,JP,jcb,credit
356949,00-99,,JP,jcb,credit
356950,00-99,,JP,jcb,credit
356951,00-99,,JP,jcb,credit
356952,00-99,,JP,jcb,credit
356953,00-99,,JP,jcb,credit
356954,00-99,,JP,jcb,credit
356955,00-99,,JP,jcb,credit
356956,00-99,,JP,jcb,credit
356957,00-99,,JP,jcb,credit
356958,00-99,,JP,jcb,credit
356959,00-99,,JP,jcb,credit
356960,00-99,,JP,jcb,credit
356961,00-99,,JP,jcb,credit
356962,00-99,,JP,jcb,credit
356963,00-99,,TW,jcb,credit
356964,00-99,,TW,jcb,credit
356965,00-99,,JP,jcb,credit
356966,00-99,CHINA CITIC BANK,CN,jcb,credit
356967,00-99,,JP,jcb,credit
356968,00-99,,JP,jcb,credit
356969,00-99,TAIPEI FUBON COMMERCIAL BANK,TW,jcb,credit
356970,00-99,,LA,jcb,credit
356971,00-99,,LA,jcb,credit
356972,00-99,,JP,jcb,credit
356973,00-99,,JP,jcb,credit
356974,00-99,,JP,jcb,credit
356975,00-99,,JP,jcb,credit
356976,00-99,,JP,jcb,credit
356977,00-99,,JP,jcb,credit
356978,00-99,BC CARD,KR,jcb,credit
356979,00-99,BC CARD,KR,jcb,credit
356980,00-99,,JP,jcb,credit
356981,00-99,,JP,jcb,credit
356982,00-99,,JP,jcb,credit
356983,00-99,,JP,jcb,credit
356984,00-99,,JP,jcb,credit
356985,00-99,,JP,jcb,credit
356986,00-99,,JP,jcb,credit
356987,00-99,,JP,jcb,credit
356988,00-99,,JP,jcb,credit
356989,00-99,BANK OF AYUDHYA,TH,jcb,credit
356990,00-99,,JP,jcb,credit
356991,00-99,,JP,jcb,credit
356992,00-99,,JP,jcb,credit
356993,00-99,,JP,jcb,credit
356994,00-99,,JP,jcb,credit
356995,00-99,,JP,jcb,credit
356996,00-99,,JP,jcb,credit
356997,00-99,,JP,jcb,credit
356998,00-99,,JP,jcb,credit
356999,00-99,,JP,jcb,credit
357000,00-99,,JP,jcb,debit
357001,00-99,,JP,jcb,debit
357002,00-99,,JP,jcb,debit
357003,00-99,,JP,jcb,debit
357004,00-99,,JP,jcb,debit
357005,00-99,,JP,jcb,debit
357006,00-99,,JP,jcb,debit
357007,00-99,,JP,jcb,debit
357008,00-99,,JP,jcb,debit
357009,00-99,,JP,jcb,debit
357010,00-99,,JP,jcb,debit
357011,00-99,,JP,jcb,debit
357012,00-99,,JP,jcb,debit
357013,00-99,,JP,jcb,debit
357014,00-99,,JP,jcb,debit
357015,00-99,,JP,jcb,debit
357016,00-99,,JP,jcb,debit
357017,00-99,,JP,jcb,debit
357018,00-99,,JP,jcb,debit
357019,00-99,,JP,jcb,debit
357020,00-99,,JP,jcb,debit
357021,00-99,,JP,jcb,debit
357022,00-99,,JP,jcb,debit
357023,00-99,,JP,jcb,debit
357024,00-99,,JP,jcb,debit
357025,00-99,,JP,jcb,debit
357026,00-99,,JP,jcb,debit
357027,00-99,,JP,jcb,debit
357028,00-99,,JP,jcb,debit
357029,00-99,,JP,jcb,debit
357030,00-99,,JP,jcb,debit
357031,00-99,,JP,jcb,debit
357032,00-99,,JP,jcb,debit
357033,00-99,,JP,jcb,debit
357034,00-99,,JP,jcb,debit
357035,00-99,,JP,jcb,debit
357036,00-99,,JP,jcb,debit
357037,00-99,,JP,jcb,debit
357038,00-99,,JP,jcb,debit
357039,00-99,,JP,jcb,debit
357040,00-99,,JP,jcb,debit
357041,00-99,,JP,jcb,debit
357042,00-99,,JP,jcb,debit
357043,00-99,,JP,jcb,debit
357044,00-99,,JP,jcb,debit
357045,00-99,,JP,jcb,debit
357046,00-99,,JP,jcb,debit
357047,00-99,,JP,jcb,debit
357048,00-99,,JP,jcb,debit
357049,00-99,,JP,jcb,debit
357050,00-99,,JP,jcb,debit
357051,00-99,,JP,jcb,debit
357052,00-99,,JP,jcb,debit
357053,00-99,,JP,jcb,debit
357054,00-99,,JP,jcb,debit
357055,00-99,,JP,jcb,debit
357056,00-99,,JP,jcb,debit
357057,00-99,,JP,jcb,debit
357058,00-99,,JP,jcb,debit
357059,00-99,,JP,jcb,debit
357060,00-99,,JP,jcb,debit
357061,00-99,,JP,jcb,debit
357062,00-99,,JP,jcb,debit
357063,00-99,,JP,jcb,debit
357064,00-99,,JP,jcb,debit
357065,00-99,,JP,jcb,debit
357066,00-99,,JP,jcb,debit
357067,00-99,,JP,jcb,debit
357068,00-99,,JP,jcb,debit
357069,00-99,,JP,jcb,debit
357070,00-99,,JP,jcb,debit
357071,00-99,,JP,jcb,debit
357072,00-99,,JP,jcb,debit
357073,00-99,,JP,jcb,debit
357074,00-99,,JP,jcb,debit
357075,00-99,,JP,jcb,debit
357076,00-99,,JP,jcb,debit
357077,00-99,,JP,jcb,debit
357078,00-99,,JP,jcb,debit
357079,00-99,,JP,jcb,debit
357080,00-99,,JP,jcb,debit
357081,00-99,,JP,jcb,debit
357082,00-99,,JP,jcb,debit
357083,00-99,,JP,jcb,debit
357084,00-99,,JP,jcb,debit
357085,00-99,,JP,jcb,debit
357086,00-99,,JP,jcb,debit
357087,00-99,JCB INTERNATIONAL CREDIT CARD CO.,JP,jcb,debit
357088,00-99,,JP,jcb,debit
357089,00-99,,JP,jcb,debit
357090,00-99,,JP,jcb,debit
357091,00-99,,JP,jcb,debit
357092,00-99,,JP,jcb,debit
357093,00-99,,JP,jcb,debit
357094,00-99,,JP,jcb,debit
357095,00-99,,JP,jcb,debit
357096,00-99,,JP,jcb,debit
357097,00-99,,JP,jcb,debit
357098,00-99,,JP,jcb,debit
357099,00-99,,JP,jcb,debit
357100,00-99,,JP,jcb,debit
357101,00-99,,JP,jcb,debit
357102,00-99,,JP,jcb,debit
357103,00-99,,JP,jcb,debit
357104,00-99,KEB HANA CARD,KR,jcb,debit
357105,00-99,,MM,jcb,debit
357106,00-99,,JP,jcb,debit
357107,00-99,,JP,jcb,debit
357108,00-99,,MM,jcb,debit
357109,00-99,,MM,jcb,debit
357110,00-99,,ID,jcb,debit
357111,00-99,LANKA CLEAR,LK,jcb/lankapay,debit
357112,00-99,ORIENT COMMERCIAL BANK,VN,jcb,debit
357113,00-99,KIENLONGBANK,VN,jcb,debit
357114,00-99,,MM,jcb,debit
357115,00-99,SACOMBANK,VN,jcb,debit
357116,00-99,NH CARD,KR,jcb,debit
357117,00-99,NH CARD,KR,jcb,debit
357118,00-99,NH CARD,KR,jcb,debit
357119,00-99,NH CARD,KR,jcb,debit
357120,00-99,AGRIBANK,VN,jcb,debit
357121,00-99,,JP,jcb,debit
357122,00-99,,JP,jcb,debit
357123,00-99,LIEN VIET POST BANK,VN,jcb,debit
357124,00-99,,TW,jcb,debit
357125,00-99,,JP,jcb,debit
357126,00-99,BIDV,VN,jcb,debit
357127,00-99,,JP,jcb,debit
357128,00-99,,KH,jcb,debit
357129,00-99,,KH,jcb,debit
357130,00-99,,JP,jcb,debit
357131,00-99,,JP,jcb,debit
357132,00-99,,JP,jcb,debit
357133,00-99,,JP,jcb,debit
357134,00-99,AN BINH BANK,VN,jcb,debit
357135,00-99,,JP,jcb,debit
357136,00-99,,JP,jcb,debit
357137,00-99,,JP,jcb,debit
357138,00-99,,JP,jcb,debit
357139,00-99,,JP,jcb,debit
357140,00-99,,JP,jcb,debit
357141,00-99,,JP,jcb,debit
357142,00-99,,JP,jcb,debit
357143,00-99,,JP,jcb,debit
357144,00-99,,JP,jcb,debit
357145,00-99,,JP,jcb,debit
357146,00-99,,JP,jcb,debit
357147,00-99,,JP,jcb,debit
357148,00-99,,JP,jcb,debit
357149,00-99,,JP,jcb,debit
357150,00-99,,JP,jcb,debit
357151,00-99,,JP,jcb,debit
357152,00-99,,JP,jcb,debit
357153,00-99,,JP,jcb,debit
357154,00-99,,JP,jcb,debit
357155,00-99,,JP,jcb,debit
357156,00-99,,JP,jcb,debit
357157,00-99,,JP,jcb,debit
357158,00-99,,JP,jcb,debit
357159,00-99,,JP,jcb,debit
357160,00-99,,JP,jcb,debit
357161,00-99,,JP,jcb,debit
357162,00-99,,JP,jcb,debit
357163,00-99,,JP,jcb,debit
357164,00-99,,JP,jcb,debit
357165,00-99,,JP,jcb,debit
357166,00-99,,JP,jcb,debit
357167,00-99,,JP,jcb,debit
357168,00-99,,JP,jcb,debit
357169,00-99,,JP,jcb,debit
357170,00-99,,JP,jcb,debit
357171,00-99,,JP,jcb,debit
357172,00-99,,JP,jcb,debit
357173,00-99,,JP,jcb,debit
357174,00-99,,JP,jcb,debit
357175,00-99,,JP,jcb,debit
357176,00-99,,JP,jcb,debit
357177,00-99,,JP,jcb,debit
357178,00-99,,JP,jcb,debit
357179,00-99,,JP,jcb,debit
357180,00-99,,JP,jcb,debit
357181,00-99,,JP,jcb,debit
357182,00-99,,JP,jcb,debit
357183,00-99,,JP,jcb,debit
357184,00-99,,JP,jcb,debit
357185,00-99,,JP,jcb,debit
357186,00-99,,JP,jcb,debit
357187,00-99,,JP,jcb,debit
357188,00-99,,JP,jcb,debit
357189,00-99,,JP,jcb,debit
357190,00-99,,JP,jcb,debit
357191,00-99,,JP,jcb,debit
357192,00-99,,JP,jcb,debit
357193,00-99,,JP,jcb,debit
357194,00-99,,JP,jcb,debit
357195,00-99,,JP,jcb,debit
357196,00-99,,JP,jcb,debit
357197,00-99,,JP,jcb,debit
357198,00-99,,JP,jcb,debit
357199,00-99,,JP,jcb,debit
357200,00-99,,JP,jcb,debit
357201,00-99,,JP,jcb,debit
357202,00-99,,JP,jcb,debit
357203,00-99,,JP,jcb,debit
357204,00-99,,JP,jcb,debit
357205,00-99,,JP,jcb,debit
357206,00-99,,JP,jcb,debit
357207,00-99,,JP,jcb,debit
357208,00-99,,JP,jcb,debit
357209,00-99,,JP,jcb,debit
357210,00-99,,JP,jcb,debit
357211,00-99,,JP,jcb,debit
357212,00-99,,JP,jcb,debit
357213,00-99,,JP,jcb,debit
357214,00-99,,JP,jcb,debit
357215,00-99,,JP,jcb,debit
357216,00-99,,JP,jcb,debit
357217,00-99,,JP,jcb,debit
357218,00-99,,JP,jcb,debit
357219,00-99,,JP,jcb,debit
357220,00-99,,JP,jcb,debit
357221,00-99,,JP,jcb,debit
357222,00-99,,JP,jcb,debit
357223,00-99,,JP,jcb,debit
357224,00-99,,JP,jcb,debit
357225,00-99,,JP,jcb,debit
357226,00-99,,JP,jcb,debit
357227,00-99,,JP,jcb,debit
357228,00-99,,JP,jcb,debit
357229,00-99,,JP,jcb,debit
357230,00-99,,JP,jcb,debit
357231,00-99,,JP,jcb,debit
357232,00-99,,JP,jcb,debit
357233,00-99,,JP,jcb,debit
357234,00-99,,JP,jcb,debit
357235,00-99,,JP,jcb,debit
357236,00-99,,JP,jcb,debit
357237,00-99,,JP,jcb,debit
357238,00-99,,JP,jcb,debit
357239,00-99,,DE,jcb,debit
357240,00-99,,JP,jcb,debit
357241,00-99,,JP,jcb,debit
357242,00-99,,JP,jcb,debit
357243,00-99,,JP,jcb,debit
357244,00-99,,JP,jcb,debit
357245,00-99,,JP,jcb,debit
357246,00-99,,JP,jcb,debit
357247,00-99,,JP,jcb,debit
357248,00-99,,JP,jcb,debit
357249,00-99,,JP,jcb,debit
357250,00-99,,JP,jcb,debit
357251,00-99,,JP,jcb,debit
357252,00-99,,JP,jcb,debit
357253,00-99,,JP,jcb,debit
357254,00-99,JCB INTERNATIONAL CREDIT CARD CO.,JP,jcb,debit
357255,00-99,,JP,jcb,debit
357256,00-99,,JP,jcb,debit
357257,00-99,,JP,jcb,debit
357258,00-99,,JP,jcb,debit
357259,00-99,,JP,jcb,debit
357260,00-99,,JP,jcb,debit
357261,00-99,,JP,jcb,debit
357262,00-99,,JP,jcb,debit
357263,00-99,,JP,jcb,debit
357264,00-99,,JP,jcb,debit
357265,00-99,,JP,jcb,debit
357266,00-99,,DE,jcb,credit
357267,00-99,,JP,jcb,debit
357268,00-99,,JP,jcb,debit
357269,00-99,,JP,jcb,debit
357270,00-99,,JP,jcb,debit
357271,00-99,,JP,jcb,debit
357272,00-99,,JP,jcb,debit
357273,00-99,,JP,jcb,debit
357274,00-99,,JP,jcb,debit
357275,00-99,,JP,jcb,debit
357276,00-99,,JP,jcb,debit
357277,00-99,,JP,jcb,debit
357278,00-99,,JP,jcb,debit
357279,00-99,,JP,jcb,debit
357280,00-99,,JP,jcb,debit
357281,00-99,,JP,jcb,debit
357282,00-99,,JP,jcb,debit
357283,00-99,,JP,jcb,debit
357284,00-99,,JP,jcb,debit
357285,00-99,,JP,jcb,debit
357286,00-99,,JP,jcb,debit
357287,00-99,,JP,jcb,debit
357288,00-99,,JP,jcb,debit
357289,00-99,,JP,jcb,debit
357290,00-99,,JP,jcb,debit
357291,00-99,,JP,jcb,debit
357292,00-99,,JP,jcb,debit
357293,00-99,,JP,jcb,debit
357294,00-99,,JP,jcb,debit
357295,00-99,,JP,jcb,debit
357296,00-99,,JP,jcb,debit
357297,00-99,,JP,jcb,debit
357298,00-99,,JP,jcb,debit
357299,00-99,,JP,jcb,debit
357300,00-99,,JP,jcb,debit
357301,00-99,,JP,jcb,debit
357302,00-99,,JP,jcb,debit
357303,00-99,,JP,jcb,debit
357304,00-99,,JP,jcb,debit
357305,00-99,,JP,jcb,debit
357306,00-99,,JP,jcb,debit
357307,00-99,,JP,jcb,debit
357308,00-99,,JP,jcb,debit
357309,00-99,,JP,jcb,debit
357310,00-99,,JP,jcb,debit
357311,00-99,,JP,jcb,debit
357312,00-99,,JP,jcb,debit
357313,00-99,,JP,jcb,debit
357314,00-99,,JP,jcb,debit
357315,00-99,,JP,jcb,debit
357316,00-99,,JP,jcb,debit
357317,00-99,,JP,jcb,debit
357318,00-99,,JP,jcb,debit
357319,00-99,,JP,jcb,debit
357320,00-99,,JP,jcb,debit
357321,00-99,,JP,jcb,debit
357322,00-99,,JP,jcb,debit
357323,00-99,,JP,jcb,debit
357324,00-99,,JP,jcb,debit
357325,00-99,,JP,jcb,debit
357326,00-99,,JP,jcb,debit
357327,00-99,,JP,jcb,debit
357328,00-99,,JP,jcb,debit
357329,00-99,,JP,jcb,debit
357330,00-99,,JP,jcb,debit
357331,00-99,,JP,jcb,debit
357332,00-99,,JP,jcb,debit
357333,00-99,,JP,jcb,debit
357334,00-99,,JP,jcb,debit
357335,00-99,,JP,jcb,debit
357336,00-99,,JP,jcb,debit
357337,00-99,,JP,jcb,debit
357338,00-99,,JP,jcb,debit
357339,00-99,,JP,jcb,debit
357340,00-99,,JP,jcb,debit
357341,00-99,,JP,jcb,debit
357342,00-99,,JP,jcb,debit
357343,00-99,,JP,jcb,debit
357344,00-99,,JP,jcb,debit
357345,00-99,,JP,jcb,debit
357346,00-99,,JP,jcb,debit
357347,00-99,,JP,jcb,debit
357348,00-99,,JP,jcb,debit
357349,00-99,,JP,jcb,debit
357350,00-99,,JP,jcb,debit
357351,00-99,,JP,jcb,debit
357352,00-99,,JP,jcb,debit
357353,00-99,,JP,jcb,debit
357354,00-99,,JP,jcb,debit
357355,00-99,,JP,jcb,debit
357356,00-99,,JP,jcb,debit
357357,00-99,,JP,jcb,debit
357358,00-99,,JP,jcb,debit
357359,00-99,,JP,jcb,debit
357360,00-99,,JP,jcb,debit
357361,00-99,,JP,jcb,debit
357362,00-99,,JP,jcb,debit
357363,00-99,,JP,jcb,debit
357364,00-99,,JP,jcb,debit
357365,00-99,,JP,jcb,debit
357366,00-99,,JP,jcb,debit
357367,00-99,,JP,jcb,debit
357368,00-99,,JP,jcb,debit
357369,00-99,,JP,jcb,debit
357370,00-99,,JP,jcb,debit
357371,00-99,,JP,jcb,debit
357372,00-99,,JP,jcb,debit
357373,00-99,,JP,jcb,debit
357374,00-99,,JP,jcb,debit
357375,00-99,,JP,jcb,debit
357376,00-99,,JP,jcb,debit
357377,00-99,,JP,jcb,debit
357378,00-99,,JP,jcb,debit
357379,00-99,,JP,jcb,debit
357380,00-99,,JP,jcb,debit
357381,00-99,,JP,jcb,debit
357382,00-99,,JP,jcb,debit
357383,00-99,,JP,jcb,debit
357384,00-99,,JP,jcb,debit
357385,00-99,,JP,jcb,debit
357386,00-99,,JP,jcb,debit
357387,00-99,,JP,jcb,debit
357388,00-99,,JP,jcb,debit
357389,00-99,,JP,jcb,debit
357390,00-99,,JP,jcb,debit
357391,00-99,,JP,jcb,debit
357392,00-99,,JP,jcb,debit
357393,00-99,,JP,jcb,debit
357394,00-99,,JP,jcb,debit
357395,00-99,,JP,jcb,debit
357396,00-99,,JP,jcb,debit
357397,00-99,,JP,jcb,debit
357398,00-99,,JP,jcb,debit
357399,00-99,,JP,jcb,debit
357400,00-99,OSAIFU PONTA,JP,jcb,debit
357401,00-99,LINE PAY,JP,jcb,debit
357402,00-99,RAKUTEN BANK,JP,jcb,debit
357403,00-99,,JP,jcb,debit
357404,00-99,,JP,jcb,debit
357405,00-99,,JP,jcb,debit
357406,00-99,,JP,jcb,debit
357407,00-99,,JP,jcb,debit
357408,00-99,,JP,jcb,debit
357409,00-99,,JP,jcb,debit
357410,00-99,,JP,jcb,debit
357411,00-99,,JP,jcb,debit
357412,00-99,,JP,jcb,debit
357413,00-99,,JP,jcb,debit
357414,00-99,,JP,jcb,debit
357415,00-99,,JP,jcb,debit
357416,00-99,,JP,jcb,debit
357417,00-99,,JP,jcb,debit
357418,00-99,,JP,jcb,debit
357419,00-99,,JP,jcb,debit
357420,00-99,KOMERI AQUA CARD,JP,jcb,debit
357421,00-99,,JP,jcb,debit
357422,00-99,,JP,jcb,debit
357423,00-99,,JP,jcb,debit
357424,00-99,,JP,jcb,debit
357425,00-99,,JP,jcb,debit
357426,00-99,,JP,jcb,debit
357427,00-99,,JP,jcb,debit
357428,00-99,,JP,jcb,debit
357429,00-99,,JP,jcb,debit
357430,00-99,,JP,jcb,debit
357431,00-99,,JP,jcb,debit
357432,00-99,,JP,jcb,debit
357433,00-99,TRAVEL PRICA,JP,jcb,debit
357434,00-99,,JP,jcb,debit
357435,00-99,,JP,jcb,debit
357436,00-99,,JP,jcb,debit
357437,00-99,,JP,jcb,debit
357438,00-99,,JP,jcb,debit
357439,00-99,,JP,jcb,debit
357440,00-99,,JP,jcb,debit
357441,00-99,,JP,jcb,debit
357442,00-99,,JP,jcb,debit
357443,00-99,,JP,jcb,debit
357444,00-99,,JP,jcb,debit
357445,00-99,,JP,jcb,debit
357446,00-99,,JP,jcb,debit
357447,00-99,,JP,jcb,debit
357448,00-99,,JP,jcb,debit
357449,00-99,,JP,jcb,debit
357450,00-99,,JP,jcb,debit
357451,00-99,,JP,jcb,debit
357452,00-99,,JP,jcb,debit
357453,00-99,,JP,jcb,debit
357454,00-99,,JP,jcb,debit
357455,00-99,,JP,jcb,debit
357456,00-99,,JP,jcb,debit
357457,00-99,,JP,jcb,debit
357458,00-99,,JP,jcb,debit
357459,00-99,,JP,jcb,debit
357460,00-99,,JP,jcb,debit
357461,00-99,,JP,jcb,debit
357462,00-99,,JP,jcb,debit
357463,00-99,,JP,jcb,debit
357464,00-99,,JP,jcb,debit
357465,00-99,,JP,jcb,debit
357466,00-99,,JP,jcb,debit
357467,00-99,,JP,jcb,debit
357468,00-99,,JP,jcb,debit
357469,00-99,,JP,jcb,debit
357470,00-99,,JP,jcb,debit
357471,00-99,,JP,jcb,debit
357472,00-99,,JP,jcb,debit
357473,00-99,,JP,jcb,debit
357474,00-99,,JP,jcb,debit
357475,00-99,,JP,jcb,debit
357476,00-99,,JP,jcb,debit
357477,00-99,,JP,jcb,debit
357478,00-99,,JP,jcb,debit
357479,00-99,,JP,jcb,debit
357480,00-99,,JP,jcb,debit
357481,00-99,,JP,jcb,debit
357482,00-99,,JP,jcb,debit
357483,00-99,,JP,jcb,debit
357484,00-99,,JP,jcb,debit
357485,00-99,,JP,jcb,debit
357486,00-99,,JP,jcb,debit
357487,00-99,,JP,jcb,debit
357488,00-99,,JP,jcb,debit
357489,00-99,,JP,jcb,debit
357490,00-99,,JP,jcb,debit
357491,00-99,,JP,jcb,debit
357492,00-99,,JP,jcb,debit
357493,00-99,,JP,jcb,debit
357494,00-99,,JP,jcb,debit
357495,00-99,,JP,jcb,debit
357496,00-99,,JP,jcb,debit
357497,00-99,,JP,jcb,debit
357498,00-99,,JP,jcb,debit
357499,00-99,,JP,jcb,debit
357500,00-99,,JP,jcb,debit
357501,00-99,,JP,jcb,debit
357502,00-99,,JP,jcb,debit
357503,00-99,,JP,jcb,debit
357504,00-99,,JP,jcb,debit
357505,00-99,,JP,jcb,debit
357506,00-99,,JP,jcb,debit
357507,00-99,,JP,jcb,debit
357508,00-99,,JP,jcb,debit
357509,00-99,,JP,jcb,debit
357510,00-99,,JP,jcb,debit
357511,00-99,,JP,jcb,debit
357512,00-99,,JP,jcb,debit
357513,00-99,,JP,jcb,debit
357514,00-99,,JP,jcb,debit
357515,00-99,,JP,jcb,debit
357516,00-99,,JP,jcb,debit
357517,00-99,,JP,jcb,debit
357518,00-99,,JP,jcb,debit
357519,00-99,,JP,jcb,debit
357520,00-99,,JP,jcb,debit
357521,00-99,,JP,jcb,debit
357522,00-99,,JP,jcb,debit
357523,00-99,,JP,jcb,debit
357524,00-99,,JP,jcb,debit
357525,00-99,,JP,jcb,debit
357526,00-99,,JP,jcb,debit
357527,00-99,,JP,jcb,debit
357528,00-99,,JP,jcb,debit
357529,00-99,,JP,jcb,debit
357530,00-99,,JP,jcb,debit
357531,00-99,,JP,jcb,debit
357532,00-99,,JP,jcb,debit
357533,00-99,,JP,jcb,debit
357534,00-99,,JP,jcb,debit
357535,00-99,,JP,jcb,debit
357536,00-99,,JP,jcb,debit
357537,00-99,,JP,jcb,debit
357538,00-99,,JP,jcb,debit
357539,00-99,,JP,jcb,debit
357540,00-99,,JP,jcb,debit
357541,00-99,,JP,jcb,debit
357542,00-99,,JP,jcb,debit
357543,00-99,,JP,jcb,debit
357544,00-99,,JP,jcb,debit
357545,00-99,,JP,jcb,debit
357546,00-99,,JP,jcb,debit
357547,00-99,,JP,jcb,debit
357548,00-99,,JP,jcb,debit
357549,00-99,,JP,jcb,debit
357550,00-99,,JP,jcb,debit
357551,00-99,,JP,jcb,debit
357552,00-99,,JP,jcb,debit
357553,00-99,,JP,jcb,debit
357554,00-99,,JP,jcb,debit
357555,00-99,,JP,jcb,debit
357556,00-99,,JP,jcb,debit
357557,00-99,,JP,jcb,debit
357558,00-99,,JP,jcb,debit
357559,00-99,,JP,jcb,debit
357560,00-99,,JP,jcb,debit
357561,00-99,,JP,jcb,debit
357562,00-99,,JP,jcb,debit
357563,00-99,,JP,jcb,debit
357564,00-99,,JP,jcb,debit
357565,00-99,,JP,jcb,debit
357566,00-99,,JP,jcb,debit
357567,00-99,,JP,jcb,debit
357568,00-99,,JP,jcb,debit
357569,00-99,,JP,jcb,debit
357570,00-99,,JP,jcb,debit
357571,00-99,,JP,jcb,debit
357572,00-99,,JP,jcb,debit
357573,00-99,,JP,jcb,debit
357574,00-99,,JP,jcb,debit
357575,00-99,,JP,jcb,debit
357576,00-99,,JP,jcb,debit
357577,00-99,,JP,jcb,debit
357578,00-99,,JP,jcb,debit
357579,00-99,,JP,jcb,debit
357580,00-99,,JP,jcb,debit
357581,00-99,,JP,jcb,debit
357582,00-99,,JP,jcb,debit
357583,00-99,,JP,jcb,debit
357584,00-99,,JP,jcb,debit
357585,00-99,,JP,jcb,debit
357586,00-99,,JP,jcb,debit
357587,00-99,,JP,jcb,debit
357588,00-99,,JP,jcb,debit
357589,00-99,,JP,jcb,debit
357590,00-99,,JP,jcb,debit
357591,00-99,,JP,jcb,debit
357592,00-99,,JP,jcb,debit
357593,00-99,,JP,jcb,debit
357594,00-99,,JP,jcb,debit
357595,00-99,,JP,jcb,debit
357596,00-99,,JP,jcb,debit
357597,00-99,,JP,jcb,debit
357598,00-99,,JP,jcb,debit
357599,00-99,,JP,jcb,debit
357600,00-99,,JP,jcb,debit
357601,00-99,,JP,jcb,debit
357602,00-99,,JP,jcb,debit
357603,00-99,,JP,jcb,debit
357604,00-99,,JP,jcb,debit
357605,00-99,,JP,jcb,debit
357606,00-99,,JP,jcb,debit
357607,00-99,,JP,jcb,debit
357608,00-99,,JP,jcb,debit
357609,00-99,,JP,jcb,debit
357610,00-99,,JP,jcb,debit
357611,00-99,,JP,jcb,debit
357612,00-99,,JP,jcb,debit
357613,00-99,,JP,jcb,debit
357614,00-99,,JP,jcb,debit
357615,00-99,,JP,jcb,debit
357616,00-99,,JP,jcb,debit
357617,00-99,,JP,jcb,debit
357618,00-99,,JP,jcb,debit
357619,00-99,,JP,jcb,debit
357620,00-99,,JP,jcb,debit
357621,00-99,,JP,jcb,debit
357622,00-99,,JP,jcb,debit
357623,00-99,,JP,jcb,debit
357624,00-99,,JP,jcb,debit
357625,00-99,,JP,jcb,debit
357626,00-99,,JP,jcb,debit
357627,00-99,,JP,jcb,debit
357628,00-99,,JP,jcb,debit
357629,00-99,,JP,jcb,debit
357630,00-99,,JP,jcb,debit
357631,00-99,,JP,jcb,debit
357632,00-99,,JP,jcb,debit
357633,00-99,,JP,jcb,debit
357634,00-99,,JP,jcb,debit
357635,00-99,,JP,jcb,debit
357636,00-99,,JP,jcb,debit
357637,00-99,,JP,jcb,debit
357638,00-99,,JP,jcb,debit
357639,00-99,,JP,jcb,debit
357640,00-99,,JP,jcb,debit
357641,00-99,,JP,jcb,debit
357642,00-99,,JP,jcb,debit
357643,00-99,,JP,jcb,debit
357644,00-99,,JP,jcb,debit
357645,00-99,,JP,jcb,debit
357646,00-99,,JP,jcb,debit
357647,00-99,,JP,jcb,debit
357648,00-99,,JP,jcb,debit
357649,00-99,,JP,jcb,debit
357650,00-99,,JP,jcb,debit
357651,00-99,,JP,jcb,debit
357652,00-99,,JP,jcb,debit
357653,00-99,,JP,jcb,debit
357654,00-99,,JP,jcb,debit
357655,00-99,,JP,jcb,debit
357656,00-99,,JP,jcb,debit
357657,00-99,,JP,jcb,debit
357658,00-99,,JP,jcb,debit
357659,00-99,,JP,jcb,debit
357660,00-99,,JP,jcb,debit
357661,00-99,,JP,jcb,debit
357662,00-99,,JP,jcb,debit
357663,00-99,,JP,jcb,debit
357664,00-99,,JP,jcb,debit
357665,00-99,,JP,jcb,debit
357666,00-99,,JP,jcb,debit
357667,00-99,,JP,jcb,debit
357668,00-99,,JP,jcb,debit
357669,00-99,,JP,jcb,debit
357670,00-99,,JP,jcb,debit
357671,00-99,,JP,jcb,debit
357672,00-99,,JP,jcb,debit
357673,00-99,,JP,jcb,debit
357674,00-99,,JP,jcb,debit
357675,00-99,,JP,jcb,debit
357676,00-99,,JP,jcb,debit
357677,00-99,,JP,jcb,debit
357678,00-99,,JP,jcb,debit
357679,00-99,,JP,jcb,debit
357680,00-99,,JP,jcb,debit
357681,00-99,,JP,jcb,debit
357682,00-99,,JP,jcb,debit
357683,00-99,,JP,jcb,debit
357684,00-99,,JP,jcb,debit
357685,00-99,,JP,jcb,debit
357686,00-99,,JP,jcb,debit
357687,00-99,,JP,jcb,debit
357688,00-99,,JP,jcb,debit
357689,00-99,,JP,jcb,debit
357690,00-99,,JP,jcb,debit
357691,00-99,,JP,jcb,debit
357692,00-99,,JP,jcb,debit
357693,00-99,,JP,jcb,debit
357694,00-99,,JP,jcb,debit
357695,00-99,,JP,jcb,debit
357696,00-99,,JP,jcb,debit
357697,00-99,,JP,jcb,debit
357698,00-99,,JP,jcb,debit
357699,00-99,,JP,jcb,debit
357700,00-99,,BD,jcb,debit
357701,00-99,HUA NAN COMMERCIAL BANK,TW,jcb,debit
357702,00-99,,PH,jcb,debit
357703,00-99,ACB,VN,jcb,debit
357704,00-99,,RU,jcb,debit
357705,00-99,,RU,jcb,debit
357706,00-99,,RU,jcb,debit
357707,00-99,,JP,jcb,debit
357708,00-99,,RU,jcb,debit
357709,00-99,,RU,jcb,debit
357710,00-99,,RU,jcb,debit
357711,00-99,,JP,jcb,debit
357712,00-99,,VN,jcb,debit
357713,00-99,,JP,jcb,debit
357714,00-99,,MN,jcb,debit
357715,00-99,,MN,jcb,debit
357716,00-99,,KH,jcb,debit
357717,00-99,,KH,jcb,debit
357718,00-99,,PK,jcb,debit
357719,00-99,,JP,jcb,debit
357720,00-99,,PK,jcb,debit
357721,00-99,,PK,jcb,debit
357722,00-99,,JP,jcb,debit
357723,00-99,,JP,jcb,debit
357724,00-99,,JP,jcb,debit
357725,00-99,,JP,jcb,debit
357726,00-99,,JP,jcb,debit
357727,00-99,,JP,jcb,debit
357728,00-99,,JP,jcb,debit
357729,00-99,,JP,jcb,debit
357730,00-99,,JP,jcb,debit
357731,00-99,,JP,jcb,debit
357732,00-99,,JP,jcb,debit
357733,00-99,,JP,jcb,debit
357734,00-99,,JP,jcb,debit
357735,00-99,,JP,jcb,debit
357736,00-99,,JP,jcb,debit
357737,00-99,,JP,jcb,debit
357738,00-99,,JP,jcb,debit
357739,00-99,,JP,jcb,debit
357740,00-99,,JP,jcb,debit
357741,00-99,,JP,jcb,debit
357742,00-99,,JP,jcb,debit
357743,00-99,,JP,jcb,debit
357744,00-99,,JP,jcb,debit
357745,00-99,,JP,jcb,debit
357746,00-99,,JP,jcb,debit
357747,00-99,,JP,jcb,debit
357748,00-99,,JP,jcb,debit
357749,00-99,,JP,jcb,debit
357750,00-99,,JP,jcb,debit
357751,00-99,,JP,jcb,debit
357752,00-99,,JP,jcb,debit
357753,00-99,,JP,jcb,debit
357754,00-99,,JP,jcb,debit
357755,00-99,,JP,jcb,debit
357756,00-99,,JP,jcb,debit
357757,00-99,,JP,jcb,debit
357758,00-99,,JP,jcb,debit
357759,00-99,,JP,jcb,debit
357760,00-99,,JP,jcb,debit
357761,00-99,,JP,jcb,debit
357762,00-99,,JP,jcb,debit
357763,00-99,,JP,jcb,debit
357764,00-99,,JP,jcb,debit
357765,00-99,,JP,jcb,debit
357766,00-99,,JP,jcb,debit
357767,00-99,,JP,jcb,debit
357768,00-99,,JP,jcb,debit
357769,00-99,,JP,jcb,debit
357770,00-99,,JP,jcb,debit
357771,00-99,,JP,jcb,debit
357772,00-99,,JP,jcb,debit
357773,00-99,,JP,jcb,debit
357774,00-99,,JP,jcb,debit
357775,00-99,,JP,jcb,debit
357776,00-99,,RU,jcb,debit
357777,00-99,,RU,jcb,debit
357778,00-99,,RU,jcb,debit
357779,00-99,,RU,jcb,debit
357780,00-99,,JP,jcb,debit
357781,00-99,,JP,jcb,debit
357782,00-99,,JP,jcb,debit
357783,00-99,,JP,jcb,debit
357784,00-99,,JP,jcb,debit
357785,00-99,,JP,jcb,debit
357786,00-99,,JP,jcb,debit
357787,00-99,,JP,jcb,debit
357788,00-99,,JP,jcb,debit
357789,00-99,,JP,jcb,debit
357790,00-99,,JP,jcb,debit
357791,00-99,,JP,jcb,debit
357792,00-99,,JP,jcb,debit
357793,00-99,,JP,jcb,debit
357794,00-99,,JP,jcb,debit
357795,00-99,,JP,jcb,debit
357796,00-99,,JP,jcb,debit
357797,00-99,,JP,jcb,debit
357798,00-99,,JP,jcb,debit
357799,00-99,,JP,jcb,debit
357800,00-99,,JP,jcb,debit
357801,00-99,,JP,jcb,debit
357802,00-99,,JP,jcb,debit
357803,00-99,,JP,jcb,debit
357804,00-99,,JP,jcb,debit
357805,00-99,,JP,jcb,debit
357806,00-99,,JP,jcb,debit
357807,00-99,,JP,jcb,debit
357808,00-99,,JP,jcb,debit
357809,00-99,,JP,jcb,debit
357810,00-99,,JP,jcb,debit
357811,00-99,,JP,jcb,debit
357812,00-99,,JP,jcb,debit
357813,00-99,,JP,jcb,debit
357814,00-99,,JP,jcb,debit
357815,00-99,,JP,jcb,debit
357816,00-99,,JP,jcb,debit
357817,00-99,,JP,jcb,debit
357818,00-99,,JP,jcb,debit
357819,00-99,,JP,jcb,debit
357820,00-99,,JP,jcb,debit
357821,00-99,,JP,jcb,debit
357822,00-99,,JP,jcb,debit
357823,00-99,,JP,jcb,debit
357824,00-99,,JP,jcb,debit
357825,00-99,,JP,jcb,debit
357826,00-99,,JP,jcb,debit
357827,00-99,,JP,jcb,debit
357828,00-99,,JP,jcb,debit
357829,00-99,,JP,jcb,debit
357830,00-99,,JP,jcb,debit
357831,00-99,,JP,jcb,debit
357832,00-99,,JP,jcb,debit
357833,00-99,,JP,jcb,debit
357834,00-99,,JP,jcb,debit
357835,00-99,,JP,jcb,debit
357836,00-99,,JP,jcb,debit
357837,00-99,,JP,jcb,debit
357838,00-99,,JP,jcb,debit
357839,00-99,,JP,jcb,debit
357840,00-99,,JP,jcb,debit
357841,00-99,,JP,jcb,debit
357842,00-99,,JP,jcb,debit
357843,00-99,,JP,jcb,debit
357844,00-99,,JP,jcb,debit
357845,00-99,,JP,jcb,debit
357846,00-99,,JP,jcb,debit
357847,00-99,,JP,jcb,debit
357848,00-99,,JP,jcb,debit
357849,00-99,,JP,jcb,debit
357850,00-99,,JP,jcb,debit
357851,00-99,,JP,jcb,debit
357852,00-99,,JP,jcb,debit
357853,00-99,,JP,jcb,debit
357854,00-99,,JP,jcb,debit
357855,00-99,,JP,jcb,debit
357856,00-99,,JP,jcb,debit
357857,00-99,,JP,jcb,debit
357858,00-99,,JP,jcb,debit
357859,00-99,,JP,jcb,debit
357860,00-99,,JP,jcb,debit
357861,00-99,,JP,jcb,debit
357862,00-99,,JP,jcb,debit
357863,00-99,,JP,jcb,debit
357864,00-99,,JP,jcb,debit
357865,00-99,,JP,jcb,debit
357866,00-99,,JP,jcb,debit
357867,00-99,,JP,jcb,debit
357868,00-99,,JP,jcb,debit
357869,00-99,,JP,jcb,debit
357870,00-99,,JP,jcb,debit
357871,00-99,,JP,jcb,debit
357872,00-99,,JP,jcb,debit
357873,00-99,,JP,jcb,debit
357874,00-99,,JP,jcb,debit
357875,00-99,,JP,jcb,debit
357876,00-99,,JP,jcb,debit
357877,00-99,,JP,jcb,debit
357878,00-99,,JP,jcb,debit
357879,00-99,,JP,jcb,debit
357880,00-99,,JP,jcb,debit
357881,00-99,,JP,jcb,debit
357882,00-99,,JP,jcb,debit
357883,00-99,,JP,jcb,debit
357884,00-99,,JP,jcb,debit
357885,00-99,,JP,jcb,debit
357886,00-99,,JP,jcb,debit
357887,00-99,,JP,jcb,debit
357888,00-99,,JP,jcb,debit
357889,00-99,,JP,jcb,debit
357890,00-99,,JP,jcb,debit
357891,00-99,,JP,jcb,debit
357892,00-99,,JP,jcb,debit
357893,00-99,,JP,jcb,debit
357894,00-99,,JP,jcb,debit
357895,00-99,,JP,jcb,debit
357896,00-99,,JP,jcb,debit
357897,00-99,,JP,jcb,debit
357898,00-99,,JP,jcb,debit
357899,00-99,,JP,jcb,debit
357900,00-99,,JP,jcb,debit
357901,00-99,,JP,jcb,debit
357902,00-99,,JP,jcb,debit
357903,00-99,,JP,jcb,debit
357904,00-99,,JP,jcb,debit
357905,00-99,,JP,jcb,debit
357906,00-99,,JP,jcb,debit
357907,00-99,,JP,jcb,debit
357908,00-99,,JP,jcb,debit
357909,00-99,,JP,jcb,debit
357910,00-99,,JP,jcb,debit
357911,00-99,,JP,jcb,debit
357912,00-99,,JP,jcb,debit
357913,00-99,,JP,jcb,debit
357914,00-99,,JP,jcb,debit
357915,00-99,,JP,jcb,debit
357916,00-99,,JP,jcb,debit
357917,00-99,,JP,jcb,debit
357918,00-99,,JP,jcb,debit
357919,00-99,,JP,jcb,debit
357920,00-99,,JP,jcb,debit
357921,00-99,,JP,jcb,debit
357922,00-99,,JP,jcb,debit
357923,00-99,,JP,jcb,debit
357924,00-99,,JP,jcb,debit
357925,00-99,,JP,jcb,debit
357926,00-99,,JP,jcb,debit
357927,00-99,,JP,jcb,debit
357928,00-99,,JP,jcb,debit
357929,00-99,,JP,jcb,debit
357930,00-99,,JP,jcb,debit
357931,00-99,,JP,jcb,debit
357932,00-99,,JP,jcb,debit
357933,00-99,,JP,jcb,debit
357934,00-99,,JP,jcb,debit
357935,00-99,,JP,jcb,debit
357936,00-99,,JP,jcb,debit
357937,00-99,,JP,jcb,debit
357938,00-99,,JP,jcb,debit
357939,00-99,,JP,jcb,debit
357940,00-99,,JP,jcb,debit
357941,00-99,,JP,jcb,debit
357942,00-99,,JP,jcb,debit
357943,00-99,,JP,jcb,debit
357944,00-99,,JP,jcb,debit
357945,00-99,,JP,jcb,debit
357946,00-99,,JP,jcb,debit
357947,00-99,,JP,jcb,debit
357948,00-99,,JP,jcb,debit
357949,00-99,,JP,jcb,debit
357950,00-99,,JP,jcb,debit
357951,00-99,,JP,jcb,debit
357952,00-99,,JP,jcb,debit
357953,00-99,,JP,jcb,debit
357954,00-99,,JP,jcb,debit
357955,00-99,,JP,jcb,debit
357956,00-99,,JP,jcb,debit
357957,00-99,,JP,jcb,debit
357958,00-99,,JP,jcb,debit
357959,00-99,,JP,jcb,debit
357960,00-99,,JP,jcb,debit
357961,00-99,,JP,jcb,debit
357962,00-99,,JP,jcb,debit
357963,00-99,,JP,jcb,debit
357964,00-99,,JP,jcb,debit
357965,00-99,,JP,jcb,debit
357966,00-99,,JP,jcb,debit
357967,00-99,,JP,jcb,debit
357968,00-99,,JP,jcb,debit
357969,00-99,,JP,jcb,debit
357970,00-99,,JP,jcb,debit
357971,00-99,,JP,jcb,debit
357972,00-99,,JP,jcb,debit
357973,00-99,,JP,jcb,debit
357974,00-99,,JP,jcb,debit
357975,00-99,,JP,jcb,debit
357976,00-99,,JP,jcb,debit
357977,00-99,,JP,jcb,debit
357978,00-99,,JP,jcb,debit
357979,00-99,,JP,jcb,debit
357980,00-99,,JP,jcb,debit
357981,00-99,,JP,jcb,debit
357982,00-99,,JP,jcb,debit
357983,00-99,,JP,jcb,debit
357984,00-99,,JP,jcb,debit
357985,00-99,,JP,jcb,debit
357986,00-99,,JP,jcb,debit
357987,00-99,,JP,jcb,debit
357988,00-99,,JP,jcb,debit
357989,00-99,,JP,jcb,debit
357990,00-99,,JP,jcb,debit
357991,00-99,,JP,jcb,debit
357992,00-99,,JP,jcb,debit
357993,00-99,,JP,jcb,debit
357994,00-99,,JP,jcb,debit
357995,00-99,,JP,jcb,debit
357996,00-99,,JP,jcb,debit
357997,00-99,,JP,jcb,debit
357998,00-99,,JP,jcb,debit
357999,00-99,,JP,jcb,debit
358000,00-99,,JP,jcb,credit
358001,00-99,,JP,jcb,credit
358002,00-99,,JP,jcb,credit
358003,00-99,,JP,jcb,credit
358004,00-99,,JP,jcb,credit
358005,00-99,,JP,jcb,credit
358006,00-99,,JP,jcb,credit
358007,00-99,,JP,jcb,credit
358008,00-99,,JP,jcb,credit
358009,00-99,,JP,jcb,credit
358010,00-99,HITACHI,JP,jcb,credit
358011,00-99,,JP,jcb,credit
358012,00-99,,JP,jcb,credit
358013,00-99,,JP,jcb,credit
358014,00-99,NOVA CARD (HITACHI CARD SERVICE),JP,jcb,credit
358015,00-99,,JP,jcb,credit
358016,00-99,,JP,jcb,credit
358017,00-99,,JP,jcb,credit
358018,00-99,,JP,jcb,credit
358019,00-99,,JP,jcb,credit
358020,00-99,,JP,jcb,credit
358021,00-99,,JP,jcb,credit
358022,00-99,,JP,jcb,credit
358023,00-99,,JP,jcb,credit
358024,00-99,,JP,jcb,credit
358025,00-99,,JP,jcb,credit
358026,00-99,,JP,jcb,credit
358027,00-99,,JP,jcb,credit
358028,00-99,,JP,jcb,credit
358029,00-99,,JP,jcb,credit
358030,00-99,,JP,jcb,credit
358031,00-99,,JP,jcb,credit
358032,00-99,,JP,jcb,credit
358033,00-99,,JP,jcb,credit
358034,00-99,,JP,jcb,credit
358035,00-99,,JP,jcb,credit
358036,00-99,,JP,jcb,credit
358037,00-99,,JP,jcb,credit
358038,00-99,,JP,jcb,credit
358039,00-99,,JP,jcb,credit
358040,00-99,,JP,jcb,credit
358041,00-99,,JP,jcb,credit
358042,00-99,,JP,jcb,credit
358043,00-99,,JP,jcb,credit
358044,00-99,,JP,jcb,credit
358045,00-99,,JP,jcb,credit
358046,00-99,,JP,jcb,credit
358047,00-99,,JP,jcb,credit
358048,00-99,,JP,jcb,credit
358049,00-99,,JP,jcb,credit
358050,00-99,,JP,jcb,credit
358051,00-99,,JP,jcb,credit
358052,00-99,,JP,jcb,credit
358053,00-99,,JP,jcb,credit
358054,00-99,,JP,jcb,credit
358055,00-99,,JP,jcb,credit
358056,00-99,,JP,jcb,credit
358057,00-99,,JP,jcb,credit
358058,00-99,,JP,jcb,credit
358059,00-99,,JP,jcb,credit
358060,00-99,,JP,jcb,credit
358061,00-99,,JP,jcb,credit
358062,00-99,,JP,jcb,credit
358063,00-99,,JP,jcb,credit
358064,00-99,,JP,jcb,credit
358065,00-99,,JP,jcb,credit
358066,00-99,,JP,jcb,credit
358067,00-99,,JP,jcb,credit
358068,00-99,,JP,jcb,credit
358069,00-99,,JP,jcb,credit
358070,00-99,,JP,jcb,credit
358071,00-99,,JP,jcb,credit
358072,00-99,,JP,jcb,credit
358073,00-99,,JP,jcb,credit
358074,00-99,,JP,jcb,credit
358075,00-99,,JP,jcb,credit
358076,00-99,,JP,jcb,credit
358077,00-99,,JP,jcb,credit
358078,00-99,,JP,jcb,credit
358079,00-99,,JP,jcb,credit
358080,00-99,,JP,jcb,credit
358081,00-99,,JP,jcb,credit
358082,00-99,,JP,jcb,credit
358083,00-99,,JP,jcb,credit
358084,00-99,,JP,jcb,credit
358085,00-99,,JP,jcb,credit
358086,00-99,,JP,jcb,credit
358087,00-99,,JP,jcb,credit
358088,00-99,,JP,jcb,credit
358089,00-99,,JP,jcb,credit
358090,00-99,,JP,jcb,credit
358091,00-99,,JP,jcb,credit
358092,00-99,,JP,jcb,credit
358093,00-99,,JP,jcb,credit
358094,00-99,,JP,jcb,credit
358095,00-99,,JP,jcb,credit
358096,00-99,,JP,jcb,credit
358097,00-99,,JP,jcb,credit
358098,00-99,,JP,jcb,credit
358099,00-99,,JP,jcb,credit
358100,00-99,,JP,jcb,credit
358101,00-99,,JP,jcb,credit
358102,00-99,,JP,jcb,credit
358103,00-99,,JP,jcb,credit
358104,00-99,,JP,jcb,credit
358105,00-99,,JP,jcb,credit
358106,00-99,,JP,jcb,credit
358107,00-99,,JP,jcb,credit
358108,00-99,,JP,jcb,credit
358109,00-99,,JP,jcb,credit
358110,00-99,,JP,jcb,credit
358111,00-99,,JP,jcb,credit
358112,00-99,,JP,jcb,credit
358113,00-99,,JP,jcb,credit
358114,00-99,,JP,jcb,credit
358115,00-99,,JP,jcb,credit
358116,00-99,,JP,jcb,credit
358117,00-99,,JP,jcb,credit
358118,00-99,,JP,jcb,credit
358119,00-99,,JP,jcb,credit
358120,00-99,,JP,jcb,credit
358121,00-99,,JP,jcb,credit
358122,00-99,,JP,jcb,credit
358123,00-99,,JP,jcb,credit
358124,00-99,,JP,jcb,credit
358125,00-99,,JP,jcb,credit
358126,00-99,,JP,jcb,credit
358127,00-99,,JP,jcb,credit
358128,00-99,,JP,jcb,credit
358129,00-99,,JP,jcb,credit
358130,00-99,,JP,jcb,credit
358131,00-99,,JP,jcb,credit
358132,00-99,,JP,jcb,credit
358133,00-99,,JP,jcb,credit
358134,00-99,,JP,jcb,credit
358135,00-99,,JP,jcb,credit
358136,00-99,,JP,jcb,credit
358137,00-99,,JP,jcb,credit
358138,00-99,,JP,jcb,credit
358139,00-99,,JP,jcb,credit
358140,00-99,,JP,jcb,credit
358141,00-99,,JP,jcb,credit
358142,00-99,,JP,jcb,credit
358143,00-99,,JP,jcb,credit
358144,00-99,,JP,jcb,credit
358145,00-99,,JP,jcb,credit
358146,00-99,,JP,jcb,credit
358147,00-99,,JP,jcb,credit
358148,00-99,,JP,jcb,credit
358149,00-99,,JP,jcb,credit
358150,00-99,,JP,jcb,credit
358151,00-99,,JP,jcb,credit
358152,00-99,,JP,jcb,credit
358153,00-99,,JP,jcb,credit
358154,00-99,,JP,jcb,credit
358155,00-99,,JP,jcb,credit
358156,00-99,,JP,jcb,credit
358157,00-99,,JP,jcb,credit
358158,00-99,,JP,jcb,credit
358159,00-99,,JP,jcb,credit
358160,00-99,,JP,jcb,credit
358161,00-99,,JP,jcb,credit
358162,00-99,,JP,jcb,credit
358163,00-99,,JP,jcb,credit
358164,00-99,,JP,jcb,credit
358165,00-99,,JP,jcb,credit
358166,00-99,,JP,jcb,credit
358167,00-99,,JP,jcb,credit
358168,00-99,,JP,jcb,credit
358169,00-99,,JP,jcb,credit
358170,00-99,,JP,jcb,credit
358171,00-99,,JP,jcb,credit
358172,00-99,,JP,jcb,credit
358173,00-99,,JP,jcb,credit
358174,00-99,,JP,jcb,credit
358175,00-99,,JP,jcb,credit
358176,00-99,,JP,jcb,credit
358177,00-99,,JP,jcb,credit
358178,00-99,,JP,jcb,credit
358179,00-99,,JP,jcb,credit
358180,00-99,JR TOKAI EXPRESS,JP,jcb,credit
358181,00-99,,JP,jcb,credit
358182,00-99,,JP,jcb,credit
358183,00-99,,JP,jcb,credit
358184,00-99,,JP,jcb,credit
358185,00-99,,JP,jcb,credit
358186,00-99,,JP,jcb,credit
358187,00-99,,JP,jcb,credit
358188,00-99,,JP,jcb,credit
358189,00-99,,JP,jcb,credit
358190,00-99,,JP,jcb,credit
358191,00-99,,JP,jcb,credit
358192,00-99,,JP,jcb,credit
358193,00-99,,JP,jcb,credit
358194,00-99,,JP,jcb,credit
358195,00-99,,JP,jcb,credit
358196,00-99,,JP,jcb,credit
358197,00-99,,JP,jcb,credit
358198,00-99,,JP,jcb,credit
358199,00-99,,JP,jcb,credit
358200,00-99,,JP,jcb,credit
358201,00-99,NISSENREN OBIHIRO,JP,jcb,credit
358202,00-99,,JP,jcb,credit
358203,00-99,,JP,jcb,credit
358204,00-99,NISSENREN,JP,jcb,credit
358205,00-99,,JP,jcb,credit
358206,00-99,NISSENREN SHIZUOKA,JP,jcb,credit
358207,00-99,,JP,jcb,credit
358208,00-99,,JP,jcb,credit
358209,00-99,,JP,jcb,credit
358210,00-99,,JP,jcb,credit
358211,00-99,NISSENREN,JP,jcb,credit
358212,00-99,,JP,jcb,credit
358213,00-99,,JP,jcb,credit
358214,00-99,,JP,jcb,credit
358215,00-99,,JP,jcb,credit
358216,00-99,,JP,jcb,credit
358217,00-99,,JP,jcb,credit
358218,00-99,,JP,jcb,credit
358219,00-99,,JP,jcb,credit
358220,00-99,,JP,jcb,credit
358221,00-99,,JP,jcb,credit
358222,00-99,,JP,jcb,credit
358223,00-99,,JP,jcb,credit
358224,00-99,,JP,jcb,credit
358225,00-99,,JP,jcb,credit
358226,00-99,,JP,jcb,credit
358227,00-99,,JP,jcb,credit
358228,00-99,,JP,jcb,credit
358229,00-99,,JP,jcb,credit
358230,00-99,,JP,jcb,credit
358231,00-99,,JP,jcb,credit
358232,00-99,,JP,jcb,credit
358233,00-99,,JP,jcb,credit
358234,00-99,,JP,jcb,credit
358235,00-99,,JP,jcb,credit
358236,00-99,,JP,jcb,credit
358237,00-99,,JP,jcb,credit
358238,00-99,,JP,jcb,credit
358239,00-99,,JP,jcb,credit
358240,00-99,,JP,jcb,credit
358241,00-99,,JP,jcb,credit
358242,00-99,,JP,jcb,credit
358243,00-99,,JP,jcb,credit
358244,00-99,,JP,jcb,credit
358245,00-99,,JP,jcb,credit
358246,00-99,,JP,jcb,credit
358247,00-99,,JP,jcb,credit
358248,00-99,,JP,jcb,credit
358249,00-99,,JP,jcb,credit
358250,00-99,,JP,jcb,credit
358251,00-99,,JP,jcb,credit
358252,00-99,,JP,jcb,credit
358253,00-99,,JP,jcb,credit
358254,00-99,,JP,jcb,credit
358255,00-99,,JP,jcb,credit
358256,00-99,,JP,jcb,credit
358257,00-99,,JP,jcb,credit
358258,00-99,,JP,jcb,credit
358259,00-99,,JP,jcb,credit
358260,00-99,,JP,jcb,credit
358261,00-99,,JP,jcb,credit
358262,00-99,,JP,jcb,credit
358263,00-99,,JP,jcb,credit
358264,00-99,,JP,jcb,credit
358265,00-99,,JP,jcb,credit
358266,00-99,,JP,jcb,credit
358267,00-99,,JP,jcb,credit
358268,00-99,,JP,jcb,credit
358269,00-99,,JP,jcb,credit
358270,00-99,APLUS,JP,jcb,credit
358271,00-99,,JP,jcb,credit
358272,00-99,,JP,jcb,credit
358273,00-99,DSP,JP,jcb,credit
358274,00-99,APURASU,JP,jcb,credit
358275,00-99,,JP,jcb,credit
358276,00-99,,JP,jcb,credit
358277,00-99,APLUS (INCLUDING TSUTAYA AND NAMBA CITY),JP,jcb,credit
358278,00-99,,JP,jcb,credit
358279,00-99,,JP,jcb,credit
358280,00-99,,JP,jcb,credit
358281,00-99,,JP,jcb,credit
358282,00-99,,JP,jcb,credit
358283,00-99,,JP,jcb,credit
358284,00-99,,JP,jcb,credit
358285,00-99,,JP,jcb,credit
358286,00-99,,JP,jcb,credit
358287,00-99,,JP,jcb,credit
358288,00-99,,JP,jcb,credit
358289,00-99,,JP,jcb,credit
358290,00-99,GE,JP,jcb,credit
358291,00-99,,JP,jcb,credit
358292,00-99,,JP,jcb,credit
358293,00-99,,JP,jcb,credit
358294,00-99,,JP,jcb,credit
358295,00-99,,JP,jcb,credit
358296,00-99,,JP,jcb,credit
358297,00-99,,JP,jcb,credit
358298,00-99,GE,JP,jcb,credit
358299,00-99,GE,JP,jcb,credit
358300,00-99,,JP,jcb,credit
358301,00-99,,JP,jcb,credit
358302,00-99,,JP,jcb,credit
358303,00-99,,JP,jcb,credit
358304,00-99,,JP,jcb,credit
358305,00-99,MENTERO-ZA ORICO,JP,jcb,credit
358306,00-99,,JP,jcb,credit
358307,00-99,,JP,jcb,credit
358308,00-99,,JP,jcb,credit
358309,00-99,DAISHI BANK,JP,jcb,credit
358310,00-99,,JP,jcb,credit
358311,00-99,,JP,jcb,credit
358312,00-99,,JP,jcb,credit
358313,00-99,,JP,jcb,credit
358314,00-99,,JP,jcb,credit
358315,00-99,,JP,jcb,credit
358316,00-99,,JP,jcb,credit
358317,00-99,,JP,jcb,credit
358318,00-99,,JP,jcb,credit
358319,00-99,,JP,jcb,credit
358320,00-99,,JP,jcb,credit
358321,00-99,,JP,jcb,credit
358322,00-99,,JP,jcb,credit
358323,00-99,,JP,jcb,credit
358324,00-99,,JP,jcb,credit
358325,00-99,,JP,jcb,credit
358326,00-99,,JP,jcb,credit
358327,00-99,,JP,jcb,credit
358328,00-99,,JP,jcb,credit
358329,00-99,,JP,jcb,credit
358330,00-99,,JP,jcb,credit
358331,00-99,,JP,jcb,credit
358332,00-99,,JP,jcb,credit
358333,00-99,,JP,jcb,credit
358334,00-99,,JP,jcb,credit
358335,00-99,,JP,jcb,credit
358336,00-99,,JP,jcb,credit
358337,00-99,,JP,jcb,credit
358338,00-99,,JP,jcb,credit
358339,00-99,,JP,jcb,credit
358340,00-99,,JP,jcb,credit
358341,00-99,,JP,jcb,credit
358342,00-99,,JP,jcb,credit
358343,00-99,,JP,jcb,credit
358344,00-99,,JP,jcb,credit
358345,00-99,,JP,jcb,credit
358346,00-99,,JP,jcb,credit
358347,00-99,,JP,jcb,credit
358348,00-99,,JP,jcb,credit
358349,00-99,,JP,jcb,credit
358350,00-99,,JP,jcb,credit
358351,00-99,,JP,jcb,credit
358352,00-99,,JP,jcb,credit
358353,00-99,,JP,jcb,credit
358354,00-99,,JP,jcb,credit
358355,00-99,,JP,jcb,credit
358356,00-99,,JP,jcb,credit
358357,00-99,,JP,jcb,credit
358358,00-99,,JP,jcb,credit
358359,00-99,,JP,jcb,credit
358360,00-99,,JP,jcb,credit
358361,00-99,,JP,jcb,credit
358362,00-99,,JP,jcb,credit
358363,00-99,,JP,jcb,credit
358364,00-99,,JP,jcb,credit
358365,00-99,,JP,jcb,credit
358366,00-99,,JP,jcb,credit
358367,00-99,,JP,jcb,credit
358368,00-99,,JP,jcb,credit
358369,00-99,,JP,jcb,credit
358370,00-99,JCB INTERNATIONAL CREDIT CARD CO.,JP,jcb,credit
358371,00-99,,JP,jcb,credit
358372,00-99,,JP,jcb,credit
358373,00-99,,JP,jcb,credit
358374,00-99,,JP,jcb,credit
358375,00-99,,JP,jcb,credit
358376,00-99,,JP,jcb,credit
358377,00-99,,JP,jcb,credit
358378,00-99,,JP,jcb,credit
358379,00-99,,JP,jcb,credit
358380,00-99,,JP,jcb,credit
358381,00-99,,JP,jcb,credit
358382,00-99,,JP,jcb,credit
358383,00-99,,JP,jcb,credit
358384,00-99,,JP,jcb,credit
358385,00-99,,JP,jcb,credit
358386,00-99,,JP,jcb,credit
358387,00-99,,JP,jcb,credit
358388,00-99,,JP,jcb,credit
358389,00-99,,JP,jcb,credit
358390,00-99,,JP,jcb,credit
358391,00-99,,JP,jcb,credit
358392,00-99,,JP,jcb,credit
358393,00-99,,JP,jcb,credit
358394,00-99,,JP,jcb,credit
358395,00-99,,JP,jcb,credit
358396,00-99,,JP,jcb,credit
358397,00-99,,JP,jcb,credit
358398,00-99,,JP,jcb,credit
358399,00-99,,JP,jcb,credit
358400,00-99,,JP,jcb,credit
358401,00-99,,JP,jcb,credit
358402,00-99,,JP,jcb,credit
358403,00-99,KC,JP,jcb,credit
358404,00-99,,JP,jcb,credit
358405,00-99,,JP,jcb,credit
358406,00-99,,JP,jcb,credit
358407,00-99,,JP,jcb,credit
358408,00-99,,JP,jcb,credit
358409,00-99,,JP,jcb,credit
358410,00-99,AEON CREDIT SERVICE CO. LTD.,JP,jcb,credit
358411,00-99,AEON CREDIT SERVICE CO. LTD.,JP,jcb,credit
358412,00-99,,JP,jcb,credit
358413,00-99,AEON CREDIT SERVICE CO. LTD.,JP,jcb,credit
358414,00-99,AEON,JP,jcb,credit
358415,00-99,,JP,jcb,credit
358416,00-99,,JP,jcb,credit
358417,00-99,,JP,jcb,credit
358418,00-99,,JP,jcb,credit
358419,00-99,AEON CREDIT SERVICE CO. LTD.,JP,jcb,credit
358420,00-99,,JP,jcb,credit
358421,00-99,,JP,jcb,credit
358422,00-99,,JP,jcb,credit
358423,00-99,,JP,jcb,credit
358424,00-99,,JP,jcb,credit
358425,00-99,,JP,jcb,credit
358426,00-99,,JP,jcb,credit
358427,00-99,,JP,jcb,credit
358428,00-99,,JP,jcb,credit
358429,00-99,,JP,jcb,credit
358430,00-99,,JP,jcb,credit
358431,00-99,,JP,jcb,credit
358432,00-99,,JP,jcb,credit
358433,00-99,,JP,jcb,credit
358434,00-99,,JP,jcb,credit
358435,00-99,,JP,jcb,credit
358436,00-99,,JP,jcb,credit
358437,00-99,,JP,jcb,credit
358438,00-99,,JP,jcb,credit
358439,00-99,,JP,jcb,credit
358440,00-99,,JP,jcb,credit
358441,00-99,MUFG,JP,jcb,credit
358442,00-99,,JP,jcb,credit
358443,00-99,,JP,jcb,credit
358444,00-99,,JP,jcb,credit
358445,00-99,,JP,jcb,credit
358446,00-99,,JP,jcb,credit
358447,00-99,,JP,jcb,credit
358448,00-99,,JP,jcb,credit
358449,00-99,,JP,jcb,credit
358450,00-99,,JP,jcb,credit
358451,00-99,,JP,jcb,credit
358452,00-99,,JP,jcb,credit
358453,00-99,,JP,jcb,credit
358454,00-99,,JP,jcb,credit
358455,00-99,,JP,jcb,credit
358456,00-99,,JP,jcb,credit
358457,00-99,,JP,jcb,credit
358458,00-99,,JP,jcb,credit
358459,00-99,,JP,jcb,credit
358460,00-99,,JP,jcb,credit
358461,00-99,,JP,jcb,credit
358462,00-99,,JP,jcb,credit
358463,00-99,,JP,jcb,credit
358464,00-99,,JP,jcb,credit
358465,00-99,,JP,jcb,credit
358466,00-99,,JP,jcb,credit
358467,00-99,,JP,jcb,credit
358468,00-99,,JP,jcb,credit
358469,00-99,,JP,jcb,credit
358470,00-99,,JP,jcb,credit
358471,00-99,,JP,jcb,credit
358472,00-99,,JP,jcb,credit
358473,00-99,,JP,jcb,credit
358474,00-99,,JP,jcb,credit
358475,00-99,,JP,jcb,credit
358476,00-99,CITIX,JP,jcb,credit
358477,00-99,,JP,jcb,credit
358478,00-99,,JP,jcb,credit
358479,00-99,,JP,jcb,credit
358480,00-99,,JP,jcb,credit
358481,00-99,PANASONIC,JP,jcb,credit
358482,00-99,,JP,jcb,credit
358483,00-99,,JP,jcb,credit
358484,00-99,,JP,jcb,credit
358485,00-99,,JP,jcb,credit
358486,00-99,,JP,jcb,credit
358487,00-99,,JP,jcb,credit
358488,00-99,PANASONIC,JP,jcb,credit
358489,00-99,,JP,jcb,credit
358490,00-99,TAKASHIMAYA,JP,jcb,credit
358491,00-99,,JP,jcb,credit
358492,00-99,,JP,jcb,credit
358493,00-99,,JP,jcb,credit
358494,00-99,,JP,jcb,credit
358495,00-99,,JP,jcb,credit
358496,00-99,,JP,jcb,credit
358497,00-99,,JP,jcb,credit
358498,00-99,,JP,jcb,credit
358499,00-99,,JP,jcb,credit
358500,00-99,,JP,jcb,credit
358501,00-99,,JP,jcb,credit
358502,00-99,,JP,jcb,credit
358503,00-99,,JP,jcb,credit
358504,00-99,,JP,jcb,credit
358505,00-99,,JP,jcb,credit
358506,00-99,,JP,jcb,credit
358507,00-99,,JP,jcb,credit
358508,00-99,,JP,jcb,credit
358509,00-99,,JP,jcb,credit
358510,00-99,,JP,jcb,credit
358511,00-99,,JP,jcb,credit
358512,00-99,,JP,jcb,credit
358513,00-99,,JP,jcb,credit
358514,00-99,,JP,jcb,credit
358515,00-99,,JP,jcb,credit
358516,00-99,,JP,jcb,credit
358517,00-99,,JP,jcb,credit
358518,00-99,,JP,jcb,credit
358519,00-99,,JP,jcb,credit
358520,00-99,,JP,jcb,credit
358521,00-99,,JP,jcb,credit
358522,00-99,,JP,jcb,credit
358523,00-99,,JP,jcb,credit
358524,00-99,,JP,jcb,credit
358525,00-99,,JP,jcb,credit
358526,00-99,,JP,jcb,credit
358527,00-99,,JP,jcb,credit
358528,00-99,,JP,jcb,credit
358529,00-99,,JP,jcb,credit
358530,00-99,,JP,jcb,credit
358531,00-99,,JP,jcb,credit
358532,00-99,,JP,jcb,credit
358533,00-99,,JP,jcb,credit
358534,00-99,,JP,jcb,credit
358535,00-99,,JP,jcb,credit
358536,00-99,,JP,jcb,credit
358537,00-99,,JP,jcb,credit
358538,00-99,,JP,jcb,credit
358539,00-99,,JP,jcb,credit
358540,00-99,,JP,jcb,credit
358541,00-99,,JP,jcb,credit
358542,00-99,,JP,jcb,credit
358543,00-99,,JP,jcb,credit
358544,00-99,,JP,jcb,credit
358545,00-99,,JP,jcb,credit
358546,00-99,,JP,jcb,credit
358547,00-99,,JP,jcb,credit
358548,00-99,,JP,jcb,credit
358549,00-99,,JP,jcb,credit
358550,00-99,,JP,jcb,credit
358551,00-99,,JP,jcb,credit
358552,00-99,,JP,jcb,credit
358553,00-99,,JP,jcb,credit
358554,00-99,,JP,jcb,credit
358555,00-99,,JP,jcb,credit
358556,00-99,,JP,jcb,credit
358557,00-99,,JP,jcb,credit
358558,00-99,,JP,jcb,credit
358559,00-99,,JP,jcb,credit
358560,00-99,,JP,jcb,credit
358561,00-99,,JP,jcb,credit
358562,00-99,,JP,jcb,credit
358563,00-99,,JP,jcb,credit
358564,00-99,,JP,jcb,credit
358565,00-99,,JP,jcb,credit
358566,00-99,,JP,jcb,credit
358567,00-99,,JP,jcb,credit
358568,00-99,,JP,jcb,credit
358569,00-99,,JP,jcb,credit
358570,00-99,,JP,jcb,credit
358571,00-99,,JP,jcb,credit
358572,00-99,,JP,jcb,credit
358573,00-99,,JP,jcb,credit
358574,00-99,,JP,jcb,credit
358575,00-99,,JP,jcb,credit
358576,00-99,,JP,jcb,credit
358577,00-99,,JP,jcb,credit
358578,00-99,,JP,jcb,credit
358579,00-99,,JP,jcb,credit
358580,00-99,,JP,jcb,credit
358581,00-99,,JP,jcb,credit
358582,00-99,,JP,jcb,credit
358583,00-99,,JP,jcb,credit
358584,00-99,,JP,jcb,credit
358585,00-99,,JP,jcb,credit
358586,00-99,,JP,jcb,credit
358587,00-99,,JP,jcb,credit
358588,00-99,,JP,jcb,credit
358589,00-99,,JP,jcb,credit
358590,00-99,,JP,jcb,credit
358591,00-99,,JP,jcb,credit
358592,00-99,,JP,jcb,credit
358593,00-99,,JP,jcb,credit
358594,00-99,,JP,jcb,credit
358595,00-99,,JP,jcb,credit
358596,00-99,,JP,jcb,credit
358597,00-99,,JP,jcb,credit
358598,00-99,,JP,jcb,credit
358599,00-99,,JP,jcb,credit
358600,00-99,,JP,jcb,credit
358601,00-99,,JP,jcb,credit
358602,00-99,,JP,jcb,credit
358603,00-99,,JP,jcb,credit
358604,00-99,,JP,jcb,credit
358605,00-99,,JP,jcb,credit
358606,00-99,,JP,jcb,credit
358607,00-99,,JP,jcb,credit
358608,00-99,,JP,jcb,credit
358609,00-99,,JP,jcb,credit
358610,00-99,,JP,jcb,credit
358611,00-99,,JP,jcb,credit
358612,00-99,,JP,jcb,credit
358613,00-99,,JP,jcb,credit
358614,00-99,,JP,jcb,credit
358615,00-99,,JP,jcb,credit
358616,00-99,,JP,jcb,credit
358617,00-99,,JP,jcb,credit
358618,00-99,,JP,jcb,credit
358619,00-99,,JP,jcb,credit
358620,00-99,NISSEN,JP,jcb,credit
358621,00-99,,JP,jcb,credit
358622,00-99,,JP,jcb,credit
358623,00-99,,JP,jcb,credit
358624,00-99,,JP,jcb,credit
358625,00-99,,JP,jcb,credit
358626,00-99,,JP,jcb,credit
358627,00-99,,JP,jcb,credit
358628,00-99,,JP,jcb,credit
358629,00-99,,JP,jcb,credit
358630,00-99,,JP,jcb,credit
358631,00-99,MUFG,JP,jcb,credit
358632,00-99,MUFG,JP,jcb,credit
358633,00-99,,JP,jcb,credit
358634,00-99,,JP,jcb,credit
358635,00-99,,JP,jcb,credit
358636,00-99,,JP,jcb,credit
358637,00-99,,JP,jcb,credit
358638,00-99,,JP,jcb,credit
358639,00-99,,JP,jcb,credit
358640,00-99,,JP,jcb,credit
358641,00-99,,JP,jcb,credit
358642,00-99,,JP,jcb,credit
358643,00-99,,JP,jcb,credit
358644,00-99,,JP,jcb,credit
358645,00-99,,JP,jcb,credit
358646,00-99,,JP,jcb,credit
358647,00-99,,JP,jcb,credit
358648,00-99,,JP,jcb,credit
358649,00-99,,JP,jcb,credit
358650,00-99,,JP,jcb,credit
358651,00-99,,JP,jcb,credit
358652,00-99,,JP,jcb,credit
358653,00-99,,JP,jcb,credit
358654,00-99,,JP,jcb,credit
358655,00-99,,JP,jcb,credit
358656,00-99,,JP,jcb,credit
358657,00-99,,JP,jcb,credit
358658,00-99,,JP,jcb,credit
358659,00-99,,JP,jcb,credit
358660,00-99,,JP,jcb,credit
358661,00-99,,JP,jcb,credit
358662,00-99,,JP,jcb,credit
358663,00-99,,JP,jcb,credit
358664,00-99,,JP,jcb,credit
358665,00-99,,JP,jcb,credit
358666,00-99,,JP,jcb,credit
358667,00-99,,JP,jcb,credit
358668,00-99,,JP,jcb,credit
358669,00-99,,JP,jcb,credit
358670,00-99,,JP,jcb,credit
358671,00-99,,JP,jcb,credit
358672,00-99,,JP,jcb,credit
358673,00-99,,JP,jcb,credit
358674,00-99,,JP,jcb,credit
358675,00-99,,JP,jcb,credit
358676,00-99,,JP,jcb,credit
358677,00-99,,JP,jcb,credit
358678,00-99,,JP,jcb,credit
358679,00-99,,JP,jcb,credit
358680,00-99,,JP,jcb,credit
358681,00-99,,JP,jcb,credit
358682,00-99,,JP,jcb,credit
358683,00-99,,JP,jcb,credit
358684,00-99,,JP,jcb,credit
358685,00-99,,JP,jcb,credit
358686,00-99,,JP,jcb,credit
358687,00-99,,JP,jcb,credit
358688,00-99,,JP,jcb,credit
358689,00-99,,JP,jcb,credit
358690,00-99,,JP,jcb,credit
358691,00-99,,JP,jcb,credit
358692,00-99,,JP,jcb,credit
358693,00-99,,JP,jcb,credit
358694,00-99,,JP,jcb,credit
358695,00-99,,JP,jcb,credit
358696,00-99,,JP,jcb,credit
358697,00-99,,JP,jcb,credit
358698,00-99,,JP,jcb,credit
358699,00-99,,JP,jcb,credit
358700,00-99,,JP,jcb,credit
358701,00-99,SC,JP,jcb,credit
358702,00-99,HOKUSEN,JP,jcb,credit
358703,00-99,BILL CREDIT SALES,JP,jcb,credit
358704,00-99,,JP,jcb,credit
358705,00-99,JCB INTERNATIONAL CREDIT CARD CO.,JP,jcb,credit
358706,00-99,JCB INTERNATIONAL CREDIT CARD CO.,JP,jcb,credit
358707,00-99,,JP,jcb,credit
358708,00-99,SHINSEI BANK,JP,jcb,credit
358709,00-99,,JP,jcb,credit
358710,00-99,,JP,jcb,credit
358711,00-99,JACC KANPO STYLE CLUB,JP,jcb,credit
358712,00-99,JACCS,JP,jcb,credit
358713,00-99,JACCS,JP,jcb,credit
358714,00-99,,JP,jcb,credit
358715,00-99,JACCS,JP,jcb,credit
358716,00-99,JACCS,JP,jcb,credit
358717,00-99,,JP,jcb,credit
358718,00-99,JACCS INTERNATIONAL,JP,jcb,credit
358719,00-99,,JP,jcb,credit
358720,00-99,,JP,jcb,credit
358721,00-99,,JP,jcb,credit
358722,00-99,,JP,jcb,credit
358723,00-99,,JP,jcb,credit
358724,00-99,,JP,jcb,credit
358725,00-99,,JP,jcb,credit
358726,00-99,,JP,jcb,credit
358727,00-99,,JP,jcb,credit
358728,00-99,,JP,jcb,credit
358729,00-99,,JP,jcb,credit
358730,00-99,,JP,jcb,credit
358731,00-99,,JP,jcb,credit
358732,00-99,,JP,jcb,credit
358733,00-99,,JP,jcb,credit
358734,00-99,,JP,jcb,credit
358735,00-99,,JP,jcb,credit
358736,00-99,,JP,jcb,credit
358737,00-99,,JP,jcb,credit
358738,00-99,,JP,jcb,credit
358739,00-99,,JP,jcb,credit
358740,00-99,,JP,jcb,credit
358741,00-99,JUPI,JP,jcb,credit
358742,00-99,UCS,JP,jcb,credit
358743,00-99,ZENNICHI SHINPAN,JP,jcb,credit
358744,00-99,YUME,JP,jcb,credit
358745,00-99,,JP,jcb,credit
358746,00-99,JKJK,JP,jcb,credit
358747,00-99,TOYOTA TS3,JP,jcb,credit
358748,00-99,,JP,jcb,credit
358749,00-99,,JP,jcb,credit
358750,00-99,OMC,JP,jcb,credit
358751,00-99,OMC,JP,jcb,credit
358752,00-99,,JP,jcb,credit
358753,00-99,,JP,jcb,credit
358754,00-99,,JP,jcb,credit
358755,00-99,,JP,jcb,credit
358756,00-99,,JP,jcb,credit
358757,00-99,,JP,jcb,credit
358758,00-99,,JP,jcb,credit
358759,00-99,OMC,JP,jcb,credit
358760,00-99,,JP,jcb,credit
358761,00-99,,JP,jcb,credit
358762,00-99,,JP,jcb,credit
358763,00-99,,JP,jcb,credit
358764,00-99,,JP,jcb,credit
358765,00-99,,JP,jcb,credit
358766,00-99,,JP,jcb,credit
358767,00-99,,JP,jcb,credit
358768,00-99,,JP,jcb,credit
358769,00-99,,JP,jcb,credit
358770,00-99,,JP,jcb,credit
358771,00-99,,JP,jcb,credit
358772,00-99,,JP,jcb,credit
358773,00-99,,JP,jcb,credit
358774,00-99,,JP,jcb,credit
358775,00-99,,JP,jcb,credit
358776,00-99,,JP,jcb,credit
358777,00-99,,JP,jcb,credit
358778,00-99,,JP,jcb,credit
358779,00-99,,JP,jcb,credit
358780,00-99,,JP,jcb,credit
358781,00-99,,JP,jcb,credit
358782,00-99,,JP,jcb,credit
358783,00-99,,JP,jcb,credit
358784,00-99,,JP,jcb,credit
358785,00-99,,JP,jcb,credit
358786,00-99,,JP,jcb,credit
358787,00-99,JAL CARD SUICA,JP,jcb,credit
358788,00-99,,JP,jcb,credit
358789,00-99,,JP,jcb,credit
358790,00-99,,JP,jcb,credit
358791,00-99,,JP,jcb,credit
358792,00-99,,JP,jcb,credit
358793,00-99,IZUMIYA,JP,jcb,credit
358794,00-99,JCB INTERNATIONAL CREDIT CARD CO.,JP,jcb,credit
358795,00-99,,JP,jcb,credit
358796,00-99,ONE P JCB FRI,JP,jcb,credit
358797,00-99,,JP,jcb,credit
358798,00-99,,JP,jcb,credit
358799,00-99,,JP,jcb,credit
358800,00-99,,JP,jcb,credit
358801,00-99,,JP,jcb,credit
358802,00-99,,JP,jcb,credit
358803,00-99,,JP,jcb,credit
358804,00-99,,JP,jcb,credit
358805,00-99,,JP,jcb,credit
358806,00-99,,JP,jcb,credit
358807,00-99,,JP,jcb,credit
358808,00-99,,JP,jcb,credit
358809,00-99,,JP,jcb,credit
358810,00-99,,JP,jcb,credit
358811,00-99,,JP,jcb,credit
358812,00-99,,JP,jcb,credit
358813,00-99,,JP,jcb,credit
358814,00-99,,JP,jcb,credit
358815,00-99,,JP,jcb,credit
358816,00-99,,JP,jcb,credit
358817,00-99,,JP,jcb,credit
358818,00-99,,JP,jcb,credit
358819,00-99,,JP,jcb,credit
358820,00-99,,JP,jcb,credit
358821,00-99,SHONAI BANK,JP,jcb,credit
358822,00-99,,JP,jcb,credit
358823,00-99,,JP,jcb,credit
358824,00-99,,JP,jcb,credit
358825,00-99,,JP,jcb,credit
358826,00-99,,JP,jcb,credit
358827,00-99,,JP,jcb,credit
358828,00-99,,JP,jcb,credit
358829,00-99,,JP,jcb,credit
358830,00-99,,JP,jcb,credit
358831,00-99,,JP,jcb,credit
358832,00-99,,JP,jcb,credit
358833,00-99,,JP,jcb,credit
358834,00-99,,JP,jcb,credit
358835,00-99,,JP,jcb,credit
358836,00-99,,JP,jcb,credit
358837,00-99,,JP,jcb,credit
358838,00-99,,JP,jcb,credit
358839,00-99,,JP,jcb,credit
358840,00-99,,JP,jcb,credit
358841,00-99,,JP,jcb,credit
358842,00-99,,JP,jcb,credit
358843,00-99,,JP,jcb,credit
358844,00-99,,JP,jcb,credit
358845,00-99,,JP,jcb,credit
358846,00-99,,JP,jcb,credit
358847,00-99,,JP,jcb,credit
358848,00-99,,JP,jcb,credit
358849,00-99,,JP,jcb,credit
358850,00-99,,JP,jcb,credit
358851,00-99,,JP,jcb,credit
358852,00-99,,JP,jcb,credit
358853,00-99,,JP,jcb,credit
358854,00-99,,JP,jcb,credit
358855,00-99,,JP,jcb,credit
358856,00-99,,JP,jcb,credit
358857,00-99,,JP,jcb,credit
358858,00-99,,JP,jcb,credit
358859,00-99,,JP,jcb,credit
358860,00-99,,JP,jcb,credit
358861,00-99,,JP,jcb,credit
358862,00-99,,JP,jcb,credit
358863,00-99,,JP,jcb,credit
358864,00-99,,JP,jcb,credit
358865,00-99,,JP,jcb,credit
358866,00-99,,JP,jcb,credit
358867,00-99,,JP,jcb,credit
358868,00-99,,JP,jcb,credit
358869,00-99,,JP,jcb,credit
358870,00-99,,JP,jcb,credit
358871,00-99,,JP,jcb,credit
358872,00-99,,JP,jcb,credit
358873,00-99,,JP,jcb,credit
358874,00-99,BC,JP,jcb,credit
358875,00-99,,JP,jcb,credit
358876,00-99,,JP,jcb,credit
358877,00-99,,JP,jcb,credit
358878,00-99,,JP,jcb,credit
358879,00-99,,JP,jcb,credit
358880,00-99,,JP,jcb,credit
358881,00-99,,JP,jcb,credit
358882,00-99,,JP,jcb,credit
358883,00-99,,JP,jcb,credit
358884,00-99,,JP,jcb,credit
358885,00-99,,JP,jcb,credit
358886,00-99,,JP,jcb,credit
358887,00-99,,JP,jcb,credit
358888,00-99,,JP,jcb,credit
358889,00-99,,JP,jcb,credit
358890,00-99,,JP,jcb,credit
358891,00-99,,JP,jcb,credit
358892,00-99,,JP,jcb,credit
358893,00-99,,JP,jcb,credit
358894,00-99,,JP,jcb,credit
358895,00-99,,JP,jcb,credit
358896,00-99,,JP,jcb,credit
358897,00-99,,JP,jcb,credit
358898,00-99,,JP,jcb,credit
358899,00-99,,JP,jcb,credit
358900,00-99,,JP,jcb,credit
358901,00-99,,JP,jcb,credit
358902,00-99,,JP,jcb,credit
358903,00-99,,JP,jcb,credit
358904,00-99,,JP,jcb,credit
358905,00-99,,JP,jcb,credit
358906,00-99,,JP,jcb,credit
358907,00-99,,JP,jcb,credit
358908,00-99,,JP,jcb,credit
358909,00-99,,JP,jcb,credit
358910,00-99,,JP,jcb,credit
358911,00-99,,JP,jcb,credit
358912,00-99,,JP,jcb,credit
358913,00-99,,JP,jcb,credit
358914,00-99,,JP,jcb,credit
358915,00-99,,JP,jcb,credit
358916,00-99,,JP,jcb,credit
358917,00-99,,JP,jcb,credit
358918,00-99,,JP,jcb,credit
358919,00-99,,JP,jcb,credit
358920,00-99,,JP,jcb,credit
358921,00-99,,JP,jcb,credit
358922,00-99,,JP,jcb,credit
358923,00-99,,JP,jcb,credit
358924,00-99,,JP,jcb,credit
358925,00-99,,JP,jcb,credit
358926,00-99,,JP,jcb,credit
358927,00-99,,JP,jcb,credit
358928,00-99,,JP,jcb,credit
358929,00-99,,JP,jcb,credit
358930,00-99,,JP,jcb,credit
358931,00-99,,JP,jcb,credit
358932,00-99,,JP,jcb,credit
358933,00-99,,JP,jcb,credit
358934,00-99,,JP,jcb,credit
358935,00-99,,JP,jcb,credit
358936,00-99,,JP,jcb,credit
358937,00-99,,JP,jcb,credit
358938,00-99,,JP,jcb,credit
358939,00-99,,JP,jcb,credit
358940,00-99,,JP,jcb,credit
358941,00-99,,JP,jcb,credit
358942,00-99,,JP,jcb,credit
358943,00-99,,JP,jcb,credit
358944,00-99,,JP,jcb,credit
358945,00-99,,JP,jcb,credit
358946,00-99,,JP,jcb,credit
358947,00-99,,JP,jcb,credit
358948,00-99,,JP,jcb,credit
358949,00-99,,JP,jcb,credit
358950,00-99,,JP,jcb,credit
358951,00-99,,JP,jcb,credit
358952,00-99,,JP,jcb,credit
358953,00-99,,JP,jcb,credit
358954,00-99,,JP,jcb,credit
358955,00-99,,JP,jcb,credit
358956,00-99,,JP,jcb,credit
358957,00-99,,JP,jcb,credit
358958,00-99,,JP,jcb,credit
358959,00-99,,JP,jcb,credit
358960,00-99,,JP,jcb,credit
358961,00-99,,JP,jcb,credit
358962,00-99,,JP,jcb,credit
358963,00-99,,JP,jcb,credit
358964,00-99,,JP,jcb,credit
358965,00-99,,JP,jcb,credit
358966,00-99,,JP,jcb,credit
358967,00-99,,JP,jcb,credit
358968,00-99,,JP,jcb,credit
358969,00-99,,JP,jcb,credit
358970,00-99,,JP,jcb,credit
358971,00-99,,JP,jcb,credit
358972,00-99,,JP,jcb,credit
358973,00-99,,JP,jcb,credit
358974,00-99,,JP,jcb,credit
358975,00-99,,JP,jcb,credit
358976,00-99,,JP,jcb,credit
358977,00-99,,JP,jcb,credit
358978,00-99,,JP,jcb,credit
358979,00-99,,JP,jcb,credit
358980,00-99,,JP,jcb,credit
358981,00-99,,JP,jcb,credit
358982,00-99,,JP,jcb,credit
358983,00-99,,JP,jcb,credit
358984,00-99,,JP,jcb,credit
358985,00-99,,JP,jcb,credit
358986,00-99,,JP,jcb,credit
358987,00-99,,JP,jcb,credit
358988,00-99,,JP,jcb,credit
358989,00-99,,JP,jcb,credit
358990,00-99,,JP,jcb,credit
358991,00-99,,JP,jcb,credit
358992,00-99,,JP,jcb,credit
358993,00-99,,JP,jcb,credit
358994,00-99,,JP,jcb,credit
358995,00-99,,JP,jcb,credit
358996,00-99,,JP,jcb,credit
358997,00-99,,JP,jcb,credit
358998,00-99,,JP,jcb,credit
358999,00-99,,JP,jcb,credit
359000,00-99,,JP,private label,debit
359010,00-99,,CN,private label,credit
359043,00-99,,DE,private label,debit
359050,00-99,,US,private label,debit
359059,00-99,,BR,private label,credit
359073,00-99,,BR,private label,debit
359089,00-99,,CO,private label,credit
359169,00-99,,ID,private label,credit
359204,00-99,,CN,private label,credit
359216,00-99,,CN,private label,credit
359225,00-99,,CN,private label,credit
359237,00-99,,CN,private label,credit
359256,00-99,,CO,private label,credit
359284,00-99,,CN,private label,credit
359293,00-99,,CN,private label,credit
359299,00-99,,UA,private label,credit
359348,00-99,,US,private label,debit
359372,00-99,,RU,private label,credit
359500,00-99,,CO,private label,credit
359501,00-99,,US,private label,credit
359503,00-99,,US,private label,credit
359507,00-99,,CN,private label,credit
359516,00-99,,CN,private label,credit
359583,00-99,,CN,private label,credit
359587,00-99,,US,private label,debit
359589,00-99,,CN,private label,credit
359595,00-99,,CN,private label,credit
359614,00-99,,BR,private label,debit
359663,00-99,,JP,private label,credit
359770,00-99,,BR,private label,credit
359772,00-99,,CN,private label,credit
359801,00-99,,CO,private label,credit
359854,00-99,,US,private label,credit
359883,00-99,,HU,private label,credit
359899,00-99,,HU,private label,credit
359900,00-99,,MX,private label,credit
359904,00-99,,CN,private label,credit
359914,00-99,,CN,private label,credit
359918,00-99,,CN,private label,credit
359951,00-99,,AR,private label,debit
359980,00-99,,IT,private label,credit
359984,00-99,,CN,private label,credit
359988,00-99,,CN,private label,credit
359996,00-99,,CN,private label,credit
359999,00-99,,MA,private label,credit
