BIN6,Ranges,Issuer,Country,Brand,Type
400000,00-99,INTL HDQTRS-CENTER OWNED,US,visa,credit
400001,00-99,INTL HDQTRS-CENTER OWNED,US,visa,credit
400002,00-99,RIVER VALLEY CREDIT UNION,US,visa,credit
400003,00-99,VISA U.S.A. INC.,US,visa,credit
400004,00-99,INTL HDQTRS-CENTER OWNED,US,visa,credit
400005,00-99,JONESTOWN BANK AND TRUST COMPANY OF JONESTOWN PENNSYLVANIA,US,visa,debit
400006,00-99,BANQUE SAH LO-SAH LIENNE POUR L'INVESTISSEMENT ET LE COMMERCE-B NIN,BJ,visa,debit
400007,00-99,INTL HDQTRS-CENTER OWNED,US,visa,credit
400008,00-99,INTL HDQTRS-CENTER OWNED,US,visa,credit
400009,00-99,UNIVERSITY FIRST FEDERAL CREDIT UNION,US,visa,credit
400010,00-99,CANYON VIEW FEDERAL CREDIT UNION,US,visa,credit
400011,00-99,CANYON VIEW FEDERAL CREDIT UNION,US,visa,credit
400012,00-99,UNITED CITIZENS BANK OF SOUTHERN KENTUCKY,US,visa,debit
400013,00-99,UNITED CITIZENS BANK OF SOUTHERN KENTUCKY,US,visa,debit
400014,00-99,Visa,US,visa,debit
400015,00-99,INTL HDQTRS-CENTER OWNED,US,visa,debit
400016,00-99,STATE BANK OF INDIA,IN,visa,debit
400017,00-99,STATE BANK OF INDIA,IN,visa,debit
400018,00-99,STATE BANK OF INDIA,IN,visa,debit
400019,00-99,STATE BANK OF INDIA,IN,visa,debit
400020,00-99,INTL HDQTRS-CENTER OWNED,US,visa,credit
400021,00-99,INTL HDQTRS-CENTER OWNED,US,visa,credit
400022,00-99,NAVY FEDERAL CREDIT UNION,US,visa,debit
400023,00-99,NAVY FEDERAL CREDIT UNION,US,visa,debit
400024,00-99,NEW HAMPSHIRE FEDERAL CREDIT UNION,US,visa,credit
400025,00-99,INTL HDQTRS-CENTER OWNED,US,visa,credit
400026,00-99,INTL HDQTRS-CENTER OWNED,US,visa,credit
400027,00-99,INTL HDQTRS-CENTER OWNED,US,visa,credit
400028,00-99,THE DONLEY COUNTY STATE BANK,US,visa,debit
400029,00-99,IOWA STATE BANK,US,visa,debit
400030,00-99,INTL HDQTRS-CENTER OWNED,US,visa,credit
400031,00-99,INTL HDQTRS-CENTER OWNED,US,visa,credit
400032,00-99,STATE BANK OF INDIA,IN,visa,debit
400033,00-99,STATE BANK OF INDIA,IN,visa,debit
400034,00-99,STATE BANK OF INDIA,IN,visa,debit
400035,00-99,STATE BANK OF INDIA,IN,visa,debit
400036,00-99,STATE BANK OF INDIA,IN,visa,debit
400037,00-99,STATE BANK OF INDIA,IN,visa,debit
400038,00-99,STATE BANK OF INDIA,IN,visa,debit
400039,00-99,INTL HDQTRS-CENTER OWNED,US,visa,credit
400040,00-99,STATE BANK OF INDIA,IN,visa,debit
400041,00-99,BBVA USA,US,visa,debit
400042,00-99,STATE BANK OF INDIA,IN,visa,debit
400043,00-99,STATE BANK OF INDIA,IN,visa,debit
400044,00-99,STATE BANK OF INDIA,IN,visa,debit
400045,00-99,STATE BANK OF INDIA,IN,visa,debit
400046,00-99,METROPOLITAN COMMERCIAL BANK,US,visa,debit
400047,00-99,NBKC BANK,US,visa,debit
400048,00-99,INTL HDQTRS-CENTER OWNED,US,visa,credit
400049,00-99,MISSION BANK,US,visa,debit
400050,00-99,INTL HDQTRS-CENTER OWNED,US,visa,credit
400051,00-99,INTL HDQTRS-CENTER OWNED,US,visa,credit
400052,00-99,IOWA STATE BANK,US,visa,debit
400053,00-99,INTL HDQTRS-CENTER OWNED,US,visa,credit
400054,00-99,NEWPORT FEDERAL BANK,US,visa,debit
400055,00-99,BLAZE CREDIT UNION,US,visa,credit
400056,00-99,INTL HDQTRS-CENTER OWNED,US,visa,credit
400057,00-99,PNC BANK NATIONAL ASSOCIATION,US,visa,debit
400058,00-99,INTL HDQTRS-CENTER OWNED,US,visa,credit
400059,00-99,GREATER NEVADA CREDIT UNION,US,visa,debit
400060,00-99,CELTIC BANK,US,visa,credit
400061,00-99,U.S. REGION,US,visa,credit
400062,00-99,DESCO FEDERAL CREDIT UNION,US,visa,credit
400063,00-99,THE BANK OF MISSOURI,US,visa,debit
400064,00-99,FARMERS BANK AND TRUST COMPANY,US,visa,debit
400065,00-99,Visa,US,visa,credit
400066,00-99,INTERCONTINENTAL BANK PLC,NG,visa,credit
400067,00-99,AL RAJHI BANKING AND INVESTMENT CORP.,SA,visa,credit
400068,00-99,BANCO UNO S.A.,HN,visa,debit
400069,00-99,Public Bank Berhad,MY,visa,credit
400070,00-99,Visa,US,visa,credit
400071,00-99,STATE BANK FOR FOREIGN ECONOMIC AFFAIRS OF TURKMENISTAN,TM,visa,debit
400072,00-99,Visa,US,visa,credit
400073,00-99,Bank Of China,CN,visa,credit
400074,00-99,Visa,US,visa,credit
400075,00-99,Visa,US,visa,credit
400076,00-99,ABSA BANK MAURITIUS LTD.,MU,visa,debit
400077,00-99,STANDARD BANK (MAURITIUS) LTD.,MU,visa,debit
400078,00-99,NOVAPAY LIMITED LIABILITY COMPANY,UA,visa,debit
400079,00-99,JSCB AK BARS (OJSC),RU,visa,credit
400080,00-99,RAIFFEISEN BANK SH.A.,AL,visa,credit
400081,00-99,Visa,US,visa,credit
400082,00-99,Visa,US,visa,credit
400083,00-99,,US,visa,credit
400084,00-99,WOODSBORO BANK,US,visa,credit
400085,00-99,,US,visa,credit
400086,00-99,WV NATIONAL GUARD FEDERAL CREDIT UNION,US,visa,credit
400087,00-99,INTL HDQTRS-CENTER OWNED,US,visa,credit
400088,00-99,,US,visa,credit
400089,00-99,,US,visa,credit
400090,00-99,DEPARTMENT OF COMMERCE FEDERAL CREDIT UNION,US,visa,credit
400091,00-99,,US,visa,credit
400092,00-99,,US,visa,credit
400093,00-99,DEPARTMENT OF COMMERCE FEDERAL CREDIT UNION,US,visa,credit
400094,00-99,STAR NETWORKS INC.,US,visa,credit
400095,00-99,DEPARTMENT OF COMMERCE FEDERAL CREDIT UNION,US,visa,credit
400096,00-99,FIRST SERVICE CREDIT UNION,US,visa,credit
400097,00-99,,US,visa,credit
400098,00-99,APNA SAHAKARI BANK,IN,visa,credit
400099,00-99,,US,visa,credit
400100,00-99,SRP FEDERAL CREDIT UNION,US,visa,credit
400101,00-99,COMMERCIAL BANK OF CALIFORNIA,US,visa,debit
400102,00-99,BANCO DO BRASIL S.A.,BR,visa,debit
400103,00-99,BANCO HIPOTECARIO S.A.,AR,visa,credit
400104,00-99,BANCO HIPOTECARIO S.A.,AR,visa,credit
400105,00-99,TEXAS BANK AND TRUST COMPANY,US,visa,debit
400106,00-99,BANCO DO BRASIL S.A.,BR,visa,credit
400107,00-99,BANCO DO BRASIL S.A.,BR,visa,credit
400108,00-99,,US,visa,credit
400109,00-99,HATTON NATIONAL BANK PLC,LK,visa,debit
400110,00-99,FIFTH THIRD BANK,US,visa,credit
400111,00-99,TIB NATIONAL ASSOCIATION,US,visa,credit
400112,00-99,MASHREQBANK,EG,visa,credit
400113,00-99,THE PAULS VALLEY NATIONAL BANK,US,visa,debit
400114,00-99,MVB BANK INC,US,visa,debit
400115,00-99,ORIENT CORPORATION,JP,visa,debit
400116,00-99,CELTIC BANK,US,visa,credit
400117,00-99,,US,visa,credit
400118,00-99,MVB BANK INC,US,visa,debit
400119,00-99,,US,visa,debit
400120,00-99,BANK OF THE JAMES,US,visa,credit
400121,00-99,,IE,visa,debit
400122,00-99,THE HOME TRUST & SAVINGS BANK,US,visa,debit
400123,00-99,PNC BANK NATIONAL ASSOCIATION,US,visa,debit
400124,00-99,WOORI BANK,KR,visa,credit
400125,00-99,CITIZENS' BANK & TRUST CO.,US,visa,credit
400126,00-99,CHINA BANKING CORPORATION,PH,visa,debit
400127,00-99,TBBK CARD SERVICES INC.,US,visa,debit
400128,00-99,FEDERATION DES CAISSES DESJARDINS DU QUEBEC,CA,visa,credit
400129,00-99,TOWN & COUNTRY BANK,US,visa,credit
400130,00-99,MASCOMA BANK,US,visa,credit
400131,00-99,BANKINTER S.A.,PT,visa,debit
400132,00-99,HYPO ALPE-ADRIA-BANK JSC,BA,visa,credit
400133,00-99,AL-JANOOB ISLAMIC BANK FOR INVESTMENT AND FINANCING,IQ,visa,debit
400134,00-99,,US,visa,credit
400135,00-99,PLUS SYSTEM INC.,US,visa,credit
400136,00-99,BANCO DO BRASIL S.A.,BR,visa,debit
400137,00-99,KNOXVILLE TVA EMPLOYEES CREDIT UNION,US,visa,credit
400138,00-99,NATIXIS ALGERIE,DZ,visa,debit
400139,00-99,VISA EUROPE LTD.,GB,visa,credit
400140,00-99,TABLE ROCK COMMUNITY BANK,US,visa,debit
400141,00-99,CESKA SPORITELNA A.S (CZECH SAVINGS BANK),CZ,visa,credit
400142,00-99,SONY BANK INCORPORATED,JP,visa,debit
400143,00-99,ITS INC.,US,visa,credit
400144,00-99,,US,visa,credit
400145,00-99,THE DONLEY COUNTY STATE BANK,US,visa,debit
400146,00-99,TD BANK NATIONAL ASSOCIATION,US,visa,debit
400147,00-99,CASEBINE COMMUNITY CREDIT UNION,US,visa,credit
400148,00-99,NATIXIS ALGERIE,DZ,visa,debit
400149,00-99,GCB BANK PLC,GH,visa,debit
400150,00-99,,DZ,visa,debit
400151,00-99,WELLS FARGO BANK NATIONAL ASSOCIATION,US,visa,credit
400152,00-99,,JO,visa,credit
400153,00-99,CAIXA GERAL DE DEPOSITOS S.A.,PT,visa,credit
400154,00-99,ABSA BANK LTD.,ZA,visa,credit
400155,00-99,COMMERCIAL BANK OF KUWAIT S.A.K.,KW,visa,credit
400156,00-99,COMMERCIAL BANK OF KUWAIT S.A.K.,KW,visa,credit
400157,00-99,CORE BANK,US,visa,debit
400158,00-99,THE SOUTHERN CREDIT UNION,US,visa,debit
400159,00-99,ISRACARD LTD.,IL,visa,credit
400160,00-99,EVOCABANK CJSC,AM,visa,credit
400161,00-99,,US,visa,credit
400162,00-99,BANCO DO BRASIL S.A.,BR,visa,debit
400163,00-99,BANCO DO BRASIL,BR,visa,debit
400164,00-99,SRP FEDERAL CREDIT UNION,US,visa,credit
400165,00-99,SRP FEDERAL CREDIT UNION,US,visa,credit
400166,00-99,CORE CREDIT UNION,US,visa,debit
400167,00-99,REPUBLIC BANK & TRUST COMPANY,US,visa,debit
400168,00-99,BANCO DO BRASIL S.A.,BR,visa,debit
400169,00-99,NEW HORIZONS CREDIT UNION,US,visa,credit
400170,00-99,BANCO DO BRASIL S.A.,BR,visa,debit
400171,00-99,CSB NATIONAL RESERVE BANK,RU,visa,debit
400172,00-99,CITIZENS' BANK & TRUST CO.,US,visa,credit
400173,00-99,WELLS FARGO BANK NATIONAL ASSOCIATION,US,visa,credit
400174,00-99,BANCO DO BRASIL S.A.,BR,visa,debit
400175,00-99,CELTIC BANK,US,visa,credit
400176,00-99,BANCO DO BRASIL S.A.,BR,visa,debit
400177,00-99,ELGA CREDIT UNION,US,visa,debit
400178,00-99,BANCO DO BRASIL,BR,visa,debit
400179,00-99,TCM BANK NATIONAL ASSOCIATION,US,visa,credit
400180,00-99,COMMUNITY STATE BANK,US,visa,debit
400181,00-99,HERITAGE SOUTH CREDIT UNION,US,visa,credit
400182,00-99,BANCO DO BRASIL S.A.,BR,visa,debit
400183,00-99,GREAT RIVER FEDERAL CREDIT UNION,US,visa,debit
400184,00-99,BANCO DO BRASIL S.A.,BR,visa,debit
400185,00-99,BANCO DO BRASIL S.A.,BR,visa,debit
400186,00-99,THE PAULS VALLEY NATIONAL BANK,US,visa,debit
400187,00-99,ASPEN FEDERAL CREDIT UNION,US,visa,debit
400188,00-99,LUFTHANSA AIRPLUS SERVICEKARTEN GMBH,DE,visa,credit
400189,00-99,MVB BANK INC,US,visa,debit
400190,00-99,BANCO SANTANDER TOTTA S.A.,PT,visa,credit
400191,00-99,BANCO DO BRASIL S.A.,BR,visa,debit
400192,00-99,RESURS BANK AB,NO,visa,debit
400193,00-99,BANCO MULTIPLE CARIBE INTERNACIONAL S.A.,DO,visa,credit
400194,00-99,BANCO MULTIPLE CARIBE INTERNACIONAL S.A.,DO,visa,credit
400195,00-99,BANCO AZTECA S.A. INSTITUCION DE BANCA MULTIPLE,MX,visa,debit
400196,00-99,CCB BRASIL,BR,visa,debit
400197,00-99,JESSOP COMMUNITY FEDERAL CREDIT UNION,US,visa,debit
400198,00-99,BANCO INDUSTRIAL S.A.,GT,visa,debit
400199,00-99,BANCO DO BRASIL S.A.,BR,visa,debit
400200,00-99,,BR,visa,credit
400201,00-99,YUANTA COMMERCIAL BANK CO. LTD.,TW,visa,credit
400202,00-99,JHA PAYMENT PROCESSING SOLUTIONS,US,visa,credit
400203,00-99,THE TORONTO-DOMINION BANK - MBNA,CA,visa,credit
400204,00-99,THE TORONTO-DOMINION BANK - MBNA,CA,visa,credit
400205,00-99,WELLS FARGO BANK NATIONAL ASSOCIATION,US,visa,credit
400206,00-99,HUDSON VALLEY CREDIT UNION,US,visa,debit
400207,00-99,,US,visa,credit
400208,00-99,FIRST ABU DHABI BANK PJSC,BH,visa,debit
400209,00-99,HOMESTEAD BANK,US,visa,debit
400210,00-99,PALMETTO CITIZENS FEDERAL CREDIT UNION,US,visa,credit
400211,00-99,YUANTA COMMERCIAL BANK CO. LTD.,TW,visa,credit
400212,00-99,BANK OF CHINA LTD.,CN,visa,debit
400213,00-99,HONG KONG AND SHANGHAI BANKING CORP. LTD.,BN,visa,credit
400214,00-99,HONG KONG AND SHANGHAI BANKING CORP. LTD.,BN,visa,credit
400215,00-99,BANK MUAMALAT MALAYSIA BERHAD,MY,visa,credit
400216,00-99,DNB BANK ASA,NO,visa,debit
400217,00-99,CREDICARD,BR,visa,credit
400218,00-99,BEACON CREDIT UNION,US,visa,debit
400219,00-99,PT BANK KEB HANA INDONESIA,ID,visa,debit
400220,00-99,WELLS FARGO BANK NATIONAL ASSOCIATION,US,visa,credit
400221,00-99,BANK OF CHINA LTD.,CN,visa,debit
400222,00-99,MADURO & CURIELS BANK N.V.,AW,visa,credit
400223,00-99,BC CARD COMPANY LTD.,KR,visa,credit
400224,00-99,,US,visa,credit
400225,00-99,ITAU UNIBANCO HOLDING S.A.,BR,visa,credit
400226,00-99,BLACKHAWK COMMUNITY CREDIT UNION,US,visa,debit
400227,00-99,MBANK S.A.,PL,visa,debit
400228,00-99,MBANK S.A.,PL,visa,debit
400229,00-99,CAPITAL ONE NATIONAL ASSOCIATION,US,visa,credit
400230,00-99,,AU,visa,credit
400231,00-99,NBKC BANK,US,visa,debit
400232,00-99,COMMERCE BANCSHARES INC.,US,visa,debit
400233,00-99,,US,visa,credit
400234,00-99,FINANCEIRA ITAU CBD S.A. CREDITO FINANCIAMENTO E INVESTIMENTO,BR,visa,credit
400235,00-99,ITAU UNIBANCO HOLDING S.A.,BR,visa,credit
400236,00-99,MERITRUST FEDERAL CREDIT UNION,US,visa,credit
400237,00-99,NEIGHBORHOOD CREDIT UNION,US,visa,credit
400238,00-99,ITAU UNIBANCO HOLDING S.A.,BR,visa,credit
400239,00-99,MVB BANK INC,US,visa,debit
400240,00-99,,AE,visa,credit
400241,00-99,GRASSLANDS FEDERAL CREDIT UNION,US,visa,debit
400242,00-99,COLUMN N.A.,US,visa,credit
400243,00-99,NEIGHBORHOOD CREDIT UNION,US,visa,credit
400244,00-99,JSCB TRANSSTROIBANK,RU,visa,debit
400245,00-99,MERITRUST FEDERAL CREDIT UNION,US,visa,debit
400246,00-99,BANK GABORONE LTD.,BW,visa,debit
400247,00-99,ITAU,BR,visa,credit
400248,00-99,CREDICARD S.A. ADMINISTRADORA DE CARTOESDE CREDITO,BR,visa,credit
400249,00-99,FAYETTE FEDERAL EMPLOYEES FEDERAL CREDIT UNION,US,visa,debit
400250,00-99,,US,visa,credit
400251,00-99,I-C FEDERAL CREDIT UNION,US,visa,credit
400252,00-99,CREDICARD,BR,visa,credit
400253,00-99,ITAU UNIBANCO HOLDING S.A.,BR,visa,credit
400254,00-99,ITAU UNIBANCO HOLDING S.A.,BR,visa,credit
400255,00-99,FIRE FIGHTERS CREDIT UNION,US,visa,debit
400256,00-99,MBANK S.A.,PL,visa,debit
400257,00-99,WRIGHT-PATT CREDIT UNION INC.,US,visa,credit
400258,00-99,THE BANK OF NOVA SCOTIA,DO,visa,credit
400259,00-99,MTB MAGYAR TAKAREKSZOVETKEZETI BANK ZRT,HU,visa,credit
400260,00-99,MBH BANK NYRT,HU,visa,debit
400261,00-99,UENO BANK S.A.,PY,visa,credit
400262,00-99,PACE RESOURCES FEDERAL CREDIT UNION,US,visa,debit
400263,00-99,OAKSTAR BANK,US,visa,credit
400264,00-99,WISCONSIN RIVER BANK,US,visa,debit
400265,00-99,NEW HORIZONS CREDIT UNION,US,visa,debit
400266,00-99,COLUMBIA COMMUNITY CREDIT UNION,US,visa,debit
400267,00-99,THE BANK OF NOVA SCOTIA,DO,visa,credit
400268,00-99,ITAU UNIBANCO HOLDING S.A.,BR,visa,credit
400269,00-99,BRIGHTVIEW FEDERAL CREDIT UNION,US,visa,debit
400270,00-99,,JP,visa,credit
400271,00-99,RHB BANK BERHAD,MY,visa,debit
400272,00-99,COMMERZBANK AG,DE,visa,credit
400273,00-99,BANK OF PALESTINE PLC,PS,visa,debit
400274,00-99,ARAB BANK PLC,JO,visa,debit
400275,00-99,BANK OF AMERICA - COMMERCIAL CREDIT,US,visa,credit
400276,00-99,BANCO COMAFI S.A.,AR,visa,debit
400277,00-99,LANDKREDITT BANK AS,NO,visa,debit
400278,00-99,WELLS FARGO BANK NATIONAL ASSOCIATION,US,visa,credit
400279,00-99,THE FIRST STATE BANK,US,visa,debit
400280,00-99,BAXTER CREDIT UNION,US,visa,credit
400281,00-99,COMMUNITY WEST BANK,US,visa,credit
400282,00-99,MYZOI FINANCIAL INCLUSION TECHNOLOGIES L.L.C.,AE,visa,debit
400283,00-99,CLEARWATER FEDERAL CREDIT UNION,US,visa,debit
400284,00-99,LOCAL BANK,US,visa,debit
400285,00-99,PINAL COUNTY FEDERAL CREDIT UNION,US,visa,credit
400286,00-99,,AE,visa,credit
400287,00-99,OLD WEST FEDERAL CREDIT UNION,US,visa,debit
400288,00-99,NORDEA BANK ABP,NO,visa,debit
400289,00-99,FREEDOM BANK KAZAKHSTAN JSC,KZ,visa,debit
400290,00-99,SANTANDER BANK POLSKA S.A.,PL,visa,credit
400291,00-99,FIRST ABU DHABI BANK PJSC,AE,visa,credit
400292,00-99,BANK OF CHINA LTD.,CN,visa,debit
400293,00-99,BANKINTER S.A.,ES,visa,credit
400294,00-99,THE NORTH SALEM STATE BANK,US,visa,debit
400295,00-99,GEORGIA HERITAGE FEDERAL CREDIT UNION,US,visa,credit
400296,00-99,FIRST GUARANTY BANK,US,visa,debit
400297,00-99,CLEARWATER FEDERAL CREDIT UNION,US,visa,debit
400298,00-99,YAMPA VALLEY BANK,US,visa,debit
400299,00-99,WELLS FARGO BANK NATIONAL ASSOCIATION,US,visa,credit
400300,00-99,GLOBAL PAYMENTS INC.,US,visa,credit
400301,00-99,BANK GABORONE LTD.,BW,visa,credit
400302,00-99,RAIFFEISENBANK AUSTRIA,AT,visa,credit
400303,00-99,JSC HALYK BANK OF KAZAKHSTAN,KZ,visa,debit
400304,00-99,JOHNSON BANK,US,visa,credit
400305,00-99,NICOLET NATIONAL BANK,US,visa,debit
400306,00-99,THE KARUR VYSYA BANK LTD.,IN,visa,credit
400307,00-99,FREEDOM BANK KAZAKHSTAN JSC,KZ,visa,debit
400308,00-99,THE BANK OF NOVA SCOTIA,DO,visa,credit
400309,00-99,THE BANK OF NOVA SCOTIA,DO,visa,credit
400310,00-99,BANCO DE CREDITO DEL PERU,PE,visa,credit
400311,00-99,INTESA SANPAOLO S.P.A.,IT,visa,credit
400312,00-99,INTESA SANPAOLO S.P.A.,IT,visa,credit
400313,00-99,MVB BANK INC,US,visa,debit
400314,00-99,INNOVATIONS FINANCIAL CREDIT UNION,US,visa,credit
400315,00-99,INNOVATIONS FINANCIAL CREDIT UNION,US,visa,credit
400316,00-99,WALLESTER AS,EE,visa,debit
400317,00-99,CREDIT AGRICOLE CARIPARMA S.P.A.,IT,visa,credit
400318,00-99,CREDITO EMILIANO,IT,visa,debit
400319,00-99,RAIFFEISEN BANK ZRT.,HU,visa,debit
400320,00-99,INTESA SANPAOLO S.P.A.,IT,visa,debit
400321,00-99,INTESA SANPAOLO S.P.A.,IT,visa,debit
400322,00-99,RAIFFEISEN BANK ZRT.,HU,visa,debit
400323,00-99,CASSA DI RISPARMIO DI ORVIETO S.P.A.,IT,visa,debit
400324,00-99,RAIFFEISEN BANK ZRT.,HU,visa,debit
400325,00-99,BIBANCA S.P.A.,IT,visa,debit
400326,00-99,THE CHIBA BANK LTD,JP,visa,debit
400327,00-99,GENOA COMMUNITY BANK,US,visa,debit
400328,00-99,HOUSTON TEXAS FIRE FIGHTERS FEDERAL CREDIT UNION,US,visa,credit
400329,00-99,RAIFFEISEN BANK ZRT.,HU,visa,credit
400330,00-99,BIBANCA S.P.A.,IT,visa,debit
400331,00-99,INTESA SANPAOLO S.P.A.,IT,visa,debit
400332,00-99,INTESA SANPAOLO S.P.A.,IT,visa,debit
400333,00-99,SUTTON BANK,US,visa,debit
400334,00-99,INTESA SANPAOLO S.P.A.,IT,visa,debit
400335,00-99,INTESA SANPAOLO S.P.A.,IT,visa,debit
400336,00-99,CONTECNICA S.A.,GT,visa,credit
400337,00-99,BANK OF AMERICA - COMMERCIAL CREDIT,US,visa,credit
400338,00-99,BANK OF AMERICA - COMMERCIAL CREDIT,US,visa,credit
400339,00-99,MAINE COMMUNITY BANK,US,visa,debit
400340,00-99,FIRST CITIZENS BANK LTD.,TT,visa,credit
400341,00-99,FIDELITY NATIONAL INFORMATION SERVICES INC.,US,visa,debit
400342,00-99,COPPER & GLASS FEDERAL CREDIT UNION,US,visa,debit
400343,00-99,MUNICIPAL TRUST AND SAVINGS BANK,US,visa,debit
400344,00-99,CAPITAL ONE NATIONAL ASSOCIATION,US,visa,credit
400345,00-99,BANCO INDUSTRIAL S.A.,GT,visa,debit
400346,00-99,BANCO INDUSTRIAL S.A.,GT,visa,debit
400347,00-99,BANCO INDUSTRIAL S.A.,GT,visa,debit
400348,00-99,TIB NATIONAL ASSOCIATION,US,visa,debit
400349,00-99,THE FIRST STATE BANK,US,visa,debit
400350,00-99,SUNRATE SOLUTIONS LTD.,HK,visa,credit
400351,00-99,NEW PEOPLES BANK INC.,US,visa,debit
400352,00-99,WELLS FARGO BANK NATIONAL ASSOCIATION,US,visa,credit
400353,00-99,MEGA INTERNATIONAL COMMERCIAL BANK CO. LTD.,TW,visa,credit
400354,00-99,TRUE SKY FEDERAL CREDIT UNION,US,visa,credit
400355,00-99,TAISHIN INTERNATIONAL BANK,TW,visa,credit
400356,00-99,FREEDOM BANK KAZAKHSTAN JSC,KZ,visa,debit
400357,00-99,UNION BANK OF TAIWAN,TW,visa,credit
400358,00-99,CMB WING LUNG BANK LTD.,HK,visa,credit
400359,00-99,TAIWAN SHIN KONG COMMERCIAL BANK,TW,visa,credit
400360,00-99,CHINA CITIC BANK,CN,visa,credit
400361,00-99,CTBC BANK CO. LTD.,TW,visa,credit
400362,00-99,ALTA BANKA AD BEOGRAD,RS,visa,credit
400363,00-99,BANCO NACIONAL ULTRAMARINO S.A.,MO,visa,credit
400364,00-99,TEXAS BANK AND TRUST COMPANY,US,visa,credit
400365,00-99,TEXAS BANK AND TRUST COMPANY,US,visa,credit
400366,00-99,WOODSBORO BANK,US,visa,debit
400367,00-99,FIRST NATIONAL BANK OF OMAHA,US,visa,credit
400368,00-99,NORTH VALLEY BANK,US,visa,debit
400369,00-99,,US,visa,credit
400370,00-99,BANCO INDUSTRIAL S.A.,GT,visa,debit
400371,00-99,CAYUGA LAKE NATIONAL BANK,US,visa,debit
400372,00-99,WELLS FARGO BANK NATIONAL ASSOCIATION,US,visa,credit
400373,00-99,HARBOR BANK OF MARYLAND,US,visa,debit
400374,00-99,THE HARBOR BANK OF MARYLAND,US,visa,debit
400375,00-99,FIRST ARKANSAS BANK AND TRUST,US,visa,credit
400376,00-99,PT BANK MANDIRI (PERSERO) TBK,ID,visa,credit
400377,00-99,FREEDOM BANK KAZAKHSTAN JSC,KZ,visa,debit
400378,00-99,PT BANK MANDIRI (PERSERO) TBK,ID,visa,credit
400379,00-99,DIRECTCASH BANK,CA,visa,credit
400380,00-99,FARMERS STATE BANK OF CALHAN,US,visa,debit
400381,00-99,ROGUE CREDIT UNION,US,visa,debit
400382,00-99,THE MONTICELLO BANKING COMPANY,US,visa,debit
400383,00-99,GLOBAL FEDERAL CREDIT UNION,US,visa,credit
400384,00-99,FIRST HORIZON BANK,US,visa,debit
400385,00-99,PT BANK MANDIRI (PERSERO) TBK,ID,visa,credit
400386,00-99,VALLEY NATIONAL BANK,US,visa,debit
400387,00-99,TRI COUNTIES BANK,US,visa,debit
400388,00-99,TEXAS BANK AND TRUST COMPANY,US,visa,credit
400389,00-99,SHANGHAI COMMERCIAL BANK LTD.,HK,visa,credit
400390,00-99,BANK OF AMERICA - COMMERCIAL CREDIT,US,US,visa
400391,00-99,FIRST UNITED BANK,US,visa,debit
400392,00-99,VBT BANK & TRUST LTD.,KY,visa,credit
400393,00-99,EGYPTIAN NATIONAL POST ORGANISATION,EG,visa,debit
400394,00-99,WELLS FARGO BANK NATIONAL ASSOCIATION,US,visa,credit
400395,00-99,ACADEMIC FEDERAL CREDIT UNION,US,visa,credit
400396,00-99,TAIWAN COOPERATIVE BANK,TW,visa,debit
400397,00-99,FREEDOM BANK,US,visa,credit
400398,00-99,CLEVELAND STATE BANK,US,visa,credit
400399,00-99,NATIONAL COMMERCIAL BANK,SA,visa,credit
400400,00-99,,US,visa,credit
400401,00-99,CENTRAL VERMONT MEDICAL CENTER INC. CREDIT UNION,US,visa,debit
400402,00-99,PINAL COUNTY FEDERAL CREDIT UNION,US,visa,credit
400403,00-99,PRECISION FEDERAL CREDIT UNION,US,visa,debit
400404,00-99,STEARNS BANK NATIONAL ASSOCIATION,US,visa,credit
400405,00-99,MVB BANK INC,US,visa,debit
400406,00-99,THIRD COAST BANK SSB,US,visa,debit
400407,00-99,ELECTRUS FEDERAL CREDIT UNION,US,visa,debit
400408,00-99,OPUS BANK,US,visa,debit
400409,00-99,NEBRASKA BANK OF COMMERCE,US,visa,debit
400410,00-99,NEBRASKA BANK OF COMMERCE,US,visa,debit
400411,00-99,THE BANCORP BANK NATIONAL ASSOCIATION,US,visa,debit
400412,00-99,SUTTON BANK,US,visa,debit
400413,00-99,MVB BANK INC,US,visa,debit
400414,00-99,MISSISSIPPI HIGHWAY SAFETY PATROL FEDERAL CREDIT UNION,US,visa,debit
400415,00-99,BANCO BRADESCO S.A.,BR,visa,credit
400416,00-99,COLUMN N.A.,US,visa,credit
400417,00-99,,US,visa,credit
400418,00-99,,US,visa,credit
400419,00-99,,US,visa,credit
400420,00-99,EVOLVE BANK & TRUST,US,visa,credit
400421,00-99,GREEN DOT BANK DBA BONNEVILLE BANK,US,visa,credit
400422,00-99,JEFFERSON CREDIT UNION,US,visa,credit
400423,00-99,POWER FINANCIAL CREDIT UNION,US,visa,debit
400424,00-99,MVB BANK INC,US,visa,debit
400425,00-99,WELLS FARGO BANK N.A.,US,visa,debit
400426,00-99,U.S. BANK NATIONAL ASSOCIATION-CREDIT,US,visa,credit
400427,00-99,U.S. BANK NATIONAL ASSOCIATION-CREDIT,US,visa,credit
400428,00-99,U.S. BANK NATIONAL ASSOCIATION-CREDIT,US,visa,credit
400429,00-99,U.S. BANK N.A.,US,visa,debit
400430,00-99,AURGROUP FINANCIAL CREDIT UNION,US,visa,debit
400431,00-99,COASTAL COMMUNITY BANK,US,visa,credit
400432,00-99,,US,visa,credit
400433,00-99,,US,visa,credit
400434,00-99,COLUMN N.A.,US,visa,credit
400435,00-99,,US,visa,credit
400436,00-99,,US,visa,credit
400437,00-99,BANCO LOSANGO S.A.,BR,visa,credit
400438,00-99,BANCO DE ORO UNIBANK INC.,PH,visa,credit
400439,00-99,ITAU UNIBANCO HOLDING S.A.,BR,visa,credit
400440,00-99,CAJA POPULAR DE AHORROS DE LA PROVINCIA DE TUCUMAN,AR,visa,debit
400441,00-99,BANCO POPULAR DOMINICANO - BANCO MULTIPLE S.A.,DO,visa,credit
400442,00-99,POWER FINANCIAL CREDIT UNION,US,visa,debit
400443,00-99,BANCO INBURSA S.A. INSTITUCION DE BANCA MULTIPLE GRUPO FINANCIERO INBURSA,MX,visa,debit
400444,00-99,BANCO DO BRASIL S.A.,BR,visa,credit
400445,00-99,,US,visa,credit
400446,00-99,BANCO DE OCCIDENTE S.A.,HN,visa,debit
400447,00-99,YELO BANK OPEN JOINT-STOCK COMPANY,AZ,visa,debit
400448,00-99,BANCO SANTANDER RIO S.A.,AR,visa,debit
400449,00-99,BANCO SANTANDER RIO S.A.,AR,visa,credit
400450,00-99,BANCO BRADESCO S.A.,BR,visa,credit
400451,00-99,BANCO BRADESCO S.A.,BR,visa,credit
400452,00-99,BANCO BRADESCO S.A.,BR,visa,credit
400453,00-99,BANCO BRADESCO S.A.,BR,visa,credit
400454,00-99,BANCO BRADESCO S.A.,BR,visa,credit
400455,00-99,BANCO BRADESCO S.A.,BR,visa,credit
400456,00-99,BANCO BRADESCO S.A.,BR,visa,credit
400457,00-99,BANCO BRADESCO S.A.,BR,visa,credit
400458,00-99,BANCO BRADESCO S.A.,BR,visa,credit
400459,00-99,BANCO BRADESCO S.A.,BR,visa,credit
400460,00-99,PINE COUNTRY BANK,US,visa,debit
400461,00-99,ABBEY CREDIT UNION INC.,US,visa,debit
400462,00-99,PUBALI BANK PLC.,BD,visa,credit
400463,00-99,PRIME FINANCIAL CREDIT UNION,US,visa,credit
400464,00-99,SOVITA CREDIT UNION,US,visa,credit
400465,00-99,PUBALI BANK LTD.,BD,visa,credit
400466,00-99,BANK SOUTH PACIFIC (SAMOA) LTD.,WS,visa,debit
400467,00-99,WESTPAC BANKING CORPORATION,TO,visa,debit
400468,00-99,PUBALI BANK LTD.,BD,visa,debit
400469,00-99,PUBALI BANK LTD.,BD,visa,debit
400470,00-99,PUBALI BANK LTD.,BD,visa,debit
400471,00-99,BLACKHAWK COMMUNITY CREDIT UNION,US,visa,credit
400472,00-99,AMERICAN BANK & TRUST COMPANY INC.,US,visa,debit
400473,00-99,BANCO BRADESCO S.A.,BR,visa,credit
400474,00-99,OTP BANKA D.D.,SI,visa,debit
400475,00-99,BANCO BRADESCO S.A.,BR,visa,credit
400476,00-99,,US,visa,debit
400477,00-99,THE CITIZENS STATE BANK OF CHENEY KANSAS,US,visa,debit
400478,00-99,MVB BANK INC,US,visa,credit
400479,00-99,PT BANK MANDIRI (PERSERO) TBK,ID,visa,credit
400480,00-99,BANK BIC NAMIBIA LTD.,NA,visa,credit
400481,00-99,PT BANK MANDIRI (PERSERO) TBK,ID,visa,credit
400482,00-99,,US,visa,credit
400483,00-99,BANCO BDI S.A.,DO,visa,credit
400484,00-99,BANCO BDI S.A.,DO,visa,credit
400485,00-99,BANCO BDI S.A.,DO,visa,credit
400486,00-99,NATIONAL CREDIT CARD CENTER,TW,visa,debit
400487,00-99,AGILLITAS SERVICOS DE PAGAMENTOS S.A.,BR,visa,debit
400488,00-99,AGILLITAS SERVICOS DE PAGAMENTOS S.A.,BR,visa,debit
400489,00-99,BANCO DE OCCIDENTE S.A.,CO,visa,credit
400490,00-99,BANCO DE OCCIDENTE S.A.,CO,visa,credit
400491,00-99,BANCO DE OCCIDENTE S.A.,CO,visa,credit
400492,00-99,CNB BANK,US,visa,debit
400493,00-99,ICBA BANCARD,US,visa,credit
400494,00-99,MCT CREDIT UNION,US,visa,credit
400495,00-99,BANCO BRADESCO S.A.,BR,visa,debit
400496,00-99,ISLAMI BANK BANGLADESH PLC,BD,visa,debit
400497,00-99,BANCO BRADESCO S.A.,BR,visa,credit
400498,00-99,DELTA COMMUNITY CREDIT UNION,US,visa,credit
400499,00-99,BKASH LTD.,BD,visa,debit
400500,00-99,UTAH FIRST FEDERAL CREDIT UNION,US,visa,debit
400501,00-99,UTAH FIRST FEDERAL CREDIT UNION,US,visa,credit
400502,00-99,FREEDOM CREDIT UNION,US,visa,credit
400503,00-99,SUTTON BANK,US,visa,debit
400504,00-99,WYHY FEDERAL CREDIT UNION,US,visa,credit
400505,00-99,TRUNORTH FEDERAL CREDIT UNION,US,visa,credit
400506,00-99,NORFOLK FIRE DEPARTMENT FEDERAL CREDIT UNION,US,visa,debit
400507,00-99,DEXSTA FEDERAL CREDIT UNION,US,visa,credit
400508,00-99,CENTRAL JERSEY POLICE & FIRE FEDERAL CREDIT UNION,US,visa,credit
400509,00-99,MEMPHIS CITY EMPLOYEES CREDIT UNION,US,visa,credit
400510,00-99,THE BANCORP BANK NATIONAL ASSOCIATION,US,visa,debit
400511,00-99,BANCORP BANK,US,visa,debit
400512,00-99,CITYMARK FEDERAL CREDIT UNION,US,visa,debit
400513,00-99,ATTLEBORO MUNICIPAL EMPLOYEES FEDERAL CREDIT UNION,US,visa,debit
400514,00-99,PATHWARD N.A.,US,visa,debit
400515,00-99,BANK OF CHINA LTD.,CN,visa,debit
400516,00-99,REPUBLIC BANK & TRUST COMPANY,US,visa,debit
400517,00-99,DECATUR EARTHMOVER CREDIT UNION,US,visa,debit
400518,00-99,NORTHERN COMMUNITIES CREDIT UNION,US,visa,debit
400519,00-99,VYSTAR CREDIT UNION,US,visa,credit
400520,00-99,VYSTAR CREDIT UNION,US,visa,credit
400521,00-99,DOMINION ENERGY CREDIT UNION,US,visa,debit
400522,00-99,VBT BANK AND TRUST LTD.,KY,visa,credit
400523,00-99,LATIN AMERICA AND CARIBBEAN REGION,MX,visa,credit
400524,00-99,THE KARUR VYSYA BANK LTD.,IN,visa,credit
400525,00-99,1ST EQUITY BANK,US,visa,debit
400526,00-99,EASTRISE FEDERAL CREDIT UNION,US,visa,debit
400527,00-99,1ST EQUITY BANK,US,visa,debit
400528,00-99,BANGOR SAVINGS BANK,US,visa,debit
400529,00-99,SPENCER SAVINGS BANK SLA,US,visa,debit
400530,00-99,PERFECT CIRCLE CREDIT UNION,US,visa,credit
400531,00-99,PERFECT CIRCLE CREDIT UNION,US,visa,credit
400532,00-99,BANCO BRADESCO S.A.,BR,visa,credit
400533,00-99,AVAL SOLUCIONES DIGITALES S.A.,CO,visa,debit
400534,00-99,SUTTON BANK,US,visa,debit
400535,00-99,,US,visa,credit
400536,00-99,EMIRATES NBD BANK (P.J.S.C.),AE,visa,debit
400537,00-99,APEX BANK,US,visa,debit
400538,00-99,EVOLVE BANK & TRUST,US,visa,debit
400539,00-99,AMALGAMATED BANK OF CHICAGO,US,visa,credit
400540,00-99,U.S. BANK N.A.,US,visa,debit
400541,00-99,KYRGYZKOMMERTSBANK OJSC,KG,visa,debit
400542,00-99,BANGOR SAVINGS BANK,US,visa,debit
400543,00-99,SUTTON BANK,US,visa,debit
400544,00-99,U.S. BANK N.A.,US,visa,debit
400545,00-99,SUTTON BANK,US,visa,debit
400546,00-99,LIBERTY BANK,US,visa,credit
400547,00-99,PATTERSON STATE BANK,US,visa,debit
400548,00-99,BANGOR SAVINGS BANK,US,visa,debit
400549,00-99,REVOLUT PAYMENTS AUSTRALIA PTY LTD.,AU,visa,debit
400550,00-99,KYRGYZKOMMERTSBANK OJSC,KG,visa,credit
400551,00-99,LATIN AMERICA AND CARIBBEAN REGION,US,visa,credit
400552,00-99,INTL HDQTRS-CENTER OWNED,US,visa,credit
400553,00-99,BELARUSKI NARODNY BANK,BY,visa,credit
400554,00-99,INTL HDQTRS-CENTER OWNED,US,visa,credit
400555,00-99,U.S. REGION,US,visa,debit
400556,00-99,U.S. REGION,US,visa,debit
400557,00-99,REVOLUT PAYMENTS AUSTRALIA PTY LTD.,AU,visa,debit
400558,00-99,CITIBANK KOREA INC.,KR,visa,debit
400559,00-99,WELLS FARGO BANK NATIONAL ASSOCIATION,US,visa,credit
400560,00-99,VISA U.S.A. INC.,US,visa,credit
400561,00-99,LATIN AMERICA AND CARIBBEAN REGION,US,visa,credit
400562,00-99,VISA U.S.A. INC.,PA,visa,credit
400563,00-99,,US,visa,credit
400564,00-99,STRIDE BANK N.A.,US,visa,debit
400565,00-99,APCI FEDERAL CREDIT UNION,US,visa,debit
400566,00-99,ASIA-PACIFIC REGION,IN,visa,credit
400567,00-99,STRIDE BANK NATIONAL ASSOCIATION,US,visa,debit
400568,00-99,FIRSTRAND BANK LTD.,ZA,visa,debit
400569,00-99,CITIBANK KOREA INC.,KR,visa,debit
400570,00-99,FIRST FINANCIAL BANKSHARES INC.,US,visa,debit
400571,00-99,FIRST FINANCIAL BANKSHARES INC.,US,visa,debit
400572,00-99,CENTURY BANK,US,visa,debit
400573,00-99,CENTURY BANK,US,visa,debit
400574,00-99,WELLS FARGO BANK NATIONAL ASSOCIATION,US,visa,credit
400575,00-99,FIRST FIDELITY BANK,US,visa,credit
400576,00-99,AL-JANOOB ISLAMIC BANK FOR INVESTMENT AND FINANCING,IQ,visa,credit
400577,00-99,VISA U.S.A. INC.,US,visa,credit
400578,00-99,BANK OF CHINA LTD.,CN,visa,debit
400579,00-99,LOOKOUT FEDERAL CREDIT UNION,US,visa,credit
400580,00-99,ROSWELL COMMUNITY FEDERAL CREDIT UNION,US,visa,credit
400581,00-99,IRON COUNTY COMMUNITY CREDIT UNION,US,visa,credit
400582,00-99,WELCOME FEDERAL CREDIT UNION,US,visa,credit
400583,00-99,MCT CREDIT UNION,US,visa,credit
400584,00-99,GRASSLANDS FEDERAL CREDIT UNION,US,visa,credit
400585,00-99,WESTERRA CREDIT UNION,US,visa,debit
400586,00-99,WESTERRA CREDIT UNION,US,visa,credit
400587,00-99,SERVICE CREDIT UNION,US,visa,debit
400588,00-99,BANESCO BANCO MULTIPLE S.A.,DO,visa,credit
400589,00-99,BANESCO BANCO MULTIPLE S.A.,DO,visa,debit
400590,00-99,EVERENCE FEDERAL CREDIT UNION,US,visa,credit
400591,00-99,CREDIT UNION OF ATLANTA,US,visa,credit
400592,00-99,GARDINER FEDERAL CREDIT UNION,US,visa,credit
400593,00-99,NEIGHBORS CREDIT UNION,US,visa,debit
400594,00-99,SERVICE CREDIT UNION,US,visa,debit
400595,00-99,SERVICE CREDIT UNION,US,visa,debit
400596,00-99,BANQUE SAHELO-SAHARIENNE POUR L'INVESTISSEMENT ET LE COMMERCE-TOGO,TG,visa,debit
400597,00-99,FIRST ELECTRONIC BANK,US,visa,credit
400598,00-99,DUBAI ISLAMIC BANK,AE,visa,credit
400599,00-99,,NZ,visa,debit
400600,00-99,LINDELL BANK & TRUST COMPANY,US,visa,debit
400601,00-99,KUWAIT FINANCE HOUSE,KW,visa,debit
400602,00-99,TSB BANK,US,visa,debit
400603,00-99,,PH,visa,debit
400604,00-99,MID MINNESOTA FEDERAL CREDIT UNION,US,visa,debit
400605,00-99,,MX,visa,credit
400606,00-99,BFC BANCO FONDO COMUN C.A. BANCO UNIVERS.A.L.,VE,visa,credit
400607,00-99,CBW BANK,US,visa,debit
400608,00-99,BANCO DE OCCIDENTE S.A.,CO,visa,credit
400609,00-99,ING BANK (AUSTRALIA) LTD.,AU,visa,credit
400610,00-99,OVERSEA-CHINESE BANKING CORPORATION LTD.,SG,visa,credit
400611,00-99,FIRST COMMUNITY BANK,US,visa,debit
400612,00-99,HANG SENG BANK LTD.,HK,visa,credit
400613,00-99,U.S. BANK NATIONAL ASSOCIATION-CREDIT,US,visa,credit
400614,00-99,U.S. BANK NATIONAL ASSOCIATION-CREDIT,US,visa,credit
400615,00-99,BANCO MACRO S.A.,AR,visa,debit
400616,00-99,ACCESS BANK MOZAMBIQUE SA,MZ,visa,debit
400617,00-99,PROVIDENT CREDIT UNION,US,visa,credit
400618,00-99,MVB BANK INC,US,visa,debit
400619,00-99,STATE BANK OF DE KALB,US,visa,debit
400620,00-99,SUNTRUST BANK,US,visa,debit
400621,00-99,ERSTE BANK AD NOVI SAD,RS,visa,credit
400622,00-99,NATIXIS ALGERIE,DZ,visa,debit
400623,00-99,LATIN AMERICA AND CARIBBEAN REGION,PA,visa,credit
400624,00-99,AZERBAIJAN INDUSTRY BANK OSC,AZ,visa,credit
400625,00-99,RBL BANK LTD.,IN,visa,debit
400626,00-99,HBL BANK UK LTD.,GB,visa,debit
400627,00-99,MCB BANK LTD.,PK,visa,debit
400628,00-99,EVROFINANCE MOSNARBANK,RU,visa,debit
400629,00-99,JSB PIVDENNYI,UA,visa,debit
400630,00-99,ZAGREBACKA BANKA DD,HR,visa,credit
400631,00-99,FIRST CITIZENS BANK LTD.,TT,visa,credit
400632,00-99,THE HUNTINGTON NATIONAL BANK,US,visa,debit
400633,00-99,,NZ,visa,debit
400634,00-99,FINANCEIRA ITAU CBD S.A. CREDITO FINANCIAMENTO E INVESTIMENTO,BR,visa,credit
400635,00-99,ITAU UNIBANCO HOLDING S.A.,BR,visa,credit
400636,00-99,STRIDE BANK NATIONAL ASSOCIATION,US,visa,debit
400637,00-99,ITAU UNIBANCO HOLDING S.A.,BR,visa,credit
400638,00-99,ITAU UNIBANCO HOLDING S.A.,BR,visa,credit
400639,00-99,AVADIAN CREDIT UNION,US,visa,credit
400640,00-99,CENTRAL SOYA FEDERAL CREDIT UNION,US,visa,debit
400641,00-99,INOVA FEDERAL CREDIT UNION,US,visa,credit
400642,00-99,ITAU UNIBANCO HOLDING S.A.,BR,visa,credit
400643,00-99,ITAU UNIBANCO HOLDING S.A.,BR,visa,credit
400644,00-99,UNEX BANK PJSC,UA,visa,credit
400645,00-99,ITAU UNIBANCO HOLDING S.A.,BR,visa,credit
400646,00-99,ITAU UNIBANCO HOLDING S.A.,BR,visa,credit
400647,00-99,ITAU UNIBANCO HOLDING S.A.,BR,visa,credit
400648,00-99,CB CENTER-INVEST,RU,visa,debit
400649,00-99,ITAU UNIBANCO HOLDING S.A.,BR,visa,credit
400650,00-99,MVB BANK INC,US,visa,debit
400651,00-99,HASTINGS FEDERAL CREDIT UNION,US,visa,debit
400652,00-99,ITAU,BR,visa,credit
400653,00-99,ITAU UNIBANCO HOLDING S.A.,BR,visa,credit
400654,00-99,ITAU UNIBANCO HOLDING S.A.,BR,visa,credit
400655,00-99,MVB BANK INC,US,visa,credit
400656,00-99,BANTERRA BANK,US,visa,credit
400657,00-99,PROCESOS DE MEDIOS DE PAGO S.A.,PE,visa,debit
400658,00-99,1ST ADVANTAGE BANK,US,visa,debit
400659,00-99,SOCIETE GENERALE GHANA LTD.,GH,visa,debit
400660,00-99,BANCO AGIBANK S.A.,BR,visa,credit
400661,00-99,BANCO DA UNIAO,GW,visa,debit
400662,00-99,SOCIETE GENERALE GHANA LTD.,GH,visa,debit
400663,00-99,ALLIANCE BANK MALAYSIA BERHAD,MY,visa,credit
400664,00-99,FIRST SOUTH FINANCIAL FEDERAL CREDIT UNION,US,visa,credit
400665,00-99,SUTTON BANK,US,visa,debit
400666,00-99,SBI CARDS AND PAYMENT SERVICES LTD.,IN,visa,credit
400667,00-99,SBI CARDS AND PAYMENT SERVICES LTD.,IN,visa,credit
400668,00-99,STEARNS BANK NATIONAL ASSOCIATION,US,visa,debit
400669,00-99,CITIBANK,BN,visa,credit
400670,00-99,CHIYU BANKING CORP. LTD.,HK,visa,debit
400671,00-99,ACCESS BANK MOZAMBIQUE SA,MZ,visa,debit
400672,00-99,HYUNDAI CARD COMPANY LTD.,KR,visa,credit
400673,00-99,MUFG BANK LTD.,JP,visa,debit
400674,00-99,WOORI CARD CO. LTD.,KR,visa,debit
400675,00-99,KWANGTUNG PROVINCIAL BANK,HK,visa,debit
400676,00-99,CHINA BANKING CORPORATION,PH,visa,debit
400677,00-99,HEARTLAND BANK AUSTRALIA LTD.,AU,visa,debit
400678,00-99,BANK OF ABYSSINIA SHARE COMPANY,ET,visa,debit
400679,00-99,SIN HUA BANK LTD.,HK,visa,debit
400680,00-99,SBERBANK OF RUSSIA,RU,visa,debit
400681,00-99,THE CHIBA BANK LTD,JP,visa,debit
400682,00-99,UNITED OVERSEAS BANK LTD.,SG,visa,credit
400683,00-99,ACCESS BANK PLC,NG,visa,debit
400684,00-99,ING BANK A.S.,TR,visa,credit
400685,00-99,EASTMAN CREDIT UNION,US,visa,debit
400686,00-99,CESKOSLOVENSKA OBCHODNA BANKA A.S.,SK,visa,credit
400687,00-99,CESKOSLOVENSKA OBCHODNA BANKA A.S.,SK,visa,credit
400688,00-99,WELLS FARGO BANK NATIONAL ASSOCIATION,US,visa,credit
400689,00-99,ITAU UNIBANCO HOLDING S.A.,BR,visa,credit
400690,00-99,SUEZ CANAL BANK,EG,visa,credit
400691,00-99,FIRST CITY MONUMENT BANK PLC,NG,visa,credit
400692,00-99,MVB BANK INC,US,visa,debit
400693,00-99,PYYPL LTD.,AE,visa,debit
400694,00-99,ITAU UNIBANCO HOLDING S.A.,BR,visa,credit
400695,00-99,WOODLAND BANK,US,visa,debit
400696,00-99,,CN,visa,credit
400697,00-99,COMMERZBANK AG,DE,visa,debit
400698,00-99,M&T BANK,US,visa,credit
400699,00-99,BRED (VANUATU) LTD.,VU,visa,debit
400700,00-99,HSBC BANK USA N.A.,US,visa,debit
400701,00-99,,US,visa,credit
400702,00-99,,US,visa,credit
400703,00-99,,US,visa,credit
400704,00-99,,US,visa,credit
400705,00-99,,US,visa,credit
400706,00-99,,US,visa,credit
400707,00-99,,US,visa,credit
400708,00-99,,US,visa,credit
400709,00-99,QNB BANK A.S,TR,visa,debit
400710,00-99,,US,visa,credit
400711,00-99,,US,visa,credit
400712,00-99,,US,visa,credit
400713,00-99,,US,visa,credit
400714,00-99,,US,visa,credit
400715,00-99,,US,visa,credit
400716,00-99,,US,visa,credit
400717,00-99,,US,visa,credit
400718,00-99,,US,visa,credit
400719,00-99,,US,visa,credit
400720,00-99,,BR,visa,credit
400721,00-99,,US,visa,credit
400722,00-99,,US,visa,credit
400723,00-99,,US,visa,credit
400724,00-99,,US,visa,credit
400725,00-99,ARAB INTERNATIONAL BANK,EG,visa,debit
400726,00-99,BANCO AZUL DE EL SALVADOR S.A.,SV,visa,debit
400727,00-99,BANCO AZUL DE EL SALVADOR S.A.,SV,visa,debit
400728,00-99,BANCO AZUL DE EL SALVADOR S.A.,SV,visa,credit
400729,00-99,BANCO AZUL DE EL SALVADOR S.A.,SV,visa,debit
400730,00-99,BANCO AZUL DE EL SALVADOR S.A.,SV,visa,credit
400731,00-99,BANCO AZUL DE EL SALVADOR S.A.,SV,visa,credit
400732,00-99,U.S. BANK NATIONAL ASSOCIATION-CREDIT,US,visa,credit
400733,00-99,EUROBANK CYPRUS LTD.,CY,visa,credit
400734,00-99,EUROBANK CYPRUS LTD.,CY,visa,credit
400735,00-99,EUROBANK CYPRUS LTD.,CY,visa,credit
400736,00-99,EUROBANK CYPRUS LTD.,CY,visa,credit
400737,00-99,BLUE COAST FEDERAL CREDIT UNION,US,visa,credit
400738,00-99,FIRSTRAND BANK LTD.,ZA,visa,debit
400739,00-99,AXIS BANK LTD.,IN,visa,credit
400740,00-99,CAIXABANK S.A.,ES,visa,debit
400741,00-99,CAIXABANK S.A.,ES,visa,credit
400742,00-99,TURKIYE FINANS KATILIM BANKASI A.S.,TR,visa,credit
400743,00-99,,US,visa,credit
400744,00-99,,US,visa,credit
400745,00-99,SUTTON BANK,US,visa,debit
400746,00-99,,US,visa,credit
400747,00-99,,US,visa,credit
400748,00-99,,US,visa,credit
400749,00-99,,US,visa,credit
400750,00-99,BANCO MULTIPLE BHD S. A.,DO,visa,debit
400751,00-99,GEORGIA'S OWN CREDIT UNION,US,visa,credit
400752,00-99,MUTUAL SECURITY CREDIT UNION INC,US,visa,debit
400753,00-99,UNION BANK AND TRUST COMPANY,US,visa,debit
400754,00-99,COMMERCE BANCSHARES INC.,US,visa,debit
400755,00-99,FIDELITY BANK,US,visa,credit
400756,00-99,SIGNATURE FEDERAL CREDIT UNION,US,visa,debit
400757,00-99,BANESCO USA,US,visa,debit
400758,00-99,FREEDOM FINANCE BANK LLC,RU,visa,debit
400759,00-99,PEAK CREDIT UNION,US,visa,credit
400760,00-99,PENN STATE FEDERAL CREDIT UNION,US,visa,debit
400761,00-99,WELLS FARGO BANK NATIONAL ASSOCIATION,US,visa,credit
400762,00-99,SALAAM AFRICAN BANK LLC,DJ,visa,debit
400763,00-99,FREEDOM FINANCE BANK LLC,RU,visa,debit
400764,00-99,SOARION FEDERAL CREDIT UNION,US,visa,credit
400765,00-99,FIRSTMARK CREDIT UNION,US,visa,debit
400766,00-99,FIRSTMARK CREDIT UNION,US,visa,debit
400767,00-99,REPUBLIC BANK & TRUST COMPANY,US,visa,debit
400768,00-99,THE BANCORP BANK NATIONAL ASSOCIATION,US,visa,debit
400769,00-99,THE BANCORP BANK NATIONAL ASSOCIATION,US,visa,debit
400770,00-99,CAIXA ECONOMICA FEDERAL,BR,visa,credit
400771,00-99,THAYER COUNTY BANK,US,visa,debit
400772,00-99,SHINHAN CARD CO. LTD.,KR,visa,debit
400773,00-99,BANCO SANTANDER S.A.,UY,visa,debit
400774,00-99,FREEDOM FINANCE BANK LLC,RU,visa,debit
400775,00-99,THE FOCUS FEDERAL CREDIT UNION,US,visa,debit
400776,00-99,DAY AIR CREDIT UNION INC.,US,visa,debit
400777,00-99,FIRST HEARTLAND JUSAN BANK JSC,KZ,visa,credit
400778,00-99,THE FIRST CITIZENS NATIONAL BANK OF UPPER SANDUSKY,US,visa,debit
400779,00-99,SOUTHERN GAS FEDERAL CREDIT UNION,US,visa,debit
400780,00-99,CITY NATIONAL BANK OF FLORIDA,US,visa,debit
400781,00-99,FORT WORTH COMMUNITY CREDIT UNION,US,visa,credit
400782,00-99,ICICI BANK LTD.,IN,visa,debit
400783,00-99,TRI COUNTIES BANK,US,visa,credit
400784,00-99,,US,visa,debit
400785,00-99,LAFAYETTE SAVINGS BANK F.S.B.,US,visa,debit
400786,00-99,SOLIDARITY COMMUNITY FEDERAL CREDIT UNION,US,visa,debit
400787,00-99,FREEDOM FINANCE BANK LLC,RU,visa,debit
400788,00-99,PARTNERS 1ST FEDERAL CREDIT UNION,US,visa,debit
400789,00-99,BANCO DA UNIAO,GW,visa,debit
400790,00-99,CRANE CREDIT UNION,US,visa,debit
400791,00-99,GENERATIONS FEDERAL CREDIT UNION,US,visa,debit
400792,00-99,,US,visa,debit
400793,00-99,PNC FINANCIAL SERVICES GROUP INC.,US,visa,debit
400794,00-99,INTERNATIONAL DEVELOPMENT BANK FOR INVESTMENT AND FINANCE,IQ,visa,credit
400795,00-99,AL BILAD BANK,SA,visa,credit
400796,00-99,ORLEX GOVERNMENT EMPLOYEES CREDIT UNION,US,visa,debit
400797,00-99,ONE THIRTEEN CREDIT UNION,US,visa,debit
400798,00-99,,US,visa,debit
400799,00-99,MERCHANTS & PLANTERS' BANK,US,visa,debit
400800,00-99,FISERV SOLUTIONS LLC,US,visa,credit
400801,00-99,FISERV SOLUTIONS LLC,US,visa,credit
400802,00-99,CASCADE COMMUNITY FEDERAL CREDIT UNION,US,visa,credit
400803,00-99,MUNICIPAL EMPLOYEES CREDIT UNION OF OKLAHOMA CITY,US,visa,debit
400804,00-99,THE NATIONAL CAPITAL BANK OF WASHINGTON,US,visa,debit
400805,00-99,BANK OF CHINA LTD.,CN,visa,debit
400806,00-99,PENNCREST BANK,US,visa,debit
400807,00-99,MVB BANK INC,US,visa,debit
400808,00-99,MVB BANK INC,US,visa,debit
400809,00-99,WILMINGTON SAVINGS FUND SOCIETY F.S.B.,US,visa,debit
400810,00-99,LIBRA BANK S.A.,RO,visa,credit
400811,00-99,BANCO SANTANDER TOTTA S.A.,PT,visa,debit
400812,00-99,SOLID BANK,RU,visa,debit
400813,00-99,BANK OF COLORADO,US,visa,debit
400814,00-99,PJSC ROSBANK,RU,visa,debit
400815,00-99,IDBI BANK LTD.,IN,visa,debit
400816,00-99,U.S. BANK NATIONAL ASSOCIATION-CREDIT,US,visa,credit
400817,00-99,CAIXA CENTRAL DE CREDITO AGRICOLA MUTUO C.R.L.,PT,visa,credit
400818,00-99,BANK OF CHINA LTD.,CN,visa,debit
400819,00-99,BANCOPPEL S.A. INSTITUCION DE BANCA MULTIPLE,MX,visa,debit
400820,00-99,,MX,visa,debit
400821,00-99,UNION STATE BANK,US,visa,debit
400822,00-99,MICHIGAN UNITED CREDIT UNION,US,visa,debit
400823,00-99,MICHIGAN UNITED CREDIT UNION,US,visa,debit
400824,00-99,MAINSTREET BANK,US,visa,debit
400825,00-99,THE COMMERCIAL BANK OF QATAR (Q.S.C.),QA,visa,credit
400826,00-99,THE COMMERCIAL BANK OF QATAR (Q.S.C.),QA,visa,credit
400827,00-99,CJSC RDB-BANK,BY,visa,debit
400828,00-99,KOTAK MAHINDRA BANK LTD.,IN,visa,credit
400829,00-99,BANCA MIFEL S.A.,MX,visa,credit
400830,00-99,,NG,visa,credit
400831,00-99,NORTH AMERICAN SAVINGS BANK F.S.B.,US,visa,debit
400832,00-99,BANCO COINAG S.A.,AR,visa,credit
400833,00-99,OPEN BANK,US,visa,debit
400834,00-99,JACK DANIEL EMPLOYEES CREDIT UNION,US,visa,debit
400835,00-99,MICHIGAN ONE COMMUNITY CREDIT UNION,US,visa,debit
400836,00-99,MACQUARIE BANK LTD.,AU,visa,credit
400837,00-99,RAPHAELS BANK,GB,visa,debit
400838,00-99,RAPHAELS BANK,GB,visa,debit
400839,00-99,TRAVELEX(R.RAPHAEL & SONS PLC),GB,visa,debit
400840,00-99,JETSTREAM FEDERAL CREDIT UNION,US,visa,credit
400841,00-99,JETSTREAM FEDERAL CREDIT UNION,US,visa,credit
400842,00-99,,RU,visa,debit
400843,00-99,ICICI BANK LTD.,IN,visa,debit
400844,00-99,CITIBANK NATIONAL ASSOCIATION - CONSUMER,US,visa,credit
400845,00-99,STERLING BANK PLC,NG,visa,debit
400846,00-99,LLOYDS BANK PLC,GB,visa,credit
400847,00-99,JSCB HAMKORBANK,UZ,visa,debit
400848,00-99,EVOLVE BANK & TRUST,US,visa,debit
400849,00-99,VISA EUROPE LTD.,GB,visa,debit
400850,00-99,INTERNATIONAL CARD SERVICES B.V.,NL,visa,credit
400851,00-99,INTERNATIONAL CARD SERVICES B.V.,NL,visa,credit
400852,00-99,INTERNATIONAL CARD SERVICES B.V.,NL,visa,credit
400853,00-99,INTERNATIONAL CARD SERVICES B.V.,NL,visa,credit
400854,00-99,INTERNATIONAL CARD SERVICES B.V.,NL,visa,credit
400855,00-99,INTERNATIONAL CARD SERVICES B.V.,NL,visa,credit
400856,00-99,INTERNATIONAL CARD SERVICES B.V.,NL,visa,credit
400857,00-99,INTERNATIONAL CARD SERVICES B.V.,NL,visa,credit
400858,00-99,INTERNATIONAL CARD SERVICES B.V.,NL,visa,credit
400859,00-99,INTERNATIONAL CARD SERVICES B.V.,NL,visa,credit
400860,00-99,HALIFAX,GB,visa,credit
400861,00-99,AL RAJHI BANKING AND INVESTMENT CORP.,SA,visa,debit
400862,00-99,INTL HDQTRS-CENTER OWNED,US,visa,debit
400863,00-99,TRAVEL UNION UAB,ES,visa,debit
400864,00-99,TRAVEL UNION UAB,SI,visa,debit
400865,00-99,DANSKE BANK A/S,LT,visa,debit
400866,00-99,NRB BANK LTD.,BD,visa,debit
400867,00-99,BUFFALO METROPOLITAN FEDERAL CREDIT UNION,US,visa,debit
400868,00-99,AL-JANOOB ISLAMIC BANK FOR INVESTMENT AND FINANCING,IQ,visa,credit
400869,00-99,BANK OF TRAVELERS REST,US,visa,credit
400870,00-99,PEOPLE'S UNITED BANK,US,visa,credit
400871,00-99,BANK OF TRAVELERS REST,US,visa,credit
400872,00-99,NEDBANK MOZAMBIQUE S.A.,MZ,visa,credit
400873,00-99,EASTERN INTERNATIONAL BANK,US,visa,debit
400874,00-99,MVB BANK INC,US,visa,credit
400875,00-99,BANK OF MADISON,US,visa,debit
400876,00-99,THE NATIONAL BANK OF MALVERN,US,visa,debit
400877,00-99,SUTTON BANK,US,visa,debit
400878,00-99,GREATER ALLIANCE FEDERAL CREDIT UNION,US,visa,debit
400879,00-99,CITIBANK NATIONAL ASSOCIATION - CONSUMER,US,visa,credit
400880,00-99,THE ROYAL BANK OF SCOTLAND PLC,GB,visa,credit
400881,00-99,JSC TBC BANK,GE,visa,debit
400882,00-99,BANKINTER S.A.,ES,visa,credit
400883,00-99,BANCO DE AHORRO Y CREDITO ADEMI S.A.,DO,visa,credit
400884,00-99,CAIXABANK S.A.,ES,visa,credit
400885,00-99,BANCO BILBAO VIZCAYA ARGENTARIA S.A. (BBVA),ES,visa,credit
400886,00-99,FOX COMMUNITIES CREDIT UNION,US,visa,debit
400887,00-99,BANCO SANTANDER TOTTA S.A.,PT,visa,credit
400888,00-99,BANK BIC NAMIBIA LTD.,NA,visa,credit
400889,00-99,LATIN AMERICA AND CARIBBEAN REGION,MX,visa,debit
400890,00-99,STERLING BANK PLC,NG,visa,debit
400891,00-99,REVOLUT TECHNOLOGIES SINGAPORE PTE LTD.,SG,visa,debit
400892,00-99,MIRASTAR FEDERAL CREDIT UNION,US,visa,credit
400893,00-99,PEOPLESBANK,US,visa,debit
400894,00-99,THE TURBOTVILLE NATIONAL BANK,US,visa,debit
400895,00-99,THE BANCORP BANK NATIONAL ASSOCIATION,US,visa,debit
400896,00-99,TD BANK USA NATIONAL ASSOCIATION,US,visa,debit
400897,00-99,REGIONS BANK,US,visa,debit
400898,00-99,SYNCHRONY BANK,US,visa,credit
400899,00-99,SYNCHRONY BANK,US,visa,credit
400900,00-99,LATIN AMERICA AND CARIBBEAN REGION,GT,visa,debit
400901,00-99,FIRST PRYORITY BANK,US,visa,debit
400902,00-99,OVERSEA-CHINESE BANKING CORPORATION LTD.,SG,visa,credit
400903,00-99,OVERSEA-CHINESE BANKING CORPORATION LTD.,SG,visa,credit
400904,00-99,SHINHAN CARD CO. LTD.,KR,visa,credit
400905,00-99,SHINHAN CARD CO. LTD.,KR,visa,credit
400906,00-99,SHINHAN CARD CO. LTD.,KR,visa,credit
400907,00-99,SAMSUNG CARD CO. LTD,KR,visa,credit
400908,00-99,LANDMARK CREDIT UNION,US,visa,debit
400909,00-99,SUTTON BANK,US,visa,debit
400910,00-99,METABANK,US,visa,debit
400911,00-99,SAMSUNG CARD CO. LTD,KR,visa,credit
400912,00-99,SAMSUNG CARD CO. LTD,KR,visa,credit
400913,00-99,SAMSUNG CARD CO. LTD,KR,visa,credit
400914,00-99,HDFC BANK LTD.,IN,visa,debit
400915,00-99,DSK BANK PLC,BG,visa,credit
400916,00-99,FINANCIA CREDIT S.A.,PA,visa,debit
400917,00-99,SCOTIABANK PERU S.A.A.,PE,visa,credit
400918,00-99,HORIZON UTAH FEDERAL CREDIT UNION,US,visa,credit
400919,00-99,CITIBANK NATIONAL ASSOCIATION - CONSUMER,US,visa,credit
400920,00-99,MVB BANK INC,US,visa,debit
400921,00-99,ABANCA CORPORACION BANCARIA S.A,ES,visa,debit
400922,00-99,NEW ENGLAND FEDERAL CREDIT UNION,US,visa,credit
400923,00-99,BLUEOX CREDIT UNION,US,visa,credit
400924,00-99,WOORI BANK,KR,visa,debit
400925,00-99,BANCO PICHINCHA C.A.,EC,visa,credit
400926,00-99,NATIONAL CREDIT AND COMMERCE BANK PLC,BD,visa,credit
400927,00-99,CITIBANK NATIONAL ASSOCIATION - CONSUMER,US,visa,credit
400928,00-99,ASSOCIATED BANK N.A.,US,visa,debit
400929,00-99,BANCO DE LA PRODUCCIONS.A. (PRODUBANCO),EC,visa,credit
400930,00-99,NUEVO BANCO DE ENTRE RIOS S.A.,AR,visa,debit
400931,00-99,BANCO DE LA PRODUCCIONS.A. (PRODUBANCO),EC,visa,credit
400932,00-99,EASTRISE FEDERAL CREDIT UNION,US,visa,credit
400933,00-99,SHINHAN CARD CO. LTD.,KR,visa,credit
400934,00-99,PT BANK HSBC INDONESIA,ID,visa,credit
400935,00-99,CHANG HWA COMMERCIAL BANK LTD.,TW,visa,credit
400936,00-99,FIRST STATE BANK OF ST. CHARLES MISSOURI,US,visa,debit
400937,00-99,BANK OF CHINA LTD.,CN,visa,credit
400938,00-99,BANK OF CHINA LTD.,CN,visa,credit
400939,00-99,BANK OF CHINA LTD.,CN,visa,credit
400940,00-99,BANK OF CHINA LTD.,CN,visa,credit
400941,00-99,BANK OF CHINA LTD.,CN,visa,credit
400942,00-99,BANK OF CHINA LTD.,CN,visa,credit
400943,00-99,CITITARJETAS DE COSTA RICA S.A.,CR,visa,credit
400944,00-99,CITIBANK NATIONAL ASSOCIATION - CONSUMER,US,visa,credit
400945,00-99,STATE BANK & TRUST COMPANY,US,visa,debit
400946,00-99,SOCIETE GENERALE ALGERIE - SPA,DZ,visa,debit
400947,00-99,WASHINGTON FEDERAL BANK,US,visa,credit
400948,00-99,MAINE COMMUNITY BANK,US,visa,debit
400949,00-99,ABU DHABI ISLAMIC BANK EGYPT,EG,visa,debit
400950,00-99,BANCO FINANCIERA COMERCIAL HONDURE A S.A.,HN,visa,credit
400951,00-99,BANCO FINANCIERA COMERCIAL HONDURE A S.A.,HN,visa,credit
400952,00-99,BANCO FINANCIERA COMERCIAL HONDUREQA S.A.,HN,visa,credit
400953,00-99,BANCO FINANCIERA COMERCIAL HONDUREQA S.A.,HN,visa,credit
400954,00-99,BANCO FINANCIERA COMERCIAL HONDURE A S.A.,HN,visa,credit
400955,00-99,SIDIAN BANK LTD.,KE,visa,debit
400956,00-99,CITITARJETAS DE GUATEMALA LTDA.,GT,visa,credit
400957,00-99,STAGEPOINT FEDERAL CREDIT UNION,US,visa,credit
400958,00-99,COLUMN N.A.,US,visa,credit
400959,00-99,CAIXA ECONOMICA FEDERAL,BR,visa,credit
400960,00-99,INVEST BANK PLC,JO,visa,credit
400961,00-99,CITIBANK NATIONAL ASSOCIATION - CONSUMER,US,visa,credit
400962,00-99,BANK OF CHINA,SG,visa,credit
400963,00-99,ECOBANK GHANA LTD.,GH,visa,debit
400964,00-99,BAIDURI BANK SENDIRIAN BERHAD,BN,visa,credit
400965,00-99,BAIDURI BANK BHD,BN,visa,credit
400966,00-99,CENTRAL WILLAMETTE CREDIT UNION,US,visa,debit
400967,00-99,CENTRAL WILLAMETTE CREDIT UNION,US,visa,debit
400968,00-99,G P O FEDERAL CREDIT UNION,US,visa,debit
400969,00-99,BANK OF CAVE CITY,US,visa,credit
400970,00-99,CAIXA ECONOMICA FEDERAL,BR,visa,credit
400971,00-99,CENTRAL BANK,US,visa,credit
400972,00-99,TCM BANK NATIONAL ASSOCIATION,US,visa,credit
400973,00-99,TIPPECANOE FEDERAL CREDIT UNION,US,visa,credit
400974,00-99,FIRSTRAND BANK LTD.,ZA,visa,debit
400975,00-99,CITIBANK (HONG KONG) LTD.,HK,visa,credit
400976,00-99,SIDIAN BANK LTD.,KE,visa,credit
400977,00-99,TCM BANK NATIONAL ASSOCIATION,US,visa,credit
400978,00-99,HANA CARD,KR,visa,credit
400979,00-99,MNB BANK,US,visa,debit
400980,00-99,BANK OF CAVE CITY,US,visa,credit
400981,00-99,NOTRE DAME FEDERAL CREDIT UNION,US,visa,debit
400982,00-99,FORT BRAGG FEDERAL CREDIT UNION,US,visa,debit
400983,00-99,SOUTH COAST ILWU FEDERAL CREDIT UNION,US,visa,debit
400984,00-99,GREENVILLE FEDERAL CREDIT UNION,US,visa,credit
400985,00-99,COMMONWEALTH BANK AND TRUST COMPANY,US,visa,credit
400986,00-99,VENTURA COUNTY CREDIT UNION,US,visa,credit
400987,00-99,DFCU TULSA FEDERAL CREDIT UNION,US,visa,debit
400988,00-99,LINCOLN SAVINGS BANK,US,visa,debit
400989,00-99,FIRST FINANCIAL BANK,US,visa,credit
400990,00-99,PUBLIC JOINT-STOCK COMPANY UNEX BANK,UA,visa,debit
400991,00-99,LEGACY BANK,US,visa,debit
400992,00-99,EAST WEST BANKING CORPORATION,PH,visa,credit
400993,00-99,EAST WEST BANKING CORPORATION,PH,visa,credit
400994,00-99,CBM BANCO S.A. INSTITUCION DE BANCA MULTIPLE INTEGRANTE DEL GRUPO FINANCIERO C,MX,visa,credit
400995,00-99,NICOLET NATIONAL BANK,US,visa,debit
400996,00-99,CITIBANK NATIONAL ASSOCIATION,PH,visa,credit
400997,00-99,COMMUNITY FEDERAL SAVINGS BANK,US,visa,debit
400998,00-99,FINANCIAL HEALTH FEDERAL CREDIT UNION,US,visa,debit
400999,00-99,TEE-PAK CREDIT UNION,US,visa,debit
401000,00-99,U.S. BANK NATIONAL ASSOCIATION-CREDIT,US,visa,credit
401001,00-99,U.S. BANK NATIONAL ASSOCIATION-CREDIT,US,visa,credit
401002,00-99,U.S. BANK NATIONAL ASSOCIATION-CREDIT,US,visa,credit
401003,00-99,U.S. BANK NATIONAL ASSOCIATION-CREDIT,US,visa,credit
401004,00-99,WUSTENROT BANK AG PFANDBRIEFBANK,DE,visa,credit
401005,00-99,SOCIETE MARSEILLAISE DE CREDIT,FR,visa,credit
401006,00-99,SOCIETE MARSEILLAISE DE CREDIT,FR,visa,debit
401007,00-99,,GB,visa,credit
401008,00-99,,US,visa,credit
401009,00-99,EKSPRES BANK A/S,DK,visa,credit
401010,00-99,1,FR,visa,debit
401011,00-99,,BG,visa,debit
401012,00-99,,BG,visa,debit
401013,00-99,,IN,visa,debit
401014,00-99,OPEN BANK S.A,ES,visa,credit
401015,00-99,,US,visa,credit
401016,00-99,,RO,visa,debit
401017,00-99,,GB,visa,debit
401018,00-99,,ES,visa,debit
401019,00-99,,US,visa,credit
401020,00-99,WOORI BANK,KR,visa,credit
401021,00-99,CAIXABANK PAYMENTS & CONSUMER E.F.C. E.P. S.A.U.,ES,visa,credit
401022,00-99,,US,visa,credit
401023,00-99,,US,visa,credit
401024,00-99,,CY,visa,credit
401025,00-99,,CY,visa,credit
401026,00-99,,US,visa,credit
401027,00-99,UNITED BANK FOR AFRICA (UBA) PLC,CI,visa,debit
401028,00-99,MVB BANK INC,US,visa,credit
401029,00-99,,US,visa,credit
401030,00-99,ORANGE BANK,FR,visa,debit
401031,00-99,ORANGE BANK,FR,visa,credit
401032,00-99,ORANGE BANK,FR,visa,debit
401033,00-99,MVB BANK INC,US,visa,debit
401034,00-99,ORANGE BANK,FR,visa,credit
401035,00-99,ORANGE BANK,FR,visa,debit
401036,00-99,,ES,visa,credit
401037,00-99,,US,visa,credit
401038,00-99,,US,visa,credit
401039,00-99,HSBC UK BANK PLC,GB,visa,credit
401040,00-99,HSBC BANK PLC,GB,visa,credit
401041,00-99,PRIORITY TRUST CREDIT UNION,US,visa,credit
401042,00-99,MAINE COMMUNITY BANK,US,visa,debit
401043,00-99,OP COOPERATIVE,FI,visa,credit
401044,00-99,OP COOPERATIVE,FI,visa,credit
401045,00-99,OP COOPERATIVE,FI,visa,credit
401046,00-99,OP COOPERATIVE,FI,visa,debit
401047,00-99,BANK LEUMI LE-ISRAEL BM,IL,visa,credit
401048,00-99,BANK LEUMI LE-ISRAEL BM,IL,visa,debit
401049,00-99,TURKIYE HALK BANKASI A.S.,TR,visa,debit
401050,00-99,MAINE COMMUNITY BANK,US,visa,debit
401051,00-99,MAINE COMMUNITY BANK,US,visa,debit
401052,00-99,THE CITIZENS BANK,US,visa,debit
401053,00-99,CGR CREDIT UNION,US,visa,debit
401054,00-99,KBR HERITAGE FEDERAL CREDIT UNION,US,visa,credit
401055,00-99,BANK 21,US,visa,debit
401056,00-99,,BR,visa,credit
401057,00-99,CITADELE BANKA,LV,visa,credit
401058,00-99,,US,visa,credit
401059,00-99,,BR,visa,credit
401060,00-99,,ES,visa,credit
401061,00-99,METROPOLITAN L FEDERAL CREDIT UNION,US,visa,debit
401062,00-99,U.S. BANK NATIONAL ASSOCIATION-CREDIT,US,visa,credit
401063,00-99,IDFC FIRST BANK LTD.,IN,visa,credit
401064,00-99,LLOYDS BANK PLC,GB,visa,debit
401065,00-99,TSB BANK PLC,GB,visa,debit
401066,00-99,TSB BANK PLC,GB,visa,credit
401067,00-99,,US,visa,credit
401068,00-99,EKSPRES BANK A/S,NO,visa,credit
401069,00-99,,US,visa,credit
401070,00-99,BANCO BILBAO VIZCAYA ARGENTARIA URUGUAY S.A.,UY,visa,credit
401071,00-99,TURKIYE IS BANKASI A.S.,TR,visa,debit
401072,00-99,FINANSBANK A.S.,TR,visa,credit
401073,00-99,,AU,visa,credit
401074,00-99,,US,visa,credit
401075,00-99,,US,visa,credit
401076,00-99,,US,visa,credit
401077,00-99,,US,visa,credit
401078,00-99,,US,visa,credit
401079,00-99,BANCO FINANCIERA CENTROAMERICANA S.A.,HN,visa,debit
401080,00-99,POWSZECHNA KASA OSZCZEDNOSCI BANK POLSKI SA (PKO BANK POLSKI SA),DE,visa,debit
401081,00-99,,US,visa,credit
401082,00-99,SOLVENTA TARJETAS S.A.,CL,visa,credit
401083,00-99,,US,visa,credit
401084,00-99,BYBLOS BANK SAL,IQ,visa,credit
401085,00-99,SCOTIABANK COLPATRIA S.A,CO,visa,credit
401086,00-99,SCOTIABANK COLPATRIA S.A,CO,visa,credit
401087,00-99,SCOTIABANK COLPATRIA S.A,CO,visa,credit
401088,00-99,SCOTIABANK COLPATRIA S.A,CO,visa,credit
401089,00-99,SCOTIABANK COLPATRIA S.A,CO,visa,credit
401090,00-99,SCOTIABANK COLPATRIA S.A,CO,visa,credit
401091,00-99,SCOTIABANK COLPATRIA S.A,CO,visa,credit
401092,00-99,BANCIEN S.A. Y/O BAN100 S.A.,CO,visa,credit
401093,00-99,BANCIEN S.A. Y/O BAN100 S.A.,CO,visa,credit
401094,00-99,,US,visa,credit
401095,00-99,,CA,visa,credit
401096,00-99,BANCO DE BOGOTA,CO,visa,credit
401097,00-99,TELLER A.S.,BR,visa,credit
401098,00-99,THE TORONTO-DOMINION BANK - MBNA,CA,visa,credit
401099,00-99,LEAD BANK,US,visa,credit
401100,00-99,FIDELITY COMMERCIAL BANK LTD.,KE,visa,credit
401101,00-99,UNION BANK AND TRUST COMPANY,US,visa,credit
401102,00-99,EVERGREEN DIRECT CREDIT UNION,US,visa,credit
401103,00-99,BANK OF AMERICA NATIONAL ASSOCIATION,CA,visa,credit
401104,00-99,SUTTON BANK,US,visa,debit
401105,00-99,PENTAGON FEDERAL CREDIT UNION,US,visa,debit
401106,00-99,MCCOY FEDERAL CREDIT UNION,US,visa,debit
401107,00-99,JETSTREAM FEDERAL CREDIT UNION,US,visa,debit
401108,00-99,FIRST TECH FEDERAL CREDIT UNION,US,visa,credit
401109,00-99,LANDMARK CREDIT UNION,US,visa,credit
401110,00-99,ELECTRO SAVINGS CREDIT UNION,US,visa,credit
401111,00-99,FIRST BANK,US,visa,credit
401112,00-99,CITIBANK NATIONAL ASSOCIATION - CONSUMER,US,visa,credit
401113,00-99,CF BANK NATIONAL ASSOCIATION,US,visa,debit
401114,00-99,COASTLINE FEDERAL CREDIT UNION,US,visa,credit
401115,00-99,CITIBANK NATIONAL ASSOCIATION - CONSUMER,US,visa,credit
401116,00-99,THE SUMMIT FEDERAL CREDIT UNION,US,visa,credit
401117,00-99,AGRICULTURE FEDERAL CREDIT UNION,US,visa,credit
401118,00-99,AGRICULTURE FEDERAL CREDIT UNION,US,visa,credit
401119,00-99,VALLEY STRONG CREDIT UNION,US,visa,debit
401120,00-99,INDUSTRIAL AND COMMERCIAL BANK OF CHINA LTD.,CN,visa,credit
401121,00-99,ARLINGTON COMMUNITY FEDERAL CREDIT UNION,US,visa,credit
401122,00-99,COMMUNITY TRUST CREDIT UNION,US,visa,credit
401123,00-99,BANK OF AMERICA NATIONAL ASSOCIATION,US,visa,credit
401124,00-99,BANK OF AMERICA NATIONAL ASSOCIATION,US,visa,credit
401125,00-99,FIRST COMMUNITY FEDERAL CREDIT UNION,US,visa,credit
401126,00-99,U. S. EAGLE FEDERAL CREDIT UNION,US,visa,credit
401127,00-99,MVB BANK INC,US,visa,debit
401128,00-99,SUTTON BANK,US,visa,debit
401129,00-99,CHARLEVOIX STATE BANK,US,visa,debit
401130,00-99,ITAU UNIBANCO HOLDING S.A.,BR,visa,credit
401131,00-99,ITAU UNIBANCO HOLDING S.A.,BR,visa,credit
401132,00-99,ITAU UNIBANCO HOLDING S.A.,BR,visa,credit
401133,00-99,BANCO ITAUCARD S.A.,BR,visa,credit
401134,00-99,CITIBANK N.A.,US,visa,credit
401135,00-99,JPMORGAN CHASE BANK N.A.,US,visa,credit
401136,00-99,JPMORGAN CHASE BANK N.A.,US,visa,credit
401137,00-99,DOHA BANK LTD.,IN,visa,debit
401138,00-99,IDFC FIRST BANK LTD.,IN,visa,debit
401139,00-99,COMMUNICATION FEDERAL CREDIT UNION,US,visa,debit
401140,00-99,KBC BANK BULGARIA EAD,BG,visa,credit
401141,00-99,COMMUNITY FEDERAL SAVINGS BANK,US,visa,debit
401142,00-99,THE NEW ORLEANS FIREMEN'S FEDERAL CREDIT UNION,US,visa,debit
401143,00-99,K U E FEDERAL CREDIT UNION,US,visa,credit
401144,00-99,ITAU UNIBANCO HOLDING S.A.,BR,visa,credit
401145,00-99,ITAU UNIBANCO HOLDING S.A.,BR,visa,credit
401146,00-99,ITAU UNIBANCO HOLDING S.A.,BR,visa,credit
401147,00-99,FIRST FAMILY FEDERAL CREDIT UNION,US,visa,credit
401148,00-99,VIETNAM TECHNOLOGICAL AND COMMERCIAL JOINT STOCK BANK,VN,visa,debit
401149,00-99,FIRST FINANCIAL BANK,US,visa,debit
401150,00-99,CENTURYFIRST FEDERAL CREDIT UNION,US,visa,debit
401151,00-99,AXIS BANK LTD.,IN,visa,debit
401152,00-99,AXIS BANK LTD.,IN,visa,debit
401153,00-99,,US,visa,debit
401154,00-99,VYSTAR CREDIT UNION,US,visa,debit
401155,00-99,BENTON COUNTY SCHOOLS CREDIT UNION,US,visa,debit
401156,00-99,FIVE STAR BANK,US,visa,debit
401157,00-99,VISECA PAYMENT SERVICES SA,CH,visa,debit
401158,00-99,BANK KHLYNOV,RU,visa,debit
401159,00-99,GEORGIA'S OWN CREDIT UNION,US,visa,credit
401160,00-99,COMMUNITY CREDIT UNION,US,visa,debit
401161,00-99,STEWARD BANK LTD.,ZW,visa,debit
401162,00-99,MAGNIFI FINANCIAL CREDIT UNION,US,visa,debit
401163,00-99,,US,visa,credit
401164,00-99,FIRST NATIONAL BANK OF PENNSYLVANIA,US,visa,debit
401165,00-99,ITAU UNIBANCO HOLDING S.A.,BR,visa,credit
401166,00-99,BANCO ITAUCARD S.A.,BR,visa,credit
401167,00-99,ITAU UNIBANCO HOLDING S.A.,BR,visa,credit
401168,00-99,ITAU UNIBANCO HOLDING S.A.,BR,visa,credit
401169,00-99,BOKF NATIONAL ASSOCIATION,US,visa,debit
401170,00-99,MISSOURI ELECTRIC COOPERATIVE EMPLOYEES' CREDIT UNION,US,visa,debit
401171,00-99,DELTA COMMUNITY CREDIT UNION,US,visa,debit
401172,00-99,BANCO DE RESERVAS DE LA REPUBLICA DOMINICANA,DO,visa,credit
401173,00-99,PUBLIC JOINT-STOCK COMPANY BANK OTKRITIE FINANCIAL CORPORATION,RU,visa,debit
401174,00-99,HANCOCK WHITNEY BANK,US,visa,debit
401175,00-99,UNIVERSITY CREDIT UNION,US,visa,credit
401176,00-99,U.S. BANK N.A.,US,visa,credit
401177,00-99,ARAB BANK PLC,AE,visa,debit
401178,00-99,BANCO DO BRASIL,BR,visa,credit
401179,00-99,BANCO DO BRASIL S.A.,BR,elo,credit
401180,00-99,SUTTON BANK,US,visa,debit
401181,00-99,AMERIS BANK,US,visa,debit
401182,00-99,THE EVANGELINE BANK AND TRUST COMPANY,US,visa,debit
401183,00-99,FIRST NATIONAL BANK AND TRUST COMPANY OF WEATHERFORD,US,visa,debit
401184,00-99,BOK FINANCIAL,US,visa,debit
401185,00-99,ACHIEVA CREDIT UNION,US,visa,credit
401186,00-99,CITIBANK NATIONAL ASSOCIATION - CONSUMER,US,visa,credit
401187,00-99,OMNI COMMUNITY CREDIT UNION,US,visa,debit
401188,00-99,POST LUXEMBOURG,LU,visa,debit
401189,00-99,CITIZENS TRUST BANK,US,visa,credit
401190,00-99,ABERDEEN PROVING GROUND FEDERAL CREDIT UNION,US,visa,debit
401191,00-99,EXPRESS CREDIT UNION,US,visa,debit
401192,00-99,SUTTON BANK,US,visa,debit
401193,00-99,INDUSTRIAL BANK,US,visa,credit
401194,00-99,NORTHEAST COMMUNITY BANK,US,visa,debit
401195,00-99,DIAMOND CREDIT UNION,US,visa,debit
401196,00-99,CREDIT UNION PAYMENT CENTER (LIMITED LIABILITY COMPANY),RU,visa,debit
401197,00-99,SHORE UNITED BANK,US,visa,debit
401198,00-99,CREDIT UNION PAYMENT CENTER (LIMITED LIABILITY COMPANY),RU,visa,debit
401199,00-99,ENNIS STATE BANK,US,visa,debit
401200,00-99,VISA PRODUCTION SUPPORT CLIENT BID 1,US,visa,debit
401201,00-99,SUTTON BANK,US,visa,debit
401202,00-99,U.S. REGION,US,visa,credit
401203,00-99,U.S. REGION,US,visa,credit
401204,00-99,U.S. REGION,US,visa,credit
401205,00-99,LATIN AMERICA AND CARIBBEAN REGION,US,visa,credit
401206,00-99,U.S. REGION,US,visa,credit
401207,00-99,U.S. REGION,US,visa,credit
401208,00-99,U.S. REGION,US,visa,credit
401209,00-99,U.S. REGION,US,visa,credit
401210,00-99,U.S. REGION,US,visa,credit
401211,00-99,U.S. REGION,US,visa,credit
401212,00-99,U.S. REGION,US,visa,credit
401213,00-99,U.S. REGION,US,visa,credit
401214,00-99,U.S. REGION,US,visa,credit
401215,00-99,U.S. REGION,US,visa,credit
401216,00-99,,US,visa,debit
401217,00-99,U.S. REGION,US,visa,credit
401218,00-99,U.S. REGION,US,visa,credit
401219,00-99,U.S. REGION,US,visa,credit
401220,00-99,U.S. REGION,US,visa,credit
401221,00-99,U.S. REGION,US,visa,credit
401222,00-99,U.S. REGION,US,visa,credit
401223,00-99,U.S. REGION,US,visa,credit
401224,00-99,U.S. REGION,US,visa,credit
401225,00-99,U.S. REGION,US,visa,credit
401226,00-99,U.S. REGION,US,visa,credit
401227,00-99,U.S. REGION,US,visa,credit
401228,00-99,U.S. REGION,US,visa,credit
401229,00-99,U.S. REGION,US,visa,credit
401230,00-99,U.S. REGION,US,visa,credit
401231,00-99,NORTH CENTRAL AREA CREDIT UNION,US,visa,credit
401232,00-99,U.S. REGION,US,visa,credit
401233,00-99,U.S. REGION,US,visa,credit
401234,00-99,U.S. REGION,US,visa,credit
401235,00-99,U.S. REGION,US,visa,credit
401236,00-99,U.S. REGION,US,visa,credit
401237,00-99,U.S. REGION,US,visa,credit
401238,00-99,U.S. REGION,US,visa,credit
401239,00-99,U.S. REGION,US,visa,credit
401240,00-99,U.S. REGION,US,visa,credit
401241,00-99,U.S. REGION,US,visa,credit
401242,00-99,U.S. REGION,US,visa,credit
401243,00-99,MVB BANK INC,US,visa,credit
401244,00-99,U.S. REGION,US,visa,credit
401245,00-99,U.S. REGION,US,visa,credit
401246,00-99,U.S. REGION,US,visa,credit
401247,00-99,U.S. REGION,US,visa,credit
401248,00-99,U.S. REGION,US,visa,credit
401249,00-99,U.S. REGION,US,visa,credit
401250,00-99,U.S. REGION,US,visa,credit
401251,00-99,U.S. REGION,US,visa,credit
401252,00-99,U.S. REGION,US,visa,credit
401253,00-99,U.S. REGION,US,visa,credit
401254,00-99,U.S. REGION,US,visa,credit
401255,00-99,U.S. REGION,US,visa,credit
401256,00-99,U.S. REGION,US,visa,credit
401257,00-99,U.S. REGION,US,visa,credit
401258,00-99,U.S. REGION,US,visa,credit
401259,00-99,U.S. REGION,US,visa,credit
401260,00-99,U.S. REGION,US,visa,credit
401261,00-99,U.S. REGION,US,visa,credit
401262,00-99,U.S. REGION,US,visa,credit
401263,00-99,U.S. REGION,US,visa,credit
401264,00-99,U.S. REGION,US,visa,credit
401265,00-99,U.S. REGION,US,visa,credit
401266,00-99,U.S. REGION,US,visa,credit
401267,00-99,U.S. REGION,US,visa,credit
401268,00-99,U.S. REGION,US,visa,credit
401269,00-99,U.S. REGION,US,visa,credit
401270,00-99,U.S. REGION,US,visa,credit
401271,00-99,U.S. REGION,US,visa,credit
401272,00-99,U.S. REGION,US,visa,credit
401273,00-99,U.S. REGION,US,visa,credit
401274,00-99,U.S. REGION,US,visa,credit
401275,00-99,U.S. REGION,US,visa,credit
401276,00-99,U.S. REGION,US,visa,credit
401277,00-99,U.S. REGION,US,visa,credit
401278,00-99,U.S. REGION,US,visa,credit
401279,00-99,U.S. REGION,US,visa,credit
401280,00-99,U.S. REGION,US,visa,credit
401281,00-99,U.S. REGION,US,visa,credit
401282,00-99,U.S. REGION,US,visa,credit
401283,00-99,U.S. REGION,US,visa,credit
401284,00-99,U.S. REGION,US,visa,credit
401285,00-99,U.S. REGION,US,visa,credit
401286,00-99,TIEN PHONG COMMERCIAL JOINT STOCK BANK,VN,visa,credit
401287,00-99,REAP TECHNOLOGIES LTD.,HK,visa,credit
401288,00-99,JSC CREDIT AGRICOLE BANK,UA,visa,credit
401289,00-99,U.S. REGION,US,visa,credit
401290,00-99,U.S. REGION,US,visa,credit
401291,00-99,U.S. REGION,US,visa,credit
401292,00-99,U.S. REGION,US,visa,credit
401293,00-99,U.S. REGION,US,visa,credit
401294,00-99,U.S. REGION,US,visa,credit
401295,00-99,U.S. REGION,US,visa,credit
401296,00-99,U.S. REGION,US,visa,credit
401297,00-99,U.S. REGION,US,visa,credit
401298,00-99,U.S. REGION,US,visa,credit
401299,00-99,ASIA-PACIFIC REGION,SG,visa,credit
401300,00-99,FAIRPORT SAVINGS BANK,US,visa,debit
401301,00-99,MIDLAND CREDIT UNION,US,visa,debit
401302,00-99,MEMBERS COMMUNITY CREDIT UNION,US,visa,debit
401303,00-99,MEMBERS COMMUNITY CREDIT UNION,US,visa,debit
401304,00-99,BANK OF COMMERCE,US,visa,debit
401305,00-99,TRAVIS CREDIT UNION,US,visa,credit
401306,00-99,MUTUAL TRUST BANK,BD,visa,credit
401307,00-99,FIRST STATE BANK,US,visa,debit
401308,00-99,CITIZENS BANK N.A.,US,visa,credit
401309,00-99,CITIZENS BANK N.A.,US,visa,credit
401310,00-99,CITIZENS BANK N.A.,US,visa,credit
401311,00-99,CITIZENS BANK N.A.,US,visa,credit
401312,00-99,FIRST INTERNET BANK OF INDIANA,US,visa,debit
401313,00-99,FIRST BANK,US,visa,credit
401314,00-99,OREGON COAST BANK,US,visa,credit
401315,00-99,BARCLAYS BANK DELAWARE,US,visa,credit
401316,00-99,MUTUAL TRUST BANK,BD,visa,credit
401317,00-99,AL-QURTAS ISLAMIC BANK FOR INVESTMENT AND FINANCE PRIVATE SHAREHOLDI,IQ,visa,debit
401318,00-99,PATHWARD N.A.,US,visa,debit
401319,00-99,THE HOUSING BANK FOR TRADE & FINANCE,JO,visa,debit
401320,00-99,BC CARD,KR,visa,credit
401321,00-99,JPMORGAN CHASE BANK N.A.,US,visa,credit
401322,00-99,JPMORGAN CHASE BANK N.A.,US,visa,credit
401323,00-99,CREDIT UNION PAYMENT CENTER (LIMITED LIABILITY COMPANY),RU,visa,debit
401324,00-99,CITIBANK NATIONAL ASSOCIATION - CONSUMER,US,visa,credit
401325,00-99,NEST BANK,PL,visa,debit
401326,00-99,SEYLAN BANK LTD.,LK,visa,debit
401327,00-99,REPUBLIC BANK OF CHICAGO,US,visa,debit
401328,00-99,COMMUNICATION FEDERAL CREDIT UNION,US,visa,credit
401329,00-99,WILSON BANK AND TRUST,US,visa,credit
401330,00-99,UNITED CREDIT UNION,US,visa,credit
401331,00-99,TRANSIT EMPLOYEES FEDERAL CREDIT UNION,US,visa,debit
401332,00-99,POST OFFICE EMPLOYEES CREDIT UNION,US,visa,debit
401333,00-99,FIRST LEGACY COMMUNITY CREDIT UNION,US,visa,debit
401334,00-99,SIDIAN BANK LTD.,KE,visa,debit
401335,00-99,BYBLOS BANK SAL,LB,visa,debit
401336,00-99,BEEHIVE FEDERAL CREDIT UNION,US,visa,credit
401337,00-99,BEEHIVE FEDERAL CREDIT UNION,US,visa,credit
401338,00-99,FOUR CORNERS COMMUNITY BANK,US,visa,debit
401339,00-99,KEYBANK N.A.,US,visa,credit
401340,00-99,THE HOUSING BANK FOR TRADE & FINANCE,JO,visa,debit
401341,00-99,AAC CREDIT UNION,US,visa,credit
401342,00-99,ITAU UNIBANCO S.A.,BR,visa,credit
401343,00-99,BARCLAYS BANK UK PLC T/AS TESCO BANK,GB,visa,credit
401344,00-99,TESCO PERSONAL FINANCE PLC,GB,visa,credit
401345,00-99,UJJIVAN SMALL FINANCE BANK LTD.,IN,visa,debit
401346,00-99,BELARUSSIAN BANK OF DEVELOPMENT AND RECONSTRUCTION BELINVESTBANK JSC,BY,visa,credit
401347,00-99,IDFC FIRST BANK LTD.,IN,visa,debit
401348,00-99,SUTTON BANK,US,visa,debit
401349,00-99,BELCO COMMUNITY CREDIT UNION,US,visa,debit
401350,00-99,ALLNATIONS BANK,US,visa,debit
401351,00-99,TRANSPORTATION ALLIANCE BANK INC. D/B/A TAB BANK,US,visa,credit
401352,00-99,BLOM BANK S.A.L.,LB,visa,credit
401353,00-99,PT BANK OCBC NISP TBK,ID,visa,credit
401354,00-99,CITIBANK NATIONAL ASSOCIATION - CONSUMER,US,visa,credit
401355,00-99,MERIDIAN MISSISSIPPI ANG FEDERAL CREDIT UNION,US,visa,debit
401356,00-99,HOPE FEDERAL CREDIT UNION,US,visa,debit
401357,00-99,BANK OF COMMERCE,US,visa,debit
401358,00-99,STATE FARM BANK,US,visa,credit
401359,00-99,BANK OF PALESTINE PLC,PS,visa,credit
401360,00-99,CITIBANK NATIONAL ASSOCIATION - CONSUMER,US,visa,credit
401361,00-99,DFCU TULSA FEDERAL CREDIT UNION,US,visa,debit
401362,00-99,MISSISSIPPI FEDERAL CREDIT UNION,US,visa,credit
401363,00-99,MINNESOTA LAKES BANK,US,visa,debit
401364,00-99,TRANSPECOS BANKS SSB,US,visa,debit
401365,00-99,MEMBERS COMMUNITY CREDIT UNION,US,visa,credit
401366,00-99,SIMPLOT EMPLOYEES CREDIT UNION,US,visa,debit
401367,00-99,TMBTHANACHART BANK PUBLIC COMPANY LTD.,TH,visa,debit
401368,00-99,LINEAGE BANK,US,visa,debit
401369,00-99,CITIBANK NATIONAL ASSOCIATION - CONSUMER,US,visa,credit
401370,00-99,CAIXA ECONOMICA FEDERAL,BR,visa,credit
401371,00-99,WELLS FARGO BANK N.A.,US,visa,credit
401372,00-99,WELLS FARGO BANK N.A.,US,visa,credit
401373,00-99,WELLS FARGO BANK N.A.,US,visa,credit
401374,00-99,WELLS FARGO BANK N.A.,US,visa,credit
401375,00-99,CANARA BANK,IN,visa,debit
401376,00-99,PJSC BANK ALEKSANDROVSKY,RU,visa,credit
401377,00-99,CREDIT UNION PAYMENT CENTER (LIMITED LIABILITY COMPANY),RU,visa,debit
401378,00-99,CONNEX CREDIT UNION INC.,US,visa,debit
401379,00-99,CBM BANCO S.A. INSTITUCION DE BANCA MULTIPLE INTEGRANTE DEL GRUPO FINANCIERO C,MX,visa,credit
401380,00-99,LAFISE S.A.,GT,visa,credit
401381,00-99,,GT,visa,credit
401382,00-99,SUPERIOR CREDIT UNION,US,visa,credit
401383,00-99,PANDA COMMERCIAL BANK PLC,KH,visa,debit
401384,00-99,CENTRAL BANK,US,visa,credit
401385,00-99,CENTRAL BANK,US,visa,credit
401386,00-99,CENTRAL BANK,US,visa,credit
401387,00-99,CENTRAL BANK,US,visa,credit
401388,00-99,SUNCOAST CREDIT UNION,US,visa,debit
401389,00-99,WASHINGTON STATE EMPLOYEES CREDIT UNION,US,visa,debit
401390,00-99,WASHINGTON STATE EMPLOYEES CREDIT UNION,US,visa,debit
401391,00-99,HYUNDAI CARD COMPANY LTD.,KR,visa,credit
401392,00-99,WELLS FARGO BANK N.A.,US,visa,credit
401393,00-99,WELLS FARGO BANK N.A.,US,visa,credit
401394,00-99,WELLS FARGO BANK N.A.,US,visa,credit
401395,00-99,WELLS FARGO BANK N.A.,US,visa,credit
401396,00-99,WELLS FARGO BANK N.A.,US,visa,credit
401397,00-99,EASYBANK,NO,visa,debit
401398,00-99,U.S. BANK NATIONAL ASSOCIATION-CREDIT,US,visa,credit
401399,00-99,WEBSTER BANK N.A.,US,visa,credit
401400,00-99,U.S. BANK N.A.,US,visa,debit
401401,00-99,U.S. BANK NATIONAL ASSOCIATION-CREDIT,US,visa,credit
401402,00-99,U.S. BANK NATIONAL ASSOCIATION-CREDIT,US,visa,credit
401403,00-99,HDFC BANK LTD.,IN,visa,credit
401404,00-99,U.S. BANK NATIONAL ASSOCIATION-CREDIT,US,visa,credit
401405,00-99,U.S. BANK NATIONAL ASSOCIATION-CREDIT,US,visa,credit
401406,00-99,U.S. BANK NATIONAL ASSOCIATION-CREDIT,US,visa,credit
401407,00-99,U.S. BANK NATIONAL ASSOCIATION-CREDIT,US,visa,credit
401408,00-99,U.S. BANK NATIONAL ASSOCIATION-CREDIT,US,visa,credit
401409,00-99,U.S. BANK NATIONAL ASSOCIATION-CREDIT,US,visa,credit
401410,00-99,U.S. BANK NATIONAL ASSOCIATION,US,visa,debit
401411,00-99,U.S. BANK NATIONAL ASSOCIATION,US,visa,debit
401412,00-99,U.S. BANK NATIONAL ASSOCIATION-CREDIT,US,visa,credit
401413,00-99,U.S. BANK NATIONAL ASSOCIATION-CREDIT,US,visa,credit
401414,00-99,U.S. BANK NATIONAL ASSOCIATION-CREDIT,US,visa,credit
401415,00-99,USAA FEDERAL SAVINGS BANK - CREDIT,US,visa,credit
401416,00-99,FIRST NATIONAL BANK OF OMAHA,US,visa,credit
401417,00-99,IDAHO CENTRAL CREDIT UNION,US,visa,credit
401418,00-99,COMMERCE BANCSHARES INC.,US,visa,debit
401419,00-99,CALIFORNIA BANK & TRUST,US,visa,debit
401420,00-99,COMMERCE BANCSHARES INC.,US,visa,debit
401421,00-99,TRUIST BANK - CREDIT,US,visa,credit
401422,00-99,COMMERCE BANCSHARES INC.,US,visa,credit
401423,00-99,COMMERCE BANCSHARES INC.,US,visa,credit
401424,00-99,COMMERCE BANCSHARES INC.,US,visa,credit
401425,00-99,TRUIST BANK - CREDIT,US,visa,credit
401426,00-99,TRUIST BANK - CREDIT,US,visa,credit
401427,00-99,TRUIST BANK - CREDIT,US,visa,credit
401428,00-99,TRUIST BANK - CREDIT,US,visa,credit
401429,00-99,AMERICA FIRST FEDERAL CREDIT UNION,US,visa,credit
401430,00-99,AMERICA FIRST FEDERAL CREDIT UNION,US,visa,debit
401431,00-99,AMERICA FIRST FEDERAL CREDIT UNION,US,visa,credit
401432,00-99,AMERICA FIRST FEDERAL CREDIT UNION,US,visa,debit
401433,00-99,AMERICA FIRST FEDERAL CREDIT UNION,US,visa,credit
401434,00-99,INTERPAYMENT SERVICES LTD.,US,visa,credit
401435,00-99,THE BANCORP BANK NATIONAL ASSOCIATION,US,visa,debit
401436,00-99,SUNLIGHT FEDERAL CREDIT UNION,US,visa,debit
401437,00-99,FREMONT BANK,US,visa,debit
401438,00-99,UNIVERSITY OF WISCONSIN CREDIT UNION,US,visa,debit
401439,00-99,SHARE ADVANTAGE CREDIT UNION,US,visa,credit
401440,00-99,TCF BANK,US,visa,credit
401441,00-99,TCF BANK,US,visa,credit
401442,00-99,TCF BANK,US,visa,credit
401443,00-99,TCF BANK,US,visa,credit
401444,00-99,TCF BANK,US,visa,credit
401445,00-99,UNIVERSITY OF WISCONSIN CREDIT UNION,US,visa,credit
401446,00-99,UNIVERSITY OF WISCONSIN CREDIT UNION,US,visa,credit
401447,00-99,FREMONT BANK,US,visa,debit
401448,00-99,TCF BANK,US,visa,debit
401449,00-99,TCF BANK,US,visa,debit
401450,00-99,TCF BANK,US,visa,debit
401451,00-99,TCF BANK,US,visa,debit
401452,00-99,TCF BANK,US,visa,debit
401453,00-99,TCF BANK,US,visa,debit
401454,00-99,TCF BANK,US,visa,debit
401455,00-99,TCF BANK,US,visa,debit
401456,00-99,FREMONT BANK,US,visa,debit
401457,00-99,UNIVERSITY OF WISCONSIN CREDIT UNION,US,visa,credit
401458,00-99,UNIVERSITY OF WISCONSIN CREDIT UNION,US,visa,credit
401459,00-99,UNIVERSITY OF WISCONSIN CREDIT UNION,US,visa,credit
401460,00-99,FIRST FEDERAL BANK LITTLEFIELD TEXAS,US,visa,debit
401461,00-99,TCF BANK,US,visa,debit
401462,00-99,TCF BANK,US,visa,credit
401463,00-99,TCF BANK,US,visa,debit
401464,00-99,TCF BANK,US,visa,debit
401465,00-99,NATIONAL INSTITUTES OF HEALTH FEDERAL CREDIT UNION,US,visa,debit
401466,00-99,FIRST HORIZON BANK,US,visa,credit
401467,00-99,FIRST HORIZON BANK,US,visa,credit
401468,00-99,FAIRWINDS CREDIT UNION,US,visa,credit
401469,00-99,FAIRWINDS CREDIT UNION,US,visa,credit
401470,00-99,FAIRWINDS CREDIT UNION,US,visa,credit
401471,00-99,FAIRWINDS CREDIT UNION,US,visa,credit
401472,00-99,CAPITAL ONE NATIONAL ASSOCIATION,US,visa,credit
401473,00-99,FIRST HORIZON BANK,US,visa,credit
401474,00-99,FIRST HORIZON BANK,US,visa,credit
401475,00-99,FIRST HORIZON BANK,US,visa,debit
401476,00-99,FIRST HORIZON BANK,US,visa,debit
401477,00-99,FIRST HORIZON BANK,US,visa,debit
401478,00-99,FIRST HORIZON BANK,US,visa,debit
401479,00-99,FIRST HORIZON BANK,US,visa,credit
401480,00-99,FIRST HORIZON BANK,US,visa,credit
401481,00-99,FIRST HORIZON BANK,US,visa,debit
401482,00-99,FIRST HORIZON BANK,US,visa,debit
401483,00-99,FIRST HORIZON BANK,US,visa,debit
401484,00-99,FIRST HORIZON BANK,US,visa,debit
401485,00-99,FAIRWINDS CREDIT UNION,US,visa,credit
401486,00-99,FIRST HORIZON BANK,US,visa,credit
401487,00-99,FAIRWINDS CREDIT UNION,US,visa,credit
401488,00-99,FAIRWINDS CREDIT UNION,US,visa,credit
401489,00-99,FIRST HORIZON BANK,US,visa,credit
401490,00-99,SPOKANE TEACHERS CREDIT UNION,US,visa,credit
401491,00-99,COMMERCE BANCSHARES INC.,US,visa,debit
401492,00-99,COMMERCE BANCSHARES INC.,US,visa,debit
401493,00-99,COMMERCE BANCSHARES INC.,US,visa,debit
401494,00-99,COMMERCE BANCSHARES INC.,US,visa,debit
401495,00-99,SPOKANE TEACHERS CREDIT UNION,US,visa,credit
401496,00-99,SPOKANE TEACHERS CREDIT UNION,US,visa,credit
401497,00-99,COMMERCE BANCSHARES INC.,US,visa,debit
401498,00-99,FISERV SOLUTIONS LLC,US,visa,credit
401499,00-99,CUSTOMERS BANK,US,visa,debit
401500,00-99,VISA EUROPE LTD.,GB,visa,credit
401501,00-99,VISA EUROPE LTD.,GB,visa,credit
401502,00-99,VISA EUROPE LTD.,GB,visa,credit
401503,00-99,VISA EUROPE LTD.,GB,visa,credit
401504,00-99,VISA EUROPE LTD.,GB,visa,credit
401505,00-99,U.S. BANK NATIONAL ASSOCIATION-CREDIT,US,visa,credit
401506,00-99,INDUSTRIAL AND COMMERCIAL BANK OF CHINA LTD.,CN,visa,credit
401507,00-99,MVB BANK INC,US,visa,debit
401508,00-99,,KZ,visa,credit
401509,00-99,FARMERS AND MERCHANTS BANK,US,visa,credit
401510,00-99,,KZ,visa,credit
401511,00-99,,ID,visa,credit
401512,00-99,,GB,visa,credit
401513,00-99,,SE,visa,credit
401514,00-99,,US,visa,credit
401515,00-99,,US,visa,credit
401516,00-99,,US,visa,credit
401517,00-99,BARCLAYS BANK,US,visa,credit
401518,00-99,,US,visa,credit
401519,00-99,,US,visa,credit
401520,00-99,SAIGON THUONG TIN COMMERCIAL JOINT STOCK BANK,VN,visa,debit
401521,00-99,TITAN FEDERAL CREDIT UNION,US,visa,debit
401522,00-99,THE BANCORP BANK NATIONAL ASSOCIATION,US,visa,debit
401523,00-99,THE BANCORP BANK NATIONAL ASSOCIATION,US,visa,debit
401524,00-99,THE BANCORP BANK NATIONAL ASSOCIATION,US,visa,debit
401525,00-99,,US,visa,credit
401526,00-99,THE BANCORP BANK NATIONAL ASSOCIATION,US,visa,debit
401527,00-99,BANCO ITAU URUGUAY S.A.,UY,visa,credit
401528,00-99,WASHINGTON FEDERAL BANK,US,visa,credit
401529,00-99,SIOUX VALLEY COMMUNITY CREDIT UNION,US,visa,debit
401530,00-99,VISA EUROPE LTD.,GB,visa,credit
401531,00-99,SSB BANK,US,visa,debit
401532,00-99,FIRST NATIONAL BANK OF OMAHA,US,visa,credit
401533,00-99,MVB BANK INC,US,visa,debit
401534,00-99,GREAT LAKES FIRST FEDERAL CREDIT UNION,US,visa,debit
401535,00-99,THE BANCORP BANK NATIONAL ASSOCIATION,US,visa,debit
401536,00-99,THE BANCORP BANK NATIONAL ASSOCIATION,US,visa,debit
401537,00-99,HURON STATE BANK,US,visa,debit
401538,00-99,NATIONAL INSTITUTES OF HEALTH FEDERAL CREDIT UNION,US,visa,debit
401539,00-99,SOUTHWEST FINANCIAL FEDERAL CREDIT UNION,US,visa,debit
401540,00-99,SOUTHWEST FINANCIAL FEDERAL CREDIT UNION,US,visa,credit
401541,00-99,COLUMBUS BANK AND TRUST COMPANY,US,visa,credit
401542,00-99,WAFD BANK,US,visa,debit
401543,00-99,WAFD BANK,US,visa,debit
401544,00-99,COLUMBUS BANK AND TRUST COMPANY,US,visa,credit
401545,00-99,PEOPLES FIRST SAVINGS BANK,US,visa,debit
401546,00-99,AMERICAN SOUTHWEST CREDIT UNION,US,visa,credit
401547,00-99,GREAT LAKES FIRST FEDERAL CREDIT UNION,US,visa,debit
401548,00-99,CHRISTIAN FINANCIAL CREDIT UNION,US,visa,credit
401549,00-99,OCEANAIR FEDERAL CREDIT UNION,US,visa,credit
401550,00-99,VISA EUROPE LTD.,GB,visa,credit
401551,00-99,INTL HDQTRS-CENTER OWNED,US,visa,credit
401552,00-99,BANCO DO BRASIL S.A.,BR,visa,credit
401553,00-99,BANCO DO BRASIL S.A.,BR,visa,credit
401554,00-99,,US,visa,credit
401555,00-99,HSBC BANK (URUGUAY) S.A.,UY,visa,debit
401556,00-99,HSBC BANK (URUGUAY) S.A.,UY,visa,credit
401557,00-99,BANCO DO BRASIL S.A.,BR,visa,debit
401558,00-99,,DE,visa,credit
401559,00-99,SHINHAN BANK VIETNAM LTD.,VN,visa,credit
401560,00-99,RIYAD BANK,SA,visa,credit
401561,00-99,IDFC FIRST BANK LTD.,IN,visa,credit
401562,00-99,AGRICULTURAL DEVELOPMENT BANK LTD.,NP,visa,credit
401563,00-99,BANCO DO BRASIL S.A.,BR,visa,credit
401564,00-99,DOCK INSTITUICAO DE PAGAMENTO S.A.,BR,visa,credit
401565,00-99,ZAMBIA NATIONAL COMMERCIAL BANK LTD.,ZM,visa,credit
401566,00-99,,MX,visa,credit
401567,00-99,JSC UNEX BANK,UA,visa,credit
401568,00-99,SATHAPANA BANK PLC,KH,visa,credit
401569,00-99,CITIBANK (HONG KONG) LTD.,HK,visa,credit
401570,00-99,WOORI CARD CO. LTD.,KR,visa,credit
401571,00-99,CITIBANK KOREA INC.,KR,visa,credit
401572,00-99,SOLVAY BANK,US,visa,credit
401573,00-99,BANCO DO BRASIL S.A.,BR,visa,credit
401574,00-99,BANCO DO BRASIL S.A.,BR,visa,credit
401575,00-99,NATIONAL BANK OF KUWAIT S.A.K.,BH,visa,credit
401576,00-99,PING AN BANK CO. LTD.,CN,visa,credit
401577,00-99,HUDSON VALLEY CREDIT UNION,US,visa,credit
401578,00-99,RBL BANK LTD.,IN,visa,credit
401579,00-99,,ZA,visa,credit
401580,00-99,,HU,visa,credit
401581,00-99,BANQUE CHAABI DU MAROC,FR,visa,credit
401582,00-99,,US,visa,credit
401583,00-99,RASTRIYA BANIJYA BANK,NP,visa,credit
401584,00-99,SAMSUNG CARD CO. LTD,KR,visa,credit
401585,00-99,LOTTE CARD COMPANY LTD.,KR,visa,credit
401586,00-99,CJSC KYRGYZ INVESTMENT AND CREDIT BANK,KG,visa,credit
401587,00-99,GUARANTY TRUST BANK GHANA LTD.,GH,visa,debit
401588,00-99,NATIONAL AUSTRALIA BANK LTD.,AU,visa,credit
401589,00-99,BIZ INSTITUICAO DE PAGAMENTO LTDA,BR,visa,credit
401590,00-99,ROSWELL COMMUNITY FEDERAL CREDIT UNION,US,visa,debit
401591,00-99,FCA BANK SPA,IT,visa,credit
401592,00-99,FCA BANK SPA,IT,visa,credit
401593,00-99,KOTAK MAHINDRA BANK LTD.,IN,visa,credit
401594,00-99,GREEN DOT BANK DBA BONNEVILLE BANK,US,visa,credit
401595,00-99,,HK,visa,credit
401596,00-99,TRUIST BANK - CREDIT,US,visa,credit
401597,00-99,,US,visa,credit
401598,00-99,,HK,visa,credit
401599,00-99,,US,visa,credit
401600,00-99,CAPITEC BANK LTD.,ZA,visa,debit
401601,00-99,WILMINGTON SAVINGS FUND SOCIETY FSB,US,visa,credit
401602,00-99,WHEAT STATE CREDIT UNION,US,visa,credit
401603,00-99,SUNFLOWER BANK NATIONAL ASSOCIATION,US,visa,debit
401604,00-99,TEAMSTERS CREDIT UNION,US,visa,debit
401605,00-99,PUBLIC JOINT-STOCK COMPANY BANK OTKRITIE FINANCIAL CORPORATION,RU,visa,debit
401606,00-99,THE SHANGHAI COMMERCIAL & SAVINGS BANK LTD.,TW,visa,debit
401607,00-99,MASHREQBANK,EG,visa,debit
401608,00-99,ABU DHABI ISLAMIC BANK EGYPT,EG,visa,debit
401609,00-99,NEW BRUNSWICK POSTAL FEDERAL CREDIT UNION,US,visa,credit
401610,00-99,BANCO IMPROSA S.A.,CR,visa,credit
401611,00-99,COOPERATIVA YPACARAI LTDA.,PY,visa,credit
401612,00-99,APL FEDERAL CREDIT UNION,US,visa,credit
401613,00-99,IDFC FIRST BANK LTD.,IN,visa,debit
401614,00-99,HARVESTER'S FEDERAL CREDIT UNION,US,visa,debit
401615,00-99,THE FIRST NATIONAL BANK OF GRANBURY,US,visa,debit
401616,00-99,BANCO PICHINCHA S.A.,CO,visa,credit
401617,00-99,THE WATERFORD COMMERCIAL AND SAVINGS BANK,US,visa,debit
401618,00-99,BANK OF MALDIVES PLC,MV,visa,credit
401619,00-99,COGENT BANK,US,visa,debit
401620,00-99,DINERO ELECTRONICO ANDA S.A.,UY,visa,credit
401621,00-99,PINNACLE BANK,US,visa,debit
401622,00-99,YAPI VE KREDI BANKASI A.S.,TR,visa,debit
401623,00-99,WELLS FARGO BANK NATIONAL ASSOCIATION,US,visa,credit
401624,00-99,CJSC ACTIVBANK,TJ,visa,debit
401625,00-99,THREAD BANK,US,visa,debit
401626,00-99,MVB BANK INC,US,visa,debit
401627,00-99,WEST CENTRAL BANK,US,visa,debit
401628,00-99,GLYNN COUNTY FEDERAL EMPLOYEES CREDIT UNION,US,visa,debit
401629,00-99,JM ASSOCIATES FEDERAL CREDIT UNION,US,visa,debit
401630,00-99,ACCESS BANK (GHANA) PLC,GH,visa,debit
401631,00-99,EMIRATES ISLAMIC BANK P.J.S.C.,AE,visa,credit
401632,00-99,ATH COSTA RICA S.A.,CR,visa,credit
401633,00-99,MASRAF AL RAYAN,QA,visa,debit
401634,00-99,FIRST SERVICE CREDIT UNION,US,visa,credit
401635,00-99,HYPO ALPE-ADRIA-BANKA A.D.,RS,visa,credit
401636,00-99,MAYBANK SINGAPORE LTD.,SG,visa,credit
401637,00-99,CCB BRASIL,BR,visa,credit
401638,00-99,FIRSTMARK CREDIT UNION,US,visa,debit
401639,00-99,FIRSTBANK PUERTO RICO,PR,visa,credit
401640,00-99,BANCO UNO S.A.,GB,visa,debit
401641,00-99,ELGA CREDIT UNION,US,visa,credit
401642,00-99,THE BANK OF NOVA SCOTIA (PANAMA BRANCH),PA,visa,credit
401643,00-99,TARJETAS DE CREDITO DE OCCIDENTE S.A.,GT,visa,credit
401644,00-99,LAND OF LINCOLN CREDIT UNION,US,visa,debit
401645,00-99,AEON SPECIALIZED BANK (CAMBODIA) PLC.,KH,visa,debit
401646,00-99,CANARA BANK,IN,visa,debit
401647,00-99,BANCO INDUSTRIAL S.A.,GT,visa,debit
401648,00-99,LUDOVA BANKA BRATISLAVA A.S.,SK,visa,credit
401649,00-99,LIFECARD CO. LTD.,JP,visa,credit
401650,00-99,CROSSPOINT FEDERAL CREDIT UNION,US,visa,credit
401651,00-99,NMB BANK LTD.,ZW,visa,debit
401652,00-99,ITAU UNIBANCO HOLDING S.A.,BR,visa,credit
401653,00-99,ITAU UNIBANCO HOLDING S.A.,BR,visa,credit
401654,00-99,CITIZENS COMMUNITY FEDERAL,US,visa,debit
401655,00-99,FIRST FEDERAL BANK A FSB,US,visa,debit
401656,00-99,STALEY CREDIT UNION,US,visa,debit
401657,00-99,FARMERS BANK AND TRUST COMPANY,US,visa,debit
401658,00-99,STOCK YARDS BANK,US,visa,debit
401659,00-99,PBK BANK INC.,US,visa,debit
401660,00-99,EMBLEM CREDIT UNION,US,visa,debit
401661,00-99,METABANK,US,visa,debit
401662,00-99,JOINT-STOCK HALYK SAVINGS BANK OF KAZAKHSTAN,KZ,visa,credit
401663,00-99,BANCO CUSCATLAN DE EL SALVADOR S.A.,SV,visa,credit
401664,00-99,BANCO CITIBANK DE EL SALVADOR S.A.,SV,visa,credit
401665,00-99,,LK,visa,debit
401666,00-99,BRIGHTSTAR CREDIT UNION,US,visa,debit
401667,00-99,MVB BANK INC,US,visa,credit
401668,00-99,U.S. BANK NATIONAL ASSOCIATION-CREDIT,US,visa,credit
401669,00-99,BANCO PROVINCIA DE TIERRA DEL FUEGO,AR,visa,credit
401670,00-99,HOMETRUST BANK,US,visa,debit
401671,00-99,WELLS FARGO BANK N.A.,US,visa,debit
401672,00-99,CHEROKEE COUNTY FEDERAL CREDIT UNION,US,visa,debit
401673,00-99,FIRST AMERICAN BANK,US,visa,debit
401674,00-99,MIDFLORIDA CREDIT UNION,US,visa,debit
401675,00-99,BANCO DEL PARANA S.A.,PY,visa,credit
401676,00-99,MVB BANK INC,US,visa,credit
401677,00-99,HYPO ALPE-ADRIA-BANKA A.D.,ME,visa,debit
401678,00-99,BC CARD COMPANY LTD.,KR,visa,debit
401679,00-99,MERRICK BANK,US,visa,credit
401680,00-99,CREDOMATIC DE EL SALVADOR S.A.,SV,visa,credit
401681,00-99,BANCO DEL ISTMO (COSTA RICA) S.A.,CR,visa,credit
401682,00-99,ATH COSTA RICA S.A.,CR,visa,credit
401683,00-99,PHNOM PENH COMMERCIAL BANK,KH,visa,credit
401684,00-99,SAFRA,BR,visa,credit
401685,00-99,BLACK HILLS FEDERAL CREDIT UNION,US,visa,debit
401686,00-99,COMMERCE BANCSHARES INC.,US,visa,credit
401687,00-99,PARTNERS FEDERAL CREDIT UNION,US,visa,credit
401688,00-99,PARTNERS FEDERAL CREDIT UNION,US,visa,credit
401689,00-99,ABSA GROUP LTD.,ZA,visa,credit
401690,00-99,MARGINALEN BANK BANKAKTIEBOLAG,SE,visa,credit
401691,00-99,AMERICAN BANK & TRUST COMPANY,US,visa,debit
401692,00-99,ITAU UNIBANCO S.A.,BR,visa,credit
401693,00-99,BANCO GNB SUDAMERIS S.A.,CO,visa,credit
401694,00-99,BANCO GNB SUDAMERIS S.A.,CO,visa,credit
401695,00-99,STATE BANK OF BEMENT,US,visa,credit
401696,00-99,CITIBANK,AR,visa,credit
401697,00-99,THE CREDIT UNION FOR ALL,US,visa,debit
401698,00-99,NEW INDIA COOPERATIVE BANK LTD.,IN,visa,debit
401699,00-99,,US,visa,debit
401700,00-99,VISA DPS,US,visa,credit
401701,00-99,CITIBANK NATIONAL ASSOCIATION - CONSUMER,US,visa,credit
401702,00-99,PARTNERS 1ST FEDERAL CREDIT UNION,US,visa,credit
401703,00-99,PARTNERS 1ST FEDERAL CREDIT UNION,US,visa,credit
401704,00-99,ICICI BANK LTD.,IN,visa,debit
401705,00-99,EQUITABLE BANK,US,visa,debit
401706,00-99,CITIBANK NATIONAL ASSOCIATION - CONSUMER,US,visa,credit
401707,00-99,THE FIRST NATIONAL BANK AT ST. JAMES,US,visa,debit
401708,00-99,CFG BANK,MA,visa,debit
401709,00-99,INDIANA MEMBERS CREDIT UNION,US,visa,debit
401710,00-99,CFG BANK,MA,visa,debit
401711,00-99,ICICI BANK LTD.,IN,visa,debit
401712,00-99,CFG BANK,MA,visa,debit
401713,00-99,ATTIJARIWAFA BANK,MA,visa,debit
401714,00-99,WELLS FARGO BANK N.A.,US,visa,debit
401715,00-99,FAMILY BANK,US,visa,debit
401716,00-99,PRESIDENTS FEDERAL CREDIT UNION,US,visa,credit
401717,00-99,MIDFIRST BANK,US,visa,credit
401718,00-99,THE CITIZENS BANK OF PHILADELPHIA MISSISSIPPI,US,visa,debit
401719,00-99,CHELSEA GROTON BANK,US,visa,debit
401720,00-99,SIU CREDIT UNION,US,visa,credit
401721,00-99,ALTONIZED COMMUNITY FEDERAL CREDIT UNION,US,visa,debit
401722,00-99,BANCO MACRO S.A.,AR,visa,credit
401723,00-99,GROW FINANCIAL FEDERAL CREDIT UNION,US,visa,credit
401724,00-99,1ST FINANCIAL BANK USA,US,visa,credit
401725,00-99,PARTNERS FEDERAL CREDIT UNION,US,visa,credit
401726,00-99,MAROON FINANCIAL CREDIT UNION,US,visa,debit
401727,00-99,CAIXABANK S.A.,ES,visa,debit
401728,00-99,DEUTSCHE BANK SOCIEDAD AN NIMA ESPA OLA,ES,visa,credit
401729,00-99,MASHREQBANK,EG,visa,debit
401730,00-99,FIRST OKLAHOMA FEDERAL CREDIT UNION,US,visa,debit
401731,00-99,MVB BANK INC,US,visa,credit
401732,00-99,UKRAINIAN FEDERAL CREDIT UNION,US,visa,credit
401733,00-99,BANCO INTERNACIONAL DE MOCAMBIQUE S.A,MZ,visa,credit
401734,00-99,EMIRATES ISLAMIC BANK P.J.S.C.,AE,visa,credit
401735,00-99,BANCO INTERNACIONAL DE MOCAMBIQUE S.A,MZ,visa,credit
401736,00-99,KOTAK MAHINDRA BANK LTD.,IN,visa,debit
401737,00-99,,US,visa,credit
401738,00-99,TURKIYE GARANTI BANKASI A. S.,TR,visa,debit
401739,00-99,BANK OF SOUTH PACIFIC TONGA LTD.,TO,visa,debit
401740,00-99,ROSWELL COMMUNITY FEDERAL CREDIT UNION,US,visa,debit
401741,00-99,GESA CREDIT UNION,US,visa,credit
401742,00-99,THE TORONTO-DOMINION BANK - MBNA,CA,visa,credit
401743,00-99,SUTTON BANK,US,visa,debit
401744,00-99,BANCO INTERNACIONAL DE MOCAMBIQUE S.A,MZ,visa,credit
401745,00-99,WAUNA FEDERAL CREDIT UNION,US,visa,credit
401746,00-99,EMIRATES ISLAMIC BANK P.J.S.C.,AE,visa,credit
401747,00-99,ACCESSBANK TEXAS,US,visa,credit
401748,00-99,U.S. BANK NATIONAL ASSOCIATION-CREDIT,US,visa,credit
401749,00-99,HSBC BANK USA N.A.,US,visa,credit
401750,00-99,WALLESTER AS,EE,visa,debit
401751,00-99,FIRST ABU DHABI BANK (PJSC),OM,visa,debit
401752,00-99,GE CAPITAL FINANCIAL INC.,US,visa,credit
401753,00-99,CITIBANK NATIONAL ASSOCIATION - CONSUMER,US,visa,credit
401754,00-99,BANCO INTERNACIONAL DE MOCAMBIQUE S.A,MZ,visa,debit
401755,00-99,WELLS FARGO BANK N.A.,US,visa,debit
401756,00-99,TAHQUAMENON AREA CREDIT UNION,US,visa,credit
401757,00-99,WELLS FARGO BANK N.A.,US,visa,debit
401758,00-99,BANK AL JAZIRA,SA,visa,debit
401759,00-99,AMERICAN PARTNERS FEDERAL CREDIT UNION,US,visa,debit
401760,00-99,JOINT-STOCK COMPANY COMMERCIAL BANK SOLIDARNOST,RU,visa,debit
401761,00-99,PALMETTO STATE BANK,US,visa,credit
401762,00-99,HYUNDAI CARD COMPANY LTD.,KR,visa,credit
401763,00-99,IBERCAJA BANCO,ES,visa,credit
401764,00-99,CAL BANK LTD.,GH,visa,debit
401765,00-99,BANQUE MAROCAINE DU COMMERCE EXTERIEUR,MA,visa,credit
401766,00-99,TRANSPORT AND DEVELOPMENT BANK,MN,visa,credit
401767,00-99,ICICI BANK LTD.,IN,visa,debit
401768,00-99,FIRST NATIONAL BANK OF OMAHA,US,visa,credit
401769,00-99,MEEZAN BANK LTD.,PK,visa,debit
401770,00-99,JPMORGAN CHASE BANK N.A.,US,visa,credit
401771,00-99,ARMCO CREDIT UNION,US,visa,credit
401772,00-99,ICICI BANK LTD.,IN,visa,debit
401773,00-99,GVS PREPAID (EUROPE) LTD.,IE,visa,debit
401774,00-99,INDEPENDENCE BANK,US,visa,debit
401775,00-99,ARMCO CREDIT UNION,US,visa,credit
401776,00-99,CAPITAL CREDIT UNION,US,visa,credit
401777,00-99,TD BANK NATIONAL ASSOCIATION,US,visa,debit
401778,00-99,AL BILAD BANK,SA,visa,debit
401779,00-99,ALPHA BANK S.A.,GR,visa,debit
401780,00-99,ICICI BANK LTD.,IN,visa,debit
401781,00-99,BANKERS' BANK OF THE WEST,US,visa,credit
401782,00-99,KEYBANK N.A.,US,visa,credit
401783,00-99,ZIONS BANCORPORATION NATIONAL ASSOCIATION,US,visa,debit
401784,00-99,ICICI BANK LTD.,IN,visa,debit
401785,00-99,NATIONAL AUSTRALIA BANK LTD.,AU,visa,credit
401786,00-99,DEUTSCHE POSTBANK AG,DE,visa,debit
401787,00-99,HYUNDAI CARD COMPANY LTD.,KR,visa,credit
401788,00-99,FIRST SERVICE CREDIT UNION,US,visa,debit
401789,00-99,FIRST SERVICE CREDIT UNION,US,visa,debit
401790,00-99,FAMILY TRUST FEDERAL CREDIT UNION,US,visa,credit
401791,00-99,CAJA RURALE DE ALMENDRALEJO SOCIEDAD COOPERATIVA DE CREDITO,ES,visa,credit
401792,00-99,INTERNATIONAL DEVELOPMENT BANK FOR INVESTMENT AND FINANCE,IQ,visa,credit
401793,00-99,PACIFIC HORIZON CREDIT UNION,US,visa,credit
401794,00-99,BANCORPSOUTH BANK,US,visa,credit
401795,00-99,,AU,visa,debit
401796,00-99,ICICI BANK LTD.,IN,visa,debit
401797,00-99,CAPITAL ONE BANK (USA) N.A.,US,visa,credit
401798,00-99,ICICI BANK LTD.,IN,visa,debit
401799,00-99,HOMELAND CREDIT UNION INC.,US,visa,credit
401800,00-99,PJSC JSB UKRGASBANK,UA,visa,credit
401801,00-99,AFRILAND FIRST BANK - GUINEE SA,GN,visa,debit
401802,00-99,AFRILAND FIRST BANK - GUINEE SA,GN,visa,debit
401803,00-99,JS SAVINGS BANK BELARUSBANK,BY,visa,credit
401804,00-99,CITIBANK NATIONAL ASSOCIATION - CONSUMER,US,visa,credit
401805,00-99,SEYLAN BANK LTD.,LK,visa,debit
401806,00-99,ICICI BANK LTD.,IN,visa,debit
401807,00-99,PARK VIEW FEDERAL CREDIT UNION,US,visa,debit
401808,00-99,CO-OPERATIVE CREDIT UNION,US,visa,debit
401809,00-99,INTERNATIONAL DEVELOPMENT BANK FOR INVESTMENT AND FINANCE,IQ,visa,debit
401810,00-99,UNICREDIT S.P.A.,IT,visa,credit
401811,00-99,BELCO COMMUNITY CREDIT UNION,US,visa,credit
401812,00-99,BANQUE SAUDI FRANSI,SA,visa,credit
401813,00-99,WAYNE-WESTLAND FEDERAL CREDIT UNION,US,visa,credit
401814,00-99,BANCO COOPERATIVO ESPANOL S.A.,ES,visa,debit
401815,00-99,BANCO MEDIOLANUM S.A.,ES,visa,debit
401816,00-99,KLARNA FINANCIAL SERVICES UK LTD.,GB,visa,credit
401817,00-99,THE BANK OF N.T. BUTTERFIELD & SON LTD.,BM,visa,credit
401818,00-99,WESTERN NEBRASKA BANK,US,visa,debit
401819,00-99,NAVIGANT CREDIT UNION,US,visa,debit
401820,00-99,UNICREDIT S.P.A.,IT,visa,credit
401821,00-99,CB MOLDOVA AGROINDBANK S.A.,MD,visa,credit
401822,00-99,TJSB SAHAKARI BANK LTD.,IN,visa,debit
401823,00-99,TJSB SAHAKARI BANK LTD.,IN,visa,debit
401824,00-99,CITIBANK NATIONAL ASSOCIATION - CONSUMER,US,visa,credit
401825,00-99,INDUSIND BANK LTD.,IN,visa,debit
401826,00-99,BANK OF CLARKE,US,visa,debit
401827,00-99,,AE,visa,debit
401828,00-99,STANBIC BANK UGANDA LTD.,GH,visa,debit
401829,00-99,CITIBANK NATIONAL ASSOCIATION - CONSUMER,US,visa,credit
401830,00-99,STRIPE TECHNOLOGY EUROPE LTD.,ES,visa,credit
401831,00-99,MVB BANK INC,US,visa,debit
401832,00-99,HERSHEY FEDERAL CREDIT UNION,US,visa,debit
401833,00-99,PEOPLES BANK,US,visa,debit
401834,00-99,ITHINK FINANCIAL CREDIT UNION,US,visa,debit
401835,00-99,ABANCA CORPORACION BANCARIA S.A,ES,visa,credit
401836,00-99,BANCO COOPERATIVO ESPANOL S.A.,ES,visa,debit
401837,00-99,WELCH STATE BANK OF WELCH OKLA.,US,visa,debit
401838,00-99,FARMERS AND MERCHANTS BANK,US,visa,debit
401839,00-99,BANCO DE POUPANCA E CREDITO S.A.R.L.,AO,visa,credit
401840,00-99,REPUBLIC BANK OF CHICAGO,US,visa,debit
401841,00-99,MIDWEST BANK,US,visa,debit
401842,00-99,THE FIRST BANK AND TRUST COMPANY,US,visa,debit
401843,00-99,MVB BANK INC,US,visa,debit
401844,00-99,SHINHAN CARD CO. LTD.,KR,visa,credit
401845,00-99,VOYAGE FEDERAL CREDIT UNION,US,visa,credit
401846,00-99,INDUSTRIAL AND COMMERCIAL BANK OF CHINA LTD.,CN,visa,credit
401847,00-99,SCIENT FEDERAL CREDIT UNION,US,visa,debit
401848,00-99,EMPIRE ONE FEDERAL CREDIT UNION,US,visa,credit
401849,00-99,COMMERZBANK AG,DE,visa,credit
401850,00-99,COMMERZBANK AG,DE,visa,credit
401851,00-99,BANCO COOPERATIVO ESPANOL S.A.,ES,visa,credit
401852,00-99,BANCO COOPERATIVO ESPANOL S.A.,ES,visa,credit
401853,00-99,BANCO COOPERATIVO ESPANOL S.A.,ES,visa,debit
401854,00-99,FIRST STATE BANK,US,visa,debit
401855,00-99,1ST FINANCIAL BANK USA,US,visa,credit
401856,00-99,FIRST UKRAINIAN INTERNATIONAL BANK,UA,visa,debit
401857,00-99,STONE BANK,US,visa,debit
401858,00-99,AL-TAIF ISLAMIC BANK FOR INVESTMENT & FINANCE,IQ,visa,credit
401859,00-99,KEYPOINT CREDIT UNION,US,visa,debit
401860,00-99,UNION BANK OF INDIA,IN,visa,debit
401861,00-99,OHIO VALLEY BANK COMPANY,US,visa,credit
401862,00-99,INTERNATIONAL BANK OF AZERBAIJAN,AZ,visa,debit
401863,00-99,HORICON BANK,US,visa,debit
401864,00-99,FIRST EXCHANGE BANK,US,visa,debit
401865,00-99,LOUVIERS FEDERAL CREDIT UNION,US,visa,debit
401866,00-99,WELLS FARGO BANK NATIONAL ASSOCIATION,US,visa,credit
401867,00-99,JPMORGAN CHASE BANK N.A.,US,visa,credit
401868,00-99,BANK OF AMERICA NATIONAL ASSOCIATION,US,visa,credit
401869,00-99,1ST FINANCIAL BANK USA,US,visa,credit
401870,00-99,BANK OF CHINA LTD.,CN,visa,debit
401871,00-99,MERCHANTS BANK OF INDIANA,US,visa,credit
401872,00-99,STANBIC BANK UGANDA LTD.,GH,visa,debit
401873,00-99,ATABANK COMMERCIAL BANK,AZ,visa,credit
401874,00-99,JOURNEY BANK,US,visa,debit
401875,00-99,COMPASS BANCA S.P.A.,IT,visa,credit
401876,00-99,PAYRNET LTD.,GB,visa,debit
401877,00-99,RIVER CITY FEDERAL CREDIT UNION,US,visa,credit
401878,00-99,RIVER CITY FEDERAL CREDIT UNION,US,visa,credit
401879,00-99,SUTTON BANK,US,visa,debit
401880,00-99,SRI FEDERAL CREDIT UNION,US,visa,credit
401881,00-99,BANK OF VALLETTA P.L.C,MT,visa,credit
401882,00-99,BANK OF VALLETTA P.L.C,MT,visa,credit
401883,00-99,BANQUE SAUDI FRANSI,SA,visa,credit
401884,00-99,BANQUE SAUDI FRANSI,SA,visa,credit
401885,00-99,HYUNDAI CARD COMPANY LTD.,KR,visa,credit
401886,00-99,QUINCY CREDIT UNION,US,visa,credit
401887,00-99,QUINCY CREDIT UNION,US,visa,debit
401888,00-99,UBANK LTD.,ZA,visa,credit
401889,00-99,VAST BANK,US,visa,debit
401890,00-99,PENNSTAR FEDERAL CREDIT UNION,US,visa,debit
401891,00-99,EMIRATES ISLAMIC BANK P.J.S.C.,AE,visa,credit
401892,00-99,IRON WORKERS SAVINGS BANK,US,visa,debit
401893,00-99,DBS BANK LTD.,SG,visa,debit
401894,00-99,1ST FINANCIAL BANK USA,US,visa,credit
401895,00-99,HYUNDAI CARD COMPANY LTD.,KR,visa,credit
401896,00-99,STRIDE BANK NATIONAL ASSOCIATION,US,visa,debit
401897,00-99,GE CREDIT UNION,US,visa,debit
401898,00-99,CITIBANK KOREA INC.,KR,visa,credit
401899,00-99,EPLATA MEXICO S.A. DE C.V. IFPE,MX,visa,debit
401900,00-99,BANESCO (PANAMA) S.A.,PA,visa,debit
401901,00-99,BANK OF AMERICA - CONSUMER CREDIT,US,visa,credit
401902,00-99,BANK OF AMERICA - CONSUMER CREDIT,US,visa,credit
401903,00-99,SUNLIGHT FEDERAL CREDIT UNION,US,visa,credit
401904,00-99,TIMBERLINE BANK,US,visa,debit
401905,00-99,METROPOLITAN CAPITAL BANK & TRUST,US,visa,debit
401906,00-99,METROPOLITAN CAPITAL BANK & TRUST,US,visa,debit
401907,00-99,IGNITE CREDIT UNION,US,visa,credit
401908,00-99,INROADS FEDERAL CREDIT UNION,US,visa,credit
401909,00-99,FLAGSTAR BANK NATIONAL ASSOCIATION,US,visa,debit
401910,00-99,IGNITE CREDIT UNION,US,visa,credit
401911,00-99,WELLS FARGO BANK N.A.,US,visa,credit
401912,00-99,UNITED BANK FOR AFRICA GHANA LTD.,GH,visa,debit
401913,00-99,VISA EUROPE LTD.,GB,visa,credit
401914,00-99,VISA EUROPE LTD.,GB,visa,credit
401915,00-99,WELLS FARGO BANK N.A.,US,visa,credit
401916,00-99,,RU,visa,credit
401917,00-99,MODHUMOTI BANK LTD.,BD,visa,credit
401918,00-99,MODHUMOTI BANK LTD.,BD,visa,credit
401919,00-99,UNITED BANK FOR AFRICA GHANA LTD.,GH,visa,debit
401920,00-99,ICICI BANK LTD.,IN,visa,debit
401921,00-99,REGIONS BANK,US,visa,debit
401922,00-99,REGIONS BANK,US,visa,credit
401923,00-99,CONNEX CREDIT UNION INC.,US,visa,debit
401924,00-99,KANMU INC.,JP,visa,debit
401925,00-99,GROW FINANCIAL FEDERAL CREDIT UNION,US,visa,debit
401926,00-99,U.S. BANK N.A.,US,visa,debit
401927,00-99,ADVANCE FINANCIAL FEDERAL CREDIT UNION,US,visa,credit
401928,00-99,WELLS FARGO BANK N.A.,US,visa,credit
401929,00-99,AXOS BANK,US,visa,credit
401930,00-99,AXOS BANK,US,visa,credit
401931,00-99,LINEAGE BANK,US,visa,credit
401932,00-99,WELLS FARGO BANK N.A.,US,visa,credit
401933,00-99,SOUTHERN FIRST BANK,US,visa,credit
401934,00-99,WELLS FARGO BANK N.A.,US,visa,credit
401935,00-99,WELLS FARGO BANK N.A.,US,visa,credit
401936,00-99,WELLS FARGO BANK N.A.,US,visa,credit
401937,00-99,WELLS FARGO BANK N.A.,US,visa,credit
401938,00-99,DBS BANK LTD.,IN,visa,debit
401939,00-99,CITIZENS BANK & TRUST CO.,US,visa,debit
401940,00-99,,US,visa,credit
401941,00-99,ECOBANK - TOGO,TG,visa,debit
401942,00-99,STANBIC BANK GHANA LTD.,GH,visa,credit
401943,00-99,DMB COMMUNITY BANK,US,visa,debit
401944,00-99,ECOBANK BURKINA,BF,visa,debit
401945,00-99,ECOBANK MALI S.A.,ML,visa,debit
401946,00-99,POWELL VALLEY NATIONAL BANK,US,visa,debit
401947,00-99,,US,visa,debit
401948,00-99,STANBIC BANK GHANA LTD.,GH,visa,credit
401949,00-99,JSC LIBERTY BANK,GE,visa,debit
401950,00-99,WELLS FARGO BANK N.A.,US,visa,credit
401951,00-99,FIRST NATIONAL BANK OF OMAHA,US,visa,credit
401952,00-99,WELLS FARGO BANK N.A.,US,visa,credit
401953,00-99,FIRST NATIONAL BANK OF OMAHA,US,visa,credit
401954,00-99,FIRST NATIONAL BANK OF OMAHA,US,visa,credit
401955,00-99,FIRST NATIONAL BANK OF OMAHA,US,visa,credit
401956,00-99,FIRST NATIONAL BANK OF OMAHA,US,visa,credit
401957,00-99,BANK OF ANN ARBOR,US,visa,debit
401958,00-99,TBK BANK SSB,US,visa,debit
401959,00-99,TBK BANK SSB,US,visa,debit
401960,00-99,MODHUMOTI BANK LTD.,BD,visa,credit
401961,00-99,MODHUMOTI BANK LTD.,BD,visa,debit
401962,00-99,FIREFIGHTERS FIRST FEDERAL CREDIT UNION,US,visa,credit
401963,00-99,FIREFIGHTERS FIRST FEDERAL CREDIT UNION,US,visa,debit
401964,00-99,FARMERS AND MINERS BANK,US,visa,debit
401965,00-99,UNITED BANK,US,visa,debit
401966,00-99,M&T BANK,US,visa,credit
401967,00-99,M&T BANK,US,visa,credit
401968,00-99,M&T BANK,US,visa,credit
401969,00-99,FEDERACI N DE CAJAS DE CR DITO Y DE BANCOS DE LOS TRABAJADORES S.C. DE C.V. DE,SV,visa,debit
401970,00-99,PELICAN CREDIT UNION,US,visa,credit
401971,00-99,BUSEY BANK,US,visa,debit
401972,00-99,THE AMERICAN NATIONAL BANK OF TEXAS,US,visa,debit
401973,00-99,FLAGSTAR BANK NATIONAL ASSOCIATION,US,visa,debit
401974,00-99,TBK BANK,US,visa,debit
401975,00-99,WELLS FARGO BANK NATIONAL ASSOCIATION,US,visa,credit
401976,00-99,WELLS FARGO BANK NATIONAL ASSOCIATION,US,visa,credit
401977,00-99,WELLS FARGO BANK NATIONAL ASSOCIATION,US,visa,credit
401978,00-99,BANQUE SAUDI FRANSI,SA,visa,debit
401979,00-99,BANK OF OAK RIDGE,US,visa,debit
401980,00-99,BANK OF CHINA LTD.,CN,visa,debit
401981,00-99,,US,visa,credit
401982,00-99,LA CAPITOL FEDERAL CREDIT UNION,US,visa,debit
401983,00-99,LA CAPITOL FEDERAL CREDIT UNION,US,visa,credit
401984,00-99,LA CAPITOL FEDERAL CREDIT UNION,US,visa,credit
401985,00-99,UNITED NATIONS FEDERAL CREDIT UNION,US,visa,credit
401986,00-99,LEE BANK AND TRUST COMPANY,US,visa,debit
401987,00-99,FIRST PRIORITY CREDIT UNION,US,visa,debit
401988,00-99,FIRST PRIORITY CREDIT UNION,US,visa,credit
401989,00-99,STANBIC BANK UGANDA LTD.,GH,visa,credit
401990,00-99,NEW CENTURY BANK,US,visa,debit
401991,00-99,FIRST COMMUNITY BANK,US,visa,debit
401992,00-99,WELLS FARGO BANK N.A.,US,visa,credit
401993,00-99,DOMINION ENERGY CREDIT UNION,US,visa,credit
401994,00-99,SUTTON BANK,US,visa,debit
401995,00-99,BANK OF ANN ARBOR,US,visa,debit
401996,00-99,DAVIS TRUST COMPANY,US,visa,debit
401997,00-99,KNOXVILLE TEACHERS FEDERAL CREDIT UNION,US,visa,debit
401998,00-99,,IE,visa,debit
401999,00-99,FIRST NATIONAL BANK OF MICHIGAN,US,visa,debit
402000,00-99,OCEAN FINANCIAL FEDERAL CREDIT UNION,US,visa,credit
402001,00-99,EQUIFAX CARD SERVICES INC.,US,visa,credit
402002,00-99,BANCO COOPERATIVO ESPANOL S.A.,ES,visa,debit
402003,00-99,EGEBANK A.S.,TR,visa,credit
402004,00-99,EASTERN BANK PLC.,BD,visa,debit
402005,00-99,RBL BANK LTD.,IN,visa,debit
402006,00-99,CREDIT URAL BANK,RU,visa,credit
402007,00-99,UNICREDIT BANK GMBH,DE,visa,credit
402008,00-99,BANCO DE SABADELL S.A.,ES,visa,debit
402009,00-99,,US,visa,debit
402010,00-99,NORTH CAMBRIDGE CO-OPERATIVE BANK,US,visa,debit
402011,00-99,SUSQUEHANNA VALLEY FEDERAL CREDIT UNION,US,visa,debit
402012,00-99,NSIA BANQUE BENIN,BJ,visa,debit
402013,00-99,SBM BANK (INDIA) LTD.,IN,visa,credit
402014,00-99,AIB GROUP (UK) P.L.C.,GB,visa,credit
402015,00-99,,US,visa,credit
402016,00-99,NOOR BANK PJSC,AE,visa,debit
402017,00-99,ACNB,US,visa,debit
402018,00-99,FIFTH THIRD MB FINANCIAL,US,visa,debit
402019,00-99,SERVICE FEDERAL CREDIT UNION,US,visa,debit
402020,00-99,STATE EMPLOYEES CREDIT UNION OF MARYLAND INC.,US,visa,debit
402021,00-99,BANK OF AMERICA NATIONAL ASSOCIATION,US,visa,credit
402022,00-99,BANK OF AFRICA RWANDA LTD.,RW,visa,debit
402023,00-99,HELLENIC BANK PUBLIC COMPANY LTD.,CY,visa,credit
402024,00-99,PSE CREDIT UNION INC.,US,visa,credit
402025,00-99,VISA EUROPE LTD.,GB,visa,credit
402026,00-99,BANCO COOPERATIVO ESPANOL S.A.,ES,visa,credit
402027,00-99,BANCO COOPERATIVO ESPANOL S.A.,ES,visa,debit
402028,00-99,,US,visa,credit
402029,00-99,SOFOM INBURSA S.A. DE C.V. SOCIEDAD FINANCIERA DE OBJETO M LTIPLE ER GRUPO FIN,MX,visa,credit
402030,00-99,STANDARD CHARTERED BANK KENYA LTD.,KE,visa,debit
402031,00-99,AMERICHOICE FEDERAL CREDIT UNION,US,visa,debit
402032,00-99,FIRST NATIONAL BANK OF ABSECON,US,visa,debit
402033,00-99,,RW,visa,debit
402034,00-99,VAST BANK,US,visa,debit
402035,00-99,CITIBANK NATIONAL ASSOCIATION - CONSUMER,US,visa,credit
402036,00-99,DIB BANK KENYA LTD.,KE,visa,debit
402037,00-99,OLDENBURGISCHE LANDESBANK AG,DE,visa,credit
402038,00-99,OLDENBURGISCHE LANDESBANK AG,DE,visa,credit
402039,00-99,GROUPEMENT INTERBANCAIRE DE MONETIQUE ETDE TRANSACTIONS ELECTRONIQUES (GIMTEL),MR,visa,debit
402040,00-99,CAIXABANK S.A.,ES,visa,debit
402041,00-99,NEXI PAYMENTS S.P.A.,IT,visa,credit
402042,00-99,NEXI PAYMENTS S.P.A.,IT,visa,credit
402043,00-99,NEXI PAYMENTS S.P.A.,IT,visa,credit
402044,00-99,NEXI PAYMENTS S.P.A.,IT,visa,credit
402045,00-99,MEEZAN BANK LTD.,PK,visa,debit
402046,00-99,ECOBANK KENYA LTD.,KE,visa,debit
402047,00-99,CIVIC FEDERAL CREDIT UNION,US,visa,debit
402048,00-99,DIB BANK KENYA LTD.,KE,visa,debit
402049,00-99,JOHNS HOPKINS FEDERAL CREDIT UNION,US,visa,debit
402050,00-99,REED CREDIT UNION,US,visa,debit
402051,00-99,,ES,visa,credit
402052,00-99,CITIBANK N.A.,US,visa,credit
402053,00-99,SERVICE FEDERAL CREDIT UNION,US,visa,credit
402054,00-99,CITIBANK N.A.,US,visa,credit
402055,00-99,VIRIVA COMMUNITY CREDIT UNION,US,visa,debit
402056,00-99,ABU DHABI ISLAMIC BANK EGYPT,EG,visa,debit
402057,00-99,,US,visa,debit
402058,00-99,B1BANK,US,visa,debit
402059,00-99,MORRISONS COVE 1ST FEDERAL CREDIT UNION,US,visa,debit
402060,00-99,PAYMENT SYSTEMS FOR CREDIT UNIONS INC.,US,visa,debit
402061,00-99,CONCHO EDUCATORS FEDERAL CREDIT UNION,US,visa,debit
402062,00-99,,IN,visa,debit
402063,00-99,BANCO INTERNACIONAL DE MOCAMBIQUE S.A,MZ,visa,debit
402064,00-99,MACHHAPUCHCHHRE BANK LTD.,NP,visa,credit
402065,00-99,USALLIANCE FEDERAL CREDIT UNION,US,visa,debit
402066,00-99,COASTAL FEDERAL CREDIT UNION,US,visa,debit
402067,00-99,BANCO WENG HANG S.A.,MO,visa,debit
402068,00-99,PIRAEUS BANK S.A.,GR,visa,credit
402069,00-99,MACHHAPUCHCHHRE BANK LTD.,NP,visa,debit
402070,00-99,BANK OF CHARLES TOWN,US,visa,debit
402071,00-99,THE BANK,US,visa,debit
402072,00-99,HYUNDAI CARD COMPANY LTD.,KR,visa,credit
402073,00-99,U-1ST COMMUNITY FEDERAL CREDIT UNION,US,visa,debit
402074,00-99,BANK OF AMERICA NATIONAL ASSOCIATION,US,visa,credit
402075,00-99,BANK OF AMERICA NATIONAL ASSOCIATION,US,visa,credit
402076,00-99,BANK OF AMERICA - CONSUMER CREDIT,US,visa,credit
402077,00-99,ECOBANK - BENIN SA,BJ,visa,debit
402078,00-99,ECOBANK CAMEROUN S.A.,CM,visa,debit
402079,00-99,BANKNORTH,US,visa,debit
402080,00-99,BANK OF AMERICA NATIONAL ASSOCIATION,US,visa,credit
402081,00-99,FROST BANK,US,visa,debit
402082,00-99,BMO HARRIS BANK N.A.,US,visa,credit
402083,00-99,BANK OF AMERICA NATIONAL ASSOCIATION,US,visa,credit
402084,00-99,TRI CITY NATIONAL BANK,US,visa,debit
402085,00-99,MACHHAPUCHCHHRE BANK LTD.,NP,visa,debit
402086,00-99,SUTTON BANK,US,visa,debit
402087,00-99,GREEN DOT BANK DBA BONNEVILLE BANK,US,visa,debit
402088,00-99,STANBIC BANK GHANA LTD.,GH,visa,credit
402089,00-99,BANK OF CLARKE,US,visa,debit
402090,00-99,PIRAEUS BANK S.A.,GR,visa,debit
402091,00-99,BRANCH BANKING AND TRUST COMPANY,US,visa,debit
402092,00-99,STANBIC BANK GHANA LTD.,GH,visa,credit
402093,00-99,RBL BANK LTD.,IN,visa,debit
402094,00-99,TRUIST BANK,US,visa,debit
402095,00-99,HERITAGE BANK,US,visa,debit
402096,00-99,BPCE,FR,visa,debit
402097,00-99,BPCE,FR,visa,credit
402098,00-99,PROSPERITY BANK,US,visa,debit
402099,00-99,MIDDLESEX SAVINGS BANK,US,visa,debit
402100,00-99,RTP FEDERAL CREDIT UNION,US,visa,credit
402101,00-99,BPCE,FR,visa,credit
402102,00-99,TUNISIAN FOREIGN BANK,FR,visa,credit
402103,00-99,BOKF NATIONAL ASSOCIATION,US,visa,debit
402104,00-99,FIRST NATIONAL BANK OF BOTSWANA LTD.,BW,visa,debit
402105,00-99,LIMITED LIABILITY COMPANY BANK AVERS,RU,visa,credit
402106,00-99,SAMBA FINANCIAL GROUP,SA,visa,credit
402107,00-99,AXIS BANK LTD.,IN,visa,debit
402108,00-99,BANCO MULTIPLE CARIBE INTERNACIONAL S.A.,DO,visa,credit
402109,00-99,PROPONENT FEDERAL CREDIT UNION,US,visa,debit
402110,00-99,FIRST SOUTH FINANCIAL FEDERAL CREDIT UNION,US,visa,debit
402111,00-99,WINSTON-SALEM FEDERAL CREDIT UNION,US,visa,debit
402112,00-99,SAMBA FINANCIAL GROUP,SA,visa,credit
402113,00-99,RAIFFEISEN BANK ZRT.,HU,visa,debit
402114,00-99,UFCW LOCAL 1776 FEDERAL CREDIT UNION,US,visa,debit
402115,00-99,RAIFFEISEN BANK ZRT.,HU,visa,debit
402116,00-99,INTERNATIONAL BANK OF AZERBAIJAN,AZ,visa,credit
402117,00-99,PATRIA BANK S.A.,RO,visa,debit
402118,00-99,AZERBAIJAN INDUSTRY BANK OSC,AZ,visa,credit
402119,00-99,,ME,visa,credit
402120,00-99,CITIBANK NATIONAL ASSOCIATION - CONSUMER,US,visa,credit
402121,00-99,KRUNGTHAI CARD PUBLIC CO LTD.,TH,visa,credit
402122,00-99,KREDOBANK OJSC,AZ,visa,debit
402123,00-99,CASCADE FEDERAL CREDIT UNION,US,visa,debit
402124,00-99,U.S. BANK N.A.,US,visa,credit
402125,00-99,CHATTANOOGA FEDERAL EMPLOYEES CREDIT UNION,US,visa,credit
402126,00-99,NBH BANK,US,visa,debit
402127,00-99,WV NATIONAL GUARD FEDERAL CREDIT UNION,US,visa,debit
402128,00-99,CAIXABANK S.A.,ES,visa,credit
402129,00-99,BANCO SANTANDER S.A.,ES,visa,debit
402130,00-99,BANCO SANTANDER S.A.,ES,visa,debit
402131,00-99,FIRST EDUCATION FEDERAL CREDIT UNION,US,visa,credit
402132,00-99,PIRAEUS BANK S.A.,GR,visa,credit
402133,00-99,AXIS BANK LTD.,IN,visa,debit
402134,00-99,BANK CENTER CREDIT,KZ,visa,debit
402135,00-99,NURBANK JSC,KZ,visa,credit
402136,00-99,STANFORD FEDERAL CREDIT UNION,US,visa,credit
402137,00-99,EVERGREEN FEDERAL SAVINGS AND LOAN ASSOCIATION,US,visa,debit
402138,00-99,RAIFFEISEN BANK ZRT.,HU,visa,debit
402139,00-99,BANK OF AMERICA - CONSUMER CREDIT,US,visa,credit
402140,00-99,PENNIAN BANK,US,visa,debit
402141,00-99,UBX (TANZANIA) LTD.,TZ,visa,debit
402142,00-99,AXIS BANK LTD.,IN,visa,debit
402143,00-99,BANCO BHD S.A. BANCO MULTIPLE,DO,visa,debit
402144,00-99,OMNIBANK GHANA LTD.,GH,visa,debit
402145,00-99,BANCO INVEX S.A. INSTITUCION DE BANCA MULTIPLE,MX,visa,credit
402146,00-99,CITIBANK N.A.,US,visa,credit
402147,00-99,BARCLAYS BANK PLC,GB,visa,credit
402148,00-99,MVB BANK INC,US,visa,credit
402149,00-99,CITIBANK NATIONAL ASSOCIATION - CONSUMER,US,visa,credit
402150,00-99,LANSFORSAKRINGAR BANK AB,SE,visa,credit
402151,00-99,SOUTH AFRICAN POST OFFICE,ZA,visa,debit
402152,00-99,BARCLAYS BANK PLC,GB,visa,credit
402153,00-99,,NP,visa,debit
402154,00-99,NEBRASKA STATE BANK AND TRUST COMPANY,US,visa,debit
402155,00-99,BANK OF HARTINGTON,US,visa,debit
402156,00-99,VIETNAM TECHNOLOGICAL AND COMMERCIAL JOINT STOCK BANK,VN,visa,debit
402157,00-99,BANCO COOPERATIVO ESPANOL S.A.,ES,visa,credit
402158,00-99,CITIBANK NATIONAL ASSOCIATION - CONSUMER,US,visa,credit
402159,00-99,STANBIC IBTC BANK,NG,visa,debit
402160,00-99,BANCO DE CREDITO DEL PERU,PE,visa,credit
402161,00-99,BANCO DE CREDITO DEL PERU,PE,visa,credit
402162,00-99,BANCO DE CREDITO DEL PERU,PE,visa,credit
402163,00-99,NSIA BANQUE CI,CI,visa,debit
402164,00-99,MVB BANK INC,US,visa,debit
402165,00-99,HONDA FEDERAL CREDIT UNION,US,visa,debit
402166,00-99,BURGAN BANK (S.A.K.),KW,visa,credit
402167,00-99,INVESTEC BANK LTD.,ZA,visa,credit
402168,00-99,HALA PAYMENT COMPANY,SA,visa,credit
402169,00-99,NEXI PAYMENTS S.P.A.,IT,visa,credit
402170,00-99,BANCA NAZIONALE DEL LAVORO SPA,IT,visa,debit
402171,00-99,NURBANK JSC,KZ,visa,credit
402172,00-99,RBL BANK LTD.,IN,visa,debit
402173,00-99,ALAMOSA STATE BANK,US,visa,debit
402174,00-99,MERCANTIL C.A. BANCO UNIVERSAL,VE,visa,debit
402175,00-99,HANA CARD,KR,visa,credit
402176,00-99,NETS,NO,visa,debit
402177,00-99,U.S. BANK NATIONAL ASSOCIATION,US,visa,debit
402178,00-99,FIRST STATE BANK,US,visa,debit
402179,00-99,AO RAIFFEISENBANK,RU,visa,debit
402180,00-99,FOOTHILLS CREDIT UNION,US,visa,credit
402181,00-99,GOLOMT BANK OF MONGOLIA,MN,visa,debit
402182,00-99,OPEN JOINT STOCK COMPANY KEREMET BANK,KG,visa,credit
402183,00-99,DOS-CREDOBANK OJSC,KG,visa,credit
402184,00-99,FIRST CITY CREDIT UNION,US,visa,credit
402185,00-99,FIRST CITY CREDIT UNION,US,visa,credit
402186,00-99,NEXI PAYMENTS S.P.A.,IT,visa,credit
402187,00-99,JEFFERSON SECURITY BANK,US,visa,debit
402188,00-99,CAPITOL FEDERAL SAVINGS BANK,US,visa,debit
402189,00-99,R RAPHAEL & SONS PLC,GB,visa,debit
402190,00-99,ALLENTOWN FEDERAL CREDIT UNION,US,visa,debit
402191,00-99,PUBLIC JOINT STOCK COMPANY ALFA-BANK,UA,visa,debit
402192,00-99,CAIXA GERAL DE DEPOSITOS S.A.,PT,visa,debit
402193,00-99,NATIONAL WESTMINSTER BANK PLC,GB,visa,credit
402194,00-99,KINZUA FEDERAL CREDIT UNION,US,visa,debit
402195,00-99,CAIXABANK S.A.,ES,visa,credit
402196,00-99,THREE RIVERS BANK OF MONTANA,US,visa,credit
402197,00-99,ICBA BANCARD,US,visa,credit
402198,00-99,WESTERN NATIONAL BANK,US,visa,credit
402199,00-99,UNITED BANK,US,visa,credit
402200,00-99,THE HOME TRUST & SAVINGS BANK,US,visa,debit
402201,00-99,UNITED BANK OF IOWA,US,visa,debit
402202,00-99,THE FIRST NATIONAL BANK OF OSAKIS,US,visa,debit
402203,00-99,VERIMORE BANK,US,visa,debit
402204,00-99,VIETNAM MARITIME COMMERCIAL STOCK BANK,VN,visa,debit
402205,00-99,NATIXIS,FR,visa,credit
402206,00-99,FIDELITY NATIONAL INFORMATION SERVICES INC.,US,visa,credit
402207,00-99,IDB BANK,US,visa,credit
402208,00-99,SAG-AFTRA FEDERAL CREDIT UNION,US,visa,credit
402209,00-99,ISRAEL DISCOUNT BANK OF NEW YORK,US,visa,credit
402210,00-99,NATIXIS,FR,visa,credit
402211,00-99,BONDUEL STATE BANK,US,visa,debit
402212,00-99,CITY PUBLIC SERVICE/IBEW FEDERAL CREDIT UNION,US,visa,debit
402213,00-99,STATE STREET BANK AND TRUST COMPANY,US,visa,debit
402214,00-99,THE CITIZENS FIRST NATIONAL BANK OF STORM LAKE,US,visa,debit
402215,00-99,VIETNAM MARITIME COMMERCIAL STOCK BANK,VN,visa,credit
402216,00-99,EVO BANCO S.A.,ES,visa,debit
402217,00-99,ADVANCED BANK OF ASIA LTD.,KH,visa,credit
402218,00-99,FNBC BANK,US,visa,debit
402219,00-99,HDFC BANK LTD.,IN,visa,credit
402220,00-99,MIL-WAY FEDERAL CREDIT UNION,US,visa,debit
402221,00-99,SAN FRANCISCO FEDERAL CREDIT UNION,US,visa,credit
402222,00-99,NEXI PAYMENTS S.P.A.,IT,visa,credit
402223,00-99,EVO BANCO S.A.,ES,visa,credit
402224,00-99,CITIZENS STATE BANK,US,visa,debit
402225,00-99,,US,visa,debit
402226,00-99,,US,visa,debit
402227,00-99,CITIZENS STATE BANK,US,visa,debit
402228,00-99,CITIZENS STATE BANK,US,visa,debit
402229,00-99,LAKE CENTRAL BANK,US,visa,debit
402230,00-99,BPCE,FR,visa,credit
402231,00-99,BPCE,FR,visa,debit
402232,00-99,ROBERT LEE STATE BANK,US,visa,debit
402233,00-99,ROUTE 31 FEDERAL CREDIT UNION,US,visa,credit
402234,00-99,DANFOSS EMPLOYEES CREDIT UNION,US,visa,debit
402235,00-99,CITIZENS BANK & TRUST CO.,US,visa,debit
402236,00-99,CITIZENS BANK & TRUST CO.,US,visa,debit
402237,00-99,,US,visa,debit
402238,00-99,METABANK,US,visa,debit
402239,00-99,NORTH CENTRAL AREA CREDIT UNION,US,visa,debit
402240,00-99,THE BANCORP BANK NATIONAL ASSOCIATION,US,visa,debit
402241,00-99,WELLS FARGO BANK N.A.,US,visa,credit
402242,00-99,MAPLE FEDERAL CREDIT UNION,US,visa,debit
402243,00-99,,US,visa,debit
402244,00-99,,US,visa,debit
402245,00-99,,US,visa,debit
402246,00-99,MINNESOTA CATHOLIC CREDIT UNION,US,visa,debit
402247,00-99,THE BANCORP BANK NATIONAL ASSOCIATION,US,visa,debit
402248,00-99,GRASSHOPPER BANK N.A.,US,visa,debit
402249,00-99,FIRST CITIZENS BANK LTD.,TT,visa,credit
402250,00-99,,US,visa,debit
402251,00-99,ABU DHABI ISLAMIC BANK,AE,visa,credit
402252,00-99,ARLINGTON STATE BANK,US,visa,debit
402253,00-99,CATHOLIC UNITED FINANCIAL CREDIT UNION,US,visa,debit
402254,00-99,CITIZENS STATE BANK,US,visa,debit
402255,00-99,CENTRAL STATE BANK,US,visa,debit
402256,00-99,ARMOR BANK,US,visa,debit
402257,00-99,BANK OF WAYNESBORO,US,visa,debit
402258,00-99,UNITED COMMUNITY BANK,US,visa,credit
402259,00-99,,US,visa,debit
402260,00-99,UNITED BANK,US,visa,debit
402261,00-99,,US,visa,debit
402262,00-99,,US,visa,debit
402263,00-99,JSC LIBERTY BANK,GE,visa,debit
402264,00-99,CITIBANK NATIONAL ASSOCIATION - CONSUMER,US,visa,credit
402265,00-99,CAPITAL ONE NATIONAL ASSOCIATION,US,visa,credit
402266,00-99,,ES,visa,credit
402267,00-99,PALMETTO STATE BANK,US,visa,debit
402268,00-99,BANCO DI SARDEGNA S.P.A.,IT,visa,debit
402269,00-99,RAIFFEISEN BANK ZRT.,HU,visa,debit
402270,00-99,CREDIT CARD SERVICE COMPANY JORDAN LTD.,JO,visa,credit
402271,00-99,BOKF NATIONAL ASSOCIATION,US,visa,debit
402272,00-99,,US,visa,credit
402273,00-99,CAJASUR BANCO S.A,ES,visa,credit
402274,00-99,CAJASUR BANCO S.A,ES,visa,credit
402275,00-99,SBM BANK (INDIA) LTD.,IN,visa,credit
402276,00-99,DOHA BANK LTD.,QA,visa,credit
402277,00-99,QNB BANK A.S,TR,visa,credit
402278,00-99,FINANSBANK,TR,visa,credit
402279,00-99,FBME BANK LTD.,TZ,visa,debit
402280,00-99,COMMONWEALTH BANK OF AUSTRALIA,AU,visa,credit
402281,00-99,BESSEMER TRUST COMPANY NATIONAL ASSOCIATION,US,visa,debit
402282,00-99,SHARONVIEW FEDERAL CREDIT UNION,US,visa,debit
402283,00-99,CITIBANK NATIONAL ASSOCIATION - CONSUMER,US,visa,credit
402284,00-99,AIK BANKA AD NIS,RS,visa,debit
402285,00-99,CITITARJETAS DE COSTA RICA S.A.,CR,visa,credit
402286,00-99,OTP BANKA D.D.,HR,visa,credit
402287,00-99,CAJASUR BANCO S.A,ES,visa,credit
402288,00-99,MVB BANK INC,US,visa,credit
402289,00-99,BANNER BANK,US,visa,credit
402290,00-99,NEXI PAYMENTS S.P.A.,IT,visa,credit
402291,00-99,DELCO POSTAL CREDIT UNION,US,visa,debit
402292,00-99,NEXTSTEP FEDERAL CREDIT UNION,US,visa,debit
402293,00-99,PATHFINDER BANK,US,visa,debit
402294,00-99,KUTXABANK S.A.,ES,visa,credit
402295,00-99,WORCESTER FIRE DEPARTMENT CREDIT UNION,US,visa,credit
402296,00-99,BRIDGEPORT POLICE FEDERAL CREDIT UNION,US,visa,credit
402297,00-99,JPMORGAN CHASE BANK N.A.,US,visa,credit
402298,00-99,JPMORGAN CHASE BANK N.A.,US,visa,credit
402299,00-99,FORTIS BANK A.S.,TR,visa,credit
402300,00-99,BANK OF AMERICA - CONSUMER CREDIT,US,visa,credit
402301,00-99,BANK OF AMERICA - CONSUMER CREDIT,US,visa,credit
402302,00-99,BANK OF AMERICA - CONSUMER CREDIT,US,visa,credit
402303,00-99,BANK OF AMERICA NATIONAL ASSOCIATION,US,visa,credit
402304,00-99,CITIZENS BANK AND TRUST COMPANY,US,visa,debit
402305,00-99,BANK OF AMERICA NATIONAL ASSOCIATION,US,visa,credit
402306,00-99,JS INNOVATION CB IPAK YULI,UZ,visa,debit
402307,00-99,USF FEDERAL CREDIT UNION,US,visa,debit
402308,00-99,FCNB BANK,US,visa,debit
402309,00-99,ALLIANCE CREDIT UNION,US,visa,debit
402310,00-99,CATHAY UNITED,TW,visa,credit
402311,00-99,JSC OTP BANK,RU,visa,debit
402312,00-99,JSC OTP BANK,RU,visa,debit
402313,00-99,JOINT STOCK COMPANY OTP BANK,RU,visa,credit
402314,00-99,SKYPOINT FEDERAL CREDIT UNION,US,visa,credit
402315,00-99,CITY OF BOSTON CREDIT UNION,US,visa,credit
402316,00-99,LANGLEY FEDERAL CREDIT UNION,US,visa,credit
402317,00-99,CITIBANK NATIONAL ASSOCIATION - CONSUMER,US,visa,credit
402318,00-99,BANCO MERCANTIL DEL NORTE S.A.. INSTITUCI N DE BANCA M LTIPLE GRUPO FINANCIERO,MX,visa,credit
402319,00-99,TCM BANK NATIONAL ASSOCIATION,US,visa,credit
402320,00-99,TCM BANK NATIONAL ASSOCIATION,US,visa,credit
402321,00-99,ATLANTIC UNION BANK,US,visa,debit
402322,00-99,D. L. EVANS BANK,US,visa,debit
402323,00-99,RAIFFEISENBANK A.D. BEOGRAD,RS,visa,debit
402324,00-99,UNITED BANK FOR AFRICA RD CONGO SARL,CD,visa,debit
402325,00-99,CHINA UNIONPAY CO. LTD.,CN,visa,credit
402326,00-99,JSCB MOSCOW INDUSTRIAL BANK,RU,visa,debit
402327,00-99,JSCB MOSCOW INDUSTRIAL BANK,RU,visa,debit
402328,00-99,JSCB MOSCOW INDUSTRIAL BANK,RU,visa,debit
402329,00-99,AFFINITY ONE FEDERAL CREDIT UNION,US,visa,debit
402330,00-99,BAPTIST HEALTH SOUTH FLORIDA FEDERAL CREDIT UNION,US,visa,debit
402331,00-99,GLOBAL PROCESSING S.A.,AR,visa,debit
402332,00-99,UPI BANKA DD SARAJEVO,BA,visa,debit
402333,00-99,SBERBANK OF RUSSIA,RU,visa,debit
402334,00-99,AEON CREDIT CARD (TAIWAN) CO. LTD.,TW,visa,credit
402335,00-99,PT BANK DANAMON INDONESIA,ID,visa,credit
402336,00-99,CITIBANK NATIONAL ASSOCIATION - CONSUMER,US,visa,credit
402337,00-99,SOUTH AFRICAN POSTBANK SOC LTD.,ZA,visa,debit
402338,00-99,SCOTIABANK INVERLAT S.A.,MX,visa,credit
402339,00-99,KASIKORNBANK PUBLIC CO. LTD.,TH,visa,credit
402340,00-99,JSB SOBINBANK,RU,visa,debit
402341,00-99,MBNA ESPANA,ES,visa,credit
402342,00-99,MBNA ESPANA,ES,visa,credit
402343,00-99,MBNA ESPANA,ES,visa,credit
402344,00-99,THE FIRST NATIONAL BANK OF HENNING,US,visa,credit
402345,00-99,THE FIRST NATIONAL BANK OF HENNING,US,visa,credit
402346,00-99,THE FIRST NATIONAL BANK OF HENNING,US,visa,credit
402347,00-99,MOUNTAIN AMERICA FEDERAL CREDIT UNION,US,visa,debit
402348,00-99,MOUNTAIN AMERICA FEDERAL CREDIT UNION,US,visa,credit
402349,00-99,FIVEPOINT CREDIT UNION,US,visa,credit
402350,00-99,VERIMORE BANK,US,visa,debit
402351,00-99,KINETIC CREDIT UNION,US,visa,credit
402352,00-99,KINETIC CREDIT UNION,US,visa,credit
402353,00-99,KINETIC CREDIT UNION,US,visa,debit
402354,00-99,GLOBAL BANK OF COMMERCE LTD.,AG,visa,debit
402355,00-99,AS PRIVATBANK,LV,visa,credit
402356,00-99,AS PRIVATBANK,LV,visa,credit
402357,00-99,PATHWARD N.A.,US,visa,debit
402358,00-99,KREDYT BANK S.A.,PL,visa,credit
402359,00-99,HDFC BANK LTD.,IN,visa,credit
402360,00-99,POSTE ITALIANE S.P.A. (BANCA POSTA),IT,visa,debit
402361,00-99,POSTEPAY S.P.A.,IT,visa,debit
402362,00-99,,IT,visa,credit
402363,00-99,THE HONGKONG AND SHANGHAI BANKING CORPORATION LTD.,LK,visa,debit
402364,00-99,YORKSHIRE BANK,GB,visa,credit
402365,00-99,SCOTIABANK CHILE,CL,visa,debit
402366,00-99,SCOTIABANK CHILE,CL,visa,debit
402367,00-99,HANA,KR,visa,debit
402368,00-99,IDFC FIRST BANK LTD.,IN,visa,credit
402369,00-99,EVROFINANCE MOSNARBANK,RU,visa,credit
402370,00-99,CITIBANK EUROPE PLC,CZ,visa,debit
402371,00-99,PEOPLES TRUST COMPANY,CA,visa,debit
402372,00-99,PEOPLES TRUST COMPANY,CA,visa,debit
402373,00-99,KGI BANK,TW,visa,credit
402374,00-99,,ZA,visa,debit
402375,00-99,RAIFFEISEN BANK POLSKA S.A.,PL,visa,credit
402376,00-99,FLORIDA BUSINESS BANK,US,visa,debit
402377,00-99,USSCO JOHNSTOWN FEDERAL CREDIT UNION,US,visa,debit
402378,00-99,INVESTAR BANK NATIONAL ASSOCIATION,US,visa,debit
402379,00-99,OFFICE NATIONAL DES POSTES,TN,visa,debit
402380,00-99,TRANSACT PAYMENTS MALTA LTD.,SE,visa,debit
402381,00-99,BANCO INTERNACIONAL S.A.,GT,visa,credit
402382,00-99,CITIBANK NATIONAL ASSOCIATION - CONSUMER,US,visa,credit
402383,00-99,PAGSEGURO INTERNET S.A,BR,visa,debit
402384,00-99,MALDIVES ISLAMIC BANK PLC,MV,visa,debit
402385,00-99,CREDIT AGRICOLE EGYPT S.A.E.,EG,visa,credit
402386,00-99,CREDIT AGRICOLE EGYPT S.A.E.,EG,visa,credit
402387,00-99,CREDIT AGRICOLE EGYPT S.A.E.,EG,visa,credit
402388,00-99,RAIFFEISEN BANK S.A.,RO,visa,debit
402389,00-99,RAIFFEISEN BANK S.A.,RO,visa,debit
402390,00-99,RAIFFEISEN BANK ZRT.,HU,visa,debit
402391,00-99,,US,visa,credit
402392,00-99,REMINGTON FEDERAL CREDIT UNION,US,visa,credit
402393,00-99,SKYLA FEDERAL CREDIT UNION,US,visa,credit
402394,00-99,,RU,visa,credit
402395,00-99,BANCO UNIVERSAL S.A. UNIBANCO,EC,visa,credit
402396,00-99,VANQUIS,GB,visa,credit
402397,00-99,VANQUIS BANK LTD.,GB,visa,credit
402398,00-99,,GB,visa,credit
402399,00-99,VANQUIS BANK LTD.,GB,visa,credit
402400,00-99,BANK OF AMERICA - CONSUMER CREDIT,US,visa,credit
402401,00-99,JSC PROCREDIT BANK,GE,visa,debit
402402,00-99,BANK OF AMERICA - CONSUMER CREDIT,US,visa,credit
402403,00-99,BANK OF AMERICA NATIONAL ASSOCIATION,US,visa,credit
402404,00-99,,BD,visa,debit
402405,00-99,,US,visa,credit
402406,00-99,,US,visa,credit
402407,00-99,BANK OF AMERICA NATIONAL ASSOCIATION,US,visa,debit
402408,00-99,BANK OF AMERICA - CONSUMER CREDIT,US,visa,credit
402409,00-99,CITIBANK NATIONAL ASSOCIATION - CONSUMER,US,visa,credit
402410,00-99,ROYAL BANK,US,visa,debit
402411,00-99,BANK OF AMERICA - CONSUMER CREDIT,US,visa,credit
402412,00-99,ATTIJARIWAFA BANK,MA,visa,credit
402413,00-99,BANK OF AMERICA - CONSUMER CREDIT,US,visa,credit
402414,00-99,CENTRAL BANK,US,visa,debit
402415,00-99,,US,visa,debit
402416,00-99,CITIZENS BANK N.A.,US,visa,debit
402417,00-99,COMPUTER SERVICES INC.,US,visa,debit
402418,00-99,SELF- HELP CREDIT UNION,US,visa,debit
402419,00-99,THE MURRAY BANK,US,visa,debit
402420,00-99,CITIBANK KOREA INC.,KR,visa,credit
402421,00-99,BANK OF AMERICA - CONSUMER CREDIT,US,visa,credit
402422,00-99,CITIBANK NATIONAL ASSOCIATION - CONSUMER,US,visa,credit
402423,00-99,BANK OF AMERICA - CONSUMER CREDIT,US,visa,credit
402424,00-99,BANK OF AMERICA - CONSUMER CREDIT,US,visa,credit
402425,00-99,NEXI PAYMENTS S.P.A.,IT,visa,credit
402426,00-99,NEXI PAYMENTS S.P.A.,IT,visa,credit
402427,00-99,NEXI PAYMENTS S.P.A.,IT,visa,credit
402428,00-99,NEXI PAYMENTS S.P.A.,IT,visa,credit
402429,00-99,,RU,visa,credit
402430,00-99,BANKA INTESA SANPAOLO D.D.,SI,visa,debit
402431,00-99,EIKA KREDITTBANK AS,NO,visa,credit
402432,00-99,FIRST AREA FEDERAL CREDIT UNION,US,visa,debit
402433,00-99,ITAU UNIBANCO HOLDING S.A.,BR,visa,credit
402434,00-99,BANK OF AMERICA NATIONAL ASSOCIATION,US,visa,credit
402435,00-99,EGYPTIAN GULF BANK,EG,visa,credit
402436,00-99,,FI,visa,credit
402437,00-99,BANCO CITIBANK DE HONDURAS S.A.,HN,visa,credit
402438,00-99,ZENITH BANK PLC,NG,visa,credit
402439,00-99,ITAU UNIBANCO HOLDING S.A.,BR,visa,credit
402440,00-99,,AZ,visa,credit
402441,00-99,BANK OF AMERICA - COMMERCIAL CREDIT,US,visa,credit
402442,00-99,BANK OF AMERICA - COMMERCIAL CREDIT,US,visa,credit
402443,00-99,BANK OF AMERICA - COMMERCIAL CREDIT,US,visa,credit
402444,00-99,BANK OF AMERICA - COMMERCIAL CREDIT,US,visa,credit
402445,00-99,BANK OF AMERICA - COMMERCIAL CREDIT,US,visa,credit
402446,00-99,BANK OF AMERICA - COMMERCIAL CREDIT,US,visa,credit
402447,00-99,BANK OF AMERICA - COMMERCIAL CREDIT,US,visa,credit
402448,00-99,BANK OF AMERICA - COMMERCIAL CREDIT,US,visa,credit
402449,00-99,BANK OF AMERICA - COMMERCIAL CREDIT,US,visa,credit
402450,00-99,BANK OF AMERICA - COMMERCIAL CREDIT,US,visa,credit
402451,00-99,BANK OF AMERICA - COMMERCIAL CREDIT,US,visa,credit
402452,00-99,BANK OF AMERICA - COMMERCIAL CREDIT,US,visa,credit
402453,00-99,PJSC ROSBANK,RU,visa,credit
402454,00-99,MTB BANK,UA,visa,credit
402455,00-99,ID BANK CJSC,AM,visa,credit
402456,00-99,ABANCA CORPORACION BANCARIA S.A,ES,visa,credit
402457,00-99,JSCB NOVIKOMBANK,RU,visa,debit
402458,00-99,TURK EKONOMI BANKASI A.S.,TR,visa,credit
402459,00-99,TURK EKONOMI BANKASI A.S.,TR,visa,credit
402460,00-99,JOINT STOCK COMMERCIAL BANK FOR INVESTMENT AND DEVELOPMENT OF VIETNAM,VN,visa,credit
402461,00-99,MID PENN BANK,US,visa,debit
402462,00-99,SUNCOAST CREDIT UNION,US,visa,credit
402463,00-99,MID PENN BANK,US,visa,debit
402464,00-99,BANK OZK,US,visa,debit
402465,00-99,ROBERT LEE STATE BANK,US,visa,debit
402466,00-99,UNITED FEDERAL CREDIT UNION,US,visa,credit
402467,00-99,UNITED FEDERAL CREDIT UNION,US,visa,debit
402468,00-99,UNITED FEDERAL CREDIT UNION,US,visa,debit
402469,00-99,GRAND ALTITUDE FEDERAL CREDIT UNION,US,visa,credit
402470,00-99,NEXBANK SSB,US,visa,debit
402471,00-99,NEXBANK SSB,US,visa,debit
402472,00-99,THE BANCORP BANK NATIONAL ASSOCIATION,US,visa,debit
402473,00-99,BANCO INDUSTRIAL S.A.,GT,visa,debit
402474,00-99,BANK OF AFRICA-BURKINA FASO,BF,visa,credit
402475,00-99,SKYLA FEDERAL CREDIT UNION,US,visa,credit
402476,00-99,RIVERBANK,US,visa,debit
402477,00-99,SKYLA FEDERAL CREDIT UNION,US,visa,credit
402478,00-99,BANCO DE COSTA RICA,CR,visa,credit
402479,00-99,BANCO DE GUAYAQUIL S.A.,EC,visa,credit
402480,00-99,FIRST SECURITY BANK OF ROUNDUP,US,visa,debit
402481,00-99,FIRST INTERSTATE BANK,US,visa,debit
402482,00-99,BANK AL ETIHAD,JO,visa,debit
402483,00-99,UNITED NATIONS FEDERAL CREDIT UNION,US,visa,credit
402484,00-99,SERVICE CREDIT UNION,US,visa,debit
402485,00-99,BLOM BANK S.A.L.,LB,visa,debit
402486,00-99,MERRICK BANK,US,visa,credit
402487,00-99,SUNRISE BANK LTD.,NP,visa,debit
402488,00-99,IQ CREDIT UNION,US,visa,credit
402489,00-99,WELLS FARGO BANK N.A.,US,visa,credit
402490,00-99,FULTON BANK,US,visa,debit
402491,00-99,SHINHAN BANK AMERICA,US,visa,debit
402492,00-99,METABANK,US,visa,debit
402493,00-99,KEMBA CREDIT UNION INC.,US,visa,debit
402494,00-99,MERRICK BANK,US,visa,credit
402495,00-99,FIRST NATIONAL BANK OF OMAHA,US,visa,credit
402496,00-99,FIRST NATIONAL BANK OF OMAHA,US,visa,credit
402497,00-99,FIRST NATIONAL BANK OF OMAHA,US,visa,credit
402498,00-99,BANCO COMERCIAL DO ATLANTICO S.A.,CV,visa,credit
402499,00-99,ALLEGHENY VALLEY FEDERAL CREDIT UNION,US,visa,debit
402500,00-99,BANK ISLAM MALAYSIA BERHAD,MY,visa,debit
402501,00-99,BRAC BANK PLC,BD,visa,debit
402502,00-99,WOORI CARD CO. LTD.,KR,visa,credit
402503,00-99,BANCO POPULAR DOMINICANO - BANCO MULTIPLE S.A.,DO,visa,credit
402504,00-99,BANCO POPULAR DOMINICANO - BANCO MULTIPLE S.A.,DO,visa,credit
402505,00-99,ASB BANK LTD.,NZ,visa,credit
402506,00-99,MBF CARDS,MY,visa,credit
402507,00-99,PUBLIC JOINT STOCK COMPANY PROMSVYAZBANK,RU,visa,credit
402508,00-99,CITADELE BANKA,LV,visa,credit
402509,00-99,MUTUAL TRUST BANK,BD,visa,credit
402510,00-99,LOVCEN BANK JOINT STOCK COMPANY - PODGORICA,ME,visa,debit
402511,00-99,JSC INDUSTRIAL EXPORT BANK,UA,visa,credit
402512,00-99,THE SHANGHAI COMMERCIAL & SAVINGS BANK LTD.,TW,visa,credit
402513,00-99,THE SHANGHAI COMMERCIAL & SAVINGS BANK LTD.,TW,visa,credit
402514,00-99,,MX,visa,credit
402515,00-99,HYUNDAICARD CO. LTD.,KR,visa,credit
402516,00-99,CREDIT LIBANAIS S.A.L.,LB,visa,credit
402517,00-99,HYUNDAICARD CO. LTD.,KR,visa,credit
402518,00-99,ABANCA CORPORACION BANCARIA S.A,ES,visa,credit
402519,00-99,IBERCAJA BANCO S.A.,ES,visa,credit
402520,00-99,BANCO NACIONAL DE COSTA RICA,CR,visa,credit
402521,00-99,CEMEA REGION,GB,visa,credit
402522,00-99,CEMEA REGION,EG,visa,debit
402523,00-99,VISA INTERNATIONAL SERVICE ASSOCIATION,US,visa,debit
402524,00-99,INTL HDQTRS-CENTER OWNED,US,visa,credit
402525,00-99,BANCO SANTANDER TOTTA S.A.,PT,visa,debit
402526,00-99,TURKIYE HALK BANKASI A.S.,TR,visa,credit
402527,00-99,BANK AL JAZIRA,SA,visa,credit
402528,00-99,KUTXA BANK S.A.,ES,visa,debit
402529,00-99,FIRST FARMBANK,US,visa,debit
402530,00-99,EAST WEST BANKING CORPORATION,PH,visa,debit
402531,00-99,ALPINE BANK,US,visa,credit
402532,00-99,BANKMUSCAT (SAOG),OM,visa,credit
402533,00-99,BANCO DE NEGOCIOS INTERNACIONAL S.A. (BNI),AO,visa,debit
402534,00-99,VIETNAM-ASIA COMMERCIAL JOINT-STOCK BANK,VN,visa,credit
402535,00-99,FIRST NATIONAL BANK IN NEW BREMEN,US,visa,credit
402536,00-99,COMMERCIAL BANK OF AFRICA LTD.,KE,visa,credit
402537,00-99,NCBA BANK KENYA PLC,KE,visa,credit
402538,00-99,JSC JSCB INTERNATIONAL FINANCIAL CLUB,RU,visa,credit
402539,00-99,SCHLUMBERGER EMPLOYEES CREDIT UNION,US,visa,credit
402540,00-99,VISA BELGIUM,BE,visa,credit
402541,00-99,BANK ALFALAH,PK,visa,credit
402542,00-99,ABSA BANK MOCAMBIQUE S.A.,MZ,visa,credit
402543,00-99,NEAT LTD.,HK,visa,credit
402544,00-99,AXIS BANK LTD.,IN,visa,debit
402545,00-99,MOZA BANCO S.A.,MZ,visa,credit
402546,00-99,MOZA BANCO S.A.,MZ,visa,debit
402547,00-99,UNICREDIT S.P.A.,IT,visa,credit
402548,00-99,ALTA BANKA AD BEOGRAD,RS,visa,debit
402549,00-99,JOINT STOCK COMMERCIAL BANK MOSCOW INDUSTRIAL BANK,RU,visa,credit
402550,00-99,MAYBANK (CAMBODIA) PLC.,KH,visa,credit
402551,00-99,UNITED 1ST FEDERAL CREDIT UNION,US,visa,debit
402552,00-99,LATIN AMERICA AND CARIBBEAN REGION,US,visa,debit
402553,00-99,LATIN AMERICA AND CARIBBEAN REGION,US,visa,credit
402554,00-99,,US,visa,credit
402555,00-99,CATHAY UNITED BANK,TW,visa,credit
402556,00-99,CATHAY UNITED BANK,TW,visa,credit
402557,00-99,NLB KOMERCIJALNA BANKA AD BEOGRAD,RS,visa,debit
402558,00-99,HSBC BANK MIDDLE EAST,AE,visa,credit
402559,00-99,SHREWSBURY FEDERAL CREDIT UNION,US,visa,credit
402560,00-99,ATH COSTA RICA S.A.,CR,visa,credit
402561,00-99,ATH COSTA RICA S.A.,CR,visa,credit
402562,00-99,SWEDBANK AB,LT,visa,debit
402563,00-99,FINANSBANK A.S.,TR,visa,credit
402564,00-99,,GI,visa,credit
402565,00-99,ICICI BANK LTD.,IN,visa,debit
402566,00-99,EVROFINANCE MOSNARBANK,RU,visa,debit
402567,00-99,,US,visa,credit
402568,00-99,CITIBANK NATIONAL ASSOCIATION - CONSUMER,US,visa,credit
402569,00-99,MVB BANK INC,US,visa,debit
402570,00-99,TRIX INSTITUICAO DE PAGAMENTO LTDA.,BR,visa,debit
402571,00-99,OZARK BANK,US,visa,debit
402572,00-99,FARMERS INSURANCE GROUP FEDERAL CREDIT UNION,US,visa,credit
402573,00-99,,AE,visa,credit
402574,00-99,UNICREDIT S.P.A.,IT,visa,credit
402575,00-99,NAVY FEDERAL CREDIT UNION,US,visa,credit
402576,00-99,NAVY FEDERAL CREDIT UNION,US,visa,credit
402577,00-99,NAVY FEDERAL CREDIT UNION,US,visa,credit
402578,00-99,BANCA INTESA,RU,visa,debit
402579,00-99,,DE,visa,credit
402580,00-99,,RU,visa,credit
402581,00-99,BANK ALFALAH LTD.,PK,visa,credit
402582,00-99,BANK ALFALAH LIMITED,PK,visa,credit
402583,00-99,BANK ALFALAH LTD.,PK,visa,debit
402584,00-99,RAVE FINANCIAL CREDIT UNION,US,visa,credit
402585,00-99,JSC RIETUMU BANKA,LV,visa,credit
402586,00-99,BANCA TRANSILVANIA S.A.,RO,visa,debit
402587,00-99,TRIX INSTITUICAO DE PAGAMENTO LTDA.,BR,visa,debit
402588,00-99,EMPRESA BRASILEIRA DE BENEFICIOS E PAGAMENTOS LTDA.,BR,visa,debit
402589,00-99,KUVEYT TURK KATILIM BANKASI A.S.,TR,visa,credit
402590,00-99,KUVEYT TURK,TR,visa,credit
402591,00-99,KUVEYT TURK KATILIM BANKASI A.S.,TR,visa,debit
402592,00-99,KUVEYT TURK KATILIM BANKASI A.S.,TR,visa,credit
402593,00-99,ALPHA BANK S.A.,GR,visa,debit
402594,00-99,MANUFACTURERS BANK & TRUST COMPANY,US,visa,debit
402595,00-99,ENTIE COMMERCIAL BANK,TW,visa,credit
402596,00-99,HYUNDAI CARD COMPANY LTD.,KR,visa,credit
402597,00-99,,BR,visa,credit
402598,00-99,CROSSPOINT FEDERAL CREDIT UNION,US,visa,debit
402599,00-99,,US,visa,credit
402600,00-99,AFFIDIAN FEDERAL CREDIT UNION,US,visa,debit
402601,00-99,AFFIDIAN FEDERAL CREDIT UNION,US,visa,credit
402602,00-99,CITIZENS PROGRESSIVE BANK,US,visa,debit
402603,00-99,HEALTH ADVANTAGE FEDERAL CREDIT UNION,US,visa,credit
402604,00-99,SRP FEDERAL CREDIT UNION,US,visa,credit
402605,00-99,SYNCHRONY BANK,US,visa,credit
402606,00-99,,US,visa,credit
402607,00-99,UNITUS COMMUNITY CREDIT UNION,US,visa,credit
402608,00-99,BANK OF QUEENSLAND LTD.,AU,visa,debit
402609,00-99,,US,visa,credit
402610,00-99,CITIBANK DEL PERU S.A.,PE,visa,credit
402611,00-99,ACCESS BANK BOTSWANA LTD.,BW,visa,debit
402612,00-99,WELLS FARGO BANK NATIONAL ASSOCIATION,US,visa,credit
402613,00-99,WAYPOINT BANK,US,visa,credit
402614,00-99,ST. GEORGE BANK LTD.,AU,visa,debit
402615,00-99,ST. GEORGE BANK LTD.,AU,visa,debit
402616,00-99,BANK OF MADISON,US,visa,debit
402617,00-99,LANGLEY FEDERAL CREDIT UNION,US,visa,credit
402618,00-99,LANGLEY FEDERAL CREDIT UNION,US,visa,credit
402619,00-99,FINANCIAL BUILDERS FEDERAL CREDIT UNION,US,visa,credit
402620,00-99,NORDEA BANK ABP,DK,visa,debit
402621,00-99,SYNCHRONY BANK,US,visa,credit
402622,00-99,CJS SOCIETY BANK PETROCOMMERCE-UKRAINE,UA,visa,debit
402623,00-99,CJS SOCIETY BANK PETROCOMMERCE-UKRAINE,UA,visa,debit
402624,00-99,CJS SOCIETY BANK PETROCOMMERCE-UKRAINE,UA,visa,debit
402625,00-99,CJS SOCIETY BANK PETROCOMMERCE-UKRAINE,UA,visa,debit
402626,00-99,THE FIRST STATE BANK OF RED WING,US,visa,debit
402627,00-99,BATELCO FINANCIAL SERVICES (B.S.C.),BH,visa,debit
402628,00-99,BANCO SANTANDER PUERTO RICO,PR,visa,debit
402629,00-99,,GR,visa,credit
402630,00-99,DAKOTA STAR FEDERAL CREDIT UNION,US,visa,debit
402631,00-99,PJSC JSB UKRGASBANK,UA,visa,debit
402632,00-99,PJSC JSB UKRGASBANK,UA,visa,debit
402633,00-99,PJSC JSB UKRGASBANK,UA,visa,debit
402634,00-99,PJSC JSB UKRGASBANK,UA,visa,credit
402635,00-99,KOTAK MAHINDRA BANK LTD.,IN,visa,credit
402636,00-99,ERSTE BANK AD NOVI SAD,RS,visa,credit
402637,00-99,ACCESS BANK BOTSWANA LTD.,BW,visa,debit
402638,00-99,PREMIACARD DE GUATEMALA S.A.,GT,visa,credit
402639,00-99,NATIONAL BANK OF KUWAIT S.A.K.,BH,visa,debit
402640,00-99,CONSUMERS NATIONAL BANK,US,visa,debit
402641,00-99,COMMUNITY FIRST CREDIT UNION,US,visa,debit
402642,00-99,THE BANCORP BANK NATIONAL ASSOCIATION,US,visa,debit
402643,00-99,THE BANCORP BANK NATIONAL ASSOCIATION,US,visa,debit
402644,00-99,ACCESS BANK (KENYA) PLC,KE,visa,debit
402645,00-99,ADVANCED BANK OF ASIA LTD.,KH,visa,debit
402646,00-99,,MZ,visa,debit
402647,00-99,,US,visa,credit
402648,00-99,,US,visa,credit
402649,00-99,VIETNAM JOINT STOCK COMMERCIAL BANK FOR INDUSTRY AND TRADE,VN,visa,debit
402650,00-99,ENDURANCE FEDERAL CREDIT UNION,US,visa,credit
402651,00-99,BANK OF CASHTON,US,visa,debit
402652,00-99,CREDIT AGRICOLE EGYPT S.A.E.,EG,visa,debit
402653,00-99,KHAN BANK,MN,visa,debit
402654,00-99,BANCO CUSCATLAN DE EL SALVADOR S.A.,SV,visa,debit
402655,00-99,HSBC BANK AUSTRALIA LTD.,AU,visa,credit
402656,00-99,CATHAY UNITED BANK,TW,visa,credit
402657,00-99,BANK OF BARODA,IN,visa,debit
402658,00-99,CHINA MERCHANTS BANK,CN,visa,debit
402659,00-99,CORIS BANK INTERNATIONAL - SENEGAL,SN,visa,debit
402660,00-99,CRNOGORSKA KOMERCIJALNA BANKA A.D. PODGORICA,ME,visa,debit
402661,00-99,CRNOGORSKA KOMERCIJALNA BANKA A.D. PODGORICA,ME,visa,credit
402662,00-99,CRDB BANK LTD.,TZ,visa,debit
402663,00-99,SHANGHAI PUDONG DEVELOPMENT BANK,CN,visa,credit
402664,00-99,ECOBANK COTE D'IVOIRE,CI,visa,debit
402665,00-99,,US,visa,credit
402666,00-99,WILMINGTON SAVINGS FUND SOCIETY F.S.B.,US,visa,debit
402667,00-99,AL BILAD BANK,SA,visa,credit
402668,00-99,CREDIT AGRICOLE EGYPT S.A.E.,EG,visa,debit
402669,00-99,PAGSEGURO INTERNET S.A,BR,visa,debit
402670,00-99,AXIS BANK LTD.,IN,visa,debit
402671,00-99,ERSTE BANK AD NOVI SAD,RS,visa,credit
402672,00-99,FIRST ENTERTAINMENT CREDIT UNION,US,visa,credit
402673,00-99,BANK OF SHANGHAI,CN,visa,credit
402674,00-99,BANK OF SHANGHAI,CN,visa,credit
402675,00-99,FREMONT FEDERAL CREDIT UNION,US,visa,debit
402676,00-99,SYRACUSE FIRE DEPARTMENT EMPLOYEES FEDERAL CREDIT UNION,US,visa,debit
402677,00-99,PATRIOT BANK NATIONAL ASSOCIATION,US,visa,debit
402678,00-99,ARAB BANK PLC,EG,visa,credit
402679,00-99,ECOBANK ZAMBIA LTD.,ZM,visa,debit
402680,00-99,BANCO DE FINANZAS S.A.,NI,visa,credit
402681,00-99,BANCO DE FINANZAS S.A.,NI,visa,credit
402682,00-99,BANCO DE FINANZAS S.A.,NI,visa,credit
402683,00-99,BANCO DE FINANZAS S.A.,NI,visa,debit
402684,00-99,BANCO DE FINANZAS S.A.,NI,visa,debit
402685,00-99,CONCARDIS GMBH,DE,visa,credit
402686,00-99,CORP BANCA C.A.,VE,visa,credit
402687,00-99,HSBC MEXICO S.A.,MX,visa,credit
402688,00-99,BANK OF QUEENSLAND LTD.,AU,visa,debit
402689,00-99,DEUTSCHE POSTBANK AG,DE,visa,credit
402690,00-99,NAVY FEDERAL CREDIT UNION,US,visa,credit
402691,00-99,,US,visa,credit
402692,00-99,NAVY FEDERAL CREDIT UNION,US,visa,credit
402693,00-99,MVB BANK INC,US,visa,credit
402694,00-99,CREDIT AGRICOLE EGYPT S.A.E.,EG,visa,credit
402695,00-99,PT BANK UOB INDONESIA,ID,visa,credit
402696,00-99,BANCO DE GALICIA Y BUENOS AIRES S.A.,AR,visa,debit
402697,00-99,,US,visa,credit
402698,00-99,PAO STAVROPOLPROMSTROYBANK,RU,visa,debit
402699,00-99,,US,visa,credit
402700,00-99,CITIBANK NATIONAL ASSOCIATION - CONSUMER,US,visa,credit
402701,00-99,LA CAJA MUNICIPAL DE AHORRO Y CREDITO SULLANA (OFFBOARDING) - INVOLUNTARY,PE,visa,debit
402702,00-99,BANCO SANTANDER S.A.,BR,visa,credit
402703,00-99,METABANK,US,visa,debit
402704,00-99,LUSO FEDERAL CREDIT UNION,US,visa,debit
402705,00-99,STRIDE BANK NATIONAL ASSOCIATION,US,visa,debit
402706,00-99,,US,visa,credit
402707,00-99,,US,visa,credit
402708,00-99,HANCOCK WHITNEY BANK,US,visa,debit
402709,00-99,HANCOCK WHITNEY BANK,US,visa,debit
402710,00-99,WELLS FARGO BANK N.A.,US,visa,credit
402711,00-99,PATHWARD N.A.,US,visa,debit
402712,00-99,PATHWARD N.A.,US,visa,debit
402713,00-99,JSB OF RECONVERSION AND DEVELOPMENT (RDB-BANK),BY,visa,debit
402714,00-99,ECOBANK COTE D'IVOIRE,CI,visa,debit
402715,00-99,PATHWARD N.A.,US,visa,debit
402716,00-99,PATHWARD N.A.,US,visa,debit
402717,00-99,FIFTH THIRD MB FINANCIAL,US,visa,debit
402718,00-99,FIFTH THIRD MB FINANCIAL,US,visa,debit
402719,00-99,FIRST BANK OF PIKE,US,visa,debit
402720,00-99,REGIONS BANK,US,visa,debit
402721,00-99,COMMUNITY SPIRIT BANK,US,visa,credit
402722,00-99,BANCO BAC SAN JOSE S.A.,CR,visa,credit
402723,00-99,NMB BANK LTD.,ZW,visa,credit
402724,00-99,THE VALLEY STATE BANK,US,visa,debit
402725,00-99,BANK GOSPODARSTWA KRAJOWEGO,PL,visa,credit
402726,00-99,,BR,visa,credit
402727,00-99,JSCB SAROVBUSINESSBANK,RU,visa,debit
402728,00-99,JSC SAROVBUSINESSBANK,RU,visa,debit
402729,00-99,AXIS BANK LTD.,IN,visa,debit
402730,00-99,SWISSCARD AECS GMBH,CH,visa,credit
402731,00-99,UKRAINIAN PROFESSIONAL BANK OJSC,UA,visa,debit
402732,00-99,UKRAINIAN PROFESSIONAL BANK OJSC,UA,visa,debit
402733,00-99,PARTNERS BANK,US,visa,debit
402734,00-99,UNICREDIT BANK CZECH REPUBLIC AND SLOVAKIA A.S.,SK,visa,debit
402735,00-99,THE FEDERAL BANK LTD.,IN,visa,debit
402736,00-99,PT BANK UOB INDONESIA,ID,visa,credit
402737,00-99,VIETNAM EXPORT IMPORT COMMERCIAL JOINT-STOCK BANK,VN,visa,credit
402738,00-99,BANCO DAVIVIENDA SALVADORENO S.A.,SV,visa,debit
402739,00-99,BANCO DE BOGOTA,CO,visa,debit
402740,00-99,,US,visa,credit
402741,00-99,BANK OF BARODA,IN,visa,debit
402742,00-99,LIVQUIK TECHNOLOGY (INDIA) PRIVATE LTD.,IN,visa,debit
402743,00-99,AXIS BANK LTD.,IN,visa,debit
402744,00-99,AXIS BANK LTD.,IN,visa,debit
402745,00-99,AXIS BANK LTD.,IN,visa,debit
402746,00-99,AXIS BANK LTD.,IN,visa,debit
402747,00-99,COMMONWEALTH BANK OF AUSTRALIA,AU,visa,debit
402748,00-99,BANCO BOLIVARIANO C.A.,EC,visa,credit
402749,00-99,BANCO BOLIVARIANO C.A.,EC,visa,credit
402750,00-99,YUANTA COMMERCIAL BANK CO. LTD.,TW,visa,credit
402751,00-99,BANCO BAC SAN JOSE S.A.,CR,visa,credit
402752,00-99,TAIPEI FUBON COMMERCIAL BANK CO. LTD.,TW,visa,credit
402753,00-99,SV PAYMENT SOLUTIONS S.A.P.I. DE C.V.,MX,visa,debit
402754,00-99,ABSA GROUP LTD.,ZA,visa,debit
402755,00-99,I.L.W.U. FEDERAL CREDIT UNION,US,visa,credit
402756,00-99,I.L.W.U. FEDERAL CREDIT UNION,US,visa,credit
402757,00-99,UMB BANK NATIONAL ASSOCIATION,US,visa,debit
402758,00-99,EVOLVE BANK & TRUST,US,visa,debit
402759,00-99,NORTH COAST CREDIT UNION,US,visa,credit
402760,00-99,FIFTH THIRD BANK,US,visa,debit
402761,00-99,WIRECARD BANK AG,BR,visa,credit
402762,00-99,AUSTIN CAPITAL BANK SSB,US,visa,debit
402763,00-99,CAPITAL BANK OF JORDAN PLC. CO.,JO,visa,debit
402764,00-99,,US,visa,credit
402765,00-99,TAIWAN BUSINESS BANK,TW,visa,debit
402766,00-99,BANCO AZTECA S.A. INSTITUCION DE BANCA MULTIPLE,MX,visa,debit
402767,00-99,OPEN-END JSC AGROBANK,UZ,visa,debit
402768,00-99,FIRST FIDELITY BANK,US,visa,credit
402769,00-99,WORLDLINE,NL,visa,credit
402770,00-99,INDUSIND BANK LTD.,IN,visa,credit
402771,00-99,INTERPAYMENT SERVICES LTD.,ZA,visa,debit
402772,00-99,THAWANI TECHNOLOGIES LLC,OM,visa,debit
402773,00-99,ITAU UNIBANCO S.A.,BR,visa,debit
402774,00-99,ITAU UNIBANCO S.A.,BR,visa,debit
402775,00-99,ALTA BANKA AD BEOGRAD,RS,visa,debit
402776,00-99,THE DENISON STATE BANK,US,visa,debit
402777,00-99,,US,visa,credit
402778,00-99,JS INNOVATION CB IPAK YULI,UZ,visa,debit
402779,00-99,LONE STAR CREDIT UNION,US,visa,debit
402780,00-99,UNITED COMMERCIAL BANK,BD,visa,debit
402781,00-99,INVEST BANK PLC,JO,visa,credit
402782,00-99,INVEST BANK PLC,JO,visa,credit
402783,00-99,THE BANCORP BANK NATIONAL ASSOCIATION,US,visa,debit
402784,00-99,THE BANCORP BANK NATIONAL ASSOCIATION,US,visa,debit
402785,00-99,BANCO COMAFI S.A.,AR,visa,credit
402786,00-99,BANCO COMAFI S.A.,AR,visa,credit
402787,00-99,BANCO COMAFI S.A.,AR,visa,credit
402788,00-99,BANCO COMAFI S.A.,AR,visa,credit
402789,00-99,BANCO COMAFI S.A.,AR,visa,debit
402790,00-99,CANARA BANK,IN,visa,debit
402791,00-99,INDUSTRIAL AND COMMERCIAL BANK OF CHINA LTD.,CN,visa,debit
402792,00-99,INDUSTRIAL AND COMMERCIAL BANK OF CHINA LTD.,CN,visa,debit
402793,00-99,BANK ALFALAH LTD.,PK,visa,debit
402794,00-99,PARTNERS FEDERAL CREDIT UNION,US,visa,credit
402795,00-99,KEMBA CREDIT UNION INC.,US,visa,debit
402796,00-99,DUPACO COMMUNITY CREDIT UNION,US,visa,credit
402797,00-99,PREMIER AMERICA CREDIT UNION,US,visa,credit
402798,00-99,PIRAEUS BANK S.A.,GR,visa,credit
402799,00-99,CONTECNICA S.A.,GT,visa,credit
402800,00-99,BANK OF STOCKTON,US,visa,credit
402801,00-99,LUOTTOKUNTA,FI,visa,debit
402802,00-99,HANDELSBANKEN,FI,visa,credit
402803,00-99,ABU DHABI COMMERCIAL BANK - ADCB - EGYPT,EG,visa,debit
402804,00-99,BANK AL JAZIRA,SA,visa,credit
402805,00-99,HABIB BANK LTD.,PK,visa,debit
402806,00-99,FIRST ABU DHABI BANK (PJSC),AE,visa,credit
402807,00-99,AXIS BANK LTD.,IN,visa,debit
402808,00-99,JSC SENSE BANK,UA,visa,debit
402809,00-99,CITIBANK NATIONAL ASSOCIATION - CONSUMER,US,visa,credit
402810,00-99,KEYBANK N.A.,US,visa,credit
402811,00-99,BC MOLDINDCONBANK S.A.,MD,visa,debit
402812,00-99,BC MOLDINDCONBANK S.A.,MD,visa,credit
402813,00-99,CREDIT ONE BANK NATIONAL ASSOCIATION,US,visa,credit
402814,00-99,HONG LEONG,MY,visa,credit
402815,00-99,HONG LEONG BANK BERHAD,MY,visa,credit
402816,00-99,HONG LEONG BANK,MY,visa,credit
402817,00-99,CITIBANK,GU,visa,credit
402818,00-99,CITIBANK,PK,visa,credit
402819,00-99,THE HUNTINGTON NATIONAL BANK,US,visa,credit
402820,00-99,BANK OF STOCKTON,US,visa,credit
402821,00-99,MVB BANK INC,US,visa,debit
402822,00-99,HYUNDAI CARD COMPANY LTD.,KR,visa,credit
402823,00-99,MAGNOLIA STATE BANK,US,visa,credit
402824,00-99,BANK WINDHOEK LTD.,NA,visa,credit
402825,00-99,DIGITAL FEDERAL CREDIT UNION,US,visa,debit
402826,00-99,DIGITAL FEDERAL CREDIT UNION,US,visa,credit
402827,00-99,FIRST FINANCIAL FEDERAL CREDIT UNION,US,visa,credit
402828,00-99,COASTAL COMMUNITY FEDERAL CREDIT UNION,US,visa,credit
402829,00-99,UNIVERSITY CREDIT UNION,US,visa,credit
402830,00-99,SELFRELIANCE FEDERAL CREDIT UNION,US,visa,debit
402831,00-99,VALLEY FINANCIAL CREDIT UNION,US,visa,credit
402832,00-99,THE NORTH SIDE BANK AND TRUST COMPANY,US,visa,credit
402833,00-99,THE NORTH SIDE BANK AND TRUST COMPANY,US,visa,credit
402834,00-99,NW PREFERRED FEDERAL CREDIT UNION,US,visa,credit
402835,00-99,CITIBANK (HONG KONG) LTD.,HK,visa,credit
402836,00-99,CITIBANK (HONG KONG) LTD.,HK,visa,credit
402837,00-99,ABSA BANK LTD.,ZA,visa,credit
402838,00-99,ABSA GROUP LTD.,ZA,visa,credit
402839,00-99,TELLER A.S.,NO,visa,debit
402840,00-99,JSC CB MODULBANK,RU,visa,debit
402841,00-99,INTERRA CREDIT UNION,US,visa,debit
402842,00-99,BANCO ANGOLANO DE INVESTIMENTOS S.A.,AO,visa,credit
402843,00-99,HSBC PHILIPPINE AIRLINES MABUHAY MILES,PH,visa,credit
402844,00-99,THE CHANG HWA COMMERCIAL BANK LTD.,TW,visa,credit
402845,00-99,BANK SIMPANAN NASIONAL,MY,visa,credit
402846,00-99,COMMUNITY FIRST BANK NATIONAL ASSOCIATION,US,visa,credit
402847,00-99,ENDURANCE FEDERAL CREDIT UNION,US,visa,debit
402848,00-99,HOME SAVINGS BANK OF WAPAKONETA,US,visa,debit
402849,00-99,SAVINGS BANK OF DANBURY,US,visa,debit
402850,00-99,TRAVEL UNION UAB,SE,visa,debit
402851,00-99,MARATHON COUNTY EMPLOYEES CREDIT UNION,US,visa,credit
402852,00-99,VISION FINANCIAL FEDERAL CREDIT UNION,US,visa,credit
402853,00-99,ICICI BANK LTD.,IN,visa,credit
402854,00-99,CITI CARDS JAPAN INC.,JP,visa,credit
402855,00-99,MASRAF AL RAYAN,QA,visa,credit
402856,00-99,CITIBANK (HONG KONG) LTD.,HK,visa,credit
402857,00-99,HYUNDAI CARD COMPANY LTD.,KR,visa,credit
402858,00-99,HYUNDAICARD CO. LTD.,KR,visa,credit
402859,00-99,MBANK S.A.,PL,visa,credit
402860,00-99,ACCESS BANK (GHANA) PLC,GH,visa,debit
402861,00-99,CAPITAL CREDIT UNION,US,visa,debit
402862,00-99,CITIBANK NATIONAL ASSOCIATION - CONSUMER,US,visa,credit
402863,00-99,COASTHILLS FEDERAL CREDIT UNION,US,visa,credit
402864,00-99,STATE BANK OF SOUTHERN UTAH,US,visa,credit
402865,00-99,UNIBANK COMMERCIAL BANK,AZ,visa,credit
402866,00-99,CITIBANK NATIONAL ASSOCIATION - CONSUMER,US,visa,credit
402867,00-99,,US,visa,credit
402868,00-99,FERGUS FEDERAL CREDIT UNION,US,visa,debit
402869,00-99,MATANUSKA VALLEY FEDERAL CREDIT UNION,US,visa,debit
402870,00-99,BANCO INTERATLANTICO SARL,CV,visa,debit
402871,00-99,MIDWEST BANK,US,visa,debit
402872,00-99,EMIRATES ISLAMIC BANK P.J.S.C.,AE,visa,debit
402873,00-99,CITIBANK NATIONAL ASSOCIATION - CONSUMER,US,visa,credit
402874,00-99,STANDARD CHARTERED BANK,IN,visa,credit
402875,00-99,DANE COUNTY CREDIT UNION,US,visa,debit
402876,00-99,U.S. BANK N.A.,US,visa,credit
402877,00-99,TRANSKAPITALBANK,RU,visa,debit
402878,00-99,TRAVEL WALLET CO. LTD.,KR,visa,debit
402879,00-99,FIRST FINANCIAL BANK,US,visa,debit
402880,00-99,FIRST FIDELITY BANK,US,visa,credit
402881,00-99,,NO,visa,debit
402882,00-99,USALLIANCE FEDERAL CREDIT UNION,US,visa,credit
402883,00-99,MERCANTILE BANK,US,visa,credit
402884,00-99,MERCANTILE BANK,US,visa,credit
402885,00-99,MERCANTILE BANK,US,visa,credit
402886,00-99,FNB BANK INC.,US,visa,debit
402887,00-99,REDWOOD CREDIT UNION,US,visa,credit
402888,00-99,SIKORSKY FINANCIAL CREDIT UNION INC.,US,visa,credit
402889,00-99,JSC UNIVERSAL BANK,UA,visa,debit
402890,00-99,JSC CB MODULBANK,RU,visa,debit
402891,00-99,WOORI CARD CO. LTD.,KR,visa,credit
402892,00-99,THE HONGKONG AND SHANGHAI BANKING CORPORATION LTD.,PH,visa,credit
402893,00-99,THE HONGKONG AND SHANGHAI BANKING CORPORATION LTD.,PH,visa,credit
402894,00-99,LAMONT BANK OF ST. JOHN,US,visa,debit
402895,00-99,BELLCO CREDIT UNION,US,visa,credit
402896,00-99,GLOBAL IME BANK LTD.,NP,visa,debit
402897,00-99,HORIZON CREDIT UNION,US,visa,debit
402898,00-99,DESERT FINANCIAL CREDIT UNION,US,visa,debit
402899,00-99,CITIBANK NATIONAL ASSOCIATION - CONSUMER,US,visa,credit
402900,00-99,FARMERS INSURANCE GROUP FEDERAL CREDIT UNION,US,visa,credit
402901,00-99,JSB POLTAVA BANK,UA,visa,debit
402902,00-99,JSB POLTAVA BANK,UA,visa,debit
402903,00-99,JSB POLTAVA BANK,UA,visa,debit
402904,00-99,JSB POLTAVA-BANK,UA,visa,credit
402905,00-99,CHINA MINSHENG BANKING CORP.LTD,CN,visa,credit
402906,00-99,CITIBANK NATIONAL ASSOCIATION - CONSUMER,US,visa,credit
402907,00-99,CCB BRASIL,BR,visa,credit
402908,00-99,AB CITADELE BANKAS,LV,visa,debit
402909,00-99,JSCB NOVIKOMBANK,RU,visa,debit
402910,00-99,JSCB NOVIKOMBANK,RU,visa,debit
402911,00-99,AXIS BANK LTD.,IN,visa,debit
402912,00-99,BAC INTERNATIONAL BANK (PANAMA) INC.,PA,visa,credit
402913,00-99,CHINA MERCHANTS BANK,CN,visa,credit
402914,00-99,COMPA IA FINANCIERA ARGENTINA S.A.,AR,visa,debit
402915,00-99,DEMERARA BANK LTD.,GY,visa,debit
402916,00-99,DEMERARA BANK LTD.,GY,visa,credit
402917,00-99,TARJETA NARANJA S.A.,AR,visa,credit
402918,00-99,GALICIA,AR,visa,credit
402919,00-99,,RU,visa,debit
402920,00-99,,RU,visa,debit
402921,00-99,,RU,visa,debit
402922,00-99,,RU,visa,debit
402923,00-99,HSBC BANK (TAIWAN) LTD.,TW,visa,credit
402924,00-99,POLARIS BANK LTD.,NG,visa,debit
402925,00-99,KEMBA CREDIT UNION INC.,US,visa,debit
402926,00-99,KEMBA CREDIT UNION INC.,US,visa,debit
402927,00-99,LISTERHILL CREDIT UNION,US,visa,credit
402928,00-99,ALLIANT CREDIT UNION,US,visa,credit
402929,00-99,CITIBANK NATIONAL ASSOCIATION - CONSUMER,US,visa,credit
402930,00-99,RAIFFEISENBANK A.D. BEOGRAD,RS,visa,debit
402931,00-99,UNIVERSITY FIRST FEDERAL CREDIT UNION,US,visa,credit
402932,00-99,BANCO POPULAR Y DE DESARROLLO COMUNAL,CR,visa,debit
402933,00-99,PACIFIC WESTERN BANK,US,visa,debit
402934,00-99,BANCO BNP PARIBAS BRASIL S.A.,BR,visa,credit
402935,00-99,SOUTHWEST LOUISIANA CREDIT UNION,US,visa,credit
402936,00-99,JPMORGAN CHASE BANK N.A.,US,visa,credit
402937,00-99,JPMORGAN CHASE BANK N.A.,US,visa,credit
402938,00-99,AVADIAN CREDIT UNION,US,visa,debit
402939,00-99,PRINSBANK,US,visa,credit
402940,00-99,TURKIYE VAKIFLAR BANKASI T.A.O.,TR,visa,credit
402941,00-99,FIRST ABU DHABI BANK (PJSC),AE,visa,credit
402942,00-99,BANCO BV S.A.,BR,visa,credit
402943,00-99,MOVEMENT BANK,US,visa,debit
402944,00-99,TD BANK NATIONAL ASSOCIATION,US,visa,debit
402945,00-99,PORTAGE COMMUNITY BANK,US,visa,debit
402946,00-99,M&T BANK,US,visa,credit
402947,00-99,BANCO BV S.A.,BR,visa,credit
402948,00-99,PUBLIC JOINT-STOCK COMPANY BANK OTKRITIE FINANCIAL CORPORATION,RU,visa,debit
402949,00-99,B&N BANK PUBLIC JOINT-STOCK COMPANY,RU,visa,credit
402950,00-99,FREEDOM OF MARYLAND FEDERAL CREDIT UNION,US,visa,debit
402951,00-99,ONENEBRASKA FEDERAL CREDIT UNION,US,visa,credit
402952,00-99,SHINHAN CARD CO. LTD.,KR,visa,credit
402953,00-99,ABANCA CORPORACION BANCARIA S.A,ES,visa,credit
402954,00-99,WORLDPAY (UK) LTD.,GB,visa,credit
402955,00-99,CITIBANK NATIONAL ASSOCIATION - CONSUMER,US,visa,credit
402956,00-99,BANCO SANTANDER PORTUGAL,PT,visa,debit
402957,00-99,EUROBANK S.A.,GR,visa,credit
402958,00-99,SHINHAN INDO FINANCE PT,ID,visa,credit
402959,00-99,FIRST NATIONAL BANK OF AMERICA,US,visa,debit
402960,00-99,DNB BANK,NO,visa,credit
402961,00-99,JSB PIVDENNYI,UA,visa,debit
402962,00-99,JSB PIVDENNYI,UA,visa,credit
402963,00-99,AXIS BANK LTD.,IN,visa,debit
402964,00-99,JSB PIVDENNYI,UA,visa,credit
402965,00-99,UNICREDIT BANK SERBIA JSC BELGRAD,RS,visa,debit
402966,00-99,UNICREDIT BANK SERBIA JSC BELGRAD,RS,visa,debit
402967,00-99,GOLOMT BANK OF MONGOLIA,MN,visa,credit
402968,00-99,,RS,visa,debit
402969,00-99,INDUSIND BANK LTD.,NP,visa,debit
402970,00-99,THE FEDERAL BANK LTD.,IN,visa,credit
402971,00-99,CITIBANK NATIONAL ASSOCIATION - CONSUMER,US,visa,credit
402972,00-99,IBERCAJA BANCO S.A,ES,visa,debit
402973,00-99,IBERCAJA BANCO S.A.,ES,visa,debit
402974,00-99,EITC FINANCIAL SERVICES L.L.C,AE,visa,debit
402975,00-99,CREDY BANKA AD KRAGUJEVAC,RS,visa,credit
402976,00-99,ALTA BANKA AD BEOGRAD,RS,visa,debit
402977,00-99,EUROBANK DIREKTNA AKCIONARSKO DRUSTVO BEOGRAD,RS,visa,debit
402978,00-99,BURGAN BANK (S.A.K.),KW,visa,debit
402979,00-99,MYSTATE BANK LTD.,AU,visa,debit
402980,00-99,CUSCAL LTD.,AU,visa,credit
402981,00-99,REV WORLDWIDE,AU,visa,debit
402982,00-99,INTERPAYMENT SERVICES LTD.,RS,visa,debit
402983,00-99,TD BANK N.A.,US,visa,debit
402984,00-99,TD BANK N.A.,US,visa,credit
402985,00-99,BANK OF BARODA,IN,visa,debit
402986,00-99,THE FEDERAL BANK LTD.,IN,visa,credit
402987,00-99,TAIPEI FUBON COMMERCIAL BANK CO. LTD.,TW,visa,credit
402988,00-99,RHBBANK,MY,visa,credit
402989,00-99,CACANSKA BANKA A.D. CACAK,RS,visa,debit
402990,00-99,CACANSKA BANKA A.D. CACAK,RS,visa,debit
402991,00-99,ADDIKO BANK D.D.,HR,visa,credit
402992,00-99,FIRST NATIONAL BANK GHANA LTD.,GH,visa,debit
402993,00-99,QUDOS MUTUAL LTD.,AU,visa,debit
402994,00-99,,RU,visa,debit
402995,00-99,ALLIANZ BANK BULGARIA A.D.,BG,visa,credit
402996,00-99,RAIFFEISENBANK A.D. BEOGRAD,RS,visa,credit
402997,00-99,RAIFFEISENBANK A.D. BEOGRAD,RS,visa,debit
402998,00-99,RAIFFEISENBANK A.D. BEOGRAD,RS,visa,debit
402999,00-99,RAIFFEISENBANK A.D. BEOGRAD,RS,visa,debit
403000,00-99,,UY,visa,debit
403001,00-99,,UY,visa,debit
403002,00-99,BANCO BV S.A.,BR,visa,credit
403003,00-99,FINECO,IT,visa,credit
403004,00-99,ALDEN CREDIT UNION,US,visa,debit
403005,00-99,PATHWARD N.A.,US,visa,debit
403006,00-99,PATHWARD N.A.,US,visa,debit
403007,00-99,BANCO SANTANDER PORTUGAL,PT,visa,debit
403008,00-99,KB KOOKMIN CARD CO. LTD.,KR,visa,debit
403009,00-99,SBI CARDS AND PAYMENT SERVICES LTD.,IN,visa,credit
403010,00-99,ARAB AFRICAN INTERNATIONAL BANK,EG,visa,credit
403011,00-99,AHLI BANK Q.S.C.,QA,visa,credit
403012,00-99,WOORI CARD CO. LTD.,KR,visa,credit
403013,00-99,SHINHAN BANK VIETNAM LTD.,VN,visa,credit
403014,00-99,MVB BANK INC,US,visa,debit
403015,00-99,U.S. BANK NATIONAL ASSOCIATION,US,visa,debit
403016,00-99,WATERFORD BANK N.A.,US,visa,credit
403017,00-99,BANK OF CYPRUS PUBLIC COMPANY LTD.,CY,visa,credit
403018,00-99,BANK OF CYPRUS PUBLIC COMPANY LTD.,CY,visa,debit
403019,00-99,NMB BANK LTD.,NP,visa,credit
403020,00-99,SNS BANK N.V.,NL,visa,credit
403021,00-99,JSC JSCB CONCORD,UA,visa,debit
403022,00-99,VALITOR HF.,IS,visa,debit
403023,00-99,ALLIED IRISH BANKS P.L.C.,IE,visa,credit
403024,00-99,AL RAJHI BANKING AND INVESTMENT CORP.,SA,visa,debit
403025,00-99,INTESA SANPAOLO S.P.A.,IT,visa,debit
403026,00-99,INTESA SANPAOLO S.P.A.,IT,visa,debit
403027,00-99,BANCA MONTE DEI PASCHI DI SIENA S.P.A.,IT,visa,debit
403028,00-99,BANCA MONTE DEI PASCHI DI SIENA S.P.A.,IT,visa,debit
403029,00-99,BANCA MONTE DEI PASCHI DI SIENA S.P.A.,IT,visa,debit
403030,00-99,BIBANCA S.P.A.,IT,visa,debit
403031,00-99,INTESA SANPAOLO S.P.A.,IT,visa,debit
403032,00-99,INTESA SANPAOLO S.P.A.,IT,visa,credit
403033,00-99,UNICREDIT S.P.A.,IT,visa,debit
403034,00-99,CITIBANK NATIONAL ASSOCIATION - CONSUMER,US,visa,credit
403035,00-99,POSTEPAY S.P.A.,IT,visa,debit
403036,00-99,ALLIANT CREDIT UNION,US,visa,credit
403037,00-99,FAIRWINDS CREDIT UNION,US,visa,debit
403038,00-99,BAXTER CREDIT UNION,US,visa,credit
403039,00-99,TRI COUNTY AREA FEDERAL CREDIT UNION,US,visa,debit
403040,00-99,BMI FEDERAL CREDIT UNION,US,visa,debit
403041,00-99,LISTERHILL CREDIT UNION,US,visa,debit
403042,00-99,BAXTER CREDIT UNION,US,visa,debit
403043,00-99,BMI FEDERAL CREDIT UNION,US,visa,credit
403044,00-99,BAXTER CREDIT UNION,US,visa,credit
403045,00-99,LISTERHILL CREDIT UNION,US,visa,credit
403046,00-99,PARTNERS FEDERAL CREDIT UNION,US,visa,debit
403047,00-99,LISTERHILL CREDIT UNION,US,visa,credit
403048,00-99,BAXTER CREDIT UNION,US,visa,credit
403049,00-99,BAXTER CREDIT UNION,US,visa,debit
403050,00-99,CITIBANK NATIONAL ASSOCIATION - CONSUMER,US,visa,credit
403051,00-99,GLOBAL PAYMENTS MONEYTOPAY EDE S.L.,ES,visa,debit
403052,00-99,EASTRISE FEDERAL CREDIT UNION,US,visa,debit
403053,00-99,GREATER WOODLAWN FEDERAL CREDIT UNION,US,visa,debit
403054,00-99,SUTTON BANK,US,visa,debit
403055,00-99,UENO BANK S.A.,PY,visa,credit
403056,00-99,BANCO COOPERATIVO ESPANOL S.A.,ES,visa,credit
403057,00-99,THE BANCORP BANK NATIONAL ASSOCIATION,US,visa,debit
403058,00-99,HERITAGE FAMILY FEDERAL CREDIT UNION,US,visa,debit
403059,00-99,,TR,visa,debit
403060,00-99,CITIBANK NATIONAL ASSOCIATION - CONSUMER,US,visa,credit
403061,00-99,SAG-AFTRA FEDERAL CREDIT UNION,US,visa,credit
403062,00-99,SANGER BANK,US,visa,debit
403063,00-99,,US,visa,debit
403064,00-99,TELLER A.S.,NO,visa,credit
403065,00-99,CAPITAL ONE NATIONAL ASSOCIATION,US,visa,credit
403066,00-99,CORE CREDIT UNION,US,visa,credit
403067,00-99,MID-HUDSON VALLEY FEDERAL CREDIT UNION,US,visa,debit
403068,00-99,HEBRON SAVINGS BANK,US,visa,debit
403069,00-99,CODE CREDIT UNION,US,visa,credit
403070,00-99,FIRST FEDERAL BANK LITTLEFIELD TEXAS,US,visa,debit
403071,00-99,GUARDIAN CREDIT UNION,US,visa,credit
403072,00-99,GUARDIAN CREDIT UNION,US,visa,credit
403073,00-99,ZAMBIA NATIONAL COMMERCIAL BANK,ZM,visa,debit
403074,00-99,ZAMBIA NATIONAL COMMERCIAL BANK,ZM,visa,debit
403075,00-99,JPMORGAN CHASE BANK N.A.,US,visa,credit
403076,00-99,EDUCATIONAL SYSTEMS FEDERAL CREDIT UNION,US,visa,credit
403077,00-99,CITIZENS BANK OF KANSAS,US,visa,debit
403078,00-99,NATIONAL BANK OF DOMINICA,DM,visa,credit
403079,00-99,NATIONAL BANK OF DOMINICA,DM,visa,credit
403080,00-99,NATIONAL BANK OF DOMINICA,DM,visa,credit
403081,00-99,THE BANK OF KAUKAUNA,US,visa,debit
403082,00-99,QNB BANK A.S,TR,visa,credit
403083,00-99,HERITAGE FEDERAL CREDIT UNION,US,visa,credit
403084,00-99,HERITAGE FEDERAL CREDIT UNION,US,visa,debit
403085,00-99,UNITED BANK,US,visa,debit
403086,00-99,ABU DHABI COMMERCIAL BANK,AE,visa,credit
403087,00-99,CITIBANK NATIONAL ASSOCIATION - CONSUMER,US,visa,credit
403088,00-99,THE BRIDGEWAY FEDERAL CREDIT UNION,US,visa,debit
403089,00-99,UNICREDIT S.P.A.,IT,visa,credit
403090,00-99,TEACHERS FEDERAL CREDIT UNION,US,visa,credit
403091,00-99,BANK ZENIT,RU,visa,debit
403092,00-99,BANK ZENIT,RU,visa,debit
403093,00-99,BANK ZENIT,RU,visa,debit
403094,00-99,,RU,visa,credit
403095,00-99,SOUND CREDIT UNION,US,visa,credit
403096,00-99,UKRAINIAN SELFRELIANCE FEDERAL CREDIT UNION,US,visa,debit
403097,00-99,SIMMESPORT STATE BANK,US,visa,debit
403098,00-99,HALKBANK A.D. BEOGRAD,RS,visa,credit
403099,00-99,SENECA NATIONS OF INDIANS FEDERAL CREDIT UNION,US,visa,debit
403100,00-99,GOVERNMENT EMPLOYEES FEDERAL CREDIT UNION,US,visa,credit
403101,00-99,THE VALLEY STATE BANK,US,visa,debit
403102,00-99,CREDIT UNION OF SOUTHERN CALIFORNIA,US,visa,debit
403103,00-99,EDUCATIONAL SYSTEMS FEDERAL CREDIT UNION,US,visa,debit
403104,00-99,BANK OF AMERICA N.A. - MERRILL LYNCH,US,visa,debit
403105,00-99,WEST TEXAS STATE BANK,US,visa,debit
403106,00-99,CITIBANK NATIONAL ASSOCIATION - CONSUMER,US,visa,credit
403107,00-99,CENTRAL WILLAMETTE CREDIT UNION,US,visa,debit
403108,00-99,U.S. BANK NATIONAL ASSOCIATION,US,visa,debit
403109,00-99,,GY,visa,credit
403110,00-99,SANIMA BANK LTD.,NP,visa,credit
403111,00-99,UMPQUA BANK,US,visa,credit
403112,00-99,KEYBANK N.A.,US,visa,credit
403113,00-99,JPMORGAN CHASE BANK N.A.,US,visa,credit
403114,00-99,JPMORGAN CHASE BANK N.A.,US,visa,credit
403115,00-99,JPMORGAN CHASE BANK N.A.,US,visa,credit
403116,00-99,JPMORGAN CHASE BANK N.A.,US,visa,credit
403117,00-99,JPMORGAN CHASE BANK N.A.,US,visa,credit
403118,00-99,JPMORGAN CHASE BANK N.A.,US,visa,credit
403119,00-99,BANK OF NEVADA,US,visa,debit
403120,00-99,EMPOWER BLUE CREDIT UNION,US,visa,debit
403121,00-99,BANK INDEPENDENT,US,visa,debit
403122,00-99,WELLS FARGO BANK N.A.,US,visa,debit
403123,00-99,AXIS BANK LTD.,IN,visa,debit
403124,00-99,CITIZENS SAVINGS BANK AND TRUST COMPANY,US,visa,debit
403125,00-99,ICBA BANCARD INC.,US,visa,debit
403126,00-99,,LK,visa,debit
403127,00-99,RESOURCE BANK,US,visa,debit
403128,00-99,THE MILFORD BANK,US,visa,debit
403129,00-99,WELLS FARGO BANK N.A.,US,visa,debit
403130,00-99,ARKANSAS BEST FEDERAL CREDIT UNION,US,visa,debit
403131,00-99,CBI BANK & TRUST,US,visa,debit
403132,00-99,BANCO DE LA PRODUCCION S.A.,NI,visa,credit
403133,00-99,WEBSTER BANK NATIONAL ASSOCIATION,US,visa,debit
403134,00-99,DENIZBANK A.S.,TR,visa,credit
403135,00-99,CJSC EUROPEAN BANK OF RATIONAL FINANCING,UA,visa,debit
403136,00-99,WELLS FARGO BANK N.A.,US,visa,debit
403137,00-99,WELLS FARGO BANK N.A.,US,visa,debit
403138,00-99,NINGBO YINZHOU RURAL COMMERCIAL BANK CO. LTD,CN,visa,credit
403139,00-99,MT. MCKINLEY BANK,US,visa,debit
403140,00-99,HORIZON BANK SSB,US,visa,debit
403141,00-99,BANK OF AMERICA N.A. - MERRILL LYNCH,US,visa,debit
403142,00-99,UNIVERSITY CREDIT UNION,US,visa,debit
403143,00-99,KURDISTAN INTERNATIONAL ISLAMIC BANK FOR INVESTMENT AND DEVELOPMENT,IQ,visa,debit
403144,00-99,INFCU,US,visa,debit
403145,00-99,FIRST COMMUNITY BANK OF HILLSBORO,US,visa,debit
403146,00-99,PEOPLES TRUST COMPANY OF ST. ALBANS,US,visa,debit
403147,00-99,ANECA FEDERAL CREDIT UNION,US,visa,credit
403148,00-99,AMBANK (M) BERHAD,MY,visa,credit
403149,00-99,,MY,visa,credit
403150,00-99,FIRST COUNTY FEDERAL CREDIT UNION,US,visa,debit
403151,00-99,COMTRUST FEDERAL CREDIT UNION,US,visa,debit
403152,00-99,FIRST NATIONAL BANK OF OMAHA,US,visa,credit
403153,00-99,THE FIRST - A NATIONAL BANKING ASSOCIATION,US,visa,debit
403154,00-99,CHARTWAY FEDERAL CREDIT UNION,US,visa,credit
403155,00-99,CHARTWAY FEDERAL CREDIT UNION,US,visa,credit
403156,00-99,CENTRAL BANK OF KANSAS CITY,US,visa,debit
403157,00-99,CANALS & TRAILS CREDIT UNION,US,visa,debit
403158,00-99,STREATOR COMMUNITY CREDIT UNION,US,visa,debit
403159,00-99,FIRST OPTION BANK,US,visa,debit
403160,00-99,DADE COUNTY FEDERAL CREDIT UNION,US,visa,debit
403161,00-99,FORT FINANCIAL FEDERAL CREDIT UNION,US,visa,credit
403162,00-99,,US,visa,debit
403163,00-99,SUTTON BANK,US,visa,debit
403164,00-99,CITIZENS COMMUNITY FEDERAL,US,visa,debit
403165,00-99,THE FIRST NATIONAL BANK OF EVANT,US,visa,debit
403166,00-99,MONMOUTH COUNTY POSTAL EMPLOYEES CREDIT UNION,US,visa,credit
403167,00-99,JSC HALYK SAVINGS BANK OF KAZAKHSTAN,KZ,visa,debit
403168,00-99,HOME BANK AND TRUST COMPANY,US,visa,debit
403169,00-99,,TH,visa,debit
403170,00-99,COMMUNITY 1ST FEDERAL CREDIT UNION,US,visa,debit
403171,00-99,CITIBANK NATIONAL ASSOCIATION - CONSUMER,US,visa,credit
403172,00-99,ST. JOHNS BANK AND TRUST COMPANY,US,visa,debit
403173,00-99,ONTARIO SHORES FEDERAL CREDIT UNION,US,visa,credit
403174,00-99,ITS BANK,US,visa,debit
403175,00-99,,US,visa,credit
403176,00-99,PIONEER FEDERAL SAVINGS AND LOAN ASSOCIATION,US,visa,debit
403177,00-99,FIRST INTERSTATE BANK,US,visa,debit
403178,00-99,PIONEER FEDERAL CREDIT UNION,US,visa,credit
403179,00-99,THE FIRST NATIONAL BANK OF BROOKSVILLE,US,visa,debit
403180,00-99,HEARTLAND BANK AND TRUST COMPANY,US,visa,credit
403181,00-99,BANK OF CHINA (MACAU) LTD.,MO,visa,credit
403182,00-99,HARVESTER FINANCIAL CREDIT UNION,US,visa,credit
403183,00-99,HEARTLAND BANK AND TRUST COMPANY,US,visa,credit
403184,00-99,BM-BANK JSC,RU,visa,debit
403185,00-99,WELLS FARGO BANK NATIONAL ASSOCIATION,US,visa,credit
403186,00-99,UNICREDIT BANK CZECH REPUBLIC & SLOVAKIA A.S.,SK,visa,debit
403187,00-99,UNICREDIT BANK CZECH REPUBLIC AND SLOVAKIA A.S.,SK,visa,credit
403188,00-99,UNICREDIT BANK CZECH REPUBLIC AND SLOVAKIA A.S.,SK,visa,debit
403189,00-99,AFG BANK GABON,GA,visa,debit
403190,00-99,AFG BANK GABON,GA,visa,debit
403191,00-99,LONE STAR CREDIT UNION,US,visa,credit
403192,00-99,POSTCITY FINANCIAL CREDIT UNION,US,visa,debit
403193,00-99,CALIFORNIA BEAR CREDIT UNION,US,visa,debit
403194,00-99,JPMORGAN CHASE BANK N.A.,US,visa,debit
403195,00-99,BANCO DE NEGOCIOS INTERNACIONAL S.A. (BNI),AO,visa,debit
403196,00-99,AKIBA COMMERCIAL BANK PLC,TZ,visa,debit
403197,00-99,CITIBANK NATIONAL ASSOCIATION - CONSUMER,US,visa,credit
403198,00-99,THE NORTHERN TRUST COMPANY,US,visa,debit
403199,00-99,THE NORTHERN TRUST COMPANY,US,visa,debit
403200,00-99,CAPITAL ONE NATIONAL ASSOCIATION,US,visa,credit
403201,00-99,CAPITAL ONE NATIONAL ASSOCIATION,US,visa,credit
403202,00-99,CAPITAL ONE NATIONAL ASSOCIATION,US,visa,credit
403203,00-99,BAXTER CREDIT UNION,US,visa,credit
403204,00-99,BMI FEDERAL CREDIT UNION,US,visa,credit
403205,00-99,BMI FEDERAL CREDIT UNION,US,visa,credit
403206,00-99,FAIRWINDS CREDIT UNION,US,visa,debit
403207,00-99,BATELCO FINANCIAL SERVICES (B.S.C.),BH,visa,debit
403208,00-99,AL-SAQI COMPANY FOR ELECTRONIC PAYMENT SERVICES LTD.,IQ,visa,debit
403209,00-99,BANCO ECONOMICO S.A.,AO,visa,credit
403210,00-99,JPMORGAN CHASE BANK N.A.,US,visa,credit
403211,00-99,JPMORGAN CHASE BANK N.A.,US,visa,credit
403212,00-99,JPMORGAN CHASE BANK N.A.,US,visa,credit
403213,00-99,JPMORGAN CHASE BANK N.A.,US,visa,credit
403214,00-99,JPMORGAN CHASE BANK N.A.,US,visa,credit
403215,00-99,JPMORGAN CHASE BANK N.A.,US,visa,credit
403216,00-99,NAVY FEDERAL CREDIT UNION,US,visa,credit
403217,00-99,CREDICARD,BR,visa,credit
403218,00-99,JOINT STOCK COMPANY BANK DOM.RF,RU,visa,debit
403219,00-99,ARION BANKI HF.,IS,visa,debit
403220,00-99,ARION BANKI HF.,IS,visa,credit
403221,00-99,WOORI AMERICA BANK,US,visa,credit
403222,00-99,ARION BANKI HF.,IS,visa,credit
403223,00-99,ALTERNATIFBANK A.S.,TR,visa,credit
403224,00-99,CAIXABANK S.A.,ES,visa,credit
403225,00-99,CITIBANK,BR,visa,credit
403226,00-99,THE CITIZENS BANK OF EDMOND,US,visa,debit
403227,00-99,FIRSTRAND BANK LTD.,ZA,visa,debit
403228,00-99,,TR,visa,debit
403229,00-99,CROSS COUNTY SAVINGS BANK,US,visa,debit
403230,00-99,FINANCEIRA ITAU CBD S.A. CREDITO FINANCIAMENTO E INVESTIMENTO,BR,visa,credit
403231,00-99,,RU,visa,credit
403232,00-99,NEW HAMPSHIRE FEDERAL CREDIT UNION,US,visa,debit
403233,00-99,FEDFINANCIAL FEDERAL CREDIT UNION,US,visa,debit
403234,00-99,PJSC BANK KYIVSKA RUS,UA,visa,debit
403235,00-99,ITAU UNIBANCO S.A.,BR,visa,credit
403236,00-99,BANCO DO BRASIL S.A.,BR,visa,debit
403237,00-99,ITAU UNIBANCO HOLDING S.A.,BR,visa,credit
403238,00-99,NINGBO YINZHOU RURAL COMMERCIAL BANK CO. LTD,CN,visa,credit
403239,00-99,THE CAPE COD FIVE CENTS SAVINGS BANK,US,visa,debit
403240,00-99,FREEDOM CREDIT UNION,US,visa,debit
403241,00-99,HOMEBASE FEDERAL CREDIT UNION,US,visa,debit
403242,00-99,BANK OF AFRICA,BJ,visa,debit
403243,00-99,HALKBANK A.D. BEOGRAD,RS,visa,debit
403244,00-99,ARAB INTERNATIONAL BANK,EG,visa,credit
403245,00-99,,RS,visa,credit
403246,00-99,ITAU UNIBANCO HOLDING S.A.,BR,visa,credit
403247,00-99,ITAU,BR,visa,credit
403248,00-99,KYRGYZKOMMERTSBANK OJSC,KG,visa,debit
403249,00-99,,RS,visa,debit
403250,00-99,SBI CARDS AND PAYMENT SERVICES LTD.,IN,visa,credit
403251,00-99,SBI CARDS AND PAYMENT SERVICES PTE LTD.,IN,visa,debit
403252,00-99,ROKEL COMMERCIAL BANK (SIERRA LEONE) LTD.,SL,visa,debit
403253,00-99,,QA,visa,credit
403254,00-99,CREDICARD,BR,visa,credit
403255,00-99,BANK OF AFRICA-BURKINA FASO,BF,visa,debit
403256,00-99,CB STROYLESBANK,RU,visa,credit
403257,00-99,CB STROYLESBANK,RU,visa,debit
403258,00-99,BYBLOS BANK SAL,LB,visa,credit
403259,00-99,JSC EURASIAN BANK,KZ,visa,debit
403260,00-99,THE STANDARD BANK OF SOUTH AFRICA LTD.,ZA,visa,debit
403261,00-99,,US,visa,credit
403262,00-99,UZPROMSTROYBANK UZBEK JSC INDUSTRIAL AND CONSTRUCTION BANK,UZ,visa,debit
403263,00-99,,RU,visa,credit
403264,00-99,PREFERRED CREDIT UNION,US,visa,debit
403265,00-99,STANDARD CHARTERED,MY,visa,credit
403266,00-99,HOME BANK SB,US,visa,debit
403267,00-99,BANCO ANGOLANO DE INVESTIMENTOS S.A.,AO,visa,debit
403268,00-99,BENEFICIAL STATE BANK,US,visa,credit
403269,00-99,BENEFICIAL STATE BANK,US,visa,credit
403270,00-99,WEBSTER BANK NATIONAL ASSOCIATION,US,visa,debit
403271,00-99,BANK OF AFRICA-BURKINA FASO,BF,visa,debit
403272,00-99,TRANS IRAQ BANK COMPANY FOR INVESTMENT (PRIVATE SHAREHOLDING COMPANY,IQ,visa,debit
403273,00-99,INVEST BANK PLC,JO,visa,credit
403274,00-99,CANADIAN IMPERIAL BANK OF COMMERCE,CA,visa,credit
403275,00-99,PINNACLE BANK,US,visa,debit
403276,00-99,ROYAL BANK OF CANADA,CA,visa,credit
403277,00-99,JOINT STOCK COMMERCIAL BANK FOR FOREIGN TRADE OF VIETNAM,VN,visa,debit
403278,00-99,CITIBANK EUROPE PLC,GR,visa,debit
403279,00-99,ROYAL BANK OF CANADA,CA,visa,credit
403280,00-99,VIETNAM TECHNOLOGICAL AND COMMERCIAL JOINT STOCK BANK,VN,visa,credit
403281,00-99,CALIFORNIA CREDIT UNION,US,visa,debit
403282,00-99,TECHNOBANK JOINT-STOCK COMPANY,BY,visa,credit
403283,00-99,ELITE COMMUNITY CREDIT UNION,US,visa,debit
403284,00-99,THE WATERFORD COMMERCIAL AND SAVINGS BANK,US,visa,debit
403285,00-99,RAIFFEISEN BANK INTERNATIONAL AG,AT,visa,credit
403286,00-99,PLAINSCAPITAL BANK,US,visa,debit
403287,00-99,,US,visa,credit
403288,00-99,PUGET SOUND COOPERATIVE CREDIT UNION,US,visa,debit
403289,00-99,PACIFIC NATIONAL BANK,US,visa,debit
403290,00-99,KB KOOKMIN CARD CO. LTD.,KR,visa,debit
403291,00-99,AZURA CREDIT UNION,US,visa,debit
403292,00-99,BANCO DE CAJA ESPANA DE INVERSIONES SALAMANCA Y SORIA S.A.,ES,visa,credit
403293,00-99,HYUNDAI CARD COMPANY LTD.,KR,visa,credit
403294,00-99,CHICKASAW COMMUNITY BANK,US,visa,debit
403295,00-99,COMMUNITY NATIONAL BANK,US,visa,debit
403296,00-99,,IN,visa,debit
403297,00-99,MAX CREDIT UNION,US,visa,credit
403298,00-99,RAWBANK,CD,visa,debit
403299,00-99,CAPITAL ONE NATIONAL ASSOCIATION,US,visa,credit
403300,00-99,U.S. BANK NATIONAL ASSOCIATION-CREDIT,US,visa,credit
403301,00-99,COOSA VALLEY CREDIT UNION,US,visa,credit
403302,00-99,HYUNDAI CARD COMPANY LTD.,KR,visa,credit
403303,00-99,SOCIETE GENERALE DE BANQUES AU BENIN SGBBE,BJ,visa,debit
403304,00-99,RAIFFEISEN BANK JSC,UA,visa,debit
403305,00-99,BANKA OTP ALBANIA SH.A,AL,visa,credit
403306,00-99,AXIOM BANK,US,visa,debit
403307,00-99,COMMUNITY FIRST BANK,US,visa,debit
403308,00-99,WALLESTER AS,EE,visa,debit
403309,00-99,BANCO MULTIPLE ADEMI S.A.,DO,visa,credit
403310,00-99,BANCO RENDIMENTO S.A.,BR,visa,debit
403311,00-99,,US,visa,credit
403312,00-99,BGFIBANK,SN,visa,debit
403313,00-99,NEDBANK MOZAMBIQUE S.A.,MZ,visa,credit
403314,00-99,,US,visa,credit
403315,00-99,CITIBANK KOREA INC.,KP,visa,credit
403316,00-99,BRB-BANCO DE BRASILIA S.A.,BR,visa,credit
403317,00-99,VTB BANK (ARMENIA) CJSC,AM,visa,debit
403318,00-99,VTB BANK (ARMENIA) CJSC,AM,visa,debit
403319,00-99,VTB BANK (ARMENIA) CJSC,AM,visa,debit
403320,00-99,VTB BANK (ARMENIA) CJSC,AM,visa,debit
403321,00-99,KENYA COMMERCIAL BANK,KE,visa,debit
403322,00-99,CAJA INGENIEROS INDUSTRIALES,ES,visa,credit
403323,00-99,,CN,visa,credit
403324,00-99,MCB BANK LTD.,PK,visa,debit
403325,00-99,SOCIETE GENERALE DE BANQUES AU BENIN SGBBE,BJ,visa,debit
403326,00-99,SOCIETE GENERALE DE BANQUES AU BENIN SGBBE,BJ,visa,debit
403327,00-99,BANQUE INTERNATIONALE POUR L'INDUSTRIE ET LE COMMERCE (BIIC),BJ,visa,debit
403328,00-99,NEXI PAYMENTS S.P.A.,IT,visa,credit
403329,00-99,CREDOMATIC DE EL SALVADOR S.A.,SV,visa,credit
403330,00-99,COMMERCIAL BANK UNIASTRUM BANK LIMITED LIABILITY COMPANY,RU,visa,debit
403331,00-99,COMMERCIAL BANK UNIASTRUM BANK LIMITED LIABILITY COMPANY,RU,visa,debit
403332,00-99,COMMERCIAL BANK UNIASTRUM BANK LIMITED LIABILITY COMPANY,RU,visa,debit
403333,00-99,COMMERCIAL BANK UNIASTRUM BANK LIMITED LIABILITY COMPANY,RU,visa,debit
403334,00-99,R RAPHAEL & SONS PLC,ES,visa,debit
403335,00-99,TARJETAS CUSCATLAN S.A.,GT,visa,credit
403336,00-99,BOGD BANK,MN,visa,credit
403337,00-99,EMIRATES NBD BANK (P.J.S.C.),AE,visa,credit
403338,00-99,CITIBANK,AR,visa,credit
403339,00-99,BIZ INSTITUICAO DE PAGAMENTO LTDA,BR,visa,debit
403340,00-99,RENDIMENTOPAY INSTITUICAO DE PAGAMENTO S.A.,BR,visa,debit
403341,00-99,BIZ INSTITUICAO DE PAGAMENTO LTDA,BR,visa,credit
403342,00-99,UNITED COMMERCIAL BANK,BD,visa,debit
403343,00-99,EMIRATES NBD BANK (P.J.S.C.),AE,visa,credit
403344,00-99,EMIRATES NBD BANK (P.J.S.C.),AE,visa,credit
403345,00-99,NORTH COUNTRY FEDERAL CREDIT UNION,US,visa,debit
403346,00-99,CITIBANK KOREA INC.,KR,visa,credit
403347,00-99,INDUSTRIAL AND COMMERCIAL BANK OF CHINA LTD.,CN,visa,credit
403348,00-99,NATIONAL BANK OF GREECE S.A.,GR,visa,credit
403349,00-99,STANDARD CHARTERED BANK,AE,visa,debit
403350,00-99,CAVMONT BANK,ZM,visa,debit
403351,00-99,BANCO DE CREDITO E INVERSIONES,CL,visa,credit
403352,00-99,FINANCIAL RESOURCES FEDERAL CREDIT UNION,US,visa,credit
403353,00-99,JSC UNEX BANK,UA,visa,debit
403354,00-99,BANK SOUTH PACIFIC (VANUATU) LTD.,VU,visa,debit
403355,00-99,RENDIMENTOPAY INSTITUICAO DE PAGAMENTO S.A.,BR,visa,debit
403356,00-99,NIAGARA REGIONAL FEDERAL CREDIT UNION,US,visa,credit
403357,00-99,BANCO CONTINENTAL S.A.,HN,visa,debit
403358,00-99,VOJVODJANSKA BANKA A.D.,RS,visa,debit
403359,00-99,,IE,visa,credit
403360,00-99,KUVEYT TURK KATILIM BANKASI A.S.,TR,visa,credit
403361,00-99,AGRICULTURAL BANK OF CHINA,CN,visa,credit
403362,00-99,AXIS BANK LTD.,IN,visa,credit
403363,00-99,ALLIANZ BANK BULGARIA A.D.,BG,visa,debit
403364,00-99,BANCO DE LA REPUBLICA ORIENTAL DEL URUGUAY,UY,visa,credit
403365,00-99,CBZ BANK LTD.,ZW,visa,debit
403366,00-99,STANBIC BANK ZAMBIA LTD.,ZM,visa,credit
403367,00-99,OTP BANKA D.D.,HR,visa,debit
403368,00-99,CHINA ZHESHANG BANK CO. LTD.,CN,visa,credit
403369,00-99,PJSCB PRIMORYE,RU,visa,debit
403370,00-99,CHINA ZHESHANG BANK CO. LTD.,CN,visa,credit
403371,00-99,JSC RIETUMU BANKA,LV,visa,credit
403372,00-99,,US,visa,debit
403373,00-99,TRUE COMMUNITY CREDIT UNION,US,visa,credit
403374,00-99,TBA CREDIT UNION,US,visa,credit
403375,00-99,UNITED OVERSEAS BANK(THAI) PUBLIC COMPANY LTD.,TH,visa,credit
403376,00-99,JOINT-STOCK COMMERCIAL BANK PRIMORYE,RU,visa,credit
403377,00-99,ELEVATIONS CREDIT UNION,US,visa,credit
403378,00-99,BANCO DE MACHALA S.A.,EC,visa,credit
403379,00-99,CHINA ZHESHANG BANK CO. LTD.,CN,visa,credit
403380,00-99,PROCECARD S.A.,DO,visa,credit
403381,00-99,EMIRATES NBD BANK (P.J.S.C.),AE,visa,credit
403382,00-99,AMBANK (M) BERHAD,MY,visa,credit
403383,00-99,PARK STATE BANK & TRUST,US,visa,debit
403384,00-99,COMMUNITY NATIONAL BANK,US,visa,debit
403385,00-99,NATIONAL INVESTMENT INDUSTRIAL BANK (JOINT-STOCK COMPANY),RU,visa,debit
403386,00-99,NATIONAL INVESTMENT INDUSTRIAL BANK (JOINT-STOCK COMPANY),RU,visa,debit
403387,00-99,STANDARD CHARTERED BANK (PAKISTAN) LTD.,PK,visa,debit
403388,00-99,THE BANK OF EAST ASIA(CHINA) LTD.,CN,visa,credit
403389,00-99,IBEW/SJ CASCADE FEDERAL CREDIT UNION,US,visa,debit
403390,00-99,GRAND BANK,US,visa,debit
403391,00-99,CHINA CITIC BANK,CN,visa,credit
403392,00-99,CHINA CITIC BANK,CN,visa,credit
403393,00-99,CHINA CITIC BANK,CN,visa,credit
403394,00-99,OJSC CB URALSKY FINANSOVY DOM,RU,visa,debit
403395,00-99,NAYAPAY (PRIVATE) LTD.,PK,visa,debit
403396,00-99,AIRWALLEX (SINGAPORE) PTE. LTD.,TH,visa,debit
403397,00-99,STANDARD CHARTERED BANK,AE,visa,debit
403398,00-99,CANARA BANK,IN,visa,debit
403399,00-99,THE FEDERAL BANK LTD.,IN,visa,credit
403400,00-99,MEMBERS FIRST CREDIT UNION,US,visa,credit
403401,00-99,RENASANT BANK,US,visa,debit
403402,00-99,CSB BANK LTD.,IN,visa,debit
403403,00-99,AFG BANK GABON,GA,visa,debit
403404,00-99,CENTURY BANK AND TRUST,US,visa,debit
403405,00-99,WHATCOM EDUCATIONAL CREDIT UNION,US,visa,debit
403406,00-99,BANCO CSF S.A.,BR,visa,credit
403407,00-99,BANCO CSF S.A.,BR,visa,credit
403408,00-99,WESCOM CENTRAL CREDIT UNION,US,visa,debit
403409,00-99,PT BANK HSBC INDONESIA,ID,visa,credit
403410,00-99,MASHREQBANK,AE,visa,debit
403411,00-99,CALPRIVATE BANK,US,visa,debit
403412,00-99,BANCO BILBAO VIZCAYA ARGENTARIA PARAGUAY S.A.,PY,visa,credit
403413,00-99,GRAND BANK,US,visa,debit
403414,00-99,CAPITAL ONE NATIONAL ASSOCIATION,US,visa,debit
403415,00-99,CAPITAL ONE NATIONAL ASSOCIATION,US,visa,credit
403416,00-99,THE FIRST NATIONAL BANK OF SPARTA,US,visa,debit
403417,00-99,ELECTRIC FEDERAL CREDIT UNION,US,visa,debit
403418,00-99,UNION BANK OF THE PHILIPPINES,PH,visa,credit
403419,00-99,UNION BANK OF THE PHILIPPINES,PH,visa,credit
403420,00-99,IAA CREDIT UNION,US,visa,credit
403421,00-99,LOS ANGELES POLICE FEDERAL CREDIT UNION,US,visa,credit
403422,00-99,CANNON FEDERAL CREDIT UNION,US,visa,debit
403423,00-99,IAA CREDIT UNION,US,visa,credit
403424,00-99,BANCA INTESA,RU,visa,credit
403425,00-99,SERVICE CREDIT UNION,US,visa,credit
403426,00-99,SECURITY BANK,US,visa,debit
403427,00-99,VALLEY BANK OF NEVADA,US,visa,debit
403428,00-99,PUTNAM COUNTY BANK,US,visa,debit
403429,00-99,BANCO DE CREDITO COOPERATIVO (GRUPO CAJAMAR),ES,visa,debit
403430,00-99,BANCO DE SABADELL S.A.,ES,visa,credit
403431,00-99,ABU DHABI ISLAMIC BANK EGYPT,EG,visa,credit
403432,00-99,EMIRATES NBD BANK (P.J.S.C.),AE,visa,credit
403433,00-99,BUFFALO CONRAIL FEDERAL CREDIT UNION,US,visa,debit
403434,00-99,NORTHERN STATE BANK,US,visa,debit
403435,00-99,NORTHERN STATE BANK,US,visa,debit
403436,00-99,FIRST NORTHEAST BANK OF NEBRASKA,US,visa,debit
403437,00-99,ONE SOURCE FEDERAL CREDIT UNION,US,visa,debit
403438,00-99,FREEDOM BANK INC.,US,visa,debit
403439,00-99,,US,visa,credit
403440,00-99,,US,visa,credit
403441,00-99,,US,visa,credit
403442,00-99,ZIA CREDIT UNION,US,visa,debit
403443,00-99,,US,visa,debit
403444,00-99,CAPITAL ONE NATIONAL ASSOCIATION,US,visa,credit
403445,00-99,,US,visa,credit
403446,00-99,SUNRISE BANKS NATIONAL ASSOCIATION,US,visa,debit
403447,00-99,BANCA INTESA,RU,visa,debit
403448,00-99,BANK OF BEIJING,CN,visa,credit
403449,00-99,WE FLORIDA FINANCIAL,US,visa,debit
403450,00-99,CHRISTIAN FINANCIAL CREDIT UNION,US,visa,credit
403451,00-99,OMAHA PUBLIC POWER DIST EMP,US,visa,debit
403452,00-99,COMMUNITY FIRST BANK,US,visa,debit
403453,00-99,,US,visa,credit
403454,00-99,BANCORP BANK,US,visa,debit
403455,00-99,SARATOGA'S COMMUNITY FEDERAL CREDIT UNION,US,visa,credit
403456,00-99,ACCESS BANK (SOUTH AFRICA) LTD.,ZA,visa,debit
403457,00-99,,US,visa,debit
403458,00-99,WELLS FARGO BANK N.A.,US,visa,debit
403459,00-99,COMMUNITY LINK FEDERAL CREDIT UNION,US,visa,debit
403460,00-99,LOS ANGELES POLICE FEDERAL CREDIT UNION,US,visa,credit
403461,00-99,FIRST MIDWEST BANK,US,visa,debit
403462,00-99,REPUBLIC BANK & TRUST COMPANY,US,visa,debit
403463,00-99,FIFTH DISTRICT SAVINGS BANK,US,visa,debit
403464,00-99,GUARDIAN CREDIT UNION,US,visa,debit
403465,00-99,OAKSTAR BANK,US,visa,debit
403466,00-99,HIGH POINT FEDERAL CREDIT UNION,US,visa,debit
403467,00-99,COUNTRY BANK,US,visa,credit
403468,00-99,FAIRLEIGH DICKINSON UNIVERSITY FEDERAL CREDIT UNION,US,visa,debit
403469,00-99,AMERICA'S CREDIT UNION,US,visa,debit
403470,00-99,APL FEDERAL CREDIT UNION,US,visa,debit
403471,00-99,PJSC JSB UKRGASBANK,UA,visa,debit
403472,00-99,CJSC CREDIT EUROPE BANK,RU,visa,debit
403473,00-99,CITIBANK NATIONAL ASSOCIATION - CONSUMER,US,visa,credit
403474,00-99,THE COMMUNITY BANK,US,visa,debit
403475,00-99,FARMERS STATE BANK,US,visa,credit
403476,00-99,UNITED FEDERAL CREDIT UNION,US,visa,credit
403477,00-99,CREDIMAX B.S.C. (CLOSED),BH,visa,debit
403478,00-99,,RU,visa,debit
403479,00-99,LAKE CITY BANK,US,visa,debit
403480,00-99,BANCO CITIBANK (PANAMA) S.A.,PA,visa,credit
403481,00-99,,US,visa,credit
403482,00-99,JPMORGAN CHASE BANK N.A.,US,visa,credit
403483,00-99,BANK OF THE SAN JUANS,US,visa,credit
403484,00-99,ACCESS BANK (SOUTH AFRICA) LTD.,ZA,visa,debit
403485,00-99,JSCB ALOQABANK,UZ,visa,debit
403486,00-99,PNC BANK NATIONAL ASSOCIATION,US,visa,debit
403487,00-99,PNC BANK NATIONAL ASSOCIATION,US,visa,debit
403488,00-99,PNC BANK NATIONAL ASSOCIATION,US,visa,debit
403489,00-99,PNC BANK NATIONAL ASSOCIATION,US,visa,debit
403490,00-99,PNC BANK NATIONAL ASSOCIATION,US,visa,debit
403491,00-99,PNC BANK NATIONAL ASSOCIATION,US,visa,debit
403492,00-99,PNC BANK NATIONAL ASSOCIATION,US,visa,debit
403493,00-99,PNC BANK NATIONAL ASSOCIATION,US,visa,debit
403494,00-99,PNC BANK NATIONAL ASSOCIATION,US,visa,debit
403495,00-99,PNC BANK NATIONAL ASSOCIATION,US,visa,debit
403496,00-99,PNC BANK NATIONAL ASSOCIATION,US,visa,debit
403497,00-99,PNC BANK NATIONAL ASSOCIATION,US,visa,debit
403498,00-99,BANK AUDI S.A.E.,EG,visa,debit
403499,00-99,PNC FINANCIAL SERVICES GROUP INC.,US,visa,credit
403500,00-99,UNITED BANK FOR AFRICA RD CONGO SAR,CD,visa,debit
403501,00-99,BANK OF THE WEST,US,visa,credit
403502,00-99,FAMILY FIRST OF NY FEDERAL CREDIT UNION,US,visa,debit
403503,00-99,MTB MAGYAR TAKAREKSZOVETKEZETI BANK ZRT,HU,visa,debit
403504,00-99,FIRST FARMBANK,US,visa,debit
403505,00-99,CITIBANK NATIONAL ASSOCIATION - CONSUMER,US,visa,credit
403506,00-99,INDUSIND BANK LTD.,IN,visa,debit
403507,00-99,HAY LTD.,AU,visa,debit
403508,00-99,MISSISSIPPI DHS FEDERAL CREDIT UNION,US,visa,debit
403509,00-99,U.S. BANK N.A.,US,visa,credit
403510,00-99,GHS FEDERAL CREDIT UNION,US,visa,credit
403511,00-99,GHS FEDERAL CREDIT UNION,US,visa,debit
403512,00-99,CHEVRON FEDERAL CREDIT UNION,US,visa,credit
403513,00-99,MEMBERS PLUS CREDIT UNION,US,visa,credit
403514,00-99,HAPPY VALLEY CREDIT UNION,US,visa,debit
403515,00-99,,US,visa,debit
403516,00-99,QUALSTAR CREDIT UNION,US,visa,debit
403517,00-99,ADVANTAGE FEDERAL CREDIT UNION,US,visa,debit
403518,00-99,BMI FEDERAL CREDIT UNION,US,visa,debit
403519,00-99,BANCO BILBAO VIZCAYA ARGENTARIA S.A. (BBVA),ES,visa,credit
403520,00-99,JSC UNIVERSAL BANK,UA,visa,debit
403521,00-99,NORTH STAR COMMUNITY CREDIT UNION,US,visa,credit
403522,00-99,ACMG FEDERAL CREDIT UNION,US,visa,credit
403523,00-99,MOBILINK MICROFINANCE BANK LTD.,PK,visa,debit
403524,00-99,UNITED BANK FOR AFRICA RD CONGO SARL,CD,visa,debit
403525,00-99,UNITED BANK FOR AFRICA RD CONGO SARL,CD,visa,debit
403526,00-99,BANCO COOPERATIVO ESPANOL S.A.,ES,visa,credit
403527,00-99,BYBLOS BANK SAL,LB,visa,credit
403528,00-99,HABIB BANK LTD.,AE,visa,debit
403529,00-99,SWILE,FR,visa,debit
403530,00-99,PATRIOT BANK NATIONAL ASSOCIATION,US,visa,debit
403531,00-99,BANK OF AMERICA NATIONAL ASSOCIATION,US,visa,credit
403532,00-99,CENTRAL VIRGINIA FEDERAL CREDIT UNION,US,visa,debit
403533,00-99,NEW BEDFORD CREDIT UNION,US,visa,debit
403534,00-99,DOCK INSTITUICAO DE PAGAMENTO S.A.,BR,visa,credit
403535,00-99,SANOAT QURILISH BANK,UZ,visa,debit
403536,00-99,BANK OF AMERICA - CONSUMER CREDIT,US,visa,credit
403537,00-99,TRUIST BANK,US,visa,debit
403538,00-99,SUPERIOR CHOICE CREDIT UNION,US,visa,debit
403539,00-99,BAY ATLANTIC FEDERAL CREDIT UNION,US,visa,debit
403540,00-99,ULSTER FEDERAL CREDIT UNION,US,visa,debit
403541,00-99,BANCO ESPIRITO SANTO E COMERCIAL DE LISBOA,PT,visa,credit
403542,00-99,PUBLIC JOINT-STOCK COMPANY SOVCOMBANK,RU,visa,debit
403543,00-99,COUTTS & CO,GB,visa,credit
403544,00-99,PEOPLES STATE BANK,US,visa,debit
403545,00-99,THE PEOPLES BANK,US,visa,debit
403546,00-99,SALEM FIVE CENTS SAVINGS BANK,US,visa,debit
403547,00-99,PT BANK NEGARA INDONESIA (PERSERO) TBK,ID,visa,credit
403548,00-99,WOORI CARD CO. LTD.,KR,visa,credit
403549,00-99,BANCA NAZIONALE DEL LAVORO SPA,IT,visa,debit
403550,00-99,SOCIETE GENERALE S.A.,FR,visa,credit
403551,00-99,CITY SAVINGS BANK INC,PH,visa,debit
403552,00-99,SUNWEST EDUCATIONAL CREDIT UNION,US,visa,credit
403553,00-99,ASTROBANK LTD.,CY,visa,credit
403554,00-99,ICBA BANCARD INC.,US,visa,debit
403555,00-99,THE HOUSING BANK FOR TRADE & FINANCE,PS,visa,credit
403556,00-99,NETWORK INTERNATIONAL LLC,AE,visa,debit
403557,00-99,ULSTER BANK LTD.,GB,visa,credit
403558,00-99,TECHNOBANK JOINT-STOCK COMPANY,BY,visa,debit
403559,00-99,LEGENCE BANK,US,visa,debit
403560,00-99,MTB MAGYAR TAKAREKSZOVETKEZETI BANK ZRT,HU,visa,debit
403561,00-99,FHB KERESKEDELMI BANK ZRT.,HU,visa,debit
403562,00-99,ICICI BANK LTD.,IN,visa,credit
403563,00-99,BANK AUDI SAL,LB,visa,debit
403564,00-99,CITIBANK N.A.,US,visa,credit
403565,00-99,NASSAU FINANCIAL FEDERAL CREDIT UNION,US,visa,credit
403566,00-99,BANCO DE SABADELL S.A.,ES,visa,credit
403567,00-99,BANCO BILBAO VIZCAYA ARGENTARIA S.A. (BBVA),ES,visa,credit
403568,00-99,,US,visa,debit
403569,00-99,BANCO BILBAO VIZCAYA ARGENTARIA S.A. (BBVA),ES,visa,debit
403570,00-99,BANQUE INTERNATIONALE POUR LE COMMERCE ET L'INDUSTRIE DU SENEGAL,SN,visa,debit
403571,00-99,HSBC BANK MALTA PLC,MT,visa,credit
403572,00-99,LUFTHANSA AIRPLUS SERVICEKARTEN GMBH,DE,visa,credit
403573,00-99,ONE NEVADA CREDIT UNION,US,visa,debit
403574,00-99,DOWNEAST CREDIT UNION,US,visa,credit
403575,00-99,AXIS BANK LTD.,IN,visa,debit
403576,00-99,TRUMARK FINANCIAL CREDIT UNION,US,visa,credit
403577,00-99,TRUMARK FINANCIAL CREDIT UNION,US,visa,credit
403578,00-99,TRUMARK FINANCIAL CREDIT UNION,US,visa,debit
403579,00-99,HSBC FRANCE,FR,visa,debit
403580,00-99,DIVISION 726 FEDERAL CREDIT UNION,US,visa,credit
403581,00-99,BANK WINDHOEK LTD.,NA,visa,debit
403582,00-99,FREEDOM FIRST FEDERAL CREDIT UNION,US,visa,credit
403583,00-99,BURGAN BANK (S.A.K.),KW,visa,debit
403584,00-99,INVEST BANK PLC,JO,visa,credit
403585,00-99,UNICREDIT BANK GMBH,DE,visa,credit
403586,00-99,,CA,visa,debit
403587,00-99,BMW BANK GMBH,DE,visa,credit
403588,00-99,RIDGEWOOD SAVINGS BANK OF NEW JERSEY,US,visa,credit
403589,00-99,,US,visa,credit
403590,00-99,THE HARBOR BANK OF MARYLAND,US,visa,debit
403591,00-99,SPRING HILL STATE BANK,US,visa,debit
403592,00-99,CHRISTIAN FINANCIAL CREDIT UNION,US,visa,credit
403593,00-99,BANCA MONTE DEI PASCHI DI SIENA S.P.A.,IT,visa,debit
403594,00-99,DEUTSCHE BANK AG,DE,visa,credit
403595,00-99,ALTERNATIFBANK A.S.,TR,visa,credit
403596,00-99,U.S. BANK N.A.,US,visa,credit
403597,00-99,TOWN OF HEMPSTEAD EMPLOYEES FEDERAL CREDIT UNION,US,visa,credit
403598,00-99,CHRISTIAN FINANCIAL CREDIT UNION,US,visa,credit
403599,00-99,BRANCH BANKING AND TRUST COMPANY,US,visa,debit
403600,00-99,CARROLLTON BANK,US,visa,debit
403601,00-99,SIX PAYMENT SERVICES,CH,visa,debit
403602,00-99,ROYAL BANK OF CANADA CAYMAN ISLANDS,CA,visa,credit
403603,00-99,WASHINGTON TRUST BANK,US,visa,credit
403604,00-99,CITIZENS & NORTHERN BANK,US,visa,debit
403605,00-99,RAIFFEISEN BANK SH.A.,AL,visa,debit
403606,00-99,GREEN DOT BANK DBA BONNEVILLE BANK,PR,visa,debit
403607,00-99,GREEN DOT BANK DBA BONNEVILLE BANK,PR,visa,debit
403608,00-99,RENDIMENTOPAY INSTITUICAO DE PAGAMENTO S.A.,BR,visa,debit
403609,00-99,O!BANK OJSC,KG,visa,credit
403610,00-99,HO CHI MINH CITY DEVELOPMENT COMMERCIAL JOINT STOCK BANK,VN,visa,credit
403611,00-99,CPM FEDERAL CREDIT UNION,US,visa,credit
403612,00-99,BAYLANDS FAMILY CREDIT UNION,US,visa,debit
403613,00-99,BEACH MUNICIPAL FEDERAL CREDIT UNION,US,visa,debit
403614,00-99,,US,visa,debit
403615,00-99,ANDORRA BANC AGRICOL REIG S.A.,ES,visa,credit
403616,00-99,BANCO SANTANDER S.A.,ES,visa,credit
403617,00-99,BANCO COOPERATIVO ESPANOL S.A.,ES,visa,debit
403618,00-99,OVERSEA-CHINESE BANKING CORPORATION LTD.,SG,visa,debit
403619,00-99,THE BANCORP BANK NATIONAL ASSOCIATION,US,visa,debit
403620,00-99,BANK OF SCOTLAND PLC,GB,visa,credit
403621,00-99,JPMORGAN CHASE BANK N.A.,US,visa,credit
403622,00-99,ALAHLI BANK OF KUWAIT (K.S.C.),KW,visa,debit
403623,00-99,TRUIST BANK,US,visa,debit
403624,00-99,SYNOVUS BANK,US,visa,credit
403625,00-99,NORTHRIDGE COMMUNITY CREDIT UNION,US,visa,debit
403626,00-99,PUBLIC JOINT-STOCK COMPANY SOVCOMBANK,RU,visa,debit
403627,00-99,ROYAL BUSINESS BANK,US,visa,debit
403628,00-99,JPMORGAN CHASE BANK N.A.,US,visa,credit
403629,00-99,JPMORGAN CHASE BANK N.A.,US,visa,credit
403630,00-99,THE CITY NATIONAL BANK OF METROPOLIS,US,visa,debit
403631,00-99,COMPLEX COMMUNITY FEDERAL CREDIT UNION,US,visa,credit
403632,00-99,SANTANDER CONSUMER BANK AG,DE,visa,credit
403633,00-99,ECLIPSE BANK INC.,US,visa,debit
403634,00-99,ECLIPSE BANK INC.,US,visa,debit
403635,00-99,NORTHBROOK BANK AND TRUST COMPANY,US,visa,debit
403636,00-99,,ID,visa,debit
403637,00-99,OLD NATIONAL BANK,US,visa,debit
403638,00-99,HOMETOWN BANK,US,visa,debit
403639,00-99,FIRST RESOURCE BANK,US,visa,debit
403640,00-99,BANCO ECONOMICO S.A.,AO,visa,debit
403641,00-99,ICICI BANK LTD.,BH,visa,debit
403642,00-99,BANCO BILBAO VIZCAYA ARGENTARIA S.A. (BBVA),ES,visa,credit
403643,00-99,GLACIER BANK,US,visa,credit
403644,00-99,GLACIER BANK,US,visa,credit
403645,00-99,COUNTRY CLUB BANK,US,visa,credit
403646,00-99,REDWOOD CAPITAL BANK,US,visa,credit
403647,00-99,BANK OF AMERICA - COMMERCIAL CREDIT,US,visa,credit
403648,00-99,UNION BANK N.A.,US,visa,debit
403649,00-99,DEUTSCHER SPARKASSEN- UND GIROVERBAND,DE,visa,credit
403650,00-99,DEUTSCHER SPARKASSEN- UND GIROVERBAND,DE,visa,credit
403651,00-99,,MO,visa,credit
403652,00-99,COLLINS COMMUNITY CREDIT UNION,US,visa,credit
403653,00-99,FIRST NATIONAL BANK AND TRUST COMPANY,US,visa,debit
403654,00-99,,US,visa,debit
403655,00-99,VANTAGE SOUTH,US,visa,debit
403656,00-99,I & M BANK (UGANDA) LTD.,UG,visa,debit
403657,00-99,INTL HDQTRS-CENTER OWNED,US,visa,credit
403658,00-99,QSIDE FEDERAL CREDIT UNION,US,visa,debit
403659,00-99,SERVICE CREDIT UNION,US,visa,debit
403660,00-99,ACCESS BANK PLC,NG,visa,credit
403661,00-99,INTL HDQTRS-CENTER OWNED,US,visa,credit
403662,00-99,CAJA DE ARQUITECTOS,ES,visa,debit
403663,00-99,COREPLUS FEDERAL CREDIT UNION,US,visa,credit
403664,00-99,GCS FEDERAL CREDIT UNION,US,visa,credit
403665,00-99,BANCO SABADELL S.A.,ES,visa,credit
403666,00-99,TURKIYE GARANTI BANKASI A. S.,TR,visa,credit
403667,00-99,,US,visa,debit
403668,00-99,MORA BANC GRUP SA,AD,visa,credit
403669,00-99,MORA BANC GRUP SA,AD,visa,credit
403670,00-99,,US,visa,credit
403671,00-99,STATE EMPLOYEES CREDIT UNION OF MARYLAND INC.,US,visa,credit
403672,00-99,FIRST STATE BANK,US,visa,debit
403673,00-99,NORTH COUNTRY FEDERAL CREDIT UNION,US,visa,debit
403674,00-99,STATE BANK OF COLD SPRING,US,visa,debit
403675,00-99,JSC KRASNODAR REGIONAL INVESTMENT BANK,RU,visa,debit
403676,00-99,JSC KRASNODAR REGIONAL INVESTMENT BANK,RU,visa,debit
403677,00-99,JSC KRASNODAR REGIONAL INVESTMENT BANK,RU,visa,debit
403678,00-99,EQUENS,NL,visa,credit
403679,00-99,CITY INVEST BANK JSC,RU,visa,credit
403680,00-99,CITY INVEST BANK JSC,RU,visa,credit
403681,00-99,CITY INVEST BANK JSC,RU,visa,credit
403682,00-99,VISA ARGENTINA S.A.,AR,visa,debit
403683,00-99,,US,visa,debit
403684,00-99,BANKNEWPORT,US,visa,debit
403685,00-99,INTL HDQTRS-CENTER OWNED,US,visa,debit
403686,00-99,KIEN LONG COMMERCIAL JOINT STOCK BANK,VN,visa,credit
403687,00-99,KIEN LONG COMMERCIAL JOINT STOCK BANK,VN,visa,debit
403688,00-99,INTL HDQTRS-CENTER OWNED,US,visa,debit
403689,00-99,ONTARIO SHORES FEDERAL CREDIT UNION,US,visa,credit
403690,00-99,JPMORGAN CHASE BANK N.A.,US,visa,credit
403691,00-99,INTL HDQTRS-CENTER OWNED,US,visa,debit
403692,00-99,BANCO DEL CHUBUT S.A.,AR,visa,credit
403693,00-99,,UA,visa,credit
403694,00-99,CAPITAL ONE NATIONAL ASSOCIATION,US,visa,credit
403695,00-99,TEACHERS FEDERAL CREDIT UNION,US,visa,credit
403696,00-99,XCEL FEDERAL CREDIT UNION,US,visa,credit
403697,00-99,COMPASS FEDERAL CREDIT UNION,US,visa,debit
403698,00-99,INTL HDQTRS-CENTER OWNED,US,visa,debit
403699,00-99,KEYBANK N.A.,US,visa,credit
403700,00-99,WELLS FARGO BANK NATIONAL ASSOCIATION,US,visa,credit
403701,00-99,NATIONAL BANK FOR FOREIGN ECONOMIC ACTIVITY OF THE REPUBLIC OF UZBEKISTAN,UZ,visa,credit
403702,00-99,RTP FEDERAL CREDIT UNION,US,visa,debit
403703,00-99,,MX,visa,debit
403704,00-99,CREDIT UNION OF GEORGIA,US,visa,debit
403705,00-99,TRANSPORTATION ALLIANCE BANK INC. D/B/A TAB BANK,US,visa,credit
403706,00-99,SOUTHEASTERN CREDIT UNION,US,visa,debit
403707,00-99,TARJETAS BANAMEX S.A. DE C.V. SOFOM ENTIDAD REGULADA,MX,visa,credit
403708,00-99,FIRST ATLANTIC BANK LTD.,GH,visa,debit
403709,00-99,,US,visa,credit
403710,00-99,ROBINS FINANCIAL CREDIT UNION,US,visa,debit
403711,00-99,COLLINS COMMUNITY CREDIT UNION,US,visa,credit
403712,00-99,COLLINS COMMUNITY CREDIT UNION,US,visa,credit
403713,00-99,JPMORGAN CHASE BANK N.A.,US,visa,credit
403714,00-99,MAVERICK BANK,US,visa,debit
403715,00-99,NRB BANK LTD.,BD,visa,debit
403716,00-99,MILITARY COMMERCIAL JOINT STOCK BANK,VN,visa,credit
403717,00-99,KB PRASAC BANK PLC,KH,visa,debit
403718,00-99,WELLS FARGO BANK N.A.,US,visa,credit
403719,00-99,GENBANK CB (LTD),RU,visa,debit
403720,00-99,BANK OF CHINA LTD.,CN,visa,debit
403721,00-99,ARAB BANK PLC,JO,visa,credit
403722,00-99,BANCO DE BOGOTA,CO,visa,credit
403723,00-99,REGIONS BANK,US,visa,credit
403724,00-99,THE FREDERICK COMMUNITY BANK,US,visa,debit
403725,00-99,FUBON BANK (CHINA) CO. LTD.,CN,visa,credit
403726,00-99,PETEFISH SKILES & CO.,US,visa,debit
403727,00-99,IMECO FEDERAL CREDIT UNION,US,visa,credit
403728,00-99,JPMORGAN CHASE BANK N.A.,US,visa,credit
403729,00-99,SANIMA BANK LTD.,NP,visa,credit
403730,00-99,AXIS BANK LTD.,IN,visa,debit
403731,00-99,FIRST ATLANTIC BANK LTD.,GH,visa,debit
403732,00-99,JPMORGAN CHASE BANK N.A.,US,visa,credit
403733,00-99,MIDFLORIDA CREDIT UNION,US,visa,debit
403734,00-99,INTERCARD AG,DE,visa,debit
403735,00-99,SANIMA BANK LTD.,NP,visa,debit
403736,00-99,ANZ BANK NEW ZEALAND LTD.,NZ,visa,debit
403737,00-99,GUARANTY TRUST BANK LTD.,NG,visa,debit
403738,00-99,FLORIDA BUSINESS BANK,US,visa,debit
403739,00-99,FIRSTBANK PUERTO RICO,US,visa,debit
403740,00-99,EASTERN BANK PLC.,BD,visa,debit
403741,00-99,AXIS BANK LTD.,IN,visa,debit
403742,00-99,METRO COMMUNITY FEDERAL CREDIT UNION,US,visa,debit
403743,00-99,U. S. EAGLE FEDERAL CREDIT UNION,US,visa,debit
403744,00-99,CARD SERVICES FOR CREDIT UNIONS,US,visa,debit
403745,00-99,STANDARD CHARTERED BANK KENYA LTD.,KE,visa,debit
403746,00-99,CITIBANK KOREA INC.,KR,visa,credit
403747,00-99,COMMONWEALTH BANK OF AUSTRALIA,AU,visa,debit
403748,00-99,LAKSHMI VILAS BANK,IN,visa,debit
403749,00-99,LAKSHMI VILAS BANK,IN,visa,debit
403750,00-99,BRADESCARD MEXICO S. DE R.L.,MX,visa,credit
403751,00-99,BRADESCARD MEXICO S. DE R.L.,MX,visa,credit
403752,00-99,PATRIOT BANK NATIONAL ASSOCIATION,US,visa,debit
403753,00-99,INTERSWITCH LTD.,NG,visa,debit
403754,00-99,VIETNAM EXPORT IMPORT COMMERCIAL JOINT-STOCK BANK,VN,visa,credit
403755,00-99,FIRSTCARIBBEAN INTERNATIONAL BANK (BARBADOS) LTD.,AG,visa,credit
403756,00-99,DOHA BANK LTD.,QA,visa,credit
403757,00-99,BANCO PICHINCHA S.A.,CO,visa,debit
403758,00-99,FIRSTCARIBBEAN INTERNATIONAL BANK (BARBADOS) LTD.,GD,visa,credit
403759,00-99,FIRSTCARIBBEAN INTERNATIONAL BANK (BARBADOS) LTD.,LC,visa,credit
403760,00-99,FIRSTCARIBBEAN INTERNATIONAL BANK (BARBADOS) LTD.,VC,visa,credit
403761,00-99,FIRSTCARIBBEAN INTERNATIONAL BANK,TC,visa,credit
403762,00-99,,US,visa,credit
403763,00-99,JPMORGAN CHASE BANK N.A.,US,visa,credit
403764,00-99,THE PREMIER BANK LTD.,BD,visa,debit
403765,00-99,SAMBA FINANCIAL GROUP,SA,visa,credit
403766,00-99,U.S. BANK NATIONAL ASSOCIATION-CREDIT,US,visa,credit
403767,00-99,U.S. BANK NATIONAL ASSOCIATION-CREDIT,US,visa,credit
403768,00-99,JPMORGAN CHASE BANK N.A.,US,visa,credit
403769,00-99,U.S. BANK NATIONAL ASSOCIATION-CREDIT,US,visa,credit
403770,00-99,METABANK,US,visa,debit
403771,00-99,BROWARD HEALTH,US,visa,credit
403772,00-99,LINCOLN NATIONAL BANK,US,visa,debit
403773,00-99,BANK NXT,EG,visa,debit
403774,00-99,BANCO AGRICOLA S.A.,SV,visa,credit
403775,00-99,FUBON BANK (CHINA) CO. LTD.,CN,visa,credit
403776,00-99,IDFC FIRST BANK LTD.,IN,visa,debit
403777,00-99,COOPERATIVA MULTIACTIVA NAZARETH LTDA,PY,visa,credit
403778,00-99,CITIZENS EQUITY FIRST CREDIT UNION,US,visa,debit
403779,00-99,VISA ARGENTINA S.A.,AR,visa,credit
403780,00-99,CREDIT BANK OF MOSCOW,RU,visa,credit
403781,00-99,RAIFFEISENBANK A.D. BEOGRAD,RS,visa,credit
403782,00-99,JSC UKRSIBBANK,UA,visa,credit
403783,00-99,THIRD FEDERAL SAVINGS AND LOAN,US,visa,credit
403784,00-99,U.S. BANK NATIONAL ASSOCIATION-CREDIT,US,visa,credit
403785,00-99,U.S. BANK NATIONAL ASSOCIATION-CREDIT,US,visa,credit
403786,00-99,EFCU FINANCIAL FEDERAL CREDIT UNION,US,visa,debit
403787,00-99,SHELL WESTERN STATES FEDERAL CREDIT UNION,US,visa,debit
403788,00-99,CLEVELAND BRADLEY COUNTY TEACHERS FEDERAL CREDIT UNION,US,visa,debit
403789,00-99,MRV BANKS,US,visa,credit
403790,00-99,MARINE CREDIT UNION,US,visa,debit
403791,00-99,BANCO DO BRASIL S.A.,BR,visa,credit
403792,00-99,BANCO DO BRASIL S.A.,BR,visa,credit
403793,00-99,BANCO DO BRASIL S.A.,BR,visa,credit
403794,00-99,JPMORGAN CHASE BANK N.A.,US,visa,credit
403795,00-99,BANCO DO BRASIL S.A.,BR,visa,credit
403796,00-99,BANCO DO BRASIL S.A.,BR,visa,credit
403797,00-99,BANCO DO BRASIL S.A.,BR,visa,credit
403798,00-99,JPMORGAN CHASE BANK N.A.,US,visa,credit
403799,00-99,BANCO DE BOGOTA S.A.,CO,visa,credit
403800,00-99,OJSC NORDEA BANK,RU,visa,debit
403801,00-99,BANK OF COMMERCE,US,visa,debit
403802,00-99,BANK OF COMMERCE,US,visa,debit
403803,00-99,HSBC BANK OMAN (S.A.O.G),OM,visa,debit
403804,00-99,BLACK HILLS FEDERAL CREDIT UNION,US,visa,credit
403805,00-99,OJSC NORDEA BANK,RU,visa,debit
403806,00-99,UNITED BANK FOR AFRICA CONGO,CG,visa,debit
403807,00-99,OFFICE NATIONAL DES POSTES,TN,visa,debit
403808,00-99,DOW CREDIT UNION,US,visa,debit
403809,00-99,,RU,visa,debit
403810,00-99,KUVEYT TURK KATILIM BANKASI A.S.,TR,visa,credit
403811,00-99,,IN,visa,credit
403812,00-99,FIRSTRAND BANK LTD.,ZA,visa,credit
403813,00-99,SANOAT QURILISH BANK,UZ,visa,debit
403814,00-99,OJSC REAL BANK,UA,visa,debit
403815,00-99,BANK OF CEYLON,LK,visa,debit
403816,00-99,FAIRWINDS CREDIT UNION,US,visa,debit
403817,00-99,FIRST NATIONAL BANK OF OMAHA,US,visa,debit
403818,00-99,FIRST NATIONAL BANK OF OMAHA,US,visa,debit
403819,00-99,TRUIST BANK,US,visa,debit
403820,00-99,TRUIST BANK,US,visa,debit
403821,00-99,TRUIST BANK - CREDIT,US,visa,credit
403822,00-99,ABSA BANK LTD.,ZA,visa,credit
403823,00-99,BC CARD,KR,visa,credit
403824,00-99,POWSZECHNA KASA OSZCZEDNOSCI BANK POLSKI SA (PKO BANK POLSKI SA),PL,visa,credit
403825,00-99,,US,visa,debit
403826,00-99,UNICREDIT S.P.A.,IT,visa,credit
403827,00-99,CANOPY FEDERAL CREDIT UNION,US,visa,debit
403828,00-99,JSC JSCB INTERNATIONAL FINANCIAL CLUB,RU,visa,debit
403829,00-99,OJSC CONSERVATIVE CB,RU,visa,debit
403830,00-99,,RU,visa,debit
403831,00-99,BC CARD COMPANY LTD.,KR,visa,credit
403832,00-99,GESA CREDIT UNION,US,visa,credit
403833,00-99,GREEN DOT BANK DBA BONNEVILLE BANK,US,visa,debit
403834,00-99,BANK OF O'FALLON,US,visa,debit
403835,00-99,SERVICE ONE CREDIT UNION INC,US,visa,credit
403836,00-99,SEKERBANK T.A.S.,TR,visa,credit
403837,00-99,K&H BANK ZRT,HU,visa,debit
403838,00-99,JSC CB PRIOBYE,RU,visa,debit
403839,00-99,IDBI BANK LTD.,IN,visa,debit
403840,00-99,BANK ZENIT,RU,visa,debit
403841,00-99,BANK ZENIT,RU,visa,debit
403842,00-99,BANK ZENIT,RU,visa,debit
403843,00-99,BANK ZENIT,RU,visa,debit
403844,00-99,JPMORGAN CHASE BANK N.A.,US,visa,credit
403845,00-99,MBANK S.A.,PL,visa,credit
403846,00-99,TELLER A.S.,NO,visa,debit
403847,00-99,TELLER A.S.,NO,visa,debit
403848,00-99,CHINESE BANK,TW,visa,credit
403849,00-99,,US,visa,credit
403850,00-99,THE SHANGHAI COMMERCIAL & SAVINGS BANK LTD.,TW,visa,credit
403851,00-99,JSC CB SOLIDARITY,RU,visa,debit
403852,00-99,JSC CB SOLIDARITY,RU,visa,debit
403853,00-99,JSC CB SOLIDARITY,RU,visa,debit
403854,00-99,JSC CB SOLIDARITY,RU,visa,debit
403855,00-99,COMMUNITY CHOICE CREDIT UNION,US,visa,debit
403856,00-99,,MX,visa,credit
403857,00-99,,US,visa,credit
403858,00-99,BANCO CITIBANK DE EL SALVADOR S.A.,SV,visa,credit
403859,00-99,BANCO CUSCATLAN DE EL SALVADOR S.A.,SV,visa,credit
403860,00-99,BANCO CITIBANK DE EL SALVADOR S.A.,SV,visa,credit
403861,00-99,BANCO CUSCATLAN DE EL SALVADOR S.A.,SV,visa,debit
403862,00-99,AMWAL FOR ELECTRONIC BANKING SERVICES CO.,IQ,visa,debit
403863,00-99,CREDOMATIC DE EL SALVADOR S.A.,SV,visa,debit
403864,00-99,,US,visa,debit
403865,00-99,ALPHA BANK SRBIJA AD BEOGRAD,RS,visa,debit
403866,00-99,ALPHA BANK SRBIJA AD BEOGRAD,RS,visa,debit
403867,00-99,ALPHA BANK SRBIJA AD BEOGRAD,RS,visa,debit
403868,00-99,ALPHA BANK SRBIJA AD BEOGRAD,RS,visa,debit
403869,00-99,ALPHA BANK SRBIJA AD BEOGRAD,RS,visa,credit
403870,00-99,,US,visa,credit
403871,00-99,,US,visa,credit
403872,00-99,AL BILAD BANK,SA,visa,debit
403873,00-99,PUBLIC JOINT-STOCK COMPANY UNITED FINANCIAL CAPITAL BANK,RU,visa,debit
403874,00-99,PUBLIC JOINT-STOCK COMPANY UNITED FINANCIAL CAPITAL BANK,RU,visa,debit
403875,00-99,HDFC BANK LTD.,IN,visa,debit
403876,00-99,RAIFFEISEN BANK KOSOVO JSC,XK,visa,debit
403877,00-99,PODRAVSKA BANKA D.D.,HR,visa,debit
403878,00-99,HANA CARD,KR,visa,debit
403879,00-99,THE SHANGHAI COMMERCIAL & SAVINGS BANK LTD.,TW,visa,credit
403880,00-99,UNITED BANK FOR AFRICA CONGO,CG,visa,debit
403881,00-99,UNITED BANK FOR AFRICA CONGO,CG,visa,debit
403882,00-99,,RU,visa,debit
403883,00-99,BANCO LAFISE BANCENTRO S.A.,NI,visa,credit
403884,00-99,ALLEN HOSPITAL PERSONNEL CREDIT UNION,US,visa,debit
403885,00-99,CAPITAL BANK S.A.,HT,visa,credit
403886,00-99,BANCO BILBAO VIZCAYA ARGENTARIA S.A. (BBVA),ES,visa,credit
403887,00-99,BANCO COOPERATIVO ESPANOL S.A.,ES,visa,credit
403888,00-99,CAJA LABORAL POPULAR COOP. DE CREDITO,ES,visa,debit
403889,00-99,OJSC NORDEA BANK,RU,visa,debit
403890,00-99,OJSC NORDEA BANK,RU,visa,debit
403891,00-99,OJSC NORDEA BANK,RU,visa,debit
403892,00-99,OJSC NORDEA BANK,RU,visa,debit
403893,00-99,FIRST HERITAGE FEDERAL CREDIT UNION,US,visa,debit
403894,00-99,,US,visa,credit
403895,00-99,THE FIRST NATIONAL BANK OF FORT SMITH,US,visa,debit
403896,00-99,AVANGARD JSB,RU,visa,credit
403897,00-99,AVANGARD JSB,RU,visa,credit
403898,00-99,AVANGARD JSB,RU,visa,debit
403899,00-99,BANCO DAVIVIENDA S.A.,CO,visa,credit
403900,00-99,BANK OF HINDMAN,US,visa,debit
403901,00-99,NIAGARA FRONTIER FEDERAL MUNICIPAL EMPLOYEES CREDIT UNION,US,visa,debit
403902,00-99,CARD SERVICES FOR CREDIT UNIONS,US,visa,credit
403903,00-99,UNIVERSITY OF MICHIGAN CREDIT UNION,US,visa,credit
403904,00-99,SOO CO-OP CREDIT UNION,US,visa,credit
403905,00-99,PATHWARD N.A.,US,visa,debit
403906,00-99,HABIB BANK LTD.,PK,visa,credit
403907,00-99,FIRSTRAND BANK LTD.,ZA,visa,credit
403908,00-99,ATOMIC CREDIT UNION INC.,US,visa,credit
403909,00-99,NORSTATE FEDERAL CREDIT UNION,US,visa,credit
403910,00-99,UNIVERSITY OF NEBRASKA FEDERAL CREDIT UNION,US,visa,credit
403911,00-99,DUTCH POINT CREDIT UNION INC.,US,visa,credit
403912,00-99,360 FEDERAL CREDIT UNION,US,visa,credit
403913,00-99,LOTTE FINANCE VIETNAM COMPANY LTD.,VN,visa,credit
403914,00-99,JPMORGAN CHASE BANK N.A.,US,visa,credit
403915,00-99,UNITED FEDERAL CREDIT UNION,US,visa,credit
403916,00-99,FAYSAL BANK LTD.,PK,visa,debit
403917,00-99,COMMERCIAL INTERNATIONAL BANK,EG,visa,debit
403918,00-99,FAMILY FINANCIAL CREDIT UNION,US,visa,credit
403919,00-99,PROFESSIONAL FEDERAL CREDIT UNION,US,visa,credit
403920,00-99,CANTON SCHOOL EMPLOYEES FEDERAL CREDIT UNION,US,visa,credit
403921,00-99,WINSOUTH CREDIT UNION,US,visa,credit
403922,00-99,FINGER LAKES FEDERAL CREDIT UNION,US,visa,credit
403923,00-99,JPMORGAN CHASE BANK N.A.,US,visa,credit
403924,00-99,EMPLOYEE RESOURCES CREDIT UNION,US,visa,debit
403925,00-99,AMERICAN EAGLE FINANCIAL CREDIT UNION,US,visa,credit
403926,00-99,GUARDIAN SAVINGS BANK,US,visa,debit
403927,00-99,CARD SERVICES FOR CREDIT UNIONS,US,visa,credit
403928,00-99,SUMMIT CREDIT UNION,US,visa,credit
403929,00-99,TRULIANT FEDERAL CREDIT UNION,US,visa,credit
403930,00-99,MEMBERS FIRST CREDIT UNION OF FLORIDA,US,visa,credit
403931,00-99,FIRST UNITED FEDERAL CREDIT UNION,US,visa,credit
403932,00-99,BAYLANDS FAMILY CREDIT UNION,US,visa,credit
403933,00-99,SBERBANK OF RUSSIA,RU,visa,debit
403934,00-99,MRV BANKS,US,visa,credit
403935,00-99,HABIB BANK LTD.,PK,visa,credit
403936,00-99,JPMORGAN CHASE BANK N.A.,US,visa,credit
403937,00-99,,IN,visa,debit
403938,00-99,BANCO DE NEGOCIOS INTERNACIONAL S.A. (BNI),AO,visa,credit
403939,00-99,NAVY FEDERAL CREDIT UNION,US,visa,credit
403940,00-99,,IN,visa,debit
403941,00-99,JPMORGAN CHASE BANK N.A.,US,visa,credit
403942,00-99,ATOMIC CREDIT UNION,US,visa,credit
403943,00-99,JPMORGAN CHASE BANK N.A.,US,visa,credit
403944,00-99,PEOPLESCHOICE CREDIT UNION,US,visa,credit
403945,00-99,RTP FEDERAL CREDIT UNION,US,visa,credit
403946,00-99,CLEARVIEW FEDERAL CREDIT UNION,US,visa,credit
403947,00-99,ROCHESTER & MONROE COUNTY EMPLOYEES FEDERAL CREDIT UNION,US,visa,credit
403948,00-99,RADIUS FEDERAL CREDIT UNION,US,visa,debit
403949,00-99,SPENCERPORT FEDERAL CREDIT UNION,US,visa,credit
403950,00-99,CIMB VIETNAM,VN,visa,debit
403951,00-99,LISTERHILL CREDIT UNION,US,visa,credit
403952,00-99,WANIGAS CREDIT UNION,US,visa,credit
403953,00-99,SEA COMM FEDERAL CREDIT UNION,US,visa,credit
403954,00-99,BANK OF JAMESTOWN,US,visa,debit
403955,00-99,NINGBO YINZHOU RURAL COMMERCIAL BANK CO. LTD,CN,visa,credit
403956,00-99,SEBASTICOOK VALLEY FEDERAL CREDIT UNION,US,visa,credit
403957,00-99,FIRELANDS FEDERAL CREDIT UNION,US,visa,credit
403958,00-99,CARD SERVICES FOR CREDIT UNIONS,US,visa,credit
403959,00-99,KATAHDIN FEDERAL CREDIT UNION,US,visa,credit
403960,00-99,MAINE SAVINGS FEDERAL CREDIT UNION,US,visa,credit
403961,00-99,KSW FEDERAL CREDIT UNION,US,visa,credit
403962,00-99,TRUCHOICE FEDERAL CREDIT UNION,US,visa,credit
403963,00-99,JPMORGAN CHASE BANK N.A.,US,visa,credit
403964,00-99,CARD SERVICES FOR CREDIT UNIONS,US,visa,credit
403965,00-99,SHINHAN CARD CO. LTD.,KR,visa,debit
403966,00-99,POWER ONE FEDERAL CREDIT UNION,US,visa,credit
403967,00-99,JPMORGAN CHASE BANK N.A.,US,visa,credit
403968,00-99,PNC BANK NATIONAL ASSOCIATION - CONSUMER CREDIT,US,visa,credit
403969,00-99,U.S. BANK NATIONAL ASSOCIATION-CREDIT,US,visa,credit
403970,00-99,DOWN EAST CREDIT UNION,US,visa,debit
403971,00-99,SKYONE FEDERAL CREDIT UNION,US,visa,debit
403972,00-99,CHIPHONE FEDERAL CREDIT UNION,US,visa,credit
403973,00-99,SKYONE FEDERAL CREDIT UNION,US,visa,credit
403974,00-99,U.S. BANK NATIONAL ASSOCIATION-CREDIT,US,visa,credit
403975,00-99,TLCU FINANCIAL,US,visa,credit
403976,00-99,PNC BANK NATIONAL ASSOCIATION,US,visa,debit
403977,00-99,DIAMOND VALLEY FEDERAL CREDIT UNION,US,visa,credit
403978,00-99,VIA CREDIT UNION,US,visa,credit
403979,00-99,FINANCIAL CENTER FIRST CREDIT UNION,US,visa,credit
403980,00-99,WHEAT STATE CREDIT UNION,US,visa,credit
403981,00-99,ABNB FEDERAL CREDIT UNION,US,visa,credit
403982,00-99,CREDIT UNION 1,US,visa,debit
403983,00-99,U.S. BANK NATIONAL ASSOCIATION-CREDIT,US,visa,credit
403984,00-99,ACCESS BANK (KENYA) PLC,KE,visa,debit
403985,00-99,FIRST OPTION BANK,US,visa,credit
403986,00-99,PROFINANCE FEDERAL CREDIT UNION,US,visa,credit
403987,00-99,FIVE STAR BANK,US,visa,debit
403988,00-99,WASATCH PEAKS FEDERAL CREDIT UNION,US,visa,credit
403989,00-99,MUTUAL SECURITY CREDIT UNION INC.,US,visa,credit
403990,00-99,JPMORGAN CHASE BANK N.A.,US,visa,credit
403991,00-99,AL BILAD BANK,SA,visa,credit
403992,00-99,THE FNB COMMUNITY BANK,US,visa,debit
403993,00-99,BANK ASIA LTD.,BD,visa,credit
403994,00-99,PLUS CREDIT UNION,US,visa,credit
403995,00-99,PATHWARD N.A.,US,visa,debit
403996,00-99,AL BILAD BANK,SA,visa,credit
403997,00-99,FIRST NATIONAL BANK OF OMAHA,US,visa,credit
403998,00-99,TURKIYE IS BANKASI A.S.,TR,visa,debit
403999,00-99,LANCASTER RED ROSE CREDIT UNION,US,visa,debit
404000,00-99,BANCO DO BRASIL S.A.,BR,visa,credit
404001,00-99,BANCO DO BRASIL S.A.,BR,visa,credit
404002,00-99,BANCO DO BRASIL S.A.,BR,visa,credit
404003,00-99,CITIBANK,AE,visa,debit
404004,00-99,CRDB BANK LTD.,TZ,visa,debit
404005,00-99,UNICAJA BANCO S.A,ES,visa,debit
404006,00-99,PJSC AVANT BANK,UA,visa,debit
404007,00-99,VTB BANK PJSC,RU,visa,credit
404008,00-99,LINE BANK TAIWAN LTD.,TW,visa,debit
404009,00-99,NEXT COMMERCIAL BANK CO. LTD.,TW,visa,debit
404010,00-99,WELLS FARGO BANK N.A.,US,visa,credit
404011,00-99,BANCO INMOBILIARIO S.A.,GT,visa,debit
404012,00-99,BANCO INMOBILIARIO S.A.,GT,visa,debit
404013,00-99,WELLS FARGO BANK N.A.,US,visa,credit
404014,00-99,ABILENE TEACHERS FEDERAL CREDIT UNION,US,visa,debit
404015,00-99,BIG SPRING EDUCATION EMPLOYEES FEDERAL CREDIT UNION,US,visa,debit
404016,00-99,SOUTHWEST HERITAGE CREDIT UNION,US,visa,debit
404017,00-99,TEXAS PLAINS FEDERAL CREDIT UNION,US,visa,debit
404018,00-99,AMERICA'S CREDIT UNION,US,visa,debit
404019,00-99,WELLS FARGO BANK N.A.,US,visa,credit
404020,00-99,JSB PIVDENNYI,UA,visa,debit
404021,00-99,BANCO PROMERICA S.A.,SV,visa,credit
404022,00-99,BANCO BBVA ARGENTINA S.A.,AR,visa,debit
404023,00-99,WELLS FARGO BANK N.A.,US,visa,credit
404024,00-99,NEON PAGAMENTOS S.A.,BR,visa,credit
404025,00-99,NEON PAGAMENTOS S.A.,BR,visa,debit
404026,00-99,COOPERATIVA MBURICAO LTDA.,PY,visa,credit
404027,00-99,GRUPO INTERNACIONAL DE FINANZAS S.A.E.C.A. (GRUPO INTERFISA),PY,visa,credit
404028,00-99,PROMOTORA CMR FALABELLA S.A.,CL,visa,credit
404029,00-99,BANK DHOFAR (S.A.O.G.),OM,visa,debit
404030,00-99,WELLS FARGO BANK N.A.,US,visa,credit
404031,00-99,GLOBAL PROCESSING S.A.,AR,visa,debit
404032,00-99,MANULIFE BANK OF CANADA,CA,visa,credit
404033,00-99,WELLS FARGO BANK N.A.,US,visa,credit
404034,00-99,BANCO MULTIPLE ADEMI S.A.,DO,visa,credit
404035,00-99,BANCO MULTIPLE ACTIVO DOMINICANA S.A. - **OFFBOARDING**,DO,visa,credit
404036,00-99,NOOR BANK PJSC,AE,visa,debit
404037,00-99,WELLS FARGO BANK N.A.,US,visa,credit
404038,00-99,MVB BANK INC,US,visa,debit
404039,00-99,TECU CREDIT UNION,US,visa,credit
404040,00-99,WELLS FARGO BANK N.A.,US,visa,credit
404041,00-99,BANCO DEL PAIS S.A.,HN,visa,credit
404042,00-99,BANCO DEL PAIS S.A.,HN,visa,credit
404043,00-99,BOK FINANCIAL,US,visa,debit
404044,00-99,BOK FINANCIAL,US,visa,debit
404045,00-99,LIANLIAN INTERNATIONAL COMPANY LTD.,HK,visa,credit
404046,00-99,MERIDIAN BANK,US,visa,credit
404047,00-99,CHESAPEAKE BANK,US,visa,credit
404048,00-99,WELLS FARGO BANK N.A.,US,visa,credit
404049,00-99,TRUSTONE FINANCIAL CREDIT UNION,US,visa,credit
404050,00-99,CENTRAL ONE FEDERAL CREDIT UNION,US,visa,debit
404051,00-99,BANCORP BANK,US,visa,debit
404052,00-99,SAI GON - HA NOI COMMERCIAL JOINT STOCK BANK,VN,visa,credit
404053,00-99,WELLS FARGO BANK N.A.,US,visa,credit
404054,00-99,WELLS FARGO BANK N.A.,US,visa,credit
404055,00-99,UNIVERSITY OF KENTUCKY FEDERAL CREDIT UNION,US,visa,debit
404056,00-99,FAMILY 1ST OF TEXAS FEDERAL CREDIT UNION,US,visa,debit
404057,00-99,POSTAL FAMILY FEDERAL CREDIT UNION,US,visa,debit
404058,00-99,BANCO INDUSTRIAL S.A.,GT,visa,debit
404059,00-99,AFGHANISTAN INTERNATIONAL BANK,AF,visa,debit
404060,00-99,FIRST TRUST CREDIT UNION,US,visa,debit
404061,00-99,TRIANGLE CREDIT UNION,US,visa,debit
404062,00-99,AMERICAN AIRLINES FEDERAL CREDIT UNION,US,visa,debit
404063,00-99,AMERICAN AIRLINES FEDERAL CREDIT UNION,US,visa,credit
404064,00-99,ARROWHEAD BANK,US,visa,debit
404065,00-99,WELLS FARGO BANK N.A.,US,visa,debit
404066,00-99,COMMERCE BANCSHARES INC.,US,visa,debit
404067,00-99,WELLS FARGO BANK N.A.,US,visa,credit
404068,00-99,MERIDIAN BANK,US,visa,credit
404069,00-99,THE SOUTH INDIAN BANK LTD.,IN,visa,debit
404070,00-99,FIRST FEDERAL SAVINGS BANK OF TWIN FALLS,US,visa,debit
404071,00-99,FINANCIERA OH! S.A.,PE,visa,credit
404072,00-99,UNITED ARKANSAS FEDERAL CREDIT UNION,US,visa,credit
404073,00-99,WELLS FARGO BANK N.A.,US,visa,debit
404074,00-99,WELLS FARGO BANK N.A.,US,visa,debit
404075,00-99,MOUNTAIN STAR FEDERAL CREDIT UNION,US,visa,credit
404076,00-99,DOCK INSTITUICAO DE PAGAMENTO S.A.,BR,visa,debit
404077,00-99,DOCK INSTITUICAO DE PAGAMENTO S.A.,BR,visa,debit
404078,00-99,METRO BANK,US,visa,credit
404079,00-99,DOCK SOLUCOES EM MEIOS DE PAGAMENTO S.A,BR,visa,credit
404080,00-99,UNION BANK,US,visa,debit
404081,00-99,VISTA BANK (ROMANIA) S.A.,RO,visa,credit
404082,00-99,VISTA BANK (ROMANIA) S.A.,RO,visa,debit
404083,00-99,BMO HARRIS BANK N.A.,US,visa,credit
404084,00-99,WELLS FARGO BANK N.A.,US,visa,debit
404085,00-99,STATE EMPLOYEES CREDIT UNION OF MARYLAND INC.,US,visa,credit
404086,00-99,WELLS FARGO BANK N.A.,US,visa,credit
404087,00-99,WELLS FARGO BANK N.A.,US,visa,debit
404088,00-99,BANCO MULTIPLE PROMERICA DE LA REPUBLICA DOMINICANA S.A.,DO,visa,credit
404089,00-99,COMMUNITY CREDIT UNION,US,visa,debit
404090,00-99,WELLS FARGO BANK N.A.,US,visa,credit
404091,00-99,WELLS FARGO BANK N.A.,US,visa,credit
404092,00-99,MRV BANKS,US,visa,credit
404093,00-99,BANCO MULTIPLE PROMERICA DE LA REPUBLICA DOMINICANA S.A.,DO,visa,credit
404094,00-99,BANCO ATLANTIDA S.A.,BZ,visa,debit
404095,00-99,PATHWARD N.A.,US,visa,debit
404096,00-99,BANCO PROMERICA S.A.,HN,visa,debit
404097,00-99,METABANK,US,visa,debit
404098,00-99,METABANK,US,visa,debit
404099,00-99,METABANK,US,visa,debit
404100,00-99,SATHAPANA BANK PLC,KH,visa,credit
404101,00-99,BANCA MONTE DEI PASCHI DI SIENA S.P.A.,IT,visa,credit
404102,00-99,BANCO COOPERATIVO ESPANOL S.A.,ES,visa,debit
404103,00-99,BANCO DE LA PRODUCCION S.A.,NI,visa,credit
404104,00-99,BANCO DE LA PRODUCCION S.A.,NI,visa,credit
404105,00-99,IRAQ NOOR ISLAMIC BANK FOR INVESTMENT AND FINANCE,IQ,visa,credit
404106,00-99,BANK OF AFRICA - MADAGASCAR,MG,visa,debit
404107,00-99,BANCO COOPERATIVO ESPANOL S.A.,ES,visa,debit
404108,00-99,BANK OF AFRICA - MADAGASCAR,MG,visa,debit
404109,00-99,BANQUE INTERNATIONALE POUR LE COMMERCE ET L'INDUSTRIE DU SENEGAL,SN,visa,debit
404110,00-99,SATHAPANA BANK PLC,KH,visa,debit
404111,00-99,PUBLIC JOINT STOCK COMPANY BANK URALSIB,RU,visa,credit
404112,00-99,,DO,visa,credit
404113,00-99,BGFIBANK CAMEROUN,CM,visa,debit
404114,00-99,JSB AVANGARD,RU,visa,credit
404115,00-99,BANK OF AFRICA - MADAGASCAR,MG,visa,credit
404116,00-99,ALINMA BANK,SA,visa,debit
404117,00-99,AGRICULTURAL BANK OF CHINA,CN,visa,credit
404118,00-99,AGRICULTURAL BANK OF CHINA,CN,visa,credit
404119,00-99,AGRICULTURAL BANK OF CHINA,CN,visa,credit
404120,00-99,AGRICULTURAL BANK OF CHINA,CN,visa,credit
404121,00-99,ORNL FEDERAL CREDIT UNION,US,visa,credit
404122,00-99,BANK OF AFRICA,BJ,visa,debit
404123,00-99,BANK OF AFRICA,BJ,visa,debit
404124,00-99,UNITED BANK FOR AFRICA - BENIN,BJ,visa,debit
404125,00-99,BANCO CETELEM S.A.,ES,visa,credit
404126,00-99,BANCO CETELEM S.A.,ES,visa,credit
404127,00-99,BANCO CETELEM S.A.,ES,visa,credit
404128,00-99,BILLINGS FEDERAL CREDIT UNION,US,visa,debit
404129,00-99,RESOURCE BANK NATIONAL ASSOCIATION,US,visa,debit
404130,00-99,COMMUNITY FIRST CREDIT UNION OF FLORIDA,US,visa,debit
404131,00-99,MRV BANKS,US,visa,credit
404132,00-99,COMMUNITY BANK OF OKLAHOMA,US,visa,debit
404133,00-99,JPMORGAN CHASE BANK N.A.,US,visa,credit
404134,00-99,BANCO BILBAO VIZCAYA ARGENTARIA S.A. (BBVA),ES,visa,debit
404135,00-99,ALTYN BANK JSC,KZ,visa,credit
404136,00-99,GAZPROMBANK (JOINT-STOCK COMPANY),RU,visa,credit
404137,00-99,GREATER BANK - A DIVISION OF NEWCASTLE,AU,visa,debit
404138,00-99,PUBLIC JOINT STOCK COMPANY PROMSVYAZBANK,RU,visa,debit
404139,00-99,PUBLIC JOINT STOCK COMPANY PROMSVYAZBANK,RU,visa,debit
404140,00-99,FONDSERVISBANK,RU,visa,debit
404141,00-99,PUBLIC JOINT STOCK COMPANY PROMSVYAZBANK,RU,visa,debit
404142,00-99,WESTREET FEDERAL CREDIT UNION,US,visa,credit
404143,00-99,TD BANK USA NORDSTROM,US,visa,credit
404144,00-99,BANCO NACIONAL DE COSTA RICA,CR,visa,credit
404145,00-99,BANCO LAFISE BANCENTRO S.A.,NI,visa,credit
404146,00-99,BANCO LAFISE BANCENTRO S.A.,NI,visa,credit
404147,00-99,1ST ED CREDIT UNION,US,visa,debit
404148,00-99,DAKOTALAND FEDERAL CREDIT UNION,US,visa,debit
404149,00-99,LOTTE CARD COMPANY LTD.,KR,visa,debit
404150,00-99,POWER CREDIT UNION,US,visa,debit
404151,00-99,JPMORGAN CHASE BANK N.A.,US,visa,credit
404152,00-99,VIETNAM EXPORT IMPORT COMMERCIAL JOINT-STOCK BANK,VN,visa,credit
404153,00-99,FIRST NATIONAL BANK OF OKLAHOMA,US,visa,debit
404154,00-99,FIRST NATIONAL BANK OF OKLAHOMA,US,visa,debit
404155,00-99,BANCO DEL PAIS S.A.,HN,visa,debit
404156,00-99,,PL,visa,debit
404157,00-99,CHINA CITIC BANK,CN,visa,credit
404158,00-99,CHINA CITIC BANK,CN,visa,credit
404159,00-99,CHINA CITIC BANK,CN,visa,credit
404160,00-99,COMMERCIAL BANK EXPOBANK,RU,visa,debit
404161,00-99,BASE INTERCHANGE SYSTEM ASSOCIATION PUERTO RICO LEAGUE INC.,PR,visa,debit
404162,00-99,,RU,visa,credit
404163,00-99,DEUTSCHER SPARKASSEN- UND GIROVERBAND,DE,visa,credit
404164,00-99,,US,visa,credit
404165,00-99,SCOTIABANK PERU S.A.A.,PE,visa,credit
404166,00-99,ABANCA CORPORACION BANCARIA S.A,ES,visa,debit
404167,00-99,CAROLINA FOOTHILLS FEDERAL CREDIT UNION,US,visa,credit
404168,00-99,JPMORGAN CHASE BANK N.A.,US,visa,credit
404169,00-99,VIETNAM INTERNATIONAL COMMERCIAL JOINT STOCK BANK,VN,visa,credit
404170,00-99,JOINT STOCK COMPANY FIRST UKRAINIAN INTERNATIONAL BANK,UA,visa,credit
404171,00-99,CHINA CITIC BANK,CN,visa,credit
404172,00-99,CHINA CITIC BANK,CN,visa,credit
404173,00-99,CHINA CITIC BANK,CN,visa,credit
404174,00-99,CHINA CITIC BANK,CN,visa,credit
404175,00-99,AMERICA'S CREDIT UNION A FEDERAL CREDIT UNION,US,visa,credit
404176,00-99,MEGABANK PJSC,UA,visa,debit
404177,00-99,SCOTIABANK COLPATRIA S.A,CO,visa,credit
404178,00-99,SCOTIABANK COLPATRIA S.A,CO,visa,credit
404179,00-99,BANQUE INTERNATIONALE POUR LE COMMERCE LINDUSTRIE ET LAGRICULTURE DU BURKINA,BF,visa,credit
404180,00-99,HOME TRUST COMPANY,CA,visa,credit
404181,00-99,HOME TRUST COMPANY,CA,visa,credit
404182,00-99,BANCO UNO S.A.,HN,visa,credit
404183,00-99,,HU,visa,debit
404184,00-99,VIETNAM JOINT STOCK COMMERCIAL BANK FOR INDUSTRY AND TRADE,VN,visa,credit
404185,00-99,VIETNAM BANK FOR INDUSTRY AND TRADE,VN,visa,credit
404186,00-99,NATIONAL DEVELOPMENT BANK PLC,LK,visa,debit
404187,00-99,NATIONAL DEVELOPMENT BANK PLC,LK,visa,credit
404188,00-99,BANK OF AFRICA-BURKINA FASO,BF,visa,debit
404189,00-99,BANK OF AFRICA - MALI,ML,visa,debit
404190,00-99,CORIS BANK INTERNATIONAL (CBI) MALI,ML,visa,debit
404191,00-99,BANK OF AFRICA-BURKINA FASO,BF,visa,debit
404192,00-99,KENYA COMMERCIAL BANK LTD.,KE,visa,credit
404193,00-99,MBANK S.A.,PL,visa,credit
404194,00-99,BANK INTESA,RU,visa,credit
404195,00-99,GARANT INVEST BANK CJS,RU,visa,debit
404196,00-99,GARANT INVEST BANK CJS,RU,visa,debit
404197,00-99,GARANT-INVEST BANK CJS,RU,visa,debit
404198,00-99,OTP BANKA SLOVENSKO A.S.,SK,visa,debit
404199,00-99,OTP BANKA SLOVENSKO A.S.,SK,visa,debit
404200,00-99,POWER CREDIT UNION,US,visa,credit
404201,00-99,COMMUNITY FIRST BANK,US,visa,debit
404202,00-99,JPMORGAN CHASE BANK N.A.,US,visa,credit
404203,00-99,HSBC BANK USA,PA,visa,credit
404204,00-99,PJSC MTS BANK,RU,visa,debit
404205,00-99,BANCO DE GALICIA Y BUENOS AIRES S.A.,AR,visa,credit
404206,00-99,PATRIOT BANK NATIONAL ASSOCIATION,US,visa,debit
404207,00-99,HOMETOWN NATIONAL BANK,US,visa,debit
404208,00-99,BANCO BBVA PERU,PE,visa,credit
404209,00-99,PIKES PEAK CREDIT UNION,US,visa,debit
404210,00-99,NUEVO BANCO DE LA RIOJA S.A.,AR,visa,credit
404211,00-99,NUEVO BANCO DE LA RIOJA S.A.,AR,visa,credit
404212,00-99,NUEVO BANCO DE LA RIOJA S.A.,AR,visa,credit
404213,00-99,NUEVO BANCO DE LA RIOJA S.A.,AR,visa,credit
404214,00-99,GUARANTY TRUST BANK GHANA LTD.,GH,visa,debit
404215,00-99,GUARANTY TRUST,GH,visa,debit
404216,00-99,GUARANTY TRUST BANK GHANA LTD.,GH,visa,debit
404217,00-99,GUARANTY TRUST BANK GHANA LTD.,GH,visa,debit
404218,00-99,DEUTSCHER SPARKASSEN- UND GIROVERBAND,DE,visa,credit
404219,00-99,EVABANK,US,visa,debit
404220,00-99,HERITAGE BANK,US,visa,debit
404221,00-99,FLATWATER BANK,US,visa,debit
404222,00-99,OPTUS BANK,US,visa,debit
404223,00-99,MIDFLORIDA CREDIT UNION,US,visa,debit
404224,00-99,PJSC MTS-BANK,RU,visa,credit
404225,00-99,UNITED SOUTHERN BANK,US,visa,debit
404226,00-99,MRV BANKS,US,visa,credit
404227,00-99,HOME FEDERAL BANK OF TENNESSEE,US,visa,debit
404228,00-99,USALLIANCE FEDERAL CREDIT UNION,US,visa,credit
404229,00-99,FIRST NATIONAL BANK OF GRIFFIN,US,visa,debit
404230,00-99,SILVER STATE SCHOOLS CREDIT UNION,US,visa,credit
404231,00-99,BANK OF TENNESSEE,US,visa,debit
404232,00-99,POPA FEDERAL CREDIT UNION,US,visa,credit
404233,00-99,TAPPAN COMMUNITY CREDIT UNION INC.,US,visa,credit
404234,00-99,,US,visa,credit
404235,00-99,,US,visa,credit
404236,00-99,,PL,visa,debit
404237,00-99,BANQUE LAURENTIENNE DU CANADA,CA,visa,credit
404238,00-99,SUEZ CANAL BANK,EG,visa,credit
404239,00-99,SUEZ CANAL BANK,EG,visa,credit
404240,00-99,SWISSCARD AECS GMBH,CH,visa,debit
404241,00-99,AXIS BANK LTD.,IN,visa,debit
404242,00-99,JSC FORTEBANK,KZ,visa,debit
404243,00-99,JSC FORTEBANK,KZ,visa,debit
404244,00-99,FORTEBANK JSC,KZ,visa,debit
404245,00-99,JSC FORTEBANK,KZ,visa,debit
404246,00-99,HSBC BANK PLC GREECE LONDON,GB,visa,credit
404247,00-99,WELLS FARGO BANK NATIONAL ASSOCIATION,GU,visa,credit
404248,00-99,INDUSIND BANK LTD.,IN,visa,debit
404249,00-99,HDFC BANK LTD.,IN,visa,credit
404250,00-99,BANCO BILBAO VIZCAYA ARGENTARIA S.A. (BBVA),ES,visa,credit
404251,00-99,NEXI PAYMENTS S.P.A.,IT,visa,credit
404252,00-99,BANCO DE LA PAMPA,AR,visa,credit
404253,00-99,CORTRUST BANK NATIONAL ASSOCIATION,US,visa,debit
404254,00-99,CORTRUST BANK NATIONAL ASSOCIATION,US,visa,debit
404255,00-99,PIRAEUS BANK S.A.,GR,visa,credit
404256,00-99,UNICREDIT BULBANK AD,BG,visa,credit
404257,00-99,UNICREDIT BULBANK AD,BG,visa,credit
404258,00-99,,GT,visa,credit
404259,00-99,CONTECNICA S.A.,GT,visa,credit
404260,00-99,CONTECNICA S.A.,GT,visa,credit
404261,00-99,PJSC BANK FORUM,UA,visa,debit
404262,00-99,PJSC BANK FORUM,UA,visa,debit
404263,00-99,BANCO DE AMERICA CENTRAL HONDURAS S.A.,HN,visa,debit
404264,00-99,CARD COMPLETE SERVICE BANK AG,AT,visa,debit
404265,00-99,BANCO DE COSTA RICA,CR,visa,credit
404266,00-99,PJSC MTS-BANK,RU,visa,debit
404267,00-99,PJSC MTS-BANK,RU,visa,debit
404268,00-99,PJSC MTS-BANK,RU,visa,debit
404269,00-99,PJSC MTS BANK,RU,visa,debit
404270,00-99,GAZPROMBANK (JOINT-STOCK COMPANY),RU,visa,debit
404271,00-99,LOCAL 804 FEDERAL CREDIT UNION,US,visa,credit
404272,00-99,BANK OF HOPE,US,visa,credit
404273,00-99,BANK OF HOPE,US,visa,credit
404274,00-99,CREDIT AGRICOLE EGYPT S.A.E.,EG,visa,debit
404275,00-99,ABU DHABI COMMERCIAL BANK - ADCB - EGYPT,EG,visa,credit
404276,00-99,HDFC BANK LTD.,IN,visa,credit
404277,00-99,BAKER FEDERAL CREDIT UNION,US,visa,debit
404278,00-99,BANQUE SAUDI FRANSI,SA,visa,credit
404279,00-99,BANCO BILBAO VIZCAYA ARGENTARIA COLOMBIA S.A. BBVA COLOMBIA,CO,visa,debit
404280,00-99,BBVA,CO,visa,credit
404281,00-99,BANK OF VALLETTA P.L.C,MT,visa,credit
404282,00-99,TRINIDAD AND TOBAGO UNIT TRUST CORPORATION,TT,visa,debit
404283,00-99,TORRANCE COMMUNITY FEDERAL CREDIT UNION,US,visa,debit
404284,00-99,BANCO DE CREDITO CENTROAMERICANO S.A. (BANCENTRO),NI,visa,credit
404285,00-99,,US,visa,credit
404286,00-99,CHINA CONSTRUCTION BANK CORPORATION,CN,visa,credit
404287,00-99,OJSC THE UNIVERSAL BANK FOR DEVELOPMENT AND PARTNERSHIP,UA,visa,credit
404288,00-99,,RU,visa,debit
404289,00-99,,US,visa,debit
404290,00-99,,RU,visa,debit
404291,00-99,,RU,visa,debit
404292,00-99,,RU,visa,debit
404293,00-99,BANCO BBVA PERU,PE,visa,credit
404294,00-99,BANK OF BARODA,FJ,visa,debit
404295,00-99,,RU,visa,debit
404296,00-99,,IT,visa,debit
404297,00-99,,RU,visa,debit
404298,00-99,VTB BANK (ARMENIA) CJSC,AM,visa,credit
404299,00-99,ACCESS BANK (GHANA) PLC,GH,visa,debit
404300,00-99,NUVISION FEDERAL CREDIT UNION,US,visa,debit
404301,00-99,BANCO CETELEM S.A.,ES,visa,credit
404302,00-99,ADAMS BANK & TRUST,US,visa,debit
404303,00-99,CAIXA ECONOMICA MONTEPIO GERAL,PT,visa,debit
404304,00-99,FIRSTRAND BANK LTD.,ZA,visa,credit
404305,00-99,PT BANK SYARIAH INDONESIA TBK,ID,visa,debit
404306,00-99,FIRST NATIONAL BANK OF BOTSWANA LTD.,BW,visa,credit
404307,00-99,DISCOVERY BANK LTD.,ZA,visa,credit
404308,00-99,GARANTI,TR,visa,credit
404309,00-99,CREDIT EUROPE BANK (ROMANIA) S.A.,RO,visa,credit
404310,00-99,CREDIT EUROPE BANK (ROMANIA) S.A.,RO,visa,credit
404311,00-99,CREDIT EUROPE BANK (ROMANIA) S.A.,RO,visa,debit
404312,00-99,CREDIT EUROPE BANK (ROMANIA) S.A.,RO,visa,credit
404313,00-99,SCOTIABANK INVERLAT S.A.,MX,visa,debit
404314,00-99,EMISOR DE TARJETAS BR S.A. DE C.V.,SV,visa,debit
404315,00-99,TURK EKONOMI BANKASI A.S.,TR,visa,debit
404316,00-99,JPMORGAN CHASE BANK N.A.,US,visa,credit
404317,00-99,CATHAY UNITED BANK (CAMBODIA) CORPORATION LTD.,KH,visa,credit
404318,00-99,CATHAY UNITED BANK (CAMBODIA) CORPORATION LTD.,KH,visa,credit
404319,00-99,ADVANCED BANK OF ASIA LTD.,KH,visa,debit
404320,00-99,SINGAPORE BANKING CORP. LTD.,KH,visa,credit
404321,00-99,CAMBODIAN COMMERCIAL BANK LTD.,KH,visa,credit
404322,00-99,THE KARUR VYSYA BANK LTD.,IN,visa,debit
404323,00-99,DISCOVERY BANK LTD.,ZA,visa,credit
404324,00-99,VOLKSBANK A.D. BANJA LUKA,BA,visa,debit
404325,00-99,TATRA BANKA A.S.,SK,visa,credit
404326,00-99,BANK OF CYPRUS PUBLIC CO. LTD.,CY,visa,debit
404327,00-99,,SV,visa,credit
404328,00-99,,SV,visa,credit
404329,00-99,JPMORGAN CHASE BANK N.A.,US,visa,credit
404330,00-99,,FR,visa,credit
404331,00-99,BC CARD COMPANY LTD.,KR,visa,credit
404332,00-99,BC CARD COMPANY LTD.,KR,visa,credit
404333,00-99,BC CARD CO. LTD.,KR,visa,credit
404334,00-99,ALLEGIUS FEDERAL CREDIT UNION,US,visa,credit
404335,00-99,UNITED COMMUNITY BANK OF WEST KENTUCKY INC.,US,visa,debit
404336,00-99,ALLIANCE BANK,US,visa,debit
404337,00-99,NIUM PTE LTD.,SG,visa,debit
404338,00-99,AEON CREDIT SERVICE (ASIA) CO. LTD,HK,visa,credit
404339,00-99,BC CARD COMPANY LTD.,KR,visa,credit
404340,00-99,POLICE & NURSES LTD.,AU,visa,debit
404341,00-99,POLICE BANK LTD.,AU,visa,credit
404342,00-99,CREDIT UNION AUSTRALIA LTD.,AU,visa,debit
404343,00-99,SAHARA BANK,LY,visa,debit
404344,00-99,MALAYAN BANKING BERHAD,MY,visa,credit
404345,00-99,DESERT VALLEYS FEDERAL CREDIT UNION,US,visa,credit
404346,00-99,,US,visa,credit
404347,00-99,BIZ INSTITUICAO DE PAGAMENTO LTDA,BR,visa,debit
404348,00-99,CAIXABANK S.A.,ES,visa,credit
404349,00-99,,US,visa,credit
404350,00-99,TURK EKONOMI BANKASI A.S.,TR,visa,credit
404351,00-99,E.KUANTIA EDE S.L.,ES,visa,debit
404352,00-99,BANCO ATLANTIDA S.A.,HN,visa,credit
404353,00-99,CJSC NIZHNEVARTOVSK CITY JSB YERMAK,RU,visa,debit
404354,00-99,BBAC S.A.L,LB,visa,credit
404355,00-99,BBAC S.A.L,LB,visa,credit
404356,00-99,E.KUANTIA EDE S.L.,ES,visa,debit
404357,00-99,BBAC S.A.L,LB,visa,credit
404358,00-99,VOLUNTEER FEDERAL SAVINGS BANK,US,visa,debit
404359,00-99,CREDIT LIBANAIS S.A.L.,LB,visa,debit
404360,00-99,SOFOM INBURSA S.A. DE C.V. SOCIEDAD FINANCIERA DE OBJETO M LTIPLE ER GRUPO FIN,MX,visa,credit
404361,00-99,WESCOM CENTRAL CREDIT UNION,US,visa,debit
404362,00-99,NOUVOBANQ - SEYCHELLES INTERNATIONAL MERCANTILE BANKING CORP. LTD.,SC,visa,debit
404363,00-99,JSC HALYK SAVINGS BANK OF KAZAKHSTAN,KZ,visa,credit
404364,00-99,,US,visa,credit
404365,00-99,UNITED OVERSEAS BANK(THAI)PUBLIC CO. LTD.,TH,visa,debit
404366,00-99,ADAMS BANK & TRUST,US,visa,debit
404367,00-99,CAIXABANK S.A.,ES,visa,debit
404368,00-99,BANCO ATLANTIDA S.A.,HN,visa,debit
404369,00-99,BANCO BEST,PT,visa,credit
404370,00-99,BANCO COMAFI S.A.,AR,visa,credit
404371,00-99,JSCB INVESTMENT TRADE BANK,RU,visa,debit
404372,00-99,JSCB INVESTMENT TRADE BANK,RU,visa,debit
404373,00-99,JSCB INVESTMENT TRADE BANK,RU,visa,debit
404374,00-99,JSCB INVESTMENT TRADE BANK,RU,visa,debit
404375,00-99,DEVELOPMENT CAPITAL BANK,RU,visa,debit
404376,00-99,DEVELOPMENT CAPITAL BANK,RU,visa,debit
404377,00-99,JPMORGAN CHASE BANK N.A.,US,visa,credit
404378,00-99,E. SUN COMMERCIAL BANK LTD.,TW,visa,credit
404379,00-99,,AG,visa,credit
404380,00-99,BANCO INBURSA S.A.,MX,visa,credit
404381,00-99,E. SUN COMMERCIAL BANK LTD.,TW,visa,credit
404382,00-99,SINGER FINANCE (LANKA) PLC,LK,visa,debit
404383,00-99,ARAB TUNISIAN BANK,TN,visa,credit
404384,00-99,BANCO ATLAS SOCIEDAD ANONIMA,PY,visa,credit
404385,00-99,SOLUTIONS BANK,US,visa,debit
404386,00-99,GLOBAL PAYMENTS MONEYTOPAY EDE S.L.,ES,visa,debit
404387,00-99,GLOBAL PAYMENTS MONEYTOPAY EDE S.L.,ES,visa,debit
404388,00-99,RCB BANK,US,visa,debit
404389,00-99,RCB BANK,US,visa,debit
404390,00-99,MICHIGAN SCHOOLS AND GOVERNMENT CREDIT UNION,US,visa,debit
404391,00-99,1ST SUMMIT BANK,US,visa,credit
404392,00-99,,US,visa,credit
404393,00-99,,NP,visa,debit
404394,00-99,FIREFIGHTERS CREDIT UNION,US,visa,debit
404395,00-99,BANK OF LAKE VILLAGE,US,visa,debit
404396,00-99,THE JEFFERSON BANK,US,visa,debit
404397,00-99,EDUCATIONAL SYSTEMS FEDERAL CREDIT UNION,US,visa,debit
404398,00-99,WELLS FARGO BANK N.A.,US,visa,debit
404399,00-99,BANCO ATLANTIDA S.A.,HN,visa,credit
404400,00-99,CITIZENS NATIONAL BANK AT BROWNWOOD,US,visa,debit
404401,00-99,CREDIT UNION OF DODGE CITY,US,visa,debit
404402,00-99,,US,visa,credit
404403,00-99,CREDIT UNION 1,US,visa,debit
404404,00-99,,US,visa,debit
404405,00-99,MURPHY-WALL STATE BANK AND TRUST COMPANY,US,visa,debit
404406,00-99,,US,visa,credit
404407,00-99,STELLAR BANK,US,visa,debit
404408,00-99,,US,visa,debit
404409,00-99,FIRST CAROLINA BANK,US,visa,debit
404410,00-99,THE CITIZENS STATE BANK OF CHENEY KANSAS,US,visa,debit
404411,00-99,BANK OF MAYSVILLE,US,visa,debit
404412,00-99,MTCU,US,visa,debit
404413,00-99,CASCADE COMMUNITY FEDERAL CREDIT UNION,US,visa,debit
404414,00-99,MOUNTAIN VALLEY BANK N.A.,US,visa,debit
404415,00-99,,US,visa,debit
404416,00-99,MEMBERS COMMUNITY CREDIT UNION,US,visa,debit
404417,00-99,NAVIGANT CREDIT UNION,US,visa,debit
404418,00-99,HERSHEY FEDERAL CREDIT UNION,US,visa,debit
404419,00-99,MAVERICK BANK,US,visa,debit
404420,00-99,EVABANK,US,visa,debit
404421,00-99,SOUTHERN ENERGY CREDIT UNION,US,visa,debit
404422,00-99,AMERICAN HERITAGE BANK,US,visa,debit
404423,00-99,BANK OF IBERIA,US,visa,debit
404424,00-99,,US,visa,credit
404425,00-99,GEORGIA'S OWN CREDIT UNION,US,visa,debit
404426,00-99,CONTECNICA S.A.,GT,visa,credit
404427,00-99,CONTECNICA S.A.,GT,visa,credit
404428,00-99,CONTECNICA S.A.,GT,visa,credit
404429,00-99,ENTERPRISE BANK & TRUST,US,visa,credit
404430,00-99,CONTECNICA S.A.,GT,visa,credit
404431,00-99,CONTECNICA S.A.,GT,visa,credit
404432,00-99,CONTECNICA S.A.,GT,visa,credit
404433,00-99,CONTECNICA S.A.,GT,visa,credit
404434,00-99,CONTECNICA S.A.,GT,visa,credit
404435,00-99,CONTECNICA S.A.,GT,visa,credit
404436,00-99,PT. BANK ICBC INDONESIA,ID,visa,credit
404437,00-99,CONTECNICA S.A.,GT,visa,credit
404438,00-99,CONTECNICA S.A.,GT,visa,credit
404439,00-99,CONTECNICA S.A.,GT,visa,credit
404440,00-99,CONTECNICA S.A.,GT,visa,credit
404441,00-99,THE FIRST NATIONAL BANK OF MIDDLE TENNESSEE,US,visa,debit
404442,00-99,360 FEDERAL CREDIT UNION,US,visa,debit
404443,00-99,REVOLUT LTD.,GB,visa,credit
404444,00-99,FD COMMUNITY FEDERAL CREDIT UNION,US,visa,debit
404445,00-99,HTLF BANK,US,visa,debit
404446,00-99,HTLF BANK,US,visa,debit
404447,00-99,LANDESBANK BERLIN AG,DE,visa,credit
404448,00-99,CENTIER BANK,US,visa,debit
404449,00-99,BANCA MONTE DEI PASCHI DI SIENA S.P.A.,IT,visa,credit
404450,00-99,BANCA MONTE DEI PASCHI DI SIENA S.P.A.,IT,visa,credit
404451,00-99,THE COMMERCIAL BANK OF GRAYSON,US,visa,debit
404452,00-99,FORT DODGE FAMILY CREDIT UNION,US,visa,debit
404453,00-99,THE PERRYTON NATIONAL BANK,US,visa,debit
404454,00-99,HIGH PLAINS BANK,US,visa,debit
404455,00-99,SOUTHERNTRUST BANK,US,visa,debit
404456,00-99,DAVIS TRUST COMPANY,US,visa,debit
404457,00-99,BANCA MONTE DEI PASCHI DI SIENA S.P.A.,IT,visa,credit
404458,00-99,BANCA MONTE DEI PASCHI DI SIENA S.P.A.,IT,visa,credit
404459,00-99,BANCA MONTE DEI PASCHI DI SIENA S.P.A.,IT,visa,credit
404460,00-99,BANCA MONTE DEI PASCHI DI SIENA S.P.A.,IT,visa,credit
404461,00-99,PATHWARD N.A.,US,visa,debit
404462,00-99,CRELAN,BE,visa,credit
404463,00-99,CRELAN,BE,visa,credit
404464,00-99,ICICI BANK LTD.,IN,visa,debit
404465,00-99,ICICI BANK LTD.,IN,visa,debit
404466,00-99,PATHWARD N.A.,US,visa,debit
404467,00-99,PATHWARD N.A.,US,visa,debit
404468,00-99,PATHWARD N.A.,US,visa,debit
404469,00-99,PATHWARD N.A.,US,visa,debit
404470,00-99,INDUSTRIAL AND COMMERCIAL BANK OF CHINA LTD.,CN,visa,credit
404471,00-99,TARJETA NARANJA S.A.,AR,visa,credit
404472,00-99,BANCO DE LA PRODUCCIONS.A. (PRODUBANCO),EC,visa,debit
404473,00-99,BANCO DE LA PRODUCCIONS.A. (PRODUBANCO),EC,visa,debit
404474,00-99,BANCO DE LA PRODUCCIONS.A. (PRODUBANCO),EC,visa,debit
404475,00-99,BANCO DE LA PRODUCCIONS.A. (PRODUBANCO),EC,visa,debit
404476,00-99,BANCO DE LA PRODUCCIONS.A. (PRODUBANCO),EC,visa,debit
404477,00-99,BANCO DE LA PRODUCCIONS.A. (PRODUBANCO),EC,visa,debit
404478,00-99,BANCO DE LA PRODUCCION S.A. (PRODUBANCO),EC,visa,debit
404479,00-99,BANCO GGAL S.A.,AR,visa,debit
404480,00-99,BANCO INTERNACIONAL S.A.,EC,visa,debit
404481,00-99,BANCO DE LA CIUDAD DE BUENOS AIRES,AR,visa,debit
404482,00-99,BANCO DE LA PRODUCCIONS.A. (PRODUBANCO),EC,visa,debit
404483,00-99,BANCO DE LA PRODUCCION S.A. (PRODUBANCO),EC,visa,debit
404484,00-99,GUARDIANS CREDIT UNION,US,visa,debit
404485,00-99,SCOTIABANK DE COSTA RICA S.A.,CR,visa,credit
404486,00-99,SCOTIABANK DE COSTA RICA S.A.,CR,visa,credit
404487,00-99,SCOTIABANK DE COSTA RICA S.A.,CR,visa,credit
404488,00-99,ASOCIACION CIBAO DE AHORROS Y PRESTAMOS,DO,visa,credit
404489,00-99,ASOCIACION CIBAO DE AHORROS Y PRESTAMOS,DO,visa,credit
404490,00-99,ASOCIACION CIBAO DE AHORROS Y PRESTAMOS,DO,visa,credit
404491,00-99,SCOTIABANK DE COSTA RICA S.A.,CR,visa,credit
404492,00-99,THE BANK OF NOVA SCOTIA (PANAMA BRANCH),PA,visa,credit
404493,00-99,THE BANK OF NOVA SCOTIA (PANAMA BRANCH),PA,visa,credit
404494,00-99,SCOTIABANK REPBLICA DOMINICANA S.A. BANCA MULTIPLE,DO,visa,credit
404495,00-99,SCOTIABANK REPBLICA DOMINICANA S.A. BANCA MULTIPLE,DO,visa,credit
404496,00-99,THE BANK OF NOVA SCOTIA (PANAMA BRANCH),PA,visa,credit
404497,00-99,SCOTIABANK REPBLICA DOMINICANA S.A. BANCA MULTIPLE,DO,visa,credit
404498,00-99,THE BANK OF NOVA SCOTIA (PANAMA BRANCH),PA,visa,credit
404499,00-99,BANESCO BANCO MULTIPLE S.A.,DO,visa,debit
404500,00-99,,GT,visa,debit
404501,00-99,UNITED COMMUNITY BANK OF WEST KENTUCKY INC.,US,visa,debit
404502,00-99,WRIGHT-PATT CREDIT UNION INC.,US,visa,credit
404503,00-99,ST. KITTS-NEVIS-ANGUILLA NATIONAL BANK LTD.,KN,visa,debit
404504,00-99,ICBA BANCARD INC.,US,visa,credit
404505,00-99,SPIRITBANK,US,visa,credit
404506,00-99,KEESLER FEDERAL CREDIT UNION,US,visa,debit
404507,00-99,DUPACO COMMUNITY CREDIT UNION,US,visa,credit
404508,00-99,ICBA BANCARD INC.,US,visa,credit
404509,00-99,,US,visa,credit
404510,00-99,BANCO DE LA CIUDAD DE BUENOS AIRES,AR,visa,credit
404511,00-99,,US,visa,debit
404512,00-99,AMERICA FIRST CREDIT UNION,US,visa,debit
404513,00-99,MCKESSON & HEALTHCARE PROVIDERS FEDERAL CREDIT UNION,US,visa,debit
404514,00-99,RIVER TOWN FEDERAL CREDIT UNION,US,visa,debit
404515,00-99,CALIFORNIA COMMUNITY CREDIT UNION,US,visa,debit
404516,00-99,VALLEY FIRST CREDIT UNION,US,visa,debit
404517,00-99,UNIFY FINANCIAL CREDIT UNION,US,visa,debit
404518,00-99,COPPER STATE CREDIT UNION,US,visa,debit
404519,00-99,JPMORGAN CHASE BANK N.A.,US,visa,credit
404520,00-99,UNICRE - INSTITUICAO FINANCEIRA DE CREDITO S.A.,PT,visa,debit
404521,00-99,KEESLER FEDERAL CREDIT UNION,US,visa,credit
404522,00-99,BANKFIRST,US,visa,credit
404523,00-99,,RU,visa,credit
404524,00-99,CARD SERVICES FOR CREDIT UNIONS,US,visa,debit
404525,00-99,TLC FEDERAL CREDIT UNION,US,visa,debit
404526,00-99,,US,visa,debit
404527,00-99,CAPITAL ONE NATIONAL ASSOCIATION,US,visa,credit
404528,00-99,BANK OF THE PLAINS,US,visa,debit
404529,00-99,JPMORGAN CHASE BANK N.A.,US,visa,credit
404530,00-99,CAIXA DE CREDITO AGRICOLA MUTUO DE TORRES VEDRAS C.R.L.,PT,visa,debit
404531,00-99,JPMORGAN CHASE BANK N.A.,US,visa,credit
404532,00-99,FIRST STATE BANK,US,visa,debit
404533,00-99,INTL HDQTRS-CENTER OWNED,US,visa,debit
404534,00-99,INTL HDQTRS-CENTER OWNED,US,visa,debit
404535,00-99,,US,visa,credit
404536,00-99,CONSERVATION EMPLOYEES' CREDIT UNION,US,visa,debit
404537,00-99,PATHWARD N.A.,US,visa,debit
404538,00-99,PRINCIPAL BANK,US,visa,credit
404539,00-99,PRINCIPAL BANK,US,visa,credit
404540,00-99,POPULAR BANK,US,visa,credit
404541,00-99,JPMORGAN CHASE BANK N.A.,US,visa,credit
404542,00-99,UKRAINIAN SELFRELIANCE FEDERAL CREDIT UNION,US,visa,debit
404543,00-99,HARFORD BANK,US,visa,debit
404544,00-99,PRINCIPAL BANK,US,visa,credit
404545,00-99,CEDRUS BANK SAL,LB,visa,debit
404546,00-99,DEUTSCHE BANK AG,DE,visa,credit
404547,00-99,DEUTSCHE BANK AG,DE,visa,credit
404548,00-99,THE BANK OF PRINCETON,US,visa,debit
404549,00-99,ALLIANCE BANK CORPORATION,US,visa,debit
404550,00-99,CORNERCARD UK LTD.,GB,visa,debit
404551,00-99,CITIZENS SAVINGS BANK,US,visa,debit
404552,00-99,DHAKA BANK,BD,visa,credit
404553,00-99,TUCOEMAS FEDERAL CREDIT UNION,US,visa,debit
404554,00-99,REGIONS BANK,US,visa,debit
404555,00-99,CORNERCARD UK LTD.,GB,visa,debit
404556,00-99,ABRI CREDIT UNION,US,visa,debit
404557,00-99,JPMORGAN CHASE BANK N.A.,US,visa,credit
404558,00-99,CORNERCARD UK LTD.,GB,visa,debit
404559,00-99,SELF-HELP CREDIT UNION,US,visa,debit
404560,00-99,MVB BANK INC,US,visa,debit
404561,00-99,GEORGIA'S OWN CREDIT UNION,US,visa,debit
404562,00-99,MVB BANK INC,US,visa,debit
404563,00-99,MVB BANK INC,US,visa,debit
404564,00-99,FAITH CONNECTION FEDERAL CREDIT UNION,US,visa,debit
404565,00-99,THE BANK OF NEVIS LTD.,KN,visa,debit
404566,00-99,CHESSIE FEDERAL CREDIT UNION,US,visa,debit
404567,00-99,CORNERCARD UK LTD.,GB,visa,debit
404568,00-99,SOUTHERN ENERGY CREDIT UNION,US,visa,debit
404569,00-99,APPLE FEDERAL CREDIT UNION,US,visa,debit
404570,00-99,FIRSTRUST SAVINGS BANK,US,visa,debit
404571,00-99,KITSAP CREDIT UNION,US,visa,debit
404572,00-99,WALLIS BANK,US,visa,debit
404573,00-99,BANCO DE VENEZUELA S.A.,VE,visa,credit
404574,00-99,MIAMI FIREFIGHTERS FEDERAL CREDIT UNION,US,visa,debit
404575,00-99,CORNERCARD UK LTD.,GB,visa,debit
404576,00-99,ELGA CREDIT UNION,US,visa,credit
404577,00-99,HYUNDAI CARD COMPANY LTD.,KR,visa,credit
404578,00-99,ADVANTAGE FEDERAL CREDIT UNION,US,visa,debit
404579,00-99,NH COMMUNITY FEDERAL CREDIT UNION,US,visa,debit
404580,00-99,SERVICE CREDIT UNION,US,visa,debit
404581,00-99,GREAT LAKES CREDIT UNION,US,visa,debit
404582,00-99,DBS BANK INDIA LTD.,IN,visa,debit
404583,00-99,CORNERCARD UK LTD.,GB,visa,debit
404584,00-99,SAMBA FINANCIAL GROUP,SA,visa,credit
404585,00-99,,SG,visa,debit
404586,00-99,PUBLIC JOINT-STOCK COMPANY BANK OTKRITIE FINANCIAL CORPORATION,RU,visa,credit
404587,00-99,ECOBANK GHANA LTD.,GH,visa,debit
404588,00-99,STERLING FEDERAL BANK F.S.B.,US,visa,debit
404589,00-99,ADYEN N.V.,US,visa,debit
404590,00-99,CONVERSE BANK CORPORATION,AM,visa,credit
404591,00-99,T.C. ZIRAAT BANKASI A.S.,TR,visa,credit
404592,00-99,JPMORGAN CHASE BANK N.A.,US,visa,credit
404593,00-99,JSCB CENTROCREDIT,RU,visa,debit
404594,00-99,METRO CREDIT UNION,US,visa,debit
404595,00-99,JPMORGAN CHASE BANK N.A.,US,visa,credit
404596,00-99,KINECTA FEDERAL CREDIT UNION,US,visa,debit
404597,00-99,CORAZO CREDIT UNION,US,visa,debit
404598,00-99,MONTEREY COUNTY BANK,US,visa,debit
404599,00-99,JPMORGAN CHASE BANK N.A.,US,visa,credit
404600,00-99,SANTANDER CONSUMER BANK S.P.A.,IT,visa,debit
404601,00-99,TRUIST BANK - CREDIT,US,visa,credit
404602,00-99,TRUIST BANK - CREDIT,US,visa,credit
404603,00-99,NATIONAL COMMERCIAL BANK JAMAICA LTD.,JM,visa,credit
404604,00-99,FIRST MIDWEST BANK,US,visa,credit
404605,00-99,FRANSABANK S.A.L.,LB,visa,credit
404606,00-99,U.S. BANK NATIONAL ASSOCIATION,US,visa,debit
404607,00-99,,US,visa,debit
404608,00-99,PRIME ALLIANCE BANK,US,visa,debit
404609,00-99,COMMUNITY FEDERAL SAVINGS BANK,US,visa,debit
404610,00-99,PACIFIC SERVICE CREDIT UNION,US,visa,credit
404611,00-99,MALAYAN BANKING BERHAD,MY,visa,credit
404612,00-99,TIRANA BANK S.A.,AL,visa,credit
404613,00-99,HYUNDAI CARD COMPANY LTD.,KR,visa,credit
404614,00-99,CAPITAL ONE NATIONAL ASSOCIATION,US,visa,credit
404615,00-99,CAPITAL ONE NATIONAL ASSOCIATION,US,visa,credit
404616,00-99,WRIGHT-PATT CREDIT UNION INC.,US,visa,debit
404617,00-99,JPMORGAN CHASE BANK N.A.,US,visa,credit
404618,00-99,JPMORGAN CHASE BANK N.A.,US,visa,credit
404619,00-99,HYUNDAI CARD COMPANY LTD.,KR,visa,credit
404620,00-99,BGFIBANK RDC SARL,CD,visa,debit
404621,00-99,THE BANCORP BANK NATIONAL ASSOCIATION,US,visa,debit
404622,00-99,BGFIBANK RDC SARL,CD,visa,debit
404623,00-99,JPMORGAN CHASE BANK N.A.,US,visa,credit
404624,00-99,BA MERCHANT SERVICES INC.,US,visa,credit
404625,00-99,BANCO MACRO S.A.,AR,visa,debit
404626,00-99,SECURITYPLUS FEDERAL CREDIT UNION,US,visa,debit
404627,00-99,FRANKLIN BANK & TRUST COMPANY,US,visa,debit
404628,00-99,SOUTH CAROLINA FEDERAL CREDIT UNION,US,visa,debit
404629,00-99,UNIVERSITY OF KENTUCKY FEDERAL CREDIT UNION,US,visa,credit
404630,00-99,BANCO DE VENEZUELA S.A.,VE,visa,credit
404631,00-99,BANCO DE VENEZUELA S.A.,VE,visa,credit
404632,00-99,JOINT STOCK COMPANY OCTOBANK,UZ,visa,debit
404633,00-99,SEYLAN BANK LTD.,LK,visa,credit
404634,00-99,SEA COMM FEDERAL CREDIT UNION,US,visa,credit
404635,00-99,WIDGET FEDERAL CREDIT UNION,US,visa,credit
404636,00-99,PARTNERS FEDERAL CREDIT UNION,US,visa,credit
404637,00-99,JPMORGAN CHASE BANK N.A.,US,visa,credit
404638,00-99,YES BANK LTD.,IN,visa,credit
404639,00-99,TRUIST BANK - CREDIT,US,visa,credit
404640,00-99,TRUIST BANK - CREDIT,US,visa,credit
404641,00-99,TRUIST BANK - CREDIT,US,visa,credit
404642,00-99,TRUIST BANK,US,visa,debit
404643,00-99,BANCO DE VENEZUELA S.A.,VE,visa,credit
404644,00-99,USAA FEDERAL SAVINGS BANK - CREDIT,US,visa,credit
404645,00-99,NORTHERN STATE BANK OF THIEF RIVER FALLS,US,visa,debit
404646,00-99,THE BANCORP BANK NATIONAL ASSOCIATION,US,visa,debit
404647,00-99,PATHWARD N.A.,US,visa,debit
404648,00-99,SAI GON - HA NOI COMMERCIAL JOINT STOCK BANK,VN,visa,debit
404649,00-99,CAPITAL ONE BANK (USA) N.A.,US,visa,credit
404650,00-99,PING AN BANK CO. LTD.,CN,visa,credit
404651,00-99,RBC BANK (USA),US,visa,credit
404652,00-99,YES BANK LTD.,IN,visa,credit
404653,00-99,SECURED ADVANTAGE FEDERAL CREDIT UNION,US,visa,credit
404654,00-99,PATHWARD N.A.,US,visa,debit
404655,00-99,JPMORGAN CHASE BANK N.A.,US,visa,credit
404656,00-99,A.O.D. FEDERAL CREDIT UNION,US,visa,credit
404657,00-99,STATE EMPLOYEES' CREDIT UNION,US,visa,credit
404658,00-99,CITI COMMERCIAL,US,visa,credit
404659,00-99,UNICRE - INSTITUICAO FINANCEIRA DE CREDITO S.A.,PT,visa,debit
404660,00-99,SCOTT STATE BANK,US,visa,credit
404661,00-99,VERMILION VALLEY BANK,US,visa,credit
404662,00-99,,US,visa,credit
404663,00-99,PRIOR LAKE STATE AGENCY,US,visa,debit
404664,00-99,MISSION FEDERAL CREDIT UNION,US,visa,credit
404665,00-99,,US,visa,debit
404666,00-99,PARTNERSHIP FINANCIAL CREDIT UNION,US,visa,credit
404667,00-99,PUBLIC JOINT-STOCK COMPANY BANK OTKRITIE FINANCIAL CORPORATION,RU,visa,credit
404668,00-99,PATHWARD N.A.,US,visa,debit
404669,00-99,BANK OF AMERICA - COMMERCIAL CREDIT,US,visa,credit
404670,00-99,HAZLETON SCHOOL EMPLOYEE'S CREDIT UNION,US,visa,debit
404671,00-99,PASADENA FEDERAL CREDIT UNION,US,visa,credit
404672,00-99,CREDIT UNION 1,US,visa,debit
404673,00-99,FIRST NATIONAL BANK OF OMAHA,US,visa,credit
404674,00-99,FIRST ABU DHABI BANK PJSC,AE,visa,debit
404675,00-99,PATHWARD N.A.,US,visa,debit
404676,00-99,DCB BANK LTD.,IN,visa,debit
404677,00-99,FIRST NATIONAL BANK OF OMAHA,US,visa,credit
404678,00-99,BC CARD COMPANY LTD.,KR,visa,credit
404679,00-99,U.S. BANK N.A.,US,visa,credit
404680,00-99,THE FARMERS & MERCHANTS BANK,US,visa,debit
404681,00-99,LIFECARD CO. LTD.,JP,visa,debit
404682,00-99,WHITE RIVER CREDIT UNION,US,visa,debit
404683,00-99,PORTLAND LOCAL NO. 8 FEDERAL CREDIT UNION,US,visa,debit
404684,00-99,THE BANCORP BANK NATIONAL ASSOCIATION,US,visa,debit
404685,00-99,RIVERMARK COMMUNITY CREDIT UNION,US,visa,debit
404686,00-99,,US,visa,debit
404687,00-99,OHIO VALLEY BANK COMPANY,US,visa,credit
404688,00-99,SUNSET SCIENCE PARK FEDERAL CREDIT UNION,US,visa,debit
404689,00-99,EDUCATION FIRST CREDIT UNION,US,visa,credit
404690,00-99,EDUCATION FIRST CREDIT UNION,US,visa,credit
404691,00-99,GE CAPITAL FINANCIAL INC.,US,visa,credit
404692,00-99,HOUSTON TEXAS FIRE FIGHTERS FEDERAL CREDIT UNION,US,visa,debit
404693,00-99,LIFECARD CO. LTD.,JP,visa,credit
404694,00-99,SECURITY CREDIT UNION,US,visa,credit
404695,00-99,JPMORGAN CHASE BANK N.A.,US,visa,credit
404696,00-99,DOVER FEDERAL CREDIT UNION,US,visa,credit
404697,00-99,ENVISTA FEDERAL CREDIT UNION,US,visa,debit
404698,00-99,SPUR SECURITY BANK,US,visa,debit
404699,00-99,SPUR SECURITY BANK,US,visa,debit
404700,00-99,GLOBAL PAYMENTS MONEYTOPAY EDE S.L.,ES,visa,debit
404701,00-99,VISECA CARD SERVICES S.A.,CH,visa,credit
404702,00-99,VISECA PAYMENT SERVICES SA,CH,visa,credit
404703,00-99,VISECA PAYMENT SERVICES SA,CH,visa,credit
404704,00-99,VISECA PAYMENT SERVICES SA,CH,visa,credit
404705,00-99,VISECA PAYMENT SERVICES SA,CH,visa,credit
404706,00-99,VISECA CARD SERVICES S.A.,CH,visa,credit
404707,00-99,VISECA PAYMENT SERVICES SA,CH,visa,credit
404708,00-99,VISECA PAYMENT SERVICES SA,CH,visa,credit
404709,00-99,ABSA BANK KENYA PLC,KE,visa,credit
404710,00-99,PEOPLES TRUST COMPANY,CA,visa,debit
404711,00-99,CYPRUS FEDERAL CREDIT UNION,US,visa,credit
404712,00-99,FANA SPAREBANK,NO,visa,credit
404713,00-99,FIRST INVESTMENT BANK,BG,visa,credit
404714,00-99,JPMORGAN CHASE BANK N.A.,US,visa,credit
404715,00-99,BANCO UNION S.A.,BO,visa,debit
404716,00-99,BANCO UNION S.A.,BO,visa,debit
404717,00-99,JPMORGAN CHASE BANK N.A.,US,visa,credit
404718,00-99,BANCO UNION S.A.,BO,visa,debit
404719,00-99,BANCO SOLIDARIO S.A. (BANCOSOL S.A.),BO,visa,debit
404720,00-99,WOORI CARD CO. LTD.,KR,visa,credit
404721,00-99,,PK,visa,debit
404722,00-99,HERITAGE BANK LTD.,BZ,visa,credit
404723,00-99,HERITAGE BANK LTD.,BZ,visa,credit
404724,00-99,JPMORGAN CHASE BANK N.A.,US,visa,credit
404725,00-99,,BZ,visa,credit
404726,00-99,HYUNDAI CARD COMPANY LTD.,KR,visa,credit
404727,00-99,SAMSUNG CARD CO. LTD,KR,visa,credit
404728,00-99,SAMSUNG CARD CO. LTD.,KR,visa,credit
404729,00-99,DEVON-CREDIT BANK PJSC,RU,visa,credit
404730,00-99,PUBLIC JOINT-STOCK COMPANY KVANT MOBILE BANK,RU,visa,debit
404731,00-99,THE FIRST NATIONAL BANK OF GORDON,US,visa,debit
404732,00-99,COMMERCE BANK,US,visa,debit
404733,00-99,GETIN NOBLE BANK S.A.,PL,visa,debit
404734,00-99,BANCO FICOHSA NICARAGUA S.A.,NI,visa,credit
404735,00-99,BANCO DE VENEZUELA S.A.,VE,visa,credit
404736,00-99,BANCO DE VENEZUELA S.A.,VE,visa,credit
404737,00-99,ST. KITTS-NEVIS-ANGUILLA NATIONAL BANK LTD.,KN,visa,debit
404738,00-99,SHANGHAI PUDONG DEVELOPMENT BANK,CN,visa,credit
404739,00-99,SHANGHAI PUDONG DEVELOPMENT BANK,CN,visa,credit
404740,00-99,,US,visa,credit
404741,00-99,JPMORGAN CHASE BANK N.A.,US,visa,credit
404742,00-99,BNP PARIBAS BANK POLSKA S.A.,PL,visa,credit
404743,00-99,BANKMUSCAT LTD. (S.A.O.G.),OM,visa,credit
404744,00-99,THE GOVERNOR AND COMPANY OF THE BANK OF IRELAND,IE,visa,credit
404745,00-99,SBI CARDS AND PAYMENT SERVICES LTD.,IN,visa,credit
404746,00-99,JPMORGAN CHASE BANK N.A.,US,visa,credit
404747,00-99,AHLI BANK (S.A.O.G),OM,visa,debit
404748,00-99,SCOTIABANK INVERLAT S.A.,MX,visa,credit
404749,00-99,ALJAZEERA SUDANESE JORDANIAN BANK,SD,visa,debit
404750,00-99,,US,visa,credit
404751,00-99,,US,visa,credit
404752,00-99,,US,visa,credit
404753,00-99,JPMORGAN CHASE BANK N.A.,US,visa,credit
404754,00-99,TINKER FEDERAL CREDIT UNION,US,visa,credit
404755,00-99,PUBLIC JOINT-STOCK COMPANY BANK OTKRITIE FINANCIAL CORPORATION,RU,visa,debit
404756,00-99,PUBLIC JOINT-STOCK COMPANY BANK OTKRITIE FINANCIAL CORPORATION,RU,visa,debit
404757,00-99,PUBLIC JOINT-STOCK COMPANY BANK OTKRITIE FINANCIAL CORPORATION,RU,visa,debit
404758,00-99,OHCB RUS LTD.,RU,visa,debit
404759,00-99,OHCB RUS LTD.,RU,visa,debit
404760,00-99,UNICREDIT BULBANK AD,BG,visa,debit
404761,00-99,UNICREDIT BULBANK A.D.,BG,visa,credit
404762,00-99,CREDIT AGRICOLE DU MAROC S.A.,MA,visa,debit
404763,00-99,UNION INTERNATIONALE DE BANQUES (UIB),TN,visa,credit
404764,00-99,PJSC CB PRAVEX-BANK,UA,visa,debit
404765,00-99,,RU,visa,debit
404766,00-99,,RU,visa,debit
404767,00-99,,RU,visa,debit
404768,00-99,NORTHROP GRUMMAN FEDERAL CREDIT UNION,US,visa,credit
404769,00-99,UNICREDIT BANK CZECH REPUBLIC & SLOVAKIA A.S.,SK,visa,debit
404770,00-99,TIRANA BANK S.A.,AL,visa,credit
404771,00-99,JPMORGAN CHASE BANK N.A.,US,visa,credit
404772,00-99,,US,visa,credit
404773,00-99,JPMORGAN CHASE BANK N.A.,US,visa,credit
404774,00-99,AB CITADELE BANKAS,LV,visa,debit
404775,00-99,UCO BANK,IN,visa,debit
404776,00-99,PT. BANK MAYBANK INDONESIA TBK.,ID,visa,credit
404777,00-99,FIRST COMMERCIAL BANK,TW,visa,credit
404778,00-99,STATE BANK OF INDIA,IN,visa,debit
404779,00-99,IBERCAJA BANCO S.A.,ES,visa,credit
404780,00-99,BANQUE DE I'UNION-COTE D'IVOIRE,CI,visa,debit
404781,00-99,PROCREDIT BANK,UA,visa,debit
404782,00-99,NEPAL INVESTMENT MEGA BANK LTD.,NP,visa,credit
404783,00-99,NATIONAL WESTMINSTER BANK PLC,GB,visa,credit
404784,00-99,KB NS BANK ZAO,RU,visa,debit
404785,00-99,KB NS BANK ZAO,RU,visa,debit
404786,00-99,KB NS BANK ZAO,RU,visa,debit
404787,00-99,BANQUE DE I'UNION-COTE D'IVOIRE,CI,visa,debit
404788,00-99,,US,visa,debit
404789,00-99,,US,visa,debit
404790,00-99,GETIN NOBLE BANK S.A.,PL,visa,credit
404791,00-99,GETIN NOBLE BANK S.A.,PL,visa,credit
404792,00-99,VISECA PAYMENT SERVICES SA,CH,visa,credit
404793,00-99,VISECA PAYMENT SERVICES SA,CH,visa,debit
404794,00-99,JPMORGAN CHASE BANK N.A.,US,visa,credit
404795,00-99,HOPEWELL FEDERAL CREDIT UNION,US,visa,debit
404796,00-99,HOPEWELL FEDERAL CREDIT UNION,US,visa,credit
404797,00-99,HOPEWELL FEDERAL CREDIT UNION,US,visa,credit
404798,00-99,CORIS BANK INTERNATIONAL - SENEGAL,GW,visa,debit
404799,00-99,,US,visa,credit
404800,00-99,JSCB INVEST FINANCE BANK,UZ,visa,credit
404801,00-99,WILSON & MUIR BANK & TRUST COMPANY,US,visa,debit
404802,00-99,YOOMONEY NBCO LLC,RU,visa,debit
404803,00-99,BC CARD COMPANY LTD.,KR,visa,credit
404804,00-99,BAYVANGUARD BANK,US,visa,debit
404805,00-99,ROANOKE VALLEY COMMUNITY CREDIT UNION,US,visa,debit
404806,00-99,KB KOOKMIN CARD CO. LTD.,KR,visa,credit
404807,00-99,AO RAIFFEISENBANK,RU,visa,debit
404808,00-99,BANCO BOLIVARIANO C.A.,EC,visa,credit
404809,00-99,YAPI VE KREDI BANKASI A.S.,TR,visa,credit
404810,00-99,THE FARMERS BANK FRANKFORT INDIANA,US,visa,debit
404811,00-99,BC CARD COMPANY LTD.,KR,visa,credit
404812,00-99,BC CARD COMPANY LTD.,KR,visa,credit
404813,00-99,ENTERPRISE BANK,US,visa,debit
404814,00-99,JPMORGAN CHASE BANK N.A.,US,visa,credit
404815,00-99,TRUIST BANK,US,visa,debit
404816,00-99,TRUIST BANK - CREDIT,US,visa,credit
404817,00-99,TRUIST BANK - CREDIT,US,visa,credit
404818,00-99,TRUIST BANK,US,visa,debit
404819,00-99,PROCREDIT BANK,UA,visa,debit
404820,00-99,BC CARD COMPANY LTD.,KR,visa,credit
404821,00-99,BC CARD,KR,visa,credit
404822,00-99,UMB BANK NATIONAL ASSOCIATION,US,visa,debit
404823,00-99,BC CARD COMPANY LTD.,KR,visa,credit
404824,00-99,QUAINT OAK BANK,US,visa,debit
404825,00-99,HANA CARD,KR,visa,credit
404826,00-99,JPMORGAN CHASE BANK N.A.,US,visa,credit
404827,00-99,BC CARD,KR,visa,credit
404828,00-99,QUAINT OAK BANK,US,visa,debit
404829,00-99,ECOBANK ZAMBIA LTD.,ZM,visa,credit
404830,00-99,BANCO MULTIPLE PROMERICA DE LA REPUBLICA DOMINICANA S.A.,DO,visa,credit
404831,00-99,BANCO MULTIPLE PROMERICA DE LA REPUBLICA DOMINICANA S.A.,DO,visa,credit
404832,00-99,BANCO DE DESARROLLO RURAL S.A. BANRURAL,GT,visa,credit
404833,00-99,,US,visa,debit
404834,00-99,FEDERAL,IN,visa,debit
404835,00-99,AXIS BANK LTD.,IN,visa,credit
404836,00-99,BANCO POPULAR PORTUGAL S.A.,PT,visa,debit
404837,00-99,BANCO DINERS CLUB DEL ECUADOR S.A.,EC,visa,credit
404838,00-99,BANCO DINERS CLUB DEL ECUADOR S.A.,EC,visa,credit
404839,00-99,BANCO DINERS CLUB DEL ECUADOR S.A.,EC,visa,credit
404840,00-99,BANCO DINERS CLUB DEL ECUADOR S.A.,EC,visa,credit
404841,00-99,YOOMONEY NBCO LLC,RU,visa,debit
404842,00-99,BANK OF SCOTLAND PLC,GB,visa,credit
404843,00-99,BANCO DE DESARROLLO RURAL S.A. BANRURAL,GT,visa,credit
404844,00-99,CHELINDBANK,RU,visa,credit
404845,00-99,VALLEY BANK OF KALISPELL,US,visa,debit
404846,00-99,JPMORGAN CHASE BANK N.A.,US,visa,credit
404847,00-99,CREDIT LIBANAIS S.A.L.,LB,visa,credit
404848,00-99,FIRST FEDERAL BANK OF LOUISIANA,US,visa,credit
404849,00-99,BANCO EXTERIOR C.A.,VE,visa,credit
404850,00-99,BANQUE MISR,EG,visa,debit
404851,00-99,BANCO ATLAS SOCIEDAD ANONIMA,PY,visa,credit
404852,00-99,BANCO PROMERICA S.A.,SV,visa,credit
404853,00-99,SAFE CREDIT UNION,US,visa,credit
404854,00-99,BANCO DE LA PROVINCIA DE BUENOS AIRES,AR,visa,debit
404855,00-99,BANK OF NEVIS LTD.,KN,visa,credit
404856,00-99,GLOBAL PAYMENTS MONEYTOPAY EDE S.L.,AT,visa,debit
404857,00-99,GLOBAL PAYMENTS MONEYTOPAY EDE S.L.,AT,visa,debit
404858,00-99,,PT,visa,debit
404859,00-99,,PT,visa,debit
404860,00-99,SELYANSKIY COMMERCIAL BANK DNISTER,UA,visa,debit
404861,00-99,BANQUE SAUDI FRANSI,SA,visa,credit
404862,00-99,PJSC ROSBANK,RU,visa,debit
404863,00-99,PJSC ROSBANK,RU,visa,debit
404864,00-99,BANCO SANTANDER PORTUGAL,PT,visa,credit
404865,00-99,BANCO SANTANDER PORTUGAL,PT,visa,debit
404866,00-99,INTERPAYMENT SERVICES LTD.,ZA,visa,debit
404867,00-99,UNICREDIT BANK A.D. BANJA LUKA,BA,visa,credit
404868,00-99,UNICREDIT BANK A.D. BANJA LUKA,BA,visa,debit
404869,00-99,CAIXA ECONOMICA FEDERAL,BR,visa,credit
404870,00-99,BANGKOK BANK PUBLIC CO. LTD.,TH,visa,credit
404871,00-99,BANGKOK BANK PUBLIC CO. LTD.,TH,visa,credit
404872,00-99,BANGKOK BANK PUBLIC CO. LTD.,TH,visa,credit
404873,00-99,BANGKOK BANK PUBLIC CO. LTD.,TH,visa,credit
404874,00-99,BANGKOK BANK PUBLIC CO. LTD.,TH,visa,credit
404875,00-99,BANGKOK BANK PUBLIC CO. LTD.,TH,visa,credit
404876,00-99,BANGKOK BANK PUBLIC CO. LTD.,TH,visa,credit
404877,00-99,LLC BANK FAMILNY,UA,visa,debit
404878,00-99,LLC BANK FAMILNY,UA,visa,debit
404879,00-99,LLC BANK FAMILNY,UA,visa,debit
404880,00-99,ARAB BANK PLC,JO,visa,debit
404881,00-99,UKRAINIAN INNOVATION BANK (UKRINBANK),UA,visa,debit
404882,00-99,MULTIBANK INC.,PA,visa,credit
404883,00-99,MULTIBANK INC.,PA,visa,credit
404884,00-99,MULTIBANK INC.,PA,visa,credit
404885,00-99,AO RAIFFEISENBANK,RU,visa,credit
404886,00-99,BANQUE DE DAKAR,SN,visa,debit
404887,00-99,RABOBANK AUSTRALIA LTD.,AU,visa,debit
404888,00-99,JPMORGAN CHASE BANK N.A.,US,visa,credit
404889,00-99,DANSKE BANK AS DANMARKSVERIGE FILIAL,SE,visa,credit
404890,00-99,BANQUE DE DAKAR,SN,visa,debit
404891,00-99,PJSC ROSBANK,RU,visa,debit
404892,00-99,PJSC ROSBANK,RU,visa,debit
404893,00-99,PJSC ROSBANK,RU,visa,debit
404894,00-99,STANDARD CHARTERED BANK,BW,visa,debit
404895,00-99,BANK 21,US,visa,debit
404896,00-99,BANQUE MISR,EG,visa,debit
404897,00-99,OZARK BANK,US,visa,debit
404898,00-99,ME BANKING,US,visa,debit
404899,00-99,,US,visa,debit
404900,00-99,HANCOCK WHITNEY BANK,US,visa,debit
404901,00-99,DCS CARD CENTRE PTE. LTD.,SG,visa,credit
404902,00-99,,CH,visa,credit
404903,00-99,BANCO INBURSA S.A.,MX,visa,credit
404904,00-99,BANCO SOL S.A.R.L.,AO,visa,debit
404905,00-99,UNITED BANK FOR AFRICA PLC,NG,visa,credit
404906,00-99,PUBLIC JOINT-STOCK COMPANY PROMSVYAZBANK,RU,visa,debit
404907,00-99,OJSC NORDEA BANK,RU,visa,credit
404908,00-99,PATHWAYS FINANCIAL CREDIT UNION INC,US,visa,debit
404909,00-99,,RU,visa,credit
404910,00-99,COMPARTAMOS FINANCIERA S.A.,PE,visa,debit
404911,00-99,LANGLEY FEDERAL CREDIT UNION,US,visa,debit
404912,00-99,PROCREDIT BANK D.D.,BA,visa,credit
404913,00-99,JPMORGAN CHASE BANK N.A.,US,visa,credit
404914,00-99,,US,visa,credit
404915,00-99,PROCREDIT BANK LTD.,XK,visa,debit
404916,00-99,INDEPENDENT BANK,US,visa,debit
404917,00-99,TRANSCORP INTERNATIONAL LTD.,IN,visa,debit
404918,00-99,PACIFIC WESTERN BANK,US,visa,debit
404919,00-99,BOUBYAN BANK K.S.C.,KW,visa,debit
404920,00-99,ECOBANK COTE DIVOIRE,CI,visa,debit
404921,00-99,NLB BANKA,ME,visa,credit
404922,00-99,POLISH & SLAVIC FEDERAL CREDIT UNION,US,visa,credit
404923,00-99,POLISH & SLAVIC FEDERAL CREDIT UNION,US,visa,credit
404924,00-99,,ZA,visa,debit
404925,00-99,,RU,visa,debit
404926,00-99,JSCB NADRA BANK,UA,visa,credit
404927,00-99,PORTIGON AGL,DE,visa,credit
404928,00-99,FLOWERS NATIONAL BANK,US,visa,credit
404929,00-99,DZ BANK AG,DE,visa,credit
404930,00-99,OCEANIC BANK INTERNATIONAL (NIGERIA) PLC,NG,visa,debit
404931,00-99,FINANCIA CREDIT S.A.,PA,visa,credit
404932,00-99,JSC HOME CREDIT BANK,KZ,visa,debit
404933,00-99,HYUNDAI CARD COMPANY LTD.,KR,visa,credit
404934,00-99,EUROBANK S.A.,GR,visa,credit
404935,00-99,JSCB INVEST FINANCE BANK,UZ,visa,credit
404936,00-99,THE FARMERS & MERCHANTS BANK,US,visa,debit
404937,00-99,JPMORGAN CHASE BANK N.A.,US,visa,credit
404938,00-99,BANCO NACIONAL DE MEXICO S.A.,MX,visa,debit
404939,00-99,,RU,visa,debit
404940,00-99,BANK OF QUEENSLAND LTD.,AU,visa,debit
404941,00-99,BANCO MERCANTIL SANTA CRUZ S.A.,BO,visa,credit
404942,00-99,BANCO MERCANTIL SANTA CRUZ S.A.,BO,visa,debit
404943,00-99,BANCO MERCANTIL SANTA CRUZ S.A.,BO,visa,credit
404944,00-99,BANCO MERCANTIL SANTA CRUZ S.A.,BO,visa,credit
404945,00-99,,US,visa,credit
404946,00-99,LIFECARD CO. LTD.,JP,visa,debit
404947,00-99,HYUNDAI CARD COMPANY LTD.,KR,visa,credit
404948,00-99,ITAU UNIBANCO HOLDING S.A.,BR,visa,credit
404949,00-99,ARAB NATIONAL BANK,SA,visa,credit
404950,00-99,BANK AUDI SAL,LB,visa,credit
404951,00-99,BANQUE MAROCAINE DU COMMERCE EXTERIEUR,MA,visa,debit
404952,00-99,TURKIYE FINANS KATILIM BANKASI A.S.,TR,visa,credit
404953,00-99,AMERICAN HERITAGE BANK,US,visa,debit
404954,00-99,PACIFIC PREMIER BANK,US,visa,debit
404955,00-99,SECURITY BANK,US,visa,debit
404956,00-99,ECOBANK,TZ,visa,debit
404957,00-99,CROSS KEYS BANK,US,visa,debit
404958,00-99,CROSS KEYS BANK,US,visa,debit
404959,00-99,CROSS KEYS BANK,US,visa,debit
404960,00-99,NASSAU FINANCIAL FEDERAL CREDIT UNION,US,visa,debit
404961,00-99,,US,visa,credit
404962,00-99,THE BANCORP BANK NATIONAL ASSOCIATION,US,visa,debit
404963,00-99,PATHWARD N.A.,US,visa,debit
404964,00-99,CHARTWAY FEDERAL CREDIT UNION,US,visa,debit
404965,00-99,CORTRUST BANK NATIONAL ASSOCIATION,US,visa,credit
404966,00-99,AFFINITY FEDERAL CREDIT UNION,US,visa,credit
404967,00-99,CMC-FCPI EMPLOYEES FEDERAL CREDIT UNION,US,visa,debit
404968,00-99,ALCOA COMMUNITY FEDERAL CREDIT UNION,US,visa,credit
404969,00-99,BRIDGE CREDIT UNION INC.,US,visa,credit
404970,00-99,BANK OF SCOTLAND PLC,GB,visa,credit
404971,00-99,BANK OF SCOTLAND PLC,GB,visa,credit
404972,00-99,BANK OF SCOTLAND PLC,GB,visa,credit
404973,00-99,FOX COMMUNITIES CREDIT UNION,US,visa,debit
404974,00-99,GCS FEDERAL CREDIT UNION,US,visa,debit
404975,00-99,KUWAIT INTERNATIONAL BANK,KW,visa,debit
404976,00-99,HERITAGE FAMILY CREDIT UNION,US,visa,credit
404977,00-99,SHAZAM INC.,US,visa,credit
404978,00-99,HONG LEONG BANK BERHAD,MY,visa,credit
404979,00-99,EXCEL FEDERAL CREDIT UNION,US,visa,credit
404980,00-99,BANCO NACIONAL DE COSTA RICA,CR,visa,debit
404981,00-99,GERMAN AMERICAN BANK,US,visa,debit
404982,00-99,PNC BANK NATIONAL ASSOCIATION - CONSUMER CREDIT,US,visa,credit
404983,00-99,BUSINESS & INDUSTRIAL FEDERAL CREDIT UNION,US,visa,debit
404984,00-99,PNC BANK NATIONAL ASSOCIATION - CONSUMER CREDIT,US,visa,credit
404985,00-99,FIREFIGHTERS CREDIT UNION,US,visa,debit
404986,00-99,FARMERS BANK & TRUST,US,visa,debit
404987,00-99,BANCO PICHINCHA S.A.,CO,visa,debit
404988,00-99,BANK POLSKIEJ SPOLDZIELCZOSCI S.A.,PL,visa,debit
404989,00-99,THE KARUR VYSYA BANK LTD.,IN,visa,debit
404990,00-99,DENIZBANK A.S.,TR,visa,debit
404991,00-99,FRONTWAVE CREDIT UNION,US,visa,credit
404992,00-99,HOLCOMB BANK,US,visa,debit
404993,00-99,HORIZON BANK SSB,US,visa,debit
404994,00-99,BANQUE MISR,EG,visa,debit
404995,00-99,SOUTHTRUST BANK N.A.,US,visa,debit
404996,00-99,NEWTOWN SAVINGS BANK,US,visa,debit
404997,00-99,THE NEW WASHINGTON STATE BANK,US,visa,debit
404998,00-99,JPMORGAN CHASE BANK N.A.,US,visa,credit
404999,00-99,BANK OF IBERIA,US,visa,debit
405000,00-99,ITS BANK,US,visa,credit
405001,00-99,ITS BANK,US,visa,credit
405002,00-99,ITS BANK,US,visa,credit
405003,00-99,MVB BANK INC,US,visa,debit
405004,00-99,KRUNGSRIAYUDHYA CARD CO. LTD.,KH,visa,debit
405005,00-99,SECURITY FIRST BANK OF NORTH DAKOTA,US,visa,debit
405006,00-99,JPMORGAN CHASE BANK N.A.,US,visa,credit
405007,00-99,PHNOM PENH COMMERCIAL BANK,KH,visa,credit
405008,00-99,SERVICE CREDIT UNION,US,visa,debit
405009,00-99,CANADIA BANK PUBLIC LIMITED COMPANY,KH,visa,debit
405010,00-99,YOUNG AMERICANS BANK,US,visa,debit
405011,00-99,ARAB ISLAMIC BANK,PS,visa,debit
405012,00-99,PHNOM PENH COMMERCIAL BANK,KH,visa,credit
405013,00-99,AVENIR FINANCIAL FEDERAL CREDIT UNION,US,visa,debit
405014,00-99,TRANSPORTATION ALLIANCE BANK INC. D/B/A TAB BANK,US,visa,credit
405015,00-99,WALLED LAKE SCHOOLS FEDERAL CREDIT UNION,US,visa,debit
405016,00-99,TMBTHANACHART BANK PUBLIC COMPANY LTD.,TH,visa,credit
405017,00-99,PRIORITY ONE CREDIT UNION OF FLORIDA,US,visa,debit
405018,00-99,FARMERS BANK,US,visa,credit
405019,00-99,LAXMI SUNRISE BANK LTD.,NP,visa,credit
405020,00-99,YOUR CHOICE FEDERAL CREDIT UNION,US,visa,credit
405021,00-99,BANK OF AYUDHYA PUBLIC COMPANY LTD.,TH,visa,debit
405022,00-99,BANCO PROMERICA S.A.,GT,visa,debit
405023,00-99,YES BANK LTD.,IN,visa,credit
405024,00-99,PEOPLES TRUST COMPANY,CA,visa,debit
405025,00-99,BANCO POPULAR DE PUERTO RICO,PR,visa,debit
405026,00-99,WELLS FARGO BANK N.A.,US,visa,debit
405027,00-99,ALLIANCE CREDIT UNION OF FLORIDA,US,visa,debit
405028,00-99,HDFC BANK LTD.,IN,visa,credit
405029,00-99,GAF LINDEN EMPLOYEES FEDERAL CREDIT UNION,US,visa,debit
405030,00-99,FIDELITY BANK PLC,NG,visa,debit
405031,00-99,METABANK,US,visa,debit
405032,00-99,BANK47,US,visa,debit
405033,00-99,COMMUNITY BANK AND TRUST - ALABAMA,US,visa,debit
405034,00-99,ASPEN FEDERAL CREDIT UNION,US,visa,credit
405035,00-99,WELLS FARGO BANK N.A.,US,visa,debit
405036,00-99,TAMILNAD MERCANTILE BANK LTD.,IN,visa,debit
405037,00-99,JPMORGAN CHASE BANK N.A.,US,visa,credit
405038,00-99,JPMORGAN CHASE BANK N.A.,US,visa,credit
405039,00-99,BANQUE MAROCAINE POUR LE COMMERCE ET L'INDUSTRIE,MA,visa,debit
405040,00-99,WELLS FARGO BANK N.A.,US,visa,credit
405041,00-99,JPMORGAN CHASE BANK N.A.,US,visa,credit
405042,00-99,HABIB BANK LTD.,AE,visa,debit
405043,00-99,DRUMMOND COMMUNITY BANK,US,visa,debit
405044,00-99,COMMUNITY BANK AND TRUST - WEST GEORGIA,US,visa,debit
405045,00-99,LEADERS CREDIT UNION,US,visa,credit
405046,00-99,PERU FEDERAL SAVINGS BANK,US,visa,debit
405047,00-99,FOUR SEASONS FEDERAL CREDIT UNION,US,visa,debit
405048,00-99,HABIB BANK LTD.,AE,visa,debit
405049,00-99,EASTMAN CREDIT UNION,US,visa,credit
405050,00-99,NATIONAL BANK OF GREECE S.A.,GR,visa,debit
405051,00-99,TURKIYE GARANTI BANKASI A. S.,TR,visa,debit
405052,00-99,ALELO S.A.,BR,visa,debit
405053,00-99,ALELO S.A.,BR,visa,debit
405054,00-99,ALELO S.A.,BR,visa,debit
405055,00-99,ALELO S.A.,BR,visa,debit
405056,00-99,,AT,visa,debit
405057,00-99,BANQUE SAUDI FRANSI,SA,visa,credit
405058,00-99,TAISHIN INTERNATIONAL BANK,TW,visa,credit
405059,00-99,TAISHIN INTERNATIONAL BANK,TW,visa,credit
405060,00-99,SOCIETE GENERALE ALGERIE - SPA,DZ,visa,debit
405061,00-99,BUSEY BANK,US,visa,credit
405062,00-99,ASOCIACION GREMIAL DE INSTITUCIONES FINANCIERAS - CREDIBANCO,CO,visa,debit
405063,00-99,WELLS FARGO BANK N.A.,US,visa,credit
405064,00-99,EKATERINBURG MUNICIPAL BANK,RU,visa,debit
405065,00-99,EKATERINBURG MUNICIPAL BANK,RU,visa,debit
405066,00-99,EKATERINBURG MUNICIPAL BANK,RU,visa,debit
405067,00-99,LIVERPOOL PC S.A. DE C.V.,MX,visa,credit
405068,00-99,BANQUE DE CREDIT DE BUJUMBURA (BCB),BI,visa,debit
405069,00-99,HABIB BANK LTD.,AE,visa,debit
405070,00-99,EDUCATION PERSONNEL FEDERAL CREDIT UNION,US,visa,debit
405071,00-99,SANTANDER RIO,AR,visa,credit
405072,00-99,ARBOR FINANCIAL CREDIT UNION,US,visa,credit
405073,00-99,SIGNATURE BANK,US,visa,debit
405074,00-99,SIGNATURE BANK,US,visa,debit
405075,00-99,SIGNATURE BANK,US,visa,debit
405076,00-99,DEPARTMENT OF THE INTERIOR FEDERAL CREDIT UNION,US,visa,debit
405077,00-99,TOWN AND COUNTRY BANK,US,visa,debit
405078,00-99,WELLS FARGO BANK N.A.,US,visa,credit
405079,00-99,S&T BANK,US,visa,debit
405080,00-99,SYNOVUS FINANCIAL CORPORATION,US,visa,credit
405081,00-99,SYNOVUS FINANCIAL CORPORATION,US,visa,credit
405082,00-99,SOUTHEAST ASIA COMMERCIAL JOINT STOCK BANK,VN,visa,debit
405083,00-99,WELLS FARGO BANK N.A.,US,visa,credit
405084,00-99,BANK ISLAM BRUNEI DARUSSALAM BERHAD,BN,visa,debit
405085,00-99,BANK OF AMERICA NATIONAL ASSOCIATION,US,visa,credit
405086,00-99,BANK OF AMERICA - CONSUMER CREDIT,US,visa,credit
405087,00-99,JPMORGAN CHASE BANK N.A.,US,visa,credit
405088,00-99,,US,visa,credit
405089,00-99,FAULU MICROFINANCE BANK LTD.,KE,visa,debit
405090,00-99,TURKIYE GARANTI BANKASI A. S.,TR,visa,debit
405091,00-99,KLARNA BANK AB,SE,visa,credit
405092,00-99,BELCO COMMUNITY CREDIT UNION,US,visa,credit
405093,00-99,WELLS FARGO BANK N.A.,US,visa,debit
405094,00-99,FAMILY FIRST CREDIT UNION,US,visa,debit
405095,00-99,OREGON STATE CREDIT UNION,US,visa,debit
405096,00-99,,US,visa,debit
405097,00-99,THE CECILIAN BANK,US,visa,debit
405098,00-99,THE CECILIAN BANK,US,visa,debit
405099,00-99,GOVERNMENTAL EMPLOYEES CREDIT UNION,US,visa,debit
405100,00-99,DBS BANK INDIA LTD.,IN,visa,debit
405101,00-99,,UY,visa,debit
405102,00-99,,US,visa,credit
405103,00-99,,US,visa,debit
405104,00-99,INTL HDQTRS-CENTER OWNED,US,visa,credit
405105,00-99,JOINT-STOCK COMMERCIAL BANK PRIMORYE,RU,visa,credit
405106,00-99,INTL HDQTRS-CENTER OWNED,RU,visa,debit
405107,00-99,,EG,visa,credit
405108,00-99,INTL HDQTRS-CENTER OWNED,EG,visa,credit
405109,00-99,,US,visa,credit
405110,00-99,,US,visa,credit
405111,00-99,,US,visa,credit
405112,00-99,,US,visa,credit
405113,00-99,,LK,visa,credit
405114,00-99,INTL HDQTRS-CENTER OWNED,LK,visa,credit
405115,00-99,,GR,visa,credit
405116,00-99,INTL HDQTRS-CENTER OWNED,GR,visa,credit
405117,00-99,,FR,visa,credit
405118,00-99,,US,visa,credit
405119,00-99,,CA,visa,credit
405120,00-99,,BR,visa,credit
405121,00-99,,US,visa,credit
405122,00-99,,US,visa,credit
405123,00-99,,US,visa,credit
405124,00-99,,US,visa,credit
405125,00-99,,US,visa,credit
405126,00-99,,US,visa,credit
405127,00-99,,US,visa,credit
405128,00-99,,US,visa,credit
405129,00-99,,US,visa,credit
405130,00-99,,US,visa,credit
405131,00-99,,US,visa,credit
405132,00-99,,US,visa,credit
405133,00-99,,GB,visa,credit
405134,00-99,,US,visa,credit
405135,00-99,,US,visa,credit
405136,00-99,,US,visa,credit
405137,00-99,,US,visa,credit
405138,00-99,,US,visa,credit
405139,00-99,,US,visa,credit
405140,00-99,,US,visa,credit
405141,00-99,,US,visa,credit
405142,00-99,INTL HDQTRS-CENTER OWNED,PE,visa,debit
405143,00-99,,US,visa,credit
405144,00-99,INTL HDQTRS-CENTER OWNED,HU,visa,debit
405145,00-99,ARAB NATIONAL BANK,SA,visa,credit
405146,00-99,INTL HDQTRS-CENTER OWNED,SA,visa,debit
405147,00-99,,US,visa,credit
405148,00-99,INTL HDQTRS-CENTER OWNED,TR,visa,debit
405149,00-99,,US,visa,credit
405150,00-99,,US,visa,credit
405151,00-99,,DO,visa,debit
405152,00-99,,US,visa,credit
405153,00-99,ABBYBANK,US,visa,debit
405154,00-99,UNITED CREDIT UNION,US,visa,credit
405155,00-99,BANK OF MILLBROOK,US,visa,debit
405156,00-99,,US,visa,credit
405157,00-99,,US,visa,credit
405158,00-99,,US,visa,credit
405159,00-99,,US,visa,credit
405160,00-99,,US,visa,credit
405161,00-99,,PH,visa,debit
405162,00-99,INTL HDQTRS-CENTER OWNED,MG,visa,debit
405163,00-99,AFG BANK MADAGASCAR S.A.,MG,visa,debit
405164,00-99,INTL HDQTRS-CENTER OWNED,NG,visa,debit
405165,00-99,GUARANTY TRUST BANK LTD.,NG,visa,credit
405166,00-99,INTL HDQTRS-CENTER OWNED,PL,visa,credit
405167,00-99,,PL,visa,credit
405168,00-99,INTL HDQTRS-CENTER OWNED,CO,visa,credit
405169,00-99,,CO,visa,credit
405170,00-99,INTL HDQTRS-CENTER OWNED,JP,visa,credit
405171,00-99,VISA INTERNATIONAL SERVICE ASSOCIATION,JP,visa,credit
405172,00-99,INTL HDQTRS-CENTER OWNED,US,visa,debit
405173,00-99,,US,visa,credit
405174,00-99,INTL HDQTRS-CENTER OWNED,NO,visa,debit
405175,00-99,,US,visa,credit
405176,00-99,INTL HDQTRS-CENTER OWNED,GI,visa,debit
405177,00-99,INTL HDQTRS-CENTER OWNED,US,visa,credit
405178,00-99,INTL HDQTRS-CENTER OWNED,UZ,visa,debit
405179,00-99,JOINT STOCK COMPANY OCTOBANK,UZ,visa,debit
405180,00-99,INTL HDQTRS-CENTER OWNED,JP,visa,credit
405181,00-99,,US,visa,credit
405182,00-99,INTL HDQTRS-CENTER OWNED,CZ,visa,debit
405183,00-99,,US,visa,credit
405184,00-99,INTL HDQTRS-CENTER OWNED,US,visa,debit
405185,00-99,,IT,visa,credit
405186,00-99,INTL HDQTRS-CENTER OWNED,US,visa,debit
405187,00-99,,US,visa,credit
405188,00-99,INTL HDQTRS-CENTER OWNED,US,visa,debit
405189,00-99,,US,visa,credit
405190,00-99,INTL HDQTRS-CENTER OWNED,ZW,visa,debit
405191,00-99,UNION BANK OF THE PHILIPPINES,PH,visa,credit
405192,00-99,INTL HDQTRS-CENTER OWNED,PH,visa,debit
405193,00-99,,DE,visa,credit
405194,00-99,INTL HDQTRS-CENTER OWNED,US,visa,credit
405195,00-99,,US,visa,credit
405196,00-99,,US,visa,credit
405197,00-99,,US,visa,credit
405198,00-99,INTL HDQTRS-CENTER OWNED,US,visa,credit
405199,00-99,,US,visa,credit
405200,00-99,UNICAJA BANCO S.A,ES,visa,debit
405201,00-99,AFRICAN BANK LTD.,ZA,visa,credit
405202,00-99,MEMBERS FIRST OF MARYLAND FEDERAL CREDIT UNION,US,visa,debit
405203,00-99,BC CARD COMPANY LTD.,KR,visa,credit
405204,00-99,YES BANK LTD.,IN,visa,credit
405205,00-99,PENN FEDERAL CREDIT UNION,US,visa,credit
405206,00-99,PATHWARD N.A.,US,visa,debit
405207,00-99,NATIONAL FEDERATION OF FISHERIES COOPERATIVES,KR,visa,credit
405208,00-99,OBOSBANKEN AS,NO,visa,debit
405209,00-99,OBOSBANKEN A.S.,NO,visa,debit
405210,00-99,YES BANK LTD.,IN,visa,credit
405211,00-99,TOLLESON PRIVATE BANK,US,visa,debit
405212,00-99,LBS FINANCIAL CREDIT UNION,US,visa,debit
405213,00-99,FINANCIAL TRUST FEDERAL CREDIT UNION,US,visa,debit
405214,00-99,KOTAK MAHINDRA BANK LTD.,IN,visa,debit
405215,00-99,WWW.MYPREPAID.INFO ISSUED BY METABANK,US,visa,debit
405216,00-99,SRPSKA BANKA A.D. BEOGRAD,RS,visa,credit
405217,00-99,BANCO COOPERATIVO ESPANOL S.A.,ES,visa,debit
405218,00-99,PNC BANK NATIONAL ASSOCIATION - CONSUMER CREDIT,US,visa,credit
405219,00-99,CITI COMMERCIAL,US,visa,credit
405220,00-99,WOORI CARD CO. LTD.,KR,visa,credit
405221,00-99,COMMONWEALTH BANK OF AUSTRALIA,AU,visa,credit
405222,00-99,NOVA BANJALUCKA BANKA A.D.,BA,visa,credit
405223,00-99,RAIFFEISEN BANK S.A.,RO,visa,credit
405224,00-99,RAIFFEISEN BANK S.A.,RO,visa,credit
405225,00-99,ASPEN FEDERAL CREDIT UNION,US,visa,credit
405226,00-99,PUBLIC JOINT-STOCK COMPANY BANK OTKRITIE FINANCIAL CORPORATION,RU,visa,debit
405227,00-99,OCBC BANK (HONG KONG) LTD.,HK,visa,credit
405228,00-99,BANK FORWARD,US,visa,debit
405229,00-99,,NP,visa,debit
405230,00-99,PRABHU BANK LTD.,NP,visa,debit
405231,00-99,,NP,visa,credit
405232,00-99,OCBC BANK (MACAU) LTD.,MO,visa,debit
405233,00-99,JS CREDIT AND INSURANCE BANK KS BANK,RU,visa,debit
405234,00-99,TEXAS CAPITAL BANK,US,visa,credit
405235,00-99,UNICREDIT BANK CZECH REPUBLIC & SLOVAKIA A.S.,CZ,visa,debit
405236,00-99,UNICREDIT BANK CZECH REPUBLIC & SLOVAKIA A.S.,SK,visa,debit
405237,00-99,JPMORGAN CHASE BANK N.A.,US,visa,credit
405238,00-99,BANK OF INDIA,IN,visa,debit
405239,00-99,HYPO ALPE-ADRIA-BANK A.D.,BA,visa,debit
405240,00-99,HYPO ALPE-ADRIA-BANK A.D.,BA,visa,credit
405241,00-99,SRPSKA BANKA A.D. BEOGRAD,RS,visa,debit
405242,00-99,SRPSKA BANKA A.D. BEOGRAD,RS,visa,debit
405243,00-99,SRPSKA BANKA A.D. BEOGRAD,RS,visa,debit
405244,00-99,SRPSKA BANKA A.D. BEOGRAD,RS,visa,credit
405245,00-99,JYSKE BANK A/S,DK,visa,debit
405246,00-99,BANK POLSKA KASA OPIEKI S.A. (BANK PEKAO SA),PL,visa,debit
405247,00-99,JSC CB PRAVEX-BANK,UA,visa,credit
405248,00-99,STANDARD CHARTERED BANK TANZANIA LTD.,TZ,visa,debit
405249,00-99,JPMORGAN CHASE BANK N.A.,US,visa,credit
405250,00-99,JSCB TRANSSTROIBANK,RU,visa,debit
405251,00-99,JSCB TRANSSTROIBANK,RU,visa,debit
405252,00-99,JSCB TRANSSTROIBANK,RU,visa,debit
405253,00-99,DUBAI ISLAMIC BANK,AE,visa,debit
405254,00-99,JPMORGAN CHASE BANK N.A.,US,visa,credit
405255,00-99,FIRST HEARTLAND JUSAN BANK JSC,KZ,visa,debit
405256,00-99,FIRST HEARTLAND JUSAN BANK JSC,KZ,visa,debit
405257,00-99,FIRST HEARTLAND JUSAN BANK JSC,KZ,visa,debit
405258,00-99,JSC ATF BANK,KZ,visa,debit
405259,00-99,BANCO MULTIPLE PROMERICA DE LA REPUBLICA DOMINICANA S.A.,DO,visa,credit
405260,00-99,BANCO MULTIPLE PROMERICA DE LA REPUBLICA DOMINICANA S.A.,DO,visa,credit
405261,00-99,BANCO POPULAR DOMINICANO - BANCO MULTIPLE S.A.,DO,visa,credit
405262,00-99,POPULAR BANK LTD. INC.,PA,visa,credit
405263,00-99,NEPAL INVESTMENT MEGA BANK LTD.,NP,visa,credit
405264,00-99,UAB BANK LTD.,MM,visa,debit
405265,00-99,STATE BANK OF INDIA,IN,visa,debit
405266,00-99,DISCOVERY BANK LTD.,ZA,visa,debit
405267,00-99,AXIS BANK LTD.,IN,visa,debit
405268,00-99,AXIS BANK LTD.,IN,visa,debit
405269,00-99,UCO BANK,IN,visa,debit
405270,00-99,SPAREKASSEN KRONJYLLAND,DK,visa,debit
405271,00-99,JYSKE BANK,DK,visa,debit
405272,00-99,OMDURMAN NATIONAL BANK,SD,visa,debit
405273,00-99,WALLESTER AS,EE,visa,debit
405274,00-99,WALLESTER AS,EE,visa,debit
405275,00-99,AIRWALLEX PTY LTD.,AU,visa,debit
405276,00-99,TMBTHANACHART BANK PUBLIC COMPANY LTD.,TH,visa,debit
405277,00-99,NETS,DK,visa,debit
405278,00-99,AFRICAN BANK LTD.,ZA,visa,debit
405279,00-99,SERVICE CREDIT UNION,US,visa,debit
405280,00-99,VIETNAM PROSPERITY JOINT STOCK COMMERCIAL BANK,VN,visa,credit
405281,00-99,EMIRATES NBD,AE,visa,debit
405282,00-99,INTERPAYMENT SERVICES LTD.,ZA,visa,debit
405283,00-99,INTERPAYMENT SERVICES LTD.,JP,visa,debit
405284,00-99,,US,visa,credit
405285,00-99,ALAHLI BANK OF KUWAIT (K.S.C.),KW,visa,credit
405286,00-99,,US,visa,credit
405287,00-99,HUA NAN COMMERCIAL BANK LTD.,TW,visa,credit
405288,00-99,THE CECILIAN BANK,US,visa,credit
405289,00-99,FIRST & PEOPLES BANK,US,visa,debit
405290,00-99,THE AMERICAN NATIONAL BANK OF MOUNT PLEASANT,US,visa,debit
405291,00-99,THE AMERICAN NATIONAL BANK OF MOUNT PLEASANT,US,visa,debit
405292,00-99,SECURITY FIRST NATIONAL BANK OF HUGO,US,visa,debit
405293,00-99,LAUNCH CREDIT UNION,US,visa,debit
405294,00-99,PREMIER FINANCIAL CREDIT UNION,US,visa,debit
405295,00-99,COMMUNITY STATE BANK,US,visa,debit
405296,00-99,ARMED FORCES BANK N.A.,US,visa,debit
405297,00-99,SOUTH CENTRAL BANK INC.,US,visa,debit
405298,00-99,JPMORGAN CHASE BANK N.A.,US,visa,debit
405299,00-99,AMARILLO NATIONAL BANK,US,visa,debit
405300,00-99,FIRST-CITIZENS BANK & TRUST COMPANY,US,visa,credit
405301,00-99,FIRST-CITIZENS BANK & TRUST COMPANY,US,visa,credit
405302,00-99,FIRST-CITIZENS BANK & TRUST COMPANY,US,visa,credit
405303,00-99,THE CONWAY NATIONAL BANK,US,visa,credit
405304,00-99,THE CONWAY NATIONAL BANK,US,visa,credit
405305,00-99,UWHARRIE BANK,US,visa,debit
405306,00-99,TARJETAS BANAMEX S.A. DE C.V. SOFOM ENTIDAD REGULADA,MX,visa,credit
405307,00-99,M&T BANK,US,visa,debit
405308,00-99,SUNTRUST BANK,US,visa,credit
405309,00-99,MICHIGAN EDUCATIONAL CREDIT UNION,US,visa,credit
405310,00-99,FIRST HORIZON BANK,US,visa,credit
405311,00-99,FIRST HORIZON BANK,US,visa,credit
405312,00-99,PACIFIC CASCADE FEDERAL CREDIT UNION,US,visa,debit
405313,00-99,ORNL FEDERAL CREDIT UNION,US,visa,debit
405314,00-99,THE NATIONAL BANK OF BLACKSBURG,US,visa,credit
405315,00-99,REVOLUT TECHNOLOGIES SINGAPORE PTE LTD.,SG,visa,debit
405316,00-99,JPMORGAN CHASE BANK N.A.,US,visa,credit
405317,00-99,BANK OF AMERICA NATIONAL ASSOCIATION,US,visa,credit
405318,00-99,JPMORGAN CHASE BANK N.A.,US,visa,credit
405319,00-99,BRANCH BANKING AND TRUST COMPANY,US,visa,credit
405320,00-99,AERO FEDERAL CREDIT UNION,US,visa,debit
405321,00-99,CENTRAL CREDIT UNION OF ILLINOIS,US,visa,credit
405322,00-99,VALLEY STRONG CREDIT UNION,US,visa,credit
405323,00-99,TRUIST BANK - CREDIT,US,visa,credit
405324,00-99,JPMORGAN CHASE BANK N.A.,US,visa,credit
405325,00-99,WV NATIONAL GUARD FEDERAL CREDIT UNION,US,visa,debit
405326,00-99,THE BANK OF SOUTHSIDE VIRGINIA,US,visa,credit
405327,00-99,CITY NATIONAL BANK OF WEST VIRGINIA,US,visa,debit
405328,00-99,CITY NATIONAL BANK OF WEST VIRGINIA,US,visa,debit
405329,00-99,CARD SERVICES FOR CREDIT UNIONS,US,visa,debit
405330,00-99,FIRST NATIONAL BANK OF OMAHA,US,visa,credit
405331,00-99,P.T. BANK CIMB NIAGA TBK.,ID,visa,credit
405332,00-99,JSC CREDO BANK,GE,visa,debit
405333,00-99,VALLEY FIRST CREDIT UNION,US,visa,debit
405334,00-99,1ST FINANCIAL BANK USA,US,visa,credit
405335,00-99,BATON ROUGE TELCO FEDERAL CREDIT UNION,US,visa,credit
405336,00-99,CENTRAL JERSEY FEDERAL CREDIT UNION,US,visa,debit
405337,00-99,RIVER COMMUNITY CREDIT UNION,US,visa,credit
405338,00-99,INDUSIND BANK LTD.,IN,visa,debit
405339,00-99,ACCENTRA CREDIT UNION,US,visa,debit
405340,00-99,TD BANK N.A.,US,visa,credit
405341,00-99,CORTRUST BANK,US,visa,credit
405342,00-99,INDUSIND BANK LTD.,IN,visa,debit
405343,00-99,JPMORGAN CHASE BANK N.A.,US,visa,credit
405344,00-99,SIGNAL FINANCIAL FEDERAL CREDIT UNION,US,visa,debit
405345,00-99,CITIZENS BANK NATIONAL ASSOCIATION,US,visa,debit
405346,00-99,KINGSPORT PRESS CREDIT UNION,US,visa,debit
405347,00-99,JPMORGAN CHASE BANK N.A.,US,visa,credit
405348,00-99,EDUCATIONAL FEDERAL CREDIT UNION,US,visa,credit
405349,00-99,JPMORGAN CHASE BANK N.A.,US,visa,credit
405350,00-99,COLUMBUS BANK AND TRUST COMPANY,US,visa,credit
405351,00-99,CB MOLDOVA AGROINDBANK S.A.,MD,visa,debit
405352,00-99,CITY NATIONAL BANK OF WEST VIRGINIA,US,visa,credit
405353,00-99,FORT SILL FEDERAL CREDIT UNION,US,visa,credit
405354,00-99,PLATTE VALLEY BANK,US,visa,credit
405355,00-99,AREEBA SAL,LB,visa,debit
405356,00-99,JPMORGAN CHASE BANK N.A.,US,visa,credit
405357,00-99,JPMORGAN CHASE BANK N.A.,US,visa,credit
405358,00-99,JPMORGAN CHASE BANK N.A.,US,visa,credit
405359,00-99,JPMORGAN CHASE BANK N.A.,US,visa,credit
405360,00-99,GULF COMMERCIAL BANK,IQ,visa,credit
405361,00-99,SOUTHEAST FINANCIAL CREDIT UNION,US,visa,debit
405362,00-99,COMMUNITYWIDE FEDERAL CREDIT UNION,US,visa,debit
405363,00-99,UMB BANK NATIONAL ASSOCIATION,US,visa,credit
405364,00-99,UMB BANK NATIONAL ASSOCIATION,US,visa,credit
405365,00-99,NEW ALLIANCE FEDERAL CREDIT UNION,US,visa,credit
405366,00-99,SAG-AFTRA FEDERAL CREDIT UNION,US,visa,debit
405367,00-99,WEST METRO SCHOOLS CREDIT UNION,US,visa,debit
405368,00-99,PORTAGE BANK,US,visa,debit
405369,00-99,,AL,visa,debit
405370,00-99,JPMORGAN CHASE BANK N.A.,US,visa,credit
405371,00-99,TRUIST BANK - CREDIT,US,visa,credit
405372,00-99,TRUIST BANK - CREDIT,US,visa,credit
405373,00-99,ALLIANT CREDIT UNION,US,visa,credit
405374,00-99,ALLIANT CREDIT UNION,US,visa,credit
405375,00-99,PORTAGE BANK,US,visa,debit
405376,00-99,KELLOGG COMMUNITY CREDIT UNION,US,visa,debit
405377,00-99,JPMORGAN CHASE BANK N.A.,US,visa,credit
405378,00-99,SIDNEY FEDERAL CREDIT UNION,US,visa,debit
405379,00-99,GOLOMT BANK OF MONGOLIA,MN,visa,credit
405380,00-99,COSDEN FEDERAL CREDIT UNION,US,visa,debit
405381,00-99,UTAH COMMUNITY FEDERAL CREDIT UNION,US,visa,debit
405382,00-99,BANCO COOPERATIVO ESPANOL S.A.,ES,visa,debit
405383,00-99,CAPITAL CITY BANK,US,visa,debit
405384,00-99,PALMETTO CITIZENS FEDERAL CREDIT UNION,US,visa,credit
405385,00-99,MOUNTAIN AMERICA CREDIT UNION,US,visa,debit
405386,00-99,CHARTWAY FEDERAL CREDIT UNION,US,visa,credit
405387,00-99,UBA KENYA BANK LTD.,KE,visa,debit
405388,00-99,BC CARD COMPANY LTD.,KR,visa,credit
405389,00-99,NATIONAL J A C L CREDIT UNION,US,visa,credit
405390,00-99,CYPRUS CREDIT UNION,US,visa,credit
405391,00-99,WILMINGTON TRUST COMPANY,US,visa,debit
405392,00-99,LIANLIAN INTERNATIONAL COMPANY LTD.,HK,visa,credit
405393,00-99,KOTAK MAHINDRA BANK LTD.,IN,visa,debit
405394,00-99,COOPERATIVE CENTER FEDERAL CREDIT UNION,US,visa,credit
405395,00-99,TRAVIS CREDIT UNION,US,visa,credit
405396,00-99,NBT FINANCIAL BANK,US,visa,debit
405397,00-99,FIRST CHOICE FINANCIAL FEDERAL CREDIT UNION,US,visa,debit
405398,00-99,,US,visa,credit
405399,00-99,CITY NATIONAL BANK,US,visa,credit
405400,00-99,AVAL CARD S.A. DE C.V.,HN,visa,credit
405401,00-99,AVAL CARD S.A. DE C.V.,HN,visa,credit
405402,00-99,CENTRAL CREDIT UNION OF ILLINOIS,US,visa,credit
405403,00-99,VALLEY STRONG CREDIT UNION,US,visa,debit
405404,00-99,GEORGIA'S OWN CREDIT UNION,US,visa,debit
405405,00-99,GP LOUISIANA FEDERAL CREDIT UNION,US,visa,debit
405406,00-99,BANK OF WISCONSIN DELLS,US,visa,debit
405407,00-99,OAKWOOD BANK,US,visa,debit
405408,00-99,UNIVERSITY OF NEBRASKA FEDERAL CREDIT UNION,US,visa,debit
405409,00-99,THE UNION BANK,US,visa,debit
405410,00-99,THE FIRST NATIONAL BANK OF MCGREGOR,US,visa,debit
405411,00-99,U.S. BANK NATIONAL ASSOCIATION-CREDIT,US,visa,credit
405412,00-99,BANCO FINANCIERA COMERCIAL HONDURE A S.A.,HN,visa,credit
405413,00-99,JPMORGAN CHASE BANK N.A.,US,visa,credit
405414,00-99,BANCO GNB SUDAMERIS S.A.,CO,visa,credit
405415,00-99,HUDSON VALLEY CREDIT UNION,US,visa,debit
405416,00-99,EMPORIA STATE FEDERAL CREDIT UNION,US,visa,debit
405417,00-99,FIRST NEBRASKA CREDIT UNION,US,visa,debit
405418,00-99,NEIGHBORHOOD CREDIT UNION,US,visa,debit
405419,00-99,CADENCE BANK,US,visa,credit
405420,00-99,STELLAR BANK,US,visa,debit
405421,00-99,CENTRIS FEDERAL CREDIT UNION,US,visa,debit
405422,00-99,WELLS FARGO BANK NATIONAL ASSOCIATION,US,visa,credit
405423,00-99,FIRST ATLANTIC FEDERAL CREDIT UNION,US,visa,debit
405424,00-99,WORCESTER FIRE DEPARTMENT CREDIT UNION,US,visa,debit
405425,00-99,INSIGHT CREDIT UNION,US,visa,debit
405426,00-99,UDBELL FEDERAL CREDIT UNION,US,visa,credit
405427,00-99,CAPITAL BANK OF JORDAN PLC. CO.,JO,visa,debit
405428,00-99,UNIVERSITY FEDERAL CREDIT UNION,US,visa,debit
405429,00-99,EAGLE BANK,US,visa,debit
405430,00-99,TAIWAN COOPERATIVE BANK,TW,visa,credit
405431,00-99,UMB BANK N.A.,US,visa,debit
405432,00-99,BC CARD COMPANY LTD.,KR,visa,credit
405433,00-99,AL RAJHI,SA,visa,debit
405434,00-99,VERITEX BANK,US,visa,debit
405435,00-99,BANK OF HAWAII,US,visa,debit
405436,00-99,BCS BANK JSC,RU,visa,debit
405437,00-99,FIRST AMERICAN STATE BANK,US,visa,debit
405438,00-99,LOTTE CARD COMPANY LTD.,KR,visa,credit
405439,00-99,BANK AL ETIHAD,JO,visa,debit
405440,00-99,FIRST AMERICAN STATE BANK,US,visa,debit
405441,00-99,RAIFFEISENBANK A.D. BEOGRAD,RS,visa,debit
405442,00-99,RAIFFEISENBANK A.D. BEOGRAD,RS,visa,credit
405443,00-99,TAIWAN BUSINESS BANK,TW,visa,credit
405444,00-99,,CN,visa,credit
405445,00-99,MERITUS FEDERAL CREDIT UNION,US,visa,debit
405446,00-99,,US,visa,credit
405447,00-99,TYNDALL FEDERAL CREDIT UNION,US,visa,debit
405448,00-99,JPMORGAN CHASE BANK N.A.,US,visa,credit
405449,00-99,WOODFOREST NATIONAL BANK,US,visa,credit
405450,00-99,SBI CARDS AND PAYMENT SERVICES LTD.,IN,visa,credit
405451,00-99,CITIBANK,IN,visa,credit
405452,00-99,JPMORGAN CHASE BANK N.A.,US,visa,credit
405453,00-99,UKRAINSKY PROMYSLOVY BANK LLC,UA,visa,credit
405454,00-99,AL RAJHI BANKING AND INVESTMENT CORP.,SA,visa,debit
405455,00-99,JPMORGAN CHASE BANK N.A.,US,visa,credit
405456,00-99,,IN,visa,debit
405457,00-99,I & M BANK LTD.,KE,visa,debit
405458,00-99,,US,visa,credit
405459,00-99,TOMAH AREA CREDIT UNION,US,visa,debit
405460,00-99,WOODSBORO BANK,US,visa,credit
405461,00-99,WOODSBORO BANK,US,visa,credit
405462,00-99,,NP,visa,debit
405463,00-99,CHELINDBANK,RU,visa,debit
405464,00-99,SOCIETE GENERALE MAROCAINE DE BANQUES,MA,visa,debit
405465,00-99,JSC BTA BANK,KZ,visa,debit
405466,00-99,WORCESTER FIRE DEPARTMENT CREDIT UNION,US,visa,debit
405467,00-99,JOINT STOCK COMMERCIAL BANK FOR FOREIGN TRADE OF VIETNAM,VN,visa,debit
405468,00-99,KIEN LONG COMMERCIAL JOINT STOCK BANK,VN,visa,credit
405469,00-99,PROSPERITY BANK,US,visa,credit
405470,00-99,NATIONAL BANK OF GREECE S.A.,GR,visa,credit
405471,00-99,NATIONAL BANK OF GREECE S.A.,GR,visa,credit
405472,00-99,NATIONAL BANK OF GREECE S.A.,GR,visa,credit
405473,00-99,NATIONAL BANK OF GREECE S.A.,GR,visa,credit
405474,00-99,NATIONAL BANK OF GREECE S.A.,GR,visa,credit
405475,00-99,NATIONAL BANK OF GREECE S.A.,GR,visa,debit
405476,00-99,RAIFFEISENBANK A.D. BEOGRAD,RS,visa,debit
405477,00-99,RAIFFEISENBANK A.D. BEOGRAD,RS,visa,debit
405478,00-99,RAIFFEISENBANK A.D. BEOGRAD,RS,visa,credit
405479,00-99,RAIFFEISENBANK A.D. BEOGRAD,RS,visa,debit
405480,00-99,ORIGIN BANK,US,visa,debit
405481,00-99,JPMORGAN CHASE BANK N.A.,US,visa,credit
405482,00-99,TD BANK NATIONAL ASSOCIATION,US,visa,debit
405483,00-99,,NP,visa,credit
405484,00-99,RAIFFEISENBANK A.D. BEOGRAD,RS,visa,credit
405485,00-99,ENTIE COMMERCIAL BANK,TW,visa,credit
405486,00-99,GEORGIA'S OWN CREDIT UNION,US,visa,debit
405487,00-99,MASRAF AL RAYAN,QA,visa,credit
405488,00-99,OPEN BANK S.A,ES,visa,credit
405489,00-99,JPMORGAN CHASE BANK N.A.,US,visa,credit
405490,00-99,,NP,visa,debit
405491,00-99,NEW JERSEY LAW AND PUBLIC SAFETY CREDIT UNION,US,visa,credit
405492,00-99,BANKFIRST,US,visa,credit
405493,00-99,UNITED BANK LTD.,PK,visa,debit
405494,00-99,COMMUNITY AND SOUTHERN,US,visa,debit
405495,00-99,CENTRAL BANK OF THE MIDWEST,US,visa,debit
405496,00-99,A+ FEDERAL CREDIT UNION,US,visa,debit
405497,00-99,HERITAGE BANK - A DIVISION OF HERITAGE PEOPLE'S CHOICE LTD.,AU,visa,debit
405498,00-99,HERITAGE BANK - A DIVISION OF HERITAGE PEOPLE'S CHOICE LTD.,AU,visa,credit
405499,00-99,BANKFIRST,US,visa,debit
405500,00-99,WORCESTER POLICE DEPARTMENT CREDIT UNION,US,visa,debit
405501,00-99,AMERICAN BANK & TRUST,US,visa,credit
405502,00-99,TCM BANK NATIONAL ASSOCIATION,US,visa,credit
405503,00-99,U.S. BANK NATIONAL ASSOCIATION-CREDIT,US,visa,credit
405504,00-99,U.S. BANK N.A.,US,visa,credit
405505,00-99,FIRST BANK OF SOUTH DAKOTA N.A.,US,visa,debit
405506,00-99,COMMUNITY STATE BANK,US,visa,debit
405507,00-99,JPMORGAN CHASE BANK N.A.,US,visa,credit
405508,00-99,NIUM LTD.,HK,visa,credit
405509,00-99,STANDARD CHARTERED BANK (HONG KONG) LTD.,HK,visa,credit
405510,00-99,JPMORGAN CHASE BANK N.A.,US,visa,credit
405511,00-99,POMELO FINTECH SERVICES SAS,AR,visa,debit
405512,00-99,BANK OF COMMUNICATIONS,CN,visa,debit
405513,00-99,CITIBANK - COLOMBIA,CO,visa,debit
405514,00-99,MUKTINATH BIKAS BANK LTD.,NP,visa,debit
405515,00-99,BANCO ITAU ARGENTINA S.A.,AR,visa,debit
405516,00-99,BANCO ITAU ARGENTINA S.A.,AR,visa,debit
405517,00-99,BANCO ITAU ARGENTINA S.A.,AR,visa,debit
405518,00-99,UAB BANK LTD.,MM,visa,debit
405519,00-99,YOUR HOMETOWN FEDERAL CREDIT UNION,US,visa,credit
405520,00-99,WORCESTER POLICE DEPARTMENT CREDIT UNION,US,visa,credit
405521,00-99,STREATOR ONIZED CREDIT UNION,US,visa,credit
405522,00-99,FIRST FINANCIAL BANK,US,visa,credit
405523,00-99,WELLS FARGO BANK N.A.,US,visa,credit
405524,00-99,WELLS FARGO BANK N.A.,US,visa,credit
405525,00-99,BANQUE MAROCAINE POUR LE COMMERCE ET L'INDUSTRIE,MA,visa,debit
405526,00-99,CITIBANK SINGAPORE LTD.,SG,visa,credit
405527,00-99,,US,visa,credit
405528,00-99,CAPITAL BANK OF JORDAN PLC. CO.,JO,visa,credit
405529,00-99,HYPO ALPE-ADRIA-BANK D.D. JSC,BA,visa,credit
405530,00-99,BANCO SANTANDER RIO S.A.,AR,visa,credit
405531,00-99,BANCO SANTANDER RIO S.A.,AR,visa,debit
405532,00-99,,US,visa,credit
405533,00-99,ICICI,IN,visa,credit
405534,00-99,PEOPLE'S BANK,LK,visa,debit
405535,00-99,,US,visa,credit
405536,00-99,HIGH POINT FEDERAL CREDIT UNION,US,visa,credit
405537,00-99,RAVE FINANCIAL CREDIT UNION,US,visa,debit
405538,00-99,RAVE FINANCIAL CREDIT UNION,US,visa,debit
405539,00-99,,US,visa,credit
405540,00-99,JPMORGAN CHASE BANK N.A.,US,visa,credit
405541,00-99,VTB BANK (PUBLIC JOINT-STOCK COMPANY),RU,visa,debit
405542,00-99,PT. BANK DBS INDONESIA,ID,visa,credit
405543,00-99,NATIONAL BANK OF FUJAIRAH,AE,visa,credit
405544,00-99,LAXMI SUNRISE BANK LTD.,NP,visa,debit
405545,00-99,HONGKONG AND SHANGHAI BANKING CORP. LTD.,IN,visa,debit
405546,00-99,HSBC BANK (CHINA) COMPANY LTD.,CN,visa,credit
405547,00-99,ANZ BANK NEW ZEALAND LTD.,NZ,visa,credit
405548,00-99,,US,visa,credit
405549,00-99,FIDELITY BANK (CAYMAN) LTD.,KY,visa,debit
405550,00-99,WEX BANK,US,visa,credit
405551,00-99,CELTIC BANK,US,visa,credit
405552,00-99,U.S. BANK NATIONAL ASSOCIATION-CREDIT,US,visa,credit
405553,00-99,TRUIST BANK - CREDIT,US,visa,credit
405554,00-99,U.S. BANK NATIONAL ASSOCIATION-CREDIT,US,visa,credit
405555,00-99,,US,visa,credit
405556,00-99,BANK ASIA CJSC,KG,visa,debit
405557,00-99,BANK ASIA CJSC,KG,visa,debit
405558,00-99,BAYVANGUARD BANK,US,visa,debit
405559,00-99,ATTIJARIWAFA BANK EGYPT S.A.E,EG,visa,debit
405560,00-99,PROFESSIONAL POLICE OFFICERS CREDIT UNION,US,visa,debit
405561,00-99,HONG LEONG BANK VIETNAM LTD.,VN,visa,debit
405562,00-99,JPMORGAN CHASE BANK N.A.,US,visa,credit
405563,00-99,MIDWEST CARPENTERS & MILLWRIGHTS FEDERAL CREDIT UNION,US,visa,debit
405564,00-99,CASE CREDIT UNION,US,visa,credit
405565,00-99,UNIVERSITY OF ILLINOIS COMMUNITY CREDIT UNION,US,visa,credit
405566,00-99,PRIMETRUST FINANCIAL FEDERAL CREDIT UNION,US,visa,credit
405567,00-99,NATCO CREDIT UNION,US,visa,debit
405568,00-99,BANK OF COMMUNICATIONS,CN,visa,credit
405569,00-99,FRANKLIN BANK & TRUST COMPANY,US,visa,debit
405570,00-99,THE HUNTINGTON NATIONAL BANK,US,visa,debit
405571,00-99,WOODSBORO BANK,US,visa,debit
405572,00-99,HOMETOWN COMMUNITY BANKS,US,visa,debit
405573,00-99,TIEN PHONG COMMERCIAL JOINT STOCK BANK,VN,visa,credit
405574,00-99,APS BANK PLC,MT,visa,debit
405575,00-99,APS BANK PLC,MT,visa,credit
405576,00-99,APS BANK PLC,MT,visa,credit
405577,00-99,PT. BANK RAKYAT INDONESIA (PERSERO) TBK,ID,visa,credit
405578,00-99,FINANCIAL CENTER FIRST CREDIT UNION,US,visa,debit
405579,00-99,JPMORGAN CHASE BANK N.A.,US,visa,credit
405580,00-99,PARTNER COLORADO CREDIT UNION,US,visa,credit
405581,00-99,LAMPCO FEDERAL CREDIT UNION,US,visa,debit
405582,00-99,CITIZENS STATE BANK OF NEW CASTLE INDIANA,US,visa,debit
405583,00-99,THE FIRST NATIONAL BANK OF BELLEVUE,US,visa,debit
405584,00-99,TRIAD BANK NATIONAL ASSOCIATION,US,visa,debit
405585,00-99,HARBIN BANK CO. LTD.,CN,visa,credit
405586,00-99,BANK OF TENNESSEE,US,visa,debit
405587,00-99,DOCK SOLUCOES EM MEIOS DE PAGAMENTO S.A,BR,visa,debit
405588,00-99,DOCK INSTITUICAO DE PAGAMENTO S.A.,BR,visa,debit
405589,00-99,NATURA E CO PAY SOCIEDADE DE CREDITO DIRETO S.A.,BR,visa,debit
405590,00-99,REALIZE CREDITO FINANCIAMENTO E INVESTIMENTO S.A .,BR,visa,debit
405591,00-99,DOCK SOLUCOES EM MEIOS DE PAGAMENTO S.A,BR,visa,debit
405592,00-99,U.S. BANK NATIONAL ASSOCIATION-CREDIT,US,visa,credit
405593,00-99,ROCKY MOUNTAIN BANK,US,visa,debit
405594,00-99,BANCO COMERCIAL E DE INVESTIMENTOS SARL,MZ,visa,credit
405595,00-99,BANCO COMERCIAL E DE INVESTIMENTOS SARL,MZ,visa,credit
405596,00-99,BYLINE BANK,US,visa,debit
405597,00-99,FIDELITY BANK (BAHAMAS) LTD.,BS,visa,debit
405598,00-99,METROPOLITAN BANK AND TRUST COMPANY,PH,visa,credit
405599,00-99,METROPOLITAN BANK AND TRUST COMPANY,PH,visa,credit
405600,00-99,JPMORGAN CHASE BANK N.A.,US,visa,credit
405601,00-99,BANCA MONTE DEI PASCHI DI SIENA S.P.A.,IT,visa,debit
405602,00-99,WELLS FARGO BANK NATIONAL ASSOCIATION,US,visa,debit
405603,00-99,JPMORGAN CHASE BANK N.A.,US,visa,credit
405604,00-99,JPMORGAN CHASE BANK N.A.,US,visa,credit
405605,00-99,P & G MEHOOPANY EMPLOYEES FEDERAL CREDIT UNION,US,visa,debit
405606,00-99,NORWICH AND PETERBOROUGH BUILDING SOCIETY,GB,visa,debit
405607,00-99,JPMORGAN CHASE BANK N.A. - COMMERCIAL,US,visa,credit
405608,00-99,JPMORGAN CHASE BANK N.A.,US,visa,credit
405609,00-99,WELLS FARGO BANK N.A.,US,visa,debit
405610,00-99,TRULIANT FEDERAL CREDIT UNION,US,visa,debit
405611,00-99,JPMORGAN CHASE BANK N.A.,US,visa,credit
405612,00-99,FIRST NATIONAL BANK AND TRUST COMPANY OF NEWTOWN,US,visa,debit
405613,00-99,JPMORGAN CHASE BANK N.A.,US,visa,credit
405614,00-99,SOUTHERN COASTAL FEDERAL CREDIT UNION,US,visa,debit
405615,00-99,BANCO BILBAO VIZCAYA ARGENTARIA S.A. (BBVA),ES,visa,debit
405616,00-99,,US,visa,debit
405617,00-99,VENTURA COUNTY CREDIT UNION,US,visa,debit
405618,00-99,LEGACY CREDIT UNION,US,visa,debit
405619,00-99,BAXTER CREDIT UNION,US,visa,debit
405620,00-99,HONG LEONG BANK,VN,visa,debit
405621,00-99,MBANK S.A.,PL,visa,debit
405622,00-99,FIRST NATIONAL BANK,US,visa,debit
405623,00-99,BANK RESPUBLIKA OJSC,AZ,visa,debit
405624,00-99,JOINT STOCK COMMERCIAL BANK FOR FOREIGN TRADE OF VIETNAM,VN,visa,credit
405625,00-99,SOUTHERN COASTAL FEDERAL CREDIT UNION,US,visa,debit
405626,00-99,JOINT STOCK COMMERCIAL BANK FOR FOREIGN TRADE OF VIETNAM,VN,visa,credit
405627,00-99,FALL RIVER FIVE CENTS SAVINGS BANK,US,visa,debit
405628,00-99,STRIPE PAYMENTS UK LTD.,GB,visa,credit
405629,00-99,STRIPE TECHNOLOGY EUROPE LTD.,NL,visa,credit
405630,00-99,NIUM PTE LTD.,SG,visa,debit
405631,00-99,NIUM PTE LTD.,SG,visa,debit
405632,00-99,NIUM PTE LTD.,SG,visa,debit
405633,00-99,NEPAL INVESTMENT MEGA BANK LTD.,NP,visa,credit
405634,00-99,NEPAL INVESTMENT MEGA BANK LTD.,NP,visa,debit
405635,00-99,NEPAL INVESTMENT BANK LTD.,NP,visa,debit
405636,00-99,NEPAL INVESTMENT MEGA BANK LTD.,NP,visa,credit
405637,00-99,BANCO UNION S.A.,BO,visa,debit
405638,00-99,,US,visa,credit
405639,00-99,BANCO UNION S.A.,BO,visa,debit
405640,00-99,FIFTH THIRD MB FINANCIAL,US,visa,debit
405641,00-99,JPMORGAN CHASE BANK N.A.,US,visa,credit
405642,00-99,BANCO HONDURENO DEL CAFE S.A. (BANHCAFE),HN,visa,debit
405643,00-99,BANCO COLUMBIA S.A.,AR,visa,credit
405644,00-99,BANCO COLUMBIA S.A.,AR,visa,credit
405645,00-99,BANCO COLUMBIA S.A.,AR,visa,credit
405646,00-99,BANCO COLUMBIA S.A.,AR,visa,credit
405647,00-99,,US,visa,credit
405648,00-99,,US,visa,credit
405649,00-99,CAMBODIAN PUBLIC BANK PLC.,KH,visa,credit
405650,00-99,TAISHIN INTERNATIONAL BANK,TW,visa,credit
405651,00-99,PT BANK MANDIRI (PERSERO) TBK,ID,visa,debit
405652,00-99,JPMORGAN CHASE BANK N.A.,US,visa,credit
405653,00-99,CREDICORP BANK S.A.,PA,visa,credit
405654,00-99,SOCIETE GENERALE CYPRUS LTD.,CY,visa,credit
405655,00-99,SOCIETE GENERALE BANK - CYPRUS LTD.,CY,visa,credit
405656,00-99,NEXI PAYMENTS S.P.A.,IT,visa,debit
405657,00-99,BANK OF SCOTLAND PLC,GB,visa,credit
405658,00-99,PUBLIC JOINT-STOCK COMPANY BANK OTKRITIE FINANCIAL CORPORATION,RU,visa,debit
405659,00-99,CANADIA BANK PUBLIC LIMITED COMPANY,KH,visa,credit
405660,00-99,CANADIA BANK PUBLIC LIMITED COMPANY,KH,visa,credit
405661,00-99,JPMORGAN CHASE BANK N.A.,US,visa,credit
405662,00-99,,US,visa,credit
405663,00-99,AXIS BANK LTD.,IN,visa,debit
405664,00-99,BANQUE NATIONALE AGRICOLE,TN,visa,credit
405665,00-99,LOTTE CARD COMPANY LTD.,KR,visa,debit
405666,00-99,JOINT STOCK COMPANY BANK DOM.RF,RU,visa,debit
405667,00-99,JOINT STOCK COMPANY BANK DOM.RF,RU,visa,credit
405668,00-99,MERRICK BANK,US,visa,credit
405669,00-99,JOINT STOCK COMPANY BANK DOM.RF,RU,visa,debit
405670,00-99,MBANK S.A.,PL,visa,debit
405671,00-99,MBANK S.A.,PL,visa,debit
405672,00-99,MBANK S.A.,PL,visa,debit
405673,00-99,NEPAL INVESTMENT BANK LTD.,NP,visa,debit
405674,00-99,FIRST BANK OF NIGERIA PLC,NG,visa,debit
405675,00-99,,RU,visa,debit
405676,00-99,VTB BANK PJSC,RU,visa,debit
405677,00-99,JPMORGAN CHASE BANK N.A.,US,visa,credit
405678,00-99,SOCIETE GENERALE BANK - CYPRUS LTD.,CY,visa,debit
405679,00-99,SYNOVUS FINANCIAL CORPORATION,US,visa,credit
405680,00-99,BYBLOS BANK SAL,IQ,visa,debit
405681,00-99,,US,visa,credit
405682,00-99,CITIBANK SINGAPORE LTD.,SG,visa,credit
405683,00-99,,ES,visa,credit
405684,00-99,SOCIETE GENERALE S.A.,FR,visa,credit
405685,00-99,SOCIETE GENERALE S.A.,FR,visa,credit
405686,00-99,SOCIETE GENERALE S.A.,FR,visa,credit
405687,00-99,,FR,visa,credit
405688,00-99,FINANCIAL INFORMATION SERVICE CO. LTD.,TW,visa,debit
405689,00-99,JPMORGAN CHASE BANK N.A.,US,visa,credit
405690,00-99,SHINE RESUNGA DEVELOPMENT BANK LTD.,NP,visa,debit
405691,00-99,HYUNDAI CARD COMPANY LTD.,KR,visa,credit
405692,00-99,HYUNDAI CARD COMPANY LTD.,KR,visa,credit
405693,00-99,BANCO DO NORDESTE DO BRASIL S.A.,BR,visa,credit
405694,00-99,BANCO DO NORDESTE DO BRASIL S.A.,BR,visa,credit
405695,00-99,BANCO DO NORDESTE DO BRASIL S.A.,BR,visa,credit
405696,00-99,BANCO DO NORDESTE DO BRASIL S.A.,BR,visa,credit
405697,00-99,FIDELITY BANK (BAHAMAS) LTD.,BS,visa,debit
405698,00-99,,US,visa,credit
405699,00-99,,US,visa,credit
405700,00-99,,RU,visa,debit
405701,00-99,FAR EASTERN INTERNATIONAL BANK,TW,visa,credit
405702,00-99,JOINT STOCK OIL-INDUSTRIAL INVESTMENT COMMERCIAL BANK,RU,visa,debit
405703,00-99,JOINT STOCK OIL-INDUSTRIAL INVESTMENT COMMERCIAL BANK,RU,visa,debit
405704,00-99,JOINT STOCK OIL-INDUSTRIAL INVESTMENT COMMERCIAL BANK,RU,visa,debit
405705,00-99,BANCO POPULAR Y DE DESARROLLO COMUNAL,CR,visa,credit
405706,00-99,STANDARD CHARTERED BANK,OM,visa,debit
405707,00-99,,US,visa,credit
405708,00-99,,US,visa,credit
405709,00-99,JSC EURASIAN BANK,KZ,visa,debit
405710,00-99,UNITED OVERSEAS BANK (MALAYSIA) BHD,MY,visa,credit
405711,00-99,MUTUAL SECURITY CREDIT UNION INC,US,visa,debit
405712,00-99,CIMB VIETNAM,VN,visa,debit
405713,00-99,NEW HAVEN COUNTY CREDIT UNION INC.,US,visa,debit
405714,00-99,WELLS FARGO BANK N.A.,US,visa,debit
405715,00-99,BANK OF CHINA LTD.,MO,visa,debit
405716,00-99,BAYPORT CREDIT UNION,US,visa,credit
405717,00-99,PENFED C.U,US,visa,credit
405718,00-99,TLC COMMUNITY CREDIT UNION,US,visa,credit
405719,00-99,SOLVAY BANK,US,visa,debit
405720,00-99,CARD SERVICES FOR CREDIT UNIONS,US,visa,credit
405721,00-99,BANCO AVANZ S.A.,NI,visa,credit
405722,00-99,CREDIT UNION OF GEORGIA,US,visa,debit
405723,00-99,INVESTORS BANK,US,visa,debit
405724,00-99,STAR OF TEXAS CREDIT UNION,US,visa,debit
405725,00-99,CAPITAL COMMUNICATIONS FEDERAL CREDIT UNION,US,visa,debit
405726,00-99,FARMERS AND MECHANICS FEDERAL SAVINGS BANK,US,visa,debit
405727,00-99,DENVER FIRE DEPARTMENT FEDERAL CREDIT UNION,US,visa,debit
405728,00-99,SUN FEDERAL CREDIT UNION,US,visa,debit
405729,00-99,THE JUNIATA VALLEY BANK,US,visa,debit
405730,00-99,GUARDIANS CREDIT UNION,US,visa,debit
405731,00-99,THE BANK OF MISSOURI,US,visa,credit
405732,00-99,NEIGHBORS FEDERAL CREDIT UNION,US,visa,credit
405733,00-99,AXOS BANK,US,visa,debit
405734,00-99,MYANMA APEX BANK LTD.,MM,visa,credit
405735,00-99,SRP FEDERAL CREDIT UNION,US,visa,credit
405736,00-99,,DE,visa,credit
405737,00-99,VIBRANT CREDIT UNION,US,visa,debit
405738,00-99,MASS BAY CREDIT UNION,US,visa,debit
405739,00-99,DUTCH POINT CREDIT UNION INC.,US,visa,debit
405740,00-99,JOINT STOCK COMPANY COMMERCIAL BANK LANTA-BANK,RU,visa,debit
405741,00-99,CB LANTA BANK,RU,visa,credit
405742,00-99,UNIBANCA S.A.,PE,visa,debit
405743,00-99,RAKUTEN BANK LTD.,JP,visa,debit
405744,00-99,,US,visa,credit
405745,00-99,,US,visa,credit
405746,00-99,BANCO SANTANDER S.A.,ES,visa,credit
405747,00-99,ARUBA BANK N.V.,AW,visa,debit
405748,00-99,ARVEST BANK,US,visa,debit
405749,00-99,STANDARD CHARTERED BANK,BH,visa,debit
405750,00-99,STANDARD CHARTERED BANK,QA,visa,debit
405751,00-99,RBC ROYAL BANK (JAMAICA) LTD.,JM,visa,credit
405752,00-99,ALPHA BANK,GR,visa,credit
405753,00-99,SHINHAN CARD CO. LTD.,KR,visa,debit
405754,00-99,BFORBANK S.A.,FR,visa,debit
405755,00-99,BANCO DE LA PROVINCIA DE BUENOS AIRES,AR,visa,debit
405756,00-99,,US,visa,credit
405757,00-99,BANK OF CEYLON,LK,visa,debit
405758,00-99,ONEUNITED BANK,US,visa,debit
405759,00-99,TAIWAN COOPERATIVE BANK,TW,visa,credit
405760,00-99,TAIWAN BUSINESS BANK,TW,visa,credit
405761,00-99,BANCO FEDERAL C.A.,VE,visa,credit
405762,00-99,RAKUTEN BANK LTD.,JP,visa,debit
405763,00-99,,US,visa,credit
405764,00-99,OFFICE NATIONAL DES POSTES,TN,visa,credit
405765,00-99,CSCBANK S.A.L.,LB,visa,credit
405766,00-99,,US,visa,credit
405767,00-99,FIRST NATIONAL BANK AND TRUST COMPANY OF WEATHERFORD,US,visa,debit
405768,00-99,FIRST NATIONAL BANK AND TRUST COMPANY OF WEATHERFORD,US,visa,debit
405769,00-99,FIRSTRAND BANK LTD.,ZA,visa,credit
405770,00-99,,PL,visa,debit
405771,00-99,CITIBANK,MY,visa,credit
405772,00-99,JSC HALYK BANK OF KAZAKHSTAN,KZ,visa,credit
405773,00-99,ITAU UNIBANCO S.A.,BR,visa,debit
405774,00-99,ITAU UNIBANCO S.A.,BR,visa,debit
405775,00-99,ITAU UNIBANCO S.A.,BR,visa,debit
405776,00-99,ITAU UNIBANCO S.A.,BR,visa,debit
405777,00-99,ITAU UNIBANCO S.A.,BR,visa,debit
405778,00-99,ITAU UNIBANCO S.A.,BR,visa,debit
405779,00-99,ITAU UNIBANCO S.A.,BR,visa,debit
405780,00-99,ITAU UNIBANCO S.A.,BR,visa,credit
405781,00-99,CENTRAL BANK,US,visa,credit
405782,00-99,POWSZECHNA KASA OSZCZEDNOSCI BANK POLSKI SA (PKO BANK POLSKI SA),PL,visa,credit
405783,00-99,POWSZECHNA KASA OSZCZEDNOSCI BANK POLSKI SA (PKO BANK POLSKI SA),PL,visa,credit
405784,00-99,EUROBANK S.A.,GR,visa,debit
405785,00-99,NEXI PAYMENTS S.P.A.,IT,visa,credit
405786,00-99,BANCO DE LOJA S.A.,EC,visa,credit
405787,00-99,BANCO SANTANDER S.A.,ES,visa,credit
405788,00-99,SCOTT & WHITE EMPLOYEES CREDIT UNION,US,visa,debit
405789,00-99,BARCLAYS BANK OF BOTSWANA LTD.,BW,visa,credit
405790,00-99,CARIBPAY (BAHAMAS) LTD.,BS,visa,debit
405791,00-99,BANCO FICOHSA GUATEMALA S.A.,GT,visa,credit
405792,00-99,BANCO FICOHSA GUATEMALA S.A.,GT,visa,credit
405793,00-99,BANCO FICOHSA GUATEMALA S.A.,GT,visa,credit
405794,00-99,BANCO FICOHSA GUATEMALA S.A.,GT,visa,credit
405795,00-99,BANCO FICOHSA GUATEMALA S.A.,GT,visa,credit
405796,00-99,CITY BANK PLC,BD,visa,debit
405797,00-99,NORTHWEST FEDERAL CREDIT UNION,US,visa,credit
405798,00-99,HAWAIIUSA FEDERAL CREDIT UNION,US,visa,credit
405799,00-99,,US,visa,credit
405800,00-99,WILSON & MUIR BANK & TRUST COMPANY,US,visa,credit
405801,00-99,,UA,visa,debit
405802,00-99,ROYAL BANK OF CANADA,CA,visa,credit
405803,00-99,STANDARD CHARTERED BANK (HONG KONG) LTD.,HK,visa,credit
405804,00-99,LOUISIANA CATHOLIC FEDERAL CREDIT UNION,US,visa,debit
405805,00-99,CALIFORNIA COAST CREDIT UNION,US,visa,credit
405806,00-99,JOINT STOCK COMMERCIAL BANK FOR FOREIGN TRADE OF VIETNAM,VN,visa,debit
405807,00-99,BANK OF PALESTINE PLC,PS,visa,debit
405808,00-99,WELLS FARGO BANK NATIONAL ASSOCIATION,US,visa,credit
405809,00-99,ROYAL BANK OF CANADA,CA,visa,credit
405810,00-99,WELLS FARGO BANK NATIONAL ASSOCIATION,US,visa,debit
405811,00-99,CAMBODIAN PUBLIC BANK PLC.,KH,visa,debit
405812,00-99,METRO CREDIT UNION,US,visa,debit
405813,00-99,VIETBANK,VN,visa,credit
405814,00-99,PATHWARD N.A.,US,visa,debit
405815,00-99,ROYAL BANK OF CANADA,CA,visa,credit
405816,00-99,SENTINEL FEDERAL CREDIT UNION,US,visa,debit
405817,00-99,THE BANCORP BANK NATIONAL ASSOCIATION,US,visa,debit
405818,00-99,WEST GATE BANK,US,visa,debit
405819,00-99,PRIMETRUST FINANCIAL FEDERAL CREDIT UNION,US,visa,debit
405820,00-99,VOLT CREDIT UNION,US,visa,debit
405821,00-99,COLLABRIA FINANCIAL SERVICES INC.,CA,visa,credit
405822,00-99,BGFIBANK COTE D'IVOIRE,CI,visa,debit
405823,00-99,FUBON BANK (HONG KONG) LTD.,HK,visa,credit
405824,00-99,ROYAL BANK OF CANADA,CA,visa,credit
405825,00-99,ZAMBIA NATIONAL COMMERCIAL BANK LTD.,ZM,visa,debit
405826,00-99,BANK OF AMERICA NATIONAL ASSOCIATION,US,visa,credit
405827,00-99,BANCO ANGOLANO DE INVESTIMENTOS S.A.,AO,visa,credit
405828,00-99,THE BLUE GRASS VALLEY BANK,US,visa,debit
405829,00-99,MISSISSIPPI FEDERAL CREDIT UNION,US,visa,debit
405830,00-99,EASTERN UTAH COMMUNITY FEDERAL CREDIT UNION,US,visa,credit
405831,00-99,EASTERN UTAH COMMUNITY FEDERAL CREDIT UNION,US,visa,credit
405832,00-99,NETS,DK,visa,debit
405833,00-99,SYDBANK A/S,DK,visa,debit
405834,00-99,ECOBANK ZIMBABWE LTD.,ZW,visa,debit
405835,00-99,TRANSPORT AND DEVELOPMENT BANK,MN,visa,debit
405836,00-99,CREDIT COMMUNAUTAIRE D'AFRIQUE BANK SA,CM,visa,debit
405837,00-99,FIRST NATIONAL BANK AND TRUST COMPANY OF WEATHERFORD,US,visa,debit
405838,00-99,KALSEE CREDIT UNION,US,visa,debit
405839,00-99,KALSEE CREDIT UNION,US,visa,debit
405840,00-99,CREDICORP BANK S.A.,PA,visa,debit
405841,00-99,FIRST SOURCE FEDERAL CREDIT UNION,US,visa,debit
405842,00-99,FRONTWAVE CREDIT UNION,US,visa,credit
405843,00-99,NATIONAL BANK OF KUWAIT S.A.K.,KW,visa,debit
405844,00-99,BANCAMIGA BANCO UNIVERSAL C.A.,VE,visa,credit
405845,00-99,,RU,visa,debit
405846,00-99,BANCO GGAL S.A.,AR,visa,credit
405847,00-99,BANCO GGAL S.A.,AR,visa,credit
405848,00-99,STANDARD CHARTERED BANK MALAYSIA BERHAD,MY,visa,debit
405849,00-99,JOINT STOCK COMPANY COMMERCIAL BANK LANTA-BANK,RU,visa,debit
405850,00-99,THE LEMONT NATIONAL BANK,US,visa,debit
405851,00-99,INSOUTH BANK,US,visa,debit
405852,00-99,INSOUTH BANK,US,visa,debit
405853,00-99,NATIONAL BANK OF KUWAIT S.A.K.,KW,visa,debit
405854,00-99,CB AGROPROMCREDIT,RU,visa,credit
405855,00-99,,RU,visa,debit
405856,00-99,HUB PAGAMENTOS S.A. **OFFBOARDING**,BR,visa,debit
405857,00-99,HUB PAGAMENTOS S.A. **OFFBOARDING**,BR,visa,debit
405858,00-99,CAIXABANK S.A.,ES,visa,credit
405859,00-99,FINANCIERA JURISCOOP C.F.,CO,visa,debit
405860,00-99,MIDWAY S.A. - CREDITO FINANCIAMENTO E INVESTIMENTO,BR,visa,credit
405861,00-99,,RU,visa,debit
405862,00-99,SIMMONS BANK,US,visa,debit
405863,00-99,HEART OF LOUISIANA FEDERAL CREDIT UNION,US,visa,credit
405864,00-99,ALM. BRAND BANK A/S,DK,visa,debit
405865,00-99,BANK SINOPAC,TW,visa,credit
405866,00-99,FAISAL ISLAMIC BANK OF EGYPT,EG,visa,credit
405867,00-99,CANADIAN IMPERIAL BANK OF COMMERCE,CA,visa,credit
405868,00-99,FISERV SOLUTIONS LLC,US,visa,credit
405869,00-99,PUBLIC JOINT-STOCK COMPANY BANK OTKRITIE FINANCIAL CORPORATION,RU,visa,credit
405870,00-99,PUBLIC JOINT-STOCK COMPANY BANK OTKRITIE FINANCIAL CORPORATION,RU,visa,credit
405871,00-99,NATIONAL BANK OF KUWAIT S.A.K.,KW,visa,debit
405872,00-99,EMIRATES NBD,AE,visa,debit
405873,00-99,NATIONAL BANK OF KUWAIT S.A.K.,KW,visa,credit
405874,00-99,,BR,visa,credit
405875,00-99,CO OP,US,visa,credit
405876,00-99,BIZ INSTITUICAO DE PAGAMENTO LTDA,BR,visa,debit
405877,00-99,,BR,visa,credit
405878,00-99,ALELO S.A.,BR,visa,debit
405879,00-99,FITBANK INSTITUICAO DE PAGAMENTOS ELETRONICOS S.A.,BR,visa,debit
405880,00-99,DOCK INSTITUICAO DE PAGAMENTO S.A.,BR,visa,debit
405881,00-99,,BR,visa,credit
405882,00-99,CAIXA ECONOMICA FEDERAL,BR,visa,credit
405883,00-99,OMNI BANCO S.A.,BR,visa,debit
405884,00-99,ALELO S.A.,BR,visa,debit
405885,00-99,DOCK INSTITUICAO DE PAGAMENTO S.A.,BR,visa,debit
405886,00-99,FLASH TECNOLOGIA E INSTITUICAO DE PAGAMENTO LTDA.,BR,visa,debit
405887,00-99,BIZ INSTITUICAO DE PAGAMENTO LTDA,BR,visa,debit
405888,00-99,QATAR NATIONAL BANK (Q.P.S.C.),QA,visa,credit
405889,00-99,BANCO POPULAR DOMINICANO C. POR A. BANCO MULTIPLE,DO,visa,credit
405890,00-99,BFC BANCO FONDO COMUN C.A. BANCO UNIVERSAL,VE,visa,credit
405891,00-99,VENEZOLANO DE CREDITO S.A. BANCO UNIVERSAL,VE,visa,debit
405892,00-99,BANCO INDUSTRIAL S.A.,GT,visa,debit
405893,00-99,UNIBANCA S.A.,PE,visa,debit
405894,00-99,BANCO BRADESCO S.A.,BR,visa,debit
405895,00-99,GUARANTY TRUST BANK (GAMBIA) LTD.,GM,visa,debit
405896,00-99,NUEVO BANCO DE ENTRE RIOS S.A.,AR,visa,debit
405897,00-99,NUEVO BANCO DE ENTRE RIOS S.A.,AR,visa,debit
405898,00-99,100% BANCO BANCO UNIVERSAL C.A.,VE,visa,credit
405899,00-99,TIMER BANK (PJSC),RU,visa,credit
405900,00-99,F & A FEDERAL CREDIT UNION,US,visa,credit
405901,00-99,F & A FEDERAL CREDIT UNION,US,visa,credit
405902,00-99,F & A FEDERAL CREDIT UNION,US,visa,debit
405903,00-99,UNITED BANK LTD.,PK,visa,debit
405904,00-99,CITIBANK NATIONAL ASSOCIATION - CONSUMER,US,visa,credit
405905,00-99,CITIBANK NATIONAL ASSOCIATION - CONSUMER,US,visa,credit
405906,00-99,BRAC BANK PLC,BD,visa,debit
405907,00-99,INSOUTH BANK,US,visa,debit
405908,00-99,FARMERS AND MERCHANTS UNION BANK,US,visa,debit
405909,00-99,FARMERS AND MERCHANTS UNION BANK,US,visa,debit
405910,00-99,JOINT STOCK COMMERCIAL BANK FOR FOREIGN TRADE OF VIETNAM,VN,visa,credit
405911,00-99,SWISSCARD AECS GMBH,CH,visa,credit
405912,00-99,SWISSCARD AECS GMBH,CH,visa,credit
405913,00-99,NAYIFAT FINANCE COMPANY,SA,visa,credit
405914,00-99,ECOBANK UGANDA LTD.,UG,visa,debit
405915,00-99,QUALSTAR CREDIT UNION,US,visa,credit
405916,00-99,INDUSTRIAL AND COMMERCIAL BANK OF CHINA LTD.,CN,visa,credit
405917,00-99,HSBC BANK A.S.,TR,visa,credit
405918,00-99,HSBC BANK A.S.,TR,visa,credit
405919,00-99,HSBC,TR,visa,debit
405920,00-99,INDUSIND BANK LTD.,IN,visa,credit
405921,00-99,CARREFOUR,ES,visa,credit
405922,00-99,SERVICIOS FINANCIEROS CARREFOUR EFC S.A.,ES,visa,credit
405923,00-99,SERVICIOS FINANCIEROS CARREFOUR EFC S.A.,ES,visa,credit
405924,00-99,SERVICIOS FINANCIEROS CARREFOUR EFC S.A.,ES,visa,credit
405925,00-99,SERVICIOS FINANCIEROS CARREFOUR EFC S.A.,ES,visa,credit
405926,00-99,GOVERNOR AND COMPANY OF THE BANK OF IRELAND,IE,visa,credit
405927,00-99,GOVERNOR AND COMPANY OF THE BANK OF IRELAND,IE,visa,credit
405928,00-99,BANCO CITIBANK (PANAMA) S.A.,PA,visa,credit
405929,00-99,DCS CARD CENTRE PTE. LTD.,SG,visa,debit
405930,00-99,BANCO NACIONAL DE MEXICO S.A.,MX,visa,debit
405931,00-99,MULTIBANK INC.,PA,visa,credit
405932,00-99,BANESCO BANCO UNIVERSAL C.A.,VE,visa,credit
405933,00-99,BANCO HIPOTECARIO DE EL SALVADOR S.A.,SV,visa,debit
405934,00-99,NORDJYSKE BANK A/S,DK,visa,debit
405935,00-99,BPCE,FR,visa,debit
405936,00-99,BPCE,FR,visa,debit
405937,00-99,BPCE,FR,visa,debit
405938,00-99,BOURSORAMA BANQUE,FR,visa,debit
405939,00-99,BPCE,FR,visa,debit
405940,00-99,BPCE,FR,visa,debit
405941,00-99,BPCE,FR,visa,debit
405942,00-99,BPCE,FR,visa,debit
405943,00-99,BPCE,FR,visa,credit
405944,00-99,BPCE,FR,visa,credit
405945,00-99,GESA CREDIT UNION,US,visa,debit
405946,00-99,GREENSTATE CREDIT UNION,US,visa,credit
405947,00-99,WELLS FARGO BANK NATIONAL ASSOCIATION,US,visa,credit
405948,00-99,COSDEN FEDERAL CREDIT UNION,US,visa,debit
405949,00-99,CITIBANK NATIONAL ASSOCIATION - CONSUMER,US,visa,credit
405950,00-99,WELLS FARGO BANK N.A.,US,visa,debit
405951,00-99,TIB NATIONAL ASSOCIATION,US,visa,debit
405952,00-99,UNIVERSITY OF VIRGINIA COMMUNITY CREDIT UNION INC.,US,visa,debit
405953,00-99,JPMORGAN CHASE BANK N.A.,US,visa,credit
405954,00-99,JPMORGAN CHASE BANK N.A. - DEBIT,US,visa,debit
405955,00-99,JPMORGAN CHASE BANK N.A. - DEBIT,US,visa,debit
405956,00-99,JPMORGAN CHASE BANK N.A. - DEBIT,US,visa,debit
405957,00-99,BANK OF AMERICA NATIONAL ASSOCIATION,US,visa,debit
405958,00-99,OHIO STATE BANK,US,visa,debit
405959,00-99,OHIO STATE BANK,US,visa,debit
405960,00-99,CARTER BANK & TRUST,US,visa,debit
405961,00-99,PNC BANK NATIONAL ASSOCIATION - CONSUMER CREDIT,US,visa,credit
405962,00-99,THE FARMERS & MERCHANTS BANK,US,visa,debit
405963,00-99,PNC BANK NATIONAL ASSOCIATION,US,visa,debit
405964,00-99,BANK OF AMERICA - CONSUMER CREDIT,US,visa,credit
405965,00-99,MUTUAL FIRST FEDERAL CREDIT UNION,US,visa,credit
405966,00-99,MUTUAL FIRST FEDERAL CREDIT UNION,US,visa,credit
405967,00-99,ITAU UNIBANCO HOLDING S.A.,BR,visa,credit
405968,00-99,MERIT BANK,US,visa,credit
405969,00-99,MERIT BANK,US,visa,credit
405970,00-99,CARDINAL CREDIT UNION INC.,US,visa,credit
405971,00-99,JPMORGAN CHASE BANK N.A.,US,visa,credit
405972,00-99,COLLABRIA FINANCIAL SERVICES INC.,CA,visa,credit
405973,00-99,ALABAMA ONE CREDIT UNION,US,visa,debit
405974,00-99,AGILLITAS SERVICOS DE PAGAMENTOS S.A.,BR,visa,debit
405975,00-99,AGILLITAS SERVICOS DE PAGAMENTOS S.A.,BR,visa,debit
405976,00-99,AGILLITAS SERVICOS DE PAGAMENTOS S.A.,BR,visa,debit
405977,00-99,BANESCO BANCO MULTIPLE S.A.,DO,visa,credit
405978,00-99,BANESCO BANCO MULTIPLE S.A.,DO,visa,credit
405979,00-99,,GB,visa,credit
405980,00-99,ITAU UNIBANCO HOLDING S.A.,BR,visa,credit
405981,00-99,BANCO ITAUCARD S.A.,BR,visa,credit
405982,00-99,BANCO DE BOGOTA (NASSAU) LTD.,BS,visa,debit
405983,00-99,MARINERS BANK,US,visa,debit
405984,00-99,BANCO DE BOGOTA (NASSAU) LTD.,BS,visa,credit
405985,00-99,HILLS BANK AND TRUST COMPANY,US,visa,debit
405986,00-99,BANK OF PALESTINE PLC,PS,visa,debit
405987,00-99,BANCO DE LOJA S.A.,EC,visa,credit
405988,00-99,HDFC BANK LTD.,IN,visa,debit
405989,00-99,FIRST CAPITAL BANK PLC,MW,visa,debit
405990,00-99,JOINT-STOCK COMPANY POST BANK,RU,visa,credit
405991,00-99,JSC POST BANK,RU,visa,debit
405992,00-99,JSC POST BANK,RU,visa,debit
405993,00-99,JSC POST BANK,RU,visa,debit
405994,00-99,ICICI BANK LTD.,IN,visa,debit
405995,00-99,AXIS BANK LTD.,IN,visa,credit
405996,00-99,NEDBANK LTD.,ZA,visa,debit
405997,00-99,AXIS BANK LTD.,IN,visa,debit
405998,00-99,BANK SIMPANAN NASIONAL,MY,visa,debit
405999,00-99,CARTER BANK & TRUST,US,visa,debit
406000,00-99,LEAD BANK,US,visa,debit
406001,00-99,ALPHA,GR,visa,debit
406002,00-99,MIDWEST AMERICA FEDERAL CREDIT UNION,US,visa,credit
406003,00-99,UNIBANK FOR SAVINGS,US,visa,debit
406004,00-99,BREAKWATER FEDERAL CREDIT UNION,US,visa,credit
406005,00-99,ALTERNATIVES FEDERAL CREDIT UNION,US,visa,credit
406006,00-99,QUAIL CREEK BANK,US,visa,debit
406007,00-99,INDUSTRIAL AND COMMERCIAL BANK OF CHINA LTD.,CN,visa,credit
406008,00-99,BREWER FEDERAL CREDIT UNION,US,visa,debit
406009,00-99,INDUSTRIAL AND COMMERCIAL BANK OF CHINA LTD.,CN,visa,credit
406010,00-99,JAMESTOWN AREA COMMUNITY FEDERAL CREDIT UNION,US,visa,debit
406011,00-99,TRI-LAKES FEDERAL CREDIT UNION,US,visa,debit
406012,00-99,,ZM,visa,debit
406013,00-99,FIRST UNITED BANK & TRUST,US,visa,debit
406014,00-99,JPMORGAN CHASE BANK N.A.,US,visa,credit
406015,00-99,TURK EKONOMI BANKASI A.S.,TR,visa,credit
406016,00-99,COLLABRIA FINANCIAL SERVICES INC.,CA,visa,credit
406017,00-99,HEART OF LOUISIANA FEDERAL CREDIT UNION,US,visa,debit
406018,00-99,U.S. BANK NATIONAL ASSOCIATION,US,visa,debit
406019,00-99,FIRST CITIZENS BANK AND TRUST COMPANY OF SOUTH CAR,US,visa,debit
406020,00-99,COLLABRIA FINANCIAL SERVICES INC.,CA,visa,credit
406021,00-99,THE LYONS NATIONAL BANK,US,visa,debit
406022,00-99,INDUSTRIAL BANK CO. LTD,CN,visa,credit
406023,00-99,ICBA BANCARD INC.,US,visa,debit
406024,00-99,LOGAN BANK & TRUST COMPANY,US,visa,debit
406025,00-99,VIRGINIA NATIONAL BANK,US,visa,credit
406026,00-99,MVB BANK INC,US,visa,debit
406027,00-99,REVERE FEDERAL SAVINGS AND LOAN ASSOCIATION(CLOSED,US,visa,debit
406028,00-99,JPMORGAN CHASE BANK N.A.,US,visa,credit
406029,00-99,INDUSTRIAL BANK CO. LTD,CN,visa,credit
406030,00-99,JPMORGAN CHASE BANK N.A.,US,visa,credit
406031,00-99,ARTISANS' BANK,US,visa,debit
406032,00-99,JPMORGAN CHASE BANK N.A. - DEBIT,US,visa,debit
406033,00-99,JPMORGAN CHASE BANK N.A.,US,visa,credit
406034,00-99,BANCO BILBAO VIZCAYA ARGENTARIA S.A. (BBVA),ES,visa,debit
406035,00-99,ABSA BANK KENYA PLC,KE,visa,debit
406036,00-99,BANCO BILBAO VIZCAYA ARGENTARIA S.A. (BBVA),ES,visa,credit
406037,00-99,BANCO BILBAO VIZCAYA ARGENTARIA S.A. (BBVA),ES,visa,debit
406038,00-99,SHARON SAVINGS BANK,US,visa,debit
406039,00-99,INVESTEC BANK LTD.,ZA,visa,credit
406040,00-99,MOUNTAIN PACIFIC BANK,US,visa,debit
406041,00-99,NAVY FEDERAL CREDIT UNION,US,visa,credit
406042,00-99,JPMORGAN CHASE BANK N.A. - DEBIT,US,visa,debit
406043,00-99,INTL HDQTRS-CENTER OWNED,US,visa,debit
406044,00-99,CAPITOL FEDERAL SAVINGS BANK,US,visa,debit
406045,00-99,JPMORGAN CHASE BANK N.A. - DEBIT,US,visa,debit
406046,00-99,COMMERCE BANCSHARES INC.,US,visa,credit
406047,00-99,JPMORGAN CHASE BANK N.A.,US,visa,credit
406048,00-99,PARK NATIONAL BANK,US,visa,credit
406049,00-99,SYNOVUS BANK,US,visa,debit
406050,00-99,BRIGHTSTAR CREDIT UNION,US,visa,debit
406051,00-99,COLLABRIA FINANCIAL SERVICES INC.,CA,visa,credit
406052,00-99,TAI FUNG BANK LTD.,MO,visa,debit
406053,00-99,HERITAGE FINANCIAL CREDIT UNION,US,visa,debit
406054,00-99,SBI SUMISHIN NET BANK LTD.,JP,visa,debit
406055,00-99,MUNICIPAL CREDIT UNION,US,visa,credit
406056,00-99,MONMOUTH COUNTY POSTAL EMPLOYEES CREDIT UNION,US,visa,debit
406057,00-99,DIGITAL FEDERAL CREDIT UNION,US,visa,credit
406058,00-99,,CA,visa,debit
406059,00-99,JPMORGAN CHASE BANK N.A.,US,visa,credit
406060,00-99,MID-ATLANTIC FEDERAL CREDIT UNION,US,visa,credit
406061,00-99,JPMORGAN CHASE BANK N.A.,US,visa,credit
406062,00-99,SBI SUMISHIN NET BANK LTD.,JP,visa,debit
406063,00-99,AMERICAN MOMENTUM BANK,US,visa,debit
406064,00-99,PROVIDENT BANK,US,visa,debit
406065,00-99,FIRST-CITIZENS BANK,US,visa,credit
406066,00-99,AMERICAN MOMENTUM BANK,US,visa,debit
406067,00-99,JPMORGAN CHASE BANK N.A.,US,visa,credit
406068,00-99,JPMORGAN CHASE BANK N.A. - DEBIT,US,visa,debit
406069,00-99,U.S. BANK NATIONAL ASSOCIATION,US,visa,debit
406070,00-99,VALLEY STRONG CREDIT UNION,US,visa,credit
406071,00-99,PNC FINANCIAL SERVICES GROUP INC.,US,visa,credit
406072,00-99,SAN ANTONIO CITIZENS FEDERAL CREDIT UNION,US,visa,debit
406073,00-99,BANK OF INDIA,IN,visa,debit
406074,00-99,THE CITIZENS NATIONAL BANK OF BLUFFTON,US,visa,debit
406075,00-99,FIRST CHOICE BANK,US,visa,debit
406076,00-99,CREDIT UNION OF SOUTHERN CALIFORNIA,US,visa,credit
406077,00-99,SCHOOLSFIRST FEDERAL CREDIT UNION,US,visa,credit
406078,00-99,BC CARD COMPANY LTD.,KR,visa,credit
406079,00-99,BANK OF INDIA,IN,visa,debit
406080,00-99,COAST CENTRAL CREDIT UNION,US,visa,credit
406081,00-99,PNC FINANCIAL SERVICES GROUP INC.,US,visa,debit
406082,00-99,OKLAHOMA COMMUNITY FEDERAL CREDIT UNION,US,visa,debit
406083,00-99,U.S. BANK NATIONAL ASSOCIATION,US,visa,debit
406084,00-99,OCEANFIRST BANK,US,visa,debit
406085,00-99,OCEANFIRST BANK,US,visa,debit
406086,00-99,FBNBANK SENEGAL,SN,visa,debit
406087,00-99,JPMORGAN CHASE BANK N.A.,US,visa,credit
406088,00-99,SIGNAL FINANCIAL FEDERAL CREDIT UNION,US,visa,credit
406089,00-99,JPMORGAN CHASE BANK N.A.,US,visa,credit
406090,00-99,THE HUNTINGTON NATIONAL BANK,US,visa,credit
406091,00-99,JPMORGAN CHASE BANK N.A. - DEBIT,US,visa,debit
406092,00-99,JOINT STOCK COMMERCIAL BANK FOR FOREIGN TRADE OF VIETNAM,VN,visa,credit
406093,00-99,PEAKE FEDERAL CREDIT UNION,US,visa,credit
406094,00-99,BANK OF INDIA,IN,visa,debit
406095,00-99,NAVY FEDERAL CREDIT UNION,US,visa,credit
406096,00-99,CAPITAL ONE NATIONAL ASSOCIATION,US,visa,credit
406097,00-99,KC UNIDOS FEDERAL CREDIT UNION,US,visa,debit
406098,00-99,SHELL FEDERAL CREDIT UNION,US,visa,debit
406099,00-99,CAIXABANK S.A.,ES,visa,credit
406100,00-99,ALTERNATIVES FEDERAL CREDIT UNION,US,visa,credit
406101,00-99,SYNOVUS FINANCIAL CORPORATION,US,visa,credit
406102,00-99,CAMBODIAN PUBLIC BANK PLC.,KH,visa,debit
406103,00-99,PALESTINE INVESTMENT BANK,PS,visa,credit
406104,00-99,HAWAII SCHOOLS FEDERAL CREDIT UNION,US,visa,credit
406105,00-99,LUMINOR BANK AS,LT,visa,debit
406106,00-99,,US,visa,credit
406107,00-99,WOORI CARD CO. LTD.,KR,visa,debit
406108,00-99,BANCO BILBAO VIZCAYA ARGENTARIA S.A. (BBVA),ES,visa,credit
406109,00-99,TRUIST BANK,US,visa,debit
406110,00-99,TRUIST BANK,US,visa,debit
406111,00-99,TRUIST BANK - CREDIT,US,visa,credit
406112,00-99,TRUIST BANK - CREDIT,US,visa,credit
406113,00-99,TRUIST BANK,US,visa,debit
406114,00-99,TRUIST BANK,US,visa,debit
406115,00-99,FORWARD BANK,UA,visa,credit
406116,00-99,FORWARD BANK,UA,visa,credit
406117,00-99,FORWARD BANK,UA,visa,credit
406118,00-99,COLLABRIA FINANCIAL SERVICES INC.,CA,visa,credit
406119,00-99,SPRING HILL STATE BANK,US,visa,debit
406120,00-99,AIR ACADEMY FEDERAL CREDIT UNION,US,visa,debit
406121,00-99,SHELL FEDERAL CREDIT UNION,US,visa,debit
406122,00-99,PIERMONT BANK,US,visa,debit
406123,00-99,PIERMONT BANK,US,visa,debit
406124,00-99,BANCO FINANCIERA COMERCIAL HONDURE A S.A.,HN,visa,debit
406125,00-99,BANCO FINANCIERA COMERCIAL HONDURE A S.A.,HN,visa,debit
406126,00-99,BANCO FINANCIERA COMERCIAL HONDUREQA S.A.,HN,visa,debit
406127,00-99,CJSC ALFA-BANK,BY,visa,credit
406128,00-99,PJSC METKOMBANK,RU,visa,debit
406129,00-99,CREDIMAX B.S.C. (CLOSED),BH,visa,credit
406130,00-99,BANCO INVEX S.A. INSTITUCION DE BANCA MULTIPLE,MX,visa,credit
406131,00-99,VISA EUROPE LTD.,IE,visa,credit
406132,00-99,VISA EUROPE LTD.,CZ,visa,credit
406133,00-99,BANK OF SAINT LUCIA LTD.,LC,visa,credit
406134,00-99,BANK OF SAINT LUCIA LTD.,LC,visa,credit
406135,00-99,ASIA-PACIFIC REGION,HK,visa,credit
406136,00-99,THE SAUDI INVESTMENT BANK,SA,visa,debit
406137,00-99,FUBON BANK (HONG KONG) LTD.,HK,visa,credit
406138,00-99,CHINA CITIC BANK,CN,visa,credit
406139,00-99,CREDIMAX B.S.C. (CLOSED),BH,visa,credit
406140,00-99,JOINT STOCK COMPANY RUSSIAN REGIONAL DEVELOPMENT BANK,RU,visa,debit
406141,00-99,JOINT STOCK COMPANY RUSSIAN REGIONAL DEVELOPMENT BANK,RU,visa,debit
406142,00-99,STANDARD CHARTERED BANK,NP,visa,credit
406143,00-99,STANDARD CHARTERED BANK,NP,visa,debit
406144,00-99,TRUIST BANK,US,visa,debit
406145,00-99,TRUIST BANK,US,visa,debit
406146,00-99,TRUIST BANK - CREDIT,US,visa,credit
406147,00-99,TRUIST BANK - CREDIT,US,visa,credit
406148,00-99,TRUIST BANK - CREDIT,US,visa,credit
406149,00-99,INVESTMENT BANK OF CHELYABINSK JS CHELYABINVESTBANK,RU,visa,debit
406150,00-99,INVESTMENT BANK OF CHELYABINSK JS CHELYABINVESTBANK,RU,visa,debit
406151,00-99,ADRIATIC BANK AD PODGORICA,ME,visa,debit
406152,00-99,TRUIST BANK - CREDIT,US,visa,credit
406153,00-99,TRUIST BANK - CREDIT,US,visa,credit
406154,00-99,TRUIST BANK - CREDIT,US,visa,credit
406155,00-99,,BR,visa,credit
406156,00-99,EQUITAS SMALL FINANCE BANK LTD.,IN,visa,debit
406157,00-99,KHAN BANK,MN,visa,debit
406158,00-99,LOTTE CARD COMPANY LTD.,KR,visa,credit
406159,00-99,ROBINSONS BANK CORPORATION,PH,visa,debit
406160,00-99,,US,visa,credit
406161,00-99,,US,visa,credit
406162,00-99,STERLING BANK PLC,NG,visa,credit
406163,00-99,COOPERATIVA MULTIACTIVA SAN CRISTOBAL LTDA,PY,visa,credit
406164,00-99,COOPERATIVA MEDALLA MILAGROSA LTDA,PY,visa,credit
406165,00-99,POMELO FINTECH SERVICES SAS,AR,visa,debit
406166,00-99,BANCO CSF S.A.,BR,visa,credit
406167,00-99,BANCO CSF S.A.,BR,visa,debit
406168,00-99,CARREFOUR,BR,visa,credit
406169,00-99,CHINA CITIC BANK,CN,visa,credit
406170,00-99,CAIXA GERAL DE DEPOSITOS S.A.,PT,visa,debit
406171,00-99,PIRAEUS BANK S.A.,GR,visa,credit
406172,00-99,BANCO COMAFI S.A.,AR,visa,credit
406173,00-99,UNITED BANK FOR AFRICA BURKINA,BF,visa,debit
406174,00-99,,RU,visa,debit
406175,00-99,HUB PAGAMENTOS S.A. **OFFBOARDING**,BR,visa,debit
406176,00-99,HUB PAGAMENTOS S.A. **OFFBOARDING**,BR,visa,debit
406177,00-99,HUB PAGAMENTOS S.A. **OFFBOARDING**,BR,visa,debit
406178,00-99,,RU,visa,debit
406179,00-99,ABOUND FEDERAL CREDIT UNION,US,visa,credit
406180,00-99,,RU,visa,debit
406181,00-99,NBD-BANK PJSC,RU,visa,debit
406182,00-99,,RU,visa,debit
406183,00-99,BANCO BIC S.A.,AO,visa,credit
406184,00-99,BANCO BIC S.A.,AO,visa,credit
406185,00-99,SPARKLE MICROFINANCE BANK LTD.,NG,visa,debit
406186,00-99,COMMERCIAL BANK MOSKVA,RU,visa,debit
406187,00-99,COMMERCIAL BANK MOSKVA,RU,visa,debit
406188,00-99,ABOUND FEDERAL CREDIT UNION,US,visa,credit
406189,00-99,ABOUND FEDERAL CREDIT UNION,US,visa,credit
406190,00-99,VISA ARGENTINA S.A.,AR,visa,debit
406191,00-99,,US,visa,credit
406192,00-99,,US,visa,credit
406193,00-99,,US,visa,credit
406194,00-99,,US,visa,credit
406195,00-99,,US,visa,credit
406196,00-99,POMELO FINTECH SERVICES SAS,AR,visa,debit
406197,00-99,COLLABRIA FINANCIAL SERVICES INC.,CA,visa,credit
406198,00-99,,GT,visa,debit
406199,00-99,CHINA CITIC BANK,CN,visa,credit
406200,00-99,,ZM,visa,debit
406201,00-99,BANKERS TRUST COMPANY,US,visa,debit
406202,00-99,FIRSTBANK,US,visa,debit
406203,00-99,BANCO MULTIPLE BHD S. A.,DO,visa,credit
406204,00-99,UNIBANK FOR SAVINGS,US,visa,debit
406205,00-99,CAIXABANK S.A.,ES,visa,debit
406206,00-99,BANCO MULTIPLE BHD S. A.,DO,visa,credit
406207,00-99,INTESA SANPAOLO S.P.A.,IT,visa,debit
406208,00-99,SEAMEN'S BANK,US,visa,debit
406209,00-99,WESTCONSIN CREDIT UNION,US,visa,credit
406210,00-99,OTP BANK NYRT.,HU,visa,credit
406211,00-99,ITAU UNIBANCO HOLDING S.A.,BR,visa,credit
406212,00-99,FLANAGAN STATE BANK,US,visa,credit
406213,00-99,GUARANTY BANK,US,visa,debit
406214,00-99,GUARANTY BANK,US,visa,debit
406215,00-99,GUARANTY BANK,US,visa,debit
406216,00-99,BEIT ETTAMWIL TOUNSI SAUDI (B.E.S.T.),TN,visa,credit
406217,00-99,,RU,visa,debit
406218,00-99,SILK ROAD BANK AD SKOPJE,MK,visa,debit
406219,00-99,,RU,visa,debit
406220,00-99,JOINT STOCK COMMERCIAL BANK FOR INVESTMENT AND DEVELOPMENT OF VIETNAM,VN,visa,credit
406221,00-99,BANCA INTESA A.D. BEOGRAD,RS,visa,credit
406222,00-99,BANCA INTESA A.D. BEOGRAD,RS,visa,credit
406223,00-99,BANCA INTESA A.D. BEOGRAD,RS,visa,credit
406224,00-99,BANCA INTESA A.D. BEOGRAD,RS,visa,debit
406225,00-99,BANCA INTESA A.D. BEOGRAD,RS,visa,debit
406226,00-99,BANCA INTESA A.D. BEOGRAD,RS,visa,credit
406227,00-99,RAIFFEISENBANK (BULGARIA) A.D.,BG,visa,credit
406228,00-99,AXIS,IN,visa,debit
406229,00-99,INDIAN BANK,IN,visa,credit
406230,00-99,KASIKORNBANK PUBLIC COMPANY LTD.,TH,visa,debit
406231,00-99,ADRIATIC BANK AD PODGORICA,ME,visa,credit
406232,00-99,EFI S.A. - INSTITUICAO DE PAGAMENTO,BR,visa,debit
406233,00-99,SERVITEBCA PERU SERVICIO DE TRANSFERENCIA ELECTRONICA DE BENEFICIOS Y PAGO S.A.,PE,visa,debit
406234,00-99,ACCESS BANK PLC,NG,visa,debit
406235,00-99,PUBLIC JOINT-STOCK COMPANY PROMSVYAZBANK,RU,visa,debit
406236,00-99,PUBLIC JOINT-STOCK COMPANY PROMSVYAZBANK,RU,visa,debit
406237,00-99,JPMORGAN CHASE BANK N.A.,US,visa,credit
406238,00-99,BANCO DE BOGOTA S.A.,CO,visa,debit
406239,00-99,BANCO DE BOGOTA,CO,visa,debit
406240,00-99,,US,visa,credit
406241,00-99,,PA,visa,credit
406242,00-99,CITIBANK,VN,visa,credit
406243,00-99,BANCO ATLAS SOCIEDAD ANONIMA,PY,visa,credit
406244,00-99,BANCO ATLAS SOCIEDAD ANONIMA,PY,visa,credit
406245,00-99,STOPANSKA BANKA A.D. SKOPJE,MK,visa,credit
406246,00-99,CB LOCKO BANK,RU,visa,debit
406247,00-99,CB LOCKO BANK (OOO),RU,visa,debit
406248,00-99,CB LOCKO BANK,RU,visa,debit
406249,00-99,ADRIATIC BANK AD PODGORICA,ME,visa,debit
406250,00-99,BANCO CETELEM - EFC,ES,visa,credit
406251,00-99,CHASE BANK USA N.A.,US,visa,credit
406252,00-99,CHINA EVERBRIGHT BANK,CN,visa,credit
406253,00-99,JPMORGAN CHASE BANK N.A.,US,visa,credit
406254,00-99,CHINA EVERBRIGHT BANK,CN,visa,credit
406255,00-99,KO`OLAU FEDERAL CREDIT UNION,US,visa,debit
406256,00-99,,US,visa,credit
406257,00-99,SALT CITY FEDERAL CREDIT UNION,US,visa,credit
406258,00-99,BANCO MULTIPLE BHD S. A.,DO,visa,credit
406259,00-99,BANCO MULTIPLE BHD S. A.,DO,visa,credit
406260,00-99,BANCO DE VENEZUELA S.A.,VE,visa,credit
406261,00-99,NEXI PAYMENTS S.P.A.,IT,visa,debit
406262,00-99,BANCO DIGIO S.A.,BR,visa,credit
406263,00-99,BANCO DIGIO S.A.,BR,visa,credit
406264,00-99,BANCO DIGIO S.A.,BR,visa,credit
406265,00-99,POPULAR IBERAGENTES,ES,visa,credit
406266,00-99,NEDBANK MOZAMBIQUE S.A.,MZ,visa,debit
406267,00-99,VENEZOLANO DE CREDITO S.A. BANCO UNIVERS.A.L.,VE,visa,credit
406268,00-99,THE FIRST NATIONAL BANK OF MOOSE LAKE,US,visa,debit
406269,00-99,THE FIRST NATIONAL BANK OF MOOSE LAKE,US,visa,debit
406270,00-99,SOCIETE GENERALE MAROCAINE DE BANQUES,MA,visa,debit
406271,00-99,,US,visa,credit
406272,00-99,AFG BANK MALI,ML,visa,debit
406273,00-99,CUSCAL LTD.,AU,visa,debit
406274,00-99,SOCIETE GENERALE S.A.,FR,visa,credit
406275,00-99,CAJA DE AHORROS,PA,visa,credit
406276,00-99,JPMORGAN CHASE BANK N.A.,US,visa,credit
406277,00-99,NEXI PAYMENTS S.P.A.,IT,visa,debit
406278,00-99,NEXI PAYMENTS S.P.A.,IT,visa,debit
406279,00-99,NEXI PAYMENTS S.P.A.,IT,visa,debit
406280,00-99,LATIMER STATE BANK,US,visa,debit
406281,00-99,YAPI VE KREDI BANKASI A.S.,TR,visa,debit
406282,00-99,CREDIT ANDORRA,AD,visa,credit
406283,00-99,BANKA OTP ALBANIA SH.A,AL,visa,credit
406284,00-99,AMEN BANK,TN,visa,credit
406285,00-99,SCOTIABANK INVERLAT S.A.,MX,visa,debit
406286,00-99,BSIC - COTE D'IVOIRE,CI,visa,debit
406287,00-99,ALJAZEERA SUDANESE JORDANIAN BANK,SD,visa,debit
406288,00-99,JSCB MIKROKREDITBANK,UZ,visa,debit
406289,00-99,VISA SWEDEN ASSOCIATION,SE,visa,credit
406290,00-99,NUEVO BANCO DE SANTA FE S.A.,AR,visa,debit
406291,00-99,NUEVO BANCO DE SANTA FE S.A.,AR,visa,debit
406292,00-99,,US,visa,credit
406293,00-99,SERVITEBCA PERU SERVICIO DE TRANSFERENCIA ELECTRONICA DE BENEFICIOS Y PAGO S.A.,PE,visa,debit
406294,00-99,METROBANK S.A.,PA,visa,credit
406295,00-99,JSC CB PRAVEX-BANK,UA,visa,credit
406296,00-99,LLC HOME CREDIT AND FINANCE BANK,RU,visa,credit
406297,00-99,FDH BANK LTD.,MW,visa,debit
406298,00-99,FDH BANK LTD.,MW,visa,debit
406299,00-99,,US,visa,credit
406300,00-99,MERRICK BANK,US,visa,credit
406301,00-99,EUROBANK S.A.,GR,visa,credit
406302,00-99,EFG EUROBANK ERGASIAS S.A.,GR,visa,credit
406303,00-99,JPMORGAN CHASE BANK N.A.,US,visa,credit
406304,00-99,SIKORSKY FINANCIAL CREDIT UNION INC.,US,visa,debit
406305,00-99,ISTITUTO PER LE OPERE DI RELIGIONE,VA,visa,credit
406306,00-99,ISTITUTO PER LE OPERE DI RELIGIONE,VA,visa,credit
406307,00-99,EFG EUROBANK ERGASIAS S.A.,PL,visa,credit
406308,00-99,ABANCA CORPORACION BANCARIA S.A,ES,visa,debit
406309,00-99,BANCO COOPERATIVO ESPANOL S.A.,ES,visa,debit
406310,00-99,BANCO DE CREDITO COOPERATIVO (GRUPO CAJAMAR),ES,visa,credit
406311,00-99,BANCO DE CREDITO COOPERATIVO (GRUPO CAJAMAR),ES,visa,credit
406312,00-99,PIRAEUS BANK S.A.,GR,visa,credit
406313,00-99,PIRAEUS BANK S.A.,GR,visa,credit
406314,00-99,UNICREDIT S.P.A.,IT,visa,credit
406315,00-99,HAWTHORN BANK,US,visa,debit
406316,00-99,JPMORGAN CHASE BANK N.A.,US,visa,credit
406317,00-99,BRIGHTBRIDGE CREDIT UNION,US,visa,debit
406318,00-99,HYPO ALPE-ADRIA-BANK A.D.,BA,visa,credit
406319,00-99,APLUS CO. LTD.,JP,visa,debit
406320,00-99,SCOTIABANK DE COSTA RICA S.A.,CR,visa,credit
406321,00-99,APLUS CO. LTD.,JP,visa,debit
406322,00-99,BANK POLSKA KASA OPIEKI S.A. (BANK PEKAO SA),PL,visa,credit
406323,00-99,BANK POLSKA KASA OPIEKI S.A. (BANK PEKAO SA),PL,visa,credit
406324,00-99,ICICI BANK LTD.,IN,visa,debit
406325,00-99,BANK POLSKA KASA OPIEKI S.A. (BANK PEKAO SA),PL,visa,debit
406326,00-99,BANK POLSKA KASA OPIEKI S.A. (BANK PEKAO SA),PL,visa,debit
406327,00-99,NOOR BANK PJSC,AE,visa,debit
406328,00-99,BANK POLSKA KASA OPIEKI S.A. (BANK PEKAO SA),PL,visa,credit
406329,00-99,NOOR BANK PJSC,AE,visa,debit
406330,00-99,BANK POLSKA KASA OPIEKI S.A. (BANK PEKAO SA),PL,visa,credit
406331,00-99,BANK POLSKA KASA OPIEKI S.A. (BANK PEKAO SA),PL,visa,credit
406332,00-99,BANK POLSKA KASA OPIEKI S.A. (BANK PEKAO SA),PL,visa,debit
406333,00-99,BANK POLSKA KASA OPIEKI S.A. (BANK PEKAO SA),PL,visa,credit
406334,00-99,PUBLIC JOINT-STOCK COMPANY SOVCOMBANK,RU,visa,debit
406335,00-99,,BA,visa,credit
406336,00-99,SPAREBANKEN VEST,NO,visa,credit
406337,00-99,THE STATE EXPORT-IMPORT BANK OF UKRAINE (UKREXIMBANK),UA,visa,credit
406338,00-99,COMMONWEALTH BANK OF AUSTRALIA,AU,visa,credit
406339,00-99,COMMONWEALTH BANK OF AUSTRALIA,AU,visa,credit
406340,00-99,COMMONWEALTH BANK OF AUSTRALIA,AU,visa,credit
406341,00-99,JPMORGAN CHASE BANK N.A.,US,visa,credit
406342,00-99,CITIBANK RT.,HU,visa,credit
406343,00-99,BANCO DE LA PROVINCIA DE BUENOS AIRES,AR,visa,credit
406344,00-99,BANCO DE LA PROVINCIA DE BUENOS AIRES,AR,visa,credit
406345,00-99,BANCO DE LA PROVINCIA DE BUENOS AIRES,AR,visa,credit
406346,00-99,BANCO DE LA PROVINCIA DE BUENOS AIRES,AR,visa,credit
406347,00-99,STATEBANK JSC,MN,visa,debit
406348,00-99,STATEBANK JSC,MN,visa,debit
406349,00-99,JPMORGAN CHASE BANK N.A.,US,visa,credit
406350,00-99,STATEBANK JSC,MN,visa,debit
406351,00-99,STATEBANK JSC,MN,visa,debit
406352,00-99,JPMORGAN CHASE BANK N.A.,US,visa,credit
406353,00-99,BANK OF SHANGHAI,CN,visa,credit
406354,00-99,BANK OF SHANGHAI,CN,visa,credit
406355,00-99,JPMORGAN CHASE BANK N.A.,US,visa,credit
406356,00-99,PJSC MTS BANK,RU,visa,credit
406357,00-99,CITIBANK KOREA INC.,KR,visa,credit
406358,00-99,JOINT DEVELOPMENT BANK LTD.,LA,visa,debit
406359,00-99,BANCO BILBAO VIZCAYA ARGENTARIA (PANAMA) S.A. - BBVA (PANAMA,PA,visa,credit
406360,00-99,,IT,visa,credit
406361,00-99,,US,visa,credit
406362,00-99,,US,visa,credit
406363,00-99,JPMORGAN CHASE BANK N.A.,US,visa,credit
406364,00-99,LLC HOME CREDIT AND FINANCE BANK,RU,visa,credit
406365,00-99,CHINA GUANGFA BANK CO. LTD.,CN,visa,credit
406366,00-99,CHINA GUANGFA BANK CO. LTD.,CN,visa,credit
406367,00-99,COMENITY CAPITAL BANK,US,visa,credit
406368,00-99,LOUISIANA NATIONAL BANK,US,visa,debit
406369,00-99,TRI-COUNTY BANK & TRUST COMPANY,US,visa,debit
406370,00-99,CAL STATE L.A. FEDERAL CREDIT UNION,US,visa,credit
406371,00-99,CREDIT EUROPE BANK (ROMANIA) S.A.,RO,visa,debit
406372,00-99,ABSOLUT BANK (PAO),RU,visa,debit
406373,00-99,,RU,visa,debit
406374,00-99,,RU,visa,debit
406375,00-99,FIRST NATIONAL BANK ZAMBIA LTD.,ZM,visa,debit
406376,00-99,CATHAY UNITED BANK,TW,visa,credit
406377,00-99,TELEKURS MULTIPAY AG,CH,visa,credit
406378,00-99,RBTT BANK BARBADOS LTD.,BB,visa,debit
406379,00-99,RAWBANK,CD,visa,debit
406380,00-99,AKB PETERSBURG CITY BANK,RU,visa,debit
406381,00-99,AKB PETERSBURG CITY BANK,RU,visa,debit
406382,00-99,AKB PETERSBURG CITY BANK,RU,visa,debit
406383,00-99,AKB PETERSBURG CITY BANK,RU,visa,credit
406384,00-99,,US,visa,credit
406385,00-99,BANCO CITIBANK DE EL SALVADOR,SV,visa,credit
406386,00-99,QNB BANK A.S,TR,visa,debit
406387,00-99,HVB BANKA JUGOSLAVIJA A.D.,RS,visa,credit
406388,00-99,BANCO CETELEM S.A.,ES,visa,credit
406389,00-99,BANCO CETELEM S.A.,ES,visa,credit
406390,00-99,UNICREDIT S.P.A.,IT,visa,credit
406391,00-99,,IT,visa,credit
406392,00-99,CHINA CITIC BANK,CN,visa,credit
406393,00-99,BANK OF SPRINGFIELD,US,visa,debit
406394,00-99,,US,visa,credit
406395,00-99,KITSAP CREDIT UNION,US,visa,debit
406396,00-99,FEDERACI N DE CAJAS DE CR DITO Y DE BANCOS DE LOS TRABAJADORES S.C. DE C.V. DE,SV,visa,debit
406397,00-99,,US,visa,credit
406398,00-99,TECNIPAGOS S.A.,CO,visa,debit
406399,00-99,RENDIMENTOPAY INSTITUICAO DE PAGAMENTO S.A.,BR,visa,debit
406400,00-99,BANCO MULTIPLE BHD S. A.,DO,visa,credit
406401,00-99,ABSA BANK MOCAMBIQUE S.A.,MZ,visa,credit
406402,00-99,FIRST FEDERAL BANK OF FLORIDA,US,visa,credit
406403,00-99,BANK OF COMMERCE & DEVELOPMENT JSC,LY,visa,debit
406404,00-99,EURO BANK S.A.,PL,visa,debit
406405,00-99,JPMORGAN CHASE BANK N.A.,US,visa,credit
406406,00-99,ADVANTAGE FINANCIAL FEDERAL CREDIT UNION,US,visa,debit
406407,00-99,THE CITIZENS BANK OF PHILADELPHIA MISSISSIPPI,US,visa,debit
406408,00-99,TRUIST BANK,US,visa,debit
406409,00-99,TRUIST BANK,US,visa,debit
406410,00-99,TRUIST BANK,US,visa,debit
406411,00-99,BRANCH BANKING AND TRUST COMPANY,US,visa,debit
406412,00-99,TRUIST BANK - CREDIT,US,visa,credit
406413,00-99,FIRST CITIZENS BANK,US,visa,credit
406414,00-99,THE CO-OPERATIVE BANK PLC,GB,visa,credit
406415,00-99,IDT FINANCIAL SERVICES LTD.,GB,visa,credit
406416,00-99,BANCO MULTIPLE BHD S. A.,DO,visa,credit
406417,00-99,VOLKSBANK KARLSRUHE EG,DE,visa,credit
406418,00-99,NATIONAL WESTMINSTER BANK PLC,GB,visa,credit
406419,00-99,TD BANK NATIONAL ASSOCIATION,US,visa,debit
406420,00-99,TD BANK N.A.,US,visa,debit
406421,00-99,VERMILLION STATE BANK,US,visa,debit
406422,00-99,VERMILLION STATE BANK,US,visa,debit
406423,00-99,BANK LEUMI LE-ISRAEL BM,IL,visa,debit
406424,00-99,BANCA TRANSILVANIA S.A.,RO,visa,credit
406425,00-99,WORLDPAY (UK) LTD.,GB,visa,credit
406426,00-99,ESL FEDERAL CREDIT UNION,US,visa,credit
406427,00-99,NLB RAZVOJNA BANKA JSC BANJA LUKA,BA,visa,debit
406428,00-99,MECHANICS & FARMERS BANK,US,visa,debit
406429,00-99,THE FEDERAL BANK LTD.,IN,visa,debit
406430,00-99,GULF BANK K.S.C.,KW,visa,credit
406431,00-99,ABSA BANK MOCAMBIQUE S.A.,MZ,visa,credit
406432,00-99,NYKREDIT BANK A/S,DK,visa,credit
406433,00-99,NETS DENMARK A S,DK,visa,debit
406434,00-99,BANCO BS2 S.A.,BR,visa,credit
406435,00-99,PAGSEGURO INTERNET S.A,BR,visa,debit
406436,00-99,,DO,visa,debit
406437,00-99,NETS DENMARK A S,DK,visa,debit
406438,00-99,NYKREDIT BANK A/S,DK,visa,debit
406439,00-99,STOPANSKA BANKA A.D. SKOPJE,MK,visa,credit
406440,00-99,CALCARD S.A. - INSTITUICAO DE PAGAMENTOS,BR,visa,debit
406441,00-99,CALCARD S.A. - INSTITUICAO DE PAGAMENTOS,BR,visa,credit
406442,00-99,,RU,visa,debit
406443,00-99,BANCO MUNICIPAL DE ROSARIO,AR,visa,credit
406444,00-99,NLB RAZVOJNA BANKA JSC BANJA LUKA,BA,visa,credit
406445,00-99,PRIVREDNA BANKA BEOGRAD D.D. BEOGRAD,RS,visa,debit
406446,00-99,PRIVREDNA BANKA BEOGRAD D.D. BEOGRAD,RS,visa,debit
406447,00-99,BANCO DEL BAJIO S.A.,MX,visa,credit
406448,00-99,,US,visa,credit
406449,00-99,ROYAL BANK OF CANADA,CA,visa,credit
406450,00-99,,US,visa,credit
406451,00-99,BARCLAYS BANK OF UGANDA LTD.,UG,visa,credit
406452,00-99,JSC VTB BANK (GEORGIA),GE,visa,credit
406453,00-99,VIETNAM PROSPERITY JOINT STOCK COMMERCIAL BANK,VN,visa,credit
406454,00-99,JOINT-STOCK COMPANY BANK ALLIANCE,UA,visa,credit
406455,00-99,EMIRATES NBD,AE,visa,debit
406456,00-99,TURKIYE IS BANKASI A.S.,TR,visa,credit
406457,00-99,CESKA SPORITELNA A.S.,CZ,visa,debit
406458,00-99,PROMERICA S.A.,PA,visa,credit
406459,00-99,BANCO DO BRASIL S.A.,BR,visa,credit
406460,00-99,BANCO DO BRASIL S.A.,BR,visa,debit
406461,00-99,SEB KORT AB,SE,visa,credit
406462,00-99,JPMORGAN CHASE BANK N.A.,US,visa,credit
406463,00-99,DCS CARD CENTRE PTE. LTD.,SG,visa,credit
406464,00-99,KUWAIT INTERNATIONAL BANK,KW,visa,debit
406465,00-99,BANCO SIMPLES S.A.,BR,visa,credit
406466,00-99,BANCO SIMPLES S.A.,BR,visa,credit
406467,00-99,BANCO DO BRASIL S.A.,BR,visa,credit
406468,00-99,,US,visa,credit
406469,00-99,,US,visa,credit
406470,00-99,,DK,visa,credit
406471,00-99,RIYAD BANK,SA,visa,debit
406472,00-99,IDBI BANK LTD.,IN,visa,debit
406473,00-99,EURO BANK S.A.,PL,visa,debit
406474,00-99,WIZINK BANK S.A.U.,PT,visa,credit
406475,00-99,WIZINK BANK S.A.U.,PT,visa,credit
406476,00-99,AGRICULTURAL COOPERATIVE BANK OF ARMENIA,AM,visa,credit
406477,00-99,STATE BANK OF INDIA,IN,visa,credit
406478,00-99,BANK OF COMMUNICATIONS,CN,visa,credit
406479,00-99,LATIN AMERICA AND CARIBBEAN REGION,US,visa,debit
406480,00-99,LATIN AMERICA AND CARIBBEAN REGION,US,visa,debit
406481,00-99,LATIN AMERICA AND CARIBBEAN REGION,US,visa,debit
406482,00-99,PT. BANK RAKYAT INDONESIA (PERSERO) TBK,ID,visa,debit
406483,00-99,LATIN AMERICA AND CARIBBEAN REGION,US,visa,debit
406484,00-99,LATIN AMERICA AND CARIBBEAN REGION,US,visa,debit
406485,00-99,ARAB NATIONAL BANK,SA,visa,debit
406486,00-99,TEBA BANK,ZA,visa,debit
406487,00-99,BANK AL JAZIRA,SA,visa,debit
406488,00-99,SOCIETE GENERALE HAITIENNE DE BANQUE S.A. (SOGEBANK S.A.),HT,visa,credit
406489,00-99,PROMERICA S.A.,PA,visa,credit
406490,00-99,PROMERICA S.A.,PA,visa,credit
406491,00-99,HORICON BANK,US,visa,debit
406492,00-99,,US,visa,credit
406493,00-99,DOCK INSTITUICAO DE PAGAMENTO S.A.,BR,visa,debit
406494,00-99,DOCK INSTITUICAO DE PAGAMENTO S.A.,BR,visa,debit
406495,00-99,FIFTH THIRD BANK,US,visa,debit
406496,00-99,BANCO SANTANDER-CHILE,CL,visa,credit
406497,00-99,JORDAN INVESTMENT AND FINANCE BANK,JO,visa,credit
406498,00-99,THE BANCORP BANK NATIONAL ASSOCIATION,US,visa,credit
406499,00-99,EFCU FINANCIAL FEDERAL CREDIT UNION,US,visa,debit
406500,00-99,TRUIST BANK,US,visa,debit
406501,00-99,TRUIST BANK - CREDIT,US,visa,credit
406502,00-99,TRUIST BANK,US,visa,debit
406503,00-99,TRUIST BANK - CREDIT,US,visa,credit
406504,00-99,A+ FEDERAL CREDIT UNION,US,visa,debit
406505,00-99,A+ FEDERAL CREDIT UNION,US,visa,debit
406506,00-99,ANDREWS FEDERAL CREDIT UNION,US,visa,credit
406507,00-99,ANDREWS FEDERAL CREDIT UNION,US,visa,debit
406508,00-99,ANDREWS FEDERAL CREDIT UNION,US,visa,debit
406509,00-99,IDAHO CENTRAL CREDIT UNION,US,visa,debit
406510,00-99,ANDREWS FEDERAL CREDIT UNION,US,visa,credit
406511,00-99,ANDREWS FEDERAL CREDIT UNION,US,visa,credit
406512,00-99,ANDREWS FEDERAL CREDIT UNION,US,visa,credit
406513,00-99,IDAHO CENTRAL CREDIT UNION,US,visa,debit
406514,00-99,IDAHO CENTRAL CREDIT UNION,US,visa,debit
406515,00-99,MOUNTAIN AMERICA CREDIT UNION,US,visa,debit
406516,00-99,MOUNTAIN AMERICA CREDIT UNION,US,visa,debit
406517,00-99,MOUNTAIN AMERICA CREDIT UNION,US,visa,credit
406518,00-99,THE BANK OF GREENE COUNTY,US,visa,debit
406519,00-99,SCHOOLSFIRST FEDERAL CREDIT UNION,US,visa,debit
406520,00-99,MOUNTAIN AMERICA CREDIT UNION,US,visa,debit
406521,00-99,THE BANK OF GREENE COUNTY,US,visa,debit
406522,00-99,MOUNTAIN AMERICA CREDIT UNION,US,visa,debit
406523,00-99,SPOKANE TEACHERS CREDIT UNION,US,visa,debit
406524,00-99,GOLDENWEST FEDERAL CREDIT UNION,US,visa,credit
406525,00-99,GOLDENWEST FEDERAL CREDIT UNION,US,visa,credit
406526,00-99,GOLDENWEST FEDERAL CREDIT UNION,US,visa,credit
406527,00-99,GOLDENWEST FEDERAL CREDIT UNION,US,visa,credit
406528,00-99,GOLDENWEST FEDERAL CREDIT UNION,US,visa,credit
406529,00-99,GOLDENWEST FEDERAL CREDIT UNION,US,visa,credit
406530,00-99,GOLDENWEST FEDERAL CREDIT UNION,US,visa,credit
406531,00-99,GOLDENWEST FEDERAL CREDIT UNION,US,visa,debit
406532,00-99,GOLDENWEST FEDERAL CREDIT UNION,US,visa,debit
406533,00-99,TECHNOLOGY CREDIT UNION,US,visa,debit
406534,00-99,TECHNOLOGY CREDIT UNION,US,visa,debit
406535,00-99,MOUNTAIN AMERICA CREDIT UNION,US,visa,credit
406536,00-99,FARMERS AND MERCHANTS BANK,US,visa,credit
406537,00-99,FARMERS AND MERCHANTS BANK,US,visa,credit
406538,00-99,FARMERS AND MERCHANTS BANK,US,visa,credit
406539,00-99,ENT CREDIT UNION,US,visa,debit
406540,00-99,ENT CREDIT UNION,US,visa,debit
406541,00-99,TECHNOLOGY CREDIT UNION,US,visa,debit
406542,00-99,ENT CREDIT UNION,US,visa,debit
406543,00-99,TECHNOLOGY CREDIT UNION,US,visa,debit
406544,00-99,ENT CREDIT UNION,US,visa,debit
406545,00-99,TIB NATIONAL ASSOCIATION,US,visa,credit
406546,00-99,TIB NATIONAL ASSOCIATION,US,visa,credit
406547,00-99,BOEING EMPLOYEES CREDIT UNION,US,visa,credit
406548,00-99,BOEING EMPLOYEES CREDIT UNION,US,visa,credit
406549,00-99,ZIONS BANCORPORATION NATIONAL ASSOCIATION,US,visa,debit
406550,00-99,NEVADA STATE BANK,US,visa,credit
406551,00-99,NEVADA STATE BANK,US,visa,credit
406552,00-99,NEVADA STATE BANK,US,visa,credit
406553,00-99,ZIONS BANCORPORATION NATIONAL ASSOCIATION,US,visa,credit
406554,00-99,ZIONS BANCORPORATION NATIONAL ASSOCIATION,US,visa,debit
406555,00-99,MACQUARIE BANK LTD.,AU,visa,credit
406556,00-99,FOUNDERS FEDERAL CREDIT UNION,US,visa,credit
406557,00-99,ZIONS BANCORPORATION NATIONAL ASSOCIATION,US,visa,credit
406558,00-99,ZIONS BANCORPORATION NATIONAL ASSOCIATION,US,visa,debit
406559,00-99,CALIFORNIA BANK & TRUST,US,visa,debit
406560,00-99,BNP PARIBAS,FR,visa,credit
406561,00-99,BNP PARIBAS,FR,visa,credit
406562,00-99,BNP PARIBAS,FR,visa,credit
406563,00-99,BNP PARIBAS,FR,visa,credit
406564,00-99,BNP PARIBAS,FR,visa,credit
406565,00-99,BNP PARIBAS,FR,visa,credit
406566,00-99,BNP PARIBAS,FR,visa,credit
406567,00-99,BNP PARIBAS,FR,visa,credit
406568,00-99,BNP PARIBAS,FR,visa,credit
406569,00-99,BNP PARIBAS,FR,visa,credit
406570,00-99,BNP PARIBAS,FR,visa,credit
406571,00-99,BNP PARIBAS,FR,visa,credit
406572,00-99,BANQUE FIDUCIAL,FR,visa,credit
406573,00-99,HELGELAND SPAREBANK,NO,visa,debit
406574,00-99,,US,visa,credit
406575,00-99,,US,visa,credit
406576,00-99,,US,visa,credit
406577,00-99,SPAREBANK 1 SR-BANK,NO,visa,debit
406578,00-99,HDFC BANK LTD.,IN,visa,credit
406579,00-99,TAIWAN RAKUTEN CARD INC.,TW,visa,credit
406580,00-99,,US,visa,credit
406581,00-99,ICBC INDIA,IN,visa,debit
406582,00-99,,US,visa,credit
406583,00-99,ICICI BANK LTD.,IN,visa,debit
406584,00-99,STATE BANK OF INDIA,IN,visa,debit
406585,00-99,PROVISIONAL BID - MATCHMOVE PAY PTE. LTD.,SG,visa,debit
406586,00-99,CTBC BANK CO. LTD.,TW,visa,credit
406587,00-99,COMMONWEALTH BANK OF AUSTRALIA,AU,visa,debit
406588,00-99,COMMONWEALTH BANK OF AUSTRALIA,AU,visa,credit
406589,00-99,COMMONWEALTH BANK OF AUSTRALIA,AU,visa,debit
406590,00-99,COMMONWEALTH BANK OF AUSTRALIA,AU,visa,debit
406591,00-99,,US,visa,credit
406592,00-99,FLANAGAN STATE BANK,US,visa,credit
406593,00-99,SBS MONEY LTD.,NZ,visa,credit
406594,00-99,SOFI BANK NATIONAL ASSOCIATION,US,visa,debit
406595,00-99,BANK OF COMMUNICATIONS,CN,visa,credit
406596,00-99,,US,visa,credit
406597,00-99,ICICI BANK LTD.,IN,visa,debit
406598,00-99,INDOVINA BANK LTD.,VN,visa,credit
406599,00-99,DHANLAXMI BANK LTD.,IN,visa,debit
406600,00-99,JPMORGAN CHASE BANK N.A.,US,visa,credit
406601,00-99,SOCIETE IVOIRIENNE DE BANQUE,CI,visa,debit
406602,00-99,SOCIETE IVOIRIENNE DE BANQUE,CI,visa,debit
406603,00-99,SOCIETE IVOIRIENNE DE BANQUE,CI,visa,debit
406604,00-99,BNI MADAGASCAR,MG,visa,debit
406605,00-99,BNI MADAGASCAR,MG,visa,debit
406606,00-99,BNI MADAGASCAR,MG,visa,debit
406607,00-99,SOCIETE COMMERCIALE DE BANQUE CAMEROUN,CM,visa,debit
406608,00-99,SOCIETE COMMERCIALE DE BANQUE CAMEROUN,CM,visa,debit
406609,00-99,SOCIETE COMMERCIALE DE BANQUE CAMEROUN (SCB CAMEROUN),CM,visa,debit
406610,00-99,UNION GABONAISE DE BANQUES,GA,visa,debit
406611,00-99,UNION GABONAISE DE BANQUES,GA,visa,debit
406612,00-99,UNION GABONAISE DE BANQUES,GA,visa,debit
406613,00-99,CREDIT DU SENEGAL,SN,visa,debit
406614,00-99,CREDIT DU SENEGAL,SN,visa,debit
406615,00-99,CREDIT DU SENEGAL,SN,visa,debit
406616,00-99,CREDIT DU CONGO,CG,visa,debit
406617,00-99,CREDIT DU CONGO,CG,visa,debit
406618,00-99,CREDIT DU CONGO,CG,visa,debit
406619,00-99,INVESTEC BANK (MAURITIUS) LTD.,MU,visa,debit
406620,00-99,,US,visa,credit
406621,00-99,,US,visa,credit
406622,00-99,PJSC ALFA-BANK,UA,visa,debit
406623,00-99,BANK OF AFRICA - MADAGASCAR,MG,visa,debit
406624,00-99,PEOPLESBANK,US,visa,debit
406625,00-99,BANK ONE LTD.,MU,visa,debit
406626,00-99,BEDFORD LOAN & DEPOSIT BANK,US,visa,debit
406627,00-99,LA BANQUE AGRICOLE (LBA),SN,visa,debit
406628,00-99,PJSC VTB BANK,UA,visa,credit
406629,00-99,,US,visa,credit
406630,00-99,FIRST FED BANK,US,visa,debit
406631,00-99,ENBRIGHTCREDIT UNION,US,visa,debit
406632,00-99,LGE COMMUNITY CREDIT UNION,US,visa,debit
406633,00-99,RED RIVER FEDERAL CREDIT UNION,US,visa,debit
406634,00-99,CITIZENS BANK,US,visa,debit
406635,00-99,ST. THOMAS CREDIT UNION,US,visa,debit
406636,00-99,BANCO BASA S.A.,PY,visa,credit
406637,00-99,BANCO BASA S.A.,PY,visa,credit
406638,00-99,BANCO BASA S.A.,PY,visa,credit
406639,00-99,FIRST COMMUNITY BANK OF EAST TENNESSEE,US,visa,debit
406640,00-99,CENTRIC FEDERAL CREDIT UNION,US,visa,credit
406641,00-99,ENCORE BANK,US,visa,debit
406642,00-99,COMMERCIAL BANKING COMPANY,US,visa,debit
406643,00-99,RAYMOND JAMES BANK,US,visa,debit
406644,00-99,JPMORGAN CHASE BANK N.A.,US,visa,credit
406645,00-99,BANCO MULTIPLE BHD S. A.,DO,visa,credit
406646,00-99,MULTICREDIT S.A.,GT,visa,debit
406647,00-99,JORDAN INVESTMENT AND FINANCE BANK,JO,visa,credit
406648,00-99,THE FIRST NATIONAL BANK OF ELMER,US,visa,debit
406649,00-99,TBBK CARD SERVICES INC.,US,visa,debit
406650,00-99,BANCO SUDAMERIS ARGENTINA S.A.,AR,visa,credit
406651,00-99,BANCO DE CORRIENTES S.A.,AR,visa,debit
406652,00-99,BANCO PATAGONIA S.A.,AR,visa,debit
406653,00-99,BANCO SUDAMERIS ARGENTINA S.A.,AR,visa,credit
406654,00-99,BANCO SUDAMERIS ARGENTINA S.A.,AR,visa,credit
406655,00-99,BRADESCO,BR,visa,credit
406656,00-99,JOINT-STOCK COMPANY BANK ALLIANCE,UA,visa,credit
406657,00-99,JOINT-STOCK COMPANY BANK ALLIANCE,UA,visa,credit
406658,00-99,TBBK CARD SERVICES INC.,US,visa,debit
406659,00-99,JOINT-STOCK COMPANY BANK ALLIANCE,UA,visa,credit
406660,00-99,JSC JSCB CONCORD,UA,visa,credit
406661,00-99,CHINA CITIC BANK,CN,visa,credit
406662,00-99,FIRST STATE BANK,US,visa,debit
406663,00-99,BANCO DE LA PROVINCIA DE BUENOS AIRES,AR,visa,debit
406664,00-99,LLOYDS BANK PLC,PY,visa,credit
406665,00-99,TURKIYE GARANTI BANKASI A. S.,TR,visa,credit
406666,00-99,TURKIYE GARANTI BANKASI A. S.,TR,visa,credit
406667,00-99,BARCLAYS BANK PLC,BZ,visa,credit
406668,00-99,JPMORGAN CHASE BANK N.A.,US,visa,credit
406669,00-99,BRADESCO,BR,visa,credit
406670,00-99,ABANCA CORPORACION BANCARIA S.A,ES,visa,debit
406671,00-99,SOUTHERN ENERGY CREDIT UNION,US,visa,debit
406672,00-99,JPMORGAN CHASE BANK N.A.,US,visa,credit
406673,00-99,BANK OF DICKSON,US,visa,debit
406674,00-99,JPMORGAN CHASE BANK N.A.,US,visa,credit
406675,00-99,THE FARMERS STATE BANK AND TRUST COMPANY,US,visa,debit
406676,00-99,EIKA KREDITTBANK AS,NO,visa,credit
406677,00-99,EASTERN CARIBBEAN AMALGAMATED BANK,AG,visa,credit
406678,00-99,BANCO ITAU CORPBANCA COLOMBIA S.A.,CO,visa,credit
406679,00-99,FIRST CENTURY BANK NATIONAL ASSOCIATION,US,visa,debit
406680,00-99,DEL NORTE BANK,US,visa,debit
406681,00-99,FIRST CENTURY BANK NATIONAL ASSOCIATION,US,visa,debit
406682,00-99,FIRST CENTURY BANK NATIONAL ASSOCIATION,US,visa,debit
406683,00-99,FIRST CENTURY BANK NATIONAL ASSOCIATION,US,visa,debit
406684,00-99,FIRST CENTURY BANK NATIONAL ASSOCIATION,US,visa,debit
406685,00-99,FIRST CENTURY BANK NATIONAL ASSOCIATION,US,visa,debit
406686,00-99,JPMORGAN CHASE BANK N.A.,US,visa,credit
406687,00-99,TBBK CARD SERVICES INC.,US,visa,debit
406688,00-99,TBBK CARD SERVICES INC.,US,visa,debit
406689,00-99,STANBIC BANK BOTSWANA LTD.,BW,visa,debit
406690,00-99,ACCESS BANK BOTSWANA LTD.,BW,visa,debit
406691,00-99,LEADING EDGE CREDIT UNION,US,visa,debit
406692,00-99,JPMORGAN CHASE BANK N.A.,US,visa,credit
406693,00-99,ACHIEVE CREDIT UNION INC.,US,visa,credit
406694,00-99,BANCO POPULAR S.A.,CO,visa,credit
406695,00-99,,US,visa,debit
406696,00-99,CHINA CITIC BANK,CN,visa,credit
406697,00-99,QATAR NATIONAL BANK (Q.P.S.C.),QA,visa,credit
406698,00-99,QATAR NATIONAL BANK (Q.P.S.C.),QA,visa,credit
406699,00-99,BANCO ITAU PARAGUAY S.A.,PY,visa,credit
406700,00-99,,RU,visa,debit
406701,00-99,,RU,visa,debit
406702,00-99,,RU,visa,debit
406703,00-99,BC CARD COMPANY LTD.,KR,visa,credit
406704,00-99,BANCO GENERAL S.A.,PA,visa,credit
406705,00-99,JPMORGAN CHASE BANK N.A.,US,visa,credit
406706,00-99,BC CARD COMPANY LTD.,KR,visa,credit
406707,00-99,JSC SMART BANK,UZ,visa,debit
406708,00-99,CREDIT URAL BANK,RU,visa,debit
406709,00-99,JPMORGAN CHASE BANK N.A.,US,visa,credit
406710,00-99,SELLA PERSONAL CREDIT,IT,visa,debit
406711,00-99,BC CARD COMPANY LTD.,KR,visa,credit
406712,00-99,QATAR NATIONAL BANK (Q.P.S.C.),QA,visa,credit
406713,00-99,BNP PARIBAS,FR,visa,credit
406714,00-99,LLC NATIONAL STANDARD CB,RU,visa,credit
406715,00-99,BNP PARIBAS,FR,visa,credit
406716,00-99,KANBAWZA BANK LTD.,MM,visa,debit
406717,00-99,DEL NORTE BANK,US,visa,debit
406718,00-99,ANDROSCOGGIN SAVINGS BANK,US,visa,debit
406719,00-99,JPMORGAN CHASE BANK N.A.,US,visa,credit
406720,00-99,BC CARD,KR,visa,credit
406721,00-99,BC CARD CO.,KR,visa,credit
406722,00-99,JPMORGAN CHASE BANK N.A.,US,visa,credit
406723,00-99,BC CARD COMPANY LTD.,KR,visa,credit
406724,00-99,RAIFFEISEN BANK POLSKA S.A.,PL,visa,credit
406725,00-99,BC CARD COMPANY LTD.,KR,visa,credit
406726,00-99,GLOBEX COMMERCIAL BANK JOINT STOCK COMPANY,RU,visa,debit
406727,00-99,BC CARD,KR,visa,credit
406728,00-99,LATIN AMERICA AND CARIBBEAN REGION,PR,visa,credit
406729,00-99,,US,visa,credit
406730,00-99,BANCO POPULAR DE PUERTO RICO,PR,visa,credit
406731,00-99,BC CARD COMPANY LTD.,KR,visa,credit
406732,00-99,BC CARD COMPANY LTD.,KR,visa,credit
406733,00-99,BC CARD COMPANY LTD.,KR,visa,credit
406734,00-99,SOCIETE GENERALE DE BANQUES EN COTE D'IVOIRE (SGBCI),CI,visa,debit
406735,00-99,FAITH CONNECTION FEDERAL CREDIT UNION,US,visa,credit
406736,00-99,ICA BANKEN A.B.,SE,visa,credit
406737,00-99,QATAR NATIONAL BANK (Q.P.S.C.),QA,visa,credit
406738,00-99,JPMORGAN CHASE BANK N.A.,US,visa,credit
406739,00-99,BC CARD,KR,visa,credit
406740,00-99,SOCIETE GENERALE DE BANQUES AU SENEGAL,SN,visa,debit
406741,00-99,SOCIETE GENERALE DE BANQUES AU SENEGAL,SN,visa,debit
406742,00-99,ENFUCE LICENSE SERVICES LTD.,SE,visa,debit
406743,00-99,CAJA LABORAL POPULAR COOP. DE CREDITO,ES,visa,credit
406744,00-99,VTB BANK (PUBLIC JOINT-STOCK COMPANY),RU,visa,debit
406745,00-99,JEJU BANK,KR,visa,credit
406746,00-99,COTA COMMERCIAL BANK,TW,visa,credit
406747,00-99,MERRICK BANK,US,visa,credit
406748,00-99,QATAR NATIONAL BANK (Q.P.S.C.),QA,visa,credit
406749,00-99,JPMORGAN CHASE BANK N.A.,US,visa,credit
406750,00-99,NABIL BANK LTD.,NP,visa,debit
406751,00-99,PRIME BANK LTD.,BD,visa,credit
406752,00-99,PRIME BANK LTD.,BD,visa,credit
406753,00-99,PRIME BANK LTD.,BD,visa,credit
406754,00-99,PRIME BANK LTD.,BD,visa,credit
406755,00-99,UBS AG (UNION BANK OF SWITZERLAND),CH,visa,credit
406756,00-99,TELEKURS MULTIPAY AG,CH,visa,credit
406757,00-99,JPMORGAN CHASE BANK N.A.,US,visa,credit
406758,00-99,CHINA CITIC BANK,CN,visa,credit
406759,00-99,OTP BANK JSC,UA,visa,debit
406760,00-99,OTP BANK JSC,UA,visa,debit
406761,00-99,THE PREMIER BANK PLC.,BD,visa,credit
406762,00-99,THE PREMIER BANK PLC.,BD,visa,credit
406763,00-99,THE PREMIER BANK PLC.,BD,visa,credit
406764,00-99,THE PREMIER BANK PLC.,BD,visa,credit
406765,00-99,TAICHUNG COMMERCIAL BANK,TW,visa,credit
406766,00-99,THE HOUSING BANK FOR TRADE & FINANCE,JO,visa,credit
406767,00-99,PJSC ROSBANK,RU,visa,credit
406768,00-99,JPMORGAN CHASE BANK N.A.,US,visa,credit
406769,00-99,HUA NAN COMMERCIAL BANK LTD.,TW,visa,credit
406770,00-99,HUA NAN COMMERCIAL BANK LTD.,TW,visa,credit
406771,00-99,BANK FOR INVESTMENT AND DEVELOPMENT OF VIETNAM,VN,visa,credit
406772,00-99,SOCIETE GENERALE BURKINA FASO,BF,visa,debit
406773,00-99,SOCIETE GENERALE DE BANQUES AU BURKINA (SGBB),BF,visa,debit
406774,00-99,BANCO INTERAMERICANO DE FINANZAS S.A.,PE,visa,credit
406775,00-99,,US,visa,credit
406776,00-99,KAZKOMMERTZBANK KYRGYZSTAN,KG,visa,debit
406777,00-99,PUBLIC JOINT-STOCK COMPANY BANK JUGRA,RU,visa,debit
406778,00-99,PUBLIC JOINT-STOCK COMPANY BANK JUGRA,RU,visa,debit
406779,00-99,PUBLIC JOINT-STOCK COMPANY BANK JUGRA,RU,visa,debit
406780,00-99,THE MINATO BANK LTD.,JP,visa,debit
406781,00-99,PUBLIC JOINT-STOCK COMPANY BANK JUGRA,RU,visa,credit
406782,00-99,,CN,visa,credit
406783,00-99,BANCO ATLAS SOCIEDAD ANONIMA,PY,visa,credit
406784,00-99,IDBI BANK LTD.,IN,visa,debit
406785,00-99,ABU DHABI ISLAMIC BANK,AE,visa,credit
406786,00-99,ABU DHABI ISLAMIC BANK,AE,visa,credit
406787,00-99,ABU DHABI ISLAMIC BANK,AE,visa,credit
406788,00-99,OTP BANK JSC,UA,visa,debit
406789,00-99,PINNACLE BANK,US,visa,debit
406790,00-99,REVOLUT SOCIEDADE DE CREDITO DIRETO S.A.,SG,visa,debit
406791,00-99,PUBLIC JOINT-STOCK COMPANY BANK OTKRITIE FINANCIAL CORPORATION,RU,visa,debit
406792,00-99,PUBLIC JOINT-STOCK COMPANY BANK OTKRITIE FINANCIAL CORPORATION,RU,visa,credit
406793,00-99,RAIFFEISEN BANK POLSKA S.A.,PL,visa,credit
406794,00-99,JPMORGAN CHASE BANK N.A.,US,visa,credit
406795,00-99,HUA NAN COMMERCIAL BANK LTD.,TW,visa,debit
406796,00-99,,US,visa,credit
406797,00-99,SARATOGA'S COMMUNITY FEDERAL CREDIT UNION,US,visa,debit
406798,00-99,THE CITIZENS STATE BANK,US,visa,debit
406799,00-99,RAILROAD COMMUNITY CREDIT UNION,US,visa,debit
406800,00-99,JS BANK LTD.,PK,visa,credit
406801,00-99,ZIONS BANCORPORATION NATIONAL ASSOCIATION,US,visa,debit
406802,00-99,ZIONS BANCORPORATION NATIONAL ASSOCIATION,US,visa,debit
406803,00-99,ZIONS BANCORPORATION NATIONAL ASSOCIATION,US,visa,debit
406804,00-99,WARKA BANK FOR INVESTMENT AND FINANCE,IQ,visa,debit
406805,00-99,FOUNDERS FEDERAL CREDIT UNION,US,visa,credit
406806,00-99,FOUNDERS FEDERAL CREDIT UNION,US,visa,credit
406807,00-99,ZIONS BANCORPORATION NATIONAL ASSOCIATION,US,visa,debit
406808,00-99,ZIONS BANCORPORATION NATIONAL ASSOCIATION,US,visa,debit
406809,00-99,ZIONS BANCORPORATION NATIONAL ASSOCIATION,US,visa,debit
406810,00-99,ZIONS BANCORPORATION NATIONAL ASSOCIATION,US,visa,credit
406811,00-99,ZIONS BANCORPORATION NATIONAL ASSOCIATION,US,visa,debit
406812,00-99,ZIONS BANCORPORATION NATIONAL ASSOCIATION,US,visa,credit
406813,00-99,FOUNDERS FEDERAL CREDIT UNION,US,visa,credit
406814,00-99,CITY UNION BANK LTD.,IN,visa,debit
406815,00-99,ZIONS BANCORPORATION NATIONAL ASSOCIATION,US,visa,debit
406816,00-99,PENTAGON FEDERAL CREDIT UNION,US,visa,debit
406817,00-99,CONNEX CREDIT UNION INC.,US,visa,debit
406818,00-99,CONNEX CREDIT UNION INC.,US,visa,debit
406819,00-99,PENTAGON FEDERAL CREDIT UNION,US,visa,credit
406820,00-99,REDWOOD CREDIT UNION,US,visa,credit
406821,00-99,REDWOOD CREDIT UNION,US,visa,credit
406822,00-99,ZIONS FIRST NATIONAL BANK,US,visa,debit
406823,00-99,ZIONS FIRST NATIONAL BANK,US,visa,debit
406824,00-99,ZIONS BANCORPORATION NATIONAL ASSOCIATION,US,visa,debit
406825,00-99,ZIONS BANCORPORATION NATIONAL ASSOCIATION,US,visa,credit
406826,00-99,REDWOOD CREDIT UNION,US,visa,credit
406827,00-99,PENTAGON FEDERAL CREDIT UNION,US,visa,credit
406828,00-99,WARKA BANK FOR INVESTMENT AND FINANCE,IQ,visa,credit
406829,00-99,ZIONS BANCORPORATION NATIONAL ASSOCIATION,US,visa,credit
406830,00-99,ZIONS BANCORPORATION NATIONAL ASSOCIATION,US,visa,credit
406831,00-99,ALTRA FEDERAL CREDIT UNION,US,visa,credit
406832,00-99,ALTRA FEDERAL CREDIT UNION,US,visa,credit
406833,00-99,REDWOOD CREDIT UNION,US,visa,credit
406834,00-99,PENTAGON FEDERAL CREDIT UNION,US,visa,credit
406835,00-99,ZIONS BANCORPORATION NATIONAL ASSOCIATION,US,visa,credit
406836,00-99,ALTRA FEDERAL CREDIT UNION,US,visa,debit
406837,00-99,ALTRA FEDERAL CREDIT UNION,US,visa,credit
406838,00-99,ALTRA FEDERAL CREDIT UNION,US,visa,debit
406839,00-99,ZIONS BANCORPORATION NATIONAL ASSOCIATION,US,visa,credit
406840,00-99,ZIONS BANCORPORATION NATIONAL ASSOCIATION,US,visa,credit
406841,00-99,CREDIT UNION OF SOUTHERN CALIFORNIA,US,visa,debit
406842,00-99,ZIONS BANCORPORATION NATIONAL ASSOCIATION,US,visa,debit
406843,00-99,CONNEX CREDIT UNION INC.,US,visa,debit
406844,00-99,AFFINITY FEDERAL CREDIT UNION,US,visa,debit
406845,00-99,AFFINITY FEDERAL CREDIT UNION,US,visa,credit
406846,00-99,AFFINITY FEDERAL CREDIT UNION,US,visa,debit
406847,00-99,AFFINITY FEDERAL CREDIT UNION,US,visa,credit
406848,00-99,AFFINITY FEDERAL CREDIT UNION,US,visa,credit
406849,00-99,AFFINITY FEDERAL CREDIT UNION,US,visa,debit
406850,00-99,AFFINITY FEDERAL CREDIT UNION,US,visa,debit
406851,00-99,AFFINITY FEDERAL CREDIT UNION,US,visa,credit
406852,00-99,AFFINITY FEDERAL CREDIT UNION,US,visa,credit
406853,00-99,LANGLEY FEDERAL CREDIT UNION,US,visa,credit
406854,00-99,LANGLEY FEDERAL CREDIT UNION,US,visa,credit
406855,00-99,LANGLEY FEDERAL CREDIT UNION,US,visa,credit
406856,00-99,UWHARRIE BANK,US,visa,debit
406857,00-99,CREDIT UNION OF SOUTHERN CALIFORNIA,US,visa,credit
406858,00-99,ESL FEDERAL CREDIT UNION,US,visa,credit
406859,00-99,ZIONS BANCORPORATION NATIONAL ASSOCIATION,US,visa,credit
406860,00-99,ZIONS BANCORPORATION NATIONAL ASSOCIATION,US,visa,credit
406861,00-99,CREDIT UNION OF SOUTHERN CALIFORNIA,US,visa,credit
406862,00-99,ZIONS BANCORPORATION NATIONAL ASSOCIATION,US,visa,debit
406863,00-99,ZIONS BANCORPORATION NATIONAL ASSOCIATION,US,visa,debit
406864,00-99,LANGLEY FEDERAL CREDIT UNION,US,visa,credit
406865,00-99,PNC BANK NATIONAL ASSOCIATION - CONSUMER CREDIT,US,visa,credit
406866,00-99,KUMARI BANK LTD.,NP,visa,debit
406867,00-99,AFFINITY PLUS FEDERAL CREDIT UNION,US,visa,debit
406868,00-99,ESL FEDERAL CREDIT UNION,US,visa,credit
406869,00-99,ESL FEDERAL CREDIT UNION,US,visa,credit
406870,00-99,MACON-ATLANTA STATE BANK,US,visa,debit
406871,00-99,ITAU UNIBANCO HOLDING S.A.,BR,visa,credit
406872,00-99,PIKES PEAK NATIONAL BANK,US,visa,debit
406873,00-99,(AML SUSPENDED) CIBANCO S.A. INSTITUCION DE BANCA MULTIPLE,MX,visa,debit
406874,00-99,ME BANKING,US,visa,debit
406875,00-99,ME BANKING,US,visa,debit
406876,00-99,BANK OF BELLEVILLE,US,visa,debit
406877,00-99,ME BANKING,US,visa,debit
406878,00-99,BANK WINDHOEK LTD.,NA,visa,debit
406879,00-99,BANK WINDHOEK LTD.,NA,visa,debit
406880,00-99,PEOPLES STATE BANK,US,visa,debit
406881,00-99,ADVIA CREDIT UNION,US,visa,debit
406882,00-99,ADVIA CREDIT UNION,US,visa,debit
406883,00-99,BANK WINDHOEK LTD.,NA,visa,debit
406884,00-99,SOUTHSTAR BANK S.S.B.,US,visa,debit
406885,00-99,ADVIA CREDIT UNION,US,visa,debit
406886,00-99,MAHALAXMI BIKAS BANK LTD.,NP,visa,debit
406887,00-99,FRICK FINANCIAL FEDERAL CREDIT UNION,US,visa,debit
406888,00-99,KUMARI BANK LTD.,NP,visa,debit
406889,00-99,BAYVANGUARD BANK,US,visa,debit
406890,00-99,BANK WINDHOEK LTD.,NA,visa,debit
406891,00-99,QATAR NATIONAL BANK (Q.P.S.C.),QA,visa,credit
406892,00-99,HABIB BANK LTD.,PK,visa,credit
406893,00-99,HABIB BANK LTD.,PK,visa,credit
406894,00-99,ICICI BANK LTD.,IN,visa,debit
406895,00-99,LLC CB OF ECONOMIC DEVELOPMENT BANK OF KAZAN,RU,visa,debit
406896,00-99,STANDARD CHARTERED BANK ZIMBABWE LTD.,ZW,visa,debit
406897,00-99,BANCO PAN S.A.,BR,visa,credit
406898,00-99,BANK POLSKIEJ SPOLDZIELCZOSCI SA W WARSZAWIE,PL,visa,credit
406899,00-99,AM BANK S.A.L.,LB,visa,debit
406900,00-99,,BR,visa,credit
406901,00-99,STANBIC BANK BOTSWANA LTD.,BW,visa,debit
406902,00-99,STANBIC BANK BOTSWANA LTD.,BW,visa,debit
406903,00-99,STANBIC BANK BOTSWANA LTD.,BW,visa,credit
406904,00-99,STANBIC BANK KENYA LTD.,KE,visa,debit
406905,00-99,STANBIC BANK KENYA LTD.,KE,visa,debit
406906,00-99,STANBIC BANK KENYA LTD.,KE,visa,debit
406907,00-99,,KE,visa,credit
406908,00-99,STANBIC BANK KENYA LTD.,KE,visa,credit
406909,00-99,STANBIC BANK ZIMBABWE LTD.,ZW,visa,debit
406910,00-99,STANBIC BANK GHANA LTD.,GH,visa,debit
406911,00-99,CHEMCO FEDERAL CREDIT UNION,US,visa,credit
406912,00-99,STANBIC BANK ZIMBABWE LTD.,ZW,visa,debit
406913,00-99,STANBIC BANK ZIMBABWE LTD.,ZW,visa,credit
406914,00-99,STANDARD BANK SWAZILAND LTD.,SZ,visa,credit
406915,00-99,STANDARD CHARTERED BOTSWANA,BW,visa,credit
406916,00-99,STANDARD BANK LIMITED MALAWI,MW,visa,debit
406917,00-99,FIRST NATIONAL BANK OF LESOTHO LTD.,LS,visa,credit
406918,00-99,STANBIC BANK UGANDA LTD.,UG,visa,debit
406919,00-99,STANBIC BANK UGANDA LTD.,UG,visa,debit
406920,00-99,STANBIC BANK UGANDA LTD.,UG,visa,credit
406921,00-99,ECOBANK UGANDA LTD.,UG,visa,debit
406922,00-99,,UG,visa,credit
406923,00-99,STANDARD BANK LIMITED MALAWI,MW,visa,debit
406924,00-99,STANDARD BANK LIMITED MALAWI,MW,visa,debit
406925,00-99,STANBIC BANK MALAWI,MW,visa,credit
406926,00-99,THE MINATO BANK LTD.,JP,visa,debit
406927,00-99,STANDARD BANK LIMITED MALAWI,MW,visa,debit
406928,00-99,STANBIC BANK BOTSWANA LTD.,BW,visa,credit
406929,00-99,STANBIC BANK GHANA LTD.,GH,visa,debit
406930,00-99,STANBIC BANK ZIMBABWE LTD.,ZW,visa,debit
406931,00-99,STANBIC BANK GHANA LTD.,GH,visa,credit
406932,00-99,,GH,visa,credit
406933,00-99,,GH,visa,credit
406934,00-99,STANBIC BANK ZAMBIA LTD.,ZM,visa,debit
406935,00-99,STANBIC BANK ZAMBIA LTD.,ZM,visa,debit
406936,00-99,STANBIC BANK ZAMBIA LTD.,ZM,visa,credit
406937,00-99,COMPANIA PERUANA DE MEDIOS DE PAGO S.A.C.,PE,visa,debit
406938,00-99,STANBIC BANK BOTSWANA LTD.,BW,visa,credit
406939,00-99,STANDARD BANK SARL,MZ,visa,debit
406940,00-99,STANDARD BANK SARL,MZ,visa,debit
406941,00-99,STANDARD BANK SARL,MZ,visa,credit
406942,00-99,STANBIC BANK GHANA LTD.,GH,visa,debit
406943,00-99,STANBIC BANK ZIMBABWE LTD.,ZW,visa,debit
406944,00-99,,US,visa,debit
406945,00-99,STANBIC BANK UGANDA LTD.,UG,visa,credit
406946,00-99,STANBIC BANK UGANDA LTD.,UG,visa,credit
406947,00-99,THE STANDARD BANK OF SOUTH AFRICA LTD.,ZA,visa,credit
406948,00-99,THE STANDARD BANK OF SOUTH AFRICA LTD.,ZA,visa,credit
406949,00-99,CHINGGIS KHAAN BANK,MN,visa,debit
406950,00-99,,RU,visa,debit
406951,00-99,BANK KURGAN,RU,visa,debit
406952,00-99,BANK KURGAN,RU,visa,debit
406953,00-99,BANK KURGAN,RU,visa,credit
406954,00-99,MUTUAL TRUST BANK,BD,visa,debit
406955,00-99,ZAGREBACKA BANKA DD,HR,visa,credit
406956,00-99,BANKMUSCAT (SAOG),OM,visa,credit
406957,00-99,,US,visa,credit
406958,00-99,SHENZHEN RURAL COMMERCIAL BANK CORPORATION LTD.,CN,visa,credit
406959,00-99,UNION BANK OF THE PHILIPPINES,PH,visa,debit
406960,00-99,CHINGGIS KHAAN BANK,MN,visa,credit
406961,00-99,URWEGO OPPORTUNITY BANK LTD.,RW,visa,debit
406962,00-99,URWEGO OPPORTUNITY BANK LTD.,RW,visa,debit
406963,00-99,URWEGO OPPORTUNITY BANK LTD.,RW,visa,debit
406964,00-99,ERSTE & STEIERMARKISCHE BANK D.D.,HR,visa,credit
406965,00-99,INTERNATIONAL BANK OF MAURITANIA,MR,visa,debit
406966,00-99,AL RAJHI BANKING AND INVESTMENT CORP.,KW,visa,debit
406967,00-99,,US,visa,credit
406968,00-99,ABSA BANK UGANDA LTD.,UG,visa,debit
406969,00-99,BLOM BANK S.A.L.,LB,visa,debit
406970,00-99,BOSNA BANK INTERNATIONAL,BA,visa,debit
406971,00-99,BOSNA BANK INTERNATIONAL,BA,visa,credit
406972,00-99,,US,visa,credit
406973,00-99,,US,visa,credit
406974,00-99,ECOBANK R.D.C. S.A.R.L.,CD,visa,debit
406975,00-99,ECOBANK R.D.C. S.A.R.L.,CD,visa,debit
406976,00-99,INDUSIND BANK LTD.,IN,visa,debit
406977,00-99,AU SMALL FINANCE BANK LTD.,IN,visa,credit
406978,00-99,INTL HDQTRS-CENTER OWNED,OM,visa,debit
406979,00-99,INTL HDQTRS-CENTER OWNED,OM,visa,credit
406980,00-99,ASIAN-PACIFIC BANK (PUBLIC JOINT STOCK COMPANY),RU,visa,credit
406981,00-99,SOCIETE GENERALE DE BANQUES EN GUINEE,GN,visa,debit
406982,00-99,ABSA BANK TANZANIA LTD.,TZ,visa,debit
406983,00-99,,US,visa,credit
406984,00-99,BANK TECHNIQUE OJSC,AZ,visa,credit
406985,00-99,,AE,visa,credit
406986,00-99,,US,visa,credit
406987,00-99,BANK OF AFRICA-COTE D'IVOIRE,CI,visa,debit
406988,00-99,,US,visa,credit
406989,00-99,PJSC IDEA BANK,UA,visa,debit
406990,00-99,CAPITEC BANK LTD.,ZA,visa,debit
406991,00-99,FIRSTBANK DRC SA,CD,visa,debit
406992,00-99,FIRSTBANK DRC SA,CD,visa,debit
406993,00-99,FIRSTBANK DRC SA,CD,visa,credit
406994,00-99,FIRSTBANK DRC SA,CD,visa,debit
406995,00-99,STERLING BANK PLC,NG,visa,debit
406996,00-99,EMIRATES NBD BANK (P.J.S.C.),SA,visa,debit
406997,00-99,BANCO SUPERVIELLE S.A.,AR,visa,credit
406998,00-99,BANCO DE SANTA CRUZ S.A.,AR,visa,debit
406999,00-99,BANCO DE SANTA CRUZ S.A.,AR,visa,debit
407000,00-99,BANK OF AMERICA - CONSUMER CREDIT,US,visa,credit
407001,00-99,BANK OF AMERICA - CONSUMER CREDIT,US,visa,credit
407002,00-99,TEXAS DPS CREDIT UNION,US,visa,debit
407003,00-99,JPMORGAN CHASE BANK N.A.,US,visa,credit
407004,00-99,WEST MICHIGAN CREDIT UNION,US,visa,credit
407005,00-99,ELECTRIC MACHINERY EMPLOYEES CREDIT UNION,US,visa,credit
407006,00-99,CBBC BANK,US,visa,debit
407007,00-99,NEBRASKA STATE EMPLOYEES CREDIT UNION,US,visa,credit
407008,00-99,STATE HIGHWAY PATROL FEDERAL CREDIT UNION,US,visa,credit
407009,00-99,CARD SERVICES FOR CREDIT UNIONS,US,visa,credit
407010,00-99,JPMORGAN CHASE BANK N.A.,US,visa,credit
407011,00-99,STRAIT VIEW CREDIT UNION,US,visa,credit
407012,00-99,BANK OF SHANGHAI,CN,visa,credit
407013,00-99,ASCENSION CREDIT UNION,US,visa,credit
407014,00-99,FIRSTRAND BANK LTD.,ZA,visa,credit
407015,00-99,PRIVATE JS EXCHANGE BANK TRUSTBANK,UZ,visa,debit
407016,00-99,JPMORGAN CHASE BANK N.A.,US,visa,credit
407017,00-99,NORTH CENTRAL AREA CREDIT UNION,US,visa,credit
407018,00-99,JPMORGAN CHASE BANK N.A.,US,visa,credit
407019,00-99,CARD SERVICES FOR CREDIT UNIONS,US,visa,credit
407020,00-99,EXCITE CREDIT UNION,US,visa,debit
407021,00-99,FIRST BUSINESS BANK-MILWAUKEE,US,visa,debit
407022,00-99,PSE CREDIT UNION INC.,US,visa,credit
407023,00-99,THE FIRST NATIONAL BANK OF MCCONNELSVILLE,US,visa,debit
407024,00-99,BANQUE INTERNATIONALE ARABE DE TUNISIE,TN,visa,credit
407025,00-99,FIFTH THIRD BANK,US,visa,credit
407026,00-99,CARD SERVICES FOR CREDIT UNIONS,US,visa,credit
407027,00-99,JPMORGAN CHASE BANK N.A.,US,visa,credit
407028,00-99,KITSAP CREDIT UNION,US,visa,credit
407029,00-99,EATON FAMILY CREDIT UNION INC,US,visa,credit
407030,00-99,NOUVOBANQ - SEYCHELLES INTERNATIONAL MERCANTILE BANKING CORPORATION LTD.,SC,visa,debit
407031,00-99,CREDIMAX B.S.C. (CLOSED),BH,visa,credit
407032,00-99,BAYVANGUARD BANK,US,visa,debit
407033,00-99,PATHWAYS FINANCIAL CREDIT UNION INC,US,visa,credit
407034,00-99,U.S. BANK NATIONAL ASSOCIATION-CREDIT,US,visa,credit
407035,00-99,ALABAMA RURAL ELECTRIC FEDERAL CREDIT UNION,US,visa,credit
407036,00-99,ACCENTRA CREDIT UNION,US,visa,credit
407037,00-99,INSTEP FEDERAL CREDIT UNION,US,visa,credit
407038,00-99,PRABHU BANK LTD.,NP,visa,debit
407039,00-99,MAGNIFI FINANCIAL CREDIT UNION,US,visa,credit
407040,00-99,NAVY FEDERAL CREDIT UNION,US,visa,debit
407041,00-99,COOSA PINES FEDERAL CREDIT UNION,US,visa,credit
407042,00-99,RAILROAD COMMUNITY CREDIT UNION,US,visa,credit
407043,00-99,CENTENARY RURAL DEVELOPMENT BANK LTD.,UG,visa,debit
407044,00-99,GEORGIA'S OWN CREDIT UNION,US,visa,debit
407045,00-99,AWAKON FEDERAL CREDIT UNION,US,visa,credit
407046,00-99,,US,visa,debit
407047,00-99,ANG FEDERAL CREDIT UNION,US,visa,credit
407048,00-99,PRIME FINANCIAL CREDIT UNION,US,visa,credit
407049,00-99,WEXFORD COMMUNITY CREDIT UNION,US,visa,credit
407050,00-99,HENRICO FEDERAL CREDIT UNION,US,visa,credit
407051,00-99,GTE FEDERAL CREDIT UNION,US,visa,credit
407052,00-99,JPMORGAN CHASE BANK N.A.,US,visa,credit
407053,00-99,ARAB TUNISIAN BANK,TN,visa,debit
407054,00-99,SYNCHRONY BANK,US,visa,credit
407055,00-99,SIERRA CENTRAL CREDIT UNION,US,visa,credit
407056,00-99,UNITED NATIONAL BANK,US,visa,debit
407057,00-99,MOUNTAIN AMERICA CREDIT UNION,US,visa,debit
407058,00-99,ARAB TUNISIAN BANK,TN,visa,debit
407059,00-99,HEALTH CARE CREDIT UNION,US,visa,credit
407060,00-99,BANQUE INTERNATIONALE ARABE DE TUNISIE,TN,visa,debit
407061,00-99,BANQUE INTERNATIONALE ARABE DE TUNISIE,TN,visa,debit
407062,00-99,FIRST NEW YORK FEDERAL CREDIT UNION,US,visa,credit
407063,00-99,CARD SERVICES FOR CREDIT UNIONS,US,visa,credit
407064,00-99,EH NATIONAL BANK,US,visa,debit
407065,00-99,ALTERNATIVES FEDERAL CREDIT UNION,US,visa,debit
407066,00-99,PATHWARD N.A.,US,visa,debit
407067,00-99,PATHWARD N.A.,US,visa,debit
407068,00-99,ITAU UNIBANCO HOLDING S.A.,BR,visa,credit
407069,00-99,SYNCHRONY BANK,US,visa,credit
407070,00-99,YES BANK LTD.,IN,visa,credit
407071,00-99,ALTANA FEDERAL CREDIT UNION,US,visa,credit
407072,00-99,HIBBING COOPERATIVE CREDIT UNION,US,visa,credit
407073,00-99,FERGUS FEDERAL CREDIT UNION,US,visa,credit
407074,00-99,ETMA FEDERAL CREDIT UNION,US,visa,credit
407075,00-99,HSBC BANK MIDDLE EAST,AE,visa,credit
407076,00-99,MERHO FEDERAL CREDIT UNION,US,visa,credit
407077,00-99,FIRST COMMONWEALTH FEDERAL CREDIT UNION,US,visa,credit
407078,00-99,CARD SERVICES FOR CREDIT UNIONS,US,visa,credit
407079,00-99,BAY AREA CREDIT UNION INC,US,visa,credit
407080,00-99,MERIDIAN MUTUAL FEDERAL CREDIT UNION,US,visa,credit
407081,00-99,HYPO ALPE-ADRIA-BANK A.D. BEOGRAD,RS,visa,credit
407082,00-99,CARD SERVICES FOR CREDIT UNIONS,US,visa,credit
407083,00-99,600 ATLANTIC FEDERAL CREDIT UNION,US,visa,debit
407084,00-99,ITAU UNIBANCO HOLDING S.A.,BR,visa,credit
407085,00-99,SKY FEDERAL CREDIT UNION,US,visa,credit
407086,00-99,POSTAL FAMILY FEDERAL CREDIT UNION,US,visa,credit
407087,00-99,ITAU UNIBANCO HOLDING S.A.,BR,visa,credit
407088,00-99,ITAU UNIBANCO HOLDING S.A.,BR,visa,credit
407089,00-99,ITAU UNIBANCO HOLDING S.A.,BR,visa,credit
407090,00-99,THE FAMILY FIRST FEDERAL CREDIT UNION,US,visa,credit
407091,00-99,PARK COMMUNITY CREDIT UNION,US,visa,credit
407092,00-99,,SG,visa,debit
407093,00-99,IRON MOUNTAIN-KINGSFORD COMMUNITY FEDERAL CREDIT UNION,US,visa,credit
407094,00-99,JPMORGAN CHASE BANK N.A.,US,visa,credit
407095,00-99,HSBC BANK MIDDLE EAST,AE,visa,credit
407096,00-99,FAMILY HORIZONS CREDIT UNION,US,visa,credit
407097,00-99,STERLING UNITED FEDERAL CREDIT UNION,US,visa,credit
407098,00-99,INTERRA CREDIT UNION,US,visa,credit
407099,00-99,U.S. BANK NATIONAL ASSOCIATION-CREDIT,US,visa,credit
407100,00-99,BANK OF AMERICA - CONSUMER CREDIT,US,visa,credit
407101,00-99,BANK OF AMERICA - CONSUMER CREDIT,US,visa,credit
407102,00-99,ITAU UNIBANCO HOLDING S.A.,BR,visa,credit
407103,00-99,STANBIC BANK BOTSWANA LTD.,BW,visa,credit
407104,00-99,HANCOCK WHITNEY BANK,US,visa,credit
407105,00-99,HSBC BANK USA N.A.,US,visa,credit
407106,00-99,JPMORGAN CHASE BANK N.A.,US,visa,credit
407107,00-99,JSC HALYK BANK OF KAZAKHSTAN,KZ,visa,debit
407108,00-99,JPMORGAN CHASE BANK N.A.,US,visa,credit
407109,00-99,EH NATIONAL BANK,US,visa,debit
407110,00-99,WELLS FARGO BANK NATIONAL ASSOCIATION,US,visa,credit
407111,00-99,MEMBERS 1ST OF NJ FEDERAL CREDIT UNION,US,visa,credit
407112,00-99,ASYA KATILIM BANKASI A.S.,TR,visa,debit
407113,00-99,CB PREODOLENIE,RU,visa,debit
407114,00-99,BANK OF AMERICA NATIONAL ASSOCIATION,US,visa,debit
407115,00-99,ITAU UNIBANCO HOLDING S.A.,BR,visa,credit
407116,00-99,ITAU UNIBANCO HOLDING S.A.,BR,visa,credit
407117,00-99,JPMORGAN CHASE BANK N.A.,US,visa,credit
407118,00-99,LATITUDE 32 FEDERAL CREDIT UNION,US,visa,credit
407119,00-99,BANCO DE LA PROVINCIA DE BUENOS AIRES,AR,visa,credit
407120,00-99,PNC BANK NATIONAL ASSOCIATION - CONSUMER CREDIT,US,visa,credit
407121,00-99,ITAU UNIBANCO HOLDING S.A.,BR,visa,credit
407122,00-99,ITAU UNIBANCO HOLDING S.A.,BR,visa,credit
407123,00-99,JPMORGAN CHASE BANK N.A.,US,visa,credit
407124,00-99,SOCIETE IVOIRIENNE DE BANQUE,CI,visa,debit
407125,00-99,FIRST SOUTHERN NATIONAL BANK,US,visa,credit
407126,00-99,JPMORGAN CHASE BANK N.A.,US,visa,credit
407127,00-99,ACCESS BANK PLC,NG,visa,debit
407128,00-99,BANK OF AMERICA NATIONAL ASSOCIATION,US,visa,debit
407129,00-99,BANK OF AMERICA - CONSUMER CREDIT,US,visa,credit
407130,00-99,WEST PLAINS BANK AND TRUST COMPANY,US,visa,debit
407131,00-99,TOPSIDE FEDERAL CREDIT UNION,US,visa,credit
407132,00-99,BANK GOSPODARSTWA KRAJOWEGO,PL,visa,debit
407133,00-99,JPMORGAN CHASE BANK N.A.,US,visa,credit
407134,00-99,TOPSIDE FEDERAL CREDIT UNION,US,visa,credit
407135,00-99,CFG BANK,US,visa,debit
407136,00-99,LOS ANGELES POLICE FEDERAL CREDIT UNION,US,visa,credit
407137,00-99,SISKIYOU CREDIT UNION,US,visa,credit
407138,00-99,SPECIAL METALS FEDERAL CREDIT UNION,US,visa,debit
407139,00-99,TOPSIDE FEDERAL CREDIT UNION,US,visa,credit
407140,00-99,FIRST NATIONAL BANK OF OMAHA,US,visa,credit
407141,00-99,BLUE RIDGE BANK NATIONAL ASSOCIATION,US,visa,debit
407142,00-99,MUGANBANK OJSC,AZ,visa,debit
407143,00-99,MILLINGTON SAVINGS BANK,US,visa,debit
407144,00-99,,US,visa,debit
407145,00-99,JPMORGAN CHASE BANK N.A.,US,visa,credit
407146,00-99,TAMILNAD MERCANTILE BANK LTD.,IN,visa,credit
407147,00-99,EXIM BANK (UGANDA) LTD.,UG,visa,debit
407148,00-99,DIRECTORS CHOICE CREDIT UNION,US,visa,debit
407149,00-99,TRULIANT FEDERAL CREDIT UNION,US,visa,credit
407150,00-99,BC CARD COMPANY LTD.,KR,visa,credit
407151,00-99,FAIRWINDS CREDIT UNION,US,visa,credit
407152,00-99,JPMORGAN CHASE BANK N.A.,US,visa,credit
407153,00-99,EXIM BANK (UGANDA) LTD.,UG,visa,debit
407154,00-99,PENTAGON FEDERAL CREDIT UNION,US,visa,credit
407155,00-99,ITAU UNIBANCO HOLDING S.A.,BR,visa,credit
407156,00-99,JPMORGAN CHASE BANK N.A.,US,visa,credit
407157,00-99,DCS CARD CENTRE PTE. LTD.,SG,visa,debit
407158,00-99,JPMORGAN CHASE BANK N.A.,US,visa,credit
407159,00-99,,BR,visa,credit
407160,00-99,FEDCHOICE FEDERAL CREDIT UNION,US,visa,credit
407161,00-99,JPMORGAN CHASE BANK N.A.,US,visa,credit
407162,00-99,COMERICA BANK,US,visa,credit
407163,00-99,DEDICATED COMMUNITY BANK,US,visa,debit
407164,00-99,STEARNS BANK NATIONAL ASSOCIATION,US,visa,debit
407165,00-99,CAROLINA TRUST FEDERAL CREDIT UNION,US,visa,credit
407166,00-99,JPMORGAN CHASE BANK N.A.,US,visa,credit
407167,00-99,ITAU UNIBANCO HOLDING S.A.,BR,visa,credit
407168,00-99,ITAU UNIBANCO S.A.,BR,visa,credit
407169,00-99,ELAVON FINANCIAL SERVICES LTD.,NO,visa,credit
407170,00-99,UNION BANK OF THE PHILIPPINES,PH,visa,debit
407171,00-99,U.S. REGION,US,visa,credit
407172,00-99,NORTH STATE BANK,US,visa,debit
407173,00-99,GUYANA BANK FOR TRADE & INDUSTRY LTD.,GY,visa,credit
407174,00-99,WILMINGTON TRUST COMPANY,US,visa,debit
407175,00-99,NATIONAL BANK OF COMMERCE,US,visa,credit
407176,00-99,ST. FRANCIS X FEDERAL CREDIT UNION,US,visa,credit
407177,00-99,JPMORGAN CHASE BANK N.A.,US,visa,credit
407178,00-99,PUBLIC JOINT-STOCK COMPANY BANK OTKRITIE FINANCIAL CORPORATION,RU,visa,debit
407179,00-99,JORDAN FEDERAL CREDIT UNION,US,visa,debit
407180,00-99,JS BANK LTD.,PK,visa,credit
407181,00-99,KINGS PEAK CREDIT UNION,US,visa,debit
407182,00-99,SECURITYPLUS FEDERAL CREDIT UNION,US,visa,credit
407183,00-99,1ST SUMMIT BANK,US,visa,credit
407184,00-99,JPMORGAN CHASE BANK N.A.,US,visa,credit
407185,00-99,AMERICA FIRST FEDERAL CREDIT UNION,US,visa,debit
407186,00-99,AXIS BANK LTD.,IN,visa,credit
407187,00-99,JPMORGAN CHASE BANK N.A.,US,visa,credit
407188,00-99,WELLS FARGO BANK N.A.,US,visa,credit
407189,00-99,ITAU UNIBANCO HOLDING S.A.,BR,visa,credit
407190,00-99,BA MERCHANT SERVICES INC.,US,visa,credit
407191,00-99,KITSAP COMMUNITY FEDERAL CREDIT UNION,US,visa,debit
407192,00-99,NCMIC FINANCE CORPORATION,US,visa,credit
407193,00-99,CREDIT ONE BANK NATIONAL ASSOCIATION,US,visa,credit
407194,00-99,SPERO FINANCIAL FEDERAL CREDIT UNION,US,visa,credit
407195,00-99,WELLS FARGO BANK N.A.,US,visa,debit
407196,00-99,OREGON COMMUNITY CREDIT UNION,US,visa,debit
407197,00-99,ALINMA BANK,SA,visa,debit
407198,00-99,ARGENT FEDERAL CREDIT UNION,US,visa,debit
407199,00-99,ARROWHEAD CENTRAL CREDIT UNION,US,visa,credit
407200,00-99,AXIS BANK LTD.,IN,visa,credit
407201,00-99,NOBLE FEDERAL CREDIT UNION,US,visa,credit
407202,00-99,BA MERCHANT SERVICES INC.,US,visa,credit
407203,00-99,SOUTHWEST AIRLINES FEDERAL CREDIT UNION,US,visa,debit
407204,00-99,UNIVERSITY OF WISCONSIN CREDIT UNION,US,visa,debit
407205,00-99,BANQUE ZITOUNA,TN,visa,debit
407206,00-99,ITAU UNIBANCO HOLDING S.A.,BR,visa,credit
407207,00-99,FIRST FEDERAL SAVINGS AND LOAN ASSOCIATION OF MCMINNVILLE,US,visa,debit
407208,00-99,BANQUE ZITOUNA,TN,visa,debit
407209,00-99,FIRST FEDERAL SAVINGS AND LOAN ASSOCIATION OF MCMINNVILLE,US,visa,debit
407210,00-99,OMNIBSIC BANK GHANA LTD.,GH,visa,debit
407211,00-99,PEOPLES STATE BANK,US,visa,debit
407212,00-99,SUNTRUST BANK,US,visa,debit
407213,00-99,THE FIRST NATIONAL BANK OF MCCONNELSVILLE,US,visa,debit
407214,00-99,PATRIOT EQUITY CREDIT UNION,US,visa,debit
407215,00-99,ILLINOIS VALLEY CREDIT UNION,US,visa,debit
407216,00-99,SUTTON BANK,US,visa,debit
407217,00-99,CONNEXUS CREDIT UNION,US,visa,debit
407218,00-99,PEOPLES TRUST COMPANY,CA,visa,debit
407219,00-99,METRO CREDIT UNION,US,visa,credit
407220,00-99,ANZ,AU,visa,credit
407221,00-99,WELLS FARGO BANK NATIONAL ASSOCIATION,US,visa,credit
407222,00-99,WELLS FARGO BANK NATIONAL ASSOCIATION,US,visa,credit
407223,00-99,JPMORGAN CHASE BANK N.A.,US,visa,credit
407224,00-99,THE VINTON COUNTY NATIONAL BANK,US,visa,credit
407225,00-99,THE VINTON COUNTY NATIONAL BANK,US,visa,credit
407226,00-99,AL RAJHI BANKING AND INVESTMENT CORP.,SA,visa,credit
407227,00-99,FIRST PALMETTO BANK,US,visa,debit
407228,00-99,JPMORGAN CHASE BANK N.A.,US,visa,credit
407229,00-99,,IN,visa,debit
407230,00-99,PNC BANK GLOBAL INVESTMENT SERVICING,US,visa,debit
407231,00-99,PNC FINANCIAL SERVICES GROUP INC.,US,visa,debit
407232,00-99,PNC BANK GLOBAL INVESTMENT SERVICING,US,visa,credit
407233,00-99,PNC FINANCIAL SERVICES GROUP INC.,US,visa,debit
407234,00-99,,RU,visa,debit
407235,00-99,ITAU UNIBANCO HOLDING S.A.,BR,visa,credit
407236,00-99,ITAU UNIBANCO HOLDING S.A.,BR,visa,credit
407237,00-99,ITAU UNIBANCO HOLDING S.A.,BR,visa,credit
407238,00-99,FEDEX EMPLOYEES CREDIT ASSOCIATION FEDERAL CREDIT UNION,US,visa,debit
407239,00-99,HARBORONE BANK,US,visa,debit
407240,00-99,THE FAHEY BANKING COMPANY,US,visa,debit
407241,00-99,NCUBO CAPITAL SAPI DE CV,MX,visa,credit
407242,00-99,LIBERBANK S.A.,ES,visa,credit
407243,00-99,U.S. BANK NATIONAL ASSOCIATION-CREDIT,US,visa,credit
407244,00-99,THE BATH STATE BANK,US,visa,debit
407245,00-99,BANCO CUSCATLAN DE EL SALVADOR S.A.,SV,visa,debit
407246,00-99,FIRST AMERICAN BANK,US,visa,credit
407247,00-99,BANQUE MISR,EG,visa,debit
407248,00-99,THE MERCHANTS NATIONAL BANK,US,visa,debit
407249,00-99,JPMORGAN CHASE BANK N.A.,US,visa,credit
407250,00-99,COMMUNITY CREDIT UNION,US,visa,debit
407251,00-99,NEW ALLIANCE FEDERAL CREDIT UNION,US,visa,debit
407252,00-99,APCI FEDERAL CREDIT UNION,US,visa,debit
407253,00-99,HUNTINGTON FEDERAL SAVINGS BANK,US,visa,debit
407254,00-99,1ST BANK OF SEA ISLE CITY,US,visa,debit
407255,00-99,DIRECTIONS CREDIT UNION,US,visa,credit
407256,00-99,BANQUE MISR,EG,visa,debit
407257,00-99,EARTHMOVER CREDIT UNION,US,visa,credit
407258,00-99,ILLIANA FINANCIAL CREDIT UNION,US,visa,credit
407259,00-99,BANK OF AMERICA - CONSUMER CREDIT,US,visa,credit
407260,00-99,BANK OF AMERICA - CONSUMER CREDIT,US,visa,credit
407261,00-99,NATIONAL BANKCARD SERVICES,US,visa,credit
407262,00-99,JSC SUBSIDIARY BANK ALFA-BANK,KZ,visa,credit
407263,00-99,REGIONAL FEDERAL CREDIT UNION,US,visa,credit
407264,00-99,HERITAGE BANK - A DIVISION OF HERITAGE PEOPLE'S CHOICE LTD.,AU,visa,credit
407265,00-99,TAIPEI FUBON COMMERCIAL BANK CO. LTD.,TW,visa,credit
407266,00-99,BANK SAINT PETERSBURG PLC,RU,visa,credit
407267,00-99,ITAU UNIBANCO HOLDING S.A.,BR,visa,credit
407268,00-99,FARMERS STATE BANK OF ALTO PASS ILL.,US,visa,debit
407269,00-99,JPMORGAN CHASE BANK N.A.,US,visa,credit
407270,00-99,IAA CREDIT UNION,US,visa,debit
407271,00-99,THE OHIO EDUCATIONAL CREDIT UNION INC.,US,visa,debit
407272,00-99,TRANSCEND CREDIT UNION,US,visa,debit
407273,00-99,FOX VALLEY CREDIT UNION,US,visa,debit
407274,00-99,SJN BANK OF KANSAS,US,visa,debit
407275,00-99,MEGHNA BANK PLC.,BD,visa,debit
407276,00-99,REPUBLIC BANK & TRUST COMPANY,US,visa,debit
407277,00-99,,US,visa,credit
407278,00-99,ITAU UNIBANCO HOLDING S.A.,BR,visa,debit
407279,00-99,UMB BANK NATIONAL ASSOCIATION,US,visa,debit
407280,00-99,THE HUNTINGTON NATIONAL BANK,US,visa,credit
407281,00-99,AL RAJHI BANKING AND INVESTMENT CORP.,SA,visa,debit
407282,00-99,BENDIGO BANK LTD.,AU,visa,credit
407283,00-99,,US,visa,debit
407284,00-99,HONGLEONGBANK,MY,visa,debit
407285,00-99,STATE BANK OF THE LAKES,US,visa,debit
407286,00-99,STEEL VALLEY BANK N.A.,US,visa,credit
407287,00-99,JPMORGAN CHASE BANK N.A.,US,visa,credit
407288,00-99,,QA,visa,debit
407289,00-99,ANTWERP EXCHANGE BANK COMPANY,US,visa,debit
407290,00-99,PATRIOT BANK NATIONAL ASSOCIATION,US,visa,debit
407291,00-99,CALCASIEU PARISH EMPLOYEES FEDERAL CREDIT UNION,US,visa,debit
407292,00-99,BRAZOS COMMUNITY CREDIT UNION,US,visa,debit
407293,00-99,1ST KANSAS CREDIT UNION,US,visa,debit
407294,00-99,JPMORGAN CHASE BANK N.A.,US,visa,credit
407295,00-99,GIB-SA,SA,visa,credit
407296,00-99,NIUM LTD.,HK,visa,credit
407297,00-99,,US,visa,credit
407298,00-99,SOUTH STATE BANK,US,visa,debit
407299,00-99,BENDIGO AND ADELAIDE BANK LTD.,AU,visa,credit
407300,00-99,BANCO SECURITY,CL,visa,credit
407301,00-99,BANCO ACTINVER S.A. INSTITUCION DE BANCA MULTIPLE GRUPO FINANCIERO ACTINVER,MX,visa,debit
407302,00-99,BANCO SANTANDER S.A.,BR,visa,credit
407303,00-99,SANTANDER,BR,visa,credit
407304,00-99,BBVA BANCOMER S.A.,MX,visa,debit
407305,00-99,SOCIETE IVOIRIENNE DE BANQUE,CI,visa,debit
407306,00-99,PARTNERSHIP FINANCIAL CREDIT UNION,US,visa,debit
407307,00-99,MUTUAL FEDERAL CREDIT UNION,US,visa,credit
407308,00-99,MUTUAL FEDERAL CREDIT UNION,US,visa,credit
407309,00-99,METROPOLITAN COMMERCIAL BANK,US,visa,debit
407310,00-99,UNION BANK AND TRUST COMPANY,US,visa,debit
407311,00-99,BANK OZK,US,visa,debit
407312,00-99,COMMUNITY HEALTHCARE FEDERAL CREDIT UNION,US,visa,credit
407313,00-99,SERVICE CREDIT UNION,US,visa,debit
407314,00-99,BRANCH BANKING AND TRUST COMPANY,US,visa,credit
407315,00-99,USF FEDERAL CREDIT UNION,US,visa,credit
407316,00-99,CHASE BANK USA N.A.,US,visa,credit
407317,00-99,CONTECNICA S.A.,GT,visa,credit
407318,00-99,BANCO FINANCIERA COMERCIAL HONDURE A S.A.,HN,visa,debit
407319,00-99,BANCO AGRICOLA S.A.,SV,visa,credit
407320,00-99,BANK OF NOVA SCOTIA,VI,visa,credit
407321,00-99,,US,visa,credit
407322,00-99,BANK OF NOVA SCOTIA,BZ,visa,credit
407323,00-99,FIRSTCARIBBEAN INTERNATIONAL BANK (CAYMAN) LTD.,VG,visa,debit
407324,00-99,SCOTIABANK (CAYMAN ISLAND) LTD.,KY,visa,credit
407325,00-99,BANK OF NOVA SCOTIA,GY,visa,credit
407326,00-99,FIRSTCARIBBEAN INTERNATIONAL BANK (CAYMAN) LTD.,SX,visa,debit
407327,00-99,BANK OF NOVA SCOTIA,TC,visa,credit
407328,00-99,UNIBANK S.A.,HT,visa,debit
407329,00-99,ITAU UNIBANCO S.A.,BR,visa,credit
407330,00-99,JPMORGAN CHASE BANK N.A.,US,visa,credit
407331,00-99,INTERPAYMENT SERVICES LTD.,SG,visa,debit
407332,00-99,GENBANK,RU,visa,debit
407333,00-99,GENBANK,RU,visa,debit
407334,00-99,JSC BANK SNGB,RU,visa,debit
407335,00-99,PARK NATIONAL BANK,US,visa,debit
407336,00-99,HEALTHCARE SYSTEMS FEDERAL CREDIT UNION,US,visa,debit
407337,00-99,EXECUTIVE NATIONAL BANK,US,visa,debit
407338,00-99,,US,visa,credit
407339,00-99,,MX,visa,credit
407340,00-99,,US,visa,debit
407341,00-99,AIRWALLEX (SINGAPORE) PTE. LTD.,MY,visa,debit
407342,00-99,OPEN-END JSC AGROBANK,UZ,visa,debit
407343,00-99,BANCA DE ECONOMI,MD,visa,debit
407344,00-99,FIRST GLOBAL BANK LTD.,JM,visa,debit
407345,00-99,BANCO GENERAL RUMINAHUI S.A.,EC,visa,credit
407346,00-99,BANCO GENERAL RUMINAHUI S.A.,EC,visa,credit
407347,00-99,JSCB AK BARS (OJSC),RU,visa,credit
407348,00-99,BANCO POPULAR ESPANOL S.A.,ES,visa,credit
407349,00-99,BANCO POPULAR ESPANOL S.A.,ES,visa,credit
407350,00-99,,US,visa,debit
407351,00-99,BANCO POPULAR ESPANOL S.A.,ES,visa,credit
407352,00-99,ICICI BANK LTD.,IN,visa,credit
407353,00-99,BANCO POPULAR ESPANOL S.A.,ES,visa,credit
407354,00-99,INTERNATIONAL BANK OF COMMERCE,US,visa,credit
407355,00-99,INTERNATIONAL BANK OF COMMERCE,US,visa,credit
407356,00-99,INTERPAYMENT SERVICES LTD.,GH,visa,debit
407357,00-99,PT. BANK RAKYAT INDONESIA (PERSERO) TBK,ID,visa,debit
407358,00-99,,IN,visa,debit
407359,00-99,CITIZENS BANK & TRUST,US,visa,debit
407360,00-99,PUBLIC JOINT-STOCK COMPANY UKRSIBBANK,UA,visa,debit
407361,00-99,JSC UKRSIBBANK,UA,visa,debit
407362,00-99,JSC UKRSIBBANK,UA,visa,debit
407363,00-99,JSC UKRSIBBANK,UA,visa,debit
407364,00-99,JSC UKRSIBBANK,UA,visa,debit
407365,00-99,PUBLIC JOINT-STOCK COMPANY UKRSIBBANK,UA,visa,debit
407366,00-99,UNITED BANK FOR AFRICA BURKINA,BF,visa,debit
407367,00-99,PRIVATE JOINT COMMERCIAL BANK OF UNIVERSAL BANK,UZ,visa,debit
407368,00-99,JS INNOVATION BANK UKRSIBBANK,UA,visa,credit
407369,00-99,DEUTSCHE POSTBANK AG,DE,visa,credit
407370,00-99,DEUTSCHE POSTBANK AG,DE,visa,credit
407371,00-99,DEUTSCHE POSTBANK AG,DE,visa,credit
407372,00-99,BANK ISLAM MALAYSIA BERHAD,MY,visa,debit
407373,00-99,,RU,visa,debit
407374,00-99,VTB BANK PJSC,RU,visa,debit
407375,00-99,HEBROSBANK A.D.,BG,visa,debit
407376,00-99,HEBROSBANK A.D.,BG,visa,debit
407377,00-99,HEBROSBANK A.D.,BG,visa,debit
407378,00-99,MBANK S.A.,PL,visa,credit
407379,00-99,MBANK S.A.,PL,visa,debit
407380,00-99,VTB BANK PJSC,RU,visa,debit
407381,00-99,HAY LTD.,AU,visa,debit
407382,00-99,BANCO CONTINENTAL S.A.,HN,visa,debit
407383,00-99,BANCO DAVIVIENDA S.A.,CO,visa,credit
407384,00-99,,US,visa,credit
407385,00-99,TBBK CARD SERVICES INC.,US,visa,debit
407386,00-99,KOOKMIN BANK SOUTH,KP,visa,credit
407387,00-99,BANK OF MALDIVES PLC,MV,visa,credit
407388,00-99,BANK OF MALDIVES PLC,MV,visa,credit
407389,00-99,JPMORGAN CHASE BANK N.A.,US,visa,credit
407390,00-99,REPUBLIC BANK LTD.,TT,visa,debit
407391,00-99,PRIME TRUST FINANCIAL CORPORATION LTD.,JM,visa,debit
407392,00-99,BANQUE SAUDI FRANSI,SA,visa,debit
407393,00-99,TECNICARD INC.,NI,visa,credit
407394,00-99,BANCO DO NORDESTE DO BRASIL S.A.,BR,visa,debit
407395,00-99,ALINMA BANK,SA,visa,debit
407396,00-99,,US,visa,credit
407397,00-99,,US,visa,credit
407398,00-99,SCOTIABANK COLPATRIA S.A,CO,visa,credit
407399,00-99,,MX,visa,credit
407400,00-99,BANCO NACIONAL DE BOLIVIA S.A.,BO,visa,debit
407401,00-99,BANCO DE CHILE,CL,visa,credit
407402,00-99,,DE,visa,credit
407403,00-99,,US,visa,credit
407404,00-99,JPMORGAN CHASE BANK N.A.,US,visa,credit
407405,00-99,CHINA MINSHENG BANKING CORP.LTD,CN,visa,credit
407406,00-99,,US,visa,credit
407407,00-99,BC CARD COMPANY LTD.,KR,visa,credit
407408,00-99,BANCO VENEZOLANO DE CREDITO,VE,visa,credit
407409,00-99,ITAU UNIBANCO HOLDING S.A.,BR,visa,credit
407410,00-99,MALAYAN BANKING BERHAD,MY,visa,credit
407411,00-99,BANCO DE CREDITO DEL PERU,PE,visa,credit
407412,00-99,BANCO MERCANTIL DO BRASIL S.A.,BR,visa,credit
407413,00-99,DIAMOND TRUST BANK KENYA LTD.,KE,visa,credit
407414,00-99,ITAU UNIBANCO HOLDING S.A.,BR,visa,credit
407415,00-99,BANQUE SAUDI FRANSI,SA,visa,credit
407416,00-99,FIRST ABU DHABI BANK (PJSC),AE,visa,credit
407417,00-99,BURGAN BANK (S.A.K.),KW,visa,credit
407418,00-99,JPMORGAN CHASE BANK N.A.,US,visa,credit
407419,00-99,CITIBANK BERHAD,MY,visa,credit
407420,00-99,KANMU INC.,JP,visa,credit
407421,00-99,CORNERSTONE TRUST & MERCHANT BANK LIMITED (CTMB),JM,visa,debit
407422,00-99,JPMORGAN CHASE BANK N.A.,US,visa,credit
407423,00-99,KB KOOKMIN CARD CO. LTD.,KR,visa,credit
407424,00-99,HYUNDAICARD CO. LTD.,KR,visa,credit
407425,00-99,JPMORGAN CHASE BANK N.A.,US,visa,credit
407426,00-99,BANCO DE LA PRODUCCIONS.A. (PRODUBANCO),EC,visa,credit
407427,00-99,BANCO OCCIDENTAL DE DESCUENTO BANCO UNIVERSAL C.A.,VE,visa,credit
407428,00-99,,US,visa,credit
407429,00-99,,US,visa,credit
407430,00-99,,US,visa,credit
407431,00-99,TAIWAN SHIN KONG COMMERCIAL BANK,TW,visa,credit
407432,00-99,WOORI BANK VIETNAM LTD.,VN,visa,debit
407433,00-99,CITIBANK,BR,visa,credit
407434,00-99,BANCO SANTANDER S.A.,BR,visa,credit
407435,00-99,PJSC ALFA-BANK,UA,visa,debit
407436,00-99,THE FEDERAL BANK LTD.,IN,visa,credit
407437,00-99,JPMORGAN CHASE BANK N.A.,US,visa,credit
407438,00-99,AXIS BANK LTD.,IN,visa,credit
407439,00-99,AXIS BANK LTD.,IN,visa,credit
407440,00-99,VENEZOLANO DE CREDITO S.A. BANCO UNIVERS.A.L.,VE,visa,credit
407441,00-99,SUNRISE BANKS NATIONAL ASSOCIATION,US,visa,debit
407442,00-99,CITIBANK N.A.,US,visa,debit
407443,00-99,JPMORGAN CHASE BANK N.A.,US,visa,credit
407444,00-99,SUNRISE BANKS NATIONAL ASSOCIATION,US,visa,debit
407445,00-99,CITIBANK N.A.,US,visa,debit
407446,00-99,JPMORGAN CHASE BANK N.A.,US,visa,credit
407447,00-99,CDG CAPITAL,MA,visa,debit
407448,00-99,BANK AUDI SAL,LB,visa,credit
407449,00-99,,US,visa,credit
407450,00-99,ZIPMONEY PAYMENTS PTY LTD.,AU,visa,credit
407451,00-99,VOLVOFINANS BANK AB (PUBL),SE,visa,credit
407452,00-99,,US,visa,credit
407453,00-99,CITIBANK N.A.,US,visa,credit
407454,00-99,KLARNA BANK AB,DE,visa,credit
407455,00-99,SHINHAN CARD CO. LTD.,KR,visa,credit
407456,00-99,,US,visa,credit
407457,00-99,BANCO CARONI C.A.,VE,visa,credit
407458,00-99,BANCO NACIONAL DE MEXICO S.A.,MX,visa,credit
407459,00-99,WOORI BANK VIETNAM LTD.,VN,visa,credit
407460,00-99,THE MAURITIUS COMMERCIAL BANK LTD.,MU,visa,credit
407461,00-99,BNP PARIBAS,FR,visa,credit
407462,00-99,BNP PARIBAS,FR,visa,credit
407463,00-99,BNP PARIBAS,FR,visa,credit
407464,00-99,BIBANCA S.P.A.,IT,visa,credit
407465,00-99,WOORI BANK VIETNAM LTD.,VN,visa,debit
407466,00-99,BANCO BONSUCESSO S.A.,BR,visa,credit
407467,00-99,KB KOOKMIN CARD CO. LTD.,KR,visa,credit
407468,00-99,DOCK INSTITUICAO DE PAGAMENTO S.A.,BR,visa,credit
407469,00-99,HYUNDAI CARD COMPANY LTD.,KR,visa,credit
407470,00-99,BAHRAIN ISLAMIC BANK BSC,BH,visa,credit
407471,00-99,ACCESS BANK (GHANA) PLC,GH,visa,credit
407472,00-99,JPMORGAN CHASE BANK N.A.,US,visa,credit
407473,00-99,BANCO FICOHSA GUATEMALA S.A.,GT,visa,debit
407474,00-99,BANCO FICOHSA GUATEMALA S.A.,GT,visa,credit
407475,00-99,BANCO FICOHSA GUATEMALA S.A.,GT,visa,credit
407476,00-99,BANCO FICOHSA GUATEMALA S.A.,GT,visa,credit
407477,00-99,BANCO FICOHSA GUATEMALA S.A.,GT,visa,credit
407478,00-99,WOORI BANK VIETNAM LTD.,VN,visa,credit
407479,00-99,ITAU UNIBANCO HOLDING S.A.,BR,visa,credit
407480,00-99,THE FEDERAL BANK LTD.,IN,visa,credit
407481,00-99,BNP PARIBAS,FR,visa,credit
407482,00-99,BNP PARIBAS,FR,visa,credit
407483,00-99,BNP PARIBAS,FR,visa,credit
407484,00-99,INDUSIND BANK LTD.,IN,visa,credit
407485,00-99,ABNB FEDERAL CREDIT UNION,US,visa,credit
407486,00-99,S.T.B. UNION LTD.,IL,visa,debit
407487,00-99,THE FEDERAL BANK LTD.,IN,visa,credit
407488,00-99,IDBI BANK LTD.,IN,visa,debit
407489,00-99,IDBI BANK LTD.,IN,visa,debit
407490,00-99,IDFC FIRST BANK LTD.,IN,visa,debit
407491,00-99,IDFC FIRST BANK LTD.,IN,visa,debit
407492,00-99,IDFC FIRST BANK LTD.,IN,visa,debit
407493,00-99,IDBI BANK LTD.,IN,visa,debit
407494,00-99,IDBI BANK LTD.,IN,visa,debit
407495,00-99,STANDARD CHARTERED BANK,IN,visa,credit
407496,00-99,JAMMU AND KASHMIR BANK LTD.,IN,visa,debit
407497,00-99,HDFC BANK LTD.,IN,visa,credit
407498,00-99,HDFC BANK LTD.,IN,visa,credit
407499,00-99,AXIS BANK LTD.,IN,visa,credit
407500,00-99,ASOCIACION LA NACIONAL DE AHORROS Y PRESTAMOS,DO,visa,credit
407501,00-99,BANCO AGROMERCANTIL DE GUATEMALA S.A.,GT,visa,credit
407502,00-99,JPMORGAN CHASE BANK N.A.,US,visa,credit
407503,00-99,BC CARD COMPANY LTD.,KR,visa,credit
407504,00-99,JPMORGAN CHASE BANK N.A.,US,visa,credit
407505,00-99,ITAU,BR,visa,credit
407506,00-99,CRNOGORSKA KOMERCIJALNA BANKA AD PODGORICA,ME,visa,debit
407507,00-99,FIRST ABU DHABI BANK (PJSC),AE,visa,credit
407508,00-99,,US,visa,credit
407509,00-99,FIRST INVESTMENT BANK,BG,visa,credit
407510,00-99,JPMORGAN CHASE BANK N.A.,US,visa,credit
407511,00-99,BANCO VENEZOLANO DE CREDITO,VE,visa,credit
407512,00-99,,DE,visa,credit
407513,00-99,SKANDINAVISKA ENSKILDA BANKEN AB,SE,visa,debit
407514,00-99,UNITED OVERSEAS BANK LTD.,SG,visa,credit
407515,00-99,JPMORGAN CHASE BANK N.A.,US,visa,credit
407516,00-99,BANK LEUMI LE-ISRAEL BM,IL,visa,credit
407517,00-99,MAX IT FINANCE LTD.,IL,visa,credit
407518,00-99,WOORI BANK VIETNAM LTD.,VN,visa,debit
407519,00-99,JPMORGAN CHASE BANK N.A.,US,visa,credit
407520,00-99,GIB-SA,SA,visa,debit
407521,00-99,THE FIRST NATIONAL BANK OF FORT SMITH,US,visa,debit
407522,00-99,AFFINITY PLUS FEDERAL CREDIT UNION,US,visa,credit
407523,00-99,AFFINITY PLUS FEDERAL CREDIT UNION,US,visa,credit
407524,00-99,UNITED OVERSEAS BANK(THAI) PUBLIC COMPANY LTD.,TH,visa,credit
407525,00-99,JPMORGAN CHASE BANK N.A.,US,visa,credit
407526,00-99,CITIBANK (HONG KONG) LTD.,HK,visa,credit
407527,00-99,,US,visa,debit
407528,00-99,PJSC SCB METALLINVESTBANK,RU,visa,credit
407529,00-99,COMENITY CAPITAL BANK,US,visa,credit
407530,00-99,CLEARWATER FEDERAL CREDIT UNION,US,visa,credit
407531,00-99,CEDAR RAPIDS BANK AND TRUST COMPANY,US,visa,debit
407532,00-99,AIK BANKA AD BEOGRAD,RS,visa,debit
407533,00-99,CENTRAL COOPERATIVE BANK PLC,BG,visa,credit
407534,00-99,PIRAEUS BANK S.A.,GR,visa,credit
407535,00-99,PATRIOT BANK NATIONAL ASSOCIATION,US,visa,debit
407536,00-99,JPMORGAN CHASE BANK N.A.,US,visa,credit
407537,00-99,BANCO MULTIPLE SANTA CRUZ S.A.,DO,visa,credit
407538,00-99,SANTANDER BANK POLSKA S.A.,PL,visa,debit
407539,00-99,STANDARD CHARTERED BANK (THAI) PUBLIC CO. LTD.,TH,visa,credit
407540,00-99,JPMORGAN CHASE BANK N.A.,US,visa,credit
407541,00-99,NATIONAL FEDERATION OF FISHERIES COOPERATIVES,KR,visa,credit
407542,00-99,COMPAGNIE BANCAIRE DE L'AFRIQUE OCCIDENTALE,SN,visa,debit
407543,00-99,JPMORGAN CHASE BANK N.A.,US,visa,credit
407544,00-99,TOYOTA BANK POLSKA S.A.,PL,visa,debit
407545,00-99,BANKMUSCAT (SAOG),OM,visa,debit
407546,00-99,BANCO MULTIPLE PROMERICA DE LA REPUBLICA DOMINICANA S.A.,DO,visa,credit
407547,00-99,VSEOBECNA UVEROVA BANKA A.S.,SK,visa,debit
407548,00-99,CAIXA GERAL DE DEPOSITOS S.A.,PT,visa,credit
407549,00-99,CAIXA GERAL DE DEPOSITOS S.A.,PT,visa,credit
407550,00-99,JPMORGAN CHASE BANK N.A.,US,visa,credit
407551,00-99,CONTECNICA S.A.,GT,visa,credit
407552,00-99,BANCO INDUSTRIAL S.A.,GT,visa,debit
407553,00-99,JPMORGAN CHASE BANK N.A.,US,visa,credit
407554,00-99,CREDIT SAISON CO. LTD.,JP,visa,debit
407555,00-99,EMPORIKI BANK - BULGARIA EAD,BG,visa,credit
407556,00-99,BANCO DEL TESORO C.A. BANCO UNIVERS.A.L.,VE,visa,credit
407557,00-99,OCBC BANK (HONG KONG) LTD.,HK,visa,debit
407558,00-99,KB KOOKMIN CARD CO. LTD.,KR,visa,credit
407559,00-99,TARJETAS BANAMEX S.A. DE C.V. SOFOM ENTIDAD REGULADA,MX,visa,credit
407560,00-99,BANCO POPULAR DE PUERTO RICO,PR,visa,debit
407561,00-99,TARJETAS DEL FUTURO S.A.P.I. DE C.V.,MX,visa,credit
407562,00-99,NORDEA BANK POLSKA S.A.,PL,visa,credit
407563,00-99,ELEVATIONS CREDIT UNION,US,visa,credit
407564,00-99,PJSC ROSBANK,RU,visa,debit
407565,00-99,,US,visa,credit
407566,00-99,TOYOTA BANK POLSKA S.A.,PL,visa,credit
407567,00-99,,US,visa,credit
407568,00-99,,US,visa,credit
407569,00-99,STANDARD CHARTERED BANK (PAKISTAN) LTD.,PK,visa,credit
407570,00-99,BANC POST S.A.,RO,visa,debit
407571,00-99,POSTFINANCE AG,CH,visa,credit
407572,00-99,ALLIED BANK LTD.,PK,visa,debit
407573,00-99,VSEOBECNA UVEROVA BANKA A.S.,SK,visa,debit
407574,00-99,ELEVATIONS CREDIT UNION,US,visa,credit
407575,00-99,BANCO SANTANDER TOTTA S.A.,PT,visa,credit
407576,00-99,TRADE & DEVELOPMENT BANK JSC,MN,visa,credit
407577,00-99,BANK DNB NORD POLSKA S.A.,PL,visa,credit
407578,00-99,BANK OF SAINT LUCIA LTD.,LC,visa,credit
407579,00-99,UNICREDIT BANK CZECH REPUBLIC & SLOVAKIA A.S.,SK,visa,credit
407580,00-99,UNICREDIT BANK CZECH REPUBLIC & SLOVAKIA A.S.,SK,visa,debit
407581,00-99,PAYNETICS AD,DE,visa,credit
407582,00-99,ATTICA BANK S.A.,GR,visa,credit
407583,00-99,REPUBLIC BANK (GUYANA) LTD.,GY,visa,credit
407584,00-99,,US,visa,credit
407585,00-99,LAXMI BANK LTD.,NP,visa,credit
407586,00-99,ACCESS BANK PLC,NG,visa,credit
407587,00-99,DOMINET BANK S.A.,PL,visa,credit
407588,00-99,,US,visa,credit
407589,00-99,SAMSUNG CARD CO. LTD.,KR,visa,credit
407590,00-99,SAMSUNG CARD CO. LTD,KR,visa,credit
407591,00-99,PROVIDUSBANK PLC,NG,visa,debit
407592,00-99,BANCO FINANCIERA COMERCIAL HONDURE A S.A.,HN,visa,credit
407593,00-99,,IN,visa,debit
407594,00-99,JPMORGAN CHASE BANK N.A.,US,visa,credit
407595,00-99,BANCO DE CHILE,CL,visa,debit
407596,00-99,BAUTZEN S.A.,UY,visa,credit
407597,00-99,BAUTZEN S.A.,UY,visa,credit
407598,00-99,ABU DHABI ISLAMIC BANK,AE,visa,credit
407599,00-99,OJSC CB INTERBANK,UA,visa,credit
407600,00-99,ITAU UNIBANCO HOLDING S.A.,BR,visa,credit
407601,00-99,MALAYAN BANKING BERHAD,MY,visa,credit
407602,00-99,BANCO EXTERIOR C.A.,VE,visa,credit
407603,00-99,BC CARD COMPANY LTD.,KR,visa,debit
407604,00-99,CITIBANK BERHAD,MY,visa,credit
407605,00-99,,US,visa,credit
407606,00-99,BANK VTB AZERBAIJAN OJSC,AZ,visa,credit
407607,00-99,BANCO OCCIDENTAL DE DESCUENTO BANCO UNIVERSAL C.A.,VE,visa,credit
407608,00-99,,US,visa,credit
407609,00-99,JPMORGAN CHASE BANK N.A.,US,visa,credit
407610,00-99,XPLORE FEDERAL CREDIT UNION,US,visa,credit
407611,00-99,XPLORE FEDERAL CREDIT UNION,US,visa,debit
407612,00-99,BANCO AZTECA S.A. INSTITUCION DE BANCA MULTIPLE,MX,visa,debit
407613,00-99,PAYPAY CARD CORPORATION,JP,visa,credit
407614,00-99,,US,visa,credit
407615,00-99,,US,visa,credit
407616,00-99,CORP BANCA C.A.,VE,visa,credit
407617,00-99,,US,visa,debit
407618,00-99,BANCO BRADESCO S.A.,BR,visa,credit
407619,00-99,,KE,visa,debit
407620,00-99,AL RAJHI BANKING AND INVESTMENT CORP.,SA,visa,credit
407621,00-99,SERVICE FEDERAL CREDIT UNION,US,visa,credit
407622,00-99,SERVICE FEDERAL CREDIT UNION,US,visa,credit
407623,00-99,SERVICE FEDERAL CREDIT UNION,US,visa,credit
407624,00-99,SERVICE FEDERAL CREDIT UNION,US,visa,debit
407625,00-99,BC CARD,KR,visa,credit
407626,00-99,J.M. ASSOCIATES FEDERAL CREDIT UNION,US,visa,credit
407627,00-99,DENALI STATE BANK,US,visa,debit
407628,00-99,DENALI STATE BANK,US,visa,debit
407629,00-99,METABANK,US,visa,debit
407630,00-99,SOUND FEDERAL CREDIT UNION,US,visa,debit
407631,00-99,MVB BANK INC,US,visa,debit
407632,00-99,ITAU UNIBANCO HOLDING S.A.,BR,visa,debit
407633,00-99,ITAU UNIBANCO S.A.,BR,visa,credit
407634,00-99,FIREFIGHTERS CREDIT UNION,US,visa,debit
407635,00-99,METABANK,US,visa,debit
407636,00-99,THE BANK OF TESCOTT,US,visa,debit
407637,00-99,HONG LEONG ISLAMIC BANK BERHAD,MY,visa,debit
407638,00-99,CENTRIC FEDERAL CREDIT UNION,US,visa,credit
407639,00-99,CENTRIC FEDERAL CREDIT UNION,US,visa,debit
407640,00-99,METABANK,US,visa,debit
407641,00-99,ITAU UNIBANCO HOLDING S.A.,BR,visa,credit
407642,00-99,ITAU UNIBANCO HOLDING S.A.,BR,visa,credit
407643,00-99,HOUSTON FEDERAL CREDIT UNION,US,visa,credit
407644,00-99,HOUSTON FEDERAL CREDIT UNION,US,visa,credit
407645,00-99,HOUSTON FEDERAL CREDIT UNION,US,visa,debit
407646,00-99,,IN,visa,debit
407647,00-99,HOUSTON FEDERAL CREDIT UNION,US,visa,credit
407648,00-99,ITAU UNIBANCO HOLDING S.A.,BR,visa,credit
407649,00-99,PATHWARD N.A.,US,visa,debit
407650,00-99,PATHWARD N.A.,US,visa,debit
407651,00-99,AXIS BANK LTD.,IN,visa,credit
407652,00-99,DEVELOPMENT CREDIT BANK LTD.,IN,visa,credit
407653,00-99,BANK OF CEYLON,LK,visa,debit
407654,00-99,AL RAJHI BANKING AND INVESTMENT CORP.,SA,visa,credit
407655,00-99,ARKANSAS BEST FEDERAL CREDIT UNION,US,visa,credit
407656,00-99,WOORI BANK VIETNAM LTD.,VN,visa,credit
407657,00-99,ITAU UNIBANCO HOLDING S.A.,BR,visa,credit
407658,00-99,FIRSTRAND BANK LTD.,ZA,visa,credit
407659,00-99,ICICI BANK LTD.,IN,visa,credit
407660,00-99,INDIAN BANK,IN,visa,debit
407661,00-99,INDUSTRIAL AND COMMERCIAL BANK OF CHINA LTD.,SG,visa,debit
407662,00-99,PT BANK NEGARA INDONESIA (PERSERO) TBK,ID,visa,debit
407663,00-99,,US,visa,credit
407664,00-99,BANCO MULTIPLE SANTA CRUZ S.A.,DO,visa,debit
407665,00-99,BANCO DE BOGOTA,CO,visa,credit
407666,00-99,BANCO BBVA ARGENTINA S.A.,AR,visa,credit
407667,00-99,CANADIAN IMPERIAL BANK OF COMMERCE,CA,visa,debit
407668,00-99,,US,visa,credit
407669,00-99,,IN,visa,debit
407670,00-99,STANDARD CHARTERED BANK,JO,visa,credit
407671,00-99,,US,visa,credit
407672,00-99,VIET CAPITAL COMMERCIAL JOINT STOCK BANK,VN,visa,credit
407673,00-99,BANCO MULTIPLE BHD S. A.,DO,visa,credit
407674,00-99,EGEBANK A.S.,DO,visa,credit
407675,00-99,BANCO MULTIPLE PROMERICA DE LA REPUBLICA DOMINICANA S.A.,DO,visa,credit
407676,00-99,BANCO MULTIPLE PROMERICA DE LA REPUBLICA DOMINICANA S.A.,DO,visa,credit
407677,00-99,BANCO MULTIPLE PROMERICA DE LA REPUBLICA DOMINICANA S.A.,DO,visa,credit
407678,00-99,BANCO MULTIPLE PROMERICA DE LA REPUBLICA DOMINICANA S.A.,DO,visa,credit
407679,00-99,BANCO FASSIL S.A. (OFFBOARDING),BO,visa,credit
407680,00-99,,CO,visa,credit
407681,00-99,,US,visa,credit
407682,00-99,IDFC FIRST BANK LTD.,IN,visa,credit
407683,00-99,,US,visa,credit
407684,00-99,,US,visa,credit
407685,00-99,,US,visa,credit
407686,00-99,THE FEDERAL BANK LTD.,IN,visa,credit
407687,00-99,,US,visa,credit
407688,00-99,INTERNATIONAL UNION BANK S.A.,PA,visa,credit
407689,00-99,INTERNATIONAL UNION BANK S.A.,PA,visa,credit
407690,00-99,INTERNATIONAL UNION BANK S.A.,PA,visa,credit
407691,00-99,EXPRINTER INTERNATIONAL BANK N.V.,CW,visa,credit
407692,00-99,ST. GEORGES BANK & COMPANY INC.,PA,visa,credit
407693,00-99,ST. GEORGES BANK & COMPANY INC.,PA,visa,credit
407694,00-99,ST. GEORGES BANK & COMPANY INC.,PA,visa,credit
407695,00-99,ST. GEORGES BANK & COMPANY INC.,PA,visa,credit
407696,00-99,ST. GEORGES BANK & COMPANY INC.,PA,visa,credit
407697,00-99,MULTICREDIT S.A.,GT,visa,debit
407698,00-99,,US,visa,credit
407699,00-99,TECNICARD INC.,PA,visa,credit
407700,00-99,ST. GEORGES BANK & COMPANY INC.,PA,visa,credit
407701,00-99,ROYAL BANK OF CANADA,CA,visa,credit
407702,00-99,PAYMENT SOLUTION 2008 COMPANY LTD.,TH,visa,debit
407703,00-99,MIDWAY S.A. - CREDITO FINANCIAMENTO E INVESTIMENTO,BR,visa,credit
407704,00-99,WISE PAYMENTS MALAYSIA SDN. BHD.,MY,visa,debit
407705,00-99,R RAPHAEL & SONS PLC,GB,visa,debit
407706,00-99,AXIS BANK LTD.,IN,visa,debit
407707,00-99,SUNRISE BANKS NATIONAL ASSOCIATION,US,visa,debit
407708,00-99,SUNRISE BANKS NATIONAL ASSOCIATION,US,visa,debit
407709,00-99,ALPHA BANK S.A.,GR,visa,debit
407710,00-99,BAHRAIN ISLAMIC BANK B.S.C,BH,visa,credit
407711,00-99,COMMUNITY 1ST CREDIT UNION,US,visa,debit
407712,00-99,INDUSIND BANK LTD.,IN,visa,credit
407713,00-99,ACCESS BANK PLC,NG,visa,debit
407714,00-99,U.S. BANK NATIONAL ASSOCIATION,US,visa,debit
407715,00-99,U.S. BANK NATIONAL ASSOCIATION,US,visa,debit
407716,00-99,ITAU UNIBANCO S.A.,BR,visa,credit
407717,00-99,U.S. BANK N.A.,US,visa,debit
407718,00-99,THE FEDERAL BANK LTD.,IN,visa,credit
407719,00-99,,GB,visa,credit
407720,00-99,PAYTM PAYMENTS BANK LTD.,IN,visa,debit
407721,00-99,U.S. BANK N.A.,US,visa,credit
407722,00-99,U.S. BANK NATIONAL ASSOCIATION-CREDIT,US,visa,credit
407723,00-99,,US,visa,debit
407724,00-99,PAYU PAYMENTS PRIVATE LTD.,IN,visa,debit
407725,00-99,BC CARD,KR,visa,credit
407726,00-99,PNC BANK NATIONAL ASSOCIATION,US,visa,debit
407727,00-99,,US,visa,credit
407728,00-99,PNC BANK GLOBAL INVESTMENT SERVICING,US,visa,debit
407729,00-99,PNC BANK GLOBAL INVESTMENT SERVICING,US,visa,debit
407730,00-99,PNC BANK GLOBAL INVESTMENT SERVICING,US,visa,debit
407731,00-99,PNC BANK GLOBAL INVESTMENT SERVICING,US,visa,debit
407732,00-99,PNC BANK GLOBAL INVESTMENT SERVICING,US,visa,debit
407733,00-99,PNC BANK GLOBAL INVESTMENT SERVICING,US,visa,debit
407734,00-99,ITAU UNIBANCO HOLDING S.A.,BR,visa,credit
407735,00-99,ITAU UNIBANCO HOLDING S.A.,BR,visa,credit
407736,00-99,BOK FINANCIAL,US,visa,debit
407737,00-99,FIRST COMMUNITY CREDIT UNION,US,visa,credit
407738,00-99,BOK FINANCIAL,US,visa,debit
407739,00-99,BOK FINANCIAL,US,visa,debit
407740,00-99,CITIZENS BANK & TRUST,US,visa,debit
407741,00-99,KCB BANK KENYA LTD.,KE,visa,debit
407742,00-99,UNITED NORTHWEST FEDERAL CREDIT UNION,US,visa,debit
407743,00-99,THE BANK OF MARION,US,visa,debit
407744,00-99,BANK OF NEW MADRID,US,visa,debit
407745,00-99,BANK OF NEW MADRID,US,visa,debit
407746,00-99,WORTHINGTON BANK,US,visa,debit
407747,00-99,LAKESIDE BANK OF SALINA,US,visa,debit
407748,00-99,THE BANK OF MARION,US,visa,debit
407749,00-99,HTLF BANK,US,visa,debit
407750,00-99,HTLF BANK,US,visa,debit
407751,00-99,FIRST COMMUNITY BANK OF CENTRAL ALABAMA,US,visa,debit
407752,00-99,CHESTERFIELD STATE BANK,US,visa,debit
407753,00-99,CREDIT SAISON CO. LTD.,JP,visa,debit
407754,00-99,BOKF NATIONAL ASSOCIATION,US,visa,debit
407755,00-99,LEADER BANK NATIONAL ASSOCIATION,US,visa,debit
407756,00-99,BOK FINANCIAL,US,visa,debit
407757,00-99,BOK FINANCIAL,US,visa,debit
407758,00-99,EQUITAS SMALL FINANCE BANK LTD.,IN,visa,debit
407759,00-99,CARMINE STATE BANK,US,visa,debit
407760,00-99,ITAU UNIBANCO HOLDING S.A.,BR,visa,credit
407761,00-99,BOK FINANCIAL,US,visa,debit
407762,00-99,BOK FINANCIAL,US,visa,debit
407763,00-99,ITAU UNIBANCO S.A.,BR,visa,debit
407764,00-99,INDIAN OVERSEAS BANK,IN,visa,debit
407765,00-99,FIRST STATE BANK AND TRUST COMPANY INC.,US,visa,debit
407766,00-99,CITIZENS BANK AND TRUST COMPANY,US,visa,debit
407767,00-99,RED RIVER EMPLOYEES FEDERAL CREDIT UNION,US,visa,debit
407768,00-99,THE BANK OF MISSOURI,US,visa,debit
407769,00-99,HOMELAND COMMUNITY BANK,US,visa,debit
407770,00-99,HOMELAND COMMUNITY BANK,US,visa,debit
407771,00-99,PAYU PAYMENTS PRIVATE LTD.,IN,visa,debit
407772,00-99,FIRST BANK & TRUST CO.,US,visa,debit
407773,00-99,FIRST BANK & TRUST CO.,US,visa,debit
407774,00-99,UNIFY FINANCIAL CREDIT UNION,US,visa,debit
407775,00-99,BAHRAIN ISLAMIC BANK BSC,BH,visa,debit
407776,00-99,NOVATION CREDIT UNION,US,visa,credit
407777,00-99,YOUNG AMERICANS BANK,US,visa,credit
407778,00-99,FINANCEIRA ITAU CBD S.A. CREDITO FINANCIAMENTO E INVESTIMENTO,BR,visa,credit
407779,00-99,WELLS FARGO BANK N.A.,US,visa,credit
407780,00-99,HEALTHCARE SYSTEMS FEDERAL CREDIT UNION,US,visa,credit
407781,00-99,SEA AIR FEDERAL CREDIT UNION,US,visa,credit
407782,00-99,OMAHA FIREFIGHTERS' CREDIT UNION,US,visa,credit
407783,00-99,ANMED FEDERAL CREDIT UNION,US,visa,credit
407784,00-99,GHA FEDERAL CREDIT UNION,US,visa,credit
407785,00-99,HYUNDAI CARD COMPANY LTD.,KR,visa,credit
407786,00-99,WELLS FARGO BANK N.A.,US,visa,credit
407787,00-99,SOUTHPOINT FINANCIAL CREDIT UNION,US,visa,credit
407788,00-99,ORGANIZED LABOR CREDIT UNION,US,visa,credit
407789,00-99,WELLS FARGO BANK N.A.,US,visa,credit
407790,00-99,FIRST PRIORITY FEDERAL CREDIT UNION,US,visa,credit
407791,00-99,SARATOGA'S COMMUNITY FEDERAL CREDIT UNION,US,visa,credit
407792,00-99,BANKPLUS,US,visa,credit
407793,00-99,SANTA CRUZ COMMUNITY CREDIT UNION,US,visa,credit
407794,00-99,JOHNSONVILLE TVA EMPLOYEES CREDIT UNION,US,visa,credit
407795,00-99,STRIP STEEL COMMUNITY FEDERAL CREDIT UNION,US,visa,credit
407796,00-99,JPMORGAN CHASE BANK N.A.,US,visa,credit
407797,00-99,FINANCEIRA ITAU CBD S.A. CREDITO FINANCIAMENTO E INVESTIMENTO,BR,visa,credit
407798,00-99,ITAU UNIBANCO HOLDING S.A.,BR,visa,credit
407799,00-99,ITAU UNIBANCO HOLDING S.A.,BR,visa,credit
407800,00-99,BANCO DO BRASIL S.A.,BR,visa,debit
407801,00-99,BANCO DO BRASIL S.A.,BR,visa,debit
407802,00-99,BANCO DO BRASIL S.A.,BR,visa,debit
407803,00-99,SBM BANK (MAURITIUS) LTD.,MU,visa,debit
407804,00-99,STANDARD CHARTERED BANK,AE,visa,debit
407805,00-99,STANDARD CHARTERED BANK,AE,visa,debit
407806,00-99,,US,visa,credit
407807,00-99,BANCOPPEL S.A. INSTITUCION DE BANCA MULTIPLE,MX,visa,debit
407808,00-99,VIVIBANCO S.A.,GT,visa,debit
407809,00-99,JPMORGAN CHASE BANK N.A.,US,visa,credit
407810,00-99,PROCREDIT BANK (BULGARIA) AD,BG,visa,debit
407811,00-99,NOVO BANCO S.A.,PT,visa,debit
407812,00-99,CREDIT IMMOBILIER ET HOTELIER,MA,visa,debit
407813,00-99,,US,visa,credit
407814,00-99,T.C. ZIRAAT BANKASI A.S.,TR,visa,debit
407815,00-99,,PE,visa,credit
407816,00-99,BANESTES S.A. - BANCO DO ESTADO DO ESPIRITO SANTO,BR,visa,debit
407817,00-99,FIRST NATIONAL BANK OF SWAZILAND,SZ,visa,debit
407818,00-99,FIRST COMMUNITY CREDIT UNION,US,visa,credit
407819,00-99,SELF-HELP FEDERAL CREDIT UNION,US,visa,debit
407820,00-99,LOUISIANA CATHOLIC FEDERAL CREDIT UNION,US,visa,debit
407821,00-99,THE BANCORP BANK NATIONAL ASSOCIATION,US,visa,credit
407822,00-99,HANCOCK WHITNEY BANK,US,visa,credit
407823,00-99,ZIONS FIRST NATIONAL BANK,US,visa,debit
407824,00-99,ZIONS FIRST NATIONAL BANK,US,visa,debit
407825,00-99,BC CARD CO. LTD.,KR,visa,credit
407826,00-99,,US,visa,credit
407827,00-99,,US,visa,credit
407828,00-99,,US,visa,credit
407829,00-99,BANCO DO BRASIL S.A.,BR,visa,debit
407830,00-99,BANCO DO BRASIL S.A.,BR,visa,credit
407831,00-99,BI BANK S.A.,PA,visa,credit
407832,00-99,BANCO MASTER S.A.,BR,visa,credit
407833,00-99,BANCO SAFRA S.A.,BR,visa,credit
407834,00-99,BANCO SAFRA S.A.,BR,visa,credit
407835,00-99,,FR,visa,credit
407836,00-99,EFI S.A. - INSTITUICAO DE PAGAMENTO,BR,visa,credit
407837,00-99,CORA SOCIEDADE DE CREDITO FINANCIAMENTO E INVESTIMENTO S.A.,BR,visa,debit
407838,00-99,NEON PAGAMENTOS S.A.,BR,visa,credit
407839,00-99,ITAU UNIBANCO HOLDING S.A.,BR,visa,credit
407840,00-99,BANCO PAN S.A.,BR,visa,credit
407841,00-99,,US,visa,credit
407842,00-99,DOCK INSTITUICAO DE PAGAMENTO S.A.,BR,visa,credit
407843,00-99,MERCADO PAGO INSTITUICAO DE PAGAMENTO LTDA.,BR,visa,credit
407844,00-99,REALIZE CREDITO FINANCIAMENTO E INVESTIMENTO S.A .,BR,visa,credit
407845,00-99,DCB BANK LTD.,IN,visa,debit
407846,00-99,,US,visa,credit
407847,00-99,INTERFISA BANCO S.A.E.C.A.,PY,visa,debit
407848,00-99,BANCO MULTIVA S.A. INSTITUCION DE BANCA MULTIPLE MULTIVALORES GRUPO FINANCIERO,MX,visa,debit
407849,00-99,BANCO DE OCCIDENTE S.A.,HN,visa,debit
407850,00-99,ASOCIACION MUTUALISTA DE AHORRO Y CREDITO PARA LA VIVIENDA AZUAY,EC,visa,credit
407851,00-99,ASOCIACION MUTUALISTA DE AHORRO Y CREDITO PARA LA VIVIENDA AZUAY,EC,visa,credit
407852,00-99,BANCO TRIANGULO S/A,BR,visa,debit
407853,00-99,BANCO DIGIO S.A.,BR,visa,debit
407854,00-99,,US,visa,credit
407855,00-99,BANCO MULTIPLE DE LAS AMERICAS S.A. (BANCAMERICA),DO,visa,credit
407856,00-99,VIVIBANCO S.A.,GT,visa,credit
407857,00-99,INTL HDQTRS-CENTER OWNED,US,visa,debit
407858,00-99,INTL HDQTRS-CENTER OWNED,US,visa,debit
407859,00-99,BANCO DO NORDESTE DO BRASIL S.A.,BR,visa,debit
407860,00-99,THE HONGKONG AND SHANGHAI BANKING CORPORATION LTD.,IN,visa,debit
407861,00-99,BANCO MULTIPLE LOPEZ DE HARO S.A.,DO,visa,credit
407862,00-99,BANCO DE LA PRODUCCION S.A.,NI,visa,credit
407863,00-99,JPMORGAN CHASE BANK N.A.,US,visa,credit
407864,00-99,FIRST NATIONAL BANK OF OMAHA,US,visa,credit
407865,00-99,BANCO PROVINCIA DE TIERRA DEL FUEGO,AR,visa,credit
407866,00-99,BANK OF AMERICA - CONSUMER CREDIT,US,visa,credit
407867,00-99,,AR,visa,credit
407868,00-99,COBALT CREDIT UNION,US,visa,credit
407869,00-99,DIGICASH DO BRASIL LTDA.,BR,visa,credit
407870,00-99,ELEMENTS FINANCIAL FEDERAL CREDIT UNION,US,visa,credit
407871,00-99,BANK OF AMERICA NATIONAL ASSOCIATION,US,visa,credit
407872,00-99,BANK OF AMERICA - CONSUMER CREDIT,US,visa,credit
407873,00-99,FIRST NATIONAL BANK OF OMAHA,US,visa,credit
407874,00-99,POMELO TECNOLOGIA PERU S.A.C.,PE,visa,debit
407875,00-99,BANK OF AMERICA - CONSUMER CREDIT,US,visa,credit
407876,00-99,BANCO FALABELLA PERU S.A.,PE,visa,credit
407877,00-99,COBALT CREDIT UNION,US,visa,credit
407878,00-99,UNIBANCA S.A.,PE,visa,debit
407879,00-99,ELEMENTS FINANCIAL FEDERAL CREDIT UNION,US,visa,credit
407880,00-99,BARCLAYS BANK,US,visa,credit
407881,00-99,BANK OF AMERICA NATIONAL ASSOCIATION,US,visa,credit
407882,00-99,BANK OF AMERICA - CONSUMER CREDIT,US,visa,credit
407883,00-99,FORIS MT LTD.,MX,visa,credit
407884,00-99,ITAU UNIBANCO S.A.,BR,visa,credit
407885,00-99,FINANCEIRA ITAU CBD S.A. CREDITO FINANCIAMENTO E INVESTIMENTO,BR,visa,credit
407886,00-99,COBALT CREDIT UNION,US,visa,credit
407887,00-99,BANK OF AMERICA - CONSUMER CREDIT,US,visa,credit
407888,00-99,ELEMENTS FINANCIAL FEDERAL CREDIT UNION,US,visa,credit
407889,00-99,BANK OF AMERICA - CONSUMER CREDIT,US,visa,credit
407890,00-99,BANK OF AMERICA - CONSUMER CREDIT,US,visa,credit
407891,00-99,BANK OF AMERICA - CONSUMER CREDIT,US,visa,credit
407892,00-99,BANK OF AMERICA NATIONAL ASSOCIATION,US,visa, credit
407893,00-99,BANK OF AMERICA - CONSUMER CREDIT,US,visa,credit
407894,00-99,U.S. BANK N.A.,US,visa,debit
407895,00-99,COMMUNICATION FEDERAL CREDIT UNION,US,visa,debit
407896,00-99,,US,visa,credit
407897,00-99,LAREDO FIRE DEPARTMENT FEDERAL CREDIT UNION,US,visa,credit
407898,00-99,KOTAK MAHINDRA BANK LTD.,IN,visa,debit
407899,00-99,IDBI BANK LTD.,IN,visa,debit
407900,00-99,NATIONAL FEDERATION OF FISHERIES COOPERATIVES,KR,visa,credit
407901,00-99,AEON THANA SINSAP (THAILAND) PUBLIC CO. LTD.,TH,visa,credit
407902,00-99,CANADIA BANK PUBLIC LIMITED COMPANY,KH,visa,debit
407903,00-99,FINANCEIRA ITAU CBD S.A. CREDITO FINANCIAMENTO E INVESTIMENTO,BR,visa,credit
407904,00-99,METABANK,US,visa,debit
407905,00-99,PREMIER BANK INC.,US,visa,debit
407906,00-99,ENTROPAY LTD.,GB,visa,debit
407907,00-99,CITIZENS FEDERAL SAVINGS AND LOAN ASSOCIATION,US,visa,debit
407908,00-99,SOLIDARITY COMMUNITY FEDERAL CREDIT UNION,US,visa,debit
407909,00-99,METABANK,US,visa,debit
407910,00-99,ENTROPAY LTD.,GB,visa,credit
407911,00-99,METABANK,US,visa,debit
407912,00-99,SCOTIABANK PERU S.A.A.,PE,visa,credit
407913,00-99,UKRAINIAN SELFRELIANCE FEDERAL CREDIT UNION,US,visa,debit
407914,00-99,PATHWARD N.A.,US,visa,debit
407915,00-99,,US,visa,credit
407916,00-99,NONGHYUP BANK,KR,visa,credit
407917,00-99,NONGHYUP BANK,KR,visa,credit
407918,00-99,ICICI BANK LTD.,IN,visa,credit
407919,00-99,WELLS FARGO BANK N.A.,PR,visa,debit
407920,00-99,JPMORGAN CHASE BANK N.A.,US,visa,credit
407921,00-99,,ZW,visa,debit
407922,00-99,LIBERTY NATIONAL BANK,US,visa,debit
407923,00-99,DHAKA BANK,BD,visa,credit
407924,00-99,TWO RIVERS BANK,US,visa,debit
407925,00-99,BC CARD CO. LTD.,KR,visa,credit
407926,00-99,ICICI BANK LTD.,IN,visa,credit
407927,00-99,FIRST BANK OF UTICA,US,visa,debit
407928,00-99,ATHENS STATE,US,visa,debit
407929,00-99,THE DICKINSON COUNTY BANK,US,visa,debit
407930,00-99,THE HAMILTON BANK,US,visa,debit
407931,00-99,FIRST BANK OF UTICA,US,visa,debit
407932,00-99,ON TAP CREDIT UNION,US,visa,credit
407933,00-99,FIRST PORT CITY BANK,US,visa,debit
407934,00-99,PROVIDENT CREDIT UNION,US,visa,credit
407935,00-99,ANGELINA COUNTY TEACHERS CREDIT UNION,US,visa,debit
407936,00-99,,US,visa,debit
407937,00-99,MEEZAN BANK LTD.,PK,visa,debit
407938,00-99,WOODLAND BANK,US,visa,debit
407939,00-99,UBA-MALI,ML,visa,debit
407940,00-99,UNION STATE BANK,US,visa,debit
407941,00-99,BBVA USA,US,visa,debit
407942,00-99,FIRST NATIONAL BANK OF OMAHA,US,visa,credit
407943,00-99,PATHWARD N.A.,US,visa,debit
407944,00-99,,BD,visa,debit
407945,00-99,WRIGHT-PATT CREDIT UNION INC.,US,visa,credit
407946,00-99,UNIVERSITY OF MICHIGAN CREDIT UNION,US,visa,debit
407947,00-99,EECU CREDIT UNION,US,visa,debit
407948,00-99,COMMUNITY NEIGHBOR BANK,US,visa,debit
407949,00-99,PBK BANK INC.,US,visa,debit
407950,00-99,SANTANDER CONSUMER BANK AG,DE,visa,credit
407951,00-99,SANTANDER CONSUMER BANK AG,DE,visa,credit
407952,00-99,U.S. BANK N.A.,US,visa,credit
407953,00-99,BROOKLYN COOPERATIVE FEDERAL CREDIT UNION,US,visa,credit
407954,00-99,GENERATIONS COMMUNITY FEDERAL CREDIT UNION,US,visa,credit
407955,00-99,TCM BANK NATIONAL ASSOCIATION,US,visa,credit
407956,00-99,AXOS BANK,US,visa,credit
407957,00-99,GENERATIONS COMMUNITY FEDERAL CREDIT UNION,US,visa,credit
407958,00-99,NORTH CENTRAL AREA CREDIT UNION,US,visa,credit
407959,00-99,ALOHA PACIFIC FEDERAL CREDIT UNION,US,visa,credit
407960,00-99,MEMBERS COOPERATIVE CREDIT UNION,US,visa,credit
407961,00-99,MAROON FINANCIAL CREDIT UNION,US,visa,credit
407962,00-99,R-G FEDERAL CREDIT UNION,US,visa,credit
407963,00-99,CITIZENS COMMERCE NATIONAL BANK,US,visa,credit
407964,00-99,SERVICE CREDIT UNION,US,visa,debit
407965,00-99,EASTMAN CREDIT UNION,US,visa,credit
407966,00-99,KINETIC CREDIT UNION,US,visa,credit
407967,00-99,LIBERTY SAVINGS BANK F.S.B.,US,visa,debit
407968,00-99,THE SECURITY STATE BANK,US,visa,credit
407969,00-99,BANK OF TENNESSEE,US,visa,debit
407970,00-99,PACIFIC WESTERN BANK,US,visa,debit
407971,00-99,UNIVERSITY OF VIRGINIA COMMUNITY CREDIT UNION INC.,US,visa,debit
407972,00-99,CARD SERVICES FOR CREDIT UNIONS,US,visa,credit
407973,00-99,MID CAROLINA CREDIT UNION,US,visa,credit
407974,00-99,GREATER COMMUNITY CREDIT UNION,US,visa,credit
407975,00-99,FISERV SOLUTIONS LLC,US,visa,credit
407976,00-99,OHIO VALLEY COMMUNITY FEDERAL CREDIT UNION,US,visa,credit
407977,00-99,THE BANCORP BANK NATIONAL ASSOCIATION,US,visa,debit
407978,00-99,WISCONSIN RIVER BANK,US,visa,credit
407979,00-99,IDAHO CENTRAL CREDIT UNION,US,visa,credit
407980,00-99,WISE EUROPE SA/NV,ES,visa,debit
407981,00-99,WISE EUROPE SA/NV,ES,visa,debit
407982,00-99,SINGING RIVER FEDERAL CREDIT UNION,US,visa,credit
407983,00-99,LIVINGSTON PARISH FEDERAL CREDIT UNION,US,visa,debit
407984,00-99,ICICI BANK LTD.,IN,visa,debit
407985,00-99,FRANSABANK S.A.L.,LB,visa,credit
407986,00-99,W B R T FEDERAL CREDIT UNION,US,visa,debit
407987,00-99,FOCUS FIRST FEDERAL CREDIT UNION,US,visa,credit
407988,00-99,SERVICE CREDIT UNION,US,visa,debit
407989,00-99,AL BILAD BANK,SA,visa,debit
407990,00-99,BANCO FALABELLA,CL,visa,debit
407991,00-99,COASTAL FEDERAL CREDIT UNION,US,visa,credit
407992,00-99,BANCO FALABELLA,CL,visa,debit
407993,00-99,EVOLVE BANK & TRUST,US,visa,debit
407994,00-99,KOTAK MAHINDRA BANK LTD.,IN,visa,debit
407995,00-99,,US,visa,debit
407996,00-99,INDUSTRIAL AND COMMERCIAL BANK OF CHINA LTD.,CN,visa,credit
407997,00-99,IDBI BANK LTD.,IN,visa,debit
407998,00-99,PACIFIC PREMIER BANK,US,visa,debit
407999,00-99,UAB BANK LTD.,MM,visa,credit
408000,00-99,WELLS FARGO BANK N.A.,US,visa,credit
408001,00-99,NEXTIER BANK NATIONAL ASSOCIATION,US,visa,debit
408002,00-99,MERCHANTRADE ASIA SDN. BHD.,MY,visa,debit
408003,00-99,JPMORGAN CHASE BANK N.A.,US,visa,credit
408004,00-99,,US,visa,credit
408005,00-99,WELLS FARGO BANK N.A.,US,visa,credit
408006,00-99,JPMORGAN CHASE BANK N.A.,US,visa,credit
408007,00-99,WELLS FARGO BANK N.A.,US,visa,credit
408008,00-99,WESTERRA CREDIT UNION,US,visa,credit
408009,00-99,BANCO FALABELLA,CL,visa,debit
408010,00-99,INVERSIONES LP S.A.,CL,visa,credit
408011,00-99,BANCO DE CHILE,CL,visa,credit
408012,00-99,DRYADES SAVINGS BANK F.S.B.,US,visa,credit
408013,00-99,BANCO DE OCCIDENTE S.A.,CO,visa,credit
408014,00-99,BANCO DE OCCIDENTE S.A.,CO,visa,credit
408015,00-99,BANCO DE OCCIDENTE S.A.,CO,visa,credit
408016,00-99,JPMORGAN CHASE BANK N.A.,US,visa,credit
408017,00-99,JPMORGAN CHASE BANK N.A.,US,visa,credit
408018,00-99,JPMORGAN CHASE BANK N.A.,US,visa,credit
408019,00-99,FIRST NATIONAL BANK OF OMAHA,US,visa,debit
408020,00-99,CRAYOLA LLC EMPLOYEES CREDIT UNION,US,visa,debit
408021,00-99,PHI FEDERAL CREDIT UNION,US,visa,debit
408022,00-99,U.S. BANK N.A.,US,visa,debit
408023,00-99,ECOBANK RWANDA S.A.,RW,visa,debit
408024,00-99,JPMORGAN CHASE BANK N.A.,US,visa,credit
408025,00-99,CHELINDBANK,RU,visa,credit
408026,00-99,UNIVERSITY OF ILLINOIS COMMUNITY CREDIT UNION,US,visa,credit
408027,00-99,UNIVERSITY OF ILLINOIS COMMUNITY CREDIT UNION,US,visa,credit
408028,00-99,BANCO DE OCCIDENTE S.A.,CO,visa,credit
408029,00-99,SCOTIABANK COLPATRIA S.A,CO,visa,credit
408030,00-99,JPMORGAN CHASE BANK N.A.,US,visa,credit
408031,00-99,THE BANCORP BANK NATIONAL ASSOCIATION,US,visa,debit
408032,00-99,DEPOSIT BANK OF CARLISLE,US,visa,debit
408033,00-99,BANK OF COMMERCE,US,visa,debit
408034,00-99,COMMENCEMENT BANK,US,visa,debit
408035,00-99,SPIRIT OF ALASKA FEDERAL CREDIT UNION,US,visa,debit
408036,00-99,ECOBANK MOZAMBIQUE S.A.,MZ,visa,debit
408037,00-99,TCM BANK NATIONAL ASSOCIATION,US,visa,credit
408038,00-99,JPMORGAN CHASE BANK N.A.,US,visa,credit
408039,00-99,U.S. BANK NATIONAL ASSOCIATION-CREDIT,US,visa,credit
408040,00-99,ECOBANK (SL) LTD.,SL,visa,debit
408041,00-99,DENVER COMMUNITY CREDIT UNION DBA ZING CREDIT UNION,US,visa,credit
408042,00-99,ECOBANK - TOGO,TG,visa,debit
408043,00-99,JPMORGAN CHASE BANK N.A.,US,visa,credit
408044,00-99,COMMENCEMENT BANK,US,visa,debit
408045,00-99,ECOBANK BURKINA,BF,visa,debit
408046,00-99,NICOLET NATIONAL BANK,US,visa,credit
408047,00-99,OJSC CB SOLIDARNOST,RU,visa,debit
408048,00-99,BGFIBANK CENTRAFRIQUE,CF,visa,debit
408049,00-99,JSCB PERESVET BANK,RU,visa,debit
408050,00-99,NICOLET NATIONAL BANK,US,visa,credit
408051,00-99,MEMBERS FIRST CREDIT UNION,US,visa,debit
408052,00-99,JPMORGAN CHASE BANK N.A.,US,visa,credit
408053,00-99,,US,visa,credit
408054,00-99,ECOBANK SENEGAL,SN,visa,debit
408055,00-99,CB PREODOLENIE,RU,visa,debit
408056,00-99,CB PREODOLENIE,RU,visa,debit
408057,00-99,CB PREODOLENIE,RU,visa,debit
408058,00-99,THE FIRST NATIONAL BANK IN SIOUX FALLS,US,visa,debit
408059,00-99,ECOBANK - BENIN SA,BJ,visa,debit
408060,00-99,COOPERATIVA DE AHORRO Y CREDITO DE ISABELA,PR,visa,credit
408061,00-99,,HN,visa,credit
408062,00-99,,HN,visa,credit
408063,00-99,,US,visa,credit
408064,00-99,COOPERATIVA DE AHORRO Y CREDITO DE LOS EMPLEADOS DEL MINISTERIO DE EDUCACION PUB,CR,visa,debit
408065,00-99,POMELO FINTECH SERVICES SAS,AR,visa,credit
408066,00-99,BANCO INMOBILIARIO S.A.,GT,visa,credit
408067,00-99,ECOBANK CAMEROUN S.A.,CM,visa,debit
408068,00-99,INB NATIONAL ASSOCIATION,US,visa,debit
408069,00-99,JPMORGAN CHASE BANK N.A.,US,visa,credit
408070,00-99,UNITED COMMUNITY BANK,US,visa,debit
408071,00-99,UNITED COMMUNITY BANK,US,visa,debit
408072,00-99,SCOTIABANK COLPATRIA S.A,CO,visa,credit
408073,00-99,ATOS BANK A.D. BANJA LUKA,BA,visa,debit
408074,00-99,ZEPTER KOMERC BANKA A.D. BANJA LUKA,BA,visa,credit
408075,00-99,NOTEWORTHY FEDERAL CREDIT UNION,US,visa,debit
408076,00-99,ST. LAWRENCE FEDERAL CREDIT UNION,US,visa,credit
408077,00-99,JPMORGAN CHASE BANK N.A.,US,visa,credit
408078,00-99,NEIGHBORS BANK,US,visa,debit
408079,00-99,SCOTIABANK COLPATRIA S.A,CO,visa,credit
408080,00-99,SCOTIABANK COLPATRIA S.A,CO,visa,credit
408081,00-99,SCOTIABANK COLPATRIA S.A,CO,visa,credit
408082,00-99,FIRST INTERSTATE BANK,US,visa,credit
408083,00-99,FIRST INTERSTATE BANK,US,visa,debit
408084,00-99,BANCO DE BOGOTA,CO,visa,credit
408085,00-99,,US,visa,credit
408086,00-99,,US,visa,credit
408087,00-99,ECOBANK MALI S.A.,ML,visa,debit
408088,00-99,JPMORGAN CHASE BANK N.A.,US,visa,credit
408089,00-99,NEXI PAYMENTS S.P.A.,IT,visa,debit
408090,00-99,ECOBANK LIBERIA LTD.,LR,visa,debit
408091,00-99,BANCO DE OCCIDENTE S.A.,CO,visa,credit
408092,00-99,ECOBANK GAMBIA LTD.,GM,visa,debit
408093,00-99,STATE BANK OF DE KALB,US,visa,debit
408094,00-99,JSC RUSSIAN STANDARD BANK,RU,visa,credit
408095,00-99,LAKE RIDGE BANK,US,visa,debit
408096,00-99,FARMERS AND MERCHANTS BANK,US,visa,debit
408097,00-99,FARMERS AND MERCHANTS BANK,US,visa,debit
408098,00-99,PEOPLES BANK,US,visa,debit
408099,00-99,ROGUE CREDIT UNION,US,visa,credit
408100,00-99,ECOBANK ZAMBIA LTD.,ZM,visa,debit
408101,00-99,REDWOOD CREDIT UNION,US,visa,credit
408102,00-99,SOCIETE GENERALE DE BANQUES AU SENEGAL,SN,visa,debit
408103,00-99,ECOBANK MALAWI LTD.,MW,visa,debit
408104,00-99,DESERT FINANCIAL CREDIT UNION,US,visa,debit
408105,00-99,JPMORGAN CHASE BANK N.A.,US,visa,credit
408106,00-99,SCHLUMBERGER EMPLOYEES CREDIT UNION,US,visa,debit
408107,00-99,BANCO DAVIVIENDA S.A.,CO,visa,credit
408108,00-99,CONFEDERACAO NACIONAL DAS COOPERATIVAS CENTRAIS UNICRED LTDA - UNICRED DO BRASIL,BR,visa,credit
408109,00-99,PNC BANK NATIONAL ASSOCIATION,US,visa,debit
408110,00-99,DOCK SOLUCOES EM MEIOS DE PAGAMENTO S.A,BR,visa,debit
408111,00-99,CARD SERVICES FOR CREDIT UNIONS,US,visa,credit
408112,00-99,COMMUNITY CHOICE CREDIT UNION,US,visa,credit
408113,00-99,DOCK INSTITUICAO DE PAGAMENTO S.A.,BR,visa,debit
408114,00-99,JEFFERSON FINANCIAL FEDERAL CREDIT UNION,US,visa,debit
408115,00-99,BANK OF AMERICA - CONSUMER CREDIT,US,visa,credit
408116,00-99,U.S. BANK N.A.,US,visa,debit
408117,00-99,BANCOLOMBIA S.A.,CO,visa,credit
408118,00-99,SIGNATURE FEDERAL CREDIT UNION,US,visa,credit
408119,00-99,BANK OF AMERICA NATIONAL ASSOCIATION,US,visa,debit
408120,00-99,ICBA BANCARD,US,visa,debit
408121,00-99,SELF-HELP FEDERAL CREDIT UNION,US,visa,debit
408122,00-99,UNITEDTRUST BANK,US,visa,debit
408123,00-99,BANK OF COMMERCE HOLDINGS,US,visa,debit
408124,00-99,ECOBANK UGANDA LTD.,UG,visa,debit
408125,00-99,,US,visa,credit
408126,00-99,WELLS FEDERAL BANK F.S.B.,US,visa,credit
408127,00-99,WELLS FEDERAL BANK F.S.B.,US,visa,credit
408128,00-99,WELLS FARGO BANK N.A.,US,visa,credit
408129,00-99,MARIN COUNTY FEDERAL CREDIT UNION,US,visa,credit
408130,00-99,PEOPLES BANK,US,visa,debit
408131,00-99,KAIPERM FEDERAL CREDIT UNION,US,visa,credit
408132,00-99,ECOBANK R.D.C. S.A.R.L.,CD,visa,debit
408133,00-99,JPMORGAN CHASE BANK N.A.,US,visa,credit
408134,00-99,VISA ARGENTINA S.A.,AR,visa,debit
408135,00-99,BANCO BILBAO VIZCAYA ARGENTARIA S.A. (BBVA),ES,visa,credit
408136,00-99,FIFTH THIRD BANK,US,visa,credit
408137,00-99,NOVA CREDIT UNION,US,visa,debit
408138,00-99,WELLS FARGO BANK NATIONAL ASSOCIATION,US,visa,debit
408139,00-99,ECOBANK TCHAD,TD,visa,debit
408140,00-99,GULF WINDS CREDIT UNION,US,visa,debit
408141,00-99,HUDSON VALLEY CREDIT UNION,US,visa,credit
408142,00-99,ECOBANK CENTRAFRIQUE,CF,visa,debit
408143,00-99,GERMAN AMERICAN BANK,US,visa,credit
408144,00-99,JPMORGAN CHASE BANK N.A.,US,visa,credit
408145,00-99,ABLV BANK A.S.,LV,visa,debit
408146,00-99,AS PRIVATBANK,LV,visa,debit
408147,00-99,JPMORGAN CHASE BANK N.A.,US,visa,credit
408148,00-99,ECOBANK CONGO,CG,visa,debit
408149,00-99,ABLV BANK A.S.,LV,visa,credit
408150,00-99,AS PRIVATBANK,LV,visa,credit
408151,00-99,JPMORGAN CHASE BANK N.A.,US,visa,credit
408152,00-99,UAB BANK LTD.,MM,visa,credit
408153,00-99,ABLV BANK A.S.,LV,visa,credit
408154,00-99,AS PRIVATBANK,LV,visa,credit
408155,00-99,JPMORGAN CHASE BANK N.A.,US,visa,credit
408156,00-99,WALLESTER AS,EE,visa,debit
408157,00-99,AB CITADELE BANKAS,LV,visa,credit
408158,00-99,INTRUST BANK,US,visa,debit
408159,00-99,AS PARITATE BANKA,LV,visa,credit
408160,00-99,MERRICK BANK,US,visa,credit
408161,00-99,JPMORGAN CHASE BANK N.A.,US,visa,credit
408162,00-99,JPMORGAN CHASE BANK N.A.,US,visa,credit
408163,00-99,ATABANK COMMERCIAL BANK,AZ,visa,credit
408164,00-99,UAB BANK LTD.,MM,visa,credit
408165,00-99,SANTANDER BANK N.A.,US,visa,credit
408166,00-99,BLOM BANK EGYPT,EG,visa,credit
408167,00-99,SERVICE CREDIT UNION,US,visa,debit
408168,00-99,FIFTH THIRD BANK,US,visa,credit
408169,00-99,FIFTH THIRD BANK,US,visa,credit
408170,00-99,CADENCE BANK,US,visa,debit
408171,00-99,CADENCE BANK,US,visa,debit
408172,00-99,CARD SERVICES FOR CREDIT UNIONS,US,visa,debit
408173,00-99,CENTRAL STATE CREDIT UNION,US,visa,credit
408174,00-99,BANCO ECONOMICO S.A.,AO,visa,credit
408175,00-99,TARJETAS DEL FUTURO S.A.P.I. DE C.V.,MX,visa,credit
408176,00-99,BBVA MEXICO S.A.,MX,visa,debit
408177,00-99,GREATER BANK - A DIVISION OF NEWCASTLE,AU,visa,credit
408178,00-99,FAMILY SAVINGS CREDIT UNION,US,visa,debit
408179,00-99,EXPRESS CREDIT UNION,US,visa,debit
408180,00-99,STANDARD BANK SARL,MZ,visa,debit
408181,00-99,U.S. BANK NATIONAL ASSOCIATION-CREDIT,US,visa,credit
408182,00-99,U.S. BANK N.A.,US,visa,credit
408183,00-99,BANCO DE CHILE,CL,visa,credit
408184,00-99,HAWAIIUSA FEDERAL CREDIT UNION,US,visa,credit
408185,00-99,CEDAR POINT FEDERAL CREDIT UNION,US,visa,debit
408186,00-99,JPMORGAN CHASE BANK N.A.,US,visa,credit
408187,00-99,WORCESTER FIRE DEPARTMENT CREDIT UNION,US,visa,credit
408188,00-99,HANCOCK WHITNEY BANK,US,visa,debit
408189,00-99,JPMORGAN CHASE BANK N.A.,US,visa,credit
408190,00-99,REDSTONE FEDERAL CREDIT UNION,US,visa,credit
408191,00-99,INTERNAL REVENUE FEDERAL CREDIT UNION,US,visa,debit
408192,00-99,WESTERRA CREDIT UNION,US,visa,credit
408193,00-99,REVOLUT LTD.,ES,visa,debit
408194,00-99,BANCO BRADESCO S.A.,BR,visa,debit
408195,00-99,ITAU UNIBANCO HOLDING S.A.,BR,visa,credit
408196,00-99,JPMORGAN CHASE BANK N.A.,US,visa,credit
408197,00-99,,US,visa,credit
408198,00-99,CEBUANA LHUILLIER RURAL BANK INC,PH,visa,debit
408199,00-99,WELLS FARGO BANK N.A.,US,visa,credit
408200,00-99,BANK OF AYUDHYA PUBLIC COMPANY LTD.,TH,visa,debit
408201,00-99,,US,visa,credit
408202,00-99,RBTT BANK (SKN) LTD.,KN,visa,debit
408203,00-99,CB MOSKOMMERTSBANK,RU,visa,debit
408204,00-99,CB MOSKOMMERTSBANK,RU,visa,debit
408205,00-99,CB MOSKOMMERTSBANK,RU,visa,debit
408206,00-99,,US,visa,credit
408207,00-99,,US,visa,credit
408208,00-99,NCUBO CAPITAL SAPI DE CV,MX,visa,debit
408209,00-99,BANCO CITIBANK (PANAMA) S.A.,PA,visa,debit
408210,00-99,,US,visa,credit
408211,00-99,,RU,visa,credit
408212,00-99,,RU,visa,credit
408213,00-99,OJSC SAINT-PETERSBURG INDUSTRIAL JSB,RU,visa,debit
408214,00-99,OJSC SAINT-PETERSBURG INDUSTRIAL JSB,RU,visa,debit
408215,00-99,JSC CB MODULBANK,RU,visa,debit
408216,00-99,OJSC SAINT-PETERSBURG INDUSTRIAL JSB,RU,visa,debit
408217,00-99,,US,visa,credit
408218,00-99,,US,visa,credit
408219,00-99,OJSC SAINT-PETERSBURG INDUSTRIAL JSB,RU,visa,credit
408220,00-99,OJSC SAINT-PETERSBURG INDUSTRIAL JSB,RU,visa,debit
408221,00-99,VIACAJAS S.A.,ES,visa,credit
408222,00-99,VIACAJAS S.A.,ES,visa,credit
408223,00-99,CAPITAL BANK OF JORDAN PLC. CO.,JO,visa,credit
408224,00-99,VIACAJAS S.A.,ES,visa,credit
408225,00-99,VIACAJAS S.A.,ES,visa,credit
408226,00-99,VIACAJAS S.A.,ES,visa,credit
408227,00-99,VIACAJAS S.A.,ES,visa,credit
408228,00-99,VIACAJAS S.A.,ES,visa,credit
408229,00-99,VIACAJAS S.A.,ES,visa,credit
408230,00-99,,US,visa,credit
408231,00-99,,RU,visa,debit
408232,00-99,,RU,visa,debit
408233,00-99,,RU,visa,debit
408234,00-99,,MX,visa,debit
408235,00-99,SHINHAN INDO FINANCE PT,ID,visa,credit
408236,00-99,SHINHAN INDO FINANCE PT,ID,visa,credit
408237,00-99,SHINHAN INDO FINANCE PT,ID,visa,credit
408238,00-99,COMMERCIAL INTERNATIONAL BANK,EG,visa,debit
408239,00-99,UTTARA BANK LTD.,BD,visa,debit
408240,00-99,VOLKSBANK SLOVENSKO A.S.,SK,visa,debit
408241,00-99,VOLKSBANK SLOVENSKO A.S.,SK,visa,debit
408242,00-99,,MX,visa,credit
408243,00-99,,US,visa,credit
408244, 00-99, BANCO NACIONAL DE MEXICO S.A. - AEROMEXICO, MX, visa, credit
408245,00-99,DOCK TECH MEXICO S.A. DE C.V.,MX,visa,credit
408246,00-99,CB PROCREDIT BANK S.A.,MD,visa,debit
408247,00-99,CB PROCREDIT BANK S.A.,MD,visa,debit
408248,00-99,CB PROCREDIT BANK S.A.,MD,visa,debit
408249,00-99,CB PROCREDIT BANK S.A.,MD,visa,debit
408250,00-99,,CY,visa,credit
408251,00-99,,DE,visa,debit
408252,00-99,,DE,visa,credit
408253,00-99,,DE,visa,credit
408254,00-99,,US,visa,credit
408255,00-99,TCM BANK NATIONAL ASSOCIATION,US,visa,credit
408256,00-99,DUTCH-BANGLA BANK LTD.,BD,visa,debit
408257,00-99,,PT,visa,debit
408258,00-99,FINECOBANK S.P.A.,IT,visa,debit
408259,00-99,,BE,visa,debit
408260,00-99,,BE,visa,debit
408261,00-99,,BE,visa,debit
408262,00-99,,US,visa,credit
408263,00-99,AEGEAN BALTIC BANK S.A.,GR,visa,debit
408264,00-99,AEGEAN BALTIC BANK S.A.,GR,visa,debit
408265,00-99,HSBC BANK PLC,GB,visa,credit
408266,00-99,,US,visa,credit
408267,00-99,HSBC BANK PLC,GB,visa,credit
408268,00-99,HSBC BANK PLC,GB,visa,credit
408269,00-99,,US,visa,credit
408270,00-99,CREDIT AGRICOLE BANK POLSKA S.A.,PL,visa,credit
408271,00-99,CREDIT AGRICOLE BANK POLSKA S.A.,PL,visa,credit
408272,00-99,CREDIT AGRICOLE BANK POLSKA S.A.,PL,visa,credit
408273,00-99,CREDIT AGRICOLE BANK POLSKA S.A.,PL,visa,credit
408274,00-99,,ES,visa,credit
408275,00-99,,ES,visa,credit
408276,00-99,PKO BANK POLSKI,PL,visa,debit
408277,00-99,POWSZECHNA KASA OSZCZEDNOSCI BANK POLSKI SA (PKO BANK POLSKI SA),PL,visa,debit
408278,00-99,,NL,visa,debit
408279,00-99,MONIZZE NV/SA,BE,visa,debit
408280,00-99,,NL,visa,debit
408281,00-99,,US,visa,credit
408282,00-99,,US,visa,credit
408283,00-99,,US,visa,credit
408284,00-99,,US,visa,credit
408285,00-99,,MX,visa,debit
408286,00-99,BNP PARIBAS,FR,visa,credit
408287,00-99,BNP PARIBAS,FR,visa,credit
408288,00-99,BNP PARIBAS,FR,visa,credit
408289,00-99,BNP PARIBAS,FR,visa,credit
408290,00-99,BNP PARIBAS,FR,visa,credit
408291,00-99,BNP PARIBAS,FR,visa,credit
408292,00-99,BNP PARIBAS,FR,visa,credit
408293,00-99,BNP PARIBAS,FR,visa,credit
408294,00-99,BNP PARIBAS,FR,visa,credit
408295,00-99,,CO,visa,debit
408296,00-99,,US,visa,credit
408297,00-99,,US,visa,credit
408298,00-99,IKANO BANK AB,DE,visa,debit
408299,00-99,,US,visa,credit
408300,00-99,RECORD BANQUE / RECORD BANK,BE,visa,credit
408301,00-99,ACCESS BANK PLC,NG,visa,credit
408302,00-99,ACCESS BANK PLC,NG,visa,credit
408303,00-99,ACCESS BANK PLC,NG,visa,credit
408304,00-99,ACCESS BANK PLC,NG,visa,debit
408305,00-99,ACCESS BANK PLC,NG,visa,debit
408306,00-99,AMERIABANK CJSC,AM,visa,debit
408307,00-99,AMERIABANK CJSC,AM,visa,debit
408308,00-99,AMERIABANK CJSC,AM,visa,debit
408309,00-99,AMERIABANK CJSC,AM,visa,debit
408310,00-99,AMERIABANK CJSC,AM,visa,debit
408311,00-99,,US,visa,credit
408312,00-99,AMERIABANK CJSC,AM,visa,debit
408313,00-99,CB COMERTBANK SA,MD,visa,debit
408314,00-99,CB COMERTBANK SA,MD,visa,debit
408315,00-99,CB COMERTBANK SA,MD,visa,debit
408316,00-99,CB COMERTBANK S.A.,MD,visa,debit
408317,00-99,CB COMERTBANK S.A.,MD,visa,debit
408318,00-99,BANCO UNION S.A.,BO,visa,debit
408319,00-99,AGRICULTURAL DEVELOPMENT BANK,GH,visa,debit
408320,00-99,WOORI CARD CO. LTD.,KR,visa,credit
408321,00-99,INTERBANK BURUNDI (IBB) S.A.R.L.,BI,visa,debit
408322,00-99,INTERBANK BURUNDI (IBB) S.A.R.L.,BI,visa,debit
408323,00-99,INTERBANK BURUNDI (IBB) S.A.R.L.,BI,visa,debit
408324,00-99,INTERBANK BURUNDI (IBB) S.A.R.L.,BI,visa,debit
408325,00-99,BANCO COMERCIAL DO ATLANTICO S.A.,CV,visa,credit
408326,00-99,INTERNATIONAL BUSINESS BANK TOGO (IB BANK TOGO),TG,visa,debit
408327,00-99,INTERNATIONAL BUSINESS BANK TOGO (IB BANK TOGO),TG,visa,debit
408328,00-99,BTCI,TG,visa,debit
408329,00-99,INTERNATIONAL BUSINESS BANK TOGO (IB BANK TOGO),TG,visa,debit
408330,00-99,,CO,visa,debit
408331,00-99,,US,visa,credit
408332,00-99,,US,visa,credit
408333,00-99,BANQUE TOGOLAISE DE DEVELOPPEMENT (BTD),TG,visa,debit
408334,00-99,BANQUE TOGOLAISE DE DEVELOPPEMENT (BTD),TG,visa,debit
408335,00-99,BANQUE TOGOLAISE DE DEVELOPPEMENT (BTD),TG,visa,debit
408336,00-99,,US,visa,credit
408337,00-99,PJSC UNICREDIT BANK,UA,visa,debit
408338,00-99,PJSC UNICREDIT BANK,UA,visa,debit
408339,00-99,UNICREDIT BANK LLC,UA,visa,debit
408340,00-99,BANCO DE LA CIUDAD DE BUENOS AIRES,AR,visa,credit
408341,00-99,BBVA BANCOMER S.A.,MX,visa,debit
408342,00-99,,US,visa,credit
408343,00-99,BBVA BANCOMER S.A.,MX,visa,debit
408344,00-99,OPEN JOINT-STOCK COMPANY BPS-SBERBANK,BY,visa,credit
408345,00-99,OPEN JOINT-STOCK COMPANY BPS-SBERBANK,BY,visa,credit
408346,00-99,NBCBANK OJSC,AZ,visa,credit
408347,00-99,NBCBANK OJSC,AZ,visa,credit
408348,00-99,NBCBANK OJSC,AZ,visa,credit
408349,00-99,NBCBANK OJSC,AZ,visa,credit
408350,00-99,NBCBANK OJSC,AZ,visa,debit
408351,00-99,,AZ,visa,debit
408352,00-99,HIPOTEKARNA BANKA AD PODGORICA,ME,visa,credit
408353,00-99,HIPOTEKARNA BANKA AD PODGORICA,ME,visa,credit
408354,00-99,HIPOTEKARNA BANKA AD PODGORICA,ME,visa,credit
408355,00-99,HIPOTEKARNA BANKA AD PODGORICA,ME,visa,debit
408356,00-99,HIPOTEKARNA BANKA AD PODGORICA,ME,visa,debit
408357,00-99,HIPOTEKARNA BANKA AD PODGORICA,ME,visa,debit
408358,00-99,HIPOTEKARNA BANKA AD PODGORICA,ME,visa,debit
408359,00-99,RAIFFEISENBANK A.S.,CZ,visa,debit
408360,00-99,RAIFFEISENBANK A.S.,CZ,visa,debit
408361,00-99,RAIFFEISENBANK A.S.,CZ,visa,debit
408362,00-99,RAIFFEISENBANK A.S.,CZ,visa,debit
408363,00-99,RAIFFEISENBANK A.S.,CZ,visa,debit
408364,00-99,RAIFFEISENBANK A.S.,CZ,visa,debit
408365,00-99,BMI BANK B.S.C.,BH,visa,credit
408366,00-99,BMI BANK B.S.C.,BH,visa,credit
408367,00-99,BARCLAYS BANK PLC,GB,visa,debit
408368,00-99,BARCLAYS BANK PLC,GB,visa,credit
408369,00-99,AFRICAN BANK LTD.,ZA,visa,credit
408370,00-99,AFRICAN BANK LTD.,ZA,visa,credit
408371,00-99,,US,visa,credit
408372,00-99,,FR,visa,credit
408373,00-99,CJSC CREDIT EUROPE BANK,RU,visa,credit
408374,00-99,,US,visa,credit
408375,00-99,,GB,visa,credit
408376,00-99,ROYAL BANK OF SCOTLAND,GB,visa,debit
408377,00-99,YORKSHIRE BANK,GB,visa,debit
408378,00-99,OCEANIC BANK INTERNATIONAL PLC,NG,visa,credit
408379,00-99,ECOBANK NIGERIA LTD.,NG,visa,credit
408380,00-99,OCEANIC BANK INTERNATIONAL PLC,NG,visa,credit
408381,00-99,ITAU UNIBANCO S.A.,BR,visa,debit
408382,00-99,VISTA BANK (GAMBIA) LTD.,GM,visa,debit
408383,00-99,ECOBANK LIBERIA LTD.,LR,visa,credit
408384,00-99,ECOBANK LIBERIA LTD.,LR,visa,debit
408385,00-99,,US,visa,debit
408386,00-99,BANCO INTERNACIONAL S.A.,EC,visa,debit
408387,00-99,ALLINPAY FINANCIAL SERVICES LTD.,HK,visa,credit
408388,00-99,BANK BIC NAMIBIA LTD.,NA,visa,debit
408389,00-99,COMMERCIAL BANK OF QATAR (Q.S.C.),QA,visa,credit
408390,00-99,BANCO COMERCIAL ANGOLANO S.A.,AO,visa,credit
408391,00-99,BANCO COMERCIAL ANGOLANO S.A.,AO,visa,debit
408392,00-99,,US,visa,credit
408393,00-99,,RU,visa,debit
408394,00-99,,RU,visa,debit
408395,00-99,,RU,visa,credit
408396,00-99,JOINT STOCK COMPANY ALFA-BANK,RU,visa,credit
408397,00-99,JOINT STOCK COMPANY ALFA-BANK,RU,visa,debit
408398,00-99,,US,visa,credit
408399,00-99,TRADE & DEVELOPMENT BANK JSC,MN,visa,credit
408400,00-99,BANCO DEL BAJIO S.A.,MX,visa,debit
408401,00-99,BANCO DEL BAJIO S.A.,MX,visa,debit
408402,00-99,,MX,visa,debit
408403,00-99,,US,visa,credit
408404,00-99,POSTAL SAVINGS BANK JSC,RS,visa,debit
408405,00-99,JPMORGAN CHASE BANK N.A.,US,visa,credit
408406,00-99,,CN,visa,credit
408407,00-99,MAINSTREET BANK LTD.,NG,visa,credit
408408,00-99,MAINSTREET BANK LTD.,NG,visa,credit
408409,00-99,UNITED COMMERCIAL BANK,BD,visa,credit
408410,00-99,DBS BANK LTD.,SG,visa,debit
408411,00-99,WAHDA BANK,LY,visa,debit
408412,00-99,WAHDA BANK,LY,visa,debit
408413,00-99,UNITED BANK LTD.,PK,visa,debit
408414,00-99,,US,visa,credit
408415,00-99,,US,visa,credit
408416,00-99,JS COMMERCIAL MORTGAGE BANK IPOTEKA BANK,UZ,visa,debit
408417,00-99,JSCB MIKROKREDITBANK,UZ,visa,debit
408418,00-99,CITIBANK EUROPE PLC,RO,visa,debit
408419,00-99,CITIBANK EUROPE PLC,RO,visa,debit
408420,00-99,CITIBANK EUROPE PLC,RO,visa,debit
408421,00-99,INTERCONTINENTAL BANK PLC,NG,visa,credit
408422,00-99,INTERCONTINENTAL BANK PLC,NG,visa,credit
408423,00-99,INTERCONTINENTAL BANK PLC,NG,visa,credit
408424,00-99,ACCESS BANK PLC,NG,visa,debit
408425,00-99,INTERCONTINENTAL BANK PLC,NG,visa,debit
408426,00-99,STATE DEPARTMENT FEDERAL CREDIT UNION,US,visa,credit
408427,00-99,STATE DEPARTMENT FEDERAL CREDIT UNION,US,visa,credit
408428,00-99,ZIONS BANCORPORATION NATIONAL ASSOCIATION,US,visa,credit
408429,00-99,PNC BANK NATIONAL ASSOCIATION - CONSUMER CREDIT,US,visa,credit
408430,00-99,SCOTIABANK COLPATRIA S.A,CO,visa,credit
408431,00-99,SCOTIABANK COLPATRIA S.A,CO,visa,credit
408432,00-99,CAIXA ECONOMICA FEDERAL,BR,visa,credit
408433,00-99,CONFEDERACAO NACIONAL DAS COOPERATIVAS CENTRAIS UNICRED LTDA - UNICRED DO BRASIL,BR,visa,credit
408434,00-99,BANCO BRADESCO S.A.,BR,visa,credit
408435,00-99,BANCO BRADESCO S.A.,BR,visa,credit
408436,00-99,,US,visa,credit
408437,00-99,BANCO FICOHSA NICARAGUA S.A.,NI,visa,debit
408438,00-99,BANCO FICOHSA NICARAGUA S.A.,NI,visa,debit
408439,00-99,BANCO FICOHSA NICARAGUA S.A.,NI,visa,debit
408440,00-99,FEDERACI N DE CAJAS DE CR DITO Y DE BANCOS DE LOS TRABAJADORES S.C. DE C.V. DE,SV,visa,credit
408441,00-99,FEDERACI N DE CAJAS DE CR DITO Y DE BANCOS DE LOS TRABAJADORES S.C. DE C.V. DE,SV,visa,credit
408442,00-99,FEDERACI N DE CAJAS DE CR DITO Y DE BANCOS DE LOS TRABAJADORES S.C. DE C.V. DE,SV,visa,credit
408443,00-99,NEXI PAYMENTS S.P.A.,IT,visa,debit
408444,00-99,NEXI PAYMENTS S.P.A.,IT,visa,debit
408445,00-99,JSCB CHUVASHCREDITPROMBANK OJSC,RU,visa,debit
408446,00-99,JSCB CHUVASHCREDITPROMBANK OJSC,RU,visa,debit
408447,00-99,JSCB CHUVASHCREDITPROMBANK OJSC,RU,visa,debit
408448,00-99,JSCB CHUVASHCREDITPROMBANK OJSC,RU,visa,debit
408449,00-99,JSCB CHUVASHCREDITPROMBANK OJSC,RU,visa,credit
408450,00-99,,US,visa,credit
408451,00-99,,US,visa,credit
408452,00-99,,US,visa,credit
408453,00-99,,BR,visa,credit
408454,00-99,COLLABRIA FINANCIAL SERVICES INC.,CA,visa,credit
408455,00-99,,US,visa,credit
408456,00-99,COLLABRIA FINANCIAL SERVICES INC.,CA,visa,credit
408457,00-99,COLLABRIA FINANCIAL SERVICES INC.,CA,visa,credit
408458,00-99,BANQUE LIBANO-FRANCAISE SAL,LB,visa,credit
408459,00-99,BANQUE INTERNATIONALE POUR L'AFRIQUE AU NIGER,NE,visa,debit
408460,00-99,BANQUE INTERNATIONALE POUR L'AFRIQUE AU NIGER,NE,visa,debit
408461,00-99,BANQUE INTERNATIONALE POUR L'AFRIQUE AU NIGER,NE,visa,debit
408462,00-99,BANQUE INTERNATIONALE POUR LAFRIQUE AU NIGER,NE,visa,debit
408463,00-99,,US,visa,credit
408464,00-99,CAIXABANK S.A.,ES,visa,credit
408465,00-99,OFFICE NATIONAL DES POSTES,TN,visa,debit
408466,00-99,AFG BANK COMORES,KM,visa,debit
408467,00-99,EXIM BANK COMOROS,KM,visa,credit
408468,00-99,,US,visa,credit
408469,00-99,EXIM BANK COMOROS,KM,visa,debit
408470,00-99,EXIM BANK COMOROS,KM,visa,debit
408471,00-99,EXIM BANK COMOROS,KM,visa,debit
408472,00-99,FNB MOCAMBIQUE SA,MZ,visa,debit
408473,00-99,FNB MOCAMBIQUE SA,MZ,visa,debit
408474,00-99,BNP PARIBAS BANK POLSKA S.A.,PL,visa,credit
408475,00-99,BNP PARIBAS BANK POLSKA S.A.,PL,visa,credit
408476,00-99,BNP PARIBAS BANK POLSKA S.A.,PL,visa,credit
408477,00-99,OFFICE NATIONAL DES POSTES,TN,visa,debit
408478,00-99,BNP PARIBAS BANK POLSKA S.A.,PL,visa,credit
408479,00-99,,PL,visa,credit
408480,00-99,BNP PARIBAS BANK POLSKA S.A.,PL,visa,credit
408481,00-99,BNP PARIBAS BANK POLSKA S.A.,PL,visa,debit
408482,00-99,BNP PARIBAS BANK POLSKA S.A.,PL,visa,debit
408483,00-99,BNP PARIBAS BANK POLSKA S.A.,PL,visa,credit
408484,00-99,BNP PARIBAS BANK POLSKA S.A.,PL,visa,credit
408485,00-99,ERSTE & STEIERMARKISCHE BANK D.D.,HR,visa,credit
408486,00-99,ERSTE & STEIERMARKISCHE BANK D.D.,HR,visa,credit
408487,00-99,ERSTE & STEIERMARKISCHE BANK D.D.,HR,visa,credit
408488,00-99,ERSTE & STEIERMARKISCHE BANK D.D.,HR,visa,credit
408489,00-99,ERSTE & STEIERMARKISCHE BANK D.D.,HR,visa,credit
408490,00-99,FINTRO,BE,visa,credit
408491,00-99,BNP PARIBAS FORTIS NV/SA.,BE,visa,credit
408492,00-99,,US,visa,credit
408493,00-99,,US,visa,credit
408494,00-99,,US,visa,credit
408495,00-99,,US,visa,credit
408496,00-99,,US,visa,credit
408497,00-99,,US,visa,credit
408498,00-99,ITAU UNIBANCO S.A.,BR,visa,debit
408499,00-99,ITAU UNIBANCO HOLDING S.A.,BR,visa,credit
408500,00-99,TRUPOINT BANK,US,visa,debit
408501,00-99,CHESSIE FEDERAL CREDIT UNION,US,visa,debit
408502,00-99,FIRST NATIONAL BANK OF OMAHA,US,visa,credit
408503,00-99,RELIANCE FEDERAL CREDIT UNION,US,visa,debit
408504,00-99,CBNK BANCO DE COLECTIVOS S.A.,ES,visa,credit
408505,00-99,CBNK BANCO DE COLECTIVOS S.A.,ES,visa,credit
408506,00-99,CBNK BANCO DE COLECTIVOS S.A.,ES,visa,debit
408507,00-99,AMERICAN BANK AND TRUST COMPANY NATIONAL ASSOCIATION,US,visa,credit
408508,00-99,AMERICAN BANK AND TRUST COMPANY NATIONAL ASSOCIATION,US,visa,credit
408509,00-99,AMERICAN BANK AND TRUST COMPANY NATIONAL ASSOCIATION,US,visa,credit
408510,00-99,XXIMO FINANCIAL SERVICES B.V.,NL,visa,debit
408511,00-99,ICICI BANK LTD.,IN,visa,credit
408512,00-99,BC CARD,KR,visa,credit
408513,00-99,,LU,visa,debit
408514,00-99,YES BANK LTD.,IN,visa,credit
408515,00-99,BANCO COLUMBIA S.A.,AR,visa,debit
408516,00-99,BANCO COLUMBIA S.A.,AR,visa,credit
408517,00-99,,LU,visa,debit
408518,00-99,CREDOMATIC DE EL SALVADOR S.A.,SV,visa,credit
408519,00-99,,LU,visa,debit
408520,00-99,HABIB BANK AG ZURICH,AE,visa,debit
408521,00-99,AMERICU CREDIT UNION,US,visa,credit
408522,00-99,AMERICU CREDIT UNION,US,visa,credit
408523,00-99,NUMERICA CREDIT UNION,US,visa,credit
408524,00-99,SOUND CREDIT UNION,US,visa,debit
408525,00-99,TD BANK NATIONAL ASSOCIATION,US,visa,debit
408526,00-99,TD BANK NATIONAL ASSOCIATION,US,visa,debit
408527,00-99,COMMERCE BANCSHARES INC.,US,visa,debit
408528,00-99,TD BANK NATIONAL ASSOCIATION,US,visa,debit
408529,00-99,KOREAN AMERICAN CATHOLICS FEDERAL CREDIT UNION,US,visa,credit
408530,00-99,EAST BOSTON SAVINGS BANK,US,visa,debit
408531,00-99,ALLIED IRISH BANKS P.L.C.,IE,visa,credit
408532,00-99,LLOYDS BANK PLC,GB,visa,credit
408533,00-99,JPMORGAN CHASE BANK N.A.,US,visa,credit
408534,00-99,CAIXABANK S.A.,ES,visa,credit
408535,00-99,CAIXABANK S.A.,ES,visa,debit
408536,00-99,ITAU UNIBANCO HOLDING S.A.,BR,visa,credit
408537,00-99,TD BANK NATIONAL ASSOCIATION,US,visa,debit
408538,00-99,WILMINGTON SAVINGS FUND SOCIETY FSB,US,visa,credit
408539,00-99,BC CARD COMPANY LTD.,KR,visa,debit
408540,00-99,TD BANK NATIONAL ASSOCIATION,US,visa,debit
408541,00-99,SOUND CREDIT UNION,US,visa,credit
408542,00-99,AXIS BANK LTD.,IN,visa,debit
408543,00-99,FISERV SOLUTIONS LLC,US,visa,credit
408544,00-99,SUTTON BANK,US,visa,credit
408545,00-99,COMMUNITY FIRST BANK,US,visa,debit
408546,00-99,KEYBANK N.A.,US,visa,debit
408547,00-99,SOUND CREDIT UNION,US,visa,credit
408548,00-99,WIDGET FEDERAL CREDIT UNION,US,visa,debit
408549,00-99,FIRST COMMERCE CREDIT UNION,US,visa,credit
408550,00-99,FIRST COMMERCE CREDIT UNION,US,visa,credit
408551,00-99,BANKFIRST,US,visa,credit
408552,00-99,FIRST BANK & TRUST CO.,US,visa,debit
408553,00-99,JPMORGAN CHASE BANK N.A.,US,visa,credit
408554,00-99,SANTA CRUZ COMMUNITY CREDIT UNION,US,visa,credit
408555,00-99,TD BANK N.A.,US,visa,debit
408556,00-99,SENTRY CREDIT UNION,US,visa,credit
408557,00-99,ITAU UNIBANCO HOLDING S.A.,BR,visa,credit
408558,00-99,ITAU UNIBANCO HOLDING S.A.,BR,visa,credit
408559,00-99,TRIBORO POSTAL FEDERAL CREDIT UNION,US,visa,credit
408560,00-99,JPMORGAN CHASE BANK N.A.,US,visa,credit
408561,00-99,FREEDOM FEDERAL CREDIT UNION,US,visa,credit
408562,00-99,PATHWARD N.A.,US,visa,debit
408563,00-99,PATHWARD N.A.,US,visa,debit
408564,00-99,SIGNAL FINANCIAL FEDERAL CREDIT UNION,US,visa,credit
408565,00-99,MASHREQBANK,AE,visa,debit
408566,00-99,ASIA-PACIFIC REGION,JP,visa,credit
408567,00-99,JPMORGAN CHASE BANK N.A.,US,visa,credit
408568,00-99,,US,visa,credit
408569,00-99,AIB GROUP (UK) PLC,IE,visa,debit
408570,00-99,AIB GROUP (UK) PLC,IE,visa,credit
408571,00-99,SHORE UNITED BANK,US,visa,debit
408572,00-99,,US,visa,debit
408573,00-99,,US,visa,debit
408574,00-99,WRIGHT-PATT CREDIT UNION INC.,US,visa,debit
408575,00-99,,US,visa,debit
408576,00-99,TRONA VALLEY COMMUNITY FEDERAL CREDIT UNION,US,visa,debit
408577,00-99,ROCKPORT NATIONAL BANK,US,visa,debit
408578,00-99,WORCESTER POLICE DEPARTMENT CREDIT UNION,US,visa,credit
408579,00-99,ING BANK A.S.,TR,visa,credit
408580,00-99,PARK SIDE FINANCIAL CREDIT UNION,US,visa,debit
408581,00-99,ING BANK A.S.,TR,visa,debit
408582,00-99,JPMORGAN CHASE BANK N.A.,US,visa,credit
408583,00-99,UBS AG (UNION BANK OF SWITZERLAND),CH,visa,credit
408584,00-99,TOPCARD SERVICE S.A.,CH,visa,credit
408585,00-99,ITAU UNIBANCO HOLDING S.A.,BR,visa,credit
408586,00-99,THE TORONTO-DOMINION BANK,CA,visa,credit
408587,00-99,FULTON BANK,US,visa,debit
408588,00-99,LATINO COMMUNITY CREDIT UNION,US,visa,debit
408589,00-99,SUNCOAST CREDIT UNION,US,visa,credit
408590,00-99,TRELLANCE INC.,US,visa,credit
408591,00-99,ITAU UNIBANCO HOLDING S.A.,BR,visa,credit
408592,00-99,PACIFIC PREMIER BANK,US,visa,debit
408593,00-99,ING BANK A.S.,TR,visa,debit
408594,00-99,NATIONAL EXCHANGE BANK AND TRUST,US,visa,credit
408595,00-99,BANCO COOPERATIVO ESPANOL S.A.,ES,visa,credit
408596, 00-99, BOKF NATIONAL ASSOCIATION, US, visa, debit
408597,00-99,,QA,visa,credit
408598,00-99,,US,visa,debit
408599,00-99,ENNIS STATE BANK,US,visa,debit
408600,00-99,MUTUAL FEDERAL SAVINGS BANK,US,visa,debit
408601,00-99,SAIGON THUONG TIN COMMERCIAL JOINT STOCK BANK,VN,visa,debit
408602,00-99,ADELFI CREDIT UNION,US,visa,credit
408603,00-99,SEASONS FEDERAL CREDIT UNION,US,visa,credit
408604,00-99,JPMORGAN CHASE BANK N.A.,US,visa,credit
408605,00-99,,CA,visa,debit
408606,00-99,KEESLER FEDERAL CREDIT UNION,US,visa,debit
408607,00-99,OUACHITA VALLEY FEDERAL CREDIT UNION,US,visa,credit
408608,00-99,BERKELEY COUNTY PUBLIC SCHOOLS FEDERAL CREDIT UNION,US,visa,debit
408609,00-99,FIRST HORIZON BANK,US,visa,debit
408610,00-99,MATSON EMPLOYEES FEDERAL CREDIT UNION,US,visa,debit
408611,00-99,CARD SERVICES FOR CREDIT UNIONS,US,visa,credit
408612,00-99,JPMORGAN CHASE BANK N.A.,US,visa,credit
408613,00-99,SPACE COAST CREDIT UNION,US,visa,credit
408614,00-99,CONSUMERS NATIONAL BANK,US,visa,credit
408615,00-99,U.S. BANK NATIONAL ASSOCIATION,US,visa,debit
408616,00-99,SOVITA CREDIT UNION,US,visa,credit
408617,00-99,RIDGELINE FEDERAL CREDIT UNION,US,visa,debit
408618,00-99,SOUTHERN TEACHERS AND PARENTS FEDERAL CREDIT UNION,US,visa,credit
408619,00-99,WESTMORELAND WATER FEDERAL CREDIT UNION,US,visa,credit
408620, 00-99, BELLCO CREDIT UNION, US, visa, credit
408621,00-99,JPMORGAN CHASE BANK N.A.,US,visa,credit
408622,00-99,ITAU UNIBANCO HOLDING S.A.,BR,visa,credit
408623,00-99,ITAU UNIBANCO HOLDING S.A.,BR,visa,credit
408624,00-99,FIRST PIONEERS FEDERAL CREDIT UNION,US,visa,credit
408625,00-99,DENIZBANK A.S.,TR,visa,credit
408626,00-99,WYHY FEDERAL CREDIT UNION,US,visa,debit
408627,00-99,STATE FARM BANK,US,visa,debit
408628,00-99,ITAU UNIBANCO HOLDING S.A.,BR,visa,credit
408629,00-99,ITAU UNIBANCO HOLDING S.A.,BR,visa,credit
408630,00-99,COMMERCIAL BANK OF DUBAI LTD.,AE,visa,credit
408631,00-99,44 NORTH CREDIT UNION,US,visa,credit
408632,00-99,JPMORGAN CHASE BANK N.A.,US,visa,credit
408633,00-99,ITAU UNIBANCO HOLDING S.A.,BR,visa,credit
408634,00-99,TRU FI CREDIT UNION,US,visa,credit
408635,00-99,PEOPLES TRUST COMPANY,CA,visa,debit
408636,00-99,MED5 FEDERAL CREDIT UNION,US,visa,credit
408637,00-99,JSC FEDERAL CREDIT UNION,US,visa,credit
408638,00-99,WESTMORELAND WATER FEDERAL CREDIT UNION,US,visa,debit
408639,00-99,PALMETTO CITIZENS FEDERAL CREDIT UNION,US,visa,credit
408640,00-99,JPMORGAN CHASE BANK N.A.,US,visa,credit
408641,00-99,KUMC CREDIT UNION,US,visa,debit
408642,00-99,FINANCIAL PLUS CREDIT UNION,US,visa,credit
408643,00-99,JPMORGAN CHASE BANK N.A.,US,visa,credit
408644,00-99,CARD SERVICES FOR CREDIT UNIONS,US,visa,credit
408645,00-99,RELIANCE FEDERAL CREDIT UNION,US,visa,credit
408646,00-99,SIMMONS BANK,US,visa,debit
408647,00-99,AMBRIDGE AREA FEDERAL CREDIT UNION,US,visa,credit
408648,00-99,RENDIMENTOPAY INSTITUICAO DE PAGAMENTO S.A.,BR,visa,debit
408649,00-99,VALLEY F.C.U. OF MONTANA,US,visa,debit
408650,00-99,,US,visa,credit
408651,00-99,BANC OF CALIFORNIA,US,visa,credit
408652,00-99,FIRST COMMUNITY CREDIT UNION,US,visa,debit
408653,00-99,WEBBANK,US,visa,credit
408654,00-99,FIFTH THIRD BANK,US,visa,debit
408655,00-99,FINANCIAL PLUS CREDIT UNION,US,visa,credit
408656,00-99,JPMORGAN CHASE BANK N.A.,US,visa,credit
408657,00-99,JSC JSCB INTERNATIONAL FINANCIAL CLUB,RU,visa,credit
408658,00-99,ITAU UNIBANCO HOLDING S.A.,BR,visa,credit
408659,00-99,ITAU UNIBANCO HOLDING S.A.,BR,visa,credit
408660,00-99,RHODE ISLAND CREDIT UNION,US,visa,credit
408661,00-99,COMMUNITYAMERICA CREDIT UNION,US,visa,credit
408662,00-99,NYMEO FEDERAL CREDIT UNION,US,visa,credit
408663,00-99,JPMORGAN CHASE BANK N.A.,US,visa,credit
408664,00-99,CARD SERVICES FOR CREDIT UNIONS,US,visa,credit
408665,00-99,ITAU UNIBANCO HOLDING S.A.,BR,visa,credit
408666,00-99,ITAU UNIBANCO HOLDING S.A.,BR,visa,credit
408667,00-99,U.S. BANK NATIONAL ASSOCIATION,US,visa,debit
408668,00-99,BANCO PASTOR S.A.U.,ES,visa,credit
408669,00-99,ITAU UNIBANCO HOLDING S.A.,BR,visa,credit
408670,00-99,ITAU UNIBANCO HOLDING S.A.,BR,visa,debit
408671,00-99,BANK OF AMERICA NATIONAL ASSOCIATION,US,visa,debit
408672,00-99,LUZERNE COUNTY FEDERAL CREDIT UNION,US,visa,debit
408673,00-99,INDUSTRIAL BANK,US,visa,debit
408674,00-99,JPMORGAN CHASE BANK N.A.,US,visa,credit
408675,00-99,PEOPLES TRUST COMPANY,CA,visa,debit
408676,00-99,JPMORGAN CHASE BANK N.A.,US,visa,credit
408677,00-99,CENTRIC FEDERAL CREDIT UNION,US,visa,debit
408678,00-99,BURNS & MCDONNELL CREDIT UNION,US,visa,debit
408679,00-99,BANK OF O'FALLON,US,visa,debit
408680,00-99,ASCEND FEDERAL CREDIT UNION,US,visa,credit
408681,00-99,CAROLINA COOPERATIVE FEDERAL CREDIT UNION,US,visa,debit
408682,00-99,SEVEN SEVENTEEN CREDIT UNION INC.,US,visa,credit
408683,00-99,COMMUNITY POWERED FEDERAL CREDIT UNION,US,visa,credit
408684,00-99,CARD SERVICES FOR CREDIT UNIONS,US,visa,debit
408685,00-99,WASHINGTON FEDERAL BANK,US,visa,debit
408686,00-99,JPMORGAN CHASE BANK N.A.,US,visa,credit
408687,00-99,NEIGHBORS CREDIT UNION,US,visa,debit
408688,00-99,IBEW 76 FEDERAL CREDIT UNION,US,visa,debit
408689,00-99,PIEDMONT ADVANTAGE CREDIT UNION,US,visa,debit
408690,00-99,CSC EUROPE LTD.,CY,visa,credit
408691,00-99,UNIVERSITY OF VIRGINIA COMMUNITY CREDIT UNION INC.,US,visa,debit
408692,00-99,ITAU UNIBANCO HOLDING S.A.,BR,visa,debit
408693,00-99,CREDITO EMILIANO,IT,visa,credit
408694,00-99,CREDITO EMILIANO,IT,visa,credit
408695,00-99,CREDITO EMILIANO,IT,visa,credit
408696,00-99,CENTRAL NEBRASKA FEDERAL CREDIT UNION,US,visa,debit
408697,00-99,CREDITO EMILIANO,IT,visa,credit
408698,00-99,NASA FEDERAL CREDIT UNION,US,visa,debit
408699,00-99,OKLAHOMA FEDERAL CREDIT UNION,US,visa,debit
408700,00-99,BANCA CARIGE S.P.A.,IT,visa,debit
408701,00-99,POST LUXEMBOURG,LU,visa,debit
408702,00-99,ENTREPRISE DES POSTES ET TELECOMMUNICATIONS,LU,visa,debit
408703,00-99,ENTREPRISE DES POSTES ET TELECOMMUNICATIONS,LU,visa,debit
408704,00-99,ENTREPRISE DES POSTES ET TELECOMMUNICATIONS,LU,visa,debit
408705,00-99,ENTREPRISE DES POSTES ET TELECOMMUNICATIONS,LU,visa,debit
408706,00-99,ENTREPRISE DES POSTES ET TELECOMMUNICATIONS,LU,visa,debit
408707,00-99,ENTREPRISE DES POSTES ET TELECOMMUNICATIONS,LU,visa,debit
408708,00-99,ENTREPRISE DES POSTES ET TELECOMMUNICATIONS,LU,visa,debit
408709,00-99,ENTREPRISE DES POSTES ET TELECOMMUNICATIONS,LU,visa,debit
408710,00-99,BANQUE ET CAISSE D'EPARGNE DE L'ETAT (BCEE),LU,visa,debit
408711,00-99,BANQUE ET CAISSE DEPARGNE DE LETAT (BCEE),LU,visa,debit
408712,00-99,BANQUE ET CAISSE DEPARGNE DE LETAT (BCEE),LU,visa,debit
408713,00-99,BANQUE ET CAISSE DEPARGNE DE LETAT (BCEE),LU,visa,debit
408714,00-99,BANQUE ET CAISSE DEPARGNE DE LETAT (BCEE),LU,visa,debit
408715,00-99,BANQUE ET CAISSE DEPARGNE DE LETAT (BCEE),LU,visa,debit
408716,00-99,BANQUE ET CAISSE DEPARGNE DE LETAT (BCEE),LU,visa,debit
408717,00-99,BANQUE ET CAISSE DEPARGNE DE LETAT (BCEE),LU,visa,debit
408718,00-99,BANQUE ET CAISSE DEPARGNE DE LETAT (BCEE),LU,visa,debit
408719,00-99,BANQUE ET CAISSE DEPARGNE DE LETAT (BCEE),LU,visa,debit
408720,00-99,DEXIA BANQUE INTERNATIONALE A LUXEMBOURG S.A.,LU,visa,debit
408721,00-99,BANQUE INTERNATIONALE A LUXEMBOURG,LU,visa,debit
408722,00-99,BANQUE INTERNATIONALE A LUXEMBOURG,LU,visa,debit
408723,00-99,BANQUE INTERNATIONALE A LUXEMBOURG,LU,visa,debit
408724,00-99,BANQUE INTERNATIONALE A LUXEMBOURG,LU,visa,debit
408725,00-99,BANQUE INTERNATIONALE A LUXEMBOURG,LU,visa,debit
408726,00-99,BANQUE INTERNATIONALE A LUXEMBOURG,LU,visa,debit
408727,00-99,BANQUE INTERNATIONALE A LUXEMBOURG,LU,visa,debit
408728,00-99,BANQUE INTERNATIONALE A LUXEMBOURG,LU,visa,debit
408729,00-99,BANQUE INTERNATIONALE A LUXEMBOURG,LU,visa,debit
408730,00-99,BGL BNP PARIBAS S.A.,LU,visa,debit
408731,00-99,BGL BNP PARIBAS S.A.,LU,visa,debit
408732,00-99,BGL BNP PARIBAS S.A.,LU,visa,debit
408733,00-99,BGL BNP PARIBAS S.A.,LU,visa,debit
408734,00-99,BGL BNP PARIBAS S.A.,LU,visa,debit
408735,00-99,BGL BNP PARIBAS S.A.,LU,visa,debit
408736,00-99,BGL BNP PARIBAS S.A.,LU,visa,debit
408737,00-99,BGL BNP PARIBAS S.A.,LU,visa,debit
408738,00-99,BGL BNP PARIBAS S.A.,LU,visa,debit
408739,00-99,BGL BNP PARIBAS S.A.,LU,visa,debit
408740,00-99,,US,visa,credit
408741,00-99,,US,visa,credit
408742,00-99,,US,visa,credit
408743,00-99,,US,visa,credit
408744,00-99,,US,visa,credit
408745,00-99,,US,visa,credit
408746,00-99,,US,visa,credit
408747,00-99,,US,visa,credit
408748,00-99,,US,visa,credit
408749,00-99,,US,visa,credit
408750,00-99,QUINTET PRIVATE BANK,LU,visa,debit
408751,00-99,,US,visa,credit
408752,00-99,,US,visa,credit
408753,00-99,,US,visa,credit
408754,00-99,VIRGIN CARD BY MBNA EUROPE BANK,GB,visa,debit
408755,00-99,,US,visa,credit
408756,00-99,,US,visa,credit
408757,00-99,,US,visa,credit
408758,00-99,,US,visa,credit
408759,00-99,,US,visa,credit
408760,00-99,ING LUXEMBOURG S.A.,LU,visa,debit
408761,00-99,,NL,visa,credit
408762,00-99,,US,visa,credit
408763,00-99,,US,visa,credit
408764,00-99,,US,visa,credit
408765,00-99,,US,visa,credit
408766,00-99,,US,visa,credit
408767,00-99,BANQUE RAIFFEISEN,LU,visa,debit
408768,00-99,BANQUE BCP S.A.,LU,visa,debit
408769,00-99,BANQUE BCP S.A.,LU,visa,debit
408770,00-99,,FR,visa,credit
408771,00-99,,US,visa,credit
408772,00-99,BANQUE FORTUNA,LU,visa,debit
408773,00-99,BANQUE DE LUXEMBOURG,BE,visa,debit
408774,00-99,BANQUE DE LUXEMBOURG,LU,visa,debit
408775,00-99,,US,visa,credit
408776,00-99,,US,visa,credit
408777,00-99,,CN,visa,credit
408778,00-99,,RU,visa,credit
408779,00-99,,US,visa,credit
408780,00-99,,US,visa,credit
408781,00-99,,BR,visa,credit
408782,00-99,,US,visa,credit
408783,00-99,,US,visa,credit
408784,00-99,,US,visa,credit
408785,00-99,CAIXA GERAL DE DEPOSITOS,LU,visa,debit
408786,00-99,,US,visa,credit
408787,00-99,,US,visa,credit
408788,00-99,,US,visa,credit
408789,00-99,,US,visa,credit
408790,00-99,,NL,visa,credit
408791,00-99,,US,visa,credit
408792,00-99,,US,visa,credit
408793,00-99,,US,visa,credit
408794,00-99,,US,visa,credit
408795,00-99,,US,visa,credit
408796,00-99,,US,visa,credit
408797,00-99,,US,visa,credit
408798,00-99,,US,visa,credit
408799,00-99,,LU,visa,debit
408800,00-99,STATE EMPLOYEES' CREDIT UNION,US,visa,credit
408801,00-99,ONE CREDIT UNION,US,visa,credit
408802,00-99,FIRST NATIONAL BANK OF OMAHA,US,visa,credit
408803,00-99,CAPITAL ONE NATIONAL ASSOCIATION,US,visa,credit
408804,00-99,CAPITAL ONE NATIONAL ASSOCIATION,US,visa,credit
408805,00-99,,TH,visa,debit
408806,00-99,UMB BANK N.A.,US,visa,debit
408807,00-99,UNION BANK N.A.,US,visa,credit
408808,00-99,HTLF BANK,US,visa,debit
408809,00-99,OKLAHOMA FEDERAL CREDIT UNION,US,visa,debit
408810,00-99,FIRST FINANCIAL BANK,US,visa,debit
408811,00-99,THE BANCORP BANK NATIONAL ASSOCIATION,US,visa,debit
408812,00-99,OAKSTAR BANK,US,visa,debit
408813,00-99,FIRST CAPITAL BANK,US,visa,debit
408814,00-99,S.C. STATE FEDERAL CREDIT UNION,US,visa,debit
408815,00-99,BOSSIER FEDERAL CREDIT UNION,US,visa,credit
408816,00-99,AMERICAN STATE BANK,US,visa,debit
408817,00-99,BANKFIRST,US,visa,debit
408818,00-99,ANDROSCOGGIN SAVINGS BANK,US,visa,debit
408819,00-99,BANK OF DONIPHAN,US,visa,debit
408820,00-99,EQUITY BANK,US,visa,debit
408821,00-99,EMIRATES NBD BANK (P.J.S.C.),IN,visa,debit
408822,00-99,UWHARRIE BANK,US,visa,debit
408823,00-99,GOLDENWEST FEDERAL CREDIT UNION,US,visa,debit
408824,00-99,ZIONS BANCORPORATION NATIONAL ASSOCIATION,US,visa,debit
408825,00-99,UWHARRIE BANK,US,visa,debit
408826,00-99,ZIONS BANCORPORATION NATIONAL ASSOCIATION,US,visa,debit
408827,00-99,FIRSTRUST SAVINGS BANK,US,visa,credit
408828,00-99,FIRSTRUST SAVINGS BANK,US,visa,credit
408829,00-99,CU COOPERATIVE SYSTEMS INC.,US,visa,debit
408830,00-99,,TH,visa,debit
408831,00-99,CITIZENS NATIONAL BANK OF ALBION,US,visa,debit
408832,00-99,PATHWARD N.A.,US,visa,debit
408833,00-99,JYOTI BIKASH BANK LTD.,NP,visa,debit
408834,00-99,SAN FRANCISCO FEDERAL CREDIT UNION,US,visa,credit
408835,00-99,THE BANCORP BANK NATIONAL ASSOCIATION,US,visa,debit
408836,00-99,PATHWARD N.A.,US,visa,debit
408837,00-99,JPMORGAN CHASE BANK N.A.,US,visa,credit
408838,00-99,KEYPOINT CREDIT UNION,US,visa,credit
408839,00-99,KEYPOINT CREDIT UNION,US,visa,credit
408840,00-99,JPMORGAN CHASE BANK N.A.,US,visa,debit
408841,00-99,,US,visa,credit
408842,00-99,SUNTRUST BANK,US,visa,credit
408843,00-99,CHARLES SCHWAB BANK,US,visa,credit
408844,00-99,FIRST FINANCIAL BANK,US,visa,credit
408845,00-99,U.S. BANK N.A.,US,visa,credit
408846,00-99,U.S. BANK N.A.,US,visa,credit
408847,00-99,U.S. BANK N.A.,US,visa,credit
408848,00-99,U.S. BANK N.A.,US,visa,credit
408849,00-99,AXIS BANK LTD.,IN,visa,debit
408850,00-99,FIDELIS CATHOLIC FEDERAL CREDIT UNION,US,visa,debit
408851,00-99,JPMORGAN CHASE BANK N.A.,US,visa,credit
408852,00-99,CBH - COMPAGNIE BANCAIRE HELVETIQUE S.A.,CH,visa,debit
408853,00-99,U.S. BANK N.A.,US,visa,credit
408854,00-99,BANK OF CEYLON,LK,visa,debit
408855,00-99,MONEY EXCHANGE,ES,visa,debit
408856,00-99,OXYGEN GLOBAL PTY LTD.,AU,visa,debit
408857,00-99,ICBA BANCARD INC.,US,visa,credit
408858,00-99,ZIONS FIRST NATIONAL BANK,US,visa,credit
408859,00-99,HALA PAYMENT COMPANY,SA,visa,credit
408860,00-99,BRAC BANK PLC,BD,visa,credit
408861,00-99,WELLS FARGO BANK N.A.,US,visa,credit
408862,00-99,PT BANK KB BUKOPIN TBK,ID,visa,credit
408863,00-99,ZIONS BANCORPORATION NATIONAL ASSOCIATION,US,visa,debit
408864,00-99,PNC BANK NATIONAL ASSOCIATION - CONSUMER CREDIT,US,visa,credit
408865,00-99,PNC BANK NATIONAL ASSOCIATION - CONSUMER CREDIT,US,visa,credit
408866,00-99,AMEGY BANK N.A.,US,visa,debit
408867,00-99,JPMORGAN CHASE BANK N.A.,US,visa,credit
408868,00-99,COMMUNITY CONNECT FEDERAL CREDIT UNION,US,visa,debit
408869,00-99,FIFTH THIRD MB FINANCIAL,US,visa,debit
408870,00-99,TAB BANK,US,visa,credit
408871,00-99,COVANTAGE CREDIT UNION,US,visa,credit
408872,00-99,ABERDEEN PROVING GROUND FEDERAL CREDIT UNION,US,visa,debit
408873,00-99,GOOD NEIGHBORS FEDERAL CREDIT UNION,US,visa,credit
408874,00-99,JPMORGAN CHASE BANK N.A.,US,visa,credit
408875,00-99,FIRST NATIONAL BANK OF OMAHA,US,visa,debit
408876,00-99,NSDL PAYMENTS BANK LTD.,IN,visa,debit
408877,00-99,BANESCO USA,US,visa,credit
408878,00-99,SWEET HOME FEDERAL CREDIT UNION,US,visa,credit
408879,00-99,LANSING AUTOMAKERS FEDERAL CREDIT UNION,US,visa,credit
408880,00-99,ARMED FORCES BANK NATIONAL ASSOCIATION,US,visa,debit
408881,00-99,ACADEMY BANK NATIONAL ASSOCIATION,US,visa,debit
408882,00-99,LUMINOR BANK AS,EE,visa,credit
408883,00-99,LUMINOR BANK AS,EE,visa,credit
408884,00-99,LUMINOR BANK AS,EE,visa,credit
408885,00-99,LUMINOR BANK AS,EE,visa,debit
408886,00-99,LIGHTHOUSE FEDERAL CREDIT UNION,US,visa,credit
408887,00-99,LIGHTHOUSE FEDERAL CREDIT UNION,US,visa,credit
408888,00-99,JPMORGAN CHASE BANK N.A.,US,visa,credit
408889,00-99,BRAC BANK LTD.,BD,visa,credit
408890,00-99,JPMORGAN CHASE BANK N.A.,US,visa,credit
408891,00-99,UWHARRIE BANK,US,visa,debit
408892,00-99,STATE DEPARTMENT FEDERAL CREDIT UNION,US,visa,debit
408893,00-99,TCF BANK,US,visa,debit
408894,00-99,PNC BANK NATIONAL ASSOCIATION - CONSUMER CREDIT,US,visa,credit
408895,00-99,PACIFIC PREMIER BANK,US,visa,credit
408896,00-99,,US,visa,credit
408897,00-99,SERVICE CREDIT UNION,US,visa,credit
408898,00-99,MERCANTIL BANK N.A.,US,visa,credit
408899,00-99,THE HUNTINGTON NATIONAL BANK,US,visa,credit
408900,00-99,FIRST NATIONAL BANK OF OMAHA,US,visa,credit
408901,00-99,FIFTH THIRD BANK,US,visa,credit
408902,00-99,,VN,visa,credit
408903,00-99,,VN,visa,credit
408904,00-99,MILITARY COMMERCIAL JOINT STOCK BANK,VN,visa,debit
408905,00-99,MILITARY COMMERCIAL JOINT STOCK BANK,VN,visa,debit
408906,00-99,AN BINH COMMERCIAL JOINT STOCK BANK,VN,visa,credit
408907,00-99,SHINHAN CARD CO. LTD.,KR,visa,credit
408908,00-99,AS BLUEORANGE BANK,LV,visa,credit
408909,00-99,AS BLUEORANGE BANK,LV,visa,credit
408910,00-99,NMB BANK LTD.,NP,visa,debit
408911,00-99,NMB BANK LTD.,NP,visa,debit
408912,00-99,VISIONS FEDERAL CREDIT UNION,US,visa,credit
408913,00-99,FIRST NATIONAL BANK OF OMAHA,US,visa,credit
408914,00-99,AFFINITY PLUS FEDERAL CREDIT UNION,US,visa,debit
408915,00-99,AFFINITY PLUS FEDERAL CREDIT UNION,US,visa,credit
408916,00-99,LANGLEY FEDERAL CREDIT UNION,US,visa,debit
408917,00-99,LANGLEY FEDERAL CREDIT UNION,US,visa,credit
408918,00-99,LANGLEY FEDERAL CREDIT UNION,US,visa,debit
408919,00-99,SILVER STATE SCHOOLS CREDIT UNION,US,visa,credit
408920,00-99,DISCOVER BANK,US,visa,credit
408921,00-99,SILVER STATE SCHOOLS CREDIT UNION,US,visa,credit
408922,00-99,ICBA BANCARD,US,visa,credit
408923,00-99,MEMBERSOWN CREDIT UNION,US,visa,credit
408924,00-99,JPMORGAN CHASE BANK N.A.,US,visa,credit
408925,00-99,NEPAL BANK,NP,visa,debit
408926,00-99,SILVER STATE SCHOOLS CREDIT UNION,US,visa,credit
408927,00-99,NEPAL BANK,NP,visa,debit
408928,00-99,FIRST FINANCIAL BANK,US,visa,credit
408929,00-99,FIRST PEOPLES COMMUNITY FEDERAL CREDIT UNION,US,visa,debit
408930,00-99,TRI COUNTIES BANK,US,visa,credit
408931,00-99,U.S. BANK N.A.,US,visa,credit
408932,00-99,PNC BANK NATIONAL ASSOCIATION - CONSUMER CREDIT,US,visa,credit
408933,00-99,METABANK,US,visa,credit
408934,00-99,PNC BANK NATIONAL ASSOCIATION - CONSUMER CREDIT,US,visa,credit
408935,00-99,WESCOM CENTRAL CREDIT UNION,US,visa,credit
408936,00-99,WESCOM CENTRAL CREDIT UNION,US,visa,credit
408937,00-99,WESCOM CENTRAL CREDIT UNION,US,visa,credit
408938,00-99,UNION BANK,US,visa,debit
408939,00-99,UNITED FEDERAL CREDIT UNION,US,visa,debit
408940,00-99,UNION BANK,US,visa,debit
408941,00-99,METABANK,US,visa,debit
408942,00-99,WESCOM CENTRAL CREDIT UNION,US,visa,debit
408943,00-99,UNITED FEDERAL CREDIT UNION,US,visa,debit
408944,00-99,JPMORGAN CHASE BANK N.A.,US,visa,credit
408945,00-99,UNITED FEDERAL CREDIT UNION,US,visa,debit
408946,00-99,FIRST FIDELITY BANK,US,visa,debit
408947,00-99,FIRST FIDELITY BANK,US,visa,debit
408948,00-99,BANKFIRST,US,visa,credit
408949,00-99,SCHOOLSFIRST FEDERAL CREDIT UNION,US,visa,credit
408950,00-99,JPMORGAN CHASE BANK N.A.,US,visa,credit
408951,00-99,AMERICAN STATE BANK,US,visa,credit
408952,00-99,WELLS FARGO BANK N.A.,US,visa,credit
408953,00-99,,US,visa,credit
408954,00-99,JPMORGAN CHASE BANK N.A.,US,visa,credit
408955,00-99,,US,visa,credit
408956,00-99,PACIFIC PREMIER BANK,US,visa,credit
408957,00-99,RED AMIGO DAL S.A.P.I. DE C.V. SOFOM E.N.R.,MX,visa,credit
408958,00-99,PINNACLE BANK,US,visa,credit
408959,00-99,SCHOOLSFIRST FEDERAL CREDIT UNION,US,visa,credit
408960,00-99,SCHOOLSFIRST FEDERAL CREDIT UNION,US,visa,credit
408961,00-99,THE GOLDEN 1 CREDIT UNION,US,visa,credit
408962,00-99,VISA ICELAND,SE,visa,debit
408963,00-99,,GB,visa,debit
408964,00-99,,US,visa,credit
408965,00-99,MASHREQBANK,EG,visa,credit
408966,00-99,HANA CARD,KR,visa,debit
408967,00-99,ST GEORGE BANK,AU,visa,debit
408968,00-99,,US,visa,credit
408969,00-99,HSBC BANK A.S.,TR,visa,credit
408970,00-99,BIBANCA S.P.A.,IT,visa,debit
408971,00-99,CITIZENS ALLIANCE BANK,US,visa,debit
408972,00-99,POSTBANK,BG,visa,credit
408973,00-99,BANCO COMERCIAL PORTUGUES S.A.,PT,visa,debit
408974,00-99,,US,visa,credit
408975,00-99,,US,visa,credit
408976,00-99,,US,visa,credit
408977,00-99,,US,visa,credit
408978,00-99,PT. BANK QNB INDONESIA TBK.,ID,visa,credit
408979,00-99,CITIZENS ALLIANCE BANK,US,visa,debit
408980,00-99,PT. BANK QNB INDONESIA TBK.,ID,visa,credit
408981,00-99,HDFC BANK LTD.,IN,visa,debit
408982,00-99,INDIAN OVERSEAS BANK,IN,visa,debit
408983,00-99,INDIAN OVERSEAS BANK,IN,visa,debit
408984,00-99,INDIAN OVERSEAS BANK,IN,visa,debit
408985,00-99,PIRAEUS BANK S.A.,GR,visa,credit
408986,00-99,CAIXA GERAL DE DEPOSITOS S.A.,TL,visa,credit
408987,00-99,CAIXA GERAL DE DEPOSITOS S.A.,TL,visa,credit
408988,00-99,CAIXA GERAL DE DEPOSITOS S.A.,TL,visa,debit
408989,00-99,DBS BANK LTD.,SG,visa,debit
408990,00-99,,DE,visa,credit
408991,00-99,,US,visa,credit
408992,00-99,CITIZENS ALLIANCE BANK,US,visa,debit
408993,00-99,AXIS BANK LTD.,IN,visa,debit
408994,00-99,AXIS BANK LTD.,IN,visa,debit
408995,00-99,ICICI BANK LTD.,IN,visa,debit
408996,00-99,,US,visa,credit
408997,00-99,,US,visa,credit
408998,00-99,UNITED BANK FOR AFRICA CAMEROON,CM,visa,debit
408999,00-99,U.S. BANK N.A.,US,visa,credit
409000,00-99,BANK OF ALEXANDRIA,EG,visa,debit
409001,00-99,CARD SERVICES FOR CREDIT UNIONS,US,visa,credit
409002,00-99,RBCU CREDIT UNION,US,visa,credit
409003,00-99,CARD SERVICES FOR CREDIT UNIONS,US,visa,credit
409004,00-99,PIEDMONT ADVANTAGE CREDIT UNION,US,visa,credit
409005,00-99,BANGOR SAVINGS BANK,US,visa,debit
409006,00-99,EVANSVILLE TEACHERS FEDERAL CREDIT UNION,US,visa,credit
409007,00-99,BANCO VOTORANTIM S.A.,BR,visa,credit
409008,00-99,EGYPTIAN NATIONAL POST ORGANISATION,EG,visa,debit
409009,00-99,VISA EUROPE LTD.,GB,visa,credit
409010,00-99,JPMORGAN CHASE BANK N.A.,US,visa,credit
409011,00-99,JOINT STOCK COMPANY FIRST UKRAINIAN INTERNATIONAL BANK,UA,visa,debit
409012,00-99,VINTAGE BANK KANSAS,US,visa,debit
409013,00-99,CAIXABANK S.A.,ES,visa,credit
409014,00-99,CAIXABANK S.A.,ES,visa,credit
409015,00-99,WORCESTER FIRE DEPARTMENT CREDIT UNION,US,visa,credit
409016,00-99,WV NATIONAL GUARD FEDERAL CREDIT UNION,US,visa,credit
409017,00-99,BANCO BILBAO VIZCAYA ARGENTARIA S.A. (BBVA),ES,visa,debit
409018,00-99,CHESAPEAKE BANK,US,visa,debit
409019,00-99,BANCO BILBAO VIZCAYA ARGENTARIA S.A. (BBVA),ES,visa,credit
409020,00-99,BANK OF BURLINGTON,US,visa,debit
409021,00-99,YAPI VE KREDI BANKASI A.S.,TR,visa,credit
409022,00-99,YAPI VE KREDI BANKASI A.S.,TR,visa,credit
409023,00-99,BARCLAYS BANK PLC,GB,visa,credit
409024,00-99,BARCLAYS BANK PLC,GB,visa,credit
409025,00-99,BARCLAYS BANK PLC,GB,visa,credit
409026,00-99,BARCLAYS BANK PLC,GB,visa,credit
409027,00-99,BANK OF AMERICA - CONSUMER CREDIT,US,visa,credit
409028,00-99,NATIONAL BANK OF DOMINICA,DM,visa,debit
409029,00-99,BANK OF AMERICA - CONSUMER CREDIT,US,visa,credit
409030,00-99,CANARA BANK,IN,visa,credit
409031,00-99,CANARA BANK,IN,visa,credit
409032,00-99,BANCO VOTORANTIM S/A,BR,visa,credit
409033,00-99,JPMORGAN CHASE BANK N.A.,US,visa,credit
409034,00-99,COMMERCIAL BANK OF AFRICA LTD.,KE,visa,credit
409035,00-99,ENERGBANK,MD,visa,credit
409036,00-99,ENERGBANK,MD,visa,debit
409037,00-99,ENERGBANK,MD,visa,debit
409038,00-99,BANCO MULTIPLE BHD LEON S.A.,DO,visa,debit
409039,00-99,TA CHONG BANK LTD.,TW,visa,credit
409040,00-99,THE GOLDEN 1 CREDIT UNION,US,visa,credit
409041,00-99,THE GOLDEN 1 CREDIT UNION,US,visa,credit
409042,00-99,THE GOLDEN 1 CREDIT UNION,US,visa,credit
409043,00-99,POLICE & FIRE FEDERAL CREDIT UNION,US,visa,debit
409044,00-99,JPMORGAN CHASE BANK N.A.,US,visa,credit
409045,00-99,THE BANK OF NOVA SCOTIA,DO,visa,credit
409046,00-99,THE BANK OF NOVA SCOTIA,DO,visa,credit
409047,00-99,JPMORGAN CHASE BANK N.A.,US,visa,credit
409048,00-99,,US,visa,debit
409049,00-99,,BM,visa,credit
409050,00-99,CELCOIN INSTITUICAO DE PAGAMENTO S.A.,BR,visa,debit
409051,00-99,,US,visa,credit
409052,00-99,,US,visa,credit
409053,00-99,,PH,visa,debit
409054,00-99,KUWAIT INTERNATIONAL BANK,KW,visa,debit
409055,00-99,KUWAIT REAL ESTATE BANK,KW,visa,credit
409056,00-99,SOUTHEAST BANK LTD.,BD,visa,debit
409057,00-99,,RU,visa,credit
409058,00-99,,DO,visa,credit
409059,00-99,,US,visa,credit
409060,00-99,BANCO BS2 S.A.,BR,visa,credit
409061,00-99,AEON THANA SINSAP (THAILAND) PUBLIC COMPANY LTD.,TH,visa,credit
409062,00-99,AEON THANA SINSAP (THAILAND) PUBLIC COMPANY LTD.,TH,visa,debit
409063,00-99,JPMORGAN CHASE BANK N.A.,US,visa,credit
409064,00-99,BANK OF BARODA,IN,visa,credit
409065,00-99,IVES BANK,US,visa,debit
409066,00-99,REDWOOD CREDIT UNION,US,visa,debit
409067,00-99,ALLIANT CREDIT UNION,US,visa,debit
409068,00-99,REDWOOD CREDIT UNION,US,visa,debit
409069,00-99,ALLIANT CREDIT UNION,US,visa,debit
409070,00-99,DENIZBANK,TR,visa,credit
409071,00-99,HSBC BANK A.S.,TR,visa,credit
409072,00-99,PRABHU BANK LTD.,NP,visa,debit
409073,00-99,DAKOTA PLAINS CREDIT UNION,US,visa,credit
409074,00-99,THE NEW WASHINGTON STATE BANK,US,visa,debit
409075,00-99,STATE BANK OF DE KALB,US,visa,debit
409076,00-99,THE BANCORP BANK NATIONAL ASSOCIATION,US,visa,debit
409077,00-99,,US,visa,debit
409078,00-99,BANCO SANTANDER SOCIEDAD ANONIMA,UY,visa,credit
409079,00-99,BANK OF NOVA SCOTIA,TC,visa,credit
409080,00-99,ARAB AFRICAN INTERNATIONAL BANK,EG,visa,debit
409081,00-99,,US,visa,credit
409082,00-99,,US,visa,credit
409083,00-99,,US,visa,credit
409084,00-99,TURKIYE VAKIFLAR BANKASI T.A.O.,TR,visa,credit
409085,00-99,BC CARD COMPANY LTD.,KR,visa,credit
409086,00-99,ARAB TUNISIAN BANK,TN,visa,debit
409087,00-99,JS SAVINGS BANK BELARUSBANK,BY,visa,credit
409088,00-99,,ES,visa,credit
409089,00-99,PJSC CB PRAVEX-BANK,UA,visa,debit
409090,00-99,BANK OF ALEXANDRIA,EG,visa,credit
409091,00-99,BANK NXT,EG,visa,debit
409092,00-99,MASHREQBANK,EG,visa,debit
409093,00-99,BANQUE MISR,EG,visa,debit
409094,00-99,BANQUE MISR,EG,visa,credit
409095,00-99,F & A FEDERAL CREDIT UNION,US,visa,credit
409096,00-99,F & A FEDERAL CREDIT UNION,US,visa,credit
409097,00-99,FIRST TECHNOLOGY FEDERAL CREDIT UNION,US,visa,credit
409098,00-99,GROW FINANCIAL FEDERAL CREDIT UNION,US,visa,credit
409099,00-99,GROW FINANCIAL FEDERAL CREDIT UNION,US,visa,debit
409100,00-99,UNION BANK OF INDIA,IN,visa,debit
409101,00-99,,BR,visa,credit
409102,00-99,BANCO POPULAR ESPANOL S.A.,ES,visa,credit
409103,00-99,,US,visa,credit
409104,00-99,BANCO POPULAR ESPANOL S.A.,ES,visa,credit
409105,00-99,,US,visa,credit
409106,00-99,BANCO POPULAR ESPANOL S.A.,ES,visa,credit
409107,00-99,FIRST SECURITY ISLAMI BANK LTD.,BD,visa,credit
409108,00-99,BANCO POPULAR ESPANOL S.A.,ES,visa,credit
409109,00-99,CITIBANK N.A.,US,visa,credit
409110,00-99,,US,visa,credit
409111,00-99,BANCO SANTANDER S.A.,ES,visa,credit
409112,00-99,BANCO SANTANDER S.A.,ES,visa,credit
409113,00-99,FOUR CORNERS COMMUNITY BANK,US,visa,debit
409114,00-99,FIRST SECURITY ISLAMI BANK LTD.,BD,visa,credit
409115,00-99,TITAN BANK N.A.,US,visa,credit
409116,00-99,FIRST SECURITY ISLAMI BANK LTD.,BD,visa,credit
409117,00-99,PREMIERONE CREDIT UNION,US,visa,credit
409118,00-99,THE FIRST BANK AND TRUST COMPANY,US,visa,debit
409119,00-99,LATINO COMMUNITY CREDIT UNION,US,visa,debit
409120,00-99,,US,visa,credit
409121,00-99,ONE VISION FEDERAL CREDIT UNION,US,visa,credit
409122,00-99,CARD SERVICES FOR CREDIT UNIONS,US,visa,debit
409123,00-99,SIERRA PACIFIC FEDERAL CREDIT UNION,US,visa,credit
409124,00-99,ISRAEL DISCOUNT BANK OF NEW YORK,US,visa,credit
409125,00-99,SUMMIT FEDERAL CREDIT UNION,US,visa,credit
409126,00-99,UNITED FEDERAL CREDIT UNION,US,visa,credit
409127,00-99,FIRST TECHNOLOGY FEDERAL CREDIT UNION,US,visa,credit
409128,00-99,INOVA FEDERAL CREDIT UNION,US,visa,credit
409129,00-99,UNITED FEDERAL CREDIT UNION,US,visa,credit
409130,00-99,UNITED FEDERAL CREDIT UNION,US,visa,credit
409131,00-99,INOVA FEDERAL CREDIT UNION,US,visa,debit
409132,00-99,GROW FINANCIAL FEDERAL CREDIT UNION,US,visa,credit
409133,00-99,FIRST TECHNOLOGY FEDERAL CREDIT UNION,US,visa,credit
409134,00-99,INOVA FEDERAL CREDIT UNION,US,visa,credit
409135,00-99,FIRST TECHNOLOGY FEDERAL CREDIT UNION,US,visa,credit
409136,00-99,FIRST TECHNOLOGY FEDERAL CREDIT UNION,US,visa,credit
409137,00-99,INOVA FEDERAL CREDIT UNION,US,visa,credit
409138,00-99,GROW FINANCIAL FEDERAL CREDIT UNION,US,visa,credit
409139,00-99,GROW FINANCIAL FEDERAL CREDIT UNION,US,visa,credit
409140,00-99,FIDELITY NATIONAL INFORMATION SERVICES INC.,US,visa,credit
409141,00-99,INOVA FEDERAL CREDIT UNION,US,visa,credit
409142,00-99,INOVA FEDERAL CREDIT UNION,US,visa,credit
409143,00-99,UBS BANK USA,US,visa,credit
409144,00-99,UBS BANK USA,US,visa,debit
409145,00-99,UBS BANK USA,US,visa,debit
409146,00-99,UBS BANK USA,US,visa,debit
409147,00-99,WESTEX COMMUNITY CREDIT UNION,US,visa,debit
409148,00-99,UBS BANK USA,US,visa,credit
409149,00-99,STAR ONE CREDIT UNION,US,visa,credit
409150,00-99,INOVA FEDERAL CREDIT UNION,US,visa,debit
409151,00-99,WESTEX COMMUNITY CREDIT UNION,US,visa,debit
409152,00-99,PROMOTORA CMR FALABELLA S.A.,CL,visa,credit
409153,00-99,SABINE STATE BANK AND TRUST COMPANY,US,visa,debit
409154,00-99,FIRST SECURITY ISLAMI BANK LTD.,BD,visa,debit
409155,00-99,BANCO DE CAJA ESPANA DE INVERSIONES SALAMANCA Y SORIA S.A.,ES,visa,debit
409156,00-99,BANK OF KAMPSVILLE,US,visa,debit
409157, 00-99, BRIGHTBRIDGE CREDIT UNION, US, visa, credit
409158,00-99,PATHWARD N.A.,US,visa,debit
409159,00-99,JPMORGAN CHASE BANK N.A.,US,visa,credit
409160,00-99,FIRST CITIZENS BANK LTD.,TT,visa,credit
409161,00-99,BUFFALO FEDERAL BANK,US,visa,debit
409162,00-99,,RU,visa,debit
409163,00-99,BANKERS' BANK OF THE WEST,US,visa,debit
409164,00-99,BANKERS' BANK OF THE WEST,US,visa,debit
409165,00-99,BANCO DO BRASIL S.A.,BR,visa,credit
409166,00-99,BANCO DO BRASIL S.A.,BR,visa,credit
409167,00-99,BANCO DO BRASIL S.A.,BR,visa,credit
409168,00-99,VIETBANK,VN,visa,debit
409169,00-99,CAIXA ECONOMICA FEDERAL,BR,visa,credit
409170,00-99,,RU,visa,debit
409171,00-99,STATE EMPLOYEES FEDERAL CREDIT UNION,US,visa,credit
409172,00-99,CARD SERVICES FOR CREDIT UNIONS,US,visa,credit
409173,00-99,HOBOKEN SCHOOL EMPLOYEES FEDERAL CREDIT UNION,US,visa,credit
409174,00-99,SIDNEY FEDERAL CREDIT UNION,US,visa,credit
409175,00-99,CADETS FEDERAL CREDIT UNION,US,visa,debit
409176,00-99,INDUSTRIAL AND COMMERCIAL BANK OF CHINA LTD.,CN,visa,debit
409177,00-99,THE BANCORP BANK NATIONAL ASSOCIATION,US,visa,debit
409178,00-99,,RU,visa,debit
409179,00-99,SELF RELIANCE NY FEDERAL CREDIT UNION,US,visa,credit
409180,00-99,SELF RELIANCE NY FEDERAL CREDIT UNION,US,visa,credit
409181,00-99,KALEIDA HEALTH FEDERAL CREDIT UNION,US,visa,debit
409182,00-99,WESTSIDE COMMUNITY FEDERAL CREDIT UNION,US,visa,debit
409183,00-99,GEORGIA POWER VALDOSTA FEDERAL CREDIT UNION,US,visa,debit
409184,00-99,MIDSOUTH FEDERAL CREDIT UNION,US,visa,credit
409185,00-99,JPMORGAN CHASE BANK N.A.,US,visa,credit
409186,00-99,THE BANCORP BANK NATIONAL ASSOCIATION,US,visa,debit
409187,00-99,CARD SERVICES FOR CREDIT UNIONS,US,visa,debit
409188,00-99,CARD SERVICES FOR CREDIT UNIONS,US,visa,credit
409189,00-99,INNER LAKES FEDERAL CREDIT UNION,US,visa,credit
409190,00-99,BOUBYAN BANK K.S.C.,KW,visa,credit
409191,00-99,NIAGARA FALLS TEACHERS FEDERAL CREDIT UNION,US,visa,debit
409192,00-99,NMB BANK PUBLIC LIMITED COMPANY,TZ,visa,debit
409193,00-99,FOCUS FIRST FEDERAL CREDIT UNION,US,visa,debit
409194,00-99,CARD SERVICES FOR CREDIT UNIONS,US,visa,credit
409195,00-99,,US,visa,debit
409196,00-99,PELICAN STATE CREDIT UNION,US,visa,credit
409197,00-99,CITIZENS NATIONAL BANK AT BROWNWOOD,US,visa,debit
409198,00-99,ENTERPRISE BANK & TRUST,US,visa,credit
409199,00-99,PSCU INCORPORATED,US,visa,credit
409200,00-99,COMMUNITY BANK N.A.,US,visa,debit
409201,00-99,AL RAJHI BANKING AND INVESTMENT CORP.,SA,visa,debit
409202,00-99,JPMORGAN CHASE BANK N.A.,US,visa,credit
409203,00-99,LEGACY BANK,US,visa,debit
409204,00-99,GULF COMMERCIAL BANK,IQ,visa,credit
409205,00-99,VELOBANK SPOLKA AKCYJNA,PL,visa,credit
409206,00-99,JPMORGAN CHASE BANK N.A.,US,visa,credit
409207,00-99,LIBRARY OF CONGRESS FEDERAL CREDIT UNION,US,visa,debit
409208,00-99,ST. GEORGE BANK LTD.,AU,visa,credit
409209,00-99,SILK ROAD BANK AD SKOPJE,MK,visa,debit
409210,00-99,JPMORGAN CHASE BANK N.A.,US,visa,credit
409211,00-99,,GB,visa,credit
409212,00-99,,GB,visa,credit
409213,00-99,WEST PLAINS BANK AND TRUST COMPANY,US,visa,debit
409214,00-99,WEST PLAINS BANK AND TRUST COMPANY,US,visa,debit
409215,00-99,AGRAM BANKA D.D.,HR,visa,debit
409216,00-99,NONGHYUP BANK,KR,visa,credit
409217,00-99,NONGHYUP BANK,KR,visa,credit
409218,00-99,AL-JANOOB ISLAMIC BANK FOR INVESTMENT AND FINANCING,IQ,visa,debit
409219,00-99,TURKIYE GARANTI BANKASI A. S.,TR,visa,debit
409220,00-99,INSTITUTION FOR SAVINGS IN NEWBURYPORT AND ITS VICINITY,US,visa,debit
409221,00-99,EDDY FEDERAL CREDIT UNION,US,visa,debit
409222,00-99,CARDINAL BANK N.A.,US,visa,credit
409223,00-99,JPMORGAN CHASE BANK N.A.,US,visa,credit
409224,00-99,CARDINAL BANK N.A.,US,visa,debit
409225,00-99,MVB BANK INC,US,visa,debit
409226,00-99,DIVERSIFIED MEMBERS CREDIT UNION,US,visa,credit
409227,00-99,,US,visa,credit
409228,00-99,JPMORGAN CHASE BANK N.A.,US,visa,credit
409229,00-99,INTL HDQTRS-CENTER OWNED,US,visa,debit
409230,00-99,NARANJA DIGITAL COMPANIA FINANCIERA S.A.U.,AR,visa,debit
409231,00-99,BC CARD COMPANY LTD.,KR,visa,debit
409232,00-99,BC CARD COMPANY LTD.,KR,visa,debit
409233,00-99,ICBA BANCARD INC.,US,visa,debit
409234,00-99,JPMORGAN CHASE BANK N.A.,US,visa,credit
409235,00-99,TAYLOR COUNTY BANK,US,visa,debit
409236,00-99,JPMORGAN CHASE BANK N.A.,US,visa,credit
409237,00-99,SM FEDERAL CREDIT UNION,US,visa,debit
409238,00-99,BANCO PROMERICA S.A.,GT,visa,credit
409239,00-99,ICBA BANCARD INC.,US,visa,debit
409240,00-99,KURDISTAN INTERNATIONAL ISLAMIC BANK FOR INVESTMENT AND DEVELOPMENT,IQ,visa,debit
409241,00-99,JPMORGAN CHASE BANK N.A.,US,visa,credit
409242,00-99,TRUE SKY FEDERAL CREDIT UNION,US,visa,credit
409243,00-99,VISTA BANK MOCAMBIQUE SU SA,MZ,visa,credit
409244,00-99,MVB BANK INC,US,visa,debit
409245,00-99,GLACIER BANK,US,visa,credit
409246,00-99,AL RAJHI BANKING AND INVESTMENT CORP.,SA,visa,credit
409247,00-99,MVB BANK INC,US,visa,debit
409248,00-99,COMMERCIAL STATE BANK OF WAGNER,US,visa,debit
409249,00-99,DAKOTA COMMUNITY BANK & TRUST NATIONAL ASSOCIATION,US,visa,debit
409250,00-99,HERITAGE BANK,US,visa,credit
409251,00-99,UNITY NATIONAL BANK OF HOUSTON,US,visa,debit
409252,00-99,AMWAL FOR ELECTRONIC BANKING SERVICES CO.,IQ,visa,credit
409253,00-99,JPMORGAN CHASE BANK N.A.,US,visa,credit
409254,00-99,METROPOLITAN COMMERCIAL BANK,US,visa,debit
409255,00-99,GATHER FEDERAL CREDIT UNION,US,visa,debit
409256,00-99,JPMORGAN CHASE BANK N.A.,US,visa,credit
409257,00-99,BANK OF CHANGSHA CO. LTD.,CN,visa,credit
409258,00-99,,US,visa,credit
409259,00-99,THE AMERICAN NATIONAL BANK OF TEXAS,US,visa,debit
409260,00-99,WESTERN HERITAGE CREDIT UNION,US,visa,debit
409261,00-99,ADVIA CREDIT UNION,US,visa,credit
409262,00-99,BANCO PORTUGUES DE NEGOCIOS S.A.,PT,visa,debit
409263,00-99,TRAVIS CREDIT UNION,US,visa,credit
409264,00-99,1ST FINANCIAL BANK USA,US,visa,credit
409265,00-99,JPMORGAN CHASE BANK N.A.,US,visa,credit
409266,00-99,BANK OF CHANGSHA CO. LTD.,CN,visa,credit
409267,00-99,,BR,visa,credit
409268,00-99,ASIA-PACIFIC REGION,IN,visa,credit
409269,00-99,U.S. REGION,US,visa,credit
409270,00-99,FIRST NATIONAL BANK OF OMAHA,US,visa,credit
409271,00-99,ENT CREDIT UNION,US,visa,debit
409272,00-99,MISSION COMMUNITY BANK N.A.,US,visa,credit
409273,00-99,JSC SUBSIDIARY BANK ALFA-BANK,KZ,visa,debit
409274,00-99,JPMORGAN CHASE BANK N.A.,US,visa,credit
409275,00-99,KUWAIT FINANCE HOUSE (MALAYSIA) BERHAD,MY,visa,credit
409276,00-99,REGIONS BANK,US,visa,credit
409277,00-99,U.S. BANK N.A.,US,visa,credit
409278,00-99,JPMORGAN CHASE BANK N.A.,US,visa,credit
409279,00-99,BARCLAYS BANK,US,visa,credit
409280,00-99,BANCO ITAUCARD S.A.,BR,visa,debit
409281,00-99,AFINZ INSTITUICAO DE PAGAMENTO S.A.,BR,visa,credit
409282,00-99,DOCK INSTITUICAO DE PAGAMENTO S.A.,BR,visa,debit
409283,00-99,NORTHROP GRUMMAN FEDERAL CREDIT UNION,US,visa,debit
409284,00-99,WELLS FARGO BANK N.A.,US,visa,debit
409285,00-99,JPMORGAN CHASE BANK N.A. - DEBIT,US,visa,debit
409286,00-99,WINSLOW SANTA FE CREDIT UNION,US,visa,debit
409287,00-99,WELLS FARGO BANK N.A.,US,visa,debit
409288,00-99,WELLS FARGO BANK N.A.,US,visa,debit
409289,00-99,PACIFIC NATIONAL BANK,US,visa,debit
409290,00-99,ADIRONDACK BANK,US,visa,debit
409291,00-99,BANK OF DUDLEY,US,visa,debit
409292,00-99,NUVISION FEDERAL CREDIT UNION,US,visa,debit
409293,00-99,WELLS FARGO BANK N.A.,US,visa,debit
409294,00-99,WELLS FARGO BANK N.A.,US,visa,debit
409295,00-99,M C BANK & TRUST COMPANY,US,visa,debit
409296,00-99,KEMBA INDIANAPOLIS CREDIT UNION,US,visa,debit
409297,00-99,DIXIES FEDERAL CREDIT UNION,US,visa,debit
409298,00-99,THE CO-OPERATIVE BANK OF KENYA LTD.,KE,visa,credit
409299,00-99,PINAL COUNTY FEDERAL CREDIT UNION,US,visa,debit
409300,00-99,,RU,visa,debit
409301,00-99,,RU,visa,debit
409302,00-99,,RU,visa,debit
409303,00-99,CITIBANK,TH,visa,credit
409304,00-99,THE SOUTH INDIAN BANK LTD.,IN,visa,debit
409305,00-99,BANCO DE FINANZAS S.A.,NI,visa,credit
409306,00-99,BANCO MULTIPLE VIMENCA S. A.,DO,visa,credit
409307,00-99,ABU DHABI COMMERCIAL BANK,AE,visa,credit
409308,00-99,SANTANDER,BR,visa,credit
409309,00-99,BANCO SANTANDER BRASIL S.A.,BR,visa,credit
409310,00-99,FIRST STATE BANK,US,visa,credit
409311,00-99,TRUIST BANK,US,visa,debit
409312,00-99,TRUIST BANK,US,visa,debit
409313,00-99,ZIRAAT BANK AZERBAIJAN OJSC,AZ,visa,credit
409314,00-99,PIRAEUS BANK S.A.,GR,visa,debit
409315,00-99,BANCO COOPERATIVO ESPANOL S.A.,ES,visa,credit
409316,00-99,FIRST HORIZON NATIONAL CORPORATION,US,visa,credit
409317,00-99,WORCESTER POLICE DEPARTMENT CREDIT UNION,US,visa,debit
409318,00-99,BANK OF AMERICA NATIONAL ASSOCIATION,US,visa,credit
409319,00-99,ABU DHABI COMMERCIAL BANK,AE,visa,credit
409320,00-99,BANCO BICE,CL,visa,credit
409321,00-99,QATAR NATIONAL BANK - TUNISIA,TN,visa,debit
409322,00-99,ALOHA PACIFIC FEDERAL CREDIT UNION,US,visa,debit
409323,00-99,,US,visa,credit
409324,00-99,GLOBAL BANK OF COMMERCE LTD.,AG,visa,credit
409325,00-99,JSC CB SOLIDARITY,RU,visa,credit
409326,00-99,JSC CB SOLIDARITY,RU,visa,credit
409327,00-99,JSC CB SOLIDARITY,RU,visa,debit
409328,00-99,CITIZENS BANK PLC,BD,visa,debit
409329,00-99,EASTERN BANK PLC.,BD,visa,debit
409330,00-99,STAR ONE CREDIT UNION,US,visa,credit
409331,00-99,STAR ONE CREDIT UNION,US,visa,debit
409332,00-99,STAR ONE CREDIT UNION,US,visa,credit
409333,00-99,THE NORTHERN TRUST COMPANY,US,visa,debit
409334,00-99,NORTHERN TRUST COMPANY,US,visa,debit
409335,00-99,JPMORGAN CHASE BANK N.A. - DEBIT,US,visa,debit
409336,00-99,POINT WALLET,JP,visa,debit
409337,00-99,LOTUS'S MONEY SERVICES LTD.,TH,visa,credit
409338,00-99,LOTUS'S MONEY SERVICES LTD.,TH,visa,credit
409339,00-99,THE EXCHANGE BANK OF ALABAMA,US,visa,debit
409340,00-99,THE EXCHANGE BANK OF ALABAMA,US,visa,debit
409341,00-99,ILLAWARRA CREDIT UNION LTD.,AU,visa,credit
409342,00-99,VENTURA COUNTY CREDIT UNION,US,visa,credit
409343,00-99,IDAHO CENTRAL CREDIT UNION,US,visa,credit
409344,00-99,KRUNGSRIAYUDHYA CARD CO. LTD.,TH,visa,credit
409345,00-99,GENERAL CARD SERVICES LTD.,TH,visa,credit
409346,00-99,GENERAL CARD SERVICES LTD.,TH,visa,credit
409347,00-99,STANDARD CHARTERED BANK KENYA LTD.,KE,visa,debit
409348,00-99,EUROBANK GREECE,GR,visa,credit
409349,00-99,QUDOS MUTUAL LTD.,AU,visa,credit
409350,00-99,NORTHERN TRUST COMPANY,US,visa,debit
409351,00-99,CAPITAL ONE NATIONAL ASSOCIATION,US,visa,credit
409352,00-99,F & A FEDERAL CREDIT UNION,US,visa,debit
409353,00-99,NORTHERN TRUST COMPANY,US,visa,debit
409354,00-99,,US,visa,credit
409355,00-99,BANCOLOMBIA S.A.- NEQUI,CO,visa,debit
409356,00-99,TRANSKAPITALBANK,RU,visa,debit
409357,00-99,PUBLIC JOINT-STOCK COMPANY BANK OTKRITIE FINANCIAL CORPORATION,RU,visa,debit
409358,00-99,MITSUBISHI UFJ NICOS CO. LTD,JP,visa,credit
409359,00-99,JOINT STOCK WEST-SIBERIAN COMMERCIAL BANK,RU,visa,debit
409360,00-99,MBH BANK NYRT,HU,visa,debit
409361,00-99,STATE BANK OF INDIA,IN,visa,debit
409362,00-99,NATIONAL BANK LTD.,BD,visa,credit
409363,00-99,EASTERN BANK PLC.,BD,visa,credit
409364,00-99,QNB BANK A.S,TR,visa,credit
409365,00-99,BANCO MERCANTIL DEL NORTE S.A.. INSTITUCI N DE BANCA M LTIPLE GRUPO FINANCIERO,MX,visa,debit
409366,00-99,CAPITAL ONE NATIONAL ASSOCIATION,US,visa,credit
409367,00-99,NORTHERN TRUST COMPANY,US,visa,debit
409368,00-99,NORTHERN TRUST COMPANY,US,visa,debit
409369,00-99,GROW FINANCIAL FEDERAL CREDIT UNION,US,visa,credit
409370,00-99,,US,visa,debit
409371,00-99,THE NORTHERN TRUST COMPANY,US,visa,debit
409372,00-99,FIRSTBANK,US,visa,credit
409373,00-99,FIRSTBANK,US,visa,credit
409374,00-99,JPMORGAN CHASE BANK N.A. - DEBIT,US,visa,debit
409375,00-99,ATH COSTA RICA S.A.,CR,visa,credit
409376,00-99,ATH COSTA RICA S.A.,CR,visa,credit
409377,00-99,ATH COSTA RICA S.A.,CR,visa,credit
409378,00-99,JPMORGAN CHASE BANK N.A. - DEBIT,US,visa,debit
409379,00-99,MERCANTILE BANK LTD.,BD,visa,credit
409380,00-99,PUBALI BANK PLC.,BD,visa,credit
409381,00-99,STANDARD CHARTERED BANK,AE,visa,debit
409382,00-99,PROMINVESTBANK,RU,visa,debit
409383,00-99,PROMINVESTBANK,RU,visa,debit
409384,00-99,PUBALI BANK PLC.,BD,visa,debit
409385,00-99,JPMORGAN CHASE BANK N.A. - DEBIT,US,visa,debit
409386,00-99,IDBI BANK LTD.,IN,visa,debit
409387,00-99,GUARANTY TRUST BANK LTD.,NG,visa,debit
409388,00-99,JSCB PRAVEX-BANK,UA,visa,credit
409389,00-99,,RU,visa,debit
409390,00-99,NATIONAL BANK LTD.,BD,visa,debit
409391,00-99,NATIONAL BANK LTD.,BD,visa,debit
409392,00-99,,US,visa,credit
409393,00-99,CREDIT UNION PAYMENT CENTER (LIMITED LIABILITY COMPANY),RU,visa,credit
409394,00-99,CREDIT UNION PAYMENT CENTER (LIMITED LIABILITY COMPANY),RU,visa,credit
409395,00-99,CREDIT UNION PAYMENT CENTER (LIMITED LIABILITY COMPANY),RU,visa,credit
409396,00-99,CREDIT UNION PAYMENT CENTER (LIMITED LIABILITY COMPANY),RU,visa,credit
409397,00-99,CREDIT UNION PAYMENT CENTER (LIMITED LIABILITY COMPANY),RU,visa,credit
409398,00-99,VTB BANK PJSC,RU,visa,debit
409399,00-99,THE HOUSING BANK FOR TRADE & FINANCE,JO,visa,credit
409400,00-99,UNITED COMMERCIAL BANK,BD,visa,debit
409401,00-99,UNITED COMMERCIAL BANK,BD,visa,debit
409402,00-99,BARCLAYS BANK PLC,GB,visa,debit
409403,00-99,LORMET COMMUNITY FEDERAL CREDIT UNION,US,visa,credit
409404,00-99,BANK OF AFRICA-COTE D'IVOIRE,CI,visa,debit
409405,00-99,ALABAMA ONE CREDIT UNION,US,visa,credit
409406,00-99,BANK OF AMERICA NATIONAL ASSOCIATION,US,visa,credit
409407,00-99,EMPIRE ONE FEDERAL CREDIT UNION,US,visa,credit
409408,00-99,SUN FEDERAL CREDIT UNION,US,visa,credit
409409,00-99,OHIO CATHOLIC FEDERAL CREDIT UNION,US,visa,credit
409410,00-99,CARD SERVICES FOR CREDIT UNIONS,US,visa,credit
409411,00-99,CARD SERVICES FOR CREDIT UNIONS,US,visa,credit
409412,00-99,MICHIGAN SCHOOLS AND GOVERNMENT CREDIT UNION,US,visa,credit
409413,00-99,FIRST NATIONAL BANK,US,visa,credit
409414,00-99,FIRST HORIZON NATIONAL CORPORATION,US,visa,credit
409415,00-99,,RU,visa,debit
409416,00-99,PUBALI BANK PLC.,BD,visa,credit
409417,00-99,FIRST CHOICE AMERICA COMMUNITY FEDERAL CREDIT UNION,US,visa,credit
409418,00-99,GENISYS CREDIT UNION,US,visa,credit
409419,00-99,AL SALAM BANK - ALGERIA - SPA,DZ,visa,debit
409420,00-99,COMMUNITY 1ST CREDIT UNION,US,visa,credit
409421,00-99,DIRECT FEDERAL CREDIT UNION,US,visa,credit
409422,00-99,GHS FEDERAL CREDIT UNION,US,visa,credit
409423,00-99,JPMORGAN CHASE BANK N.A. - DEBIT,US,visa,debit
409424,00-99,BONUSCARD.CH AG,CH,visa,debit
409425,00-99,ILLIANA FINANCIAL CREDIT UNION,US,visa,credit
409426,00-99,BANK OF AFRICA-COTE D'IVOIRE,CI,visa,debit
409427,00-99,WRIGHT PATMAN CONGRESSIONAL FEDERAL CREDIT UNION,US,visa,credit
409428,00-99,DESCO FEDERAL CREDIT UNION,US,visa,credit
409429,00-99,INDUSTRIAL FEDERAL CREDIT UNION,US,visa,credit
409430,00-99,JPMORGAN CHASE BANK N.A. - DEBIT,US,visa,debit
409431,00-99,NEW HAMPSHIRE FEDERAL CREDIT UNION,US,visa,credit
409432,00-99,LEGACY COMMUNITY FEDERAL CREDIT UNION,US,visa,credit
409433,00-99,AL SALAM BANK - ALGERIA - SPA,DZ,visa,debit
409434,00-99,MVB BANK INC,US,visa,debit
409435,00-99,COMMONWEALTH ONE FEDERAL CREDIT UNION,US,visa,credit
409436,00-99,EVANSVILLE TEACHERS FEDERAL CREDIT UNION,US,visa,credit
409437,00-99,BROADVIEW FEDERAL CREDIT UNION,US,visa,credit
409438,00-99,ST. KITTS-NEVIS-ANGUILLA NATIONAL BANK LTD.,KN,visa,debit
409439,00-99,CHAMPION CREDIT UNION INC.,US,visa,credit
409440,00-99,HC CONSUMER FINANCE PHILIPPINES INC.,PH,visa,credit
409441,00-99,SUMMIT CREDIT UNION,US,visa,credit
409442,00-99,CREDITIS SERVIZI FINANZIARI S.P.A,IT,visa,credit
409443,00-99,SOUTHERN ENERGY CREDIT UNION,US,visa,credit
409444,00-99,SOVITA CREDIT UNION,US,visa,credit
409445,00-99,U. S. POSTAL SERVICE FEDERAL CREDIT UNION,US,visa,credit
409446,00-99,TRAILNORTH FEDERAL CREDIT UNION,US,visa,credit
409447,00-99,CENTRA CREDIT UNION,US,visa,credit
409448,00-99,CARD SERVICES FOR CREDIT UNIONS,US,visa,debit
409449,00-99,LIGHTHOUSE FEDERAL CREDIT UNION,US,visa,credit
409450,00-99,THE ST. HENRY BANK,US,visa,credit
409451,00-99,U.S. BANK NATIONAL ASSOCIATION-CREDIT,US,visa,credit
409452,00-99,FAMILY FIRST OF NY FEDERAL CREDIT UNION,US,visa,credit
409453,00-99,U.S. BANK NATIONAL ASSOCIATION-CREDIT,US,visa,credit
409454,00-99,MEMBERS TRUST FEDERAL CREDIT UNION,US,visa,credit
409455,00-99,WEST AIRCOMM FEDERAL CREDIT UNION,US,visa,credit
409456,00-99,HABIB BANK LTD.,PK,visa,debit
409457,00-99,JPMORGAN CHASE BANK N.A. - DEBIT,US,visa,debit
409458,00-99,CENTRAL CREDIT UNION OF FLORIDA,US,visa,credit
409459,00-99,ACCESS BANK PLC,NG,visa,debit
409460,00-99,JEONBUK BANK,KR,visa,debit
409461,00-99,METROPOLITAN BANK AND TRUST COMPANY,PH,visa,debit
409462,00-99,WEX BANK,US,visa,credit
409463,00-99,ABRI CREDIT UNION,US,visa,credit
409464,00-99,CARD SERVICES FOR CREDIT UNIONS,US,visa,debit
409465,00-99,CONSUMERS CREDIT UNION,US,visa,credit
409466,00-99,VALLEY FIRST CREDIT UNION,US,visa,credit
409467,00-99,LANDMARK CREDIT UNION,US,visa,credit
409468,00-99,CRDB BANK LTD.,TZ,visa,credit
409469,00-99,COOPERATIVE CHOICE NETWORK CREDIT UNION,US,visa,credit
409470,00-99,ABRI CREDIT UNION,US,visa,credit
409471,00-99,BBVA USA,US,visa,debit
409472,00-99,KANE COUNTY TEACHERS CREDIT UNION,US,visa,credit
409473,00-99,ADVANCED FINANCIAL FEDERAL CREDIT UNION,US,visa,credit
409474,00-99,FINANCIAL PLUS CREDIT UNION,US,visa,credit
409475,00-99,BANCO MAIS,MZ,visa,credit
409476,00-99,COMMUNITY TRUST CREDIT UNION,US,visa,credit
409477,00-99,CELTIC BANK,US,visa,credit
409478,00-99,NASA FEDERAL CREDIT UNION,US,visa,credit
409479,00-99,VALLEY NATIONAL BANK,US,visa,credit
409480,00-99,ED-MED FEDERAL CREDIT UNION,US,visa,debit
409481,00-99,HEIGHTS AUTO WORKERS CREDIT UNION,US,visa,credit
409482,00-99,CINCINNATI OHIO POLICE FEDERAL CREDIT UNION,US,visa,credit
409483,00-99,TAYLORVILLE COMMUNITY CREDIT UNION,US,visa,credit
409484,00-99,MIDWEST AMERICA FEDERAL CREDIT UNION,US,visa,credit
409485,00-99,,US,visa,credit
409486,00-99,GOVERNMENT EMPLOYEES FEDERAL CREDIT UNION,US,visa,debit
409487,00-99,ACME CONTINENTAL CREDIT UNION,US,visa,credit
409488,00-99,SHERWIN-WILLIAMS EMPLOYEES CREDIT UNION,US,visa,credit
409489,00-99,I. H. MISSISSIPPI VALLEY CREDIT UNION,US,visa,credit
409490,00-99,PITTSFORD FEDERAL CREDIT UNION,US,visa,debit
409491,00-99,JPMORGAN CHASE BANK N.A. - DEBIT,US,visa,debit
409492,00-99,BANK POLSKA KASA OPIEKI S.A. (BANK PEKAO SA),PL,visa,debit
409493,00-99,COUNTY BANK,US,visa,credit
409494,00-99,MEMBERS ALLIANCE CREDIT UNION,US,visa,credit
409495,00-99,NEIGHBORHOOD COMMUNITY FEDERAL CREDIT UNION,US,visa,debit
409496,00-99,UTAH FIRST FEDERAL CREDIT UNION,US,visa,debit
409497,00-99,UTAH FIRST FEDERAL CREDIT UNION,US,visa,credit
409498,00-99,STRAIT VIEW CREDIT UNION,US,visa,credit
409499,00-99,THE BANK OF VERNON,US,visa,credit
409500,00-99,TOTAL COMMUNITY CREDIT UNION,US,visa,credit
409501,00-99,OKINAWA CREDIT SERVICE CO. LTD.,JP,visa,credit
409502,00-99,JPMORGAN CHASE BANK N.A. - DEBIT,US,visa,debit
409503,00-99,TELCO FEDERAL CREDIT UNION,US,visa,credit
409504,00-99,JPMORGAN CHASE BANK N.A. - DEBIT,US,visa,debit
409505,00-99,ALOHA PACIFIC FEDERAL CREDIT UNION,US,visa,credit
409506,00-99,,NP,visa,credit
409507,00-99,BIG ISLAND FEDERAL CREDIT UNION,US,visa,credit
409508,00-99,COLORADO CREDIT UNION,US,visa,credit
409509,00-99,WEX BANK,US,visa,credit
409510,00-99,LOWER VALLEY CREDIT UNION,US,visa,credit
409511,00-99,OKINAWA CREDIT SERVICE CO. LTD.,JP,visa,credit
409512,00-99,JPMORGAN CHASE BANK N.A. - DEBIT,US,visa,debit
409513,00-99,ICICI BANK LTD.,IN,visa,debit
409514,00-99,INDEPENDENCE BANK OF KENTUCKY,US,visa,debit
409515,00-99,ELECTRO SAVINGS CREDIT UNION,US,visa,credit
409516,00-99,CARD SERVICES FOR CREDIT UNIONS,US,visa,credit
409517,00-99,HAWAII COMMUNITY FEDERAL CREDIT UNION,US,visa,credit
409518,00-99,MEMBERSOURCE CREDIT UNION,US,visa,credit
409519,00-99,JPMORGAN CHASE BANK N.A. - DEBIT,US,visa,debit
409520,00-99,WEX BANK,US,visa,credit
409521,00-99,CARD SERVICES FOR CREDIT UNIONS,US,visa,credit
409522,00-99,HERITAGE FAMILY FEDERAL CREDIT UNION,US,visa,credit
409523,00-99,BANCO INDUSTRIAL DO BRASIL S.A.,BR,visa,credit
409524,00-99,WEOKIE CREDIT UNION,US,visa,credit
409525,00-99,OSWEGO COUNTY FEDERAL CREDIT UNION,US,visa,debit
409526,00-99,FIRST MISSOURI CREDIT UNION,US,visa,credit
409527,00-99,UNITED CREDIT UNION,US,visa,credit
409528,00-99,FIRST NORTHERN CREDIT UNION,US,visa,credit
409529,00-99,ALLTRU CREDIT UNION,US,visa,credit
409530,00-99,JPMORGAN CHASE BANK N.A. - DEBIT,US,visa,debit
409531,00-99,TRAILNORTH FEDERAL CREDIT UNION,US,visa,debit
409532,00-99,BANCO MAIS,MZ,visa,debit
409533,00-99,JPMORGAN CHASE BANK N.A. - DEBIT,US,visa,debit
409534,00-99,VARO BANK NATIONAL ASSOCIATION,US,visa,credit
409535,00-99,BISON FEDERAL CREDIT UNION,US,visa,credit
409536,00-99,JPMORGAN CHASE BANK N.A. - DEBIT,US,visa,debit
409537,00-99,WEX BANK,US,visa,credit
409538,00-99,INTL HDQTRS-CENTER OWNED,GN,visa,credit
409539,00-99,LM FEDERAL CREDIT UNION,US,visa,credit
409540,00-99,JPMORGAN CHASE BANK N.A. - DEBIT,US,visa,debit
409541,00-99,U.S. BANK NATIONAL ASSOCIATION-CREDIT,US,visa,credit
409542,00-99,AXIS BANK LTD.,IN,visa,debit
409543,00-99,WEX BANK,US,visa,credit
409544,00-99,GUARDIAN CREDIT UNION,US,visa,credit
409545,00-99,LIBERTY BANK AND TRUST COMPANY,US,visa,credit
409546,00-99,WOORI BANK VIETNAM LTD.,VN,visa,credit
409547,00-99,NORTHWEST COMMUNITY CREDIT UNION,US,visa,credit
409548,00-99,WMCU,US,visa,credit
409549,00-99,FIRST NATIONAL BANK OF BOTSWANA LTD.,BW,visa,debit
409550,00-99,OREGONIANS CREDIT UNION,US,visa,credit
409551,00-99,NUMERICA CREDIT UNION,US,visa,credit
409552,00-99,STATE EMPLOYEES' CREDIT UNION,US,visa,credit
409553,00-99,GLASS CITY FEDERAL CREDIT UNION,US,visa,credit
409554,00-99,PATHWARD N.A.,US,visa,debit
409555,00-99,GENERATIONS COMMUNITY FEDERAL CREDIT UNION,US,visa,credit
409556,00-99,GENERATIONS COMMUNITY FEDERAL CREDIT UNION,US,visa,credit
409557,00-99,CARD SERVICES FOR CREDIT UNIONS,US,visa,credit
409558,00-99,HFS FEDERAL CREDIT UNION,US,visa,credit
409559,00-99,CARD SERVICES FOR CREDIT UNIONS,US,visa,credit
409560,00-99,CARD SERVICES FOR CREDIT UNIONS,US,visa,credit
409561,00-99,ROGUE CREDIT UNION,US,visa,credit
409562,00-99,OUR COMMUNITY CREDIT UNION,US,visa,credit
409563,00-99,ALTURA CREDIT UNION,US,visa,credit
409564,00-99,NCPD FEDERAL CREDIT UNION,US,visa,credit
409565,00-99,CARD SERVICES FOR CREDIT UNIONS,US,visa,credit
409566,00-99,WEX BANK,US,visa,credit
409567,00-99,NATIONAL BANK OF KUWAIT S.A.K.,KW,visa,debit
409568,00-99,HOMEBANK,US,visa,debit
409569,00-99,GATHER FEDERAL CREDIT UNION,US,visa,credit
409570,00-99,MID AMERICAN CREDIT UNION,US,visa,credit
409571,00-99,ENVISTA FEDERAL CREDIT UNION,US,visa,credit
409572,00-99,CREDIT DU MAROC S.A.,MA,visa,debit
409573,00-99,JPMORGAN CHASE BANK N.A. - DEBIT,US,visa,debit
409574,00-99,ICICI BANK LTD.,IN,visa,credit
409575,00-99,UNION BANK OF INDIA,IN,visa,debit
409576,00-99,SHENGJING BANK CO. LTD.,CN,visa,credit
409577,00-99,CARD SERVICES FOR CREDIT UNIONS,US,visa,debit
409578,00-99,SANOAT QURILISH BANK,UZ,visa,debit
409579,00-99,QUANTUM CREDIT UNION,US,visa,credit
409580,00-99,CREDIT UNION CARD SERVICES INC.,US,visa,credit
409581,00-99,U.S. BANK N.A.,US,visa,credit
409582,00-99,QUEENSLAND COUNTRY BANK LTD.,AU,visa,credit
409583,00-99,WESTMINSTER FEDERAL CREDIT UNION,US,visa,credit
409584,00-99,MIDWEST REGIONAL CREDIT UNION,US,visa,credit
409585,00-99,FREEDOM 1ST FEDERAL CREDIT UNION,US,visa,credit
409586,00-99,UNITED CREDIT UNION,US,visa,credit
409587,00-99,,TM,visa,credit
409588,00-99,SHOW-ME CREDIT UNION,US,visa,credit
409589,00-99,PHILADELPHIA FEDERAL CREDIT UNION,US,visa,debit
409590,00-99,FIREFIGHTERS FIRST FEDERAL CREDIT UNION,US,visa,credit
409591,00-99,FIREFIGHTERS FIRST FEDERAL CREDIT UNION,US,visa,credit
409592,00-99,BILLINGS FEDERAL CREDIT UNION,US,visa,credit
409593,00-99,VALLEY FINANCIAL CREDIT UNION,US,visa,credit
409594,00-99,JPMORGAN CHASE BANK N.A. - DEBIT,US,visa,debit
409595,00-99,THE BANCORP BANK NATIONAL ASSOCIATION,US,visa,credit
409596,00-99,MONTANA FEDERAL CREDIT UNION,US,visa,credit
409597,00-99,MISSOULA FEDERAL GOVERNME,US,visa,credit
409598,00-99,FIRSTBANK,US,visa,debit
409599,00-99,JPMORGAN CHASE BANK N.A. - DEBIT,US,visa,debit
409600,00-99,BRADESCO,BR,visa,credit
409601,00-99,BRADESCO,BR,visa,credit
409602,00-99,BRADESCO,BR,visa,credit
409603,00-99,BRADESCO,BR,visa,credit
409604,00-99,MITSUBISHI UFJ NICOS CO. LTD,JP,visa,credit
409605,00-99,PROSIX S.A.,CR,visa,credit
409606,00-99,BANCO CUSCATLAN DE EL SALVADOR S.A.,SV,visa,credit
409607,00-99,GE CAPITAL FINANCIAL INC.,US,visa,credit
409608,00-99,ARAB JORDAN INVESTMENT BANK,JO,visa,credit
409609,00-99,LEGACY COMMUNITY FEDERAL CREDIT UNION,US,visa,debit
409610,00-99,FIRST ATLANTIC FEDERAL CREDIT UNION,US,visa,debit
409611,00-99,HELLO CREDIT UNION,US,visa,debit
409612,00-99,DZI BANK,BG,visa,credit
409613,00-99,SBM BANK (MAURITIUS) LTD.,MU,visa,credit
409614,00-99,BANQUE INTERNATIONALE DE CAMEROUN POUR L'EPARGNE ET LE CREDIT,CM,visa,debit
409615,00-99,BANQUE INTERNATIONALE DE CAMEROUN POUR LEPARGNE ET LE CREDIT,CM,visa,credit
409616,00-99,,RU,visa,debit
409617,00-99,,RU,visa,debit
409618,00-99,MITSUBISHI UFJ NICOS CO. LTD,JP,visa,credit
409619,00-99,BANQUE INTERNATIONALE ARABE DE TUNISIE,TN,visa,credit
409620,00-99,(PKO BANK POLSKI),PL,visa,debit
409621,00-99,POWSZECHNA KASA OSZCZEDNOSCI BANK POLSKI SA (PKO BANK POLSKI SA),PL,visa,debit
409622,00-99,,US,visa,credit
409623,00-99,MIBANCO BANCO DE LA MICROEMPRESA S.A.,PE,visa,credit
409624,00-99,FIRST SECURITY BANK AND TRUST COMPANY,US,visa,debit
409625,00-99,JSC FORTEBANK,KZ,visa,debit
409626,00-99,SILK ROAD BANK AD SKOPJE,MK,visa,debit
409627,00-99,BANCO DE COSTA RICA,CR,visa,credit
409628,00-99,SOCIETE GENERALE GHANA LTD.,GH,visa,debit
409629,00-99,UNITED SOUTHEAST FEDERAL CREDIT UNION,US,visa,credit
409630,00-99,SOCIETE GENERALE GHANA LTD.,GH,visa,debit
409631,00-99,SOCIETE GENERALE GHANA LTD.,GH,visa,debit
409632,00-99,SG-SSB LTD.,GH,visa,credit
409633,00-99,BLUE COAST FEDERAL CREDIT UNION,US,visa,debit
409634,00-99,JPMORGAN CHASE BANK N.A. - DEBIT,US,visa,debit
409635,00-99,CREDIT AGRICOLE BANK POLSKA S.A.,PL,visa,debit
409636,00-99,,SG,visa,debit
409637,00-99,JPMORGAN CHASE BANK N.A. - DEBIT,US,visa,debit
409638,00-99,SBI CARDS AND PAYMENT SERVICES LTD.,IN,visa,credit
409639,00-99,SCHOOLS FEDERAL CREDIT UNION,US,visa,credit
409640,00-99,POWELL VALLEY NATIONAL BANK,US,visa,debit
409641,00-99,SEYLAN BANK LTD.,LK,visa,debit
409642,00-99,ICICI BANK LTD.,IN,visa,debit
409643,00-99,BANDHAN BANK LTD.,IN,visa,debit
409644,00-99,AGOS DUCATO S.P.A.,IT,visa,credit
409645,00-99,ZENITH BANK PLC,NG,visa,debit
409646,00-99,BROKBUSINESSBANK JSB,UA,visa,debit
409647,00-99,BANCO SAFRA S.A.,BR,visa,credit
409648,00-99,BANCO POPULAR S.A.,CO,visa,credit
409649,00-99,BANCO POPULAR S.A.,CO,visa,credit
409650,00-99,BROKBUSINESS BANK JSB,UA,visa,credit
409651,00-99,,ES,visa,credit
409652,00-99,BANKINTER S.A.,ES,visa,credit
409653,00-99,ATOS BANK A.D. BANJA LUKA,BA,visa,credit
409654,00-99,,KZ,visa,debit
409655,00-99,MYPOS PAYMENTS LTD.,GB,visa,debit
409656,00-99,THE CO-OPERATIVE BANK PLC,GB,visa,credit
409657,00-99,INTL HDQTRS-CENTER OWNED,NZ,visa,debit
409658,00-99,PRODUCTOS INTEGRALES EN COMUNICACION S.A. DE C.V.,MX,visa,credit
409659,00-99,FARMERS NATIONAL BANK,US,visa,credit
409660,00-99,ALLEGENT COMMUNITY FEDERAL CREDIT UNION,US,visa,credit
409661,00-99,FARMERS NATIONAL BANK,US,visa,credit
409662,00-99,UZPROMSTROYBANK UZBEK JSC INDUSTRIAL AND CONSTRUCTION BANK,UZ,visa,credit
409663,00-99,JSC EURASIAN BANK,KZ,visa,credit
409664,00-99,BANKA INTESA SANPAOLO D.D.,SI,visa,debit
409665,00-99,BANK OF CHINA LTD.,CN,visa,credit
409666,00-99,BANK OF CHINA,CN,visa,credit
409667,00-99,BANK OF CHINA LTD.,CN,visa,credit
409668,00-99,BANK OF CHINA LTD.,CN,visa,credit
409669,00-99,BANK OF CHINA LTD.,CN,visa,credit
409670,00-99,BANK OF CHINA LTD.,CN,visa,credit
409671,00-99,BANK OF CHINA LTD.,CN,visa,credit
409672,00-99,BANK OF CHINA LTD.,CN,visa,credit
409673,00-99,PRIO-VNESHTORGBANK (PUBLIC JOINT-STOCK COMPANY),RU,visa,debit
409674,00-99,BANCO BICE,CL,visa,debit
409675,00-99,HSBC,ID,visa,credit
409676,00-99,SWEDBANK AB,LT,visa,credit
409677,00-99,SWEDBANK AB,LT,visa,credit
409678,00-99,SWEDBANK AB,LT,visa,credit
409679,00-99,E. SUN COMMERCIAL BANK LTD.,TW,visa,credit
409680,00-99,BANK POLSKA KASA OPIEKI S.A. (BANK PEKAO SA),PL,visa,credit
409681,00-99,JSC OTP BANK,RU,visa,credit
409682,00-99,MITSUBISHI UFJ NICOS CO. LTD,JP,visa,credit
409683,00-99,,RU,visa,debit
409684,00-99,NATIONAL BANK OF FUJAIRAH,AE,visa,credit
409685,00-99,NATIONAL BANK OF FUJAIRAH,AE,visa,credit
409686,00-99,ATLANTIC REGIONAL FEDERAL CREDIT UNION,US,visa,credit
409687,00-99,ATLANTIC REGIONAL FEDERAL CREDIT UNION,US,visa,credit
409688,00-99,NATIONAL BANK OF FUJAIRAH,AE,visa,credit
409689,00-99,THE MAURITIUS COMMERCIAL BANK LTD.,MU,visa,debit
409690,00-99,BANCO BRADESCO S.A.,BR,visa,debit
409691,00-99,BANCO BRADESCO S.A.,BR,visa,debit
409692,00-99,BANCO BRADESCO S.A.,BR,visa,debit
409693,00-99,BANCO BRADESCO S.A.,BR,visa,debit
409694,00-99,,US,visa,credit
409695,00-99,SBI CARDS AND PAYMENT SERVICES LTD.,IN,visa,credit
409696,00-99,INDUSTRIAL AND COMMERCIAL BANK OF CHINA LTD.,VN,visa,credit
409697,00-99,INDUSTRIAL AND COMMERCIAL BANK OF CHINA LTD.,VN,visa,debit
409698,00-99,,DZ,visa,debit
409699,00-99,,US,visa,credit
409700,00-99,DNB BANK POLSKA SA,PL,visa,debit
409701,00-99,PUBLIC JOINT-STOCK COMPANY BANK OTKRITIE FINANCIAL CORPORATION,RU,visa,credit
409702,00-99,QUEENSLAND COUNTRY BANK LTD.,AU,visa,credit
409703,00-99,DISTRICT 6 FEDERAL CREDIT UNION,US,visa,debit
409704,00-99,JPMORGAN CHASE BANK N.A. - DEBIT,US,visa,debit
409705,00-99,BANCO PROVINCIA DE TIERRA DEL FUEGO,AR,visa,credit
409706,00-99,THREAD BANK,US,visa,debit
409707, 00-99, COOPERATIVA NACIONAL DE EDUCADORES R.L. (COOPENAE R.L.), CR, visa, debit
409708,00-99,CASS COMMERCIAL BANK,US,visa,debit
409709,00-99,AREEBA SAL,LB,visa,credit
409710,00-99,JPMORGAN CHASE BANK N.A. - DEBIT,US,visa,debit
409711,00-99,NOVO BANCO,PT,visa,credit
409712,00-99,MITSUBISHI UFJ NICOS CO. LTD,JP,visa,credit
409713,00-99,MITSUBISHI UFJ NICOS CO. LTD,JP,visa,credit
409714,00-99,MITSUBISHI UFJ NICOS CO. LTD,JP,visa,credit
409715,00-99,MITSUBISHI UFJ NICOS CO. LTD,JP,visa,credit
409716,00-99,JPMORGAN CHASE BANK N.A. - DEBIT,US,visa,debit
409717,00-99,SOUTHWEST 66 CREDIT UNION,US,visa,credit
409718,00-99,MITSUBISHI UFJ NICOS CO. LTD,JP,visa,credit
409719,00-99,BANQUE INTERNATIONALE DU BURKINA,BF,visa,credit
409720,00-99,CONVERSE BANK CORPORATION,AM,visa,credit
409721,00-99,JPMORGAN CHASE BANK N.A. - DEBIT,US,visa,debit
409722,00-99,CAIXABANK S.A.,ES,visa,credit
409723,00-99,PROMERICA S.A.,PA,visa,credit
409724,00-99,ST. GEORGES BANK & COMPANY INC.,PA,visa,credit
409725,00-99,,US,visa,credit
409726,00-99,BANCO INDUSTRIAL S.A.,GT,visa,debit
409727,00-99,BANCO DO BRASIL S.A.,BR,visa,debit
409728,00-99,FARMERS AND MERCHANTS BANK,US,visa,debit
409729,00-99,EUROBANK EFG BULGARIA A.D.,BG,visa,debit
409730,00-99,EUROBANK EFG BULGARIA A.D.,BG,visa,debit
409731,00-99,BANCO POPULAR Y DE DESARROLLO COMUNAL,CR,visa,credit
409732,00-99,,US,visa,credit
409733,00-99,UNION INTERNATIONALE DE BANQUES (UIB),TN,visa,debit
409734,00-99,UNION INTERNATIONALE DE BANQUES (UIB),TN,visa,debit
409735,00-99,GLOBAL DIGITAL FINANCIAL SOLUTIONS CO.,SA,visa,credit
409736,00-99,PT. BANK PERMATA TBK,ID,visa,credit
409737,00-99,CREDIT LIBANAIS S.A.L.,LB,visa,credit
409738,00-99,CREDIT LIBANAIS S.A.L.,LB,visa,debit
409739,00-99,MALDIVES ISLAMIC BANK PLC,MV,visa,debit
409740,00-99,EASTERN BANK PLC.,BD,visa,credit
409741,00-99,TWO HARBORS FEDERAL CREDIT UNION,US,visa,credit
409742,00-99,JPMORGAN CHASE BANK N.A. - DEBIT,US,visa,debit
409743,00-99,THE COMMERCIAL BANK OF GRAYSON,US,visa,debit
409744,00-99,SCOTIABANK COLPATRIA S.A,CO,visa,credit
409745,00-99,JPMORGAN CHASE BANK N.A. - DEBIT,US,visa,debit
409746,00-99,ING BANK N.V.,RO,visa,credit
409747,00-99,,US,visa,debit
409748,00-99,SUMITOMO MITSUI CARD COMPANY LTD.,JP,visa,debit
409749,00-99,JPMORGAN CHASE BANK N.A. - DEBIT,US,visa,debit
409750,00-99,COMMERCIAL FUEL & ENERGY INTERREGIONAL BANK FOR RECONSTRUCTION AND DEVELOPMENT JOINT-STOCK COMPANY,RU,visa,debit
409751,00-99,COMMERCIAL FUEL & ENERGY INTERREGIONAL BANK FOR RECONSTRUCTION AND DEVELOPMENT JOINT-STOCK COMPANY,RU,visa,debit
409752,00-99,COMMERCIAL FUEL & ENERGY INTERREGIONAL BANK FOR RECONSTRUCTION AND DEVELOPMENT JOINT-STOCK COMPANY,RU,visa,debit
409753,00-99,JPMORGAN CHASE BANK N.A. - DEBIT,US,visa,debit
409754,00-99,,US,visa,credit
409755,00-99,PUBLIC JOINT-STOCK COMPANY BANK OTKRITIE FINANCIAL CORPORATION,RU,visa,debit
409756,00-99,PUBLIC JOINT-STOCK COMPANY BANK OTKRITIE FINANCIAL CORPORATION,RU,visa,debit
409757,00-99,SUTTON BANK,US,visa,credit
409758,00-99,PATHWARD N.A.,US,visa,debit
409759,00-99,ANGELINA SAVINGS BANK SSB,US,visa,debit
409760,00-99,CEDAR RAPIDS BANK AND TRUST COMPANY,US,visa,debit
409761,00-99,CEDAR RAPIDS BANK AND TRUST COMPANY,US,visa,debit
409762,00-99,HTLF BANK,US,visa,debit
409763,00-99,NIUM PTE LTD.,SG,visa,debit
409764,00-99,,US,visa,credit
409765,00-99,CITY BANK PLC,BD,visa,credit
409766,00-99,PT BANK MANDIRI (PERSERO) TBK,ID,visa,debit
409767,00-99,BANCO FALABELLA,CL,visa,debit
409768,00-99,CAPITOL CREDIT UNION,US,visa,credit
409769,00-99,CAPITOL CREDIT UNION,US,visa,credit
409770,00-99,FIRST ABU DHABI BANK (PJSC),AE,visa,credit
409771,00-99,HERITAGE BANK - A DIVISION OF HERITAGE PEOPLE'S CHOICE LTD.,AU,visa,debit
409772,00-99,THE SAUDI INVESTMENT BANK,SA,visa,debit
409773,00-99,CENTENARY RURAL DEVELOPMENT BANK LTD.,UG,visa,debit
409774,00-99,HERITAGE BANK - A DIVISION OF HERITAGE PEOPLE'S CHOICE LTD.,AU,visa,credit
409775,00-99,CAIXABANK S.A.,ES,visa,credit
409776,00-99,HYPO ALPE-ADRIA-BANK A.D. BEOGRAD,RS,visa,debit
409777,00-99,SOLARITY CREDIT UNION,US,visa,credit
409778,00-99,FIRST COMMERCE CREDIT UNION,US,visa,credit
409779,00-99,ANDREWS FEDERAL CREDIT UNION,US,visa,credit
409780,00-99,SHARON & CRESCENT UNITED CREDIT UNION,US,visa,credit
409781,00-99,SHARON & CRESCENT UNITED CREDIT UNION,US,visa,credit
409782,00-99,UZPROMSTROYBANK UZBEK JSC INDUSTRIAL AND CONSTRUCTION BANK,UZ,visa,debit
409783,00-99,STATE-COMMERCIAL PEOPLE'S BANK OF THE REPUBLIC OF UZBEKISTAN,UZ,visa,debit
409784,00-99,PRIVATE JS EXCHANGE BANK TRUSTBANK,UZ,visa,debit
409785,00-99,DNB BANK POLSKA SA,PL,visa,debit
409786,00-99,BANK OF BEIRUT SAL,LB,visa,credit
409787,00-99,BANK OF BEIRUT SAL,LB,visa,credit
409788,00-99,YAMAGIN CARD CO. LTD.,JP,visa,credit
409789,00-99,EGYPTIAN NATIONAL POST ORGANISATION,EG,visa,debit
409790,00-99,JPMORGAN CHASE BANK N.A. - DEBIT,US,visa,debit
409791,00-99,BANK OF BEIRUT SAL,LB,visa,credit
409792,00-99,VJA,JP,visa,credit
409793,00-99,BANK OF BEIRUT SAL,LB,visa,credit
409794,00-99,MITSUBISHI UFJ NICOS CO. LTD,JP,visa,credit
409795,00-99,THE CHANG HWA COMMERCIAL BANK LTD.,TW,visa,credit
409796,00-99,THE CHANG HWA COMMERCIAL BANK LTD.,TW,visa,credit
409797,00-99,,US,visa,credit
409798,00-99,,US,visa,credit
409799,00-99,,US,visa,credit
409800,00-99,FARMERS AND MERCHANTS BANK,US,visa,debit
409801,00-99,U.S. BANK NATIONAL ASSOCIATION-CREDIT,US,visa,credit
409802,00-99,VJA,JP,visa,credit
409803,00-99,AMARILLO NATIONAL BANK,US,visa,debit
409804,00-99,AMARILLO NATIONAL BANK,US,visa,debit
409805,00-99,CREDIT EUROPE BANK (ROMANIA) S.A.,RO,visa,debit
409806,00-99,M1 BANK,US,visa,debit
409807,00-99,MIDWEST MEMBERS CREDIT UNION,US,visa,credit
409808,00-99,ROYAL CREDIT UNION,US,visa,credit
409809,00-99,UNIBANK COMMERCIAL BANK,AZ,visa,credit
409810,00-99,THE FARMERS STATE BANK AND TRUST COMPANY,US,visa,debit
409811,00-99,UTAH FIRST FEDERAL CREDIT UNION,US,visa,credit
409812,00-99,UTAH FIRST FEDERAL CREDIT UNION,US,visa,debit
409813,00-99,WANIGAS CREDIT UNION,US,visa,credit
409814,00-99,WANIGAS CREDIT UNION,US,visa,credit
409815,00-99,FIRST NATIONAL BANK OF PENNSYLVANIA,US,visa,debit
409816,00-99,UNITED NATIONS FEDERAL CREDIT UNION,US,visa,credit
409817,00-99,UNITED NATIONS FEDERAL CREDIT UNION,US,visa,credit
409818,00-99,FIRST NATIONAL BANK OF PENNSYLVANIA,US,visa,debit
409819,00-99,FIRST NATIONAL BANK OF PENNSYLVANIA,US,visa,debit
409820,00-99,UNITED NATIONS FEDERAL CREDIT UNION,US,visa,credit
409821,00-99,FIRST NATIONAL BANK OF PENNSYLVANIA,US,visa,debit
409822,00-99,FIRSTBANK,US,visa,debit
409823,00-99,FIRST NATIONAL BANK OF PENNSYLVANIA,US,visa,debit
409824,00-99,FIRST NATIONAL BANK OF PENNSYLVANIA,US,visa,debit
409825,00-99,FIRST NATIONAL BANK OF PENNSYLVANIA,US,visa,debit
409826,00-99,FIRST NATIONAL BANK OF PENNSYLVANIA,US,visa,debit
409827,00-99,FIRST NATIONAL BANK OF PENNSYLVANIA,US,visa,debit
409828,00-99,FIRST NATIONAL BANK OF PENNSYLVANIA,US,visa,debit
409829,00-99,FIRST NATIONAL BANK OF PENNSYLVANIA,US,visa,debit
409830,00-99,UNITED NATIONS FEDERAL CREDIT UNION,US,visa,credit
409831,00-99,AFFINITY FEDERAL CREDIT UNION,US,visa,credit
409832,00-99,FIRSTBANK,US,visa,debit
409833,00-99,FIRST NATIONAL BANK OF PENNSYLVANIA,US,visa,debit
409834,00-99,FIRST NATIONAL BANK OF PENNSYLVANIA,US,visa,debit
409835,00-99,MONTANA HEALTH FEDERAL CREDIT UNION,US,visa,credit
409836,00-99,FIRST NATIONAL BANK OF PENNSYLVANIA,US,visa,debit
409837,00-99,SCHOOLSFIRST FEDERAL CREDIT UNION,US,visa,credit
409838,00-99,ROYAL CREDIT UNION,US,visa,credit
409839,00-99,ROYAL CREDIT UNION,US,visa,debit
409840,00-99,EUROBANK GREECE,GR,visa,credit
409841,00-99,BANCO POPULAR PORTUGAL S.A.,PT,visa,credit
409842,00-99,BANCO POPULAR PORTUGAL S.A.,PT,visa,credit
409843,00-99,BANCO POPULAR PORTUGAL S.A.,PT,visa,credit
409844,00-99,BANCO POPULAR PORTUGAL S.A.,PT,visa,credit
409845,00-99,JPMORGAN CHASE BANK N.A. - DEBIT,US,visa,debit
409846,00-99,BANCO LAFISE BANCENTRO S.A.,NI,visa,credit
409847,00-99,BANCO LAFISE BANCENTRO S.A.,NI,visa,credit
409848,00-99,BANCO LAFISE BANCENTRO S.A.,NI,visa,debit
409849,00-99,BANCO LAFISE BANCENTRO S.A.,NI,visa,debit
409850,00-99,JPMORGAN CHASE BANK N.A. - DEBIT,US,visa,debit
409851, 00-99, BBVA MEXICO S.A., MX, visa, debit
409852,00-99,,MX,visa,credit
409853,00-99,JPMORGAN CHASE BANK N.A. - DEBIT,US,visa,debit
409854,00-99,BANQUE LIBANO-FRANCAISE SAL,LB,visa,credit
409855,00-99,VISIONBANK OF IOWA,US,visa,credit
409856,00-99,EUROBANK EFG BULGARIA A.D.,BG,visa,debit
409857,00-99,UNICREDIT BULBANK A.D.,BG,visa,debit
409858,00-99,UNIBANK COMMERCIAL BANK,AZ,visa,credit
409859,00-99,UNIBANK COMMERCIAL BANK,AZ,visa,debit
409860,00-99,UNIBANK COMMERCIAL BANK,AZ,visa,debit
409861,00-99,UNIBANK COMMERCIAL BANK,AZ,visa,debit
409862,00-99,BANK OF BAKU OJSC,AZ,visa,credit
409863,00-99,VISIONBANK OF IOWA,US,visa,credit
409864,00-99,BASISBANK JSC,GE,visa,debit
409865,00-99,BASISBANK JSC,GE,visa,debit
409866,00-99,BASISBANK JSC,GE,visa,debit
409867,00-99,BASISBANK JSC,GE,visa,credit
409868,00-99,JPMORGAN CHASE BANK N.A. - DEBIT,US,visa,debit
409869,00-99,BANCO DO BRASIL S.A.,BR,visa,debit
409870,00-99,,US,visa,credit
409871,00-99,,US,visa,credit
409872,00-99,NURBANK JSC,KZ,visa,credit
409873,00-99,PT BANK MANDIRI (PERSERO) TBK,ID,visa,debit
409874,00-99,FIRST NEBRASKA CREDIT UNION,US,visa,credit
409875,00-99,BANCO ALFA S.A.,BR,visa,debit
409876,00-99,,RU,visa,debit
409877,00-99,,RU,visa,debit
409878,00-99,,RU,visa,debit
409879,00-99,PUBLIC JSC COMMERCIAL BANK PRAVEX BANK,UA,visa,debit
409880,00-99,JSCB PRAVEX-BANK,UA,visa,debit
409881,00-99,JSC CB PRAVEX-BANK,UA,visa,credit
409882,00-99,EVOLVE BANK & TRUST,US,visa,credit
409883,00-99,COLUMBUS BANK AND TRUST COMPANY,US,visa,debit
409884,00-99,MITSUBISHI UFJ NICOS CO. LTD,JP,visa,credit
409885,00-99,MITSUBISHI UFJ NICOS CO. LTD,JP,visa,credit
409886,00-99,MITSUBISHI UFJ NICOS CO. LTD,JP,visa,credit
409887,00-99,WIO BANK PJSC,AE,visa,debit
409888,00-99,ALMAZERGIENBANK,RU,visa,debit
409889,00-99,FIRST STATE BANK,US,visa,debit
409890,00-99,SUNCOAST CREDIT UNION,US,visa,credit
409891,00-99,SUNCOAST CREDIT UNION,US,visa,credit
409892,00-99,CITIZENS NATIONAL BANK,US,visa,credit
409893,00-99,KELLOGG COMMUNITY FEDERAL CREDIT UNION,US,visa,credit
409894,00-99,SOLARITY CREDIT UNION,US,visa,credit
409895,00-99,BROADVIEW FEDERAL CREDIT UNION,US,visa,credit
409896,00-99,BROADVIEW FEDERAL CREDIT UNION,US,visa,credit
409897,00-99,FIDELITY NATIONAL INFORMATION SERVICES INC.,US,visa,debit
409898,00-99,FIRST AMERICAN BANK,US,visa,debit
409899,00-99,STRAIT VIEW CREDIT UNION,US,visa,debit
409900,00-99,JPMORGAN CHASE BANK N.A. - DEBIT,US,visa,debit
409901,00-99,ATTIJARIWAFA BANK,MA,visa,debit
409902,00-99,BANCO GENERAL S.A.,PA,visa,credit
409903,00-99,HSBC BANK - EGYPT SAE,EG,visa,credit
409904,00-99,INTL HDQTRS-CENTER OWNED,US,visa,credit
409905,00-99,INTL HDQTRS-CENTER OWNED,US,visa,debit
409906,00-99,INTL HDQTRS-CENTER OWNED,US,visa,debit
409907,00-99,INTL HDQTRS-CENTER OWNED,US,visa,debit
409908,00-99,REGIONAL FEDERAL CREDIT UNION,US,visa,debit
409909,00-99,NUMARK CREDIT UNION,US,visa,debit
409910,00-99,,US,visa,debit
409911,00-99,BANCO GANADERO S.A.,BO,visa,credit
409912,00-99,GANADERO,BO,visa,credit
409913,00-99,BANCO GANADERO S.A.,BO,visa,debit
409914,00-99,BMO HARRIS BANK N.A.,US,visa,debit
409915,00-99,JPMORGAN CHASE BANK N.A. - DEBIT,US,visa,debit
409916,00-99,UNIVERSITY FIRST FEDERAL CREDIT UNION,US,visa,credit
409917, 00-99, CANYON VIEW FEDERAL CREDIT UNION, US, visa, credit
409918, 00-99, CANYON VIEW FEDERAL CREDIT UNION, US, visa, credit
409919,00-99,UNIVERSITY FIRST FEDERAL CREDIT UNION,US,visa,credit
409920,00-99,MIDWEST HERITAGE BANK FSB,US,visa,debit
409921,00-99,BRB-BANCO DE BRASILIA S.A.,BR,visa,credit
409922,00-99,BRB-BANCO DE BRASILIA S.A.,BR,visa,credit
409923,00-99,ITAU UNIBANCO HOLDING S.A.,BR,visa,credit
409924,00-99,METROPOLITAN COMMERCIAL BANK,US,visa,debit
409925,00-99,FINDOMESTIC BANCA S.P.A.,IT,visa,credit
409926,00-99,FINDOMESTIC BANCA S.P.A.,IT,visa,credit
409927,00-99,FINDOMESTIC BANCA S.P.A.,IT,visa,credit
409928,00-99,FINDOMESTIC BANCA S.P.A.,IT,visa,credit
409929,00-99,FINDOMESTIC BANCA S.P.A.,IT,visa,credit
409930,00-99,FINDOMESTIC BANCA S.P.A.,IT,visa,credit
409931,00-99,FINDOMESTIC BANCA S.P.A.,IT,visa,credit
409932,00-99,FINDOMESTIC BANCA S.P.A.,IT,visa,credit
409933,00-99,FINDOMESTIC BANCA S.P.A.,IT,visa,credit
409934,00-99,FINDOMESTIC BANCA S.P.A.,IT,visa,credit
409935,00-99,CALCOE FEDERAL CREDIT UNION,US,visa,debit
409936,00-99,ASOCIACION LA NACIONAL DE AHORROS Y PRESTAMOS,DO,visa,debit
409937,00-99,SOCIETE GENERALE HAITIENNE DE BANQUE S.A. (SOGEBANK S.A.),HT,visa,debit
409938,00-99,FIRST HORIZON BANK,US,visa,credit
409939,00-99,AMERICAN AIRLINES FEDERAL CREDIT UNION,US,visa,debit
409940,00-99,AMERICAN AIRLINES FEDERAL CREDIT UNION,US,visa,credit
409941, 00-99, CANYON VIEW FEDERAL CREDIT UNION, US, visa, credit
409942,00-99,UNIVERSITY FIRST FEDERAL CREDIT UNION,US,visa,credit
409943,00-99,INTL HDQTRS-CENTER OWNED,US,visa,credit
409944,00-99,,US,visa,credit
409945,00-99,INTL HDQTRS-CENTER OWNED,US,visa,credit
409946,00-99,VISA EUROPE LTD.,US,visa,debit
409947,00-99,JPMORGAN CHASE BANK N.A. - DEBIT,US,visa,debit
409948,00-99,SUTTON BANK,US,visa,debit
409949,00-99,HONEA FEDERAL CREDIT UNION,US,visa,debit
409950,00-99,EWA FEDERAL CREDIT UNION,US,visa,debit
409951,00-99,PUEBLO GOVERNMENT AGENCIES FEDERAL CREDIT UNION,US,visa,debit
409952,00-99,PUEBLO GOVERNMENT AGENCIES FEDERAL CREDIT UNION,US,visa,debit
409953,00-99,PEOPLESBANK,US,visa,debit
409954,00-99,ONE NEVADA CREDIT UNION,US,visa,debit
409955,00-99,PIONEER FEDERAL CREDIT UNION,US,visa,debit
409956,00-99,INTERNATIONAL BANK OF ST-PETERSBURG JOINT-STOCK COMPANY,RU,visa,credit
409957, 00-99, CANYON VIEW FEDERAL CREDIT UNION, US, visa, debit
409958,00-99,AMERICAN AIRLINES FEDERAL CREDIT UNION,US,visa,credit
409959,00-99,AMERICAN AIRLINES FEDERAL CREDIT UNION,US,visa,debit
409960,00-99,UNIVERSITY FIRST FEDERAL CREDIT UNION,US,visa,credit
409961,00-99,BANCO GANADERO S.A.,BO,visa,credit
409962,00-99,JPMORGAN CHASE BANK N.A. - DEBIT,US,visa,debit
409963,00-99,JPMORGAN CHASE BANK N.A.,US,visa,credit
409964,00-99,FINDOMESTIC BANCA S.P.A.,IT,visa,credit
409965,00-99,FINDOMESTIC BANCA S.P.A.,IT,visa,credit
409966,00-99,BELIZE BANK LTD.,BZ,visa,credit
409967,00-99,BREWTON MILL FEDERAL CREDIT UNION,US,visa,debit
409968,00-99,ARBOR FINANCIAL CREDIT UNION,US,visa,credit
409969,00-99,MEMBERS TRUST FEDERAL CREDIT UNION,US,visa,credit
409970,00-99,REGIONS BANK,US,visa,credit
409971,00-99,GOLDEN BANK NATIONAL ASSOCIATION,US,visa,debit
409972,00-99,WARREN BOYNTON STATE BANK - MODESTO,US,visa,debit
409973,00-99,LIBERTY BANK AND TRUST COMPANY,US,visa,credit
409974,00-99,DOWNRIVER COMMUNITY FEDERAL CREDIT UNION,US,visa,debit
409975,00-99,THE BANCORP BANK NATIONAL ASSOCIATION,US,visa,debit
409976,00-99,MVB BANK INC,US,visa,debit
409977,00-99,FINDOMESTIC BANCA S.P.A.,IT,visa,credit
409978,00-99,NEIMAN MARCUS GROUP EMPLOYEES FEDERAL CREDIT UNION,US,visa,debit
409979,00-99,THE BANCORP BANK NATIONAL ASSOCIATION,US,visa,debit
409980,00-99,BANCO DE CREDITO DEL PERU,PE,visa,credit
409981,00-99,,US,visa,credit
409982,00-99,NUSENDA FEDERAL CREDIT UNION,US,visa,debit
409983,00-99,BANCOLOMBIA S.A.,CO,visa,credit
409984,00-99,BANCOLOMBIA S.A.,CO,visa,credit
409985,00-99,BANCOLOMBIA S.A.,CO,visa,credit
409986,00-99,COLLABRIA FINANCIAL SERVICES INC.,CA,visa,credit
409987,00-99,JPMORGAN CHASE BANK N.A. - DEBIT,US,visa,debit
409988,00-99,MERCER SAVINGS BANK,US,visa,debit
409989,00-99,UNIBANK COMMERCIAL BANK,AZ,visa,debit
409990,00-99,,DE,visa,credit
409991,00-99,FIRST STATE BANK,US,visa,debit
409992,00-99,MCCLAIN BANK,US,visa,debit
409993,00-99,BANK OF ESTES PARK,US,visa,debit
409994,00-99,PIMA FEDERAL CREDIT UNION,US,visa,credit
409995,00-99,FREMONT BANK,US,visa,debit
409996,00-99,EVOLVE BANK & TRUST,US,visa,debit
409997,00-99,WESTFIELD BANK,US,visa,debit
409998,00-99,EMPOWER BLUE CREDIT UNION,US,visa,credit
409999,00-99,,US,visa,debit
