BIN6,Ranges,Issuer,Country,Brand,Type
430000,00-99,INTL HDQTRS-CENTER OWNED,GB,visa,debit
430001,00-99,INTL HDQTRS-CENTER OWNED,GB,visa,credit
430002,00-99,INTL HDQTRS-CENTER OWNED,FR,visa,debit
430003,00-99,Visa,FR,visa,credit
430004,00-99,INTL HDQTRS-CENTER OWNED,SE,visa,debit
430005,00-99,INTL HDQTRS-CENTER OWNED,US,visa,credit
430006,00-99,LATIN AMERICA AND CARIBBEAN REGION,US,visa,credit
430007,00-99,Visa,BS,visa,credit
430008,00-99,Visa,US,visa,credit
430009,00-99,Visa,US,visa,credit
430010,00-99,GRANT COUNTY BANK,US,visa,debit
430011,00-99,SPOKANE TEACHERS CREDIT UNION,US,visa,debit
430012,00-99,U.S. BANK N.A.,US,visa,credit
430013,00-99,WILMINGTON POLICE & FIRE FEDERAL CREDIT UNION,US,visa,debit
430014,00-99,FARMERS-MERCHANTS BANK & TRUST COMPANY,US,visa,debit
430015,00-99,WESTAMERICA BANK,US,visa,credit
430016,00-99,SIERRA CENTRAL CREDIT UNION,US,visa,credit
430017,00-99,Visa,US,visa,credit
430018,00-99,KINECTA FEDERAL CREDIT UNION,US,visa,debit
430019,00-99,DEL NORTE CREDIT UNION,US,visa,credit
430020,00-99,NORTHWEST BANK,US,visa,debit
430021,00-99,Visa,US,visa,credit
430022,00-99,TRUE COMMUNITY CREDIT UNION,US,visa,credit
430023,00-99,WORLD%27S FOREMOST,US,visa,credit
430024,00-99,Visa,US,visa,credit
430025,00-99,Visa,US,visa,credit
430026,00-99,FIRST DAKOTA NATIONAL BANK,US,visa,credit
430027,00-99,ICBA BANCARD INC.,US,visa,credit
430028,00-99,NCBA BANK UGANDA LTD.,UG,visa,credit
430029,00-99,FIRST KANSAS BANK,US,visa,debit
430030,00-99,AXIS BANK LTD.,IN,visa,debit
430031,00-99,GRANITE FEDERAL CREDIT UNION,US,visa,debit
430032,00-99,THE KANSAS STATE BANK,US,visa,debit
430033,00-99,UNION BANK OF INDIA,IN,visa,debit
430034,00-99,ICBA BANCARD INC.,US,visa,debit
430035,00-99,Visa,US,visa,credit
430036,00-99,Visa,US,visa,credit
430037,00-99,,US,visa,credit
430038,00-99,NORTHWEST PLUS CREDIT UNION,US,visa,debit
430039,00-99,WESTERN INDIANA CREDIT UNION,US,visa,debit
430040,00-99,IARS - HONG KONG NODE - VISA TESTING,US,visa,credit
430041,00-99,VALLEY STRONG CREDIT UNION,US,visa,credit
430042,00-99,ENERGY CAPITAL CREDIT UNION,US,visa,debit
430043,00-99,FIRST NATIONAL BANK OF THOMAS,US,visa,credit
430044,00-99,EASTRISE FEDERAL CREDIT UNION,US,visa,debit
430045,00-99,BANK OF HAWAII,US,visa,debit
430046,00-99,COASTAL FEDERAL CREDIT UNION,US,visa,debit
430047,00-99,SOUTHWEST AIRLINES FEDERAL CREDIT UNION,US,visa,debit
430048,00-99,LAS COLINAS FEDERAL CREDIT UNION,US,visa,debit
430049,00-99,UNION BANK OF INDIA,IN,visa,credit
430050,00-99,,US,visa,credit
430051,00-99,,US,visa,credit
430052,00-99,U.S. REGION,US,visa,credit
430053,00-99,ZIONS FIRST NATIONAL BANK,US,visa,credit
430054,00-99,,US,visa,debit
430055,00-99,SPOKANE TEACHERS CREDIT UNION,US,visa,debit
430056,00-99,,US,visa,credit
430057,00-99,LES FEDERAL CREDIT UNION,US,visa,debit
430058,00-99,UNIVERSITY CREDIT UNION,US,visa,debit
430059,00-99,JPMORGAN CHASE BANK N.A.,US,visa,credit
430060,00-99,NW PRIORITY CREDIT UNION,US,visa,debit
430061,00-99,MCCOY FEDERAL CREDIT UNION,US,visa,debit
430062,00-99,YOUR HOMETOWN FEDERAL CREDIT UNION,US,visa,credit
430063,00-99,SF FIRE CREDIT UNION,US,visa,debit
430064,00-99,RIVERMARK COMMUNITY CREDIT UNION,US,visa,debit
430065,00-99,QUALSTAR CREDIT UNION,US,visa,debit
430066,00-99,FIRST ARKANSAS BANK & TRUST,US,visa,credit
430067,00-99,,US,visa,credit
430068,00-99,FIRST INTERSTATE BANK,US,visa,debit
430069,00-99,YOUR CHOICE FEDERAL CREDIT UNION,US,visa,debit
430070,00-99,CITIZENS BANK AND TRUST COMPANY,US,visa,debit
430071,00-99,WELLS FARGO BANK N.A.,US,visa,debit
430072,00-99,WELLESLEY MUNICIPAL EMPLOYEES FEDERAL CREDIT UNION,US,visa,debit
430073,00-99,WV NATIONAL GUARD FEDERAL CREDIT UNION,US,visa,debit
430074,00-99,WELLS FARGO BANK N.A.,US,visa,debit
430075,00-99,FARMERS BANK,US,visa,debit
430076,00-99,SOUTH LOUISIANA BANK HOUMA LOUISIANA,US,visa,debit
430077,00-99,WORCESTER POLICE DEPARTMENT CREDIT UNION,US,visa,debit
430078,00-99,WELLS FARGO BANK N.A.,US,visa,credit
430079,00-99,WELLS FARGO BANK N.A.,US,visa,debit
430080,00-99,VALLEY FINANCIAL CREDIT UNION,US,visa,debit
430081,00-99,PJSC ROSBANK,RU,visa,debit
430082,00-99,OREGON STATE CREDIT UNION,US,visa,credit
430083,00-99,D. L. EVANS BANK,US,visa,debit
430084,00-99,ICBA BANCARD INC.,US,visa,debit
430085,00-99,FIRST INTERSTATE BANK,US,visa,debit
430086,00-99,FIRST INTERSTATE BANK,US,visa,debit
430087,00-99,NOUVOBANQ - SEYCHELLES INTERNATIONAL MERCANTILE BANKING CORPORATION LTD.,SC,visa,debit
430088,00-99,PJSC ROSBANK,RU,visa,debit
430089,00-99,CITIZENS BANK & TRUST COMPANY,US,visa,debit
430090,00-99,FIRST INTERSTATE BANK,US,visa,debit
430091,00-99,CORNERBANK N.A.,US,visa,debit
430092,00-99,STANDARD CHARTERED BANK (SINGAPORE) LTD.,SG,visa,credit
430093,00-99,CITIBANK N.A.,US,visa,credit
430094,00-99,,US,visa,credit
430095,00-99,SUMITOMO MITSUI CARD COMPANY LTD.,JP,visa,credit
430096,00-99,OPEN BANK,US,visa,debit
430097,00-99,BMO HARRIS BANK N.A.,US,visa,credit
430098,00-99,BMO HARRIS BANK N.A.,US,visa,credit
430099,00-99,ADELFI CREDIT UNION,US,visa,credit
430100,00-99,MERRICK BANK,US,visa,credit
430101,00-99,JPMORGAN CHASE & CO.,US,visa,credit
430102,00-99,NEXI PAYMENTS S.P.A.,IT,visa,debit
430103,00-99,HSBC BANK USA N.A.,US,visa,credit
430104,00-99,STERLING BANK PLC,NG,visa,credit
430105,00-99,FAISAL ISLAMIC BANK OF EGYPT,EG,visa,credit
430106,00-99,POPULAR BANK,US,visa,credit
430107,00-99,POPULAR BANK,US,visa,credit
430108,00-99,WASHINGTON STATE EMPLOYEES CREDIT UNION,US,visa,credit
430109,00-99,HOME FEDERAL BANK OF TENNESSEE,US,visa,credit
430110,00-99,,RU,visa,debit
430111,00-99,BANK OF AMERICA NATIONAL ASSOCIATION,US,visa,credit
430112,00-99,OJSC JSCB INTERNATIONAL FINANCIAL CLUB,RU,visa,debit
430113,00-99,OJSC JSCB INTERNATIONAL FINANCIAL CLUB,RU,visa,debit
430114,00-99,OJSC JSCB INTERNATIONAL FINANCIAL CLUB,RU,visa,debit
430115,00-99,JPMORGAN CHASE BANK N.A.,US,visa,debit
430116,00-99,STERLING BANK PLC,NG,visa,debit
430117,00-99,WELLS FARGO BANK N.A.,US,visa,credit
430118,00-99,KEYBANK N.A.,US,visa,credit
430119,00-99,CESKA SPORITELNA A.S.,CZ,visa,debit
430120,00-99,FIRST NATIONAL BANK OF OMAHA,US,visa,credit
430121,00-99,,US,visa,debit
430122,00-99,,RU,visa,debit
430123,00-99,INVESTORS CREDIT UNION INC.,US,visa,credit
430124,00-99,KEYBANK N.A.,US,visa,credit
430125,00-99,MID-HUDSON VALLEY FEDERAL CREDIT UNION,US,visa,credit
430126,00-99,PNC BANK N.A.,US,visa,credit
430127,00-99,FIRST BANK OF NIGERIA GUINEA,GN,visa,debit
430128,00-99,MELLON BANK N.A.,US,visa,credit
430129,00-99,L.A. FINANCIAL FEDERAL CREDIT UNION,US,visa,credit
430130,00-99,BA MERCHANT SERVICES INC.,US,visa,credit
430131,00-99,BA MERCHANT SERVICES INC.,US,visa,credit
430132,00-99,BA MERCHANT SERVICES INC.,US,visa,credit
430133,00-99,BA MERCHANT SERVICES INC.,US,visa,credit
430134,00-99,BA MERCHANT SERVICES INC.,US,visa,credit
430135,00-99,BA MERCHANT SERVICES INC.,US,visa,credit
430136,00-99,BA MERCHANT SERVICES INC.,US,visa,credit
430137,00-99,BA MERCHANT SERVICES INC.,US,visa,credit
430138,00-99,THE GOVERNMENT SAVINGS BANK,TH,visa,credit
430139,00-99,BA MERCHANT SERVICES INC.,US,visa,credit
430140,00-99,HFC LTD.,KE,visa,debit
430141,00-99,UNITED BANK OF PHILADELPHIA,US,visa,credit
430142,00-99,JSCB MADAD INVEST BANK,UZ,visa,debit
430143,00-99,BANK OF AMERICA NATIONAL ASSOCIATION,US,visa,credit
430144,00-99,FREEDOM OF MARYLAND FEDERAL CREDIT UNION,US,visa,credit
430145,00-99,DUBAI ISLAMIC BANK,AE,visa,credit
430146,00-99,,US,visa,credit
430147,00-99,CB AGROPROMCREDIT,RU,visa,debit
430148,00-99,CB AGROPROMCREDIT,RU,visa,debit
430149,00-99,CB AGROPROMCREDIT,RU,visa,debit
430150,00-99,CB AGROPROMCREDIT,RU,visa,debit
430151,00-99,AGOS,IT,visa,credit
430152,00-99,AGOS DUCATO S.P.A.,IT,visa,credit
430153,00-99,ARAB INTERNATIONAL BANK,EG,visa,credit
430154,00-99,JPMORGAN CHASE BANK N.A.,US,visa,credit
430155,00-99,DAHABSHIL BANK INTERNATIONAL,SO,visa,debit
430156,00-99,BANK OF AMERICA - CONSUMER CREDIT,US,visa,credit
430157,00-99,CU COOPERATIVE SYSTEMS LLC,US,visa,credit
430158,00-99,GUANGZHOU RURAL COMMERCIAL BANK CO. LTD.,CN,visa,credit
430159,00-99,UNICREDIT S.P.A.,IT,visa,credit
430160,00-99,NAKHCHIVANBANK OJSC,AZ,visa,credit
430161,00-99,SHARONVIEW FEDERAL CREDIT UNION,US,visa,credit
430162,00-99,COASTAL FEDERAL CREDIT UNION,US,visa,debit
430163,00-99,EASTRISE FEDERAL CREDIT UNION,US,visa,debit
430164,00-99,EDUCATIONAL SYSTEMS FEDERAL CREDIT UNION,US,visa,credit
430165,00-99,ALBANK F.S.B.,US,visa,debit
430166,00-99,EDUCATIONAL SYSTEMS FEDERAL CREDIT UNION,US,visa,credit
430167,00-99,EDUCATIONAL SYSTEMS FEDERAL CREDIT UNION,US,visa,credit
430168,00-99,PATELCO CREDIT UNION,US,visa,credit
430169,00-99,BANCO COOPERATIVO ESPANOL S.A.,ES,visa,credit
430170,00-99,NAKHCHIVANBANK OJSC,AZ,visa,debit
430171,00-99,FIRST PREMIER BANK,US,visa,credit
430172,00-99,M&T BANK,US,visa,credit
430173,00-99,FULTON BANK,US,visa,credit
430174,00-99,ROCK VALLEY FEDERAL CREDIT UNION,US,visa,credit
430175,00-99,CARD SERVICES FOR CREDIT UNIONS,US,visa,credit
430176,00-99,PROCREDIT BANK INC,MK,visa,credit
430177,00-99,MERRICK BANK,US,visa,credit
430178,00-99,BANK OF AMERICA - CONSUMER CREDIT,US,visa,credit
430179,00-99,SAN DIEGO COUNTY CREDIT UNION,US,visa,credit
430180,00-99,PUBLIC JOINT-STOCK COMPANY THE URAL BANK FOR RECONSTRUCTION &,RU,visa,debit
430181,00-99,PUBLIC JOINT-STOCK COMPANY THE URAL BANK FOR RECONSTRUCTION &,RU,visa,debit
430182,00-99,CHASE BANK USA N.A.,US,visa,credit
430183,00-99,PLUS SYSTEM INC.,US,visa,credit
430184,00-99,CREDIT UNION PAYMENT CENTER (LIMITED LIABILITY COMPANY),RU,visa,debit
430185,00-99,U.S. BANK N.A.,US,visa,credit
430186,00-99,U.S. BANK N.A.,US,visa,credit
430187,00-99,CITIBANK N.A.,US,visa,credit
430188,00-99,ICBA BANCARD INC.,US,visa,debit
430189,00-99,JSC VTB BANK (GEORGIA),GE,visa,credit
430190,00-99,JSC VTB BANK (GEORGIA),GE,visa,debit
430191,00-99,JSC VTB BANK (GEORGIA),GE,visa,debit
430192,00-99,FIRST FINANCIAL BANK,US,visa,credit
430193,00-99,CHASE BANK USA N.A.,US,visa,credit
430194,00-99,FIRST FINANCIAL BANK,US,visa,credit
430195,00-99,GE CAPITAL FINANCIAL INC.,US,visa,credit
430196,00-99,NATIONAL COMMERCIAL BANK JAMAICA LTD.,JM,visa,credit
430197,00-99,THE BANK OF CANTON,US,visa,credit
430198,00-99,COMMERCIAL BANK OF QATAR LTD. (Q.S.C.),QA,visa,credit
430199,00-99,BIDVEST BANK LTD.,ZA,visa,debit
430200,00-99,CAPITAL ONE NATIONAL ASSOCIATION,US,visa,credit
430201,00-99,BANCO INVERSIS NET S.A.,ES,visa,credit
430202,00-99,BANCO INVERSIS S.A.,ES,visa,credit
430203,00-99,CARD SERVICES FOR CREDIT UNIONS,US,visa,credit
430204,00-99,BGFIBANK RDC SARL,CD,visa,debit
430205,00-99,BOULDER DAM CREDIT UNION,US,visa,debit
430206,00-99,ROCKLAND EMPLOYEES FEDERAL CREDIT UNION,US,visa,debit
430207,00-99,ABBOTT LABORATORIES EMPLOYEES CREDIT UNION,US,visa,debit
430208,00-99,FARMERS FEDERAL CREDIT UNION,US,visa,debit
430209,00-99,PRESTIGE COMMUNITY CREDIT UNION,US,visa,debit
430210,00-99,CENTRAL SUSQUEHANNA COMMUNITY FEDERAL CREDIT UNION,US,visa,debit
430211,00-99,INDEPENDENT BANK,US,visa,debit
430212,00-99,,EG,visa,debit
430213,00-99,CORNERSTONE COMMUNITY FEDERAL CREDIT UNION,US,visa,debit
430214,00-99,INSIGHT CREDIT UNION,US,visa,debit
430215,00-99,BANCO DE CAJA ESPANA DE INVERSIONES SALAMANCA Y SORIA S.A.,ES,visa,credit
430216,00-99,INTL HDQTRS-CENTER OWNED,NZ,visa,debit
430217,00-99,AU SMALL FINANCE BANK LTD.,IN,visa,debit
430218,00-99,EASTERN MICHIGAN BANK,US,visa,debit
430219,00-99,OTP BANK ROMANIA S.A.,RO,visa,debit
430220,00-99,WELLS FARGO BANK NATIONAL ASSOCIATION,US,visa,credit
430221,00-99,BANKFIRST,US,visa,debit
430222,00-99,METROPOLITAN COMMERCIAL BANK,US,visa,debit
430223,00-99,THE BANCORP BANK NATIONAL ASSOCIATION,US,visa,debit
430224,00-99,VISTA GUI SA,GN,visa,debit
430225,00-99,COLUMBIA BANK,US,visa,debit
430226,00-99,THE HUNTINGTON NATIONAL BANK,US,visa,debit
430227,00-99,ANSTAFF BANK,US,visa,debit
430228,00-99,,US,visa,credit
430229,00-99,,US,visa,credit
430230,00-99,CAPITAL ONE BANK (USA) N.A.,US,visa,credit
430231,00-99,,US,visa,credit
430232,00-99,,US,visa,credit
430233,00-99,,US,visa,credit
430234,00-99,AXIOM BANK,US,visa,debit
430235,00-99,,US,visa,credit
430236,00-99,,US,visa,debit
430237,00-99,DEDHAM TOWN EMPLOYEES FEDERAL CREDIT UNION,US,visa,debit
430238,00-99,EVERWISE CREDIT UNION,US,visa,credit
430239,00-99,ABANCA CORPORACION BANCARIA S.A,PT,visa,credit
430240,00-99,ABANCA CORPORACION BANCARIA S.A,PT,visa,credit
430241,00-99,ABANCA CORPORACION BANCARIA S.A,PT,visa,debit
430242,00-99,,US,visa,credit
430243,00-99,,US,visa,credit
430244,00-99,,US,visa,credit
430245,00-99,ABN AMRO BANK N.V.,NL,visa,credit
430246,00-99,ABN AMRO BANK N.V.,NL,visa,credit
430247,00-99,ABN AMRO BANK N.V.,NL,visa,credit
430248,00-99,ABN AMRO BANK N.V.,NL,visa,credit
430249,00-99,ABN AMRO BANK N.V.,NL,visa,credit
430250,00-99,ABN AMRO BANK N.V.,NL,visa,credit
430251,00-99,,US,visa,credit
430252,00-99,PIRAEUS BANK S.A.,GR,visa,debit
430253,00-99,JSC UKRAINIAN CAPITAL BANK,UA,visa,credit
430254,00-99,JSC UKRAINIAN CAPITAL BANK,UA,visa,credit
430255,00-99,NATIONAL BANK OF FUJAIRAH,AE,visa,debit
430256,00-99,JSC UKRAINIAN CAPITAL BANK,UA,visa,debit
430257,00-99,JSC UKRAINIAN CAPITAL BANK,UA,visa,credit
430258,00-99,THE SAUDI NATIONAL BANK,SA,visa,credit
430259,00-99,THE SAUDI NATIONAL BANK,SA,visa,credit
430260,00-99,THE SAUDI NATIONAL BANK,SA,visa,credit
430261,00-99,BOTSWANA BUILDING SOCIETY,BW,visa,debit
430262,00-99,NATIONAL COMMERCIAL BANK,SA,visa,credit
430263,00-99,WALLESTER AS,EE,visa,debit
430264,00-99,WALLESTER AS,EE,visa,debit
430265,00-99,,US,visa,credit
430266,00-99,TELLER A.S.,NO,visa,debit
430267,00-99,BOC CREDIT CARD (INTERNATIONAL) LTD.,MO,visa,credit
430268,00-99,BANK OF CHINA LTD.,MO,visa,credit
430269,00-99,TOYOTA BANK POLSKA S.A.,PL,visa,debit
430270,00-99,JSB PIVDENNYI,UA,visa,credit
430271,00-99,CITIBANK,CL,visa,debit
430272,00-99,JSC INVESTBANK,GE,visa,debit
430273,00-99,FORTEBANK JSC,KZ,visa,credit
430274,00-99,BANCO DE BOGOTA,CO,visa,credit
430275,00-99,PRIMEBANK,US,visa,credit
430276,00-99,ATABANK COMMERCIAL BANK,AZ,visa,credit
430277,00-99,OTP BANKA SRBIJA A.D. NOVI SAD,RS,visa,debit
430278,00-99,OTP BANKA SRBIJA A.D. NOVI SAD,RS,visa,debit
430279,00-99,LANDESBANK BERLIN,DE,visa,debit
430280,00-99,FIRST ABU DHABI BANK PJSC,KW,visa,credit
430281,00-99,FIRST ABU DHABI BANK PJSC,KW,visa,credit
430282,00-99,EQUITY BANQUE COMMERCIALE DU CONGO SA (EQUITYBCDC),CD,visa,debit
430283,00-99,BANK MILLENNIUM SPOLKA AKCYJNA,PL,visa,debit
430284,00-99,,US,visa,credit
430285,00-99,,US,visa,credit
430286,00-99,ATH COSTA RICA S.A.,CR,visa,credit
430287,00-99,NATIONAL BANK OF FUJAIRAH,AE,visa,debit
430288,00-99,ARUBA BANK N.V.,AW,visa,credit
430289,00-99,INT. BANK FOR SETTLEMENTS OF THE TELECOM. & POSTAL SERVICES SVIAZ-BANK,RU,visa,credit
430290,00-99,CREDIT LIBANAIS S.A.L.,IQ,visa,debit
430291,00-99,PUBLIC JOINT-STOCK COMPANY BANK OTKRITIE FINANCIAL CORPORATION,RU,visa,debit
430292,00-99,JOINT STOCK OIL-INDUSTRIAL INVESTMENT COMMERCIAL BANK,RU,visa,debit
430293,00-99,,AZ,visa,debit
430294,00-99,,US,visa,credit
430295,00-99,AU SMALL FINANCE BANK LTD.,IN,visa,debit
430296,00-99,ACCESSBANK CJSC,AZ,visa,credit
430297,00-99,,US,visa,credit
430298,00-99,,US,visa,credit
430299,00-99,GAZPROMBANK (JOINT STOCK COMPANY),RU,visa,credit
430300,00-99,,AW,visa,credit
430301,00-99,SCOTIABANK & TRUST (CAYMAN) LTD.,KY,visa,debit
430302,00-99,SCOTIABANK & TRUST (CAYMAN) LTD.,KY,visa,debit
430303,00-99,BANCO DE AMERICA CENTRAL S.A.,GT,visa,debit
430304,00-99,SCOTIABANK & TRUST (CAYMAN) LTD.,KY,visa,debit
430305,00-99,SHINHAN CARD CO. LTD.,KR,visa,credit
430306,00-99,TMBTHANACHART BANK PUBLIC COMPANY LTD.,TH,visa,debit
430307,00-99,BANCO SANTANDER S.A.,UY,visa,debit
430308,00-99,RIAS REDBANC S.A.,UY,visa,debit
430309,00-99,,US,visa,credit
430310,00-99,BANK OF NOVA SCOTIA,DO,visa,debit
430311,00-99,FIRST NATIONAL BANK OF NAMIBIA LTD.,NA,visa,credit
430312,00-99,PJSC CB CENTER-INVEST BANK,RU,visa,debit
430313,00-99,PJSC CB CENTER-INVEST BANK,RU,visa,debit
430314,00-99,PJSC CB CENTER-INVEST BANK,RU,visa,debit
430315,00-99,THE BANK OF NOVA SCOTIA,GY,visa,debit
430316,00-99,,BZ,visa,debit
430317,00-99,,RU,visa,debit
430318,00-99,REPUBLIC BANK (ANGUILLA) LTD.,AI,visa,debit
430319,00-99,EASTERN CARIBBEAN AMALGAMATED BANK LTD.,AG,visa,debit
430320,00-99,AU SMALL FINANCE BANK LTD.,IN,visa,debit
430321,00-99,THE BANK OF NOVA SCOTIA JAMAICA LTD.,JM,visa,debit
430322,00-99,BANK OF NOVA SCOTIA,VI,visa,debit
430323,00-99,AO UNICREDIT BANK,RU,visa,credit
430324,00-99,JPMORGAN CHASE BANK N.A.,US,visa,debit
430325,00-99,JPMORGAN CHASE BANK N.A. - PREPAID DEBIT,US,visa,debit
430326,00-99,JPMORGAN CHASE BANK N.A.,US,visa,debit
430327,00-99,SCOTIABANK (BAHAMAS) LTD.,BS,visa,debit
430328,00-99,THE BANK OF NOVA SCOTIA,TC,visa,debit
430329,00-99,BANK OF NOVA SCOTIA,DO,visa,debit
430330,00-99,NATIONAL AUSTRALIA BANK LTD.,AU,visa,credit
430331,00-99,,US,visa,debit
430332,00-99,SCOTIABANK TRINIDAD AND TOBAGO LTD.,TT,visa,debit
430333,00-99,PJSC UNICREDIT BANK,UA,visa,debit
430334,00-99,UNICREDIT BANK LLC,UA,visa,debit
430335,00-99,CONTECNICA S.A.,GT,visa,credit
430336,00-99,CONTECNICA S.A.,GT,visa,credit
430337,00-99,SOCIETE GENERALE DE BANQUES AU BURKINA (SGBB),BF,visa,debit
430338,00-99,CREDIT AGRICOLE DU MAROC SA,MA,visa,debit
430339,00-99,UKRAINIAN CREDIT BANK,UA,visa,credit
430340,00-99,FIRSTRAND BANK LTD.,ZA,visa,credit
430341,00-99,FIRSTRAND BANK LTD.,ZA,visa,credit
430342,00-99,FIRSTRAND BANK LTD.,ZA,visa,credit
430343,00-99,FIRSTRAND BANK LTD.,ZA,visa,credit
430344,00-99,RAIFFEISEN DIGITAL BANK AG,AT,visa,debit
430345,00-99,RAIFFEISEN BANK INTERNATIONAL AG,AT,visa,credit
430346,00-99,RBS (RD EUROPE) GMBH,AT,visa,credit
430347,00-99,RBS (RD EUROPE) GMBH,AT,visa,credit
430348,00-99,BANCO DAVIVIENDA HONDURAS S.A.,HN,visa,credit
430349,00-99,BANCO DAVIVIENDA HONDURAS S.A.,HN,visa,credit
430350,00-99,BANCO DAVIVIENDA HONDURAS S.A.,HN,visa,credit
430351,00-99,GENISYS CREDIT UNION,US,visa,credit
430352,00-99,FNB COMMUNITY BANK,US,visa,debit
430353,00-99,FNB COMMUNITY BANK,US,visa,debit
430354,00-99,SKYLA FEDERAL CREDIT UNION,US,visa,credit
430355,00-99,CHARLOTTE METRO FEDERAL CREDIT UNION,US,visa,debit
430356,00-99,ARVEST BANK,US,visa,debit
430357,00-99,BANCO MODAL SA,BR,visa,debit
430358,00-99,FORTUNA-BANK LLC,UA,visa,credit
430359,00-99,ITAU UNIBANCO HOLDING S.A.,BR,visa,credit
430360,00-99,HUB PAGAMENTOS S.A. **OFFBOARDING**,BR,visa,debit
430361,00-99,PJSC UNICREDIT BANK,UA,visa,debit
430362,00-99,ITAU UNIBANCO HOLDING S.A.,BR,visa,credit
430363,00-99,DOCK INSTITUICAO DE PAGAMENTO S.A.,BR,visa,debit
430364,00-99,WISE BRASIL PAGAMENTOS LTDA.,BR,visa,debit
430365,00-99,EFI S.A. - INSTITUICAO DE PAGAMENTO,BR,visa,debit
430366,00-99,BANCO ITAU CORPBANCA COLOMBIA S.A.,CO,visa,credit
430367,00-99,ARVEST BANK,US,visa,debit
430368,00-99,LGE COMMUNITY CREDIT UNION,US,visa,debit
430369,00-99,ATLANTIC UNION BANK,US,visa,debit
430370,00-99,SKYLA FEDERAL CREDIT UNION,US,visa,credit
430371,00-99,THE BANCORP BANK NATIONAL ASSOCIATION,US,visa,debit
430372,00-99,SANTANDER CONSUMER BANK AS,NO,visa,credit
430373,00-99,,RU,visa,debit
430374,00-99,,RU,visa,debit
430375,00-99,,RU,visa,debit
430376,00-99,,RU,visa,credit
430377,00-99,CJSC COMMERCIAL BANK RUBLEV,RU,visa,credit
430378,00-99,CJSC COMMERCIAL BANK RUBLEV,RU,visa,debit
430379,00-99,CJSC COMMERCIAL BANK RUBLEV,RU,visa,debit
430380,00-99,BANK OF NOVA SCOTIA,VG,visa,debit
430381,00-99,SCOTIABANK (BAHAMAS) LTD.,BS,visa,debit
430382,00-99,THE BANK OF NOVA SCOTIA,TC,visa,debit
430383,00-99,BANK OF NOVA SCOTIA,SX,visa,debit
430384,00-99,BANK OF NOVA SCOTIA,DM,visa,debit
430385,00-99,BANK OF NOVA SCOTIA,GD,visa,debit
430386,00-99,BANK OF NOVA SCOTIA,KN,visa,debit
430387,00-99,BANK OF NOVA SCOTIA,LC,visa,debit
430388,00-99,BANK OF NOVA SCOTIA,VC,visa,debit
430389,00-99,VIETNAM MARITIME COMMERCIAL STOCK BANK,VN,visa,credit
430390,00-99,THE BANK OF NOVA SCOTIA JAMAICA LTD.,JM,visa,debit
430391,00-99,OAO VUZ BANK,RU,visa,debit
430392,00-99,,US,visa,credit
430393,00-99,,US,visa,credit
430394,00-99,,US,visa,credit
430395,00-99,SCOTIABANK TRINIDAD AND TOBAGO LTD.,TT,visa,debit
430396,00-99,,NI,visa,credit
430397,00-99,HSBC BANK MIDDLE EAST,AE,visa,debit
430398,00-99,HSBC BANK MIDDLE EAST,AE,visa,debit
430399,00-99,STANDARD CHARTERED BANK UGANDA LTD.,UG,visa,debit
430400,00-99,DIGITAL COMMERCE BANK,CA,visa,debit
430401,00-99,SACRAMENTO CREDIT UNION,US,visa,debit
430402,00-99,MAUI COUNTY FEDERAL CREDIT UNION,US,visa,debit
430403,00-99,CREDIT UNION OF RICHMOND INCORPORATED,US,visa,debit
430404,00-99,EBSCO FEDERAL CREDIT UNION,US,visa,debit
430405,00-99,HOCKLEY COUNTY CREDIT UNION,US,visa,debit
430406,00-99,TEXAS STAR BANK S.S.B.,US,visa,credit
430407,00-99,TEXAS STAR BANK S.S.B.,US,visa,credit
430408,00-99,INDUSTRIAL FEDERAL CREDIT UNION,US,visa,credit
430409,00-99,AFFINITY FEDERAL CREDIT UNION,US,visa,debit
430410,00-99,STARK BANK S.A. INSTITUICAO DE PAGAMENTO,BR,visa,credit
430411,00-99,,BR,visa,credit
430412,00-99,MIDFLORIDA CREDIT UNION,US,visa,debit
430413,00-99,BARCLAYS BANK PLC (ITALY),IT,visa,credit
430414,00-99,,US,visa,credit
430415,00-99,,BR,visa,credit
430416,00-99,,US,visa,credit
430417,00-99,BANCO CUSCATLAN DE EL SALVADOR S.A.,SV,visa,credit
430418,00-99,,US,visa,debit
430419,00-99,UNITED COMMUNITY CREDIT UNION,US,visa,debit
430420,00-99,BANCO DO BRASIL S.A.,BR,visa,credit
430421,00-99,AU SMALL FINANCE BANK LTD.,IN,visa,debit
430422,00-99,BANCO DO BRASIL S.A.,BR,visa,credit
430423,00-99,,BR,visa,credit
430424,00-99,BANCO ITAUCARD S.A.,BR,visa,debit
430425,00-99,BANCO HIPOTECARIO DE EL SALVADOR S.A.,SV,visa,debit
430426,00-99,DOCK INSTITUICAO DE PAGAMENTO S.A.,BR,visa,debit
430427,00-99,PT. BANK RAKYAT INDONESIA (PERSERO) TBK,ID,visa,credit
430428,00-99,,US,visa,credit
430429,00-99,,US,visa,credit
430430,00-99,JSC JSCB ALEF-BANK,RU,visa,debit
430431,00-99,JSC JSCB ALEF-BANK,RU,visa,debit
430432,00-99,U.S. BANK N.A.,US,visa,credit
430433,00-99,SAN JU SAN CARD LTD.,JP,visa,credit
430434,00-99,BANK GOSPODARSTWA KRAJOWEGO,PL,visa,debit
430435,00-99,BANK GABORONE LTD.,BW,visa,debit
430436,00-99,BANK GOSPODARSTWA KRAJOWEGO,PL,visa,credit
430437,00-99,COOP BANK AB,SE,visa,debit
430438,00-99,COOP BANK AB,SE,visa,debit
430439,00-99,URAL BANK FOR RECONSTRUCTION AND DEVELOPMENT JSC,RU,visa,credit
430440,00-99,BANCO DE DESARROLLO RURAL S.A. BANRURAL,GT,visa,credit
430441,00-99,BANCO DE DESARROLLO RURAL S.A. BANRURAL,GT,visa,credit
430442,00-99,BANCO DE DESARROLLO RURAL S.A. BANRURAL,GT,visa,credit
430443,00-99,UNITED OVERSEAS BANK (MALAYSIA) BHD,MY,visa,credit
430444,00-99,REPUBLIC BANK LTD.,TT,visa,debit
430445,00-99,KRUNGTHAI CARD PUBLIC COMPANY LTD.,TH,visa,credit
430446,00-99,AFRICAN BANKING CORPORATION (MOCAMBIQUE) SARL,MZ,visa,debit
430447,00-99,BANCO CITIBANK (PANAMA) S.A.,PA,visa,credit
430448,00-99,BANCO CITIBANK (PANAMA) S.A.,PA,visa,credit
430449,00-99,BANCO CITIBANK (PANAMA) S.A.,PA,visa,credit
430450,00-99,INDIAN BANK,IN,visa,credit
430451,00-99,CTBC BANK CO. LTD.,TW,visa,credit
430452,00-99,AFRICAN BANKING CORPORATION (MOCAMBIQUE) SARL,MZ,visa,debit
430453,00-99,BANCO ATLANTIDA S.A.,HN,visa,credit
430454,00-99,,US,visa,credit
430455,00-99,WELLS FARGO BANK NATIONAL ASSOCIATION,US,visa,debit
430456,00-99,TOWERBANK INTERNATIONAL INC.,PA,visa,credit
430457,00-99,COMMUNITY FIRST GUAM FEDERAL CREDIT UNION,GU,visa,credit
430458,00-99,COMMUNITY FIRST GUAM FEDERAL CREDIT UNION,GU,visa,credit
430459,00-99,AFRICAN BANKING CORPORATION (MOCAMBIQUE) SARL,MZ,visa,debit
430460,00-99,BANCO SANTANDER PUERTO RICO,PR,visa,debit
430461,00-99,BANCO FINANCIERA COMERCIAL HONDURE A S.A.,HN,visa,debit
430462,00-99,AU SMALL FINANCE BANK LTD.,IN,visa,debit
430463,00-99,AXIS BANK LTD.,IN,visa,credit
430464,00-99,BANCO DAVIVIENDA S.A.,CO,visa,debit
430465,00-99,THE BANK OF MISSOURI,US,visa,credit
430466,00-99,WELLS FARGO BANK NATIONAL ASSOCIATION,US,visa,debit
430467,00-99,SUMITOMO MITSUI CARD COMPANY LTD.,JP,visa,credit
430468,00-99,CHANG HWA COMMERCIAL BANK LTD.,TW,visa,credit
430469,00-99,,IN,visa,debit
430470,00-99,BANCO DIGIO S.A.,BR,visa,credit
430471,00-99,,BR,visa,credit
430472,00-99,BANCO DO BRASIL S.A.,BR,visa,debit
430473,00-99,BIZ INSTITUICAO DE PAGAMENTO LTDA,BR,visa,debit
430474,00-99,EVA BENEFICIOS S.A.,BR,visa,debit
430475,00-99,BANCO DO BRASIL S.A.,BR,visa,debit
430476,00-99,PRISMA MEDIOS DE PAGO S.A.U.,AR,visa,debit
430477,00-99,BANCO SANTANDER S.A.,BR,visa,debit
430478,00-99,,US,visa,credit
430479,00-99,EAGLE LOUISIANA FEDERAL CREDIT UNION,US,visa,debit
430480,00-99,E*TRADE BANK,US,visa,debit
430481,00-99,E*TRADE BANK,US,visa,debit
430482,00-99,CITIGROUP PTY LTD.,AU,visa,debit
430483,00-99,NUSENDA FEDERAL CREDIT UNION,US,visa,credit
430484,00-99,DBS BANK (HONG KONG) LTD.,CN,visa,credit
430485,00-99,BANCO DE OCCIDENTE S.A.,CO,visa,credit
430486,00-99,SUNDANCE STATE BANK,US,visa,debit
430487,00-99,OCBC BANK (MACAU) LTD.,MO,visa,credit
430488,00-99,EAGLE LOUISIANA FEDERAL CREDIT UNION,US,visa,credit
430489,00-99,LEGEND BANK N.A.,US,visa,debit
430490,00-99,MOUNTAIN AMERICA FEDERAL CREDIT UNION,US,visa,credit
430491,00-99,KINETIC CREDIT UNION,US,visa,credit
430492,00-99,BELLCO CREDIT UNION,US,visa,credit
430493,00-99,BANCO UNION S.A.,BO,visa,debit
430494,00-99,BANCO UNION S.A.,BO,visa,debit
430495,00-99,BANCO HIPOTECARIO S.A.,AR,visa,credit
430496,00-99,BANCO HIPOTECARIO,AR,visa,credit
430497,00-99,HIPOTECARIO,AR,visa,credit
430498,00-99,BANCO HIPOTECARIO DE EL SALVADOR S.A.,SV,visa,credit
430499,00-99,NATIONAL FEDERATION OF FISHERIES COOPERATIVES,KR,visa,debit
430500,00-99,NOTRE DAME FEDERAL CREDIT UNION,US,visa,credit
430501,00-99,ECOBANK COTE D'IVOIRE,CI,visa,debit
430502,00-99,,GR,visa,credit
430503,00-99,BANCO BILBAO VIZCAYA ARGENTARIA S.A. (BBVA),ES,visa,credit
430504,00-99,BANCO BILBAO VIZCAYA ARGENTARIA S.A. (BBVA),ES,visa,credit
430505,00-99,UNITED BANK,US,visa,credit
430506,00-99,BANGE BANK CAMEROUN,CM,visa,debit
430507,00-99,WELLS FARGO BANK NATIONAL ASSOCIATION,US,visa,debit
430508,00-99,LESCO FEDERAL CREDIT UNION,US,visa,debit
430509,00-99,BNDE,SN,visa,debit
430510,00-99,INTESA SANPAOLO S.P.A.,IT,visa,credit
430511,00-99,PRABHU BANK LTD.,NP,visa,credit
430512,00-99,CAPITALBANK,US,visa,debit
430513,00-99,CORIS BANK INTERNATIONAL (CBI) MALI,ML,visa,debit
430514,00-99,DEUTSCHE BANK AG,DE,visa,credit
430515,00-99,UNITED BUSINESS AND INDUSTRIAL FEDERAL CREDIT UNION,US,visa,credit
430516,00-99,FLEETWOOD BANK,US,visa,debit
430517,00-99,E*TRADE BANK,US,visa,debit
430518,00-99,ACTORS FEDERAL CREDIT UNION,US,visa,credit
430519,00-99,PRABHU BANK LTD.,NP,visa,credit
430520,00-99,CAJA LABORAL POPULAR COOP. DE CREDITO,ES,visa,debit
430521,00-99,CAPITAL ONE BANK (USA) N.A.,US,visa,credit
430522,00-99,TD BANK N.A.,US,visa,credit
430523,00-99,CAPITAL ONE BANK (USA) N.A.,US,visa,credit
430524,00-99,GREENWOOD CREDIT UNION,US,visa,debit
430525,00-99,GREENWOOD CREDIT UNION,US,visa,credit
430526,00-99,,US,visa,credit
430527,00-99,MBANK S.A.,PL,visa,debit
430528,00-99,EFG EUROBANK ERGASIAS S.A.,GR,visa,credit
430529,00-99,BANCO DE CREDITO COOPERATIVO (GRUPO CAJAMAR),ES,visa,credit
430530,00-99,BANCO DE CREDITO COOPERATIVO (GRUPO CAJAMAR),ES,visa,debit
430531,00-99,CITIBANK NATIONAL ASSOCIATION - CONSUMER,US,visa,credit
430532,00-99,BARCLAYS BANK PLC,GB,visa,debit
430533,00-99,,US,visa,credit
430534,00-99,RTP FEDERAL CREDIT UNION,US,visa,debit
430535,00-99,BANRISUL,BR,visa,credit
430536,00-99,BANK OF AMERICA NATIONAL ASSOCIATION,US,visa,debit
430537,00-99,TRUIST BANK,US,visa,debit
430538,00-99,PEOPLE'S UNITED BANK,US,visa,debit
430539,00-99,TD BANK N.A.,US,visa,credit
430540,00-99,TD BANK N.A.,US,visa,debit
430541,00-99,ECOBANK GHANA LTD.,GH,visa,debit
430542,00-99,MBANK S.A.,PL,visa,debit
430543,00-99,PRABHU BANK LTD.,NP,visa,debit
430544,00-99,BANK OF AMERICA - CONSUMER CREDIT,US,visa,credit
430545,00-99,ECOBANK GHANA LTD.,GH,visa,debit
430546,00-99,BANK OF AMERICA - CONSUMER CREDIT,US,visa,credit
430547,00-99,FIRST BANK RICHMOND,US,visa,debit
430548,00-99,INVEST BANK PLC,JO,visa,credit
430549,00-99,BANK OF AMERICA - CONSUMER CREDIT,US,visa,credit
430550,00-99,BANK OF AMERICA - CONSUMER CREDIT,US,visa,credit
430551,00-99,LINN AREA CREDIT UNION,US,visa,debit
430552,00-99,THE SUMMIT FEDERAL CREDIT UNION,US,visa,debit
430553,00-99,INVEST BANK PLC,JO,visa,credit
430554,00-99,FIRST NATIONAL BANK OF PENNSYLVANIA,US,visa,debit
430555,00-99,FIRST NATIONAL BANK OF PENNSYLVANIA,US,visa,debit
430556,00-99,OCEANFIRST BANK N.A.,US,visa,debit
430557,00-99,FULTON BANK,US,visa,debit
430558,00-99,RIVERVIEW COMMUNITY BANK,US,visa,debit
430559,00-99,G.A.P. FEDERAL CREDIT UNION,US,visa,debit
430560,00-99,CAMPBELL FEDERAL CREDIT UNION,US,visa,debit
430561,00-99,FIRST NATIONAL BANK OF PENNSYLVANIA,US,visa,debit
430562,00-99,COASTAL CREDIT UNION,US,visa,debit
430563,00-99,INVESTEC BANK (UK) LTD.,GB,visa,debit
430564,00-99,FIRST IRAQI ISLAMIC BANK FOR INVESTMENT AND FINANCE,IQ,visa,debit
430565,00-99,MONEY EXCHANGE,ES,visa,debit
430566,00-99,THE ROYAL BANK OF SCOTLAND PLC,GB,visa,credit
430567,00-99,BARCLAYS BANK UK PLC T/AS TESCO BANK,GB,visa,credit
430568,00-99,THE ROYAL BANK OF SCOTLAND PLC,GB,visa,credit
430569,00-99,PENNSYLVANIA CENTRAL FEDERAL CREDIT UNION,US,visa,debit
430570,00-99,HDFC BANK LTD.,IN,visa,credit
430571,00-99,DZ BANK AG,DE,visa,credit
430572,00-99,CAPITAL ONE NATIONAL ASSOCIATION,US,visa,credit
430573,00-99,THE PENNSVILLE NATIONAL BANK,US,visa,debit
430574,00-99,RIVERSIDE SAVINGS BANK SSB,US,visa,debit
430575,00-99,JIANGXI BANK CO. LTD.,CN,visa,credit
430576,00-99,MONEY EXCHANGE,ES,visa,credit
430577,00-99,,US,visa,credit
430578,00-99,BANCO COOPERATIVO ESPANOL S.A.,ES,visa,credit
430579,00-99,TRIODOS BANK N.V.,ES,visa,debit
430580,00-99,ABSA BANK BOTSWANA LTD.,BW,visa,debit
430581,00-99,BANCO COOPERATIVO ESPANOL S.A.,ES,visa,debit
430582,00-99,NLB BANKA A.D. BANJA LUKA,BA,visa,debit
430583,00-99,BANCO COOPERATIVO ESPANOL S.A.,ES,visa,debit
430584,00-99,BANCO COOPERATIVO ESPANOL S.A.,ES,visa,credit
430585,00-99,ORIENT CORPORATION,JP,visa,debit
430586,00-99,PENNSYLVANIA STATE EMPLOYEES CREDIT UNION,US,visa,debit
430587,00-99,JPMORGAN CHASE BANK N.A.,US,visa,credit
430588,00-99,PIRAEUS BANK S.A.,GR,visa,credit
430589,00-99,PIRAEUS BANK S.A.,GR,visa,debit
430590,00-99,CTBC BANK USA,US,visa,credit
430591,00-99,CTBC BANK USA,US,visa,credit
430592,00-99,CTBC BANK USA,US,visa,credit
430593,00-99,CTBC BANK USA,US,visa,credit
430594,00-99,BANK OF AMERICA NATIONAL ASSOCIATION,US,visa,debit
430595,00-99,,US,visa,credit
430596,00-99,CITIBANK,IT,visa,credit
430597,00-99,CITIBANK,IT,visa,credit
430598,00-99,SYNCHRONY BANK,US,visa,credit
430599,00-99,HSBC BANK MIDDLE EAST,QA,visa,credit
430600,00-99,MINNESOTA BUILDING TRADES FEDERAL CREDIT UNION,US,visa,debit
430601,00-99,AMERICAN ELECTRONICS ASSOCIATION CREDIT UNION,US,visa,credit
430602,00-99,ALLSOUTH FEDERAL CREDIT UNION,US,visa,debit
430603,00-99,BC CARD,KR,visa,debit
430604,00-99,MUNICIPAL EMPLOYEES CREDIT UNION OF BALTIMORE INC.,US,visa,debit
430605,00-99,AFFINITY PLUS FEDERAL CREDIT UNION,US,visa,debit
430606,00-99,TRUE NORTH FEDERAL CREDIT UNION,US,visa,debit
430607,00-99,SCHOOLSFIRST FEDERAL CREDIT UNION,US,visa,credit
430608,00-99,TEN CREDIT UNION,US,visa,credit
430609,00-99,LOS ANGELES FEDERAL CREDIT UNION,US,visa,credit
430610,00-99,LOS ANGELES FEDERAL CREDIT UNION,US,visa,credit
430611,00-99,SPC CREDIT UNION,US,visa,credit
430612,00-99,CAROLINA TRUST FEDERAL CREDIT UNION,US,visa,debit
430613,00-99,ARLINGTON COMMUNITY FEDERAL CREDIT UNION,US,visa,debit
430614,00-99,MIDDLE TENNESSEE FEDERAL CREDIT UNION,US,visa,debit
430615,00-99,ASSOCIATED HEALTHCARE CREDIT UNION,US,visa,debit
430616,00-99,PSCU INCORPORATED,US,visa,credit
430617,00-99,SPIRE CREDIT UNION,US,visa,credit
430618,00-99,FINGER LAKES FEDERAL CREDIT UNION,US,visa,credit
430619,00-99,UNIVERSITY OF HAWAII FEDERAL CREDIT UNION,US,visa,credit
430620,00-99,FOCUS CREDIT UNION,US,visa,debit
430621,00-99,COMMUNITYAMERICA CREDIT UNION,US,visa,debit
430622,00-99,KIRTLAND FEDERAL CREDIT UNION,US,visa,debit
430623,00-99,QUORUM FEDERAL CREDIT UNION,US,visa,debit
430624,00-99,PSCU INCORPORATED,US,visa,credit
430625,00-99,SPERO FINANCIAL FEDERAL CREDIT UNION,US,visa,credit
430626,00-99,STRATA CREDIT UNION,US,visa,credit
430627,00-99,COMMONWEALTH ONE FEDERAL CREDIT UNION,US,visa,debit
430628,00-99,PROVIDENT CREDIT UNION,US,visa,debit
430629,00-99,FRANKLIN MINT FEDERAL CREDIT UNION,US,visa,debit
430630,00-99,SECURITYPLUS FEDERAL CREDIT UNION,US,visa,credit
430631,00-99,VIRGINIA CREDIT UNION,US,visa,debit
430632,00-99,CREDIMAX B.S.C. (CLOSED),BH,visa,debit
430633,00-99,TNCONNECT CREDIT UNION,US,visa,credit
430634,00-99,,US,visa,credit
430635,00-99,,US,visa,credit
430636,00-99,,US,visa,credit
430637,00-99,COASTAL1 CREDIT UNION,US,visa,debit
430638,00-99,POWER FEDERAL CREDIT UNION,US,visa,debit
430639,00-99,PHILADELPHIA FEDERAL CREDIT UNION,US,visa,credit
430640,00-99,NORTH JERSEY FEDERAL CREDIT UNION,US,visa,credit
430641,00-99,SPACE COAST CREDIT UNION,US,visa,credit
430642,00-99,DFCU FINANCIAL,US,visa,credit
430643,00-99,GAZPROMBANK (JOINT STOCK COMPANY),RU,visa,debit
430644,00-99,PSCU INCORPORATED,US,visa,debit
430645,00-99,CHAMPIONS FIRST CREDIT UNION,US,visa,credit
430646,00-99,ASIA COMMERCIAL BANK,VN,visa,debit
430647,00-99,JOVIA FINANCIAL FEDERAL CREDIT UNION,US,visa,credit
430648,00-99,JOVIA FINANCIAL FEDERAL CREDIT UNION,US,visa,credit
430649,00-99,LIANLIAN INTERNATIONAL COMPANY LTD.,HK,visa,credit
430650,00-99,CANNON FEDERAL CREDIT UNION,US,visa,credit
430651,00-99,TRAX FEDERAL CREDIT UNION,US,visa,debit
430652,00-99,USF FEDERAL CREDIT UNION,US,visa,debit
430653,00-99,JSC STATE SAVINGS BANK OF UKRAINE (JSC OSCHADBANK),UA,visa,debit
430654,00-99,VISIONS FEDERAL CREDIT UNION,US,visa,credit
430655,00-99,POWER FINANCIAL CREDIT UNION,US,visa,debit
430656,00-99,MERCK SHARP & DOHME FEDERAL CREDIT UNION,US,visa,debit
430657,00-99,BANK FUND STAFF FEDERAL CREDIT UNION,US,visa,credit
430658,00-99,MERIDIAN TRUST FEDERAL CREDIT UNION,US,visa,credit
430659,00-99,FIREFIGHTERS COMMUNITY CREDIT UNION,US,visa,credit
430660,00-99,FIRSTLIGHT FEDERAL CREDIT UNION,US,visa,credit
430661,00-99,FIRSTLIGHT FEDERAL CREDIT UNION,US,visa,credit
430662,00-99,FIRST ENTERTAINMENT CREDIT UNION,US,visa,credit
430663,00-99,FIRST NATIONAL BANK OF OMAHA,US,visa,credit
430664,00-99,FIRST NATIONAL BANK OF OMAHA,US,visa,credit
430665,00-99,WESCOM CENTRAL CREDIT UNION,US,visa,debit
430666,00-99,GTE FEDERAL CREDIT UNION,US,visa,credit
430667,00-99,EAST COUNTY SCHOOLS FEDERAL CREDIT UNION,US,visa,debit
430668,00-99,WESCOM CREDIT UNION,US,visa,debit
430669,00-99,PARTNERS FINANCIAL FEDERAL CREDIT UNION,US,visa,debit
430670,00-99,U.S. BANK N.A.,US,visa,credit
430671,00-99,HONOR CREDIT UNION,US,visa,credit
430672,00-99,HONOR CREDIT UNION,US,visa,credit
430673,00-99,CONNEX CREDIT UNION INC.,US,visa,debit
430674,00-99,SUMMIT CREDIT UNION,US,visa,credit
430675,00-99,REDWOOD CREDIT UNION,US,visa,credit
430676,00-99,SONY BANK INCORPORATED,JP,visa,debit
430677,00-99,BELLWOOD FEDERAL CREDIT UNION,US,visa,credit
430678,00-99,RELIANT COMMUNITY FEDERAL CREDIT UNION,US,visa,debit
430679,00-99,PENTAGON FEDERAL CREDIT UNION,US,visa,credit
430680,00-99,SUNCOAST CREDIT UNION,US,visa,credit
430681,00-99,UKRAINIAN FEDERAL CREDIT UNION,US,visa,debit
430682,00-99,ATLANTA POSTAL CREDIT UNION,US,visa,debit
430683,00-99,,AO,visa,credit
430684,00-99,NORDSTROM FEDERAL CREDIT UNION,US,visa,debit
430685,00-99,ATLANTA POSTAL CREDIT UNION,US,visa,credit
430686,00-99,TULARE COUNTY FEDERAL CREDIT UNION,US,visa,credit
430687,00-99,TULARE COUNTY FEDERAL CREDIT UNION,US,visa,debit
430688,00-99,COMMUNITY FIRST CREDIT UNION,US,visa,credit
430689,00-99,MICHIGAN FIRST CREDIT UNION,US,visa,credit
430690,00-99,VERITY CREDIT UNION,US,visa,credit
430691,00-99,COMMUNITY FIRST CREDIT UNION,US,visa,credit
430692,00-99,THINK MUTUAL BANK,US,visa,credit
430693,00-99,DECATUR EARTHMOVER CREDIT UNION,US,visa,credit
430694,00-99,SUMMIT CREDIT UNION,US,visa,credit
430695,00-99,,AO,visa,credit
430696,00-99,GESA CREDIT UNION,US,visa,credit
430697,00-99,LAKE MICHIGAN CREDIT UNION,US,visa,credit
430698,00-99,CONNEXUS CREDIT UNION,US,visa,credit
430699,00-99,PROVIDENT CREDIT UNION,US,visa,credit
430700,00-99,UMPQUA BANK,US,visa,debit
430701,00-99,SUMA FEDERAL CREDIT UNION,US,visa,debit
430702,00-99,BANK FUND STAFF FEDERAL CREDIT UNION,US,visa,credit
430703,00-99,KINETIC CREDIT UNION,US,visa,debit
430704,00-99,COLUMBIA BANK,US,visa,debit
430705,00-99,SWEDBANK AB,SE,visa,credit
430706,00-99,SWEDBANK AB,SE,visa,debit
430707,00-99,,US,visa,debit
430708,00-99,OJSC JSB ROSSIYA,RU,visa,debit
430709,00-99,OJSC JSB ROSSIYA,RU,visa,debit
430710,00-99,THE KARNES COUNTY NATIONAL BANK OF KARNES CITY,US,visa,debit
430711,00-99,SHOREHAM BANK,US,visa,debit
430712,00-99,WELLS FARGO BANK N.A.,US,visa,debit
430713,00-99,ICBA BANCARD INC.,US,visa,debit
430714,00-99,COCONINO FEDERAL CREDIT UNION,US,visa,debit
430715,00-99,NEPAL INVESTMENT MEGA BANK LTD.,NP,visa,debit
430716,00-99,COMMONWEALTH BUSINESS BANK,US,visa,debit
430717,00-99,WELLS FARGO BANK N.A.,US,visa,debit
430718,00-99,WELLS FARGO BANK N.A.,US,visa,debit
430719,00-99,NEPAL INVESTMENT MEGA BANK LTD.,NP,visa,debit
430720,00-99,FARMERS AND MERCHANTS BANK,US,visa,debit
430721,00-99,BELMONT SAVINGS BANK SSB,US,visa,debit
430722,00-99,TD BANK NATIONAL ASSOCIATION,US,visa,debit
430723,00-99,WELLS FARGO BANK N.A.,US,visa,debit
430724,00-99,,NP,visa,credit
430725,00-99,PINE BELT FEDERAL CREDIT UNION,US,visa,debit
430726,00-99,WELLS FARGO BANK N.A.,US,visa,debit
430727,00-99,FIRST FEDERAL SAVINGS BANK OF WASHINGTON,US,visa,debit
430728,00-99,NEPAL INVESTMENT MEGA BANK LTD.,NP,visa,credit
430729,00-99,HOYNE SAVINGS BANK,US,visa,debit
430730,00-99,METABANK,US,visa,debit
430731,00-99,PATHWARD N.A.,US,visa,debit
430732,00-99,BEACH MUNICIPAL FEDERAL CREDIT UNION,US,visa,credit
430733,00-99,YOUNG AMERICANS BANK,US,visa,credit
430734,00-99,,US,visa,credit
430735,00-99,,GB,visa,credit
430736,00-99,WELLS FARGO BANK NATIONAL ASSOCIATION,US,visa,credit
430737,00-99,FAYETTE COUNTY SCHOOL EMPLOYEES CREDIT UNION,US,visa,debit
430738,00-99,WELLS FARGO BANK N.A.,US,visa,debit
430739,00-99,,US,visa,credit
430740,00-99,,CA,visa,credit
430741,00-99,WELLS FARGO BANK NATIONAL ASSOCIATION,US,visa,debit
430742,00-99,QATAR ISLAMIC BANK (S.A.Q.),QA,visa,debit
430743,00-99,VERUS BANK OF COMMERCE,US,visa,debit
430744,00-99,BYLINE BANK,US,visa,debit
430745,00-99,TRUIST BANK,US,visa,debit
430746,00-99,TRIANGLE CREDIT UNION,US,visa,debit
430747,00-99,QATAR ISLAMIC BANK (S.A.Q.),QA,visa,debit
430748,00-99,VERUS BANK OF COMMERCE,US,visa,debit
430749,00-99,MERCANTIL COMMERCEBANK N.A.,US,visa,credit
430750,00-99,MERCANTIL COMMERCEBANK N.A.,US,visa,debit
430751,00-99,UMB BANK N.A.,US,visa,debit
430752,00-99,PROVIDENT SAVINGS BANK F.S.B.,US,visa,debit
430753,00-99,BP FEDERAL CREDIT UNION,US,visa,debit
430754,00-99,FIRST BASIN CREDIT UNION,US,visa,debit
430755,00-99,WALLIS BANK,US,visa,debit
430756,00-99,ICBA BANCARD INC.,US,visa,debit
430757,00-99,TRINITY BANK N.A.,US,visa,debit
430758,00-99,RELYANCE BANK,US,visa,debit
430759,00-99,BRIDGE BANK GROUP COTE D'IVOIRE (BBG-CI),CI,visa,debit
430760,00-99,MERCHANTS & FARMERS BANK,US,visa,debit
430761,00-99,FIRST INTERSTATE BANK,US,visa,debit
430762,00-99,BANK OF AMERICA NATIONAL ASSOCIATION,US,visa,debit
430763,00-99,WELLS FARGO BANK N.A.,US,visa,debit
430764,00-99,WELLS FARGO BANK N.A.,US,visa,debit
430765,00-99,WELLS FARGO BANK N.A.,US,visa,debit
430766,00-99,,US,visa,credit
430767,00-99,PNC FINANCIAL SERVICES GROUP INC.,US,visa,debit
430768,00-99,RIVER FALLS STATE BANK,US,visa,debit
430769,00-99,ICBA BANCARD INC.,US,visa,debit
430770,00-99,TRONA VALLEY COMMUNITY FEDERAL CREDIT UNION,US,visa,debit
430771,00-99,COLUMBIA BANK,US,visa,debit
430772,00-99,COAST LINE CREDIT UNION,US,visa,debit
430773,00-99,BELLCO CREDIT UNION,US,visa,credit
430774,00-99,ALLEGACY FEDERAL CREDIT UNION,US,visa,debit
430775,00-99,FIRST FLORIDA CREDIT UNION,US,visa,debit
430776,00-99,SHAZAM INC.,US,visa,credit
430777,00-99,SHAZAM INC.,US,visa,credit
430778,00-99,SHAZAM INC.,US,visa,credit
430779,00-99,SHAZAM INC.,US,visa,credit
430780,00-99,TEXAS COMMUNITY BANK,US,visa,debit
430781,00-99,SANTA CLARA VALLEY BANK N.A.,US,visa,debit
430782,00-99,WOORI BANK VIETNAM LTD.,VN,visa,credit
430783,00-99,PACIFIC WESTERN BANK,US,visa,debit
430784,00-99,PACIFIC WESTERN BANK,US,visa,debit
430785,00-99,UMB BANK NATIONAL ASSOCIATION,US,visa,debit
430786,00-99,UMB BANK NATIONAL ASSOCIATION,US,visa,debit
430787,00-99,UMB BANK N.A.,US,visa,debit
430788,00-99,UMB BANK N.A.,US,visa,debit
430789,00-99,UMB BANK N.A.,US,visa,debit
430790,00-99,MAHALAXMI BIKAS BANK LTD.,NP,visa,debit
430791,00-99,OAS STAFF FEDERAL CREDIT UNION,US,visa,debit
430792,00-99,KEYBANK N.A.,US,visa,credit
430793,00-99,FIFTH THIRD BANK,US,visa,credit
430794,00-99,FIFTH THIRD BANK,US,visa,credit
430795,00-99,FIFTH THIRD BANK,US,visa,credit
430796,00-99,FIRST NATIONAL BANK IN SIOUX FALLS,US,visa,credit
430797,00-99,SUMA FEDERAL CREDIT UNION,US,visa,credit
430798,00-99,HERITAGE GROVE FEDERAL CREDIT UNION,US,visa,credit
430799,00-99,AXOS BANK,US,visa,debit
430800,00-99,BELLCO CREDIT UNION,US,visa,credit
430801,00-99,UMB BANK NATIONAL ASSOCIATION,US,visa,credit
430802,00-99,UNION PLANTERS BANK N.A.,US,visa,credit
430803,00-99,CENTRAL BANK,US,visa,credit
430804,00-99,MORTON COMMUNITY BANK,US,visa,credit
430805,00-99,MORTON COMMUNITY BANK,US,visa,credit
430806,00-99,AL ARABIYA ISLAMIC BANK,IQ,visa,debit
430807,00-99,WESTERN VISTA FEDERAL CREDIT UNION,US,visa,credit
430808,00-99,WHEELER COUNTY STATE BANK,US,visa,credit
430809,00-99,PIONEER FEDERAL CREDIT UNION,US,visa,credit
430810,00-99,AMERICAN TRUST AND SAVINGS BANK,US,visa,debit
430811,00-99,MACY'S,US,visa,credit
430812,00-99,HYDEN CITIZENS BANK,US,visa,credit
430813,00-99,HYDEN CITIZENS BANK,US,visa,credit
430814,00-99,BIDVEST BANK LTD.,ZA,visa,debit
430815,00-99,CENTRAL BANK,US,visa,credit
430816,00-99,CENTRAL BANK,US,visa,credit
430817,00-99,KANMU INC.,JP,visa,debit
430818,00-99,SUMITOMO MITSUI CARD COMPANY LTD.,JP,visa,debit
430819,00-99,THE SAN-IN GODO BANK LTD.,JP,visa,credit
430820,00-99,YOUR CHOICE FEDERAL CREDIT UNION,US,visa,debit
430821,00-99,OCEAN FINANCIAL FEDERAL CREDIT UNION,US,visa,credit
430822,00-99,ATLANTIC UNION BANK,US,visa,debit
430823,00-99,WV NATIONAL GUARD FEDERAL CREDIT UNION,US,visa,debit
430824,00-99,BMO HARRIS BANK N.A.,US,visa,debit
430825,00-99,THE PARK BANK,US,visa,credit
430826,00-99,PARK BANK,US,visa,debit
430827,00-99,INVEST BANK PLC,JO,visa,debit
430828,00-99,THE PARK BANK,US,visa,credit
430829,00-99,WNC COMMUNITY CREDIT UNION,US,visa,credit
430830,00-99,REGIONS BANK,US,visa,credit
430831,00-99,SERVICE CREDIT UNION,US,visa,credit
430832,00-99,AXIS BANK LTD.,IN,visa,credit
430833,00-99,AXIS BANK LTD.,IN,visa,credit
430834,00-99,AXIS BANK LTD.,IN,visa,credit
430835,00-99,BANK OF CHINA LTD.,CN,visa,credit
430836,00-99,BANK OF CHINA LTD.,CN,visa,credit
430837,00-99,TELHIO CREDIT UNION,US,visa,debit
430838,00-99,UNION PLANTERS BANK N.A.,US,visa,debit
430839,00-99,KOHLER CREDIT UNION,US,visa,debit
430840,00-99,TMBTHANACHART BANK PUBLIC COMPANY LTD.,TH,visa,credit
430841,00-99,DIRECTIONS CREDIT UNION,US,visa,debit
430842,00-99,FIRST NATIONAL BANK OF KENTUCKY,US,visa,debit
430843,00-99,MACY'S,US,visa,credit
430844,00-99,AMARILLO NATIONAL BANK,US,visa,credit
430845,00-99,AMARILLO NATIONAL BANK,US,visa,credit
430846,00-99,NORTHERN TRUST COMPANY,US,visa,debit
430847,00-99,STRIDE BANK NATIONAL ASSOCIATION,US,visa,debit
430848,00-99,NEXTIER BANK,US,visa,debit
430849,00-99,BANK OF TENNESSEE,US,visa,debit
430850,00-99,YELO BANK OPEN JOINT-STOCK COMPANY,AZ,visa,credit
430851,00-99,NATIONAL BANK,US,visa,credit
430852,00-99,JSC SHINHAN BANK KAZAKHSTAN,KZ,visa,debit
430853,00-99,CREDIT UNION 1,US,visa,credit
430854,00-99,COMERICA BANK,US,visa,debit
430855,00-99,COMERICA BANK,US,visa,debit
430856,00-99,COMERICA BANK,US,visa,debit
430857,00-99,JSC SHINHAN BANK KAZAKHSTAN,KZ,visa,debit
430858,00-99,COMERICA BANK,US,visa,debit
430859,00-99,WORCESTER FIRE DEPARTMENT CREDIT UNION,US,visa,debit
430860,00-99,U.P. STATE CREDIT UNION,US,visa,debit
430861,00-99,WELLS FARGO BANK NATIONAL ASSOCIATION,US,visa,credit
430862,00-99,MERRICK BANK,US,visa,credit
430863,00-99,SIGNATURE BANK,US,visa,debit
430864,00-99,DISCOVERY BANK LTD.,ZA,visa,debit
430865,00-99,INDIANA STATE UNIVERSITY CREDIT UNION,US,visa,credit
430866,00-99,1ST UNITED SERVICES CREDIT UNION,US,visa,debit
430867,00-99,KINETIC CREDIT UNION,US,visa,credit
430868,00-99,KINETIC CREDIT UNION,US,visa,credit
430869,00-99,KINETIC CREDIT UNION,US,visa,credit
430870,00-99,SUMA FEDERAL CREDIT UNION,US,visa,credit
430871,00-99,FIRST COMMERCE CREDIT UNION,US,visa,credit
430872,00-99,FIRST COMMERCE CREDIT UNION,US,visa,credit
430873,00-99,MIDWEST FAMILY FEDERAL CREDIT UNION,US,visa,debit
430874,00-99,BANKPACIFIC LTD,GU,visa,debit
430875,00-99,CREDIT SAISON CO. LTD.,JP,visa,debit
430876,00-99,INDIANA STATE UNIVERSITY CREDIT UNION,US,visa,credit
430877,00-99,YOUNG AMERICANS BANK,US,visa,debit
430878,00-99,PRIME BANK LTD.,KE,visa,debit
430879,00-99,,HU,visa,debit
430880,00-99,BANK OF AMERICA NATIONAL ASSOCIATION,US,visa,credit
430881,00-99,FIRST COMMERCE CREDIT UNION,US,visa,credit
430882,00-99,US COMMUNITY CREDIT UNION,US,visa,debit
430883,00-99,BANK OF AMERICA NATIONAL ASSOCIATION,US,visa,credit
430884,00-99,UNIWYO FEDERAL CREDIT UNION,US,visa,debit
430885,00-99,IMPACT CREDIT UNION INC.,US,visa,debit
430886,00-99,IMPACT CREDIT UNION INC.,US,visa,credit
430887,00-99,WHITEWATER COMMUNITY CREDIT UNION INC.,US,visa,credit
430888,00-99,WMCU,US,visa,credit
430889,00-99,BUSEY BANK,US,visa,debit
430890,00-99,MACY'S,US,visa,credit
430891,00-99,YUBMES BANK AD BELGRADE,RS,visa,credit
430892,00-99,WINSTON-SALEM FEDERAL CREDIT UNION,US,visa,debit
430893,00-99,WASHINGTON FEDERAL BANK,US,visa,credit
430894,00-99,THE CITIZENS NATIONAL BANK OF PARK RAPIDS,US,visa,debit
430895,00-99,VISA CANADA ASSOCIATION,CA,visa,credit
430896,00-99,UNIWYO FEDERAL CREDIT UNION,US,visa,credit
430897,00-99,EVERGREEN CREDIT UNION,US,visa,debit
430898,00-99,MACY'S,US,visa,debit
430899,00-99,FIDELITY INFORMATION SERVICES INC.,US,visa,credit
430900,00-99,CENTURY BANK A FEDERAL SAVINGS BANK,US,visa,debit
430901,00-99,Y-12 FEDERAL CREDIT UNION,US,visa,credit
430902,00-99,CAJA MORELIA VALLADOLID S.C. DE A.P DE R.L. DE C.V.,MX,visa,credit
430903,00-99,ASOCIACION POPULAR DE AHORROS Y PRESTAMOS,DO,visa,credit
430904,00-99,ASOCIACION POPULAR DE AHORROS Y PRESTAMOS,DO,visa,credit
430905,00-99,SERVICE CREDIT UNION,US,visa,debit
430906,00-99,Y-12 FEDERAL CREDIT UNION,US,visa,debit
430907,00-99,MERITRUST FEDERAL CREDIT UNION,US,visa,credit
430908,00-99,Y-12 FEDERAL CREDIT UNION,US,visa,credit
430909,00-99,MERITRUST FEDERAL CREDIT UNION,US,visa,credit
430910,00-99,Y-12 FEDERAL CREDIT UNION,US,visa,debit
430911,00-99,MERITRUST FEDERAL CREDIT UNION,US,visa,credit
430912,00-99,FIRSTCARIBBEAN INTERNATIONAL BANK (BARBADOS) LTD.,BZ,visa,credit
430913,00-99,FIRSTCARIBBEAN INTERNATIONAL BANK (CAYMAN) LTD.,CW,visa,credit
430914,00-99,UNIVERSITY OF ILLINOIS COMMUNITY CREDIT UNION,US,visa,debit
430915,00-99,NORTH ALABAMA EDUCATORS CREDIT UNION,US,visa,debit
430916,00-99,STATE BANK OF HERSCHER,US,visa,credit
430917,00-99,FIRSTCARIBBEAN INTERNATIONAL BANK (CAYMAN) LTD.,CW,visa,credit
430918,00-99,FIRSTCARIBBEAN INTERNATIONAL BANK (CAYMAN) LTD.,CW,visa,credit
430919,00-99,FIRSTCARIBBEAN INTERNATIONAL BANK (CAYMAN) LTD.,SX,visa,credit
430920,00-99,FIRSTCARIBBEAN INTERNATIONAL BANK (BAHAMAS) LTD.,TC,visa,credit
430921,00-99,COASTAL COMMUNITY BANK,US,visa,debit
430922,00-99,FINANCIAL PLUS CREDIT UNION,US,visa,credit
430923,00-99,FIRSTCARIBBEAN INTERNATIONAL BANK (BARBADOS) LTD.,LC,visa,credit
430924,00-99,FIRSTCARIBBEAN INTERNATIONAL BANK (BARBADOS) LTD.,VC,visa,credit
430925,00-99,SYNOVUS BANK,US,visa,credit
430926,00-99,SYNOVUS BANK,US,visa,debit
430927,00-99,FIRSTCARIBBEAN INTERNATIONAL BANK (BARBADOS) LTD.,AG,visa,credit
430928,00-99,FIRSTCARIBBEAN INTERNATIONAL BANK (BARBADOS) LTD.,VC,visa,credit
430929,00-99,BIZ INSTITUICAO DE PAGAMENTO LTDA,BR,visa,debit
430930,00-99,B1BANK,US,visa,debit
430931,00-99,FIRSTCARIBBEAN INTERNATIONAL BANK (BARBADOS) LTD.,LC,visa,credit
430932,00-99,ICBA BANCARD INC.,US,visa,debit
430933,00-99,FIRSTCARIBBEAN INTERNATIONAL BANK (CAYMAN) LTD.,VG,visa,credit
430934,00-99,MULTICREDIT S.A.,GT,visa,debit
430935,00-99,BANCO DE AMERICA CENTRAL S.A.,GT,visa,debit
430936,00-99,NEW HORIZON CREDIT UNION,US,visa,debit
430937,00-99,FIRST SOUTHERN BANK,US,visa,debit
430938,00-99,DISCOVERY BANK LTD.,ZA,visa,credit
430939,00-99,UNITED FIDELITY BANK,US,visa,debit
430940,00-99,BANK OF TENNESSEE,US,visa,debit
430941,00-99,MIDDLETOWN VALLEY BANK,US,visa,debit
430942,00-99,,US,visa,debit
430943,00-99,WELLS FARGO BANK N.A.,US,visa,debit
430944,00-99,M&T BANK,US,visa,debit
430945,00-99,KS BANK INC.,US,visa,debit
430946,00-99,BANK OF TENNESSEE,US,visa,debit
430947,00-99,PINNACLE,US,visa,debit
430948,00-99,FIRST FINANCIAL FEDERAL CREDIT UNION,US,visa,debit
430949,00-99,NATIONAL BANK OF DOMINICA,DM,visa,debit
430950,00-99,FIRSTCARIBBEAN INTERNATIONAL BANK (BARBADOS) LTD.,AG,visa,credit
430951,00-99,,JM,visa,credit
430952,00-99,THE BANK OF MARION,US,visa,debit
430953,00-99,FIRSTCARIBBEAN INTERNATIONAL BANK (BARBADOS) LTD.,BZ,visa,credit
430954,00-99,FIRST INTERNATIONAL BANK & TRUST,US,visa,debit
430955,00-99,VILLA GROVE STATE BANK,US,visa,debit
430956,00-99,SUMITOMO MITSUI CARD COMPANY LTD.,JP,visa,credit
430957,00-99,BANCO BBVA ARGENTINA S.A.,AR,visa,credit
430958,00-99,PROMEDICA FEDERAL CREDIT UNION,US,visa,credit
430959,00-99,SERVICE CREDIT UNION,US,visa,credit
430960,00-99,RIVER BANK & TRUST,US,visa,debit
430961,00-99,PEOPLES NATIONAL BANK OF KEWANEE,US,visa,debit
430962,00-99,UKRAINIAN NATIONAL FEDERAL CREDIT UNION,US,visa,credit
430963,00-99,BANCO SANTANDER S.A.,BR,visa,credit
430964,00-99,CIBC CARIBBEAN LTD.,TC,visa,credit
430965,00-99,PLIANT OY,ES,visa,credit
430966,00-99,CIBC CARIBBEAN LTD.,TC,visa,credit
430967,00-99,HSBC MEXICO S.A. INSTITUCION DE BANCA MULTIPLE GRUPO FINANCIERO HSBC,MX,visa,debit
430968,00-99,FNBC BANK AND TRUST,US,visa,debit
430969,00-99,SHINHAN CARD CO. LTD.,KR,visa,credit
430970,00-99,,US,visa,credit
430971,00-99,FIRSTCARIBBEAN INTERNATIONAL BANK (CAYMAN) LTD.,SX,visa,credit
430972,00-99,SHINHAN CARD CO. LTD.,KR,visa,debit
430973,00-99,TOTAL COMMUNITY CREDIT UNION,US,visa,debit
430974,00-99,THE HOME NATIONAL BANK OF THORNTOWN,US,visa,debit
430975,00-99,BGFIBANK MADAGASCAR,MG,visa,debit
430976,00-99,HUA NAN COMMERCIAL BANK LTD.,TW,visa,credit
430977,00-99,THE VINTON COUNTY NATIONAL BANK,US,visa,credit
430978,00-99,PT BANK ANZ INDONESIA,ID,visa,credit
430979,00-99,PT BANK ANZ INDONESIA,ID,visa,credit
430980,00-99,PT BANK HSBC INDONESIA,ID,visa,credit
430981,00-99,PT ANZ PANIN BANK,ID,visa,credit
430982,00-99,,SI,visa,credit
430983,00-99,FIRST NORTHERN CREDIT UNION,US,visa,credit
430984,00-99,WOORI CARD CO. LTD.,KR,visa,credit
430985,00-99,FIRSTCARIBBEAN INTERNATIONAL BANK (CAYMAN) LTD.,VG,visa,credit
430986,00-99,SERVICE CREDIT UNION,US,visa,debit
430987,00-99,FIRST AREA CREDIT UNION,US,visa,debit
430988,00-99,CITIBANK N.A.,US,visa,credit
430989,00-99,CENTRAL BANK OF THE MIDWEST,US,visa,debit
430990,00-99,FIRSTCARIBBEAN INTERNATIONAL BANK (BARBADOS) LTD.,LC,visa,credit
430991,00-99,FIRSTCARIBBEAN INTERNATIONAL BANK (BARBADOS) LTD.,VC,visa,credit
430992,00-99,FIRSTCARIBBEAN INTERNATIONAL BANK (CAYMAN) LTD.,VG,visa,credit
430993,00-99,FIRSTCARIBBEAN INTERNATIONAL BANK (BAHAMAS) LTD.,BS,visa,credit
430994,00-99,FIRSTCARIBBEAN INTERNATIONAL BANK (BARBADOS) LTD.,BZ,visa,credit
430995,00-99,FIRSTCARIBBEAN INTERNATIONAL BANK (CAYMAN) LTD.,SX,visa,credit
430996,00-99,FIRSTCARIBBEAN INTERNATIONAL BANK (BARBADOS) LTD.,LC,visa,credit
430997,00-99,FIRSTCARIBBEAN INTERNATIONAL BANK (BARBADOS) LTD.,VC,visa,credit
430998,00-99,FIRSTCARIBBEAN INTERNATIONAL BANK (JAMAICA) LTD.,JM,visa,credit
430999,00-99,FIRSTCARIBBEAN INTERNATIONAL BANK (BARBADOS) LTD.,BB,visa,credit
431000,00-99,JPMORGAN CHASE BANK N.A.,US,visa,credit
431001,00-99,JPMORGAN CHASE BANK N.A.,US,visa,credit
431002,00-99,UNITED CATHOLICS FEDERAL CREDIT UNION,US,visa,debit
431003,00-99,NEVADA STATE BANK,US,visa,credit
431004,00-99,JPMORGAN CHASE BANK N.A.,US,visa,credit
431005,00-99,ADVANTAGE FINANCIAL FEDERAL CREDIT UNION,US,visa,credit
431006,00-99,SILICON VALLEY BANK,US,visa,credit
431007,00-99,BETHPAGE FEDERAL CREDIT UNION,US,visa,credit
431008,00-99,RBTT BANK N.V.,CW,visa,debit
431009,00-99,RBC ROYAL BANK N.V.,CW,visa,debit
431010,00-99,CB BANK PCL,MM,visa,debit
431011,00-99,HOMESTREET BANK,US,visa,debit
431012,00-99,BANK OF AMERICA NATIONAL ASSOCIATION,US,visa,credit
431013,00-99,,US,visa,debit
431014,00-99,PLANTERS BANK INC.,US,visa,debit
431015,00-99,1ST UNITED SERVICES CREDIT UNION,US,visa,credit
431016,00-99,NASA FEDERAL CREDIT UNION,US,visa,credit
431017,00-99,CENTRA CREDIT UNION,US,visa,debit
431018,00-99,STATE BANK OF CHANDLER,US,visa,debit
431019,00-99,WEX BANK,US,visa,credit
431020,00-99,PROCREDIT BANK D.D.,BA,visa,debit
431021,00-99,PROCREDIT BANK D.D.,BA,visa,debit
431022,00-99,PROCREDIT BANK D.D.,BA,visa,debit
431023,00-99,PROCREDIT BANK D.D.,BA,visa,credit
431024,00-99,KUVEYT TURK KATILIM BANKASI A.S.,TR,visa,credit
431025,00-99,THE BRADFORD NATIONAL BANK OF GREENVILLE,US,visa,debit
431026,00-99,BANCO DE OCCIDENTE S.A.,CO,visa,credit
431027,00-99,BANCO DE OCCIDENTE S.A.,CO,visa,credit
431028,00-99,ATLANTIC BANK LTD.,BZ,visa,debit
431029,00-99,NATIONAL BANK OF KENYA LTD.,KE,visa,debit
431030,00-99,THE SACRAMENTO DEPOSIT BANK,US,visa,debit
431031,00-99,CALIFORNIA FEDERAL BANK,US,visa,credit
431032,00-99,FIRST NATIONAL BANK IN SIOUX FALLS,US,visa,debit
431033,00-99,WELLS FARGO BANK N.A.,US,visa,credit
431034,00-99,,US,visa,debit
431035,00-99,REGIONS BANK,US,visa,debit
431036,00-99,COLLINS COMMUNITY CREDIT UNION,US,visa,debit
431037,00-99,BANCO DE CREDITO DEL PERU,PE,visa,credit
431038,00-99,BANCO DE CREDITO DEL PERU,PE,visa,credit
431039,00-99,CHASE BANK USA N.A.,US,visa,credit
431040,00-99,BANK OF AMERICA NATIONAL ASSOCIATION,US,visa,credit
431041,00-99,FIRST DAKOTA NATIONAL BANK,US,visa,credit
431042,00-99,Y-12 FEDERAL CREDIT UNION,US,visa,credit
431043,00-99,Y-12 FEDERAL CREDIT UNION,US,visa,debit
431044,00-99,MERITRUST FEDERAL CREDIT UNION,US,visa,debit
431045,00-99,TEXAS CAPITAL BANK,US,visa,debit
431046,00-99,CME FEDERAL CREDIT UNION,US,visa,debit
431047,00-99,CAPITAL ONE NATIONAL ASSOCIATION,US,visa,credit
431048,00-99,FIFTH THIRD BANK,US,visa,credit
431049,00-99,,US,visa,debit
431050,00-99,MECHANICS & FARMERS BANK,US,visa,debit
431051,00-99,JPMORGAN CHASE BANK N.A.,US,visa,credit
431052,00-99,WESTERN PA FEDERAL CREDIT UNION,US,visa,credit
431053,00-99,SERVICE CREDIT UNION,US,visa,debit
431054,00-99,TEXAS CAPITAL BANK,US,visa,debit
431055,00-99,TEXAS CAPITAL BANK,US,visa,debit
431056,00-99,WELLS FARGO BANK N.A.,US,visa,debit
431057,00-99,THE SUMMIT FEDERAL CREDIT UNION,US,visa,credit
431058,00-99,COMERICA BANK,US,visa,debit
431059,00-99,CITIBANK N.A.,US,visa,credit
431060,00-99,FIRST NATIONAL BANK OF OMAHA,US,visa,credit
431061,00-99,1ST UNITED SERVICES CREDIT UNION,US,visa,credit
431062,00-99,BANK OF AMERICA - CONSUMER CREDIT,US,visa,credit
431063,00-99,BANCO CUSCATLAN DE EL SALVADOR S.A.,SV,visa,credit
431064,00-99,BANCO CUSCATLAN DE EL SALVADOR S.A.,SV,visa,credit
431065,00-99,BANCO CUSCATLAN DE EL SALVADOR S.A.,SV,visa,credit
431066,00-99,BANK OF AMERICA NATIONAL ASSOCIATION,US,visa,credit
431067,00-99,TAISHIN,TW,visa,credit
431068,00-99,BANK OF AMERICA NATIONAL ASSOCIATION,US,visa,credit
431069,00-99,BANCO DE COSTA RICA,CR,visa,credit
431070,00-99,BANCO DE LA NACION ARGENTINA,AR,visa,debit
431071,00-99,PRISMA MEDIOS DE PAGO S.A.U.,AR,visa,debit
431072,00-99,CLYDESDALE BANK PLC,GB,visa,debit
431073,00-99,BANCO DE LA PRODUCCION S.A.,NI,visa,credit
431074,00-99,BANCO DE LA PRODUCCION S.A.,NI,visa,credit
431075,00-99,BANCO DE LA PRODUCCION S.A.,NI,visa,credit
431076,00-99,JSB SOBINBANK,RU,visa,credit
431077,00-99,BANK OF AMERICA NATIONAL ASSOCIATION,US,visa,credit
431078,00-99,BANK OF AMERICA NATIONAL ASSOCIATION,US,visa,credit
431079,00-99,ADDIKO BANK D.D.,HR,visa,credit
431080,00-99,BANK OF AMERICA NATIONAL ASSOCIATION,US,visa,credit
431081,00-99,FIRSTBANK DRC SA,CD,visa,debit
431082,00-99,ASIA-PACIFIC DEVELOPMENT BANK PLC.,KH,visa,debit
431083,00-99,SPARESKILLINGSBANKEN,NO,visa,debit
431084,00-99,SPARESKILLINGSBANKEN,NO,visa,debit
431085,00-99,SPARESKILLINGSBANKEN,NO,visa,debit
431086,00-99,FANA SPAREBANK,NO,visa,debit
431087,00-99,FANA SPAREBANK,NO,visa,debit
431088,00-99,BANK OF AMERICA NATIONAL ASSOCIATION,US,visa,credit
431089,00-99,BANK OF AMERICA NATIONAL ASSOCIATION,US,visa,credit
431090,00-99,VOSS SPAREBANK,NO,visa,debit
431091,00-99,VOSS SPAREBANK,NO,visa,debit
431092,00-99,TELLER A.S.,NO,visa,debit
431093,00-99,BANK OF AMERICA NATIONAL ASSOCIATION,US,visa,credit
431094,00-99,BANK OF AMERICA NATIONAL ASSOCIATION,US,visa,credit
431095,00-99,THE SUMMIT FEDERAL CREDIT UNION,US,visa,credit
431096,00-99,WELLS FARGO BANK N.A.,US,visa,credit
431097,00-99,THE SUMMIT FEDERAL CREDIT UNION,US,visa,credit
431098,00-99,BANK OF AMERICA - CONSUMER CREDIT,US,visa,credit
431099,00-99,CJSC CREDIT EUROPE BANK,RU,visa,credit
431100,00-99,GRANITE COMMUNITY BANK,US,visa,debit
431101,00-99,COLEMAN COUNTY STATE BANK,US,visa,debit
431102,00-99,MAZUMA CREDIT UNION,US,visa,credit
431103,00-99,MATTEL FEDERAL CREDIT UNION,US,visa,debit
431104,00-99,THE HONGKONG AND SHANGHAI BANKING CORPORATION LTD.,IN,visa,credit
431105,00-99,MATTEL FEDERAL CREDIT UNION,US,visa,credit
431106,00-99,BURGAN BANK S.A.K.,KW,visa,debit
431107,00-99,HOWARD BANK,US,visa,debit
431108,00-99,,RU,visa,debit
431109,00-99,,RU,visa,debit
431110,00-99,,RU,visa,debit
431111,00-99,,RU,visa,debit
431112,00-99,PUBLIC JOINT STOCK COMPANY BANK URALSIB,RU,visa,debit
431113,00-99,PUBLIC JOINT STOCK COMPANY BANK URALSIB,RU,visa,debit
431114,00-99,PUBLIC JOINT STOCK COMPANY BANK URALSIB,RU,visa,debit
431115,00-99,UNITED OVERSEAS BANK(THAI) PUBLIC COMPANY LTD.,TH,visa,credit
431116,00-99,UNITED OVERSEAS BANK(THAI)PUBLIC CO. LTD.,TH,visa,credit
431117,00-99,PNC FINANCIAL SERVICES GROUP INC.,US,visa,credit
431118,00-99,BANK OF INDIA,IN,visa,credit
431119,00-99,BANK OF INDIA,IN,visa,credit
431120,00-99,YAMAGIN CREDIT CO. LTD.,JP,visa,debit
431121,00-99,YAMAGIN CREDIT CO. LTD.,JP,visa,debit
431122,00-99,YAMAGIN CREDIT CO. LTD.,JP,visa,debit
431123,00-99,YAMAGIN CREDIT CO. LTD.,JP,visa,debit
431124,00-99,YAMAGIN CREDIT CO. LTD.,JP,visa,debit
431125,00-99,YAMAGIN CREDIT CO. LTD.,JP,visa,debit
431126,00-99,SUMITOMO MITSUI CARD CO. LTD.,JP,visa,debit
431127,00-99,YAMAGIN CREDIT CO. LTD.,JP,visa,debit
431128,00-99,YAMAGIN CREDIT CO. LTD.,JP,visa,debit
431129,00-99,PNC BANK N.A.,JP,visa,debit
431130,00-99,THE HOKKOKU BANK LTD.,JP,visa,debit
431131,00-99,,US,visa,credit
431132,00-99,PNC FINANCIAL SERVICES GROUP INC.,US,visa,credit
431133,00-99,PNC FINANCIAL SERVICES GROUP INC.,US,visa,credit
431134,00-99,EARTHMOVER CREDIT UNION,US,visa,debit
431135,00-99,THE HOKKOKU BANK LTD.,JP,visa,debit
431136,00-99,FIRST HORIZON BANK,US,visa,credit
431137,00-99,PNC FINANCIAL SERVICES GROUP INC.,US,visa,debit
431138,00-99,GOLDEN CIRCLE CREDIT UNION INC.,US,visa,debit
431139,00-99,CAPITEC BANK LTD.,ZA,visa,credit
431140,00-99,BANK OF AMERICA NATIONAL ASSOCIATION,US,visa,credit
431141,00-99,OHIO STATE BANK,US,visa,debit
431142,00-99,DEL MET FEDERAL CREDIT UNION,US,visa,debit
431143,00-99,FIREFIGHTERS CREDIT UNION,US,visa,debit
431144,00-99,MERRICK BANK,US,visa,credit
431145,00-99,PNC FINANCIAL SERVICES GROUP INC.,US,visa,credit
431146,00-99,PNC FINANCIAL SERVICES GROUP INC.,US,visa,credit
431147,00-99,PNC FINANCIAL SERVICES GROUP INC.,US,visa,credit
431148,00-99,PNC FINANCIAL SERVICES GROUP INC.,US,visa,credit
431149,00-99,METABANK,US,visa,credit
431150,00-99,CORNERSTONE COMMUNITY FINANCIAL CREDIT UNION,US,visa,credit
431151,00-99,DBS BANK LTD.,SG,visa,credit
431152,00-99,DBS BANK LTD.,SG,visa,credit
431153,00-99,JSCB FOR SOCIAL DEVELOPMENT UKRSOTSBANK,UA,visa,credit
431154,00-99,,IN,visa,debit
431155,00-99,RIVER VALLEY CREDIT UNION,US,visa,debit
431156,00-99,C. HOARE & CO.,GB,visa,credit
431157,00-99,SERVIRED SOCIEDAD ESPANOLA DE MEDIOS DE PAGO S.A.,ES,visa,credit
431158,00-99,MEMBERS SOURCE CREDIT UNION,US,visa,credit
431159,00-99,PUBLIC SERVICE #3 CREDIT UNION,US,visa,credit
431160,00-99,PNC FINANCIAL SERVICES GROUP INC.,US,visa,credit
431161,00-99,THREAD BANK,US,visa,debit
431162,00-99,PATRIOT BANK,US,visa,debit
431163,00-99,THE PARK BANK,US,visa,debit
431164,00-99,HYUNDAI CARD COMPANY LTD.,KR,visa,credit
431165,00-99,PUBLIC JOINT-STOCK COMPANY BANK OTKRITIE FINANCIAL CORPORATION,RU,visa,debit
431166,00-99,PUBLIC JOINT-STOCK COMPANY BANK OTKRITIE FINANCIAL CORPORATION,RU,visa,debit
431167,00-99,WOORI BANK (CAMBODIA) PLC,KH,visa,debit
431168,00-99,WISE PILIPINAS INC.,PH,visa,debit
431169,00-99,QUAD CITY BANK AND TRUST COMPANY,US,visa,debit
431170,00-99,RIZAL COMMERCIAL BANKING CORPORATION,PH,visa,credit
431171,00-99,PNC FINANCIAL SERVICES GROUP INC.,US,visa,credit
431172,00-99,,US,visa,debit
431173,00-99,SECURITY FEDERAL SAVINGS BANK,US,visa,credit
431174,00-99,PT. BANK MAYAPADA INTERNASIONAL TBK.,ID,visa,credit
431175,00-99,JPMORGAN CHASE BANK N.A.,US,visa,credit
431176,00-99,BEACON CREDIT UNION,US,visa,debit
431177,00-99,FIRST NATIONAL BANK AND TRUST COMPANY,US,visa,debit
431178,00-99,DBS BANK (TAIWAN) LTD.,TW,visa,credit
431179,00-99,METROBANK CARD CORPORATION,PH,visa,credit
431180,00-99,FIRST FINANCIAL BANK NATIONAL ASSOCIATION,US,visa,debit
431181,00-99,WEX BANK,ID,visa,credit
431182,00-99,CHUGOKU SHINKIN CARD CO. LTD.,JP,visa,credit
431183,00-99,THE HUNTINGTON NATIONAL BANK,US,visa,debit
431184,00-99,JS BANK EXPRESS BANK,UA,visa,credit
431185,00-99,,UA,visa,credit
431186,00-99,JS BANK EXPRESS BANK,UA,visa,credit
431187,00-99,JS BANK EXPRESS BANK,UA,visa,debit
431188,00-99,AHLI BANK (S.A.O.G),OM,visa,debit
431189,00-99,BANK OF TAIWAN,TW,visa,debit
431190,00-99,GE CAPITAL FINANCIAL INC.,US,visa,credit
431191,00-99,MULTIPLI FEDERAL CREDIT UNION,US,visa,debit
431192,00-99,GE CAPITAL FINANCIAL INC.,US,visa,credit
431193,00-99,GE CAPITAL FINANCIAL INC.,US,visa,credit
431194,00-99,GE CAPITAL FINANCIAL INC.,US,visa,credit
431195,00-99,CTBC BANK CO. LTD.,TW,visa,credit
431196,00-99,PNC BANK NATIONAL ASSOCIATION - CONSUMER CREDIT,US,visa,credit
431197,00-99,ASOCIACION DUARTE DE AHORROS Y PRESTAMOS,DO,visa,debit
431198,00-99,CITIZENS BANK,US,visa,debit
431199,00-99,BOUBYAN BANK K.S.C.,KW,visa,debit
431200,00-99,BANK OF AMERICA - CONSUMER CREDIT,US,visa,credit
431201,00-99,COMMUNITY FEDERAL SAVINGS BANK,US,visa,credit
431202,00-99,COAST CENTRAL CREDIT UNION,US,visa,credit
431203,00-99,ATLASMONT BANKA AD PODGORICA,ME,visa,credit
431204,00-99,ATLASMONT BANKA AD PODGORICA,ME,visa,credit
431205,00-99,ATLASMONT BANKA AD PODGORICA,ME,visa,credit
431206,00-99,ATLAS BANKA AD PODGORICA,ME,visa,debit
431207,00-99,ATLAS MONT BANKA A.D.,RS,visa,credit
431208,00-99,HANDELSBANKEN,NO,visa,credit
431209,00-99,SVENSKA HANDELSBANKEN AB (PUBL),NO,visa,credit
431210,00-99,THE GULF BANK K.S.C.,KW,visa,credit
431211,00-99,THE GULF BANK K.S.C.,KW,visa,credit
431212,00-99,BANK OF AMERICA - CONSUMER CREDIT,US,visa,credit
431213,00-99,SERVIRED SOCIEDAD ESPANOLA DE MEDIOS DE PAGO S.A.,ES,visa,credit
431214,00-99,CHASE BANK USA N.A.,US,visa,debit
431215,00-99,WHEELER COUNTY STATE BANK,US,visa,debit
431216,00-99,DEUTSCHER SPARKASSEN- UND GIROVERBAND,DE,visa,credit
431217,00-99,NIUM PTY LTD.,AU,visa,debit
431218,00-99,INDUE LTD.,AU,visa,credit
431219,00-99,WESTPAC BANKING CORPORATION,AU,visa,credit
431220,00-99,EMPRISE BANK,US,visa,credit
431221,00-99,UKRGAZPROMBANK OJSC,UA,visa,debit
431222,00-99,BANGLADESH COMMERCE BANK LTD.,BD,visa,debit
431223,00-99,UNION BANCAIRE POUR LE COMMERCE ET L'INDUSTRIE,TN,visa,debit
431224,00-99,BANK OF AMERICA NATIONAL ASSOCIATION,US,visa,credit
431225,00-99,IDAHO CENTRAL CREDIT UNION,US,visa,debit
431226,00-99,PT BANK MEGA TBK.,ID,visa,credit
431227,00-99,CHASE BANK USA N.A.,US,visa,debit
431228,00-99,JPMORGAN CHASE BANK N.A.,US,visa,credit
431229,00-99,SUNRISE BANKS NATIONAL ASSOCIATION,US,visa,debit
431230,00-99,CITIBANK N.A.,US,visa,debit
431231,00-99,JPMORGAN CHASE BANK N.A. - DEBIT,US,visa,debit
431232,00-99,CHASE BANK USA N.A.,US,visa,debit
431233,00-99,BANK OF AMERICA NATIONAL ASSOCIATION,US,visa,debit
431234,00-99,CHASE BANK USA N.A.,US,visa,debit
431235,00-99,PJSC AVTOKRAZBANK,UA,visa,credit
431236,00-99,SHINHAN CARD CO. LTD.,KR,visa,credit
431237,00-99,UNION BANK OF THE PHILIPPINES,PH,visa,debit
431238,00-99,OJSC JSCB AVTOKRAZBANK,UA,visa,credit
431239,00-99,CITIGROUP PTY LTD.,AU,visa,debit
431240,00-99,CITIGROUP PTY LTD.,AU,visa,debit
431241,00-99,TSB BANK,US,visa,debit
431242,00-99,BANK OF AMERICA NATIONAL ASSOCIATION,US,visa,credit
431243,00-99,WELLS FARGO BANK NATIONAL ASSOCIATION,US,visa,credit
431244,00-99,WELLS FARGO BANK N.A.,US,visa,credit
431245,00-99,WELLS FARGO BANK N.A.,US,visa,credit
431246,00-99,WELLS FARGO BANK NATIONAL ASSOCIATION,US,visa,credit
431247,00-99,WELLS FARGO BANK NATIONAL ASSOCIATION,US,visa,credit
431248,00-99,FIRST ABU DHABI BANK PJSC,AE,visa,credit
431249,00-99,FIRST ABU DHABI BANK PJSC,AE,visa,credit
431250,00-99,BANK AUDI SYRIA S.A.,SY,visa,credit
431251,00-99,BANCA COMERCIALA ROMANA S.A.,RO,visa,debit
431252,00-99,BANK OF AMERICA NATIONAL ASSOCIATION,US,visa,credit
431253,00-99,JSC ATF BANK,KZ,visa,credit
431254,00-99,OCBC BANK (MALAYSIA) BERHAD,MY,visa,debit
431255,00-99,JSC BANK REPUBLIC,GE,visa,debit
431256,00-99,QATAR NATIONAL BANK (Q.P.S.C.),QA,visa,credit
431257,00-99,MERCADO LENDING S.A. DE C.V.,MX,visa,credit
431258,00-99,THE MERCHANTS NATIONAL BANK,US,visa,debit
431259,00-99,ORABANK COTE D'IVOIRE,CI,visa,debit
431260,00-99,SOCIETE GENERALE DE BANQUES EN COTE-DIVOIRE (SGBCI),CI,visa,credit
431261,00-99,IW BANK S.P.A.,IT,visa,credit
431262,00-99,IW BANK S.P.A.,IT,visa,debit
431263,00-99,,IN,visa,credit
431264,00-99,BANK OF AMERICA NATIONAL ASSOCIATION,US,visa,credit
431265,00-99,CREDICORP BANK S.A.,PA,visa,credit
431266,00-99,D360 BANK,SA,visa,debit
431267,00-99,TOTAL COMMUNITY CREDIT UNION,US,visa,credit
431268,00-99,CHASE BANK USA N.A.,US,visa,debit
431269,00-99,CHASE BANK USA N.A.,US,visa,debit
431270,00-99,KUWAIT FINANCE HOUSE,KW,visa,credit
431271,00-99,CHASE BANK USA N.A.,US,visa,debit
431272,00-99,CHASE BANK USA N.A.,US,visa,debit
431273,00-99,CHASE BANK USA N.A.,US,visa,debit
431274,00-99,BANCO DO BRASIL S.A.,BR,elo,credit
431275,00-99,CHASE BANK USA N.A.,US,visa,debit
431276,00-99,ITAU UNIBANCO HOLDING S.A.,BR,visa,credit
431277,00-99,CHASE BANK USA N.A.,US,visa,debit
431278,00-99,CHASE BANK USA N.A.,US,visa,debit
431279,00-99,CHASE BANK USA N.A.,US,visa,debit
431280,00-99,CHASE BANK USA N.A.,US,visa,debit
431281,00-99,CHASE BANK USA N.A.,US,visa,debit
431282,00-99,CHASE BANK USA N.A.,US,visa,debit
431283,00-99,BANK OF AMERICA NATIONAL ASSOCIATION,US,visa,credit
431284,00-99,BIDVEST BANK LTD.,ZA,visa,debit
431285,00-99,WOORI BANK VIETNAM LTD.,VN,visa,credit
431286,00-99,ASIA-PACIFIC REGION,AU,visa,credit
431287,00-99,ASIA-PACIFIC REGION,AU,visa,credit
431288,00-99,LATIN AMERICA AND CARIBBEAN REGION,US,visa,credit
431289,00-99,LATIN AMERICA AND CARIBBEAN REGION,US,visa,credit
431290,00-99,VISA EUROPE LTD.,GB,visa,credit
431291,00-99,VISA EUROPE LTD.,GB,visa,credit
431292,00-99,VISA CANADA ASSOCIATION,CA,visa,credit
431293,00-99,VISA CANADA ASSOCIATION,CA,visa,credit
431294,00-99,CEMEA REGION,GB,visa,credit
431295,00-99,CEMEA REGION,ZA,visa,credit
431296,00-99,CROSS RIVER BANK,US,visa,credit
431297,00-99,CROSS RIVER BANK,US,visa,credit
431298,00-99,FIVE STAR BANK,US,visa,credit
431299,00-99,FIVE STAR BANK,US,visa,credit
431300,00-99,FIDELITY BANK (BAHAMAS) LTD.,BS,visa,debit
431301,00-99,BANK OF AMERICA - CONSUMER CREDIT,US,visa,credit
431302,00-99,BANK OF AMERICA - CONSUMER CREDIT,US,visa,credit
431303,00-99,BANK OF AMERICA - CONSUMER CREDIT,US,visa,credit
431304,00-99,BANK OF AMERICA - CONSUMER CREDIT,US,visa,credit
431305,00-99,BANK OF AMERICA - CONSUMER CREDIT,US,visa,credit
431306,00-99,STANDARD CHARTERED BANK IVORY COAST,CI,visa,debit
431307,00-99,BANK OF AMERICA - CONSUMER CREDIT,US,visa,credit
431308,00-99,BANK OF AMERICA - CONSUMER CREDIT,US,visa,credit
431309,00-99,PROVEN BANK (CAYMAN) LTD.,KY,visa,debit
431310,00-99,SPAREBANKEN SOR,NO,visa,debit
431311,00-99,SPAREBANKEN SOR,NO,visa,debit
431312,00-99,SPAREBANKEN SOR,NO,visa,debit
431313,00-99,SPAREBANKEN MORE,NO,visa,debit
431314,00-99,SPAREBANKEN MORE,NO,visa,debit
431315,00-99,SPAREBANKEN MORE,NO,visa,debit
431316,00-99,TELLER A.S.,NO,visa,debit
431317,00-99,TELLER A.S.,NO,visa,debit
431318,00-99,TELLER A.S.,NO,visa,debit
431319,00-99,J.P. MORGAN EUROPE LTD.,GB,visa,credit
431320,00-99,J.P. MORGAN EUROPE LTD.,GB,visa,credit
431321,00-99,J.P. MORGAN EUROPE LTD.,GB,visa,credit
431322,00-99,J.P. MORGAN EUROPE LTD.,GB,visa,credit
431323,00-99,J.P. MORGAN EUROPE LTD.,GB,visa,credit
431324,00-99,J.P. MORGAN EUROPE LTD.,GB,visa,credit
431325,00-99,J.P. MORGAN EUROPE LTD.,GB,visa,credit
431326,00-99,J.P. MORGAN EUROPE LTD.,GB,visa,credit
431327,00-99,J.P. MORGAN EUROPE LTD.,GB,visa,credit
431328,00-99,J.P. MORGAN EUROPE LTD.,GB,visa,credit
431329,00-99,J.P. MORGAN EUROPE LTD.,GB,visa,credit
431330,00-99,J.P. MORGAN EUROPE LTD.,GB,visa,credit
431331,00-99,STANBIC BANK TANZANIA LTD.,TZ,visa,debit
431332,00-99,STANBIC BANK TANZANIA LTD.,TZ,visa,debit
431333,00-99,STANBIC BANK TANZANIA LTD.,TZ,visa,credit
431334,00-99,THE MIDDLEFIELD BANKING COMPANY,US,visa,credit
431335,00-99,TRANSPORTATION ALLIANCE BANK INC. D/B/A TAB BANK,US,visa,credit
431336,00-99,VTB BANK (PUBLIC JOINT-STOCK COMPANY),RU,visa,debit
431337,00-99,CARD COMPLETE SERVICE BANK AG,AT,visa,credit
431338,00-99,CARD COMPLETE SERVICE BANK AG,AT,visa,credit
431339,00-99,CARD COMPLETE SERVICE BANK AG,AT,visa,credit
431340,00-99,CARD COMPLETE SERVICE BANK AG,AT,visa,credit
431341,00-99,CARD COMPLETE SERVICE BANK AG,AT,visa,credit
431342,00-99,CARD COMPLETE SERVICE BANK AG,AT,visa,credit
431343,00-99,CARD COMPLETE SERVICE BANK AG,AT,visa,credit
431344,00-99,CARD COMPLETE SERVICE BANK AG,AT,visa,credit
431345,00-99,,US,visa,credit
431346,00-99,,US,visa,credit
431347,00-99,INVESTAR BANK NATIONAL ASSOCIATION,US,visa,credit
431348,00-99,INVESTAR BANK NATIONAL ASSOCIATION,US,visa,credit
431349,00-99,JONAH BANK OF WYOMING,US,visa,credit
431350,00-99,PROVEN BANK (CAYMAN) LTD.,KY,visa,debit
431351,00-99,BANK OF AMERICA - CONSUMER CREDIT,US,visa,credit
431352,00-99,BANK OF AMERICA - CONSUMER CREDIT,US,visa,credit
431353,00-99,BANCO INDUSTRIAL S.A.,GT,visa,debit
431354,00-99,BANCO INDUSTRIAL S.A.,GT,visa,debit
431355,00-99,ABU DHABI COMMERCIAL BANK,AE,visa,debit
431356,00-99,COMMERCIAL BANK OF DUBAI(PSC),AE,visa,debit
431357,00-99,AGRICULTURAL DEVELOPMENT BANK,GH,visa,debit
431358,00-99,CHELINDBANK,RU,visa,debit
431359,00-99,AGRICULTURAL DEVELOPMENT BANK,GH,visa,credit
431360,00-99,THE COMMERCIAL BANK OF QATAR (Q.S.C.),QA,visa,credit
431361,00-99,NATIONAL BANK OF KUWAIT S.A.K.,SA,visa,debit
431362,00-99,HAUGESUND SPAREBANK,NO,visa,debit
431363,00-99,HAUGESUND SPAREBANK,NO,visa,debit
431364,00-99,AL-SALAM BANK - BAHRAIN B.S.C.,BH,visa,credit
431365,00-99,AL-SALAM BANK - BAHRAIN B.S.C.,BH,visa,credit
431366,00-99,UAB NUVEI,SE,visa,debit
431367,00-99,PROVEN BANK (CAYMAN) LTD.,KY,visa,debit
431368,00-99,JONAH BANK OF WYOMING,US,visa,credit
431369,00-99,AMERICA'S FIRST FEDERAL CREDIT UNION,US,visa,credit
431370,00-99,NORDEA BANK FINLAND PLC,LV,visa,credit
431371,00-99,,US,visa,credit
431372,00-99,,US,visa,credit
431373,00-99,,US,visa,credit
431374,00-99,NLB KOMERCIJALNA BANKA AD BEOGRAD,RS,visa,debit
431375,00-99,,US,visa,credit
431376,00-99,BANK OF JORDAN,PS,visa,credit
431377,00-99,NEDBANK MOZAMBIQUE S.A.,MZ,visa,credit
431378,00-99,ALPHA BANK ROMANIA S.A.,RO,visa,credit
431379,00-99,QNB BANK A.S,TR,visa,debit
431380,00-99,BANK OF VALLETTA P.L.C,MT,visa,debit
431381,00-99,ENFUCE LICENSE SERVICES LTD.,FI,visa,credit
431382,00-99,,MT,visa,debit
431383,00-99,TRANSACT PAYMENTS MALTA LTD.,SE,visa,debit
431384,00-99,ENFUCE LICENSE SERVICES LTD.,SE,visa,debit
431385,00-99,BANCO ITAU CORPBANCA COLOMBIA S.A.,CO,visa,debit
431386,00-99,BANCO DE CREDITO DE COLOMBIA S.A. HELM FINANCIAL SERVICES,CO,visa,debit
431387,00-99,BANK 1 SAAR EG,DE,visa,credit
431388,00-99,BANK OF AMERICA - CONSUMER CREDIT,US,visa,credit
431389,00-99,BANK OF AMERICA NATIONAL ASSOCIATION,US,visa,credit
431390,00-99,FIDELITY BANK (BAHAMAS) LTD.,BS,visa,debit
431391,00-99,,US,visa,credit
431392,00-99,,US,visa,credit
431393,00-99,BANK OF BARODA,IN,visa,debit
431394,00-99,,US,visa,credit
431395,00-99,,US,visa,credit
431396,00-99,,US,visa,credit
431397,00-99,CDC FEDERAL CREDIT UNION,US,visa,credit
431398,00-99,,US,visa,credit
431399,00-99,BANK OF THE BAHAMAS LTD.,BS,visa,debit
431400,00-99,LUMINOR BANK AS,LT,visa,credit
431401,00-99,LUMINOR BANK AS,LT,visa,credit
431402,00-99,LUMINOR BANK AB,LT,visa,debit
431403,00-99,JOINT STOCK COMPANY FIRST UKRAINIAN INTERNATIONAL BANK,UA,visa,debit
431404,00-99,SOCIETE TUNISIENNE DE BANQUE,TN,visa,debit
431405,00-99,SOCIETE TUNISIENNE DE BANQUE,TN,visa,debit
431406,00-99,MIDFIRST BANK,US,visa,debit
431407,00-99,,PL,visa,debit
431408,00-99,NLB KOMERCIJALNA BANKA AD BEOGRAD,RS,visa,credit
431409,00-99,TRANSKAPITALBANK,RU,visa,debit
431410,00-99,EVOLVE BANK & TRUST,US,visa,debit
431411,00-99,SPIRE BANK LTD.,KE,visa,credit
431412,00-99,NEDBANK LTD.,ZA,visa,debit
431413,00-99,NEDBANK LTD.,ZA,visa,debit
431414,00-99,JOINT STOCK COMPANY FIRST UKRAINIAN INTERNATIONAL BANK,UA,visa,credit
431415,00-99,,US,visa,debit
431416,00-99,SASFIN BANK LTD.,ZA,visa,debit
431417,00-99,CJSC ALFA-BANK,RU,visa,debit
431418,00-99,KOTAK MAHINDRA BANK LTD.,IN,visa,debit
431419,00-99,LUMINOR BANK AS,LT,visa,credit
431420,00-99,CITADELE BANKA,LV,visa,credit
431421,00-99,AB CITADELE BANKAS,LV,visa,credit
431422,00-99,ALLIANCE BANK,US,visa,debit
431423,00-99,ALLIANCE BANK,US,visa,debit
431424,00-99,ABSA BANK KENYA PLC,KE,visa,debit
431425,00-99,DILLON CREDIT UNION,US,visa,debit
431426,00-99,THE FARMERS BANK FRANKFORT INDIANA,US,visa,debit
431427,00-99,CAPSTONE FEDERAL CREDIT UNION,US,visa,credit
431428,00-99,UNION BANCAIRE POUR LE COMMERCE ET L'INDUSTRIE,TN,visa,debit
431429,00-99,UNION BANCAIRE POUR LE COMMERCE ET L'INDUSTRIE,TN,visa,debit
431430,00-99,CORNER BANCA S.A.,CH,visa,debit
431431,00-99,CORNER BANCA S.A.,CH,visa,credit
431432,00-99,DEPARTMENT OF CORRECTIONS CREDIT UNION,US,visa,debit
431433,00-99,JOINT-STOCK HALYK SAVINGS BANK OF KAZAKHSTAN,KZ,visa,credit
431434,00-99,,US,visa,debit
431435,00-99,FIRST UKRAINIAN INTERNATIONAL BANK,UA,visa,debit
431436,00-99,JOINT STOCK COMPANY FIRST UKRAINIAN INTERNATIONAL BANK,UA,visa,credit
431437,00-99,FIRST UKRAINIAN INTERNATIONAL BANK,UA,visa,credit
431438,00-99,FIRST BANK OF NIGERIA PLC,NG,visa,debit
431439,00-99,BANK POLSKA KASA OPIEKI S.A. (BANK PEKAO SA),PL,visa,credit
431440,00-99,SPIRE BANK LTD.,KE,visa,credit
431441,00-99,BANQUE MAROCAINE DU COMMERCE EXTERIEUR,MA,visa,debit
431442,00-99,ECOBANK MOZAMBIQUE S.A.,MZ,visa,debit
431443,00-99,NUVISION FEDERAL CREDIT UNION,US,visa,credit
431444,00-99,HOMETOWN BANK OF CORBIN INC.,US,visa,debit
431445,00-99,THE BANKERS BANK,US,visa,credit
431446,00-99,AS SEB LATVIJAS UNIBANKA,LV,visa,credit
431447,00-99,UMB BANK NATIONAL ASSOCIATION,US,visa,credit
431448,00-99,BANK OF AFRICA,BJ,visa,debit
431449,00-99,UNION BANK,US,visa,debit
431450,00-99,THE FIRST NATIONAL BANK OF JOHNSON,US,visa,debit
431451,00-99,THE FAYETTE COUNTY NATIONAL BANK OF FAYETTEVILLE,US,visa,debit
431452,00-99,FIRST NATIONAL BANK IN SIOUX FALLS,US,visa,debit
431453,00-99,F & M COMMUNITY BANK NATIONAL ASSOCIATION,US,visa,debit
431454,00-99,F & M COMMUNITY BANK NATIONAL ASSOCIATION,US,visa,debit
431455,00-99,FIRSTOAK BANK,US,visa,debit
431456,00-99,STUDIO BANK,US,visa,debit
431457,00-99,STUDIO BANK,US,visa,debit
431458,00-99,FUSION BANK,US,visa,debit
431459,00-99,SBI CARDS AND PAYMENT SERVICES LTD.,IN,visa,credit
431460,00-99,JSC HANSABANKA,LV,visa,credit
431461,00-99,NEDBANK LTD.,ZA,visa,debit
431462,00-99,NEDBANK LTD.,ZA,visa,debit
431463,00-99,NATIONAL BANK OF FUJAIRAH,AE,visa,debit
431464,00-99,SALAL CREDIT UNION,US,visa,credit
431465,00-99,SALAL CREDIT UNION,US,visa,credit
431466,00-99,HOME BANK NATIONAL ASSOCIATION,US,visa,credit
431467,00-99,CAPITAL ONE NATIONAL ASSOCIATION,US,visa,credit
431468,00-99,CAPITAL ONE NATIONAL ASSOCIATION,US,visa,credit
431469,00-99,,US,visa,credit
431470,00-99,BOKF NATIONAL ASSOCIATION,US,visa,debit
431471,00-99,FISERV SOLUTIONS LLC,US,visa,debit
431472,00-99,VISTA BANK,US,visa,debit
431473,00-99,HOME BANK NATIONAL ASSOCIATION,US,visa,credit
431474,00-99,THE DENISON STATE BANK,US,visa,debit
431475,00-99,KUWAIT INTERNATIONAL BANK,KW,visa,debit
431476,00-99,NLB KOMERCIJALNA BANKA AD BEOGRAD,RS,visa,debit
431477,00-99,NLB KOMERCIJALNA BANKA AD BEOGRAD,RS,visa,debit
431478,00-99,NLB CONTINENTAL BANKA AD NOVI SAD,RS,visa,credit
431479,00-99,SOFOM INBURSA S.A. DE C.V. SOCIEDAD FINANCIERA DE OBJETO M LTIPLE ER GRUPO FIN,MX,visa,credit
431480,00-99,OLD WEST FEDERAL CREDIT UNION,US,visa,credit
431481,00-99,OLD WEST FEDERAL CREDIT UNION,US,visa,credit
431482,00-99,CO-OPERATIVE BANK OF KENYA LTD.,KE,visa,credit
431483,00-99,CO-OPERATIVE BANK OF KENYA LTD.,KE,visa,credit
431484,00-99,CITICORP,QA,visa,debit
431485,00-99,,US,visa,debit
431486,00-99,HOME BANK AND TRUST COMPANY,US,visa,debit
431487,00-99,INSIGHT CREDIT UNION,US,visa,debit
431488,00-99,NEXI PAYMENTS S.P.A.,IT,visa,credit
431489,00-99,NEXI PAYMENTS S.P.A.,IT,visa,credit
431490,00-99,CITIBANK,IE,visa,debit
431491,00-99,,CK,visa,debit
431492,00-99,WESTPAC BANKING CORPORATION,FJ,visa,debit
431493,00-99,WESTPAC BANKING CORPORATION,PG,visa,debit
431494,00-99,,SB,visa,debit
431495,00-99,WESTPAC BANKING CORPORATION,TO,visa,debit
431496,00-99,BANK SOUTH PACIFIC (VANUATU) LTD.,VU,visa,debit
431497,00-99,VOLKSWAGEN BANK GMBH,PL,visa,debit
431498,00-99,VOLKSWAGEN BANK GMBH,PL,visa,debit
431499,00-99,VOLKSWAGEN BANK GMBH,PL,visa,debit
431500,00-99,BANCORP BANK,US,visa,debit
431501,00-99,BANCORP BANK,US,visa,credit
431502,00-99,HUAXIA BANK,CN,visa,credit
431503,00-99,TRANSPORTATION ALLIANCE BANK INC. D/B/A TAB BANK,US,visa,credit
431504,00-99,TOGETHER CREDIT UNION,US,visa,debit
431505,00-99,M C BANK & TRUST COMPANY,US,visa,debit
431506,00-99,NORTHERN CREDIT UNION,US,visa,credit
431507,00-99,MECHANICS BANK,US,visa,debit
431508,00-99,KASIKORNBANK PUBLIC CO. LTD.,TH,visa,debit
431509,00-99,FIRST KEYSTONE COMMUNITY BANK,US,visa,debit
431510,00-99,VALLEY STRONG CREDIT UNION,US,visa,debit
431511,00-99,CROSS RIVER BANK,US,visa,debit
431512,00-99,CROSS RIVER BANK,US,visa,debit
431513,00-99,ARAB INTERNATIONAL BANK,EG,visa,credit
431514,00-99,BANCO PROMERICA S.A.,SV,visa,debit
431515,00-99,FEDERATION DES CAISSES DESJARDINS DU QUEBEC,CA,visa,credit
431516,00-99,FEDERATION DES CAISSES DESJARDINS DU QUEBEC,CA,visa,debit
431517,00-99,CHINA MINSHENG BANKING CORP.LTD,CN,visa,credit
431518,00-99,TORONTO-DOMINION BANK,CA,visa,credit
431519,00-99,DEERE EMPLOYEES CREDIT UNION,US,visa,credit
431520,00-99,,US,visa,credit
431521,00-99,,US,visa,credit
431522,00-99,U.S. BANK N.A.,US,visa,debit
431523,00-99,AMERICAN STATE BANK & TRUST COMPANY OF WILLISTON,US,visa,debit
431524,00-99,BANQUE DE TUNISIE,TN,visa,debit
431525,00-99,BANQUE DE TUNISIE,TN,visa,debit
431526,00-99,BANCO MULTIPLE ACTIVO DOMINICANA S.A. - **OFFBOARDING**,DO,visa,credit
431527,00-99,BANCO MULTIPLE ACTIVO DOMINICANA S.A. - **OFFBOARDING**,DO,visa,credit
431528,00-99,,US,visa,credit
431529,00-99,BANCA AFIRME S.A.,MX,visa,debit
431530,00-99,GOVERNMENT SAVINGS BANK,TH,visa,debit
431531,00-99,BANCO FINANCIERA COMERCIAL HONDURE A S.A.,HN,visa,credit
431532,00-99,TBBK CARD SERVICES INC.,US,visa,debit
431533,00-99,,US,visa,credit
431534,00-99,U.S. BANK N.A.,US,visa,debit
431535,00-99,REPUBLIC BANK & TRUST COMPANY,US,visa,debit
431536,00-99,REPUBLIC BANK & TRUST COMPANY,US,visa,debit
431537,00-99,REPUBLIC BANK & TRUST COMPANY,US,visa,debit
431538,00-99,CHINA MINSHENG BANKING CORP.LTD,CN,visa,credit
431539,00-99,U.S. BANK N.A.,US,visa,debit
431540,00-99,U.S. BANK N.A.,US,visa,debit
431541,00-99,,US,visa,credit
431542,00-99,U.S. BANK N.A.,US,visa,debit
431543,00-99,CHOICE FINANCIAL GROUP,US,visa,debit
431544,00-99,REPUBLIC BANK & TRUST COMPANY,US,visa,debit
431545,00-99,DOLLAR BANK A FEDERAL SAVINGS BANK,US,visa,debit
431546,00-99,DOLLAR BANK A FEDERAL SAVINGS BANK,US,visa,debit
431547,00-99,THE SUMMIT FEDERAL CREDIT UNION,US,visa,debit
431548,00-99,,US,visa,debit
431549,00-99,,US,visa,debit
431550,00-99,,US,visa,credit
431551,00-99,,US,visa,credit
431552,00-99,U.S. BANK N.A.,US,visa,debit
431553,00-99,,US,visa,credit
431554,00-99,U.S. BANK N.A.,US,visa,debit
431555,00-99,,US,visa,credit
431556,00-99,,US,visa,credit
431557,00-99,SOUTH STATE BANK NATIONAL ASSOCIATION,US,visa,debit
431558,00-99,THE FIRST NATIONAL BANK OF MCGREGOR,US,visa,debit
431559,00-99,PITTSFORD FEDERAL CREDIT UNION,US,visa,debit
431560,00-99,PITTSFORD FEDERAL CREDIT UNION,US,visa,credit
431561,00-99,FIRST FLORIDA CREDIT UNION,US,visa,debit
431562,00-99,,US,visa,debit
431563,00-99,PACIFIC PREMIER BANK,US,visa,debit
431564,00-99,U.S. BANK N.A.,US,visa,debit
431565,00-99,U.S. BANK N.A.,US,visa,credit
431566,00-99,,US,visa,credit
431567,00-99,U.S. BANK N.A.,US,visa,debit
431568,00-99,TBBK CARD SERVICES INC.,US,visa,debit
431569,00-99,U.S. BANK N.A.,US,visa,debit
431570,00-99,JSC TBC BANK,GE,visa,credit
431571,00-99,JSC TBC BANK,GE,visa,debit
431572,00-99,JSC TBC BANK,GE,visa,debit
431573,00-99,JSC TBC BANK,GE,visa,debit
431574,00-99,JSC TBC BANK,GE,visa,credit
431575,00-99,,US,visa,debit
431576,00-99,CENTENNIAL BANK OF THE WEST,US,visa,debit
431577,00-99,THE FIDELITY DEPOSIT AND DISCOUNT BANK,US,visa,debit
431578,00-99,CHINA MINSHENG BANKING CORP.LTD,CN,visa,credit
431579,00-99,SHELBY COUNTY FEDERAL CREDIT UNION,US,visa,debit
431580,00-99,STONEHAM MUNICIPAL EMPLOYEES FEDERAL CREDIT UNION,US,visa,debit
431581,00-99,ICICI BANK LTD.,IN,visa,credit
431582,00-99,PATHWARD N.A.,US,visa,debit
431583,00-99,METABANK,US,visa,debit
431584,00-99,METABANK,US,visa,debit
431585,00-99,,US,visa,credit
431586,00-99,,US,visa,debit
431587,00-99,WELLS FARGO BANK N.A.,US,visa,credit
431588,00-99,PNC FINANCIAL SERVICES GROUP INC.,US,visa,debit
431589,00-99,,US,visa,credit
431590,00-99,PNC FINANCIAL SERVICES GROUP INC.,US,visa,credit
431591,00-99,WASHINGTON TRUST BANK,US,visa,debit
431592,00-99,BANCORP BANK,US,visa,debit
431593,00-99,SALAAM SOMALI BANK,SO,visa,debit
431594,00-99,HSBC BANK A.S.,TR,visa,credit
431595,00-99,,US,visa,debit
431596,00-99,BRADFORD BANK,US,visa,credit
431597,00-99,PILOT BANK,US,visa,debit
431598,00-99,WAUKESHA STATE BANK,US,visa,debit
431599,00-99,FIRST COMMONWEALTH BANK,US,visa,credit
431600,00-99,OREGON PACIFIC BANKING COMPANY DBA OREGON PACIFIC BANK,US,visa,debit
431601,00-99,ICBA BANCARD INC.,US,visa,credit
431602,00-99,LGE COMMUNITY CREDIT UNION,US,visa,credit
431603,00-99,FIRST NATIONAL BANK AND TRUST COMPANY,US,visa,debit
431604,00-99,FONTANA FEDERAL CREDIT UNION,US,visa,credit
431605,00-99,CITIBANK N.A.,US,visa,credit
431606,00-99,MICHIGAN STATE UNIVERSITY FEDERAL CREDIT UNION,US,visa,credit
431607,00-99,MICHIGAN STATE UNIVERSITY FEDERAL CREDIT UNION,US,visa,credit
431608,00-99,MICHIGAN STATE UNIVERSITY FEDERAL CREDIT UNION,US,visa,debit
431609,00-99,WELLS FARGO BANK N.A.,US,visa,credit
431610,00-99,MASHREQBANK,AE,visa,debit
431611,00-99,BANKER'S BANK OF KANSAS N.A.,US,visa,credit
431612,00-99,REPUBLIC BANK & TRUST COMPANY,US,visa,debit
431613,00-99,ONPOINT COMMUNITY CREDIT UNION,US,visa,credit
431614,00-99,WELLS FARGO BANK N.A.,US,visa,credit
431615,00-99,PROVIDENCE BANK,US,visa,debit
431616,00-99,FIRST STATE BANK,US,visa,debit
431617,00-99,BANKER'S BANK OF KANSAS N.A.,US,visa,credit
431618,00-99,UNION PLANTERS BANK N.A.,US,visa,credit
431619,00-99,WEX BANK,US,visa,credit
431620,00-99,EXPLORERS CREDIT UNION,US,visa,debit
431621,00-99,BANK OF AMERICA NATIONAL ASSOCIATION,US,visa,credit
431622,00-99,WILLIAMSPORT TEACHERS CREDIT UNION,US,visa,debit
431623,00-99,MERRICK BANK,US,visa,credit
431624,00-99,MERRICK BANK,US,visa,credit
431625,00-99,LIMESTONE FINANCIAL CREDIT UNION,US,visa,debit
431626,00-99,WELLS FARGO BANK N.A.,US,visa,credit
431627,00-99,,US,visa,debit
431628,00-99,CREDIT UNION ONE,US,visa,debit
431629,00-99,MEMBERSFIRST CT FEDERAL CREDIT UNION,US,visa,debit
431630,00-99,BANK OF AMERICA NATIONAL ASSOCIATION,US,visa,credit
431631,00-99,CROSS RIVER BANK,US,visa,debit
431632,00-99,STANFORD FEDERAL CREDIT UNION,US,visa,debit
431633,00-99,TTCU FEDERAL CREDIT UNION,US,visa,debit
431634,00-99,TTCU FEDERAL CREDIT UNION,US,visa,debit
431635,00-99,TTCU FEDERAL CREDIT UNION,US,visa,debit
431636,00-99,TTCU FEDERAL CREDIT UNION,US,visa,debit
431637,00-99,SYRACUSE POSTAL FEDERAL CREDIT UNION,US,visa,debit
431638,00-99,PNC FINANCIAL SERVICES GROUP INC.,US,visa,credit
431639,00-99,BANK OF THAYER,US,visa,debit
431640,00-99,PNC BANK NATIONAL ASSOCIATION - CONSUMER CREDIT,US,visa,credit
431641,00-99,JACKSON PARISH BANK,US,visa,debit
431642,00-99,U.S. BANK N.A.,US,visa,credit
431643,00-99,WELLS FARGO BANK N.A.,US,visa,debit
431644,00-99,COMMERCE BANCSHARES INC.,US,visa,credit
431645,00-99,CALIFORNIA CREDIT UNION,US,visa,credit
431646,00-99,AMERICAN BANK & TRUST,US,visa,debit
431647,00-99,RELIANT COMMUNITY FEDERAL CREDIT UNION,US,visa,debit
431648,00-99,TRUMARK FINANCIAL CREDIT UNION,US,visa,credit
431649,00-99,,US,visa,credit
431650,00-99,PROVIDENT SAVINGS BANK F.S.B.,US,visa,debit
431651,00-99,PROVIDENT SAVINGS BANK F.S.B.,US,visa,debit
431652,00-99,WELLS FARGO BANK N.A.,US,visa,credit
431653,00-99,,US,visa,credit
431654,00-99,SERVICE CREDIT UNION,US,visa,debit
431655,00-99,HOME SAVINGS BANK,US,visa,debit
431656,00-99,HOME SAVINGS BANK,US,visa,debit
431657,00-99,PT. BANK CENTRAL ASIA TBK,ID,visa,credit
431658,00-99,ADVANCIAL FEDERAL CREDIT UNION,US,visa,credit
431659,00-99,,US,visa,debit
431660,00-99,EMERY FEDERAL CREDIT UNION,US,visa,credit
431661,00-99,WELLS FARGO BANK NATIONAL ASSOCIATION,US,visa,debit
431662,00-99,WESTREET FEDERAL CREDIT UNION,US,visa,debit
431663,00-99,CAPITAL ONE NATIONAL ASSOCIATION,US,visa,credit
431664,00-99,BANK OF PRAGUE,US,visa,debit
431665,00-99,EVERETT CO-OPERATIVE BANK,US,visa,debit
431666,00-99,,US,visa,debit
431667,00-99,THREAD BANK,US,visa,debit
431668,00-99,OAKSTAR BANK,US,visa,debit
431669,00-99,CLINTON NATIONAL BANK,US,visa,debit
431670,00-99,TCF BANK,US,visa,credit
431671,00-99,TCF BANK,US,visa,credit
431672,00-99,TCF BANK,US,visa,credit
431673,00-99,TCF BANK,US,visa,credit
431674,00-99,TCF BANK,US,visa,credit
431675,00-99,AFGM ENTERPRISES FEDERAL CREDIT UNION,US,visa,debit
431676,00-99,RELIANCE BANK,US,visa,debit
431677,00-99,PEOPLE'S UNITED BANK,US,visa,credit
431678,00-99,GEOVISTA FEDERAL CREDIT UNION,US,visa,debit
431679,00-99,JPMORGAN CHASE BANK N.A.,US,visa,debit
431680,00-99,SOUTHEASTERN CREDIT UNION,US,visa,debit
431681,00-99,SIERRA CENTRAL CREDIT UNION,US,visa,credit
431682,00-99,AMERICAN STATE BANK,US,visa,debit
431683,00-99,NATIONAL AUSTRALIA BANK LTD.,AU,visa,credit
431684,00-99,WELLS FARGO BANK N.A.,US,visa,debit
431685,00-99,ONE BANK OF TENNESSEE,US,visa,debit
431686,00-99,FSNB NATIONAL ASSOCIATION,US,visa,credit
431687,00-99,UTAH COMMUNITY FEDERAL CREDIT UNION,US,visa,credit
431688,00-99,TNBANK,US,visa,debit
431689,00-99,CAPITAL ONE NATIONAL ASSOCIATION,US,visa,credit
431690,00-99,FNBT BANK,US,visa,debit
431691,00-99,,US,visa,credit
431692,00-99,REGIONS BANK,US,visa,debit
431693,00-99,BNP PARIBAS (BULGARIA) A.D.,BG,visa,debit
431694,00-99,UNICREDIT BULBANK AD,BG,visa,credit
431695,00-99,BANQUE DE I'HABITAT DE COTE D'IVOIRE (BHCI),CI,visa,debit
431696,00-99,FIRST FEDERAL SAVINGS BANK,US,visa,debit
431697,00-99,FARMERS STATE BANK,US,visa,credit
431698,00-99,BANK OF AMERICA NATIONAL ASSOCIATION,US,visa,credit
431699,00-99,WEX BANK,US,visa,credit
431700,00-99,,US,visa,debit
431701,00-99,SALAL CREDIT UNION,US,visa,credit
431702,00-99,TCF BANK,US,visa,credit
431703,00-99,TCF BANK,US,visa,credit
431704,00-99,BANK OF AMERICA NATIONAL ASSOCIATION,US,visa,credit
431705,00-99,TCF BANK,US,visa,credit
431706,00-99,BANCO DO BRASIL S.A.,US,visa,credit
431707,00-99,THREAD BANK,US,visa,debit
431708,00-99,TCF BANK,US,visa,credit
431709,00-99,U.S. BANK N.A.,US,visa,credit
431710,00-99,SHIKOKU SHINKIN CARD COMPANY LTD.,JP,visa,credit
431711,00-99,U.S. BANK N.A.,US,visa,credit
431712,00-99,TCF BANK,US,visa,credit
431713,00-99,,US,visa,credit
431714,00-99,SALAL CREDIT UNION,US,visa,credit
431715,00-99,CENTRAL BANK,US,visa,debit
431716,00-99,AUDI SARADAR PRIVATE BANK S.A.L.,LB,visa,debit
431717,00-99,SUMITOMO MITSUI CARD COMPANY LTD.,JP,visa,credit
431718,00-99,SANTANDER BANK POLSKA,PL,visa,debit
431719,00-99,U.S. BANK NATIONAL ASSOCIATION,US,visa,debit
431720,00-99,ASSOCIATED BANK NATIONAL ASSOCIATION,US,visa,credit
431721,00-99,,US,visa,credit
431722,00-99,UNIFY FINANCIAL FEDERAL CREDIT UNION,US,visa,credit
431723,00-99,GREYLOCK FEDERAL CREDIT UNION,US,visa,credit
431724,00-99,FNB COWETA,US,visa,debit
431725,00-99,WESTERN ALLIANCE BANK,US,visa,debit
431726,00-99,EFCU FINANCIAL FEDERAL CREDIT UNION,US,visa,debit
431727,00-99,CJSC ALFA-BANK,RU,visa,credit
431728,00-99,PEOPLES STATE BANK,US,visa,debit
431729,00-99,WEX BANK,US,visa,credit
431730,00-99,SANTANDER BANK POLSKA S.A.,PL,visa,debit
431731,00-99,AXIS BANK LTD.,IN,visa,debit
431732,00-99,THE BANK OF MISSOURI,US,visa,credit
431733,00-99,UNION BANK OF INDIA,IN,visa,debit
431734,00-99,CAPITAL ONE NATIONAL ASSOCIATION,US,visa,credit
431735,00-99,ANDHRA BANK,IN,visa,debit
431736,00-99,WEX BANK,US,visa,credit
431737,00-99,TTCU FEDERAL CREDIT UNION,US,visa,debit
431738,00-99,TTCU FEDERAL CREDIT UNION,US,visa,debit
431739,00-99,TTCU FEDERAL CREDIT UNION,US,visa,debit
431740,00-99,TTCU FEDERAL CREDIT UNION,US,visa,debit
431741,00-99,WELLS FARGO BANK N.A.,US,visa,debit
431742,00-99,EASTERN ASIA COMMERCIAL BANK,VN,visa,credit
431743,00-99,AL ARABIYA ISLAMIC BANK,IQ,visa,debit
431744,00-99,,US,visa,credit
431745,00-99,,US,visa,credit
431746,00-99,,US,visa,credit
431747,00-99,DUBUQUE BANK AND TRUST COMPANY,US,visa,debit
431748,00-99,,US,visa,credit
431749,00-99,,US,visa,credit
431750,00-99,,IN,visa,debit
431751,00-99,CERTIFIED FEDERAL CREDIT UNION,US,visa,debit
431752,00-99,S.M.W. 104 FEDERAL CREDIT UNION,US,visa,credit
431753,00-99,UME FEDERAL CREDIT UNION,US,visa,debit
431754,00-99,SBI CARDS AND PAYMENT SERVICES LTD.,IN,visa,credit
431755,00-99,CHARTWAY FEDERAL CREDIT UNION,US,visa,debit
431756,00-99,ARAB BANKING CORPORATION - EGYPT,EG,visa,credit
431757,00-99,SBI CARDS AND PAYMENT SERVICES LTD.,IN,visa,credit
431758,00-99,NORTHEAST COMMUNITY FEDERAL CREDIT UNION,US,visa,debit
431759,00-99,WYHY FEDERAL CREDIT UNION,US,visa,debit
431760,00-99,M&T BANK,US,visa,debit
431761,00-99,AXIS BANK LTD.,IN,visa,credit
431762,00-99,INTL HDQTRS-CENTER OWNED,US,visa,credit
431763,00-99,ICICI BANK LTD.,IN,visa,debit
431764,00-99,YOUNG AMERICANS BANK,US,visa,credit
431765,00-99,M&T BANK,US,visa,credit
431766,00-99,M&T BANK,US,visa,debit
431767,00-99,SHARONVIEW FEDERAL CREDIT UNION,US,visa,credit
431768,00-99,M&T BANK,US,visa,debit
431769,00-99,JAPAN POST BANK,JP,visa,credit
431770,00-99,WESTERN VISTA FEDERAL CREDIT UNION,US,visa,debit
431771,00-99,BANCA SELLA S.P.A.,IT,visa,credit
431772,00-99,TTCU FEDERAL CREDIT UNION,US,visa,debit
431773,00-99,TTCU FEDERAL CREDIT UNION,US,visa,debit
431774,00-99,TTCU FEDERAL CREDIT UNION,US,visa,debit
431775,00-99,TTCU FEDERAL CREDIT UNION,US,visa,debit
431776,00-99,STANFORD FEDERAL CREDIT UNION,US,visa,credit
431777,00-99,,US,visa,credit
431778,00-99,BANDHAN BANK LTD.,IN,visa,debit
431779,00-99,HTLF BANK,US,visa,debit
431780,00-99,TOWNEBANK,US,visa,credit
431781,00-99,TOWNEBANK,US,visa,credit
431782,00-99,TOWNEBANK,US,visa,credit
431783,00-99,HSBC BANK USA N.A.,US,visa,credit
431784,00-99,CHINA CONSTRUCTION BANK (ASIA) CORPORATION LTD.,HK,visa,credit
431785,00-99,,US,visa,credit
431786,00-99,FIRST NATIONAL BANK AND TRUST COMPANY,US,visa,debit
431787,00-99,U.S. EAGLE FEDERAL CREDIT UNION,US,visa,credit
431788,00-99,FIDELITY BANK,US,visa,debit
431789,00-99,,TW,visa,credit
431790,00-99,,US,visa,credit
431791,00-99,,US,visa,debit
431792,00-99,PRIME COMMERCIAL BANK LTD.,NP,visa,credit
431793,00-99,U. S. EAGLE FEDERAL CREDIT UNION,US,visa,debit
431794,00-99,WASHINGTON TRUST COMPANY,US,visa,credit
431795,00-99,CITIBANK N.A.,US,visa,credit
431796,00-99,BANK OF AFRICA,BJ,visa,debit
431797,00-99,WEX BANK,US,visa,credit
431798,00-99,JPMORGAN CHASE BANK N.A.,US,visa,credit
431799,00-99,BANK OF HAWAII,US,visa,debit
431800,00-99,JPMORGAN CHASE BANK N.A.,US,visa,credit
431801,00-99,SERVICE CREDIT UNION,US,visa,debit
431802,00-99,NSB BANK,US,visa,debit
431803,00-99,OPEN JOINT-STOCK COMPANY BPS-SBERBANK,BY,visa,debit
431804,00-99,OMNI BANK,US,visa,credit
431805,00-99,OMNI BANK,US,visa,credit
431806,00-99,FIRST INTERSTATE BANK,US,visa,debit
431807,00-99,FIRST INTERSTATE BANK,US,visa,debit
431808,00-99,LYONS NATIONAL BANK,US,visa,credit
431809,00-99,BANK OF AMERICA NATIONAL ASSOCIATION,US,visa,credit
431810,00-99,COAST CENTRAL CREDIT UNION,US,visa,credit
431811,00-99,COAST CENTRAL CREDIT UNION,US,visa,credit
431812,00-99,HOUSTON TEXAS FIRE FIGHTERS FEDERAL CREDIT UNION,US,visa,credit
431813,00-99,HOUSTON TEXAS FIRE FIGHTERS FEDERAL CREDIT UNION,US,visa,credit
431814,00-99,HOME SAVINGS & LOAN ASSOCIATION OF OKLAHOMA CITY,US,visa,debit
431815,00-99,INTANDEM CREDIT UNION,US,visa,credit
431816,00-99,KENT COUNTY CREDIT UNION,US,visa,credit
431817,00-99,INTANDEM CREDIT UNION,US,visa,credit
431818,00-99,MIDFLORIDA CREDIT UNION,US,visa,credit
431819,00-99,WEYCO COMMUNITY CREDIT UNION,US,visa,credit
431820,00-99,,RU,visa,debit
431821,00-99,FIRST STATE BANK,US,visa,debit
431822,00-99,COASTAL HERITAGE BANK,US,visa,credit
431823,00-99,BFV - SOCIETE GENERALE,MG,visa,credit
431824,00-99,STANDARD BANK DE ANGOLA SA,AO,visa,credit
431825,00-99,BANCO PROCREDIT S.A.,SV,visa,credit
431826,00-99,INTERNATIONAL SMART CARD COMPANY,IQ,visa,debit
431827,00-99,ID BANK CJSC,AM,visa,debit
431828,00-99,ID BANK CJSC,AM,visa,debit
431829,00-99,ID BANK CJSC,AM,visa,debit
431830,00-99,ID BANK CJSC,AM,visa,debit
431831,00-99,IDBANK,AM,visa,credit
431832,00-99,BANK ZARECHYE JOINT STOCK COMPANY,RU,visa,debit
431833,00-99,BANK ZARECHYE JOINT STOCK COMPANY,RU,visa,debit
431834,00-99,BANK ZARECHYE JOINT STOCK COMPANY,RU,visa,debit
431835,00-99,FIRSTRAND BANK LTD.,ZA,visa,credit
431836,00-99,OPEN JOINT-STOCK COMPANY BPS-SBERBANK,BY,visa,debit
431837,00-99,OPEN JOINT-STOCK COMPANY BPS-SBERBANK,BY,visa,debit
431838,00-99,OPEN JOINT-STOCK COMPANY BPS-SBERBANK,BY,visa,debit
431839,00-99,BANCO PROMERICA S.A.,HN,visa,credit
431840,00-99,BANCO PROMERICA S.A.,HN,visa,credit
431841,00-99,RAIFFEISENBANK AUSTRIA D.D.,HR,visa,debit
431842,00-99,COOPERATIVE AND AGRICULTURAL CREDIT BANK (CAC BANK),YE,visa,credit
431843,00-99,COOPERATIVE AND AGRICULTURAL CREDIT BANK (CAC BANK),YE,visa,credit
431844,00-99,COOPERATIVE AND AGRICULTURAL CREDIT BANK (CAC BANK),YE,visa,debit
431845,00-99,COOPERATIVE AND AGRICULTURAL CREDIT BANK (CAC BANK),YE,visa,credit
431846,00-99,,PA,visa,credit
431847,00-99,COASTAL HERITAGE BANK,US,visa,credit
431848,00-99,PREMIACARD DE GUATEMALA S.A.,GT,visa,credit
431849,00-99,COASTAL HERITAGE BANK,US,visa,credit
431850,00-99,INTERNATIONAL CARD SERVICES B.V.,DE,visa,credit
431851,00-99,BANCA PUEYO S.A.,ES,visa,credit
431852,00-99,COASTAL HERITAGE BANK,US,visa,credit
431853,00-99,CB MOSKOMMERTSBANK,RU,visa,credit
431854,00-99,CB RENAISSANCE CREDIT (LLC),RU,visa,credit
431855,00-99,CB RENAISSANCE CREDIT (LLC),RU,visa,credit
431856,00-99,CB RENAISSANCE CREDIT (LLC),RU,visa,debit
431857,00-99,CB RENAISSANCE CREDIT (LLC),RU,visa,credit
431858,00-99,,US,visa,debit
431859,00-99,,AL,visa,credit
431860,00-99,COASTAL HERITAGE BANK,US,visa,credit
431861,00-99,SOCIETE GENERALE DE BANQUES AU BURKINA (SGBB),BF,visa,credit
431862,00-99,PIRAEUS BANK S.A.,GR,visa,credit
431863,00-99,COASTAL HERITAGE BANK,US,visa,credit
431864,00-99,COASTAL HERITAGE BANK,US,visa,credit
431865,00-99,HYPO ALPE-ADRIA-BANK D.D. JSC,BA,visa,debit
431866,00-99,UNION BANK,AL,visa,credit
431867,00-99,COASTAL HERITAGE BANK,US,visa,credit
431868,00-99,ERSTE AND STEIERMARKISCHE BANK D.D.,HR,visa,credit
431869,00-99,BANCO PROMERICA S.A.,HN,visa,credit
431870,00-99,S-PANKKI OY (S-BANK LIMITED),FI,visa,credit
431871,00-99,S-PANKKI OY (S-BANK LIMITED),FI,visa,debit
431872,00-99,PRIVREDNA BANKA BEOGRAD D.D. BEOGRAD,RS,visa,credit
431873,00-99,JSB DEVON-KREDIT,RU,visa,credit
431874,00-99,COASTAL HERITAGE BANK,US,visa,credit
431875,00-99,AL BARID BANK,MA,visa,debit
431876,00-99,COASTAL HERITAGE BANK,US,visa,credit
431877,00-99,COASTAL HERITAGE BANK,US,visa,credit
431878,00-99,COASTAL HERITAGE BANK,US,visa,credit
431879,00-99,FIRST HEARTLAND JUSAN BANK JSC,KZ,visa,debit
431880,00-99,SCOTIABANK INVERLAT S.A.,MX,visa,credit
431881,00-99,CONTECNICA S.A.,GT,visa,credit
431882,00-99,COASTAL HERITAGE BANK,US,visa,credit
431883,00-99,COASTAL HERITAGE BANK,US,visa,credit
431884,00-99,BANCO LAFISE S.A.,CR,visa,credit
431885,00-99,BANCO LAFISE S.A.,CR,visa,credit
431886,00-99,SCOTIABANK EL SALVADOR S.A.,SV,visa,credit
431887,00-99,DEUTSCHE BANK S.P.A.,IT,visa,credit
431888,00-99,COASTAL HERITAGE BANK,US,visa,credit
431889,00-99,OJSC THE UNIVERSAL BANK FOR DEVELOPMENT AND PARTNERSHIP,UA,visa,credit
431890,00-99,CB RENAISSANCE CREDIT (LLC),RU,visa,credit
431891,00-99,BANCO PROMERICA S.A.,HN,visa,credit
431892,00-99,BANCO PROMERICA S.A.,HN,visa,credit
431893,00-99,COASTAL HERITAGE BANK,US,visa,credit
431894,00-99,BANCO PROMERICA S.A.,HN,visa,credit
431895,00-99,BANCO PROMERICA S.A.,HN,visa,credit
431896,00-99,BANCO PROMERICA S.A.,HN,visa,credit
431897,00-99,NLB BANKA SH.A.,US,visa,debit
431898,00-99,COASTAL HERITAGE BANK,US,visa,credit
431899,00-99,COASTAL HERITAGE BANK,US,visa,credit
431900,00-99,BANK OF AMERICA - CONSUMER CREDIT,US,visa,credit
431901,00-99,BANK OF AMERICA - CONSUMER CREDIT,US,visa,credit
431902,00-99,BANK OF EAST ASIA LTD.,MO,visa,credit
431903,00-99,BANK OF AMERICA - CONSUMER CREDIT,US,visa,credit
431904,00-99,BANK OF AMERICA - CONSUMER CREDIT,US,visa,credit
431905,00-99,ISRACARD LTD.,IL,visa,debit
431906,00-99,ISRACARD LTD.,IL,visa,credit
431907,00-99,ISRACARD LTD.,IL,visa,credit
431908,00-99,BANQUE DE DEVELOPPEMENT DU MALI,ML,visa,debit
431909,00-99,AFG BANK MALI,ML,visa,debit
431910,00-99,CREDIT AGRICOLE BANK POLSKA S.A.,PL,visa,credit
431911,00-99,CREDIT AGRICOLE BANK POLSKA S.A.,PL,visa,credit
431912,00-99,CREDIT AGRICOLE BANK POLSKA S.A.,PL,visa,credit
431913,00-99,CREDIT AGRICOLE BANK POLSKA S.A.,PL,visa,debit
431914,00-99,CREDIT AGRICOLE BANK POLSKA S.A.,PL,visa,credit
431915,00-99,CREDIT AGRICOLE BANK POLSKA S.A.,PL,visa,credit
431916,00-99,BANCO PROCREDIT S.A.,NI,visa,credit
431917,00-99,CRANE BANK LTD.,UG,visa,debit
431918,00-99,CRANE BANK LTD.,UG,visa,debit
431919,00-99,CRANE BANK LTD.,UG,visa,debit
431920,00-99,DBS BANK (HONG KONG) LTD.,HK,visa,credit
431921,00-99,YES BANK LTD.,IN,visa,debit
431922,00-99,CITIBANK,IN,visa,debit
431923,00-99,BANCO PANAMENO DE LA VIVIENDA S.A.,PA,visa,credit
431924,00-99,BANCO G&T CONTINENTAL S.A.,GT,visa,debit
431925,00-99,,RU,visa,debit
431926,00-99,CAIXA ECONOMICA MONTEPIO GERAL,PT,visa,credit
431927,00-99,GULF BANK K.S.C.,KW,visa,debit
431928,00-99,ZENUS BANK INTERNATIONAL INC,PR,visa,debit
431929,00-99,ITAU UNIBANCO HOLDING S.A.,BR,visa,credit
431930,00-99,HALIFAX PLC,IE,visa,debit
431931,00-99,ULSTER,IE,visa,debit
431932,00-99,ULSTER BANK IRELAND DESIGNATED ACTIVITY COMPANY,IE,visa,debit
431933,00-99,ULSTER BANK IRELAND DESIGNATED ACTIVITY COMPANY,IE,visa,debit
431934,00-99,ULSTER BANK,IE,visa,debit
431935,00-99,PERMANENT TSB,IE,visa,debit
431936,00-99,PERMANENT TSB PLC,IE,visa,debit
431937,00-99,ULSTER BANK IRELAND DESIGNATED ACTIVITY COMPANY,IE,visa,debit
431938,00-99,THE GOVERNOR AND COMPANY OF THE BANK OF IRELAND,IE,visa,debit
431939,00-99,BANK OF IRELAND,IE,visa,debit
431940,00-99,BANK OF IRELAND,IE,visa,debit
431941,00-99,THE GOVERNOR AND COMPANY OF THE BANK OF IRELAND,IE,visa,debit
431942,00-99,CONOTOXIA SP. Z O.O,IE,visa,debit
431943,00-99,,IE,visa,debit
431944,00-99,THE GOVERNOR AND COMPANY OF THE BANK OF IRELAND,IE,visa,debit
431945,00-99,THE GOVERNOR AND COMPANY OF THE BANK OF IRELAND,IE,visa,debit
431946,00-99,ALLIED IRISH BANKS P.L.C.,IE,visa,debit
431947,00-99,ALLIED IRISH BANKS PLC,IE,visa,debit
431948,00-99,ROYAL BANK OF SCOTLAND PLC,IE,visa,debit
431949,00-99,STRIPE TECHNOLOGY EUROPE LTD.,IE,visa,debit
431950,00-99,ALLIED IRISH BANKS P.L.C.,IE,visa,debit
431951,00-99,ROYAL BANK OF SCOTLAND PLC,IE,visa,debit
431952,00-99,UNLIMIT EU LTD.,ES,visa,credit
431953,00-99,ROYAL BANK OF SCOTLAND PLC,IE,visa,debit
431954,00-99,ROYAL BANK OF SCOTLAND PLC,IE,visa,debit
431955,00-99,ROYAL BANK OF SCOTLAND PLC,IE,visa,debit
431956,00-99,ROYAL BANK OF SCOTLAND PLC,IE,visa,debit
431957,00-99,ROYAL BANK OF SCOTLAND PLC,IE,visa,debit
431958,00-99,MODULR FINANCE B.V.,NL,visa,debit
431959,00-99,PAYSAFE PAYMENT SOLUTIONS LTD.,IE,visa,debit
431960,00-99,PAYSAFE PAYMENT SOLUTIONS LTD.,ES,visa,debit
431961,00-99,PAYSAFE PAYMENT SOLUTIONS LTD.,SE,visa,debit
431962,00-99,ROYAL BANK OF SCOTLAND PLC,IE,visa,debit
431963,00-99,ROYAL BANK OF SCOTLAND PLC,IE,visa,debit
431964,00-99,ROYAL BANK OF SCOTLAND PLC,IE,visa,debit
431965,00-99,ROYAL BANK OF SCOTLAND PLC,IE,visa,debit
431966,00-99,ROYAL BANK OF SCOTLAND PLC,IE,visa,debit
431967,00-99,ROYAL BANK OF SCOTLAND PLC,IE,visa,debit
431968,00-99,ROYAL BANK OF SCOTLAND PLC,IE,visa,debit
431969,00-99,ROYAL BANK OF SCOTLAND PLC,IE,visa,debit
431970,00-99,ROYAL BANK OF SCOTLAND PLC,IE,visa,debit
431971,00-99,ROYAL BANK OF SCOTLAND PLC,IE,visa,debit
431972,00-99,ROYAL BANK OF SCOTLAND PLC,IE,visa,debit
431973,00-99,ROYAL BANK OF SCOTLAND PLC,IE,visa,debit
431974,00-99,ROYAL BANK OF SCOTLAND PLC,IE,visa,debit
431975,00-99,ROYAL BANK OF SCOTLAND PLC,IE,visa,debit
431976,00-99,ROYAL BANK OF SCOTLAND PLC,IE,visa,debit
431977,00-99,ROYAL BANK OF SCOTLAND PLC,IE,visa,debit
431978,00-99,ROYAL BANK OF SCOTLAND PLC,IE,visa,debit
431979,00-99,ROYAL BANK OF SCOTLAND PLC,IE,visa,debit
431980,00-99,SANTANDER UK PLC,GB,visa,credit
431981,00-99,,GB,visa,credit
431982,00-99,,US,visa,credit
431983,00-99,,US,visa,credit
431984,00-99,,US,visa,credit
431985,00-99,,US,visa,credit
431986,00-99,,US,visa,credit
431987,00-99,,US,visa,credit
431988,00-99,,US,visa,credit
431989,00-99,BANK BPH S.A.,PL,visa,debit
431990,00-99,CITIBANK,IN,visa,debit
431991,00-99,BLOM BANK S.A.L.,IQ,visa,credit
431992,00-99,BANCO CUSCATLAN DE EL SALVADOR S.A.,SV,visa,debit
431993,00-99,BANCO CUSCATLAN DE EL SALVADOR S.A.,SV,visa,debit
431994,00-99,SCOTIABANK DE COSTA RICA S.A.,CR,visa,debit
431995,00-99,,US,visa,credit
431996,00-99,COOPERATIVA DE AHORRO Y CR DITO DE LA PEQUE A EMPRESA DE PASTAZA LTDA,EC,visa,debit
431997,00-99,COMMERCIAL BANK OF ETHIOPIA,ET,visa,debit
431998,00-99,,US,visa,credit
431999,00-99,ASOCIACION LA VEGA REAL DE AHORROS Y PRESTAMOS,DO,visa,credit
432000,00-99,REGIONS BANK,US,visa,credit
432001,00-99,THE FEDERAL BANK LTD.,IN,visa,debit
432002,00-99,VALLEY ISLE COMMUNITY FEDERAL CREDIT UNION,US,visa,debit
432003,00-99,WMCU,US,visa,credit
432004,00-99,FIRST CITIZENS BANK (BARBADOS) LTD.,BB,visa,credit
432005,00-99,FIRST CITIZENS BANK (BARBADOS) LTD.,BB,visa,credit
432006,00-99,FIRST CITIZENS BANK (BARBADOS) LTD.,BB,visa,credit
432007,00-99,THE FIRST NATIONAL BANK OF MCGREGOR,US,visa,debit
432008,00-99,FIRST FLORIDA CREDIT UNION,US,visa,debit
432009,00-99,STANFORD FEDERAL CREDIT UNION,US,visa,credit
432010,00-99,STANFORD FEDERAL CREDIT UNION,US,visa,credit
432011,00-99,WELLS FARGO BANK N.A.,US,visa,debit
432012,00-99,STANFORD FEDERAL CREDIT UNION,US,visa,credit
432013,00-99,FIRST FLORIDA CREDIT UNION,US,visa,credit
432014,00-99,TTCU FEDERAL CREDIT UNION,US,visa,debit
432015,00-99,TTCU FEDERAL CREDIT UNION,US,visa,debit
432016,00-99,JPMORGAN CHASE BANK N.A.,US,visa,credit
432017,00-99,WNC COMMUNITY CREDIT UNION,US,visa,credit
432018,00-99,WORCESTER FIRE DEPARTMENT CREDIT UNION,US,visa,debit
432019,00-99,BA MERCHANT SERVICES INC.,US,visa,credit
432020,00-99,DIME BANK,US,visa,debit
432021,00-99,DIME BANK,US,visa,debit
432022,00-99,QATAR NATIONAL BANK (Q.P.S.C.),QA,visa,debit
432023,00-99,ARIZONA FINANCIAL CREDIT UNION,US,visa,debit
432024,00-99,EMPIRE STATE BANK,US,visa,debit
432025,00-99,BANK OF RANTOUL,US,visa,debit
432026,00-99,FIRST SOUTHERN NATIONAL BANK,US,visa,debit
432027,00-99,ARIZONA FINANCIAL CREDIT UNION,US,visa,debit
432028,00-99,METROPOLITAN COMMERCIAL BANK,US,visa,debit
432029,00-99,REGIONS BANK,US,visa,debit
432030,00-99,BANCO DE GALICIA Y BUENOS AIRES S.A.,AR,visa,credit
432031,00-99,BANCO LOSANGO S.A. **(OFFBOARDING)**,BR,visa,credit
432032,00-99,HSBC,BR,visa,credit
432033,00-99,BANCO LOSANGO S.A.,BR,visa,credit
432034,00-99,BANCO BRADESCO S.A.,BR,visa,debit
432035,00-99,BANCO LOSANGO S.A.,BR,visa,credit
432036,00-99,JSC BELAGROPROMBANK,BY,visa,credit
432037,00-99,JSC BELAGROPROMBANK,BY,visa,debit
432038,00-99,JSC BELAGROPROMBANK,BY,visa,debit
432039,00-99,JSC BELAGROPROMBANK,BY,visa,debit
432040,00-99,JSC BELAGROPROMBANK,BY,visa,debit
432041,00-99,JSC BELAGROPROMBANK,BY,visa,credit
432042,00-99,BANQUE DE TUNISIE ET DES EMIRATS,TN,visa,debit
432043,00-99,BANQUE DE TUNISIE ET DES EMIRATS,TN,visa,credit
432044,00-99,JORDAN AHLI BANK,JO,visa,credit
432045,00-99,EMPORIKI BANK - BULGARIA EAD,BG,visa,debit
432046,00-99,CREDITO EMILIANO S.P.A.,IT,visa,credit
432047,00-99,CREDITO EMILIANO S.P.A.,IT,visa,credit
432048,00-99,ERSTE & STEIERMARKISCHE BANK D.D.,HR,visa,credit
432049,00-99,BANCA AFIRME S.A.,MX,visa,debit
432050,00-99,GLOBEX COMMERCIAL BANK JOINT STOCK COMPANY,RU,visa,credit
432051,00-99,LIBERBANK S.A.,ES,visa,credit
432052,00-99,BANCO BILBAO VIZCAYA ARGENTARIA S.A. (BBVA),ES,visa,credit
432053,00-99,BANCO BILBAO VIZCAYA ARGENTARIA S.A. (BBVA),ES,visa,debit
432054,00-99,,RU,visa,debit
432055,00-99,,RU,visa,debit
432056,00-99,,RU,visa,debit
432057,00-99,,US,visa,credit
432058,00-99,JSCB OF SUPPORT TO COMMERCE AND BUSINESS SKB BANK,RU,visa,credit
432059,00-99,OJSC CB URALSKY FINANSOVY DOM,RU,visa,debit
432060,00-99,HSBC BANK MIDDLE EAST,AE,visa,credit
432061,00-99,HSBC BANK MIDDLE EAST,BH,visa,credit
432062,00-99,HSBC BANK MIDDLE EAST,QA,visa,credit
432063,00-99,,OM,visa,credit
432064,00-99,,LB,visa,credit
432065,00-99,HONG KONG AND SHANGHAI BANKING CORP. LTD.,MU,visa,credit
432066,00-99,HSBC BANK - EGYPT SAE,EG,visa,credit
432067,00-99,BELAGROPROMBANK,BY,visa,debit
432068,00-99,KREDYT BANK S.A.,PL,visa,debit
432069,00-99,KREDYT BANK S.A.,PL,visa,debit
432070,00-99,KREDYT BANK S.A.,PL,visa,debit
432071,00-99,AKBANK,TR,visa,credit
432072,00-99,AKBANK T.A.S.,TR,visa,credit
432073,00-99,BANCO BILBAO VIZCAYA ARGENTARIA S.A. (BBVA),ES,visa,credit
432074,00-99,IKANO BANK AB,DE,visa,credit
432075,00-99,TTCU FEDERAL CREDIT UNION,US,visa,debit
432076,00-99,TTCU FEDERAL CREDIT UNION,US,visa,debit
432077,00-99,TTCU FEDERAL CREDIT UNION,US,visa,debit
432078,00-99,TTCU FEDERAL CREDIT UNION,US,visa,debit
432079,00-99,TTCU FEDERAL CREDIT UNION,US,visa,debit
432080,00-99,CJSC JSCB BELROSBANK,BY,visa,debit
432081,00-99,CJSC JSCB BELROSBANK,BY,visa,debit
432082,00-99,SCOTIABANK PERU S.A.A.,PE,visa,credit
432083,00-99,BANCO PROCREDIT S.A.,NI,visa,credit
432084,00-99,CIB BANK,HU,visa,credit
432085,00-99,CIB BANK,HU,visa,credit
432086,00-99,,US,visa,credit
432087,00-99,COOPERATIVA DE AHORRO Y CREDITO ALIANZA DE PEREZ ZELEDON R.L.,CR,visa,credit
432088,00-99,COOPERATIVA DE AHORRO Y CREDITO ALIANZA DE PEREZ ZELEDON R.L.,CR,visa,credit
432089,00-99,CB LOCKO BANK (OOO),RU,visa,debit
432090,00-99,IDBI BANK LTD.,IN,visa,debit
432091,00-99,,CA,visa,credit
432092,00-99,,US,visa,credit
432093,00-99,IDBI BANK LTD.,IN,visa,debit
432094,00-99,IDBI BANK LTD.,IN,visa,debit
432095,00-99,,US,visa,credit
432096,00-99,,US,visa,credit
432097,00-99,,US,visa,credit
432098,00-99,IDBI BANK LTD.,IN,visa,debit
432099,00-99,IDBI BANK LTD.,IN,visa,debit
432100,00-99,KEYBANK N.A.,US,visa,credit
432101,00-99,WELLS FARGO BANK N.A.,US,visa,credit
432102,00-99,GEISMAR COMPLEX FEDERAL CREDIT UNION,US,visa,credit
432103,00-99,DOLARAPP MEXICO S.A. DE C. V.,MX,visa,credit
432104,00-99,,RU,visa,debit
432105,00-99,BANCO COLPATRIA - RED MULTIBANCA COLPATRIA S.A.,CO,visa,credit
432106,00-99,BANCO COLPATRIA - RED MULTIBANCA COLPATRIA S.A.,CO,visa,credit
432107,00-99,PJSC UNICREDIT BANK,UA,visa,debit
432108,00-99,UNICREDIT BANK LLC,UA,visa,credit
432109,00-99,UNICREDIT BANK LLC,UA,visa,credit
432110,00-99,INTERNATIONAL CARD SERVICES B.V.,DE,visa,credit
432111,00-99,BNP PARIBAS,DE,visa,credit
432112,00-99,INTERNATIONAL CARD SERVICES B.V.,DE,visa,credit
432113,00-99,,AW,visa,credit
432114,00-99,EMIRATES NBD BANK (P.J.S.C.),AE,visa,credit
432115,00-99,NATIONAL INDUSTRIAL CREDIT BANK LTD.,KE,visa,debit
432116,00-99,NATIONAL INDUSTRIAL CREDIT BANK LTD.,KE,visa,debit
432117,00-99,VANCITY COMMUNITY INVESTMENT BANK (VCIB),CA,visa,debit
432118,00-99,AHLI UNITED BANK B.S.C.,BH,visa,credit
432119,00-99,TTCU FEDERAL CREDIT UNION,US,visa,debit
432120,00-99,TTCU FEDERAL CREDIT UNION,US,visa,debit
432121,00-99,TTCU FEDERAL CREDIT UNION,US,visa,debit
432122,00-99,TTCU FEDERAL CREDIT UNION,US,visa,debit
432123,00-99,TTCU FEDERAL CREDIT UNION,US,visa,debit
432124,00-99,TTCU FEDERAL CREDIT UNION,US,visa,debit
432125,00-99,TTCU FEDERAL CREDIT UNION,US,visa,debit
432126,00-99,BANCO POPULAR ESPANOL S.A.,ES,visa,credit
432127,00-99,BANCO POPULAR ESPANOL S.A.,ES,visa,credit
432128,00-99,BANCO POPULAR ESPANOL S.A.,ES,visa,credit
432129,00-99,BANCO POPULAR ESPANOL S.A.,ES,visa,credit
432130,00-99,CHINA CONSTRUCTION BANK CORPORATION,CN,visa,credit
432131,00-99,SCOTIABANK DE COSTA RICA S.A.,CR,visa,debit
432132,00-99,AL RAJHI,MY,visa,credit
432133,00-99,AL RAJHI BANKING AND INVESTMENT CORP.,MY,visa,credit
432134,00-99,AL RAJHI,MY,visa,debit
432135,00-99,AL RAJHI BANKING AND INVESTMENT CORP.,MY,visa,credit
432136,00-99,VANCITY COMMUNITY INVESTMENT BANK (VCIB),CA,visa,debit
432137,00-99,VANCITY COMMUNITY INVESTMENT BANK (VCIB),CA,visa,debit
432138,00-99,R RAPHAEL & SONS PLC,GB,visa,credit
432139,00-99,PRIMER BANCO DEL ISTMO S.A.,PA,visa,credit
432140,00-99,WEX BANK,US,visa,credit
432141,00-99,THE BANK OF EAST ASIA LTD.,HK,visa,debit
432142,00-99,VANCITY COMMUNITY INVESTMENT BANK (VCIB),CA,visa,debit
432143,00-99,VANCITY COMMUNITY INVESTMENT BANK (VCIB),CA,visa,debit
432144,00-99,VANCITY COMMUNITY INVESTMENT BANK (VCIB),CA,visa,debit
432145,00-99,BRAC BANK PLC,BD,visa,credit
432146,00-99,BRAC BANK LTD.,BD,visa,credit
432147,00-99,BRAC BANK PLC,BD,visa,credit
432148,00-99,BRAC BANK LTD.,BD,visa,credit
432149,00-99,BRAC BANK PLC,BD,visa,debit
432150,00-99,VANCITY COMMUNITY INVESTMENT BANK (VCIB),CA,visa,debit
432151,00-99,ABSA BANK MAURITIUS LTD.,MU,visa,credit
432152,00-99,ABSA BANK (MAURITIUS) LTD.,MU,visa,debit
432153,00-99,ABSA BANK (MAURITIUS) LTD.,MU,visa,debit
432154,00-99,VISTA BANK BURKINA,BF,visa,debit
432155,00-99,STANDARD CHARTERED BANK,BD,visa,credit
432156,00-99,BC CARD COMPANY LTD.,KR,visa,credit
432157,00-99,VANCITY COMMUNITY INVESTMENT BANK (VCIB),CA,visa,debit
432158,00-99,CREDIT EUROPE BANK LTD.,RU,visa,credit
432159,00-99,AL RAJHI BANKING AND INVESTMENT CORP.,SA,visa,credit
432160,00-99,JSCB NADRA BANK,UA,visa,credit
432161,00-99,VANCITY COMMUNITY INVESTMENT BANK (VCIB),CA,visa,debit
432162,00-99,BANK GABORONE LTD.,BW,visa,debit
432163,00-99,BANK GABORONE LTD.,BW,visa,debit
432164,00-99,BANK GABORONE LTD.,BW,visa,debit
432165,00-99,BANK GABORONE LTD.,BW,visa,credit
432166,00-99,ALPHA BANK,AL,visa,credit
432167,00-99,SERVIRED SOCIEDAD ESPANOLA DE MEDIOS DE PAGO S.A.,ES,visa,credit
432168,00-99,,IN,visa,debit
432169,00-99,PUBLIC JOINT STOCK COMPANY BANK URALSIB,RU,visa,credit
432170,00-99,PUBLIC JOINT-STOCK COMPANY SOVCOMBANK,RU,visa,credit
432171,00-99,PUBLIC JOINT-STOCK COMPANY SOVCOMBANK,RU,visa,debit
432172,00-99,CONTECNICA S.A.,GT,visa,credit
432173,00-99,CONTECNICA S.A.,GT,visa,credit
432174,00-99,CONTECNICA S.A.,GT,visa,credit
432175,00-99,CONTECNICA S.A.,GT,visa,credit
432176,00-99,CONTECNICA S.A.,GT,visa,credit
432177,00-99,CAIXABANK S.A.,ES,visa,credit
432178,00-99,KBC BANK BULGARIA EAD,BG,visa,credit
432179,00-99,RAIFFEISENBANK (BULGARIA) EAD,BG,visa,credit
432180,00-99,TTCU FEDERAL CREDIT UNION,US,visa,debit
432181,00-99,TTCU FEDERAL CREDIT UNION,US,visa,debit
432182,00-99,TTCU FEDERAL CREDIT UNION,US,visa,debit
432183,00-99,TTCU FEDERAL CREDIT UNION,US,visa,debit
432184,00-99,TTCU FEDERAL CREDIT UNION,US,visa,debit
432185,00-99,TTCU FEDERAL CREDIT UNION,US,visa,debit
432186,00-99,HSBC BANK USA N.A.,US,visa,credit
432187,00-99,HSBC BANK USA N.A.,US,visa,credit
432188,00-99,HSBC BANK USA N.A.,US,visa,credit
432189,00-99,HSBC BANK USA N.A.,US,visa,credit
432190,00-99,VANCITY COMMUNITY INVESTMENT BANK (VCIB),CA,visa,debit
432191,00-99,BANISI S.A.,PA,visa,credit
432192,00-99,BANISI S.A.,PA,visa,credit
432193,00-99,BANQUE MISR,AE,visa,credit
432194,00-99,VANCITY COMMUNITY INVESTMENT BANK (VCIB),CA,visa,debit
432195,00-99,VANCITY COMMUNITY INVESTMENT BANK (VCIB),CA,visa,debit
432196,00-99,VANCITY COMMUNITY INVESTMENT BANK (VCIB),CA,visa,debit
432197,00-99,ERGO BANK,US,visa,debit
432198,00-99,AXIS BANK LTD.,IN,visa,debit
432199,00-99,INDIAN BANK,IN,visa,debit
432200,00-99,KEYBANK N.A.,US,visa,credit
432201,00-99,R-BANK JSC,BY,visa,debit
432202,00-99,UNITED OVERSEAS BANK (MALAYSIA) BHD,MY,visa,credit
432203,00-99,UNITED OVERSEAS BANK (MALAYSIA) BHD,MY,visa,credit
432204,00-99,CITIBANK,MY,visa,credit
432205,00-99,UNITED OVERSEAS BANK (MALAYSIA) BHD,MY,visa,credit
432206,00-99,CITIBANK,MY,visa,credit
432207,00-99,CITIBANK,MY,visa,credit
432208,00-99,SOUND CREDIT UNION,US,visa,debit
432209,00-99,WELLS FARGO BANK N.A.,US,visa,credit
432210,00-99,BANQUE LAURENTIENNE DU CANADA,CA,visa,credit
432211,00-99,BANQUE LAURENTIENNE DU CANADA,CA,visa,credit
432212,00-99,BANQUE LAURENTIENNE DU CANADA,CA,visa,credit
432213,00-99,BANQUE LAURENTIENNE DU CANADA,CA,visa,credit
432214,00-99,BANQUE LAURENTIENNE DU CANADA,CA,visa,credit
432215,00-99,BANQUE LAURENTIENNE DU CANADA,CA,visa,credit
432216,00-99,BANQUE LAURENTIENNE DU CANADA,CA,visa,credit
432217,00-99,BANQUE LAURENTIENNE DU CANADA,CA,visa,credit
432218,00-99,BANQUE LAURENTIENNE DU CANADA,CA,visa,credit
432219,00-99,BANQUE LAURENTIENNE DU CANADA,CA,visa,credit
432220,00-99,STANFORD FEDERAL CREDIT UNION,US,visa,debit
432221,00-99,STATE EMPLOYEES' CREDIT UNION,US,visa,debit
432222,00-99,TTCU FEDERAL CREDIT UNION,US,visa,debit
432223,00-99,STANFORD FEDERAL CREDIT UNION,US,visa,debit
432224,00-99,STANFORD FEDERAL CREDIT UNION,US,visa,debit
432225,00-99,,US,visa,credit
432226,00-99,FIRST CITY MONUMENT BANK LTD.,NG,visa,credit
432227,00-99,UNITED BANK LTD.,BH,visa,debit
432228,00-99,,US,visa,credit
432229,00-99,UNITED BANK LTD.,QA,visa,debit
432230,00-99,,US,visa,credit
432231,00-99,R-BANK JSC,BY,visa,debit
432232,00-99,PJSC TRUSTBANK,BY,visa,debit
432233,00-99,,BY,visa,debit
432234,00-99,FIRST ABU DHABI BANK PJSC,AE,visa,credit
432235,00-99,FIRST ABU DHABI BANK PJSC,AE,visa,credit
432236,00-99,FIRST ABU DHABI BANK PJSC,AE,visa,credit
432237,00-99,FIRST ABU DHABI BANK PJSC,AE,visa,credit
432238,00-99,NATIONAL BANK OF ABODHABI,AE,visa,debit
432239,00-99,PROCARD S.A.,PY,visa,credit
432240,00-99,PROCARD S.A.,PY,visa,credit
432241,00-99,FIRST NATIONAL BANK AND TRUST COMPANY,US,visa,debit
432242,00-99,BLAZE CREDIT UNION,US,visa,debit
432243,00-99,BLAZE CREDIT UNION,US,visa,debit
432244,00-99,BLAZE CREDIT UNION,US,visa,credit
432245,00-99,HORIZON BANK SSB,US,visa,debit
432246,00-99,UNITED BANK FOR AFRICA GHANA LTD.,GH,visa,credit
432247,00-99,OMNIBANK GHANA LTD.,GH,visa,credit
432248,00-99,UNITED BANK FOR AFRICA GHANA LTD.,GH,visa,credit
432249,00-99,UNITED BANK FOR AFRICA GHANA LTD.,GH,visa,debit
432250,00-99,BANCO DE LA PROVINCIA DE BUENOS AIRES,AR,visa,debit
432251,00-99,BANCO DE LA PROVINCIA DE BUENOS AIRES,AR,visa,debit
432252,00-99,ALIF BANK OJSC,TJ,visa,credit
432253,00-99,CSCBANK S.A.L.,LB,visa,credit
432254,00-99,ING BANK N.V.,RO,visa,debit
432255,00-99,ING BANK N.V.,RO,visa,debit
432256,00-99,MASHREQBANK,AE,visa,credit
432257,00-99,REPUBLIC BANK (GUYANA) LTD.,GY,visa,credit
432258,00-99,BANCO PROMERICA S.A.,HN,visa,credit
432259,00-99,PUBLIC JOINT STOCK COMPANY BANK URALSIB,RU,visa,debit
432260,00-99,PUBLIC JOINT STOCK COMPANY BANK URALSIB,RU,visa,debit
432261,00-99,ERSTE BANK AD NOVI SAD,RS,visa,debit
432262,00-99,ERSTE BANK AD NOVI SAD,RS,visa,debit
432263,00-99,ERSTE BANK AD NOVI SAD,RS,visa,credit
432264,00-99,CAIXABANK S.A.,ES,visa,credit
432265,00-99,CAIXABANK S.A.,ES,visa,debit
432266,00-99,BLAZE CREDIT UNION,US,visa,credit
432267,00-99,SPIRE CREDIT UNION,US,visa,debit
432268,00-99,SPIRE CREDIT UNION,US,visa,credit
432269,00-99,FIRST MID BANCSHARES INC.,US,visa,debit
432270,00-99,PREMIER BANK NATIONAL ASSOCIATION,US,visa,debit
432271,00-99,SAASTOPANKKIEN KESKUSPANKKI SUOMI OYJ,FI,visa,debit
432272,00-99,SAASTOPANKKIEN KESKUSPANKKI SUOMI OYJ,FI,visa,debit
432273,00-99,SUOMEN LUOTTO-OSUUSKUNTA,FI,visa,debit
432274,00-99,SUOMEN LUOTTO-OSUUSKUNTA,FI,visa,debit
432275,00-99,BONUM PANKKI OYJ,FI,visa,debit
432276,00-99,BONUM PANKKI OYJ,FI,visa,debit
432277,00-99,OP CARD COMPANY PLC,FI,visa,debit
432278,00-99,OP CARD COMPANY PLC,FI,visa,debit
432279,00-99,BANCA MORA S.A.,AD,visa,credit
432280,00-99,BANCA MORA S.A.,AD,visa,debit
432281,00-99,I & M BANK (UGANDA) LTD.,UG,visa,debit
432282,00-99,ORIENT BANK LTD.,UG,visa,debit
432283,00-99,ORIENT BANK LTD.,UG,visa,debit
432284,00-99,ALBARAKA TURK KATILIM BANKASI A.S.,TR,visa,credit
432285,00-99,ALBARAKA TURK KATILIM BANKASI A.S.,TR,visa,credit
432286,00-99,TELLER A.S.,NO,visa,debit
432287,00-99,TELLER A.S.,NO,visa,debit
432288,00-99,ABSA BANK MOCAMBIQUE S.A.,MZ,visa,debit
432289,00-99,VISA EUROPE LTD.,CZ,visa,debit
432290,00-99,BANCO PROMERICA S.A.,HN,visa,credit
432291,00-99,VILLAGE BANK AND TRUST,US,visa,debit
432292,00-99,METRO CU FEDERAL CREDIT UNION,US,visa,credit
432293,00-99,METRO CU FEDERAL CREDIT UNION,US,visa,debit
432294,00-99,METRO CU FEDERAL CREDIT UNION,US,visa,credit
432295,00-99,INB NATIONAL ASSOCIATION,US,visa,debit
432296,00-99,METRO CREDIT UNION,US,visa,credit
432297,00-99,,US,visa,debit
432298,00-99,THE PADUCAH BANK AND TRUST COMPANY,US,visa,debit
432299,00-99,NORTHWEST FEDERAL CREDIT UNION,US,visa,credit
432300,00-99,JPMORGAN CHASE BANK N.A.,US,visa,credit
432301,00-99,JPMORGAN CHASE BANK N.A.,US,visa,credit
432302,00-99,JPMORGAN CHASE BANK N.A.,US,visa,credit
432303,00-99,JPMORGAN CHASE BANK N.A.,US,visa,credit
432304,00-99,JPMORGAN CHASE BANK N.A.,US,visa,credit
432305,00-99,,US,visa,debit
432306,00-99,FIDELITY BANK,US,visa,debit
432307,00-99,SIMMESPORT STATE BANK,US,visa,debit
432308,00-99,MBSB BANK BERHAD,MY,visa,debit
432309,00-99,BANK OF TENNESSEE,US,visa,debit
432310,00-99,MBSB BANK BERHAD,MY,visa,debit
432311,00-99,BANK OF AMERICA NATIONAL ASSOCIATION,US,visa,credit
432312,00-99,WRIGHT-PATT CREDIT UNION INC.,US,visa,debit
432313,00-99,STERLING BANK,US,visa,debit
432314,00-99,BANCCENTRAL N.A.,US,visa,debit
432315,00-99,NOBLE FEDERAL CREDIT UNION,US,visa,debit
432316,00-99,ST. CLOUD FINANCIAL CREDIT UNION,US,visa,credit
432317,00-99,ST. CLOUD FINANCIAL CREDIT UNION,US,visa,credit
432318,00-99,ST. CLOUD FINANCIAL CREDIT UNION,US,visa,debit
432319,00-99,E. SUN COMMERCIAL BANK LTD.,TW,visa,credit
432320,00-99,,JP,visa,credit
432321,00-99,ORIENT CORPORATION,JP,visa,debit
432322,00-99,UBS AG,CH,visa,debit
432323,00-99,WELLS FARGO BANK N.A.,US,visa,debit
432324,00-99,,JP,visa,credit
432325,00-99,,JP,visa,credit
432326,00-99,ALINMA BANK,SA,visa,credit
432327,00-99,ALINMA BANK,SA,visa,credit
432328,00-99,ALINMA BANK,SA,visa,debit
432329,00-99,WELLS FARGO BANK N.A.,US,visa,debit
432330,00-99,,JP,visa,credit
432331,00-99,YOUNG AMERICANS BANK,US,visa,debit
432332,00-99,,JP,visa,credit
432333,00-99,,JP,visa,credit
432334,00-99,JSC ACCENT-BANK,UA,visa,debit
432335,00-99,JSC ACCENT-BANK,UA,visa,credit
432336,00-99,CJSC AKTSENT BANK,UA,visa,debit
432337,00-99,CJSC AKTSENT BANK,UA,visa,debit
432338,00-99,JSC ACCENT-BANK,UA,visa,debit
432339,00-99,CJSC AKTSENT BANK,UA,visa,debit
432340,00-99,JSC ACCENT-BANK,UA,visa,credit
432341,00-99,UNIBANCA S.A.,PE,visa,credit
432342,00-99,UNIBANCA S.A.,PE,visa,credit
432343,00-99,UNIBANCA S.A.,PE,visa,credit
432344,00-99,E. SUN COMMERCIAL BANK LTD.,TW,visa,credit
432345,00-99,BANCO BILBAO VIZCAYA ARGENTARIA COLOMBIA S.A. BBVA COLOMBIA,CO,visa,credit
432346,00-99,BANCO BILBAO VIZCAYA ARGENTARIA COLOMBIA S.A. BBVA COLOMBIA,CO,visa,credit
432347,00-99,AUSTROBANK OVERSEAS (PANAMA) S.A.,PA,visa,credit
432348,00-99,FIRST CARIBBEAN INTERNATIONAL BANK (TRINIDAD & TOBAGO) LTD.,TT,visa,credit
432349,00-99,FIRST CARIBBEAN INTERNATIONAL BANK (TRINIDAD & TOBAGO) LTD.,TT,visa,credit
432350,00-99,FIRST CARIBBEAN INTERNATIONAL BANK (TRINIDAD & TOBAGO) LTD.,TT,visa,credit
432351,00-99,FIRSTCARIBBEAN INTERNATIONAL BANK (CAYMAN) LTD.,CW,visa,credit
432352,00-99,FIRSTCARIBBEAN INTERNATIONAL BANK (CAYMAN) LTD.,CW,visa,credit
432353,00-99,,CW,visa,credit
432354,00-99,ASOCIACION PERAVIA DE AHORROS Y PRESTAMOS,DO,visa,debit
432355,00-99,FIRSTCARIBBEAN INTERNATIONAL BANK (BAHAMAS) LTD.,BS,visa,debit
432356,00-99,FIRSTCARIBBEAN INTERNATIONAL BANK (JAMAICA) LTD.,JM,visa,debit
432357,00-99,FIRST CARIBBEAN INTERNATIONAL BANK (TRINIDAD & TOBAGO) LTD.,TT,visa,debit
432358,00-99,COMENITY CAPITAL BANK,US,visa,credit
432359,00-99,COMENITY CAPITAL BANK,US,visa,credit
432360,00-99,WELLS FARGO BANK N.A.,US,visa,debit
432361,00-99,WELLS FARGO BANK N.A.,US,visa,debit
432362,00-99,UNITEDONE CREDIT UNION,US,visa,debit
432363,00-99,BANK OF THE SIERRA,US,visa,credit
432364,00-99,WELLS FARGO BANK N.A.,US,visa,debit
432365,00-99,1ST MIDAMERICA CREDIT UNION,US,visa,debit
432366,00-99,SERVICE CREDIT UNION,US,visa,debit
432367,00-99,THE CONVERSE COUNTY BANK,US,visa,debit
432368,00-99,UFCW LOCAL 1776 FEDERAL CREDIT UNION,US,visa,credit
432369,00-99,WELLS FARGO BANK N.A.,US,visa,debit
432370,00-99,WELLS FARGO BANK N.A.,US,visa,debit
432371,00-99,WELLS FARGO BANK NATIONAL ASSOCIATION,US,US,visa
432372,00-99,WELLS FARGO BANK NATIONAL ASSOCIATION,US,visa,debit
432373,00-99,SOCIAL ISLAMI BANK LTD.,BD,visa,debit
432374,00-99,WELLS FARGO BANK NATIONAL ASSOCIATION,US,US,visa
432375,00-99,WELLS FARGO BANK N.A.,US,visa,debit
432376,00-99,WELLS FARGO BANK NATIONAL ASSOCIATION,US,US,visa
432377,00-99,WELLS FARGO BANK NATIONAL ASSOCIATION,US,visa,debit
432378,00-99,WELLS FARGO BANK NATIONAL ASSOCIATION,US,visa,debit
432379,00-99,WELLS FARGO BANK NATIONAL ASSOCIATION,US,visa,debit
432380,00-99,WELLS FARGO BANK N.A.,US,visa,debit
432381,00-99,THE BANCORP BANK NATIONAL ASSOCIATION,US,visa,debit
432382,00-99,WELLS FARGO BANK N.A.,US,visa,debit
432383,00-99,WELLS FARGO BANK NATIONAL ASSOCIATION,US,US,visa
432384,00-99,WELLS FARGO BANK NATIONAL ASSOCIATION,US,US,visa
432385,00-99,WELLS FARGO BANK N.A.,US,visa,debit
432386,00-99,WELLS FARGO BANK NATIONAL ASSOCIATION,US,visa,debit
432387,00-99,RAILWAYS CREDIT UNION LTD.,AU,visa,credit
432388,00-99,WELLS FARGO BANK NATIONAL ASSOCIATION,US,visa,debit
432389,00-99,WELLS FARGO BANK NATIONAL ASSOCIATION,US,visa,debit
432390,00-99,COMMUNITY BANK DELAWARE,US,visa,debit
432391,00-99,WELLS FARGO BANK N.A.,US,visa,debit
432392,00-99,WELLS FARGO BANK NATIONAL ASSOCIATION,US,visa,debit
432393,00-99,WELLS FARGO BANK NATIONAL ASSOCIATION,US,visa,debit
432394,00-99,BANCO DE COSTA RICA,CR,visa,debit
432395,00-99,BANCO DE COSTA RICA,CR,visa,debit
432396,00-99,,US,visa,debit
432397,00-99,CONNEXUS CREDIT UNION,US,visa,credit
432398,00-99,WMCU,US,visa,debit
432399,00-99,WYHY FEDERAL CREDIT UNION,US,visa,debit
432400,00-99,COLUMBUS BANK AND TRUST COMPANY,US,visa,credit
432401,00-99,COLUMBUS BANK AND TRUST COMPANY,US,visa,credit
432402,00-99,COLUMBUS BANK AND TRUST COMPANY,US,visa,credit
432403,00-99,BANCO PANAMENO DE LA VIVIENDA S.A.,PA,visa,credit
432404,00-99,BANCO PANAMENO DE LA VIVIENDA S.A.,PA,visa,credit
432405,00-99,BANCO PANAMENO DE LA VIVIENDA S.A.,PA,visa,credit
432406,00-99,KBC BANKA AD BELGRADE,RS,visa,credit
432407,00-99,KBC BANKA AD BELGRADE,RS,visa,debit
432408,00-99,KBC BANKA AD BELGRADE,RS,visa,debit
432409,00-99,A BANKA A.D. BEOGRAD,RS,visa,credit
432410,00-99,OMAN ARAB BANK SAO,OM,visa,debit
432411,00-99,SEYCHELLES COMMERCIAL BANK LTD.,SC,visa,debit
432412,00-99,BANCO PARA EL FOMENTO A INICIATIVAS ECONOMICAS S.A. (BANCO FIE S.A.),BO,visa,credit
432413,00-99,LINKSER SERVICIOS BANCARIOS AUXILIARES S.A.,BO,visa,credit
432414,00-99,SEYCHELLES SAVINGS BANK LTD.,SC,visa,debit
432415,00-99,OMAN ARAB BANK SAO,OM,visa,debit
432416,00-99,ABANKA D.D.,SI,visa,debit
432417,00-99,PUBLIC JOINT-STOCK COMPANY BANK OTKRITIE FINANCIAL CORPORATION,RU,visa,debit
432418,00-99,COOPERATIVE CHOICE NETWORK CREDIT UNION,US,visa,debit
432419,00-99,FIRST WESTERN BANK & TRUST,US,visa,credit
432420,00-99,MIDLAND STATES BANK,US,visa,debit
432421,00-99,SOCIETE GENERALE DE BANQUES AU SENEGAL,SN,visa,debit
432422,00-99,SOCIETE GENERALE DE BANQUES AU SENEGAL,SN,visa,debit
432423,00-99,NATIONAL BANK OF KUWAIT S.A.K.,KW,visa,credit
432424,00-99,RIVERSIDE COMMUNITY CREDIT UNION,US,visa,debit
432425,00-99,SERVICE CREDIT UNION,US,visa,credit
432426,00-99,FIDELITY BANK,US,visa,debit
432427,00-99,,BR,visa,debit
432428,00-99,BANCO ATLANTIDA S.A.,HN,visa,credit
432429,00-99,NATIONAL COMMERCIAL BANK JAMAICA LTD.,JM,visa,credit
432430,00-99,CIBC BANK USA,US,visa,credit
432431,00-99,BANQUE MAROCAINE DU COMMERCE EXTERIEUR,MA,visa,debit
432432,00-99,OP COOPERATIVE,FI,visa,debit
432433,00-99,JSC BANK SNGB,RU,visa,debit
432434,00-99,CAPITEC BANK LTD.,ZA,visa,debit
432435,00-99,SWEDBANK AB,LT,visa,credit
432436,00-99,BANK OF AFRICA - BMCE GROUP,MA,visa,debit
432437,00-99,UNITED BANK FOR AFRICA MO AMBIQUE SA,MZ,visa,debit
432438,00-99,THE COMMERCIAL BANK OF QATAR (Q.S.C.),QA,visa,credit
432439,00-99,BANK OF VALLETTA P.L.C,MT,visa,debit
432440,00-99,HELM BANK S.A.,CO,visa,debit
432441,00-99,BANCO DEL PAIS S.A.,HN,visa,credit
432442,00-99,PT. BANK MNC INTERNASIONAL TBK.,ID,visa,credit
432443,00-99,PT. BANK MNC INTERNASIONAL TBK.,ID,visa,credit
432444,00-99,BGFIBANK GUINEE EQUATORIALE,GQ,visa,debit
432445,00-99,NATIONAL FEDERATION OF FISHERIES COOPERATIVES,KR,visa,credit
432446,00-99,,US,visa,credit
432447,00-99,BANCO UNO S.A.,NI,visa,debit
432448,00-99,BANCO DEL PACIFICO S.A.,EC,visa,credit
432449,00-99,PT BANK DANAMON INDONESIA TBK,ID,visa,credit
432450,00-99,CHINA UNIONPAY CO. LTD.,CN,visa,credit
432451,00-99,BANCO BPM SOCIETA PER AZIONI,IT,visa,credit
432452,00-99,BANCO BPM SOCIETA PER AZIONI,IT,visa,credit
432453,00-99,BANCO BPM SOCIETA PER AZIONI,IT,visa,credit
432454,00-99,BANCO BPM SOCIETA PER AZIONI,IT,visa,credit
432455,00-99,BANCO BPM SOCIETA PER AZIONI,IT,visa,credit
432456,00-99,BANCO BPM SOCIETA PER AZIONI,IT,visa,credit
432457,00-99,JSC KREDOBANK,UA,visa,credit
432458,00-99,JSC KREDOBANK,UA,visa,credit
432459,00-99,JSC KREDOBANK,UA,visa,credit
432460,00-99,BANCO DE AHORRO Y CREDITO DE LAS AMERICAS,DO,visa,credit
432461,00-99,BANCO DE AHORRO Y CREDITO DE LAS AMERICAS,DO,visa,credit
432462,00-99,BANCO DE AHORRO Y CREDITO DE LAS AMERICAS,DO,visa,credit
432463,00-99,BANCO MULTIPLE DE LAS AMERICAS S.A. (BANCAMERICA),DO,visa,credit
432464,00-99,SUOMEN LUOTTO-OSUUSKUNTA,FI,visa,debit
432465,00-99,INDUE LTD.,AU,visa,debit
432466,00-99,OSUUSPANKKI,FI,visa,credit
432467,00-99,OP CARD COMPANY PLC,FI,visa,credit
432468,00-99,OP CARD COMPANY PLC,FI,visa,debit
432469,00-99,PROVISIONAL BID - Q-EXPRESS ONLINE OY,FI,visa,debit
432470,00-99,,UA,visa,debit
432471,00-99,,US,visa,credit
432472,00-99,,US,visa,credit
432473,00-99,BANQUE MAROCAINE POUR LE COMMERCE ET LINDUSTRIE,MA,visa,debit
432474,00-99,BANQUE MAROCAINE POUR LE COMMERCE ET LINDUSTRIE,MA,visa,credit
432475,00-99,BGFIBANK GUINEE EQUATORIALE,GQ,visa,debit
432476,00-99,BANK OF AFRICA - BMCE GROUP,MA,visa,debit
432477,00-99,BANKA KOMBETARE TREGTARE SH.A,AL,visa,credit
432478,00-99,BANKA KOMBETARE TREGTARE SH.A,AL,visa,credit
432479,00-99,BANKA KOMBETARE TREGTARE SH.A,AL,visa,debit
432480,00-99,BANKA KOMBETARE TREGTARE SH.A.,AL,visa,debit
432481,00-99,NLB BANKA,MK,visa,credit
432482,00-99,NLB BANKA,MK,visa,credit
432483,00-99,NLB BANKA,MK,visa,credit
432484,00-99,NLB BANKA,MK,visa,debit
432485,00-99,NLB TUTUNSKA BANKA AD SKOPJE,MK,visa,credit
432486,00-99,NLB TUTUNSKA BANKA AD SKOPJE,MK,visa,credit
432487,00-99,FNB MOCAMBIQUE SA,MZ,visa,debit
432488,00-99,,AZ,visa,debit
432489,00-99,,AZ,visa,debit
432490,00-99,BANCO DE EXPORTACION S.A.,GT,visa,debit
432491,00-99,BANCO DE EXPORTACION S.A.,GT,visa,debit
432492,00-99,,US,visa,credit
432493,00-99,,US,visa,credit
432494,00-99,COLUMBUS BANK AND TRUST COMPANY,US,visa,credit
432495,00-99,ATTICA BANK S.A.,GR,visa,credit
432496,00-99,ATTICA BANK S.A.,GR,visa,debit
432497,00-99,PIRAEUS BANK S.A.,GR,visa,credit
432498,00-99,CREDIT BANK OF MOSCOW,RU,visa,debit
432499,00-99,KUTXA BANK S.A.,ES,visa,credit
432500,00-99,WHEELER COUNTY STATE BANK,US,visa,debit
432501,00-99,,US,visa,credit
432502,00-99,,US,visa,credit
432503,00-99,ARAB BANK PLC,JO,visa,credit
432504,00-99,ARAB BANK PLC,EG,visa,credit
432505,00-99,BANK HANDLOWY W WARSZAWIE S.A.,PL,visa,credit
432506,00-99,ARAB BANK PLC,PS,visa,credit
432507,00-99,ARAB BANK PLC,EG,visa,credit
432508,00-99,KUWAIT FINANCE HOUSE,KW,visa,debit
432509,00-99,ARAB BANK PLC,PS,visa,credit
432510,00-99,WMCU,US,visa,debit
432511,00-99,ARAB BANK PLC,CY,visa,credit
432512,00-99,THE HOUSING BANK FOR TRADE & FINANCE,PS,visa,credit
432513,00-99,CENTRAL BANK OF KANSAS CITY,US,visa,debit
432514,00-99,BGFIBANK GUINEE EQUATORIALE,GQ,visa,debit
432515,00-99,JPMORGAN CHASE BANK N.A.,US,visa,credit
432516,00-99,JPMORGAN CHASE BANK N.A.,US,visa,credit
432517,00-99,CITIBANK NATIONAL ASSOCIATION,VN,visa,credit
432518,00-99,,US,visa,credit
432519,00-99,FREEDOM CREDIT UNION,US,visa,credit
432520,00-99,JPMORGAN CHASE BANK N.A.,US,visa,credit
432521,00-99,SANTANDER BANK POLSKA S.A.,PL,visa,credit
432522,00-99,PNC BANK NATIONAL ASSOCIATION - CONSUMER CREDIT,US,visa,credit
432523,00-99,SERVICE CREDIT UNION,US,visa,debit
432524,00-99,COMMUNITY TRUST BANK INC.,US,visa,debit
432525,00-99,JORDAN KUWAIT BANK,JO,visa,credit
432526,00-99,THE BANK OF MISSOURI,US,visa,debit
432527,00-99,NICOLET NATIONAL BANK,US,visa,debit
432528,00-99,UNICREDIT BANK HUNGARY ZRT.,HU,visa,debit
432529,00-99,CITIBANK RT.,HU,visa,debit
432530,00-99,CITIBANK RT.,HU,visa,debit
432531,00-99,CENTRAL BANK,US,visa,debit
432532,00-99,ARAB EUROPE BANK,GR,visa,credit
432533,00-99,ARAB EUROPE BANK,CY,visa,credit
432534,00-99,MODULR FS LTD.,GB,visa,debit
432535,00-99,MODULR FS LTD.,GB,visa,debit
432536,00-99,JPMORGAN CHASE BANK N.A.,US,visa,credit
432537,00-99,ARAB EUROPE BANK,GR,visa,credit
432538,00-99,JPMORGAN CHASE BANK N.A.,US,visa,credit
432539,00-99,CLB THE COMMUNITY BANK,US,visa,debit
432540,00-99,MIDCOUNTRY BANK,US,visa,debit
432541,00-99,SERVICE CREDIT UNION,US,visa,credit
432542,00-99,JPMORGAN CHASE BANK N.A.,US,visa,credit
432543,00-99,CENTRAL BANK,US,visa,credit
432544,00-99,HOME BANK SB,US,visa,debit
432545,00-99,JOHNSON FINANCIAL GROUP,US,visa,credit
432546,00-99,JPMORGAN CHASE BANK N.A.,US,visa,credit
432547,00-99,SOCIETE GENERALE DE BANQUES AU CAMEROUN,CM,visa,debit
432548,00-99,PROVIDENCE BANK & TRUST,US,visa,debit
432549,00-99,THE CHANG HWA COMMERCIAL BANK LTD.,TW,visa,debit
432550,00-99,,US,visa,credit
432551,00-99,COMMERCIAL BANK OF CEYLON PLC,LK,visa,debit
432552,00-99,JPMORGAN CHASE BANK N.A.,US,visa,credit
432553,00-99,JPMORGAN CHASE BANK N.A.,US,visa,credit
432554,00-99,ASSOCIATED BANK N.A.,US,visa,debit
432555,00-99,,US,visa,credit
432556,00-99,CREDIT LIBANAIS S.A.L.,LB,visa,credit
432557,00-99,NEDBANK,ZA,visa,debit
432558,00-99,NEDBANK LESOTHO,LS,visa,debit
432559,00-99,NEDBANK LTD.,ZA,visa,debit
432560,00-99,AO UNICREDIT BANK,RU,visa,debit
432561,00-99,,ZA,visa,debit
432562,00-99,JPMORGAN CHASE BANK N.A.,US,visa,credit
432563,00-99,STANDARD BANK OF SOUTH AFRICA LTD.,ZA,visa,credit
432564,00-99,THE STANDARD BANK OF SOUTH AFRICA LTD.,ZA,visa,credit
432565,00-99,STANDARD CHARTERED BANK (HONG KONG) LTD.,HK,visa,credit
432566,00-99,SLATINSKA BANKA D.D.,HR,visa,debit
432567,00-99,BANCO ALIADAS S.A.,CO,visa,credit
432568,00-99,SERVICE CREDIT UNION,US,visa,debit
432569,00-99,AMERICAN BANK AND TRUST COMPANY NATIONAL ASSOCIATION,US,visa,debit
432570,00-99,EDUCATORS CREDIT UNION,US,visa,debit
432571,00-99,COMMERCIAL BANK OF CEYLON PLC,LK,visa,credit
432572,00-99,COMMERCIAL BANK OF CEYLON PLC,LK,visa,credit
432573,00-99,SOCIETE GENERALE DE BANQUES AU CAMEROUN,CM,visa,debit
432574,00-99,BANK OF O'FALLON,US,visa,debit
432575,00-99,INVESTEC BANK (MAURITIUS) LTD.,MU,visa,debit
432576,00-99,WMCU,US,visa,debit
432577,00-99,,US,visa,credit
432578,00-99,ARAB BANK PLC,JO,visa,debit
432579,00-99,ARAB BANK PLC,JO,visa,debit
432580,00-99,ARAB BANK PLC,AE,visa,credit
432581,00-99,ARAB BANK PLC,AE,visa,credit
432582,00-99,ARAB BANK PLC,QA,visa,credit
432583,00-99,ARAB BANK PLC,QA,visa,credit
432584,00-99,ARAB BANK PLC,PS,visa,credit
432585,00-99,ARAB BANK PLC,BH,visa,credit
432586,00-99,ARAB BANK PLC,BH,visa,credit
432587,00-99,ARAB BANK PLC,EG,visa,credit
432588,00-99,ARAB BANK PLC,EG,visa,credit
432589,00-99,ARAB BANK PLC,JO,visa,credit
432590,00-99,,US,visa,debit
432591,00-99,ARAB BANK PLC,JO,visa,credit
432592,00-99,ARAB BANK PLC,LB,visa,credit
432593,00-99,ARAB BANK PLC,LB,visa,credit
432594,00-99,ARAB BANK PLC,YE,visa,credit
432595,00-99,ARAB BANK PLC,YE,visa,credit
432596,00-99,ARAB BANK PLC,JO,visa,credit
432597,00-99,ARAB BANK PLC,JO,visa,credit
432598,00-99,ARAB BANK PLC,PS,visa,credit
432599,00-99,ARAB BANK PLC,PS,visa,credit
432600,00-99,WNC COMMUNITY CREDIT UNION,US,visa,credit
432601,00-99,BANK OF AMERICA NATIONAL ASSOCIATION,US,visa,credit
432602,00-99,THE BANK OF NEVIS LTD.,KN,visa,credit
432603,00-99,PNC FINANCIAL SERVICES GROUP INC.,US,visa,credit
432604,00-99,SKY FEDERAL CREDIT UNION,US,visa,debit
432605,00-99,PENLANCO FEDERAL CREDIT UNION,US,visa,debit
432606,00-99,ARDENT FEDERAL CREDIT UNION,US,visa,credit
432607,00-99,WCU CREDIT UNION,US,visa,debit
432608,00-99,BANK OF AMERICA NATIONAL ASSOCIATION,US,visa,debit
432609,00-99,WELLS FARGO BANK NATIONAL ASSOCIATION,US,visa,debit
432610,00-99,BIBANCA S.P.A.,IT,visa,debit
432611,00-99,ZIONS BANCORPORATION NATIONAL ASSOCIATION,US,visa,credit
432612,00-99,THE SHIZUOKA BANK LTD.,JP,visa,debit
432613,00-99,PRIORITY ONE CREDIT UNION OF FLORIDA,US,visa,debit
432614,00-99,FIRST MERCHANTS BANK,US,visa,debit
432615,00-99,FIRST MERCHANTS BANK,US,visa,debit
432616,00-99,THE DART BANK,US,visa,credit
432617,00-99,JS FINANCE AND TRADE BANK,MD,visa,debit
432618,00-99,JS FINANCE AND TRADE BANK,MD,visa,debit
432619,00-99,WNB FINANCIAL N.A.,US,visa,credit
432620,00-99,CENTRAL BANK OF THE MIDWEST,US,visa,debit
432621,00-99,NEIGHBORHOOD NATIONAL BANK,US,visa,debit
432622,00-99,WELLS FARGO BANK NATIONAL ASSOCIATION,US,visa,credit
432623,00-99,BANK OF TRAVELERS REST,US,visa,debit
432624,00-99,BANK OF AMERICA NATIONAL ASSOCIATION,US,visa,debit
432625,00-99,BANK OF AMERICA NATIONAL ASSOCIATION,US,visa,debit
432626,00-99,BANK OF AMERICA NATIONAL ASSOCIATION,US,visa,debit
432627,00-99,WOORI CARD CO. LTD.,KR,visa,credit
432628,00-99,BANK OF AMERICA NATIONAL ASSOCIATION,US,visa,debit
432629,00-99,BANK OF AMERICA NATIONAL ASSOCIATION,US,visa,debit
432630,00-99,BANK OF AMERICA NATIONAL ASSOCIATION,US,visa,debit
432631,00-99,SOUND FEDERAL CREDIT UNION,US,visa,credit
432632,00-99,WOORI CARD CO. LTD.,KR,visa,debit
432633,00-99,CARROLLTON BANK,US,visa,debit
432634,00-99,BRANCH BANKING AND TRUST COMPANY,US,visa,debit
432635,00-99,BANK OF AMERICA NATIONAL ASSOCIATION,US,visa,debit
432636,00-99,WMCU,US,visa,debit
432637,00-99,,US,visa,debit
432638,00-99,PJSC ROSBANK,RU,visa,credit
432639,00-99,ERIE FEDERAL CREDIT UNION,US,visa,credit
432640,00-99,BANK OF AMERICA NATIONAL ASSOCIATION,US,visa,debit
432641,00-99,WMCU,US,visa,credit
432642,00-99,BANK OF UTICA,US,visa,debit
432643,00-99,WEST VIEW SAVINGS BANK,US,visa,debit
432644,00-99,,US,visa,debit
432645,00-99,BANK OF BELLE GLADE,US,visa,debit
432646,00-99,BANK OF AMERICA NATIONAL ASSOCIATION,US,visa,debit
432647,00-99,,US,visa,credit
432648,00-99,ALLIANCE CREDIT UNION,US,visa,debit
432649,00-99,,US,visa,debit
432650,00-99,PACIFIC PREMIER BANK,US,visa,debit
432651,00-99,ALLTRU FEDERAL CREDIT UNION,US,visa,debit
432652,00-99,CHESSIE FEDERAL CREDIT UNION,US,visa,credit
432653,00-99,AMERICU CREDIT UNION,US,visa,debit
432654,00-99,AMERICA FIRST CREDIT UNION,US,visa,credit
432655,00-99,,US,visa,debit
432656,00-99,METRO CREDIT UNION,US,visa,credit
432657,00-99,AMARILLO NATIONAL BANK,US,visa,debit
432658,00-99,AMARILLO NATIONAL BANK,US,visa,debit
432659,00-99,SOUTHEAST FINANCIAL CREDIT UNION,US,visa,debit
432660,00-99,NORTHWEST FEDERAL CREDIT UNION,US,visa,credit
432661,00-99,FIRST COMMUNITY FEDERAL CREDIT UNION,US,visa,credit
432662,00-99,ARGENT FEDERAL CREDIT UNION,US,visa,credit
432663,00-99,SCENIC COMMUNITY CREDIT UNION,US,visa,debit
432664,00-99,ARROWHEAD CREDIT UNION,US,visa,credit
432665,00-99,ALCOA TENN FEDERAL CREDIT UNION,US,visa,credit
432666,00-99,HARBORONE BANK,US,visa,debit
432667,00-99,BANK OF AMERICA NATIONAL ASSOCIATION,US,visa,credit
432668,00-99,,US,visa,credit
432669,00-99,,US,visa,credit
432670,00-99,,US,visa,debit
432671,00-99,DUPONT COMMUNITY CREDIT UNION,US,visa,debit
432672,00-99,VISIONS FEDERAL CREDIT UNION,US,visa,debit
432673,00-99,CAMBODIA POST BANK PLC.,KH,visa,debit
432674,00-99,TBA CREDIT UNION,US,visa,credit
432675,00-99,GREAT NATIONS BANK,US,visa,debit
432676,00-99,CAMBODIA POST BANK PLC.,KH,visa,credit
432677,00-99,ALLIANCE CREDIT UNION OF FLORIDA,US,visa,debit
432678,00-99,BRB-BANCO DE BRASILIA S.A.,BR,visa,debit
432679,00-99,PROVIDENT BANK AND TRUST OF BELIZE LTD.,BZ,visa,debit
432680,00-99,CHAMPION CREDIT UNION,US,visa,debit
432681,00-99,BANK OF AMERICA NATIONAL ASSOCIATION,US,visa,credit
432682,00-99,BANK OF AMERICA - CONSUMER CREDIT,US,visa,credit
432683,00-99,BANK OF AMERICA - CONSUMER CREDIT,US,visa,credit
432684,00-99,BANK OF AMERICA NATIONAL ASSOCIATION,US,visa,credit
432685,00-99,,US,visa,credit
432686,00-99,GEORGIA HERITAGE FEDERAL CREDIT UNION,US,visa,debit
432687,00-99,RABUN COUNTY BANK,US,visa,debit
432688,00-99,SUNTRUST BANK,US,visa,credit
432689,00-99,BANK OF AMERICA - CONSUMER CREDIT,US,visa,credit
432690,00-99,BANK OF AMERICA - CONSUMER CREDIT,US,visa,credit
432691,00-99,CARD SERVICES FOR CREDIT UNIONS,US,visa,credit
432692,00-99,COMMUNITY FIRST BANKING COMPANY,US,visa,debit
432693,00-99,COMMUNITY FIRST BANKING COMPANY,US,visa,debit
432694,00-99,COMMUNITY CREDIT UNION OF LYNN,US,visa,debit
432695,00-99,U.S. BANK N.A.,US,visa,credit
432696,00-99,BANK OF AMERICA - CONSUMER CREDIT,US,visa,credit
432697,00-99,PNC FINANCIAL SERVICES GROUP INC.,US,visa,debit
432698,00-99,COMMUNITY BANK N.A.,US,visa,debit
432699,00-99,WESTMARK CREDIT UNION,US,visa,debit
432700,00-99,COMMUNITY FEDERAL SAVINGS BANK,US,visa,credit
432701,00-99,BOK FINANCIAL,US,visa,debit
432702,00-99,BOK FINANCIAL,US,visa,debit
432703,00-99,BANCA MORA S.A.,AD,visa,debit
432704,00-99,LIANLIAN INTERNATIONAL COMPANY LTD.,HK,visa,credit
432705,00-99,HONG KONG AND SHANGHAI BANKING CORP. LTD.,LK,visa,credit
432706,00-99,WOORI CARD CO. LTD.,KR,visa,debit
432707,00-99,HONG KONG AND SHANGHAI BANKING CORP. LTD.,IN,visa,credit
432708,00-99,,BN,visa,credit
432709,00-99,HONG KONG AND SHANGHAI BANKING CORP. LTD.,MO,visa,credit
432710,00-99,HONG KONG AND SHANGHAI BANKING CORP. LTD.,CN,visa,credit
432711,00-99,ICBA BANCARD INC.,US,visa,debit
432712,00-99,NORTH CAROLINA STATE EMPLOYEES' CREDIT UNION,US,visa,debit
432713,00-99,REGIONS BANK,US,visa,credit
432714,00-99,KITSAP CREDIT UNION,US,visa,credit
432715,00-99,GEORGIA UNITED CREDIT UNION,US,visa,credit
432716,00-99,ICICI BANK LTD.,IN,visa,debit
432717,00-99,UNIFY FINANCIAL FEDERAL CREDIT UNION,US,visa,credit
432718,00-99,PENFED C.U,US,visa,debit
432719,00-99,GREEN DOT BANK DBA BONNEVILLE BANK,US,visa,credit
432720,00-99,ARAB JORDAN INVESTMENT BANK,JO,visa,credit
432721,00-99,ARAB JORDAN INVESTMENT BANK,JO,visa,credit
432722,00-99,INOVA FEDERAL CREDIT UNION,US,visa,debit
432723,00-99,COVENANT BANK,US,visa,debit
432724,00-99,,US,visa,debit
432725,00-99,FIRST NATIONAL BANK IN SIOUX FALLS,US,visa,debit
432726,00-99,RICHLAND STATE BANK,US,visa,debit
432727,00-99,ICICI BANK LTD.,IN,visa,debit
432728,00-99,BANCO DO BRASIL S.A.,BR,visa,credit
432729,00-99,BANCO DO BRASIL,BR,visa,credit
432730,00-99,NORTH CAROLINA STATE EMPLOYEES' CREDIT UNION,US,visa,debit
432731,00-99,NORTH CAROLINA STATE EMPLOYEES' CREDIT UNION,US,visa,debit
432732,00-99,TORCH LAKE FEDERAL CREDIT UNION,US,visa,debit
432733,00-99,VERUS BANK OF COMMERCE,US,visa,debit
432734,00-99,WESTERN COOPERATIVE CREDIT UNION,US,visa,debit
432735,00-99,WELLS FARGO BANK N.A.,US,visa,debit
432736,00-99,BANK OF THE WEST,US,visa,debit
432737,00-99,BANK OF TENNESSEE,US,visa,debit
432738,00-99,NORTH CAROLINA STATE EMPLOYEES' CREDIT UNION,US,visa,debit
432739,00-99,STATE EMPLOYEES' CREDIT UNION,US,visa,debit
432740,00-99,ELGA CREDIT UNION,US,visa,debit
432741,00-99,ALTAONE FEDERAL CREDIT UNION,US,visa,debit
432742,00-99,KIWIBANK LTD.,NZ,visa,credit
432743,00-99,FIRST NATIONAL BANK OF OMAHA,US,visa,credit
432744,00-99,MIDDLETOWN STATE BANK,US,visa,debit
432745,00-99,BARCLAYS BANK DELAWARE,US,visa,credit
432746,00-99,REVOLUT TECHNOLOGIES JAPAN INC.,JP,visa,debit
432747,00-99,BARCLAYS BANK DELAWARE,US,visa,credit
432748,00-99,REVOLUT TECHNOLOGIES JAPAN INC.,JP,visa,debit
432749,00-99,WELLS FARGO BANK NATIONAL ASSOCIATION,US,US,visa
432750,00-99,GENISYS CREDIT UNION,US,visa,credit
432751,00-99,GENISYS CREDIT UNION,US,visa,credit
432752,00-99,CARD SERVICES FOR CREDIT UNIONS,US,visa,credit
432753,00-99,REVOLUT TECHNOLOGIES JAPAN INC.,JP,visa,debit
432754,00-99,CARD SERVICES FOR CREDIT UNIONS,US,visa,credit
432755,00-99,CREDIT UNION OF RICHMOND INCORPORATED,US,visa,credit
432756,00-99,U.P. STATE CREDIT UNION,US,visa,credit
432757,00-99,CARD SERVICES FOR CREDIT UNIONS,US,visa,credit
432758,00-99,CARD SERVICES FOR CREDIT UNIONS,US,visa,credit
432759,00-99,HARBORLIGHT CREDIT UNION,US,visa,credit
432760,00-99,CARD SERVICES FOR CREDIT UNIONS,US,visa,credit
432761,00-99,EMERALD CREDIT UNION INC.,US,visa,credit
432762,00-99,STRAITS AREA FEDERAL CREDIT UNION,US,visa,credit
432763,00-99,FORGE FEDERAL CREDIT UNION,US,visa,credit
432764,00-99,NUVISTA FEDERAL CREDIT UNION,US,visa,credit
432765,00-99,LEHIGH VALLEY EDUCATORS CREDIT UNION,US,visa,credit
432766,00-99,SEVENFOLD FEDERAL CREDIT UNION,US,visa,credit
432767,00-99,PENINSULA FEDERAL CREDIT UNION,US,visa,credit
432768,00-99,SAMSUNG CARD CO. LTD,KR,visa,credit
432769,00-99,CARD SERVICES FOR CREDIT UNIONS,US,visa,credit
432770,00-99,CARD SERVICES FOR CREDIT UNIONS,US,visa,credit
432771,00-99,CARD SERVICES FOR CREDIT UNIONS,US,visa,credit
432772,00-99,CARD SERVICES FOR CREDIT UNIONS,US,visa,credit
432773,00-99,FIRST STATE BANK OF DEKALB COUNTY,US,visa,credit
432774,00-99,NORTH CAROLINA STATE EMPLOYEES' CREDIT UNION,US,visa,debit
432775,00-99,SERVICE CREDIT UNION,US,visa,debit
432776,00-99,PRIME FINANCIAL CREDIT UNION,US,visa,debit
432777,00-99,PRIME FINANCIAL CREDIT UNION,US,visa,debit
432778,00-99,,US,visa,credit
432779,00-99,,US,visa,credit
432780,00-99,COMPUTER SERVICES INC.,US,visa,debit
432781,00-99,,RU,visa,debit
432782,00-99,,RU,visa,debit
432783,00-99,,RU,visa,debit
432784,00-99,JSC SILK BANK,GE,visa,credit
432785,00-99,JSC SILK BANK,GE,visa,credit
432786,00-99,JSC BTA SILK ROAD BANK,GE,visa,debit
432787,00-99,JSC BTA SILK ROAD BANK,GE,visa,credit
432788,00-99,REPUBLIC BANK (BARBADOS) LTD.,BB,visa,debit
432789,00-99,TATRA BANKA A.S.,SK,visa,credit
432790,00-99,SUNTRUST BANK,US,visa,credit
432791,00-99,GATEWAY METRO FEDERAL CREDIT UNION,US,visa,debit
432792,00-99,YOUR HOMETOWN FEDERAL CREDIT UNION,US,visa,debit
432793,00-99,COMMUNITY BANK N.A.,US,visa,debit
432794,00-99,NORTH CAROLINA STATE EMPLOYEES' CREDIT UNION,US,visa,debit
432795,00-99,WELLS FARGO BANK N.A.,US,visa,credit
432796,00-99,OMNI BANK,US,visa,debit
432797,00-99,NORTHERN CREDIT UNION,US,visa,debit
432798,00-99,VERABANK,US,visa,debit
432799,00-99,NORTH CAROLINA STATE EMPLOYEES' CREDIT UNION,US,visa,debit
432800,00-99,,US,visa,credit
432801,00-99,IBERCAJA BANCO S.A.,ES,visa,credit
432802,00-99,WASHINGTON FEDERAL BANK,US,visa,debit
432803,00-99,WMCU,US,visa,debit
432804,00-99,SANTANDER BANK N.A.,US,visa,debit
432805,00-99,HUGHES FEDERAL CREDIT UNION,US,visa,credit
432806,00-99,SCHOOL EMPLOYEES OF CNY FEDERAL CREDIT UNION,US,visa,credit
432807,00-99,JPMORGAN CHASE BANK N.A.,US,visa,credit
432808,00-99,INDIAN BANK,IN,visa,credit
432809,00-99,INDIAN BANK,IN,visa,credit
432810,00-99,THIOKOL-ELKTON FEDERAL CREDIT UNION,US,visa,debit
432811,00-99,EQUITY BANK UGANDA LTD.,UG,visa,credit
432812,00-99,FULTON BANK,US,visa,debit
432813,00-99,LIBERBANK S.A.,ES,visa,credit
432814,00-99,CAIXABANK PAYMENTS & CONSUMER E.F.C. E.P. S.A.U.,ES,visa,credit
432815,00-99,ALLEGACY FEDERAL CREDIT UNION,US,visa,credit
432816,00-99,WILMINGTON SAVINGS FUND SOCIETY FSB,US,visa,credit
432817,00-99,,US,visa,credit
432818,00-99,NORRISTOWN BELL CREDIT UNION,US,visa,debit
432819,00-99,CAJASUR BANCO S.A.U.,ES,visa,credit
432820,00-99,KURDISTAN INTERNATIONAL ISLAMIC BANK FOR INVESTMENT AND DEVELOPMENT,IQ,visa,debit
432821,00-99,CENTRAL VIRGINIA FEDERAL CREDIT UNION,US,visa,credit
432822,00-99,ERGO BANK,US,visa,debit
432823,00-99,FIRST NATIONAL BANK OF OMAHA,US,visa,credit
432824,00-99,ERGO BANK,US,visa,debit
432825,00-99,CPM FEDERAL CREDIT UNION,US,visa,debit
432826,00-99,,BM,visa,credit
432827,00-99,,US,visa,credit
432828,00-99,,US,visa,credit
432829,00-99,,US,visa,credit
432830,00-99,AMARILLO NATIONAL BANK,US,visa,debit
432831,00-99,AMARILLO NATIONAL BANK,US,visa,debit
432832,00-99,NORTHWEST FEDERAL CREDIT UNION,US,visa,credit
432833,00-99,HERITAGE FAMILY FEDERAL CREDIT UNION,US,visa,debit
432834,00-99,CAPITALBANK,US,visa,credit
432835,00-99,U.S. BANK NATIONAL ASSOCIATION-CREDIT,US,visa,credit
432836,00-99,FIRST MIDWEST BANK OF THE OZARKS,US,visa,debit
432837,00-99,CSE FEDERAL CREDIT UNION,US,visa,debit
432838,00-99,WMCU,US,visa,debit
432839,00-99,GARDEN STATE FEDERAL CREDIT UNION,US,visa,credit
432840,00-99,KATAHDIN TRUST COMPANY,US,visa,debit
432841,00-99,TRUSTMARK NATIONAL BANK,US,visa,credit
432842,00-99,TRANSIT EMPLOYEES FEDERAL CREDIT UNION,US,visa,credit
432843,00-99,UNITY BANK OF MISSISSIPPI,US,visa,credit
432844,00-99,FIRST NORTHERN CREDIT UNION,US,visa,debit
432845,00-99,SANTANDER BANK N.A.,US,visa,debit
432846,00-99,FIRST NORTHERN CREDIT UNION,US,visa,debit
432847,00-99,CIVISTA BANK,US,visa,credit
432848,00-99,CIVISTA BANK,US,visa,credit
432849,00-99,HARVESTER FINANCIAL CREDIT UNION,US,visa,credit
432850,00-99,PAPER CITY SAVINGS ASSOCIATION,US,visa,debit
432851,00-99,BANCO AZTECA S.A. INSTITUCION DE BANCA MULTIPLE,MX,visa,debit
432852,00-99,COFFEE COUNTY BANK,US,visa,credit
432853,00-99,WINSTON-SALEM FEDERAL CREDIT UNION,US,visa,debit
432854,00-99,WELLS FARGO BANK N.A.,US,visa,debit
432855,00-99,TD BANK NATIONAL ASSOCIATION,US,visa,debit
432856,00-99,BANK AL HABIB LTD.,PK,visa,debit
432857,00-99,PEOPLES NATIONAL BANK  N.A.,US,visa,debit
432858,00-99,ASSOCIATED BANK N.A.,US,visa,debit
432859,00-99,ASSOCIATED BANK N.A.,US,visa,debit
432860,00-99,WALLED LAKE SCHOOLS FEDERAL CREDIT UNION,US,visa,debit
432861,00-99,NORTHWEST BANK,US,visa,debit
432862,00-99,CENTIER BANK,US,visa,debit
432863,00-99,ALLIANCE BANK,US,visa,debit
432864,00-99,SERVICE ONE CREDIT UNION INC,US,visa,debit
432865,00-99,WORCESTER FIRE DEPARTMENT CREDIT UNION,US,visa,credit
432866,00-99,SUNTRUST BANK,US,visa,debit
432867,00-99,CITIZENS BANK OF KENTUCKY INC.,US,visa,debit
432868,00-99,BANK AL HABIB LTD.,PK,visa,debit
432869,00-99,UNITED COMMUNITY BANK,US,visa,debit
432870,00-99,BANK OF AMERICA NATIONAL ASSOCIATION,US,visa,credit
432871,00-99,360 FEDERAL CREDIT UNION,US,visa,debit
432872,00-99,AERO FEDERAL CREDIT UNION,US,visa,credit
432873,00-99,WIDGET FEDERAL CREDIT UNION,US,visa,debit
432874,00-99,THE BANK OF MARION,US,visa,debit
432875,00-99,MIDLAND CREDIT UNION,US,visa,debit
432876,00-99,APPLE RIVER STATE BANK,US,visa,debit
432877,00-99,BANCO GANADERO S.A.,BO,visa,debit
432878,00-99,ONE VALLEY BANK N.A.,US,visa,credit
432879,00-99,COMMUNITY PLUS FEDERAL CREDIT UNION,US,visa,credit
432880,00-99,CLEARVIEW FEDERAL CREDIT UNION,US,visa,debit
432881,00-99,CHARTWAY FEDERAL CREDIT UNION,US,visa,debit
432882,00-99,ASSOCIATED SCHOOL EMPLOYEES CREDIT UNION,US,visa,debit
432883,00-99,,KE,visa,debit
432884,00-99,U.S. BANK N.A.,US,visa,debit
432885,00-99,AFRICAN BANKING CORPORATION ZAMBIA LTD.,ZM,visa,debit
432886,00-99,PIKES PEAK NATIONAL BANK,US,visa,debit
432887,00-99,U.S. BANK N.A.,US,visa,debit
432888,00-99,OHIO VALLEY BANK COMPANY,US,visa,debit
432889,00-99,OHIO VALLEY BANK COMPANY,US,visa,credit
432890,00-99,OHIO VALLEY BANK COMPANY,US,visa,credit
432891,00-99,THE BANCORP BANK NATIONAL ASSOCIATION,US,visa,debit
432892,00-99,BANK OF BIRD-IN-HAND,US,visa,debit
432893,00-99,BANK OF BIRD-IN-HAND,US,visa,debit
432894,00-99,FIFTH THIRD BANCORP,US,visa,credit
432895,00-99,MISSOURI ELECTRIC COOPERATIVE EMPLOYEES' CREDIT UNION,US,visa,credit
432896,00-99,I.L.W.U. FEDERAL CREDIT UNION,US,visa,credit
432897,00-99,EDUCATION AFFILIATES FEDERAL CREDIT UNION,US,visa,credit
432898,00-99,,US,visa,credit
432899,00-99,BRANCH BANKING AND TRUST COMPANY,US,visa,debit
432900,00-99,TIB NATIONAL ASSOCIATION,US,visa,credit
432901,00-99,MBANK S.A.,PL,visa,debit
432902,00-99,,US,visa,credit
432903,00-99,ARAB BANKING CORPORATION TUNISIE,TN,visa,credit
432904,00-99,ARAB BANKING CORPORATION TUNISIE,TN,visa,credit
432905,00-99,ARAB BANKING CORPORATION TUNISIE,TN,visa,debit
432906,00-99,ARAB BANKING CORPORATION TUNISIE,TN,visa,debit
432907,00-99,ARAB BANKING CORPORATION TUNISIE,TN,visa,debit
432908,00-99,ARAB BANKING CORPORATION TUNISIE,TN,visa,debit
432909,00-99,ARAB BANKING CORPORATION TUNISIE,TN,visa,credit
432910,00-99,WORCESTER FIRE DEPARTMENT CREDIT UNION,US,visa,debit
432911,00-99,INTL HDQTRS-CENTER OWNED,US,visa,credit
432912,00-99,SOUTHTRUST BANK N.A.,US,visa,credit
432913,00-99,,AW,visa,debit
432914,00-99,GOSPODARCZY BANK WIELKOPOLSKI SA W POZNANIU,PL,visa,debit
432915,00-99,MAZOWIECKI BANK REGIONALNY SPOLKA AKCYJNA,PL,visa,credit
432916,00-99,AFRICAN BANKING CORPORATION ZAMBIA LTD.,ZM,visa,debit
432917,00-99,BANCA DI PIACENZA,IT,visa,debit
432918,00-99,NEXI PAYMENTS S.P.A.,IT,visa,debit
432919,00-99,NEXI PAYMENTS S.P.A.,IT,visa,debit
432920,00-99,NEXI PAYMENTS S.P.A.,IT,visa,debit
432921,00-99,WILMINGTON SAVINGS FUND SOCIETY FSB,US,visa,debit
432922,00-99,SOUTHTRUST BANK N.A.,US,visa,credit
432923,00-99,TIB - THE INDEPENDENT BANKERSBANK,US,visa,credit
432924,00-99,BANK OF AMERICA - CONSUMER CREDIT,US,visa,credit
432925,00-99,CHINA MERCHANTS BANK,CN,visa,credit
432926,00-99,RBC BANK (USA),US,visa,credit
432927,00-99,JS FINANCE AND TRADE BANK,MD,visa,debit
432928,00-99,APCO EMPLOYEES CREDIT UNION,US,visa,credit
432929,00-99,,US,visa,credit
432930,00-99,NEXI PAYMENTS S.P.A.,IT,visa,debit
432931,00-99,NEXI PAYMENTS S.P.A.,IT,visa,debit
432932,00-99,NEXI PAYMENTS S.P.A.,IT,visa,debit
432933,00-99,NEXI PAYMENTS S.P.A.,IT,visa,debit
432934,00-99,EMPORIKI BANK - CYPRUS LTD.,CY,visa,credit
432935,00-99,EMPORIKI BANK - CYPRUS LTD.,CY,visa,credit
432936,00-99,EMPORIKI BANK - CYPRUS LTD.,CY,visa,debit
432937,00-99,MBANK S.A.,PL,visa,debit
432938,00-99,MBANK S.A.,PL,visa,debit
432939,00-99,BANCO UNION S.A.,BO,visa,debit
432940,00-99,,ES,visa,credit
432941,00-99,AMERICAN FOUNDERS BANK INC.,US,visa,debit
432942,00-99,UNICARD,BR,visa,credit
432943,00-99,ITAU UNIBANCO HOLDING S.A.,BR,visa,credit
432944,00-99,ITAU UNIBANCO HOLDING S.A.,BR,visa,credit
432945,00-99,BRE BANK SA,PL,visa,debit
432946,00-99,SHINE RESUNGA DEVELOPMENT BANK LTD.,NP,visa,debit
432947,00-99,JSC OTP BANK,RU,visa,debit
432948,00-99,JSC OTP BANK,RU,visa,debit
432949,00-99,JSC OTP BANK,RU,visa,debit
432950,00-99,BANCO FICOHSA NICARAGUA S.A.,NI,visa,credit
432951,00-99,TURKIYE GARANTI BANKASI A. S.,TR,visa,credit
432952,00-99,TURKIYE GARANTI BANKASI A. S.,TR,visa,credit
432953,00-99,TURKIYE GARANTI BANKASI A. S.,TR,visa,credit
432954,00-99,TURKIYE GARANTI BANKASI A. S.,TR,visa,credit
432955,00-99,,SV,visa,debit
432956,00-99,DOCK SOLUCOES EM MEIOS DE PAGAMENTO S.A,BR,visa,debit
432957,00-99,DOCK INSTITUICAO DE PAGAMENTO S.A.,BR,visa,debit
432958,00-99,DM FINANCEIRA S.A. CREDITO FINANCIAMENTO E INVESTIMENTO,BR,visa,credit
432959,00-99,BANCO MACRO S.A.,AR,visa,credit
432960,00-99,,US,visa,debit
432961,00-99,IOWA STATE BANK,US,visa,debit
432962,00-99,ANB BANK,US,visa,debit
432963,00-99,REGIONS BANK,US,visa,debit
432964,00-99,NORTHWEST BANK,US,visa,debit
432965,00-99,CORPORACION DE CREDITOS Y SERVICIOS S.A.DE C.V. (SERVICREDIT S.A. DE C.V.),SV,visa,credit
432966,00-99,THE HUNTINGTON NATIONAL BANK,US,visa,debit
432967,00-99,HERITAGE FAMILY CREDIT UNION,US,visa,credit
432968,00-99,HARBORONE BANK,US,visa,debit
432969,00-99,NUMARK CREDIT UNION,US,visa,debit
432970,00-99,HERITAGE FAMILY FEDERAL CREDIT UNION,US,visa,debit
432971,00-99,HARBORONE BANK,US,visa,debit
432972,00-99,HERITAGE FAMILY FEDERAL CREDIT UNION,US,visa,credit
432973,00-99,TIB NATIONAL ASSOCIATION,US,visa,credit
432974,00-99,JSCB SOYUZ,RU,visa,debit
432975,00-99,THE PEOPLES BANK,US,visa,debit
432976,00-99,THE FIRST NATIONAL BANK AND TRUST CO. CHICKASHA OKLAHOMA,US,visa,debit
432977,00-99,ATLANTA POSTAL CREDIT UNION,US,visa,credit
432978,00-99,UNITED BANK,US,visa,credit
432979,00-99,CDC FEDERAL CREDIT UNION,US,visa,credit
432980,00-99,,AW,visa,debit
432981,00-99,,AW,visa,debit
432982,00-99,,AW,visa,debit
432983,00-99,AGOS DUCATO S.P.A.,IT,visa,credit
432984,00-99,AGOS,IT,visa,credit
432985,00-99,ACCESS BANK PLC,NG,visa,debit
432986,00-99,BANCO DE CAJA ESPANA DE INVERSIONES SALAMANCA Y SORIA S.A.,ES,visa,debit
432987,00-99,TENNESSEE STATE BANK,US,visa,credit
432988,00-99,WIZINK BANK S.A.,ES,visa,credit
432989,00-99,BANCO BRADESCARD S.A.,BR,visa,credit
432990,00-99,LAKE RIDGE BANK,US,visa,debit
432991,00-99,HARBORONE BANK,US,visa,debit
432992,00-99,SILVER STATE SCHOOLS CREDIT UNION,US,visa,debit
432993,00-99,NUMARK CREDIT UNION,US,visa,debit
432994,00-99,FIRST FINANCIAL BANK,US,visa,debit
432995,00-99,THE HUNTINGTON NATIONAL BANK,US,visa,debit
432996,00-99,THE HUNTINGTON NATIONAL BANK,US,visa,debit
432997,00-99,SOUTHEAST ASIA COMMERCIAL JOINT STOCK BANK,VN,visa,credit
432998,00-99,THE HUNTINGTON NATIONAL BANK,US,visa,debit
432999,00-99,THE HUNTINGTON NATIONAL BANK,US,visa,debit
433000,00-99,BANCO AGRICOLA S.A.,SV,visa,debit
433001,00-99,THE SOUTH AFRICAN POST OFFICE (SOC) LTD.,ZA,visa,debit
433002,00-99,THE SOUTH AFRICAN POST OFFICE (SOC) LTD.,ZA,visa,debit
433003,00-99,ZB BANK LTD.,ZW,visa,credit
433004,00-99,ZB BANK LTD.,ZW,visa,debit
433005,00-99,BANK OF CASHTON,US,visa,debit
433006,00-99,ASSOCIATED CREDIT UNION,US,visa,credit
433007,00-99,AREEBA SAL,LB,visa,debit
433008,00-99,CREDIT LIBANAIS S.A.L.,LB,visa,credit
433009,00-99,BANCO ATLAS SOCIEDAD ANONIMA,PY,visa,debit
433010,00-99,SAMSUNG CARD CO. LTD.,KR,visa,credit
433011,00-99,PUBLIC JOINT STOCK COMPANY BANK URALSIB,RU,visa,credit
433012,00-99,WESTERRA CREDIT UNION,US,visa,debit
433013,00-99,PRAIRIE STATE BANK AND TRUST,US,visa,debit
433014,00-99,CENTRA CREDIT UNION,US,visa,debit
433015,00-99,WEST MONROE FEDERAL CREDIT UNION,US,visa,credit
433016,00-99,PEOPLE'S UNITED BANK,US,visa,debit
433017,00-99,CJSC CITIBANK KAZAKHSTAN,KZ,visa,debit
433018,00-99,ME BANKING,US,visa,debit
433019,00-99,CJSC CITIBANK KAZAKHSTAN,KZ,visa,debit
433020,00-99,STATE BANK & TRUST CO.,US,visa,debit
433021,00-99,CJSC CITIBANK KAZAKHSTAN,KZ,visa,credit
433022,00-99,SOCIETE GENERALE DE BANQUES AU CAMEROUN,CM,visa,debit
433023,00-99,CAIXA ECONOMICA FEDERAL,BR,visa,credit
433024,00-99,CAIXA ECONOMICA FEDERAL,BR,visa,credit
433025,00-99,ABU DHABI COMMERCIAL BANK,AE,visa,credit
433026,00-99,ABU DHABI COMMERCIAL BANK,AE,visa,credit
433027,00-99,,US,visa,debit
433028,00-99,HYUNDAI CARD COMPANY LTD.,KR,visa,credit
433029,00-99,BANKPOZITIV KAZAKHSTAN JSC,KZ,visa,credit
433030,00-99,BANKPOZITIV KAZAKHSTAN JSC,KZ,visa,credit
433031,00-99,BANKPOZITIV KAZAKHSTAN JSC,KZ,visa,debit
433032,00-99,THE UNION BANK,US,visa,debit
433033,00-99,THE SAUDI INVESTMENT BANK,SA,visa,credit
433034,00-99,BANQUE MISR,EG,visa,debit
433035,00-99,NIUM PTE LTD.,SG,visa,debit
433036,00-99,BANCO INDUSTRIAL EL SALVADOR S.A.,SV,visa,credit
433037,00-99,FIRST FINANCIAL FEDERAL CREDIT UNION,US,visa,debit
433038,00-99,ARVEST BANK,US,visa,debit
433039,00-99,CREDIT UNION 1,US,visa,debit
433040,00-99,FIRST BANK NJ,US,visa,debit
433041,00-99,ARROW BANK NATIONAL ASSOCIATION,US,visa,debit
433042,00-99,ABBYBANK,US,visa,debit
433043,00-99,CENTRA CREDIT UNION,US,visa,debit
433044,00-99,THE BANK OF MISSOURI,US,visa,credit
433045,00-99,REPUBLIC BANK & TRUST COMPANY,US,visa,debit
433046,00-99,,US,visa,credit
433047,00-99,COVANTAGE CREDIT UNION,US,visa,debit
433048,00-99,CHOICEONE BANK,US,visa,debit
433049,00-99,TRI CITY NATIONAL BANK,US,visa,debit
433050,00-99,BRIGHTBRIDGE CREDIT UNION,US,visa,debit
433051,00-99,WILDFIRE CREDIT UNION,US,visa,debit
433052,00-99,DOCK INSTITUICAO DE PAGAMENTO S.A.,BR,visa,debit
433053,00-99,STILLMAN BANCORP N.A.,US,visa,debit
433054,00-99,OLD PLANK TRAIL COMMUNITY BANK N.A.,US,visa,debit
433055,00-99,CNB BANK,US,visa,debit
433056,00-99,CNB BANK,US,visa,debit
433057,00-99,CNB BANK,US,visa,debit
433058,00-99,COMMUNITY BANK-WHEATON/ GLEN ELLYN,US,visa,debit
433059,00-99,CLEVELAND STATE BANK,US,visa,debit
433060,00-99,BANCO PROVINCIA DEL NEUQUEN S.A.,AR,visa,credit
433061,00-99,PURDUE FEDERAL CREDIT UNION,US,visa,credit
433062,00-99,PURDUE FEDERAL CREDIT UNION,US,visa,debit
433063,00-99,UTAH COMMUNITY FEDERAL CREDIT UNION,US,visa,debit
433064,00-99,FIRST FINANCIAL BANK,US,visa,debit
433065,00-99,COLUMBUS BANK AND TRUST COMPANY,US,visa,credit
433066,00-99,MERRICK BANK,US,visa,credit
433067,00-99,CITIZENS BANK N.A.,US,visa,debit
433068,00-99,CAIXA ECONOMICA FEDERAL,BR,visa,credit
433069,00-99,TECHNOLOGY CREDIT UNION,US,visa,debit
433070,00-99,CITIBANK NATIONAL ASSOCIATION,VN,visa,credit
433071,00-99,CHARTWAY FEDERAL CREDIT UNION,US,visa,debit
433072,00-99,AL BILAD BANK,SA,visa,debit
433073,00-99,HERGET BANK N.A.,US,visa,credit
433074,00-99,BANCO PROVINCIA DEL NEUQUEN S.A.,AR,visa,credit
433075,00-99,KEARNEY TRUST COMPANY,US,visa,debit
433076,00-99,KEARNEY TRUST COMPANY,US,visa,debit
433077,00-99,U.S. BANK NATIONAL ASSOCIATION,US,visa,debit
433078,00-99,U.S. BANK N.A.,US,visa,debit
433079,00-99,STRIDE BANK N.A.,US,visa,debit
433080,00-99,CAPITAL CREDIT UNION,US,visa,credit
433081,00-99,FARMERS AND MERCHANTS BANK,US,visa,credit
433082,00-99,,OM,visa,debit
433083,00-99,UNIVERSAL CITY STUDIOS CREDIT UNION,US,visa,debit
433084,00-99,OMAN ARAB BANK SAO,OM,visa,debit
433085,00-99,TD BANK NATIONAL ASSOCIATION,US,visa,credit
433086,00-99,BANCO DE COSTA RICA,CR,visa,credit
433087,00-99,HYUNDAI CARD COMPANY LTD.,KR,visa,credit
433088,00-99,MISSISSIPPI NATIONAL GUARD FEDERAL CREDIT UNION,US,visa,debit
433089,00-99,MANVILLE AREA FEDERAL CREDIT UNION,US,visa,debit
433090,00-99,VALLEY BANK OF COMMERCE,US,visa,debit
433091,00-99,LONG BEACH FIREMEN'S CREDIT UNION,US,visa,debit
433092,00-99,,US,visa,credit
433093,00-99,FIRST COMMONWEALTH FEDERAL CREDIT UNION,US,visa,debit
433094,00-99,FIRST INTERSTATE BANK,US,visa,debit
433095,00-99,MULTIPLI CREDIT UNION,US,visa,debit
433096,00-99,SHARONVIEW FEDERAL CREDIT UNION,US,visa,debit
433097,00-99,FIRST CALIFORNIA FEDERAL CREDIT UNION,US,visa,debit
433098,00-99,JSC ATF BANK,KZ,visa,debit
433099,00-99,FIRST ALLIANCE BANK ZAMBIA LTD.,ZM,visa,debit
433100,00-99,EDWARDS FEDERAL CREDIT UNION,US,visa,debit
433101,00-99,MYBUCKS BANK MOZAMBIQUE SA,MZ,visa,debit
433102,00-99,BM-BANK JSC,RU,visa,credit
433103,00-99,ADDIKO BANK D.D.,HR,visa,credit
433104,00-99,QATAR ISLAMIC BANK (S.A.Q.),QA,visa,credit
433105,00-99,THE AMERICAN NATIONAL BANK OF MOUNT PLEASANT,US,visa,debit
433106,00-99,THE AMERICAN NATIONAL BANK OF MOUNT PLEASANT,US,visa,debit
433107,00-99,THE AMERICAN NATIONAL BANK OF MOUNT PLEASANT,US,visa,debit
433108,00-99,THE AMERICAN NATIONAL BANK OF MOUNT PLEASANT,US,visa,debit
433109,00-99,FIRST FINANCIAL BANK,US,visa,debit
433110,00-99,COMMUNITYAMERICA CREDIT UNION,US,visa,credit
433111,00-99,HANCOCK WHITNEY BANK,US,visa,debit
433112,00-99,HANCOCK WHITNEY BANK,US,visa,debit
433113,00-99,WELLS FARGO BANK NATIONAL ASSOCIATION,US,visa,debit
433114,00-99,BANCO MERCANTIL DEL NORTE S.A.. INSTITUCI N DE BANCA M LTIPLE GRUPO FINANCIERO,MX,visa,debit
433115,00-99,,US,visa,credit
433116,00-99,ANTIGUA COMMERCIAL BANK,AG,visa,debit
433117,00-99,RBTT BANK CARIBBEAN LTD.,LC,visa,credit
433118,00-99,ORABANK MAURITANIE-SA,MR,visa,debit
433119,00-99,,US,visa,debit
433120,00-99,FINANCIERA FINEXPAR SAECA,PY,visa,credit
433121,00-99,BANCO EXTERIOR C.A.,VE,visa,debit
433122,00-99,CARTER FEDERAL CREDIT UNION,US,visa,debit
433123,00-99,,US,visa,credit
433124,00-99,KLARNA BANK AB,SE,visa,debit
433125,00-99,BANCO MERCANTIL DEL NORTE S.A.-INSTIT.DEBANCA MULTIPLE GRUPO FINANCIERO BANORTE,MX,visa,debit
433126,00-99,SANTANDER MEXICO,MX,visa,debit
433127,00-99,,US,visa,debit
433128,00-99,,US,visa,credit
433129,00-99,WEST METRO SCHOOLS CREDIT UNION,US,visa,credit
433130,00-99,TOTAL SYSTEM SERVICES INC.,US,visa,credit
433131,00-99,TOTAL SYSTEM SERVICES INC.,US,visa,credit
433132,00-99,ALLEGACY FEDERAL CREDIT UNION,US,visa,credit
433133,00-99,ALLEGACY FEDERAL CREDIT UNION,US,visa,debit
433134,00-99,HANCOCK WHITNEY BANK,US,visa,debit
433135,00-99,HANCOCK WHITNEY BANK,US,visa,debit
433136,00-99,ALLEGACY FEDERAL CREDIT UNION,US,visa,credit
433137,00-99,BANCO UNIVERSAL S.A.,PA,visa,credit
433138,00-99,FULTON BANK NATIONAL ASSOCIATION,US,visa,debit
433139,00-99,ALLEGACY FEDERAL CREDIT UNION,US,visa,credit
433140,00-99,U.S. BANK N.A.,US,visa,credit
433141,00-99,JUSTICE FEDERAL CREDIT UNION,US,visa,credit
433142,00-99,JUSTICE FEDERAL CREDIT UNION,US,visa,credit
433143,00-99,JUSTICE FEDERAL CREDIT UNION,US,visa,credit
433144,00-99,JUSTICE FEDERAL CREDIT UNION,US,visa,debit
433145,00-99,THE BELIZE BANK LTD.,BZ,visa,credit
433146,00-99,,SV,visa,credit
433147,00-99,CAPITRON BANK,MN,visa,credit
433148,00-99,BBVA ARGENTINA,AR,visa,credit
433149,00-99,EDUCATION PERSONNEL FEDERAL CREDIT UNION,US,visa,debit
433150,00-99,BANK OF BARODA,IN,visa,debit
433151,00-99,COMMUNITY PLUS FEDERAL CREDIT UNION,US,visa,debit
433152,00-99,BUSEY BANK,US,visa,debit
433153,00-99,PUNJAB NATIONAL BANK,IN,visa,credit
433154,00-99,COMMONWEALTH CREDIT UNION,US,visa,debit
433155,00-99,STATE BANK,US,visa,credit
433156,00-99,REGIONS BANK,US,visa,debit
433157,00-99,REGIONS BANK,US,visa,debit
433158,00-99,REGIONS BANK,US,visa,debit
433159,00-99,,US,visa,debit
433160,00-99,HYUNDAI CARD COMPANY LTD.,KR,visa,credit
433161,00-99,THE MINATO BANK LTD.,JP,visa,debit
433162,00-99,THE BANK OF NEVIS LTD.,KN,visa,credit
433163,00-99,COASTLINE FEDERAL CREDIT UNION,US,visa,debit
433164,00-99,U.S. BANK N.A.,US,visa,credit
433165,00-99,FIRST AMERICAN BANK,US,visa,debit
433166,00-99,METZ BANKING COMPANY,US,visa,debit
433167,00-99,TRELLANCE INC.,US,visa,credit
433168,00-99,WES CREDIT UNION,US,visa,credit
433169,00-99,AXIS BANK LTD.,IN,visa,debit
433170,00-99,SUDAMERIS BANK S.A.E.C.A. *(OFFBOARDING)*,PY,visa,credit
433171,00-99,SUDAMERIS BANK S.A.E.C.A. *(OFFBOARDING)*,PY,visa,credit
433172,00-99,,US,visa,debit
433173,00-99,PRAIRIELAND FEDERAL CREDIT UNION,US,visa,debit
433174,00-99,,US,visa,credit
433175,00-99,FARMERS BANK AND SAVINGS COMPANY,US,visa,debit
433176,00-99,CITIZENS BANK OF FLORIDA,US,visa,debit
433177,00-99,AMERICA'S FIRST FEDERAL CREDIT UNION,US,visa,debit
433178,00-99,PAGSEGURO INTERNET S.A,BR,visa,credit
433179,00-99,,US,visa,credit
433180,00-99,BANCO FAMILIAR S.A.E.C.A.,PY,visa,credit
433181,00-99,BANCO FAMILIAR S.A.E.C.A.,PY,visa,credit
433182,00-99,AUBURNBANK,US,visa,debit
433183,00-99,,US,visa,credit
433184,00-99,THE MINATO BANK LTD.,JP,visa,debit
433185,00-99,COOPERATIVA MULTIACTIVA DE AHORRO Y CREDITO PRODUCCION CONSUMO Y SERVICIOS C,PY,visa,credit
433186,00-99,ALLCOM CREDIT UNION,US,visa,credit
433187,00-99,WELLS FARGO BANK NATIONAL ASSOCIATION,US,visa,debit
433188,00-99,,US,visa,credit
433189,00-99,INDUSTRIAL CREDIT UNION,US,visa,credit
433190,00-99,EPIC FEDERAL CREDIT UNION,US,visa,debit
433191,00-99,JUSTICE FEDERAL CREDIT UNION,US,visa,debit
433192,00-99,JUSTICE FEDERAL CREDIT UNION,US,visa,credit
433193,00-99,JUSTICE FEDERAL CREDIT UNION,US,visa,credit
433194,00-99,JUSTICE FEDERAL CREDIT UNION,US,visa,debit
433195,00-99,UNIBANK FOR SAVINGS,US,visa,debit
433196,00-99,UNIBANK FOR SAVINGS,US,visa,debit
433197,00-99,QUAIL CREEK BANK,US,visa,debit
433198,00-99,QUAIL CREEK BANK,US,visa,debit
433199,00-99,FIRST FEDERAL BANK,US,visa,debit
433200,00-99,BANK OF AMERICA NATIONAL ASSOCIATION,US,visa,credit
433201,00-99,BANK OF AMERICA NATIONAL ASSOCIATION,US,visa,credit
433202,00-99,,US,visa,debit
433203,00-99,BOC CREDIT CARD (INTERNATIONAL) LTD.,HK,visa,credit
433204,00-99,WMCU,US,visa,debit
433205,00-99,PAYNETICS AD,ES,visa,debit
433206,00-99,BLOOMINGTON MUNICIPAL CREDIT UNION,US,visa,debit
433207,00-99,MAINE SAVINGS FEDERAL CREDIT UNION,US,visa,credit
433208,00-99,AMARILLO NATIONAL BANK,US,visa,debit
433209,00-99,BANK OF AMERICA NATIONAL ASSOCIATION,US,visa,debit
433210,00-99,DUPAGE CREDIT UNION,US,visa,debit
433211,00-99,AMARILLO NATIONAL BANK,US,visa,debit
433212,00-99,BANK OF AMERICA NATIONAL ASSOCIATION,US,visa,credit
433213,00-99,BANK OF AMERICA NATIONAL ASSOCIATION,US,visa,debit
433214,00-99,PENN COMMUNITY BANK,US,visa,debit
433215,00-99,ASSOCIATED BANK N.A.,US,visa,debit
433216,00-99,ZIONS BANCORPORATION NATIONAL ASSOCIATION,US,visa,debit
433217,00-99,,US,visa,debit
433218,00-99,ABBOTT LABORATORIES EMPLOYEES CREDIT UNION,US,visa,credit
433219,00-99,BANGOR FEDERAL CREDIT UNION,US,visa,credit
433220,00-99,BANGOR FEDERAL CREDIT UNION,US,visa,credit
433221,00-99,MID-HUDSON VALLEY FEDERAL CREDIT UNION,US,visa,credit
433222,00-99,TRUSTONE FINANCIAL CREDIT UNION,US,visa,credit
433223,00-99,BANK OF AMERICA NATIONAL ASSOCIATION,US,visa,credit
433224,00-99,FIRST MERCHANTS BANK,US,visa,credit
433225,00-99,MAY BANK,US,visa,debit
433226,00-99,KEYPOINT CREDIT UNION,US,visa,debit
433227,00-99,BANK OF AMERICA NATIONAL ASSOCIATION,US,visa,credit
433228,00-99,PNC FINANCIAL SERVICES GROUP INC.,US,visa,credit
433229,00-99,CORNERSTONE COMMUNITY FINANCIAL CREDIT UNION,US,visa,credit
433230,00-99,CORNERSTONE COMMUNITY FINANCIAL CREDIT UNION,US,visa,debit
433231,00-99,KINECTA FEDERAL CREDIT UNION,US,visa,debit
433232,00-99,PNC FINANCIAL SERVICES GROUP INC.,US,visa,credit
433233,00-99,BANK OF AMERICA NATIONAL ASSOCIATION,US,visa,credit
433234,00-99,LCNB NATIONAL BANK,US,visa,debit
433235,00-99,COMMERCE BANCSHARES INC.,US,visa,debit
433236,00-99,BANK DHOFAR (S.A.O.G.),OM,visa,debit
433237,00-99,JPMORGAN CHASE BANK N.A.,US,visa,credit
433238,00-99,ICICI BANK LTD.,IN,visa,debit
433239,00-99,COLUMBUS BANK AND TRUST COMPANY,US,visa,credit
433240,00-99,DEEPWATER INDUSTRIES FEDERAL CREDIT UNION,US,visa,credit
433241,00-99,UNITED OVERSEAS BANK LTD.,SG,visa,debit
433242,00-99,UNITED OVERSEAS BANK(THAI)PUBLIC CO. LTD.,TH,visa,debit
433243,00-99,ANZ BANK NEW ZEALAND,NZ,visa,credit
433244,00-99,BANK OF AMERICA NATIONAL ASSOCIATION,US,visa,credit
433245,00-99,,US,visa,credit
433246,00-99,RBC ROYAL BANK (TRINIDAD & TOBAGO) LTD.,TT,visa,debit
433247,00-99,RBC ROYAL BANK (TRINIDAD & TOBAGO) LTD.,TT,visa,debit
433248,00-99,RBC ROYAL BANK (BAHAMAS) LTD.,BS,visa,debit
433249,00-99,RBC ROYAL BANK (BAHAMAS) LTD.,BS,visa,debit
433250,00-99,RBC ROYAL BANK (BAHAMAS) LTD.,BS,visa,debit
433251,00-99,RBC ROYAL BANK (BARBADOS) LTD.,BB,visa,debit
433252,00-99,FREEDOM BANK,US,visa,debit
433253,00-99,SWEET HOME FEDERAL CREDIT UNION,US,visa,debit
433254,00-99,YOUR HOMETOWN FEDERAL CREDIT UNION,US,visa,debit
433255,00-99,CITIZENS NATIONAL BANK OF BLUFFTON,US,visa,debit
433256,00-99,KEMBA DELTA FEDERAL CREDIT UNION,US,visa,debit
433257,00-99,WELLS FARGO BANK N.A.,US,visa,debit
433258,00-99,CARD SERVICES FOR CREDIT UNIONS,US,visa,credit
433259,00-99,CONSUMERS FEDERAL CREDIT UNION,US,visa,credit
433260,00-99,THIRD COAST BANK SSB,US,visa,debit
433261,00-99,SOARION FEDERAL CREDIT UNION,US,visa,debit
433262,00-99,CCB BRASIL,BR,visa,debit
433263,00-99,COOPER CARD INSTITUICAO DE PAGAMENTO LTDA.,BR,visa,debit
433264,00-99,MAINE SAVINGS FEDERAL CREDIT UNION,US,visa,credit
433265,00-99,SESLOC CREDIT UNION,US,visa,debit
433266,00-99,PNC FINANCIAL SERVICES GROUP INC.,US,visa,credit
433267,00-99,FIRST BANK & TRUST CO.,US,visa,credit
433268,00-99,SESLOC CREDIT UNION,US,visa,credit
433269,00-99,TOWN SQUARE BANK INC.,US,visa,debit
433270,00-99,WMCU,US,visa,debit
433271,00-99,WV NATIONAL GUARD FEDERAL CREDIT UNION,US,visa,credit
433272,00-99,JPMORGAN CHASE BANK N.A.,US,visa,credit
433273,00-99,BANGKOK BANK PUBLIC COMPANY LTD.,TH,visa,debit
433274,00-99,SBM BANK (INDIA) LTD.,IN,visa,debit
433275,00-99,VAHO FOREX PVT. LTD.,IN,visa,debit
433276,00-99,WOORI CARD CO. LTD.,KR,visa,debit
433277,00-99,WORCESTER FIRE DEPARTMENT CREDIT UNION,US,visa,debit
433278,00-99,WELLS FARGO BANK NATIONAL ASSOCIATION,US,visa,credit
433279,00-99,WELLS FARGO BANK NATIONAL ASSOCIATION,US,visa,debit
433280,00-99,NAVY FEDERAL CREDIT UNION,US,visa,debit
433281,00-99,CAPITAL ONE NATIONAL ASSOCIATION,US,visa,credit
433282,00-99,USF FEDERAL CREDIT UNION,US,visa,credit
433283,00-99,USF FEDERAL CREDIT UNION,US,visa,credit
433284,00-99,FIRST ATLANTIC FEDERAL CREDIT UNION,US,visa,credit
433285,00-99,FIRST ATLANTIC FEDERAL CREDIT UNION,US,visa,credit
433286,00-99,VIETNAM INTERNATIONAL COMMERCIAL JOINT STOCK BANK,VN,visa,credit
433287,00-99,SB PAYMENT SERVICE CORP.,JP,visa,debit
433288,00-99,BENEFICIAL STATE BANK,US,visa,credit
433289,00-99,BENEFICIAL STATE BANK,US,visa,credit
433290,00-99,KB KOOKMIN CARD CO. LTD.,KR,visa,credit
433291,00-99,COMMERCE BANCSHARES INC.,US,visa,debit
433292,00-99,FIRST TECHNOLOGY FEDERAL CREDIT UNION,US,visa,debit
433293,00-99,FIRST TECHNOLOGY FEDERAL CREDIT UNION,US,visa,debit
433294,00-99,ANTHEM BANK & TRUST,US,visa,debit
433295,00-99,PROGRESSIVE NATIONAL BANK,US,visa,debit
433296,00-99,RBC ROYAL BANK (CAYMAN) LTD.,KY,visa,debit
433297,00-99,VARO BANK NATIONAL ASSOCIATION,US,visa,debit
433298,00-99,RBC ROYAL BANK (CAYMAN) LTD.,KY,visa,debit
433299,00-99,NAVY FEDERAL CREDIT UNION,US,visa,debit
433300,00-99,AO UNICREDIT BANK,RU,visa,debit
433301,00-99,BMO HARRIS BANK N.A.,US,visa,credit
433302,00-99,U.S. BANK N.A.,US,visa,credit
433303,00-99,BANK OF SPRINGFIELD,US,visa,debit
433304,00-99,ARAB TUNISIAN BANK,TN,visa,debit
433305,00-99,FIRST NEBRASKA BANK,US,visa,credit
433306,00-99,WESTERN ALLIANCE BANK,US,visa,debit
433307,00-99,HSBC BANK - EGYPT SAE,EG,visa,debit
433308,00-99,NEDBANK LTD.,ZA,visa,credit
433309,00-99,BM-BANK JSC,RU,visa,debit
433310,00-99,UNICREDIT BANK D.D.,BA,visa,credit
433311,00-99,RAIFFEISEN BANK ZRT.,HU,visa,debit
433312,00-99,RAIFFEISEN BANK ZRT.,HU,visa,debit
433313,00-99,RAIFFEISEN BANK ZRT.,HU,visa,debit
433314,00-99,BANK POLSKA KASA OPIEKI S.A. (BANK PEKAO SA),PL,visa,credit
433315,00-99,POSTOVA BANKA A.S.,SK,visa,debit
433316,00-99,GAZPROMBANK (JOINT STOCK COMPANY),RU,visa,credit
433317,00-99,JSC ATF BANK,KZ,visa,debit
433318,00-99,JSC ATF BANK,KZ,visa,debit
433319,00-99,JSC ATF BANK,KZ,visa,credit
433320,00-99,NEDBANK LTD.,ZA,visa,credit
433321,00-99,UNITED BULGARIAN BANK LTD.,BG,visa,debit
433322,00-99,ISTARSKA KREDITNA BANKA UMAG D.D.,HR,visa,credit
433323,00-99,LUMINOR BANK AS,LV,visa,credit
433324,00-99,UNIBANK COMMERCIAL BANK,AZ,visa,credit
433325,00-99,UNITED BULGARIAN BANK LTD.,BG,visa,credit
433326,00-99,UNITED BULGARIAN BANK LTD.,BG,visa,debit
433327,00-99,UNITED BULGARIAN BANK LTD.,BG,visa,debit
433328,00-99,BANK HANDLOWY W WARSZAWIE S.A.,PL,visa,credit
433329,00-99,WELLS FARGO BANK NATIONAL ASSOCIATION,US,visa,debit
433330,00-99,WELLS FARGO BANK NATIONAL ASSOCIATION,US,visa,debit
433331,00-99,PATHWARD N.A.,US,visa,debit
433332,00-99,VSEOBECNA UVEROVA BANKA A.S.,SK,visa,debit
433333,00-99,STEARNS BANK NATIONAL ASSOCIATION,US,visa,credit
433334,00-99,THE NATIONAL BANK OF UMM AL-QAIWAIN PSC.,AE,visa,credit
433335,00-99,VSEOBECNA UVEROVA BANKA A.S.,SK,visa,debit
433336,00-99,AO UNICREDIT BANK,RU,visa,credit
433337,00-99,,RU,visa,debit
433338,00-99,BANQUE INTERNATIONALE POUR LE COMMERCE ET L'INDUSTRIE DE LA COTE D'IVOIRE,CI,visa,debit
433339,00-99,BANQUE INTERNATIONALE POUR LE COMMERCE ET L'INDUSTRIE DE LA COTE D'IVOIRE,CI,visa,debit
433340,00-99,CITIBANK RT.,HU,visa,credit
433341,00-99,JOINT STOCK POST-PENSION BANK AVAL,UA,visa,credit
433342,00-99,CITIBANK,HK,visa,credit
433343,00-99,SKB BANKA D.D. LJUBLJANA,SI,visa,credit
433344,00-99,WALLESTER AS,EE,visa,debit
433345,00-99,BIG BANK GDANSKI S.A.,PL,visa,debit
433346,00-99,INTERPAYMENT SERVICES LTD.,UA,visa,debit
433347,00-99,NATIONAL COMMERCIAL BANK,SA,visa,credit
433348,00-99,SKB BANKA D.D.,SI,visa,credit
433349,00-99,SILVER BANK LTD.,MU,visa,debit
433350,00-99,CITIBANK,HK,visa,credit
433351,00-99,CITIBANK,HK,visa,credit
433352,00-99,CITIBANK,HK,visa,credit
433353,00-99,CITIBANK,HK,visa,credit
433354,00-99,CITIBANK,HK,visa,credit
433355,00-99,CITIBANK,HK,visa,credit
433356,00-99,BANCO MODAL SA,BR,visa,credit
433357,00-99,CITIBANK,HK,visa,credit
433358,00-99,CITIBANK,HK,visa,credit
433359,00-99,CITIBANK,HK,visa,credit
433360,00-99,ABSA BANK LTD.,ZA,visa,credit
433361,00-99,UNION BANKA A.S.,CZ,visa,credit
433362,00-99,JORDAN ISLAMIC BANK,JO,visa,credit
433363,00-99,JORDAN ISLAMIC BANK,JO,visa,credit
433364,00-99,JORDAN ISLAMIC BANK,JO,visa,debit
433365,00-99,NATIONAL BANK OF FUJAIRAH,AE,visa,credit
433366,00-99,ALINMA BANK,SA,visa,credit
433367,00-99,ABU DHABI ISLAMIC BANK,AE,visa,debit
433368,00-99,WALLESTER AS,EE,visa,debit
433369,00-99,CITI HANDLOWY BANK,PL,visa,credit
433370,00-99,EMIRATES NBD BANK (P.J.S.C.),SA,visa,debit
433371,00-99,QATAR NATIONAL BANK (Q.P.S.C.),QA,visa,credit
433372,00-99,A.O.D. FEDERAL CREDIT UNION,US,visa,debit
433373,00-99,BANCO INTERNACIONAL DE MOCAMBIQUE S.A,MZ,visa,debit
433374,00-99,CIB BANK,HU,visa,credit
433375,00-99,PAYHAWK FINANCIAL SERVICES LTD.,GB,visa,credit
433376,00-99,UNITED BULGARIAN BANK LTD.,BG,visa,debit
433377,00-99,NECHES FEDERAL CREDIT UNION,US,visa,credit
433378,00-99,UNITED BULGARIAN BANK LTD.,BG,visa,credit
433379,00-99,NATIONAL BANK OF OMAN LIMITED (S.A.O.G.),OM,visa,credit
433380,00-99,CITIBANK,HK,visa,credit
433381,00-99,CITIBANK,HK,visa,credit
433382,00-99,CITIBANK,HK,visa,credit
433383,00-99,SEKERBANK T.A.S.,TR,visa,credit
433384,00-99,SEKERBANK T.A.S.,TR,visa,credit
433385,00-99,THE COMMERCIAL AND SAVINGS BANK OF MILLERSBURG OHIO,US,visa,credit
433386,00-99,ABSA BANK LTD.,ZA,visa,credit
433387,00-99,ABSA BANK LTD.,ZA,visa,credit
433388,00-99,CITIBANK (HONG KONG) LTD.,HK,visa,credit
433389,00-99,,US,visa,debit
433390,00-99,BANCO COMERCIAL PORTUGUES S.A.,PT,visa,debit
433391,00-99,BANCO COMERCIAL PORTUGUES S.A.,PT,visa,debit
433392,00-99,SHINHAN CARD CO. LTD.,KR,visa,debit
433393,00-99,BANK ALFALAH LTD.,PK,visa,credit
433394,00-99,IDFC FIRST BANK LTD.,IN,visa,debit
433395,00-99,CITIBANK,HK,visa,credit
433396,00-99,,RU,visa,debit
433397,00-99,BANK MILLENNIUM SPOLKA AKCYJNA,PL,visa,debit
433398,00-99,CITIBANK,HK,visa,credit
433399,00-99,CITIBANK,HK,visa,credit
433400,00-99,TD BANK N.A.,US,visa,debit
433401,00-99,ESL FEDERAL CREDIT UNION,US,visa,credit
433402,00-99,ESL FEDERAL CREDIT UNION,US,visa,credit
433403,00-99,FIRST ATLANTIC FEDERAL CREDIT UNION,US,visa,credit
433404,00-99,USF FEDERAL CREDIT UNION,US,visa,debit
433405,00-99,USF FEDERAL CREDIT UNION,US,visa,debit
433406,00-99,LGE COMMUNITY CREDIT UNION,US,visa,credit
433407,00-99,FIRST STATE BANK NEBRASKA,US,visa,debit
433408,00-99,,US,visa,credit
433409,00-99,,US,visa,credit
433410,00-99,WMCU,US,visa,credit
433411,00-99,VIGO COUNTY FEDERAL CREDIT UNION,US,visa,debit
433412,00-99,THE HUNTINGTON NATIONAL BANK,US,visa,credit
433413,00-99,STATE DEPARTMENT FEDERAL CREDIT UNION,US,visa,credit
433414,00-99,STATE DEPARTMENT FEDERAL CREDIT UNION,US,visa,credit
433415,00-99,BPR BANK S.A.,PA,visa,credit
433416,00-99,FIRSTBANK PUERTO RICO,VI,visa,credit
433417,00-99,FIRSTBANK PUERTO RICO,VI,visa,credit
433418,00-99,FIRSTBANK PUERTO RICO,VI,visa,credit
433419,00-99,VARO BANK NATIONAL ASSOCIATION,US,visa,credit
433420,00-99,WINNSBORO STATE BANK & TRUST COMPANY,US,visa,debit
433421,00-99,SEMPLI S.A.S.,CO,visa,credit
433422,00-99,CITITARJETAS DE HONDURAS S.A.,HN,visa,credit
433423,00-99,PROCREDIT BANK,UA,visa,debit
433424,00-99,PROCREDIT BANK,UA,visa,debit
433425,00-99,BANCO DE LOJA S.A.,EC,visa,credit
433426,00-99,BANCO DINERS CLUB DEL ECUADOR S.A.,EC,visa,debit
433427,00-99,ABSA BANK LTD.,ZA,visa,credit
433428,00-99,WMCU,US,visa,debit
433429,00-99,FIRST NATIONAL BANK,US,visa,debit
433430,00-99,VANTAGE WEST CREDIT UNION,US,visa,credit
433431,00-99,TARJETAS DE CREDITO DE OCCIDENTE S.A.,GT,visa,credit
433432,00-99,TARJETAS DE CREDITO DE OCCIDENTE S.A.,GT,visa,credit
433433,00-99,TARJETAS DE CREDITO DE OCCIDENTE S.A.,GT,visa,credit
433434,00-99,MULTICREDIT S.A.,GT,visa,debit
433435,00-99,ALIZZ ISLAMIC BANK (S.A.O.C),OM,visa,credit
433436,00-99,NATIONAL BANK OF OMAN LIMITED (S.A.O.G.),OM,visa,credit
433437,00-99,BANCO GUAYAQUIL S.A.,EC,visa,credit
433438,00-99,UNION BANK & TRUST,US,visa,debit
433439,00-99,PARK VIEW FEDERAL CREDIT UNION,US,visa,debit
433440,00-99,BANCA ROMANEASCA S.A.,RO,visa,debit
433441,00-99,BANCO DE CORRIENTES S.A.,AR,visa,credit
433442,00-99,PUBLIC JOINT-STOCK COMPANY BANK OTKRITIE FINANCIAL CORPORATION,RU,visa,credit
433443,00-99,WEBSTER BANK NATIONAL ASSOCIATION,US,visa,debit
433444,00-99,WEBSTER BANK NATIONAL ASSOCIATION,US,visa,debit
433445,00-99,BANCO BILBAO VIZCAYA ARGENTARIA PUERTO RICO,PR,visa,debit
433446,00-99,FIRST ARKANSAS BANK AND TRUST,US,visa,credit
433447,00-99,FIRST ARKANSAS BANK AND TRUST,US,visa,credit
433448,00-99,ASOCIACION LA NACIONAL DE AHORROS Y PRESTAMOS,DO,visa,credit
433449,00-99,ASOCIACION LA NACIONAL DE AHORROS Y PRESTAMOS,DO,visa,credit
433450,00-99,BANCO DE CREDITO DEL PERU,PE,visa,credit
433451,00-99,MVB BANK INC,US,visa,debit
433452,00-99,,US,visa,credit
433453,00-99,ALQUIMIA DIGITAL MX S.A.P.I. DE C.V. *(OFFBOARDING)*,MX,visa,debit
433454,00-99,BANCO MERCANTIL DEL NORTE S.A.. INSTITUCI N DE BANCA M LTIPLE GRUPO FINANCIERO,MX,visa,debit
433455,00-99,FIRST STATE BANK NEBRASKA,US,visa,debit
433456,00-99,THE HOUSING BANK FOR TRADE & FINANCE,PS,visa,credit
433457,00-99,AL BILAD BANK,SA,visa,credit
433458,00-99,LGE COMMUNITY CREDIT UNION,US,visa,credit
433459,00-99,LGE COMMUNITY CREDIT UNION,US,visa,credit
433460,00-99,BANCO DE BOGOTA,CO,visa,credit
433461,00-99,VALDOSTA TEACHERS' FEDERAL CREDIT UNION,US,visa,debit
433462,00-99,SHERWIN FEDERAL CREDIT UNION,US,visa,debit
433463,00-99,,RU,visa,credit
433464,00-99,FIVE STAR BANK,US,visa,debit
433465,00-99,SANTANDER MEXICO,MX,visa,credit
433466,00-99,MIBANCO BANCO DE LA MICROEMPRESA S.A.,PE,visa,debit
433467,00-99,BANCO COOPERATIVO ESPANOL S.A.,ES,visa,debit
433468,00-99,BARCLAYS BANK (SEYCHELLES) LTD.,SC,visa,debit
433469,00-99,UNITED FIDELITY BANK FSB,VI,visa,debit
433470,00-99,CLOUDWALK INSTITUICAO DE PAGAMENTO E SERVICOS LTDA.,BR,visa,credit
433471,00-99,INDUSTRIAL AND COMMERCIAL BANK OF CHINA (ARGENTINA) S.A.,AR,visa,credit
433472,00-99,FITBANK INSTITUICAO DE PAGAMENTOS ELETRONICOS S.A.,BR,visa,credit
433473,00-99,BANCO BRADESCO CARTOES S.A.,BR,visa,credit
433474,00-99,NEPAL BANK,NP,visa,credit
433475,00-99,REGIONS BANK,US,visa,credit
433476,00-99,BLANC BANK LIMITED LIABILITY COMPANY,RU,visa,debit
433477,00-99,FIRST-CITIZENS BANK & TRUST COMPANY,US,visa,debit
433478,00-99,NATIONAL BANK OF OMAN LIMITED (S.A.O.G.),OM,visa,debit
433479,00-99,,UY,visa,credit
433480,00-99,BANCO DE LOS TRABAJADORES,GT,visa,credit
433481,00-99,PREMIACARD DE GUATEMALA S.A.,GT,visa,credit
433482,00-99,PREMIACARD DE GUATEMALA S.A.,GT,visa,credit
433483,00-99,PREMIACARD DE GUATEMALA S.A.,GT,visa,credit
433484,00-99,BANCO NACIONAL DE PANAMA,PA,visa,credit
433485,00-99,DEL SUR BANCO UNIVERSAL C.A.,VE,visa,credit
433486,00-99,DEL SUR BANCO UNIVERSAL C.A.,VE,visa,credit
433487,00-99,PAGSEGURO INTERNET S.A,BR,visa,credit
433488,00-99,VISION ONE CREDIT UNION,US,visa,debit
433489,00-99,,ZA,visa,debit
433490,00-99,ABSA BANK LTD.,ZA,visa,debit
433491,00-99,,US,visa,credit
433492,00-99,VISA CANADA ASSOCIATION,CA,visa,credit
433493,00-99,,US,visa,credit
433494,00-99,,US,visa,credit
433495,00-99,,US,visa,credit
433496,00-99,,UA,visa,debit
433497,00-99,,US,visa,credit
433498,00-99,GRASSHOPPER BANK N.A.,US,visa,debit
433499,00-99,ABSA BANK LTD.,ZA,visa,debit
433500,00-99,BRANCH BANKING AND TRUST COMPANY,US,visa,credit
433501,00-99,LGE COMMUNITY CREDIT UNION,US,visa,debit
433502,00-99,RADIFI FEDERAL CREDIT UNION,US,visa,debit
433503,00-99,USF FEDERAL CREDIT UNION,US,visa,credit
433504,00-99,USF FEDERAL CREDIT UNION,US,visa,credit
433505,00-99,FIRST STATE BANK NEBRASKA,US,visa,debit
433506,00-99,AVANTCARD LTD.,IE,visa,credit
433507,00-99,AVANTCARD LTD.,IE,visa,credit
433508,00-99,AVANTCARD LTD.,IE,visa,credit
433509,00-99,,US,visa,credit
433510,00-99,TRUIST BANK,US,visa,credit
433511,00-99,NOVO BANCO DOS ACORES,PT,visa,credit
433512,00-99,NOVO BANCO DOS ACORES,PT,visa,credit
433513,00-99,NOVO BANCO DOS ACORES,PT,visa,credit
433514,00-99,NOVO BANCO DOS ACORES,PT,visa,debit
433515,00-99,,RU,visa,debit
433516,00-99,,RU,visa,debit
433517,00-99,,RU,visa,debit
433518,00-99,STANDARD CHARTERED BANK (THAI) PUBLIC CO. LTD.,TH,visa,credit
433519,00-99,,US,visa,credit
433520,00-99,WEBBANK,US,visa,credit
433521,00-99,BC CARD CO.,KR,visa,credit
433522,00-99,EAGLE BANK,US,visa,debit
433523,00-99,SERVICE CREDIT UNION,US,visa,debit
433524,00-99,FIRST BANK & TRUST CO.,US,visa,credit
433525,00-99,FIRST BANK & TRUST CO.,US,visa,credit
433526,00-99,CNB BANK,US,visa,credit
433527,00-99,CNB BANK,US,visa,credit
433528,00-99,,US,visa,credit
433529,00-99,,US,visa,credit
433530,00-99,SERVICE CREDIT UNION,US,visa,debit
433531,00-99,SERVICE CREDIT UNION,US,visa,debit
433532,00-99,WEBSTER BANK NATIONAL ASSOCIATION,US,visa,debit
433533,00-99,,US,visa,credit
433534,00-99,PEORIA POSTAL EMPLOYEES CREDIT UNION,US,visa,debit
433535,00-99,SERVICE CREDIT UNION,US,visa,debit
433536,00-99,KEMBA CREDIT UNION INC.,US,visa,debit
433537,00-99,PLANITES CREDIT UNION,US,visa,debit
433538,00-99,BANK OF COLORADO,US,visa,debit
433539,00-99,WELLS FARGO BANK N.A.,US,visa,debit
433540,00-99,U.S. BANK N.A.,US,visa,credit
433541,00-99,AREXIMBANK-GAZPROMBANK GROUP CJSC,AM,visa,credit
433542,00-99,AREXIMBANK-GAZPROMBANK GROUP CJSC,AM,visa,debit
433543,00-99,AREXIMBANK-GAZPROMBANK GROUP CJSC,AM,visa,debit
433544,00-99,FAST BANK CLOSED JOINT STOCK COMPANY,AM,visa,credit
433545,00-99,MERRICK BANK,US,visa,credit
433546,00-99,MERRICK BANK,US,visa,credit
433547,00-99,MERRICK BANK,US,visa,credit
433548,00-99,MERRICK BANK,US,visa,credit
433549,00-99,MERRICK BANK,US,visa,credit
433550,00-99,MERRICK BANK,US,visa,credit
433551,00-99,MERRICK BANK,US,visa,credit
433552,00-99,MERRICK BANK,US,visa,credit
433553,00-99,MERRICK BANK,US,visa,credit
433554,00-99,MERRICK BANK,US,visa,credit
433555,00-99,BANCO ALIADO S.A.,PA,visa,debit
433556,00-99,BERMUDA COMMERCIAL BANK LTD.,BM,visa,debit
433557,00-99,WIDGET FEDERAL CREDIT UNION,US,visa,debit
433558,00-99,WIDGET FEDERAL CREDIT UNION,US,visa,debit
433559,00-99,BERMUDA COMMERCIAL BANK LTD.,BM,visa,debit
433560,00-99,ENTERTAINMENT INDUSTRIES FEDERAL CREDIT UNION,US,visa,debit
433561,00-99,CENTRAL FEDERAL SAVINGS AND LOAN ASSOCIATION,US,visa,debit
433562,00-99,WELLS FARGO BANK N.A.,US,visa,debit
433563,00-99,WELLS FARGO BANK N.A.,US,visa,debit
433564,00-99,GREENSBORO CREDIT UNION,US,visa,debit
433565,00-99,SIDNEY FEDERAL SAVINGS AND LOAN ASSOCIATION,US,visa,debit
433566,00-99,WELLS FARGO BANK N.A.,US,visa,debit
433567,00-99,WELLS FARGO BANK N.A.,US,visa,debit
433568,00-99,WELLS FARGO BANK N.A.,US,visa,debit
433569,00-99,WELLS FARGO BANK N.A.,US,visa,debit
433570,00-99,WELLS FARGO BANK N.A.,US,visa,debit
433571,00-99,WELLS FARGO BANK N.A.,US,visa,debit
433572,00-99,METROPOLITAN COMMERCIAL BANK,US,visa,debit
433573,00-99,WELLS FARGO BANK N.A.,US,visa,debit
433574,00-99,,US,visa,debit
433575,00-99,THE FIRST NATIONAL BANK OF WAYNESBORO,US,visa,debit
433576,00-99,WELLS FARGO BANK N.A.,US,visa,debit
433577,00-99,EDMONTON STATE BANK,US,visa,debit
433578,00-99,WELLS FARGO BANK N.A.,US,visa,debit
433579,00-99,PROSPERITY BANK,US,visa,debit
433580,00-99,ICICI BANK LTD.,IN,visa,debit
433581,00-99,,US,visa,credit
433582,00-99,REPUBLIC BANK (GHANA) LTD.,IN,visa,debit
433583,00-99,AFG BANK CAMEROUN,CM,visa,debit
433584,00-99,BANCO LAFISE S.A.,CR,visa,credit
433585,00-99,BANCO LAFISE S.A.,CR,visa,credit
433586,00-99,BANCO LAFISE S.A.,CR,visa,debit
433587,00-99,SBI CARDS AND PAYMENT SERVICES LTD.,IN,visa,credit
433588,00-99,SBI CARDS AND PAYMENT SERVICES LTD.,IN,visa,credit
433589,00-99,QI SOCIEDADE DE CREDITO DIRETO S.A.,BR,visa,debit
433590,00-99,ASIA-PACIFIC REGION,SG,visa,credit
433591,00-99,TRUIST BANK,US,visa,credit
433592,00-99,JSCB EXIMBANK,MD,visa,debit
433593,00-99,JSCB EXIMBANK,MD,visa,debit
433594,00-99,JSCB EXIMBANK,MD,visa,debit
433595,00-99,JSCB EXIMBANK GRUPPO VENETO BANCA,MD,visa,debit
433596,00-99,,ZA,visa,debit
433597,00-99,WESTERN VISTA FEDERAL CREDIT UNION,US,visa,debit
433598,00-99,BLUE RIDGE BANK NATIONAL ASSOCIATION,US,visa,debit
433599,00-99,NOVO BANCO DOS ACORES,PT,visa,credit
433600,00-99,BANK OF AMERICA - CONSUMER CREDIT,US,visa,credit
433601,00-99,BANK OF AMERICA - CONSUMER CREDIT,US,visa,credit
433602,00-99,,US,visa,credit
433603,00-99,AVAL SOLUCIONES DIGITALES S.A.,CO,visa,debit
433604,00-99,TAISHIN INTERNATIONAL BANK,TW,visa,credit
433605,00-99,,US,visa,credit
433606,00-99,NIUM LTD.,HK,visa,credit
433607,00-99,FIRST WESTERN BANK & TRUST,US,visa,debit
433608,00-99,SUPERIOR CHOICE CREDIT UNION,US,visa,credit
433609,00-99,SUPERIOR CHOICE CREDIT UNION,US,visa,credit
433610,00-99,ESL FEDERAL CREDIT UNION,US,visa,debit
433611,00-99,,US,visa,credit
433612,00-99,BANK PERMATA,ID,visa,credit
433613,00-99,SUN FEDERAL CREDIT UNION,US,visa,debit
433614,00-99,NORTHVIEW BANK,US,visa,debit
433615,00-99,ST. GEORGE BANK LTD.,AU,visa,debit
433616,00-99,ST GEORGE BANK,AU,visa,debit
433617,00-99,ST GEORGE BANK,AU,visa,debit
433618,00-99,CITIBANK PORTUGAL S.A.,PT,visa,credit
433619,00-99,,ZA,visa,debit
433620,00-99,AAEC CREDIT UNION,US,visa,debit
433621,00-99,NEPAL INVESTMENT BANK LTD.,NP,visa,debit
433622,00-99,BANCO BEST,PT,visa,credit
433623,00-99,BANK OF TENNESSEE,US,visa,debit
433624,00-99,HIGHMARK FEDERAL CREDIT UNION,US,visa,credit
433625,00-99,RIMROCK CREDIT UNION,US,visa,credit
433626,00-99,PICATINNY FEDERAL CREDIT UNION,US,visa,debit
433627,00-99,THE CITIZENS BANK OF EDMOND,US,visa,debit
433628,00-99,CENTRAL CREDIT UNION OF ILLINOIS,US,visa,debit
433629,00-99,LINK FEDERAL CREDIT UNION,US,visa,debit
433630,00-99,BOC CREDIT CARD (INTERNATIONAL) LTD.,HK,visa,credit
433631,00-99,BANK OF CHINA LTD.,HK,visa,credit
433632,00-99,BOC CREDIT CARD (INTERNATIONAL) LTD.,HK,visa,credit
433633,00-99,BOC CREDIT CARD (INTERNATIONAL) LTD.,HK,visa,credit
433634,00-99,BOC CREDIT CARD (INTERNATIONAL) LTD.,HK,visa,credit
433635,00-99,BOC CREDIT CARD (INTERNATIONAL) LTD.,HK,visa,credit
433636,00-99,BOC CREDIT CARD (INTERNATIONAL) LTD.,HK,visa,credit
433637,00-99,BOC CREDIT CARD (INTERNATIONAL) LTD.,HK,visa,credit
433638,00-99,BOC CREDIT CARD (INTERNATIONAL) LTD.,HK,visa,credit
433639,00-99,BOC CREDIT CARD (INTERNATIONAL) LTD.,HK,visa,credit
433640,00-99,BOC CREDIT CARD (INTERNATIONAL) LTD.,HK,visa,credit
433641,00-99,BOC CREDIT CARD (INTERNATIONAL) LTD.,HK,visa,credit
433642,00-99,BOC CREDIT CARD (INTERNATIONAL) LTD.,HK,visa,credit
433643,00-99,BANK OF CHINA LTD.,MO,visa,credit
433644,00-99,,ZA,visa,debit
433645,00-99,SHANGHAI PUDONG DEVELOPMENT BANK,CN,visa,credit
433646,00-99,,ZA,visa,debit
433647,00-99,BOC CREDIT CARD (INTERNATIONAL) LTD.,MO,visa,credit
433648,00-99,BOC CREDIT CARD (INTERNATIONAL) LTD.,HK,visa,credit
433649,00-99,BANK OF CHINA LTD.,HK,visa,credit
433650,00-99,BOC CREDIT CARD (INTERNATIONAL) LTD.,HK,visa,credit
433651,00-99,BOC CREDIT CARD (INTERNATIONAL) LTD.,HK,visa,credit
433652,00-99,BOC CREDIT CARD (INTERNATIONAL) LTD.,HK,visa,credit
433653,00-99,BOC CREDIT CARD (INTERNATIONAL) LTD.,HK,visa,credit
433654,00-99,BOC CREDIT CARD (INTERNATIONAL) LTD.,HK,visa,credit
433655,00-99,BOC CREDIT CARD (INTERNATIONAL) LTD.,HK,visa,credit
433656,00-99,BOC CREDIT CARD (INTERNATIONAL) LTD.,HK,visa,credit
433657,00-99,BOC CREDIT CARD (INTERNATIONAL) LTD.,HK,visa,credit
433658,00-99,BOC CREDIT CARD (INTERNATIONAL) LTD.,HK,visa,credit
433659,00-99,BOC CREDIT CARD (INTERNATIONAL) LTD.,HK,visa,credit
433660,00-99,BOC CREDIT CARD (INTERNATIONAL) LTD.,HK,visa,credit
433661,00-99,BOC CREDIT CARD (INTERNATIONAL) LTD.,MO,visa,credit
433662,00-99,ICICI BANK LTD.,IN,visa,debit
433663,00-99,BANK OF CHINA,MO,visa,credit
433664,00-99,NIUM LTD.,HK,visa,credit
433665,00-99,BOC CREDIT CARD (INTERNATIONAL) LTD.,MO,visa,credit
433666,00-99,CHINA CITIC BANK,CN,visa,credit
433667,00-99,CHINA CITIC BANK,CN,visa,credit
433668,00-99,CHINA CITIC BANK,CN,visa,credit
433669,00-99,CHINA CITIC BANK,CN,visa,credit
433670,00-99,CHINA CITIC BANK,CN,visa,debit
433671,00-99,CHINA CITIC BANK,CN,visa,debit
433672,00-99,WEST PLAINS BANK AND TRUST COMPANY,US,visa,debit
433673,00-99,WEST PLAINS BANK AND TRUST COMPANY,US,visa,debit
433674,00-99,WEST PLAINS BANK AND TRUST COMPANY,US,visa,debit
433675,00-99,WEST PLAINS BANK AND TRUST COMPANY,US,visa,debit
433676,00-99,WEST PLAINS BANK AND TRUST COMPANY,US,visa,debit
433677,00-99,WEST PLAINS BANK AND TRUST COMPANY,US,visa,debit
433678,00-99,CALLAWAY BANK,US,visa,debit
433679,00-99,,US,visa,credit
433680,00-99,CHINA CITIC BANK,CN,visa,debit
433681,00-99,STILLMAN BANCCORP N.A.,US,visa,credit
433682,00-99,THE FIRST NATIONAL BANK OF ELY,US,visa,debit
433683,00-99,PT. BANK RAKYAT INDONESIA (PERSERO) TBK,ID,visa,credit
433684,00-99,DOVER-PHILA FEDERAL CREDIT UNION,US,visa,credit
433685,00-99,ST. JOSEPH CAPITAL BANK,US,visa,credit
433686,00-99,FIRST MERCHANTS BANK,US,visa,debit
433687,00-99,NATIONAL AUSTRALIA BANK LTD.,AU,visa,credit
433688,00-99,COMMERZ FINANZ GMBH,DE,visa,credit
433689,00-99,HYUNDAI CARD COMPANY LTD.,KR,visa,credit
433690,00-99,MERRICK BANK,US,visa,credit
433691,00-99,MERRICK BANK,US,visa,credit
433692,00-99,HANA CARD,KR,visa,credit
433693,00-99,HANA CARD,KR,visa,credit
433694,00-99,U.S. BANK NATIONAL ASSOCIATION-CREDIT,US,visa,credit
433695,00-99,RIVER REGION CREDIT UNION,US,visa,debit
433696,00-99,HSBC BANK AUSTRALIA LTD.,AU,visa,debit
433697,00-99,TRUSTBANK,US,visa,debit
433698,00-99,YES BANK LTD.,IN,visa,debit
433699,00-99,UNION BANK OF THE PHILIPPINES,PH,visa,credit
433700,00-99,BANK OF AMERICA - CONSUMER CREDIT,US,visa,credit
433701,00-99,AMERICA'S CREDIT UNION A FEDERAL CREDIT UNION,US,visa,debit
433702,00-99,NAVY FEDERAL CREDIT UNION,US,visa,debit
433703,00-99,TATRA BANKA A.S.,SK,visa,credit
433704,00-99,TATRA BANKA A.S.,SK,visa,credit
433705,00-99,TATRA BANKA A.S.,SK,visa,credit
433706,00-99,,US,visa,debit
433707,00-99,TBBK CARD SERVICES INC.,US,visa,debit
433708,00-99,COMMUNITY FINANCIAL CREDIT UNION,US,visa,credit
433709,00-99,FIFTH THIRD BANK,US,visa,credit
433710,00-99,JSCB SOYUZ,RU,visa,debit
433711,00-99,JSCB SOYUZ,RU,visa,debit
433712,00-99,NORTH TOWNS FEDERAL CREDIT UNION,US,visa,debit
433713,00-99,CARD SERVICES FOR CREDIT UNIONS,US,visa,debit
433714,00-99,FIFTH THIRD BANK,US,visa,credit
433715,00-99,FIFTH THIRD BANK,US,visa,credit
433716,00-99,COMMUNITY CHOICE CREDIT UNION,US,visa,debit
433717,00-99,BANK OF AMERICA NATIONAL ASSOCIATION,US,visa,debit
433718,00-99,BANK OF AMERICA NATIONAL ASSOCIATION,US,visa,debit
433719,00-99,THE BANCORP BANK NATIONAL ASSOCIATION,US,visa,debit
433720,00-99,CITIZENS' BANK & TRUST CO.,US,visa,debit
433721,00-99,PATHWARD N.A.,US,visa,debit
433722,00-99,JPMORGAN CHASE BANK N.A.,US,visa,debit
433723,00-99,JPMORGAN CHASE BANK N.A.,US,visa,debit
433724,00-99,JPMORGAN CHASE BANK N.A.,US,visa,debit
433725,00-99,NONGHYUP BANK,KR,visa,credit
433726,00-99,JPMORGAN CHASE BANK N.A.,US,visa,debit
433727,00-99,VIBE CREDIT UNION,US,visa,debit
433728,00-99,JPMORGAN CHASE BANK N.A.,US,visa,debit
433729,00-99,NIUM JAPAN KABUSHIKI KAISHA,JP,visa,debit
433730,00-99,JPMORGAN CHASE BANK N.A.,US,visa,debit
433731,00-99,JPMORGAN CHASE BANK N.A.,US,visa,debit
433732,00-99,JPMORGAN CHASE BANK N.A.,US,visa,debit
433733,00-99,JPMORGAN CHASE BANK N.A.,US,visa,debit
433734,00-99,REPUBLIC BANK & TRUST COMPANY,US,visa,debit
433735,00-99,JPMORGAN CHASE BANK N.A.,US,visa,debit
433736,00-99,BEAL BANK,US,visa,credit
433737,00-99,BEAL BANK,US,visa,credit
433738,00-99,UNICREDIT BANK CZECH REPUBLIC & SLOVAKIA A.S.,CZ,visa,credit
433739,00-99,AUSTIN TELCO FEDERAL CREDIT UNION,US,visa,debit
433740,00-99,,US,visa,credit
433741,00-99,HTLF BANK,US,visa,debit
433742,00-99,JONESTOWN BANK AND TRUST COMPANY OF JONESTOWN PENNSYLVANIA,US,visa,debit
433743,00-99,AMERICAN 1 CREDIT UNION,US,visa,debit
433744,00-99,FIRST STATE BANK OF PORTER,US,visa,debit
433745,00-99,J.S.C. FEDERAL CREDIT UNION,US,visa,debit
433746,00-99,PATHWARD N.A.,US,visa,debit
433747,00-99,PATHWARD N.A.,US,visa,debit
433748,00-99,ADVANTAGE CREDIT UNION,US,visa,debit
433749,00-99,PATHWARD N.A.,US,visa,debit
433750,00-99,ICBA BANCARD INC.,US,visa,debit
433751,00-99,MOTION FEDERAL CREDIT UNION,US,visa,debit
433752,00-99,WELLS FARGO BANK N.A.,US,visa,debit
433753,00-99,WELLS FARGO BANK N.A.,US,visa,debit
433754,00-99,WELLS FARGO BANK N.A.,US,visa,debit
433755,00-99,WELLS FARGO BANK N.A.,US,visa,debit
433756,00-99,ICBA BANCARD INC.,US,visa,debit
433757,00-99,THE SECURITY NATIONAL BANK OF ENID,US,visa,debit
433758,00-99,SCI FEDERAL CREDIT UNION,US,visa,debit
433759,00-99,MERCANTILE BANK,US,visa,debit
433760,00-99,THOMASTON SAVINGS BANK,US,visa,debit
433761,00-99,LEOMINSTER EMPLOYEES FEDERAL CREDIT UNION,US,visa,debit
433762,00-99,WELLS FARGO BANK N.A.,US,visa,debit
433763,00-99,WELLS FARGO BANK NATIONAL ASSOCIATION,US,visa,credit
433764,00-99,GRAND HERITAGE FEDERAL CREDIT UNION,US,visa,debit
433765,00-99,CYPRESS BANK SSB,US,visa,debit
433766,00-99,FIFTH THIRD BANK,US,visa,debit
433767,00-99,WELLS FARGO BANK N.A.,US,visa,debit
433768,00-99,WELLS FARGO BANK N.A.,US,visa,debit
433769,00-99,WELLS FARGO BANK N.A.,US,visa,debit
433770,00-99,BENDIGO AND ADELAIDE BANK LTD.,AU,visa,debit
433771,00-99,WELLS FARGO BANK NATIONAL ASSOCIATION,US,visa,credit
433772,00-99,AMERICA'S CREDIT UNION A FEDERAL CREDIT UNION,US,visa,debit
433773,00-99,COMMUNITY 1ST CREDIT UNION,US,visa,debit
433774,00-99,,US,visa,credit
433775,00-99,ZIONS BANCORPORATION NATIONAL ASSOCIATION,US,visa,debit
433776,00-99,CANADIAN IMPERIAL BANK OF COMMERCE,CA,visa,credit
433777,00-99,,US,visa,credit
433778,00-99,MONTANA HEALTH FEDERAL CREDIT UNION,US,visa,debit
433779,00-99,NORTH ISLAND FINANCIAL CREDIT UNION,US,visa,debit
433780,00-99,MACQUARIE BANK LTD.,AU,visa,credit
433781,00-99,QATAR NATIONAL BANK (Q.P.S.C.),QA,visa,credit
433782,00-99,AMERIKA SAMOA BANK,AS,visa,credit
433783,00-99,WELLS FARGO BANK NATIONAL ASSOCIATION,US,visa,credit
433784,00-99,STANFORD FEDERAL CREDIT UNION,US,visa,debit
433785,00-99,LANECO FEDERAL CREDIT UNION,US,visa,debit
433786,00-99,SAUDI AWWAL BANK,SA,visa,credit
433787,00-99,MIDCOAST FEDERAL CREDIT UNION,US,visa,credit
433788,00-99,ELEVATIONS CREDIT UNION,US,visa,debit
433789,00-99,WELLS FARGO BANK N.A.,US,visa,credit
433790,00-99,WHITE RIVER CREDIT UNION,US,visa,credit
433791,00-99,BANK OF NOVA SCOTIA,CA,visa,credit
433792,00-99,,US,visa,credit
433793,00-99,AMERICA FIRST FEDERAL CREDIT UNION,US,visa,credit
433794,00-99,FINWISE BANK,US,visa,debit
433795,00-99,CASCADE BANK,US,visa,credit
433796,00-99,AFFIDIAN FEDERAL CREDIT UNION,US,visa,credit
433797,00-99,SAN DIEGO COUNTY CREDIT UNION,US,visa,credit
433798,00-99,PEOPLE'S UNITED BANK,US,visa,credit
433799,00-99,FIRST NATIONAL BANK CORTEZ,US,visa,debit
433800,00-99,ARAB TUNISIAN BANK,TN,visa,debit
433801,00-99,ARAB TUNISIAN BANK,TN,visa,debit
433802,00-99,SANTANDER BANK POLSKA S.A.,PL,visa,debit
433803,00-99,CREDIT LIBANAIS S.A.L.,LB,visa,debit
433804,00-99,ECOBANK CENTRAFRIQUE,CF,visa,debit
433805,00-99,MAUBANK LTD.,MU,visa,debit
433806,00-99,MAUBANK LTD.,MU,visa,debit
433807,00-99,BANCO COMAFI S.A.,AR,visa,credit
433808,00-99,BANKMED S.A.L.,LB,visa,debit
433809,00-99,CITIBANK N.A.,US,visa,credit
433810,00-99,BANCO DE LA CIUDAD DE BUENOS AIRES,AR,visa,credit
433811,00-99,,ZA,visa,debit
433812,00-99,BANCO CREDICOOP COOPERATIVO LTDO.,AR,visa,credit
433813,00-99,BANK OF BEIRUT SAL,LB,visa,debit
433814,00-99,,ZA,visa,debit
433815,00-99,NUEVO BANCO DE SANTA FE S.A.,AR,visa,credit
433816,00-99,UNITED BANK FOR AFRICA (TANZANIA) LTD.,TZ,visa,debit
433817,00-99,BANCO ITAU ARGENTINA S.A.,AR,visa,credit
433818,00-99,WELLS FARGO BANK N.A.,US,visa,debit
433819,00-99,BANK OF GIBSON CITY,US,visa,debit
433820,00-99,BANCO PICHINCHA C.A.,EC,visa,credit
433821,00-99,ONPATH FEDERAL CREDIT UNION,US,visa,credit
433822,00-99,SUPERVIELLE,AR,visa,credit
433823,00-99,CITIZENS BANK N.A.,US,visa,debit
433824,00-99,FIRST FINANCIAL BANK,US,visa,debit
433825,00-99,BANKMED SAL,LB,visa,debit
433826,00-99,BANCO DE LA NACION ARGENTINA,AR,visa,credit
433827,00-99,,ZA,visa,debit
433828,00-99,BANCO ITAU PARAGUAY S.A.,PY,visa,credit
433829,00-99,BANK OF BEIRUT SAL,OM,visa,debit
433830,00-99,GALICIA,AR,visa,credit
433831,00-99,BANCO BBVA ARGENTINA S.A.,AR,visa,credit
433832,00-99,BANCO DE SAN JUAN,AR,visa,credit
433833,00-99,BANCO DE LA PROVINCIA DE BUENOS AIRES,AR,visa,credit
433834,00-99,BANCO DE FORMOSA S.A.,AR,visa,credit
433835,00-99,,US,visa,credit
433836,00-99,BANK OF BEIRUT SAL,LB,visa,debit
433837,00-99,,US,visa,credit
433838,00-99,,US,visa,credit
433839,00-99,,US,visa,credit
433840,00-99,ANDBANK ESPANA BANCA PRIVADA S.A,ES,visa,credit
433841,00-99,BANCO MASVENTAS S.A.,AR,visa,credit
433842,00-99,ANDBANK ESPANA BANCA PRIVADA S.A,ES,visa,debit
433843,00-99,ANDBANK ESPANA BANCA PRIVADA S.A,ES,visa,credit
433844,00-99,BANCO SUPERVIELLE S.A.,AR,visa,credit
433845,00-99,ANDBANK ESPANA BANCA PRIVADA S.A,ES,visa,credit
433846,00-99,BANCO DE SANTA CRUZ S.A.,AR,visa,credit
433847,00-99,BANCO SANTANDER RIO S.A.,AR,visa,credit
433848,00-99,BANCO SUDAMERIS ARGENTINA S.A.,AR,visa,credit
433849,00-99,BANCO DE LA PROVINCIA DE BUENOS AIRES,AR,visa,credit
433850,00-99,NUEVO BANCO INDUSTRIAL DE AZUL S.A.,AR,visa,credit
433851,00-99,HSBC BANK ARGENTINA S.A.,AR,visa,credit
433852,00-99,MCT CREDIT UNION,US,visa,credit
433853,00-99,MCT CREDIT UNION,US,visa,debit
433854,00-99,,US,visa,credit
433855,00-99,,US,visa,credit
433856,00-99,1ST ADVANTAGE BANK,US,visa,debit
433857,00-99,WESTREET FEDERAL CREDIT UNION,US,visa,debit
433858,00-99,WESTREET FEDERAL CREDIT UNION,US,visa,debit
433859,00-99,TEXANA BANK NATIONAL ASSOCIATION,US,visa,debit
433860,00-99,LINCOLNWAY COMMUNITY BANK,US,visa,debit
433861,00-99,,US,visa,credit
433862,00-99,AL RAJHI BANKING AND INVESTMENT CORP.,JO,visa,credit
433863,00-99,AL RAJHI BANKING AND INVESTMENT CORP.,KW,visa,credit
433864,00-99,BANCO COMERCIAL E DE INVESTIMENTOS SARL,MZ,visa,credit
433865,00-99,BANCO COMERCIAL E DE INVESTIMENTOS SARL,MZ,visa,credit
433866,00-99,BANCO COMERCIAL E DE INVESTIMENTOS SARL,MZ,visa,debit
433867,00-99,BANCO COMERCIAL E DE INVESTIMENTOS SARL,MZ,visa,debit
433868,00-99,BANCO COMERCIAL E DE INVESTIMENTOS SARL,MZ,visa,credit
433869,00-99,BANCO COMERCIAL E DE INVESTIMENTOS SARL,MZ,visa,credit
433870,00-99,RAIFFEISENBANK AUSTRIA D.D.,HR,visa,credit
433871,00-99,BRUBANK SAU: CREDIT,AR,visa,credit
433872,00-99,CONFEDERACAO NACIONAL DAS COOPERATIVAS CENTRAIS UNICRED LTDA - UNICRED DO BRASIL,BR,visa,credit
433873,00-99,BANCO DO BRASIL S.A.,BR,visa,debit
433874,00-99,,US,visa,credit
433875,00-99,BANCO SAFRA S.A.,BR,visa,credit
433876,00-99,BIZ INSTITUICAO DE PAGAMENTO LTDA,BR,visa,credit
433877,00-99,DOCK INSTITUICAO DE PAGAMENTO S.A.,BR,visa,debit
433878,00-99,,US,visa,credit
433879,00-99,BANCO DIGIO S.A.,BR,visa,credit
433880,00-99,BANCO DO BRASIL S.A.,BR,visa,credit
433881,00-99,,ES,visa,credit
433882,00-99,,CN,visa,credit
433883,00-99,,AR,visa,credit
433884,00-99,DOCK SOLUCOES EM MEIOS DE PAGAMENTO S.A,BR,visa,debit
433885,00-99,JPMORGAN CHASE BANK N.A.,US,visa,credit
433886,00-99,HUB PAGAMENTOS S.A. **OFFBOARDING**,BR,visa,debit
433887,00-99,DIGICASH DO BRASIL LTDA.,BR,visa,credit
433888,00-99,BANCO SAFRA S.A.,BR,visa,credit
433889,00-99,,US,visa,credit
433890,00-99,,US,visa,credit
433891,00-99,ITAU UNIBANCO HOLDING S.A.,BR,visa,credit
433892,00-99,,US,visa,credit
433893,00-99,,US,visa,credit
433894,00-99,UNIBANCA S.A.,PE,visa,debit
433895,00-99,UNIBANCA S.A.,PE,visa,debit
433896,00-99,UNIBANCA S.A.,PE,visa,debit
433897,00-99,COOPERATIVA DE AHORRO Y CREDITO DE LA PEQUENA EMPRESA BIBLIAN LTDA.,EC,visa,debit
433898,00-99,BANCO PATAGONIA S.A.,AR,visa,credit
433899,00-99,,US,visa,credit
433900,00-99,HERITAGE BANK OF COMMERCE,US,visa,credit
433901,00-99,CITIBANK N.A.,US,visa,credit
433902,00-99,CITIBANK NATIONAL ASSOCIATION - CONSUMER,US,visa,credit
433903,00-99,REGIONS BANK,US,visa,credit
433904,00-99,CITIBANK N.A.,US,visa,credit
433905,00-99,CITIBANK NATIONAL ASSOCIATION - CONSUMER,US,visa,credit
433906,00-99,CITIBANK NATIONAL ASSOCIATION - CONSUMER,US,visa,credit
433907,00-99,CITIBANK NATIONAL ASSOCIATION - CONSUMER,US,visa,credit
433908,00-99,CITIBANK NATIONAL ASSOCIATION - CONSUMER,US,visa,credit
433909,00-99,CITIBANK NATIONAL ASSOCIATION - CONSUMER,US,visa,credit
433910,00-99,ARAB AFRICAN INTERNATIONAL BANK,EG,visa,debit
433911,00-99,COMMERCE BANCSHARES INC.,US,visa,credit
433912,00-99,SLOVENSKA SPORITELNA A.S.,SK,visa,credit
433913,00-99,SLOVENSKA SPORITELNA A.S.,SK,visa,credit
433914,00-99,SLOVENSKA SPORITELNA A.S.,SK,visa,credit
433915,00-99,DEUTSCHE BANK S.A.E.,ES,visa,debit
433916,00-99,OMAN ARAB BANK SAO,OM,visa,credit
433917,00-99,OMAN ARAB BANK SAO,OM,visa,credit
433918,00-99,OMAN ARAB BANK SAO,OM,visa,credit
433919,00-99,PUBLIC JOINT-STOCK COMPANY BANK OTKRITIE FINANCIAL CORPORATION,RU,visa,debit
433920,00-99,PUBLIC JOINT-STOCK COMPANY BANK OTKRITIE FINANCIAL CORPORATION,RU,visa,credit
433921,00-99,VISA EUROPE LTD.,GB,visa,credit
433922,00-99,VISA EUROPE LTD.,GB,visa,credit
433923,00-99,VISA EUROPE LTD.,GB,visa,credit
433924,00-99,VISA EUROPE LTD.,GB,visa,credit
433925,00-99,VISA EUROPE LTD.,GB,visa,credit
433926,00-99,VISA EUROPE LTD.,GB,visa,credit
433927,00-99,VISA EUROPE LTD.,GB,visa,credit
433928,00-99,VISA EUROPE LTD.,GB,visa,credit
433929,00-99,VISA EUROPE LTD.,GB,visa,credit
433930,00-99,VISA EUROPE LTD.,GB,visa,credit
433931,00-99,VISA EUROPE LTD.,GB,visa,credit
433932,00-99,VISA EUROPE LTD.,GB,visa,credit
433933,00-99,VISA EUROPE LTD.,GB,visa,credit
433934,00-99,VISA EUROPE LTD.,GB,visa,credit
433935,00-99,VISA EUROPE LTD.,GB,visa,credit
433936,00-99,VISA EUROPE LTD.,GB,visa,credit
433937,00-99,VISA EUROPE LTD.,GB,visa,credit
433938,00-99,VISA EUROPE LTD.,GB,visa,credit
433939,00-99,VISA EUROPE LTD.,GB,visa,credit
433940,00-99,VISA EUROPE LTD.,GB,visa,credit
433941,00-99,VISA EUROPE LTD.,GB,visa,credit
433942,00-99,VISA EUROPE LTD.,GB,visa,credit
433943,00-99,VISA EUROPE LTD.,GB,visa,credit
433944,00-99,,US,visa,credit
433945,00-99,,US,visa,credit
433946,00-99,VISA EUROPE LTD.,GB,visa,credit
433947,00-99,VOLKSBANK HUNGARY PRIVATE LTD.,HU,visa,debit
433948,00-99,BARCLAYS BANK PLC,IN,visa,credit
433949,00-99,,NP,visa,debit
433950,00-99,BARCLAYS BANK PLC,IN,visa,credit
433951,00-99,BARCLAYS BANK PLC,IN,visa,credit
433952,00-99,AL BILAD BANK,SA,visa,debit
433953,00-99,BANCO BRADESCARD S.A.,BR,visa,credit
433954,00-99,FIRST ABU DHABI BANK (PJSC),AE,visa,credit
433955,00-99,FIRST ABU DHABI BANK (PJSC),AE,visa,credit
433956,00-99,QATAR NATIONAL BANK S.A.E,EG,visa,credit
433957,00-99,HABIB BANK AG ZURICH,AE,visa,credit
433958,00-99,HABIB BANK AG ZURICH,AE,visa,debit
433959,00-99,HABIB BANK AG ZURICH,AE,visa,credit
433960,00-99,UNION BANK OF NIGERIA PLC,NG,visa,credit
433961,00-99,BANKA POSTANSKA STEDIONICA AKCIONARSKO DRUSTVO BANJA LUKA,BA,visa,credit
433962,00-99,BANKA POSTANSKA STEDIONICA AKCIONARSKO DRUSTVO BANJA LUKA,BA,visa,debit
433963,00-99,BANKA POSTANSKA STEDIONICA AKCIONARSKO DRUSTVO BANJA LUKA,BA,visa,debit
433964,00-99,KOMERCIJALNA BANKA AD BANJA LUKA,BA,visa,debit
433965,00-99,,US,visa,credit
433966,00-99,NOVO BANCO S.A.,PT,visa,debit
433967,00-99,CAIXABANK S.A.,ES,visa,credit
433968,00-99,,US,visa,credit
433969,00-99,OJSC TEMIRBANK,KZ,visa,debit
433970,00-99,UZKDB BANK,UZ,visa,debit
433971,00-99,CAPITAL BANK OF JORDAN PLC. CO.,JO,visa,credit
433972,00-99,SOCIETE GENERALE DE BANQUE - JORDAN,JO,visa,credit
433973,00-99,YES BANK LTD.,IN,visa,credit
433974,00-99,NEXI PAYMENTS S.P.A.,IT,visa,debit
433975,00-99,NEXI PAYMENTS S.P.A.,IT,visa,debit
433976,00-99,NEXI PAYMENTS S.P.A.,IT,visa,credit
433977,00-99,NEXI PAYMENTS S.P.A.,IT,visa,debit
433978,00-99,HUNGARIAN VOLKSBANK LTD.,HU,visa,debit
433979,00-99,BANCO LAFISE S.A.,HN,visa,debit
433980,00-99,CSCBANK SAL,LB,visa,credit
433981,00-99,CSCBANK SAL,LB,visa,credit
433982,00-99,CSCBANK S.A.L.,LB,visa,credit
433983,00-99,CSCBANK SAL,LB,visa,credit
433984,00-99,HSBC BANK KAZAKHSTAN JSC,KZ,visa,debit
433985,00-99,,US,visa,credit
433986,00-99,FIDELITY BANK (BAHAMAS) LTD.,BS,visa,debit
433987,00-99,SAMBA FINANCIAL GROUP,SA,visa,credit
433988,00-99,SAMBA FINANCIAL GROUP,SA,visa,credit
433989,00-99,,RU,visa,credit
433990,00-99,CANADIAN IMPERIAL BANK OF COMMERCE,CA,visa,debit
433991,00-99,PACIFIC PREMIER BANK,US,visa,debit
433992,00-99,PACIFIC PREMIER BANK,US,visa,credit
433993,00-99,BANK OF AMERICA - COMMERCIAL CREDIT,US,US,visa
433994,00-99,,US,visa,debit
433995,00-99,,US,visa,credit
433996,00-99,,US,visa,credit
433997,00-99,CITIZENS BANK & TRUST COMPANY OF VIVIAN LOUISIANA,US,visa,debit
433998,00-99,CITY CREDIT UNION,US,visa,debit
433999,00-99,CITY CREDIT UNION,US,visa,debit
434000,00-99,CENTRAL ONE FEDERAL CREDIT UNION,US,visa,credit
434001,00-99,WELLS FARGO BANK N.A.,US,visa,credit
434002,00-99,WELLS FARGO BANK N.A.,US,visa,credit
434003,00-99,MVB BANK INC,US,visa,debit
434004,00-99,,US,visa,credit
434005,00-99,PAYPAY CARD CORPORATION,JP,visa,credit
434006,00-99,,US,visa,credit
434007,00-99,,US,visa,credit
434008,00-99,BANK OF AMERICA - CONSUMER CREDIT,US,visa,credit
434009,00-99,BANK OF AMERICA - CONSUMER CREDIT,US,visa,credit
434010,00-99,CHRISTIAN FINANCIAL CREDIT UNION,US,visa,credit
434011,00-99,SIDNEY FEDERAL CREDIT UNION,US,visa,credit
434012,00-99,PINNACLE BANK,US,visa,credit
434013,00-99,THE VINTON COUNTY NATIONAL BANK,US,visa,credit
434014,00-99,CAROLINA TRUST FEDERAL CREDIT UNION,US,visa,credit
434015,00-99,COASTHILLS CREDIT UNION,US,visa,credit
434016,00-99,CODE CREDIT UNION,US,visa,credit
434017,00-99,TRAVIS CREDIT UNION,US,visa,credit
434018,00-99,SIKORSKY FINANCIAL CREDIT UNION INC.,US,visa,credit
434019,00-99,,US,visa,credit
434020,00-99,PREMIER MEMBERS CREDIT UNION,US,visa,debit
434021,00-99,STATE EMPLOYEES C.U. OF MARYLAND INC.,US,visa,credit
434022,00-99,TVA CREDIT UNION,US,visa,credit
434023,00-99,,US,visa,credit
434024,00-99,,RU,visa,credit
434025,00-99,MARINE FEDERAL CREDIT UNION,US,visa,debit
434026,00-99,HILLS BANK AND TRUST COMPANY,US,visa,credit
434027,00-99,ROCKY MOUNTAIN LAW ENFORCEMENT FEDERAL CREDIT UNION,US,visa,debit
434028,00-99,HELM BANK USA,US,visa,credit
434029,00-99,HELM BANK USA,US,visa,credit
434030,00-99,MAZUMA CREDIT UNION,US,visa,debit
434031,00-99,MAZUMA CREDIT UNION,US,visa,credit
434032,00-99,MAZUMA CREDIT UNION,US,visa,credit
434033,00-99,BAYVANGUARD BANK,US,visa,credit
434034,00-99,BAYVANGUARD BANK,US,visa,credit
434035,00-99,MARINE FEDERAL CREDIT UNION,US,visa,credit
434036,00-99,CARD SERVICES FOR CREDIT UNIONS,US,visa,credit
434037,00-99,HUDSON VALLEY CREDIT UNION,US,visa,credit
434038,00-99,ALLIANT CREDIT UNION,US,visa,credit
434039,00-99,GROW FINANCIAL FEDERAL CREDIT UNION,US,visa,credit
434040,00-99,UNIVERSITY FEDERAL CREDIT UNION,US,visa,credit
434041,00-99,CARD SERVICES FOR CREDIT UNIONS,US,visa,credit
434042,00-99,FIRST COMMUNITY CREDIT UNION,US,visa,credit
434043,00-99,EVANSVILLE TEACHERS FEDERAL CREDIT UNION,US,visa,debit
434044,00-99,UNITED COMMUNITY BANK,US,visa,credit
434045,00-99,GATHER FEDERAL CREDIT UNION,US,visa,credit
434046,00-99,CAROLINA TRUST FEDERAL CREDIT UNION,US,visa,debit
434047,00-99,SAN ANTONIO CITIZENS FEDERAL CREDIT UNION,US,visa,credit
434048,00-99,INDIANA MEMBERS CREDIT UNION,US,visa,credit
434049,00-99,A+ FEDERAL CREDIT UNION,US,visa,credit
434050,00-99,KELLOGG COMMUNITY CREDIT UNION,US,visa,credit
434051,00-99,HIDDEN RIVER CREDIT UNION,US,visa,credit
434052,00-99,,AU,visa,credit
434053,00-99,MARITZ INC.,US,visa,credit
434054,00-99,,US,visa,credit
434055,00-99,,US,visa,credit
434056,00-99,COUNTY NATIONAL BANK,US,visa,debit
434057,00-99,BUSEY BANK,US,visa,debit
434058,00-99,BANK OF AMERICA - CONSUMER CREDIT,US,visa,credit
434059,00-99,BANK OF AMERICA - CONSUMER CREDIT,US,visa,credit
434060,00-99,NLB KOMERCIJALNA BANKA AD BEOGRAD,RS,visa,debit
434061,00-99,CHINA CONSTRUCTION BANK CORPORATION,CN,visa,debit
434062,00-99,CHINA CONSTRUCTION BANK CORPORATION,CN,visa,debit
434063,00-99,TRIODOS BANK NV SUCURSAL EN ESPANA,ES,visa,credit
434064,00-99,DOCK INSTITUICAO DE PAGAMENTO S.A.,BR,visa,debit
434065,00-99,,US,visa,credit
434066,00-99,,KY,visa,credit
434067,00-99,BANCO DEL ESTADO DE CHILE,CL,visa,credit
434068,00-99,,US,visa,credit
434069,00-99,ABSA BANK LTD.,ZA,visa,debit
434070,00-99,ABSA BANK LTD.,ZA,visa,debit
434071,00-99,BANK OF INDIA,IN,visa,credit
434072,00-99,,HN,visa,credit
434073,00-99,,BB,visa,credit
434074,00-99,,BB,visa,credit
434075,00-99,PT BANK MANDIRI (PERSERO) TBK,ID,visa,credit
434076,00-99,KASIKORNBANK PUBLIC COMPANY LTD.,TH,visa,debit
434077,00-99,UTAH COMMUNITY FEDERAL CREDIT UNION,US,visa,credit
434078,00-99,UTAH COMMUNITY FEDERAL CREDIT UNION,US,visa,credit
434079,00-99,GUARANTY BANK & TRUST COMPANY OF DELHI LOUISIANA,US,visa,credit
434080,00-99,OJSC ORIENBANK,TJ,visa,debit
434081,00-99,KARUR VYSYA BANK LTD.,IN,visa,credit
434082,00-99,CITIBANK - COLOMBIA S.A.,CO,visa,credit
434083,00-99,,US,visa,credit
434084,00-99,,US,visa,credit
434085,00-99,RED ROCKS CREDIT UNION,US,visa,debit
434086,00-99,EDUCATIONAL SYSTEMS FEDERAL CREDIT UNION,US,visa,credit
434087,00-99,SIAM COMMERCIAL BANK PUBLIC CO. LTD.,TH,visa,credit
434088,00-99,SIAM COMMERCIAL BANK PUBLIC CO. LTD.,TH,visa,credit
434089,00-99,SIAM COMMERCIAL BANK PUBLIC CO. LTD.,TH,visa,credit
434090,00-99,FIRST STATE BANK,US,visa,debit
434091,00-99,BANCO MULTIPLE BHD LEON S.A.,DO,visa,debit
434092,00-99,BANCO MULTIPLE BHD LEON S.A.,DO,visa,debit
434093,00-99,BANKPLUS,US,visa,debit
434094,00-99,BANCA PROMERICA S.A.,CR,visa,debit
434095,00-99,ABSA BANK LTD.,ZA,visa,debit
434096,00-99,BANCA PROMERICA S.A.,CR,visa,debit
434097,00-99,BANCO PROMERICA DE COSTA RICA S.A.,CR,visa,credit
434098,00-99,PT BANK DANAMON INDONESIA TBK,ID,visa,credit
434099,00-99,BANK DANAMON,ID,visa,credit
434100,00-99,SHOW-ME CREDIT UNION,US,visa,debit
434101,00-99,ITAU UNIBANCO HOLDING S.A.,BR,visa,credit
434102,00-99,QATAR NATIONAL BANK S.A.E,EG,visa,credit
434103,00-99,BANCO BILBAO VIZCAYA ARGENTARIA S.A. (BBVA),ES,visa,credit
434104,00-99,BANCO BILBAO VIZCAYA ARGENTARIA S.A. (BBVA),ES,visa,credit
434105,00-99,SERVICE CREDIT UNION,US,visa,debit
434106,00-99,FAISAL ISLAMIC BANK,SD,visa,debit
434107,00-99,ALINMA BANK,SA,visa,debit
434108,00-99,SUNTRUST BANK,US,visa,credit
434109,00-99,BANK OF WASHINGTON,US,visa,credit
434110,00-99,U.S. BANK NATIONAL ASSOCIATION-CREDIT,US,visa,credit
434111,00-99,SELFRELIANCE FEDERAL CREDIT UNION,US,visa,credit
434112,00-99,SUNTRUST BANK,US,visa,credit
434113,00-99,ILLINOIS STATE POLICE FEDERAL CREDIT UNION,US,visa,credit
434114,00-99,CITIBANK EUROPE PLC,SK,visa,credit
434115,00-99,SERVICE CREDIT UNION,US,visa,credit
434116,00-99,SUNTRUST BANK,US,visa,credit
434117,00-99,SERVICES CREDIT UNION,US,visa,credit
434118,00-99,BARCLAYS BANK TANZANIA LTD.,ZW,visa,debit
434119,00-99,ECOBANK TANZANIA LTD.,TZ,visa,debit
434120,00-99,GUARANTY TRUST BANK LTD.,NG,visa,credit
434121,00-99,BANTERRA BANK,US,visa,debit
434122,00-99,HART COUNTY BANK AND TRUST COMPANY,US,visa,debit
434123,00-99,SUNTRUST BANK,US,visa,debit
434124,00-99,SUNTRUST BANK,US,visa,debit
434125,00-99,ASHLAND COMMUNITY FEDERAL CREDIT UNION,US,visa,debit
434126,00-99,QATAR NATIONAL BANK S.A.E,EG,visa,credit
434127,00-99,QATAR NATIONAL BANK S.A.E,EG,visa,credit
434128,00-99,SUNTRUST BANK,US,visa,credit
434129,00-99,JPMORGAN CHASE BANK N.A.,US,visa,credit
434130,00-99,JPMORGAN CHASE BANK N.A.,US,visa,credit
434131,00-99,JPMORGAN CHASE BANK N.A.,US,visa,credit
434132,00-99,JPMORGAN CHASE BANK N.A.,US,visa,credit
434133,00-99,SUNTRUST BANK,US,visa,credit
434134,00-99,THAYER COUNTY BANK,US,visa,debit
434135,00-99,CJSC ALFA-BANK,RU,visa,credit
434136,00-99,SUNTRUST BANK,US,visa,credit
434137,00-99,SUNTRUST BANK,US,visa,credit
434138,00-99,QATAR ISLAMIC BANK (S.A.Q.),QA,visa,credit
434139,00-99,FIRST SOUTHERN NATIONAL BANK,US,visa,debit
434140,00-99,JSC SHINHAN BANK KAZAKHSTAN,KZ,visa,debit
434141,00-99,DOHA BANK LTD.,QA,visa,debit
434142,00-99,STEWARD BANK LTD.,ZW,visa,debit
434143,00-99,FIRST ABU DHABI BANK (PJSC),AE,visa,credit
434144,00-99,UNITED COMMUNITY BANK,US,visa,debit
434145,00-99,IRAQ ELECTRONIC GATE FOR FINANCIAL SERVICES CO. LTD.,IQ,visa,debit
434146,00-99,PUBLIC JOINT-STOCK COMPANY BANK OTKRITIE FINANCIAL CORPORATION,RU,visa,credit
434147,00-99,PUBLIC JOINT-STOCK COMPANY BANK OTKRITIE FINANCIAL CORPORATION,RU,visa,credit
434148,00-99,PUBLIC JOINT-STOCK COMPANY BANK OTKRITIE FINANCIAL CORPORATION,RU,visa,debit
434149,00-99,PUBLIC JOINT STOCK COMPANY BANK URALSIB,RU,visa,credit
434150,00-99,BANCO PROMERICA S.A.,GT,visa,debit
434151,00-99,THE BANK OF NOVA SCOTIA (PANAMA BRANCH),PA,visa,debit
434152,00-99,IRAQ ELECTRONIC GATE FOR FINANCIAL SERVICES CO. LTD.,IQ,visa,debit
434153,00-99,BANCO CUSCATLAN DE EL SALVADOR S.A.,SV,visa,debit
434154,00-99,BANCO CUSCATLAN DE EL SALVADOR S.A.,SV,visa,debit
434155,00-99,HDFC BANK LTD.,IN,visa,credit
434156,00-99,CB PRIVATBANK,UA,visa,debit
434157,00-99,VTB BANK PJSC,RU,visa,debit
434158,00-99,AXIS BANK LTD.,IN,visa,debit
434159,00-99,UMB BANK NATIONAL ASSOCIATION,US,visa,debit
434160,00-99,ALTRA FEDERAL CREDIT UNION,US,visa,debit
434161,00-99,USALLIANCE FEDERAL CREDIT UNION,US,visa,credit
434162,00-99,FIRST CHOICE BANK,US,visa,debit
434163,00-99,GENESEE CO-OP,US,visa,debit
434164,00-99,,US,visa,credit
434165,00-99,MERCANTILE BANK LTD.,ZA,visa,debit
434166,00-99,MERCANTILE BANK LTD.,ZA,visa,credit
434167,00-99,THE FIRST NATIONAL BANK OF FORT SMITH,US,visa,debit
434168,00-99,HDFC BANK LTD.,IN,visa,credit
434169,00-99,FIRST SECURE COMMUNITY BANK,US,visa,debit
434170,00-99,SUNTRUST BANK,US,visa,debit
434171,00-99,FIRST STATE BANK OF SHELBY,US,visa,debit
434172,00-99,FIRST STATE BANK OF SHELBY,US,visa,debit
434173,00-99,HSBC BANK OMAN S.A.O.G,OM,visa,credit
434174,00-99,OKLAHOMA HERITAGE BANK,US,visa,debit
434175,00-99,MASHREQBANK,EG,visa,debit
434176,00-99,FORIS GFS AUSTRALIA PTY LTD.,AU,visa,debit
434177,00-99,QNB ALAHLI,EG,visa,credit
434178,00-99,TOWN AND COUNTRY CREDIT UNION,US,visa,credit
434179,00-99,CEMEA REGION,GB,visa,credit
434180,00-99,NRB BANK LTD.,BD,visa,credit
434181,00-99,NEDBANK LTD.,ZA,visa,credit
434182,00-99,TRUIST BANK - CREDIT,US,visa,credit
434183,00-99,COASTHILLS FEDERAL CREDIT UNION,US,visa,credit
434184,00-99,NRB BANK LTD.,BD,visa,debit
434185,00-99,NRB BANK LTD.,BD,visa,debit
434186,00-99,NRB BANK LTD.,BD,visa,credit
434187,00-99,NRB BANK LTD.,BD,visa,credit
434188,00-99,NEDBANK LTD.,ZA,visa,credit
434189,00-99,NEDCOR BANK LTD.,ZA,visa,credit
434190,00-99,NEDCOR BANK LTD.,ZA,visa,credit
434191,00-99,NEDCOR BANK LTD.,ZA,visa,credit
434192,00-99,NEDCOR BANK LTD.,ZA,visa,credit
434193,00-99,NEDCOR BANK LTD.,ZA,visa,credit
434194,00-99,COOPERATIVA PARAGUAYA DE LA INDUSTRIA DELA CONSTRUCCION LTDA.(COPACONS LTDA.),PY,visa,credit
434195,00-99,NEDBANK LTD.,ZA,visa,credit
434196,00-99,NEDBANK LTD.,ZA,visa,credit
434197,00-99,UNIVERSITY OF WISCONSIN CREDIT UNION,US,visa,credit
434198,00-99,UNIVERSITY OF WISCONSIN CREDIT UNION,US,visa,credit
434199,00-99,WEST COMMUNITY CREDIT UNION,US,visa,debit
434200,00-99,BANK OF AMERICA NATIONAL ASSOCIATION,US,visa,credit
434201,00-99,BANK OF AMERICA NATIONAL ASSOCIATION,US,visa,credit
434202,00-99,INTERGIRO INTERNATIONAL STOCKHOLM AB (PUBL),SE,visa,debit
434203,00-99,UMB BANK NATIONAL ASSOCIATION,US,visa,debit
434204,00-99,THE COMMERCIAL BANK OF QATAR (Q.S.C.),QA,visa,debit
434205,00-99,,BB,visa,credit
434206,00-99,WESBANCO BANK INC.,US,visa,debit
434207,00-99,BANK OF AMERICA - CONSUMER CREDIT,US,visa,credit
434208,00-99,BANK OF AMERICA NATIONAL ASSOCIATION,US,visa,credit
434209,00-99,,US,visa,debit
434210,00-99,THE CAMDEN NATIONAL BANK,US,visa,debit
434211,00-99,THE CAMDEN NATIONAL BANK,US,visa,debit
434212,00-99,USF FEDERAL CREDIT UNION,US,visa,credit
434213,00-99,LGE COMMUNITY CREDIT UNION,US,visa,credit
434214,00-99,BANK OF AMERICA NATIONAL ASSOCIATION,US,visa,debit
434215,00-99,BANK OF AMERICA - CONSUMER CREDIT,US,visa,credit
434216,00-99,TRUECORE FEDERAL CREDIT UNION,US,visa,credit
434217,00-99,TRUECORE FEDERAL CREDIT UNION,US,visa,credit
434218,00-99,UNITED BANK FOR AFRICA (UBA) PLC,CI,visa,debit
434219,00-99,BANK OF AMERICA NATIONAL ASSOCIATION,US,visa,debit
434220,00-99,PLATTE VALLEY BANK,US,visa,debit
434221,00-99,BANK OF AMERICA NATIONAL ASSOCIATION,US,visa,credit
434222,00-99,LINCOLN SAVINGS BANK,US,visa,debit
434223,00-99,U.S. BANK NATIONAL ASSOCIATION,US,visa,debit
434224,00-99,BANK OF AMERICA NATIONAL ASSOCIATION,US,visa,credit
434225,00-99,FIRST NATIONAL BANK OF OMAHA,US,visa,credit
434226,00-99,BANK OF AMERICA NATIONAL ASSOCIATION,US,visa,credit
434227,00-99,BANK OF AMERICA NATIONAL ASSOCIATION,US,visa,credit
434228,00-99,BANK OF AMERICA NATIONAL ASSOCIATION,US,visa,debit
434229,00-99,BANK OF AMERICA NATIONAL ASSOCIATION,US,visa,debit
434230,00-99,RHB BANK BERHAD,MY,visa,credit
434231,00-99,,MW,visa,debit
434232,00-99,BANK OF AMERICA NATIONAL ASSOCIATION,US,visa,credit
434233,00-99,FIRST SOUTHWEST BANK,US,visa,debit
434234,00-99,BANK OF AMERICA NATIONAL ASSOCIATION,US,visa,credit
434235,00-99,BANK OF AMERICA - CONSUMER CREDIT,US,visa,credit
434236,00-99,THE BANCORP BANK NATIONAL ASSOCIATION,US,visa,debit
434237,00-99,BANK OF AMERICA NATIONAL ASSOCIATION,US,visa,debit
434238,00-99,NAVIGANT CREDIT UNION,US,visa,debit
434239,00-99,NAVIGANT CREDIT UNION,US,visa,debit
434240,00-99,BANK OF AMERICA NATIONAL ASSOCIATION,US,visa,credit
434241,00-99,ICBA BANCARD,US,visa,credit
434242,00-99,,US,visa,debit
434243,00-99,EMPRISE BANK,US,visa,credit
434244,00-99,CELTIC BANK,US,visa,credit
434245,00-99,VIBE CREDIT UNION,US,visa,credit
434246,00-99,BANK OF AMERICA - CONSUMER CREDIT,US,visa,credit
434247,00-99,BANK OF AMERICA NATIONAL ASSOCIATION,US,visa,debit
434248,00-99,5STAR BANK,US,visa,debit
434249,00-99,BANK OF AMERICA NATIONAL ASSOCIATION,US,visa,debit
434250,00-99,THE COMMUNITY BANK,US,visa,credit
434251,00-99,WELLS FARGO BANK N.A.,US,visa,debit
434252,00-99,GUARANTY BANK,US,visa,debit
434253,00-99,GUARANTY BANK,US,visa,debit
434254,00-99,GUARANTY BANK & TRUST N.A.,US,visa,debit
434255,00-99,GUARANTY BANK,US,visa,debit
434256,00-99,WELLS FARGO BANK NATIONAL ASSOCIATION,US,visa,debit
434257,00-99,WELLS FARGO BANK NATIONAL ASSOCIATION,US,visa,debit
434258,00-99,WELLS FARGO BANK NATIONAL ASSOCIATION,US,visa,debit
434259,00-99,WELLS FARGO BANK NATIONAL ASSOCIATION,US,visa,debit
434260,00-99,WELLS FARGO BANK NATIONAL ASSOCIATION,US,visa,debit
434261,00-99,BANK OF AMERICA NATIONAL ASSOCIATION,US,visa,credit
434262,00-99,BANK OF AMERICA NATIONAL ASSOCIATION,US,visa,credit
434263,00-99,BANK OF AMERICA NATIONAL ASSOCIATION,US,visa,credit
434264,00-99,BANK OF AMERICA NATIONAL ASSOCIATION,US,visa,credit
434265,00-99,WELLS FARGO BANK NATIONAL ASSOCIATION,US,visa,debit
434266,00-99,FIRST HORIZON BANK,US,visa,debit
434267,00-99,FIRST HORIZON BANK,US,visa,debit
434268,00-99,FIRST HORIZON BANK,US,visa,debit
434269,00-99,FIRST HORIZON BANK,US,visa,debit
434270,00-99,POMELO INSTITUICAO DE PAGAMENTO LTDA,BR,visa,credit
434271,00-99,WILDFIRE CREDIT UNION,US,visa,credit
434272,00-99,FIRST FINANCIAL BANK,US,visa,debit
434273,00-99,GALESBURG BURLINGTON CREDIT UNION,US,visa,debit
434274,00-99,OPPORTUNITY BANK OF MONTANA,US,visa,debit
434275,00-99,NBKC BANK,US,visa,debit
434276,00-99,TOPEKA POLICE CREDIT UNION,US,visa,debit
434277,00-99,UNITED NATIONS FEDERAL CREDIT UNION,US,visa,credit
434278,00-99,BANK OF AMERICA NATIONAL ASSOCIATION,US,visa,credit
434279,00-99,HAYNES COMMUNITY FEDERAL CREDIT UNION,US,visa,credit
434280,00-99,BELT VALLEY BANK,US,visa,debit
434281,00-99,GRANT COUNTY STATE BANK,US,visa,debit
434282,00-99,BANK OF AMERICA NATIONAL ASSOCIATION,US,visa,debit
434283,00-99,BANK OF AMERICA NATIONAL ASSOCIATION,US,visa,credit
434284,00-99,BANK OF AMERICA NATIONAL ASSOCIATION,US,visa,credit
434285,00-99,BANK OF AMERICA NATIONAL ASSOCIATION,US,visa,credit
434286,00-99,KINA SECURITIES LTD.,PG,visa,credit
434287,00-99,CENTURYFIRST FEDERAL CREDIT UNION,US,visa,credit
434288,00-99,BANK OF AMERICA NATIONAL ASSOCIATION,US,visa,credit
434289,00-99,BANK OF AMERICA - CONSUMER CREDIT,US,visa,credit
434290,00-99,CASHMERE VALLEY BANK,US,visa,credit
434291,00-99,BANK OF AMERICA NATIONAL ASSOCIATION,US,visa,credit
434292,00-99,BANK OF AMERICA - CONSUMER CREDIT,US,visa,credit
434293,00-99,CASHMERE VALLEY BANK,US,visa,credit
434294,00-99,HURRICANE CREEK FEDERAL CREDIT UNION,US,visa,credit
434295,00-99,BANK OF AMERICA NATIONAL ASSOCIATION,US,visa,credit
434296,00-99,PEOPLES STATE BANK,US,visa,credit
434297,00-99,BANK OF AMERICA NATIONAL ASSOCIATION,US,visa,credit
434298,00-99,BANK OF AMERICA - CONSUMER CREDIT,US,visa,credit
434299,00-99,U.S. REGION,US,visa,credit
434300,00-99,KAHULUI FEDERAL CREDIT UNION,US,visa,debit
434301,00-99,ICICI BANK LTD.,IN,visa,debit
434302,00-99,ICICI BANK LTD.,IN,visa,debit
434303,00-99,ICICI BANK LTD.,IN,visa,debit
434304,00-99,AS GE MONEY BANK,LV,visa,debit
434305,00-99,AS GE MONEY BANK,LV,visa,credit
434306,00-99,JSC RIETUMU BANKA,LV,visa,debit
434307,00-99,BALTIC TRANSIT BANK,LV,visa,credit
434308,00-99,BANK OF GUAM,GU,visa,credit
434309,00-99,BANK OF GUAM,GU,visa,credit
434310,00-99,FIRST INTERSTATE BANK,US,visa,credit
434311,00-99,NCMIC FINANCE CORPORATION,US,visa,credit
434312,00-99,IBERIABANK,US,visa,credit
434313,00-99,LIGHTHOUSE FEDERAL CREDIT UNION,US,visa,credit
434314,00-99,LIGHTHOUSE FEDERAL CREDIT UNION,US,visa,debit
434315,00-99,SUNCOAST CREDIT UNION,US,visa,credit
434316,00-99,SERVICE CREDIT UNION,US,visa,debit
434317,00-99,U.S. BANK N.A.,US,visa,credit
434318,00-99,SOUTHEAST MISSOURI COMMUNITY CREDIT UNION,US,visa,debit
434319,00-99,MARKET USA FEDERAL CREDIT UNION,US,visa,debit
434320,00-99,FIRST HORIZON BANK,US,visa,debit
434321,00-99,JPMORGAN CHASE BANK N.A.,US,visa,debit
434322,00-99,UNICREDIT S.P.A.,IT,visa,credit
434323,00-99,SPAREKASSEN KRONJYLLAND,DK,visa,debit
434324,00-99,JPMORGAN CHASE BANK N.A.,US,visa,debit
434325,00-99,FIRST INTERSTATE BANK,US,visa,credit
434326,00-99,COOPER CARD INSTITUICAO DE PAGAMENTO LTDA.,BR,visa,debit
434327,00-99,FIRST INTERSTATE BANK,US,visa,credit
434328,00-99,THE FEDERAL BANK LTD.,IN,visa,credit
434329,00-99,FIRST INTERSTATE BANK,US,visa,credit
434330,00-99,BANISTMO S.A.,PA,visa,credit
434331,00-99,SPRINGS VALLEY BANK & TRUST COMPANY,US,visa,credit
434332,00-99,TRAVIS CREDIT UNION,US,visa,credit
434333,00-99,FIRST INTERSTATE BANK,US,visa,credit
434334,00-99,TRU FI CREDIT UNION,US,visa,debit
434335,00-99,,US,visa,debit
434336,00-99,OUR CREDIT UNION,US,visa,credit
434337,00-99,TLC COMMUNITY CREDIT UNION,US,visa,credit
434338,00-99,FIRST NEW YORK FEDERAL CREDIT UNION,US,visa,debit
434339,00-99,BATTLE CREEK STATE BANK,US,visa,debit
434340,00-99,PATHWARD N.A.,US,visa,debit
434341,00-99,CANADIAN IMPERIAL BANK OF COMMERCE,CA,visa,debit
434342,00-99,SEYLAN BANK LTD.,LK,visa,credit
434343,00-99,JSC UKRSIBBANK,UA,visa,credit
434344,00-99,BANCO NACIONAL DEL EJERCITO FUERZA AEREA Y ARMADA S.N.C.,MX,visa,credit
434345,00-99,FIRST INTERSTATE BANK,US,visa,credit
434346,00-99,CITIBANK KOREA INC.,KR,visa,credit
434347,00-99,CITIBANK KOREA INC.,KR,visa,credit
434348,00-99,UNION BANK OF THE PHILIPPINES,PH,visa,credit
434349,00-99,FNBT BANK,US,visa,credit
434350,00-99,TLC COMMUNITY CREDIT UNION,US,visa,credit
434351,00-99,SUMMIT CREDIT UNION,US,visa,debit
434352,00-99,,US,visa,credit
434353,00-99,INTERPAYMENT SERVICES LTD.,DK,visa,debit
434354,00-99,YES BANK LTD.,IN,visa,debit
434355,00-99,INTERPAYMENT SERVICES LTD.,SE,visa,debit
434356,00-99,INTERPAYMENT SERVICES LTD.,SE,visa,debit
434357,00-99,SOCIEDAD CONJUNTA PARA LA EMISION Y GESTION DE MEDIOS DE PAGO E.F.C. S.A.,ES,visa,credit
434358,00-99,SOCIEDAD CONJUNTA PARA LA EMISION Y GESTION DE MEDIOS DE PAGO E.F.C. S.A.,ES,visa,credit
434359,00-99,CESKA SPORITELNA A.S (CZECH SAVINGS BANK),CZ,visa,credit
434360,00-99,EVANSVILLE TEACHERS FEDERAL CREDIT UNION,US,visa,debit
434361,00-99,DIGITAL FEDERAL CREDIT UNION,US,visa,debit
434362,00-99,FIRST INTERSTATE BANK,US,visa,credit
434363,00-99,FSGBANK N.A.,US,visa,credit
434364,00-99,ENTERPRISE CREDIT UNION,US,visa,debit
434365,00-99,SERVICE CREDIT UNION,US,visa,debit
434366,00-99,U.S. BANK N.A.,US,visa,credit
434367,00-99,TELHIO CREDIT UNION,US,visa,credit
434368,00-99,FIRSTMARK CREDIT UNION,US,visa,credit
434369,00-99,UNITED EQUITY CREDIT UNION,US,visa,debit
434370,00-99,CITIZENS' BANK & TRUST CO.,US,visa,credit
434371,00-99,CITIZENS' BANK & TRUST CO.,US,visa,credit
434372,00-99,ILLINOIS BANK & TRUST,US,visa,credit
434373,00-99,TRELLANCE INC.,US,visa,credit
434374,00-99,GREAT LAKES CREDIT UNION,US,visa,debit
434375,00-99,ST. LOUIS POLICEMENS' CREDIT UNION,US,visa,debit
434376,00-99,ST. PIUS X CHURCH FEDERAL CREDIT UNION,US,visa,credit
434377,00-99,DENVER FIRE DEPARTMENT FEDERAL CREDIT UNION,US,visa,credit
434378,00-99,DENVER FIRE DEPARTMENT FEDERAL CREDIT UNION,US,visa,credit
434379,00-99,UNITED BAY COMMUNITY CREDIT UNION,US,visa,credit
434380,00-99,BANK OF SOUTH PACIFIC TONGA LTD.,TO,visa,debit
434381,00-99,JSCB SOYUZ,RU,visa,debit
434382,00-99,JSCB SOYUZ,RU,visa,debit
434383,00-99,JSCB SOYUZ,RU,visa,debit
434384,00-99,JSCB SOYUZ,RU,visa,debit
434385,00-99,CAPITAL ONE BANK (USA) N.A.,US,visa,credit
434386,00-99,AS GE MONEY BANK,LV,visa,debit
434387,00-99,SOCIEDAD CONJUNTA PARA LA EMISION Y GESTION DE MEDIOS DE PAGO E.F.C. S.A.,ES,visa,credit
434388,00-99,SOCIEDAD CONJUNTA PARA LA EMISION Y GESTION DE MEDIOS DE PAGO E.F.C. S.A.,ES,visa,credit
434389,00-99,QI SOCIEDADE DE CREDITO DIRETO S.A.,BR,visa,debit
434390,00-99,COMMUNITY CREDIT UNION,US,visa,credit
434391,00-99,ALBRIGHT CREDIT UNION,US,visa,credit
434392,00-99,UMPQUA BANK,US,visa,credit
434393,00-99,UMPQUA BANK,US,visa,credit
434394,00-99,WESTERRA CREDIT UNION,US,visa,debit
434395,00-99,PATRIOT BANK NATIONAL ASSOCIATION,US,visa,debit
434396,00-99,FIRST FINANCIAL BANK,US,visa,credit
434397,00-99,U.S. BANK N.A.,US,visa,credit
434398,00-99,ICBA BANCARD INC.,US,visa,credit
434399,00-99,JUSTICE FEDERAL CREDIT UNION,US,visa,credit
434400,00-99,CAIXA GERAL DE DEPOSITOS S.A.,TL,visa,debit
434401,00-99,FIRSTRAND BANK LTD.,ZA,visa,credit
434402,00-99,BEYOND BANK AUSTRALIA LTD.,AU,visa,credit
434403,00-99,HALKBANK STATE COMMERCIAL BANK OF TURKMENISTAN,TM,visa,debit
434404,00-99,ANZ - AUSTRALIA AND NEW ZEALAND BANKING GROUP,AU,visa,credit
434405,00-99,WESTERRA CREDIT UNION,US,visa,credit
434406,00-99,WESTERRA CREDIT UNION,US,visa,credit
434407,00-99,SOUND CREDIT UNION,US,visa,debit
434408,00-99,SCRIBNER BANK,US,visa,debit
434409,00-99,BANK OF TENNESSEE,US,visa,debit
434410,00-99,WOORI AMERICA BANK,US,visa,credit
434411,00-99,LANDESBANK BERLIN AG,DE,visa,credit
434412,00-99,NIUM PTY LTD.,AU,visa,debit
434413,00-99,STATE BANK OF INDIA,IN,visa,debit
434414,00-99,YES BANK LTD.,IN,visa,debit
434415,00-99,YES BANK LTD.,IN,visa,debit
434416,00-99,STATE BANK OF INDIA,IN,visa,debit
434417,00-99,ANZ - AUSTRALIA AND NEW ZEALAND BANKING GROUP,AU,visa,credit
434418,00-99,RIVER VALLEY CREDIT UNION,US,visa,debit
434419,00-99,NORTHCOUNTRY FEDERAL CREDIT UNION,US,visa,credit
434420,00-99,LANDESBANK BERLIN AG,DE,visa,credit
434421,00-99,STOCK YARDS BANK & TRUST COMPANY,US,visa,credit
434422,00-99,WOORI AMERICA BANK,US,visa,credit
434423,00-99,CITIZENS BANK N.A.,US,visa,credit
434424,00-99,NORTHCOUNTRY FEDERAL CREDIT UNION,US,visa,credit
434425,00-99,SOUTH STATE BANK,US,visa,debit
434426,00-99,SOUTH STATE BANK,US,visa,debit
434427,00-99,FIRST FEDERAL,US,visa,debit
434428,00-99,EAGLE BANK,US,visa,debit
434429,00-99,MEMBERS HERITAGE CREDIT UNION,US,visa,credit
434430,00-99,PUGET SOUND FEDERAL CREDIT UNION,US,visa,credit
434431,00-99,THE FIRST - A NATIONAL BANKING ASSOCIATION,US,visa,credit
434432,00-99,GULF AFRICAN BANK LTD.,KE,visa,credit
434433,00-99,COMMONWEALTH BANK AND TRUST COMPANY,US,visa,credit
434434,00-99,PENINSULA FEDERAL CREDIT UNION,US,visa,credit
434435,00-99,INDIANA HEARTLAND FEDERAL CREDIT UNION,US,visa,credit
434436,00-99,YES BANK LTD.,IN,visa,debit
434437,00-99,PACIFIC PREMIER BANK,US,visa,debit
434438,00-99,PACIFIC PREMIER BANK,US,visa,debit
434439,00-99,SCOTT ASSOCIATES CREDIT UNION INC.,US,visa,credit
434440,00-99,GREENVILLE HERITAGE FEDERAL CREDIT UNION,US,visa,credit
434441,00-99,GREENVILLE HERITAGE FEDERAL CREDIT UNION,US,visa,credit
434442,00-99,GREENVILLE HERITAGE FEDERAL CREDIT UNION,US,visa,credit
434443,00-99,PATELCO CREDIT UNION,US,visa,credit
434444,00-99,BSE CREDIT UNION INC.,US,visa,debit
434445,00-99,WINTHROP AREA FEDERAL CREDIT UNION,US,visa,credit
434446,00-99,SERVICE CREDIT UNION,US,visa,debit
434447,00-99,ARMED FORCES BANK NATIONAL ASSOCIATION,US,visa,credit
434448,00-99,ARMED FORCES BANK N.A.,US,visa,credit
434449,00-99,ARMED FORCES BANK N.A.,US,visa,credit
434450,00-99,GULF AFRICAN BANK LTD.,KE,visa,credit
434451,00-99,LANDESBANK BERLIN AG,DE,visa,credit
434452,00-99,CAIXA ECONOMICA FEDERAL,BR,visa,credit
434453,00-99,LANDESBANK BERLIN AG,DE,visa,credit
434454,00-99,LANDESBANK BERLIN AG,DE,visa,credit
434455,00-99,LANDESBANK BERLIN AG,DE,visa,credit
434456,00-99,NAMPOST LTD.,NA,visa,debit
434457,00-99,BLACKHAWK COMMUNITY CREDIT UNION,US,visa,credit
434458,00-99,STATE BANK OF SOUTHERN UTAH,US,visa,debit
434459,00-99,MONROE COUNTY COMMUNITY CREDIT UNION,US,visa,credit
434460,00-99,SOUTH BAY CREDIT UNION,US,visa,credit
434461,00-99,ST. MARY'S BANK CREDIT UNION,US,visa,credit
434462,00-99,ST. MARY'S BANK CREDIT UNION,US,visa,credit
434463,00-99,THE GOVERNMENT SAVINGS BANK,TH,visa,debit
434464,00-99,WASHINGTON TRUST BANK,US,visa,credit
434465,00-99,REPUBLIC BANK & TRUST COMPANY,US,visa,credit
434466,00-99,REPUBLIC BANK & TRUST COMPANY,US,visa,credit
434467,00-99,REPUBLIC BANK & TRUST COMPANY,US,visa,credit
434468,00-99,UNIVERSITY OF MICHIGAN CREDIT UNION,US,visa,credit
434469,00-99,UNIVERSITY OF MICHIGAN CREDIT UNION,US,visa,credit
434470,00-99,ECOBANK GHANA LTD.,GH,visa,debit
434471,00-99,HIGHMARK FEDERAL CREDIT UNION,US,visa,credit
434472,00-99,CROSS RIVER BANK,US,visa,credit
434473,00-99,LANDESBANK BERLIN AG,DE,visa,credit
434474,00-99,WRIGHT-PATT CREDIT UNION INC.,US,visa,credit
434475,00-99,UNIBANK FOR SAVINGS,US,visa,debit
434476,00-99,ELEVATIONS CREDIT UNION,US,visa,credit
434477,00-99,ABU DHABI ISLAMIC BANK,AE,visa,debit
434478,00-99,ABSA BANK LTD.,ZA,visa,debit
434479,00-99,AHLI BANK (S.A.O.G),OM,visa,credit
434480,00-99,KB KOOKMIN CARD CO. LTD.,KR,visa,credit
434481,00-99,FIRSTCARIBBEAN INTERNATIONAL BANK (JAMAICA) LTD.,JM,visa,credit
434482,00-99,BANCO SANTANDER S.A.,BR,visa,credit
434483,00-99,WALLED LAKE SCHOOLS FEDERAL CREDIT UNION,US,visa,credit
434484,00-99,BELARUSIAN BANK FOR DEVELOPMENT AND RECONSTRUCTION BELINVESTBA,BY,visa,debit
434485,00-99,BELARUSIAN BANK FOR DEVELOPMENT AND RECONSTRUCTION BELINVESTBA,BY,visa,debit
434486,00-99,BELARUSIAN BANK FOR DEVELOPMENT AND RECONSTRUCTION BELINVESTBA,BY,visa,credit
434487,00-99,BELARUSIAN BANK FOR DEVELOPMENT AND RECONSTRUCTION BELINVESTBA,BY,visa,debit
434488,00-99,WESTERRA CREDIT UNION,US,visa,credit
434489,00-99,COASTHILLS FEDERAL CREDIT UNION,US,visa,debit
434490,00-99,WESTERRA CREDIT UNION,US,visa,debit
434491,00-99,GERMAN AMERICAN BANK,US,visa,debit
434492,00-99,WESTERRA CREDIT UNION,US,visa,credit
434493,00-99,GE CAPITAL FINANCIAL INC.,US,visa,debit
434494,00-99,FOREIGN TRADE BANK OF CAMBODIA,KH,visa,debit
434495,00-99,TERRA PAYMENT SERVICES (ITALY) S.R.L.,IT,visa,debit
434496,00-99,LANDESBANK BERLIN AG,DE,visa,debit
434497,00-99,DEUTSCHE BANK S.P.A.,IT,visa,debit
434498,00-99,DEUTSCHE BANK S.P.A.,IT,visa,debit
434499,00-99,LANDESBANK BERLIN GIROZENTRALE,DE,visa,credit
434500,00-99,,US,visa,credit
434501,00-99,,US,visa,credit
434502,00-99,BANCO AGRICOLA S.A.,SV,visa,debit
434503,00-99,BANCO FALABELLA,CL,visa,debit
434504,00-99,PEOPLES STATE BANK,US,visa,credit
434505,00-99,BANCO DIGIMAIS S.A. *(OFFBOARDING)*,BR,visa,credit
434506,00-99,BANCO DIGIMAIS S.A. *(OFFBOARDING)*,BR,visa,credit
434507,00-99,BANCO DIGIMAIS S.A. *(OFFBOARDING)*,BR,visa,credit
434508,00-99,BANCO DIGIMAIS S.A. *(OFFBOARDING)*,BR,visa,credit
434509,00-99,BANCO DIGIMAIS S.A. *(OFFBOARDING)*,BR,visa,debit
434510,00-99,BANCO DIGIMAIS S.A.,BR,visa,debit
434511,00-99,SUDAMERIS BANK S.A.E.C.A. *(OFFBOARDING)*,PY,visa,debit
434512,00-99,SUDAMERIS BANK S.A.E.C.A. *(OFFBOARDING)*,PY,visa,credit
434513,00-99,BANCO BRADESCO S.A.,BR,visa,debit
434514,00-99,,US,visa,credit
434515,00-99,BANCO COOPERATIVO SICREDI S.A.,BR,visa,credit
434516,00-99,BPCE,LU,visa,credit
434517,00-99,BPCE,FR,visa,credit
434518,00-99,BPCE,LU,visa,credit
434519,00-99,BPCE,LU,visa,credit
434520,00-99,BPCE,LU,visa,debit
434521,00-99,BANCO BRADESCO S.A.,BR,visa,debit
434522,00-99,BANCO BRADESCO S.A.,BR,visa,debit
434523,00-99,BANCO BRADESCO S.A.,BR,visa,debit
434524,00-99,ALBARAKA TURK KATILIM BANKASI A.S.,TR,visa,debit
434525,00-99,,BR,visa,debit
434526,00-99,COOPERATIVA NACIONAL DE EDUCADORES R.L. (COOPENAE R.L.),CR,visa,credit
434527,00-99,COOPERATIVA NACIONAL DE EDUCADORES R.L. (COOPENAE R.L.),CR,visa,debit
434528,00-99,T.C. ZIRAAT BANKASI A.S.,TR,visa,credit
434529,00-99,T.C. ZIRAAT BANKASI A.S.,TR,visa,debit
434530,00-99,TURKIYE VAKIFLAR BANKASI T.A.O.,TR,visa,debit
434531,00-99,,AR,visa,debit
434532,00-99,INDUSTRIAL AND COMMERCIAL BANK OF CHINA (ARGENTINA) S.A.,AR,visa,debit
434533,00-99,,AR,visa,debit
434534,00-99,,AR,visa,debit
434535,00-99,BANCO PATAGONIA S.A.,AR,visa,debit
434536,00-99,BANCO MACRO S.A.,AR,visa,debit
434537,00-99,BANCO SANTANDER RIO S.A.,AR,visa,debit
434538,00-99,,AR,visa,debit
434539,00-99,BANCO MACRO S.A.,AR,visa,debit
434540,00-99,BANCO COMAFI S.A.,AR,visa,debit
434541,00-99,NUEVO BANCO DE SANTA FE S.A.,AR,visa,debit
434542,00-99,BANCO ITAU ARGENTINA S.A.,AR,visa,debit
434543,00-99,BANCO DE LA CIUDAD DE BUENOS AIRES,AR,visa,debit
434544,00-99,INTERFISA BANCO S.A.E.C.A.,PY,visa,debit
434545,00-99,,IN,visa,debit
434546,00-99,BANCO BRADESCO S.A.,BR,visa,credit
434547,00-99,,US,visa,credit
434548,00-99,,US,visa,credit
434549,00-99,BANCO COLUMBIA S.A.,AR,visa,debit
434550,00-99,,AR,visa,debit
434551,00-99,BANCO FINANDINA S.A.,CO,visa,credit
434552,00-99,,US,visa,credit
434553,00-99,CREDIT ANDORRA,AD,visa,debit
434554,00-99,CREDIT ANDORRA,AD,visa,credit
434555,00-99,,ID,visa,debit
434556,00-99,,US,visa,credit
434557,00-99,STONE INSTITUICAO DE PAGAMENTO S.A.,BR,visa,debit
434558,00-99,BANCO DE DESARROLLO RURAL HONDURAS S.A.,HN,visa,credit
434559,00-99,BANCO DEL ESTADO DE CHILE,CL,visa,debit
434560,00-99,BANCO DEL ESTADO DE CHILE,CL,visa,debit
434561,00-99,BANCO DEL ESTADO DE CHILE,CL,visa,debit
434562,00-99,STONE INSTITUICAO DE PAGAMENTO S.A.,BR,visa,debit
434563,00-99,CESKOSLOVENSKA OBCHODNA BANKA A.S.,SK,visa,debit
434564,00-99,,US,visa,credit
434565,00-99,,US,visa,credit
434566,00-99,JN BANK LTD.,JM,visa,debit
434567,00-99,JN BANK LTD.,JM,visa,credit
434568,00-99,,US,visa,credit
434569,00-99,,US,visa,credit
434570,00-99,RENDIMENTOPAY INSTITUICAO DE PAGAMENTO S.A.,BR,visa,debit
434571,00-99,BANCO PARA EL FOMENTO A INICIATIVAS ECONOMICAS S.A. (BANCO FIE S.A.),BO,visa,debit
434572,00-99,ALBARAKA TURK KATILIM BANKASI A.S.,TR,visa,credit
434573,00-99,,US,visa,debit
434574,00-99,TRUMARK FINANCIAL CREDIT UNION,US,visa,credit
434575,00-99,TRUMARK FINANCIAL CREDIT UNION,US,visa,credit
434576,00-99,,US,visa,credit
434577,00-99,,GB,visa,debit
434578,00-99,JAJA FINANCE LTD.,GB,visa,credit
434579,00-99,,US,visa,credit
434580,00-99,,NO,visa,credit
434581,00-99,,US,visa,credit
434582,00-99,,GB,visa,credit
434583,00-99,CITIBANK NATIONAL ASSOCIATION,SV,visa,credit
434584,00-99,CITIBANK NATIONAL ASSOCIATION,GT,visa,credit
434585,00-99,CITIBANK NATIONAL ASSOCIATION,PA,visa,credit
434586,00-99,BANCO DE LA PROVINCIA DE BUENOS AIRES,AR,visa,debit
434587,00-99,,US,visa,credit
434588,00-99,,US,visa,credit
434589,00-99,BANESTES S.A. - BANCO DO ESTADO DO ESPIRITO SANTO,BR,visa,credit
434590,00-99,,AU,visa,credit
434591,00-99,PIRAEUS BANK ROMANIA,RO,visa,credit
434592,00-99,,US,visa,credit
434593,00-99,,US,visa,credit
434594,00-99,NIUM FINTECH LTD.,GB,visa,debit
434595,00-99,,US,visa,credit
434596,00-99,JYSKE BANK A/S,DK,visa,debit
434597,00-99,JYSKE BANK A/S,DK,visa,debit
434598,00-99,BANCO BRADESCO S.A.,BR,visa,debit
434599,00-99,BANCO BRADESCO S.A.,BR,visa,debit
434600,00-99,BANK OF THE WEST,US,visa,credit
434601,00-99,BANCO BRADESCARD S.A.,BR,visa,credit
434602,00-99,BANCO BRADESCARD S.A.,BR,visa,credit
434603,00-99,STANFORD INTERNATIONAL BANK LTD.,AG,visa,credit
434604,00-99,LATIN AMERICA AND CARIBBEAN REGION,TT,visa,credit
434605,00-99,,US,visa,credit
434606,00-99,SCOTIABANK COLPATRIA S.A,CO,visa,debit
434607,00-99,FIRST ABU DHABI BANK (PJSC),AE,visa,debit
434608,00-99,ACCESS FEDERAL CREDIT UNION,US,visa,credit
434609,00-99,STERLING BANK PLC,NG,visa,credit
434610,00-99,SIPAY ELEKTRONIK PARA VE ODEME HIZMETLERI A.S.,TR,visa,debit
434611,00-99,SIPAY ELEKTRONIK PARA VE ODEME HIZMETLERI A.S.,TR,visa,debit
434612,00-99,TRANSACT PAYMENTS LTD.,GB,visa,credit
434613,00-99,,US,visa,credit
434614,00-99,BANCO CARONI C.A.,VE,visa,credit
434615,00-99,BANCO CARONI C.A.,VE,visa,credit
434616,00-99,STERLING BANK,NG,visa,debit
434617,00-99,BANCO DE LA CIUDAD DE BUENOS AIRES,AR,visa,credit
434618,00-99,ITHINK FINANCIAL CREDIT UNION,US,visa,credit
434619,00-99,LATIN AMERICA AND CARIBBEAN REGION,US,visa,debit
434620,00-99,LATIN AMERICA AND CARIBBEAN REGION,US,visa,debit
434621,00-99,U.S. BANK N.A.,US,visa,debit
434622,00-99,COMMUNITY BANK NATIONAL ASSOCIATION,US,visa,debit
434623,00-99,FIRST FIDELITY BANK,US,visa,debit
434624,00-99,,US,visa,credit
434625,00-99,CITIZENS BANK AND TRUST COMPANY,US,visa,debit
434626,00-99,CONNECTION CREDIT UNION,US,visa,credit
434627,00-99,CONNECTION CREDIT UNION,US,visa,credit
434628,00-99,CENTRAL BANK & TRUST CO.,US,visa,credit
434629,00-99,GERMAN AMERICAN BANK,US,visa,debit
434630,00-99,GERMAN AMERICAN BANK,US,visa,credit
434631,00-99,PARK NATIONAL BANK,US,visa,credit
434632,00-99,BANK OF HINDMAN,US,visa,debit
434633,00-99,SINGING RIVER FEDERAL CREDIT UNION,US,visa,debit
434634,00-99,JPMORGAN CHASE BANK N.A.,US,visa,credit
434635,00-99,UNITED BANK,US,visa,credit
434636,00-99,PARK NATIONAL BANK,US,visa,credit
434637,00-99,PARK NATIONAL BANK,US,visa,credit
434638,00-99,KINETIC CREDIT UNION,US,visa,debit
434639,00-99,BANCO PAN S.A.,BR,visa,credit
434640,00-99,DOCK INSTITUICAO DE PAGAMENTO S.A.,BR,visa,credit
434641,00-99,CHASE PAYMENTECH EUROPE LTD.,IE,visa,credit
434642,00-99,CHASE PAYMENTECH EUROPE LTD.,IE,visa,credit
434643,00-99,CHASE PAYMENTECH EUROPE LTD.,IE,visa,credit
434644,00-99,CENTURY BANK AND TRUST,US,visa,credit
434645,00-99,,US,visa,credit
434646,00-99,BANK OF NOVA SCOTIA,VG,visa,credit
434647,00-99,CHASE PAYMENTECH EUROPE LTD.,IE,visa,credit
434648,00-99,CHASE PAYMENTECH EUROPE LTD.,IE,visa,credit
434649,00-99,CHASE PAYMENTECH EUROPE LTD.,IE,visa,credit
434650,00-99,CHASE PAYMENTECH EUROPE LTD.,IE,visa,credit
434651,00-99,SOUTHERN BANK OF TENNESSEE,US,visa,debit
434652,00-99,PENTAGON FEDERAL CREDIT UNION,US,visa,credit
434653,00-99,,US,visa,credit
434654,00-99,SIERRA LEONE COMMERCIAL BANK LTD.,SL,visa,debit
434655,00-99,,AW,visa,debit
434656,00-99,CHASE PAYMENTECH EUROPE LTD.,IE,visa,credit
434657,00-99,SONALI BANK PLC.,BD,visa,debit
434658,00-99,UNION BANK OF INDIA,IN,visa,debit
434659,00-99,LLC NATIONAL STANDARD CB,RU,visa,debit
434660,00-99,BANCO DE OCCIDENTE S.A.,CO,visa,credit
434661,00-99,BANCO FINANCIERA COMERCIAL HONDURE A S.A.,HN,visa,credit
434662,00-99,BOC CREDIT CARD (INTERNATIONAL) LTD.,HK,visa,credit
434663,00-99,BOC CREDIT CARD (INTERNATIONAL) LTD.,HK,visa,credit
434664,00-99,BOC CREDIT CARD (INTERNATIONAL) LTD.,HK,visa,credit
434665,00-99,,US,visa,credit
434666,00-99,DIPOCKET UAB,SK,visa,debit
434667,00-99,,US,visa,credit
434668,00-99,KOTAK MAHINDRA BANK LTD.,IN,visa,credit
434669,00-99,BANK OF BARODA,IN,visa,debit
434670,00-99,,FR,visa,credit
434671,00-99,ENTIE COMMERCIAL BANK,TW,visa,credit
434672,00-99,DCB BANK LTD.,IN,visa,debit
434673,00-99,CHASE PAYMENTECH EUROPE LTD.,IE,visa,credit
434674,00-99,DIPOCKET UAB,HU,visa,debit
434675,00-99,HUA NAN,TW,visa,debit
434676,00-99,THE HONGKONG AND SHANGHAI BANKING CORPORATION LTD.,IN,visa,debit
434677,00-99,HDFC BANK LTD.,IN,visa,credit
434678,00-99,HDFC BANK LTD.,IN,visa,credit
434679,00-99,BANCO DAVIVIENDA (COSTA RICA) S.A.,CR,visa,credit
434680,00-99,UNION BANK OF TAIWAN,TW,visa,credit
434681,00-99,IRAQI ISLAMIC BANK FOR INVESTMENT AND DEVELOPMENT,IQ,visa,credit
434682,00-99,SCOTIABANK & TRUST (CAYMAN) LTD.,KY,visa,debit
434683,00-99,BANCO FINANCIERA COMERCIAL HONDURE A S.A.,HN,visa,credit
434684,00-99,,MX,visa,credit
434685,00-99,STANDARD CHARTERED BANK (TAIWAN) LTD.,TW,visa,credit
434686,00-99,,US,visa,credit
434687,00-99,SPAREBANKEN VEST,NO,visa,debit
434688,00-99,NOBA BANK GROUP AB (PUBL),SE,visa,credit
434689,00-99,CHINA CITIC BANK INTERNATIONAL LTD.,HK,visa,credit
434690,00-99,CHINA CITIC BANK INTERNATIONAL LTD.,HK,visa,credit
434691,00-99,CHINA CITIC BANK INTERNATIONAL,HK,visa,credit
434692,00-99,NOBA BANK GROUP AB (PUBL),SE,visa,credit
434693,00-99,NUMIA S.P.A.,IT,visa,debit
434694,00-99,ARAB AFRICAN INTERNATIONAL BANK,EG,visa,credit
434695,00-99,,US,visa,credit
434696,00-99,SANTANDER CONSUMER BANK AS,NO,visa,credit
434697,00-99,SANTANDER CONSUMER BANK AS,NO,visa,credit
434698,00-99,,US,visa,credit
434699,00-99,,ES,visa,credit
434700,00-99,,US,visa,credit
434701,00-99,,US,visa,credit
434702,00-99,,US,visa,credit
434703,00-99,,US,visa,credit
434704,00-99,,US,visa,credit
434705,00-99,,US,visa,credit
434706,00-99,,US,visa,credit
434707,00-99,,GB,visa,credit
434708,00-99,,US,visa,credit
434709,00-99,,US,visa,credit
434710,00-99,,ES,visa,credit
434711,00-99,,US,visa,credit
434712,00-99,,US,visa,credit
434713,00-99,,GB,visa,credit
434714,00-99,,GB,visa,credit
434715,00-99,,GB,visa,credit
434716,00-99,,GB,visa,credit
434717,00-99,NATIONAL BANK OF GREECE S.A.,GR,visa,debit
434718,00-99,,ES,visa,credit
434719,00-99,OPEN BANK S.A,DE,visa,credit
434720,00-99,,AU,visa,credit
434721,00-99,TUNISIAN FOREIGN BANK,FR,visa,credit
434722,00-99,TUNISIAN FOREIGN BANK,FR,visa,debit
434723,00-99,,US,visa,credit
434724,00-99,TURKIYE VAKIFLAR BANKASI T.A.O.,TR,visa,credit
434725,00-99,,US,visa,credit
434726,00-99,,US,visa,credit
434727,00-99,TURKCELL ODEME VE ELEKTRONIK PARA-HIZMETLERI A.S.,TR,visa,debit
434728,00-99,YAPI VE KREDI BANKASI A.S.,TR,visa,debit
434729,00-99,CREDIT ANDORRA,AD,visa,credit
434730,00-99,CREDIT ANDORRA,AD,visa,credit
434731,00-99,,US,visa,credit
434732,00-99,,US,visa,credit
434733,00-99,,US,visa,credit
434734,00-99,,ES,visa,credit
434735,00-99,UBS SWITZERLAND AG,CH,visa,debit
434736,00-99,BANCO COMERCIAL PORTUGUES S.A.,PT,visa,credit
434737,00-99,,US,visa,credit
434738,00-99,STRIPE PAYMENTS UK LTD.,GB,visa,debit
434739,00-99,MBANK S.A.,PL,visa,debit
434740,00-99,MBANK S.A.,PL,visa,debit
434741,00-99,,GB,visa,debit
434742,00-99,YAPI VE KREDI BANKASI A.S.,TR,visa,debit
434743,00-99,,US,visa,credit
434744,00-99,ALPHA BANK ROMANIA S.A.,RO,visa,debit
434745,00-99,,US,visa,credit
434746,00-99,,US,visa,credit
434747,00-99,,GB,visa,debit
434748,00-99,,DK,visa,debit
434749,00-99,,US,visa,credit
434750,00-99,,US,visa,credit
434751,00-99,,US,visa,credit
434752,00-99,GIBRALTAR INTERNATIONAL BANK LTD.,GI,visa,credit
434753,00-99,,ES,visa,credit
434754,00-99,,US,visa,credit
434755,00-99,,FR,visa,debit
434756,00-99,,FR,visa,debit
434757,00-99,,FR,visa,debit
434758,00-99,NEXI PAYMENTS S.P.A.,IT,visa,debit
434759,00-99,NEXI PAYMENTS S.P.A.,IT,visa,debit
434760,00-99,GLOBAL BANK CORPORATION,PA,visa,debit
434761,00-99,BANCO POPULAR S.A.,CO,visa,credit
434762,00-99,,BR,visa,credit
434763,00-99,,US,visa,credit
434764,00-99,,US,visa,credit
434765,00-99,BANCO COLUMBIA S.A.,AR,visa,credit
434766,00-99,GLOBAL BANK CORPORATION,PA,visa,debit
434767,00-99,,US,visa,credit
434768,00-99,DOCK INSTITUICAO DE PAGAMENTO S.A.,BR,visa,credit
434769,00-99,JPMORGAN CHASE BANK N.A. - DEBIT,US,visa,debit
434770,00-99,FIRSTCARIBBEAN INTERNATIONAL BANK (BAHAMAS) LTD.,BS,visa,debit
434771,00-99,FIRSTCARIBBEAN INTERNATIONAL BANK (JAMAICA) LTD.,JM,visa,debit
434772,00-99,FIRSTCARIBBEAN INTERNATIONAL BANK (CAYMAN) LTD.,VG,visa,debit
434773,00-99,FIRSTCARIBBEAN INTERNATIONAL BANK (CAYMAN) LTD.,KY,visa,debit
434774,00-99,FIRSTCARIBBEAN INTERNATIONAL BANK (BARBADOS) LTD.,BB,visa,debit
434775,00-99,NASS WALLET COMPANY FOR FINANCIAL AND PAYMENT SERVICES THROUGH CELLPHONES,IQ,visa,debit
434776,00-99,FIRSTCARIBBEAN INTERNATIONAL BANK (BARBADOS) LTD.,GD,visa,debit
434777,00-99,FIRSTCARIBBEAN INTERNATIONAL BANK (BAHAMAS) LTD.,TC,visa,debit
434778,00-99,FIRSTCARIBBEAN INTERNATIONAL BANK (CAYMAN) LTD.,SX,visa,debit
434779,00-99,FIRSTCARIBBEAN INTERNATIONAL BANK (CAYMAN) LTD.,CW,visa,debit
434780,00-99,,AI,visa,debit
434781,00-99,FIRSTCARIBBEAN INTERNATIONAL BANK (BARBADOS) LTD.,AG,visa,debit
434782,00-99,,DM,visa,debit
434783,00-99,FIRSTCARIBBEAN INTERNATIONAL BANK (BARBADOS) LTD.,LC,visa,debit
434784,00-99,FIRSTCARIBBEAN INTERNATIONAL BANK (BARBADOS) LTD.,KN,visa,debit
434785,00-99,,VC,visa,debit
434786,00-99,BANCO ECONOMICO S.A.,BO,visa,credit
434787,00-99,BANCO LAFISE PANAMA S.A.,PA,visa,credit
434788,00-99,BANCO LAFISE PANAMA S.A.,PA,visa,credit
434789,00-99,BANCO LAFISE BANCENTRO S.A.,NI,visa,credit
434790,00-99,BANCO LAFISE BANCENTRO S.A.,NI,visa,credit
434791,00-99,ASOCIACION POPULAR DE AHORROS Y PRESTAMOS,DO,visa,credit
434792,00-99,BANCO AVANZ S.A.,NI,visa,credit
434793,00-99,,US,visa,credit
434794,00-99,,US,visa,credit
434795,00-99,BANCO SANTANDER RIO S.A.,AR,visa,debit
434796,00-99,,PA,visa,credit
434797,00-99,BAC INTERNATIONAL BANK (PANAMA) INC.,PA,visa,credit
434798,00-99,BANCO REGIONAL S.A. INSTITUCION DE BANCA MULTIPLE BANREGIO GRUPO FINANCIERO,MX,visa,debit
434799,00-99,BANCO LAFISE S.A.,HN,visa,debit
434800,00-99,LATIN AMERICA AND CARIBBEAN REGION,PA,visa,debit
434801,00-99,ALPHA BANK ROMANIA S.A.,RO,visa,debit
434802,00-99,HEALTH CARE PROFESSIONALS FEDERAL CREDIT UNION,US,visa,credit
434803,00-99,DEUTSCHER SPARKASSEN- UND GIROVERBAND,DE,visa,credit
434804,00-99,ICBA BANCARD,US,visa,debit
434805,00-99,ALPHA BANK ROMANIA S.A.,RO,visa,debit
434806,00-99,ALPHA BANK ROMANIA S.A.,RO,visa,credit
434807,00-99,ORANGE MONEY,RO,visa,credit
434808,00-99,ALPHA BANK ROMANIA S.A.,RO,visa,credit
434809,00-99,CENTRAL BANK & TRUST CO.,US,visa,debit
434810,00-99,VIA CREDIT UNION,US,visa,debit
434811,00-99,IDAHO TRUST BANK,US,visa,debit
434812,00-99,CULTURA SPAREBANK,NO,visa,debit
434813,00-99,WELLS FARGO BANK N.A.,US,visa,credit
434814,00-99,WELLS FARGO BANK N.A.,US,visa,credit
434815,00-99,,US,visa,credit
434816,00-99,,GB,visa,debit
434817,00-99,,GB,visa,debit
434818,00-99,WELLS FARGO BANK N.A.,US,visa,credit
434819,00-99,WELLS FARGO BANK N.A.,US,visa,credit
434820,00-99,NICOLET NATIONAL BANK,US,visa,debit
434821,00-99,TUCSON FEDERAL CREDIT UNION,US,visa,debit
434822,00-99,BANK OF UTAH,US,visa,debit
434823,00-99,,FR,visa,credit
434824,00-99,,FR,visa,debit
434825,00-99,,FR,visa,debit
434826,00-99,ARAB TUNISIAN BANK,TN,visa,debit
434827,00-99,OMNI BANCO S.A.,BR,visa,debit
434828,00-99,NEVADA STATE BANK,US,visa,debit
434829,00-99,STATE-COMMERCIAL PEOPLE'S BANK OF THE REPUBLIC OF UZBEKISTAN,UZ,visa,debit
434830,00-99,,NL,visa,credit
434831,00-99,,NL,visa,credit
434832,00-99,,US,visa,credit
434833,00-99,SUN PACIFIC FEDERAL CREDIT UNION,US,visa,debit
434834,00-99,ASOCIACION CIBAO DE AHORROS Y PRESTAMOS,DO,visa,credit
434835,00-99,BANKUNITED NATIONAL ASSOCIATION,US,visa,debit
434836,00-99,WELLS FARGO BANK N.A.,US,visa,debit
434837,00-99,VALLIANCE BANK,US,visa,debit
434838,00-99,TINKER FEDERAL CREDIT UNION,US,visa,debit
434839,00-99,YAPI VE KREDI BANKASI A.S.,TR,visa,credit
434840,00-99,,US,visa,credit
434841,00-99,INTRACOASTAL BANK,US,visa,debit
434842,00-99,BANCO GNB PARAGUAY S.A.E.C.A.,PY,visa,credit
434843,00-99,WELLS FARGO BANK N.A.,US,visa,debit
434844,00-99,,US,visa,credit
434845,00-99,,US,visa,credit
434846,00-99,,HU,visa,debit
434847,00-99,MBH BANK NYRT,HU,visa,debit
434848,00-99,HTLF BANK,US,visa,debit
434849,00-99,,US,visa,credit
434850,00-99,BANCO DE LOS TRABAJADORES,GT,visa,debit
434851,00-99,HUB PAGAMENTOS S.A. **OFFBOARDING**,BR,visa,debit
434852,00-99,,US,visa,credit
434853,00-99,,PT,visa,debit
434854,00-99,AEON PAYMENT TECHNOLOGIES LTD.,CY,visa,debit
434855,00-99,ARTISANS' BANK,US,visa,debit
434856,00-99,CALIFORNIA BANK & TRUST,US,visa,debit
434857,00-99,WESTERN UNION INTERNATIONAL BANK GMBH,RO,visa,debit
434858,00-99,,US,visa,credit
434859,00-99,BANK OF NEVADA,US,visa,credit
434860,00-99,,US,visa,credit
434861,00-99,STATE EMPLOYEES FEDERAL CREDIT UNION,US,visa,debit
434862,00-99,WEDBUSH BANK,US,visa,debit
434863,00-99,U.S. BANK NATIONAL ASSOCIATION,US,visa,debit
434864,00-99,PACIFIC WESTERN BANK,US,visa,debit
434865,00-99,PACIFIC WESTERN BANK,US,visa,debit
434866,00-99,CITIZENS BANK GUYANA INC.,GY,visa,debit
434867,00-99,RADIFI FEDERAL CREDIT UNION,US,visa,credit
434868,00-99,THE ST. HENRY BANK,US,visa,credit
434869,00-99,GERMAN AMERICAN BANK,US,visa,debit
434870,00-99,JAX FEDERAL CREDIT UNION,US,visa,credit
434871,00-99,COMMERCIAL BANK OF TEXAS N.A.,US,visa,debit
434872,00-99,RADIFI FEDERAL CREDIT UNION,US,visa,credit
434873,00-99,COASTHILLS FEDERAL CREDIT UNION,US,visa,debit
434874,00-99,UAB FINANSINES PASLAUGOS CONTIS,FR,visa,debit
434875,00-99,LEVO FEDERAL CREDIT UNION,US,visa,debit
434876,00-99,BENCHMARK BANK,US,visa,debit
434877,00-99,ROCKY MOUNTAIN BANK,US,visa,debit
434878,00-99,,US,visa,debit
434879,00-99,WILMINGTON SAVINGS FUND SOCIETY F.S.B.,US,visa,debit
434880,00-99,BANCO DE CORRIENTES S.A.,AR,visa,credit
434881,00-99,PREFERRED CREDIT UNION,US,visa,credit
434882,00-99,RBC ROYAL BANK (TRINIDAD & TOBAGO) LTD.,TT,visa,debit
434883,00-99,RBC ROYAL BANK (TRINIDAD & TOBAGO) LTD.,TT,visa,debit
434884,00-99,AVANA BANK,US,visa,debit
434885,00-99,TOTAL SYSTEM SERVICES INC.,US,visa,credit
434886,00-99,TOTAL SYSTEM SERVICES INC.,US,visa,credit
434887,00-99,RBC ROYAL BANK (BAHAMAS) LTD.,BS,visa,debit
434888,00-99,BANCA SELLA S.P.A.,IT,visa,debit
434889,00-99,BANCO DE COSTA RICA,CR,visa,credit
434890,00-99,ZIONS BANCORPORATION NATIONAL ASSOCIATION,US,visa,debit
434891,00-99,BANCO DE COSTA RICA,CR,visa,credit
434892,00-99,PLUXEE INSTITUICAO DE PAGAMENTO BRASIL S.A.,BR,visa,debit
434893,00-99,PLUXEE INSTITUICAO DE PAGAMENTO BRASIL S.A.,BR,visa,debit
434894,00-99,,US,visa,debit
434895,00-99,FM BANK,US,visa,debit
434896,00-99,FM BANK,US,visa,debit
434897,00-99,,US,visa,credit
434898,00-99,,US,visa,credit
434899,00-99,BANKFINANCIAL,US,visa,debit
434900,00-99,BANCO DE LA PRODUCCIONS.A. (PRODUBANCO),EC,visa,credit
434901,00-99,BANCO DE LA PRODUCCIONS.A. (PRODUBANCO),EC,visa,credit
434902,00-99,OTP BANK ROMANIA S.A.,RO,visa,credit
434903,00-99,OTP BANK ROMANIA S.A.,RO,visa,credit
434904,00-99,INTERNATIONAL UNION BANK S.A.,PA,visa,credit
434905,00-99,CASHFLOWS EUROPE LTD.,GB,visa,debit
434906,00-99,BANCO BISA S.A.,BO,visa,credit
434907,00-99,CHASE CARD SERVICES CANADA,CA,visa,credit
434908,00-99,CHASE CARD SERVICES CANADA,CA,visa,credit
434909,00-99,FIBABANKA A.S.,TR,visa,debit
434910,00-99,BANK OF COMMUNICATIONS,CN,visa,credit
434911,00-99,BANCO DE AHORRO Y CREDITO FONDESA S.A. (BANFONDESA),DO,visa,debit
434912,00-99,JPMORGAN CHASE BANK CANADA,CA,visa,credit
434913,00-99,POSTA VE TELGRAF TESKILATI A.S.,TR,visa,debit
434914,00-99,POSTA VE TELGRAF TESKILATI A.S.,TR,visa,debit
434915,00-99,,RU,visa,debit
434916,00-99,,RU,visa,debit
434917,00-99,BANCO LAFISE BANCENTRO S.A.,NI,visa,credit
434918,00-99,INDUSTRIAL AND COMMERCIAL BANK OF CHINA LTD.,JP,visa,debit
434919,00-99,RBL BANK,IN,visa,debit
434920,00-99,HSBC UK BANK PLC,GB,visa,credit
434921,00-99,OVERSEA-CHINESE BANKING CORPORATION LTD.,SG,visa,debit
434922,00-99,OVERSEA-CHINESE BANKING CORPORATION LTD.,SG,visa,credit
434923,00-99,STANDARD CHARTERED BANK,BD,visa,credit
434924,00-99,STANDARD CHARTERED BANK,BD,visa,credit
434925,00-99,BANCO DE CREDITO DEL PERU,PE,visa,credit
434926,00-99,HSBC UK BANK PLC,GB,visa,debit
434927,00-99,BANCO DE COSTA RICA,CR,visa,debit
434928,00-99,CHASE CARD SERVICES CANADA,CA,visa,credit
434929,00-99,,GB,visa,debit
434930,00-99,ALPHA BANK S.A.,GR,visa,credit
434931,00-99,AS SEB PANK,EE,visa,debit
434932,00-99,PAYNOVATE SA,GB,visa,debit
434933,00-99,PAYNOVATE SA,ES,visa,debit
434934,00-99,UAB PERVESK,LT,visa,debit
434935,00-99,TOYOTA BANK POLSKA S.A.,PL,visa,credit
434936,00-99,COFIDIS S.A.,BE,visa,credit
434937,00-99,OPTAL FINANCIAL LTD.,GB,visa,credit
434938,00-99,PRISMA MEDIOS DE PAGO S.A.U.,AR,visa,credit
434939,00-99,,AR,visa,credit
434940,00-99,KRUNGSRIAYUDHYA CARD CO. LTD.,TH,visa,credit
434941,00-99,PROVISIONAL - FIRST ABU DHABI BANK (PJSC),EG,visa,credit
434942,00-99,PROVISIONAL - FIRST ABU DHABI BANK (PJSC),EG,visa,credit
434943,00-99,COMMERCIAL BANK OBRAZOVANIE,RU,visa,debit
434944,00-99,JSCB NADRA BANK,UA,visa,debit
434945,00-99,ITAU UNIBANCO HOLDING S.A.,BR,visa,credit
434946,00-99,CHASE CARD SERVICES CANADA,CA,visa,credit
434947,00-99,FUCAC VERDE COOPERATIVA DE AHORRO Y CREDITO,UY,visa,credit
434948,00-99,BANCO PROVINCIA DEL NEUQUEN S.A.,AR,visa,debit
434949,00-99,BANCO CSF S.A.,BR,visa,credit
434950,00-99,BANC POST S.A.,RO,visa,debit
434951,00-99,CHASE CARD SERVICES CANADA,CA,visa,credit
434952,00-99,SANTANDER CONSUMER BANK A.S.,SE,visa,credit
434953,00-99,SANTANDER CONSUMER BANK A.S.,SE,visa,credit
434954,00-99,SANTANDER CONSUMER BANK A.S.,SE,visa,credit
434955,00-99,HSBC BANK MALAYSIA BERHAD,MY,visa,credit
434956,00-99,BANCO DE CHILE,CL,visa,credit
434957,00-99,BANCO VENEZOLANO DE CREDITO,VE,visa,credit
434958,00-99,CHASE CARD SERVICES CANADA,CA,visa,credit
434959,00-99,UAB NIUM EU,LT,visa,debit
434960,00-99,POSTFINANCE AG,CH,visa,credit
434961,00-99,POSTFINANCE AG,CH,visa,credit
434962,00-99,BANCO DEL AUSTRO S.A.,EC,visa,debit
434963,00-99,IDT FINANCIAL SERVICES LTD.,GB,visa,credit
434964,00-99,INVERUNION BANCO COMERCIAL C.A.,VE,visa,credit
434965,00-99,BANCO BICENTENARIO BANCO UNIVERSAL C.A.,VE,visa,credit
434966,00-99,BANCO BICENTENARIO BANCO UNIVERSAL C.A.,VE,visa,credit
434967,00-99,BANCO PLAZA C.A. BANCO UNIVERSAL,VE,visa,credit
434968,00-99,BANK OF QUEENSLAND LTD.,AU,visa,debit
434969,00-99,CHASE CARD SERVICES CANADA,CA,visa,credit
434970,00-99,SOLARIS SE,DE,visa,debit
434971,00-99,SOLARIS SE,DE,visa,debit
434972,00-99,KREDYT BANK S.A.,PL,visa,credit
434973,00-99,AMAN BANK FOR COMMERCE AND INVESTMENT,LY,visa,debit
434974,00-99,SOLARIS SE,NL,visa,debit
434975,00-99,SOLARIS SE,ES,visa,debit
434976,00-99,SHINHAN CARD CO. LTD.,KR,visa,debit
434977,00-99,EASTERN BANK LTD.,BD,visa,credit
434978,00-99,EASTERN BANK PLC.,BD,visa,credit
434979,00-99,EASTERN BANK LTD.,BD,visa,credit
434980,00-99,EASTERN BANK PLC.,BD,visa,credit
434981,00-99,SOCIETE GENERALE ALGERIE - SPA,DZ,visa,debit
434982,00-99,PREMIACARD DE GUATEMALA S.A.,GT,visa,credit
434983,00-99,FOREX BANK AB,SE,visa,debit
434984,00-99,ST. GEORGES BANK AND COMPANY INC.,PA,visa,credit
434985,00-99,GLOBAL BANK CORPORATION,PA,visa,credit
434986,00-99,INTERNATIONAL UNION BANK S.A.,PA,visa,credit
434987,00-99,CHASE CARD SERVICES CANADA,CA,visa,credit
434988,00-99,CHASE CARD SERVICES CANADA,CA,visa,credit
434989,00-99,CHASE CARD SERVICES CANADA,CA,visa,credit
434990,00-99,AXIS BANK LTD.,IN,visa,credit
434991,00-99,CHASE CARD SERVICES CANADA,CA,visa,credit
434992,00-99,,GB,visa,debit
434993,00-99,DUBAI ISLAMIC BANK PAKISTAN LTD.,PK,visa,debit
434994,00-99,INTESA SANPAOLO S.P.A.,IT,visa,credit
434995,00-99,BANCO BRADESCARD S.A.,BR,visa,credit
434996,00-99,THE BANK OF NOVA SCOTIA (PANAMA BRANCH),PA,visa,credit
434997,00-99,BANCO POPULAR DE PUERTO RICO,PR,visa,credit
434998,00-99,CHASE CARD SERVICES CANADA,CA,visa,credit
434999,00-99,CHASE CARD SERVICES CANADA,CA,visa,credit
435000,00-99,,US,visa,credit
435001,00-99,,US,visa,credit
435002,00-99,ITAU UNIBANCO HOLDING S.A.,BR,visa,credit
435003,00-99,DOCK INSTITUICAO DE PAGAMENTO S.A.,BR,visa,debit
435004,00-99,BANCO BRADESCO S.A.,BR,visa,credit
435005,00-99,,US,visa,credit
435006,00-99,,GB,visa,debit
435007,00-99,,US,visa,credit
435008,00-99,,IQ,visa,debit
435009,00-99,NATIONAL BANK OF KUWAIT (INTERNATIONAL) PLC,GB,visa,debit
435010,00-99,EASTERN BANK LTD.,BD,visa,debit
435011,00-99,DZ BANK AG,DE,visa,credit
435012,00-99,,US,visa,credit
435013,00-99,,US,visa,credit
435014,00-99,JYSKE BANK (GIBRALTAR) LTD.,GI,visa,credit
435015,00-99,,US,visa,credit
435016,00-99,,US,visa,credit
435017,00-99,,US,visa,credit
435018,00-99,,US,visa,credit
435019,00-99,,US,visa,credit
435020,00-99,,US,visa,credit
435021,00-99,,US,visa,credit
435022,00-99,,US,visa,credit
435023,00-99,SINGULAR BANK S.A.U.,ES,visa,credit
435024,00-99,SINGULAR BANK S.A.U.,ES,visa,credit
435025,00-99,SINGULAR BANK S.A.U.,ES,visa,credit
435026,00-99,SINGULAR BANK S.A.U.,ES,visa,debit
435027,00-99,,US,visa,credit
435028,00-99,MTB MAGYAR TAKAREKSZOVETKEZETI BANK ZRT,HU,visa,debit
435029,00-99,BPCE,FR,visa,debit
435030,00-99,BPCE,FR,visa,debit
435031,00-99,,US,visa,credit
435032,00-99,,US,visa,credit
435033,00-99,ITAU UNIBANCO HOLDING S.A.,BR,visa,credit
435034,00-99,,US,visa,credit
435035,00-99,ITAU UNIBANCO HOLDING S.A.,BR,visa,credit
435036,00-99,,US,visa,credit
435037,00-99,,US,visa,credit
435038,00-99,BARCLAYS BANK UK PLC,GB,visa,debit
435039,00-99,,US,visa,credit
435040,00-99,,US,visa,credit
435041,00-99,,US,visa,credit
435042,00-99,CAIXA ECONOMICA DA MISERICORDIA DE ANGRA DO HEROISMO,PT,visa,debit
435043,00-99,BPCE,FR,visa,credit
435044,00-99,REVOLUT BANK UAB,CH,visa,debit
435045,00-99,OPTAL FINANCIAL LTD.,GB,visa,credit
435046,00-99,,GB,visa,credit
435047,00-99,,US,visa,credit
435048,00-99,BANQUE DELUBAC & CIE,FR,visa,debit
435049,00-99,BANQUE DELUBAC & CIE,FR,visa,credit
435050,00-99,BANQUE DELUBAC & CIE,FR,visa,debit
435051,00-99,BANQUE DELUBAC & CIE,FR,visa,credit
435052,00-99,BANQUE DELUBAC & CIE,FR,visa,debit
435053,00-99,,US,visa,credit
435054,00-99,,US,visa,credit
435055,00-99,OPTAL FINANCIAL LTD.,GB,visa,credit
435056,00-99,,GB,visa,debit
435057,00-99,,GB,visa,debit
435058,00-99,,US,visa,credit
435059,00-99,,GB,visa,debit
435060,00-99,PAYSAFE FINANCIAL SERVICES LTD.,GB,visa,debit
435061,00-99,PAYSAFE PAYMENT SOLUTIONS LTD.,ES,visa,debit
435062,00-99,,GB,visa,debit
435063,00-99,IKANO BANK AB,DE,visa,debit
435064,00-99,IKANO BANK AB,DE,visa,credit
435065,00-99,BANCO GNB PERU S.A.,PE,visa,debit
435066,00-99,,US,visa,credit
435067,00-99,,US,visa,credit
435068,00-99,,US,visa,credit
435069,00-99,,US,visa,credit
435070,00-99,,US,visa,credit
435071,00-99,,US,visa,credit
435072,00-99,BANCO SANTANDER BRASIL S.A.,BR,visa,debit
435073,00-99,BANCO SANTANDER S.A.,BR,visa,credit
435074,00-99,,US,visa,credit
435075,00-99,,US,visa,credit
435076,00-99,,US,visa,credit
435077,00-99,PAYNETICS AD,GB,visa,debit
435078,00-99,PAYNETICS AD,GB,visa,debit
435079,00-99,UNICRE - INSTITUICAO FINANCEIRA DE CREDITO S.A.,PT,visa,debit
435080,00-99,,ES,visa,credit
435081,00-99,ALLSTAR BUSINESS SOLUTIONS LTD.,GB,visa,debit
435082,00-99,,US,visa,credit
435083,00-99,DOCK INSTITUICAO DE PAGAMENTO S.A.,BR,visa,credit
435084,00-99,BANCO MULTIPLE VIMENCA S. A.,DO,visa,debit
435085,00-99,,US,visa,credit
435086,00-99,ITAU UNIBANCO HOLDING S.A.,BR,visa,credit
435087,00-99,PAGSEGURO INTERNET S.A,BR,visa,debit
435088,00-99,,US,visa,credit
435089,00-99,,US,visa,credit
435090,00-99,,US,visa,credit
435091,00-99,DOCK INSTITUICAO DE PAGAMENTO S.A.,BR,visa,debit
435092,00-99,BANCO PROMERICA DE COSTA RICA S.A.,CR,visa,credit
435093,00-99,VISA EUROPE LTD.,GB,visa,debit
435094,00-99,FIRST GLOBAL BANK LTD.,JM,visa,debit
435095,00-99,OMA SAEAESTOEPANKKI OY,FI,visa,credit
435096,00-99,,US,visa,credit
435097,00-99,,US,visa,credit
435098,00-99,BANCO DE FINANZAS S.A.,NI,visa,debit
435099,00-99,BANCO DE FINANZAS S.A.,NI,visa,debit
435100,00-99,ICBA BANCARD,US,visa,debit
435101,00-99,FIRST-CITIZENS BANK & TRUST COMPANY,US,visa,debit
435102,00-99,FIRST COMMUNITY CREDIT UNION,US,visa,debit
435103,00-99,SCIENCE PARK FEDERAL CREDIT UNION,US,visa,debit
435104,00-99,STATE-COMMERCIAL PEOPLE'S BANK OF THE REPUBLIC OF UZBEKISTAN,UZ,visa,debit
435105,00-99,ACME CONTINENTAL CREDIT UNION,US,visa,debit
435106,00-99,ICBA BANCARD INC.,US,visa,debit
435107,00-99,STATE-COMMERCIAL PEOPLE'S BANK OF THE REPUBLIC OF UZBEKISTAN,UZ,visa,debit
435108,00-99,NORMANGEE STATE BANK,US,visa,debit
435109,00-99,RABITABANK OJSC,AZ,visa,credit
435110,00-99,ENTERPRISE BANK,US,visa,debit
435111,00-99,TRANSACT PAYMENTS LTD.,GB,visa,debit
435112,00-99,WELLS FARGO BANK N.A.,US,visa,debit
435113,00-99,CONNECTICUT LABOR DEPARTMENT FEDERAL CREDIT UNION,US,visa,debit
435114,00-99,TORRINGTON MUNICIPAL & TEACHERS FEDERAL CREDIT UNION,US,visa,debit
435115,00-99,BANCO COMERCIAL PORTUGUES S.A.,PT,visa,debit
435116,00-99,CSP EMPLOYEES FEDERAL CREDIT UNION,US,visa,debit
435117,00-99,BANCO COMERCIAL PORTUGUES S.A.,PT,visa,credit
435118,00-99,BANCO COMERCIAL PORTUGUES S.A.,PT,visa,debit
435119,00-99,WEE FEDERAL CREDIT UNION,US,visa,debit
435120,00-99,DOMINION ENERGY CREDIT UNION,US,visa,debit
435121,00-99,DUTCH POINT CREDIT UNION INC.,US,visa,credit
435122,00-99,DUTCH POINT CREDIT UNION INC.,US,visa,debit
435123,00-99,COMMONWEALTH ONE FEDERAL CREDIT UNION,US,visa,credit
435124,00-99,DUTCH POINT CREDIT UNION INC.,US,visa,credit
435125,00-99,FIRSTBANK,US,visa,debit
435126,00-99,COREBANK,US,visa,debit
435127,00-99,NORTHWEST BANK,US,visa,debit
435128,00-99,THE PEOPLES SAVINGS BANK,US,visa,debit
435129,00-99,NORTHWEST BANK,US,visa,debit
435130,00-99,BEACON COMMUNITY CREDIT UNION,US,visa,debit
435131,00-99,OHIO LEGACY BANK N.A.,US,visa,debit
435132,00-99,ZIONS BANCORPORATION NATIONAL ASSOCIATION,US,visa,credit
435133,00-99,FIRST BANK & TRUST,US,visa,debit
435134,00-99,THE GRANT COUNTY BANK,US,visa,debit
435135,00-99,NORTHWEST BANK,US,visa,credit
435136,00-99,HOLSTON METHODIST FEDERAL CREDIT UNION,US,visa,debit
435137,00-99,ADVIA CREDIT UNION,US,visa,debit
435138,00-99,NORTHWEST BANK,US,visa,debit
435139,00-99,URAL BANK FOR RECONSTRUCTION AND DEVELOPMENT JSC,RU,visa,debit
435140,00-99,TRUIST BANK,US,visa,debit
435141,00-99,TRUIST BANK,US,visa,debit
435142,00-99,TRUIST BANK,US,visa,debit
435143,00-99,BANKFINANCIAL NATIONAL ASSOCIATION,US,visa,debit
435144,00-99,NORTHERN ILLINOIS FEDERAL CREDIT UNION,US,visa,debit
435145,00-99,ROCKLAND TRUST BANK,US,visa,debit
435146,00-99,FIRST FEDERAL BANK,US,visa,debit
435147,00-99,BANCO DE BOGOTA S.A.,CO,visa,debit
435148,00-99,STATE-COMMERCIAL PEOPLE'S BANK OF THE REPUBLIC OF UZBEKISTAN,UZ,visa,debit
435149,00-99,BANCO DOMINICANO DEL PROGRESO S.A. - BANCO MULTIPLE,DO,visa,credit
435150,00-99,,AW,visa,credit
435151,00-99,BANKPLUS,US,visa,debit
435152,00-99,WELLS FARGO BANK N.A.,US,visa,debit
435153,00-99,MEMBERS EXCHANGE FEDERAL CREDIT UNION,US,visa,debit
435154,00-99,BETTER BANKS,US,visa,debit
435155,00-99,GUARDIANS CREDIT UNION,US,visa,debit
435156,00-99,MORRIS BUILDING AND LOAN SAVINGS BANK,US,visa,debit
435157,00-99,UNITED SOUTHEAST FEDERAL CREDIT UNION,US,visa,debit
435158,00-99,C.U. 1,US,visa,credit
435159,00-99,,US,visa,credit
435160,00-99,UNIBANK COMMERCIAL BANK,AZ,visa,debit
435161,00-99,IBERIABANK,US,visa,credit
435162,00-99,BANCO DE LA PRODUCCION S.A.,NI,visa,debit
435163,00-99,BANK OF SPRINGFIELD,US,visa,debit
435164,00-99,UMB BANK N.A.,US,visa,debit
435165,00-99,UMB BANK N.A.,US,visa,debit
435166,00-99,,US,visa,debit
435167,00-99,GREEN DOT BANK DBA BONNEVILLE BANK,US,visa,debit
435168,00-99,BAYOU CITY FEDERAL CREDIT UNION,US,visa,debit
435169,00-99,,US,visa,credit
435170,00-99,REGIONS BANK,US,visa,debit
435171,00-99,REGIONS BANK,US,visa,debit
435172,00-99,REGIONS BANK,US,visa,debit
435173,00-99,REGIONS BANK,US,visa,debit
435174,00-99,,US,visa,credit
435175,00-99,BURLING BANK,US,visa,debit
435176,00-99,CDC FEDERAL CREDIT UNION,US,visa,debit
435177,00-99,GUARANTY BANK & TRUST COMPANY OF DELHI LOUISIANA,US,visa,debit
435178,00-99,WELLS FARGO BANK N.A.,US,visa,credit
435179,00-99,NEIGHBORS FEDERAL CREDIT UNION,US,visa,debit
435180,00-99,UNION PACIFIC STREAMLINER FEDERAL CREDIT UNION,US,visa,debit
435181,00-99,DOMINION ENERGY CREDIT UNION,US,visa,credit
435182,00-99,SERVICE CREDIT UNION,US,visa,credit
435183,00-99,CARD SERVICES FOR CREDIT UNIONS,US,visa,credit
435184,00-99,ONE NEVADA CREDIT UNION,US,visa,credit
435185,00-99,EPIC FEDERAL CREDIT UNION,US,visa,credit
435186,00-99,BANISTMO,PA,visa,credit
435187,00-99,BANISTMO,PA,visa,credit
435188,00-99,BBVA BANCOMER S.A.,MX,visa,credit
435189,00-99,FIRST INTERSTATE BANK,US,visa,debit
435190,00-99,CALCASIEU TEACHERS & EMPLOYEES CREDIT UNION,US,visa,debit
435191,00-99,,US,visa,credit
435192,00-99,SERVICE CREDIT UNION,US,visa,debit
435193,00-99,ZIONS BANCORPORATION NATIONAL ASSOCIATION,US,visa,credit
435194,00-99,COMMERCE BANK OF WASHINGTON N.A.,US,visa,credit
435195,00-99,CENTRA CREDIT UNION,US,visa,credit
435196,00-99,METABANK,US,visa,debit
435197,00-99,METABANK,US,visa,debit
435198,00-99,,US,visa,credit
435199,00-99,,US,visa,credit
435200,00-99,KINECTA FEDERAL CREDIT UNION,US,visa,debit
435201,00-99,EVERBANK NATIONAL ASSOCIATION,US,visa,credit
435202,00-99,EVOLVE BANK & TRUST,US,visa,credit
435203,00-99,SOCIETE GENERALE,PL,visa,debit
435204,00-99,SOCIETE GENERALE,PL,visa,debit
435205,00-99,MY CREDIT UNION,US,visa,credit
435206,00-99,FIRST CITIZENS NATIONAL BANK OF UPPER SANDUSKY,US,visa,credit
435207,00-99,FIRST CITIZENS NATIONAL BANK OF UPPER SANDUSKY,US,visa,credit
435208,00-99,THE HOUSING BANK FOR TRADE & FINANCE,JO,visa,credit
435209,00-99,JORDAN COMMERCIAL BANK,JO,visa,credit
435210,00-99,INDUE LTD.,AU,visa,credit
435211,00-99,HUME BANK LTD.,AU,visa,credit
435212,00-99,HUME BANK LTD.,AU,visa,credit
435213,00-99,INDUE LTD.,AU,visa,credit
435214,00-99,FIRST FINANCIAL BANK,US,visa,credit
435215,00-99,INDUE LTD.,AU,visa,credit
435216,00-99,INDUE LTD.,AU,visa,credit
435217,00-99,INDUE LTD.,AU,visa,credit
435218,00-99,BANK OF SHANGHAI,CN,visa,credit
435219,00-99,HUME BANK LTD.,AU,visa,credit
435220,00-99,JORDAN COMMERCIAL BANK,JO,visa,credit
435221,00-99,FIRST NATIONAL BANK IN SIOUX FALLS,US,visa,debit
435222,00-99,FIRST NATIONAL BANK IN SIOUX FALLS,US,visa,credit
435223,00-99,CITIBANK N.A.,US,visa,credit
435224,00-99,CITIBANK N.A.,US,visa,credit
435225,00-99,NORDEA BANK POLSKA S.A.,PL,visa,debit
435226,00-99,BANK BPH S.A.,PL,visa,debit
435227,00-99,WELLS FARGO BANK N.A.,US,visa,debit
435228,00-99,BEAL BANK,US,visa,debit
435229,00-99,,US,visa,debit
435230,00-99,MKB BANK ZRT.,HU,visa,credit
435231,00-99,1ST MIDAMERICA CREDIT UNION,US,visa,credit
435232,00-99,STREATOR COMMUNITY CREDIT UNION,US,visa,credit
435233,00-99,BANKFIRST,US,visa,debit
435234,00-99,BANKFIRST,US,visa,debit
435235,00-99,JSC STATE SAVINGS BANK OF UKRAINE (JSC OSCHADBANK),UA,visa,credit
435236,00-99,BIG BANK GDANSKI S.A.,PL,visa,debit
435237,00-99,TARGET NATIONAL BANK,US,visa,credit
435238,00-99,,US,visa,credit
435239,00-99,CITIZENS EQUITY FIRST CREDIT UNION,US,visa,credit
435240,00-99,ARAB NATIONAL BANK,SA,visa,credit
435241,00-99,DEL NORTE CREDIT UNION,US,visa,credit
435242,00-99,MERIDIAN TRUST FEDERAL CREDIT UNION,US,visa,credit
435243,00-99,THOMASTON SAVINGS BANK,US,visa,debit
435244,00-99,THOMASTON SAVINGS BANK,US,visa,debit
435245,00-99,WELLS FARGO BANK NATIONAL ASSOCIATION,US,visa,debit
435246,00-99,NOVOPAYMENT MEXICO S.A. DE C.V.,MX,visa,credit
435247,00-99,UAB FINANSINES PASLAUGOS CONTIS,LU,visa,debit
435248,00-99,AURGROUP FINANCIAL CREDIT UNION,US,visa,debit
435249,00-99,ORLANDO CREDIT UNION,US,visa,debit
435250,00-99,WINTRUST BANK,US,visa,debit
435251,00-99,WINTRUST BANK,US,visa,debit
435252,00-99,PACIFIC PREMIER BANK,US,visa,debit
435253,00-99,CENTENNIAL BANK,US,visa,debit
435254,00-99,CENTENNIAL BANK,US,visa,debit
435255,00-99,ABBYBANK,US,visa,debit
435256,00-99,OXFORD BANK,US,visa,credit
435257,00-99,TD BANK N.A.,US,visa,debit
435258,00-99,BANKERS TRUST COMPANY,US,visa,debit
435259,00-99,HINSDALE BANK AND TRUST COMPANY,US,visa,debit
435260,00-99,LIBERTYVILLE BANK AND TRUST COMPANY,US,visa,debit
435261,00-99,,US,visa,credit
435262,00-99,NORTHBROOK BANK AND TRUST COMPANY,US,visa,debit
435263,00-99,WHEATON BANK AND TRUST,US,visa,debit
435264,00-99,NATIONAL EXCHANGE BANK AND TRUST,US,visa,debit
435265,00-99,NATIONAL EXCHANGE BANK AND TRUST,US,visa,credit
435266,00-99,EASTRISE FEDERAL CREDIT UNION,US,visa,debit
435267,00-99,,US,visa,debit
435268,00-99,GREAT SOUTHERN BANK,US,visa,debit
435269,00-99,,US,visa,debit
435270,00-99,,US,visa,credit
435271,00-99,,US,visa,credit
435272,00-99,BANK OF AMERICA NATIONAL ASSOCIATION,US,US,visa
435273,00-99,BANK OF AMERICA NATIONAL ASSOCIATION,US,visa,debit
435274,00-99,BANK OF AMERICA NATIONAL ASSOCIATION,US,visa,debit
435275,00-99,BANK OF AMERICA NATIONAL ASSOCIATION,US,visa,debit
435276,00-99,BANK OF AMERICA NATIONAL ASSOCIATION,US,visa,debit
435277,00-99,BANK OF AMERICA NATIONAL ASSOCIATION,US,visa,debit
435278,00-99,BANK OF AMERICA NATIONAL ASSOCIATION,US,visa,debit
435279,00-99,BANK OF AMERICA NATIONAL ASSOCIATION,US,visa,debit
435280,00-99,BANK OF AMERICA NATIONAL ASSOCIATION,US,visa,debit
435281,00-99,BANK OF AMERICA NATIONAL ASSOCIATION,US,visa,debit
435282,00-99,BANK OF AMERICA NATIONAL ASSOCIATION,US,visa,debit
435283,00-99,BANK OF AMERICA NATIONAL ASSOCIATION,US,visa,debit
435284,00-99,BANK OF AMERICA NATIONAL ASSOCIATION,US,visa,debit
435285,00-99,BANK OF AMERICA NATIONAL ASSOCIATION,US,visa,debit
435286,00-99,BANK OF AMERICA NATIONAL ASSOCIATION,US,visa,debit
435287,00-99,BANK OF AMERICA NATIONAL ASSOCIATION,US,visa,debit
435288,00-99,BANK OF AMERICA NATIONAL ASSOCIATION,US,visa,debit
435289,00-99,BANK OF AMERICA NATIONAL ASSOCIATION,US,visa,debit
435290,00-99,BANK OF AMERICA NATIONAL ASSOCIATION,US,visa,debit
435291,00-99,STEARNS BANK NATIONAL ASSOCIATION,US,visa,debit
435292,00-99,,IL,visa,credit
435293,00-99,,US,visa,credit
435294,00-99,,US,visa,credit
435295,00-99,BANK OF TENNESSEE,US,visa,debit
435296,00-99,GULF COAST EDUCATORS FEDERAL CREDIT UNION,US,visa,debit
435297,00-99,MAGNOLIA FEDERAL CREDIT UNION,US,visa,debit
435298,00-99,DEL NORTE CREDIT UNION,US,visa,debit
435299,00-99,ATLANTIC REGIONAL FEDERAL CREDIT UNION,US,visa,debit
435300,00-99,DOMINION ENERGY CREDIT UNION,US,visa,credit
435301,00-99,CARD SERVICES FOR CREDIT UNIONS,US,visa,credit
435302,00-99,BELLWETHER COMMUNITY CREDIT UNION,US,visa,credit
435303,00-99,JOINT STOCK COMPANY RUSSIAN AGRICULTURAL BANK JSC ROSSELKHOZBANK,RU,visa,debit
435304,00-99,MOONLIGHT FEDERAL CREDIT UNION,US,visa,credit
435305,00-99,FINGER LAKES HEALTH CARE FEDERAL CREDIT UNION,US,visa,debit
435306,00-99,CARD SERVICES FOR CREDIT UNIONS,US,visa,debit
435307,00-99,TRIBORO POSTAL FEDERAL CREDIT UNION,US,visa,debit
435308,00-99,SOUTHERN CREDIT UNION,US,visa,debit
435309,00-99,MID-KANSAS CREDIT UNION,US,visa,debit
435310,00-99,CHAFFEY FEDERAL CREDIT UNION,US,visa,credit
435311,00-99,ABU DHABI ISLAMIC BANK,IQ,visa,debit
435312,00-99,VIBRANT CREDIT UNION,US,visa,debit
435313,00-99,FARMERS STATE BANK,US,visa,credit
435314,00-99,FRANKLIN-JOHNSTOWN FEDERAL CREDIT UNION,US,visa,debit
435315,00-99,CARD SERVICES FOR CREDIT UNIONS,US,visa,credit
435316,00-99,PARTHENON FEDERAL CREDIT UNION,US,visa,debit
435317,00-99,CORNERSTONE CREDIT UNION,US,visa,debit
435318,00-99,CARD SERVICES FOR CREDIT UNIONS,US,visa,debit
435319,00-99,FIRST HERITAGE FEDERAL CREDIT UNION,US,visa,credit
435320,00-99,NIAGARA FALLS AIR FORCE FEDERAL CREDIT UNION,US,visa,debit
435321,00-99,CARD SERVICES FOR CREDIT UNIONS INC.,US,visa,debit
435322,00-99,ABU DHABI ISLAMIC BANK,IQ,visa,debit
435323,00-99,CLARITY CREDIT UNION,US,visa,debit
435324,00-99,WESTERN SUN FEDERAL CREDIT UNION,US,visa,debit
435325,00-99,CARD SERVICES FOR CREDIT UNIONS,US,visa,credit
435326,00-99,CARD SERVICES FOR CREDIT UNIONS,US,visa,debit
435327,00-99,BANQUE ISLAMIQUE DU NIGER (BIN),NE,visa,debit
435328,00-99,CHEVRON FEDERAL CREDIT UNION,US,visa,debit
435329,00-99,GREATER NIAGARA FEDERAL CREDIT UNION,US,visa,debit
435330,00-99,CONSUMER CREDIT UNION,US,visa,credit
435331,00-99,HUNTINGTON COUNTY FEDERAL CREDIT UNION,US,visa,debit
435332,00-99,CARD SERVICES FOR CREDIT UNIONS,US,visa,debit
435333,00-99,UNITED LABOR CREDIT UNION,US,visa,credit
435334,00-99,SERVICE PLUS CREDIT UNION,US,visa,debit
435335,00-99,WABELLCO FEDERAL CREDIT UNION,US,visa,debit
435336,00-99,TRUSTONE FINANCIAL CREDIT UNION,US,visa,debit
435337,00-99,THE ONE FEDERAL CREDIT UNION,US,visa,credit
435338,00-99,CARD SERVICES FOR CREDIT UNIONS,US,visa,credit
435339,00-99,FIRST NEBRASKA BANK,US,visa,credit
435340,00-99,U S #1364 FEDERAL CREDIT UNION,US,visa,credit
435341,00-99,CREDIT UNION CARD SERVICES INC.,US,visa,credit
435342,00-99,CARD SERVICES FOR CREDIT UNIONS,US,visa,credit
435343,00-99,CARD SERVICES FOR CREDIT UNIONS,US,visa,credit
435344,00-99,CARD SERVICES FOR CREDIT UNIONS,US,visa,credit
435345,00-99,ENLIGHTEN FEDERAL CREDIT UNION,US,visa,debit
435346,00-99,CITY SAVINGS BANK INC,PH,visa,credit
435347,00-99,UTILITIES EMPLOYEES CREDIT UNION,US,visa,debit
435348,00-99,DAKOTA HERITAGE BANK,US,visa,debit
435349,00-99,GIFT CARD OLYMPIC,GB,visa,debit
435350,00-99,CARD SERVICES FOR CREDIT UNIONS,US,visa,debit
435351,00-99,,US,visa,credit
435352,00-99,CARD SERVICES FOR CREDIT UNIONS,US,visa,credit
435353,00-99,CREDIT UNION CARD SERVICES INC.,US,visa,credit
435354,00-99,UNIWYO FEDERAL CREDIT UNION,US,visa,debit
435355,00-99,TRAILHEAD CREDIT UNION,US,visa,debit
435356,00-99,MEMORIAL CREDIT UNION,US,visa,credit
435357,00-99,ABRI CREDIT UNION,US,visa,credit
435358,00-99,CARD SERVICES FOR CREDIT UNIONS,US,visa,credit
435359,00-99,HORIZON CREDIT UNION,US,visa,credit
435360,00-99,600 ATLANTIC FEDERAL CREDIT UNION,US,visa,credit
435361,00-99,BANCO NACIONAL ULTRAMARINO S.A.,MO,visa,credit
435362,00-99,SERVICE CREDIT UNION,US,visa,debit
435363,00-99,WASATCH PEAKS CREDIT UNION,US,visa,credit
435364,00-99,ONE CREDIT UNION OF NY,US,visa,debit
435365,00-99,AN BINH COMMERCIAL JOINT STOCK BANK,VN,visa,debit
435366,00-99,RELIANT COMMUNITY FEDERAL CREDIT UNION,US,visa,credit
435367,00-99,AN BINH COMMERCIAL JSB,VN,visa,credit
435368,00-99,SILVERADO CREDIT UNION,US,visa,debit
435369,00-99,UNIVERSITY OF NEBRASKA FEDERAL CREDIT UNION,US,visa,credit
435370,00-99,CARD SERVICES FOR CREDIT UNIONS,US,visa,credit
435371,00-99,NEBO CREDIT UNION,US,visa,credit
435372,00-99,DIAMOND LAKES FEDERAL CREDIT UNION,US,visa,credit
435373,00-99,SKYLA FEDERAL CREDIT UNION,US,visa,credit
435374,00-99,AN BINH COMMERCIAL JOINT STOCK BANK,VN,visa,credit
435375,00-99,IDAHO UNITED CREDIT UNION,US,visa,debit
435376,00-99,HDFC BANK LTD.,IN,visa,credit
435377,00-99,CHIVAHO FEDERAL CREDIT UNION,US,visa,credit
435378,00-99,TOPCARD SERVICE AG,CH,visa,debit
435379,00-99,TOPCARD SERVICE AG,CH,visa,credit
435380,00-99,EQUISHARE CREDIT UNION,US,visa,debit
435381,00-99,PRIME FINANCIAL CREDIT UNION,US,visa,credit
435382,00-99,OAHE FEDERAL CREDIT UNION,US,visa,credit
435383,00-99,WELLS FARGO BANK N.A.,US,visa,debit
435384,00-99,CARD SERVICES FOR CREDIT UNIONS,US,visa,credit
435385,00-99,COCONINO FEDERAL CREDIT UNION,US,visa,credit
435386,00-99,HDFC BANK LTD.,IN,visa,credit
435387,00-99,SUPERIOR CREDIT UNION INC.,US,visa,debit
435388,00-99,GREATER KENTUCKY CREDIT UNION INC.,US,visa,credit
435389,00-99,CARD SERVICES FOR CREDIT UNIONS,US,visa,debit
435390,00-99,CARD SERVICES FOR CREDIT UNIONS,US,visa,debit
435391,00-99,MEMBERS PREFERRED CREDIT UNION,US,visa,debit
435392,00-99,,US,visa,debit
435393,00-99,HDFC BANK LTD.,IN,visa,credit
435394,00-99,JACOM CREDIT UNION,US,visa,credit
435395,00-99,CARD SERVICES FOR CREDIT UNIONS,US,visa,credit
435396,00-99,CARD SERVICES FOR CREDIT UNIONS,US,visa,credit
435397,00-99,CARD SERVICES FOR CREDIT UNIONS,US,visa,credit
435398,00-99,ADVANTAGE PLUS FEDERAL CREDIT UNION,US,visa,debit
435399,00-99,UARK FEDERAL CREDIT UNION,US,visa,credit
435400,00-99,IOWA STATE BANK,US,visa,debit
435401,00-99,WELLS FARGO BANK NATIONAL ASSOCIATION,US,visa,debit
435402,00-99,SUTTON BANK,US,visa,debit
435403,00-99,SUTTON BANK,US,visa,debit
435404,00-99,,US,visa,credit
435405,00-99,WELLS FARGO BANK NATIONAL ASSOCIATION,US,visa,debit
435406,00-99,MEMBERS CHOICE WV FEDERAL CREDIT UNION,US,visa,debit
435407,00-99,BANK OF HAZELTON,US,visa,debit
435408,00-99,CROSS RIVER BANK,US,visa,credit
435409,00-99,SAVIBANK,US,visa,debit
435410,00-99,,US,visa,credit
435411,00-99,,US,visa,credit
435412,00-99,,US,visa,credit
435413,00-99,,US,visa,credit
435414,00-99,,US,visa,credit
435415,00-99,,US,visa,credit
435416,00-99,,US,visa,credit
435417,00-99,,US,visa,credit
435418,00-99,,US,visa,credit
435419,00-99,,US,visa,credit
435420,00-99,,US,visa,credit
435421,00-99,,US,visa,credit
435422,00-99,,US,visa,credit
435423,00-99,,US,visa,credit
435424,00-99,,US,visa,credit
435425,00-99,,US,visa,credit
435426,00-99,,US,visa,credit
435427,00-99,,US,visa,credit
435428,00-99,,US,visa,credit
435429,00-99,,US,visa,credit
435430,00-99,,US,visa,credit
435431,00-99,,SI,visa,debit
435432,00-99,,US,visa,credit
435433,00-99,,US,visa,credit
435434,00-99,,US,visa,credit
435435,00-99,,LV,visa,debit
435436,00-99,,US,visa,credit
435437,00-99,,US,visa,credit
435438,00-99,,US,visa,credit
435439,00-99,,US,visa,credit
435440,00-99,,US,visa,credit
435441,00-99,,US,visa,credit
435442,00-99,,US,visa,credit
435443,00-99,,US,visa,credit
435444,00-99,,US,visa,credit
435445,00-99,,US,visa,credit
435446,00-99,,US,visa,credit
435447,00-99,SAVIBANK,US,visa,debit
435448,00-99,EVOLVE BANK & TRUST,US,visa,debit
435449,00-99,EVOLVE BANK & TRUST,US,visa,debit
435450,00-99,SUTTON BANK,US,visa,debit
435451,00-99,FIRST PRYORITY BANK,US,visa,debit
435452,00-99,SUTTON BANK,US,visa,debit
435453,00-99,CHARTWAY FEDERAL CREDIT UNION,US,visa,debit
435454,00-99,CAROLINAS TELCO FEDERAL CREDIT UNION,US,visa,debit
435455,00-99,CEDAR RAPIDS STATE BANK,US,visa,debit
435456,00-99,MICHIGAN STATE UNIVERSITY FEDERAL CREDIT UNION,US,visa,credit
435457,00-99,MICHIGAN STATE UNIVERSITY FEDERAL CREDIT UNION,US,visa,credit
435458,00-99,MICHIGAN STATE UNIVERSITY FEDERAL CREDIT UNION,US,visa,debit
435459,00-99,MICHIGAN STATE UNIVERSITY FEDERAL CREDIT UNION,US,visa,debit
435460,00-99,MVB BANK INC,US,visa,credit
435461,00-99,MVB BANK INC,US,visa,debit
435462,00-99,MVB BANK INC,US,visa,debit
435463,00-99,METROPOLITAN COMMERCIAL BANK,US,visa,debit
435464,00-99,TOMAH AREA CREDIT UNION,US,visa,credit
435465,00-99,TOMAH AREA CREDIT UNION,US,visa,debit
435466,00-99,TOMAH AREA CREDIT UNION,US,visa,debit
435467,00-99,CAPITAL FEDERAL CREDIT UNION,US,visa,debit
435468,00-99,CAPITAL FEDERAL CREDIT UNION,US,visa,debit
435469,00-99,SUTTON BANK,US,visa,debit
435470,00-99,,US,visa,credit
435471,00-99,,US,visa,credit
435472,00-99,,US,visa,credit
435473,00-99,CORNERSTONE BANK,US,visa,debit
435474,00-99,FARMERS STATE BANK,US,visa,credit
435475,00-99,FARMERS STATE BANK,US,visa,credit
435476,00-99,FIRST PRYORITY BANK,US,visa,debit
435477,00-99,THREAD BANK,US,visa,debit
435478,00-99,THREAD BANK,US,visa,debit
435479,00-99,THREAD BANK,US,visa,credit
435480,00-99,LANCO FEDERAL CREDIT UNION,US,visa,credit
435481,00-99,LANCO FEDERAL CREDIT UNION,US,visa,credit
435482,00-99,MVB BANK INC,US,visa,debit
435483,00-99,LEWIS & CLARK BANK,US,visa,credit
435484,00-99,FARMERS AND MERCHANTS STATE BANK OF PIERZ,US,visa,debit
435485,00-99,FARMERS AND MERCHANTS STATE BANK OF PIERZ,US,visa,debit
435486,00-99,FARMERS AND MERCHANTS STATE BANK OF PIERZ,US,visa,debit
435487,00-99,SUMMIT NATIONAL BANK,US,visa,debit
435488,00-99,SUMMIT NATIONAL BANK,US,visa,debit
435489,00-99,LINKAGE CREDIT UNION,US,visa,debit
435490,00-99,CAIXABANK PAYMENTS & CONSUMER E.F.C. E.P. S.A.U.,PT,visa,debit
435491,00-99,BANCO INTERNACIONAL S.A.,EC,visa,credit
435492,00-99,BANCO MAIS,MZ,visa,credit
435493,00-99,WELLS FARGO BANK NATIONAL ASSOCIATION,US,visa,debit
435494,00-99,WMCU,US,visa,credit
435495,00-99,CAIXABANK S.A.,ES,visa,debit
435496,00-99,WMCU,US,visa,debit
435497,00-99,WELLS FARGO BANK NATIONAL ASSOCIATION,US,visa,debit
435498,00-99,WELLS FARGO BANK NATIONAL ASSOCIATION,US,visa,credit
435499,00-99,WELLS FARGO BANK NATIONAL ASSOCIATION,US,visa,debit
435500,00-99,WELLS FARGO BANK N.A.,US,visa,credit
435501,00-99,ACBA CREDIT AGRICOLE BANK CJSC,AM,visa,debit
435502,00-99,HDFC BANK LTD.,IN,visa,debit
435503,00-99,ACBA CREDIT AGRICOLE BANK CJSC,AM,visa,credit
435504,00-99,ACBA CREDIT AGRICOLE BANK CJSC,AM,visa,credit
435505,00-99,ACBA CREDIT AGRICOLE BANK CJSC,AM,visa,credit
435506,00-99,ACBA CREDIT AGRICOLE BANK CJSC,AM,visa,debit
435507,00-99,FAST BANK CLOSED JOINT STOCK COMPANY,AM,visa,credit
435508,00-99,AKBANK T.A.S.,TR,visa,credit
435509,00-99,AKBANK T.A.S.,TR,visa,credit
435510,00-99,MERCANTILE BANK,US,visa,debit
435511,00-99,AVIDBANK,US,visa,debit
435512,00-99,BANK OF HOPE,US,visa,debit
435513,00-99,WELLS FARGO BANK N.A.,US,visa,debit
435514,00-99,CENTRAL BANK,US,visa,debit
435515,00-99,WELLS FARGO BANK N.A.,US,visa,debit
435516,00-99,FIRST EAGLE BANK,US,visa,debit
435517,00-99,WELLS FARGO BANK N.A.,US,visa,debit
435518,00-99,FIRST CITIZENS' FEDERAL CREDIT UNION,US,visa,debit
435519,00-99,U.S. BANK N.A.,US,visa,credit
435520,00-99,ST. LOUIS BANK,US,visa,debit
435521,00-99,WELLS FARGO BANK N.A.,US,visa,debit
435522,00-99,WELLS FARGO BANK N.A.,US,visa,debit
435523,00-99,WELLS FARGO BANK N.A.,US,visa,debit
435524,00-99,TEXAS REGIONAL BANK,US,visa,debit
435525,00-99,FIRST-CITIZENS BANK & TRUST COMPANY,US,visa,debit
435526,00-99,WELLS FARGO BANK N.A.,US,visa,debit
435527,00-99,HERITAGE BANK,US,visa,debit
435528,00-99,AVENIR FINANCIAL FEDERAL CREDIT UNION,US,visa,debit
435529,00-99,THOMASTON SAVINGS BANK,US,visa,debit
435530,00-99,FIFTH THIRD BANK,US,visa,debit
435531,00-99,METABANK,US,visa,debit
435532,00-99,METABANK,US,visa,debit
435533,00-99,METABANK,US,visa,debit
435534,00-99,BANKFINANCIAL,US,visa,debit
435535,00-99,METABANK,US,visa,debit
435536,00-99,REGIONS BANK,US,visa,debit
435537,00-99,REGIONS BANK,US,visa,debit
435538,00-99,AEON THANA SINSAP (THAILAND) PUBLIC COMPANY LTD.,TH,visa,credit
435539,00-99,REGIONS BANK,US,visa,debit
435540,00-99,SANDHILLS STATE BANK,US,visa,debit
435541,00-99,REGIONS BANK,US,visa,debit
435542,00-99,REGIONS BANK,US,visa,debit
435543,00-99,RIVERSIDE SAVINGS BANK SSB,US,visa,debit
435544,00-99,REGIONS BANK,US,visa,debit
435545,00-99,REGIONS BANK,US,visa,debit
435546,00-99,REGIONS BANK,US,visa,debit
435547,00-99,REGIONS BANK,US,visa,debit
435548,00-99,BANCORP BANK,US,visa,debit
435549,00-99,WELLS FARGO BANK N.A.,US,visa,debit
435550,00-99,METABANK,US,visa,debit
435551,00-99,METABANK,US,visa,debit
435552,00-99,BA MERCHANT SERVICES INC.,US,visa,credit
435553,00-99,U.S. BANK N.A.,US,visa,credit
435554,00-99,FIRST NATIONAL BANK IN SIOUX FALLS,US,visa,debit
435555,00-99,METABANK,US,visa,debit
435556,00-99,METABANK,US,visa,debit
435557,00-99,UMB BANK N.A.,US,visa,debit
435558,00-99,REGIONS BANK,US,visa,debit
435559,00-99,REGIONS BANK,US,visa,debit
435560,00-99,REGIONS BANK,US,visa,debit
435561,00-99,REGIONS BANK,US,visa,debit
435562,00-99,METABANK,US,visa,debit
435563,00-99,METABANK,US,visa,debit
435564,00-99,U.S. BANK N.A.,US,visa,debit
435565,00-99,U.S. BANK N.A.,US,visa,credit
435566,00-99,U.S. BANK N.A.,US,visa,credit
435567,00-99,BANCO COOPERATIVO ESPANOL S.A.,ES,visa,credit
435568,00-99,COLUMBIA BANK,US,visa,debit
435569,00-99,COLUMBIA BANK,US,visa,debit
435570,00-99,JSC INDUSTRIAL AND INVESTMENT BANK (CSC),UA,visa,debit
435571,00-99,MERRICK BANK,US,visa,credit
435572,00-99,TWIN CITY BANK,US,visa,debit
435573,00-99,TWIN CITY BANK,US,visa,debit
435574,00-99,SECURITY SERVICE FEDERAL CREDIT UNION,US,visa,debit
435575,00-99,FIRST INTERSTATE BANK,US,visa,debit
435576,00-99,PNC BANK NATIONAL ASSOCIATION - CONSUMER CREDIT,US,visa,credit
435577,00-99,U.S. BANK NATIONAL ASSOCIATION-CREDIT,US,visa,credit
435578,00-99,U.S. BANK NATIONAL ASSOCIATION-CREDIT,US,visa,credit
435579,00-99,FARMERS STATE BANK OF FORT MORGAN COLORADO,US,visa,debit
435580,00-99,CHICAGO POST OFFICE EMPLOYEES CREDIT UNION,US,visa,debit
435581,00-99,BRIDGE COMMUNITY BANK,US,visa,debit
435582,00-99,FIRST BANK RICHMOND,US,visa,debit
435583,00-99,APPLIED BANK,US,visa,debit
435584,00-99,HDFC BANK LTD.,IN,visa,debit
435585,00-99,WAYNE BANK,US,visa,debit
435586,00-99,UNITED BANK,US,visa,debit
435587,00-99,UNITED BANK,US,visa,debit
435588,00-99,HORIZON BANK,US,visa,debit
435589,00-99,U.S. BANK N.A.,US,visa,credit
435590,00-99,MERCED SCHOOL EMPLOYEES FEDERAL CREDIT UNION,US,visa,debit
435591,00-99,METABANK,US,visa,debit
435592,00-99,YAMPA VALLEY BANK,US,visa,debit
435593,00-99,U.S. BANK N.A.,US,visa,credit
435594,00-99,U.S. BANK N.A.,US,visa,credit
435595,00-99,CENTRA CREDIT UNION,US,visa,credit
435596,00-99,CORTRUST BANK,US,visa,debit
435597,00-99,U.S. BANK N.A.,US,visa,credit
435598,00-99,U.S. BANK N.A.,US,visa,credit
435599,00-99,PJSC VTB BANK,UA,visa,credit
435600,00-99,BANK OF AMERICA - CONSUMER CREDIT,US,visa,credit
435601,00-99,PEOPLES TRUST COMPANY,CA,visa,debit
435602,00-99,BANK OF AMERICA - CONSUMER CREDIT,US,visa,credit
435603,00-99,BANK OF AMERICA NATIONAL ASSOCIATION,US,visa,debit
435604,00-99,BANK OF AMERICA - CONSUMER CREDIT,US,visa,credit
435605,00-99,BANK OF AMERICA - CONSUMER CREDIT,US,visa,credit
435606,00-99,BANK OF AMERICA NATIONAL ASSOCIATION,US,visa,credit
435607,00-99,BANK OF AMERICA - CONSUMER CREDIT,US,visa,credit
435608,00-99,BANK OF AMERICA - CONSUMER CREDIT,US,visa,credit
435609,00-99,BANK OF AMERICA - CONSUMER CREDIT,US,visa,credit
435610,00-99,BANK OF AMERICA - CONSUMER CREDIT,US,visa,credit
435611,00-99,TARGET CORPORATION,US,visa,credit
435612,00-99,CAIXA DE CREDITO AGR COLA MUTUO DE LEIRIA C.R.L,PT,visa,debit
435613,00-99,BANK OF AMERICA - CONSUMER CREDIT,US,visa,credit
435614,00-99,PERMANENT TSB PLC,IE,visa,credit
435615,00-99,BANK OF AMERICA - CONSUMER CREDIT,US,visa,credit
435616,00-99,SBI CARDS AND PAYMENT SERVICES LTD.,IN,visa,credit
435617,00-99,BANK OF AMERICA - CONSUMER CREDIT,US,visa,credit
435618,00-99,BANK OF AMERICA - CONSUMER CREDIT,US,visa,credit
435619,00-99,BANK OF AMERICA NATIONAL ASSOCIATION,US,visa,debit
435620,00-99,BANK OF AMERICA NATIONAL ASSOCIATION,US,visa,debit
435621,00-99,BANK OF AMERICA - CONSUMER CREDIT,US,visa,credit
435622,00-99,BANK OF AMERICA - COMMERCIAL CREDIT,US,visa,credit
435623,00-99,BANK OF AMERICA - CONSUMER CREDIT,US,visa,credit
435624,00-99,JSC PIRAEUS BANK ICB,UA,visa,debit
435625,00-99,JSC PIRAEUS BANK ICB,UA,visa,debit
435626,00-99,JSC INTERNATIONAL COMMERCE BANK,UA,visa,debit
435627,00-99,TURKIYE FINANS KATILIM BANKASI A.S.,TR,visa,credit
435628,00-99,TURKIYE FINANS KATILIM BANKASI A.S.,TR,visa,credit
435629,00-99,TURKIYE FINANS KATILIM BANKASI A.S.,TR,visa,debit
435630,00-99,BANK OF AMERICA NATIONAL ASSOCIATION,US,visa,debit
435631,00-99,BANK OF AMERICA - CONSUMER CREDIT,US,visa,credit
435632,00-99,BANK OF AMERICA - COMMERCIAL CREDIT,US,visa,credit
435633,00-99,BANK OF AMERICA - CONSUMER CREDIT,US,visa,credit
435634,00-99,BANK OF AMERICA NATIONAL ASSOCIATION,US,visa,credit
435635,00-99,BANK OF AMERICA - CONSUMER CREDIT,US,visa,credit
435636,00-99,BANK OF AMERICA NATIONAL ASSOCIATION,US,visa,credit
435637,00-99,,US,visa,debit
435638,00-99,BANK OF AMERICA - CONSUMER CREDIT,US,visa,credit
435639,00-99,BANK OF AMERICA - CONSUMER CREDIT,US,visa,credit
435640,00-99,BANK OF AMERICA NATIONAL ASSOCIATION,US,visa,debit
435641,00-99,BANK OF AMERICA NATIONAL ASSOCIATION,US,visa,debit
435642,00-99,BANK OF AMERICA - COMMERCIAL CREDIT,US,visa,credit
435643,00-99,BANK OF AMERICA NATIONAL ASSOCIATION,US,visa,debit
435644,00-99,BANK OF AMERICA NATIONAL ASSOCIATION,US,visa,credit
435645,00-99,BANK OF AMERICA - CONSUMER CREDIT,US,visa,credit
435646,00-99,OZARK HERITAGE BANK,US,visa,debit
435647,00-99,BANK OF AMERICA NATIONAL ASSOCIATION,US,visa,credit
435648,00-99,BANK OF AMERICA - CONSUMER CREDIT,US,visa,credit
435649,00-99,BANK OF AMERICA - CONSUMER CREDIT,US,visa,credit
435650,00-99,WELLS FARGO BANK NATIONAL ASSOCIATION,US,visa,debit
435651,00-99,BANCO POPULAR S.A.,CO,visa,credit
435652,00-99,BANK OF AMERICA - CONSUMER CREDIT,US,visa,credit
435653,00-99,QNB BANK A.S,TR,visa,credit
435654,00-99,BANK OF AMERICA - CONSUMER CREDIT,US,visa,credit
435655,00-99,BANK OF AMERICA - CONSUMER CREDIT,US,visa,credit
435656,00-99,ARDSHININVESTBANK CJSC,AM,visa,debit
435657,00-99,BANK OF AMERICA - CONSUMER CREDIT,US,visa,credit
435658,00-99,CAIXABANK S.A.,ES,visa,credit
435659,00-99,CAIXABANK S.A.,ES,visa,credit
435660,00-99,AVIDBANK,US,visa,debit
435661,00-99,HYUNDAI CARD COMPANY LTD.,KR,visa,credit
435662,00-99,WELLS FARGO BANK N.A.,US,visa,debit
435663,00-99,INTEGRITY BANK & TRUST,US,visa,debit
435664,00-99,WELLS FARGO BANK N.A.,US,visa,debit
435665,00-99,WELLS FARGO BANK N.A.,US,visa,debit
435666,00-99,WELLS FARGO BANK N.A.,US,visa,debit
435667,00-99,SELECT FEDERAL CREDIT UNION,US,visa,debit
435668,00-99,HUA XIA BANK CO. LTD.,CN,visa,credit
435669,00-99,NORTHRIDGE COMMUNITY CREDIT UNION,US,visa,debit
435670,00-99,HTLF BANK,US,visa,debit
435671,00-99,WELLS FARGO BANK N.A.,US,visa,debit
435672,00-99,UNITED FEDERAL CREDIT UNION,US,visa,debit
435673,00-99,MVP POSTAL AND PRINTING FCU,US,visa,debit
435674,00-99,WELLS FARGO BANK N.A.,US,visa,debit
435675,00-99,DOMINION ENERGY CREDIT UNION,US,visa,credit
435676,00-99,DOMINION ENERGY CREDIT UNION,US,visa,debit
435677,00-99,ONE NEVADA CREDIT UNION,US,visa,credit
435678,00-99,WELLS FARGO BANK N.A.,US,visa,credit
435679,00-99,COMMONWEALTH ONE FEDERAL CREDIT UNION,US,visa,credit
435680,00-99,BANK OF AMERICA NATIONAL ASSOCIATION,US,visa,debit
435681,00-99,BANK OF AMERICA NATIONAL ASSOCIATION,US,visa,debit
435682,00-99,BANK OF AMERICA NATIONAL ASSOCIATION,US,visa,debit
435683,00-99,BANK OF AMERICA NATIONAL ASSOCIATION,US,visa,debit
435684,00-99,BANK OF AMERICA NATIONAL ASSOCIATION,US,visa,debit
435685,00-99,BANK OF AMERICA NATIONAL ASSOCIATION,US,visa,debit
435686,00-99,BANK OF AMERICA NATIONAL ASSOCIATION,US,visa,debit
435687,00-99,BANK OF AMERICA NATIONAL ASSOCIATION,US,visa,debit
435688,00-99,BANK OF AMERICA NATIONAL ASSOCIATION,US,US,visa
435689,00-99,BANK OF AMERICA NATIONAL ASSOCIATION,US,visa,debit
435690,00-99,CAIXABANK S.A.,ES,visa,credit
435691,00-99,CAIXABANK S.A.,ES,visa,credit
435692,00-99,,US,visa,debit
435693,00-99,BANK OF PRAIRIE VILLAGE,US,visa,debit
435694,00-99,BANK OF PRAIRIE VILLAGE,US,visa,debit
435695,00-99,MIDWEST BANK,US,visa,debit
435696,00-99,CB MOLDOVA AGROINDBANK S.A.,MD,visa,debit
435697,00-99,CB MOLDOVA AGROINDBANK S.A.,MD,visa,debit
435698,00-99,CB MOLDOVA AGROINDBANK S.A.,MD,visa,debit
435699,00-99,CB MOLDOVA AGROINDBANK S.A.,MD,visa,credit
435700,00-99,RIYAD BANK,SA,visa,debit
435701,00-99,FIRST FINANCIAL BANK,US,visa,debit
435702,00-99,WINSOUTH CREDIT UNION,US,visa,debit
435703,00-99,PELICAN CREDIT UNION,US,visa,credit
435704,00-99,BANCO DEL TRABAJO,PE,visa,credit
435705,00-99,THE CHIKUHO BANK LTD.,JP,visa,credit
435706,00-99,FIRST FEDERAL BANK,US,visa,debit
435707,00-99,YANTIS FEDERAL CREDIT UNION,US,visa,debit
435708,00-99,PUNJAB NATIONAL BANK,IN,visa,debit
435709,00-99,BANK OF AMERICA NATIONAL ASSOCIATION,US,visa,credit
435710,00-99,MERIDIAN TRUST FEDERAL CREDIT UNION,US,visa,credit
435711,00-99,DEL NORTE CREDIT UNION,US,visa,credit
435712,00-99,MERIDIAN TRUST FEDERAL CREDIT UNION,US,visa,debit
435713,00-99,COMMONWEALTH ONE FEDERAL CREDIT UNION,US,visa,credit
435714,00-99,BANK OF AMERICA NATIONAL ASSOCIATION,US,visa,credit
435715,00-99,DACOTAH BANK,US,visa,debit
435716,00-99,FLORIDA CREDIT UNION,US,visa,debit
435717,00-99,ZAND BANK P.J.S.C.,AE,visa,debit
435718,00-99,BANCO SANTANDER-CHILE,CL,visa,credit
435719,00-99,BANK OF AMERICA NATIONAL ASSOCIATION,US,visa,credit
435720,00-99,WMCU,US,visa,debit
435721,00-99,SOCIAL SECURITY CREDIT UNION,US,visa,debit
435722,00-99,FIVE STAR CREDIT UNION,US,visa,debit
435723,00-99,WESTERN VISTA FEDERAL CREDIT UNION,US,visa,credit
435724,00-99,WMCU,US,visa,debit
435725,00-99,THE METAMORA STATE BANK,US,visa,credit
435726,00-99,WEST METRO SCHOOLS CREDIT UNION,US,visa,debit
435727,00-99,NAVIGATOR FEDERAL CREDIT UNION,US,visa,debit
435728,00-99,U.S. BANK N.A.,US,visa,debit
435729,00-99,BANCO POPULAR S.A.,CO,visa,credit
435730,00-99,BANCO ITAU CORPBANCA COLOMBIA S.A.,CO,visa,credit
435731,00-99,HSBC BANK ARGENTINA S.A.,AR,visa,credit
435732,00-99,CROSS BANK,US,visa,debit
435733,00-99,D360 BANK,SA,visa,debit
435734,00-99,THREAD BANK,US,visa,credit
435735,00-99,FORMATION FEDERAL CREDIT UNION,US,visa,debit
435736,00-99,AXIS BANK LTD.,IN,visa,debit
435737,00-99,BANK OF AMERICA NATIONAL ASSOCIATION,US,visa,credit
435738,00-99,WELLS FARGO BANK NATIONAL ASSOCIATION,US,visa,debit
435739,00-99,HIGH DESERT COMMUNITY CREDIT UNION,US,visa,debit
435740,00-99,GREEN DOT BANK DBA BONNEVILLE BANK,US,visa,debit
435741,00-99,JSCB KAPITALBANK,UZ,visa,debit
435742,00-99,EXPORT AND CREDIT BANK INC. SKOPJE,MK,visa,credit
435743,00-99,,US,visa,credit
435744,00-99,PING AN BANK CO. LTD.,CN,visa,credit
435745,00-99,PING AN BANK CO. LTD.,CN,visa,credit
435746,00-99,BANCO HIPOTECARIO DE EL SALVADOR S.A.,SV,visa,credit
435747,00-99,UNITED MISSISSIPPI BANK,US,visa,debit
435748,00-99,MAGNOLIA FEDERAL CREDIT UNION,US,visa,credit
435749,00-99,MAGNOLIA FEDERAL CREDIT UNION,US,visa,credit
435750,00-99,FORT WORTH CITY CREDIT UNION,US,visa,credit
435751,00-99,FORT WORTH CITY CREDIT UNION,US,visa,debit
435752,00-99,BANK OZK,US,visa,debit
435753,00-99,CONSUMERS CREDIT UNION,US,visa,credit
435754,00-99,,US,visa,debit
435755,00-99,MIDFIRST BANK,US,visa,credit
435756,00-99,BANCORP BANK,US,visa,credit
435757,00-99,METABANK,US,visa,debit
435758,00-99,GUARDIAN CREDIT UNION,US,visa,debit
435759,00-99,,MX,visa,credit
435760,00-99,PNC BANK NATIONAL ASSOCIATION,US,visa,debit
435761,00-99,FIRST STATE BANK OF PORTER,US,visa,debit
435762,00-99,FIRST NATIONAL BANK VALPARAISO,US,visa,debit
435763,00-99,BANK OF SPRINGFIELD,US,visa,debit
435764,00-99,POPULAR BANK,US,visa,credit
435765,00-99,POPULAR BANK,US,visa,credit
435766,00-99,POPULAR BANK,US,visa,credit
435767,00-99,SCOTIABANK CHILE,CL,visa,credit
435768,00-99,,MX,visa,credit
435769,00-99,BANSI S.A. INSTITUCION DE BANCA MULTIPLE,MX,visa,debit
435770,00-99,UMB BANK N.A.,US,visa,debit
435771,00-99,UMB BANK N.A.,US,visa,debit
435772,00-99,BANK OF AMERICA NATIONAL ASSOCIATION,US,visa,credit
435773,00-99,SUMITOMO MITSUI TRUST CARD CO. LTD.,JP,visa,credit
435774,00-99,TIB NATIONAL ASSOCIATION,US,visa,credit
435775,00-99,STANDARD CHARTERED BANK OF BOTSWANA LTD.,BW,visa,debit
435776,00-99,SIMMONS BANK,US,visa,credit
435777,00-99,EARTHLINK LLC,US,visa,credit
435778,00-99,BANCO BRADESCO S.A.,BR,visa,credit
435779,00-99,WELLS FARGO BANK NATIONAL ASSOCIATION,US,visa,credit
435780,00-99,DOCK INSTITUICAO DE PAGAMENTO S.A.,BR,visa,credit
435781,00-99,EAGLE LOUISIANA FEDERAL CREDIT UNION,US,visa,debit
435782,00-99,ALABAMA ONE CREDIT UNION,US,visa,debit
435783,00-99,WALLKILL VALLEY FEDERAL SAVINGS AND LOAN ASSOCIATION,US,visa,debit
435784,00-99,WELLS FARGO BANK NATIONAL ASSOCIATION,US,visa,debit
435785,00-99,BANCO BILBAO VIZCAYA ARGENTARIA S.A. (BBVA),ES,visa,debit
435786,00-99,WELLS FARGO BANK NATIONAL ASSOCIATION,US,visa,credit
435787,00-99,JPMORGAN CHASE BANK N.A.,US,visa,credit
435788,00-99,WELLS FARGO BANK NATIONAL ASSOCIATION,US,visa,credit
435789,00-99,BAC INTERNATIONAL BANK (PANAMA) INC.,PA,visa,debit
435790,00-99,THE TOHO BANK LTD.,JP,visa,credit
435791,00-99,WILDFIRE CREDIT UNION,US,visa,debit
435792,00-99,THE OLD FORT BANKING COMPANY,US,visa,debit
435793,00-99,FIRST BANK OF BERNE,US,visa,debit
435794,00-99,COMMUNITY FINANCIAL CREDIT UNION,US,visa,debit
435795,00-99,BANK OF THE OZARKS,US,visa,debit
435796,00-99,BANK OF THE OZARKS,US,visa,debit
435797,00-99,MIDFIRST BANK,US,visa,credit
435798,00-99,SOUTHWEST FINANCIAL FEDERAL CREDIT UNION,US,visa,debit
435799,00-99,SOUTHWEST FINANCIAL FEDERAL CREDIT UNION,US,visa,credit
435800,00-99,BANKERS TRUST COMPANY,US,visa,debit
435801,00-99,LIBERTY STATE BANK,US,visa,debit
435802,00-99,,US,visa,debit
435803,00-99,FIRST FEDERAL SAVINGS OF MIDDLETOWN,US,visa,debit
435804,00-99,ITS BANK,US,visa,debit
435805,00-99,SECURITY FIRST BANK OF NORTH DAKOTA,US,visa,debit
435806,00-99,,US,visa,debit
435807,00-99,PRIMEBANK OF TEXAS,US,visa,debit
435808,00-99,FARMERS AND MERCHANTS BANK,US,visa,debit
435809,00-99,MAXWELL STATE BANK,US,visa,debit
435810,00-99,,US,visa,debit
435811,00-99,SWEDISH-AMERICAN STATE BANK,US,visa,debit
435812,00-99,THE CITIZENS BANK,US,visa,debit
435813,00-99,SECURITY STATE BANK,US,visa,debit
435814,00-99,THE BAXTER STATE BANK,US,visa,debit
435815,00-99,,US,visa,debit
435816,00-99,CAMDEN NATIONAL BANK,US,visa,debit
435817,00-99,FIRST NATIONAL BANK IN SIOUX FALLS,US,visa,debit
435818,00-99,XCEL FEDERAL CREDIT UNION,US,visa,credit
435819,00-99,AT&T,US,visa,debit
435820,00-99,SERVU FEDERAL CREDIT UNION,US,visa,debit
435821,00-99,PRIORITY ONE CREDIT UNION,US,visa,debit
435822,00-99,COMPASS FEDERAL CREDIT UNION,US,visa,credit
435823,00-99,FIRST-CITIZENS BANK,US,visa,debit
435824,00-99,METABANK,US,visa,debit
435825,00-99,BOKF NATIONAL ASSOCIATION,US,visa,debit
435826,00-99,COASTAL CREDIT UNION,US,visa,credit
435827,00-99,COASTAL CREDIT UNION,US,visa,credit
435828,00-99,COASTAL CREDIT UNION,US,visa,credit
435829,00-99,COASTAL FEDERAL CREDIT UNION,US,visa,credit
435830,00-99,VERIDIAN CREDIT UNION,US,visa,credit
435831,00-99,VIRGINIA NATIONAL BANK,US,visa,debit
435832,00-99,GOTAG CARD ISSUED BY METABANK,US,visa,debit
435833,00-99,METABANK,US,visa,debit
435834,00-99,,US,visa,credit
435835,00-99,AFFINITY FEDERAL CREDIT UNION,US,visa,credit
435836,00-99,PATHWARD N.A.,US,visa,debit
435837,00-99,VERIDIAN CREDIT UNION,US,visa,debit
435838,00-99,PELICAN CREDIT UNION,US,visa,debit
435839,00-99,FIRST CENTRAL CREDIT UNION,US,visa,debit
435840,00-99,FIRST CENTRAL CREDIT UNION,US,visa,credit
435841,00-99,FIRST CENTRAL CREDIT UNION,US,visa,credit
435842,00-99,FIRST CENTRAL CREDIT UNION,US,visa,credit
435843,00-99,GESA CREDIT UNION,US,visa,credit
435844,00-99,GESA CREDIT UNION,US,visa,debit
435845,00-99,RED CANOE CREDIT UNION,US,visa,debit
435846,00-99,POINT BREEZE CREDIT UNION,US,visa,debit
435847,00-99,,US,visa,credit
435848,00-99,FIRST HAWAIIAN BANK,US,visa,credit
435849,00-99,CITIZENS BUSINESS BANK,US,visa,debit
435850,00-99,CITIZENS BANK OF CLOVIS,US,visa,debit
435851,00-99,CITIZENS BANK OF CLOVIS,US,visa,debit
435852,00-99,STERLING BANK,US,visa,debit
435853,00-99,STERLING BANK,US,visa,debit
435854,00-99,MEMBERS FIRST CREDIT UNION,US,visa,credit
435855,00-99,FARMERS STATE BANK ALLEN OKLAHOMA,US,visa,debit
435856,00-99,C3BANK NATIONAL ASSOCIATION,US,visa,debit
435857,00-99,VISION BANK,US,visa,debit
435858,00-99,METABANK,US,visa,debit
435859,00-99,,US,visa,credit
435860,00-99,CHAMPION CREDIT UNION,US,visa,credit
435861,00-99,PEARL HAWAII FEDERAL CREDIT UNION,US,visa,debit
435862,00-99,OTIS FEDERAL CREDIT UNION,US,visa,credit
435863,00-99,ALLIANCE BANK N.A.,US,visa,debit
435864,00-99,ALLIANCE BANK N.A.,US,visa,debit
435865,00-99,,US,visa,credit
435866,00-99,PATHWARD N.A.,US,visa,debit
435867,00-99,NORTHWEST COMMUNITY CREDIT UNION,US,visa,credit
435868,00-99,,US,visa,debit
435869,00-99,,US,visa,debit
435870,00-99,SOUTH STATE BANK,US,visa,debit
435871,00-99,COMERICA BANK,US,visa,credit
435872,00-99,,US,visa,credit
435873,00-99,TCF BANK,US,visa,debit
435874,00-99,UNITED BANK FOR AFRICA PLC,NG,visa,debit
435875,00-99,TXU ENERGY CARD ISSUED BY METABANK,US,visa,debit
435876,00-99,METABANK,US,visa,debit
435877,00-99,METABANK,US,visa,debit
435878,00-99,METABANK,US,visa,debit
435879,00-99,SYNOVUS FINANCIAL CORPORATION,US,visa,debit
435880,00-99,PATHWARD N.A.,US,visa,debit
435881,00-99,OKLAHOMA STATE BANK,US,visa,debit
435882,00-99,OKLAHOMA STATE BANK,US,visa,debit
435883,00-99,MONEYGRAM ACCOUNT NOW ISSUED BY OKLAHOMA STATE BANK,US,visa,debit
435884,00-99,SYNOVUS FINANCIAL CORPORATION,US,visa,credit
435885,00-99,,US,visa,credit
435886,00-99,,US,visa,credit
435887,00-99,PATHWARD N.A.,US,visa,debit
435888,00-99,PATHWARD N.A.,US,visa,debit
435889,00-99,PATHWARD N.A.,US,visa,debit
435890,00-99,METABANK,US,visa,debit
435891,00-99,BLUE RIDGE BANK NATIONAL ASSOCIATION,US,visa,debit
435892,00-99,,US,visa,credit
435893,00-99,VERIDIAN CREDIT UNION,US,visa,debit
435894,00-99,SECURITY STATE BANK,US,visa,debit
435895,00-99,AMERICAN NATION BANK,US,visa,debit
435896,00-99,AMERICAN NATION BANK,US,visa,debit
435897,00-99,,US,visa,credit
435898,00-99,FRANKLIN COMMUNITY BANK N.A.,US,visa,debit
435899,00-99,ATLANTIC UNION BANK,US,visa,debit
435900,00-99,MVB BANK INC,US,visa,debit
435901,00-99,TTCU FEDERAL CREDIT UNION,US,visa,debit
435902,00-99,TTCU FEDERAL CREDIT UNION,US,visa,debit
435903,00-99,TTCU FEDERAL CREDIT UNION,US,visa,debit
435904,00-99,TTCU FEDERAL CREDIT UNION,US,visa,debit
435905,00-99,TTCU FEDERAL CREDIT UNION,US,visa,debit
435906,00-99,TTCU FEDERAL CREDIT UNION,US,visa,debit
435907,00-99,TTCU FEDERAL CREDIT UNION,US,visa,debit
435908,00-99,TTCU FEDERAL CREDIT UNION,US,visa,debit
435909,00-99,BOK FINANCIAL,US,visa,debit
435910,00-99,TTCU FEDERAL CREDIT UNION,US,visa,debit
435911,00-99,TTCU FEDERAL CREDIT UNION,US,visa,debit
435912,00-99,TTCU FEDERAL CREDIT UNION,US,visa,debit
435913,00-99,TTCU FEDERAL CREDIT UNION,US,visa,debit
435914,00-99,COMMUNITY STATE BANK OF MISSOURI,US,visa,debit
435915,00-99,BOK FINANCIAL,US,visa,debit
435916,00-99,BOK FINANCIAL,US,visa,debit
435917,00-99,EASTEX CREDIT UNION,US,visa,debit
435918,00-99,BOK FINANCIAL,US,visa,debit
435919,00-99,BOK FINANCIAL,US,visa,debit
435920,00-99,BOK FINANCIAL,US,visa,debit
435921,00-99,BANK OF OKLAHOMA,US,visa,debit
435922,00-99,TEXAS DOW EMPLOYEES CREDIT UNION,US,visa,debit
435923,00-99,FCNB BANK,US,visa,debit
435924,00-99,BOK FINANCIAL,US,visa,debit
435925,00-99,GULF CREDIT UNION,US,visa,debit
435926,00-99,MUNICIPAL EMPLOYEES CREDIT UNION OF OKLAHOMA CITY,US,visa,debit
435927,00-99,CITIZENS BANK OF EDINBURG,US,visa,debit
435928,00-99,BOK FINANCIAL,US,visa,debit
435929,00-99,,US,visa,credit
435930,00-99,BOK FINANCIAL,US,visa,debit
435931,00-99,BOK FINANCIAL,US,visa,debit
435932,00-99,FIRST FIDELITY BANK,US,visa,debit
435933,00-99,BOK FINANCIAL,US,visa,debit
435934,00-99,HOUSTON HIGHWAY CREDIT UNION,US,visa,debit
435935,00-99,BOK FINANCIAL,US,visa,debit
435936,00-99,BOK FINANCIAL,US,visa,debit
435937,00-99,,US,visa,credit
435938,00-99,,US,visa,credit
435939,00-99,,US,visa,credit
435940,00-99,FIRST MERCHANTS BANK,US,visa,debit
435941,00-99,WOORI BANK,KR,visa,credit
435942,00-99,RIVER FALLS STATE BANK,US,visa,debit
435943,00-99,,US,visa,credit
435944,00-99,BOK FINANCIAL,US,visa,debit
435945,00-99,ALLEGIANCE FEDERAL CREDIT UNION,US,visa,debit
435946,00-99,RESOURCE BANK,US,visa,debit
435947,00-99,FCNB BANK,US,visa,debit
435948,00-99,THE FARMERS BANK,US,visa,debit
435949,00-99,BANK OF BARODA,OM,visa,debit
435950,00-99,WESTERN BANK,US,visa,debit
435951,00-99,SILVER LAKE BANK,US,visa,debit
435952,00-99,BOK FINANCIAL,US,visa,debit
435953,00-99,BOK FINANCIAL,US,visa,debit
435954,00-99,OKLAHOMA COMMUNITY FEDERAL CREDIT UNION,US,visa,debit
435955,00-99,BOK FINANCIAL,US,visa,debit
435956,00-99,BOK FINANCIAL,US,visa,debit
435957,00-99,RHB BANK (CAMBODIA) PLC,KH,visa,debit
435958,00-99,BOK FINANCIAL,US,visa,debit
435959,00-99,BOK FINANCIAL,US,visa,debit
435960,00-99,BOK FINANCIAL,US,visa,debit
435961,00-99,BANDERA BANK,US,visa,debit
435962,00-99,BOK FINANCIAL,US,visa,debit
435963,00-99,SILVER LAKE BANK,US,visa,debit
435964,00-99,BOK FINANCIAL,US,visa,debit
435965,00-99,PT. BANK RAKYAT INDONESIA (PERSERO) TBK,ID,visa,credit
435966,00-99,INBANK,US,visa,debit
435967,00-99,RESOURCE BANK,US,visa,debit
435968,00-99,FIRST NATIONAL BANK OF SCOTIA,US,visa,debit
435969,00-99,MYGIFTCARDSITE,US,visa,debit
435970,00-99,U.S. BANK NATIONAL ASSOCIATION,US,visa,debit
435971,00-99,PACIFIC PREMIER BANK,US,visa,debit
435972,00-99,PT. BANK RAKYAT INDONESIA (PERSERO) TBK,ID,visa,credit
435973,00-99,BOK FINANCIAL,US,visa,debit
435974,00-99,BOK FINANCIAL,US,visa,debit
435975,00-99,BOK FINANCIAL,US,visa,debit
435976,00-99,SPIRITBANK,US,visa,debit
435977,00-99,BOK FINANCIAL,US,visa,debit
435978,00-99,NEPAL SBI BANK LTD.,NP,visa,debit
435979,00-99,BOK FINANCIAL,US,visa,debit
435980,00-99,BOK FINANCIAL,US,visa,debit
435981,00-99,BOK FINANCIAL,US,visa,debit
435982,00-99,BOK FINANCIAL,US,visa,debit
435983,00-99,U.S. BANK NATIONAL ASSOCIATION-CREDIT,US,visa,credit
435984,00-99,RIVERHILLS BANK,US,visa,debit
435985,00-99,MIDCOUNTRY BANK,US,visa,debit
435986,00-99,JOINT STOCK COMPANY RUSSIAN AGRICULTURAL BANK JSC ROSSELKHOZBANK,RU,visa,debit
435987,00-99,,US,visa,credit
435988,00-99,BANCOMER TRANSFER SERVICES INC.,US,visa,credit
435989,00-99,PLATTE VALLEY BANK,US,visa,debit
435990,00-99,INDEPENDENT BANK GROUP,US,visa,debit
435991,00-99,INDEPENDENT BANK GROUP,US,visa,debit
435992,00-99,BENCHMARK BANK,US,visa,debit
435993,00-99,INDEPENDENT BANK GROUP,US,visa,debit
435994,00-99,U.S. BANK N.A.,US,visa,debit
435995,00-99,U.S. BANK NATIONAL ASSOCIATION-CREDIT,US,visa,credit
435996,00-99,U.S. BANK NATIONAL ASSOCIATION-CREDIT,US,visa,credit
435997,00-99,U.S. BANK NATIONAL ASSOCIATION-CREDIT,US,visa,credit
435998,00-99,FIRST NATIONAL BANK OF KANSAS,US,visa,debit
435999,00-99,,US,visa,credit
436000,00-99,,BG,visa,debit
436001,00-99,,FR,visa,credit
436002,00-99,,US,visa,credit
436003,00-99,,PA,visa,debit
436004,00-99,,US,visa,credit
436005,00-99,,FR,visa,credit
436006,00-99,,US,visa,credit
436007,00-99,,US,visa,credit
436008,00-99,,US,visa,credit
436009,00-99,,FR,visa,credit
436010,00-99,,FR,visa,credit
436011,00-99,,MX,visa,debit
436012,00-99,,US,visa,credit
436013,00-99,,US,visa,credit
436014,00-99,,US,visa,credit
436015,00-99,,US,visa,credit
436016,00-99,,US,visa,credit
436017,00-99,,US,visa,credit
436018,00-99,,US,visa,credit
436019,00-99,,US,visa,credit
436020,00-99,,US,visa,credit
436021,00-99,,US,visa,credit
436022,00-99,,US,visa,credit
436023,00-99,,US,visa,credit
436024,00-99,,US,visa,credit
436025,00-99,,US,visa,credit
436026,00-99,,US,visa,credit
436027,00-99,,US,visa,credit
436028,00-99,,US,visa,credit
436029,00-99,,US,visa,credit
436030,00-99,,US,visa,credit
436031,00-99,,US,visa,credit
436032,00-99,,FR,visa,credit
436033,00-99,,US,visa,credit
436034,00-99,,US,visa,credit
436035,00-99,,US,visa,credit
436036,00-99,,US,visa,credit
436037,00-99,,US,visa,credit
436038,00-99,,US,visa,credit
436039,00-99,,US,visa,credit
436040,00-99,,US,visa,credit
436041,00-99,,US,visa,credit
436042,00-99,,RU,visa,credit
436043,00-99,,US,visa,credit
436044,00-99,,US,visa,credit
436045,00-99,,US,visa,credit
436046,00-99,,US,visa,credit
436047,00-99,,US,visa,credit
436048,00-99,,US,visa,credit
436049,00-99,,US,visa,credit
436050,00-99,,US,visa,credit
436051,00-99,,US,visa,credit
436052,00-99,,US,visa,credit
436053,00-99,,US,visa,credit
436054,00-99,,TR,visa,debit
436055,00-99,,US,visa,credit
436056,00-99,,US,visa,credit
436057,00-99,,CA,visa,credit
436058,00-99,,US,visa,credit
436059,00-99,,US,visa,credit
436060,00-99,,US,visa,credit
436061,00-99,,FR,visa,credit
436062,00-99,,US,visa,credit
436063,00-99,,US,visa,credit
436064,00-99,,US,visa,credit
436065,00-99,,US,visa,credit
436066,00-99,,US,visa,credit
436067,00-99,,US,visa,credit
436068,00-99,,US,visa,credit
436069,00-99,,US,visa,credit
436070,00-99,,US,visa,credit
436071,00-99,,US,visa,credit
436072,00-99,,US,visa,credit
436073,00-99,,FR,visa,credit
436074,00-99,,US,visa,credit
436075,00-99,,US,visa,credit
436076,00-99,,US,visa,credit
436077,00-99,,US,visa,credit
436078,00-99,,US,visa,credit
436079,00-99,,US,visa,credit
436080,00-99,,US,visa,credit
436081,00-99,,US,visa,credit
436082,00-99,,US,visa,credit
436083,00-99,,US,visa,credit
436084,00-99,,US,visa,credit
436085,00-99,,US,visa,credit
436086,00-99,,US,visa,credit
436087,00-99,,US,visa,credit
436088,00-99,,US,visa,credit
436089,00-99,,US,visa,credit
436090,00-99,,US,visa,credit
436091,00-99,,US,visa,credit
436092,00-99,,US,visa,credit
436093,00-99,,US,visa,credit
436094,00-99,,US,visa,credit
436095,00-99,,US,visa,credit
436096,00-99,,GB,visa,credit
436097,00-99,,US,visa,credit
436098,00-99,,IT,visa,credit
436099,00-99,,US,visa,credit
436100,00-99,JOINT STOCK COMPANY RUSSIAN AGRICULTURAL BANK JSC ROSSELKHOZBANK,RU,visa,debit
436101,00-99,GROW FINANCIAL FEDERAL CREDIT UNION,US,visa,credit
436102,00-99,PARK NATIONAL BANK,US,visa,credit
436103,00-99,STRIDE BANK NATIONAL ASSOCIATION,US,visa,debit
436104,00-99,JOINT STOCK COMPANY RUSSIAN AGRICULTURAL BANK JSC ROSSELKHOZBANK,RU,visa,debit
436105,00-99,WELLS FARGO BANK N.A.,US,visa,credit
436106,00-99,WELLS FARGO BANK N.A.,US,visa,credit
436107,00-99,COASTAL FEDERAL CREDIT UNION,US,visa,credit
436108,00-99,BANK OF AMERICA NATIONAL ASSOCIATION,US,visa,credit
436109,00-99,COASTAL FEDERAL CREDIT UNION,US,visa,credit
436110,00-99,BOK FINANCIAL,US,visa,debit
436111,00-99,BANKFIRST,US,visa,debit
436112,00-99,PACIFIC SERVICE CREDIT UNION,US,visa,credit
436113,00-99,SOCIEDAD CONJUNTA PARA LA EMISION Y GESTION DE MEDIOS DE PAGO E.F.C. S.A.,ES,visa,credit
436114,00-99,POPULAR VISA IBERIA,ES,visa,credit
436115,00-99,,US,visa,debit
436116,00-99,CITIBANK N.A.,US,visa,credit
436117,00-99,,US,visa,credit
436118,00-99,YOUNG AMERICANS BANK,US,visa,credit
436119,00-99,,US,visa,credit
436120,00-99,WYMAR FEDERAL CREDIT UNION,US,visa,credit
436121,00-99,ICBA BANCARD INC.,US,visa,credit
436122,00-99,ICBA BANCARD INC.,US,visa,credit
436123,00-99,WESTAMERICA BANK,US,visa,credit
436124,00-99,WILMINGTON POLICE & FIRE FEDERAL CREDIT UNION,US,visa,debit
436125,00-99,EASTRISE FEDERAL CREDIT UNION,US,visa,credit
436126,00-99,,CH,visa,credit
436127,00-99,PATHWARD N.A.,US,visa,debit
436128,00-99,WELLS FARGO BANK N.A.,US,visa,debit
436129,00-99,KSTATE CREDIT UNION,US,visa,debit
436130,00-99,FIRST FINANCIAL BANK,US,visa,debit
436131,00-99,EASTERN BANK PLC.,BD,visa,debit
436132,00-99,INVESTEX CREDIT UNION,US,visa,debit
436133,00-99,,US,visa,credit
436134,00-99,U.S. BANK NATIONAL ASSOCIATION-CREDIT,US,visa,credit
436135,00-99,WELLS FARGO BANK N.A.,US,visa,debit
436136,00-99,WELLS FARGO BANK N.A.,US,visa,debit
436137,00-99,ALLIANT CREDIT UNION,US,visa,debit
436138,00-99,FIRST BANK & TRUST CO.,US,visa,credit
436139,00-99,U.S. BANK N.A.,US,visa,credit
436140,00-99,WELLS FARGO BANK N.A.,US,visa,credit
436141,00-99,U.S. BANK N.A.,US,visa,credit
436142,00-99,EAST WEST BANK,US,visa,credit
436143,00-99,,US,visa,debit
436144,00-99,THE FIRST NATIONAL BANK OF TOM BEAN,US,visa,debit
436145,00-99,JPMORGAN CHASE BANK N.A.,US,visa,credit
436146,00-99,,US,visa,credit
436147,00-99,JPMORGAN CHASE BANK N.A.,US,visa,credit
436148,00-99,JPMORGAN CHASE BANK N.A.,US,visa,credit
436149,00-99,JPMORGAN CHASE BANK N.A.,US,visa,credit
436150,00-99,TEXAS GULF BANK NATIONAL ASSOCIATION,US,visa,debit
436151,00-99,CB MOLDOVA AGROINDBANK S.A.,MD,visa,debit
436152,00-99,HDFC BANK LTD.,IN,visa,credit
436153,00-99,KOMPANION BANK CJSC,KG,visa,debit
436154,00-99,KOMPANION BANK CJSC,KG,visa,credit
436155,00-99,NEW YORK COMMUNITY BANK,US,visa,debit
436156,00-99,BREWERY CREDIT UNION,US,visa,debit
436157,00-99,THE PEOPLES STATE BANK,US,visa,debit
436158,00-99,SHAZAM INC.,US,visa,credit
436159,00-99,FIRST NATIONAL BANK OF HOWARD,US,visa,debit
436160,00-99,TAICHUNG COMMERCIAL BANK,TW,visa,debit
436161,00-99,ICBA BANCARD INC.,US,visa,debit
436162,00-99,WELLS FARGO BANK N.A.,US,visa,debit
436163,00-99,WELLS FARGO BANK N.A.,US,visa,debit
436164,00-99,WELLS FARGO BANK N.A.,US,visa,debit
436165,00-99,BRONCO FEDERAL CREDIT UNION,US,visa,debit
436166,00-99,HORIZON BANK,US,visa,debit
436167,00-99,GRUNDY BANK,US,visa,debit
436168,00-99,COMANCHE COUNTY FEDERAL CREDIT UNION,US,visa,debit
436169,00-99,FIRST CITIZENS' FEDERAL CREDIT UNION,US,visa,debit
436170,00-99,HONG LEONG BANK BERHAD,MY,visa,credit
436171,00-99,HTLF BANK,US,visa,debit
436172,00-99,UNION SAVINGS BANK,US,visa,debit
436173,00-99,MOUNTAINONE BANK,US,visa,debit
436174,00-99,WELLS FARGO BANK N.A.,US,visa,debit
436175,00-99,ICBA BANCARD INC.,US,visa,debit
436176,00-99,WELLS FARGO BANK N.A.,US,visa,debit
436177,00-99,NEW HORIZONS CREDIT UNION,US,visa,debit
436178,00-99,SOUTHWEST LOUISIANA CREDIT UNION,US,visa,debit
436179,00-99,WELLS FARGO BANK N.A.,US,visa,debit
436180,00-99,,US,visa,credit
436181,00-99,BANC OF CALIFORNIA NATIONAL ASSOCIATION,US,visa,debit
436182,00-99,SYNERGY BANK,US,visa,debit
436183,00-99,,US,visa,credit
436184,00-99,,US,visa,credit
436185,00-99,NEW YORK UNIVERSITY FEDERAL CREDIT UNION,US,visa,debit
436186,00-99,SUNTRUST BANK,US,visa,debit
436187,00-99,CARD SERVICES FOR CREDIT UNIONS,US,visa,credit
436188,00-99,WELLS FARGO BANK N.A.,US,visa,debit
436189,00-99,BANK OF AMERICA NATIONAL ASSOCIATION,US,visa,credit
436190,00-99,UNITED BANK,US,visa,debit
436191,00-99,,US,visa,credit
436192,00-99,WMCU,US,visa,debit
436193,00-99,BANK OF CEYLON,LK,visa,credit
436194,00-99,SOCIEDAD CONJUNTA PARA LA EMISION Y GESTION DE MEDIOS DE PAGO E.F.C. S.A.,ES,visa,credit
436195,00-99,SOCIEDAD CONJUNTA PARA LA EMISION Y GESTION DE MEDIOS DE PAGO E.F.C. S.A.,ES,visa,credit
436196,00-99,SOCIEDAD CONJUNTA PARA LA EMISION Y GESTION DE MEDIOS DE PAGO E.F.C. S.A.,ES,visa,credit
436197,00-99,SOCIEDAD CONJUNTA PARA LA EMISION Y GESTION DE MEDIOS DE PAGO E.F.C. S.A.,ES,visa,credit
436198,00-99,ALLEGANY FIRST FEDERAL CREDIT UNION,US,visa,debit
436199,00-99,METABANK,US,visa,debit
436200,00-99,,US,visa,credit
436201,00-99,,US,visa,credit
436202,00-99,,US,visa,credit
436203,00-99,,US,visa,credit
436204,00-99,,US,visa,credit
436205,00-99,,US,visa,credit
436206,00-99,,US,visa,credit
436207,00-99,,US,visa,credit
436208,00-99,,US,visa,credit
436209,00-99,,US,visa,credit
436210,00-99,,US,visa,credit
436211,00-99,,US,visa,credit
436212,00-99,,US,visa,credit
436213,00-99,,US,visa,credit
436214,00-99,,US,visa,credit
436215,00-99,,US,visa,credit
436216,00-99,,US,visa,credit
436217,00-99,,US,visa,credit
436218,00-99,,SG,visa,credit
436219,00-99,,US,visa,credit
436220,00-99,,US,visa,credit
436221,00-99,,US,visa,credit
436222,00-99,,US,visa,credit
436223,00-99,,US,visa,credit
436224,00-99,,US,visa,credit
436225,00-99,,US,visa,credit
436226,00-99,,US,visa,credit
436227,00-99,,US,visa,credit
436228,00-99,,US,visa,credit
436229,00-99,,US,visa,credit
436230,00-99,,US,visa,credit
436231,00-99,,US,visa,credit
436232,00-99,,US,visa,credit
436233,00-99,,US,visa,credit
436234,00-99,,IN,visa,debit
436235,00-99,,US,visa,credit
436236,00-99,CAPITAL ONE BANK (USA) N.A.,US,visa,credit
436237,00-99,,US,visa,credit
436238,00-99,,US,visa,credit
436239,00-99,,US,visa,credit
436240,00-99,,US,visa,credit
436241,00-99,,US,visa,credit
436242,00-99,,US,visa,credit
436243,00-99,,US,visa,credit
436244,00-99,,US,visa,credit
436245,00-99,,US,visa,credit
436246,00-99,,US,visa,credit
436247,00-99,,US,visa,credit
436248,00-99,,US,visa,credit
436249,00-99,PROVISIONAL BID - GARAGEPRENEURS INTERNET PRIVATE LTD.,IN,visa,debit
436250,00-99,,US,visa,credit
436251,00-99,,US,visa,credit
436252,00-99,,US,visa,credit
436253,00-99,,US,visa,credit
436254,00-99,,US,visa,credit
436255,00-99,,US,visa,credit
436256,00-99,,US,visa,credit
436257,00-99,,US,visa,credit
436258,00-99,,US,visa,credit
436259,00-99,,US,visa,credit
436260,00-99,,US,visa,credit
436261,00-99,,US,visa,credit
436262,00-99,,US,visa,credit
436263,00-99,,US,visa,credit
436264,00-99,,US,visa,credit
436265,00-99,,US,visa,credit
436266,00-99,,US,visa,credit
436267,00-99,,US,visa,credit
436268,00-99,,US,visa,credit
436269,00-99,,US,visa,credit
436270,00-99,,US,visa,credit
436271,00-99,,US,visa,credit
436272,00-99,,US,visa,credit
436273,00-99,,US,visa,credit
436274,00-99,,GB,visa,credit
436275,00-99,,US,visa,credit
436276,00-99,,US,visa,credit
436277,00-99,,US,visa,credit
436278,00-99,,US,visa,credit
436279,00-99,,US,visa,credit
436280,00-99,,US,visa,credit
436281,00-99,,US,visa,credit
436282,00-99,,US,visa,credit
436283,00-99,,US,visa,credit
436284,00-99,,US,visa,credit
436285,00-99,,US,visa,credit
436286,00-99,,US,visa,credit
436287,00-99,,SE,visa,credit
436288,00-99,,SE,visa,credit
436289,00-99,,US,visa,credit
436290,00-99,,US,visa,credit
436291,00-99,,US,visa,credit
436292,00-99,,US,visa,credit
436293,00-99,,US,visa,credit
436294,00-99,,US,visa,credit
436295,00-99,,US,visa,credit
436296,00-99,,US,visa,credit
436297,00-99,,US,visa,credit
436298,00-99,,US,visa,credit
436299,00-99,,US,visa,credit
436300,00-99,,US,visa,credit
436301,00-99,,US,visa,credit
436302,00-99,,US,visa,credit
436303,00-99,HDFC,IN,visa,debit
436304,00-99,PT. BANK MEGA SYARIAH,ID,visa,credit
436305,00-99,,US,visa,credit
436306,00-99,PT. BANK MEGA SYARIAH,ID,visa,credit
436307,00-99,PT. BANK DBS INDONESIA,ID,visa,debit
436308,00-99,VIETNAM EXPORT IMPORT COMMERCIAL JOINT-STOCK BANK,VN,visa,credit
436309,00-99,VIETNAM EXPORT IMPORT COMMERCIAL JSB,VN,visa,debit
436310,00-99,BOC CREDIT CARD (INTERNATIONAL) LTD.,CN,visa,credit
436311,00-99,STATE BANK OF INDIA,IN,visa,debit
436312,00-99,DBS BANK LTD.,IN,visa,debit
436313,00-99,,UA,visa,debit
436314,00-99,TAIPEI FUBON COMMERCIAL BANK CO. LTD.,TW,visa,credit
436315,00-99,BANK OF AYUDHYA PUBLIC CO. LTD.,LA,visa,debit
436316,00-99,,IN,visa,debit
436317,00-99,HONG KONG AND SHANGHAI BANKING CORP. LTD.,ID,visa,debit
436318,00-99,PT BANK NEO COMMERCE TBK,ID,visa,debit
436319,00-99,RHB BANK BERHAD,MY,visa,credit
436320,00-99,RESO CREDIT BANK OJSC,RU,visa,credit
436321,00-99,AL RAJHI BANKING AND INVESTMENT CORP.,SA,visa,credit
436322,00-99,NEDBANK LTD.,ZA,visa,debit
436323,00-99,OTP BANK JSC,UA,visa,credit
436324,00-99,HSBC BANK (SINGAPORE) LTD.,SG,visa,credit
436325,00-99,AXIS BANK LTD.,IN,visa,debit
436326,00-99,HSBC BANK (SINGAPORE) LTD.,SG,visa,debit
436327,00-99,HSBC BANK (SINGAPORE) LTD.,SG,visa,debit
436328,00-99,DEUTSCHE BANK AG INDIA,IN,visa,debit
436329,00-99,DEUTSCHE BANK AG,IN,visa,debit
436330,00-99,DEUTSCHE BANK AG INDIA,IN,visa,debit
436331,00-99,DEUTSCHE BANK AG INDIA,IN,visa,debit
436332,00-99,NTT DOCOMO INC,JP,visa,credit
436333,00-99,CANARA BANK,IN,visa,debit
436334,00-99,RHB BANK BERHAD,MY,visa,debit
436335,00-99,,US,visa,credit
436336,00-99,AXIS BANK LTD.,IN,visa,debit
436337,00-99,CITIBANK N.A.,PA,visa,debit
436338,00-99,SOLARIS SE,DE,visa,credit
436339,00-99,SIBS - SOCIEDADE INTERBANCARIA DE SERVICOS S.A.,PT,visa,debit
436340,00-99,STRIPE PAYMENTS UK LTD.,GB,visa,debit
436341,00-99,,US,visa,credit
436342,00-99,OVERSEA-CHINESE BANKING CORP. LTD.,SG,visa,credit
436343,00-99,STANDARD CHARTERED BANK,SG,visa,credit
436344,00-99,,US,visa,credit
436345,00-99,RHB ISLAMIC,MY,visa,credit
436346,00-99,RHB ISLAMIC,MY,visa,credit
436347,00-99,FIRST KENTUCKY BANK INC.,US,visa,debit
436348,00-99,ENVISION CREDIT UNION,US,visa,credit
436349,00-99,BANK OF MARIN,US,visa,debit
436350,00-99,COASTAL CREDIT UNION,US,visa,credit
436351,00-99,PACIFIC SERVICE CREDIT UNION,US,visa,credit
436352,00-99,BANK OF COMMERCE,US,visa,debit
436353,00-99,INTL HDQTRS-CENTER OWNED,BW,visa,debit
436354,00-99,NEWCASTLE PERMANENT BUILDING SOCIETY LTD.,AU,visa,credit
436355,00-99,HERITAGE BANK LTD.,AU,visa,credit
436356,00-99,AUSTRALIA POST,AU,visa,credit
436357,00-99,HERITAGE BANK - A DIVISION OF HERITAGE PEOPLE'S CHOICE LTD.,AU,visa,debit
436358,00-99,HERITAGE BANK - A DIVISION OF HERITAGE PEOPLE'S CHOICE LTD.,AU,visa,debit
436359,00-99,DHANLAXMI BANK LTD.,IN,visa,debit
436360,00-99,AXIS BANK LTD.,IN,visa,debit
436361,00-99,ORIENT COMMERCIAL JOINT STOCK BANK,VN,visa,credit
436362,00-99,HIMALAYAN BANK LTD.,NP,visa,debit
436363,00-99,,US,visa,credit
436364,00-99,HONG LEONG BANK BERHAD,MY,visa,credit
436365,00-99,,US,visa,credit
436366,00-99,,US,visa,credit
436367,00-99,THE HONGKONG AND SHANGHAI BANKING CORPORATION LTD.,PH,visa,credit
436368,00-99,THE HONGKONG AND SHANGHAI BANKING CORPORATION LTD.,PH,visa,debit
436369,00-99,DBS BANK INDIA LTD.,IN,visa,debit
436370,00-99,DBS BANK INDIA LTD.,IN,visa,debit
436371,00-99,DBS BANK INDIA LTD.,IN,visa,debit
436372,00-99,DBS BANK INDIA LTD.,IN,visa,debit
436373,00-99,DBS BANK LTD.,IN,visa,debit
436374,00-99,JAMUNA BANK LTD.,BD,visa,credit
436375,00-99,NTT DOCOMO INC,JP,visa,credit
436376,00-99,ZENITH BANK PLC,NG,visa,debit
436377,00-99,,US,visa,credit
436378,00-99,HONG KONG AND SHANGHAI BANKING CORP. LTD.,BN,visa,credit
436379,00-99,,US,visa,credit
436380,00-99,MACQUARIE BANK LTD.,AU,visa,credit
436381,00-99,,US,visa,credit
436382,00-99,SAMPATH BANK PLC,LK,visa,credit
436383,00-99,MACQUARIE BANK LTD.,AU,visa,credit
436384,00-99,MACQUARIE BANK,AU,visa,credit
436385,00-99,ASB BANK LTD.,NZ,visa,credit
436386,00-99,,US,visa,credit
436387,00-99,TAIWAN COOPERATIVE BANK,TW,visa,credit
436388,00-99,KOTAK MAHINDRA BANK LTD.,IN,visa,credit
436389,00-99,KOTAK MAHINDRA BANK LTD.,IN,visa,credit
436390,00-99,KOTAK MAHINDRA BANK LTD.,IN,visa,credit
436391,00-99,DBS BANK INDIA LTD.,IN,visa,debit
436392,00-99,AUSTRALIA AND NEW ZEALAND BANKING GROUP LTD.,AU,visa,debit
436393,00-99,INDUSIND BANK LTD.,IN,visa,debit
436394,00-99,,US,visa,credit
436395,00-99,INDUSIND BANK LTD.,IN,visa,debit
436396,00-99,AUSTRALIA AND NEW ZEALAND BANKING GROUP LTD.,AU,visa,credit
436397,00-99,CREDIT SAISON CO. LTD.,JP,visa,debit
436398,00-99,JSCB NOVIKOMBANK,RU,visa,credit
436399,00-99,,RU,visa,credit
436400,00-99,CB LOCKO BANK,RU,visa,credit
436401,00-99,BANCO REGIONAL S.A. INSTITUCION DE BANCA MULTIPLE BANREGIO GRUPO FINANCIERO,MX,visa,credit
436402,00-99,BANCO DE LA PRODUCCIONS.A. (PRODUBANCO),EC,visa,debit
436403,00-99,BANCO DE LA PRODUCCIONS.A. (PRODUBANCO),EC,visa,debit
436404,00-99,CITIBANK NATIONAL ASSOCIATION,NZ,visa,credit
436405,00-99,BANCO POPULAR DOMINICANO - BANCO MULTIPLE S.A.,DO,visa,credit
436406,00-99,PT. BANK ICBC INDONESIA,ID,visa,credit
436407,00-99,PT. BANK ICBC INDONESIA,ID,visa,credit
436408,00-99,YES BANK LTD.,IN,visa,debit
436409,00-99,SBM BANK (INDIA) LTD.,IN,visa,debit
436410,00-99,KOTAK MAHINDRA BANK LTD.,IN,visa,debit
436411,00-99,,US,visa,credit
436412,00-99,KOTAK MAHINDRA BANK LTD.,IN,visa,debit
436413,00-99,KOTAK MAHINDRA BANK LTD.,IN,visa,debit
436414,00-99,,US,visa,credit
436415,00-99,GOVERNMENT SAVINGS BANK,TH,visa,debit
436416,00-99,,US,visa,credit
436417,00-99,LOTTE CARD COMPANY LTD.,KR,visa,credit
436418,00-99,KEB HANA BANK CO. LTD.,KR,visa,credit
436419,00-99,BANGKOK BANK PUBLIC CO. LTD.,LA,visa,debit
436420,00-99,SHINHAN CARD CO. LTD.,KR,visa,debit
436421,00-99,,BN,visa,credit
436422,00-99,SHINHAN CARD CO. LTD.,KR,visa,debit
436423,00-99,BANK OF COMMUNICATIONS,CN,visa,credit
436424,00-99,BANK OF AMERICA N.A.,GU,visa,debit
436425,00-99,BANK OF AMERICA N.A.,GU,visa,debit
436426,00-99,YES BANK LTD.,IN,visa,debit
436427,00-99,STANDARD CHARTERED BANK,IN,visa,debit
436428,00-99,PUNJAB NATIONAL BANK,IN,visa,credit
436429,00-99,,US,visa,credit
436430,00-99,CUSCAL LTD.,AU,visa,debit
436431,00-99,KOTAK MAHINDRA BANK LTD.,IN,visa,debit
436432,00-99,PT BANK PANIN TBK,ID,visa,credit
436433,00-99,PT. BANK SAHABAT SAMPOERNA,ID,visa,debit
436434,00-99,TNG DIGITAL SDN. BHD.,MY,visa,debit
436435,00-99,UNITED BANK FOR AFRICA BURKINA,BF,visa,debit
436436,00-99,,TG,visa,debit
436437,00-99,UNION BANK OF INDIA,IN,visa,debit
436438,00-99,SAIGON THUONG TIN COMMERCIAL JOINT STOCK BANK,VN,visa,credit
436439,00-99,NEPAL INVESTMENT BANK LTD.,NP,visa,credit
436440,00-99,,NP,visa,credit
436441,00-99,NEPAL INVESTMENT BANK LTD.,NP,visa,credit
436442,00-99,,NP,visa,credit
436443,00-99,NEPAL INVESTMENT BANK LTD.,NP,visa,debit
436444,00-99,NEPAL INVESTMENT BANK LTD.,NP,visa,debit
436445,00-99,SAIGON THUONG TIN COMMERCIAL JOINT STOCK BANK,VN,visa,debit
436446,00-99,THE HONGKONG AND SHANGHAI BANKING CORPORATION LTD.,PH,visa,debit
436447,00-99,,US,visa,credit
436448,00-99,AMBANK (M) BERHAD,MY,visa,credit
436449,00-99,THE PREMIER BANK PLC.,BD,visa,debit
436450,00-99,ENVISION CREDIT UNION,US,visa,debit
436451,00-99,BOKF NATIONAL ASSOCIATION,US,visa,debit
436452,00-99,BOKF NATIONAL ASSOCIATION,US,visa,debit
436453,00-99,BOKF NATIONAL ASSOCIATION,US,visa,debit
436454,00-99,BOKF NATIONAL ASSOCIATION,US,visa,debit
436455,00-99,BOKF NATIONAL ASSOCIATION,US,visa,debit
436456,00-99,BOKF NATIONAL ASSOCIATION,US,visa,debit
436457,00-99,BOKF NATIONAL ASSOCIATION,US,visa,debit
436458,00-99,BOKF NATIONAL ASSOCIATION,US,visa,debit
436459,00-99,BOKF NATIONAL ASSOCIATION,US,visa,debit
436460,00-99,BOKF NATIONAL ASSOCIATION,US,visa,debit
436461,00-99,BANK OF COMMERCE,US,visa,debit
436462,00-99,STANDARD CHARTERED BANK,BD,visa,debit
436463,00-99,,US,visa,credit
436464,00-99,,US,visa,credit
436465,00-99,,US,visa,credit
436466,00-99,,US,visa,credit
436467,00-99,MODERN BANK OF VIETNAM LTD.,VN,visa,credit
436468,00-99,MODERN BANK OF VIETNAM LTD.,VN,visa,credit
436469,00-99,VTB BANK PJSC,RU,visa,debit
436470,00-99,AXIS BANK LTD.,IN,visa,debit
436471,00-99,VIETNAM TECHNOLOGICAL AND COMMERCIAL JSB,VN,visa,debit
436472,00-99,,US,visa,credit
436473,00-99,NATIONAL CREDIT AND COMMERCE BANK LTD.,BD,visa,credit
436474,00-99,STANDARD BANK LTD.,BD,visa,credit
436475,00-99,BRAC BANK PLC,BD,visa,debit
436476,00-99,HANG SENG BANK LTD.,HK,visa,credit
436477,00-99,LOTTE CARD COMPANY LTD.,KR,visa,credit
436478,00-99,NEPAL INVESTMENT BANK LTD.,NP,visa,debit
436479,00-99,GEM VISA,NZ,visa,credit
436480,00-99,HSBC BANK MALAYSIA BERHAD,MY,visa,credit
436481,00-99,HSBC AMANAH MALAYSIA BERHAD,MY,visa,credit
436482,00-99,MUTUAL TRUST BANK LTD.,BD,visa,debit
436483,00-99,MUTUAL TRUST BANK LTD.,BD,visa,debit
436484,00-99,SBI LY HOUR BANK PLC.,KH,visa,credit
436485,00-99,,US,visa,credit
436486,00-99,FOREIGN TRADE BANK OF CAMBODIA,KH,visa,debit
436487,00-99,FOREIGN TRADE BANK OF CAMBODIA,KH,visa,debit
436488,00-99,STATE BANK OF MAURITIUS LTD.,IN,visa,debit
436489,00-99,BRED BANK (CAMBODIA) PLC,KH,visa,debit
436490,00-99,BRED BANK (CAMBODIA) PLC,KH,visa,credit
436491,00-99,,US,visa,credit
436492,00-99,HSBC BANK MALAYSIA BERHAD,MY,visa,debit
436493,00-99,HSBC BANK MALAYSIA BERHAD,MY,visa,debit
436494,00-99,,SG,visa,credit
436495,00-99,FOREIGN TRADE BANK OF CAMBODIA,KH,visa,debit
436496,00-99,FOREIGN TRADE BANK OF CAMBODIA,KH,visa,debit
436497,00-99,NEPAL INVESTMENT BANK LTD.,NP,visa,debit
436498,00-99,NEPAL INVESTMENT BANK LTD.,NP,visa,debit
436499,00-99,HSBC,TH,visa,credit
436500,00-99,MALAYAN BANKING BERHAD,MY,visa,credit
436501,00-99,UNITED OVERSEAS BANK (MALAYSIA) BHD,MY,visa,credit
436502,00-99,BANK RAKYAT INDONESIA,ID,visa,credit
436503,00-99,,US,visa,credit
436504,00-99,,US,visa,credit
436505,00-99,CHINA CONSTRUCTION BANK (ASIA) CORPORATION LTD.,HK,visa,credit
436506,00-99,CITIBANK BERHAD,MY,visa,debit
436507,00-99,,US,visa,credit
436508,00-99,BANK SIMPANAN NASIONAL,MY,visa,credit
436509,00-99,BANK SIMPANAN NASIONAL,MY,visa,credit
436510,00-99,,US,visa,credit
436511,00-99,LOTTE CARD COMPANY LTD.,KR,visa,credit
436512,00-99,UNION BANK OF THE PHILIPPINES,PH,visa,debit
436513,00-99,,US,visa,credit
436514,00-99,BANGKOK BANK PUBLIC CO. LTD.,TH,visa,debit
436515,00-99,,US,visa,credit
436516,00-99,TMB BANK PUBLIC CO. LTD.,TH,visa,debit
436517,00-99,BANK DANAMON,ID,visa,debit
436518,00-99,AXIS BANK LTD.,IN,visa,debit
436519,00-99,,US,visa,credit
436520,00-99,SBI CARDS AND PAYMENT SERVICES LTD.,IN,visa,credit
436521,00-99,,US,visa,credit
436522,00-99,AL RAJHI BANKING & INVESTMENT CORP M BHD,MY,visa,debit
436523,00-99,HONG LEONG BANK BERHAD,MY,visa,credit
436524,00-99,THE HONGKONG AND SHANGHAI BANKING CORPORATION LTD.,PH,visa,credit
436525,00-99,BC CARD,KR,visa,debit
436526,00-99,UNITED COMMERCIAL BANK,BD,visa,credit
436527,00-99,BANK OF BARODA (NEW ZEALAND) LTD.,NZ,visa,debit
436528,00-99,BANK OF BARODA (NEW ZEALAND) LTD.,NZ,visa,credit
436529,00-99,,US,visa,credit
436530,00-99,BRED (VANUATU) LTD.,SB,visa,debit
436531,00-99,NORFINA LTD.,AU,visa,debit
436532,00-99,MCB BANK LTD.,PK,visa,debit
436533,00-99,HONG LEONG BANK BERHAD,MY,visa,debit
436534,00-99,ICICI BANK LTD.,IN,visa,debit
436535,00-99,HSBC BANK (TAIWAN) LTD.,TW,visa,debit
436536,00-99,AEON CREDIT CARD (TAIWAN) CO. LTD.,TW,visa,credit
436537,00-99,AXIS BANK LTD.,IN,visa,debit
436538,00-99,UNION BANK OF INDIA,IN,visa,debit
436539,00-99,HSBC BANK (TAIWAN) LTD.,TW,visa,credit
436540,00-99,HSBC BANK (TAIWAN) LTD.,TW,visa,credit
436541,00-99,HSBC BANK (TAIWAN) LTD.,TW,visa,credit
436542,00-99,BANK ISLAM,MY,visa,debit
436543,00-99,ICICI BANK LTD.,IN,visa,debit
436544,00-99,ASB BANK LTD.,NZ,visa,credit
436545,00-99,SOUTHEAST ASIA COMMERCIAL JOINT STOCK BANK,VN,visa,credit
436546,00-99,SOUTHEAST ASIA COMMERCIAL JOINT STOCK BANK,VN,visa,credit
436547,00-99,SOUTHEAST ASIA COMMERCIAL JSB,VN,visa,debit
436548,00-99,SOUTHEAST ASIA COMMERCIAL JSB,VN,visa,debit
436549,00-99,,US,visa,credit
436550,00-99,HANA CARD,KR,visa,credit
436551,00-99,CUSCAL LTD.,AU,visa,debit
436552,00-99,VIA CARD (THAILAND) CO. LTD.,TH,visa,debit
436553,00-99,VIA CARD (THAILAND) CO. LTD.,TH,visa,debit
436554,00-99,HONGKONG AND SHANGHAI BANKING CORPORATION LTD.,BN,visa,debit
436555,00-99,HONGKONG AND SHANGHAI BANKING CORPORATION LTD.,BN,visa,debit
436556,00-99,HONGKONG AND SHANGHAI BANKING CORPORATION LTD.,BN,visa,debit
436557,00-99,,IT,visa,credit
436558,00-99,DEUTSCHE BANK AG,IN,visa,debit
436559,00-99,HERITAGE BANK LTD.,AU,visa,debit
436560,00-99,AXIS BANK LTD.,IN,visa,credit
436561,00-99,PEOPLE'S BANK,LK,visa,debit
436562,00-99,INTL HDQTRS-CENTER OWNED,US,visa,credit
436563,00-99,INTL HDQTRS-CENTER OWNED,US,visa,credit
436564,00-99,UNITED OVERSEAS BANK LTD.,SG,visa,credit
436565,00-99,UNITED OVERSEAS BANK LTD.,SG,visa,credit
436566,00-99,UNITED OVERSEAS BANK LTD.,SG,visa,credit
436567,00-99,UNITED OVERSEAS BANK LTD.,SG,visa,credit
436568,00-99,UNITED OVERSEAS BANK LTD.,SG,visa,credit
436569,00-99,UNITED OVERSEAS BANK LTD.,SG,visa,credit
436570,00-99,,BG,visa,debit
436571,00-99,UNITED OVERSEAS BANK LTD.,SG,visa,credit
436572,00-99,BAY FEDERAL CREDIT UNION,US,visa,debit
436573,00-99,THE HONGKONG AND SHANGHAI BANKING CORPORATION LTD.,LK,visa,credit
436574,00-99,BANK OF AMERICA NATIONAL ASSOCIATION,US,visa,credit
436575,00-99,,US,visa,credit
436576,00-99,,US,visa,credit
436577,00-99,,US,visa,credit
436578,00-99,,US,visa,credit
436579,00-99,CITI BANK,VN,visa,debit
436580,00-99,PT. BANK ICBC INDONESIA,ID,visa,credit
436581,00-99,,US,visa,credit
436582,00-99,CENTRAL BANK OF INDIA,IN,visa,debit
436583,00-99,PT BANK NEGARA INDONESIA (PERSERO) TBK,ID,visa,credit
436584,00-99,CITIBANK,IN,visa,debit
436585,00-99,CITIBANK,IN,visa,debit
436586,00-99,BANK OF CHINA LTD.,SG,visa,credit
436587,00-99,AFGHANISTAN INTERNATIONAL BANK,AF,visa,debit
436588,00-99,,US,visa,credit
436589,00-99,WEX BANK,SG,visa,credit
436590,00-99,,US,visa,credit
436591,00-99,WEX BANK,SG,visa,credit
436592,00-99,,US,visa,credit
436593,00-99,,US,visa,credit
436594,00-99,,US,visa,credit
436595,00-99,STANDARD CHARTERED BANK,IN,visa,debit
436596,00-99,STANDARD CHARTERED BANK,IN,visa,debit
436597,00-99,BRAC BANK LTD.,BD,visa,debit
436598,00-99,,US,visa,credit
436599,00-99,ASIA COMMERCIAL BANK,VN,visa,credit
436600,00-99,MBANK S.A.,PL,visa,credit
436601,00-99,AXIS BANK LTD.,IN,visa,credit
436602,00-99,,BM,visa,credit
436603,00-99,,BM,visa,credit
436604,00-99,,NL,visa,credit
436605,00-99,THE HONGKONG AND SHANGHAI BANKING CORPORATION LTD.,HK,visa,credit
436606,00-99,BANCO DE MADRID S.A.,ES,visa,credit
436607,00-99,,DE,visa,credit
436608,00-99,,US,visa,credit
436609,00-99,,US,visa,credit
436610,00-99,JPMORGAN CHASE BANK N.A.,US,visa,credit
436611,00-99,JPMORGAN CHASE BANK N.A.,US,visa,credit
436612,00-99,JPMORGAN CHASE BANK N.A.,US,visa,credit
436613,00-99,JPMORGAN CHASE BANK N.A.,US,visa,credit
436614,00-99,JPMORGAN CHASE BANK N.A.,US,visa,credit
436615,00-99,JPMORGAN CHASE BANK N.A.,US,visa,credit
436616,00-99,JPMORGAN CHASE BANK N.A.,US,visa,credit
436617,00-99,JPMORGAN CHASE BANK N.A.,US,visa,credit
436618,00-99,U.S. BANK NATIONAL ASSOCIATION,US,visa,debit
436619,00-99,BANK OF AMERICA - CONSUMER CREDIT,US,visa,credit
436620,00-99,CHASE BANK USA N.A.,US,visa,credit
436621,00-99,CHASE BANK USA N.A.,US,visa,credit
436622,00-99,CHASE BANK USA N.A.,US,visa,credit
436623,00-99,EAGLEBANK,US,visa,debit
436624,00-99,PBA FEDERAL CREDIT UNION,US,visa,debit
436625,00-99,LINKBANK,US,visa,debit
436626,00-99,WMCU,US,visa,debit
436627,00-99,BYLINE BANK,US,visa,debit
436628,00-99,BYLINE BANK,US,visa,debit
436629,00-99,INTERBANK,US,visa,debit
436630,00-99,QUAD CITY BANK AND TRUST COMPANY,US,visa,credit
436631,00-99,FIFTH THIRD BANK,US,visa,credit
436632,00-99,WMCU,US,visa,debit
436633,00-99,MBANK S.A.,PL,visa,credit
436634,00-99,MBANK S.A.,PL,visa,credit
436635,00-99,MBANK S.A.,PL,visa,credit
436636,00-99,MBANK S.A.,PL,visa,credit
436637,00-99,BANKMUSCAT (SAOG),OM,visa,debit
436638,00-99,WESTERN BANK,US,visa,debit
436639,00-99,,US,visa,credit
436640,00-99,,US,visa,credit
436641,00-99,FIRST NATIONAL BANK OF OMAHA,US,visa,debit
436642,00-99,MARION COMMUNITY BANK,US,visa,debit
436643,00-99,STATE EMPLOYEES CREDIT UNION,US,visa,debit
436644,00-99,FIRST NATIONAL BANK OF OMAHA,US,visa,debit
436645,00-99,SOUTHERN BANK,US,visa,debit
436646,00-99,LLEWELLYN-EDISON SAVINGS BANK F.S.B.,US,visa,debit
436647,00-99,LANDMARK BANK N.A.,US,visa,debit
436648,00-99,,US,visa,debit
436649,00-99,CBC NATIONAL BANK,US,visa,debit
436650,00-99,,US,visa,credit
436651,00-99,SOUTH CENTRAL BANK INC.,US,visa,debit
436652,00-99,SOUTH CENTRAL BANK INC.,US,visa,debit
436653,00-99,FIRST FEDERAL BANK OF FLORIDA,US,visa,debit
436654,00-99,CARDINAL CREDIT UNION INC.,US,visa,debit
436655,00-99,THE PEOPLES BANK,US,visa,debit
436656,00-99,MEMBERS 1ST OF NJ FEDERAL CREDIT UNION,US,visa,debit
436657,00-99,GUARANTY BANK,US,visa,debit
436658,00-99,COMMUNITY BANK DELAWARE,US,visa,debit
436659,00-99,FIDELITY BANK OF TEXAS,US,visa,debit
436660,00-99,MBANK S.A.,PL,visa,debit
436661,00-99,MBANK S.A.,PL,visa,debit
436662,00-99,MBANK S.A.,PL,visa,debit
436663,00-99,MBANK S.A.,PL,visa,debit
436664,00-99,IBERIA CARDS,ES,visa,credit
436665,00-99,IBERIA CARDS,ES,visa,credit
436666,00-99,FBNBANK GHANA LTD.,GH,visa,debit
436667,00-99,JPMORGAN CHASE BANK N.A.,US,visa,credit
436668,00-99,FREEDOM FIRST FEDERAL CREDIT UNION,US,visa,debit
436669,00-99,SOCIEDAD CONJUNTA PARA LA EMISION Y GESTION DE MEDIOS DE PAGO E.F.C. S.A.,ES,visa,credit
436670,00-99,ROYAL BANK OF CANADA,CA,visa,credit
436671,00-99,ROYAL BANK OF CANADA,CA,visa,credit
436672,00-99,ROYAL BANK OF CANADA,CA,visa,credit
436673,00-99,QUAD CITY BANK AND TRUST COMPANY,US,visa,credit
436674,00-99,QUAD CITY BANK AND TRUST COMPANY,US,visa,credit
436675,00-99,U.S. BANK N.A.,US,visa,debit
436676,00-99,CITY BANK & TRUST CO.,US,visa,debit
436677,00-99,U.S. BANK N.A.,US,visa,debit
436678,00-99,PATHWARD N.A.,US,visa,debit
436679,00-99,WELLS FARGO BANK N.A.,US,visa,debit
436680,00-99,MUENSTER STATE BANK,US,visa,debit
436681,00-99,PEOPLES TRUST COMPANY,CA,visa,debit
436682,00-99,QUAD CITY BANK AND TRUST COMPANY,US,visa,credit
436683,00-99,SANDIA AREA FEDERAL CREDIT UNION,US,visa,credit
436684,00-99,WORTHINGTON BANK,US,visa,debit
436685,00-99,NEOBANK,PL,visa,credit
436686,00-99,METROPOLITAN COMMERCIAL BANK,US,visa,credit
436687,00-99,ICBA BANCARD INC.,US,visa,debit
436688,00-99,PUBLIC,MY,visa,credit
436689,00-99,WESTREET FEDERAL CREDIT UNION,US,visa,credit
436690,00-99,COLUMBIA BANK,US,visa,credit
436691,00-99,BANK OF THE WEST,US,visa,credit
436692,00-99,BANCO FICOHSA NICARAGUA S.A.,NI,visa,credit
436693,00-99,TRUWEST CREDIT UNION,US,visa,credit
436694,00-99,TRUWEST CREDIT UNION,US,visa,credit
436695,00-99,,US,visa,credit
436696,00-99,AXIS BANK LTD.,IN,visa,credit
436697,00-99,BANK OF AMERICA - CONSUMER CREDIT,US,visa,credit
436698,00-99,SKYLA FEDERAL CREDIT UNION,US,visa,debit
436699,00-99,SOCIEDAD CONJUNTA PARA LA EMISION Y GESTION DE MEDIOS DE PAGO E.F.C. S.A.,ES,visa,credit
436700,00-99,AFENA FEDERAL CREDIT UNION,US,visa,debit
436701,00-99,CHINA CONSTRUCTION BANK CORPORATION,CN,visa,debit
436702,00-99,CHINA CONSTRUCTION BANK CORPORATION,CN,visa,credit
436703,00-99,JAX FEDERAL CREDIT UNION,US,visa,debit
436704,00-99,,PK,visa,debit
436705,00-99,WEST TEXAS CREDIT UNION,US,visa,debit
436706,00-99,NECHES FEDERAL CREDIT UNION,US,visa,debit
436707,00-99,NECHES FEDERAL CREDIT UNION,US,visa,debit
436708,00-99,JSC FORTEBANK,KZ,visa,debit
436709,00-99,PENTUCKET BANK,US,visa,debit
436710,00-99,MERCY FEDERAL CREDIT UNION,US,visa,debit
436711,00-99,JAX FEDERAL CREDIT UNION,US,visa,debit
436712,00-99,SUNBELT FEDERAL CREDIT UNION,US,visa,debit
436713,00-99,PENN FEDERAL CREDIT UNION,US,visa,debit
436714,00-99,BANKPACIFIC LTD,GU,visa,debit
436715,00-99,HOLY ROSARY CREDIT UNION,US,visa,debit
436716,00-99,REPUBLIC BANK & TRUST COMPANY,US,visa,debit
436717,00-99,JAX FEDERAL CREDIT UNION,US,visa,debit
436718,00-99,CHINA CONSTRUCTION BANK CORPORATION,CN,visa,credit
436719,00-99,COPPER STATE CREDIT UNION,US,visa,credit
436720,00-99,CHINA CONSTRUCTION BANK CORPORATION,CN,visa,credit
436721,00-99,PROFED FEDERAL CREDIT UNION,US,visa,credit
436722,00-99,PROFED FEDERAL CREDIT UNION,US,visa,debit
436723,00-99,PROVIDENT BANK,US,visa,debit
436724,00-99,EAGLEBANK,US,visa,credit
436725,00-99,MIDWESTONE BANK,US,visa,debit
436726,00-99,ANSTAFF BANK,US,visa,debit
436727,00-99,JAX FEDERAL CREDIT UNION,US,visa,debit
436728,00-99,CHINA CONSTRUCTION BANK CORPORATION,CN,visa,credit
436729,00-99,CHINA CONSTRUCTION BANK CORPORATION,CN,visa,credit
436730,00-99,JAX FEDERAL CREDIT UNION,US,visa,debit
436731,00-99,UNIVERSITY NATIONAL BANK,US,visa,debit
436732,00-99,JAX FEDERAL CREDIT UNION,US,visa,debit
436733,00-99,EBIXCASH WORLD MONEY LTD.,IN,visa,debit
436734,00-99,CHINA CONSTRUCTION BANK CORPORATION,CN,visa,credit
436735,00-99,BANCORP BANK,US,visa,debit
436736,00-99,JAX FEDERAL CREDIT UNION,US,visa,debit
436737,00-99,WINGS FINANCIAL CREDIT UNION,US,visa,debit
436738,00-99,CHINA CONSTRUCTION BANK CORPORATION,CN,visa,credit
436739,00-99,BOC CREDIT CARD (INTERNATIONAL) LTD.,HK,visa,debit
436740,00-99,LAND OF LINCOLN CREDIT UNION,US,visa,debit
436741,00-99,CIMB BANK BERHAD,PH,visa,debit
436742,00-99,CHINA CONSTRUCTION BANK CORPORATION,CN,visa,debit
436743,00-99,CHINA CONSTRUCTION BANK CORPORATION,CN,visa,credit
436744,00-99,BANCORP BANK,US,visa,debit
436745,00-99,CHINA CONSTRUCTION BANK CORPORATION,CN,visa,credit
436746,00-99,CHINA CONSTRUCTION BANK CORPORATION,CN,visa,debit
436747,00-99,CHINA CONSTRUCTION BANK CORPORATION,CN,visa,credit
436748,00-99,CHINA CONSTRUCTION,CN,visa,credit
436749,00-99,CHINA CONSTRUCTION BANK CORPORATION,CN,visa,credit
436750,00-99,BANK OF DENVER,US,visa,debit
436751,00-99,,TW,visa,credit
436752,00-99,PUBLIC JOINT-STOCK COMPANY PROMSVYAZBANK,RU,visa,debit
436753,00-99,PUBLIC JOINT-STOCK COMPANY PROMSVYAZBANK,RU,visa,debit
436754,00-99,PUBLIC JOINT-STOCK COMPANY PROMSVYAZBANK,RU,visa,debit
436755,00-99,NATIONAL AUSTRALIA BANK LTD.,AU,visa,credit
436756,00-99,SIMMONS BANK,US,visa,debit
436757,00-99,AUSTRALIA & NEW ZEALAND BANKING GROUP (PNG) LTD.,PG,visa,credit
436758,00-99,AUSTRALIA & NEW ZEALAND BANKING GROUP (PNG) LTD.,PG,visa,credit
436759,00-99,TMB BANK PUBLIC CO. LTD.,TH,visa,debit
436760,00-99,,US,visa,debit
436761,00-99,CHINA CONSTRUCTION BANK CORPORATION,CN,visa,credit
436762,00-99,BANK FOR FOREIGN TRADE OF VIETNAM,VN,visa,credit
436763,00-99,CUSCAL LTD.,AU,visa,credit
436764,00-99,ROYAL BANK OF CANADA,CA,visa,credit
436765,00-99,THE CITIZENS NATIONAL BANK OF BLUFFTON,US,visa,debit
436766,00-99,,US,visa,credit
436767,00-99,SUNRATE PTE LTD.,SG,visa,debit
436768,00-99,CHINA GUANGFA BANK CO. LTD.,CN,visa,credit
436769,00-99,CHINA GUANGFA BANK CO. LTD.,CN,visa,debit
436770,00-99,CHINA GUANGFA BANK CO. LTD.,CN,visa,credit
436771,00-99,CHINA GUANGFA BANK CO. LTD.,CN,visa,credit
436772,00-99,LIANLIAN INTERNATIONAL COMPANY LTD.,HK,visa,credit
436773,00-99,NATIONAL,NZ,visa,credit
436774,00-99,ANZ BANK NEW ZEALAND LTD.,NZ,visa,credit
436775,00-99,CHINA CONSTRUCTION BANK CORPORATION,CN,visa,credit
436776,00-99,CREDIARE S.A. CREDITO FINANCIAMENTO E INVESTIMENTO,BR,visa,credit
436777,00-99,BANK OF MONTREAL,CA,visa,credit
436778,00-99,ALBERTA TREASURY BRANCHES,CA,visa,credit
436779,00-99,BANKFIRST,US,visa,debit
436780,00-99,BOKF NATIONAL ASSOCIATION,US,visa,debit
436781,00-99,ENVISION CREDIT UNION,US,visa,debit
436782,00-99,ENVISION CREDIT UNION,US,visa,credit
436783,00-99,BANK OF COMMERCE,US,visa,debit
436784,00-99,STERLING FEDERAL BANK F.S.B.,US,visa,debit
436785,00-99,THE HONESDALE NATIONAL BANK,US,visa,debit
436786,00-99,AGRICULTURAL BANK OF CHINA,CN,visa,debit
436787,00-99,AGRICULTURAL BANK OF CHINA,CN,visa,debit
436788,00-99,AGRICULTURAL BANK OF CHINA,CN,visa,debit
436789,00-99,AGRICULTURAL BANK OF CHINA,CN,visa,debit
436790,00-99,CHINA CONSTRUCTION BANK CORPORATION,CN,visa,credit
436791,00-99,CHINA CONSTRUCTION BANK CORPORATION,CN,visa,credit
436792,00-99,CHINA CONSTRUCTION BANK CORPORATION,CN,visa,credit
436793,00-99,CHINA CONSTRUCTION BANK CORPORATION,CN,visa,credit
436794,00-99,CHINA CONSTRUCTION BANK CORPORATION,CN,visa,credit
436795,00-99,CHINA CONSTRUCTION BANK CORPORATION,CN,visa,credit
436796,00-99,CITIBANK,JP,visa,credit
436797,00-99,AIRWALLEX (HONG KONG) LTD.,HK,visa,credit
436798,00-99,ARAB FINANCIAL SERVICES COMPANY,BH,visa,debit
436799,00-99,PT. BANK MNC INTERNASIONAL TBK.,ID,visa,credit
436800,00-99,BANK OF AMERICA - CONSUMER CREDIT,US,visa,credit
436801,00-99,BANK OF AMERICA NATIONAL ASSOCIATION,US,visa,credit
436802,00-99,BANK OF AMERICA NATIONAL ASSOCIATION,US,visa,debit
436803,00-99,BANK OF AMERICA NATIONAL ASSOCIATION,US,visa,debit
436804,00-99,ABSA GROUP LTD.,ZA,visa,credit
436805,00-99,JOINT DEVELOPMENT BANK LTD.,LA,visa,credit
436806,00-99,JOINT DEVELOPMENT BANK LTD.,LA,visa,credit
436807,00-99,STANDARD CHARTERED BANK (THAI) PUBLIC CO. LTD.,TH,visa,debit
436808,00-99,,US,visa,credit
436809,00-99,AEON SPECIALIZED BANK (CAMBODIA) PLC.,KH,visa,credit
436810,00-99,,US,visa,credit
436811,00-99,,US,visa,credit
436812,00-99,,US,visa,credit
436813,00-99,,US,visa,credit
436814,00-99,,US,visa,credit
436815,00-99,,US,visa,credit
436816,00-99,,US,visa,credit
436817,00-99,,US,visa,credit
436818,00-99,,US,visa,credit
436819,00-99,,US,visa,credit
436820,00-99,,US,visa,credit
436821,00-99,,US,visa,credit
436822,00-99,,US,visa,credit
436823,00-99,,US,visa,credit
436824,00-99,,US,visa,credit
436825,00-99,THE FEDERAL BANK LTD.,IN,visa,credit
436826,00-99,,US,visa,credit
436827,00-99,,US,visa,credit
436828,00-99,,US,visa,credit
436829,00-99,,US,visa,credit
436830,00-99,WELLS FARGO BANK N.A.,US,visa,credit
436831,00-99,,US,visa,credit
436832,00-99,,FR,visa,credit
436833,00-99,,US,visa,credit
436834,00-99,,US,visa,credit
436835,00-99,,SA,visa,credit
436836,00-99,,US,visa,credit
436837,00-99,,US,visa,credit
436838,00-99,,US,visa,credit
436839,00-99,,US,visa,credit
436840,00-99,,US,visa,credit
436841,00-99,,US,visa,credit
436842,00-99,,US,visa,credit
436843,00-99,,US,visa,credit
436844,00-99,,US,visa,credit
436845,00-99,,US,visa,credit
436846,00-99,,US,visa,credit
436847,00-99,,US,visa,credit
436848,00-99,,US,visa,credit
436849,00-99,,US,visa,credit
436850,00-99,,US,visa,credit
436851,00-99,,US,visa,credit
436852,00-99,,US,visa,credit
436853,00-99,,US,visa,credit
436854,00-99,,US,visa,credit
436855,00-99,,US,visa,credit
436856,00-99,,US,visa,credit
436857,00-99,,US,visa,credit
436858,00-99,,US,visa,credit
436859,00-99,,US,visa,credit
436860,00-99,ZEAL CREDIT UNION,US,visa,debit
436861,00-99,RIZAL COMMERCIAL BANKING CORPORATION,PH,visa,credit
436862,00-99,CLEARPATH FEDERAL CREDIT UNION,US,visa,debit
436863,00-99,LIBERTY BANK,US,visa,debit
436864,00-99,LIBERTY BANK,US,visa,debit
436865,00-99,JSC OTP BANK,RU,visa,credit
436866,00-99,MONEY ONE FEDERAL CREDIT UNION,US,visa,debit
436867,00-99,MONTERRA CREDIT UNION,US,visa,debit
436868,00-99,AB&T,US,visa,debit
436869,00-99,RTP FEDERAL CREDIT UNION,US,visa,credit
436870,00-99,WEST SUBURBAN BANK,US,visa,debit
436871,00-99,FIRST UNITED BANK AND TRUST COMPANY,US,visa,debit
436872,00-99,FIRST UNITED BANK AND TRUST COMPANY,US,visa,debit
436873,00-99,FIRST AMERICAN BANK,US,visa,debit
436874,00-99,SOUTHERN TEACHERS AND PARENTS FEDERAL CREDIT UNION,US,visa,debit
436875,00-99,BROOKLINE BANK,US,visa,debit
436876,00-99,BROOKLINE BANK,US,visa,debit
436877,00-99,EASTERN BANK PLC.,BD,visa,credit
436878,00-99,EASTERN BANK LTD.,BD,visa,credit
436879,00-99,FIRST FINANCIAL BANK,US,visa,debit
436880,00-99,GLACIER BANK,US,visa,debit
436881,00-99,JPMORGAN CHASE BANK N.A.,US,visa,debit
436882,00-99,JPMORGAN CHASE BANK N.A.,US,visa,debit
436883,00-99,JPMORGAN CHASE BANK N.A.,US,visa,debit
436884,00-99,JPMORGAN CHASE BANK N.A.,US,visa,debit
436885,00-99,JPMORGAN CHASE BANK N.A. - PREPAID DEBIT,US,visa,debit
436886,00-99,JPMORGAN CHASE BANK N.A.,US,visa,debit
436887,00-99,JPMORGAN CHASE BANK N.A. - PREPAID DEBIT,US,visa,debit
436888,00-99,JPMORGAN CHASE BANK N.A.,US,visa,debit
436889,00-99,,US,visa,credit
436890,00-99,REPUBLIC BANK & TRUST COMPANY,US,visa,debit
436891,00-99,LOCAL 804 FEDERAL CREDIT UNION,US,visa,debit
436892,00-99,UNITED TEXAS BANK,US,visa,debit
436893,00-99,SOUTH STATE BANK,US,visa,debit
436894,00-99,SECURITY FEDERAL BANK,US,visa,debit
436895,00-99,GLOBAL IME BANK LTD.,NP,visa,debit
436896,00-99,NEW HORIZON BANK N.A.,US,visa,debit
436897,00-99,MASTERCARD INTERNATIONAL,US,visa,credit
436898,00-99,DIAMOND CREDIT UNION,US,visa,debit
436899,00-99,NONE SUFFER LACK FEDERAL CREDIT UNION,US,visa,debit
436900,00-99,,US,visa,credit
436901,00-99,,US,visa,credit
436902,00-99,,US,visa,credit
436903,00-99,,US,visa,credit
436904,00-99,,US,visa,credit
436905,00-99,,HU,visa,debit
436906,00-99,,US,visa,credit
436907,00-99,,US,visa,credit
436908,00-99,,US,visa,credit
436909,00-99,,US,visa,credit
436910,00-99,,US,visa,credit
436911,00-99,,US,visa,credit
436912,00-99,,US,visa,credit
436913,00-99,,HK,visa,credit
436914,00-99,,US,visa,credit
436915,00-99,,US,visa,credit
436916,00-99,,US,visa,credit
436917,00-99,,US,visa,credit
436918,00-99,,BR,visa,credit
436919,00-99,,US,visa,credit
436920,00-99,,US,visa,credit
436921,00-99,,US,visa,credit
436922,00-99,,US,visa,credit
436923,00-99,,US,visa,credit
436924,00-99,,US,visa,credit
436925,00-99,,US,visa,credit
436926,00-99,,US,visa,credit
436927,00-99,,US,visa,credit
436928,00-99,,US,visa,credit
436929,00-99,,US,visa,credit
436930,00-99,,US,visa,credit
436931,00-99,,US,visa,credit
436932,00-99,,US,visa,credit
436933,00-99,,US,visa,credit
436934,00-99,,US,visa,credit
436935,00-99,,US,visa,credit
436936,00-99,,US,visa,credit
436937,00-99,,US,visa,credit
436938,00-99,,US,visa,credit
436939,00-99,,US,visa,credit
436940,00-99,,US,visa,credit
436941,00-99,,US,visa,credit
436942,00-99,,US,visa,credit
436943,00-99,,US,visa,credit
436944,00-99,,US,visa,credit
436945,00-99,,US,visa,credit
436946,00-99,,US,visa,credit
436947,00-99,,US,visa,credit
436948,00-99,,US,visa,credit
436949,00-99,,US,visa,credit
436950,00-99,,US,visa,credit
436951,00-99,,US,visa,credit
436952,00-99,,US,visa,credit
436953,00-99,,US,visa,credit
436954,00-99,,US,visa,credit
436955,00-99,,US,visa,credit
436956,00-99,,US,visa,credit
436957,00-99,,US,visa,credit
436958,00-99,,US,visa,credit
436959,00-99,,US,visa,credit
436960,00-99,,CL,visa,debit
436961,00-99,,US,visa,credit
436962,00-99,,US,visa,credit
436963,00-99,,US,visa,credit
436964,00-99,,US,visa,credit
436965,00-99,,US,visa,credit
436966,00-99,,US,visa,credit
436967,00-99,,US,visa,credit
436968,00-99,,US,visa,credit
436969,00-99,,US,visa,credit
436970,00-99,,US,visa,credit
436971,00-99,,US,visa,credit
436972,00-99,,CA,visa,credit
436973,00-99,,US,visa,credit
436974,00-99,,US,visa,credit
436975,00-99,,US,visa,credit
436976,00-99,,SA,visa,credit
436977,00-99,,US,visa,credit
436978,00-99,,US,visa,credit
436979,00-99,,US,visa,credit
436980,00-99,,US,visa,credit
436981,00-99,,US,visa,credit
436982,00-99,,US,visa,credit
436983,00-99,,US,visa,credit
436984,00-99,,US,visa,credit
436985,00-99,,US,visa,credit
436986,00-99,,US,visa,credit
436987,00-99,,US,visa,credit
436988,00-99,,US,visa,credit
436989,00-99,,US,visa,credit
436990,00-99,,US,visa,credit
436991,00-99,,US,visa,credit
436992,00-99,,US,visa,credit
436993,00-99,,US,visa,credit
436994,00-99,,US,visa,credit
436995,00-99,,US,visa,credit
436996,00-99,,US,visa,credit
436997,00-99,,US,visa,credit
436998,00-99,,GB,visa,credit
436999,00-99,,GB,visa,credit
437000,00-99,,AT,visa,debit
437001,00-99,,AT,visa,debit
437002,00-99,,AT,visa,debit
437003,00-99,,AT,visa,debit
437004,00-99,,US,visa,credit
437005,00-99,,AT,visa,debit
437006,00-99,,AT,visa,debit
437007,00-99,,AT,visa,debit
437008,00-99,,AT,visa,debit
437009,00-99,,AT,visa,debit
437010,00-99,,AT,visa,debit
437011,00-99,,FR,visa,credit
437012,00-99,,US,visa,credit
437013,00-99,,US,visa,credit
437014,00-99,,US,visa,credit
437015,00-99,,US,visa,credit
437016,00-99,,US,visa,credit
437017,00-99,,US,visa,credit
437018,00-99,,US,visa,credit
437019,00-99,,US,visa,credit
437020,00-99,,AT,visa,debit
437021,00-99,,AT,visa,debit
437022,00-99,,AT,visa,debit
437023,00-99,,US,visa,credit
437024,00-99,,US,visa,credit
437025,00-99,,US,visa,credit
437026,00-99,,US,visa,credit
437027,00-99,,US,visa,credit
437028,00-99,,US,visa,credit
437029,00-99,,US,visa,credit
437030,00-99,,US,visa,credit
437031,00-99,,NP,visa,debit
437032,00-99,,AT,visa,debit
437033,00-99,,AT,visa,debit
437034,00-99,,AT,visa,debit
437035,00-99,,AT,visa,debit
437036,00-99,,AT,visa,debit
437037,00-99,,AT,visa,debit
437038,00-99,,AT,visa,debit
437039,00-99,,AT,visa,debit
437040,00-99,,AT,visa,debit
437041,00-99,,AT,visa,debit
437042,00-99,,AT,visa,debit
437043,00-99,,AT,visa,debit
437044,00-99,,AT,visa,debit
437045,00-99,,AT,visa,debit
437046,00-99,,AT,visa,debit
437047,00-99,,AT,visa,debit
437048,00-99,,AT,visa,debit
437049,00-99,,AT,visa,debit
437050,00-99,,US,visa,credit
437051,00-99,,US,visa,credit
437052,00-99,,US,visa,credit
437053,00-99,,US,visa,credit
437054,00-99,,US,visa,credit
437055,00-99,,US,visa,credit
437056,00-99,,US,visa,credit
437057,00-99,,US,visa,credit
437058,00-99,,US,visa,credit
437059,00-99,,AT,visa,debit
437060,00-99,,AT,visa,debit
437061,00-99,,AT,visa,debit
437062,00-99,,AT,visa,debit
437063,00-99,,AT,visa,debit
437064,00-99,,AT,visa,debit
437065,00-99,,AT,visa,debit
437066,00-99,,US,visa,credit
437067,00-99,,US,visa,credit
437068,00-99,,US,visa,credit
437069,00-99,,US,visa,credit
437070,00-99,,US,visa,credit
437071,00-99,,US,visa,credit
437072,00-99,,US,visa,credit
437073,00-99,,US,visa,credit
437074,00-99,,US,visa,credit
437075,00-99,,US,visa,credit
437076,00-99,,US,visa,credit
437077,00-99,,US,visa,credit
437078,00-99,,US,visa,credit
437079,00-99,,US,visa,credit
437080,00-99,,US,visa,credit
437081,00-99,,US,visa,credit
437082,00-99,,US,visa,credit
437083,00-99,,US,visa,credit
437084,00-99,,US,visa,credit
437085,00-99,,AT,visa,debit
437086,00-99,,AT,visa,debit
437087,00-99,,AT,visa,debit
437088,00-99,,AT,visa,debit
437089,00-99,,AT,visa,debit
437090,00-99,,AT,visa,debit
437091,00-99,,US,visa,credit
437092,00-99,,US,visa,credit
437093,00-99,,US,visa,credit
437094,00-99,,IT,visa,credit
437095,00-99,,US,visa,credit
437096,00-99,,US,visa,credit
437097,00-99,,US,visa,credit
437098,00-99,,US,visa,credit
437099,00-99,,US,visa,credit
437100,00-99,RAIFFEISEN BANK INTERNATIONAL AG,AT,visa,debit
437101,00-99,,AT,visa,debit
437102,00-99,,AT,visa,debit
437103,00-99,,AT,visa,debit
437104,00-99,,AT,visa,debit
437105,00-99,,AT,visa,debit
437106,00-99,,AT,visa,debit
437107,00-99,,AT,visa,debit
437108,00-99,,AT,visa,debit
437109,00-99,,AT,visa,debit
437110,00-99,,US,visa,credit
437111,00-99,,US,visa,credit
437112,00-99,,US,visa,credit
437113,00-99,,US,visa,credit
437114,00-99,,US,visa,credit
437115,00-99,,US,visa,credit
437116,00-99,,US,visa,credit
437117,00-99,,US,visa,credit
437118,00-99,,US,visa,credit
437119,00-99,,RO,visa,debit
437120,00-99,,US,visa,credit
437121,00-99,,US,visa,credit
437122,00-99,,US,visa,credit
437123,00-99,,ZA,visa,debit
437124,00-99,,US,visa,credit
437125,00-99,,AT,visa,debit
437126,00-99,,AT,visa,debit
437127,00-99,,AT,visa,debit
437128,00-99,,AT,visa,debit
437129,00-99,,AT,visa,debit
437130,00-99,,US,visa,credit
437131,00-99,,IT,visa,credit
437132,00-99,,US,visa,credit
437133,00-99,,US,visa,credit
437134,00-99,,US,visa,credit
437135,00-99,,US,visa,credit
437136,00-99,,AT,visa,debit
437137,00-99,,AT,visa,debit
437138,00-99,,AT,visa,debit
437139,00-99,,AT,visa,debit
437140,00-99,,US,visa,credit
437141,00-99,,DE,visa,credit
437142,00-99,,US,visa,credit
437143,00-99,,US,visa,credit
437144,00-99,,US,visa,credit
437145,00-99,,US,visa,credit
437146,00-99,,US,visa,credit
437147,00-99,,US,visa,credit
437148,00-99,,IN,visa,debit
437149,00-99,,US,visa,credit
437150,00-99,,US,visa,credit
437151,00-99,,US,visa,credit
437152,00-99,,US,visa,credit
437153,00-99,,RU,visa,credit
437154,00-99,,US,visa,credit
437155,00-99,,BE,visa,credit
437156,00-99,,US,visa,credit
437157,00-99,,US,visa,credit
437158,00-99,,US,visa,credit
437159,00-99,,US,visa,credit
437160,00-99,,AT,visa,debit
437161,00-99,,AT,visa,debit
437162,00-99,,AT,visa,debit
437163,00-99,,US,visa,credit
437164,00-99,,AT,visa,debit
437165,00-99,,AT,visa,debit
437166,00-99,,US,visa,credit
437167,00-99,,US,visa,credit
437168,00-99,,US,visa,credit
437169,00-99,,US,visa,credit
437170,00-99,,US,visa,credit
437171,00-99,,US,visa,credit
437172,00-99,,US,visa,credit
437173,00-99,,US,visa,credit
437174,00-99,,US,visa,credit
437175,00-99,,US,visa,credit
437176,00-99,,US,visa,credit
437177,00-99,,US,visa,credit
437178,00-99,,US,visa,credit
437179,00-99,,US,visa,credit
437180,00-99,,US,visa,credit
437181,00-99,,US,visa,credit
437182,00-99,,US,visa,credit
437183,00-99,,US,visa,debit
437184,00-99,,US,visa,credit
437185,00-99,,US,visa,credit
437186,00-99,,US,visa,credit
437187,00-99,,US,visa,credit
437188,00-99,,US,visa,credit
437189,00-99,,US,visa,credit
437190,00-99,,US,visa,credit
437191,00-99,,US,visa,credit
437192,00-99,,US,visa,credit
437193,00-99,,US,visa,credit
437194,00-99,,TR,visa,debit
437195,00-99,,US,visa,credit
437196,00-99,,US,visa,credit
437197,00-99,,US,visa,credit
437198,00-99,,US,visa,credit
437199,00-99,,US,visa,credit
437200,00-99,,US,visa,credit
437201,00-99,,FR,visa,credit
437202,00-99,,MA,visa,debit
437203,00-99,,FR,visa,credit
437204,00-99,,US,visa,credit
437205,00-99,,AT,visa,debit
437206,00-99,,AT,visa,debit
437207,00-99,,AT,visa,debit
437208,00-99,,AT,visa,debit
437209,00-99,,AT,visa,debit
437210,00-99,,US,visa,credit
437211,00-99,,US,visa,credit
437212,00-99,,US,visa,credit
437213,00-99,,US,visa,credit
437214,00-99,,US,visa,credit
437215,00-99,,US,visa,credit
437216,00-99,,US,visa,credit
437217,00-99,,US,visa,credit
437218,00-99,,US,visa,credit
437219,00-99,,US,visa,credit
437220,00-99,,AT,visa,debit
437221,00-99,,AT,visa,debit
437222,00-99,,AT,visa,debit
437223,00-99,,AT,visa,debit
437224,00-99,,AT,visa,debit
437225,00-99,,US,visa,credit
437226,00-99,,US,visa,credit
437227,00-99,,US,visa,credit
437228,00-99,,US,visa,credit
437229,00-99,,US,visa,credit
437230,00-99,,US,visa,credit
437231,00-99,,AT,visa,debit
437232,00-99,,AT,visa,debit
437233,00-99,,AT,visa,debit
437234,00-99,,AT,visa,debit
437235,00-99,,US,visa,credit
437236,00-99,,US,visa,credit
437237,00-99,,AT,visa,debit
437238,00-99,,AT,visa,debit
437239,00-99,,AT,visa,debit
437240,00-99,,US,visa,credit
437241,00-99,,US,visa,credit
437242,00-99,,US,visa,credit
437243,00-99,,US,visa,credit
437244,00-99,,US,visa,credit
437245,00-99,,US,visa,credit
437246,00-99,,US,visa,credit
437247,00-99,,US,visa,credit
437248,00-99,,US,visa,credit
437249,00-99,,US,visa,credit
437250,00-99,,US,visa,credit
437251,00-99,,US,visa,credit
437252,00-99,,AT,visa,debit
437253,00-99,,AT,visa,debit
437254,00-99,,AT,visa,debit
437255,00-99,,AT,visa,debit
437256,00-99,,AT,visa,debit
437257,00-99,,AT,visa,debit
437258,00-99,,AT,visa,debit
437259,00-99,,AT,visa,debit
437260,00-99,,US,visa,credit
437261,00-99,,US,visa,credit
437262,00-99,,US,visa,credit
437263,00-99,,AT,visa,debit
437264,00-99,,AT,visa,debit
437265,00-99,,AT,visa,debit
437266,00-99,,AT,visa,debit
437267,00-99,,AT,visa,debit
437268,00-99,,AT,visa,debit
437269,00-99,,AT,visa,debit
437270,00-99,,AT,visa,debit
437271,00-99,,AT,visa,debit
437272,00-99,,AT,visa,debit
437273,00-99,,AT,visa,debit
437274,00-99,,AT,visa,debit
437275,00-99,,AT,visa,debit
437276,00-99,,AT,visa,debit
437277,00-99,,AT,visa,debit
437278,00-99,,AT,visa,debit
437279,00-99,,AT,visa,debit
437280,00-99,,AT,visa,debit
437281,00-99,,AT,visa,debit
437282,00-99,,AT,visa,debit
437283,00-99,,AT,visa,debit
437284,00-99,,AT,visa,debit
437285,00-99,,AT,visa,debit
437286,00-99,,AT,visa,debit
437287,00-99,,AT,visa,debit
437288,00-99,,AT,visa,debit
437289,00-99,,AT,visa,debit
437290,00-99,,AT,visa,debit
437291,00-99,,AT,visa,debit
437292,00-99,,AT,visa,debit
437293,00-99,,AT,visa,debit
437294,00-99,,AT,visa,debit
437295,00-99,PSA PAYMENT SERVICES AUSTRIA GMBH,AT,visa,debit
437296,00-99,,AT,visa,debit
437297,00-99,,AT,visa,debit
437298,00-99,,AT,visa,debit
437299,00-99,,AT,visa,credit
437300,00-99,NORTHPOINTE BANK,US,visa,debit
437301,00-99,NORTHPOINTE BANK,US,visa,debit
437302,00-99,GREEN DOT BANK,US,visa,debit
437303,00-99,GREEN DOT,US,visa,debit
437304,00-99,GREEN DOT BANK,US,visa,debit
437305,00-99,GREEN DOT BANK,PR,visa,debit
437306,00-99,GREEN DOT,US,visa,debit
437307,00-99,GREEN DOT BANK DBA BONNEVILLE BANK,US,visa,debit
437308,00-99,GREEN DOT BANK,US,visa,debit
437309,00-99,GREEN DOT,US,visa,debit
437310,00-99,,US,visa,debit
437311,00-99,SOUTHERN BANK,US,visa,debit
437312,00-99,BANDHAN BANK LTD.,IN,visa,debit
437313,00-99,BANDHAN BANK LTD.,IN,visa,debit
437314,00-99,COOPERATIVE EMPLOYEE'S CREDIT UNION,US,visa,debit
437315,00-99,UNION BANK OF THE PHILIPPINES,PH,visa,debit
437316,00-99,,US,visa,credit
437317,00-99,,US,visa,debit
437318,00-99,INTUIT,US,visa,debit
437319,00-99,THE BANCORP BANK NATIONAL ASSOCIATION,US,visa,debit
437320,00-99,INTUIT,US,visa,debit
437321,00-99,UMB BANK N.A.,US,visa,debit
437322,00-99,REVOLUT TECHNOLOGIES SINGAPORE PTE LTD.,SG,visa,debit
437323,00-99,ASSEMBLIES OF GOD CREDIT UNION,US,visa,debit
437324,00-99,OLD NATIONAL BANK,US,visa,debit
437325,00-99,OLD NATIONAL BANK,US,visa,debit
437326,00-99,GROW FINANCIAL FEDERAL CREDIT UNION,US,visa,debit
437327,00-99,FIRST NATIONAL BANK OF OMAHA,US,visa,credit
437328,00-99,FIRST NATIONAL BANK OF OMAHA,US,visa,credit
437329,00-99,FIRST NATIONAL BANK OF OMAHA,US,visa,credit
437330,00-99,CARSON COMMUNITY BANK,US,visa,debit
437331,00-99,CARSON COMMUNITY BANK,US,visa,debit
437332,00-99,SUMMIT COMMUNITY BANK,US,visa,debit
437333,00-99,FIRSTIER BANK,US,visa,debit
437334,00-99,KHALEEJI BANK B.S.C,BH,visa,credit
437335,00-99,AL-SALAM BANK - BAHRAIN B.S.C.,BH,visa,debit
437336,00-99,AL-SALAM BANK - BAHRAIN B.S.C.,BH,visa,credit
437337,00-99,,US,visa,debit
437338,00-99,SCOTT CREDIT UNION,US,visa,credit
437339,00-99,CALL FEDERAL CREDIT UNION,US,visa,debit
437340,00-99,STAR ONE CREDIT UNION,US,visa,credit
437341,00-99,STAR ONE CREDIT UNION,US,visa,debit
437342,00-99,,US,visa,debit
437343,00-99,CHASE BANK USA N.A.,US,visa,debit
437344,00-99,,US,visa,credit
437345,00-99,,US,visa,credit
437346,00-99,PEOPLES TRUST COMPANY,CA,visa,debit
437347,00-99,UNITED BANK FOR AFRICA TCHAD,TD,visa,debit
437348,00-99,JSC RUSSIAN STANDARD BANK,RU,visa,credit
437349,00-99,BANK SAINT PETERSBURG PLC,RU,visa,debit
437350,00-99,CJSC ALFA-BANK,BY,visa,credit
437351,00-99,PUBLIC JOINT-STOCK COMPANY BANK OTKRITIE FINANCIAL CORPORATION,RU,visa,debit
437352,00-99,,US,visa,credit
437353,00-99,UNITED BANK FOR AFRICA GABON,GA,visa,debit
437354,00-99,CANADIA BANK PUBLIC LIMITED COMPANY,KH,visa,debit
437355,00-99,,US,visa,credit
437356,00-99,ZAGREBACKA BANKA D.D.,HR,visa,debit
437357,00-99,ZAGREBACKA BANKA D.D.,HR,visa,debit
437358,00-99,GUARANTY TRUST BANK GHANA LTD.,GH,visa,debit
437359,00-99,,RU,visa,credit
437360,00-99,POLARIS BANK LTD.,NG,visa,credit
437361,00-99,EVROFINANCE MOSNARBANK,RU,visa,debit
437362,00-99,EVROFINANCE MOSNARBANK,RU,visa,debit
437363,00-99,EVROFINANCE MOSNARBANK,RU,visa,credit
437364,00-99,UNION BANK OF INDIA,IN,visa,debit
437365,00-99,UNION BANK OF INDIA,IN,visa,debit
437366,00-99,UNION BANK OF INDIA,IN,visa,debit
437367,00-99,MASHREQBANK,EG,visa,credit
437368,00-99,SHINHAN CARD CO. LTD.,KR,visa,debit
437369,00-99,LAXMI SUNRISE BANK LTD.,NP,visa,debit
437370,00-99,LAXMI SUNRISE BANK LTD.,NP,visa,debit
437371,00-99,SUNRISE BANK LTD.,NP,visa,debit
437372,00-99,,US,visa,credit
437373,00-99,CITIBANK N.A.,VN,visa,debit
437374,00-99,UNITED OVERSEAS BANK (VIETNAM) LTD.,VN,visa,credit
437375,00-99,CITIBANK N.A.,VN,visa,debit
437376,00-99,,US,visa,credit
437377,00-99,,US,visa,credit
437378,00-99,UNION BANK OF INDIA,IN,visa,credit
437379,00-99,BANQUE NATIONALE D'INVESTISSEMENT,CI,visa,credit
437380,00-99,,US,visa,credit
437381,00-99,HSBC BANK AUSTRALIA LTD.,AU,visa,debit
437382,00-99,CITIBANK,IN,visa,debit
437383,00-99,CITIBANK,IN,visa,debit
437384,00-99,CITIBANK,IN,visa,debit
437385,00-99,CITIBANK,IN,visa,debit
437386,00-99,CITIBANK,IN,visa,debit
437387,00-99,CITIBANK,IN,visa,debit
437388,00-99,BANK OF INDIA,IN,visa,debit
437389,00-99,,US,visa,credit
437390,00-99,,US,visa,credit
437391,00-99,OJSC PARITETBANK,BY,visa,debit
437392,00-99,SUNNY BANK,TW,visa,debit
437393,00-99,ABSA BANK KENYA PLC,KE,visa,credit
437394,00-99,BANK AL ATIHAD,JO,visa,credit
437395,00-99,BANK AL ATIHAD,JO,visa,credit
437396,00-99,BELARUSIAN-RUSSIAN BELGAZPROMBANK JS,BY,visa,debit
437397,00-99,NATIONAL BANK OF BAHRAIN B. S. C.,BH,visa,debit
437398,00-99,CITIBANK (HONG KONG) LTD.,HK,visa,credit
437399,00-99,,US,visa,credit
437400,00-99,KOTAK MAHINDRA BANK LTD.,IN,visa,debit
437401,00-99,KOTAK MAHINDRA BANK LTD.,IN,visa,debit
437402,00-99,KOTAK MAHINDRA BANK LTD.,IN,visa,debit
437403,00-99,KOTAK MAHINDRA BANK LTD.,IN,visa,debit
437404,00-99,O.U. FEDERAL CREDIT UNION,US,visa,debit
437405,00-99,BOK FINANCIAL,US,visa,debit
437406,00-99,THE HONESDALE NATIONAL BANK,US,visa,debit
437407,00-99,THE MONTICELLO BANKING COMPANY,US,visa,debit
437408,00-99,SIGNATURE FEDERAL CREDIT UNION,US,visa,debit
437409,00-99,KOTAK MAHINDRA BANK LTD.,IN,visa,debit
437410,00-99,KOTAK MAHINDRA BANK LTD.,IN,visa,debit
437411,00-99,KOTAK MAHINDRA BANK LTD.,IN,visa,debit
437412,00-99,KOTAK MAHINDRA BANK LTD.,IN,visa,debit
437413,00-99,KOTAK MAHINDRA BANK LTD.,IN,visa,debit
437414,00-99,,US,visa,credit
437415,00-99,SBM BANK (INDIA) LTD.,IN,visa,debit
437416,00-99,KOTAK MAHINDRA BANK LTD.,IN,visa,debit
437417,00-99,,US,visa,credit
437418,00-99,,US,visa,credit
437419,00-99,,US,visa,credit
437420,00-99,SOUTHEAST ASIA COMMERCIAL JOINT STOCK BANK,VN,visa,debit
437421,00-99,SOUTHEAST ASIA COMMERCIAL JOINT STOCK BANK,VN,visa,debit
437422,00-99,SOUTHEAST ASIA COMMERCIAL JOINT STOCK BANK,VN,visa,credit
437423,00-99,VIET CAPITAL COMMERCIAL JOINT STOCK BANK,VN,visa,credit
437424,00-99,VTB BANK PJSC,RU,visa,debit
437425,00-99,HSBC BANK OMAN (S.A.O.G),OM,visa,debit
437426,00-99,HSBC BANK OMAN (S.A.O.G),OM,visa,debit
437427,00-99,HSBC BANK OMAN (S.A.O.G),OM,visa,debit
437428,00-99,PEOPLES TRUST COMPANY,CA,visa,debit
437429,00-99,PEOPLES TRUST COMPANY,CA,visa,debit
437430,00-99,U.S. REGION,US,visa,debit
437431,00-99,,CA,visa,credit
437432,00-99,LOTTE CARD COMPANY LTD.,KR,visa,credit
437433,00-99,PUBLIC JOINT-STOCK COMPANY BANK OTKRITIE FINANCIAL CORPORATION,RU,visa,debit
437434,00-99,PUBLIC JOINT-STOCK COMPANY BANK OTKRITIE FINANCIAL CORPORATION,RU,visa,debit
437435,00-99,INTERNATIONAL RESERVE BANK JSC,UA,visa,credit
437436,00-99,SHINHAN CARD CO. LTD.,KR,visa,credit
437437,00-99,SHINHAN CARD CO. LTD.,KR,visa,credit
437438,00-99,SHINHAN CARD CO. LTD.,KR,visa,debit
437439,00-99,EKATERINBURG MUNICIPAL BANK,RU,visa,debit
437440,00-99,HABIB BANK LTD.,PK,visa,debit
437441,00-99,UNITED BANK FOR AFRICA - GUINEE S.A.,GN,visa,debit
437442,00-99,,US,visa,credit
437443,00-99,,US,visa,credit
437444,00-99,COALMETBANK JSC,RU,visa,debit
437445,00-99,COALMETBANK JSC,RU,visa,debit
437446,00-99,UNITED BANK FOR AFRICA (TANZANIA) LTD.,TZ,visa,debit
437447,00-99,UNITED BANK FOR AFRICA (TANZANIA) LTD.,TZ,visa,debit
437448,00-99,ABSA BANK LTD.,ZA,visa,debit
437449,00-99,OPEN JOINT-STOCK COMPANY BPS-SBERBANK,BY,visa,debit
437450,00-99,PT. BANK DBS INDONESIA,ID,visa,credit
437451,00-99,PT. BANK DBS INDONESIA,ID,visa,credit
437452,00-99,HABIB METROPOLITAN BANK LTD.,PK,visa,debit
437453,00-99,HABIB METROPOLITAN BANK LTD.,PK,visa,debit
437454,00-99,,US,visa,credit
437455,00-99,HABIB METROPOLITAN BANK LTD.,PK,visa,debit
437456,00-99,PT. BANK DBS INDONESIA,ID,visa,credit
437457,00-99,AIRWALLEX PTY LTD.,AU,visa,debit
437458,00-99,PRIORBANK JSCB,BY,visa,credit
437459,00-99,JS BANK LTD.,PK,visa,debit
437460,00-99,JS BANK LTD.,PK,visa,debit
437461,00-99,TIMER BANK PJSC,RU,visa,debit
437462,00-99,TIMER BANK PJSC,RU,visa,debit
437463,00-99,INTERNATIONAL COMMERCIAL BANK,RU,visa,credit
437464,00-99,EMIRATES NBD,AE,visa,debit
437465,00-99,,US,visa,credit
437466,00-99,CREDIT UNION PAYMENT CENTER (LLC),RU,visa,debit
437467,00-99,,US,visa,credit
437468,00-99,,US,visa,credit
437469,00-99,UNIBANK CJSC,AM,visa,credit
437470,00-99,UNIBANK CJSC,AM,visa,credit
437471,00-99,UNIBANK CJSC,AM,visa,credit
437472,00-99,UNIBANK CJSC,AM,visa,debit
437473,00-99,UNIBANK,AM,visa,debit
437474,00-99,UNIBANK,AM,visa,debit
437475,00-99,,US,visa,credit
437476,00-99,BANK OF COMMERCE & DEVELOPMENT JSC,LY,visa,debit
437477,00-99,BGFIBANK SA,GA,visa,debit
437478,00-99,BGFIBANK SA,GA,visa,debit
437479,00-99,BGFIBANK SA,GA,visa,debit
437480,00-99,BGFIBANK SA,GA,visa,debit
437481,00-99,BGFIBANK S.A.,GA,visa,debit
437482,00-99,,RU,visa,debit
437483,00-99,,RU,visa,debit
437484,00-99,,RU,visa,debit
437485,00-99,,US,visa,credit
437486,00-99,OJSC BTB BANK,AZ,visa,debit
437487,00-99,OJSC BTB BANK,AZ,visa,debit
437488,00-99,NEO BANK ASIA CJSC,BY,visa,debit
437489,00-99,NEO BANK ASIA CJSC,BY,visa,debit
437490,00-99,NEO BANK ASIA CJSC,BY,visa,debit
437491,00-99,,US,visa,credit
437492,00-99,,US,visa,credit
437493,00-99,ZEMEN BANK S.C.,ET,visa,debit
437494,00-99,CREDIT LIBANAIS S.A.L.,LB,visa,credit
437495,00-99,CREDIT LIBANAIS S.A.L.,LB,visa,credit
437496,00-99,INDUSTRIAL BANK,IQ,visa,credit
437497,00-99,,US,visa,credit
437498,00-99,,US,visa,credit
437499,00-99,,US,visa,credit
437500,00-99,FOREIGN TRADE BANK OF CAMBODIA,KH,visa,debit
437501,00-99,THE SOUTH INDIAN BANK LTD.,IN,visa,debit
437502,00-99,SOUTH INDIAN BANK LTD.,IN,visa,debit
437503,00-99,THE SOUTH INDIAN BANK LTD.,IN,visa,debit
437504,00-99,SOUTH INDIAN BANK LTD.,IN,visa,debit
437505,00-99,,UA,visa,debit
437506,00-99,,US,visa,credit
437507,00-99,EAST WEST BANKING CORPORATION,PH,visa,debit
437508,00-99,,KH,visa,debit
437509,00-99,SAMPATH BANK PLC,LK,visa,credit
437510,00-99,SOCIAL ISLAMI BANK LTD.,BD,visa,credit
437511,00-99,ARARATBANK OJSC,AM,visa,debit
437512,00-99,ARARATBANK OJSC,AM,visa,debit
437513,00-99,ARARATBANK OJSC,AM,visa,debit
437514,00-99,ARARATBANK OJSC,AM,visa,debit
437515,00-99,BANK OF BARODA,IN,visa,debit
437516,00-99,,US,visa,credit
437517,00-99,,US,visa,credit
437518,00-99,INTERNATIONAL RESERVE BANK JSC,UA,visa,debit
437519,00-99,SOCIETE GENERALE MAURITANIE S.A.,MR,visa,debit
437520,00-99,VTB BANK (ARMENIA) CJSC,AM,visa,credit
437521,00-99,VTB BANK (ARMENIA) CJSC,AM,visa,credit
437522,00-99,VTB BANK (ARMENIA) CJSC,AM,visa,credit
437523,00-99,TSB BANK LTD.,NZ,visa,debit
437524,00-99,JSCB OF SUPPORT TO COMMERCE AND BUSINESS SKB BANK,RU,visa,debit
437525,00-99,MEEZAN BANK LTD.,PK,visa,debit
437526,00-99,,US,visa,credit
437527,00-99,PT. BANK TABUNGAN NEGARA (PERSERO),ID,visa,credit
437528,00-99,PT. BANK TABUNGAN NEGARA (PERSERO),ID,visa,credit
437529,00-99,PT BANK MANDIRI (PERSERO) TBK,ID,visa,credit
437530,00-99,CREDIT LIBANAIS S.A.L.,BH,visa,debit
437531,00-99,BANK FOR ELECTRIC POWER INDUSTRY PUBLIC LIMITED COMPANY,RU,visa,debit
437532,00-99,BANK OF INDIA,IN,visa,debit
437533,00-99,,US,visa,credit
437534,00-99,,US,visa,credit
437535,00-99,CREDIMAX B.S.C. (CLOSED),BH,visa,debit
437536,00-99,LLC NATIONAL STANDARD CB,RU,visa,debit
437537,00-99,LLC NATIONAL STANDARD CB,RU,visa,debit
437538,00-99,LLC NATIONAL STANDARD CB,RU,visa,debit
437539,00-99,HYUNDAI CARD COMPANY LTD.,KR,visa,credit
437540,00-99,NATIONAL BANK TRUST OJSC,RU,visa,debit
437541,00-99,NATIONAL BANK TRUST OJSC,RU,visa,debit
437542,00-99,,RU,visa,credit
437543,00-99,PJSC CB EUROBANK,UA,visa,debit
437544,00-99,NYMCARD PAYMENT SERVICES L.L.C.,AE,visa,debit
437545,00-99,QATAR NATIONAL BANK S.A.E,EG,visa,debit
437546,00-99,HDFC BANK LTD.,IN,visa,credit
437547,00-99,AXIS BANK LTD.,IN,visa,debit
437548,00-99,MAJID AL FUTTAIM FINANCE,AE,visa,debit
437549,00-99,THE SOUTH INDIAN BANK LTD.,IN,visa,debit
437550,00-99,EAST WEST BANKING CORPORATION,PH,visa,credit
437551,00-99,ICICI,IN,visa,credit
437552,00-99,COMMUNITY BANK OF MARSHALL,US,visa,debit
437553,00-99,,US,visa,debit
437554,00-99,VICTORIABANK,MD,visa,credit
437555,00-99,NATIONAL DEVELOPMENT BANK PLC,LK,visa,credit
437556,00-99,MIDBANK S.A.E,EG,visa,credit
437557,00-99,BLANC BANK LIMITED LIABILITY COMPANY,RU,visa,credit
437558,00-99,BLANC BANK LIMITED LIABILITY COMPANY,RU,visa,credit
437559,00-99,BLANC BANK LIMITED LIABILITY COMPANY,RU,visa,credit
437560,00-99,INVESTMENT BANK VESTA (LLC),RU,visa,credit
437561,00-99,INVESTMENT BANK VESTA (LLC),RU,visa,debit
437562,00-99,BANK NEYVA LLC,RU,visa,credit
437563,00-99,BANK NEYVA LLC,RU,visa,credit
437564,00-99,BANK NEYVA LLC,RU,visa,credit
437565,00-99,BANK NEYVA LLC,RU,visa,credit
437566,00-99,BANK NEYVA LLC,RU,visa,debit
437567,00-99,BANK NEYVA LLC,RU,visa,credit
437568,00-99,JSCB FORA BANK,RU,visa,credit
437569,00-99,BANKMUSCAT LTD. (S.A.O.G.),OM,visa,debit
437570,00-99,THE SOUTH INDIAN BANK LTD.,IN,visa,debit
437571,00-99,,RU,visa,credit
437572,00-99,JSC BANK CONSTANTA,GE,visa,debit
437573,00-99,JSC BANK CONSTANTA,GE,visa,debit
437574,00-99,JSC BANK CONSTANTA,GE,visa,debit
437575,00-99,,US,visa,credit
437576,00-99,BANCO DA AFRICA OCIDENTAL,GW,visa,debit
437577,00-99,BANCO DA AFRICA OCIDENTAL,GW,visa,debit
437578,00-99,BANCO DE NEGOCIOS INTERNACIONAL S.A. (BNI),AO,visa,debit
437579,00-99,INDUSIND BANK LTD.,IN,visa,debit
437580,00-99,ACCESS MICROFINANCE BANK TANZANIA LTD.,TZ,visa,debit
437581,00-99,,PK,visa,debit
437582,00-99,,IN,visa,debit
437583,00-99,,US,visa,credit
437584,00-99,BANK AL HABIB LTD.,PK,visa,debit
437585,00-99,BANK AL HABIB LTD.,PK,visa,debit
437586,00-99,CUSCAL LTD.,AU,visa,credit
437587,00-99,CUSCAL LTD.,AU,visa,credit
437588,00-99,CUSCAL LTD.,AU,visa,debit
437589,00-99,CUSCAL LTD.,AU,visa,debit
437590,00-99,CUSCAL LTD.,AU,visa,credit
437591,00-99,CUSCAL LTD.,AU,visa,credit
437592,00-99,BOC CREDIT CARD (INTERNATIONAL) LTD.,MO,visa,debit
437593,00-99,CUSCAL LTD.,AU,visa,credit
437594,00-99,UNITED COMMERCIAL BANK,BD,visa,credit
437595,00-99,SOCIAL ISLAMI BANK LTD.,BD,visa,credit
437596,00-99,SOCIAL ISLAMI BANK LTD.,BD,visa,credit
437597,00-99,SOCIAL ISLAMI BANK LTD.,BD,visa,credit
437598,00-99,,RU,visa,debit
437599,00-99,CIMB,MY,visa,credit
437600,00-99,,US,visa,credit
437601,00-99,,US,visa,credit
437602,00-99,,US,visa,credit
437603,00-99,,US,visa,credit
437604,00-99,,US,visa,credit
437605,00-99,,DE,visa,credit
437606,00-99,,US,visa,credit
437607,00-99,,IM,visa,credit
437608,00-99,,AU,visa,credit
437609,00-99,,US,visa,credit
437610,00-99,,US,visa,credit
437611,00-99,,US,visa,credit
437612,00-99,,US,visa,credit
437613,00-99,,US,visa,credit
437614,00-99,,US,visa,credit
437615,00-99,,US,visa,credit
437616,00-99,,US,visa,credit
437617,00-99,,DE,visa,credit
437618,00-99,,US,visa,credit
437619,00-99,,US,visa,credit
437620,00-99,,US,visa,credit
437621,00-99,,US,visa,credit
437622,00-99,,US,visa,credit
437623,00-99,,MX,visa,debit
437624,00-99,,FR,visa,credit
437625,00-99,,US,visa,credit
437626,00-99,,FR,visa,credit
437627,00-99,,US,visa,credit
437628,00-99,,US,visa,credit
437629,00-99,,US,visa,credit
437630,00-99,,US,visa,credit
437631,00-99,,US,visa,credit
437632,00-99,,US,visa,credit
437633,00-99,,US,visa,credit
437634,00-99,,US,visa,credit
437635,00-99,,US,visa,credit
437636,00-99,,US,visa,credit
437637,00-99,,TW,visa,credit
437638,00-99,,RU,visa,credit
437639,00-99,,CN,visa,credit
437640,00-99,,US,visa,credit
437641,00-99,,US,visa,credit
437642,00-99,,US,visa,credit
437643,00-99,,US,visa,credit
437644,00-99,,US,visa,credit
437645,00-99,,US,visa,credit
437646,00-99,,US,visa,credit
437647,00-99,,US,visa,credit
437648,00-99,,US,visa,credit
437649,00-99,,US,visa,credit
437650,00-99,,US,visa,credit
437651,00-99,,US,visa,credit
437652,00-99,,US,visa,credit
437653,00-99,,FR,visa,credit
437654,00-99,,US,visa,credit
437655,00-99,,US,visa,credit
437656,00-99,,US,visa,credit
437657,00-99,,US,visa,credit
437658,00-99,,US,visa,credit
437659,00-99,,US,visa,credit
437660,00-99,,US,visa,credit
437661,00-99,,US,visa,credit
437662,00-99,,US,visa,credit
437663,00-99,,US,visa,credit
437664,00-99,,US,visa,credit
437665,00-99,,US,visa,credit
437666,00-99,,US,visa,credit
437667,00-99,,MX,visa,debit
437668,00-99,,US,visa,credit
437669,00-99,,US,visa,credit
437670,00-99,,US,visa,credit
437671,00-99,,FR,visa,credit
437672,00-99,,US,visa,credit
437673,00-99,,US,visa,credit
437674,00-99,,US,visa,credit
437675,00-99,,US,visa,credit
437676,00-99,,US,visa,credit
437677,00-99,,US,visa,credit
437678,00-99,,US,visa,credit
437679,00-99,,US,visa,credit
437680,00-99,,US,visa,credit
437681,00-99,,US,visa,credit
437682,00-99,,US,visa,credit
437683,00-99,,US,visa,credit
437684,00-99,,RO,visa,debit
437685,00-99,,US,visa,credit
437686,00-99,,US,visa,credit
437687,00-99,,RU,visa,credit
437688,00-99,,US,visa,credit
437689,00-99,,US,visa,credit
437690,00-99,,US,visa,credit
437691,00-99,,US,visa,credit
437692,00-99,,US,visa,credit
437693,00-99,,US,visa,credit
437694,00-99,,US,visa,credit
437695,00-99,,US,visa,credit
437696,00-99,,US,visa,credit
437697,00-99,,US,visa,credit
437698,00-99,,US,visa,credit
437699,00-99,,US,visa,credit
437700,00-99,PT BANK PANIN TBK,ID,visa,credit
437701,00-99,PT BANK PANIN TBK,ID,visa,credit
437702,00-99,HABIB BANK LTD.,PK,visa,credit
437703,00-99,KITSAP CREDIT UNION,US,visa,credit
437704,00-99,AEON CREDIT SERVICE (M) BERHAD,MY,visa,credit
437705,00-99,PATRIOT BANK NATIONAL ASSOCIATION,US,visa,debit
437706,00-99,BANK OF BARODA,IN,visa,debit
437707,00-99,PT. ANZ PANIN BANK,ID,visa,credit
437708,00-99,BANQUE POUR LE COMMERCE ET L'INDUSTRIE,MR,visa,debit
437709,00-99,GULF BANK ALGERIA,DZ,visa,debit
437710,00-99,GULF BANK ALGERIA,DZ,visa,debit
437711,00-99,GULF BANK ALGERIA,DZ,visa,debit
437712,00-99,JORDAN FEDERAL CREDIT UNION,US,visa,credit
437713,00-99,METROPOLITAN COMMERCIAL BANK,US,visa,debit
437714,00-99,STRIDE BANK NATIONAL ASSOCIATION,US,visa,debit
437715,00-99,KANE COUNTY TEACHERS CREDIT UNION,US,visa,debit
437716,00-99,PT. ANZ PANIN BANK,ID,visa,credit
437717,00-99,BANCO COMERCIAL DE MACAU S.A.,MO,visa,credit
437718,00-99,PT. ANZ PANIN BANK,ID,visa,credit
437719,00-99,ALATRUST CREDIT UNION,US,visa,credit
437720,00-99,LG CARD CO. LTD.,KR,visa,credit
437721,00-99,STANDARD CHARTERED BANK (TAIWAN) LTD.,TW,visa,debit
437722,00-99,STANDARD CHARTERED BANK (TAIWAN) LTD.,TW,visa,credit
437723,00-99,STANDARD CHARTERED BANK (TAIWAN) LTD.,TW,visa,credit
437724,00-99,TAICHUNG COMMERCIAL BANK,TW,visa,credit
437725,00-99,TAICHUNG COMMERCIAL BANK,TW,visa,credit
437726,00-99,SOUTH CENTRAL STATE BANK,US,visa,debit
437727,00-99,POSTEL FAMILY CREDIT UNION,US,visa,debit
437728,00-99,KUWAIT FINANCE HOUSE (MALAYSIA) BERHAD,MY,visa,credit
437729,00-99,BANCO COMERCIAL DE MACAU S.A.,MO,visa,credit
437730,00-99,LATITUDE FINANCE AUSTRALIA,AU,visa,credit
437731,00-99,LATITUDE FINANCE AUSTRALIA,AU,visa,credit
437732,00-99,LATITUDE FINANCE AUSTRALIA,AU,visa,credit
437733,00-99,LAO - VIET BANK CO. LTD,LA,visa,credit
437734,00-99,LAO - VIET BANK CO. LTD,LA,visa,credit
437735,00-99,PT. ANZ PANIN BANK,ID,visa,credit
437736,00-99,OVERSEA-CHINESE BANKING CORPORATION LTD.,SG,visa,debit
437737,00-99,BARCLAYS BANK PLC,IN,visa,debit
437738,00-99,BARCLAYS BANK PLC,IN,visa,debit
437739,00-99,PT. ANZ PANIN BANK,ID,visa,credit
437740,00-99,EASTERN BANK LTD.,BD,visa,debit
437741,00-99,STANDARD CHARTERED BANK MALAYSIA BERHAD,MY,visa,debit
437742,00-99,UNITED BANK LTD.,PK,visa,debit
437743,00-99,UNITED BANK LTD.,PK,visa,debit
437744,00-99,AMERICAN EXCHANGE BANK,US,visa,debit
437745,00-99,PT. ANZ PANIN BANK,ID,visa,credit
437746,00-99,EQUITY BANK (SOUTHERN SUDAN) LTD.,SS,visa,debit
437747,00-99,EQUITY BANK (TANZANIA) LTD.,TZ,visa,debit
437748,00-99,STATE BANK OF INDIA,IN,visa,credit
437749,00-99,,US,visa,debit
437750,00-99,STANDARD CHARTERED BANK (THAI) PUBLIC CO. LTD.,TH,visa,credit
437751,00-99,AXIS BANK LTD.,IN,visa,credit
437752,00-99,TAISHIN INTERNATIONAL BANK,TW,visa,debit
437753,00-99,HERITAGE BANK OF THE OZARKS,US,visa,debit
437754,00-99,HERITAGE BANK OF THE OZARKS,US,visa,debit
437755,00-99,PT. ANZ PANIN BANK,ID,visa,credit
437756,00-99,PT. ANZ PANIN BANK,ID,visa,credit
437757,00-99,YUANTA COMMERCIAL BANK CO. LTD.,TW,visa,credit
437758,00-99,NATIONAL AUSTRALIA BANK LTD.,AU,visa,debit
437759,00-99,SYNOVUS FINANCIAL CORPORATION,US,visa,credit
437760,00-99,SIGNATURE FEDERAL CREDIT UNION,US,visa,credit
437761,00-99,ALL ONE CREDIT UNION,US,visa,debit
437762,00-99,SIGNATURE FEDERAL CREDIT UNION,US,visa,debit
437763,00-99,THE MONTICELLO BANKING COMPANY,US,visa,debit
437764,00-99,SIGNATURE FEDERAL CREDIT UNION,US,visa,credit
437765,00-99,INDUSTRIAL AND COMMERCIAL BANK OF CHINA (MACAU) LTD.,MO,visa,credit
437766,00-99,,MY,visa,credit
437767,00-99,PT. ANZ PANIN BANK,ID,visa,credit
437768,00-99,PT. ANZ PANIN BANK,ID,visa,credit
437769,00-99,EQUITY BANK UGANDA LTD.,UG,visa,debit
437770,00-99,PT. ANZ PANIN BANK,ID,visa,credit
437771,00-99,PT. ANZ PANIN BANK,ID,visa,credit
437772,00-99,TINKOFF BANK,RU,visa,debit
437773,00-99,TINKOFF BANK,RU,visa,credit
437774,00-99,BANCO PROVINCIAL S.A. BANCO UNIVERSAL,VE,visa,credit
437775,00-99,RN BANK,RU,visa,debit
437776,00-99,ATTIJARIWAFA BANK,MA,visa,debit
437777,00-99,ATTIJARIWAFA BANK,MA,visa,debit
437778,00-99,LEGACY BANK,US,visa,debit
437779,00-99,LEGACY BANK,US,visa,debit
437780,00-99,BANKHOMETOWN,US,visa,debit
437781,00-99,FARMWAY CREDIT UNION,US,visa,debit
437782,00-99,GLACIER BANK,US,visa,credit
437783,00-99,TINKOFF BANK,RU,visa,credit
437784,00-99,TINKOFF BANK,RU,visa,credit
437785,00-99,PT. ANZ PANIN BANK,ID,visa,credit
437786,00-99,PT. ANZ PANIN BANK,ID,visa,credit
437787,00-99,HSBC BANK CANADA,CA,visa,credit
437788,00-99,HSBC BANK CANADA,CA,visa,credit
437789,00-99,COMMONWEALTH BANK OF AUSTRALIA,AU,visa,credit
437790,00-99,CHINA EVERBRIGHT BANK,CN,visa,credit
437791,00-99,HONG KONG AND SHANGHAI BANKING CORP. LTD.,PK,visa,credit
437792,00-99,HONG KONG AND SHANGHAI BANKING CORP. LTD.,PK,visa,credit
437793,00-99,HONG KONG AND SHANGHAI BANKING CORP. LTD.,PK,visa,credit
437794,00-99,FARMWAY CREDIT UNION,US,visa,debit
437795,00-99,VOYAGE FEDERAL CREDIT UNION,US,visa,debit
437796,00-99,SEYLAN BANK LTD.,LK,visa,debit
437797,00-99,PT. ANZ PANIN BANK,ID,visa,credit
437798,00-99,CITIBANK BERHAD,MY,visa,debit
437799,00-99,STANDARD CHARTERED BANK (HONG KONG) LTD.,HK,visa,credit
437800,00-99,GREATER TEXAS FEDERAL CREDIT UNION,US,visa,credit
437801,00-99,UNITED BAY COMMUNITY CREDIT UNION,US,visa,credit
437802,00-99,AMERICA'S FIRST FEDERAL CREDIT UNION,US,visa,credit
437803,00-99,CREDIT UNION OF OHIO,US,visa,debit
437804,00-99,CITIBANK NATIONAL ASSOCIATION - CONSUMER,US,visa,credit
437805,00-99,WOLF POINT FEDERAL CREDIT UNION,US,visa,debit
437806,00-99,GREATER TEXAS FEDERAL CREDIT UNION,US,visa,credit
437807,00-99,FIRST CITIZENS STATE BANK,US,visa,debit
437808,00-99,CITIBANK NATIONAL ASSOCIATION - CONSUMER,US,visa,credit
437809,00-99,FRANKENMUTH CREDIT UNION,US,visa,credit
437810,00-99,FRANKENMUTH CREDIT UNION,US,visa,credit
437811,00-99,WELLS FARGO BANK N.A.,US,visa,debit
437812,00-99,GEOVISTA FEDERAL CREDIT UNION,US,visa,credit
437813,00-99,FIRST STATE BANK OF OLMSTED,US,visa,debit
437814,00-99,BANK OF JAMESTOWN,US,visa,debit
437815,00-99,GULF COAST COMMUNITY FEDERAL CREDIT UNION,US,visa,debit
437816,00-99,GULF COAST COMMUNITY FEDERAL CREDIT UNION,US,visa,debit
437817,00-99,SOUTH STATE BANK NATIONAL ASSOCIATION,US,visa,debit
437818,00-99,SOUTH STATE BANK NATIONAL ASSOCIATION,US,visa,debit
437819,00-99,SOUND CREDIT UNION,US,visa,credit
437820,00-99,PATHWARD N.A.,US,visa,debit
437821,00-99,TOWNEBANK,US,visa,debit
437822,00-99,GREAT SOUTHERN BANK,US,visa,debit
437823,00-99,FIRST CHOICE CREDIT UNION,US,visa,debit
437824,00-99,UNITED BANK,US,visa,debit
437825,00-99,WESTAMERICA BANK,US,visa,credit
437826,00-99,MVB BANK INC,US,visa,credit
437827,00-99,ATLANTIC UNION BANK,US,visa,debit
437828,00-99,SEWICKLEY SAVINGS BANK,US,visa,debit
437829,00-99,NATIXIS,FR,visa,credit
437830,00-99,NATIXIS,FR,visa,credit
437831,00-99,NATIXIS,FR,visa,credit
437832,00-99,NATIXIS,FR,visa,credit
437833,00-99,NATIXIS,FR,visa,credit
437834,00-99,,US,visa,credit
437835,00-99,NATIXIS,FR,visa,credit
437836,00-99,NATIXIS,FR,visa,debit
437837,00-99,EIKA KREDITTBANK AS,NO,visa,debit
437838,00-99,T.C. ZIRAAT BANKASI A.S.,TR,visa,credit
437839,00-99,,US,visa,credit
437840,00-99,COMMERCIAL BANK OF CEYLON PLC,LK,visa,credit
437841,00-99,HSBC BANK (VIETNAM) LTD.,VN,visa,credit
437842,00-99,LATIN AMERICA AND CARIBBEAN REGION,TT,visa,debit
437843,00-99,FIRST CITIZENS BANK LTD.,TT,visa,debit
437844,00-99,FIRST CITIZENS BANK LTD.,TT,visa,debit
437845,00-99,FIRST CITIZENS BANK LTD.,TT,visa,debit
437846,00-99,BANCO SANTANDER SOCIEDAD ANONIMA,UY,visa,credit
437847,00-99,SEWICKLEY SAVINGS BANK,US,visa,debit
437848,00-99,EASTERN BANK PLC.,BD,visa,credit
437849,00-99,SIAM COMMERCIAL BANK PUBLIC CO. LTD.,LA,visa,debit
437850,00-99,FIRST INVESTMENT BANK,BG,visa,credit
437851,00-99,FIRST INVESTMENT BANK,BG,visa,debit
437852,00-99,NEST BANK S.A.,PL,visa,credit
437853,00-99,,US,visa,credit
437854,00-99,,IN,visa,debit
437855,00-99,,US,visa,credit
437856,00-99,,US,visa,credit
437857,00-99,LIBRA INTERNET BANK S.A.,RO,visa,debit
437858,00-99,DSK BANK PLC,BG,visa,credit
437859,00-99,DSK BANK PLC,BG,visa,debit
437860,00-99,,GB,visa,debit
437861,00-99,,US,visa,debit
437862,00-99,U.S. BANK NATIONAL ASSOCIATION-CREDIT,US,visa,credit
437863,00-99,INTESA SANPAOLO S.P.A.,IT,visa,debit
437864,00-99,BANCO MARE NOSTRUM S.A.,ES,visa,credit
437865,00-99,BANKIA,ES,visa,credit
437866,00-99,EVO PAYMENTS INTERNATIONAL GMBH,DE,visa,credit
437867,00-99,EVO PAYMENTS INTERNATIONAL GMBH,DE,visa,credit
437868,00-99,EVO PAYMENTS INTERNATIONAL GMBH,DE,visa,credit
437869,00-99,EVO PAYMENTS INTERNATIONAL GMBH,DE,visa,credit
437870,00-99,EVO PAYMENTS INTERNATIONAL GMBH,DE,visa,credit
437871,00-99,EVO PAYMENTS INTERNATIONAL GMBH,DE,visa,credit
437872,00-99,YORKSHIRE BANK,GB,visa,debit
437873,00-99,YORKSHIRE BANK,GB,visa,debit
437874,00-99,YORKSHIRE BANK,GB,visa,debit
437875,00-99,AXA BANQUE,FR,visa,debit
437876,00-99,,US,visa,credit
437877,00-99,BNP PARIBAS,FR,visa,credit
437878,00-99,BNP PARIBAS,FR,visa,credit
437879,00-99,BNP PARIBAS,FR,visa,credit
437880,00-99,BANK FRICK AND CO. AG,LI,visa,debit
437881,00-99,,US,visa,credit
437882,00-99,IDT FINANCIAL SERVICES LTD.,GB,visa,debit
437883,00-99,NORDEA BANK DANMARK A/S,DK,visa,credit
437884,00-99,BANCO SANTANDER S.A.,ES,visa,debit
437885,00-99,BANCO SANTANDER S.A.,ES,visa,debit
437886,00-99,UNICRE - INSTITUICAO FINANCEIRA DE CREDITO S.A.,PT,visa,debit
437887,00-99,BANK SPOLDZIELCZY RZEMIOSLA W KRAKOWIE,PL,visa,credit
437888,00-99,BANK SPOLDZIELCZY RZEMIOSLA W KRAKOWIE,PL,visa,debit
437889,00-99,BANK SPOLDZIELCZY RZEMIOSLA W KRAKOWIE,PL,visa,debit
437890,00-99,LOYALTY CREDIT UNION,US,visa,credit
437891,00-99,IDBI BANK LTD.,IN,visa,debit
437892,00-99,ADVANCED BANK OF ASIA LTD.,KH,visa,credit
437893,00-99,PROSPERITY AND GROWTH COMMERCIAL JOINT STOCK BANK,VN,visa,credit
437894,00-99,PROSPERITY AND GROWTH COMMERCIAL JOINT STOCK BANK,VN,visa,credit
437895,00-99,PETROLIMEX GROUP COMMERCIAL JSB,VN,visa,debit
437896,00-99,PT BANK SMBC INDONESIA TBK,ID,visa,credit
437897,00-99,CITIBANK A.S.,TR,visa,credit
437898,00-99,BAWAG P.S.K. BANK FUER ARBEIT UND WIRTSCHAFT UND OSTERREICHISCHE POSTSPARKASSE A,AT,visa,credit
437899,00-99,SVC CO-OPERATIVE BANK LTD.,IN,visa,debit
437900,00-99,SERVIRED SOCIEDAD ESPANOLA DE MEDIOS DE PAGO S.A.,ES,visa,credit
437901,00-99,SERVIRED SOCIEDAD ESPANOLA DE MEDIOS DE PAGO S.A.,ES,visa,credit
437902,00-99,SERVIRED SOCIEDAD ESPANOLA DE MEDIOS DE PAGO S.A.,ES,visa,credit
437903,00-99,SERVIRED SOCIEDAD ESPANOLA DE MEDIOS DE PAGO S.A.,ES,visa,credit
437904,00-99,SERVIRED SOCIEDAD ESPANOLA DE MEDIOS DE PAGO S.A.,ES,visa,credit
437905,00-99,SERVIRED SOCIEDAD ESPANOLA DE MEDIOS DE PAGO S.A.,ES,visa,credit
437906,00-99,SERVIRED SOCIEDAD ESPANOLA DE MEDIOS DE PAGO S.A.,ES,visa,credit
437907,00-99,SERVIRED SOCIEDAD ESPANOLA DE MEDIOS DE PAGO S.A.,ES,visa,credit
437908,00-99,BANCO DE CREDITO COOPERATIVO (GRUPO CAJAMAR),ES,visa,credit
437909,00-99,SERVIRED SOCIEDAD ESPANOLA DE MEDIOS DE PAGO S.A.,ES,visa,credit
437910,00-99,SERVIRED SOCIEDAD ESPANOLA DE MEDIOS DE PAGO S.A.,ES,visa,credit
437911,00-99,SERVIRED SOCIEDAD ESPANOLA DE MEDIOS DE PAGO S.A.,ES,visa,credit
437912,00-99,SERVIRED SOCIEDAD ESPANOLA DE MEDIOS DE PAGO S.A.,ES,visa,credit
437913,00-99,LIBERBANK,ES,visa,credit
437914,00-99,SERVIRED SOCIEDAD ESPANOLA DE MEDIOS DE PAGO S.A.,ES,visa,credit
437915,00-99,SERVIRED SOCIEDAD ESPANOLA DE MEDIOS DE PAGO S.A.,ES,visa,credit
437916,00-99,SERVIRED SOCIEDAD ESPANOLA DE MEDIOS DE PAGO S.A.,ES,visa,credit
437917,00-99,CAIXABANK S.A.,ES,visa,credit
437918,00-99,SERVIRED SOCIEDAD ESPANOLA DE MEDIOS DE PAGO S.A.,ES,visa,credit
437919,00-99,SERVIRED SOCIEDAD ESPANOLA DE MEDIOS DE PAGO S.A.,ES,visa,credit
437920,00-99,SERVIRED SOCIEDAD ESPANOLA DE MEDIOS DE PAGO S.A.,ES,visa,credit
437921,00-99,TRIODOS BANK,ES,visa,credit
437922,00-99,SERVIRED SOCIEDAD ESPANOLA DE MEDIOS DE PAGO S.A.,ES,visa,credit
437923,00-99,SERVIRED SOCIEDAD ESPANOLA DE MEDIOS DE PAGO S.A.,ES,visa,credit
437924,00-99,SERVIRED SOCIEDAD ESPANOLA DE MEDIOS DE PAGO S.A.,ES,visa,credit
437925,00-99,SERVIRED SOCIEDAD ESPANOLA DE MEDIOS DE PAGO S.A.,ES,visa,credit
437926,00-99,SERVIRED SOCIEDAD ESPANOLA DE MEDIOS DE PAGO S.A.,ES,visa,credit
437927,00-99,NIUM LTD.,HK,visa,credit
437928,00-99,SERVIRED SOCIEDAD ESPANOLA DE MEDIOS DE PAGO S.A.,ES,visa,credit
437929,00-99,SERVIRED SOCIEDAD ESPANOLA DE MEDIOS DE PAGO S.A.,ES,visa,credit
437930,00-99,SERVIRED SOCIEDAD ESPANOLA DE MEDIOS DE PAGO S.A.,ES,visa,credit
437931,00-99,CAJA CAMINOS,ES,visa,credit
437932,00-99,SERVIRED SOCIEDAD ESPANOLA DE MEDIOS DE PAGO S.A.,ES,visa,credit
437933,00-99,SERVIRED SOCIEDAD ESPANOLA DE MEDIOS DE PAGO S.A.,ES,visa,credit
437934,00-99,SERVIRED SOCIEDAD ESPANOLA DE MEDIOS DE PAGO S.A.,ES,visa,credit
437935,00-99,SERVIRED SOCIEDAD ESPANOLA DE MEDIOS DE PAGO S.A.,ES,visa,credit
437936,00-99,CAJA RURAL,ES,visa,credit
437937,00-99,SERVIRED SOCIEDAD ESPANOLA DE MEDIOS DE PAGO S.A.,ES,visa,credit
437938,00-99,BANCO SABADELL S.A.,ES,visa,credit
437939,00-99,SERVIRED SOCIEDAD ESPANOLA DE MEDIOS DE PAGO S.A.,ES,visa,credit
437940,00-99,CAIXA SABADELL (CAJA DE AHORROS DE SABADELL),ES,visa,credit
437941,00-99,SERVIRED SOCIEDAD ESPANOLA DE MEDIOS DE PAGO S.A.,ES,visa,credit
437942,00-99,SERVIRED SOCIEDAD ESPANOLA DE MEDIOS DE PAGO S.A.,ES,visa,credit
437943,00-99,SERVIRED SOCIEDAD ESPANOLA DE MEDIOS DE PAGO S.A.,ES,visa,credit
437944,00-99,SERVIRED SOCIEDAD ESPANOLA DE MEDIOS DE PAGO S.A.,ES,visa,credit
437945,00-99,SERVIRED SOCIEDAD ESPANOLA DE MEDIOS DE PAGO S.A.,ES,visa,credit
437946,00-99,SERVIRED SOCIEDAD ESPANOLA DE MEDIOS DE PAGO S.A.,ES,visa,credit
437947,00-99,SERVIRED SOCIEDAD ESPANOLA DE MEDIOS DE PAGO S.A.,ES,visa,credit
437948,00-99,BBVA,ES,visa,credit
437949,00-99,SERVIRED SOCIEDAD ESPANOLA DE MEDIOS DE PAGO S.A.,ES,visa,credit
437950,00-99,SERVIRED SOCIEDAD ESPANOLA DE MEDIOS DE PAGO S.A.,ES,visa,credit
437951,00-99,SERVIRED SOCIEDAD ESPANOLA DE MEDIOS DE PAGO S.A.,ES,visa,credit
437952,00-99,SERVIRED SOCIEDAD ESPANOLA DE MEDIOS DE PAGO S.A.,ES,visa,credit
437953,00-99,VISTA BANK,US,visa,debit
437954,00-99,BANCA PRIVADA DANDORRA S.A. ANDORRA,AD,visa,credit
437955,00-99,CAJA RURAL,ES,visa,credit
437956,00-99,SERVIRED SOCIEDAD ESPANOLA DE MEDIOS DE PAGO S.A.,ES,visa,credit
437957,00-99,SERVIRED SOCIEDAD ESPANOLA DE MEDIOS DE PAGO S.A.,ES,visa,credit
437958,00-99,BANCO ETCHEVERRIA S.A.,ES,visa,credit
437959,00-99,SERVIRED SOCIEDAD ESPANOLA DE MEDIOS DE PAGO S.A.,ES,visa,credit
437960,00-99,BANCO HERRERO S.A.,ES,visa,credit
437961,00-99,SERVIRED SOCIEDAD ESPANOLA DE MEDIOS DE PAGO S.A.,ES,visa,credit
437962,00-99,SERVIRED SOCIEDAD ESPANOLA DE MEDIOS DE PAGO S.A.,ES,visa,credit
437963,00-99,AUSTRALIA AND NEW ZEALAND BANKING GROUP LTD.,VU,visa,debit
437964,00-99,ANZ BANK (SAMOA) LTD.,AS,visa,debit
437965,00-99,AUSTRALIA AND NEW ZEALAND BANKING GROUP LTD.,WS,visa,debit
437966,00-99,AUSTRALIA AND NEW ZEALAND BANKING GROUP LTD.,CK,visa,debit
437967,00-99,BRED BANK (FIJI) LTD.,FJ,visa,debit
437968,00-99,AUSTRALIA AND NEW ZEALAND BANKING GROUP LTD.,KI,visa,debit
437969,00-99,BANK OF KIRIBATI LTD.,KI,visa,debit
437970,00-99,AUSTRALIA & NEW ZEALAND BANKING GROUP (PNG) LTD.,PG,visa,debit
437971,00-99,AUSTRALIA AND NEW ZEALAND BANKING GROUP LTD.,SB,visa,debit
437972,00-99,AUSTRALIA AND NEW ZEALAND BANKING GROUP LTD.,TO,visa,debit
437973,00-99,AUSTRALIA AND NEW ZEALAND BANKING GROUP LTD.,TL,visa,debit
437974,00-99,BANQUE SAUDI FRANSI,SA,visa,credit
437975,00-99,BANQUE SAUDI FRANSI,SA,visa,credit
437976,00-99,BANQUE SAUDI FRANSI,SA,visa,credit
437977,00-99,BANQUE SAUDI FRANSI,SA,visa,credit
437978,00-99,BANQUE SAUDI FRANSI,SA,visa,credit
437979,00-99,BANQUE SAUDI FRANSI,SA,visa,credit
437980,00-99,JSCB BUSINESS DEVELOPMENT BANK,UZ,visa,debit
437981,00-99,,US,visa,credit
437982,00-99,,US,visa,credit
437983,00-99,,US,visa,credit
437984,00-99,,US,visa,credit
437985,00-99,,US,visa,credit
437986,00-99,,US,visa,credit
437987,00-99,,US,visa,credit
437988,00-99,,US,visa,credit
437989,00-99,,US,visa,credit
437990,00-99,,US,visa,credit
437991,00-99,,LB,visa,debit
437992,00-99,BANCO GANADERO S.A.,BO,visa,debit
437993,00-99,BANCO DE COSTA RICA,CR,visa,credit
437994,00-99,BANCO DE COSTA RICA,CR,visa,debit
437995,00-99,BANCO DE COSTA RICA,CR,visa,debit
437996,00-99,COMPA IA FINANCIERA ARGENTINA S.A.,AR,visa,debit
437997,00-99,BANCO FICOHSA GUATEMALA S.A.,GT,visa,credit
437998,00-99,BANCO FICOHSA GUATEMALA S.A.,GT,visa,credit
437999,00-99,BANCO DE SAN JUAN,AR,visa,debit
438000,00-99,BANCO BRADESCO S.A.,BR,visa,credit
438001,00-99,BANCO BRADESCO S.A.,BR,visa,credit
438002,00-99,BANCO BRADESCO S.A.,BR,visa,credit
438003,00-99,BANCO BRADESCO S.A.,BR,visa,credit
438004,00-99,BANCO BRADESCO S.A.,BR,visa,credit
438005,00-99,BRADESCO,BR,visa,credit
438006,00-99,BANCO BRADESCO S.A.,BR,visa,credit
438007,00-99,BANCO BRADESCO S.A.,BR,visa,credit
438008,00-99,BANCO BRADESCO S.A.,BR,visa,credit
438009,00-99,BANCO BRADESCO S.A.,BR,visa,credit
438010,00-99,BANCO BRADESCO S.A.,BR,visa,credit
438011,00-99,BANCO BRADESCO S.A.,BR,visa,credit
438012,00-99,BANCO BRADESCO S.A.,BR,visa,credit
438013,00-99,BANCO BRADESCO S.A.,BR,visa,credit
438014,00-99,BANCO BRADESCO S.A.,BR,visa,credit
438015,00-99,BANCO BRADESCO S.A.,BR,visa,credit
438016,00-99,BANCO BRADESCO S.A.,BR,visa,credit
438017,00-99,BANCO BRADESCO S.A.,BR,visa,credit
438018,00-99,BANCO BRADESCO S.A.,BR,visa,credit
438019,00-99,BANCO BRADESCO S.A.,BR,visa,credit
438020,00-99,BANCO BRADESCO S.A.,BR,visa,credit
438021,00-99,BANCO BRADESCO S.A.,BR,visa,credit
438022,00-99,BRADESCO,BR,visa,credit
438023,00-99,BANCO BRADESCO S.A.,BR,visa,credit
438024,00-99,BANCO BRADESCO S.A.,BR,visa,credit
438025,00-99,BANCO BRADESCO S.A.,BR,visa,credit
438026,00-99,BANCO BRADESCO S.A.,BR,visa,credit
438027,00-99,BANCO BRADESCO S.A.,BR,visa,credit
438028,00-99,BANCO BRADESCO S.A.,BR,visa,credit
438029,00-99,BANCO BRADESCO S.A.,BR,visa,credit
438030,00-99,BANCO BRADESCO S.A.,BR,visa,credit
438031,00-99,BANCO BRADESCO S.A.,BR,visa,credit
438032,00-99,BRADESCO,BR,visa,credit
438033,00-99,BANCO BRADESCO S.A.,BR,visa,credit
438034,00-99,BANCO BRADESCO S.A.,BR,visa,credit
438035,00-99,BANCO BRADESCO S.A.,BR,visa,credit
438036,00-99,BANCO BRADESCO S.A.,BR,visa,credit
438037,00-99,BANCO BRADESCO S.A.,BR,visa,credit
438038,00-99,BANCO BRADESCO S.A.,BR,visa,credit
438039,00-99,BANCO BRADESCO S.A.,BR,visa,credit
438040,00-99,TURK EKONOMI BANKASI A.S.,TR,visa,credit
438041,00-99,ASIA COMMERCIAL BANK,VN,visa,credit
438042,00-99,CENTER NATIONAL BANK,US,visa,debit
438043,00-99,DFCC BANK PLC,LK,visa,credit
438044,00-99,FIVE STAR OF MARYLAND FEDERAL CREDIT UNION,US,visa,credit
438045,00-99,TAISHIN INTERNATIONAL BANK,TW,visa,credit
438046,00-99,JOINT STOCK COMPANY COMMERCIAL BANK CITIBANK,RU,visa,credit
438047,00-99,ROYAL CREDIT UNION,US,visa,debit
438048,00-99,VISTA BANK BURKINA,BF,visa,debit
438049,00-99,VISTA BANK BURKINA,BF,visa,debit
438050,00-99,BANCO DE GALICIA Y BUENOS AIRES S.A.,AR,visa,debit
438051,00-99,BANCO BBVA ARGENTINA S.A.,AR,visa,debit
438052,00-99,BANK OF MAHARASHTRA,IN,visa,credit
438053,00-99,KHAN BANK,MN,visa,debit
438054,00-99,KHAN BANK,MN,visa,debit
438055,00-99,KHAN BANK,MN,visa,debit
438056,00-99,FEDEX EMPLOYEES CREDIT ASSOCIATION FEDERAL CREDIT UNION,US,visa,credit
438057,00-99,BANCO DE CREDITO CENTROAMERICANO S.A. (BANCENTRO),NI,visa,credit
438058,00-99,BANK OF CHINA LTD.,CN,visa,credit
438059,00-99,WELLS FARGO BANK NATIONAL ASSOCIATION,US,visa,credit
438060,00-99,,BR,visa,credit
438061,00-99,DOCK INSTITUICAO DE PAGAMENTO S.A.,BR,visa,debit
438062,00-99,,BR,visa,credit
438063,00-99,,BR,visa,credit
438064,00-99,BANK OF CHINA LTD.,CN,visa,credit
438065,00-99,ALELO S.A.,BR,visa,debit
438066,00-99,ALELO S.A.,BR,visa,debit
438067,00-99,ALELO S.A.,BR,visa,debit
438068,00-99,ALELO S.A.,BR,visa,debit
438069,00-99,BANK OF CHINA LTD.,CN,visa,credit
438070,00-99,BANK OF CHINA LTD.,CN,visa,credit
438071,00-99,BANK OF CHINA LTD.,CN,visa,credit
438072,00-99,BANK OF CHINA LTD.,CN,visa,credit
438073,00-99,DOCK INSTITUICAO DE PAGAMENTO S.A.,BR,visa,debit
438074,00-99,BANCO HIPOTECARIO DE EL SALVADOR S.A.,SV,visa,debit
438075,00-99,,BR,visa,credit
438076,00-99,COOPERATIVA DE AHORRO Y CREDITO DE LA PEQUENA EMPRESA BIBLIAN LTDA.,EC,visa,debit
438077,00-99,LIU CHONG HING BANK LTD.,MO,visa,credit
438078,00-99,BANCO UNO S.A.,CR,visa,debit
438079,00-99,BANK OF CHINA LTD.,CN,visa,credit
438080,00-99,BANCO BHD S.A. BANCO MULTIPLE,DO,visa,debit
438081,00-99,BANCO MULTIPLE BHD S. A.,DO,visa,credit
438082,00-99,BANK OF CHINA LTD.,CN,visa,credit
438083,00-99,WELLS FARGO BANK NATIONAL ASSOCIATION,US,visa,credit
438084,00-99,CONSORCIO TARJETAS DE CREDITO S.A.,CL,visa,credit
438085,00-99,ASOCIACION DOMINICANA DE AHORROS Y PRESTAMOS,DO,visa,credit
438086,00-99,ASOCIACION DOMINICANA DE AHORROS Y PRESTAMOS,DO,visa,credit
438087,00-99,ASOCIACION DOMINICANA DE AHORROS Y PRESTAMOS,DO,visa,credit
438088,00-99,BANK OF CHINA LTD.,CN,visa,credit
438089,00-99,BANK OF CHINA LTD.,CN,visa,credit
438090,00-99,BANK OF CHINA LTD.,CN,visa,credit
438091,00-99,BANK OF CHINA LTD.,CN,visa,credit
438092,00-99,PATHWARD N.A.,US,visa,debit
438093,00-99,,NP,visa,debit
438094,00-99,PATHWARD N.A.,US,visa,debit
438095,00-99,BANCO PROVINCIAL S.A. BANCO UNIVERSAL,VE,visa,credit
438096,00-99,BANK OF AYUDHYA PUBLIC CO. LTD.,TH,visa,debit
438097,00-99,ORIENTAL BANK,PR,visa,credit
438098,00-99,BANCO DE COSTA RICA,CR,visa,debit
438099,00-99,BRADESCARD MEXICO S. DE R.L.,MX,visa,debit
438100,00-99,PENNSYLVANIA STATE EMPLOYEES CREDIT UNION,US,visa,credit
438101,00-99,(FINCEN ACTIONED) FBME CARD SERVICES LTD.,CY,visa,debit
438102,00-99,CAMBRIDGE TRUST COMPANY,US,visa,debit
438103,00-99,JOINT STOCK COMMERCIAL BANK FOR FOREIGN TRADE OF VIETNAM,VN,visa,credit
438104,00-99,,US,visa,credit
438105,00-99,SBI CARDS AND PAYMENT SERVICES PTE LTD.,IN,visa,credit
438106,00-99,AXIS BANK LTD.,IN,visa,credit
438107,00-99,BANCO PICHINCHA C.A.,EC,visa,credit
438108,00-99,BANCO PICHINCHA C.A.,EC,visa,debit
438109,00-99,,SE,visa,credit
438110,00-99,THE FEDERAL BANK LTD.,IN,visa,credit
438111,00-99,,US,visa,credit
438112,00-99,WMCU,US,visa,debit
438113,00-99,,US,visa,credit
438114,00-99,ICICI BANK LTD.,IN,visa,debit
438115,00-99,,US,visa,credit
438116,00-99,MERIDIAN TRUST FEDERAL CREDIT UNION,US,visa,credit
438117,00-99,CREDIT UNION OF COLORADO,US,visa,debit
438118,00-99,HERITAGE SOUTH CREDIT UNION,US,visa,credit
438119,00-99,HERITAGE SOUTH CREDIT UNION,US,visa,credit
438120,00-99,POWSZECHNA KASA OSZCZEDNOSCI BANK POLSKI SA (PKO BANK POLSKI SA),PL,visa,debit
438121,00-99,JSB SOBINBANK,RU,visa,debit
438122,00-99,,US,visa,credit
438123,00-99,BURGAN BANK (S.A.K.),KW,visa,credit
438124,00-99,BURGAN BANK (S.A.K.),KW,visa,credit
438125,00-99,INDUSTRIAL AND COMMERCIAL BANK OF CHINA LTD.,CN,visa,credit
438126,00-99,INDUSTRIAL AND COMMERCIAL BANK OF CHINA LTD.,CN,visa,credit
438127,00-99,,US,visa,credit
438128,00-99,,US,visa,credit
438129,00-99,VENTAS INTERNACIONALES S.A. DE C.V.,HN,visa,credit
438130,00-99,,JM,visa,debit
438131,00-99,UNICREDIT BANK SERBIA JSC BELGRAD,RS,visa,debit
438132,00-99,UNICREDIT BANK SERBIA JSC BELGRAD,RS,visa,debit
438133,00-99,,US,visa,credit
438134,00-99,PIRAEUS BANK ROMANIA,RO,visa,debit
438135,00-99,,US,visa,credit
438136,00-99,MBANK S.A.,PL,visa,debit
438137,00-99,,US,visa,credit
438138,00-99,ALL ONE CREDIT UNION,US,visa,debit
438139,00-99,FISERV SOLUTIONS LLC,US,visa,credit
438140,00-99,FISERV SOLUTIONS LLC,US,visa,credit
438141,00-99,FISERV SOLUTIONS LLC,US,visa,credit
438142,00-99,SIGNATURE FEDERAL CREDIT UNION,US,visa,credit
438143,00-99,CJSC ALFA-BANK,RU,visa,credit
438144,00-99,NLB KOMERCIJALNA BANKA AD BEOGRAD,RS,visa,debit
438145,00-99,,US,visa,credit
438146,00-99,OJSC FIRST INVESTMENT BANK,UA,visa,debit
438147,00-99,OJSC FIRST INVESTMENT BANK,UA,visa,debit
438148,00-99,OJSC FIRST INVESTMENT BANK,UA,visa,debit
438149,00-99,SAMPATH BANK PLC,LK,visa,debit
438150,00-99,OJSC FIRST INVESTMENT BANK,UA,visa,debit
438151,00-99,,US,visa,credit
438152,00-99,UNICREDIT S.P.A.,IT,visa,credit
438153,00-99,UNICREDIT S.P.A.,IT,visa,credit
438154,00-99,,US,visa,credit
438155,00-99,HVB BANK CZECH REPUBLIC A.S.,CZ,visa,credit
438156,00-99,HVB BANK CZECH REPUBLIC A.S.,CZ,visa,credit
438157,00-99,,US,visa,credit
438158,00-99,KOMERCIJALNA BANKA AD BEOGRAD CJSC,RS,visa,credit
438159,00-99,PJSC VTB BANK,UA,visa,debit
438160,00-99,,US,visa,credit
438161,00-99,KOMERCIJALNA BANKA AD BEOGRAD CJSC,RS,visa,debit
438162,00-99,NLB KOMERCIJALNA BANKA AD BEOGRAD,RS,visa,debit
438163,00-99,NLB KOMERCIJALNA BANKA AD BEOGRAD,RS,visa,debit
438164,00-99,,US,visa,credit
438165,00-99,TARJETAS CUSCATLAN S.A.,GT,visa,credit
438166,00-99,MULTICREDIT S.A.,GT,visa,credit
438167,00-99,VALES INTERCONTINENTALES S.A.,CR,visa,credit
438168,00-99,BANCO BBVA PERU,PE,visa,debit
438169,00-99,BANQUE MISR,EG,visa,credit
438170,00-99,PENN COMMUNITY BANK,US,visa,debit
438171,00-99,PENN COMMUNITY BANK,US,visa,debit
438172,00-99,BANQUE MISR,EG,visa,credit
438173,00-99,OCBC BANK (MALAYSIA) BERHAD,MY,visa,credit
438174,00-99,UNITED OVERSEAS BANK LTD.,SG,visa,debit
438175,00-99,LOGAN BANK & TRUST COMPANY,US,visa,credit
438176,00-99,BANK OF AMERICA NATIONAL ASSOCIATION,US,visa,credit
438177,00-99,,US,visa,credit
438178,00-99,SIGNATURE FEDERAL CREDIT UNION,US,visa,credit
438179,00-99,THE FOCUS FEDERAL CREDIT UNION,US,visa,debit
438180,00-99,PACIFIC SERVICE CREDIT UNION,US,visa,debit
438181,00-99,MAGNIFI FINANCIAL CREDIT UNION,US,visa,debit
438182,00-99,COMMERCE BANK,US,visa,debit
438183,00-99,CARD SERVICES FOR CREDIT UNIONS,US,visa,debit
438184,00-99,GE CREDIT UNION,US,visa,credit
438185,00-99,PEACH STATE FEDERAL CREDIT UNION,US,visa,debit
438186,00-99,CARD SERVICES FOR CREDIT UNIONS,US,visa,debit
438187,00-99,CARD SERVICES FOR CREDIT UNIONS,US,visa,credit
438188,00-99,PEOPLE'S BANK,LK,visa,credit
438189,00-99,FIRST COMMUNITY BANK OF THE HEARTLAND INC.,US,visa,debit
438190,00-99,CARD SERVICES FOR CREDIT UNIONS,US,visa,debit
438191,00-99,PEOPLE'S BANK,LK,visa,credit
438192,00-99,CARD SERVICES FOR CREDIT UNIONS,US,visa,debit
438193,00-99,WELLS FARGO BANK N.A.,US,visa,debit
438194,00-99,REMINGTON FEDERAL CREDIT UNION,US,visa,debit
438195,00-99,,US,visa,credit
438196,00-99,CARD SERVICES FOR CREDIT UNIONS,US,visa,debit
438197,00-99,JPMORGAN CHASE BANK N.A. - DEBIT,US,visa,debit
438198,00-99,CARD SERVICES FOR CREDIT UNIONS,US,visa,credit
438199,00-99,CARD SERVICES FOR CREDIT UNIONS,US,visa,credit
438200,00-99,,US,visa,debit
438201,00-99,ECO CREDIT UNION,US,visa,credit
438202,00-99,UNITED OVERSEAS BANK LTD.,SG,visa,debit
438203,00-99,,US,visa,debit
438204,00-99,BANK OF COMMUNICATIONS,CN,visa,credit
438205,00-99,CARD SERVICES FOR CREDIT UNIONS,US,visa,credit
438206,00-99,CARD SERVICES FOR CREDIT UNIONS,US,visa,debit
438207,00-99,WESTERN NEW YORK FEDERAL CREDIT UNION,US,visa,debit
438208,00-99,THE BRIDGEWAY FEDERAL CREDIT UNION,US,visa,debit
438209,00-99,THE BRIDGEWAY FEDERAL CREDIT UNION,US,visa,credit
438210,00-99,TONAWANDA COMMUNITY FEDERAL CREDIT UNION,US,visa,debit
438211,00-99,,US,visa,debit
438212,00-99,,US,visa,debit
438213,00-99,UNITED OVERSEAS BANK LTD.,SG,visa,credit
438214,00-99,DCS CARD CENTRE PTE. LTD.,SG,visa,credit
438215,00-99,,US,visa,debit
438216,00-99,,US,visa,debit
438217,00-99,,US,visa,debit
438218,00-99,DCS CARD CENTRE PTE. LTD.,SG,visa,credit
438219,00-99,,SG,visa,debit
438220,00-99,TENNESSEE STATE BANK,US,visa,credit
438221,00-99,UNITED SOUTHERN BANK,US,visa,debit
438222,00-99,,US,visa,debit
438223,00-99,ANZ BANK LTD.,CK,visa,credit
438224,00-99,,US,visa,debit
438225,00-99,GLOBAL BANK CORPORATION,PA,visa,credit
438226,00-99,,SG,visa,debit
438227,00-99,DUKHAN BANK,QA,visa,credit
438228,00-99,COMPA IA FINANCIERA ARGENTINA S.A.,AR,visa,credit
438229,00-99,COMPA IA FINANCIERA ARGENTINA S.A.,AR,visa,credit
438230,00-99,COMPA IA FINANCIERA ARGENTINA S.A.,AR,visa,credit
438231,00-99,TAINAN BUSINESS BANK,TW,visa,credit
438232,00-99,,MY,visa,debit
438233,00-99,MADURO & CURIEL'S BANK N.V.,CW,visa,debit
438234,00-99,CAIXA GERAL DE DEPOSITOS S.A.,TL,visa,debit
438235,00-99,YAMAGIN CREDIT CO. LTD.,JP,visa,debit
438236,00-99,ACCESS BANK,US,visa,debit
438237,00-99,ALLIANCE CREDIT UNION OF FLORIDA,US,visa,credit
438238,00-99,,US,visa,debit
438239,00-99,RIVERMARK COMMUNITY CREDIT UNION,US,visa,credit
438240,00-99,HANCOCK WHITNEY BANK,US,visa,debit
438241,00-99,HANCOCK WHITNEY BANK,US,visa,debit
438242,00-99,WESTERRA CREDIT UNION,US,visa,credit
438243,00-99,,US,visa,credit
438244,00-99,RED RIVER BANK,US,visa,credit
438245,00-99,VNESHECONOMBANK,RU,visa,debit
438246,00-99,VNESHECONOMBANK,RU,visa,debit
438247,00-99,WING BANK (CAMBODIA) PLC,KH,visa,debit
438248,00-99,VNESHECONOMBANK,RU,visa,debit
438249,00-99,VNESHECONOMBANK,RU,visa,credit
438250,00-99,FIRST CHOICE FINANCIAL FEDERAL CREDIT UNION,US,visa,credit
438251,00-99,,US,visa,debit
438252,00-99,,US,visa,debit
438253,00-99,JSC KREDOBANK,UA,visa,debit
438254,00-99,BANK VOZROZHDENIE (OJSC),RU,visa,debit
438255,00-99,,BD,visa,debit
438256,00-99,UNIVERSAL BANK,US,visa,debit
438257,00-99,BANCO DO BRASIL S.A.,PT,visa,debit
438258,00-99,,US,visa,debit
438259,00-99,VTB BANK (PUBLIC JOINT-STOCK COMPANY),RU,visa,debit
438260,00-99,,US,visa,debit
438261,00-99,NAFT FEDERAL CREDIT UNION,US,visa,credit
438262,00-99,POLAM FEDERAL CREDIT UNION,US,visa,credit
438263,00-99,OCEAN STATE CREDIT UNION,US,visa,credit
438264,00-99,NOVIY JSCB,UA,visa,debit
438265,00-99,HYUNDAI CARD COMPANY LTD.,KR,visa,credit
438266,00-99,NOVIY JSCB,UA,visa,debit
438267,00-99,NOVIY JSCB,UA,visa,debit
438268,00-99,,NL,visa,credit
438269,00-99,,US,visa,debit
438270,00-99,,US,visa,debit
438271,00-99,TMBTHANACHART BANK PUBLIC COMPANY LTD.,TH,visa,debit
438272,00-99,BROOKLYN COOPERATIVE FEDERAL CREDIT UNION,US,visa,debit
438273,00-99,,US,visa,debit
438274,00-99,,SG,visa,debit
438275,00-99,TRIAD BANK NATIONAL ASSOCIATION,US,visa,debit
438276,00-99,,HR,visa,debit
438277,00-99,SPOKANE CITY CREDIT UNION,US,visa,credit
438278,00-99,KCB BANK KENYA LTD.,KE,visa,debit
438279,00-99,,SG,visa,debit
438280,00-99,YORKSHIRE BUILDING SOCIETY,GB,visa,credit
438281,00-99,,US,visa,debit
438282,00-99,LEAD BANK,US,visa,debit
438283,00-99,BANCO INTERCONTINENTAL S.A.,DO,visa,debit
438284,00-99,ISYBANK S.P.A.,IT,visa,debit
438285,00-99,CROSS RIVER BANK,US,visa,credit
438286,00-99,LEAD BANK,US,visa,debit
438287,00-99,ZENITH BANK (GHANA) LTD.,GH,visa,debit
438288,00-99,COMMUNITY BANK,US,visa,debit
438289,00-99,UNITED OVERSEAS BANK (MALAYSIA) BHD,MY,visa,credit
438290,00-99,OKLAHOMA BANK AND TRUST COMPANY,US,visa,debit
438291,00-99,ALPHA CREDIT UNION,US,visa,debit
438292,00-99,VALLEY CREDIT UNION,US,visa,debit
438293,00-99,BANK OF OCEAN CITY,US,visa,debit
438294,00-99,WMCU,US,visa,credit
438295,00-99,CITY NATIONAL BANK,US,visa,debit
438296,00-99,WESTERN VISTA FEDERAL CREDIT UNION,US,visa,debit
438297,00-99,MENLO SURVEY FEDERAL CREDIT UNION,US,visa,debit
438298,00-99,ZENITH BANK (GHANA) LTD.,GH,visa,debit
438299,00-99,BANCA PUEYO,ES,visa,credit
438300,00-99,BANCA PUEYO,ES,visa,debit
438301,00-99,BANCA PUEYO,ES,visa,debit
438302,00-99,SOCIETE GENERALE S.A.,FR,visa,credit
438303,00-99,SOCIETE GENERALE S.A.,FR,visa,debit
438304,00-99,,BR,visa,credit
438305,00-99,,US,visa,credit
438306,00-99,,US,visa,credit
438307,00-99,,US,visa,credit
438308,00-99,,US,visa,credit
438309,00-99,,US,visa,credit
438310,00-99,,US,visa,credit
438311,00-99,,US,visa,credit
438312,00-99,IDT FINANCIAL SERVICES LTD.,NL,visa,debit
438313,00-99,CAISSE NATIONALE DES CAISSES DEPARGNE (CNCE),FR,visa,debit
438314,00-99,CAISSE NATIONALE DES CAISSES DEPARGNE (CNCE),FR,visa,debit
438315,00-99,NATIXIS,FR,visa,debit
438316,00-99,NATIXIS,FR,visa,debit
438317,00-99,NATIXIS,FR,visa,credit
438318,00-99,,US,visa,credit
438319,00-99,,US,visa,credit
438320,00-99,SOLARIS SE,DE,visa,credit
438321,00-99,CAIXABANK PAYMENTS & CONSUMER E.F.C. E.P. S.A.U.,ES,visa,credit
438322,00-99,JOVIA FINANCIAL FEDERAL CREDIT UNION,US,visa,debit
438323,00-99,,CA,visa,credit
438324,00-99,,IN,visa,debit
438325,00-99,,US,visa,credit
438326,00-99,,US,visa,credit
438327,00-99,,US,visa,credit
438328,00-99,,PE,visa,debit
438329,00-99,,US,visa,credit
438330,00-99,NIUM LTD.,HK,visa,credit
438331,00-99,TURKIYE IS BANKASI A.S.,TR,visa,credit
438332,00-99,,ES,visa,credit
438333,00-99,,US,visa,credit
438334,00-99,,US,visa,credit
438335,00-99,,US,visa,credit
438336,00-99,,US,visa,credit
438337,00-99,,HK,visa,credit
438338,00-99,,US,visa,credit
438339,00-99,,US,visa,credit
438340,00-99,,US,visa,credit
438341,00-99,,US,visa,credit
438342,00-99,,GB,visa,credit
438343,00-99,,US,visa,credit
438344,00-99,,US,visa,credit
438345,00-99,THE MERCHANTS NATIONAL BANK,US,visa,debit
438346,00-99,CAIXABANK S.A.,ES,visa,credit
438347,00-99,CAIXABANK S.A.,ES,visa,debit
438348,00-99,CBNK BANCO DE COLECTIVOS S.A.,ES,visa,credit
438349,00-99,CBNK BANCO DE COLECTIVOS S.A.,ES,visa,debit
438350,00-99,,ES,visa,debit
438351,00-99,PAYNOVATE SA,BE,visa,debit
438352,00-99,CRDB BANK LTD.,TZ,visa,debit
438353,00-99,GULF COMMERCIAL BANK,IQ,visa,credit
438354,00-99,,MA,visa,debit
438355,00-99,,US,visa,credit
438356,00-99,,US,visa,credit
438357,00-99,NIUM LTD.,HK,visa,credit
438358,00-99,KUTXABANK S.A.,ES,visa,debit
438359,00-99,CREDIT AGRICOLE BANK POLSKA S.A.,PL,visa,debit
438360,00-99,,US,visa,credit
438361,00-99,,US,visa,credit
438362,00-99,,US,visa,credit
438363,00-99,,US,visa,credit
438364,00-99,,US,visa,credit
438365,00-99,,US,visa,credit
438366,00-99,NIUM LTD.,HK,visa,credit
438367,00-99,,US,visa,credit
438368,00-99,,IN,visa,debit
438369,00-99,,US,visa,credit
438370,00-99,,US,visa,credit
438371,00-99,SANTANDER BANK POLSKA S.A.,PL,visa,debit
438372,00-99,GIBRALTAR INTERNATIONAL BANK LTD.,GI,visa,debit
438373,00-99,GIBRALTAR INTERNATIONAL BANK LTD.,GI,visa,debit
438374,00-99,ZAMBIA NATIONAL COMMERCIAL BANK LTD.,ZM,visa,debit
438375,00-99,ZAMBIA NATIONAL COMMERCIAL BANK LTD.,ZM,visa,debit
438376,00-99,,US,visa,credit
438377,00-99,TRI COUNTIES BANK,US,visa,debit
438378,00-99,,US,visa,credit
438379,00-99,CAIXABANK S.A.,ES,visa,credit
438380,00-99,CAIXABANK S.A.,ES,visa,credit
438381,00-99,CAIXABANK S.A.,ES,visa,debit
438382,00-99,CAIXABANK S.A.,ES,visa,debit
438383,00-99,JSC UNIVERSAL BANK,UA,visa,credit
438384,00-99,,US,visa,credit
438385,00-99,,US,visa,credit
438386,00-99,,US,visa,credit
438387,00-99,CJSC BANK BAI-TUSHUM,KG,visa,debit
438388,00-99,CJSC BANK BAI-TUSHUM,KG,visa,debit
438389,00-99,REPUBLIC BANK OF CHICAGO,US,visa,debit
438390,00-99,,US,visa,credit
438391,00-99,SUTTON BANK,US,visa,debit
438392,00-99,LITTLE HORN STATE BANK,US,visa,debit
438393,00-99,,FR,visa,credit
438394,00-99,,US,visa,debit
438395,00-99,MIL-WAY FEDERAL CREDIT UNION,US,visa,credit
438396,00-99,,LV,visa,debit
438397,00-99,FIRST OPTION BANK,US,visa,debit
438398,00-99,,US,visa,credit
438399,00-99,BLACK HILLS FEDERAL CREDIT UNION,US,visa,debit
438400,00-99,FIRST NEIGHBOR BANK NATIONAL ASSOCIATION,US,visa,credit
438401,00-99,FIRST NEIGHBOR BANK NATIONAL ASSOCIATION,US,visa,credit
438402,00-99,JPMORGAN CHASE BANK N.A.,US,visa,credit
438403,00-99,JPMORGAN CHASE BANK N.A.,US,visa,credit
438404,00-99,JPMORGAN CHASE BANK N.A.,US,visa,credit
438405,00-99,INDUSTRIAL AND COMMERCIAL BANK OF CHINA LTD.,CN,visa,credit
438406,00-99,JPMORGAN CHASE BANK N.A.,US,visa,credit
438407,00-99,JPMORGAN CHASE BANK N.A.,US,visa,credit
438408,00-99,JPMORGAN CHASE BANK N.A.,US,visa,credit
438409,00-99,JPMORGAN CHASE BANK N.A.,US,visa,credit
438410,00-99,BELCO COMMUNITY CREDIT UNION,US,visa,debit
438411,00-99,HSBC,IN,visa,credit
438412,00-99,L.A. FINANCIAL FEDERAL CREDIT UNION,US,visa,credit
438413,00-99,CREDIT UNION OF SOUTHERN CALIFORNIA,US,visa,debit
438414,00-99,WMCU,US,visa,credit
438415,00-99,CARD SERVICES FOR CREDIT UNIONS,US,visa,credit
438416,00-99,BRAGG MUTUAL FEDERAL CREDIT UNION,US,visa,credit
438417,00-99,HEALTH FACILITIES FEDERAL CREDIT UNION,US,visa,credit
438418,00-99,ESTACADO FEDERAL CREDIT UNION,US,visa,credit
438419,00-99,SAFE FEDERAL CREDIT UNION,US,visa,debit
438420,00-99,AO RAIFFEISENBANK,RU,visa,debit
438421,00-99,CITIBANK BERHAD,MY,visa,credit
438422,00-99,JPMORGAN CHASE BANK N.A.,US,visa,debit
438423,00-99,,AU,visa,credit
438424,00-99,PATHWARD N.A.,US,visa,debit
438425,00-99,JPMORGAN CHASE BANK N.A.,US,visa,credit
438426,00-99,WING LUNG BANK LTD.,HK,visa,credit
438427,00-99,JPMORGAN CHASE BANK N.A.,US,visa,credit
438428,00-99,JPMORGAN CHASE BANK N.A.,US,visa,credit
438429,00-99,JPMORGAN CHASE BANK N.A.,US,visa,credit
438430,00-99,HSBC,IN,visa,credit
438431,00-99,HSBC,IN,visa,credit
438432,00-99,JPMORGAN CHASE BANK N.A.,US,visa,credit
438433,00-99,WELLS FARGO BANK N.A.,US,visa,debit
438434,00-99,BANCO DE RESERVAS DE LA REPUBLICA DOMINICANA,DO,visa,credit
438435,00-99,HTLF BANK,US,visa,debit
438436,00-99,YINTRAN GROUP HOLDINGS LTD.,HK,visa,debit
438437,00-99,THE BANK OF EAST ASIA LTD.,HK,visa,credit
438438,00-99,THE IWAGIN CREDIT SERVICE CO. LTD.,JP,visa,credit
438439,00-99,,IN,visa,credit
438440,00-99,THE DAITO CREDIT SERVICE LTD.,JP,visa,credit
438441,00-99,LANDMARK BANK N.A.,US,visa,debit
438442,00-99,WESTERN BANK,US,visa,debit
438443,00-99,THE DAITO CREDIT SERVICE LTD.,JP,visa,credit
438444,00-99,WMCU,US,visa,debit
438445,00-99,ZIONS FIRST NATIONAL BANK,US,visa,debit
438446,00-99,HSBC,IN,visa,credit
438447,00-99,SANTA CLARA VALLEY BANK N.A.,US,visa,debit
438448,00-99,ASIA-PACIFIC REGION,SG,visa,debit
438449,00-99,ASIA-PACIFIC REGION,SG,visa,debit
438450,00-99,WELLS FARGO BANK NATIONAL ASSOCIATION,US,visa,debit
438451,00-99,PETIT JEAN STATE BANK,US,visa,debit
438452,00-99,FIRST SECURE COMMUNITY BANK,US,visa,debit
438453,00-99,ST. LOUIS BANK,US,visa,debit
438454,00-99,WELLS FARGO BANK NATIONAL ASSOCIATION,US,visa,debit
438455,00-99,ASIA-PACIFIC REGION,SG,visa,debit
438456,00-99,ASIA-PACIFIC REGION,SG,visa,debit
438457,00-99,ASIA-PACIFIC REGION,SG,visa,debit
438458,00-99,ASIA-PACIFIC REGION,SG,visa,debit
438459,00-99,THE HONGKONG AND SHANGHAI BANKING CORPORATION LTD.,IN,visa,credit
438460,00-99,ON THE GRID FINANCIAL FEDERAL CREDIT UNION,US,visa,debit
438461,00-99,WELLS FARGO BANK N.A.,US,visa,debit
438462,00-99,MUTUAL SAVINGS ASSOCIATION,US,visa,debit
438463,00-99,OLYMPIA FEDERAL SAVINGS AND LOAN ASSOCIATION,US,visa,debit
438464,00-99,WELLS FARGO BANK N.A.,US,visa,debit
438465,00-99,CAIXABANK S.A.,ES,visa,credit
438466,00-99,THE PENNSVILLE NATIONAL BANK,US,visa,debit
438467,00-99,INWOOD NATIONAL BANK,US,visa,debit
438468,00-99,HSBC,IN,visa,credit
438469,00-99,WELLS FARGO BANK N.A.,US,visa,debit
438470,00-99,ROUND TOP STATE BANK,US,visa,debit
438471,00-99,,US,visa,debit
438472,00-99,ICBA BANCARD INC.,US,visa,debit
438473,00-99,WELLS FARGO BANK N.A.,US,visa,debit
438474,00-99,WELLS FARGO BANK N.A.,US,visa,debit
438475,00-99,WELLS FARGO BANK N.A.,US,visa,debit
438476,00-99,WELLS FARGO BANK N.A.,US,visa,debit
438477,00-99,THE PARK NATIONAL BANK,US,visa,credit
438478,00-99,THE PARK NATIONAL BANK,US,visa,credit
438479,00-99,THE PARK NATIONAL BANK,US,visa,debit
438480,00-99,WELLS FARGO BANK N.A.,US,visa,debit
438481,00-99,THE PARK NATIONAL BANK,US,visa,debit
438482,00-99,THE PARK NATIONAL BANK,US,visa,debit
438483,00-99,ICBA BANCARD INC.,US,visa,debit
438484,00-99,THE PARK NATIONAL BANK,US,visa,debit
438485,00-99,THE PARK NATIONAL BANK,US,visa,debit
438486,00-99,THE PARK NATIONAL BANK,US,visa,debit
438487,00-99,,US,visa,debit
438488,00-99,SOCIAL ISLAMI BANK LTD.,BD,visa,credit
438489,00-99,BLUE FLAME CREDIT UNION,US,visa,debit
438490,00-99,ICBA BANCARD,US,visa,debit
438491,00-99,SECURITY BANK S.B.,US,visa,debit
438492,00-99,MID MINNESOTA FEDERAL CREDIT UNION,US,visa,credit
438493,00-99,LANGLEY FEDERAL CREDIT UNION,US,visa,debit
438494,00-99,NCBA TANZANIA,TZ,visa,debit
438495,00-99,FIRSTBANK,US,visa,debit
438496,00-99,JPMORGAN CHASE BANK N.A.,US,visa,debit
438497,00-99,CENTRA CREDIT UNION,US,visa,credit
438498,00-99,WAYNE BANK,US,visa,debit
438499,00-99,CORPORATE AMERICA FAMILY CREDIT UNION,US,visa,credit
438500,00-99,ANB BANK,US,visa,debit
438501,00-99,FIRSTBANK,US,visa,debit
438502,00-99,WELLS FARGO BANK N.A.,US,visa,debit
438503,00-99,ICICI BANK LTD.,IN,visa,debit
438504,00-99,WELLS FARGO BANK N.A.,US,visa,debit
438505,00-99,ICBA BANCARD INC.,US,visa,debit
438506,00-99,CHHE FEDERAL CREDIT UNION,US,visa,debit
438507,00-99,WELLS FARGO BANK N.A.,US,visa,debit
438508,00-99,BYLINE BANK,US,visa,credit
438509,00-99,CORPORATE AMERICA FAMILY CREDIT UNION,US,visa,debit
438510,00-99,CORPORATE AMERICA FAMILY CREDIT UNION,US,visa,credit
438511,00-99,CENTRA CREDIT UNION,US,visa,credit
438512,00-99,CENTRA CREDIT UNION,US,visa,credit
438513,00-99,ANB BANK,US,visa,debit
438514,00-99,WELLS FARGO BANK N.A.,US,visa,debit
438515,00-99,WELLS FARGO BANK N.A.,US,visa,debit
438516,00-99,THE CITIZENS BANK,US,visa,debit
438517,00-99,HTLF BANK,US,visa,debit
438518,00-99,THE FIRST NATIONAL BANK IN TRINIDAD,US,visa,debit
438519,00-99,PISCATAQUA SAVINGS BANK,US,visa,debit
438520,00-99,,IN,visa,debit
438521,00-99,FINEXUS CARDS SDN BHD,MY,visa,debit
438522,00-99,TORONTO-DOMINION BANK,CA,visa,credit
438523,00-99,,US,visa,credit
438524,00-99,WHITE EAGLE CREDIT UNION,US,visa,debit
438525,00-99,CBC FEDERAL CREDIT UNION,US,visa,debit
438526,00-99,CHAVES COUNTY SCHOOL EMPLOYEES CREDIT UNION,US,visa,debit
438527,00-99,BANK OF NEVADA,US,visa,debit
438528,00-99,FIDELITY STATE BANK AND TRUST COMPANY,US,visa,debit
438529,00-99,HOMESTEAD BANK,US,visa,debit
438530,00-99,WELLS FARGO BANK NATIONAL ASSOCIATION,US,visa,credit
438531,00-99,21ST CENTURY BANK,US,visa,credit
438532,00-99,,US,visa,credit
438533,00-99,CSB BANK LTD.,IN,visa,debit
438534,00-99,NEW ERA BANK,US,visa,debit
438535,00-99,NATIONAL DEVELOPMENT BANK PLC,LK,visa,credit
438536,00-99,CORTRUST BANK,US,visa,credit
438537,00-99,PLAINS COMMERCE BANK,US,visa,credit
438538,00-99,CHINA CITIC BANK,CN,visa,credit
438539,00-99,CHINA CITIC BANK,CN,visa,credit
438540,00-99,CHINA CITIC BANK,CN,visa,credit
438541,00-99,CHINA CITIC BANK,CN,visa,debit
438542,00-99,NIUM LTD.,HK,visa,credit
438543,00-99,BANK OF THE PLAINS,US,visa,debit
438544,00-99,AMERICAN LAKE CREDIT UNION,US,visa,debit
438545,00-99,THE COMMUNITY BANK,US,visa,debit
438546,00-99,,US,visa,debit
438547,00-99,WELLS FARGO BANK NATIONAL ASSOCIATION,US,visa,debit
438548,00-99,TRANSPORTATION ALLIANCE BANK INC. D/B/A TAB BANK,US,visa,debit
438549,00-99,THREAD BANK,US,visa,debit
438550,00-99,WELLS FARGO BANK NATIONAL ASSOCIATION,US,visa,debit
438551,00-99,FIRST COMMUNITY CREDIT UNION,US,visa,debit
438552,00-99,STATEWIDE FEDERAL CREDIT UNION,US,visa,debit
438553,00-99,ALTAONE FEDERAL CREDIT UNION,US,visa,debit
438554,00-99,U.S. BANK N.A.,US,visa,credit
438555,00-99,ALTAONE FEDERAL CREDIT UNION,US,visa,credit
438556,00-99,STATEWIDE FEDERAL CREDIT UNION,US,visa,credit
438557,00-99,,US,visa,credit
438558,00-99,,CN,visa,debit
438559,00-99,CATHOLIC SYRIAN BANK LTD.,IN,visa,debit
438560,00-99,BANK FUND STAFF FEDERAL CREDIT UNION,US,visa,credit
438561,00-99,MEGHNA BANK PLC.,BD,visa,credit
438562,00-99,BANKUNITED NATIONAL ASSOCIATION,US,visa,debit
438563,00-99,WELLS FARGO BANK N.A.,US,visa,debit
438564,00-99,WMCU,US,visa,credit
438565,00-99,WELLS FARGO BANK N.A.,US,visa,debit
438566,00-99,WELLS FARGO BANK N.A.,US,visa,debit
438567,00-99,WELLS FARGO BANK N.A.,US,visa,debit
438568,00-99,PEOPLES STATE BANK OF COLFAX,US,visa,debit
438569,00-99,SKYLINE NATIONAL BANK,US,visa,debit
438570,00-99,COMMUNITY FINANCIAL SERVICES FEDERAL CREDIT UNION,US,visa,debit
438571,00-99,WELLS FARGO BANK N.A.,US,visa,debit
438572,00-99,WELLS FARGO BANK N.A.,US,visa,debit
438573,00-99,WELLS FARGO BANK N.A.,US,visa,debit
438574,00-99,INDUSTRIAL BANK,US,visa,debit
438575,00-99,MEGHNA BANK PLC.,BD,visa,credit
438576,00-99,CHINA CITIC BANK,CN,visa,debit
438577,00-99,WELLS FARGO BANK NATIONAL ASSOCIATION,US,visa,debit
438578,00-99,WELLS FARGO BANK N.A.,US,visa,debit
438579,00-99,UNION BANK N.A.,US,visa,credit
438580,00-99,AKITA INTERNATIONAL CARD CO. LTD.,JP,visa,credit
438581,00-99,CATHAY UNITED BANK,TW,visa,credit
438582,00-99,CATHAY UNITED BANK,TW,visa,credit
438583,00-99,121 FINANCIAL CREDIT UNION,US,visa,credit
438584,00-99,UAB B4B PAYMENTS EUROPE,SE,visa,debit
438585,00-99,SUNRATE PTE LTD.,SG,visa,debit
438586,00-99,THE BANK OF YOKOHAMA LTD.,JP,visa,credit
438587,00-99,AXIS BANK LTD.,IN,visa,credit
438588,00-99,ALIGN CREDIT UNION,US,visa,debit
438589,00-99,ALIGN CREDIT UNION,US,visa,credit
438590,00-99,ALIGN CREDIT UNION,US,visa,debit
438591,00-99,POWER FINANCIAL CREDIT UNION,US,visa,debit
438592,00-99,LAND OF LINCOLN CREDIT UNION,US,visa,debit
438593,00-99,CHINA CITIC BANK,CN,visa,debit
438594,00-99,MEGHNA BANK PLC.,BD,visa,debit
438595,00-99,CITIBANK BERHAD,MY,visa,credit
438596,00-99,THE BANK OF YOKOHAMA LTD.,JP,visa,credit
438597,00-99,WESTERN VISTA FEDERAL CREDIT UNION,US,visa,credit
438598,00-99,CITIBANK BERHAD,MY,visa,credit
438599,00-99,VISA DPS,US,visa,credit
438600,00-99,BANK OF SHANGHAI,CN,visa,debit
438601,00-99,WELLS FARGO BANK NATIONAL ASSOCIATION,US,visa,credit
438602,00-99,CAPITAL ONE NATIONAL ASSOCIATION,US,visa,credit
438603,00-99,BANK OF MILLBROOK,US,visa,credit
438604,00-99,PATHWARD N.A.,US,visa,debit
438605,00-99,THE BANCORP BANK NATIONAL ASSOCIATION,US,visa,credit
438606,00-99,PANHANDLE CREDIT UNION,US,visa,debit
438607,00-99,WELLS FARGO BANK NATIONAL ASSOCIATION,US,visa,credit
438608,00-99,SKYLA FEDERAL CREDIT UNION,US,visa,debit
438609,00-99,SERVICES CREDIT UNION,US,visa,debit
438610,00-99,TCM BANK NATIONAL ASSOCIATION,US,visa,debit
438611,00-99,WELLS FARGO BANK N.A.,US,visa,debit
438612,00-99,VISTA BANK,US,visa,debit
438613,00-99,TCM BANK NATIONAL ASSOCIATION,US,visa,debit
438614,00-99,THE VINTON COUNTY NATIONAL BANK,US,visa,debit
438615,00-99,ITS BANK,US,visa,debit
438616,00-99,ASIA-PACIFIC REGION,SG,visa,credit
438617,00-99,CHINA CONSTRUCTION BANK (ASIA) CORPORATION LTD.,HK,visa,credit
438618,00-99,CHINA CONSTRUCTION BANK (ASIA) CORPORATION LTD.,HK,visa,credit
438619,00-99,BANK OF SUZHOU CO. LTD,CN,visa,credit
438620,00-99,,ES,visa,credit
438621,00-99,FIRST ARKANSAS BANK AND TRUST,US,visa,credit
438622,00-99,FIDELITY NATIONAL INFORMATION SERVICES INC.,US,visa,credit
438623,00-99,CITY UNION BANK LTD.,IN,visa,debit
438624,00-99,HDFC BANK LTD.,IN,visa,debit
438625,00-99,THE AKITA BANK LTD,JP,visa,credit
438626,00-99,THE BANK OF YOKOHAMA LTD.,JP,visa,credit
438627,00-99,ZIONS BANCORPORATION NATIONAL ASSOCIATION,US,visa,credit
438628,00-99,CITIBANK,IN,visa,credit
438629,00-99,UNITED OVERSEAS BANK (MALAYSIA) BHD,MY,visa,credit
438630,00-99,BANCO AGRICOLA S.A.,SV,visa,debit
438631,00-99,FIRST IC BANK,US,visa,debit
438632,00-99,MEGHNA BANK PLC.,BD,visa,credit
438633,00-99,WESTERN COMMERCE BANK,US,visa,debit
438634,00-99,SECURITYPLUS FEDERAL CREDIT UNION,US,visa,debit
438635,00-99,LINDELL BANK,US,visa,debit
438636,00-99,SURETY BANK,US,visa,debit
438637,00-99,WHEELER COUNTY STATE BANK,US,visa,credit
438638,00-99,BMO HARRIS BANK N.A.,US,visa,debit
438639,00-99,BAYFIRST NATIONAL BANK,US,visa,debit
438640,00-99,SOUTH STATE BANK,US,visa,debit
438641,00-99,BANK OF AMERICA - CONSUMER CREDIT,US,visa,credit
438642,00-99,MEGHNA BANK PLC.,BD,visa,credit
438643,00-99,BANK OF AMERICA - CONSUMER CREDIT,US,visa,credit
438644,00-99,BANK OF AMERICA NATIONAL ASSOCIATION,US,visa,credit
438645,00-99,,IN,visa,debit
438646,00-99,BANK OF AMERICA - CONSUMER CREDIT,US,visa,credit
438647,00-99,FIRST ENTERPRISE BANK,US,visa,credit
438648,00-99,POWER FINANCIAL CREDIT UNION,US,visa,debit
438649,00-99,PINNACLE BANK,US,visa,debit
438650,00-99,DISCOVERY FEDERAL CREDIT UNION,US,visa,debit
438651,00-99,UTILITIES EMPLOYEES CREDIT UNION,US,visa,debit
438652,00-99,WELLS FARGO BANK NATIONAL ASSOCIATION,US,visa,credit
438653,00-99,,IN,visa,debit
438654,00-99,LOTTE CARD COMPANY LTD.,KR,visa,credit
438655,00-99,WELLS FARGO BANK NATIONAL ASSOCIATION,US,visa,credit
438656,00-99,DHAKA BANK,BD,visa,debit
438657,00-99,WILDFIRE CREDIT UNION,US,visa,debit
438658,00-99,TEXAS DOW EMPLOYEES CREDIT UNION,US,visa,credit
438659,00-99,WAYNE COUNTY BANK,US,visa,credit
438660,00-99,JPMORGAN CHASE BANK N.A.,US,visa,credit
438661,00-99,VALLEY CREDIT UNION,US,visa,debit
438662,00-99,WESTERN NATIONAL BANK,US,visa,debit
438663,00-99,THE OLD POINT NATIONAL BANK OF PHOEBUS,US,visa,credit
438664,00-99,FIRST NATIONAL BANK OF OMAHA,US,visa,credit
438665,00-99,THE CHIKUHO BANK LTD.,JP,visa,credit
438666,00-99,THE SHIKOKU BANK LTD.,JP,visa,credit
438667,00-99,SECOND CREDIT COOPERATIVE OF KEELUNG,TW,visa,credit
438668,00-99,PUBLIC BANK BERHAD,MY,visa,credit
438669,00-99,,IN,visa,debit
438670,00-99,QUALSTAR CREDIT UNION,US,visa,debit
438671,00-99,MISSION BANK,US,visa,debit
438672,00-99,ITAU UNIBANCO HOLDING S.A.,BR,visa,credit
438673,00-99,,US,visa,credit
438674,00-99,WOORI CARD CO. LTD.,KR,visa,debit
438675,00-99,HSBC BANK MALAYSIA BERHAD,MY,visa,credit
438676,00-99,SHINHAN CARD CO. LTD.,KR,visa,credit
438677,00-99,,US,visa,credit
438678,00-99,CAIXABANK S.A.,ES,visa,debit
438679,00-99,CITIBANK,TH,visa,credit
438680,00-99,THE GROUP FOR CARD SERVICES,QA,visa,debit
438681,00-99,WASHINGTON FEDERAL NATIONAL ASSOCIATION,US,visa,debit
438682,00-99,DAH SING BANK LTD.,HK,visa,debit
438683,00-99,BANK OF UTAH,US,visa,credit
438684,00-99,,US,visa,credit
438685,00-99,FIRST UNITED BANK & TRUST,US,visa,debit
438686,00-99,LA BANQUE AGRICOLE (LBA),SN,visa,debit
438687,00-99,COMMONROOTS FEDERAL CREDIT UNION,US,visa,credit
438688,00-99,MERIWEST CREDIT UNION,US,visa,debit
438689,00-99,LAKE CITY BANK,US,visa,debit
438690,00-99,NIUM PTE LTD.,SG,visa,debit
438691,00-99,CORIS BANK INTERNATIONAL,BF,visa,debit
438692,00-99,MOKELUMNE FEDERAL CREDIT UNION,US,visa,debit
438693,00-99,LA BANQUE AGRICOLE (LBA),SN,visa,debit
438694,00-99,BANK OF MALDIVES PLC,MV,visa,credit
438695,00-99,FIRST COMMUNITY CREDIT UNION,US,visa,credit
438696,00-99,UNICAJA BANCO S.A,ES,visa,debit
438697,00-99,MOODY NATIONAL BANK,US,visa,debit
438698,00-99,CBW BANK,US,visa,debit
438699,00-99,BERKSHIRE BANK,US,visa,debit
438700,00-99,WABELLCO FEDERAL CREDIT UNION,US,visa,debit
438701,00-99,IVES BANK,US,visa,debit
438702,00-99,BANK IOWA,US,visa,debit
438703,00-99,EAGLE BANK,US,visa,debit
438704,00-99,WMCU,US,visa,credit
438705,00-99,DALLAS CAPITAL BANK,US,visa,credit
438706,00-99,GUARANTY STATE BANK AND TRUST COMPANY,US,visa,debit
438707,00-99,FIRST NATIONAL BANK OF HUNTSVILLE,US,visa,debit
438708,00-99,PNC FINANCIAL SERVICES GROUP INC.,US,visa,credit
438709,00-99,FREEDOM CREDIT UNION,US,visa,debit
438710,00-99,PNC FINANCIAL SERVICES GROUP INC.,US,visa,credit
438711,00-99,THREAD BANK,US,visa,debit
438712,00-99,BRIDGETON ONIZED FEDERAL CREDIT UNION,US,visa,credit
438713,00-99,BANK OF AMERICA NATIONAL ASSOCIATION,US,visa,credit
438714,00-99,OLD NATIONAL BANK,US,visa,debit
438715,00-99,RHINEBECK SAVINGS BANK,US,visa,debit
438716,00-99,ALLIANCE BANK,US,visa,debit
438717,00-99,MYPOINT CREDIT UNION,US,visa,credit
438718,00-99,WEX BANK,US,visa,credit
438719,00-99,PALISADES FEDERAL CREDIT UNION,US,visa,debit
438720,00-99,THE SHIKOKU BANK LTD.,JP,visa,credit
438721,00-99,MISSION FEDERAL CREDIT UNION,US,visa,credit
438722,00-99,COMERICA BANK,US,visa,debit
438723,00-99,GUARANTY STATE BANK AND TRUST COMPANY,US,visa,debit
438724,00-99,WEDEVELOPEMENT FEDERAL CREDIT UNION,US,visa,debit
438725,00-99,BANCO BILBAO VIZCAYA ARGENTARIA S.A. (BBVA),ES,visa,credit
438726,00-99,FIRST NEW MEXICO BANK,US,visa,debit
438727,00-99,COMERICA BANK,US,visa,debit
438728,00-99,TINKER FEDERAL CREDIT UNION,US,visa,credit
438729,00-99,BANK OF AMERICA NATIONAL ASSOCIATION,US,visa,credit
438730,00-99,FARM BUREAU BANK F.S.B.,US,visa,credit
438731,00-99,BANK OF AMERICA NATIONAL ASSOCIATION,US,visa,credit
438732,00-99,FARM BUREAU BANK FSB,US,visa,credit
438733,00-99,,BD,visa,credit
438734,00-99,WEX BANK,US,visa,credit
438735,00-99,MAYO EMPLOYEES FEDERAL CREDIT UNION,US,visa,credit
438736,00-99,MAYO EMPLOYEES FEDERAL CREDIT UNION,US,visa,credit
438737,00-99,,US,visa,credit
438738,00-99,CREDIT UNION OF OHIO,US,visa,credit
438739,00-99,WALTON COUNTY TEACHERS FEDERAL CREDIT UNION,US,visa,debit
438740,00-99,WV NATIONAL GUARD FEDERAL CREDIT UNION,US,visa,credit
438741,00-99,XPLORE FEDERAL CREDIT UNION,US,visa,credit
438742,00-99,SAN DIEGO FIREFIGHTERS FEDERAL CREDIT UNION,US,visa,credit
438743,00-99,SOLVAY BANK,US,visa,debit
438744,00-99,THE OLD POINT NATIONAL BANK OF PHOEBUS,US,visa,credit
438745,00-99,VERITY CREDIT UNION,US,visa,credit
438746,00-99,THE OLD POINT NATIONAL BANK OF PHOEBUS,US,visa,debit
438747,00-99,SEABOARD FEDERAL CREDIT UNION,US,visa,debit
438748,00-99,RELIANT COMMUNITY FEDERAL CREDIT UNION,US,visa,debit
438749,00-99,CATALYST BANK,US,visa,debit
438750,00-99,NEIGHBORS CREDIT UNION,US,visa,credit
438751,00-99,WEX BANK,US,visa,credit
438752,00-99,YOUNG COMMUNITY FEDERAL CREDIT UNION,US,visa,debit
438753,00-99,PACIFIC CREST FEDERAL CREDIT UNION,US,visa,credit
438754,00-99,DEMOCRACY FEDERAL CREDIT UNION,US,visa,credit
438755,00-99,SAN DIEGO COUNTY CREDIT UNION,US,visa,credit
438756,00-99,EASTMAN CREDIT UNION,US,visa,credit
438757,00-99,EASTMAN CREDIT UNION,US,visa,credit
438758,00-99,THE OLD POINT NATIONAL BANK OF PHOEBUS,US,visa,debit
438759,00-99,THE OLD POINT NATIONAL BANK OF PHOEBUS,US,visa,debit
438760,00-99,THE OLD POINT NATIONAL BANK OF PHOEBUS,US,visa,debit
438761,00-99,UNITED BANKERS' BANK,US,visa,debit
438762,00-99,SILICON VALLEY BANK,US,visa,credit
438763,00-99,STANFORD FEDERAL CREDIT UNION,US,visa,credit
438764,00-99,CORNERSTONE BANK,US,visa,debit
438765,00-99,TD BANK NATIONAL ASSOCIATION,US,visa,debit
438766,00-99,TD BANK NATIONAL ASSOCIATION,US,visa,debit
438767,00-99,F3 CREDIT UNION,US,visa,credit
438768,00-99,LEAD BANK,US,visa,credit
438769,00-99,CELTIC BANK,US,visa,credit
438770,00-99,LIFECARD CO. LTD.,JP,visa,debit
438771,00-99,VIRIVA COMMUNITY CREDIT UNION,US,visa,credit
438772,00-99,ARAB NATIONAL BANK,SA,visa,credit
438773,00-99,SBI CARDS AND PAYMENT SERVICES LTD.,IN,visa,credit
438774,00-99,SBI CARDS AND PAYMENT SERVICES LTD.,IN,visa,credit
438775,00-99,JPMORGAN CHASE BANK N.A.,US,visa,credit
438776,00-99,ONE CREDIT UNION OF NY,US,visa,debit
438777,00-99,CROSS BANK,US,visa,debit
438778,00-99,ZIONS BANCORPORATION NATIONAL ASSOCIATION,US,visa,debit
438779,00-99,NAVIGANT CREDIT UNION,US,visa,debit
438780,00-99,LEAD BANK,US,visa,credit
438781,00-99,,US,visa,credit
438782,00-99,PUTNAM BANK,US,visa,debit
438783,00-99,BANK OF AMERICA NATIONAL ASSOCIATION,US,visa,credit
438784,00-99,MERRICK BANK CORPORATION,US,visa,debit
438785,00-99,MYPOINT CREDIT UNION,US,visa,credit
438786,00-99,SJN BANK OF KANSAS,US,visa,debit
438787,00-99,JOVIA FINANCIAL FEDERAL CREDIT UNION,US,visa,debit
438788,00-99,THE FNB COMMUNITY BANK,US,visa,debit
438789,00-99,BRANCH BANKING AND TRUST COMPANY,US,visa,credit
438790,00-99,AU SMALL FINANCE BANK LTD.,IN,visa,debit
438791,00-99,WEX BANK,US,visa,credit
438792,00-99,CARD SERVICES FOR CREDIT UNIONS,US,visa,debit
438793,00-99,U.S. BANK N.A.,US,visa,credit
438794,00-99,ECOMMBX LTD.,CY,visa,debit
438795,00-99,FIRST AMERICAN BANK AND TRUST,US,visa,credit
438796,00-99,THE FIRST NATIONAL BANK OF LONG ISLAND,US,visa,credit
438797,00-99,WILDFIRE CREDIT UNION,US,visa,credit
438798,00-99,SUN FEDERAL CREDIT UNION,US,visa,debit
438799,00-99,SUN FEDERAL CREDIT UNION,US,visa,credit
438800,00-99,SUN FEDERAL CREDIT UNION,US,visa,debit
438801,00-99,CITIZENS BANK NATIONAL ASSOCIATION,US,visa,debit
438802,00-99,BANK OF AMERICA NATIONAL ASSOCIATION,CA,visa,credit
438803,00-99,U.S. BANK N.A.,US,visa,credit
438804,00-99,BANKERS TRUST COMPANY,US,visa,credit
438805,00-99,CAPITAL ONE BANK (USA) N.A.,US,visa,credit
438806,00-99,CAPITAL ONE BANK (USA) N.A.,US,visa,credit
438807,00-99,BANQUE MISR,EG,visa,debit
438808,00-99,STANDARD CHARTERED BANK,BN,visa,credit
438809,00-99,THE HARBOR BANK OF MARYLAND,US,visa,credit
438810,00-99,HATTON NATIONAL BANK PLC,LK,visa,debit
438811,00-99,UNITED FEDERAL CREDIT UNION,US,visa,debit
438812,00-99,ELECTRONIC PAYMENT SERVICES INC.,US,visa,credit
438813,00-99,FIFTH THIRD BANK,US,visa,credit
438814,00-99,CAPITAL ONE BANK (USA) N.A.,US,visa,credit
438815,00-99,TIB NATIONAL ASSOCIATION,US,visa,credit
438816,00-99,,US,visa,credit
438817,00-99,JPMORGAN CHASE BANK N.A.,US,visa,credit
438818,00-99,TNCONNECT CREDIT UNION,US,visa,credit
438819,00-99,JOVIA FINANCIAL FEDERAL CREDIT UNION,US,visa,credit
438820,00-99,JPMORGAN CHASE BANK N.A.,US,visa,debit
438821,00-99,HAWAIIAN FINANCIAL FEDERAL CREDIT UNION,US,visa,credit
438822,00-99,HAWAIIAN FINANCIAL FEDERAL CREDIT UNION,US,visa,credit
438823,00-99,HAWAIIAN FINANCIAL FEDERAL CREDIT UNION,US,visa,credit
438824,00-99,WELLS FARGO BANK N.A.,US,visa,debit
438825,00-99,KEYBANK N.A.,US,visa,credit
438826,00-99,CAPITAL ONE NATIONAL ASSOCIATION,US,visa,credit
438827,00-99,PNC FINANCIAL SERVICES GROUP INC.,US,visa,credit
438828,00-99,UMB BANK NATIONAL ASSOCIATION,US,visa,debit
438829,00-99,WELLS FARGO BANK NATIONAL ASSOCIATION,US,visa,debit
438830,00-99,WELLS FARGO BANK N.A.,US,visa,credit
438831,00-99,CITIZENS BANK N.A.,US,visa,credit
438832,00-99,CITIZENS BANK N.A.,US,visa,credit
438833,00-99,CITIZENS BANK N.A.,US,visa,credit
438834,00-99,CITIZENS BANK NATIONAL ASSOCIATION,US,visa,credit
438835,00-99,CENTRAL BANK & TRUST CO.,US,visa,credit
438836,00-99,OJSC BTB BANK,AZ,visa,debit
438837,00-99,SOUTHERN BANK OF TENNESSEE,US,visa,debit
438838,00-99,WESCOM CENTRAL CREDIT UNION,US,visa,credit
438839,00-99,SEVEN SEVENTEEN CREDIT UNION INC.,US,visa,debit
438840,00-99,THE FIRST NATIONAL BANK OF SCOTT CITY,US,visa,credit
438841,00-99,TENSAS STATE BANK,US,visa,debit
438842,00-99,FREDERICK COUNTY BANK,US,visa,debit
438843,00-99,CITIBANK N.A.,US,visa,credit
438844,00-99,BANCO COMAFI S.A.,AR,visa,debit
438845,00-99,CAPITAL ONE NATIONAL ASSOCIATION,US,visa,credit
438846,00-99,GE CAPITAL FINANCIAL INC.,US,visa,debit
438847,00-99,WHITE ROSE CREDIT UNION,US,visa,debit
438848,00-99,CARD SERVICES FOR CREDIT UNIONS,US,visa,credit
438849,00-99,BANK OF AMERICA NATIONAL ASSOCIATION,US,visa,credit
438850,00-99,BANKERS TRUST COMPANY,US,visa,credit
438851,00-99,WELLS FARGO BANK N.A.,US,visa,credit
438852,00-99,JPMORGAN CHASE BANK N.A.,US,visa,credit
438853,00-99,MISSION FEDERAL CREDIT UNION,US,visa,credit
438854,00-99,JPMORGAN CHASE BANK N.A.,US,visa,credit
438855,00-99,BANK OF AMERICA NATIONAL ASSOCIATION,US,visa,credit
438856,00-99,CAPITAL ONE NATIONAL ASSOCIATION,US,visa,credit
438857,00-99,JPMORGAN CHASE BANK N.A.,US,visa,credit
438858,00-99,SUNMARK CREDIT UNION,US,visa,credit
438859,00-99,SUNMARK CREDIT UNION,US,visa,credit
438860,00-99,CAPITAL ONE BANK (USA) N.A.,US,visa,credit
438861,00-99,WESTEX COMMUNITY CREDIT UNION,US,visa,debit
438862,00-99,WELLS FARGO BANK N.A.,US,visa,credit
438863,00-99,FIRST COMMERCIAL BANK (USA),US,visa,debit
438864,00-99,CAPITAL ONE NATIONAL ASSOCIATION,US,visa,credit
438865,00-99,OTP BANKA SRBIJA A.D. NOVI SAD,RS,visa,debit
438866,00-99,VERMILION BANK & TRUST COMPANY,US,visa,credit
438867,00-99,,NP,visa,credit
438868,00-99,PEOPLE'S TRUST FEDERAL CREDIT UNION,US,visa,debit
438869,00-99,OCEAN FINANCIAL FEDERAL CREDIT UNION,US,visa,debit
438870,00-99,KEYBANK N.A.,US,visa,debit
438871,00-99,WESTERN DIVISION FEDERAL CREDIT UNION,US,visa,debit
438872,00-99,TOMPKINS TRUST COMPANY,US,visa,credit
438873,00-99,STATE EMPLOYEES CREDIT UNION OF MARYLAND INC.,US,visa,credit
438874,00-99,PUBLIC JOINT-STOCK COMPANY KVANT MOBILE BANK,RU,visa,debit
438875,00-99,INDUE LTD.,AU,visa,debit
438876,00-99,TRUITY FEDERAL CREDIT UNION,US,visa,credit
438877,00-99,WELLS FARGO BANK NATIONAL ASSOCIATION,US,visa,credit
438878,00-99,FIRST NATIONAL BANK OF OMAHA,US,visa,credit
438879,00-99,ZIONS BANCORPORATION NATIONAL ASSOCIATION,US,visa,credit
438880,00-99,BANK OF AMERICA NATIONAL ASSOCIATION,US,visa,credit
438881,00-99,BAYLAKE BANK,US,visa,debit
438882,00-99,TCM BANK N.A.,US,visa,credit
438883,00-99,TRAILWEST BANK,US,visa,credit
438884,00-99,WELLS FARGO BANK NATIONAL ASSOCIATION,US,visa,credit
438885,00-99,CAPITAL ONE BANK (USA) N.A.,US,visa,credit
438886,00-99,CAPITAL ONE BANK (USA) N.A.,US,visa,credit
438887,00-99,WESTMORELAND WATER FEDERAL CREDIT UNION,US,visa,debit
438888,00-99,CAPITAL ONE BANK (USA) N.A.,US,visa,credit
438889,00-99,WESTERN COMMERCE BANK,US,visa,debit
438890,00-99,FLATIRONS BANK,US,visa,debit
438891,00-99,BANKERS TRUST COMPANY,US,visa,credit
438892,00-99,BANK OF AMERICA NATIONAL ASSOCIATION,US,visa,credit
438893,00-99,HSBC BANK USA N.A.,US,visa,credit
438894,00-99,HSBC BANK USA N.A.,US,visa,credit
438895,00-99,WELLS FARGO BANK N.A.,US,visa,credit
438896,00-99,WELLS FARGO BANK N.A.,US,visa,credit
438897,00-99,STANDARD BANK SARL,MZ,visa,debit
438898,00-99,US METRO BANK,US,visa,credit
438899,00-99,PUBLIC BANK BERHAD,MY,visa,credit
438900,00-99,DOCK INSTITUICAO DE PAGAMENTO S.A.,BR,visa,credit
438901,00-99,HYUNDAI CARD COMPANY LTD.,KR,visa,credit
438902,00-99,BC CARD COMPANY LTD.,KR,visa,credit
438903,00-99,ITAU UNIBANCO HOLDING S.A.,BR,visa,credit
438904,00-99,AFINZ INSTITUICAO DE PAGAMENTO S.A.,BR,visa,credit
438905,00-99,THE TAJIMA BANK LTD.,JP,visa,credit
438906,00-99,TSUKUBA BANK LTD.,JP,visa,credit
438907,00-99,FISERV SOLUTIONS LLC,US,visa,credit
438908,00-99,ICBA BANCARD,US,visa,debit
438909,00-99,SOUND CREDIT UNION,US,visa,credit
438910,00-99,WESTREET FEDERAL CREDIT UNION,US,visa,debit
438911,00-99,SUNWARD FEDERAL CREDIT UNION,US,visa,credit
438912,00-99,WEST VIRGINIA CENTRAL FEDERAL CREDIT UNION,US,visa,debit
438913,00-99,BRUNING BANK,US,visa,debit
438914,00-99,BARCLAYS BANK OF ZIMBABWE LTD.,ZW,visa,credit
438915,00-99,THE CITY NATIONAL BANK OF SULPHUR SPRINGS,US,visa,debit
438916,00-99,VSEOBECNA UVEROVA BANKA A.S.,SK,visa,credit
438917,00-99,NORTHRIM BANK,US,visa,debit
438918,00-99,,US,visa,credit
438919,00-99,ADVANCIAL FEDERAL CREDIT UNION,US,visa,debit
438920,00-99,CREDIT DU CONGO,CG,visa,debit
438921,00-99,VALES INTERCONTINENTALES S.A.,CR,visa,credit
438922,00-99,THE KWANGJU BANK LTD.,KR,visa,debit
438923,00-99,SWEDBANK A.S.,LV,visa,credit
438924,00-99,BANK GOSPODARKI ZYWNOSCIOWEJ S.A.,PL,visa,credit
438925,00-99,GOLDEN PLAINS CREDIT UNION,US,visa,debit
438926,00-99,,US,visa,credit
438927,00-99,JSC STATE SAVINGS BANK OF UKRAINE (JSC OSCHADBANK),UA,visa,credit
438928,00-99,THE BANCORP BANK NATIONAL ASSOCIATION,US,visa,credit
438929,00-99,COMMERCIAL BANK OF DUBAI(PSC),AE,visa,debit
438930,00-99,MOLDCELL S.A.,MD,visa,credit
438931,00-99,CHELINDBANK,RU,visa,debit
438932,00-99,CHELINDBANK,RU,visa,debit
438933,00-99,PJSC ROSBANK,RU,visa,credit
438934,00-99,AS SEB LATVIJAS UNIBANKA,LV,visa,credit
438935,00-99,BANCO DO BRASIL,BR,visa,credit
438936,00-99,SWEDBANK AS,LV,visa,credit
438937,00-99,SWEDBANK A.S.,LV,visa,credit
438938,00-99,SWEDBANK A.S.,LV,visa,debit
438939,00-99,JSC HANSABANKA,LV,visa,credit
438940,00-99,HOPE FEDERAL CREDIT UNION,US,visa,credit
438941,00-99,SESLOC CREDIT UNION,US,visa,credit
438942,00-99,CORNERSTONE FINANCIAL CREDIT UNION,US,visa,credit
438943,00-99,CHRISTIAN COMMUNITY CREDIT UNION,US,visa,credit
438944,00-99,CHRISTIAN COMMUNITY CREDIT UNION,US,visa,credit
438945,00-99,WELLS FARGO BANK N.A.,US,visa,credit
438946,00-99,CERESCOBANK,US,visa,debit
438947,00-99,WEST PLAINS BANK,US,visa,debit
438948,00-99,QATAR NATIONAL BANK - TUNISIA,TN,visa,debit
438949,00-99,COMMERCE BANCSHARES INC.,US,visa,credit
438950,00-99,TCF BANK,US,visa,debit
438951,00-99,TCF BANK,US,visa,debit
438952,00-99,TCF BANK,US,visa,debit
438953,00-99,TCF BANK,US,visa,debit
438954,00-99,TCF BANK,US,visa,debit
438955,00-99,RAIFFEISEN BANK S.A.,RO,visa,debit
438956,00-99,ABN AMRO BANK (POLSKA) S.A.,PL,visa,credit
438957,00-99,ABN AMRO BANK (POLSKA) S.A.,PL,visa,credit
438958,00-99,THE BANCORP BANK NATIONAL ASSOCIATION,US,visa,debit
438959,00-99,PATHWARD N.A.,US,visa,debit
438960,00-99,,US,visa,debit
438961,00-99,COMMERCE BANCSHARES INC.,US,visa,credit
438962,00-99,,US,visa,debit
438963,00-99,PATHWARD N.A.,US,visa,debit
438964,00-99,CIERA BANK,US,visa,debit
438965,00-99,KCB BANK KENYA LTD.,KE,visa,credit
438966,00-99,AMERICA FIRST FEDERAL CREDIT UNION,US,visa,credit
438967,00-99,,US,visa,credit
438968,00-99,PNC BANK NATIONAL ASSOCIATION,US,visa,debit
438969,00-99,BANKA KOVANICA D.D.,HR,visa,debit
438970,00-99,PJSC ROSBANK,RU,visa,debit
438971,00-99,PJSC ROSBANK,RU,visa,credit
438972,00-99,CITIZENS NATIONAL BANK OF TEXAS,US,visa,debit
438973,00-99,QNB TUNISIA,TN,visa,debit
438974,00-99,MERCHANTS BANK,US,visa,credit
438975,00-99,UMB BANK NATIONAL ASSOCIATION,US,visa,debit
438976,00-99,PAYTM PAYMENTS BANK LTD.,IN,visa,debit
438977,00-99,BNP PARIBAS BANK POLSKA S.A.,PL,visa,credit
438978,00-99,BANK GOSPODARKI ZYWNOSCIOWEJ S.A.,PL,visa,credit
438979,00-99,HVB BANK HUNGARY RT.,HU,visa,credit
438980,00-99,ABU DHABI COMMERCIAL BANK,AE,visa,credit
438981,00-99,ABU DHABI COMMERCIAL BANK,AE,visa,credit
438982,00-99,ABU DHABI COMMERCIAL BANK,AE,visa,debit
438983,00-99,COMMUNITY FEDERAL SAVINGS BANK,US,visa,debit
438984,00-99,PENNSYLVANIA STATE EMPLOYEES CREDIT UNION,US,visa,credit
438985,00-99,ABSA BANK BOTSWANA LTD.,BW,visa,debit
438986,00-99,STANDARD CHARTERED BANK,BW,visa,credit
438987,00-99,ZIPMONEY PAYMENTS PTY LTD.,AU,visa,credit
438988,00-99,,IN,visa,debit
438989,00-99,SECURITY STATE BANK,US,visa,debit
438990,00-99,BAHRAIN ISLAMIC BANK BSC,BH,visa,debit
438991,00-99,BANK OF EAST ASIA LTD.,HK,visa,credit
438992,00-99,GESA CREDIT UNION,US,visa,debit
438993,00-99,THE DENISON STATE BANK,US,visa,debit
438994,00-99,THE DENISON STATE BANK,US,visa,credit
438995,00-99,THE DENISON STATE BANK,US,visa,debit
438996,00-99,BAHRAIN ISLAMIC BANK BSC,BH,visa,debit
438997,00-99,KHALEEJI BANK B.S.C,BH,visa,credit
438998,00-99,ARAB FINANCIAL SERVICES COMPANY,BH,visa,debit
438999,00-99,THE BANCORP BANK NATIONAL ASSOCIATION,US,visa,debit
439000,00-99,CJSC ALFA-BANK,RU,visa,credit
439001,00-99,CHEQUEMAX,SV,visa,credit
439002,00-99,CHEQUEMAX,SV,visa,credit
439003,00-99,SUPERIOR CREDIT UNION INC.,US,visa,credit
439004,00-99,SUPERIOR CREDIT UNION INC.,US,visa,credit
439005,00-99,CITIBANK NATIONAL ASSOCIATION - CONSUMER,US,visa,credit
439006,00-99,HFS FEDERAL CREDIT UNION,US,visa,credit
439007,00-99,PACIFIC CREST FEDERAL CREDIT UNION,US,visa,credit
439008,00-99,PACIFIC CREST FEDERAL CREDIT UNION,US,visa,credit
439009,00-99,FIRST ARKANSAS BANK & TRUST,US,visa,credit
439010,00-99,JEANNE D'ARC CREDIT UNION,US,visa,debit
439011,00-99,U.S. BANK N.A.,US,visa,debit
439012,00-99,ASIA GREEN DEVELOPMENT BANK LTD.,MM,visa,credit
439013,00-99,BANCO MERCANTIL DO BRASIL S.A.,BR,visa,credit
439014,00-99,BANCO MERCANTIL DO BRASIL S.A.,BR,visa,credit
439015,00-99,ASIA GREEN DEVELOPMENT BANK LTD.,MM,visa,credit
439016,00-99,BANCO MERCANTIL DO BRASIL S.A.,BR,visa,credit
439017,00-99,BANCO MERCANTIL DO BRASIL S.A.,BR,visa,credit
439018,00-99,BANCO MERCANTIL DO BRASIL S.A.,BR,visa,credit
439019,00-99,BANCO MERCANTIL DO BRASIL S.A.,BR,visa,credit
439020,00-99,BANCO MERCANTIL DO BRASIL S.A.,BR,visa,credit
439021,00-99,BANCO MERCANTIL DO BRASIL S.A.,BR,visa,credit
439022,00-99,BANCO MERCANTIL DO BRASIL S.A.,BR,visa,credit
439023,00-99,JSC CREDIT AGRICOLE BANK,UA,visa,debit
439024,00-99,JSC CREDIT AGRICOLE BANK,UA,visa,debit
439025,00-99,PJSC CREDIT AGRICOLE BANK,UA,visa,debit
439026,00-99,PIRAEUS BANK A.D. BEOGRAD,RS,visa,credit
439027,00-99,BANCO BRADESCO S.A.,BR,visa,credit
439028,00-99,PIRAEUS BANK A.D. BEOGRAD,RS,visa,debit
439029,00-99,EUROBANK DIREKTNA AKCIONARSKO DRUSTVO BEOGRAD,RS,visa,debit
439030,00-99,PIRAEUS BANK A.D. BEOGRAD,RS,visa,debit
439031,00-99,PIRAEUS BANK A.D. BEOGRAD,RS,visa,credit
439032,00-99,JSC BANK REPUBLIC,GE,visa,debit
439033,00-99,JSC BANK REPUBLIC,GE,visa,debit
439034,00-99,JSC BANK REPUBLIC,GE,visa,debit
439035,00-99,JSC BANK REPUBLIC,GE,visa,debit
439036,00-99,ZEPTER BANKA A.D.,RS,visa,debit
439037,00-99,ZEPTER BANKA A.D.,RS,visa,credit
439038,00-99,JSC CREDIT AGRICOLE BANK,UA,visa,credit
439039,00-99,PJSC CREDIT AGRICOLE BANK,UA,visa,credit
439040,00-99,U.S. REGION,US,visa,debit
439041,00-99,GESA CREDIT UNION,US,visa,credit
439042,00-99,STATE EMPLOYEES CREDIT UNION OF MARYLAND INC.,US,visa,debit
439043,00-99,WILMINGTON SAVINGS FUND SOCIETY FSB,US,visa,debit
439044,00-99,WILMINGTON SAVINGS FUND SOCIETY FSB,US,visa,debit
439045,00-99,SCOTIABANK PERU S.A.A.,PE,visa,credit
439046,00-99,INTERBANK - BANCO INTERNACIONAL DEL PERU,PE,visa,credit
439047,00-99,AKITA INTERNATIONAL CARD CO. LTD.,JP,visa,credit
439048,00-99,TSUKUBA BANK LTD.,JP,visa,credit
439049,00-99,JSC CB PRAVEX-BANK,UA,visa,debit
439050,00-99,VTB BANK PJSC,RU,visa,debit
439051,00-99,PJSC KREDITPROMBANK,UA,visa,debit
439052,00-99,HSBC BANK MIDDLE EAST,AE,visa,debit
439053,00-99,OPENED JSC KREDITPROMBANK,UA,visa,credit
439054,00-99,PUBLIC JOINT STOCK COMPANY PROMSVYAZBANK,RU,visa,debit
439055,00-99,PUBLIC JOINT STOCK COMPANY PROMSVYAZBANK,RU,visa,debit
439056,00-99,PUBLIC JOINT STOCK COMPANY PROMSVYAZBANK,RU,visa,debit
439057,00-99,INT. BANK FOR SETTLEMENTS OF THE TELECOM. & POSTAL SERVICES SVIAZ-BANK,RU,visa,debit
439058,00-99,SOCIETE GENERALE EXPRESSBANK,BG,visa,debit
439059,00-99,PT BANK NEGARA INDONESIA (PERSERO) TBK,ID,visa,credit
439060,00-99,INDUSTRIAL AND COMMERCIAL BANK OF CHINA (ASIA) LTD.,HK,visa,credit
439061,00-99,INDUSTRIAL AND COMMERCIAL BANK OF CHINA (ASIA) LTD.,HK,visa,credit
439062,00-99,PT BANK NEGARA INDONESIA (PERSERO) TBK,ID,visa,credit
439063,00-99,CHEQUEMAX,SV,visa,credit
439064,00-99,JOINT STOCK COMMERCIAL BANK INTERPROMBANK,RU,visa,debit
439065,00-99,JOINT STOCK COMMERCIAL BANK INTERPROMBANK,RU,visa,debit
439066,00-99,JOINT STOCK COMMERCIAL BANK INTERPROMBANK,RU,visa,debit
439067,00-99,CHEQUEMAX,SV,visa,credit
439068,00-99,CHEQUEMAX,SV,visa,credit
439069,00-99,CHEQUEMAX,SV,visa,credit
439070,00-99,BANCO BEST,PT,visa,debit
439071,00-99,COMPANIA PERUANA DE MEDIOS DE PAGO S.A.,PE,visa,credit
439072,00-99,BANCO AGRICOLA S.A.,SV,visa,credit
439073,00-99,FRANSABANK S.A.L.,LB,visa,credit
439074,00-99,NATIONAL BANK OF GREECE S.A.,GR,visa,credit
439075,00-99,BANCO AGRICOLA S.A.,SV,visa,credit
439076,00-99,SHINE RESUNGA DEVELOPMENT BANK LTD.,NP,visa,credit
439077,00-99,STERLING BANK,NG,visa,debit
439078,00-99,VISA BELGIUM,BE,visa,credit
439079,00-99,WINGS FINANCIAL CREDIT UNION,US,visa,debit
439080,00-99,TAPCO CREDIT UNION,US,visa,debit
439081,00-99,WINGS FINANCIAL CREDIT UNION,US,visa,debit
439082,00-99,TEXAS BANK,US,visa,credit
439083,00-99,WINGS FINANCIAL CREDIT UNION,US,visa,credit
439084,00-99,WILDFIRE CREDIT UNION,US,visa,credit
439085,00-99,TRELLANCE INC.,US,visa,credit
439086,00-99,CHEQUEMAX,SV,visa,credit
439087,00-99,JSC HALYK BANK OF KAZAKHSTAN,KZ,visa,debit
439088,00-99,JSC HALYK BANK OF KAZAKHSTAN,KZ,visa,credit
439089,00-99,,RU,visa,debit
439090,00-99,,RU,visa,debit
439091,00-99,,RU,visa,debit
439092,00-99,MT CASH COMPANY,MA,visa,debit
439093,00-99,BANCO AGRICOLA S.A.,SV,visa,debit
439094,00-99,EMPRESA BRASILEIRA DE BENEFICIOS E PAGAMENTOS LTDA.,BR,visa,credit
439095,00-99,PAGSEGURO INTERNET S.A,BR,visa,debit
439096,00-99,WESTERN ALLIANCE BANK,US,visa,credit
439097,00-99,NATIONAL BANK OF OMAN LIMITED (S.A.O.G.),OM,visa,credit
439098,00-99,BANCO PICHINCHA C.A.,EC,visa,debit
439099,00-99,PIRAEUS BANK A.D. BEOGRAD,RS,visa,credit
439100,00-99,KRUNGTHAI CARD PUBLIC CO. LTD.,JP,visa,debit
439101,00-99,MITSUBISHI INTERNATIONAL,JP,visa,debit
439102,00-99,MITSUBISHI UFJ FINANCIAL GROUP INC.,JP,visa,debit
439103,00-99,YAMAGIN CREDIT CO. LTD.,JP,visa,debit
439104,00-99,YAMAGIN CREDIT CO. LTD.,JP,visa,debit
439105,00-99,YAMAGIN CREDIT CO. LTD.,JP,visa,debit
439106,00-99,YAMAGIN CREDIT CO. LTD.,JP,visa,debit
439107,00-99,YAMAGIN CREDIT CO. LTD.,JP,visa,debit
439108,00-99,YAMAGIN CREDIT CO. LTD.,JP,visa,debit
439109,00-99,KRUNGTHAI CARD PUBLIC CO. LTD.,JP,visa,debit
439110,00-99,THE KWANGJU BANK LTD.,KR,visa,debit
439111,00-99,RED RIVER BANK,US,visa,credit
439112,00-99,RED RIVER BANK,US,visa,credit
439113,00-99,KRUNGTHAI CARD PUBLIC CO. LTD.,TH,visa,credit
439114,00-99,KRUNGTHAI CARD PUBLIC CO. LTD.,TH,visa,credit
439115,00-99,,US,visa,debit
439116,00-99,BANCO DAVIVIENDA S.A.,CO,visa,credit
439117,00-99,UTAH COMMUNITY FEDERAL CREDIT UNION,US,visa,credit
439118,00-99,VANTAGE WEST CREDIT UNION,US,visa,credit
439119,00-99,ARMED FORCES BANK NATIONAL ASSOCIATION,US,visa,credit
439120,00-99,TARJETAS BANAMEX S.A. DE C.V. SOFOM ENTIDAD REGULADA,MX,visa,credit
439121,00-99,KRUNGTHAI CARD PUBLIC CO. LTD.,TH,visa,credit
439122,00-99,KRUNGTHAI CARD PUBLIC CO. LTD.,TH,visa,credit
439123,00-99,RBL BANK LTD.,IN,visa,credit
439124,00-99,BANCO DE DESARROLLO RURAL S.A. BANRURAL,GT,visa,debit
439125,00-99,BANCO DE DESARROLLO RURAL S.A. BANRURAL,GT,visa,credit
439126,00-99,STANDARD CHARTERED BANK,IN,visa,credit
439127,00-99,KRUNGTHAI CARD PUBLIC CO. LTD.,TH,visa,credit
439128,00-99,KUMARI BANK LTD.,NP,visa,credit
439129,00-99,KUMARI BANK LTD.,NP,visa,debit
439130,00-99,KRUNGTHAI CARD PUBLIC CO. LTD.,TH,visa,credit
439131,00-99,UNITED COMMERCIAL BANK,BD,visa,credit
439132,00-99,UNITED COMMERCIAL BANK,BD,visa,credit
439133,00-99,UNITED COMMERCIAL BANK,BD,visa,credit
439134,00-99,UNITED COMMERCIAL BANK,BD,visa,credit
439135,00-99,KRUNGTHAI CARD PUBLIC CO. LTD.,TH,visa,credit
439136,00-99,PT BANK DANAMON INDONESIA TBK,ID,visa,credit
439137,00-99,KRUNGTHAI CARD PUBLIC COMPANY LTD.,TH,visa,credit
439138,00-99,BANCO ALFA S.A.,BR,visa,credit
439139,00-99,BANCO BRADESCO S.A.,BR,visa,credit
439140,00-99,BANCO BRADESCO S.A.,BR,visa,credit
439141,00-99,AL-SALAM BANK - BAHRAIN B.S.C.,BH,visa,credit
439142,00-99,BANCO BRADESCO S.A.,BR,visa,credit
439143,00-99,KRUNGTHAI CARD PUBLIC CO. LTD.,TH,visa,credit
439144,00-99,BANCO BRADESCO S.A.,BR,visa,credit
439145,00-99,TRADE & DEVELOPMENT BANK JSC,MN,visa,credit
439146,00-99,BANCO INDUSTRIAL S.A.,GT,visa,debit
439147,00-99,BANCO INDUSTRIAL S.A.,GT,visa,debit
439148,00-99,KRUNGTHAI CARD PUBLIC CO. LTD.,TH,visa,credit
439149,00-99,THE AWAGIN CARD CO. LTD.,JP,visa,credit
439150,00-99,BANCO DAVIVIENDA SALVADORENO S.A.,SV,visa,credit
439151,00-99,KRUNGTHAI CARD PUBLIC CO. LTD.,TH,visa,credit
439152,00-99,BANCO DAVIVIENDA S.A.,CO,visa,credit
439153,00-99,POMELO TECNOLOGIA SAS,CO,visa,credit
439154,00-99,UNION BANK OF INDIA,IN,visa,credit
439155,00-99,UNION BANK OF INDIA,IN,visa,credit
439156,00-99,KRUNGTHAI CARD PUBLIC CO. LTD.,TH,visa,credit
439157,00-99,,US,visa,credit
439158,00-99,,US,visa,credit
439159,00-99,,US,visa,credit
439160,00-99,BANCO INTERNACIONAL S.A.,GT,visa,credit
439161,00-99,BANCO INTERNACIONAL S.A.,GT,visa,credit
439162,00-99,,RU,visa,debit
439163,00-99,BANCO INTERNACIONAL S.A.,GT,visa,credit
439164,00-99,BANCO INTERNACIONAL S.A.,GT,visa,credit
439165,00-99,BANCO INTERNACIONAL S.A.,GT,visa,credit
439166,00-99,KRUNGTHAI CARD PUBLIC CO. LTD.,TH,visa,credit
439167,00-99,KRUNGTHAI CARD PUBLIC CO. LTD.,TH,visa,credit
439168,00-99,BANCO UNO S.A.,CR,visa,debit
439169,00-99,UC CARD CO. LTD.,JP,visa,credit
439170,00-99,CITITARJETAS DE COSTA RICA S.A.,CR,visa,credit
439171,00-99,,US,visa,credit
439172,00-99,BANK ALFALAH LTD.,PK,visa,credit
439173,00-99,JAMMU AND KASHMIR BANK LTD.,IN,visa,credit
439174,00-99,JAMMU AND KASHMIR BANK LTD.,IN,visa,credit
439175,00-99,BANCO UNO S.A.,NI,visa,debit
439176,00-99,BANCO UNO S.A.,NI,visa,debit
439177,00-99,LOLC FINANCE PLC,LK,visa,credit
439178,00-99,TAIPEI FUBON COMMERCIAL BANK CO. LTD.,TW,visa,credit
439179,00-99,CITIBANK,PA,visa,credit
439180,00-99,KRUNGTHAI CARD PUBLIC CO. LTD.,TH,visa,credit
439181,00-99,WELLS FARGO BANK NATIONAL ASSOCIATION,US,visa,debit
439182,00-99,STANDARD CHARTERED BANK (SINGAPORE) LTD.,SG,visa,credit
439183,00-99,ASIA-PACIFIC REGION,SG,visa,credit
439184,00-99,KRUNGTHAI CARD PUBLIC CO. LTD.,TH,visa,credit
439185,00-99,BANCO INVEX S.A. INSTITUCION DE BANCA MULTIPLE,MX,visa,credit
439186,00-99,BANCO INVEX S.A. INSTITUCION DE BANCA MULTIPLE,MX,visa,credit
439187,00-99,BANCO INVEX S.A. INSTITUCION DE BANCA MULTIPLE INVEX GRUPO,MX,visa,credit
439188,00-99,CHINA MERCHANTS BANK,CN,visa,credit
439189,00-99,CONTINENTAL DE CREDITOS S.A.,GT,visa,credit
439190,00-99,CITIBANK,PA,visa,credit
439191,00-99,KRUNGTHAI CARD PUBLIC CO. LTD.,TH,visa,credit
439192,00-99,KRUNGTHAI CARD PUBLIC CO. LTD.,TH,visa,credit
439193,00-99,KRUNGTHAI CARD PUBLIC CO. LTD.,TH,visa,credit
439194,00-99,BANCO UNO S.A.,SV,visa,debit
439195,00-99,,SV,visa,credit
439196,00-99,UNION BANK OF THE PHILIPPINES,PH,visa,credit
439197,00-99,BANCO DE ORO UNIBANK INC.,PH,visa,credit
439198,00-99,INDUSTRIAL AND COMMERCIAL BANK OF CHINA,VN,visa,credit
439199,00-99,WIDGET FEDERAL CREDIT UNION,US,visa,debit
439200,00-99,PNC FINANCIAL SERVICES GROUP INC.,US,visa,debit
439201,00-99,WELLS FARGO BANK N.A.,US,visa,debit
439202,00-99,WELLS FARGO BANK N.A.,US,visa,debit
439203,00-99,THE CITIZENS BANK,US,visa,debit
439204,00-99,WELLS FARGO BANK N.A.,US,visa,debit
439205,00-99,FIRST BANK CHICAGO,US,visa,debit
439206,00-99,WELLS FARGO BANK N.A.,US,visa,debit
439207,00-99,,US,visa,credit
439208,00-99,STATE BANK OF INDIA (CALIFORNIA),US,visa,debit
439209,00-99,INTEGRITY BANK & TRUST,US,visa,debit
439210,00-99,WELLS FARGO BANK N.A.,US,visa,debit
439211,00-99,CHINA MERCHANTS BANK,CN,visa,credit
439212,00-99,NEW HAVEN BANK,US,visa,debit
439213,00-99,FOUR POINTS FEDERAL CREDIT UNION,US,visa,debit
439214,00-99,HERITAGE BANK,US,visa,credit
439215,00-99,OCEANFIRST BANK N.A.,US,visa,debit
439216,00-99,JFK COOPERATIVA FINANCIERA,CO,visa,debit
439217,00-99,GOSPODARCZY BANK WIELKOPOLSKI SA W POZNANIU,PL,visa,debit
439218,00-99,CENTRE MONETIQUE INTERBANCAIRE,MA,visa,credit
439219,00-99,,SG,visa,credit
439220,00-99,OJSC TEMIRBANK,KZ,visa,credit
439221,00-99,OJSC TEMIRBANK,KZ,visa,credit
439222,00-99,OJSC TEMIRBANK,KZ,visa,credit
439223,00-99,OJSC TEMIRBANK,KZ,visa,debit
439224,00-99,VALORES INTERNACIONALES S.A.,GT,visa,credit
439225,00-99,CHINA MERCHANTS BANK,CN,visa,credit
439226,00-99,CHINA MERCHANTS BANK,CN,visa,credit
439227,00-99,CHINA MERCHANTS BANK,CN,visa,credit
439228,00-99,,MX,visa,debit
439229,00-99,WINGS FINANCIAL CREDIT UNION,US,visa,debit
439230,00-99,YNB,US,visa,debit
439231,00-99,BANK BPH S.A.,PL,visa,debit
439232,00-99,PNC FINANCIAL SERVICES GROUP INC.,US,visa,debit
439233,00-99,,US,visa,credit
439234,00-99,GUANGDONG DEVELOPMENT BANK,CN,visa,credit
439235,00-99,CREDIT AGRICOLE DU MAROC SA,MA,visa,debit
439236,00-99,GOSPODARCZY BANK WIELKOPOLSKI SA W POZNANIU,PL,visa,debit
439237,00-99,E. SUN COMMERCIAL BANK LTD.,TW,visa,credit
439238,00-99,BANK OF AYUDHYA PUBLIC CO. LTD.,TH,visa,credit
439239,00-99,NATIONAL AUSTRALIA BANK LTD.,AU,visa,credit
439240,00-99,NATIONAL AUSTRALIA BANK LTD.,AU,visa,credit
439241,00-99,NATIONAL AUSTRALIA BANK LTD.,AU,visa,credit
439242,00-99,NATIONAL AUSTRALIA BANK LTD.,AU,visa,credit
439243,00-99,PUBLIC JOINT STOCK COMPANY PROMSVYAZBANK,RU,visa,debit
439244,00-99,PUBLIC JOINT STOCK COMPANY PROMSVYAZBANK,RU,visa,debit
439245,00-99,PUBLIC JOINT STOCK COMPANY PROMSVYAZBANK,RU,visa,debit
439246,00-99,GLOBEX COMMERCIAL BANK JOINT STOCK COMPANY,RU,visa,debit
439247,00-99,TARJETAS CUSCATLAN S.A.,GT,visa,credit
439248,00-99,CHINA MERCHANTS BANK,CN,visa,credit
439249,00-99,WEST VIRGINIA FEDERAL CREDIT UNION,US,visa,debit
439250,00-99,,RU,visa,credit
439251,00-99,,RU,visa,credit
439252,00-99,BANCO SANTANDER S.A.,BR,visa,credit
439253,00-99,BANCO SANTANDER S.A.,BR,visa,credit
439254,00-99,BANCO SANTANDER S.A.,BR,visa,credit
439255,00-99,INTERCAM BANCO INTERNACIONAL INC,PR,visa,debit
439256,00-99,,US,visa,credit
439257,00-99,,US,visa,credit
439258,00-99,,GB,visa,credit
439259,00-99,BANCO MUNICIPAL DE ROSARIO,AR,visa,credit
439260,00-99,CHINA MERCHANTS BANK,CN,visa,credit
439261,00-99,,IN,visa,debit
439262,00-99,CHINA MERCHANTS BANK,CN,visa,credit
439263,00-99,RBL BANK LTD.,IN,visa,debit
439264,00-99,BANCO POPULAR Y DE DESARROLLO COMUNAL,CR,visa,debit
439265,00-99,BANK OF THE BAHAMAS LTD.,BS,visa,debit
439266,00-99,EQUITAS SMALL FINANCE BANK LTD.,IN,visa,debit
439267,00-99,CAIXA,BR,visa,debit
439268,00-99,CREDOMATIC DE HONDURAS S.A.,HN,visa,credit
439269,00-99,,US,visa,credit
439270,00-99,,US,visa,credit
439271,00-99,DOCK SOLUCOES EM MEIOS DE PAGAMENTO S.A,BR,visa,credit
439272,00-99,BANCO SAFRA S.A.,BR,visa,credit
439273,00-99,METROBANK S.A.,PA,visa,debit
439274,00-99,SHANGRI-LA DEVELOPMENT BANK LTD.,NP,visa,debit
439275,00-99,CARIBBEAN CREDIT CARD CORPORATION,AG,visa,credit
439276,00-99,BANCO BRADESCO S.A.,BR,visa,credit
439277,00-99,SAUDI AWWAL BANK,SA,visa,credit
439278,00-99,CARIBBEAN CREDIT CARD CORPORATION,AG,visa,debit
439279,00-99,,US,visa,credit
439280,00-99,,US,visa,credit
439281,00-99,,US,visa,credit
439282,00-99,,US,visa,credit
439283,00-99,,US,visa,credit
439284,00-99,,CN,visa,credit
439285,00-99,,US,visa,credit
439286,00-99,,US,visa,credit
439287,00-99,,RO,visa,debit
439288,00-99,,SG,visa,credit
439289,00-99,,US,visa,credit
439290,00-99,,US,visa,credit
439291,00-99,,US,visa,credit
439292,00-99,,US,visa,credit
439293,00-99,,AU,visa,credit
439294,00-99,,US,visa,credit
439295,00-99,,US,visa,credit
439296,00-99,,US,visa,credit
439297,00-99,,US,visa,credit
439298,00-99,,US,visa,credit
439299,00-99,,US,visa,credit
439300,00-99,,US,visa,credit
439301,00-99,,US,visa,credit
439302,00-99,,US,visa,credit
439303,00-99,,US,visa,credit
439304,00-99,,US,visa,credit
439305,00-99,,US,visa,credit
439306,00-99,,US,visa,credit
439307,00-99,,US,visa,credit
439308,00-99,,BR,visa,credit
439309,00-99,,US,visa,credit
439310,00-99,,NZ,visa,credit
439311,00-99,,US,visa,credit
439312,00-99,,US,visa,credit
439313,00-99,,US,visa,credit
439314,00-99,BARCLAYS BANKERS,GB,visa,credit
439315,00-99,,BR,visa,credit
439316,00-99,,US,visa,credit
439317,00-99,,US,visa,credit
439318,00-99,,US,visa,credit
439319,00-99,,US,visa,credit
439320,00-99,,US,visa,credit
439321,00-99,,US,visa,credit
439322,00-99,,US,visa,credit
439323,00-99,,US,visa,credit
439324,00-99,,BR,visa,credit
439325,00-99,,CN,visa,credit
439326,00-99,,CN,visa,credit
439327,00-99,,US,visa,credit
439328,00-99,,US,visa,credit
439329,00-99,,US,visa,credit
439330,00-99,WMCU,US,visa,debit
439331,00-99,TRUIST BANK,US,visa,debit
439332,00-99,,US,visa,credit
439333,00-99,,US,visa,credit
439334,00-99,JPMORGAN CHASE BANK N.A.,US,visa,credit
439335,00-99,,US,visa,credit
439336,00-99,,US,visa,credit
439337,00-99,JPMORGAN CHASE BANK N.A. - COMMERCIAL,US,visa,credit
439338,00-99,VISION ONE CREDIT UNION,US,visa,credit
439339,00-99,EMIRATES NBD BANK (P.J.S.C.),AE,visa,debit
439340,00-99,FIRST INTERSTATE BANK,US,visa,debit
439341,00-99,UMB BANK NATIONAL ASSOCIATION,US,visa,debit
439342,00-99,UMB BANK NATIONAL ASSOCIATION,US,visa,debit
439343,00-99,,US,visa,debit
439344,00-99,,US,visa,credit
439345,00-99,,US,visa,credit
439346,00-99,,US,visa,credit
439347,00-99,PACIFIC WESTERN BANK,US,visa,debit
439348,00-99,CNB BANK,US,visa,debit
439349,00-99,BANCORP BANK,US,visa,credit
439350,00-99,,BR,visa,credit
439351,00-99,,US,visa,credit
439352,00-99,,US,visa,credit
439353,00-99,UNIVERSAL INVESTMENT BANK AD SKOPJE,MK,visa,credit
439354,00-99,ITAU,BR,visa,credit
439355,00-99,INDUSTRIAL AND COMMERCIAL BANK OF CHINA LTD.,CN,visa,debit
439356,00-99,LIBERBANK S.A.,ES,visa,credit
439357,00-99,NATIONAL BANK OF OMAN LIMITED (S.A.O.G.),OM,visa,debit
439358,00-99,STANDARD CHARTERED BANK NIGERIA LTD.,NG,visa,debit
439359,00-99,ICICI BANK LTD.,IN,visa,debit
439360,00-99,CU COOPERATIVE SYSTEMS INC.,US,visa,debit
439361,00-99,SAN FRANCISCO FIRE CREDIT UNION,US,visa,debit
439362,00-99,CANVAS CREDIT UNION,US,visa,debit
439363,00-99,HERITAGE COMMUNITY CREDIT UNION,US,visa,debit
439364,00-99,COMMUNITY CHOICE CREDIT UNION,US,visa,debit
439365,00-99,,US,visa,credit
439366,00-99,NUVISTA FEDERAL CREDIT UNION,US,visa,debit
439367,00-99,NY FIREFIGHTERS BRAVEST FEDERAL CREDIT UNION,US,visa,debit
439368,00-99,ALOHA PACIFIC FEDERAL CREDIT UNION,US,visa,debit
439369,00-99,OLIVE VIEW EMPLOYEES FEDERAL CREDIT UNION,US,visa,debit
439370,00-99,ARAB NATIONAL BANK,SA,visa,debit
439371,00-99,NABIL BANK LTD.,NP,visa,debit
439372,00-99,,US,visa,credit
439373,00-99,BANCO CITIBANK DE HONDURAS S.A.,HN,visa,debit
439374,00-99,JSCB TURON,UZ,visa,credit
439375,00-99,BANQUE MAROCAINE POUR LE COMMERCE ET L'INDUSTRIE,MA,visa,debit
439376,00-99,BANQUE MAROCAINE POUR LE COMMERCE ET L'INDUSTRIE,MA,visa,debit
439377,00-99,BANQUE MAROCAINE POUR LE COMMERCE ET L'INDUSTRIE,MA,visa,debit
439378,00-99,BANQUE MAROCAINE POUR LE COMMERCE ET L INDUSTRIE,MA,visa,debit
439379,00-99,BANQUE MAROCAINE POUR LE COMMERCE ET L'INDUSTRIE,MA,visa,debit
439380,00-99,BANQUE MAROCAINE POUR LE COMMERCE ET L'INDUSTRIE,MA,visa,debit
439381,00-99,KENYA COMMERCIAL BANK LTD.,KE,visa,debit
439382,00-99,CJSC INVESTMENT AND CREDIT BANK TAJIKISTAN,TJ,visa,debit
439383,00-99,BANCO PROVINCIA DEL NEUQUEN S.A.,AR,visa,debit
439384,00-99,,US,visa,credit
439385,00-99,STUFFRS S.A (APPOPAY),PA,visa,debit
439386,00-99,THE BANCORP BANK,PR,visa,debit
439387,00-99,,RU,visa,credit
439388,00-99,ITAU UNIBANCO HOLDING S.A.,BR,visa,credit
439389,00-99,ITAU UNIBANCO HOLDING S.A.,BR,visa,credit
439390,00-99,ITAU UNIBANCO HOLDING S.A.,BR,visa,credit
439391,00-99,BANK OF THE OZARKS,US,visa,debit
439392,00-99,PACIFIC TRANSPORTATION FEDERAL CREDIT UNION,US,visa,debit
439393,00-99,GERMAN AMERICAN BANK,US,visa,debit
439394,00-99,MISSION BANK,US,visa,debit
439395,00-99,VIRGINIA BEACH SCHOOLS FEDERAL CREDIT UNION,US,visa,debit
439396,00-99,APPLE VALLEY BANK AND TRUST COMPANY,US,visa,debit
439397,00-99,INTERSTATE CREDIT UNION,US,visa,debit
439398,00-99,SUNFLOWER BANK NATIONAL ASSOCIATION,US,visa,debit
439399,00-99,MISSION BANK,US,visa,debit
439400,00-99,CITIZENS BANK N.A.,US,visa,credit
439401,00-99,CITIZENS BANK N.A.,US,visa,credit
439402,00-99,CAROLINAS TELCO FEDERAL CREDIT UNION,US,visa,credit
439403,00-99,CARD SERVICES FOR CREDIT UNIONS,US,visa,credit
439404,00-99,CARD SERVICES FOR CREDIT UNIONS,US,visa,credit
439405,00-99,CARD SERVICES FOR CREDIT UNIONS,US,visa,credit
439406,00-99,CARD SERVICES FOR CREDIT UNIONS,US,visa,credit
439407,00-99,CARD SERVICES FOR CREDIT UNIONS,US,visa,credit
439408,00-99,HORIZONS NORTH CREDIT UNION,US,visa,credit
439409,00-99,SOUTHEAST MICHIGAN STATE EMPLOYEES FEDERAL CREDIT UNION,US,visa,credit
439410,00-99,CARD SERVICES FOR CREDIT UNIONS,US,visa,credit
439411,00-99,CARD SERVICES FOR CREDIT UNIONS,US,visa,credit
439412,00-99,ST. PAUL FEDERAL CREDIT UNION,US,visa,credit
439413,00-99,CARD SERVICES FOR CREDIT UNIONS,US,visa,credit
439414,00-99,VALLEY PRIDE FEDERAL CREDIT UNION,US,visa,credit
439415,00-99,CARD SERVICES FOR CREDIT UNIONS,US,visa,credit
439416,00-99,WELLS FARGO BANK NATIONAL ASSOCIATION,US,visa,debit
439417,00-99,CARD SERVICES FOR CREDIT UNIONS,US,visa,credit
439418,00-99,CARD SERVICES FOR CREDIT UNIONS,US,visa,credit
439419,00-99,AMERICAN PARTNERS FEDERAL CREDIT UNION,US,visa,credit
439420,00-99,WILMINGTON SAVINGS FUND SOCIETY FSB,US,visa,credit
439421,00-99,FIFTH THIRD BANK,US,visa,credit
439422,00-99,,US,visa,credit
439423,00-99,CARD SERVICES FOR CREDIT UNIONS,US,visa,credit
439424,00-99,CARD SERVICES FOR CREDIT UNIONS,US,visa,credit
439425,00-99,AIRWALLEX (NETHERLANDS) B.V.,ES,visa,debit
439426,00-99,NEWRIZONS FEDERAL CREDIT UNION,US,visa,credit
439427,00-99,ANDERSON FEDERAL CREDIT UNION,US,visa,credit
439428,00-99,FICARE FEDERAL CREDIT UNION,US,visa,credit
439429,00-99,CARD SERVICES FOR CREDIT UNIONS,US,visa,credit
439430,00-99,CARD SERVICES FOR CREDIT UNIONS,US,visa,credit
439431,00-99,UTILITIES EMPLOYEES CREDIT UNION,US,visa,credit
439432,00-99,CARD SERVICES FOR CREDIT UNIONS,US,visa,credit
439433,00-99,U.S. BANK N.A.,US,visa,credit
439434,00-99,COMENITY CAPITAL BANK,US,visa,credit
439435,00-99,SUPERIOR CREDIT UNION,US,visa,credit
439436,00-99,WELLS FARGO BANK NATIONAL ASSOCIATION,US,visa,debit
439437,00-99,CARD SERVICES FOR CREDIT UNIONS,US,visa,credit
439438,00-99,NAVY FEDERAL CREDIT UNION,US,visa,credit
439439,00-99,WMCU,US,visa,credit
439440,00-99,CARD SERVICES FOR CREDIT UNIONS,US,visa,credit
439441,00-99,ADVIA CREDIT UNION,US,visa,credit
439442,00-99,RIVERSIDE HEALTH SYSTEMS EMPLOYEES CREDIT UNION,US,visa,credit
439443,00-99,VIRGINIA BEACH POSTAL FEDERAL CREDIT UNION,US,visa,credit
439444,00-99,SOUTH CENTRAL CREDIT UNION,US,visa,credit
439445,00-99,CARD SERVICES FOR CREDIT UNIONS,US,visa,credit
439446,00-99,CARD SERVICES FOR CREDIT UNIONS,US,visa,credit
439447,00-99,BANK OF AMERICA NATIONAL ASSOCIATION,US,visa,credit
439448,00-99,CARD SERVICES FOR CREDIT UNIONS,US,visa,credit
439449,00-99,CARD SERVICES FOR CREDIT UNIONS,US,visa,credit
439450,00-99,WMCU,US,visa,debit
439451,00-99,WMCU,US,visa,debit
439452,00-99,CARD SERVICES FOR CREDIT UNIONS,US,visa,credit
439453,00-99,BANKER'S BANK OF KANSAS N.A.,US,visa,credit
439454,00-99,POMELO INSTITUICAO DE PAGAMENTO LTDA,BR,visa,credit
439455,00-99,BBVA USA,US,visa,debit
439456,00-99,PLAINSCAPITAL BANK,US,visa,debit
439457,00-99,PATHWARD N.A.,US,visa,debit
439458,00-99,FIFTH THIRD BANK,US,visa,debit
439459,00-99,ARMED FORCES BANK NATIONAL ASSOCIATION,US,visa,debit
439460,00-99,ACADEMY BANK NATIONAL ASSOCIATION,US,visa,debit
439461,00-99,PATHWARD N.A.,US,visa,debit
439462,00-99,PATHWARD N.A.,US,visa,debit
439463,00-99,WALKER COUNTY FEDERAL CREDIT UNION,US,visa,credit
439464,00-99,CME FEDERAL CREDIT UNION,US,visa,debit
439465,00-99,,US,visa,credit
439466,00-99,WESTERN VISTA FEDERAL CREDIT UNION,US,visa,credit
439467,00-99,BANCO BILBAO VIZCAYA ARGENTARIA COLOMBIA S.A. BBVA COLOMBIA,CO,visa,debit
439468,00-99,SEABOARD CREDIT UNION,US,visa,credit
439469,00-99,WELLS FARGO BANK N.A.,US,visa,credit
439470,00-99,GULF WINDS CREDIT UNION,US,visa,debit
439471,00-99,BANCO INTERNACIONAL S.A.,EC,visa,credit
439472,00-99,BANCO INTERNACIONAL S.A.,EC,visa,credit
439473,00-99,BANCO INTERNACIONAL S.A.,EC,visa,credit
439474,00-99,BANCO DE LOJA S.A.,EC,visa,credit
439475,00-99,BANCO DE CORO C.A. (BANCORO),VE,visa,credit
439476,00-99,BANCO DE CORO C.A. (BANCORO),VE,visa,credit
439477,00-99,ASOCIACION CIBAO DE AHORROS Y PRESTAMOS,DO,visa,credit
439478,00-99,CLOUDWALK INSTITUICAO DE PAGAMENTO E SERVICOS LTDA.,BR,visa,debit
439479,00-99,WELLS FARGO BANK NATIONAL ASSOCIATION,US,visa,debit
439480,00-99,ITAU UNIBANCO HOLDING S.A.,BR,visa,credit
439481,00-99,ITAU UNIBANCO HOLDING S.A.,BR,visa,credit
439482,00-99,BANCO GUAYANA C.A.,VE,visa,credit
439483,00-99,BANCO GUAYANA C.A.,VE,visa,credit
439484,00-99,RBTT BANK CARIBBEAN LTD.,LC,visa,credit
439485,00-99,TOWN AND COUNTRY CREDIT UNION,US,visa,credit
439486,00-99,WELLS FARGO BANK NATIONAL ASSOCIATION,US,visa,debit
439487,00-99,PEOPLES BANK AND TRUST COMPANY OF HAZARD,US,visa,debit
439488,00-99,HORIZON CREDIT UNION,US,visa,debit
439489,00-99,,US,visa,debit
439490,00-99,FIRST COUNTY FEDERAL CREDIT UNION,US,visa,credit
439491,00-99,GULF COAST COMMUNITY FEDERAL CREDIT UNION,US,visa,debit
439492,00-99,OUCU FINANCIAL CREDIT UNION INC.,US,visa,credit
439493,00-99,WESTSIDE COMMUNITY FEDERAL CREDIT UNION,US,visa,credit
439494,00-99,NOTRE DAME FEDERAL CREDIT UNION,US,visa,credit
439495,00-99,DOCK INSTITUICAO DE PAGAMENTO S.A.,BR,visa,debit
439496,00-99,BANCO INDUSTRIAL S.A.,GT,visa,debit
439497,00-99,RADIANT CREDIT UNION,US,visa,credit
439498,00-99,TOTAL SYSTEM SERVICES INC.,US,visa,credit
439499,00-99,EUROPE ARAB BANK PLC,FR,visa,debit
439500,00-99,ICARD AD,ES,visa,debit
439501,00-99,ICARD AD,BG,visa,debit
439502,00-99,ICARD AD,BG,visa,debit
439503,00-99,,BG,visa,debit
439504,00-99,KOMERCNI BANKA A.S.,CZ,visa,credit
439505,00-99,,US,visa,credit
439506,00-99,EUROBANK S.A.,GR,visa,credit
439507,00-99,,US,visa,credit
439508,00-99,SOCIETE GENERALE S.A.,FR,visa,credit
439509,00-99,ORANGE BANK,FR,visa,debit
439510,00-99,SOCIETE GENERALE S.A.,FR,visa,debit
439511,00-99,SOCIETE GENERALE S.A.,FR,visa,credit
439512,00-99,SOCIETE GENERALE S.A.,FR,visa,debit
439513,00-99,SOCIETE GENERALE S.A.,FR,visa,credit
439514,00-99,SOCIETE GENERALE S.A.,FR,visa,credit
439515,00-99,CAISSE DE CREDIT MUNICIPAL DE TOULON,FR,visa,debit
439516,00-99,NORDEA DIRECT BANK ASA,NO,visa,debit
439517,00-99,DNB BANK ASA,NO,visa,debit
439518,00-99,DNB BANK ASA,NO,visa,debit
439519,00-99,,US,visa,credit
439520,00-99,,US,visa,credit
439521,00-99,,US,visa,credit
439522,00-99,,US,visa,credit
439523,00-99,,US,visa,credit
439524,00-99,,US,visa,credit
439525,00-99,,US,visa,credit
439526,00-99,,US,visa,credit
439527,00-99,,US,visa,credit
439528,00-99,,FI,visa,debit
439529,00-99,,FI,visa,credit
439530,00-99,,FI,visa,debit
439531,00-99,,GB,visa,debit
439532,00-99,,US,visa,credit
439533,00-99,,US,visa,credit
439534,00-99,,US,visa,credit
439535,00-99,,US,visa,credit
439536,00-99,,US,visa,credit
439537,00-99,,US,visa,credit
439538,00-99,,US,visa,credit
439539,00-99,BANQUE CALEDONIENNE D'INVESTISSEMENT (BCI),FR,visa,credit
439540,00-99,,ES,visa,credit
439541,00-99,,ES,visa,credit
439542,00-99,,ES,visa,debit
439543,00-99,,NO,visa,credit
439544,00-99,CAIXA DE CREDIT DELS ENGINYERS- CAJA DE CREDITO DE LOS INGENIEROS S. COOP. DE C,ES,visa,credit
439545,00-99,,US,visa,credit
439546,00-99,,NL,visa,debit
439547,00-99,,US,visa,credit
439548,00-99,,NL,visa,debit
439549,00-99,BULGARIAN AMERICAN CREDIT BANK AD,BG,visa,credit
439550,00-99,UNITED BANK OF IOWA,US,visa,debit
439551,00-99,CAIXABANK PAYMENTS & CONSUMER E.F.C. E.P. S.A.U.,PT,visa,credit
439552,00-99,,US,visa,credit
439553,00-99,,US,visa,credit
439554,00-99,,US,visa,credit
439555,00-99,,US,visa,credit
439556,00-99,TARGOBANK AG,DE,visa,debit
439557,00-99,,US,visa,credit
439558,00-99,,US,visa,credit
439559,00-99,,US,visa,credit
439560,00-99,CASHFLOWS EUROPE LTD.,ES,visa,debit
439561,00-99,T.C. ZIRAAT BANKASI A.S.,TR,visa,debit
439562,00-99,TURK ELEKTRONIK PARA A.S.,TR,visa,debit
439563,00-99,TURK ELEKTRONIK PARA A.S.,TR,visa,debit
439564,00-99,BPCE,FR,visa,credit
439565,00-99,BPCE,FR,visa,credit
439566,00-99,BPCE,FR,visa,credit
439567,00-99,BPCE,FR,visa,credit
439568,00-99,,US,visa,credit
439569,00-99,,US,visa,credit
439570,00-99,BNEXT,ES,visa,debit
439571,00-99,,GB,visa,debit
439572,00-99,,GB,visa,debit
439573,00-99,LYDIANS ELEKTRONIK PARA VE ODEME HIZMETLERI A.S.,TR,visa,debit
439574,00-99,ININAL ODEME VE ELEKTRONIK PARA HIZMETLERI A.S.,TR,visa,debit
439575,00-99,LYDIANS ELEKTRONIK PARA VE ODEME HIZMETLERI A.S.,TR,visa,debit
439576,00-99,MODULR FINANCE B.V.,NL,visa,credit
439577,00-99,MODULR FINANCE B.V.,NL,visa,debit
439578,00-99,MODULR FINANCE B.V.,NL,visa,debit
439579,00-99,CEC BANK S.A.,RO,visa,credit
439580,00-99,,US,visa,credit
439581,00-99,,US,visa,credit
439582,00-99,,US,visa,credit
439583,00-99,,IN,visa,debit
439584,00-99,VISA EUROPE LTD.,GB,visa,debit
439585,00-99,CAIXA CENTRAL DE CREDITO AGRICOLA MUTUO C.R.L.,PT,visa,credit
439586,00-99,CAIXA CENTRAL DE CREDITO AGRICOLA MUTUO C.R.L.,PT,visa,credit
439587,00-99,,US,visa,credit
439588,00-99,,US,visa,credit
439589,00-99,,US,visa,credit
439590,00-99,ZUERCHER KANTONALBANK,CH,visa,debit
439591,00-99,BNP PARIBAS,FR,visa,credit
439592,00-99,BNP PARIBAS,DE,visa,credit
439593,00-99,,US,visa,credit
439594,00-99,,DE,visa,credit
439595,00-99,,GB,visa,debit
439596,00-99,CAIXA CENTRAL DE CREDITO AGRICOLA MUTUO C.R.L.,PT,visa,debit
439597,00-99,,US,visa,credit
439598,00-99,BPCE,FR,visa,debit
439599,00-99,VISALUX S.C.,LU,visa,debit
439600,00-99,UNICREDIT BANK GMBH,DE,visa,debit
439601,00-99,UNICREDIT BANK GMBH,DE,visa,debit
439602,00-99,,US,visa,credit
439603,00-99,,FR,visa,debit
439604,00-99,,US,visa,credit
439605,00-99,JCC PAYMENT SYSTEMS LTD.,CY,visa,debit
439606,00-99,,DE,visa,credit
439607,00-99,,DE,visa,credit
439608,00-99,VELOBANK SPOLKA AKCYJNA,PL,visa,debit
439609,00-99,,US,visa,credit
439610,00-99,ONEY BANK,FR,visa,debit
439611,00-99,ONEY BANK,FR,visa,debit
439612,00-99,,US,visa,credit
439613,00-99,VELOBANK SPOLKA AKCYJNA,PL,visa,debit
439614,00-99,VELOBANK SPOLKA AKCYJNA,PL,visa,credit
439615,00-99,VELOBANK SPOLKA AKCYJNA,PL,visa,credit
439616,00-99,BANK-VERLAG GMBH,DE,visa,debit
439617,00-99,,US,visa,credit
439618,00-99,BNP PARIBAS,FR,visa,credit
439619,00-99,BNP PARIBAS,FR,visa,debit
439620,00-99,BNP PARIBAS,FR,visa,credit
439621,00-99,,US,visa,credit
439622,00-99,BNP PARIBAS,FR,visa,debit
439623,00-99,,US,visa,credit
439624,00-99,,US,visa,credit
439625,00-99,,US,visa,credit
439626,00-99,,US,visa,credit
439627,00-99,UAB MANEUVER LT,LT,visa,debit
439628,00-99,UAB MANEUVER LT,LT,visa,debit
439629,00-99,,US,visa,credit
439630,00-99,,US,visa,credit
439631,00-99,WELLS FARGO BANK NATIONAL ASSOCIATION,US,visa,credit
439632,00-99,WELLS FARGO BANK NATIONAL ASSOCIATION,US,visa,credit
439633,00-99,WELLS FARGO BANK NATIONAL ASSOCIATION,US,visa,credit
439634,00-99,NORTHWESTERN FEDERAL CREDIT UNION,US,visa,debit
439635,00-99,THE BANCORP BANK NATIONAL ASSOCIATION,US,visa,credit
439636,00-99,BANK 1ST,US,visa,debit
439637,00-99,PATHWARD N.A.,US,visa,debit
439638,00-99,PIERMONT BANK,US,visa,debit
439639,00-99,PIERMONT BANK,US,visa,debit
439640,00-99,CONNECTONE BANK,US,visa,debit
439641,00-99,,US,visa,credit
439642,00-99,BANCO MEDIOLANUM S.A.,ES,visa,debit
439643,00-99,BANCO MEDIOLANUM S.A.,ES,visa,credit
439644,00-99,CAIXABANK PAYMENTS & CONSUMER E.F.C. E.P. S.A.U.,ES,visa,debit
439645,00-99,CAIXABANK PAYMENTS & CONSUMER E.F.C. E.P. S.A.U.,PT,visa,credit
439646,00-99,,GB,visa,credit
439647,00-99,UNLIMIT EU LTD.,DE,visa,debit
439648,00-99,UNLIMIT EU LTD.,DE,visa,debit
439649,00-99,ZAGREBACKA BANKA DD,HR,visa,debit
439650,00-99,C. HOARE & CO.,GB,visa,credit
439651,00-99,OKALI,FR,visa,credit
439652,00-99,OKALI,FR,visa,credit
439653,00-99,VIVID MONEY S.A.,SE,visa,debit
439654,00-99,WISE PAYMENTS LTD.,GB,visa,debit
439655,00-99,WISE EUROPE SA/NV,GB,visa,debit
439656,00-99,UNLIMIT EU LTD.,GB,visa,debit
439657,00-99,OPTAL FINANCIAL EUROPE LTD.,SE,visa,credit
439658,00-99,OPTAL FINANCIAL EUROPE LTD.,SE,visa,credit
439659,00-99,OPTAL FINANCIAL EUROPE LTD.,SE,visa,credit
439660,00-99,OPTAL FINANCIAL EUROPE LTD.,IE,visa,credit
439661,00-99,OPTAL FINANCIAL EUROPE LTD.,NL,visa,credit
439662,00-99,,GB,visa,credit
439663,00-99,,US,visa,credit
439664,00-99,LIECHTENSTEINISCHE LANDESBANK AG,LI,visa,debit
439665,00-99,,US,visa,credit
439666,00-99,,US,visa,credit
439667,00-99,ICARD AD,GB,visa,debit
439668,00-99,,US,visa,credit
439669,00-99,NUMIA S.P.A.,IT,visa,debit
439670,00-99,,US,visa,credit
439671,00-99,,US,visa,credit
439672,00-99,BPCE,FR,visa,debit
439673,00-99,,DE,visa,debit
439674,00-99,,DE,visa,credit
439675,00-99,SOLARIS SE,DE,visa,debit
439676,00-99,SOLARIS SE,DE,visa,debit
439677,00-99,,US,visa,credit
439678,00-99,UAB PERVESK,LT,visa,debit
439679,00-99,UAB PERVESK,LT,visa,debit
439680,00-99,UAB PERVESK,LT,visa,debit
439681,00-99,UAB PERVESK,LT,visa,debit
439682,00-99,,US,visa,credit
439683,00-99,PALADYUM ELEKTRONIK PARA VE ODEME HIZMETLERI A.S.,TR,visa,debit
439684,00-99,,US,visa,credit
439685,00-99,STRIPE TECHNOLOGY EUROPE LTD.,ES,visa,debit
439686,00-99,STRIPE TECHNOLOGY EUROPE LTD.,ES,visa,debit
439687,00-99,STRIPE PAYMENTS UK LTD.,GB,visa,debit
439688,00-99,,US,visa,credit
439689,00-99,WISE AUSTRALIA PTY LTD.,AU,visa,debit
439690,00-99,WISE PAYMENTS LTD.,NZ,visa,debit
439691,00-99,WISE ASIA-PACIFIC PTE. LTD.,SG,visa,debit
439692,00-99,WISE PAYMENTS JAPAN K.K.,JP,visa,debit
439693,00-99,,US,visa,credit
439694,00-99,,US,visa,credit
439695,00-99,,US,visa,credit
439696,00-99,,US,visa,credit
439697,00-99,CORNER BANCA S.A.,CH,visa,credit
439698,00-99,WISE PAYMENTS CANADA INC.,CA,visa,debit
439699,00-99,WISE BRASIL PAGAMENTOS LTDA.,BR,visa,debit
439700,00-99,WISE PAYMENTS CANADA INC.,CA,visa,debit
439701,00-99,WISE BRASIL PAGAMENTOS LTDA.,BR,visa,debit
439702,00-99,,US,visa,credit
439703,00-99,,US,visa,credit
439704,00-99,PAYNOVATE SA,ES,visa,debit
439705,00-99,PAYNOVATE SA,BE,visa,credit
439706,00-99,,US,visa,credit
439707,00-99,BARCLAYS BANK DELAWARE,US,visa,credit
439708,00-99,UBS BANK USA,US,visa,credit
439709,00-99,BARCLAYS BANK,US,visa,credit
439710,00-99,,US,visa,credit
439711,00-99,,US,visa,credit
439712,00-99,ING BANK SLASKI SA,PL,visa,credit
439713,00-99,,US,visa,credit
439714,00-99,,US,visa,credit
439715,00-99,PAYRNET LTD.,GB,visa,debit
439716,00-99,LIBRA INTERNET BANK SA,RO,visa,credit
439717,00-99,,US,visa,credit
439718,00-99,TRADE REPUBLIC BANK GMBH,NL,visa,debit
439719,00-99,,US,visa,credit
439720,00-99,TESCO BANK,GB,visa,debit
439721,00-99,,US,visa,credit
439722,00-99,MBANK S.A.,PL,visa,debit
439723,00-99,,US,visa,credit
439724,00-99,PALADYUM ELEKTRONIK PARA VE ODEME HIZMETLERI A.S.,TR,visa,debit
439725,00-99,,FR,visa,debit
439726,00-99,,FR,visa,credit
439727,00-99,,FR,visa,credit
439728,00-99,,FR,visa,debit
439729,00-99,,FR,visa,credit
439730,00-99,,FR,visa,credit
439731,00-99,,GB,visa,debit
439732,00-99,,GB,visa,debit
439733,00-99,OPTAL FINANCIAL LTD.,GB,visa,credit
439734,00-99,OPTAL FINANCIAL LTD.,GB,visa,credit
439735,00-99,OPTAL FINANCIAL LTD.,GB,visa,credit
439736,00-99,OPTAL FINANCIAL LTD.,GB,visa,credit
439737,00-99,SOCIETE GENERALE BANK - CYPRUS LTD.,CY,visa,credit
439738,00-99,TOPCARD SERVICE AG,CH,visa,credit
439739,00-99,UBS SWITZERLAND AG,CH,visa,credit
439740,00-99,,US,visa,credit
439741,00-99,,IT,visa,debit
439742,00-99,,IT,visa,credit
439743,00-99,UBS SWITZERLAND AG,CH,visa,debit
439744,00-99,NEW WAVE CAPITAL LTD.,GB,visa,credit
439745,00-99,,US,visa,credit
439746,00-99,,US,visa,credit
439747,00-99,,US,visa,credit
439748,00-99,ININAL ODEME VE ELEKTRONIK PARA HIZMETLERI A.S.,TR,visa,debit
439749,00-99,FINANCIERA MULTIMONEY S.A.,CR,visa,debit
439750,00-99,NEGOCIOS DE CONSUMO S.A.,GT,visa,debit
439751,00-99,,SE,visa,credit
439752,00-99,,US,visa,credit
439753,00-99,,US,visa,credit
439754,00-99,UNICRE - INSTITUICAO FINANCEIRA DE CREDITO S.A.,PT,visa,credit
439755,00-99,AUSTRALIA AND NEW ZEALAND BANKING GROUP LTD.,AU,visa,credit
439756,00-99,,GB,visa,credit
439757,00-99,QNB BANK A.S,TR,visa,credit
439758,00-99,,US,visa,credit
439759,00-99,,US,visa,credit
439760,00-99,BANK OF AMERICA NATIONAL ASSOCIATION,US,visa,debit
439761,00-99,,NO,visa,credit
439762,00-99,BANK OF AMERICA NATIONAL ASSOCIATION,US,visa,debit
439763,00-99,PAYRNET LTD.,GB,visa,debit
439764,00-99,BANK OF AMERICA NATIONAL ASSOCIATION,US,visa,debit
439765,00-99,,FI,visa,credit
439766,00-99,BANK OF AMERICA NATIONAL ASSOCIATION,US,visa,debit
439767,00-99,BANK OF AMERICA NATIONAL ASSOCIATION,US,visa,debit
439768,00-99,EUROPE ARAB BANK SA,FR,visa,debit
439769,00-99,BANK OF AMERICA NATIONAL ASSOCIATION,US,visa,debit
439770,00-99,BANK OF AMERICA NATIONAL ASSOCIATION,US,visa,debit
439771,00-99,FORIS MT LTD.,SE,visa,debit
439772,00-99,FORIS MT LTD.,CH,visa,debit
439773,00-99,BANK OF AMERICA NATIONAL ASSOCIATION,US,visa,debit
439774,00-99,BANK OF AMERICA NATIONAL ASSOCIATION,US,visa,debit
439775,00-99,PSA PAYMENT SERVICES AUSTRIA GMBH,AT,visa,credit
439776,00-99,PSA PAYMENT SERVICES AUSTRIA GMBH,AT,visa,credit
439777,00-99,BANK OF AMERICA NATIONAL ASSOCIATION,US,visa,debit
439778,00-99,BANK OF AMERICA NATIONAL ASSOCIATION,US,visa,debit
439779,00-99,,GB,visa,credit
439780,00-99,PAYRNET LTD.,GB,visa,debit
439781,00-99,PAYRNET LTD.,GB,visa,debit
439782,00-99,UNICREDIT S.P.A.,IT,visa,credit
439783,00-99,UNICREDIT S.P.A.,IT,visa,debit
439784,00-99,,DE,visa,credit
439785,00-99,BANK OF AMERICA NATIONAL ASSOCIATION,US,visa,debit
439786,00-99,WALLESTER AS,EE,visa,debit
439787,00-99,FIRST INVESTMENT BANK,BG,visa,credit
439788,00-99,BANK OF AMERICA NATIONAL ASSOCIATION,US,visa,debit
439789,00-99,BANK OF AMERICA NATIONAL ASSOCIATION,US,visa,debit
439790,00-99,SPIRITBANK,US,visa,debit
439791,00-99,BOK FINANCIAL,US,visa,debit
439792,00-99,BOK FINANCIAL,US,visa,debit
439793,00-99,OAKSTAR BANK,US,visa,debit
439794,00-99,BOK FINANCIAL,US,visa,debit
439795,00-99,BOK FINANCIAL,US,visa,debit
439796,00-99,FIRST BANK & TRUST CO.,US,visa,debit
439797,00-99,PEOPLE'S CREDIT UNION,US,visa,debit
439798,00-99,QUESTA CREDIT UNION,US,visa,debit
439799,00-99,HORIZON BANK,US,visa,credit
439800,00-99,PNC FINANCIAL SERVICES GROUP INC.,US,visa,credit
439801,00-99,,US,visa,credit
439802,00-99,,US,visa,credit
439803,00-99,FIRST CITIZENS STATE BANK,US,visa,debit
439804,00-99,DISTRICT COMMUNITY CREDIT UNION,US,visa,credit
439805,00-99,SIU CREDIT UNION,US,visa,debit
439806,00-99,CENTURY FEDERAL CREDIT UNION,US,visa,credit
439807,00-99,FNBC BANK & TRUST,US,visa,debit
439808,00-99,FINANCIAL PLUS CREDIT UNION,US,visa,debit
439809,00-99,FIRST SERVICE FEDERAL CREDIT UNION,US,visa,debit
439810,00-99,PNC FINANCIAL SERVICES GROUP INC.,US,visa,credit
439811,00-99,BANKWELL,US,visa,debit
439812,00-99,ICBA BANCARD,US,visa,credit
439813,00-99,BANCO CAPITAL C.A.,VE,visa,credit
439814,00-99,BANCO CAPITAL C.A.,VE,visa,credit
439815,00-99,,GT,visa,credit
439816,00-99,,GT,visa,credit
439817,00-99,,GT,visa,credit
439818,00-99,BANCO PROVINCIA,AR,visa,debit
439819,00-99,,US,visa,debit
439820,00-99,,US,visa,credit
439821,00-99,,US,visa,credit
439822,00-99,,US,visa,credit
439823,00-99,,US,visa,credit
439824,00-99,,US,visa,credit
439825,00-99,,US,visa,credit
439826,00-99,BPCE,FR,visa,debit
439827,00-99,BPCE,FR,visa,debit
439828,00-99,,US,visa,credit
439829,00-99,BPCE,FR,visa,debit
439830,00-99,,IN,visa,debit
439831,00-99,,LV,visa,debit
439832,00-99,,US,visa,credit
439833,00-99,,US,visa,credit
439834,00-99,,US,visa,credit
439835,00-99,,US,visa,credit
439836,00-99,,US,visa,credit
439837,00-99,BPCE,FR,visa,debit
439838,00-99,,US,visa,credit
439839,00-99,,US,visa,credit
439840,00-99,BPCE,FR,visa,debit
439841,00-99,BPCE,FR,visa,debit
439842,00-99,BPCE,FR,visa,debit
439843,00-99,,FR,visa,credit
439844,00-99,BPCE,FR,visa,debit
439845,00-99,TURK EKONOMI BANKASI A.S.,TR,visa,credit
439846,00-99,BPCE,FR,visa,debit
439847,00-99,KUVEYT TURK EVKAF FINANS KURUMU,TR,visa,credit
439848,00-99,KUVEYT TURK KATILIM BANKASI A.S.,TR,visa,debit
439849,00-99,KUVEYT TURK KATILIM BANKASI A.S.,TR,visa,debit
439850,00-99,CAISSE NATIONALE DES CAISSES D'EPARGNE (CNCE),FR,visa,debit
439851,00-99,UNITED BANK,US,visa,debit
439852,00-99,GREENVILLE FEDERAL CREDIT UNION,US,visa,debit
439853,00-99,BAYVANGUARD BANK,US,visa,debit
439854,00-99,SOUTH STATE BANK,US,visa,debit
439855,00-99,SOUTH STATE BANK,US,visa,debit
439856,00-99,CHICAGO PATROLMEN'S FEDERAL CREDIT UNION,US,visa,credit
439857,00-99,MOUNTAIN AMERICA FEDERAL CREDIT UNION,US,visa,credit
439858,00-99,TEXAS CAPITAL BANK,US,visa,debit
439859,00-99,CITIZENS 1ST BANK,US,visa,debit
439860,00-99,AMERICAN BANK OF BEAVER DAM,US,visa,debit
439861,00-99,5 STAR COMMUNITY CREDIT UNION,US,visa,debit
439862,00-99,GEORGIA'S OWN CREDIT UNION,US,visa,debit
439863,00-99,PATHFINDER BANK,US,visa,debit
439864,00-99,STOCK YARDS BANK,US,visa,credit
439865,00-99,STOCK YARDS BANK,US,visa,credit
439866,00-99,STOCK YARDS BANK & TRUST COMPANY,US,visa,credit
439867,00-99,CTBC BANK CORP. (USA),US,visa,debit
439868,00-99,COMMUNITY CREDIT UNION,US,visa,debit
439869,00-99,WELLS FARGO BANK N.A.,US,visa,debit
439870,00-99,J.M. ASSOCIATES FEDERAL CREDIT UNION,US,visa,debit
439871,00-99,JM ASSOCIATES FEDERAL CREDIT UNION,US,visa,credit
439872,00-99,WMCU,US,visa,credit
439873,00-99,JM ASSOCIATES FEDERAL CREDIT UNION,US,visa,credit
439874,00-99,TOTAL SYSTEM SERVICES INC.,US,visa,credit
439875,00-99,WHITE ROSE CREDIT UNION,US,visa,debit
439876,00-99,WMCU,US,visa,credit
439877,00-99,BEACON CREDIT UNION,US,visa,debit
439878,00-99,BURKE & HERBERT BANK & TRUST COMPANY,US,visa,debit
439879,00-99,BAY COMMUNITY BANK,US,visa,debit
439880,00-99,HAR-CO CREDIT UNION,US,visa,credit
439881,00-99,GUARDIAN CREDIT UNION,US,visa,debit
439882,00-99,PNC BANK NATIONAL ASSOCIATION,US,visa,credit
439883,00-99,KEYBANK N.A.,US,visa,credit
439884,00-99,NICOLET NATIONAL BANK,US,visa,debit
439885,00-99,ACCESS FEDERAL CREDIT UNION,US,visa,debit
439886,00-99,LOUISIANA CENTRAL CREDIT UNION,US,visa,debit
439887,00-99,CARD SERVICES FOR CREDIT UNIONS,US,visa,credit
439888,00-99,UKRAINIAN NATIONAL FEDERAL CREDIT UNION,US,visa,credit
439889,00-99,UNION BUILDING TRADES FEDERAL CREDIT UNION,US,visa,credit
439890,00-99,WMCU,US,visa,debit
439891,00-99,5STAR BANK,US,visa,credit
439892,00-99,TRELLANCE INC.,US,visa,credit
439893,00-99,RIVER TO RIVER CREDIT UNION,US,visa,debit
439894,00-99,PROVIDENCE BANK & TRUST,US,visa,debit
439895,00-99,BANCO NACIONAL DE BOLIVIA S.A.,BO,visa,credit
439896,00-99,CARD SERVICES FOR CREDIT UNIONS,US,visa,debit
439897,00-99,COMMUNITY FIRST CREDIT UNION,US,visa,credit
439898,00-99,CENTRAL PACIFIC BANK,US,visa,debit
439899,00-99,CARD SERVICES FOR CREDIT UNIONS,US,visa,credit
439900,00-99,BA MERCHANT SERVICES INC.,US,visa,credit
439901,00-99,FIFTH THIRD BANK,US,visa,debit
439902,00-99,BA MERCHANT SERVICES INC.,US,visa,credit
439903,00-99,PNC FINANCIAL SERVICES GROUP INC.,US,visa,credit
439904,00-99,PNC FINANCIAL SERVICES GROUP INC.,US,visa,credit
439905,00-99,PNC FINANCIAL SERVICES GROUP INC.,US,visa,credit
439906,00-99,,US,visa,credit
439907,00-99,,US,visa,credit
439908,00-99,,US,visa,credit
439909,00-99,PNC FINANCIAL SERVICES GROUP INC.,US,visa,credit
439910,00-99,CITIZENS NATIONAL BANK OF BLUFFTON,US,visa,credit
439911,00-99,UNITED FEDERAL CREDIT UNION,US,visa,debit
439912,00-99,,US,visa,credit
439913,00-99,COMMERCIAL BANK OF CALIFORNIA,US,visa,debit
439914,00-99,GREAT NORTHWEST FEDERAL CREDIT UNION,US,visa,debit
439915,00-99,GREAT NORTHWEST FEDERAL CREDIT UNION,US,visa,credit
439916,00-99,BELCO COMMUNITY CREDIT UNION,US,visa,credit
439917,00-99,FIRST INTERSTATE BANK,US,visa,debit
439918,00-99,FIRST INTERSTATE BANK,US,visa,debit
439919,00-99,FIRST INTERSTATE BANK,US,visa,debit
439920,00-99,PNC FINANCIAL SERVICES GROUP INC.,US,visa,credit
439921,00-99,BA MERCHANT SERVICES INC.,US,visa,credit
439922,00-99,LOCAL GOVERNMENT FEDERAL CREDIT UNION,US,visa,credit
439923,00-99,WELLS FARGO BANK NATIONAL ASSOCIATION,US,visa,debit
439924,00-99,CARD SERVICES FOR CREDIT UNIONS,US,visa,credit
439925,00-99,NASHVILLE FIREMEN'S CREDIT UNION,US,visa,credit
439926,00-99,CENTRAL VALLEY FIREFIGHTERS CREDIT UNION,US,visa,credit
439927,00-99,COMPASS CREDIT UNION,US,visa,credit
439928,00-99,NORTHWOODS CREDIT UNION,US,visa,credit
439929,00-99,ROANOKE VALLEY COMMUNITY FEDERAL CREDIT UNION,US,visa,credit
439930,00-99,BRONCO FEDERAL CREDIT UNION,US,visa,credit
439931,00-99,BANCO MERCANTIL SANTA CRUZ S.A.,BO,visa,credit
439932,00-99,BANCO MERCANTIL SANTA CRUZ S.A.,BO,visa,credit
439933,00-99,CREDOMATIC DE GUATEMALA S.A.,GT,visa,credit
439934,00-99,CREDOMATIC DE GUATEMALA S.A.,GT,visa,credit
439935,00-99,,US,visa,credit
439936,00-99,BANCO SEMEAR S.A.**OFFBOARDING**,BR,visa,debit
439937,00-99,BANCO SEMEAR S.A.**OFFBOARDING**,BR,visa,credit
439938,00-99,BANCO AMAZONAS S.A.,EC,visa,debit
439939,00-99,CARD SERVICES FOR CREDIT UNIONS,US,visa,credit
439940,00-99,CARD SERVICES FOR CREDIT UNIONS,US,visa,credit
439941,00-99,CARD SERVICES FOR CREDIT UNIONS,US,visa,credit
439942,00-99,CARD SERVICES FOR CREDIT UNIONS,US,visa,credit
439943,00-99,CARD SERVICES FOR CREDIT UNIONS,US,visa,credit
439944,00-99,HUNTINGTON BEACH CREDIT UNION,US,visa,credit
439945,00-99,TRU-FI CREDIT UNION,US,visa,credit
439946,00-99,EDUCATIONAL COMMUNITY CREDIT UNION,US,visa,credit
439947,00-99,CARD SERVICES FOR CREDIT UNIONS,US,visa,credit
439948,00-99,CARD SERVICES FOR CREDIT UNIONS,US,visa,credit
439949,00-99,FIRST NATIONAL BANK OF OSAKIS,US,visa,debit
439950,00-99,FIRST ABU DHABI BANK (PJSC),OM,visa,credit
439951,00-99,ACCESS BANK ANGOLA S.A.,AO,visa,credit
439952,00-99,ACCESS BANK ANGOLA S.A.,AO,visa,debit
439953,00-99,SDM BANK,RU,visa,credit
439954,00-99,GIB-SA,SA,visa,debit
439955,00-99,GIB-SA,SA,visa,credit
439956,00-99,GULF INTERNATIONAL BANK B.S.C.,BH,visa,debit
439957,00-99,STANBIC BANK GHANA LTD.,GH,visa,debit
439958,00-99,,RU,visa,credit
439959,00-99,,RU,visa,debit
439960,00-99,,RU,visa,debit
439961,00-99,,RU,visa,debit
439962,00-99,CREDIT LIBANAIS S.A.L.,LB,visa,credit
439963,00-99,INTL HDQTRS-CENTER OWNED,US,visa,debit
439964,00-99,INTL HDQTRS-CENTER OWNED,US,visa,debit
439965,00-99,INTL HDQTRS-CENTER OWNED,US,visa,debit
439966,00-99,TEXAS FIRST BANK,US,visa,debit
439967,00-99,TEXAS FIRST BANK,US,visa,debit
439968,00-99,TEXAS FIRST BANK,US,visa,debit
439969,00-99,PNC FINANCIAL SERVICES GROUP INC.,US,visa,credit
439970,00-99,KOTAK MAHINDRA BANK LTD.,IN,visa,debit
439971,00-99,WESTCONSIN CREDIT UNION,US,visa,debit
439972,00-99,PNC FINANCIAL SERVICES GROUP INC.,US,visa,credit
439973,00-99,BLUE MOUNTAIN CREDIT UNION,US,visa,debit
439974,00-99,SERVICE CREDIT UNION,US,visa,debit
439975,00-99,HARRISON COUNTY BANK,US,visa,credit
439976,00-99,INTRUST BANK,US,visa,debit
439977,00-99,EAST BOSTON SAVINGS BANK,US,visa,debit
439978,00-99,WOLVERINE STATE CREDIT UNION,US,visa,credit
439979,00-99,FIVE STAR BANK,US,visa,debit
439980,00-99,DUPAGE COUNTY EMPLOYEES CREDIT UNION,US,visa,debit
439981,00-99,COMMUNITY SERVICE CREDIT UNION,US,visa,credit
439982,00-99,TRUWEST CREDIT UNION,US,visa,credit
439983,00-99,TRUWEST CREDIT UNION,US,visa,credit
439984,00-99,VANTAGE WEST CREDIT UNION,US,visa,credit
439985,00-99,JSC EURASIAN BANK,KZ,visa,debit
439986,00-99,JSC EURASIAN BANK,KZ,visa,debit
439987,00-99,JSC EURASIAN BANK,KZ,visa,debit
439988,00-99,JSC EURASIAN BANK,KZ,visa,debit
439989,00-99,,US,visa,credit
439990,00-99,CONTECNICA S.A.,GT,visa,credit
439991,00-99,CONTECNICA S.A.,GT,visa,credit
439992,00-99,IDFC FIRST BANK LTD.,IN,visa,credit
439993,00-99,SUDANESE FRENCH BANK,SD,visa,debit
439994,00-99,CREDIT UNION OF OHIO,US,visa,credit
439995,00-99,PUBLIX EMPLOYEES FEDERAL CREDIT UNION,US,visa,credit
439996,00-99,TCM BANK NATIONAL ASSOCIATION,US,visa,credit
439997,00-99,BA MERCHANT SERVICES INC.,US,visa,credit
439998,00-99,BA MERCHANT SERVICES INC.,US,visa,credit
439999,00-99,BA MERCHANT SERVICES INC.,US,visa,credit
