BIN6,Ranges,Issuer,Country,Brand,Type
440000,00-99,MVB BANK INC,US,visa,debit
440001,00-99,PNC BANK GLOBAL INVESTMENT SERVICING,US,visa,debit
440002,00-99,JSC ASVIO BANK,UA,visa,credit
440003,00-99,CORRECTIONS FEDERAL CREDIT UNION,US,visa,debit
440004,00-99,CARD SERVICES FOR CREDIT UNIONS,US,visa,debit
440005,00-99,Jpmorgan Chase Bank Na,US,visa,credit
440006,00-99,AXIS BANK LTD.,IN,visa,credit
440007,00-99,CARD SERVICES FOR CREDIT UNIONS,US,visa,debit
440008,00-99,Dutch-Bangla Bank Limited,BD,visa,debit
440009,00-99,Dutch-Bangla Bank Limited,BD,visa,debit
440010,00-99,CARD SERVICES FOR CREDIT UNIONS,US,visa,credit
440011,00-99,ZENITH BANK (GAMBIA) LTD.,GM,visa,debit
440012,00-99,ZENITH BANK (GAMBIA) LTD.,GM,visa,debit
440013,00-99,Jpmorgan Chase Bank Na,US,visa,credit
440014,00-99,BANCO COMERCIAL E DE INVESTIMENTOS SARL,MZ,visa,credit
440015,00-99,CARD SERVICES FOR CREDIT UNIONS,US,visa,debit
440016,00-99,CARD SERVICES FOR CREDIT UNIONS,US,visa,debit
440017,00-99,VISTA BANK (SL) LTD.,SL,visa,debit
440018,00-99,MEMBERS ALLIANCE CREDIT UNION,US,visa,debit
440019,00-99,Jpmorgan Chase Bank Na,US,visa,credit
440020,00-99,HI-LAND CREDIT UNION,US,visa,credit
440021,00-99,PACIFIC CREST FEDERAL CREDIT UNION,US,visa,credit
440022,00-99,CARD SERVICES FOR CREDIT UNIONS,US,visa,debit
440023,00-99,MERCER COUNTY WEST VIRGINIA TEACHERS FEDERAL CREDIT UNION,US,visa,debit
440024,00-99,CARD SERVICES FOR CREDIT UNIONS,US,visa,debit
440025,00-99,BC CARD COMPANY LTD.,KR,visa,debit
440026,00-99,UNITED BANKERS' BANK,US,visa,credit
440027,00-99,UNITED BANKERS' BANK,US,visa,credit
440028,00-99,ACHIEVA CREDIT UNION,US,visa,credit
440029,00-99,MONTCALM PUBLIC EMPLOYEES CREDIT UNION,US,visa,debit
440030,00-99,MISSOURI BAPTIST CREDIT UNION,US,visa,debit
440031,00-99,Jpmorgan Chase Bank Na,US,visa,credit
440032,00-99,INVESTMENT BANK OF CHELYABINSK JS CHELYABINVESTBANK,RU,visa,debit
440033,00-99,BANK OF BEIRUT SAL,LB,visa,debit
440034,00-99,BANK OF BEIRUT SAL,LB,visa,credit
440035,00-99,INTL HDQTRS-CENTER OWNED,CA,visa,credit
440036,00-99,INTL HDQTRS-CENTER OWNED,CA,visa,credit
440037,00-99,BANK OF BEIRUT SAL,LB,visa,credit
440038,00-99,BANK OF BEIRUT SAL,LB,visa,debit
440039,00-99,ALL TRANS FINANCIAL SERVICES CREDIT UNION LTD.,CA,visa,debit
440040,00-99,FIRSTRAND BANK LTD.,ZA,visa,debit
440041,00-99,SBM BANK (KENYA) LTD.,KE,visa,debit
440042,00-99,INTESA SANPAOLO BANK ALBANIA SH.A,AL,visa,debit
440043,00-99,KASPI BANK JSC,KZ,visa,debit
440044,00-99,CREDIT AGRICOLE BANK POLSKA S.A.,PL,visa,credit
440045,00-99,U.S. BANK NATIONAL ASSOCIATION,US,visa,credit
440046,00-99,FIRST NATIONAL BANK OF OMAHA,US,visa,credit
440047,00-99,FIRSTBANK PUERTO RICO,PR,visa,credit
440048,00-99,BANK OF AMERICA NATIONAL ASSOCIATION,US,visa,credit
440049,00-99,BANK OF AMERICA NATIONAL ASSOCIATION,US,visa,credit
440050,00-99,BANK OF AMERICA NATIONAL ASSOCIATION,US,visa,credit
440051,00-99,BANK OF AMERICA - CONSUMER CREDIT,US,visa,credit
440052,00-99,U.S. BANK NATIONAL ASSOCIATION,US,visa,credit
440053,00-99,FIRST NATIONAL BANK OF OMAHA,US,visa,credit
440054,00-99,FIRST BANK PUERTO RICO,PR,visa,credit
440055,00-99,BANK OF AMERICA NATIONAL ASSOCIATION,US,visa,credit
440056,00-99,BANK OF AMERICA - CONSUMER CREDIT,US,visa,credit
440057,00-99,BANK OF AMERICA NATIONAL ASSOCIATION,US,visa,credit
440058,00-99,BANK OF AMERICA - CONSUMER CREDIT,US,visa,credit
440059,00-99,U.S. BANK NATIONAL ASSOCIATION,US,visa,credit
440060,00-99,FIRST NATIONAL BANK OF OMAHA,US,visa,credit
440061,00-99,MAUI FEDERAL CREDIT UNION,US,visa,credit
440062,00-99,ALVA STATE BANK & TRUST COMPANY,US,visa,debit
440063,00-99,FIRST NATIONAL BANK OF OMAHA,US,visa,credit
440064,00-99,FIRST BANK PUERTO RICO,PR,visa,credit
440065,00-99,BANK OF AMERICA NATIONAL ASSOCIATION,US,visa,credit
440066,00-99,BANK OF AMERICA - CONSUMER CREDIT,US,visa,credit
440067,00-99,BANK OF AMERICA - CONSUMER CREDIT,US,visa,credit
440068,00-99,BANK OF AMERICA - CONSUMER CREDIT,US,visa,credit
440069,00-99,BOK FINANCIAL,US,visa,debit
440070,00-99,REPUBLIC BANK & TRUST COMPANY,US,visa,debit
440071,00-99,BOK FINANCIAL,US,visa,debit
440072,00-99,NORTHEAST MISSOURI STATE BANK,US,visa,debit
440073,00-99,BANK OF NEW MADRID,US,visa,debit
440074,00-99,JONESBURG STATE BANK,US,visa,debit
440075,00-99,BOK FINANCIAL,US,visa,debit
440076,00-99,WORTHINGTON BANK,US,visa,debit
440077,00-99,JSCB INVEST FINANCE BANK,UZ,visa,credit
440078,00-99,BOK FINANCIAL,US,visa,debit
440079,00-99,BANK OF AMERICA NATIONAL ASSOCIATION,US,visa,credit
440080,00-99,BANK OF PUTNAM COUNTY,US,visa,debit
440081,00-99,Moldindconbank Sa,MD,visa,debit
440082,00-99,Jpmorgan Chase Bank Na,US,visa,credit
440083,00-99,ONE BANK OF TENNESSEE,US,visa,debit
440084,00-99,Jpmorgan Chase Bank Na,US,visa,credit
440085,00-99,INVESTORS COMMUNITY BANK,US,visa,debit
440086,00-99,UNION BANK & TRUST,US,visa,debit
440087,00-99,Jpmorgan Chase Bank Na,US,visa,credit
440088,00-99,,US,visa,credit
440089,00-99,,US,visa,credit
440090,00-99,,US,visa,credit
440091,00-99,FIFTH THIRD BANK,US,visa,debit
440092,00-99,M.P.D. COMMUNITY CREDIT UNION,US,visa,debit
440093,00-99,,US,visa,credit
440094,00-99,SPECTRA FEDERAL CREDIT UNION,US,visa,debit
440095,00-99,FISERV SOLUTIONS LLC,US,visa,credit
440096,00-99,FISERV SOLUTIONS LLC,US,visa,credit
440097,00-99,FISERV SOLUTIONS LLC,US,visa,credit
440098,00-99,FISERV SOLUTIONS LLC,US,visa,credit
440099,00-99,FISERV SOLUTIONS LLC,US,visa,credit
440100,00-99,HOMELAND CREDIT UNION INC.,US,visa,credit
440101,00-99,ICBA BANCARD INC.,US,visa,debit
440102,00-99,WELLS FARGO BANK N.A.,US,visa,debit
440103,00-99,WELLS FARGO BANK N.A.,US,visa,debit
440104,00-99,WELLS FARGO BANK N.A.,US,visa,debit
440105,00-99,WELLS FARGO BANK N.A.,US,visa,debit
440106,00-99,WELLS FARGO BANK N.A.,US,visa,debit
440107,00-99,HTLF BANK,US,visa,debit
440108,00-99,,US,visa,debit
440109,00-99,WELLS FARGO BANK N.A.,US,visa,debit
440110,00-99,LEADER BANK NATIONAL ASSOCIATION,US,visa,debit
440111,00-99,HANMI BANK,US,visa,debit
440112,00-99,GLACIER BANK,US,visa,debit
440113,00-99,TEXAS ADVANTAGE COMMUNITY BANK NATIONAL ASSOCIATION,US,visa,debit
440114,00-99,WELLS FARGO BANK N.A.,US,visa,debit
440115,00-99,WELLS FARGO BANK N.A.,US,visa,debit
440116,00-99,WELLS FARGO BANK N.A.,US,visa,debit
440117,00-99,TRISTATE CAPITAL BANK,US,visa,debit
440118,00-99,WELLS FARGO BANK N.A.,US,visa,debit
440119,00-99,WELLS FARGO BANK N.A.,US,visa,debit
440120,00-99,WELLS FARGO BANK N.A.,US,visa,debit
440121,00-99,MERRICK BANK,US,visa,credit
440122,00-99,WEX BANK,US,visa,credit
440123,00-99,WRIGHT-PATT CREDIT UNION INC.,US,visa,debit
440124,00-99,UNITED BANK,US,visa,credit
440125,00-99,NURBANK JSC,KZ,visa,debit
440126,00-99,NURBANK JSC,KZ,visa,debit
440127,00-99,NURBANK JSC,KZ,visa,debit
440128,00-99,NURBANK JSC,KZ,visa,debit
440129,00-99,COMMERCIAL BANK 'PRIVATBANK',UA,visa,debit
440130,00-99,OTP BANKA D.D.,HR,visa,credit
440131,00-99,UNION BANCAIRE POUR LE COMMERCE ET L'INDUSTRIE,TN,visa,debit
440132,00-99,ITAU UNIBANCO HOLDING S.A.,BR,visa,credit
440133,00-99,BANCO AZTECA S.A. INSTITUCION DE BANCA MULTIPLE,MX,visa,credit
440134,00-99,IBERIABANK,US,visa,credit
440135,00-99,UNICREDIT BANK S.A.,RO,visa,debit
440136,00-99,VOLT CREDIT UNION,US,visa,credit
440137,00-99,FIRST INTERNATIONAL BANK & TRUST,US,visa,credit
440138,00-99,WELLS FARGO BANK NATIONAL ASSOCIATION,US,visa,credit
440139,00-99,JPMORGAN CHASE BANK N.A.,US,visa,credit
440140,00-99,FIRST FINANCIAL BANK,US,visa,credit
440141,00-99,FORWARD BANK,US,visa,credit
440142,00-99,LOGAN MEDICAL FEDERAL CREDIT UNION,US,visa,debit
440143,00-99,PACIFIC ALLIANCE BANK,US,visa,debit
440144,00-99,WELLS FARGO BANK N.A.,US,visa,debit
440145,00-99,,US,visa,debit
440146,00-99,WELLS FARGO BANK N.A.,US,visa,debit
440147,00-99,THE HUNTINGTON NATIONAL BANK,US,visa,debit
440148,00-99,WELLS FARGO BANK N.A.,US,visa,debit
440149,00-99,TRISTATE CAPITAL BANK,US,visa,debit
440150,00-99,WELLS FARGO BANK N.A.,US,visa,debit
440151,00-99,WELLS FARGO BANK N.A.,US,visa,debit
440152,00-99,WELLS FARGO BANK N.A.,US,visa,debit
440153,00-99,WELLS FARGO BANK N.A.,US,visa,debit
440154,00-99,WELLS FARGO BANK N.A.,US,visa,debit
440155,00-99,THE BANK OF PRINCETON,US,visa,debit
440156,00-99,ICBA BANCARD,US,visa,debit
440157,00-99,EMBASSY NATIONAL BANK,US,visa,debit
440158,00-99,WELLS FARGO BANK N.A.,US,visa,debit
440159,00-99,WELLS FARGO BANK N.A.,US,visa,debit
440160,00-99,PREFERRED BANK,US,visa,debit
440161,00-99,WELLS FARGO BANK N.A.,US,visa,debit
440162,00-99,BANKERS' BANK OF THE WEST,US,visa,debit
440163,00-99,THE EASTERN COLORADO BANK,US,visa,debit
440164,00-99,FIRST PIONEER NATIONAL BANK,US,visa,debit
440165,00-99,BANKERS' BANK OF THE WEST,US,visa,debit
440166,00-99,BANKERS' BANK OF THE WEST,US,visa,debit
440167,00-99,RBC BANK (GEORGIA) NATIONAL ASSOCIATION,US,visa,debit
440168,00-99,BANKERS' BANK OF THE WEST,US,visa,debit
440169,00-99,FIRST PIONEER NATIONAL BANK,US,visa,debit
440170,00-99,WELLS FARGO BANK N.A.,US,visa,debit
440171,00-99,THE EASTERN COLORADO BANK,US,visa,debit
440172,00-99,,US,visa,credit
440173,00-99,WELLS FARGO BANK N.A.,US,visa,credit
440174,00-99,THE FIRST NATIONAL BANK OF MCGREGOR,US,visa,debit
440175,00-99,ALTURA CREDIT UNION,US,visa,debit
440176,00-99,INOVA FEDERAL CREDIT UNION,US,visa,debit
440177,00-99,METABANK,US,visa,debit
440178,00-99,BANK OF AMERICA NATIONAL ASSOCIATION,US,visa,credit
440179,00-99,BMO HARRIS BANK N.A.,US,visa,credit
440180,00-99,HINSDALE BANK AND TRUST COMPANY,US,visa,debit
440181,00-99,NORTH AMERICAN BANKING COMPANY,US,visa,debit
440182,00-99,UNION BANK AND TRUST COMPANY,US,visa,debit
440183,00-99,AMERICAN TRUST AND SAVINGS BANK,US,visa,debit
440184,00-99,GRAND RAPIDS STATE BANK,US,visa,debit
440185,00-99,CIBC BANK USA,US,visa,debit
440186,00-99,,US,visa,debit
440187,00-99,INB N.A.,US,visa,debit
440188,00-99,,US,visa,debit
440189,00-99,TD BANK N.A.,US,visa,debit
440190,00-99,,US,visa,credit
440191,00-99,WOODTRUST BANK,US,visa,debit
440192,00-99,S&T BANK,US,visa,credit
440193,00-99,,US,visa,credit
440194,00-99,PARK BANK,US,visa,debit
440195,00-99,ALLIANCE BANK,US,visa,debit
440196,00-99,BANK OF MARIN,US,visa,debit
440197,00-99,S&T BANK,US,visa,debit
440198,00-99,EL DORADO SAVINGS BANK F.S.B.,US,visa,debit
440199,00-99,SANDY SPRING BANK,US,visa,debit
440200,00-99,FIRST MISSOURI CREDIT UNION,US,visa,debit
440201,00-99,EDUCATIONAL COMMUNITY CREDIT UNION,US,visa,debit
440202,00-99,FIRST BANK TEXAS,US,visa,debit
440203,00-99,ARKANSAS FEDERAL CREDIT UNION,US,visa,debit
440204,00-99,SDM BANK,RU,visa,debit
440205,00-99,SDM BANK,RU,visa,debit
440206,00-99,SDM BANK,RU,visa,credit
440207,00-99,BANQUE MISR,EG,visa,debit
440208,00-99,QATAR NATIONAL BANK AL AHLI S.A.E.,EG,visa,credit
440209,00-99,THE BANK OF MISSOURI,US,visa,debit
440210,00-99,BANK HANDLOWY W WARSZAWIE S.A.,PL,visa,credit
440211,00-99,BANK HANDLOWY W WARSZAWIE S.A.,PL,visa,credit
440212,00-99,BOK FINANCIAL,US,visa,credit
440213,00-99,CATALYST CORPORATE FEDERAL CREDIT UNION,US,visa,debit
440214,00-99,,LV,visa,credit
440215,00-99,TTCU FEDERAL CREDIT UNION,US,visa,debit
440216,00-99,WEBSTER BANK NATIONAL ASSOCIATION,US,visa,debit
440217,00-99,GREATER OMAHA FEDERAL CREDIT UNION,US,visa,debit
440218,00-99,BANK OF AMERICA NATIONAL ASSOCIATION,US,visa,debit
440219,00-99,BANK OF AMERICA NATIONAL ASSOCIATION,US,visa,credit
440220,00-99,KDB BANK (HUNGARY) LTD.,HU,visa,credit
440221,00-99,KDB BANK EUROPA ZRT,HU,visa,debit
440222,00-99,KDB BANK (HUNGARY) LTD.,HU,visa,debit
440223,00-99,KDB BANK (HUNGARY) LTD.,HU,visa,debit
440224,00-99,AMPLIFY FEDERAL CREDIT UNION,US,visa,debit
440225,00-99,COASTAL COMMUNITY BANK,US,visa,credit
440226,00-99,THE NATIONAL BANK OF INDIANAPOLIS,US,visa,debit
440227,00-99,WELLS FARGO BANK NATIONAL ASSOCIATION,US,visa,debit
440228,00-99,FARMERS STATE BANK,US,visa,debit
440229,00-99,PATHWARD N.A.,US,visa,debit
440230,00-99,PATHWARD N.A.,US,visa,debit
440231,00-99,CBAO GROUPE ATTIJARIWAFA BANK,SN,visa,debit
440232,00-99,UAB STANHOPE FINANCIAL,LT,visa,debit
440233,00-99,SEB BANKAS AB,LT,visa,credit
440234,00-99,AE BANK RT. (GENERAL BANKING AND TRUST LTD),HU,visa,debit
440235,00-99,AE BANK RT. (GENERAL BANKING AND TRUST LTD),HU,visa,debit
440236,00-99,ING BANK RT.,HU,visa,credit
440237,00-99,CJSC ALFA-BANK,RU,visa,credit
440238,00-99,WALLESTER AS,EE,visa,debit
440239,00-99,BIGBANK AS,EE,visa,credit
440240,00-99,ALPE JADRAN BANKA D.D.,HR,visa,credit
440241,00-99,,US,visa,credit
440242,00-99,,US,visa,credit
440243,00-99,WELLS FARGO BANK NATIONAL ASSOCIATION,US,visa,debit
440244,00-99,FIRST NATIONAL BANK IN SIOUX FALLS,US,visa,debit
440245,00-99,FARMERS STATE BANK OF NORTHERN MISSOURI,US,visa,credit
440246,00-99,,US,visa,credit
440247,00-99,TURK EKONOMI BANKASI A.S.,TR,visa,debit
440248,00-99,FIDELITY STATE BANK AND TRUST COMPANY,US,visa,debit
440249,00-99,FIDELITY STATE BANK AND TRUST COMPANY,US,visa,debit
440250,00-99,ARAB FINANCIAL SERVICES COMPANY,BH,visa,debit
440251,00-99,STATE BANK FOR FOREIGN ECONOMIC AFFAIRS OF TURKMENISTAN,TM,visa,debit
440252,00-99,STATE BANK FOR FOREIGN ECONOMIC AFFAIRS OF TURKMENISTAN,TM,visa,debit
440253,00-99,JSC GARANT BANK,UZ,visa,debit
440254,00-99,JSC HOME CREDIT BANK,KZ,visa,debit
440255,00-99,UNICREDIT BULBANK AD,BG,visa,debit
440256,00-99,BEREKE BANK JSC,KZ,visa,debit
440257,00-99,JSC HALYK BANK OF KAZAKHSTAN,KZ,visa,debit
440258,00-99,BEREKE BANK JSC,KZ,visa,credit
440259,00-99,JSC HOME CREDIT BANK,KZ,visa,debit
440260,00-99,ALLIED IRISH BANKS P.L.C.,IE,visa,credit
440261,00-99,IDT FINANCIAL SERVICES LTD.,GB,visa,debit
440262,00-99,WALTON COUNTY TEACHERS FEDERAL CREDIT UNION,US,visa,debit
440263,00-99,COMENITY BANK,US,visa,credit
440264,00-99,THRIVENT FINANCIAL BANK,US,visa,credit
440265,00-99,MACON BANK & TRUST,US,visa,debit
440266,00-99,FNBC BANK & TRUST,US,visa,debit
440267,00-99,,US,visa,credit
440268,00-99,,US,visa,credit
440269,00-99,COMENITY BANK,US,visa,credit
440270,00-99,BARCLAYS BANK (SEYCHELLES) LTD.,SC,visa,credit
440271,00-99,THE STATE EXPORT-IMPORT BANK OF UKRAINE (UKREXIMBANK),UA,visa,credit
440272,00-99,STATE EXPORT-IMPORT BANK OF UKRAINE (UKREXIMBANK),UA,visa,credit
440273,00-99,TURK EKONOMI BANKASI A.S.,TR,visa,credit
440274,00-99,TURK EKONOMI BANKASI A.S.,TR,visa,debit
440275,00-99,BANK CMG,US,visa,debit
440276,00-99,AMERICAN HERITAGE CREDIT UNION,US,visa,credit
440277,00-99,BANCO COOPERATIVO ESPANOL S.A.,ES,visa,debit
440278,00-99,PAYNETICS AD,EE,visa,credit
440279,00-99,CREDIT AGRICOLE BANK POLSKA S.A.,PL,visa,credit
440280,00-99,BANCO COOPERATIVO ESPANOL S.A.,ES,visa,credit
440281,00-99,BANCO COOPERATIVO ESPANOL S.A.,ES,visa,credit
440282,00-99,BANCO COOPERATIVO ESPANOL S.A.,ES,visa,debit
440283,00-99,BANCO COOPERATIVO ESPANOL S.A.,ES,visa,credit
440284,00-99,COLFAX BANKING COMPANY,US,visa,debit
440285,00-99,BANCO COOPERATIVO ESPANOL S.A.,ES,visa,debit
440286,00-99,,US,visa,credit
440287,00-99,STRIPE TECHNOLOGY EUROPE LTD.,IE,visa,credit
440288,00-99,AVANTCARD LTD.,IE,visa,credit
440289,00-99,,ID,visa,debit
440290,00-99,,RU,visa,debit
440291,00-99,INTRUST BANK NATIONAL ASSOCIATION,US,visa,debit
440292,00-99,STANDARD CHARTERED BANK ZIMBABWE LTD.,ZW,visa,debit
440293,00-99,TURK EKONOMI BANKASI A.S.,TR,visa,credit
440294,00-99,TURK EKONOMI BANKASI A.S.,TR,visa,debit
440295,00-99,TURK EKONOMI BANKASI A.S.,TR,visa,debit
440296,00-99,AVANTCARD LTD.,IE,visa,credit
440297,00-99,JSC MIB,UA,visa,debit
440298,00-99,AB CITADELE BANKAS,LV,visa,credit
440299,00-99,OTP BANK JSC,UA,visa,debit
440300,00-99,ISRACARD LTD.,IL,visa,credit
440301,00-99,,US,visa,credit
440302,00-99,ISRACARD LTD.,IL,visa,credit
440303,00-99,BANK LEUMI LE-ISRAEL B.M.,IL,visa,credit
440304,00-99,MASHREQBANK,AE,visa,debit
440305,00-99,MEMBERS COOPERATIVE CREDIT UNION,US,visa,debit
440306,00-99,CREDIT UNION PAYMENT CENTER (LIMITED LIABILITY COMPANY),RU,visa,debit
440307,00-99,CITIZENS BANK N.A.,US,visa,debit
440308,00-99,LA CAPITOL FEDERAL CREDIT UNION,US,visa,credit
440309,00-99,CREDIMAX B.S.C. (CLOSED),BH,visa,credit
440310,00-99,FIRST FINANCIAL BANK,US,visa,debit
440311,00-99,JPMORGAN CHASE BANK N.A.,US,visa,credit
440312,00-99,FIRST FINANCIAL BANK,US,visa,debit
440313,00-99,FIRST FINANCIAL BANK,US,visa,debit
440314,00-99,BANK OF AMERICA NATIONAL ASSOCIATION,US,visa,credit
440315,00-99,BANK OF AMERICA NATIONAL ASSOCIATION,US,visa,credit
440316,00-99,BANK OF AMERICA - CONSUMER CREDIT,US,visa,credit
440317,00-99,BANK OF AMERICA - CONSUMER CREDIT,US,visa,credit
440318,00-99,BANK OF AMERICA - CONSUMER CREDIT,US,visa,credit
440319,00-99,BANK OF AMERICA - CONSUMER CREDIT,US,visa,credit
440320,00-99,GOLDEN PLAINS CREDIT UNION,US,visa,credit
440321,00-99,UMB BANK NATIONAL ASSOCIATION,US,visa,debit
440322,00-99,MIDWESTONE BANK,US,visa,debit
440323,00-99,,US,visa,credit
440324,00-99,,US,visa,credit
440325,00-99,,US,visa,credit
440326,00-99,,US,visa,debit
440327,00-99,ERSTE BANK HUNGARY RT.,HU,visa,credit
440328,00-99,SANTANDER BANK POLSKA S.A.,PL,visa,credit
440329,00-99,U.S. EMPLOYEES O.C. FEDERAL CREDIT UNION,US,visa,debit
440330,00-99,EXCHANGE BANK,US,visa,debit
440331,00-99,ALLIANT BANK,US,visa,debit
440332,00-99,BOK FINANCIAL,US,visa,debit
440333,00-99,BANCO DE COSTA RICA,CR,visa,debit
440334,00-99,WELLS FARGO BANK N.A.,US,visa,credit
440335,00-99,,US,visa,credit
440336,00-99,METRO CU FEDERAL CREDIT UNION,US,visa,debit
440337,00-99,GOLDEN PLAINS CREDIT UNION,US,visa,credit
440338,00-99,PEOPLE'S UNITED BANK,US,visa,debit
440339,00-99,NCMIC FINANCE CORPORATION,US,visa,credit
440340,00-99,BANK OF THE VALLEY,US,visa,debit
440341,00-99,SECURITY BANK,US,visa,debit
440342,00-99,ARVEST BANK,US,visa,debit
440343,00-99,FIFTH THIRD BANK,US,visa,credit
440344,00-99,GATEWAY METRO FEDERAL CREDIT UNION,US,visa,debit
440345,00-99,REPUBLIC BANK & TRUST COMPANY,US,visa,debit
440346,00-99,PRIMEWAY FEDERAL CREDIT UNION,US,visa,credit
440347,00-99,PRIMEWAY FEDERAL CREDIT UNION,US,visa,credit
440348,00-99,GULF COAST EDUCATORS FEDERAL CREDIT UNION,US,visa,debit
440349,00-99,ICBA BANCARD INC.,US,visa,debit
440350,00-99,COOPERATIVA INTEGRAL DE AHORRO Y CREDITO ITZA R.L.,GT,visa,debit
440351,00-99,BANCO HIPOTECARIO DE EL SALVADOR S.A.,SV,visa,debit
440352,00-99,SECURITY BANK OF KANSAS CITY,US,visa,debit
440353,00-99,KCB BANK TANZANIA LTD.,TZ,visa,debit
440354,00-99,BBVA USA,US,visa,debit
440355,00-99,BANCO DE COSTA RICA,CR,visa,credit
440356,00-99,FIRST NATIONAL BANK IN SIOUX FALLS,US,visa,debit
440357,00-99,COOPERATIVA INTEGRAL DE AHORRO Y CREDITO ITZA R.L.,GT,visa,credit
440358,00-99,DAKOTALAND FEDERAL CREDIT UNION,US,visa,debit
440359,00-99,FIRST NATIONAL BANK IN SIOUX FALLS,US,visa,debit
440360,00-99,COOPERATIVA INTEGRAL DE AHORRO Y CREDITO ITZA R.L.,GT,visa,credit
440361,00-99,METABANK,US,visa,debit
440362,00-99,,US,visa,credit
440363,00-99,FIRST NATIONAL BANK,US,visa,credit
440364,00-99,,US,visa,debit
440365,00-99,SJN BANK OF KANSAS,US,visa,debit
440366,00-99,THE STOCKGROWERS STATE BANK OF ASHLAND KANSAS,US,visa,debit
440367,00-99,CITIZENS STATE BANK,US,visa,debit
440368,00-99,BANCO G&T CONTINENTAL S.A.,GT,visa,debit
440369,00-99,KEYBANK N.A.,US,visa,credit
440370,00-99,INTRUST BANK,US,visa,debit
440371,00-99,ALLIANCE CREDIT UNION,US,visa,debit
440372,00-99,TRI-COUNTY BANK,US,visa,debit
440373,00-99,FIRST STATE BANK NEBRASKA,US,visa,debit
440374,00-99,FIRST CENTRAL BANK,US,visa,debit
440375,00-99,CITIZENS BANK OF EDMOND,US,visa,credit
440376,00-99,BANCO DE COSTA RICA,CR,visa,credit
440377,00-99,DREAM FIRST BANK NATIONAL ASSOCIATION,US,visa,debit
440378,00-99,HUTCHINSON GOVERNMENT EMPLOYEES CREDIT UNION,US,visa,debit
440379,00-99,BANCO CUSCATLAN DE EL SALVADOR S.A.,SV,visa,credit
440380,00-99,,US,visa,credit
440381,00-99,STANLEY BANK,US,visa,debit
440382,00-99,,US,visa,credit
440383,00-99,THE FIRST NATIONAL BANK OF GRANBURY,US,visa,debit
440384,00-99,HDFC BANK LTD.,IN,visa,debit
440385,00-99,FIRST NATIONAL BANK OF OMAHA,US,visa,credit
440386,00-99,FIRST NATIONAL BANK OF OMAHA,US,visa,credit
440387,00-99,EDUCATION FIRST FEDERAL CREDIT UNION,US,visa,debit
440388,00-99,EXTRACO BANKS N.A.,US,visa,credit
440389,00-99,GAIN FEDERAL CREDIT UNION,US,visa,debit
440390,00-99,ATTIJARIWAFA BANK,MA,visa,debit
440391,00-99,FIRST AMERICAN BANK,US,visa,debit
440392,00-99,U.S. BANK N.A.,US,visa,debit
440393,00-99,SUTTON BANK,US,visa,debit
440394,00-99,,US,visa,debit
440395,00-99,,US,visa,credit
440396,00-99,HOME TRUST COMPANY,CA,visa,credit
440397,00-99,,RU,visa,credit
440398,00-99,,US,visa,credit
440399,00-99,BANK VOZROZHDENIE (OJSC),RU,visa,credit
440400,00-99,,US,visa,credit
440401,00-99,,US,visa,credit
440402,00-99,FIRST NATIONAL BANK OF OMAHA,US,visa,credit
440403,00-99,HIMALAYAN BANK LTD.,NP,visa,debit
440404,00-99,HIMALAYAN BANK LTD.,NP,visa,debit
440405,00-99,,US,visa,credit
440406,00-99,,US,visa,credit
440407,00-99,PEOPLE DRIVEN CREDIT UNION,US,visa,debit
440408,00-99,AMERIS BANK,US,visa,debit
440409,00-99,TAYLOR COUNTY BANK,US,visa,debit
440410,00-99,FIRST NATIONAL BANK OF MERCERSBURG,US,visa,debit
440411,00-99,BANCO AGRICOLA S.A.,SV,visa,credit
440412,00-99,BANCO AGRICOLA S.A.,SV,visa,credit
440413,00-99,NETWORK INTERNATIONAL LLC,AE,visa,credit
440414,00-99,WATERFRONT FEDERAL CREDIT UNION,US,visa,debit
440415,00-99,CITIBANK,PA,visa,credit
440416,00-99,FARMERS & MERCHANTS STATE BANK,US,visa,debit
440417,00-99,UNION STATE BANK,US,visa,debit
440418,00-99,ALLIED FEDERAL CREDIT UNION,US,visa,debit
440419,00-99,COMPUTER SERVICES INC.,US,visa,debit
440420,00-99,FIRST ABU DHABI BANK (PJSC),AE,visa,credit
440421,00-99,KONE EMPLOYEES CREDIT UNION,US,visa,debit
440422,00-99,RICHWOOD BANK,US,visa,debit
440423,00-99,FIRST CHOICE CREDIT UNION,US,visa,debit
440424,00-99,CAPITAL ONE BANK (USA) N.A.,US,visa,credit
440425,00-99,LINK FEDERAL CREDIT UNION,US,visa,debit
440426,00-99,CARD SERVICES FOR CREDIT UNIONS,US,visa,debit
440427,00-99,,US,visa,credit
440428,00-99,LINCOLN BANK F.S.B.,US,visa,debit
440429,00-99,PRIME FINANCIAL CREDIT UNION,US,visa,debit
440430,00-99,Rfc Banking Company,US,visa,debit
440431,00-99,SOUTH CENTRAL BANK INC.,US,visa,debit
440432,00-99,FIRST FEDERAL COMMUNITY BANK,US,visa,debit
440433,00-99,WESTCHESTER SCHOOLS' FEDERAL CREDIT UNION,US,visa,credit
440434,00-99,WESTERN NEW YORK FEDERAL CREDIT UNION,US,visa,credit
440435,00-99,EDUCATION AFFILIATES FEDERAL CREDIT UNION,US,visa,credit
440436,00-99,TOWN AND COUNTRY CREDIT UNION,US,visa,credit
440437,00-99,CITIBANK SINGAPORE LTD.,SG,visa,credit
440438,00-99,TEACHERS CREDIT UNION,US,visa,debit
440439,00-99,,US,visa,debit
440440,00-99,BANCO HIPOTECARIO DE EL SALVADOR S.A.,SV,visa,credit
440441,00-99,BANCO DE DESARROLLO RURAL HONDURAS S.A.,HN,visa,debit
440442,00-99,U.S. BANK N.A.,US,visa,debit
440443,00-99,EL DORADO SAVINGS BANK F.S.B.,US,visa,debit
440444,00-99,FIRST FARMERS STATE BANK OF MINIER,US,visa,debit
440445,00-99,CITIBANK KOREA INC.,KR,visa,credit
440446,00-99,CITIBANK KOREA INC.,KR,visa,credit
440447,00-99,HYUNDAI CARD COMPANY LTD.,KR,visa,credit
440448,00-99,KB KOOKMIN CARD CO. LTD.,KR,visa,credit
440449,00-99,HIMALAYAN BANK LTD.,NP,visa,credit
440450,00-99,HIMALAYAN BANK LTD.,NP,visa,credit
440451,00-99,ASEEL FINANCE JSC,AE,visa,credit
440452,00-99,UNION BANK OF THE PHILIPPINES,PH,visa,debit
440453,00-99,UNION BANK OF THE PHILIPPINES,PH,visa,credit
440454,00-99,UNION BANK OF THE PHILIPPINES,PH,visa,credit
440455,00-99,,US,visa,debit
440456,00-99,BAXTER CREDIT UNION,US,visa,debit
440457,00-99,ISABELLA BANK,US,visa,debit
440458,00-99,MILLSTREAM AREA CREDIT UNION,US,visa,debit
440459,00-99,SPRINGFIELD STATE BANK,US,visa,debit
440460,00-99,ALLIANCE BANK MALAYSIA BERHAD,MY,visa,credit
440461,00-99,ALLIANCE,MY,visa,credit
440462,00-99,THE TOHO BANK LTD.,JP,visa,credit
440463,00-99,ALLIANCE BANK MALAYSIA BERHAD,MY,visa,credit
440464,00-99,PROVIDENCE BANK & TRUST,US,visa,debit
440465,00-99,ALLIANCE BANK MALAYSIA BERHAD,MY,visa,credit
440466,00-99,TA CHONG BANK LTD.,TW,visa,credit
440467,00-99,HIMALAYAN BANK LTD.,NP,visa,credit
440468,00-99,HIMALAYAN BANK LTD.,NP,visa,credit
440469,00-99,BLUCURRENT CREDIT UNION,US,visa,credit
440470,00-99,,US,visa,debit
440471,00-99,,US,visa,credit
440472,00-99,,US,visa,credit
440473,00-99,,US,visa,credit
440474,00-99,COOPERATIVA INTEGRAL DE AHORRO Y CREDITO ITZA R.L.,GT,visa,credit
440475,00-99,SERVICE CREDIT UNION,US,visa,debit
440476,00-99,CITIZENS DEPOSIT BANK OF ARLINGTON INC.,US,visa,debit
440477,00-99,HERITAGE CREDIT UNION,US,visa,debit
440478,00-99,FIRST ABU DHABI BANK (PJSC),AE,visa,credit
440479,00-99,FIRST STATE BANK OF BEECHER CITY,US,visa,debit
440480,00-99,ABSA BANK GHANA LTD.,GH,visa,debit
440481,00-99,FIRST NATIONAL BANK OF BLANCHESTER,US,visa,debit
440482,00-99,FIRST FINANCIAL BANK,US,visa,credit
440483,00-99,BANCO HIPOTECARIO DE EL SALVADOR S.A.,SV,visa,credit
440484,00-99,BANCO DE DESARROLLO RURAL HONDURAS S.A.,HN,visa,credit
440485,00-99,,US,visa,credit
440486,00-99,SUN FEDERAL CREDIT UNION,US,visa,debit
440487,00-99,SCOTT CREDIT UNION,US,visa,debit
440488,00-99,ASB BANK LTD.,NZ,visa,credit
440489,00-99,PING AN BANK CO. LTD.,CN,visa,debit
440490,00-99,BANK OF AYUDHYA PUBLIC CO. LTD.,TH,visa,credit
440491,00-99,,US,visa,credit
440492,00-99,SUMITOMO MITSUI TRUST CARD CO. LTD.,JP,visa,credit
440493,00-99,COMMONWEALTH BANK OF AUSTRALIA,AU,visa,credit
440494,00-99,ANDIGO CREDIT UNION,US,visa,credit
440495,00-99,ABSA BANK BOTSWANA LTD.,BW,visa,debit
440496,00-99,AEROQUIP CREDIT UNION,US,visa,debit
440497,00-99,PROVIDENCE BANK & TRUST,US,visa,debit
440498,00-99,AB AND T NATIONAL BANK,US,visa,debit
440499,00-99,CELTIC BANK,US,visa,credit
440500,00-99,UNION INTERNATIONALE DE BANQUES (UIB),TN,visa,debit
440501,00-99,UNION INTERNATIONALE DE BANQUES (UIB),TN,visa,debit
440502,00-99,UNION INTERNATIONALE DE BANQUES (UIB),TN,visa,debit
440503,00-99,PJSC ROSBANK,RU,visa,debit
440504,00-99,ABSA BANK BOTSWANA LTD.,BW,visa,debit
440505,00-99,PJSC ROSBANK,RU,visa,debit
440506,00-99,POSTOVA BANKA A.S.,SK,visa,credit
440507,00-99,CESKA SPORITELNA A.S.,CZ,visa,credit
440508,00-99,CESKA SPORITELNA A.S.,CZ,visa,credit
440509,00-99,CB PRIVATBANK,UA,visa,debit
440510,00-99,CORIS BANK INTERNATIONAL,BF,visa,debit
440511,00-99,CJSC ZEPTER BANK,BY,visa,debit
440512,00-99,JS SAVINGS BANK BELARUSBANK,BY,visa,debit
440513,00-99,CJSC ZEPTER BANK,BY,visa,debit
440514,00-99,,RU,visa,debit
440515,00-99,,RU,visa,debit
440516,00-99,,RU,visa,debit
440517,00-99,INTL HDQTRS-CENTER OWNED,MD,visa,debit
440518,00-99,INTL HDQTRS-CENTER OWNED,QA,visa,debit
440519,00-99,,LV,visa,credit
440520,00-99,INTERPROGRESSBANK (JOINT-STOCK COMPANY),RU,visa,credit
440521,00-99,JS COMMERCIAL BANK FORSHTADT,RU,visa,credit
440522,00-99,GULF BANK ALGERIA,DZ,visa,debit
440523,00-99,IDFC FIRST BANK LTD.,IN,visa,credit
440524,00-99,UAB FINANSINES PASLAUGOS CONTIS,SE,visa,debit
440525,00-99,UAB WALLETTO,LT,visa,debit
440526,00-99,UAB PERVESK,LT,visa,debit
440527,00-99,UAB PAYRNET,ES,visa,debit
440528,00-99,OAO VUZ BANK,RU,visa,debit
440529,00-99,OAO VUZ BANK,RU,visa,debit
440530,00-99,CITI HANDLOWY BANK,PL,visa,debit
440531,00-99,,TZ,visa,debit
440532,00-99,BANK ALJAZIRA,SA,visa,credit
440533,00-99,BANK AL JAZIRA,SA,visa,debit
440534,00-99,JSCB FOR SOCIAL DEVELOPMENT UKRSOTSBANK,UA,visa,credit
440535,00-99,CB PRIVATBANK,UA,visa,debit
440536,00-99,COMMERCIAL BANK OF AFRICA TANZANIA LTD.,TZ,visa,debit
440537,00-99,PAYNETICS AD,ES,visa,credit
440538,00-99,VOJVODJANSKA BANKA A.D.,RS,visa,debit
440539,00-99,OTP BANKA SRBIJA A.D. NOVI SAD,RS,visa,debit
440540,00-99,PJSC ROSBANK,RU,visa,credit
440541,00-99,PJSC ROSBANK,RU,visa,debit
440542,00-99,ERSTE BANK HUNGARY RT.,HU,visa,debit
440543,00-99,,RU,visa,credit
440544,00-99,,LV,visa,credit
440545,00-99,BLOM BANK S.A.L.,LB,visa,credit
440546,00-99,BANK AUDI S.A.L. - AUDI SARADAR GROUP,LB,visa,credit
440547,00-99,SANTANDER BANK POLSKA S.A.,PL,visa,debit
440548,00-99,STOPANSKA BANKA A.D. SKOPJE,MK,visa,debit
440549,00-99,KDB BANK (HUNGARY) LTD.,HU,visa,credit
440550,00-99,OAO VUZ BANK,RU,visa,debit
440551,00-99,MKB BANK,HU,visa,debit
440552,00-99,MKB BANK,HU,visa,debit
440553,00-99,UNIBANK COMMERCIAL BANK,AZ,visa,credit
440554,00-99,K&H BANK ZRT,HU,visa,credit
440555,00-99,,LV,visa,credit
440556,00-99,BANKA KOVANICA D.D.,HR,visa,credit
440557,00-99,OAO VUZ BANK,RU,visa,debit
440558,00-99,FIO BANKA A.S.,CZ,visa,credit
440559,00-99,UNITED OVERSEAS BANK (MALAYSIA) BHD,MY,visa,credit
440560,00-99,CAPITAL ONE NATIONAL ASSOCIATION,US,visa,credit
440561,00-99,CAPITAL ONE NATIONAL ASSOCIATION,US,visa,credit
440562,00-99,JOINT-STOCK HALYK SAVINGS BANK OF KAZAKHSTAN,KZ,visa,credit
440563,00-99,JSC HALYK BANK OF KAZAKHSTAN,KZ,visa,debit
440564,00-99,JOINT-STOCK HALYK SAVINGS BANK OF KAZAKHSTAN,KZ,visa,debit
440565,00-99,BEREKE BANK JSC,KZ,visa,debit
440566,00-99,INVESTMENT BANK OF CHELYABINSK JS CHELYABINVESTBANK,RU,visa,debit
440567,00-99,CHELYABINSK JOINT STOCK INVESTMENT BANK CHELYABINVESTBANK,RU,visa,credit
440568,00-99,FRANSABANK S.A.L.,LB,visa,credit
440569,00-99,FRANSABANK S.A.L.,LB,visa,credit
440570,00-99,ABSA BANK MOCAMBIQUE S.A.,MZ,visa,debit
440571,00-99,FIRST CAPITAL BANK LTD.,ZW,visa,debit
440572,00-99,BANK HANDLOWY W WARSZAWIE S.A.,PL,visa,debit
440573,00-99,BANK HANDLOWY W WARSZAWIE S.A.,PL,visa,debit
440574,00-99,BANK HANDLOWY W WARSZAWIE S.A.,PL,visa,debit
440575,00-99,ARAB AFRICAN INTERNATIONAL BANK,EG,visa,debit
440576,00-99,ARAB AFRICAN INTERNATIONAL BANK,EG,visa,debit
440577,00-99,TATRA BANKA A.S.,SK,visa,debit
440578,00-99,FIRST CAPITAL BANK LTD.,ZW,visa,debit
440579,00-99,CESKA SPORITELNA A.S.,CZ,visa,debit
440580,00-99,K&H BANK ZRT. (KERESKEDELMI ES HITELBANK ZARTKOERUEEN MUEKOEDOE RESZVENYTARSASAG,HU,visa,credit
440581,00-99,WALLESTER AS,EE,visa,debit
440582,00-99,BANK OF AFRICA - BMCE GROUP,MA,visa,credit
440583,00-99,CQUR BANK LLC,QA,visa,credit
440584,00-99,BANQUE MAROCAINE POUR LE COMMERCE ET LINDUSTRIE,MA,visa,debit
440585,00-99,SOCIETE GENERALE MAROCAINE DE BANQUES,MA,visa,debit
440586,00-99,KREDYT BANK S.A.,PL,visa,debit
440587,00-99,KREDYT BANK S.A.,PL,visa,credit
440588,00-99,JSC CB PRIVATBANK,UA,visa,debit
440589,00-99,KENTBANK D.D,HR,visa,debit
440590,00-99,TEXAS GULF BANK NATIONAL ASSOCIATION,US,visa,debit
440591,00-99,CONNECTONE BANK,US,visa,debit
440592,00-99,GIBSLAND BANK & TRUST COMPANY,US,visa,credit
440593,00-99,GIBSLAND BANK & TRUST COMPANY,US,visa,credit
440594,00-99,THE CROGHAN COLONIAL BANK,US,visa,credit
440595,00-99,THE CROGHAN COLONIAL BANK,US,visa,credit
440596,00-99,ADVANTAGE FEDERAL CREDIT UNION,US,visa,debit
440597,00-99,ANECA FEDERAL CREDIT UNION,US,visa,debit
440598,00-99,CITICORP,AE,visa,debit
440599,00-99,STATE FARM BANK,US,visa,debit
440600,00-99,,RU,visa,debit
440601,00-99,OTP BANK NYRT.,HU,visa,debit
440602,00-99,K&H BANK ZRT. (KERESKEDELMI ES HITELBANK ZARTKOERUEEN MUEKOEDOE RESZVENYTARSASAG,HU,visa,debit
440603,00-99,VISA BELGIUM,BE,visa,credit
440604,00-99,,US,visa,credit
440605,00-99,SUNMARK CREDIT UNION,US,visa,debit
440606,00-99,PIRAEUS BANK S.A.,GR,visa,credit
440607,00-99,,US,visa,credit
440608,00-99,MOSCOW NARODNY BANK LTD.,GB,visa,credit
440609,00-99,INTERNATIONAL BANK OF ST-PETERSBURG JOINT-STOCK COMPANY,RU,visa,debit
440610,00-99,BANK OF OAK RIDGE,US,visa,credit
440611,00-99,AFRILAND FIRST BANK,CM,visa,debit
440612,00-99,BANCO SANTANDER-CHILE,CL,visa,debit
440613,00-99,,US,visa,credit
440614,00-99,BANCO DE MURCIA S.A.,ES,visa,credit
440615,00-99,BANCO DE MURCIA S.A.,ES,visa,credit
440616,00-99,CESKA SPORITELNA A.S (CZECH SAVINGS BANK),CZ,visa,debit
440617,00-99,OJSC BANK TURANALEM,KZ,visa,debit
440618,00-99,MKB BANK NYRT.,HU,visa,credit
440619,00-99,STATE FARM BANK,US,visa,credit
440620,00-99,JSCB BUSINESS DEVELOPMENT BANK,UZ,visa,credit
440621,00-99,HELLENIC BANK PUBLIC COMPANY LTD.,CY,visa,debit
440622,00-99,VTB BANK (PUBLIC JOINT-STOCK COMPANY),RU,visa,debit
440623,00-99,FBNBANK SENEGAL,SN,visa,debit
440624,00-99,VTB BANK (PUBLIC JOINT-STOCK COMPANY),RU,visa,credit
440625,00-99,COMMERCIAL BANK OF KUWAIT S.A.K.,KW,visa,credit
440626,00-99,SLOVENSKA SPORITELNA A.S.,SK,visa,debit
440627,00-99,SLOVENSKA SPORITELNA A.S.,SK,visa,debit
440628,00-99,BANCO DE FINANZAS E INVERSIONES S.A.,ES,visa,credit
440629,00-99,SAUDI INVESTMENT BANK,SA,visa,credit
440630,00-99,SAUDI INVESTMENT BANK,SA,visa,debit
440631,00-99,SAUDI INVESTMENT BANK,SA,visa,credit
440632,00-99,CESKOSLOVENSKA OBCHODNA BANKA A.S.,SK,visa,debit
440633,00-99,CESKOSLOVENSKA OBCHODNA BANKA A.S.,SK,visa,debit
440634,00-99,CESKOSLOVENSKA OBCHODNA BANKA A.S.,SK,visa,debit
440635,00-99,TARGOBANK AG & CO. KGAA,DE,visa,credit
440636,00-99,CITIBANK PRIVATKUNDEN AG,DE,visa,credit
440637,00-99,BPI,PT,visa,credit
440638,00-99,BPI,PT,visa,credit
440639,00-99,NOVO BANCO S.A.,PT,visa,credit
440640,00-99,OTP BANKA D.D.,SI,visa,debit
440641,00-99,SKB BANKA D.D. LJUBLJANA,SI,visa,credit
440642,00-99,SKB BANKA D.D. LJUBLJANA,SI,visa,credit
440643,00-99,U.S. BANK N.A.,US,visa,credit
440644,00-99,CAIXA CENTRAL DE CREDITO AGRICOLA MUTUO C.R.L.,PT,visa,debit
440645,00-99,CAIXA CENTRAL DE CREDITO AGRICOLA MUTUO C.R.L.,PT,visa,credit
440646,00-99,CAIXA CENTRAL DE CREDITO AGRICOLA MUTUO C.R.L.,PT,visa,credit
440647,00-99,BANQUE SAUDI FRANSI,SA,visa,debit
440648,00-99,BANQUE DE TUNISIE,TN,visa,debit
440649,00-99,BANQUE DE TUNISIE,TN,visa,debit
440650,00-99,BANCO FINANTIA SOFINLOC S.A.,ES,visa,credit
440651,00-99,BANCO FINANTIA SOFINLOC S.A.,ES,visa,debit
440652,00-99,BANCO FINANTIA SOFINLOC S.A.,ES,visa,credit
440653,00-99,TOPCARD SERVICE S.A.,CH,visa,credit
440654,00-99,TOPCARD SERVICE S.A.,CH,visa,credit
440655,00-99,TOPCARD SERVICE S.A.,CH,visa,credit
440656,00-99,TOPCARD SERVICE S.A.,CH,visa,credit
440657,00-99,VERBAND DER SPARDA BANKEN E.V.,DE,visa,credit
440658,00-99,WESTERN VISTA FEDERAL CREDIT UNION,US,visa,debit
440659,00-99,,RU,visa,debit
440660,00-99,BANC POST S.A.,RO,visa,debit
440661,00-99,BANC POST S.A.,RO,visa,debit
440662,00-99,BBAC S.A.L,LB,visa,credit
440663,00-99,BBAC S.A.L,LB,visa,credit
440664,00-99,PJSC BANK URALSIB,RU,visa,debit
440665,00-99,PJSC BANK URALSIB,RU,visa,debit
440666,00-99,PJSC BANK URALSIB,RU,visa,debit
440667,00-99,,US,visa,debit
440668,00-99,PJSC BANK URALSIB,RU,visa,debit
440669,00-99,CITIBANK INTERNATIONAL PLC,GB,visa,credit
440670,00-99,BANCFIRST,US,visa,debit
440671,00-99,CITIBANK N.A.,US,visa,debit
440672,00-99,CITIBANK N.A.,US,visa,debit
440673,00-99,,RU,visa,debit
440674,00-99,,RU,visa,debit
440675,00-99,BANCO HIPOTECARIO DE EL SALVADOR S.A.,SV,visa,debit
440676,00-99,BANCO CUSCATLAN DE EL SALVADOR S.A.,SV,visa,credit
440677,00-99,BANCO HIPOTECARIO DE EL SALVADOR S.A.,SV,visa,credit
440678,00-99,CESKA SPORITELNA A.S.,CZ,visa,debit
440679,00-99,BCR - BANCO DE CREDITO REAL S.A.,BR,visa,credit
440680,00-99,PUBLIC JOINT STOCK COMPANY BANK URALSIB,RU,visa,debit
440681,00-99,THE BANK OF NOVA SCOTIA (PANAMA BRANCH),PA,visa,credit
440682,00-99,PJSC BANK URALSIB,RU,visa,credit
440683,00-99,PUBLIC JOINT STOCK COMPANY BANK URALSIB,RU,visa,debit
440684,00-99,THE BANK OF NOVA SCOTIA (PANAMA BRANCH),PA,visa,credit
440685,00-99,HELLENIC BANK PUBLIC CO. LTD.,CY,visa,debit
440686,00-99,,US,visa,credit
440687,00-99,BANCO SANTANDER PUERTO RICO,PR,visa,debit
440688,00-99,INTERNATIONAL BANK OF ST-PETERSBURG JOINT-STOCK COMPANY,RU,visa,debit
440689,00-99,PUBLIC JOINT STOCK COMPANY BANK URALSIB,RU,visa,debit
440690,00-99,PUBLIC JOINT STOCK COMPANY BANK URALSIB,RU,visa,debit
440691,00-99,,US,visa,credit
440692,00-99,BANCO DE LA PROVINCIA DE BUENOS AIRES,AR,visa,credit
440693,00-99,HSBC,BR,visa,credit
440694,00-99,HSBC,BR,visa,credit
440695,00-99,DOCK INSTITUICAO DE PAGAMENTO S.A.,BR,visa,debit
440696,00-99,BANCO DE LA REPUBLICA ORIENTAL DEL URUGUAY,UY,visa,credit
440697,00-99,INTERNATIONAL BANK OF ST-PETERSBURG JOINT-STOCK COMPANY,RU,visa,debit
440698,00-99,SCOTIABANK CHILE,CL,visa,debit
440699,00-99,COOPERATIVA DE AHORRO Y CREDITO - COOPECAJA,CR,visa,debit
440700,00-99,BANQUE DU CAIRE,EG,visa,credit
440701,00-99,BANQUE DU CAIRE,EG,visa,credit
440702,00-99,GRANDVIEW BANK,US,visa,debit
440703,00-99,HAY LTD.,AU,visa,debit
440704,00-99,NATIONAL BANK OF KUWAIT - EGYPT (NBK) S.A.E.,EG,visa,credit
440705,00-99,THE TOHO CREDIT SERVICE LTD.,JP,visa,credit
440706,00-99,WELLS FARGO BANK NATIONAL ASSOCIATION,US,visa,debit
440707,00-99,ABANCA CORPORACION BANCARIA S.A,ES,visa,credit
440708,00-99,CAIXABANK S.A.,ES,visa,credit
440709,00-99,CAJA LABORAL POPULAR COOP. DE CREDITO,ES,visa,credit
440710,00-99,HSBC BANK PLC,GB,visa,credit
440711,00-99,BURGAN BANK (S.A.K.),KW,visa,debit
440712,00-99,BANK OF BERMUDA LTD.,BM,visa,debit
440713,00-99,ABANKA D.D.,SI,visa,credit
440714,00-99,FNBT BANK,US,visa,debit
440715,00-99,THE KIYO CARD CO. LTD.,JP,visa,credit
440716,00-99,,US,visa,credit
440717,00-99,BANK AUDI SAL,LB,visa,credit
440718,00-99,BANK AUDI S.A.L. - AUDI SARADAR GROUP,LB,visa,debit
440719,00-99,FIRSTBANK PUERTO RICO,PR,visa,debit
440720,00-99,SERVIRED SOCIEDAD ESPANOLA DE MEDIOS DE PAGO S.A.,ES,visa,credit
440721,00-99,,ES,visa,credit
440722,00-99,SERVIRED SOCIEDAD ESPANOLA DE MEDIOS DE PAGO S.A.,ES,visa,credit
440723,00-99,BANCO SABADELL S.A.,ES,visa,credit
440724,00-99,SERVIRED SOCIEDAD ESPANOLA DE MEDIOS DE PAGO S.A.,ES,visa,credit
440725,00-99,BANCOFAR S.A.,ES,visa,credit
440726,00-99,DEUTSCHE BANK S.A.E.,ES,visa,credit
440727,00-99,SERVIRED SOCIEDAD ESPANOLA DE MEDIOS DE PAGO S.A.,ES,visa,credit
440728,00-99,SERVIRED SOCIEDAD ESPANOLA DE MEDIOS DE PAGO S.A.,ES,visa,credit
440729,00-99,SERVIRED SOCIEDAD ESPANOLA DE MEDIOS DE PAGO S.A.,ES,visa,credit
440730,00-99,SERVIRED SOCIEDAD ESPANOLA DE MEDIOS DE PAGO S.A.,ES,visa,credit
440731,00-99,ANDORRA BANC AGRICOL REIG S.A.,AD,visa,credit
440732,00-99,SERVIRED SOCIEDAD ESPANOLA DE MEDIOS DE PAGO S.A.,ES,visa,credit
440733,00-99,ANDORRA BANC AGRICOL REIG S.A.,AD,visa,credit
440734,00-99,UNICAJA BANCO,ES,visa,credit
440735,00-99,SERVIRED SOCIEDAD ESPANOLA DE MEDIOS DE PAGO S.A.,ES,visa,credit
440736,00-99,CAIXABANK S.A.,ES,visa,credit
440737,00-99,SERVIRED SOCIEDAD ESPANOLA DE MEDIOS DE PAGO S.A.,ES,visa,credit
440738,00-99,SERVIRED SOCIEDAD ESPANOLA DE MEDIOS DE PAGO S.A.,ES,visa,credit
440739,00-99,GRUPO COOPERATIVO CAJAMAR,ES,visa,credit
440740,00-99,,US,visa,debit
440741,00-99,SERVIRED SOCIEDAD ESPANOLA DE MEDIOS DE PAGO S.A.,ES,visa,credit
440742,00-99,SERVIRED SOCIEDAD ESPANOLA DE MEDIOS DE PAGO S.A.,ES,visa,credit
440743,00-99,SERVIRED SOCIEDAD ESPANOLA DE MEDIOS DE PAGO S.A.,ES,visa,credit
440744,00-99,SERVIRED SOCIEDAD ESPANOLA DE MEDIOS DE PAGO S.A.,ES,visa,credit
440745,00-99,BANCO BILBAO VIZCAYA ARGENTARIA S.A. (BBVA),ES,visa,credit
440746,00-99,SERVIRED SOCIEDAD ESPANOLA DE MEDIOS DE PAGO S.A.,ES,visa,credit
440747,00-99,SERVIRED SOCIEDAD ESPANOLA DE MEDIOS DE PAGO S.A.,ES,visa,credit
440748,00-99,SERVIRED SOCIEDAD ESPANOLA DE MEDIOS DE PAGO S.A.,ES,visa,credit
440749,00-99,SERVIRED SOCIEDAD ESPANOLA DE MEDIOS DE PAGO S.A.,ES,visa,credit
440750,00-99,CESKOSLOVENSKA OBCHODNA BANKA A.S.,SK,visa,debit
440751,00-99,CESKOSLOVENSKA OBCHODNA BANKA A.S.,SK,visa,debit
440752,00-99,CSOB,CZ,visa,debit
440753,00-99,CESKOSLOVENSKA OBCHODNI BANKA A.S.,CZ,visa,debit
440754,00-99,CESKA SPORITELNA A.S.,CZ,visa,credit
440755,00-99,KCB BANK KENYA LTD.,KE,visa,credit
440756,00-99,,US,visa,credit
440757,00-99,,US,visa,credit
440758,00-99,,US,visa,credit
440759,00-99,,US,visa,credit
440760,00-99,,US,visa,credit
440761,00-99,VISTA BANK BURKINA,BF,visa,debit
440762,00-99,NOVO BANCO,PT,visa,credit
440763,00-99,CAIXABANK S.A.,ES,visa,credit
440764,00-99,CAIXABANK S.A.,ES,visa,credit
440765,00-99,,US,visa,credit
440766,00-99,ALPHA BANK LTD.,CY,visa,credit
440767,00-99,PIRAEUS BANK S.A.,GR,visa,credit
440768,00-99,NORDDEUTSCHE LANDESBANK GIROZENTRALE NORD LB,DE,visa,credit
440769,00-99,INTESA SANPAOLO S.P.A.,IT,visa,credit
440770,00-99,,RU,visa,credit
440771,00-99,BANCO SANTANDER S.A.,BR,visa,credit
440772,00-99,BANCO SANTANDER S.A.,BR,visa,credit
440773,00-99,RENDIMENTOPAY INSTITUICAO DE PAGAMENTO S.A.,BR,visa,debit
440774,00-99,DZ BANK AG,DE,visa,credit
440775,00-99,BANCO MARE NOSTRUM S.A.,ES,visa,credit
440776,00-99,TURKIYE HALK BANKASI A.S.,TR,visa,debit
440777,00-99,BANCO BILBAO VIZCAYA ARGENTARIA S.A. (BBVA),ES,visa,credit
440778,00-99,,US,visa,debit
440779,00-99,WESTERN ALLIANCE BANK,US,visa,debit
440780,00-99,BANCO SABADELL S.A.,ES,visa,credit
440781,00-99,THE CO-OPERATIVE BANK OF KENYA LTD.,KE,visa,credit
440782,00-99,THE CO-OPERATIVE BANK OF KENYA LTD.,KE,visa,credit
440783,00-99,THE CO-OPERATIVE BANK OF KENYA LTD.,KE,visa,debit
440784,00-99,BANCO AZTECA S.A. INSTITUCION DE BANCA MULTIPLE,MX,visa,credit
440785,00-99,DIAMOND TRUST BANK KENYA LTD.,KE,visa,debit
440786,00-99,BLOM BANK S.A.L.,LB,visa,credit
440787,00-99,DZ BANK AG,DE,visa,credit
440788,00-99,BLOM BANK S.A.L.,LB,visa,debit
440789,00-99,BANQUE AUDI S.A.L.,LB,visa,credit
440790,00-99,BANCO COMERCIAL PORTUGUES S.A.,PT,visa,credit
440791,00-99,GREEN DOT BANK,US,visa,debit
440792,00-99,,US,visa,credit
440793,00-99,ISTROBANKA A.S.,SK,visa,debit
440794,00-99,BANCO DIRECTO S.A.,ES,visa,credit
440795,00-99,BANQUE SAUDI FRANSI,SA,visa,debit
440796,00-99,BANK SADERAT IRAN,IR,visa,debit
440797,00-99,INTESA SANPAOLO S.P.A.,IT,visa,credit
440798,00-99,,US,visa,credit
440799,00-99,NOVO BANCO S.A.,PT,visa,debit
440800,00-99,BURGAN BANK (S.A.K.),KW,visa,debit
440801,00-99,BURGAN BANK (S.A.K.),KW,visa,debit
440802,00-99,FIRSTBANK PUERTO RICO,VG,visa,debit
440803,00-99,CHASE BANK USA N.A.,US,visa,credit
440804,00-99,CHASE BANK USA N.A.,US,visa,credit
440805,00-99,FIRST BANK & TRUST CO.,US,visa,credit
440806,00-99,BANK OF AMERICA NATIONAL ASSOCIATION,US,visa,debit
440807,00-99,SANTANDER BANK POLSKA S.A.,PL,visa,debit
440808,00-99,FIRSTBANK PUERTO RICO,VI,visa,debit
440809,00-99,,US,visa,credit
440810,00-99,CHASE BANK USA N.A.,US,visa,debit
440811,00-99,SCOTIABANK COLPATRIA S.A,CO,visa,credit
440812,00-99,SCOTIABANK COLPATRIA S.A,CO,visa,credit
440813,00-99,CHASE BANK USA N.A.,US,visa,debit
440814,00-99,FIRST NATIONAL BANK OF OMAHA,US,visa,debit
440815,00-99,QPCU LTD.,AU,visa,credit
440816,00-99,QPCU LTD.,AU,visa,credit
440817,00-99,CHASE BANK USA N.A.,US,visa,credit
440818,00-99,BANCO FINANCIERA COMERCIAL HONDURE A S.A.,HN,visa,debit
440819,00-99,NATIONAL CREDIT AND COMMERCE BANK PLC,BD,visa,credit
440820,00-99,NATIONAL CREDIT AND COMMERCE BANK PLC,BD,visa,credit
440821,00-99,CHASE BANK USA N.A.,US,visa,credit
440822,00-99,CAJA METROPOLITANA S.A.,PE,visa,debit
440823,00-99,STANDARD BANK SARL,MZ,visa,debit
440824,00-99,CREDITO S.A.,NI,visa,credit
440825,00-99,BANCO INTERNACIONAL S.A.,GT,visa,debit
440826,00-99,BANCO DEL AUSTRO S.A.,EC,visa,credit
440827,00-99,BANCO EXTERIOR C.A.,VE,visa,credit
440828,00-99,CHASE BANK USA N.A.,US,visa,credit
440829,00-99,CHASE BANK USA N.A.,US,visa,credit
440830,00-99,U S POSTAL SERVICE FEDERAL CREDIT UNION,US,visa,debit
440831,00-99,BURGAN BANK (S.A.K.),KW,visa,debit
440832,00-99,CORNERSTONE BANK AND TRUST N.A.,US,visa,debit
440833,00-99,BFV SOCIETE GENERALE,MG,visa,debit
440834,00-99,GOLDEN RETRIEVER SYSTEMS L.L.C.,US,visa,credit
440835,00-99,METRO CREDIT UNION,US,visa,credit
440836,00-99,NORTHERN TRUST COMPANY,US,visa,debit
440837,00-99,ECOBANK MOZAMBIQUE S.A.,MZ,visa,debit
440838,00-99,AMERICAN NICKELOID COMMUNITY CREDIT UNION,US,visa,debit
440839,00-99,PATHWARD N.A.,US,visa,debit
440840,00-99,COMPAGNIE BANCAIRE DE LAFRIQUE OCCIDENTALE (CBAO),SN,visa,credit
440841,00-99,CREDOMATIC DE GUATEMALA S.A.,GT,visa,credit
440842,00-99,SOUND CREDIT UNION,US,visa,credit
440843,00-99,FIRST DAKOTA NATIONAL BANK,US,visa,debit
440844,00-99,ACLEDA BANK PLC.,KH,visa,debit
440845,00-99,INTERCREDIT BANK NATIONAL ASSOCIATION,US,visa,credit
440846,00-99,CANADIAN IMPERIAL BANK OF COMMERCE,CA,visa,debit
440847,00-99,PEOPLES TRUST COMPANY,CA,visa,debit
440848,00-99,ABSA BANK ZAMBIA PLC,ZM,visa,debit
440849,00-99,PJSC ROSBANK,RU,visa,debit
440850,00-99,PJSC ROSBANK,RU,visa,debit
440851,00-99,BMO HARRIS BANK N.A.,US,visa,debit
440852,00-99,DESTINATIONS CREDIT UNION,US,visa,debit
440853,00-99,BANK OF AMERICA - CONSUMER CREDIT,US,visa,credit
440854,00-99,PNC FINANCIAL SERVICES GROUP INC.,US,visa,credit
440855,00-99,ALBANK F.S.B.,US,visa,credit
440856,00-99,U.S. BANK N.A.,US,visa,credit
440857,00-99,SERVICE CREDIT UNION,US,visa,debit
440858,00-99,JPMORGAN CHASE BANK N.A.,US,visa,debit
440859,00-99,FIFTH THIRD BANK,US,visa,credit
440860,00-99,FIRSTBANK PUERTO RICO,PR,visa,debit
440861,00-99,BANK OF AMERICA NATIONAL ASSOCIATION,US,visa,credit
440862,00-99,FIRSTBANK PUERTO RICO,PR,visa,debit
440863,00-99,FIRST FEDERAL SAVINGS AND LOAN ASSOCIATION OF CHARLESTON,US,visa,credit
440864,00-99,FIRSTBANK PUERTO RICO,VG,visa,debit
440865,00-99,KEYBANK N.A.,US,visa,debit
440866,00-99,,US,visa,credit
440867,00-99,FIRST BANK & TRUST CO.,US,visa,debit
440868,00-99,U.S. BANK N.A.,US,visa,credit
440869,00-99,FIRST STATE BANK OF TEXAS,US,visa,credit
440870,00-99,CHASE BANK USA N.A.,US,visa,credit
440871,00-99,GE CAPITAL FINANCIAL INC.,US,visa,credit
440872,00-99,MVB BANK INC,US,visa,credit
440873,00-99,,BR,visa,credit
440874,00-99,EMIRATES NBD,AE,visa,debit
440875,00-99,BANK OF NEW HAMPSHIRE,US,visa,credit
440876,00-99,BANK OF AMERICA NATIONAL ASSOCIATION,US,visa,debit
440877,00-99,KLEBERG BANK N.A.,US,visa,debit
440878,00-99,BANK OF AMERICA NATIONAL ASSOCIATION,US,visa,credit
440879,00-99,DENALI ALASKAN FEDERAL CREDIT UNION,US,visa,credit
440880,00-99,FIRST NATIONAL BANK OF OMAHA,US,visa,credit
440881,00-99,USALLIANCE FEDERAL CREDIT UNION,US,visa,debit
440882,00-99,CHASE BANK USA N.A.,US,visa,credit
440883,00-99,ZAMBIA NATIONAL COMMERCIAL BANK LTD.,ZM,visa,credit
440884,00-99,FIRST BANK & TRUST CO.,US,visa,credit
440885,00-99,COMMERCIAL BANK OF DUBAI(PSC),AE,visa,debit
440886,00-99,PALMETTO CITIZENS FEDERAL CREDIT UNION,US,visa,credit
440887,00-99,UNITY ONE CREDIT UNION,US,visa,debit
440888,00-99,INTL HDQTRS-CENTER OWNED,HU,visa,credit
440889,00-99,PNC FINANCIAL SERVICES GROUP INC.,US,visa,credit
440890,00-99,FIRST SECURITY BANK OF NEVADA,US,visa,debit
440891,00-99,BANK OF AMERICA NATIONAL ASSOCIATION,US,visa,credit
440892,00-99,ROGUE CREDIT UNION,US,visa,debit
440893,00-99,MCCURTAIN COUNTY NATIONAL BANK,US,visa,debit
440894,00-99,BANK OF AMERICA - CONSUMER CREDIT,US,visa,credit
440895,00-99,PNC FINANCIAL SERVICES GROUP INC.,US,visa,credit
440896,00-99,ROGUE CREDIT UNION,US,visa,credit
440897,00-99,CHASE BANK USA N.A.,US,visa,credit
440898,00-99,USALLIANCE FEDERAL CREDIT UNION,US,visa,credit
440899,00-99,HDFC BANK LTD.,IN,visa,debit
440900,00-99,UKRAINIAN SELFRELIANCE FEDERAL CREDIT UNION,US,visa,credit
440901,00-99,ECOBANK ZIMBABWE LTD.,ZW,visa,credit
440902,00-99,THE CREDIT UNION FOR ROBERTSON COUNTY,US,visa,credit
440903,00-99,CARD SERVICES FOR CREDIT UNIONS,US,visa,credit
440904,00-99,CARD SERVICES FOR CREDIT UNIONS,US,visa,credit
440905,00-99,CONNEXUS CREDIT UNION,US,visa,debit
440906,00-99,ROGUE CREDIT UNION,US,visa,debit
440907,00-99,MY CREDIT UNION,US,visa,debit
440908,00-99,ELECTRO SAVINGS CREDIT UNION,US,visa,credit
440909,00-99,AMERICAN EAGLE FINANCIAL CREDIT UNION,US,visa,debit
440910,00-99,EUROBANK DIREKTNA AKCIONARSKO DRUSTVO BEOGRAD,RS,visa,debit
440911,00-99,CIRCUIT FEDERAL CREDIT UNION,US,visa,debit
440912,00-99,INNER LAKES FEDERAL CREDIT UNION,US,visa,debit
440913,00-99,ISLAND FEDERAL CREDIT UNION,US,visa,credit
440914,00-99,CARD SERVICES FOR CREDIT UNIONS,US,visa,debit
440915,00-99,CARD SERVICES FOR CREDIT UNIONS,US,visa,credit
440916,00-99,CREDIT UNION WEST,US,visa,credit
440917,00-99,CARD SERVICES FOR CREDIT UNIONS,US,visa,debit
440918,00-99,CARD SERVICES FOR CREDIT UNIONS,US,visa,credit
440919,00-99,STANWOOD AREA FEDERAL CREDIT UNION,US,visa,debit
440920,00-99,CARD SERVICES FOR CREDIT UNIONS,US,visa,credit
440921,00-99,,US,visa,credit
440922,00-99,ISLAND FEDERAL CREDIT UNION,US,visa,debit
440923,00-99,LOWER VALLEY CREDIT UNION,US,visa,debit
440924,00-99,NORTH PENN FEDERAL CREDIT UNION,US,visa,debit
440925,00-99,BUFFALO POLICE FEDERAL CREDIT UNION,US,visa,credit
440926,00-99,OCEAN STATE CREDIT UNION,US,visa,debit
440927,00-99,FIRST COMMUNITY CREDIT UNION,US,visa,debit
440928,00-99,,UA,visa,credit
440929,00-99,PEOPLESCHOICE CREDIT UNION,US,visa,debit
440930,00-99,GREAT NATIONS BANK,US,visa,debit
440931,00-99,TUCSON FEDERAL CREDIT UNION,US,visa,credit
440932,00-99,WELLS FARGO BANK N.A.,US,visa,debit
440933,00-99,ACHIEVE CREDIT UNION INC.,US,visa,credit
440934,00-99,CARD SERVICES FOR CREDIT UNIONS,US,visa,debit
440935,00-99,FREEDOM UNITED FEDERAL CREDIT UNION,US,visa,debit
440936,00-99,EDUCATION 1ST CREDIT UNION,US,visa,debit
440937,00-99,CIVIC CENTRAL CREDIT UNION,US,visa,debit
440938,00-99,,US,visa,credit
440939,00-99,BAY ATLANTIC FEDERAL CREDIT UNION,US,visa,credit
440940,00-99,ACHIEVE CREDIT UNION INC.,US,visa,credit
440941,00-99,NUMERICA CREDIT UNION,US,visa,credit
440942,00-99,GLOBAL CREDIT UNION,US,visa,credit
440943,00-99,COMMERCE BANCSHARES INC.,US,visa,credit
440944,00-99,CARD SERVICES FOR CREDIT UNIONS,US,visa,debit
440945,00-99,VALLEY 1ST COMMUNITY FEDERAL CREDIT UNION,US,visa,debit
440946,00-99,,US,visa,debit
440947,00-99,WELD COMMUNITY CREDIT UNION,US,visa,credit
440948,00-99,BISON FEDERAL CREDIT UNION,US,visa,credit
440949,00-99,VAREX FEDERAL CREDIT UNION,US,visa,debit
440950,00-99,BSCA.BANK,CG,visa,debit
440951,00-99,MERIDIAN BANK,US,visa,debit
440952,00-99,OLD WEST FEDERAL CREDIT UNION,US,visa,debit
440953,00-99,STEUBEN CITIZENS FEDERAL CREDIT UNION,US,visa,debit
440954,00-99,CARD SERVICES FOR CREDIT UNIONS,US,visa,debit
440955,00-99,BANCO MERCANTIL DEL NORTE S.A.. INSTITUCIN DE BANCA MLTIPLE GRUPO FINANCIERO BANORTE,MX,visa,debit
440956,00-99,CARD SERVICES FOR CREDIT UNIONS,US,visa,debit
440957,00-99,CARD SERVICES FOR CREDIT UNIONS,US,visa,debit
440958,00-99,UNITED POLES FEDERAL CREDIT UNION,US,visa,credit
440959,00-99,CARD SERVICES FOR CREDIT UNIONS,US,visa,debit
440960,00-99,PRIORITY CREDIT UNION,US,visa,credit
440961,00-99,BSCA.BANK,CG,visa,debit
440962,00-99,FIDELITY BANK,US,visa,debit
440963,00-99,THE HUNTINGTON NATIONAL BANK,US,visa,debit
440964,00-99,ROANOKE VALLEY COMMUNITY CREDIT UNION,US,visa,debit
440965,00-99,IDEAL CREDIT UNION,US,visa,credit
440966,00-99,,US,visa,debit
440967,00-99,A+ FEDERAL CREDIT UNION,US,visa,debit
440968,00-99,,US,visa,debit
440969,00-99,PARTNER COLORADO CREDIT UNION,US,visa,credit
440970,00-99,CARD SERVICES FOR CREDIT UNIONS,US,visa,credit
440971,00-99,CREDIT UNION CARD SERVICES INC.,US,visa,credit
440972,00-99,CARD SERVICES FOR CREDIT UNIONS,US,visa,credit
440973,00-99,CARD SERVICES FOR CREDIT UNIONS,US,visa,credit
440974,00-99,COMMERCE BANCSHARES INC.,US,visa,credit
440975,00-99,CARD SERVICES FOR CREDIT UNIONS,US,visa,credit
440976,00-99,BANK OF AMERICA NATIONAL ASSOCIATION,US,visa,credit
440977,00-99,CARD SERVICES FOR CREDIT UNIONS,US,visa,debit
440978,00-99,TOPMARK FEDERAL CREDIT UNION,US,visa,credit
440979,00-99,BANQUE MISR,EG,visa,debit
440980,00-99,CARD SERVICES FOR CREDIT UNIONS,US,visa,credit
440981,00-99,LOGAN COUNTY BANK,US,visa,debit
440982,00-99,LA LOMA FEDERAL CREDIT UNION,US,visa,debit
440983,00-99,BANQUE MISR,EG,visa,debit
440984,00-99,UNIVERSAL CITY STUDIOS CREDIT UNION,US,visa,credit
440985,00-99,RED OAK CREDIT UNION,US,visa,credit
440986,00-99,AMERICA FIRST CREDIT UNION,US,visa,debit
440987,00-99,ELEVATE FEDERAL CREDIT UNION,US,visa,debit
440988,00-99,PACE FEDERAL CREDIT UNION,US,visa,debit
440989,00-99,FIRST ABU DHABI BANK (PJSC),AE,visa,credit
440990,00-99,NEBRASKA STATE EMPLOYEES CREDIT UNION,US,visa,debit
440991,00-99,CARD SERVICES FOR CREDIT UNIONS,US,visa,credit
440992,00-99,COMMERCE BANCSHARES INC.,US,visa,credit
440993,00-99,CARD SERVICES FOR CREDIT UNIONS,US,visa,credit
440994,00-99,CARD SERVICES FOR CREDIT UNIONS,US,visa,debit
440995,00-99,PACE FEDERAL CREDIT UNION,US,visa,credit
440996,00-99,PEOPLES COMMUNITY CREDIT UNION,US,visa,credit
440997,00-99,FIRST ABU DHABI BANK (PJSC),AE,visa,debit
440998,00-99,CARD SERVICES FOR CREDIT UNIONS,US,visa,credit
440999,00-99,CARD SERVICES FOR CREDIT UNIONS,US,visa,credit
441000,00-99,PNC FINANCIAL SERVICES GROUP INC.,US,visa,debit
441001,00-99,PNC FINANCIAL SERVICES GROUP INC.,US,visa,debit
441002,00-99,CROSS RIVER BANK,US,visa,debit
441003,00-99,,US,visa,credit
441004,00-99,ARAB INTERNATIONAL BANK,EG,visa,debit
441005,00-99,,US,visa,credit
441006,00-99,,US,visa,debit
441007,00-99,QNB BANK A.S,TR,visa,credit
441008,00-99,CO-OPERATIVE CENTRAL BANK LTD.,CY,visa,credit
441009,00-99,,US,visa,debit
441010,00-99,BANCO BILBAO VIZCAYA ARGENTARIA URUGUAY S.A.,UY,visa,debit
441011,00-99,,CO,visa,credit
441012,00-99,FIRST DATA CONO SUR S.A.,AR,visa,credit
441013,00-99,CONFIDENCE CORRETORA DE CAMBIO S.A.,BR,visa,debit
441014,00-99,LANDKREDITT BANK AS,NO,visa,debit
441015,00-99,BANCO BILBAO VIZCAYA ARGENTARIA COLOMBIA S.A. BBVA COLOMBIA,CO,visa,debit
441016,00-99,BANCO BILBAO VIZCAYA ARGENTARIA COLOMBIA S.A. BBVA COLOMBIA,CO,visa,debit
441017,00-99,,US,visa,credit
441018,00-99,,US,visa,credit
441019,00-99,BANCO PROMERICA S.A.,SV,visa,credit
441020,00-99,KLP BANKEN AS,NO,visa,debit
441021,00-99,PROMOTORA CMR FALABELLA S.A.,CL,visa,debit
441022,00-99,REV WORLDWIDE INC.,US,visa,credit
441023,00-99,,US,visa,credit
441024,00-99,MBANK S.A.,PL,visa,debit
441025,00-99,MBANK S.A.,PL,visa,debit
441026,00-99,KLP BANKEN AS,NO,visa,debit
441027,00-99,,US,visa,credit
441028,00-99,BANCO MULTIPLE BHD S. A.,DO,visa,credit
441029,00-99,PIRAEUS BANK S.A.,GR,visa,debit
441030,00-99,ITAU UNIBANCO HOLDING S.A.,BR,visa,credit
441031,00-99,FIRST CITIZENS BANK (BARBADOS) LTD.,BB,visa,credit
441032,00-99,,US,visa,credit
441033,00-99,ASYA KATILIM BANKASI A.S.,TR,visa,credit
441034,00-99,,ES,visa,credit
441035,00-99,CONFIDENCE CORRETORA DE CAMBIO S.A.,BR,visa,debit
441036,00-99,CONFIDENCE CORRETORA DE CAMBIO S.A.,BR,visa,debit
441037,00-99,CONFIDENCE CORRETORA DE CAMBIO S.A.,BR,visa,debit
441038,00-99,DOCK SOLUCOES EM MEIOS DE PAGAMENTO S.A,BR,visa,debit
441039,00-99,DOCK INSTITUICAO DE PAGAMENTO S.A.,BR,visa,debit
441040,00-99,BANCO DIGITAL DE LOS TRABAJADORES BANCO UNIVERSAL C.A.,VE,visa,credit
441041,00-99,BANCO DIGITAL DE LOS TRABAJADORES BANCO UNIVERSAL C.A.,VE,visa,credit
441042,00-99,,IM,visa,credit
441043,00-99,ALPHA BANK,GR,visa,debit
441044,00-99,,US,visa,credit
441045,00-99,BANCO BRADESCO S.A.,BR,visa,debit
441046,00-99,BANCO SANTANDER RIO S.A.,AR,visa,debit
441047,00-99,,US,visa,credit
441048,00-99,ALPHA BANK ROMANIA S.A.,RO,visa,debit
441049,00-99,MBANK S.A.,PL,visa,debit
441050,00-99,ADMINISTRADORA DE TARJETAS DE CREDITO (A.T.C.) S.A.,BO,visa,credit
441051,00-99,BANCO BISA S.A.,BO,visa,credit
441052,00-99,,US,visa,credit
441053,00-99,,US,visa,credit
441054,00-99,,US,visa,credit
441055,00-99,FINABANK N.V.,SR,visa,credit
441056,00-99,FINABANK N.V.,SR,visa,credit
441057,00-99,FINABANK N.V.,SR,visa,credit
441058,00-99,BANPLUS BANCO UNIVERSAL C.A.,VE,visa,credit
441059,00-99,BANPLUS BANCO COMERCIAL C.A.,VE,visa,debit
441060,00-99,MBANK S.A.,PL,visa,debit
441061,00-99,BANCO SANTANDER S.A.,BR,visa,credit
441062,00-99,BANCO SANTANDER S.A.,BR,visa,credit
441063,00-99,ANDORRA BANC AGRICOL REIG S.A.,AD,visa,debit
441064,00-99,BANCO SANTANDER BRASIL S.A.,BR,visa,credit
441065,00-99,BANCO SANTANDER BRASIL S.A.,BR,visa,credit
441066,00-99,BANCO SANTANDER S.A.,BR,visa,credit
441067,00-99,BANCO SANTANDER S.A.,BR,visa,credit
441068,00-99,,PL,visa,debit
441069,00-99,,SK,visa,debit
441070,00-99,WUESTENROT BANK AG PFANDBRIEBANK,DE,visa,debit
441071,00-99,WUESTENROT BANK AG PFANDBRIEBANK,DE,visa,credit
441072,00-99,WUESTENROT BANK AG PFANDBRIEBANK,DE,visa,credit
441073,00-99,,US,visa,credit
441074,00-99,TU DINERO DIGITAL S.A. DE C.V. INSTITUCION DE FONDOS DE PAGO ELECTRONICO,MX,visa,debit
441075,00-99,TURKIYE IS BANKASI A.S.,TR,visa,debit
441076,00-99,TURKIYE IS BANKASI A.S.,TR,visa,debit
441077,00-99,TURKIYE IS BANKASI A.S.,TR,visa,debit
441078,00-99,HDFC BANK LTD.,IN,visa,debit
441079,00-99,BANCO MULTIPLE BHD S. A.,DO,visa,credit
441080,00-99,BANCO DAVIVIENDA S.A.,CO,visa,credit
441081,00-99,PROCREDIT BANK LTD.,XK,visa,credit
441082,00-99,IBERCAJA BANCO S.A,ES,visa,credit
441083,00-99,BANCO CITIBANK DE EL SALVADOR S.A.,SV,visa,debit
441084,00-99,SANTANDER UK PLC,GB,visa,credit
441085,00-99,BNP PARIBAS BANK POLSKA S.A.,PL,visa,credit
441086,00-99,BNP PARIBAS BANK POLSKA S.A.,PL,visa,credit
441087,00-99,BNP PARIBAS BANK POLSKA S.A.,PL,visa,credit
441088,00-99,BNP PARIBAS BANK POLSKA S.A.,PL,visa,credit
441089,00-99,BNP PARIBAS BANK POLSKA S.A.,PL,visa,credit
441090,00-99,BNP PARIBAS BANK POLSKA S.A.,PL,visa,debit
441091,00-99,RAIFFEISEN BANK POLSKA S.A.,PL,visa,debit
441092,00-99,BNP PARIBAS BANK POLSKA S.A.,PL,visa,debit
441093,00-99,RAIFFEISEN BANK POLSKA S.A.,PL,visa,debit
441094,00-99,BNP PARIBAS BANK POLSKA S.A.,PL,visa,debit
441095,00-99,BNP PARIBAS BANK POLSKA S.A.,PL,visa,credit
441096,00-99,BNP PARIBAS BANK POLSKA S.A.,PL,visa,credit
441097,00-99,BNP PARIBAS BANK POLSKA S.A.,PL,visa,credit
441098,00-99,GRENADA CO-OPERATIVE BANK LTD.,GD,visa,debit
441099,00-99,,US,visa,credit
441100,00-99,MEMBERS HERITAGE CREDIT UNION,US,visa,credit
441101,00-99,WHITAKER BANK,US,visa,debit
441102,00-99,BANCO DO BRASIL S.A.,BR,visa,credit
441103,00-99,JPMORGAN CHASE BANK N.A. - DEBIT,US,visa,debit
441104,00-99,JPMORGAN CHASE BANK N.A. - DEBIT,US,visa,debit
441105,00-99,JPMORGAN CHASE BANK N.A. - DEBIT,US,visa,debit
441106,00-99,PEOPLE'S UNITED BANK,US,visa,debit
441107,00-99,FIRST TRADE UNION SAVINGS BANK F.S.B.,US,visa,credit
441108,00-99,PUBLIC JOINT STOCK COMPANY PROMSVYAZBANK,RU,visa,debit
441109,00-99,,US,visa,credit
441110,00-99,POPULAR BANK LTD. INC.,PA,visa,credit
441111,00-99,DESTINATIONS CREDIT UNION,US,visa,debit
441112,00-99,MVB BANK INC,US,visa,debit
441113,00-99,PATHWARD N.A.,US,visa,debit
441114,00-99,BMO HARRIS BANK N.A.,US,visa,debit
441115,00-99,AKTIF YATIRIM BANKASI A.S.,TR,visa,credit
441116,00-99,BMO HARRIS BANK N.A.,US,visa,credit
441117,00-99,AS ODEME HIZMETLERI VE ELEKTRONIK PARA A.S,TR,visa,debit
441118,00-99,AKTIF YATIRIM BANKASI A.S.,TR,visa,debit
441119,00-99,BANCOLOMBIA S.A.,CO,visa,credit
441120,00-99,BANCO SANTANDER S.A.,BR,visa,credit
441121,00-99,BOTSWANA SAVINGS BANK,BW,visa,debit
441122,00-99,BANCO SANTANDER S.A.,BR,visa,credit
441123,00-99,ABSA BANK BOTSWANA LTD.,BW,visa,credit
441124,00-99,RAWBANK,CD,visa,debit
441125,00-99,RAWBANK,CD,visa,debit
441126,00-99,DUPAGE CREDIT UNION,US,visa,debit
441127,00-99,UAE EXCHANGE CENTRE LLC,AE,visa,debit
441128,00-99,STANDARD CHARTERED BANK ZAMBIA PLC,ZM,visa,debit
441129,00-99,CHASE BANK (KENYA) LTD.,KE,visa,credit
441130,00-99,REPUBLIC BANK LTD.,TT,visa,credit
441131,00-99,ATLANTIC UNION BANK,US,visa,debit
441132,00-99,B.O.D,VE,visa,credit
441133,00-99,BANCO NACIONAL DE CREDITO C.A.,VE,visa,credit
441134,00-99,PLAINSCAPITAL BANK,US,visa,debit
441135,00-99,MIDSOUTH BANK,US,visa,credit
441136,00-99,MIDSOUTH BANK,US,visa,credit
441137,00-99,CROSS RIVER BANK,US,visa,credit
441138,00-99,BANKFIRST,US,visa,debit
441139,00-99,DENIZBANK A.S.,TR,visa,credit
441140,00-99,BREWERY CREDIT UNION,US,visa,credit
441141,00-99,TRELLANCE INC.,US,visa,credit
441142,00-99,TRELLANCE INC.,US,visa,credit
441143,00-99,HOMEBANK,US,visa,debit
441144,00-99,CENTRAL SOYA FEDERAL CREDIT UNION,US,visa,credit
441145,00-99,NUVISION FEDERAL CREDIT UNION,US,visa,credit
441146,00-99,,US,visa,credit
441147,00-99,FROST BANK,US,visa,debit
441148,00-99,FROST BANK,US,visa,debit
441149,00-99,,US,visa,credit
441150,00-99,REGIONS BANK,US,visa,credit
441151,00-99,REGIONS BANK,US,visa,credit
441152,00-99,REGIONS BANK,US,visa,credit
441153,00-99,FIRST INTERSTATE BANK,US,visa,debit
441154,00-99,FIRST INTERSTATE BANK,US,visa,debit
441155,00-99,WELLS FARGO BANK N.A.,US,visa,debit
441156,00-99,FIRST SECURITY BANK OF ROUNDUP,US,visa,debit
441157,00-99,BOEING EMPLOYEES CREDIT UNION,US,visa,credit
441158,00-99,VITAL FEDERAL CREDIT UNION,US,visa,credit
441159,00-99,,US,visa,credit
441160,00-99,,US,visa,credit
441161,00-99,,US,visa,credit
441162,00-99,,US,visa,credit
441163,00-99,WORKERS CREDIT UNION,US,visa,credit
441164,00-99,PYRAMID FEDERAL CREDIT UNION,US,visa,credit
441165,00-99,DOCK INSTITUICAO DE PAGAMENTO S.A.,BR,visa,debit
441166,00-99,EVERBANK NATIONAL ASSOCIATION,US,visa,debit
441167,00-99,CAJA MUNICIPAL DE AHORRO Y CREDITO DE HUANCAYO S.A.,PE,visa,credit
441168,00-99,BANCA TRANSILVANIA S.A.,IT,visa,debit
441169,00-99,BANISTMO S.A.,PA,visa,credit
441170,00-99,UNION STATE BANK,US,visa,debit
441171,00-99,SCOTIABANK TRINIDAD AND TOBAGO LTD.,TT,visa,credit
441172,00-99,BANCO DO BRASIL S.A.,BR,visa,credit
441173,00-99,,BR,visa,credit
441174,00-99,BANCO DO BRASIL S.A.,BR,visa,credit
441175,00-99,TARJETAS BCT S.A.,CR,visa,credit
441176,00-99,BANK AL ETIHAD,JO,visa,credit
441177,00-99,GUARDIAN CREDIT UNION,US,visa,credit
441178,00-99,SCOTIABANK DE COSTA RICA S.A.,CR,visa,credit
441179,00-99,BANK OF NOVA SCOTIA,BB,visa,credit
441180,00-99,BANK AL ETIHAD,JO,visa,debit
441181,00-99,KONE EMPLOYEES CREDIT UNION,US,visa,credit
441182,00-99,BANCO DAVIVIENDA SALVADORENO S.A.,SV,visa,credit
441183,00-99,BANCO DAVIVIENDA SALVADORENO S.A.,SV,visa,credit
441184,00-99,PEOPLES STATE BANK,US,visa,debit
441185,00-99,PEOPLES STATE BANK,US,visa,credit
441186,00-99,CREDIT UNION OF AMERICA,US,visa,credit
441187,00-99,CREDIT UNION OF AMERICA,US,visa,debit
441188,00-99,MASSACHUSETTS INSTITUTE OF TECHNOLOGY FEDERAL CREDIT UNION,US,visa,credit
441189,00-99,CONSUMERS CREDIT UNION,US,visa,debit
441190,00-99,CONCORDIA BANK & TRUST COMPANY,US,visa,debit
441191,00-99,BYLINE BANK,US,visa,debit
441192,00-99,FISERV SOLUTIONS LLC,US,visa,credit
441193,00-99,BANK AL ETIHAD,JO,visa,credit
441194,00-99,BANQUE MISR,EG,visa,debit
441195,00-99,FIRST ABU DHABI BANK PJSC,AE,visa,credit
441196,00-99,FIRST ABU DHABI BANK PJSC,AE,visa,credit
441197,00-99,COMMUNITYAMERICA CREDIT UNION,US,visa,debit
441198,00-99,BANK AL ETIHAD,JO,visa,debit
441199,00-99,VISA DPS,US,visa,credit
441200,00-99,SERVICE 1ST FEDERAL CREDIT UNION,US,visa,credit
441201,00-99,ABSA BANK BOTSWANA LTD.,BW,visa,debit
441202,00-99,HOME FEDERAL BANK OF TENNESSEE,US,visa,debit
441203,00-99,FNB WASHINGTON,US,visa,debit
441204,00-99,,UG,visa,debit
441205,00-99,IBERIABANK,US,visa,debit
441206,00-99,TURKIYE FINANS KATILIM BANKASI A.S.,TR,visa,credit
441207,00-99,CAPITAL BANK,US,visa,debit
441208,00-99,BANCO BILBAO VIZCAYA ARGENTARIA S.A. (BBVA),ES,visa,credit
441209,00-99,BANK OF LANCASTER COUNTY N.A.,US,visa,debit
441210,00-99,PNC FINANCIAL SERVICES GROUP INC.,US,visa,debit
441211,00-99,MEMBERS CHOICE CREDIT UNION,US,visa,debit
441212,00-99,TORONTO DOMINION BANK,CA,visa,debit
441213,00-99,FIRST FEDERAL BANK,US,visa,debit
441214,00-99,PNC FINANCIAL SERVICES GROUP INC.,US,visa,debit
441215,00-99,THE COMMERCIAL BANK OF KUWAIT S.A.K.,KW,visa,credit
441216,00-99,EMERALD CREDIT ASSOCIATION FEDERAL CREDIT UNION,US,visa,debit
441217,00-99,SOUTH STATE BANK,US,visa,debit
441218,00-99,BUSEY BANK,US,visa,debit
441219,00-99,THE PEOPLES BANK,US,visa,debit
441220,00-99,DUBOIS-PIKE FEDERAL CREDIT UNION,US,visa,debit
441221,00-99,SELF MEMORIAL HOSPITAL FEDERAL CREDIT UNION,US,visa,debit
441222,00-99,SPENCER SAVINGS BANK SLA,US,visa,debit
441223,00-99,AFRASIA BANK,MU,visa,debit
441224,00-99,CHOICE ONE COMMUNITY FEDERAL CREDIT UNION,US,visa,debit
441225,00-99,TRUIST BANK,US,visa,debit
441226,00-99,CONGRESSIONAL BANK,US,visa,debit
441227,00-99,HARBORSTONE CREDIT UNION,US,visa,debit
441228,00-99,FORT FINANCIAL CREDIT UNION,US,visa,debit
441229,00-99,SOUTHERN BANK AND TRUST COMPANY,US,visa,debit
441230,00-99,ALL SAINTS FEDERAL CREDIT UNION,US,visa,debit
441231,00-99,GREAT SOUTHERN BANK,US,visa,debit
441232,00-99,FIRST FEDERAL BANK OF FLORIDA,US,visa,debit
441233,00-99,AFRASIA BANK,MU,visa,debit
441234,00-99,SOUTH STATE BANK,US,visa,debit
441235,00-99,STATE BANK AND TRUST,US,visa,debit
441236,00-99,BRIGHTON BANK,US,visa,debit
441237,00-99,PEOPLES BANK,US,visa,debit
441238,00-99,FIRST FEDERAL BANK OF OHIO,US,visa,debit
441239,00-99,MT. RAINIER FEDERAL CREDIT UNION,US,visa,debit
441240,00-99,METHODIST HEALTHCARE FEDERAL CREDIT UNION,US,visa,debit
441241,00-99,LANCASTER RED ROSE CREDIT UNION,US,visa,debit
441242,00-99,ARROWHEAD BANK,US,visa,debit
441243,00-99,INCENTA FEDERAL CREDIT UNION,US,visa,debit
441244,00-99,FRIEND BANK,US,visa,debit
441245,00-99,FARMERS AND MERCHANTS BANK OF SOUTH CAROLINA,US,visa,debit
441246,00-99,PNC FINANCIAL SERVICES GROUP INC.,US,visa,debit
441247,00-99,PNC FINANCIAL SERVICES GROUP INC.,US,visa,debit
441248,00-99,PINNACLE FINANCIAL PARTNERS,US,visa,debit
441249,00-99,BRANCH BANKING AND TRUST COMPANY,US,visa,debit
441250,00-99,PEOPLE'S UNITED BANK,US,visa,debit
441251,00-99,COMMERCE BANCSHARES INC.,US,visa,debit
441252,00-99,UNITED BANK,US,visa,credit
441253,00-99,UNITED BANK,US,visa,debit
441254,00-99,COMMERCE BANCSHARES INC.,US,visa,credit
441255,00-99,BANCO SAFRA S.A.,BR,visa,credit
441256,00-99,BANCO ITAUCARD S.A.,BR,visa,credit
441257,00-99,BANCO BRADESCARD S.A.,BR,visa,credit
441258,00-99,DEUTSCHE BANK AG,DE,visa,credit
441259,00-99,DEUTSCHE BANK AG,DE,visa,credit
441260,00-99,DEUTSCHE BANK AG,DE,visa,credit
441261,00-99,DEUTSCHE BANK AG,DE,visa,credit
441262,00-99,DEUTSCHE BANK AG,DE,visa,credit
441263,00-99,DEUTSCHE BANK AG,DE,visa,credit
441264,00-99,DEUTSCHE BANK AG,DE,visa,credit
441265,00-99,FIRST STATE BANK,US,visa,debit
441266,00-99,SPAREBANKEN VEST,NO,visa,debit
441267,00-99,DEUTSCHE BANK S.P.A.,IT,visa,debit
441268,00-99,QUAD CITY BANK AND TRUST COMPANY,US,visa,debit
441269,00-99,FLORIDA CREDIT UNION,US,visa,credit
441270,00-99,ALLY BANK,US,visa,credit
441271,00-99,L G & W FEDERAL CREDIT UNION,US,visa,credit
441272,00-99,CARD SERVICES FOR CREDIT UNIONS,US,visa,credit
441273,00-99,JOINT STOCK COMPANY RUSSIAN REGIONAL DEVELOPMENT BANK,RU,visa,debit
441274,00-99,,US,visa,debit
441275,00-99,AFRASIA BANK LTD.,MU,visa,debit
441276,00-99,COMMERCE BANCSHARES INC.,US,visa,debit
441277,00-99,ELEVATIONS CREDIT UNION,US,visa,debit
441278,00-99,ELEVATIONS CREDIT UNION,US,visa,credit
441279,00-99,BANCO COMERCIAL E DE INVESTIMENTOS SARL,MZ,visa,debit
441280,00-99,UNICREDIT BANK A.D. BANJA LUKA,BA,visa,credit
441281,00-99,COMMERCE BANCSHARES INC.,US,visa,debit
441282,00-99,COMMERCE BANCSHARES INC.,US,visa,debit
441283,00-99,INDUSIND BANK LTD.,IN,visa,credit
441284,00-99,AXIS BANK LTD.,IN,visa,credit
441285,00-99,INDUSIND BANK LTD.,IN,visa,credit
441286,00-99,THE HOUSING BANK FOR TRADE & FINANCE,JO,visa,credit
441287,00-99,DEUTSCHE BANK AG,DE,visa,credit
441288,00-99,DEUTSCHE BANK AG,DE,visa,credit
441289,00-99,WELLS FARGO BANK N.A.,US,visa,credit
441290,00-99,WELLS FARGO BANK N.A.,US,visa,credit
441291,00-99,CELTIC BANK,US,visa,debit
441292,00-99,CELTIC BANK,US,visa,debit
441293,00-99,DEUTSCHE BANK AG,DE,visa,credit
441294,00-99,THE COMMUNITY BANK,US,visa,debit
441295,00-99,COMMERCE BANCSHARES INC.,US,visa,credit
441296,00-99,,US,visa,debit
441297,00-99,FIRST NATIONAL BANK OF OMAHA,US,visa,credit
441298,00-99,DEUTSCHE BANK AG,DE,visa,credit
441299,00-99,AMALGAMATED BANK,US,visa,debit
441300,00-99,AMALGAMATED BANK,US,visa,debit
441301,00-99,CORNERSTONE COMMUNITY FEDERAL CREDIT UNION,US,visa,debit
441302,00-99,PRIMESOURCE CREDIT UNION,US,visa,debit
441303,00-99,SUTTON BANK,US,visa,debit
441304,00-99,SUTTON BANK,US,visa,debit
441305,00-99,VERITY CREDIT UNION,US,visa,credit
441306,00-99,,US,visa,credit
441307,00-99,WHATCOM EDUCATIONAL CREDIT UNION,US,visa,credit
441308,00-99,,US,visa,debit
441309,00-99,,US,visa,credit
441310,00-99,BBVA BANCOMER S.A.,MX,visa,credit
441311,00-99,BBVA BANCOMER S.A.,MX,visa,credit
441312,00-99,BBVA BANCOMER S.A.,MX,visa,debit
441313,00-99,BBVA BANCOMER S.A.,MX,visa,debit
441314,00-99,BBVA MEXICO S.A.,MX,visa,credit
441315,00-99,,AF,visa,debit
441316,00-99,,AF,visa,debit
441317,00-99,,US,visa,credit
441318,00-99,PUBLIC JOINT STOCK COMPANY PROMSVYAZBANK,RU,visa,credit
441319,00-99,UNIBANCA S.A.,PE,visa,debit
441320,00-99,THE TORONTO-DOMINION BANK,CA,visa,debit
441321,00-99,HOME TRUST COMPANY,CA,visa,debit
441322,00-99,GUARANTY TRUST BANK LIBERIA LTD.,LR,visa,debit
441323,00-99,FIRST NATIONAL BANK OF OMAHA,US,visa,credit
441324,00-99,OAO VOSTOCHNY EXPRESS BANK,RU,visa,debit
441325,00-99,JSCB DERZHAVA,RU,visa,credit
441326,00-99,,US,visa,credit
441327,00-99,FIRST HEARTLAND JUSAN BANK JSC,KZ,visa,credit
441328,00-99,FIRST HEARTLAND JUSAN BANK JSC,KZ,visa,debit
441329,00-99,TSESNABANK JSC,KZ,visa,debit
441330,00-99,DOHA BANK LTD.,KW,visa,credit
441331,00-99,UNIBANCA S.A.,PE,visa,debit
441332,00-99,,US,visa,credit
441333,00-99,,US,visa,credit
441334,00-99,,US,visa,credit
441335,00-99,,US,visa,credit
441336,00-99,NSIA BANQUE CI,CI,visa,debit
441337,00-99,NSIA BANQUE CI,CI,visa,debit
441338,00-99,BANQUE INTERNATIONALE POUR LAFRIQUE OCCIDENTALE - BIAO,CI,visa,debit
441339,00-99,BANQUE NATIONALE D'INVESTISSEMENT,CI,visa,debit
441340,00-99,BANQUE INTERNATIONALE POUR LAFRIQUE OCCIDENTALE - BIAO,CI,visa,debit
441341,00-99,ANADOLUBANK A.S.,TR,visa,credit
441342,00-99,AFRILAND FIRST BANK,CM,visa,credit
441343,00-99,AFRILAND FIRST BANK,CM,visa,credit
441344,00-99,AFRILAND FIRST BANK,CM,visa,debit
441345,00-99,AFRILAND FIRST,CM,visa,debit
441346,00-99,AFRILAND FIRST BANK,CM,visa,debit
441347,00-99,AFRILAND FIRST BANK,CM,visa,debit
441348,00-99,AFRILAND FIRST BANK,CM,visa,debit
441349,00-99,ITAU UNIBANCO S.A.,BR,visa,credit
441350,00-99,,SA,visa,debit
441351,00-99,SBM BANK (INDIA) LTD.,IN,visa,debit
441352,00-99,,US,visa,credit
441353,00-99,WESTERN VISTA FEDERAL CREDIT UNION,US,visa,debit
441354,00-99,HDFC BANK LTD.,IN,visa,debit
441355,00-99,,US,visa,credit
441356,00-99,,US,visa,credit
441357,00-99,WILDFIRE CREDIT UNION,US,visa,debit
441358,00-99,WATERFORD BANK N.A.,US,visa,credit
441359,00-99,WEBBANK,US,visa,credit
441360,00-99,G-XCHANGE INC.,PH,visa,debit
441361,00-99,NSDL PAYMENTS BANK LTD.,IN,visa,debit
441362,00-99,GUARANTY TRUST BANK LIBERIA LTD.,LR,visa,debit
441363,00-99,BANCO IMPROSA S.A.,CR,visa,debit
441364,00-99,WEBBANK,US,visa,debit
441365,00-99,ECOBANK COTE D'IVOIRE,CI,visa,debit
441366,00-99,REVOLUT PAYMENTS NEW ZEALAND PTY LTD.,NZ,visa,debit
441367,00-99,UNION BANK PLC,BD,visa,debit
441368,00-99,WESTMARK CREDIT UNION,US,visa,debit
441369,00-99,VELOCITY COMMUNITY FEDERAL CREDIT UNION,US,visa,credit
441370,00-99,GRASSHOPPER BANK N.A.,US,visa,debit
441371,00-99,MIDSOUTH BANK,US,visa,debit
441372,00-99,MIDSOUTH BANK,US,visa,debit
441373,00-99,LIBERIAN BANK FOR DEVELOPMENT & INVESTMENT,LR,visa,debit
441374,00-99,AL ANSARI EXCHANGE LLC,AE,visa,debit
441375,00-99,AL RAJHI BANKING AND INVESTMENT CORP.,SA,visa,credit
441376,00-99,GREENFIELD BANKING COMPANY,US,visa,debit
441377,00-99,GREENFIELD BANKING COMPANY,US,visa,debit
441378,00-99,GREENFIELD BANKING COMPANY,US,visa,debit
441379,00-99,SUNRISE BANKS NATIONAL ASSOCIATION,US,visa,debit
441380,00-99,COMMUNITY BANK OF TRENTON,US,visa,debit
441381,00-99,INTL HDQTRS-CENTER OWNED,US,visa,debit
441382,00-99,,US,visa,credit
441383,00-99,THE BANCORP BANK NATIONAL ASSOCIATION,US,visa,debit
441384,00-99,CF BANK NATIONAL ASSOCIATION,US,visa,credit
441385,00-99,BLUESTONE FEDERAL CREDIT UNION,US,visa,debit
441386,00-99,BLUESTONE FEDERAL CREDIT UNION,US,visa,debit
441387,00-99,BLUESTONE FEDERAL CREDIT UNION,US,visa,credit
441388,00-99,BLUESTONE FEDERAL CREDIT UNION,US,visa,credit
441389,00-99,ROCHELLE STATE BANK,US,visa,debit
441390,00-99,SUTTON BANK,US,visa,debit
441391,00-99,SOUTH STATE BANK NATIONAL ASSOCIATION,US,visa,debit
441392,00-99,WILMINGTON SAVINGS FUND SOCIETY FSB,US,visa,debit
441393,00-99,WELLS FARGO BANK NATIONAL ASSOCIATION,US,visa,credit
441394,00-99,WELLS FARGO BANK NATIONAL ASSOCIATION,US,visa,credit
441395,00-99,BELLWETHER COMMUNITY CREDIT UNION,US,visa,debit
441396,00-99,PATTERSON FEDERAL CREDIT UNION,US,visa,credit
441397,00-99,WELLS FARGO BANK NATIONAL ASSOCIATION,US,visa,credit
441398,00-99,WELLS FARGO BANK NATIONAL ASSOCIATION,US,visa,credit
441399,00-99,WELLS FARGO BANK NATIONAL ASSOCIATION,US,visa,credit
441400,00-99,MOHAWK VALLEY FEDERAL CREDIT UNION,US,visa,credit
441401,00-99,,US,visa,credit
441402,00-99,CARD SERVICES FOR CREDIT UNIONS,US,visa,credit
441403,00-99,CALHOUN-LIBERTY EMPLOYEES CREDIT UNION,US,visa,credit
441404,00-99,CARD SERVICES FOR CREDIT UNIONS,US,visa,credit
441405,00-99,CARD SERVICES FOR CREDIT UNIONS,US,visa,credit
441406,00-99,MASS BAY CREDIT UNION,US,visa,credit
441407,00-99,EVER $ GREEN FEDERAL CREDIT UNION,US,visa,credit
441408,00-99,CARD SERVICES FOR CREDIT UNIONS,US,visa,credit
441409,00-99,U.P. STATE CREDIT UNION,US,visa,credit
441410,00-99,CARD SERVICES FOR CREDIT UNIONS,US,visa,credit
441411,00-99,CARD SERVICES FOR CREDIT UNIONS,US,visa,credit
441412,00-99,CARD SERVICES FOR CREDIT UNIONS,US,visa,credit
441413,00-99,TRUITY FEDERAL CREDIT UNION,US,visa,debit
441414,00-99,CARD SERVICES FOR CREDIT UNIONS,US,visa,debit
441415,00-99,FINANCIAL PARTNERS FEDERAL CREDIT UNION,US,visa,credit
441416,00-99,CRANE CREDIT UNION,US,visa,debit
441417,00-99,CARD SERVICES FOR CREDIT UNIONS,US,visa,credit
441418,00-99,CARD SERVICES FOR CREDIT UNIONS,US,visa,credit
441419,00-99,FAMILY FIRST OF NY FEDERAL CREDIT UNION,US,visa,debit
441420,00-99,ELEVATIONS CREDIT UNION,US,visa,debit
441421,00-99,COLUMBIA-GREENE FEDERAL CREDIT UNION,US,visa,debit
441422,00-99,LANECO FEDERAL CREDIT UNION,US,visa,credit
441423,00-99,OUR COMMUNITY CREDIT UNION,US,visa,credit
441424,00-99,CREDIT UNION CARD SERVICES INC.,US,visa,credit
441425,00-99,AURORA FEDERAL CREDIT UNION,US,visa,credit
441426,00-99,UNITED LOCAL CREDIT UNION,US,visa,credit
441427,00-99,CARD SERVICES FOR CREDIT UNIONS,US,visa,credit
441428,00-99,CARD SERVICES FOR CREDIT UNIONS,US,visa,credit
441429,00-99,MY CREDIT UNION,US,visa,debit
441430,00-99,CARD SERVICES FOR CREDIT UNIONS,US,visa,credit
441431,00-99,ELEVATIONS CREDIT UNION,US,visa,credit
441432,00-99,CANVAS CREDIT UNION,US,visa,debit
441433,00-99,OUR COMMUNITY CREDIT UNION,US,visa,debit
441434,00-99,TRULIANT FEDERAL CREDIT UNION,US,visa,credit
441435,00-99,PINNACLE BANK,US,visa,credit
441436,00-99,TCM BANK N.A.,US,visa,credit
441437,00-99,DANNEMORA FEDERAL CREDIT UNION,US,visa,credit
441438,00-99,GOWANDA AREA FEDERAL CREDIT UNION,US,visa,credit
441439,00-99,CARD SERVICES FOR CREDIT UNIONS,US,visa,credit
441440,00-99,SOUND CREDIT UNION,US,visa,debit
441441,00-99,ALLTRU CREDIT UNION,US,visa,credit
441442,00-99,DALLAS CAPITAL BANK,US,visa,credit
441443,00-99,UTICA GAS & ELECTRIC FEDERAL CREDIT UNION,US,visa,debit
441444,00-99,SOUTHEAST FINANCIAL CREDIT UNION,US,visa,credit
441445,00-99,STONE INSTITUICAO DE PAGAMENTO S.A.,BR,visa,debit
441446,00-99,CARD SERVICES FOR CREDIT UNIONS,US,visa,credit
441447,00-99,CARD SERVICES FOR CREDIT UNIONS,US,visa,credit
441448,00-99,CARD SERVICES FOR CREDIT UNIONS,US,visa,credit
441449,00-99,,US,visa,credit
441450,00-99,WEATHERHEAD C.C. FEDERAL CREDIT UNION,US,visa,credit
441451,00-99,FIRE POLICE CITY COUNTY FEDERAL CREDIT UNION,US,visa,debit
441452,00-99,AMERIS BANK,US,visa,credit
441453,00-99,TRUECORE FEDERAL CREDIT UNION,US,visa,debit
441454,00-99,TRULIANT FEDERAL CREDIT UNION,US,visa,credit
441455,00-99,VERITAS FEDERAL CREDIT UNION,US,visa,debit
441456,00-99,TRIANGLE CREDIT UNION,US,visa,debit
441457,00-99,U.S. BANK NATIONAL ASSOCIATION-CREDIT,US,visa,debit
441458,00-99,U.S. BANK NATIONAL ASSOCIATION-CREDIT,US,visa,credit
441459,00-99,U.S. BANK NATIONAL ASSOCIATION-CREDIT,US,visa,debit
441460,00-99,GREENWOOD CREDIT UNION,US,visa,credit
441461,00-99,PSCU INCORPORATED,US,visa,credit
441462,00-99,FIRST COMMUNITY CREDIT UNION,US,visa,credit
441463,00-99,CONNECTION CREDIT UNION,US,visa,debit
441464,00-99,HERITAGE FEDERAL CREDIT UNION,US,visa,credit
441465,00-99,POTLATCH NO. 1 FEDERAL CREDIT UNION,US,visa,debit
441466,00-99,STAR USA FEDERAL CREDIT UNION,US,visa,debit
441467,00-99,CARD SERVICES FOR CREDIT UNIONS,US,visa,credit
441468,00-99,CREDIT UNION CARD SERVICES INC.,US,visa,credit
441469,00-99,OTIS FEDERAL CREDIT UNION,US,visa,credit
441470,00-99,CARD SERVICES FOR CREDIT UNIONS,US,visa,debit
441471,00-99,CARD SERVICES FOR CREDIT UNIONS,US,visa,debit
441472,00-99,PARK SIDE FINANCIAL CREDIT UNION,US,visa,credit
441473,00-99,NEW HORIZONS CREDIT UNION INC.,US,visa,credit
441474,00-99,CARD SERVICES FOR CREDIT UNIONS,US,visa,credit
441475,00-99,TRU FEDERAL CREDIT UNION,US,visa,credit
441476,00-99,ALOHA PACIFIC FEDERAL CREDIT UNION,US,visa,credit
441477,00-99,ADVANTAGE FINANCIAL FEDERAL CREDIT UNION,US,visa,credit
441478,00-99,COMMODORE PERRY FEDERAL CREDIT UNION,US,visa,credit
441479,00-99,FAMILY FOCUS FEDERAL CREDIT UNION,US,visa,credit
441480,00-99,FNNB BANK,US,visa,debit
441481,00-99,CARD SERVICES FOR CREDIT UNIONS,US,visa,credit
441482,00-99,PIMA FEDERAL CREDIT UNION,US,visa,debit
441483,00-99,CARD SERVICES FOR CREDIT UNIONS,US,visa,credit
441484,00-99,CARD SERVICES FOR CREDIT UNIONS,US,visa,credit
441485,00-99,JACKSON RIVER COMMUNITY CREDIT UNION,US,visa,credit
441486,00-99,CHESAPEAKE PUBLIC SCHOOL EMPLOYEES CREDIT UNION,US,visa,credit
441487,00-99,MAC FEDERAL CREDIT UNION,US,visa,credit
441488,00-99,UNIVERSITY OF VIRGINIA COMMUNITY CREDIT UNION INC.,US,visa,credit
441489,00-99,CARD SERVICES FOR CREDIT UNIONS,US,visa,credit
441490,00-99,CARD SERVICES FOR CREDIT UNIONS,US,visa,credit
441491,00-99,FRONTIER COMMUNITY CREDIT UNION,US,visa,credit
441492,00-99,SAFEWAY FEDERAL CREDIT UNION,US,visa,credit
441493,00-99,VOCALITY COMMUNITY CREDIT UNION,US,visa,credit
441494,00-99,ARGENT FEDERAL CREDIT UNION,US,visa,debit
441495,00-99,VICTOR VALLEY FEDERAL CREDIT UNION,US,visa,credit
441496,00-99,CARD SERVICES FOR CREDIT UNIONS,US,visa,credit
441497,00-99,CARD SERVICES FOR CREDIT UNIONS,US,visa,credit
441498,00-99,SAVANNAH SCHOOLS FEDERAL CREDIT UNION,US,visa,credit
441499,00-99,BANKERS' BANK,US,visa,debit
441500,00-99,CITIZENS BANK N.A.,US,visa,credit
441501,00-99,CITIZENS BANK N.A.,US,visa,credit
441502,00-99,HOOSIER UNITED CREDIT UNION,US,visa,debit
441503,00-99,INDIANA MEMBERS CREDIT UNION,US,visa,debit
441504,00-99,FEDERATED BANK,US,visa,credit
441505,00-99,,MX,visa,credit
441506,00-99,BBVA BANCOMER S.A.,MX,visa,credit
441507,00-99,SANTANDER MEXICO,MX,visa,credit
441508,00-99,VENEZOLANO DE CREDITO S.A. BANCO UNIVERSAL,VE,visa,debit
441509,00-99,BANCO GNB SUDAMERIS S.A.,CO,visa,debit
441510,00-99,PINNACLE CREDIT UNION,US,visa,debit
441511,00-99,BANCO DE OCCIDENTE S.A.,CO,visa,debit
441512,00-99,,US,visa,debit
441513,00-99,THE HUNTINGTON NATIONAL BANK,US,visa,debit
441514,00-99,THE HUNTINGTON NATIONAL BANK,US,visa,debit
441515,00-99,FIRST FLORIDA CREDIT UNION,US,visa,debit
441516,00-99,PROSPERA CREDIT UNION,US,visa,credit
441517,00-99,PROSPERA CREDIT UNION,US,visa,credit
441518,00-99,PROSPERA CREDIT UNION,US,visa,credit
441519,00-99,NATIONAL COMMERCIAL BANK (SVG) LTD.,VC,visa,credit
441520,00-99,FIRST NATIONAL BANK,US,visa,debit
441521,00-99,INTERCOMMERCIAL BANK LTD.,TT,visa,debit
441522,00-99,INTERCOMMERCIAL BANK LTD.,TT,visa,debit
441523,00-99,BELLWETHER COMMUNITY CREDIT UNION,US,visa,credit
441524,00-99,SANTANDER,BR,visa,credit
441525,00-99,FIRSTCARIBBEAN INTERNATIONAL BANK (CAYMAN) LTD.,KY,visa,credit
441526,00-99,,US,visa,debit
441527,00-99,THE PARK BANK,US,visa,credit
441528,00-99,ISABELLA BANK,US,visa,credit
441529,00-99,ISABELLA BANK,US,visa,credit
441530,00-99,RBTT BANK ARUBA N.V.,AW,visa,credit
441531,00-99,HOLYOKE CREDIT UNION,US,visa,credit
441532,00-99,CAPITAL BANK S.A.,HT,visa,credit
441533,00-99,CAPITAL BANK S.A.,HT,visa,credit
441534,00-99,CAPITAL BANK S.A.,HT,visa,credit
441535,00-99,HOLYOKE CREDIT UNION,US,visa,credit
441536,00-99,BANCO SANTANDER S.A.,BR,visa,credit
441537,00-99,FREMONT FEDERAL CREDIT UNION,US,visa,debit
441538,00-99,ALABAMA CREDIT UNION,US,visa,debit
441539,00-99,Phifer Wire C.U.,US,visa,debit
441540,00-99,GUNDERSEN LUTHERAN CREDIT UNION,US,visa,debit
441541,00-99,TARJETAS BANAMEX S.A. DE C.V. SOFOM ENTIDAD REGULADA,MX,visa,credit
441542,00-99,BANCO NACIONAL DE MEXICO S.A.,MX,visa,credit
441543,00-99,,US,visa,credit
441544,00-99,,US,visa,debit
441545,00-99,BANCO NACIONAL DE MEXICO S.A.,MX,visa,debit
441546,00-99,CONSUMERS CREDIT UNION,US,visa,credit
441547,00-99,ACIPCO FEDERAL CREDIT UNION,US,visa,debit
441548,00-99,BANCO AZTECA S.A. INSTITUCION DE BANCA MULTIPLE,MX,visa,credit
441549,00-99,BANCO NACIONAL DE MEXICO S.A.,MX,visa,debit
441550,00-99,ICBA BANCARD INC.,US,visa,debit
441551,00-99,HSBC MEXICO S.A.,MX,visa,credit
441552,00-99,SERVICIOS FINANCIEROS Y ADMINISTRACION DE CREDITOS COMERCIALES S.A.,CL,visa,credit
441553,00-99,ACB GRENADA BANK LTD.,GD,visa,debit
441554,00-99,NORTHERN CREDIT UNION,US,visa,credit
441555,00-99,BANK OF BAHRAIN & KUWAIT B.S.C.,BH,visa,debit
441556,00-99,FOND DU LAC CREDIT UNION,US,visa,credit
441557,00-99,FOND DU LAC CREDIT UNION,US,visa,credit
441558,00-99,THE BANCORP BANK NATIONAL ASSOCIATION,US,visa,credit
441559,00-99,ANTHEM BANK AND TRUST,US,visa,debit
441560,00-99,TRINIDAD AND TOBAGO UNIT TRUST CORPORATION,TT,visa,credit
441561,00-99,JOINT STOCK COMMERCIAL BANK FOR INVESTMENT AND DEVELOPMENT OF VIETNAM,VN,visa,credit
441562,00-99,FIRELANDS FEDERAL CREDIT UNION,US,visa,credit
441563,00-99,COMPANIA DE PROCESAMIENTO DE MEDIOS DE PAGO DE GUATEMALA S.A. GUATEMALA,GT,visa,credit
441564,00-99,COMMUNITY SHORES BANK,US,visa,credit
441565,00-99,SERVICIOS FINANCIEROS Y ADMINISTRACION DE CREDITOS COMERCIALES S.A.,CL,visa,credit
441566,00-99,BANCO COOPERATIVO DO BRASIL S.A.,BR,visa,credit
441567,00-99,BANCO NACIONAL DE MEXICO S.A.,MX,visa,debit
441568,00-99,BANCO INDUSTRIAL DO BRASIL S.A.,BR,visa,credit
441569,00-99,FIRST AMERICAN BANK,US,visa,credit
441570,00-99,DAIRY STATE BANK,US,visa,debit
441571,00-99,ILLINOIS BANK & TRUST,US,visa,credit
441572,00-99,ILLINOIS BANK & TRUST,US,visa,credit
441573,00-99,OCA CASA FINANCIERA S.A.,UY,visa,credit
441574,00-99,DUBAI ISLAMIC BANK PAKISTAN LTD.,PK,visa,debit
441575,00-99,,US,visa,credit
441576,00-99,BANCO POPULAR Y DE DESARROLLO COMUNAL,CR,visa,credit
441577,00-99,BANCO POPULAR Y DE DESARROLLO COMUNAL,CR,visa,credit
441578,00-99,FIRST FINANCIAL BANK,US,visa,credit
441579,00-99,NATCO CREDIT UNION,US,visa,credit
441580,00-99,NEBRASKA STATE BANK,US,visa,debit
441581,00-99,TRUPOINT BANK,US,visa,credit
441582,00-99,U.S. BANK NATIONAL ASSOCIATION-CREDIT,US,visa,credit
441583,00-99,SELCO COMMUNITY CREDIT UNION,US,visa,debit
441584,00-99,SELCO COMMUNITY CREDIT UNION,US,visa,credit
441585,00-99,UNIVERSITY OF TOLEDO FEDERAL CREDIT UNION,US,visa,debit
441586,00-99,BANCO POPULAR Y DE DESARROLLO COMUNAL,CR,visa,credit
441587,00-99,BANCO POPULAR Y DE DESARROLLO COMUNAL,CR,visa,credit
441588,00-99,BANCO POPULAR Y DE DESARROLLO COMUNAL,CR,visa,credit
441589,00-99,BANCO POPULAR Y DE DESARROLLO COMUNAL,CR,visa,debit
441590,00-99,TRULIANT FEDERAL CREDIT UNION,US,visa,debit
441591,00-99,TRULIANT FEDERAL CREDIT UNION,US,visa,credit
441592,00-99,AFFIDIAN FEDERAL CREDIT UNION,US,visa,debit
441593,00-99,TRULIANT FEDERAL CREDIT UNION,US,visa,debit
441594,00-99,U.S. BANK N.A.,US,visa,credit
441595,00-99,TRULIANT FEDERAL CREDIT UNION,US,visa,credit
441596,00-99,THE CAPE COD FIVE CENTS SAVINGS BANK,US,visa,debit
441597,00-99,JPMORGAN CHASE BANK N.A.,US,visa,credit
441598,00-99,PEAPACK PRIVATE BANK & TRUST,US,visa,debit
441599,00-99,PEAPACK PRIVATE BANK & TRUST,US,visa,debit
441600,00-99,COMMUNITY HEALTHCARE FEDERAL CREDIT UNION,US,visa,debit
441601,00-99,GRAND ALTITUDE FEDERAL CREDIT UNION,US,visa,credit
441602,00-99,BANKER'S BANK OF KANSAS N.A.,US,visa,credit
441603,00-99,BANKER'S BANK OF KANSAS N.A.,US,visa,credit
441604,00-99,THE UPSTATE NATIONAL BANK,US,visa,debit
441605,00-99,ALL IN FEDERAL CREDIT UNION,US,visa,debit
441606,00-99,WOODFOREST NATIONAL BANK,US,visa,credit
441607,00-99,,US,visa,debit
441608,00-99,HANCOCK WHITNEY BANK,US,visa,debit
441609,00-99,WELLS FARGO BANK N.A.,US,visa,debit
441610,00-99,WELLS FARGO BANK N.A.,US,visa,debit
441611,00-99,BRANCH BANKING AND TRUST COMPANY,US,visa,debit
441612,00-99,WELLS FARGO BANK N.A.,US,visa,debit
441613,00-99,FIRST FEDERAL SAVINGS BANK OF LINCOLNTON,US,visa,debit
441614,00-99,CLARION COUNTY COMMUNITY BANK,US,visa,debit
441615,00-99,WELLS FARGO BANK N.A.,US,visa,debit
441616,00-99,WELLS FARGO BANK N.A.,US,visa,debit
441617,00-99,COMMERCE BANCSHARES INC.,US,visa,debit
441618,00-99,,US,visa,credit
441619,00-99,,US,visa,credit
441620,00-99,WELLS FARGO BANK N.A.,US,visa,debit
441621,00-99,WELLS FARGO BANK N.A.,US,visa,debit
441622,00-99,WELLS FARGO BANK N.A.,US,visa,debit
441623,00-99,CARVER STATE BANK,US,visa,debit
441624,00-99,WELLS FARGO BANK N.A.,US,visa,debit
441625,00-99,TRUST FEDERAL CREDIT UNION,US,visa,debit
441626,00-99,WELLS FARGO BANK N.A.,US,visa,debit
441627,00-99,WELLS FARGO BANK N.A.,US,visa,debit
441628,00-99,TC FEDERAL BANK,US,visa,debit
441629,00-99,BANCO BRADESCO S.A.,BR,visa,credit
441630,00-99,SHELL LAKE STATE BANK,US,visa,debit
441631,00-99,BANK OF VICI,US,visa,debit
441632,00-99,THE FIRST STATE BANK,US,visa,debit
441633,00-99,,US,visa,debit
441634,00-99,SHELL LAKE STATE BANK,US,visa,debit
441635,00-99,U.S. BANK N.A.,US,visa,debit
441636,00-99,FLAGSHIP CREDIT CORPORATION,US,visa,debit
441637,00-99,,US,visa,debit
441638,00-99,,US,visa,debit
441639,00-99,,US,visa,debit
441640,00-99,,US,visa,debit
441641,00-99,TD BANK N.A.,US,visa,debit
441642,00-99,,US,visa,credit
441643,00-99,ST. GEORGES BANK AND COMPANY INC.,PA,visa,debit
441644,00-99,FIRST CITIZENS BANK,US,visa,credit
441645,00-99,,US,visa,credit
441646,00-99,SOUTH BEND FIREFIGHTERS FEDERAL CREDIT UNION,US,visa,debit
441647,00-99,BANK OF N.T. BUTTERFIELD & SON LTD.,KY,visa,debit
441648,00-99,THE FARMERS AND MERCHANTS BANK,US,visa,debit
441649,00-99,ELGA CREDIT UNION,US,visa,credit
441650,00-99,,US,visa,credit
441651,00-99,,US,visa,credit
441652,00-99,,US,visa,credit
441653,00-99,BGFIBANK CAMEROUN,CM,visa,debit
441654,00-99,BGFIBANK CAMEROUN,CM,visa,debit
441655,00-99,BGFIBANK CAMEROUN,CM,visa,debit
441656,00-99,ABSA BANK ZAMBIA PLC,ZM,visa,debit
441657,00-99,HYUNDAI CARD COMPANY LTD.,KR,visa,credit
441658,00-99,STC BANK,SA,visa,debit
441659,00-99,CIMB Niaga,ID,visa,credit
441660,00-99,WORTHINGTON FEDERAL SAVINGS BANK FSB,US,visa,debit
441661,00-99,,US,visa,credit
441662,00-99,COMMERCE BANCSHARES INC.,US,visa,debit
441663,00-99,THE FIRST NATIONAL BANK IN SIOUX FALLS,US,visa,debit
441664,00-99,THE FIRST NATIONAL BANK IN SIOUX FALLS,US,visa,credit
441665,00-99,THE FIRST NATIONAL BANK IN SIOUX FALLS,US,visa,debit
441666,00-99,QUAD CITY BANK AND TRUST COMPANY,US,visa,debit
441667,00-99,THE FIRST NATIONAL BANK IN SIOUX FALLS,US,visa,debit
441668,00-99,BANK OF BOZEMAN,US,visa,debit
441669,00-99,PATHWARD N.A.,US,visa,debit
441670,00-99,IAA CREDIT UNION,US,visa,debit
441671,00-99,NATIONAL EMPLOYEES FEDERAL CREDIT UNION,US,visa,debit
441672,00-99,PINNACLE FINANCIAL PARTNERS,US,visa,credit
441673,00-99,GORHAM SAVINGS BANK,US,visa,credit
441674,00-99,SERVICE CREDIT UNION,US,visa,debit
441675,00-99,CRANE F.C.U,US,visa,credit
441676,00-99,SERVICE CREDIT UNION,US,visa,debit
441677,00-99,FELLOWSHIP CREDIT UNION,US,visa,debit
441678,00-99,PROPONENT F.C.U,US,visa,credit
441679,00-99,,US,visa,credit
441680,00-99,UNIFY FINANCIAL CREDIT UNION,US,visa,credit
441681,00-99,METABANK,US,visa,credit
441682,00-99,METABANK,US,visa,debit
441683,00-99,ADVANTAGE FEDERAL CREDIT UNION,US,visa,credit
441684,00-99,AMERICAN BANK & TRUST COMPANY,US,visa,credit
441685,00-99,CORPORATE AMERICA FAMILY CREDIT UNION,US,visa,debit
441686,00-99,PATHWARD N.A.,US,visa,debit
441687,00-99,BYLINE BANK,US,visa,debit
441688,00-99,BYLINE BANK,US,visa,debit
441689,00-99,SERVICE CREDIT UNION,US,visa,debit
441690,00-99,METABANK,US,visa,debit
441691,00-99,PATHWARD N.A.,US,visa,debit
441692,00-99,PATHWARD N.A.,US,visa,debit
441693,00-99,METABANK,US,visa,debit
441694,00-99,PATHWARD N.A.,US,visa,debit
441695,00-99,METABANK,US,visa,debit
441696,00-99,METABANK,US,visa,debit
441697,00-99,AMBRIDGE AREA FEDERAL CREDIT UNION,US,visa,debit
441698,00-99,,US,visa,credit
441699,00-99,,US,visa,credit
441700,00-99,WESBANCO BANK INC.,US,visa,credit
441701,00-99,WESBANCO BANK INC.,US,visa,credit
441702,00-99,CAPITAL ONE BANK (USA) N.A.,US,visa,credit
441703,00-99,CITIBANK NATIONAL ASSOCIATION - CONSUMER,US,visa,credit
441704,00-99,SOUTH STATE BANK,US,visa,credit
441705,00-99,ADDITION FINANCIAL CREDIT UNION,US,visa,debit
441706,00-99,THE CAPE COD FIVE CENTS SAVINGS BANK,US,visa,debit
441707,00-99,WOORI AMERICA BANK,US,visa,debit
441708,00-99,THE FIRST NATIONAL BANK IN SIOUX FALLS,US,visa,credit
441709,00-99,KNOXVILLE TEACHERS FEDERAL CREDIT UNION,US,visa,debit
441710,00-99,BANK OF AMERICA NATIONAL ASSOCIATION,US,visa,credit
441711,00-99,JPMORGAN CHASE BANK N.A.,US,visa,credit
441712,00-99,JPMORGAN CHASE BANK N.A.,US,visa,credit
441713,00-99,JPMORGAN CHASE BANK N.A.,US,visa,credit
441714,00-99,JPMORGAN CHASE BANK N.A.,US,visa,credit
441715,00-99,COOPERATIVA NACIONAL DE EDUCADORES R.L. (COOPENAE R.L.),CR,visa,credit
441716,00-99,JPMORGAN CHASE BANK N.A.,US,visa,credit
441717,00-99,GIROBANK,AW,visa,credit
441718,00-99,GIROBANK,AW,visa,credit
441719,00-99,BMI FEDERAL CREDIT UNION,US,visa,credit
441720,00-99,CELTIC BANK,US,visa,credit
441721,00-99,JPMORGAN CHASE BANK N.A.,US,visa,debit
441722,00-99,BANK OF NOVA SCOTIA,VC,visa,credit
441723,00-99,BANK OF NOVA SCOTIA,VI,visa,credit
441724,00-99,,US,visa,credit
441725,00-99,BANK OF NOVA SCOTIA,KN,visa,credit
441726,00-99,BANK OF NOVA SCOTIA,AG,visa,credit
441727,00-99,BANK OF NOVA SCOTIA,DM,visa,credit
441728,00-99,BANK OF NOVA SCOTIA,GD,visa,credit
441729,00-99,BANK OF NOVA SCOTIA,LC,visa,credit
441730,00-99,BANCO AZTECA S.A. INSTITUCION DE BANCA MULTIPLE,MX,visa,debit
441731,00-99,ROCK VALLEY CREDIT UNION,US,visa,debit
441732,00-99,UNIVERSITY OF ILLINOIS COMMUNITY CREDIT UNION,US,visa,debit
441733,00-99,TRULIANT FEDERAL CREDIT UNION,US,visa,credit
441734,00-99,BNP PARIBAS FORTIS NV/SA.,BE,visa,credit
441735,00-99,BNP PARIBAS FORTIS,BE,visa,credit
441736,00-99,BNP PARIBAS FORTIS NV/SA.,BE,visa,credit
441737,00-99,ROYAL BUSINESS BANK,US,visa,credit
441738,00-99,BANCO POPULAR Y DE DESARROLLO COMUNAL,CR,visa,credit
441739,00-99,BANCO POPULAR Y DE DESARROLLO COMUNAL,CR,visa,credit
441740,00-99,BANCO POPULAR Y DE DESARROLLO COMUNAL,CR,visa,credit
441741,00-99,BANCO POPULAR Y DE DESARROLLO COMUNAL,CR,visa,credit
441742,00-99,BANCO POPULAR Y DE DESARROLLO COMUNAL,CR,visa,credit
441743,00-99,BANCO POPULAR Y DE DESARROLLO COMUNAL,CR,visa,credit
441744,00-99,BANCO POPULAR Y DE DESARROLLO COMUNAL,CR,visa,credit
441745,00-99,BANCO POPULAR Y DE DESARROLLO COMUNAL,CR,visa,credit
441746,00-99,BANCO POPULAR Y DE DESARROLLO COMUNAL,CR,visa,credit
441747,00-99,BANCO POPULAR Y DE DESARROLLO COMUNAL,CR,visa,debit
441748,00-99,BANCO POPULAR Y DE DESARROLLO COMUNAL,CR,visa,credit
441749,00-99,OCSI SOLUCIONES S.A. DE C.V.,MX,visa,credit
441750,00-99,BANCO POPULAR Y DE DESARROLLO COMUNAL,CR,visa,credit
441751,00-99,INNOVACION EN MEDIOS DE PAGO ELECTRONICOS SA (IMPESA),CR,visa,credit
441752,00-99,REGIONS BANK,US,visa,debit
441753,00-99,REGIONS BANK,US,visa,debit
441754,00-99,REGIONS BANK,US,visa,debit
441755,00-99,REGIONS BANK,US,visa,debit
441756,00-99,REGIONS BANK,US,visa,debit
441757,00-99,REGIONS BANK,US,visa,debit
441758,00-99,REGIONS BANK,US,visa,debit
441759,00-99,REGIONS BANK,US,visa,debit
441760,00-99,REGIONS BANK,US,visa,debit
441761,00-99,REGIONS BANK,US,visa,debit
441762,00-99,SOUTHERN HERITAGE BANK,US,visa,debit
441763,00-99,POPULAR BANK,US,visa,debit
441764,00-99,UNITED OVERSEAS BANK (MALAYSIA) BHD,MY,visa,credit
441765,00-99,CREDIX WORLD S.A.,CR,visa,credit
441766,00-99,,US,visa,credit
441767,00-99,BEACON CREDIT UNION,US,visa,debit
441768,00-99,PNC FINANCIAL SERVICES GROUP INC.,US,visa,debit
441769,00-99,BANCO PAN S.A.,BR,visa,credit
441770,00-99,KASIKORNBANK PUBLIC COMPANY LTD.,TH,visa,credit
441771,00-99,UNITED BANK,US,visa,debit
441772,00-99,UNITED BANK,US,visa,credit
441773,00-99,NYMEO FEDERAL CREDIT UNION,US,visa,credit
441774,00-99,WASHINGTON TRUST BANK,US,visa,debit
441775,00-99,WASHINGTON TRUST BANK,US,visa,credit
441776,00-99,WESTERN NEBRASKA BANK,US,visa,debit
441777,00-99,WELLS FARGO BANK N.A.,US,visa,debit
441778,00-99,THE BANK OF NOVA SCOTIA (PANAMA BRANCH),PA,visa,credit
441779,00-99,WELLS FARGO BANK NATIONAL ASSOCIATION,US,visa,credit
441780,00-99,MAGNUM SOCIEDADE DE CREDITO DIRETO S.A.,BR,visa,debit
441781,00-99,BANCO BRADESCO S.A.,BR,visa,debit
441782,00-99,BANCO BRADESCO S.A.,BR,visa,debit
441783,00-99,BANCO LLOYDS BANK PLC S.A.,BR,visa,credit
441784,00-99,BANCO PLAZA C.A. BANCO UNIVERSAL,VE,visa,credit
441785,00-99,BANCO PLAZA C.A. BANCO UNIVERSAL,VE,visa,credit
441786,00-99,BANCO PLAZA C.A. BANCO UNIVERSAL,VE,visa,credit
441787,00-99,GREAT LAKES CREDIT UNION INC.,US,visa,debit
441788,00-99,WILSON AND MUIR BANK AND TRUST COMPANY,US,visa,debit
441789,00-99,COLUMBUS BANK AND TRUST COMPANY,US,visa,credit
441790,00-99,,US,visa,credit
441791,00-99,,US,visa,credit
441792,00-99,WRIGHT-PATT CREDIT UNION INC.,US,visa,credit
441793,00-99,WRIGHT-PATT CREDIT UNION INC.,US,visa,debit
441794,00-99,THE BRIDGEWAY FEDERAL CREDIT UNION,US,visa,credit
441795,00-99,MUNICIPAL EMPLOYEES CREDIT UNION OF OKLAHOMA CITY,US,visa,credit
441796,00-99,PATHWARD N.A.,US,visa,debit
441797,00-99,MODERN EMPLOYEES FEDERAL CREDIT UNION,US,visa,debit
441798,00-99,COMMUNITY SHORES BANK,US,visa,credit
441799,00-99,,BM,visa,credit
441800,00-99,FIRST NATIONAL BANK OF OMAHA,US,visa,credit
441801,00-99,FIRST NATIONAL BANK OF OMAHA,US,visa,credit
441802,00-99,FIRST NATIONAL BANK OF OMAHA,US,visa,credit
441803,00-99,,US,visa,debit
441804,00-99,,US,visa,credit
441805,00-99,,US,visa,credit
441806,00-99,,US,visa,credit
441807,00-99,FIDELITY NATIONAL INFORMATION SERVICES INC.,US,visa,debit
441808,00-99,BANCORP BANK,US,visa,debit
441809,00-99,,US,visa,credit
441810,00-99,BANK & TRUST COMPANY,US,visa,debit
441811,00-99,FIRST NATIONAL BANK OF OMAHA,US,visa,credit
441812,00-99,THE BANCORP BANK NATIONAL ASSOCIATION,US,visa,debit
441813,00-99,ACHIEVECARD ISSUED BY BANCORP BANK,US,visa,debit
441814,00-99,THE BANCORP BANK NATIONAL ASSOCIATION,US,visa,debit
441815,00-99,PATHWARD N.A.,US,visa,debit
441816,00-99,,US,visa,credit
441817,00-99,,US,visa,credit
441818,00-99,,US,visa,credit
441819,00-99,,US,visa,debit
441820,00-99,AKIMBO CARD ISSUED BY BANCORP BANK,US,visa,debit
441821,00-99,BANCORP BANK,US,visa,debit
441822,00-99,FIRST NATIONAL BANK OF OMAHA,US,visa,credit
441823,00-99,ICBA BANCARD INC.,US,visa,debit
441824,00-99,BONDUEL STATE BANK,US,visa,debit
441825,00-99,JOHNS HOPKINS FEDERAL CREDIT UNION,US,visa,credit
441826,00-99,HOOSIER HILLS CREDIT UNION,US,visa,credit
441827,00-99,HOOSIER HILLS CREDIT UNION,US,visa,credit
441828,00-99,HOOSIER HILLS CREDIT UNION,US,visa,credit
441829,00-99,CODE CREDIT UNION,US,visa,credit
441830,00-99,FIRST INTERNATIONAL BANK & TRUST,US,visa,credit
441831,00-99,FINANCIAL FEDERAL BANK,US,visa,debit
441832,00-99,FINANCIAL FEDERAL BANK,US,visa,debit
441833,00-99,FIRST NATIONAL BANK OF OMAHA,US,visa,credit
441834,00-99,U.S. BANK N.A.,US,visa,credit
441835,00-99,BANK OF AMERICA NATIONAL ASSOCIATION,US,visa,credit
441836,00-99,FIRST NATIONAL BANK OF OMAHA,US,visa,credit
441837,00-99,FIRST NATIONAL BANK OF OMAHA,US,visa,credit
441838,00-99,CATLIN BANK,US,visa,debit
441839,00-99,FIRST NATIONAL BANK OF OMAHA,US,visa,credit
441840,00-99,FIRST NATIONAL BANK OF OMAHA,US,visa,credit
441841,00-99,FIRST NATIONAL BANK OF OMAHA,US,visa,credit
441842,00-99,THE BANK OF MISSOURI,US,visa,debit
441843,00-99,GUARANTY BANK AND TRUST COMPANY,US,visa,debit
441844,00-99,FIRST NATIONAL BANK OF OMAHA,US,visa,credit
441845,00-99,,US,visa,credit
441846,00-99,1ST FEDERAL SAVINGS BANK OF SC INC.,US,visa,debit
441847,00-99,SILICON VALLEY BANK,US,visa,debit
441848,00-99,HERITAGE BANK,US,visa,debit
441849,00-99,,US,visa,credit
441850,00-99,THE BANCORP BANK NATIONAL ASSOCIATION,US,visa,debit
441851,00-99,CITYWIDE BANKS,US,visa,debit
441852,00-99,MIDFLORIDA CREDIT UNION,US,visa,credit
441853,00-99,FIRST NATIONAL BANK OF OMAHA,US,visa,credit
441854,00-99,FIDELITY INFORMATION SERVICES INC.,US,visa,credit
441855,00-99,FIRST NATIONAL BANK OF OMAHA,US,visa,credit
441856,00-99,BANCORPSOUTH BANK,US,visa,credit
441857,00-99,WELLS FARGO BANK N.A.,US,visa,credit
441858,00-99,ACHIEVECARD ISSUED BY BANCORP BANK,US,visa,debit
441859,00-99,CITIZENS AND FARMERS BANK,US,visa,debit
441860,00-99,CARD SERVICES FOR CREDIT UNIONS,US,visa,credit
441861,00-99,CARD SERVICES FOR CREDIT UNIONS,US,visa,credit
441862,00-99,CARD SERVICES FOR CREDIT UNIONS,US,visa,credit
441863,00-99,TELHIO CREDIT UNION INC,US,visa,credit
441864,00-99,CARD SERVICES FOR CREDIT UNIONS,US,visa,credit
441865,00-99,CARD SERVICES FOR CREDIT UNIONS,US,visa,credit
441866,00-99,CARD SERVICES FOR CREDIT UNIONS,US,visa,credit
441867,00-99,CARD SERVICES FOR CREDIT UNIONS,US,visa,credit
441868,00-99,CARD SERVICES FOR CREDIT UNIONS,US,visa,debit
441869,00-99,CARD SERVICES FOR CREDIT UNIONS,US,visa,credit
441870,00-99,METRO CU FEDERAL CREDIT UNION,US,visa,credit
441871,00-99,CONSOLIDATED FEDERAL CREDIT UNION,US,visa,credit
441872,00-99,ERIE COMMUNITY FEDERAL CREDIT UNION,US,visa,credit
441873,00-99,ADVENTHEALTH CREDIT UNION,US,visa,credit
441874,00-99,ADVENTHEALTH CREDIT UNION,US,visa,credit
441875,00-99,CARD SERVICES FOR CREDIT UNIONS,US,visa,credit
441876,00-99,CARD SERVICES FOR CREDIT UNIONS,US,visa,credit
441877,00-99,OMEGA FEDERAL CREDIT UNION,US,visa,credit
441878,00-99,BRAVERA BANK,US,visa,credit
441879,00-99,CARD SERVICES FOR CREDIT UNIONS,US,visa,credit
441880,00-99,SNOCOPE CREDIT UNION,US,visa,credit
441881,00-99,CARD SERVICES FOR CREDIT UNIONS,US,visa,credit
441882,00-99,SOUTHEAST MICHIGAN STATE EMPLOYEES FEDERAL CREDIT UNION,US,visa,credit
441883,00-99,CARD SERVICES FOR CREDIT UNIONS,US,visa,credit
441884,00-99,FLORIDA WEST COAST CREDIT UNION,US,visa,credit
441885,00-99,,US,visa,credit
441886,00-99,,US,visa,credit
441887,00-99,OHIO CATHOLIC FEDERAL CREDIT UNION,US,visa,credit
441888,00-99,OHIO CATHOLIC FEDERAL CREDIT UNION,US,visa,credit
441889,00-99,CHARTWAY FEDERAL CREDIT UNION,US,visa,debit
441890,00-99,FIRST NATIONAL BANK OF OMAHA,US,visa,credit
441891,00-99,JM ASSOCIATES FEDERAL CREDIT UNION,US,visa,credit
441892,00-99,FNB BANK,US,visa,debit
441893,00-99,FNB BANK,US,visa,debit
441894,00-99,FIRST NATIONAL BANK OF OMAHA,US,visa,credit
441895,00-99,BMO HARRIS BANK N.A.,US,visa,credit
441896,00-99,BANCORP BANK,US,visa,debit
441897,00-99,COMMUNITY CHOICE CREDIT UNION,US,visa,credit
441898,00-99,COMMUNITY CHOICE CREDIT UNION,US,visa,credit
441899,00-99,FIRST NATIONAL BANK OF OMAHA,US,visa,credit
441900,00-99,BANCO DO BRASIL S.A.,BR,visa,credit
441901,00-99,BANK OF WINONA,US,visa,debit
441902,00-99,ICBA BANCARD INC.,US,visa,debit
441903,00-99,ICBA BANCARD INC.,US,visa,debit
441904,00-99,THE FIRST TRUST AND SAVINGS BANK OF WATSEKA ILLINOIS,US,visa,debit
441905,00-99,ICBA BANCARD INC.,US,visa,debit
441906,00-99,MERCHANTS & FARMERS BANK OF GREENE COUNTY ALABAMA,US,visa,debit
441907,00-99,ICBA BANCARD INC.,US,visa,debit
441908,00-99,ICBA BANCARD INC.,US,visa,debit
441909,00-99,,US,visa,credit
441910,00-99,ICBA BANCARD INC.,US,visa,debit
441911,00-99,NEIGHBORHOOD NATIONAL BANK,US,visa,debit
441912,00-99,ICBA BANCARD INC.,US,visa,debit
441913,00-99,COMMUNITY STATE BANK,US,visa,debit
441914,00-99,ICBA BANCARD INC.,US,visa,debit
441915,00-99,ICBA BANCARD INC.,US,visa,debit
441916,00-99,ICBA BANCARD INC.,US,visa,debit
441917,00-99,UMPQUA BANK,US,visa,debit
441918,00-99,ICBA BANCARD INC.,US,visa,debit
441919,00-99,ICBA BANCARD INC.,US,visa,debit
441920,00-99,GERMAN AMERICAN BANK,US,visa,debit
441921,00-99,THE FIRST NATIONAL BANK OF FORT SMITH,US,visa,debit
441922,00-99,PATHWARD N.A.,US,visa,debit
441923,00-99,ICBA BANCARD INC.,US,visa,debit
441924,00-99,MISSION COMMUNITY BANK N.A.,US,visa,debit
441925,00-99,PATRONS BANK NATIONAL ASSOCIATION,US,visa,debit
441926,00-99,ICBA BANCARD INC.,US,visa,debit
441927,00-99,ALDEN STATE BANK,US,visa,debit
441928,00-99,MECHANICS BANK,US,visa,debit
441929,00-99,ICBA BANCARD INC.,US,visa,debit
441930,00-99,ICBA BANCARD INC.,US,visa,debit
441931,00-99,NORTHWOODS BANK OF MINNESOTA,US,visa,debit
441932,00-99,BANKTENNESSEE,US,visa,debit
441933,00-99,ICBA BANCARD INC.,US,visa,debit
441934,00-99,ICBA BANCARD INC.,US,visa,debit
441935,00-99,COMMUNITY FIRST BANK,US,visa,debit
441936,00-99,ICBA BANCARD INC.,US,visa,credit
441937,00-99,BANCO HIPOTECARIO DE EL SALVADOR S.A.,SV,visa,credit
441938,00-99,COMMUNITY WEST BANK,US,visa,debit
441939,00-99,,US,visa,credit
441940,00-99,ICBA BANCARD INC.,US,visa,debit
441941,00-99,ICBA BANCARD INC.,US,visa,debit
441942,00-99,ICBA BANCARD INC.,US,visa,debit
441943,00-99,ICBA BANCARD INC.,US,visa,debit
441944,00-99,CROWN BANK,US,visa,debit
441945,00-99,NONGHYUP BANK,KR,visa,debit
441946,00-99,FIRST NATIONAL BANK,US,visa,debit
441947,00-99,ICBA BANCARD INC.,US,visa,debit
441948,00-99,ICBA BANCARD INC.,US,visa,debit
441949,00-99,MILTON SAVINGS BANK,US,visa,debit
441950,00-99,ICBA BANCARD INC.,US,visa,debit
441951,00-99,CITIZENS BANK OF ADA,US,visa,debit
441952,00-99,ICBA BANCARD INC.,US,visa,debit
441953,00-99,ICBA BANCARD INC.,US,visa,debit
441954,00-99,ICBA BANCARD INC.,US,visa,debit
441955,00-99,FIRST INTERSTATE BANK,US,visa,debit
441956,00-99,ICBA BANCARD INC.,US,visa,debit
441957,00-99,THE BANK,US,visa,debit
441958,00-99,ICBA BANCARD INC.,US,visa,debit
441959,00-99,PRINCETON FEDERAL CREDIT UNION,US,visa,debit
441960,00-99,ICBA BANCARD INC.,US,visa,debit
441961,00-99,SIERRA CENTRAL CREDIT UNION,US,visa,credit
441962,00-99,MUTUAL SECURITY CREDIT UNION INC,US,visa,debit
441963,00-99,NYMEO FEDERAL CREDIT UNION,US,visa,debit
441964,00-99,WASATCH PEAKS FEDERAL CREDIT UNION,US,visa,credit
441965,00-99,UNITED EQUITY CREDIT UNION,US,visa,debit
441966,00-99,RED RIVER EMPLOYEES FEDERAL CREDIT UNION,US,visa,debit
441967,00-99,SPRINGS VALLEY BANK & TRUST COMPANY,US,visa,debit
441968,00-99,ICBA BANCARD INC.,US,visa,debit
441969,00-99,ICBA BANCARD INC.,US,visa,debit
441970,00-99,ICBA BANCARD INC.,US,visa,debit
441971,00-99,KITSAP BANK,US,visa,debit
441972,00-99,ICBA BANCARD INC.,US,visa,debit
441973,00-99,ICBA BANCARD INC.,US,visa,debit
441974,00-99,,US,visa,credit
441975,00-99,LIBERTY NATIONAL BANK,US,visa,debit
441976,00-99,SOONER STATE BANK,US,visa,debit
441977,00-99,PEE DEE FEDERAL SAVINGS BANK,US,visa,debit
441978,00-99,ICBA BANCARD INC.,US,visa,debit
441979,00-99,ICBA BANCARD INC.,US,visa,debit
441980,00-99,,US,visa,credit
441981,00-99,ICBA BANCARD INC.,US,visa,debit
441982,00-99,HOME BANK NATIONAL ASSOCIATION,US,visa,debit
441983,00-99,,US,visa,credit
441984,00-99,WELLS FARGO BANK N.A.,US,visa,debit
441985,00-99,ISABELLA BANK,US,visa,debit
441986,00-99,ICBA BANCARD INC.,US,visa,debit
441987,00-99,ICBA BANCARD INC.,US,visa,debit
441988,00-99,LGE COMMUNITY CREDIT UNION,US,visa,debit
441989,00-99,SECURITY STATE BANK,US,visa,debit
441990,00-99,PACIFIC PREMIER BANK,US,visa,debit
441991,00-99,ICBA BANCARD INC.,US,visa,debit
441992,00-99,ICBA BANCARD INC.,US,visa,debit
441993,00-99,CALIFORNIA BANK & TRUST,US,visa,debit
441994,00-99,THE LYONS NATIONAL BANK,US,visa,debit
441995,00-99,AXIS BANK LTD.,IN,visa,credit
441996,00-99,PINNACLE BANK,US,visa,debit
441997,00-99,THE LYONS NATIONAL BANK,US,visa,debit
441998,00-99,FIRST U.S. COMMUNITY CREDIT UNION,US,visa,credit
441999,00-99,FIRST SENTINEL BANK,US,visa,debit
442000,00-99,,US,visa,debit
442001,00-99,TEXANA BANK NATIONAL ASSOCIATION,US,visa,credit
442002,00-99,TEXANA BANK NATIONAL ASSOCIATION,US,visa,debit
442003,00-99,ONEAZ CREDIT UNION,US,visa,debit
442004,00-99,WASATCH PEAKS FEDERAL CREDIT UNION,US,visa,debit
442005,00-99,SEABOARD FEDERAL CREDIT UNION,US,visa,credit
442006,00-99,SECOND CREDIT COOPERATIVE OF KEELUNG,TW,visa,credit
442007,00-99,GRAND RAPIDS STATE BANK,US,visa,credit
442008,00-99,FIDELITY BANK,US,visa,credit
442009,00-99,SUSQUEHANNA COMMUNITY BANK,US,visa,debit
442010,00-99,SMW FINANCIAL CREDIT UNION,US,visa,debit
442011,00-99,KIRTLAND FEDERAL CREDIT UNION,US,visa,credit
442012,00-99,FISERV SOLUTIONS LLC,US,visa,credit
442013,00-99,COOPERATIVA DE AHORRO Y CREDITO DE LA PEQUENA EMPRESA BIBLIAN LTDA.,EC,visa,debit
442014,00-99,BANCO HIPOTECARIO S.A.,AR,visa,credit
442015,00-99,BANCO HIPOTECARIO S.A.,AR,visa,credit
442016,00-99,BANCO DE DESARROLLO RURAL S.A. BANRURAL,GT,visa,debit
442017,00-99,REPUBLIC BANK (EC) LTD.,VC,visa,debit
442018,00-99,MERIDIAN BANK,US,visa,credit
442019,00-99,BANCO DOMINICANO DEL PROGRESO S.A. - BANCO MULTIPLE,DO,visa,credit
442020,00-99,JPMORGAN CHASE BANK N.A.,US,visa,debit
442021,00-99,JPMORGAN CHASE BANK N.A.,US,visa,debit
442022,00-99,QATAR NATIONAL BANK (Q.P.S.C.),QA,visa,debit
442023,00-99,U.S. BANK N.A.,US,visa,debit
442024,00-99,,US,visa,debit
442025,00-99,FIRST INTERNATIONAL BANK & TRUST,US,visa,credit
442026,00-99,FIRST COMMONWEALTH BANK,US,visa,debit
442027,00-99,UNITUS COMMUNITY CREDIT UNION,US,visa,debit
442028,00-99,UNITUS COMMUNITY CREDIT UNION,US,visa,credit
442029,00-99,BANCORP BANK,US,visa,debit
442030,00-99,STATE BANK & TRUST CO.,US,visa,debit
442031,00-99,BMO HARRIS BANK N.A.,US,visa,debit
442032,00-99,GREEN MOUNTAIN CREDIT UNION,US,visa,debit
442033,00-99,SYNOVUS FINANCIAL CORPORATION,US,visa,debit
442034,00-99,ALPINE BANK,US,visa,debit
442035,00-99,NICOLET NATIONAL BANK,US,visa,debit
442036,00-99,EAST WEST BANK,US,visa,debit
442037,00-99,EAST WEST BANK,US,visa,debit
442038,00-99,,US,visa,credit
442039,00-99,CENTENNIAL BANK,US,visa,debit
442040,00-99,,US,visa,debit
442041,00-99,WELLS FARGO BANK N.A.,US,visa,credit
442042,00-99,LANDMARK CREDIT UNION,US,visa,debit
442043,00-99,MEMBER ONE FEDERAL CREDIT UNION,US,visa,debit
442044,00-99,OLD NATIONAL BANK,US,visa,debit
442045,00-99,BANK OF AMERICA NATIONAL ASSOCIATION,US,visa,credit
442046,00-99,TEAM ONE CREDIT UNION,US,visa,credit
442047,00-99,CENTURY BANK AND TRUST,US,visa,credit
442048,00-99,CHEVRON FEDERAL CREDIT UNION,US,visa,credit
442049,00-99,STATE DEPARTMENT FEDERAL CREDIT UNION,US,visa,credit
442050,00-99,,US,visa,debit
442051,00-99,CROSS RIVER BANK,US,visa,debit
442052,00-99,LOYOLA UNIVERSITY EMPLOYEES FEDERAL CREDIT UNION,US,visa,debit
442053,00-99,OKLAHOMA'S CREDIT UNION,US,visa,debit
442054,00-99,SERVICE CREDIT UNION,US,visa,credit
442055,00-99,SERVICES CREDIT UNION,US,visa,credit
442056,00-99,SERVICE CREDIT UNION,US,visa,credit
442057,00-99,COASTAL COMMUNITY BANK,US,visa,credit
442058,00-99,NEIGHBORS CREDIT UNION,US,visa,credit
442059,00-99,BANCORP BANK,US,visa,debit
442060,00-99,CATHAY BANK,US,visa,debit
442061,00-99,SUNTRUST BANK,US,visa,credit
442062,00-99,THE BANCORP BANK NATIONAL ASSOCIATION,US,visa,debit
442063,00-99,ALATRUST CREDIT UNION,US,visa,debit
442064,00-99,STATE DEPARTMENT FEDERAL CREDIT UNION,US,visa,debit
442065,00-99,HOOSIER HILLS CREDIT UNION,US,visa,credit
442066,00-99,GEORGIA UNITED CREDIT UNION,US,visa,debit
442067,00-99,GEORGIA UNITED CREDIT UNION,US,visa,debit
442068,00-99,GEORGIA UNITED CREDIT UNION,US,visa,debit
442069,00-99,VOYAGE FEDERAL CREDIT UNION,US,visa,debit
442070,00-99,ALPINE BANK,US,visa,credit
442071,00-99,WESTREET FEDERAL CREDIT UNION,US,visa,debit
442072,00-99,NORTHLAND AREA FEDERAL CREDIT UNION,US,visa,credit
442073,00-99,GEORGIA UNITED CREDIT UNION,US,visa,credit
442074,00-99,PICATINNY FEDERAL CREDIT UNION,US,visa,debit
442075,00-99,THE HUNTINGTON NATIONAL BANK,US,visa,credit
442076,00-99,,US,visa,credit
442077,00-99,CITIBANK NATIONAL ASSOCIATION - CONSUMER,US,visa,credit
442078,00-99,,US,visa,debit
442079,00-99,,US,visa,debit
442080,00-99,,US,visa,credit
442081,00-99,,US,visa,credit
442082,00-99,RBC BANK (USA),US,visa,credit
442083,00-99,BANKERS' BANK OF KANSAS,US,visa,credit
442084,00-99,PHEPLE FEDERAL CREDIT UNION,US,visa,debit
442085,00-99,DENVER FIRE DEPARTMENT FEDERAL CREDIT UNION,US,visa,debit
442086,00-99,,US,visa,credit
442087,00-99,CREDIT UNION WEST,US,visa,debit
442088,00-99,SIERRA CENTRAL CREDIT UNION,US,visa,debit
442089,00-99,MID AMERICAN CREDIT UNION,US,visa,debit
442090,00-99,FIRST FEDERAL SAVINGS BANK OF LINCOLNTON,US,visa,credit
442091,00-99,1ST COOPERATIVE FEDERAL CREDIT UNION,US,visa,credit
442092,00-99,DIXIES FEDERAL CREDIT UNION,US,visa,credit
442093,00-99,SOLUTIONS FIRST FEDERAL CREDIT UNION,US,visa,credit
442094,00-99,CITY CREDIT UNION,US,visa,credit
442095,00-99,FICARE FEDERAL CREDIT UNION,US,visa,credit
442096,00-99,,US,visa,credit
442097,00-99,ORNL FEDERAL CREDIT UNION,US,visa,credit
442098,00-99,MUNA FEDERAL CREDIT UNION,US,visa,credit
442099,00-99,YOUR LEGACY FEDERAL CREDIT UNION,US,visa,credit
442100,00-99,JPMORGAN CHASE BANK N.A.,US,visa,credit
442101,00-99,,US,visa,credit
442102,00-99,,US,visa,credit
442103,00-99,,US,visa,credit
442104,00-99,THE GULF BANK K.S.C.,KW,visa,credit
442105,00-99,THE GULF BANK K.S.C.,KW,visa,credit
442106,00-99,YAPI VE KREDI BANKASI A.S.,TR,visa,debit
442107,00-99,STANDARD BANK (MAURITIUS) LTD.,MU,visa,debit
442108,00-99,FBME BANK LTD.,TZ,visa,debit
442109,00-99,EMIRATES ISLAMIC BANK P.J.S.C.,AE,visa,credit
442110,00-99,WELLS FARGO BANK NATIONAL ASSOCIATION,US,visa,credit
442111,00-99,WELLS FARGO BANK NATIONAL ASSOCIATION,US,visa,credit
442112,00-99,EMBARRASS-VERMILION FEDERAL CREDIT UNION,US,visa,credit
442113,00-99,WELLS FARGO BANK NATIONAL ASSOCIATION,US,visa,credit
442114,00-99,ACTORS FEDERAL CREDIT UNION,US,visa,debit
442115,00-99,CELTIC BANK,US,visa,credit
442116,00-99,PATHWARD N.A.,US,visa,debit
442117,00-99,TEXANS CREDIT UNION,US,visa,debit
442118,00-99,TEXANS CREDIT UNION,US,visa,debit
442119,00-99,PATHWARD N.A.,US,visa,debit
442120,00-99,PATHWARD N.A.,US,visa,debit
442121,00-99,PATHWARD N.A.,US,visa,debit
442122,00-99,KOTAK MAHINDRA BANK LTD.,IN,visa,credit
442123,00-99,KOTAK MAHINDRA BANK LTD.,IN,visa,credit
442124,00-99,KOTAK MAHINDRA BANK LTD.,IN,visa,credit
442125,00-99,PATHWARD N.A.,US,visa,debit
442126,00-99,KOTAK MAHINDRA BANK LTD.,IN,visa,credit
442127,00-99,KOTAK MAHINDRA BANK LTD.,IN,visa,credit
442128,00-99,KOTAK MAHINDRA BANK LTD.,IN,visa,credit
442129,00-99,KOTAK MAHINDRA BANK LTD.,IN,visa,credit
442130,00-99,ARAB BANK PLC,BH,visa,credit
442131,00-99,ARAB JORDAN INVESTMENT BANK,JO,visa,credit
442132,00-99,PATHWARD N.A.,US,visa,debit
442133,00-99,PATHWARD N.A.,US,visa,debit
442134,00-99,THREAD BANK,US,visa,credit
442135,00-99,PATHWARD N.A.,US,visa,debit
442136,00-99,HYUNDAI CARD COMPANY LTD.,KR,visa,credit
442137,00-99,PATHWARD N.A.,US,visa,debit
442138,00-99,PATHWARD N.A.,US,visa,debit
442139,00-99,THREAD BANK,US,visa,debit
442140,00-99,THREAD BANK,US,visa,debit
442141,00-99,CREDIT AGRICOLE EGYPT S.A.E.,EG,visa,debit
442142,00-99,HDFC BANK LTD.,IN,visa,credit
442143,00-99,UNITED BANK LTD.,PK,visa,debit
442144,00-99,HDFC BANK LTD.,IN,visa,credit
442145,00-99,HDFC BANK LTD.,IN,visa,credit
442146,00-99,THREAD BANK,US,visa,debit
442147,00-99,THREAD BANK,US,visa,debit
442148,00-99,UMB BANK NATIONAL ASSOCIATION,US,visa,debit
442149,00-99,HDFC BANK LTD.,IN,visa,credit
442150,00-99,STATE EMPLOYEES' CREDIT UNION,US,visa,credit
442151,00-99,ORABANK COTE D'IVOIRE,CI,visa,debit
442152,00-99,STATE EMPLOYEES' CREDIT UNION,US,visa,credit
442153,00-99,HDFC BANK LTD.,IN,visa,credit
442154,00-99,HDFC BANK LTD.,IN,visa,credit
442155,00-99,HDFC BANK LTD.,IN,visa,credit
442156,00-99,HDFC BANK LTD.,IN,visa,credit
442157,00-99,HDFC BANK LTD.,IN,visa,credit
442158,00-99,HDFC BANK LTD.,IN,visa,credit
442159,00-99,METRO PLUS CREDIT UNION,US,visa,credit
442160,00-99,BRITISH CARIBBEAN BANK INTERNATIONAL LTD.,BZ,visa,debit
442161,00-99,BRITISH CARIBBEAN BANK INTERNATIONAL LTD.,BZ,visa,debit
442162,00-99,MBNA LTD.,GB,visa,credit
442163,00-99,EQUITY BANQUE COMMERCIALE DU CONGO SA (EQUITYBCDC),CD,visa,credit
442164,00-99,FIRST ABU DHABI BANK PJSC,AE,visa,credit
442165,00-99,FIRST ABU DHABI BANK PJSC,AE,visa,credit
442166,00-99,FIRST ABU DHABI BANK (PJSC),AE,visa,credit
442167,00-99,CJSC ALFA-BANK,UA,visa,credit
442168,00-99,BANCO BILBAO VIZCAYA ARGENTARIA CHILE,CL,visa,credit
442169,00-99,ABU DHABI ISLAMIC BANK,AE,visa,credit
442170,00-99,ABU DHABI ISLAMIC BANK,AE,visa,credit
442171,00-99,ABU DHABI ISLAMIC BANK,AE,visa,credit
442172,00-99,BARCLAYS BANK PLC,AE,visa,debit
442173,00-99,OJSC CB URALSKY FINANSOVY DOM,RU,visa,debit
442174,00-99,BANCO SANTANDER-CHILE,CL,visa,credit
442175,00-99,,US,visa,credit
442176,00-99,GUARANTY TRUST BANK PLC,NG,visa,debit
442177,00-99,SCOTIABANK INVERLAT S.A.,MX,visa,debit
442178,00-99,MASHREQBANK,AE,visa,credit
442179,00-99,MASHREQ BANK,AE,visa,credit
442180,00-99,MASHREQBANK,AE,visa,credit
442181,00-99,LLOYDS BANK PLC,GB,visa,credit
442182,00-99,,US,visa,credit
442183,00-99,PJSC CITIBANK,UA,visa,credit
442184,00-99,PJSC CITIBANK,UA,visa,credit
442185,00-99,PJSC CITIBANK,UA,visa,credit
442186,00-99,BANCO MACRO S.A.,AR,visa,credit
442187,00-99,OJSC INVESTCAPITALBANK,RU,visa,debit
442188,00-99,JSC INVESTBANK,GE,visa,debit
442189,00-99,JSC INVESTBANK,GE,visa,debit
442190,00-99,ASA BANKA D.D. SARAJEVO,BA,visa,debit
442191,00-99,BANCO GANADERO S.A.,BO,visa,credit
442192,00-99,BANCO MERCANTIL DEL NORTE S.A.. INSTITUCI N DE BANCA M LTIPLE GRUPO FINANCIERO,MX,visa,debit
442193,00-99,STANBIC IBTC BANK LTD.,NG,visa,credit
442194,00-99,,RU,visa,debit
442195,00-99,,RU,visa,debit
442196,00-99,,RU,visa,debit
442197,00-99,,RU,visa,debit
442198,00-99,,RU,visa,credit
442199,00-99,,RU,visa,debit
442200,00-99,WELLS FARGO BANK N.A.,US,visa,credit
442201,00-99,TWIN RIVER BANK,US,visa,debit
442202,00-99,WELLS FARGO BANK N.A.,US,visa,credit
442203,00-99,MOUNTAINCREST CREDIT UNION,US,visa,credit
442204,00-99,C.A.H.P. CREDIT UNION,US,visa,credit
442205,00-99,UNITED BUSINESS BANK,US,visa,debit
442206,00-99,HORIZON CREDIT UNION,US,visa,debit
442207,00-99,FIRST MIDWEST BANK OF THE OZARKS,US,visa,debit
442208,00-99,PANTEX FEDERAL CREDIT UNION,US,visa,debit
442209,00-99,UNITY ONE CREDIT UNION,US,visa,debit
442210,00-99,STRIDE BANK N.A.,US,visa,debit
442211,00-99,STRIDE BANK N.A.,US,visa,debit
442212,00-99,UNION BANK AND TRUST COMPANY,US,visa,debit
442213,00-99,AMERICAS FIRST FEDERAL CREDIT UNION,US,visa,debit
442214,00-99,,US,visa,credit
442215,00-99,BANK OF THE WEST,US,visa,debit
442216,00-99,,US,visa,credit
442217,00-99,ACTORS FEDERAL CREDIT UNION,US,visa,credit
442218,00-99,UNITED LOCAL CREDIT UNION,US,visa,debit
442219,00-99,STRIDE BANK,US,visa,debit
442220,00-99,TEXAS FEDERAL CREDIT UNION,US,visa,debit
442221,00-99,K. C. POLICE CREDIT UNION,US,visa,debit
442222,00-99,CORNING FEDERAL CREDIT UNION,US,visa,credit
442223,00-99,ESSENTIAL CREDIT UNION,US,visa,debit
442224,00-99,,US,visa,credit
442225,00-99,INTERBANK,US,visa,debit
442226,00-99,STRIDE BANK,US,visa,debit
442227,00-99,FIRST NATIONAL BANK OF NORTH ARKANSAS,US,visa,credit
442228,00-99,FIRST NATIONAL BANK OF NORTH ARKANSAS,US,visa,credit
442229,00-99,THE BANK OF BAKER,US,visa,debit
442230,00-99,FIRST INTERSTATE BANK,US,visa,debit
442231,00-99,WILLAMETTE VALLEY BANK,US,visa,debit
442232,00-99,FIRST SECURITY BANK OF DEER LODGE,US,visa,debit
442233,00-99,,AE,visa,credit
442234,00-99,BANK OF AMERICA NATIONAL ASSOCIATION,US,visa,credit
442235,00-99,ON TAP CREDIT UNION,US,visa,credit
442236,00-99,,US,visa,credit
442237,00-99,TSYS ACQUIRING SOLUTIONS,US,visa,credit
442238,00-99,FISERV SOLUTIONS LLC,US,visa,credit
442239,00-99,BANCO HIPOTECARIO DE EL SALVADOR S.A.,SV,visa,credit
442240,00-99,AMERICAN FIRST CREDIT UNION,US,visa,debit
442241,00-99,STRIDE BANK N.A.,US,visa,debit
442242,00-99,MOUNTAIN VALLEY BANK,US,visa,debit
442243,00-99,LIBERIAN BANK FOR DEVELOPMENT & INVESTMENT,LR,visa,debit
442244,00-99,BANKERS' BANK OF THE WEST,US,visa,debit
442245,00-99,U.S. BANK N.A.,US,visa,debit
442246,00-99,BANKERS' BANK OF THE WEST,US,visa,debit
442247,00-99,WELLS FARGO BANK N.A.,US,visa,debit
442248,00-99,WILMINGTON SAVINGS FUND SOCIETY F.S.B.,US,visa,debit
442249,00-99,BANKERS' BANK OF THE WEST,US,visa,debit
442250,00-99,PRIMEBANK,US,visa,credit
442251,00-99,BANKERS' BANK OF THE WEST,US,visa,debit
442252,00-99,,US,visa,credit
442253,00-99,NORTHSTAR BANK N.A.,US,visa,debit
442254,00-99,TUCSON FEDERAL CREDIT UNION,US,visa,debit
442255,00-99,CENTRAL VALLEY FIREFIGHTERS CREDIT UNION,US,visa,debit
442256,00-99,CENTURY BANK A FEDERAL SAVINGS BANK,US,visa,credit
442257,00-99,UNITED POLES FEDERAL CREDIT UNION,US,visa,debit
442258,00-99,FIRST COMMONWEALTH BANK,US,visa,debit
442259,00-99,GEORGIA UNITED CREDIT UNION,US,visa,debit
442260,00-99,TEXANS CREDIT UNION,US,visa,credit
442261,00-99,THE CITIZENS BANK,US,visa,credit
442262,00-99,WHATCOM EDUCATIONAL CREDIT UNION,US,visa,debit
442263,00-99,UMPQUA BANK,US,visa,debit
442264,00-99,IBERIABANK,US,visa,credit
442265,00-99,IBERIABANK,US,visa,credit
442266,00-99,THE NATIONAL BANK OF INDIANAPOLIS,US,visa,debit
442267,00-99,VENEZOLANO DE CREDITO S.A. BANCO UNIVERSAL,VE,visa,debit
442268,00-99,POSTAL FAMILY CREDIT UNION,US,visa,credit
442269,00-99,CARD SERVICES FOR CREDIT UNIONS,US,visa,debit
442270,00-99,THE FARMERS STATE BANK AND TRUST COMPANY,US,visa,debit
442271,00-99,,US,visa,credit
442272,00-99,NORTHERN SKY BANK,US,visa,debit
442273,00-99,,US,visa,debit
442274,00-99,BANCO HIPOTECARIO DE EL SALVADOR S.A.,SV,visa,debit
442275,00-99,NORTHERN COMMUNITIES CREDIT UNION,US,visa,debit
442276,00-99,JACKSON FEDERAL SAVINGS AND LOAN ASSOCIATION,US,visa,debit
442277,00-99,UNITED BAY COMMUNITY CREDIT UNION,US,visa,credit
442278,00-99,,US,visa,debit
442279,00-99,,US,visa,debit
442280,00-99,SECURITY STATE BANK AND TRUST,US,visa,debit
442281,00-99,THE GIFFORD STATE BANK,US,visa,debit
442282,00-99,CITIZENS STATE BANK NORWOOD YOUNG AMERICA,US,visa,debit
442283,00-99,BANKORION,US,visa,debit
442284,00-99,,US,visa,debit
442285,00-99,CITIZENS STATE BANK,US,visa,debit
442286,00-99,,US,visa,credit
442287,00-99,,US,visa,debit
442288,00-99,BANCO BOLIVARIANO C.A.,EC,visa,credit
442289,00-99,BANCO BOLIVARIANO C.A.,EC,visa,credit
442290,00-99,BANCO BOLIVARIANO C.A.,EC,visa,credit
442291,00-99,BANK 1ST,US,visa,debit
442292,00-99,NEIGHBORHOOD NATIONAL BANK,US,visa,debit
442293,00-99,,US,visa,debit
442294,00-99,STATE BANK,US,visa,debit
442295,00-99,UNION STATE BANK,US,visa,debit
442296,00-99,CBW BANK,US,visa,debit
442297,00-99,HERITAGE BANK,US,visa,debit
442298,00-99,ROLLING HILLS BANK & TRUST,US,visa,debit
442299,00-99,SOUTH METRO FEDERAL CREDIT UNION,US,visa,debit
442300,00-99,SYNCHRONY BANK,US,visa,debit
442301,00-99,THE PARK NATIONAL BANK,US,visa,debit
442302,00-99,TCM BANK NATIONAL ASSOCIATION,US,visa,credit
442303,00-99,TCM BANK NATIONAL ASSOCIATION,US,visa,credit
442304,00-99,VIBE CREDIT UNION,US,visa,credit
442305,00-99,THE PARK BANK,US,visa,debit
442306,00-99,TIDEMARK FEDERAL CREDIT UNION,US,visa,debit
442307,00-99,FOX COMMUNITIES CREDIT UNION,US,visa,debit
442308,00-99,ICICI BANK LTD.,IN,visa,debit
442309,00-99,TIDEMARK FEDERAL CREDIT UNION,US,visa,debit
442310,00-99,BANKIOWA OF CEDAR RAPIDS,US,visa,debit
442311,00-99,PEGASUS BANK,US,visa,debit
442312,00-99,INDUSTRIAL AND COMMERCIAL BANK OF CHINA (ARGENTINA) S.A.,AR,visa,credit
442313,00-99,PURDUE FEDERAL CREDIT UNION,US,visa,credit
442314,00-99,HANG SENG BANK LTD.,HK,visa,credit
442315,00-99,HANG SENG BANK LTD.,HK,visa,credit
442316,00-99,ACTORS FEDERAL CREDIT UNION,US,visa,credit
442317,00-99,NATIONAL BANK OF GREECE S.A.,GR,visa,debit
442318,00-99,MIAMI UNIVERSITY COMMUNITY FEDERAL CREDIT UNION,US,visa,credit
442319,00-99,PARTNERS 1ST FEDERAL CREDIT UNION,US,visa,debit
442320,00-99,FARMERS & MERCHANTS BANK,US,visa,debit
442321,00-99,BANCO INMOBILIARIO S.A.,GT,visa,credit
442322,00-99,BANCO INMOBILIARIO S.A.,GT,visa,credit
442323,00-99,BANCO INMOBILIARIO S.A.,GT,visa,credit
442324,00-99,THE MERCHANTS NATIONAL BANK,US,visa,debit
442325,00-99,INDIANA MEMBERS CREDIT UNION,US,visa,credit
442326,00-99,COMMUNITY FIRST CREDIT UNION,US,visa,debit
442327,00-99,CITIZENS BANK N.A.,US,visa,debit
442328,00-99,SILICON VALLEY BANK,US,visa,credit
442329,00-99,WELLS FARGO BANK N.A.,US,visa,debit
442330,00-99,ONE DETROIT CREDIT UNION,US,visa,credit
442331,00-99,ONE DETROIT CREDIT UNION,US,visa,credit
442332,00-99,BASE INTERCHANGE SYSTEM ASSOCIATION PUERTO RICO LEAGUE INC.,PR,visa,credit
442333,00-99,ONE DETROIT CREDIT UNION,US,visa,credit
442334,00-99,CLARKSON BANK,US,visa,debit
442335,00-99,MARION STATE BANK,US,visa,debit
442336,00-99,COMMERCE STATE BANK,US,visa,debit
442337,00-99,BANK OF SUNSET AND TRUST COMPANY,US,visa,debit
442338,00-99,IDAHO FIRST BANK,US,visa,debit
442339,00-99,PREVAIL BANK,US,visa,debit
442340,00-99,PURDUE FEDERAL CREDIT UNION,US,visa,credit
442341,00-99,METRO FEDERAL CREDIT UNION,US,visa,debit
442342,00-99,HONG KONG AND SHANGHAI BANKING CORP. LTD.,CN,visa,credit
442343,00-99,HONG KONG AND SHANGHAI BANKING CORP. LTD.,SG,visa,credit
442344,00-99,UAB STANHOPE FINANCIAL,SE,visa,debit
442345,00-99,TANDEM FEDERAL CREDIT UNION,US,visa,credit
442346,00-99,FORT FINANCIAL FEDERAL CREDIT UNION,US,visa,debit
442347,00-99,RAYMOND JAMES BANK,US,visa,debit
442348,00-99,,US,visa,credit
442349,00-99,CLASSIC BANK N.A.,US,visa,debit
442350,00-99,FIRST MERCHANTS BANK,US,visa,debit
442351,00-99,FIRST NATIONAL BANK OF OMAHA,US,visa,credit
442352,00-99,DBS BANK (TAIWAN) LTD.,TW,visa,credit
442353,00-99,ABN AMRO BANK N.V.,TW,visa,credit
442354,00-99,ABN AMRO BANK N.V.,TW,visa,credit
442355,00-99,DBS BANK (TAIWAN) LTD.,TW,visa,credit
442356,00-99,,US,visa,credit
442357,00-99,BANCO INDUSTRIAL EL SALVADOR S.A.,SV,visa,debit
442358,00-99,BANCO INDUSTRIAL EL SALVADOR S.A.,SV,visa,debit
442359,00-99,BANCO ATLANTIDA EL SALVADOR S.A.,SV,visa,debit
442360,00-99,AMERICAN BANK,US,visa,debit
442361,00-99,LYNNVILLE NATIONAL BANK,US,visa,debit
442362,00-99,MADISON COUNTY FEDERAL CREDIT UNION,US,visa,debit
442363,00-99,BANCORP BANK,US,visa,credit
442364,00-99,FIRST COMMERCIAL BANK,TW,visa,credit
442365,00-99,NIUM LTD.,HK,visa,credit
442366,00-99,PENFED C.U,US,visa,credit
442367,00-99,FIRST COMMONWEALTH FEDERAL CREDIT UNION,US,visa,credit
442368,00-99,FIRST TRUST CREDIT UNION,US,visa,debit
442369,00-99,BAXTER CREDIT UNION,US,visa,credit
442370,00-99,BANK OF HERRIN,US,visa,debit
442371,00-99,BANCO GGAL S.A.,AR,visa,debit
442372,00-99,BANCO DE CORRIENTES S.A.,AR,visa,debit
442373,00-99,PT. BANK MAYBANK INDONESIA TBK.,ID,visa,credit
442374,00-99,PT. BANK MAYBANK INDONESIA TBK.,ID,visa,credit
442375,00-99,FORWARD BANK,US,visa,debit
442376,00-99,BANK OF AMERICA NATIONAL ASSOCIATION,US,visa,credit
442377,00-99,U.S. BANK NATIONAL ASSOCIATION,US,visa,debit
442378,00-99,HDFC BANK LTD.,IN,visa,debit
442379,00-99,,US,visa,credit
442380,00-99,,US,visa,debit
442381,00-99,CHONG HING BANK LTD.,HK,visa,credit
442382,00-99,CHONG HING BANK LTD.,HK,visa,credit
442383,00-99,CCB BRASIL,BR,visa,credit
442384,00-99,BANCO COMERCIAL DO ATLANTICO S.A.,CV,visa,debit
442385,00-99,BANCO COMERCIAL DO ATLANTICO S.A.,CV,visa,credit
442386,00-99,BANCO COMERCIAL DO ATLANTICO S.A.,CV,visa,credit
442387,00-99,BANCO COMERCIAL DO ATLANTICO S.A.,CV,visa,credit
442388,00-99,,US,visa,credit
442389,00-99,,US,visa,credit
442390,00-99,RABOBANK,US,visa,credit
442391,00-99,ALLEGIUS FEDERAL CREDIT UNION,US,visa,debit
442392,00-99,CROSSROADS BANK,US,visa,debit
442393,00-99,FEDERATED BANK,US,visa,credit
442394,00-99,STANDARD CHARTERED BANK (HONG KONG) LTD.,HK,visa,credit
442395,00-99,QNB BANK A.S,TR,visa,credit
442396,00-99,RBC BANK (GEORGIA) N.A.,US,visa,debit
442397,00-99,,US,visa,credit
442398,00-99,INDIANA STATE UNIVERSITY FEDERAL CREDIT UNION,US,visa,debit
442399,00-99,,US,visa,debit
442400,00-99,FIRST NATIONAL BANK OF OMAHA,US,visa,credit
442401,00-99,CREATION FINANCIAL SERVICES LTD.,GB,visa,credit
442402,00-99,CREATION FINANCIAL SERVICES LTD.,GB,visa,credit
442403,00-99,ECOBANK UGANDA LTD.,UG,visa,debit
442404,00-99,ZIONS FIRST NATIONAL BANK,US,visa,credit
442405,00-99,FIRST MUTUAL BANK,US,visa,debit
442406,00-99,INTL HDQTRS-CENTER OWNED,UA,visa,debit
442407,00-99,FIFTH THIRD BANK,US,visa,credit
442408,00-99,FIFTH THIRD BANK,US,visa,debit
442409,00-99,ALPHA FINANZAS S.A.S.,DO,visa,debit
442410,00-99,TANGERINE BANK,CA,visa,debit
442411,00-99,YES BANK LTD.,IN,visa,debit
442412,00-99,OXYGEN GLOBAL PTY LTD.,AU,visa,debit
442413,00-99,DFCC BANK PLC,LK,visa,debit
442414,00-99,CITIBANK BERHAD,MY,visa,debit
442415,00-99,VIETNAM - RUSSIA JOINT VENTURE BANK,VN,visa,debit
442416,00-99,VIETNAM - RUSSIA JOINT VENTURE BANK,VN,visa,debit
442417,00-99,ANZ BANK NEW ZEALAND,NZ,visa,credit
442418,00-99,HERITAGE BANK - A DIVISION OF HERITAGE PEOPLE'S CHOICE LTD.,AU,visa,debit
442419,00-99,STANDARD CHARTERED BANK,IN,visa,debit
442420,00-99,STANDARD CHARTERED BANK,IN,visa,debit
442421,00-99,QATAR NATIONAL BANK,QA,visa,credit
442422,00-99,QATAR NATIONAL BANK,QA,visa,credit
442423,00-99,,HK,visa,credit
442424,00-99,KASIKORNBANK PUBLIC CO. LTD.,TH,visa,debit
442425,00-99,,US,visa,credit
442426,00-99,,US,visa,credit
442427,00-99,STANDARD CHARTERED BANK (TAIWAN) LTD.,TW,visa,credit
442428,00-99,,US,visa,credit
442429,00-99,QATAR NATIONAL BANK (Q.P.S.C.),QA,visa,credit
442430,00-99,DBS BANK LTD.,SG,visa,debit
442431,00-99,,IN,visa,debit
442432,00-99,SOCIETE TUNISIENNE DE BANQUE,TN,visa,debit
442433,00-99,BH BANK,TN,visa,debit
442434,00-99,UNITED BANK FOR AFRICA - GUINEE SA,GN,visa,debit
442435,00-99,BANQUE CENTRALE POPULAIRE,MA,visa,debit
442436,00-99,BANQUE CENTRALE POPULAIRE,MA,visa,debit
442437,00-99,DEVELOPMENT CREDIT BANK LTD.,IN,visa,credit
442438,00-99,,US,visa,credit
442439,00-99,,US,visa,credit
442440,00-99,NEPAL SBI BANK LTD.,NP,visa,debit
442441,00-99,AFRICA AND GULF BANK,SD,visa,debit
442442,00-99,PAN ASIA BANKING CORPORATION PLC,LK,visa,debit
442443,00-99,,US,visa,credit
442444,00-99,,US,visa,credit
442445,00-99,ABU DHABI ISLAMIC BANK,AE,visa,debit
442446,00-99,THE GULF BANK K.S.C.,KW,visa,credit
442447,00-99,NEXI PAYMENTS S.P.A.,IT,visa,credit
442448,00-99,BNP PARIBAS ANTILLES-GUYANE,FR,visa,debit
442449,00-99,BNP PARIBAS NOUVELLE CALEDONIE,FR,visa,credit
442450,00-99,BNP PARIBAS NOUVELLE CALEDONIE,FR,visa,debit
442451,00-99,BNP PARIBAS REUNION,FR,visa,credit
442452,00-99,BNP PARIBAS REUNION,FR,visa,debit
442453,00-99,BNP PARIBAS,FR,visa,credit
442454,00-99,BNP PARIBAS,FR,visa,debit
442455,00-99,BNP PARIBAS,FR,visa,credit
442456,00-99,BNP PARIBAS,FR,visa,debit
442457,00-99,BNP PARIBAS ANTILLES-GUYANE,FR,visa,credit
442458,00-99,,US,visa,credit
442459,00-99,,US,visa,credit
442460,00-99,BANCO NACIONAL DE GUINEA ECUATORIAL,GQ,visa,debit
442461,00-99,KENYA POST OFFICE SAVINGS BANK,KE,visa,debit
442462,00-99,,GB,visa,credit
442463,00-99,D360 BANK,SA,visa,debit
442464,00-99,BEREKE BANK JSC,KZ,visa,debit
442465,00-99,,GB,visa,credit
442466,00-99,PUBLIC JOINT STOCK COMPANY BANK URALSIB,RU,visa,credit
442467,00-99,,US,visa,credit
442468,00-99,PKO BANK POLSKI S.A.,PL,visa,credit
442469,00-99,PKO BANK POLSKI S.A.,PL,visa,credit
442470,00-99,BANK MILLENNIUM SPOLKA AKCYJNA,PL,visa,debit
442471,00-99,,US,visa,credit
442472,00-99,,US,visa,credit
442473,00-99,FIRST ABU DHABI BANK (PJSC),AE,visa,credit
442474,00-99,,US,visa,credit
442475,00-99,,US,visa,credit
442476,00-99,BANK KURGAN,RU,visa,credit
442477,00-99,BEREKE BANK JSC,KZ,visa,debit
442478,00-99,BEREKE BANK JSC,KZ,visa,debit
442479,00-99,BEREKE BANK JSC,KZ,visa,debit
442480,00-99,BOK FINANCIAL,US,visa,debit
442481,00-99,FIRST STATE BANK NEBRASKA,US,visa,debit
442482,00-99,BOK FINANCIAL,US,visa,debit
442483,00-99,BOK FINANCIAL,US,visa,debit
442484,00-99,BOK FINANCIAL,US,visa,debit
442485,00-99,BOK FINANCIAL,US,visa,debit
442486,00-99,BOK FINANCIAL,US,visa,debit
442487,00-99,BOK FINANCIAL,US,visa,debit
442488,00-99,BOK FINANCIAL,US,visa,debit
442489,00-99,BOK FINANCIAL,US,visa,debit
442490,00-99,BOK FINANCIAL,US,visa,debit
442491,00-99,BOK FINANCIAL,US,visa,debit
442492,00-99,BOK FINANCIAL,US,visa,debit
442493,00-99,BOK FINANCIAL,US,visa,debit
442494,00-99,GREAT PLAINS NATIONAL BANK,US,visa,debit
442495,00-99,BOK FINANCIAL,US,visa,debit
442496,00-99,BOK FINANCIAL,US,visa,debit
442497,00-99,FIRST COMMUNITY BANK OF CENTRAL ALABAMA,US,visa,debit
442498,00-99,BOK FINANCIAL,US,visa,debit
442499,00-99,BOK FINANCIAL,US,visa,debit
442500,00-99,MIDCOAST FEDERAL CREDIT UNION,US,visa,credit
442501,00-99,ANG FEDERAL CREDIT UNION,US,visa,credit
442502,00-99,SAN ANTONIO CITIZENS FEDERAL CREDIT UNION,US,visa,credit
442503,00-99,SIGNATURE BANK,US,visa,debit
442504,00-99,COPPER STATE CREDIT UNION,US,visa,debit
442505,00-99,TRUIST BANK - CREDIT,US,visa,credit
442506,00-99,TRUIST BANK - CREDIT,US,visa,credit
442507,00-99,TRUIST BANK - CREDIT,US,visa,credit
442508,00-99,BUTTE COMMUNITY FEDERAL CREDIT UNION,US,visa,credit
442509,00-99,BUTTE COMMUNITY FEDERAL CREDIT UNION,US,visa,debit
442510,00-99,COMMUNITY FEDERAL SAVINGS BANK,US,visa,credit
442511,00-99,TAIPEI FUBON COMMERCIAL BANK CO. LTD.,TW,visa,credit
442512,00-99,UNIVERSITY NATIONAL BANK,US,visa,debit
442513,00-99,SKYONE FEDERAL CREDIT UNION,US,visa,credit
442514,00-99,FIDELITY NATIONAL BANK,US,visa,debit
442515,00-99,UNION BANK N.A.,US,visa,debit
442516,00-99,FIDELITY NATIONAL BANK,US,visa,debit
442517,00-99,C.U. 1,US,visa,debit
442518,00-99,WELLS FARGO BANK NATIONAL ASSOCIATION,US,visa,credit
442519,00-99,LLANO NATIONAL BANK,US,visa,debit
442520,00-99,FIRST NATIONAL BANK IN SIOUX FALLS,US,visa,debit
442521,00-99,CAPITOL FEDERAL SAVINGS BANK,US,visa,debit
442522,00-99,FIRST CLASS AMERICAN CREDIT UNION,US,visa,debit
442523,00-99,MEMBERSALLIANCE CREDIT UNION,US,visa,credit
442524,00-99,,US,visa,credit
442525,00-99,SAFE CREDIT UNION,US,visa,credit
442526,00-99,PROSPERITY BANK,US,visa,credit
442527,00-99,FIRST REPUBLIC BANK,US,visa,debit
442528,00-99,BANK OF AMERICA NATIONAL ASSOCIATION,US,visa,credit
442529,00-99,LOUISIANA FEDERAL CREDIT UNION,US,visa,credit
442530,00-99,,US,visa,credit
442531,00-99,,US,visa,credit
442532,00-99,PEOPLE FIRST FEDERAL CREDIT UNION,US,visa,credit
442533,00-99,CORNER EUROPE AG,LI,visa,credit
442534,00-99,CORNER EUROPE AG,LI,visa,credit
442535,00-99,CORNER EUROPE AG,LI,visa,credit
442536,00-99,CORNER EUROPE AG,LI,visa,credit
442537,00-99,CORNER EUROPE AG,LI,visa,credit
442538,00-99,CORNER EUROPE AG,LI,visa,credit
442539,00-99,CORNER EUROPE AG,LI,visa,credit
442540,00-99,CORNER EUROPE AG,LI,visa,credit
442541,00-99,CORNER EUROPE AG,LI,visa,credit
442542,00-99,CORNER EUROPE AG,LI,visa,credit
442543,00-99,CORNER EUROPE AG,LI,visa,credit
442544,00-99,CORNER EUROPE AG,LI,visa,credit
442545,00-99,CORNER EUROPE AG,LI,visa,credit
442546,00-99,CORNER EUROPE AG,LI,visa,credit
442547,00-99,CORNER EUROPE AG,LI,visa,credit
442548,00-99,BANCO DE GALICIA Y BUENOS AIRES S.A.,AR,visa,debit
442549,00-99,SCOTIABANK COLPATRIA S.A,CO,visa,credit
442550,00-99,SPRING VALLEY CITY BANK,US,visa,debit
442551,00-99,WELLS FARGO BANK N.A.,US,visa,credit
442552,00-99,WELLS FARGO BANK N.A.,US,visa,debit
442553,00-99,WELLS FARGO BANK N.A.,US,visa,debit
442554,00-99,CITIZENS BANK NATIONAL ASSOCIATION,US,visa,debit
442555,00-99,WEYCO COMMUNITY CREDIT UNION,US,visa,debit
442556,00-99,WELLS FARGO BANK N.A.,US,visa,debit
442557,00-99,UNITED COMMUNITY FEDERAL CREDIT UNION,US,visa,debit
442558,00-99,WELLS FARGO BANK N.A.,US,visa,debit
442559,00-99,WELLS FARGO BANK N.A.,US,visa,debit
442560,00-99,WELLS FARGO BANK N.A.,US,visa,debit
442561,00-99,WELLS FARGO BANK N.A.,US,visa,debit
442562,00-99,YAKIMA FEDERAL SAVINGS AND LOAN ASSOCIATION,US,visa,debit
442563,00-99,FAMILY FIRST CREDIT UNION,US,visa,debit
442564,00-99,,US,visa,credit
442565,00-99,WELLS FARGO BANK N.A.,US,visa,debit
442566,00-99,WELLS FARGO BANK N.A.,US,visa,debit
442567,00-99,SELFRELIANCE FEDERAL CREDIT UNION,US,visa,debit
442568,00-99,TEXAS FIRST BANK,US,visa,debit
442569,00-99,LADYSMITH FEDERAL SAVINGS AND LOAN ASSOCIATION,US,visa,debit
442570,00-99,CORNER EUROPE AG,LI,visa,credit
442571,00-99,PJSP AGRARIAN COMMERCIAL BANK,UA,visa,debit
442572,00-99,,US,visa,credit
442573,00-99,SAFE CREDIT UNION,US,visa,credit
442574,00-99,ARROWHEAD CREDIT UNION,US,visa,debit
442575,00-99,WELLS FARGO BANK N.A.,US,visa,debit
442576,00-99,OAKSTAR BANK,US,visa,debit
442577,00-99,OAKSTAR BANK,US,visa,debit
442578,00-99,OAKSTAR BANK,US,visa,debit
442579,00-99,OAKSTAR BANK,US,visa,debit
442580,00-99,OAKSTAR BANK,US,visa,debit
442581,00-99,BOK FINANCIAL,US,visa,debit
442582,00-99,BOK FINANCIAL,US,visa,debit
442583,00-99,BOK FINANCIAL,US,visa,debit
442584,00-99,MABREY BANK,US,visa,debit
442585,00-99,,US,visa,credit
442586,00-99,U.A.L.U 354 FEDERAL CREDIT UNION,US,visa,debit
442587,00-99,DISTRICT 08 FEDERAL CREDIT UNION,US,visa,debit
442588,00-99,CARD SERVICES FOR CREDIT UNIONS,US,visa,debit
442589,00-99,MARKET USA FEDERAL CREDIT UNION,US,visa,debit
442590,00-99,WESBANCO BANK INC.,US,visa,debit
442591,00-99,SRP FEDERAL CREDIT UNION,US,visa,debit
442592,00-99,COMMUNITY RESOURCE FEDERAL CREDIT UNION,US,visa,debit
442593,00-99,CARD SERVICES FOR CREDIT UNIONS,US,visa,debit
442594,00-99,CARD SERVICES FOR CREDIT UNIONS,US,visa,credit
442595,00-99,FIRST TRUST CREDIT UNION,US,visa,debit
442596,00-99,CIBANCO S.A.,MX,visa,debit
442597,00-99,,US,visa,debit
442598,00-99,ALCON EMPLOYEES FEDERAL CREDIT UNION,US,visa,debit
442599,00-99,BANCO SANTANDER S.A.,ES,visa,credit
442600,00-99,NEWTEK BANK NATIONAL ASSOCIATION,US,visa,debit
442601,00-99,WIREX LTD.,GB,visa,debit
442602,00-99,BANCO CUSCATLAN DE EL SALVADOR S.A.,SV,visa,debit
442603,00-99,CITIBANK,GB,visa,debit
442604,00-99,HOMETOWN FEDERAL CREDIT UNION,US,visa,credit
442605,00-99,COOPERATIVA SERRANA LTDA.,PY,visa,credit
442606,00-99,VISA EUROPE LTD.,FR,visa,debit
442607,00-99,WELLS FARGO BANK N.A.,US,visa,debit
442608,00-99,WELLS FARGO BANK N.A.,US,visa,debit
442609,00-99,,US,visa,debit
442610,00-99,UNITED EMPLOYEES CREDIT UNION,US,visa,debit
442611,00-99,ALL AMERICA BANK,US,visa,debit
442612,00-99,ALL AMERICA BANK,US,visa,debit
442613,00-99,WELLS FARGO BANK N.A.,US,visa,debit
442614,00-99,WELLS FARGO BANK N.A.,US,visa,debit
442615,00-99,WELLS FARGO BANK N.A.,US,visa,debit
442616,00-99,WELLS FARGO BANK N.A.,US,visa,debit
442617,00-99,,US,visa,credit
442618,00-99,COMMUNITY BANK,US,visa,debit
442619,00-99,,US,visa,credit
442620,00-99,,US,visa,credit
442621,00-99,BANK OF AMERICA NATIONAL ASSOCIATION,US,visa,debit
442622,00-99,BANK OF AMERICA NATIONAL ASSOCIATION,US,visa,debit
442623,00-99,BANK OF AMERICA NATIONAL ASSOCIATION,US,visa,debit
442624,00-99,BANK OF AMERICA NATIONAL ASSOCIATION,US,visa,debit
442625,00-99,BANK OF AMERICA NATIONAL ASSOCIATION,US,visa,debit
442626,00-99,BANK OF AMERICA NATIONAL ASSOCIATION,US,visa,debit
442627,00-99,BANK OF AMERICA NATIONAL ASSOCIATION,US,visa,debit
442628,00-99,BANK OF AMERICA NATIONAL ASSOCIATION,US,visa,debit
442629,00-99,BANK OF AMERICA NATIONAL ASSOCIATION,US,visa,credit
442630,00-99,COLUMBIA BANK,US,visa,debit
442631,00-99,ZIONS FIRST NATIONAL BANK,US,visa,credit
442632,00-99,ZIONS FIRST NATIONAL BANK,US,visa,credit
442633,00-99,ZIONS FIRST NATIONAL BANK,US,visa,credit
442634,00-99,,US,visa,credit
442635,00-99,,US,visa,credit
442636,00-99,PINNACLE BANK,US,visa,credit
442637,00-99,STIFEL BANK & TRUST,US,visa,debit
442638,00-99,COLUMBIA BANK,US,visa,debit
442639,00-99,FIRST NATIONAL BANK IN SIOUX FALLS,US,visa,debit
442640,00-99,FIRST NATIONAL BANK IN SIOUX FALLS,US,visa,debit
442641,00-99,FIRST NATIONAL BANK IN SIOUX FALLS,US,visa,debit
442642,00-99,BLUESTONE FEDERAL CREDIT UNION,US,visa,debit
442643,00-99,LEVO FEDERAL CREDIT UNION,US,visa,debit
442644,00-99,WELLS FARGO BANK NATIONAL ASSOCIATION,US,visa,credit
442645,00-99,NEWCASTLE GREATER MUTUAL GROUP LTD.,AU,visa,credit
442646,00-99,,US,visa,credit
442647,00-99,VERITY CREDIT UNION,US,visa,credit
442648,00-99,ADVANTIS CREDIT UNION,US,visa,debit
442649,00-99,PEGASUS BANK,US,visa,credit
442650,00-99,FOX COMMUNITIES CREDIT UNION,US,visa,credit
442651,00-99,PROVIDENT CREDIT UNION,US,visa,debit
442652,00-99,ICICI BANK LTD.,IN,visa,debit
442653,00-99,ICICI BANK LTD.,IN,visa,debit
442654,00-99,ICICI BANK LTD.,IN,visa,debit
442655,00-99,FOX COMMUNITIES CREDIT UNION,US,visa,debit
442656,00-99,NORTHERN TRUST COMPANY,US,visa,debit
442657,00-99,BANK OF AMERICA NATIONAL ASSOCIATION,US,visa,debit
442658,00-99,BANK OF AMERICA NATIONAL ASSOCIATION,US,visa,debit
442659,00-99,NORTH CASCADES NATIONAL BANK,US,visa,debit
442660,00-99,SAMSUNG CARD CO. LTD,KR,visa,credit
442661,00-99,HERITAGE BANK OF COMMERCE,US,visa,debit
442662,00-99,WELLS FARGO BANK N.A.,US,visa,debit
442663,00-99,PIONEER FEDERAL CREDIT UNION,US,visa,debit
442664,00-99,BANKINTER S.A.,PT,visa,credit
442665,00-99,FORRIT CREDIT UNION,US,visa,debit
442666,00-99,ICBA BANCARD INC.,US,visa,debit
442667,00-99,UMPQUA BANK,US,visa,debit
442668,00-99,ICBA BANCARD INC.,US,visa,debit
442669,00-99,THE BANK NATIONAL ASSOCIATION,US,visa,debit
442670,00-99,SERVICE CREDIT UNION,US,visa,debit
442671,00-99,TURKIYE VAKIFLAR BANKASI T.A.O.,TR,visa,debit
442672,00-99,UNITED BANKERS' BANK,US,visa,credit
442673,00-99,UNITED BANKERS' BANK,US,visa,credit
442674,00-99,FIRST FEDERAL SAVINGS AND LOAN ASSOCIATION OF MCMINNVILLE,US,visa,debit
442675,00-99,MEMBERS 1ST CREDIT UNION,US,visa,credit
442676,00-99,THE FIRST NATIONAL BANK AND TRUST,US,visa,credit
442677,00-99,GRAND RAPIDS STATE BANK,US,visa,debit
442678,00-99,ALTABANK,US,visa,debit
442679,00-99,SCOTIABANK CHILE,CL,visa,credit
442680,00-99,BEEHIVE FEDERAL CREDIT UNION,US,visa,debit
442681,00-99,COASTLINE FEDERAL CREDIT UNION,US,visa,debit
442682,00-99,ROYAL BANK,US,visa,debit
442683,00-99,ROYAL BANK,US,visa,debit
442684,00-99,FIRST HAWAIIAN BANK,US,visa,credit
442685,00-99,,US,visa,credit
442686,00-99,,US,visa,credit
442687,00-99,,US,visa,credit
442688,00-99,ZIONS BANCORPORATION NATIONAL ASSOCIATION,US,visa,credit
442689,00-99,TOPSIDE FEDERAL CREDIT UNION,US,visa,credit
442690,00-99,MEMBERS 1ST CREDIT UNION,US,visa,credit
442691,00-99,MEMBERS 1ST CREDIT UNION,US,visa,debit
442692,00-99,UMPQUA BANK,US,visa,credit
442693,00-99,UMPQUA BANK,US,visa,credit
442694,00-99,GLENDALE AREA SCHOOLS CREDIT UNION,US,visa,credit
442695,00-99,GLENDALE AREA SCHOOLS CREDIT UNION,US,visa,debit
442696,00-99,,US,visa,debit
442697,00-99,VERIDIAN CREDIT UNION,US,visa,credit
442698,00-99,CREDIT UNION 1,US,visa,credit
442699,00-99,CREDIT UNION 1,US,visa,credit
442700,00-99,,US,visa,debit
442701,00-99,MERRICK BANK,US,visa,credit
442702,00-99,PINNACLE BANK,US,visa,credit
442703,00-99,CARD SERVICES FOR CREDIT UNIONS,US,visa,credit
442704,00-99,WELLS FARGO BANK N.A.,US,visa,debit
442705,00-99,TOPSIDE FEDERAL CREDIT UNION,US,visa,credit
442706,00-99,BANK OF AMERICA - CONSUMER CREDIT,US,visa,credit
442707,00-99,JPMORGAN CHASE BANK N.A. - DEBIT,US,visa,debit
442708,00-99,JPMORGAN CHASE BANK N.A.,US,visa,debit
442709,00-99,JPMORGAN CHASE BANK N.A. - DEBIT,US,visa,debit
442710,00-99,BANK OF AMERICA - CONSUMER CREDIT,US,visa,credit
442711,00-99,BANK OF AMERICA - CONSUMER CREDIT,US,visa,credit
442712,00-99,BANK OF AMERICA NATIONAL ASSOCIATION,US,visa,credit
442713,00-99,BRAC BANK PLC,BD,visa,debit
442714,00-99,HOME SAVINGS AND LOAN COMPANY,US,visa,debit
442715,00-99,QUOIN FINANCIAL BANK,US,visa,debit
442716,00-99,CAPITALBANK,US,visa,debit
442717,00-99,FIRST NATIONAL BANK AND TRUST COMPANY,US,visa,debit
442718,00-99,NESC FEDERAL CREDIT UNION,US,visa,debit
442719,00-99,HILLS BANK AND TRUST COMPANY,US,visa,debit
442720,00-99,BIVERBANCA - CASSA DI RISPARMIO DI BIELLA E VERCELLI S.P.A.,IT,visa,debit
442721,00-99,BANK OF AMERICA NATIONAL ASSOCIATION,US,visa,debit
442722,00-99,CORTRUST BANK,US,visa,credit
442723,00-99,PACIFIC PREMIER BANK,US,visa,debit
442724,00-99,THE MONTICELLO BANKING COMPANY,US,visa,debit
442725,00-99,BANTERRA BANK,US,visa,credit
442726,00-99,OHIO VALLEY COMMUNITY CREDIT UNION,US,visa,debit
442727,00-99,BRANCH BANKING AND TRUST COMPANY,US,visa,debit
442728,00-99,WELLS FARGO BANK N.A.,US,visa,debit
442729,00-99,CHINA CITIC BANK,CN,visa,debit
442730,00-99,CHINA CITIC BANK,CN,visa,debit
442731,00-99,ILLINOIS EDUCATORS CREDIT UNION,US,visa,credit
442732,00-99,JPMORGAN CHASE BANK N.A. - DEBIT,US,visa,debit
442733,00-99,CITIBANK N.A.,US,visa,credit
442734,00-99,U.S.I. FEDERAL CREDIT UNION,US,visa,debit
442735,00-99,ENERGY PLUS CREDIT UNION,US,visa,debit
442736,00-99,CATHOLIC & COMMUNITY CREDIT UNION,US,visa,debit
442737,00-99,MERCER SAVINGS BANK,US,visa,debit
442738,00-99,COMMUNITY FINANCIAL CREDIT UNION,US,visa,credit
442739,00-99,,PH,visa,credit
442740,00-99,SERVICE CREDIT UNION,US,visa,debit
442741,00-99,KNOXVILLE TVA EMPLOYEES CREDIT UNION,US,visa,debit
442742,00-99,JPMORGAN CHASE BANK N.A. - DEBIT,US,visa,debit
442743,00-99,BANK OF AMERICA NATIONAL ASSOCIATION,US,visa,debit
442744,00-99,BANK OF AMERICA NATIONAL ASSOCIATION,US,visa,debit
442745,00-99,THE PADUCAH BANK AND TRUST COMPANY,US,visa,debit
442746,00-99,WESTERN ALLIANCE BANK,US,visa,debit
442747,00-99,LION FEDERAL CREDIT UNION,US,visa,debit
442748,00-99,,US,visa,credit
442749,00-99,,US,visa,credit
442750,00-99,CHINA CONSTRUCTION BANK (MACAU) CORP. LTD.,MO,visa,debit
442751,00-99,ZA BANK LTD.,HK,visa,debit
442752,00-99,LUMINOR BANK AS,LV,visa,debit
442753,00-99,PATRONS BANK NATIONAL ASSOCIATION,US,visa,debit
442754,00-99,AFFINITY FEDERAL CREDIT UNION,US,visa,credit
442755,00-99,JPMORGAN CHASE BANK N.A. - DEBIT,US,visa,debit
442756,00-99,JPMORGAN CHASE BANK N.A. - DEBIT,US,visa,debit
442757,00-99,FUNERAL SERVICE CREDIT UNION,US,visa,debit
442758,00-99,,US,visa,credit
442759,00-99,NORTHWEST BANK,US,visa,credit
442760,00-99,WESTERN ALLIANCE BANK,US,visa,debit
442761,00-99,COASTLINE FEDERAL CREDIT UNION,US,visa,debit
442762,00-99,ALLIANCE BANK OF ARIZONA,US,visa,debit
442763,00-99,WESTERN ALLIANCE BANK,US,visa,debit
442764,00-99,CENCAP FEDERAL CREDIT UNION,US,visa,credit
442765,00-99,BANK OF AMERICA NATIONAL ASSOCIATION,US,visa,credit
442766,00-99,FIFTH THIRD BANK,US,visa,credit
442767,00-99,FIFTH THIRD BANK,US,visa,credit
442768,00-99,ICICI BANK LTD.,IN,visa,debit
442769,00-99,VIBE CREDIT UNION,US,visa,credit
442770,00-99,THE STATE BANK AND TRUST COMPANY,US,visa,debit
442771,00-99,SUTTON BANK,US,visa,credit
442772,00-99,SKYLA FEDERAL CREDIT UNION,US,visa,debit
442773,00-99,VANTAGE WEST CREDIT UNION,US,visa,credit
442774,00-99,VANTAGE WEST CREDIT UNION,US,visa,debit
442775,00-99,BBVA ARGENTINA,AR,visa,credit
442776,00-99,BEACON CREDIT UNION,US,visa,debit
442777,00-99,BANK OF AMERICA NATIONAL ASSOCIATION,US,US,visa
442778,00-99,NORTHWEST BANK,US,visa,credit
442779,00-99,NORTHWEST BANK,US,visa,credit
442780,00-99,INTL HDQTRS-CENTER OWNED,US,visa,credit
442781,00-99,DESCO FEDERAL CREDIT UNION,US,visa,credit
442782,00-99,ADVENTURE CREDIT UNION,US,visa,credit
442783,00-99,DBS BANK INDIA LTD.,IN,visa,credit
442784,00-99,BADGER GLOBE CREDIT UNION,US,visa,credit
442785,00-99,MEMBERS CREDIT UNION,US,visa,credit
442786,00-99,TOWN BANK,US,visa,debit
442787,00-99,CITIZENS BANK NATIONAL ASSOCIATION,US,visa,debit
442788,00-99,CITIZENS BANK NATIONAL ASSOCIATION,US,visa,debit
442789,00-99,CITIZENS BANK NATIONAL ASSOCIATION,US,visa,debit
442790,00-99,CITIZENS BANK NATIONAL ASSOCIATION,US,visa,debit
442791,00-99,CITIZENS BANK NATIONAL ASSOCIATION,US,visa,debit
442792,00-99,CITIZENS BANK NATIONAL ASSOCIATION,US,visa,debit
442793,00-99,CITIZENS BANK NATIONAL ASSOCIATION,US,visa,debit
442794,00-99,CITIZENS BANK NATIONAL ASSOCIATION,US,visa,debit
442795,00-99,CITIZENS BANK NATIONAL ASSOCIATION,US,visa,debit
442796,00-99,CITIZENS BANK NATIONAL ASSOCIATION,US,visa,debit
442797,00-99,CITIZENS BANK NATIONAL ASSOCIATION,US,visa,debit
442798,00-99,CITIZENS BANK N.A.,US,visa,debit
442799,00-99,,US,visa,debit
442800,00-99,JPMORGAN CHASE BANK N.A.,US,visa,credit
442801,00-99,FIRST FEDERAL BANK OF OHIO,US,visa,credit
442802,00-99,JPMORGAN CHASE BANK N.A.,US,visa,credit
442803,00-99,WELLS FARGO BANK N.A.,US,visa,credit
442804,00-99,BRADESCO BAC FLORIDA INVESTMENTS CORP.,US,visa,credit
442805,00-99,CARD SERVICES FOR CREDIT UNIONS,US,visa,credit
442806,00-99,BOEING EMPLOYEES CREDIT UNION,US,visa,credit
442807,00-99,JPMORGAN CHASE BANK N.A.,US,visa,credit
442808,00-99,WELLS FARGO BANK N.A.,US,visa,credit
442809,00-99,CAYUGA LAKE NATIONAL BANK,US,visa,credit
442810,00-99,CAYUGA LAKE NATIONAL BANK,US,visa,credit
442811,00-99,KEYBANK N.A.,US,visa,credit
442812,00-99,BANK OF AMERICA NATIONAL ASSOCIATION,US,visa,debit
442813,00-99,CITIBANK NATIONAL ASSOCIATION - CONSUMER,US,visa,credit
442814,00-99,PNC FINANCIAL SERVICES GROUP INC.,US,visa,credit
442815,00-99,PNC FINANCIAL SERVICES GROUP INC.,US,visa,credit
442816,00-99,BANK OF AMERICA NATIONAL ASSOCIATION,US,visa,debit
442817,00-99,FIRSTBANK,US,visa,debit
442818,00-99,BANK OF AMERICA NATIONAL ASSOCIATION,US,visa,credit
442819,00-99,JPMORGAN CHASE BANK N.A.,US,visa,credit
442820,00-99,BANK OF AMERICA NATIONAL ASSOCIATION,US,visa,credit
442821,00-99,PNC FINANCIAL SERVICES GROUP INC.,US,visa,debit
442822,00-99,FIRST ABU DHABI BANK (PJSC),AE,visa,debit
442823,00-99,JPMORGAN CHASE BANK N.A.,US,visa,credit
442824,00-99,STATE BANK OF SOUTHERN UTAH,US,visa,credit
442825,00-99,UNIVERSITY OF VIRGINIA COMMUNITY CREDIT UNION INC.,US,visa,credit
442826,00-99,JPMORGAN CHASE BANK N.A.,US,visa,credit
442827,00-99,U.S. BANK NATIONAL ASSOCIATION-CREDIT,US,visa,credit
442828,00-99,U.S. BANK NATIONAL ASSOCIATION-CREDIT,US,visa,debit
442829,00-99,WESTERN NEBRASKA BANK,US,visa,debit
442830,00-99,FIRST COMMUNITY CREDIT UNION,US,visa,credit
442831,00-99,U.S. BANK N.A.,US,visa,credit
442832,00-99,FIRST COMMUNITY CREDIT UNION,US,visa,credit
442833,00-99,CROSS BANK,US,visa,debit
442834,00-99,CHICAGO PATROLMEN'S FEDERAL CREDIT UNION,US,visa,credit
442835,00-99,WILDFIRE CREDIT UNION,US,visa,credit
442836,00-99,U.S. BANK N.A.,US,visa,credit
442837,00-99,JPMORGAN CHASE BANK N.A.,US,visa,credit
442838,00-99,FIRST COMMUNITY BANK,US,visa,credit
442839,00-99,JPMORGAN CHASE BANK N.A.,US,visa,credit
442840,00-99,,US,visa,credit
442841,00-99,CENTRAL BANK & TRUST CO.,US,visa,credit
442842,00-99,INTEGRITY FEDERAL CREDIT UNION,US,visa,credit
442843,00-99,PLAINS COMMERCE BANK,US,visa,credit
442844,00-99,PEOPLE'S UNITED BANK,US,visa,credit
442845,00-99,BANCO HIPOTECARIO DE EL SALVADOR S.A.,SV,visa,credit
442846,00-99,U.S. BANK N.A.,US,visa,credit
442847,00-99,JPMORGAN CHASE BANK N.A.,US,visa,credit
442848,00-99,JPMORGAN CHASE BANK N.A.,US,visa,credit
442849,00-99,,US,visa,credit
442850,00-99,SANDIA AREA FEDERAL CREDIT UNION,US,visa,credit
442851,00-99,FIRST COMMUNITY CREDIT UNION,US,visa,credit
442852,00-99,KEYBANK N.A.,US,visa,debit
442853,00-99,HERITAGE BANK,US,visa,debit
442854,00-99,U.S. BANK N.A.,US,visa,credit
442855,00-99,SANDIA AREA FEDERAL CREDIT UNION,US,visa,credit
442856,00-99,JPMORGAN CHASE BANK N.A.,US,visa,credit
442857,00-99,BOEING EMPLOYEES CREDIT UNION,US,visa,credit
442858,00-99,BRADESCO BAC FLORIDA INVESTMENTS CORP.,US,visa,credit
442859,00-99,REDWOOD CAPITAL BANK,US,visa,debit
442860,00-99,ARVEST BANK,US,visa,credit
442861,00-99,ARVEST BANK,US,visa,credit
442862,00-99,BANK OF AMERICA NATIONAL ASSOCIATION,US,visa,credit
442863,00-99,PNC FINANCIAL SERVICES GROUP INC.,US,visa,debit
442864,00-99,FIRST FINANCIAL BANK,US,visa,debit
442865,00-99,CASCADE BANK,US,visa,debit
442866,00-99,TRUMARK FINANCIAL CREDIT UNION,US,visa,credit
442867,00-99,JPMORGAN CHASE BANK N.A.,US,visa,credit
442868,00-99,BOEING EMPLOYEES CREDIT UNION,US,visa,credit
442869,00-99,BANK OF AMERICA NATIONAL ASSOCIATION,US,visa,credit
442870,00-99,BANK OF AMERICA - CONSUMER CREDIT,US,visa,credit
442871,00-99,U.S. BANK N.A.,US,visa,credit
442872,00-99,VCB,US,visa,debit
442873,00-99,B1BANK,US,visa,debit
442874,00-99,CAPITAL ONE NATIONAL ASSOCIATION,US,visa,credit
442875,00-99,BOEING EMPLOYEES CREDIT UNION,US,visa,credit
442876,00-99,CODE CREDIT UNION,US,visa,credit
442877,00-99,TRUSTCO BANK,US,visa,credit
442878,00-99,BOEING EMPLOYEES CREDIT UNION,US,visa,credit
442879,00-99,U.S. BANK NATIONAL ASSOCIATION-CREDIT,US,visa,credit
442880,00-99,UNION YES FEDERAL CREDIT UNION,US,visa,credit
442881,00-99,BAR HARBOR BANK AND TRUST,US,visa,credit
442882,00-99,BANKERS' BANK,US,visa,credit
442883,00-99,AMERICAN BANK NATIONAL ASSOCIATION,US,visa,debit
442884,00-99,DACOTAH BANK,US,visa,credit
442885,00-99,BOEING EMPLOYEES CREDIT UNION,US,visa,credit
442886,00-99,CES CREDIT UNION INC.,US,visa,credit
442887,00-99,BANK OF AMERICA - CONSUMER CREDIT,US,visa,credit
442888,00-99,APPLIED BANK,US,visa,credit
442889,00-99,MACHIAS SAVINGS BANK,US,visa,credit
442890,00-99,CAMDEN NATIONAL BANK,US,visa,credit
442891,00-99,ROYAL BANK,US,visa,debit
442892,00-99,,US,visa,credit
442893,00-99,U.S. BANK N.A.,US,visa,credit
442894,00-99,MERRICK BANK,US,visa,credit
442895,00-99,FIRST NATIONAL BANKERS BANK,US,visa,credit
442896,00-99,CITIZENS BANK N.A.,US,visa,credit
442897,00-99,TEACHERS CREDIT UNION,US,visa,credit
442898,00-99,BANK OF AMERICA NATIONAL ASSOCIATION,US,visa,credit
442899,00-99,INCREDIBLEBANK,US,visa,debit
442900,00-99,FOUNDERS FEDERAL CREDIT UNION,US,visa,credit
442901,00-99,CARD SERVICES FOR CREDIT UNIONS,US,visa,debit
442902,00-99,CARD SERVICES FOR CREDIT UNIONS,US,visa,credit
442903,00-99,RADIUS FEDERAL CREDIT UNION,US,visa,credit
442904,00-99,CARD SERVICES FOR CREDIT UNIONS,US,visa,debit
442905,00-99,,US,visa,credit
442906,00-99,CLARK COUNTY CREDIT UNION,US,visa,credit
442907,00-99,CENTRA CREDIT UNION,US,visa,credit
442908,00-99,TECH CREDIT UNION,US,visa,credit
442909,00-99,CARD SERVICES FOR CREDIT UNIONS,US,visa,credit
442910,00-99,CITIZENS BANK,US,visa,debit
442911,00-99,CARD SERVICES FOR CREDIT UNIONS,US,visa,credit
442912,00-99,MIDWEST AMERICA FEDERAL CREDIT UNION,US,visa,debit
442913,00-99,PAWTUCKET CREDIT UNION,US,visa,credit
442914,00-99,,US,visa,debit
442915,00-99,C.U. ONE,US,visa,credit
442916,00-99,HAWAII COMMUNITY FEDERAL CREDIT UNION,US,visa,debit
442917,00-99,LOUDOUN CREDIT UNION,US,visa,debit
442918,00-99,BARAGA COUNTY FEDERAL CREDIT UNION,US,visa,credit
442919,00-99,RIVERSIDE COMMUNITY FEDERAL CREDIT UNION,US,visa,credit
442920,00-99,CARD SERVICES FOR CREDIT UNIONS,US,visa,debit
442921,00-99,CARD SERVICES FOR CREDIT UNIONS,US,visa,credit
442922,00-99,ACADEMIC FEDERAL CREDIT UNION,US,visa,debit
442923,00-99,MERHO FEDERAL CREDIT UNION,US,visa,debit
442924,00-99,CARD SERVICES FOR CREDIT UNIONS,US,visa,debit
442925,00-99,FRICK FINANCIAL FEDERAL CREDIT UNION,US,visa,debit
442926,00-99,CARD SERVICES FOR CREDIT UNIONS,US,visa,debit
442927,00-99,CARD SERVICES FOR CREDIT UNIONS,US,visa,debit
442928,00-99,USX FEDERAL CREDIT UNION,US,visa,debit
442929,00-99,ORLANDO FEDERAL CREDIT UNION,US,visa,credit
442930,00-99,CARD SERVICES FOR CREDIT UNIONS,US,visa,credit
442931,00-99,LAKESIDE CREDIT UNION,US,visa,debit
442932,00-99,ALPINE CREDIT UNION,US,visa,debit
442933,00-99,BANK OF AMERICA NATIONAL ASSOCIATION,US,visa,credit
442934,00-99,CARD SERVICES FOR CREDIT UNIONS,US,visa,credit
442935,00-99,MUTUAL FIRST FEDERAL CREDIT UNION,US,visa,debit
442936,00-99,FIRST NATIONAL BANK OF OMAHA,US,visa,credit
442937,00-99,SUNY FREDONIA FEDERAL CREDIT UNION,US,visa,debit
442938,00-99,UTILITIES EMPLOYEES CREDIT UNION,US,visa,credit
442939,00-99,FIRST COMMUNITY CREDIT UNION,US,visa,debit
442940,00-99,NORTH DISTRICTS COMMUNITY CREDIT UNION,US,visa,credit
442941,00-99,ORLANDO CREDIT UNION,US,visa,debit
442942,00-99,AVADIAN CREDIT UNION,US,visa,credit
442943,00-99,THRIVE FEDERAL CREDIT UNION,US,visa,credit
442944,00-99,LIBERTY SAVINGS FEDERAL CREDIT UNION,US,visa,credit
442945,00-99,WAVE FEDERAL CREDIT UNION,US,visa,credit
442946,00-99,STALEY CREDIT UNION,US,visa,credit
442947,00-99,CARD SERVICES FOR CREDIT UNIONS,US,visa,credit
442948,00-99,CARD SERVICES FOR CREDIT UNIONS,US,visa,debit
442949,00-99,TOWN OF CHEEKTOWAGA FEDERAL CREDIT UNION,US,visa,credit
442950,00-99,CARD SERVICES FOR CREDIT UNIONS,US,visa,debit
442951,00-99,UHS EMPLOYEES FEDERAL CREDIT UNION,US,visa,debit
442952,00-99,RELIANT COMMUNITY FEDERAL CREDIT UNION,US,visa,credit
442953,00-99,CARD SERVICES FOR CREDIT UNIONS,US,visa,debit
442954,00-99,1ST ED CREDIT UNION,US,visa,debit
442955,00-99,CARD SERVICES FOR CREDIT UNIONS,US,visa,debit
442956,00-99,CREDIT UNION CARD SERVICES INC.,US,visa,credit
442957,00-99,HORIZON FEDERAL CREDIT UNION,US,visa,credit
442958,00-99,CAROLINAS TELCO FEDERAL CREDIT UNION,US,visa,debit
442959,00-99,JACK DANIEL EMPLOYEES CREDIT UNION,US,visa,credit
442960,00-99,GREENFIELD BANKING COMPANY,US,visa,debit
442961,00-99,CARD SERVICES FOR CREDIT UNIONS,US,visa,credit
442962,00-99,THE BRIDGEWAY FEDERAL CREDIT UNION,US,visa,credit
442963,00-99,CANANDAIGUA FEDERAL CREDIT UNION,US,visa,credit
442964,00-99,MAZUMA CREDIT UNION,US,visa,debit
442965,00-99,CF BANK NATIONAL ASSOCIATION,US,visa,debit
442966,00-99,ADVANTAGE FEDERAL CREDIT UNION,US,visa,debit
442967,00-99,CARD SERVICES FOR CREDIT UNIONS,US,visa,debit
442968,00-99,CARD SERVICES FOR CREDIT UNIONS,US,visa,debit
442969,00-99,NUVISION FEDERAL CREDIT UNION,US,visa,debit
442970,00-99,THE FARMERS BANK,US,visa,debit
442971,00-99,HUDSON RIVER COMMUNITY CREDIT UNION,US,visa,debit
442972,00-99,CLEVELAND BRADLEY COUNTY TEACHERS FEDERAL CREDIT UNION,US,visa,credit
442973,00-99,HANSCOM FEDERAL CREDIT UNION,US,visa,credit
442974,00-99,CHENEY FEDERAL CREDIT UNION,US,visa,credit
442975,00-99,CARD SERVICES FOR CREDIT UNIONS,US,visa,credit
442976,00-99,CARD SERVICES FOR CREDIT UNIONS,US,visa,credit
442977,00-99,CARD SERVICES FOR CREDIT UNIONS,US,visa,credit
442978,00-99,GEORGIA'S OWN CREDIT UNION,US,visa,credit
442979,00-99,CARD SERVICES FOR CREDIT UNIONS,US,visa,credit
442980,00-99,MAGNOLIA FEDERAL CREDIT UNION,US,visa,debit
442981,00-99,CARD SERVICES FOR CREDIT UNIONS,US,visa,debit
442982,00-99,GIBSLAND BANK & TRUST COMPANY,US,visa,debit
442983,00-99,CARD SERVICES FOR CREDIT UNIONS,US,visa,debit
442984,00-99,AMERICA FIRST CREDIT UNION,US,visa,debit
442985,00-99,WELLS FARGO BANK N.A.,US,visa,debit
442986,00-99,WOODMEN FEDERAL CREDIT UNION,US,visa,debit
442987,00-99,CARD SERVICES FOR CREDIT UNIONS,US,visa,credit
442988,00-99,CLEARWATER CREDIT UNION,US,visa,debit
442989,00-99,DELTA COMMUNITY CREDIT UNION,US,visa,credit
442990,00-99,FREEDOM FEDERAL CREDIT UNION,US,visa,debit
442991,00-99,CARD SERVICES FOR CREDIT UNIONS,US,visa,debit
442992,00-99,DAKOTALAND FEDERAL CREDIT UNION,US,visa,credit
442993,00-99,CARD SERVICES FOR CREDIT UNIONS,US,visa,credit
442994,00-99,NEIGHBORS UNITED FEDERAL CREDIT UNION,US,visa,credit
442995,00-99,PINE FEDERAL CREDIT UNION,US,visa,credit
442996,00-99,PORT CONNEAUT FEDERAL CREDIT UNION,US,visa,credit
442997,00-99,CARD SERVICES FOR CREDIT UNIONS,US,visa,credit
442998,00-99,CARD SERVICES FOR CREDIT UNIONS,US,visa,credit
442999,00-99,CARD SERVICES FOR CREDIT UNIONS,US,visa,credit
443000,00-99,FIVE STAR BANK,US,visa,debit
443001,00-99,COAST CENTRAL CREDIT UNION,US,visa,debit
443002,00-99,EMPRISE BANK,US,visa,debit
443003,00-99,MICHIGAN STATE UNIVERSITY FEDERAL CREDIT UNION,US,visa,debit
443004,00-99,SPACE COAST CREDIT UNION,US,visa,credit
443005,00-99,U.S. BANK N.A.,US,visa,credit
443006,00-99,DAY AIR CREDIT UNION INC.,US,visa,credit
443007,00-99,MUNICIPAL CREDIT UNION,US,visa,debit
443008,00-99,PNC FINANCIAL SERVICES GROUP INC.,US,visa,credit
443009,00-99,BANK OF AMERICA NATIONAL ASSOCIATION,US,visa,credit
443010,00-99,PNC FINANCIAL SERVICES GROUP INC.,US,visa,credit
443011,00-99,THE GOLDEN 1 CREDIT UNION,US,visa,credit
443012,00-99,MEMBERS CREDIT UNION,US,visa,credit
443013,00-99,CAYUGA LAKE NATIONAL BANK,US,visa,credit
443014,00-99,STAR BANK N.A.,US,visa,credit
443015,00-99,PROPONENT FEDERAL CREDIT UNION,US,visa,credit
443016,00-99,WELLBY FINANCIAL,US,visa,debit
443017,00-99,FIRST MIDWEST BANK,US,visa,debit
443018,00-99,PEOPLES STATE BANK,US,visa,debit
443019,00-99,SUMMIT COMMUNITY BANK,US,visa,credit
443020,00-99,NORTH SIDE BANK AND TRUST COMPANY,US,visa,credit
443021,00-99,MARQUETTE NATIONAL BANK,US,visa,debit
443022,00-99,42 NORTH PRIVATE BANK,US,visa,debit
443023,00-99,ICICI BANK LTD.,IN,visa,debit
443024,00-99,MAINE SOLUTIONS FEDERAL CREDIT UNION,US,visa,debit
443025,00-99,WILMINGTON SAVINGS FUND SOCIETY FSB,US,visa,credit
443026,00-99,SKYLA FEDERAL CREDIT UNION,US,visa,debit
443027,00-99,GEORGIA UNITED CREDIT UNION,US,visa,debit
443028,00-99,HSBC BANK PLC,GB,visa,debit
443029,00-99,VANTAGE WEST CREDIT UNION,US,visa,debit
443030,00-99,SUTTON BANK,US,visa,debit
443031,00-99,ILLIANA FINANCIAL CREDIT UNION,US,visa,debit
443032,00-99,NAVY FEDERAL CREDIT UNION,US,visa,credit
443033,00-99,PNC FINANCIAL SERVICES GROUP INC.,US,visa,credit
443034,00-99,PNC FINANCIAL SERVICES GROUP INC.,US,visa,credit
443035,00-99,SPACE COAST CREDIT UNION,US,visa,credit
443036,00-99,U.S. BANK N.A.,US,visa,credit
443037,00-99,U.S. BANK NATIONAL ASSOCIATION-CREDIT,US,visa,credit
443038,00-99,PNC FINANCIAL SERVICES GROUP INC.,US,visa,credit
443039,00-99,,US,visa,debit
443040,00-99,PNC BANK NATIONAL ASSOCIATION,US,visa,debit
443041,00-99,PNC BANK NATIONAL ASSOCIATION,US,visa,debit
443042,00-99,PNC BANK NATIONAL ASSOCIATION,US,visa,debit
443043,00-99,PNC BANK NATIONAL ASSOCIATION,US,visa,debit
443044,00-99,PNC BANK NATIONAL ASSOCIATION,US,visa,debit
443045,00-99,PNC BANK NATIONAL ASSOCIATION,US,visa,debit
443046,00-99,PNC BANK NATIONAL ASSOCIATION,US,visa,debit
443047,00-99,PNC BANK NATIONAL ASSOCIATION,US,visa,debit
443048,00-99,PNC BANK NATIONAL ASSOCIATION,US,visa,debit
443049,00-99,PNC BANK NATIONAL ASSOCIATION,US,visa,debit
443050,00-99,PNC BANK NATIONAL ASSOCIATION,US,visa,debit
443051,00-99,PNC BANK NATIONAL ASSOCIATION,US,visa,debit
443052,00-99,PNC FINANCIAL SERVICES GROUP INC.,US,visa,debit
443053,00-99,REPUBLIC BANK & TRUST COMPANY,US,visa,debit
443054,00-99,BUFFALO FEDERAL BANK,US,visa,debit
443055,00-99,PNC FINANCIAL SERVICES GROUP INC.,US,visa,debit
443056,00-99,PNC FINANCIAL SERVICES GROUP INC.,US,visa,credit
443057,00-99,PNC BANK NATIONAL ASSOCIATION,US,visa,debit
443058,00-99,STAR ONE CREDIT UNION,US,visa,credit
443059,00-99,STAR ONE CREDIT UNION,US,visa,credit
443060,00-99,PNC BANK NATIONAL ASSOCIATION,US,visa,debit
443061,00-99,PNC BANK NATIONAL ASSOCIATION,US,visa,debit
443062,00-99,PNC BANK NATIONAL ASSOCIATION,US,visa,debit
443063,00-99,PNC BANK NATIONAL ASSOCIATION,US,visa,debit
443064,00-99,PNC BANK NATIONAL ASSOCIATION,US,visa,debit
443065,00-99,PNC BANK NATIONAL ASSOCIATION,US,visa,debit
443066,00-99,PNC BANK NATIONAL ASSOCIATION,US,visa,debit
443067,00-99,PNC BANK NATIONAL ASSOCIATION,US,visa,debit
443068,00-99,PNC BANK NATIONAL ASSOCIATION,US,visa,debit
443069,00-99,PNC BANK NATIONAL ASSOCIATION,US,visa,debit
443070,00-99,PNC BANK NATIONAL ASSOCIATION,US,visa,debit
443071,00-99,PNC BANK NATIONAL ASSOCIATION,US,visa,debit
443072,00-99,PNC BANK NATIONAL ASSOCIATION,US,visa,debit
443073,00-99,PNC FINANCIAL SERVICES GROUP INC.,US,visa,debit
443074,00-99,EL CREDITO HIPOTECARIO NACIONAL DE GUATEMALA,GT,visa,debit
443075,00-99,,NI,visa,debit
443076,00-99,BANCO NACIONAL DE FOMENTO,PY,visa,credit
443077,00-99,BANCO NACIONAL DE FOMENTO,PY,visa,debit
443078,00-99,BANCO NACIONAL DE FOMENTO,PY,visa,debit
443079,00-99,ASOCIACION POPULAR DE AHORROS Y PRESTAMOS,DO,visa,debit
443080,00-99,BANCO NACIONAL DE BOLIVIA S.A.,BO,visa,credit
443081,00-99,BAR HARBOR BANK AND TRUST,US,visa,debit
443082,00-99,HANA CARD,KR,visa,debit
443083,00-99,NEPAL DEVELOPMENT BANK LTD.,NP,visa,credit
443084,00-99,HUME BUILDING SOCIETY,AU,visa,debit
443085,00-99,U.S. BANK NATIONAL ASSOCIATION,CA,visa,credit
443086,00-99,PEOPLES BANK,US,visa,credit
443087,00-99,BANK OF AMERICA - CONSUMER CREDIT,US,visa,credit
443088,00-99,PEOPLE'S UNITED BANK,US,visa,debit
443089,00-99,BANK OF MALDIVES PLC,MV,visa,credit
443090,00-99,NORTH SIDE BANK AND TRUST COMPANY,US,visa,credit
443091,00-99,PNC FINANCIAL SERVICES GROUP INC.,US,visa,credit
443092,00-99,SECURITY SERVICE FEDERAL CREDIT UNION,US,visa,debit
443093,00-99,EVANSVILLE TEACHERS FEDERAL CREDIT UNION,US,visa,debit
443094,00-99,PNC FINANCIAL SERVICES GROUP INC.,US,visa,debit
443095,00-99,KENTBANK,US,visa,debit
443096,00-99,KANE COUNTY TEACHERS CREDIT UNION,US,visa,credit
443097,00-99,FRANKLIN SAVINGS BANK,US,visa,debit
443098,00-99,MOBILITY CREDIT UNION,US,visa,credit
443099,00-99,LASALLE BANK N.A.,US,visa,credit
443100,00-99,TRAVIS CREDIT UNION,US,visa,credit
443101,00-99,TRAVIS CREDIT UNION,US,visa,credit
443102,00-99,TIAA BANK,US,visa,debit
443103,00-99,SMBC TRUST BANK LTD.,JP,visa,debit
443104,00-99,COMMUNITY BANKS OF COLORADO,US,visa,debit
443105,00-99,BANK OF AMERICA NATIONAL ASSOCIATION,US,visa,credit
443106,00-99,BANK OF AMERICA NATIONAL ASSOCIATION,US,visa,credit
443107,00-99,LOWER COLUMBIA LONGSHOREMEN'S FEDERAL CREDIT UNION,US,visa,debit
443108,00-99,BANK OF AMERICA NATIONAL ASSOCIATION,US,visa,credit
443109,00-99,TIAA BANK,US,visa,debit
443110,00-99,VANTAGE WEST CREDIT UNION,US,visa,debit
443111,00-99,EVOLVE BANK & TRUST,US,visa,debit
443112,00-99,COASTHILLS FEDERAL CREDIT UNION,US,visa,debit
443113,00-99,UNIFY FINANCIAL FEDERAL CREDIT UNION,US,visa,debit
443114,00-99,,US,visa,credit
443115,00-99,,US,visa,debit
443116,00-99,U. S. POSTAL SERVICE FEDERAL CREDIT UNION,US,visa,debit
443117,00-99,SOUND CREDIT UNION,US,visa,debit
443118,00-99,FIDELITY BANK,US,visa,debit
443119,00-99,NORTHWESTERN BANK N.A.,US,visa,credit
443120,00-99,QUALSTAR CREDIT UNION,US,visa,credit
443121,00-99,,US,visa,credit
443122,00-99,CAPITAL ONE NATIONAL ASSOCIATION,US,visa,credit
443123,00-99,,US,visa,credit
443124,00-99,UMPQUA BANK,US,visa,debit
443125,00-99,FIRST NATIONAL BANK OF OMAHA,US,visa,debit
443126,00-99,FIRST NATIONAL BANK OF OMAHA,US,visa,debit
443127,00-99,PNC FINANCIAL SERVICES GROUP INC.,US,visa,credit
443128,00-99,PNC FINANCIAL SERVICES GROUP INC.,US,visa,credit
443129,00-99,CORPORATE AMERICA FAMILY CREDIT UNION,US,visa,credit
443130,00-99,,US,visa,credit
443131,00-99,,GB,visa,credit
443132,00-99,,US,visa,credit
443133,00-99,CENTRAL WILLAMETTE COMMUNITY CREDIT UNION,US,visa,debit
443134,00-99,PREMIERONE CREDIT UNION,US,visa,debit
443135,00-99,THE TORONTO-DOMINION BANK - MBNA,CA,visa,credit
443136,00-99,U.S. BANK N.A.,US,visa,debit
443137,00-99,THE HOMETOWN BANK OF ALABAMA,US,visa,debit
443138,00-99,U.S. BANK N.A.,US,visa,debit
443139,00-99,THE HOMETOWN BANK OF ALABAMA,US,visa,credit
443140,00-99,GREATER VALLEY CREDIT UNION,US,visa,credit
443141,00-99,BAYFIRST NATIONAL BANK,US,visa,debit
443142,00-99,NATIONAL INSTITUTES OF HEALTH FEDERAL CREDIT UNION,US,visa,debit
443143,00-99,EDUCATIONAL SYSTEMS FEDERAL CREDIT UNION,US,visa,credit
443144,00-99,U.S. BANK N.A.,US,visa,credit
443145,00-99,PEOPLE'S TRUST FEDERAL CREDIT UNION,US,visa,credit
443146,00-99,TIAA BANK,US,visa,debit
443147,00-99,HARRISON COUNTY BANK,US,visa,credit
443148,00-99,WELLS FARGO BANK N.A.,US,visa,debit
443149,00-99,PRIMESOURCE CREDIT UNION,US,visa,debit
443150,00-99,SPOKANE CITY CREDIT UNION,US,visa,debit
443151,00-99,CREDOMATIC DE HONDURAS S.A.,HN,visa,credit
443152,00-99,ICBA BANCARD INC.,US,visa,credit
443153,00-99,JPMORGAN CHASE BANK N.A.,US,visa,credit
443154,00-99,JPMORGAN CHASE BANK N.A.,US,visa,credit
443155,00-99,CORPORATE AMERICA FAMILY CREDIT UNION,US,visa,credit
443156,00-99,CORPORATE AMERICA FAMILY CREDIT UNION,US,visa,credit
443157,00-99,JPMORGAN CHASE BANK N.A.,US,visa,debit
443158,00-99,CAPITAL COMMUNITY BANK,US,visa,debit
443159,00-99,HONG LEONG,MY,visa,credit
443160,00-99,1ST SECURITY BANK OF WASHINGTON,US,visa,debit
443161,00-99,COMERICA BANK,US,visa,debit
443162,00-99,FIFTH THIRD BANK,US,visa,credit
443163,00-99,JPMORGAN CHASE BANK N.A.,US,visa,credit
443164,00-99,DOUGLAS NATIONAL BANK,US,visa,debit
443165,00-99,UNIVERSITY FIRST FEDERAL CREDIT UNION,US,visa,credit
443166,00-99,BANNER BANK,US,visa,debit
443167,00-99,,US,visa,credit
443168,00-99,CENTENNIAL BANK,US,visa,credit
443169,00-99,CENTENNIAL BANK,US,visa,credit
443170,00-99,STATE BANK - LA JUNTA,US,visa,debit
443171,00-99,THE STATE BANK,US,visa,credit
443172,00-99,P.T. BANK CIMB NIAGA TBK.,ID,visa,credit
443173,00-99,COMMERCIAL BANK OF TEXAS N.A.,US,visa,debit
443174,00-99,WESTERN VISTA FEDERAL CREDIT UNION,US,visa,debit
443175,00-99,WESTERN VISTA FEDERAL CREDIT UNION,US,visa,credit
443176,00-99,WELLS FARGO BANK N.A.,US,visa,debit
443177,00-99,DISTRICT COMMUNITY CREDIT UNION,US,visa,debit
443178,00-99,WESTERRA CREDIT UNION,US,visa,debit
443179,00-99,BANKERS' BANK OF KANSAS,US,visa,credit
443180,00-99,ICBA BANCARD INC.,US,visa,credit
443181,00-99,SUNTRUST BANK,US,visa,credit
443182,00-99,CREDIT LIBANAIS S.A.L.,LB,visa,debit
443183,00-99,FIRST BANK & TRUST CO.,US,visa,credit
443184,00-99,BANK OF AMERICA NATIONAL ASSOCIATION,US,visa,credit
443185,00-99,THINKWISE FEDERAL CREDIT UNION,US,visa,credit
443186,00-99,WOODFOREST NATIONAL BANK,US,visa,credit
443187,00-99,PREMIER MEMBERS CREDIT UNION,US,visa,credit
443188,00-99,UNION BANK N.A.,US,visa,credit
443189,00-99,ENT CREDIT UNION,US,visa,debit
443190,00-99,FIRST INTERNATIONAL BANK & TRUST,US,visa,credit
443191,00-99,FIRST INTERNATIONAL BANK & TRUST,US,visa,credit
443192,00-99,PLAINSCAPITAL BANK,US,visa,credit
443193,00-99,HORIZON CREDIT UNION,US,visa,credit
443194,00-99,,US,visa,credit
443195,00-99,THE HOKKOKU BANK LTD.,JP,visa,credit
443196,00-99,JORDAN FEDERAL CREDIT UNION,US,visa,debit
443197,00-99,COMENITY CAPITAL BANK,US,visa,credit
443198,00-99,NET FEDERAL CREDIT UNION,US,visa,debit
443199,00-99,PLAINSCAPITAL BANK,US,visa,credit
443200,00-99,THE STANDARD BANK OF SOUTH AFRICA LTD.,ZA,visa,debit
443201,00-99,U.S. BANK N.A.,US,visa,credit
443202,00-99,U.S. BANK N.A.,US,visa,debit
443203,00-99,PINNACLE BANK,US,visa,debit
443204,00-99,THE BANK OF SOUTH CAROLINA,US,visa,debit
443205,00-99,UNIVERSITY OF ILLINOIS COMMUNITY CREDIT UNION,US,visa,debit
443206,00-99,U.S. BANK NATIONAL ASSOCIATION-CREDIT,US,visa,credit
443207,00-99,TCM BANK NATIONAL ASSOCIATION,US,visa,credit
443208,00-99,XPLORE FEDERAL CREDIT UNION,US,visa,credit
443209,00-99,UNITED COMMUNITY BANK,US,visa,debit
443210,00-99,WINGS FINANCIAL CREDIT UNION,US,visa,credit
443211,00-99,ALLEGACY FEDERAL CREDIT UNION,US,visa,credit
443212,00-99,PEOPLE DRIVEN CREDIT UNION,US,visa,credit
443213,00-99,JPMORGAN CHASE BANK N.A.,US,visa,credit
443214,00-99,INTEGRA BANK N.A.,US,visa,debit
443215,00-99,HS FINANCEIRA S/A CREDITO FINANCIAMENTO E INVESTIMENTO,BR,visa,credit
443216,00-99,REGIONS BANK,US,visa,credit
443217,00-99,PASADENA FEDERAL CREDIT UNION,US,visa,credit
443218,00-99,U.S. BANK N.A.,US,visa,credit
443219,00-99,FIRST NATIONAL BANK AND TRUST COMPANY,US,visa,credit
443220,00-99,THE HUNTINGTON NATIONAL BANK,US,visa,debit
443221,00-99,U.S. BANK N.A.,US,visa,credit
443222,00-99,CREDIT BANK OF MOSCOW (MKB BANK),RU,visa,debit
443223,00-99,CREDIT BANK OF MOSCOW (MKB BANK),RU,visa,debit
443224,00-99,,US,visa,debit
443225,00-99,PSE CREDIT UNION INC.,US,visa,credit
443226,00-99,VALLEY NATIONAL BANK,US,visa,debit
443227,00-99,USF FEDERAL CREDIT UNION,US,visa,debit
443228,00-99,PARTNERS 1ST FEDERAL CREDIT UNION,US,visa,credit
443229,00-99,PARTNERS 1ST FEDERAL CREDIT UNION,US,visa,debit
443230,00-99,HUDSON RIVER COMMUNITY CREDIT UNION,US,visa,debit
443231,00-99,JGB BANK N.A.,US,visa,credit
443232,00-99,JGB BANK N.A.,US,visa,credit
443233,00-99,SHINHAN CARD,KR,visa,debit
443234,00-99,GREAT LAKES CREDIT UNION INC.,US,visa,credit
443235,00-99,ARVEST BANK,US,visa,credit
443236,00-99,FINANCIAL PARTNERS CREDIT UNION,US,visa,credit
443237,00-99,TELHIO CREDIT UNION,US,visa,credit
443238,00-99,ORNL FEDERAL CREDIT UNION,US,visa,debit
443239,00-99,DECATUR EARTHMOVER CREDIT UNION,US,visa,credit
443240,00-99,DECATUR EARTHMOVER CREDIT UNION,US,visa,credit
443241,00-99,U.S. BANK N.A.,US,visa,credit
443242,00-99,SOUND CREDIT UNION,US,visa,debit
443243,00-99,WELLS FARGO BANK N.A.,US,visa,debit
443244,00-99,FIRST COMMUNITY BANK,US,visa,credit
443245,00-99,SKY FEDERAL CREDIT UNION,US,visa,debit
443246,00-99,FORT FINANCIAL FEDERAL CREDIT UNION,US,visa,credit
443247,00-99,IBAA BANCARD INC.,US,visa,credit
443248,00-99,FIRST COMMUNITY BANK,US,visa,credit
443249,00-99,FIRST COMMUNITY BANK,US,visa,credit
443250,00-99,U.S. BANK N.A.,US,visa,debit
443251,00-99,U.S. BANK N.A.,US,visa,debit
443252,00-99,LEAD BANK,MX,visa,debit
443253,00-99,U.S. BANK N.A.,US,visa,debit
443254,00-99,U.S. BANK N.A.,US,visa,debit
443255,00-99,U.S. BANK N.A.,US,visa,debit
443256,00-99,NORDEA BANK DANMARK A/S,DK,visa,debit
443257,00-99,SPACE COAST CREDIT UNION,US,visa,debit
443258,00-99,PARTNERS 1ST FEDERAL CREDIT UNION,US,visa,credit
443259,00-99,HUDSON RIVER COMMUNITY CREDIT UNION,US,visa,debit
443260,00-99,U.S. BANK N.A.,US,visa,debit
443261,00-99,UNITED COMMUNITY BANK,US,visa,credit
443262,00-99,U.S. BANK N.A.,US,visa,credit
443263,00-99,VERUS BANK OF COMMERCE,US,visa,debit
443264,00-99,U.S. BANK NATIONAL ASSOCIATION,US,visa,debit
443265,00-99,U.S. BANK N.A.,US,visa,debit
443266,00-99,U.S. BANK N.A.,US,visa,credit
443267,00-99,DCS CARD CENTRE PTE. LTD.,SG,visa,debit
443268,00-99,U.S. BANK N.A.,US,visa,credit
443269,00-99,,CN,visa,credit
443270,00-99,SHANGHAI COMMERCIAL AND SAVINGS BANK LTD.,TW,visa,credit
443271,00-99,CREDIT BANK OF MOSCOW (MKB BANK),RU,visa,debit
443272,00-99,CREDIT BANK OF MOSCOW,RU,visa,credit
443273,00-99,CREDIT BANK OF MOSCOW,RU,visa,credit
443274,00-99,CREDIT BANK OF MOSCOW,RU,visa,debit
443275,00-99,BANK DOM.RF,RU,visa,credit
443276,00-99,THE HUNTINGTON NATIONAL BANK,US,visa,debit
443277,00-99,BANK OF AMERICA NATIONAL ASSOCIATION,US,visa,credit
443278,00-99,BANK OF AMERICA NATIONAL ASSOCIATION,US,visa,credit
443279,00-99,COMMUNITY FIRST CREDIT UNION OF FLORIDA,US,visa,debit
443280,00-99,CITIBANK N.A.,US,visa,credit
443281,00-99,CITIBANK N.A.,US,visa,credit
443282,00-99,CITIBANK NATIONAL ASSOCIATION - CONSUMER,US,visa,credit
443283,00-99,CITIBANK N.A.,US,visa,credit
443284,00-99,CITIBANK N.A.,US,visa,credit
443285,00-99,CITIBANK N.A.,US,visa,credit
443286,00-99,CITIBANK N.A.,US,visa,credit
443287,00-99,CITIBANK N.A.,US,visa,credit
443288,00-99,CITIBANK N.A.,US,visa,credit
443289,00-99,CITIBANK N.A.,US,visa,credit
443290,00-99,MCBANK,US,visa,debit
443291,00-99,UNITED METHODIST FEDERAL CREDIT UNION,US,visa,credit
443292,00-99,OREGON STATE CREDIT UNION,US,visa,debit
443293,00-99,,US,visa,credit
443294,00-99,U.S. BANK N.A.,US,visa,credit
443295,00-99,U.S. BANK N.A.,US,visa,credit
443296,00-99,NORTHWEST COMMUNITY CREDIT UNION,US,visa,credit
443297,00-99,C.U. 1,US,visa,credit
443298,00-99,PNC FINANCIAL SERVICES GROUP INC.,US,visa,credit
443299,00-99,U.S. BANK N.A.,US,visa,credit
443300,00-99,SEA AIR FEDERAL CREDIT UNION,US,visa,credit
443301,00-99,PNC FINANCIAL SERVICES GROUP INC.,US,visa,credit
443302,00-99,BANK SNEZHINSKIY PJSC,RU,visa,debit
443303,00-99,BANK SNEZHINSKIY PJSC,RU,visa,debit
443304,00-99,BANK SNEZHINSKIY PJSC,RU,visa,debit
443305,00-99,BANK SNEZHINSKIY PJSC,RU,visa,debit
443306,00-99,ABSOLUT BANK (PAO),RU,visa,debit
443307,00-99,ABSOLUT BANK (PAO),RU,visa,debit
443308,00-99,ABSOLUT BANK (PAO),RU,visa,debit
443309,00-99,ABSOLUT BANK (PAO),RU,visa,debit
443310,00-99,U.S. BANK N.A.,US,visa,credit
443311,00-99,ALLWEALTH FEDERAL CREDIT UNION,US,visa,credit
443312,00-99,CARD SERVICES FOR CREDIT UNIONS,US,visa,credit
443313,00-99,CENTURY FEDERAL CREDIT UNION,US,visa,credit
443314,00-99,CINFED FEDERAL CREDIT UNION,US,visa,credit
443315,00-99,CREDIT UNION CARD SERVICES INC.,US,visa,debit
443316,00-99,CARD SERVICES FOR CREDIT UNIONS,US,visa,credit
443317,00-99,CARD SERVICES FOR CREDIT UNIONS,US,visa,credit
443318,00-99,CARD SERVICES FOR CREDIT UNIONS,US,visa,credit
443319,00-99,CARD SERVICES FOR CREDIT UNIONS,US,visa,credit
443320,00-99,CARD SERVICES FOR CREDIT UNIONS,US,visa,credit
443321,00-99,U.S. BANK N.A.,US,visa,credit
443322,00-99,BANK OF DALIAN CO. LTD.,CN,visa,credit
443323,00-99,CARD SERVICES FOR CREDIT UNIONS,US,visa,credit
443324,00-99,CARD SERVICES FOR CREDIT UNIONS,US,visa,credit
443325,00-99,NUTMEG STATE FEDERAL CREDIT UNION,US,visa,credit
443326,00-99,CARD SERVICES FOR CREDIT UNIONS,US,visa,credit
443327,00-99,CARD SERVICES FOR CREDIT UNIONS,US,visa,credit
443328,00-99,CARD SERVICES FOR CREDIT UNIONS,US,visa,credit
443329,00-99,FIRST ABU DHABI BANK PJSC,EG,visa,credit
443330,00-99,WEST-AIRCOMM FEDERAL CREDIT UNION,US,visa,credit
443331,00-99,CARD SERVICES FOR CREDIT UNIONS,US,visa,credit
443332,00-99,FIRST NATIONAL BANK IN SIOUX FALLS,US,visa,debit
443333,00-99,RBC BANK (GEORGIA) N.A.,US,visa,debit
443334,00-99,ILLINOIS STATE CREDIT UNION,US,visa,credit
443335,00-99,C.U. ONE,US,visa,credit
443336,00-99,CARD SERVICES FOR CREDIT UNIONS,US,visa,credit
443337,00-99,CARD SERVICES FOR CREDIT UNIONS,US,visa,credit
443338,00-99,FIRST ABU DHABI BANK (PJSC),EG,visa,credit
443339,00-99,WHITEWATER COMMUNITY CREDIT UNION INC.,US,visa,credit
443340,00-99,C.U. ONE,US,visa,credit
443341,00-99,SERVICE CREDIT UNION,US,visa,credit
443342,00-99,CARD SERVICES FOR CREDIT UNIONS,US,visa,credit
443343,00-99,MUNICIPAL EMPLOYEES CREDIT UNION OF OKLAHOMA CITY,US,visa,credit
443344,00-99,CARD SERVICES FOR CREDIT UNIONS,US,visa,credit
443345,00-99,COASTAL CREDIT UNION,US,visa,credit
443346,00-99,CARD SERVICES FOR CREDIT UNIONS,US,visa,credit
443347,00-99,PEOPLES STATE BANK,US,visa,credit
443348,00-99,ALLEGIANCE CREDIT UNION,US,visa,credit
443349,00-99,POINT WEST CREDIT UNION,US,visa,credit
443350,00-99,CARD SERVICES FOR CREDIT UNIONS,US,visa,credit
443351,00-99,CARD SERVICES FOR CREDIT UNIONS,US,visa,credit
443352,00-99,C.U. ONE,US,visa,credit
443353,00-99,MICHIGAN SCHOOLS AND GOVERNMENT CREDIT UNION,US,visa,credit
443354,00-99,FICARE FEDERAL CREDIT UNION,US,visa,credit
443355,00-99,CARD SERVICES FOR CREDIT UNIONS,US,visa,credit
443356,00-99,CARD SERVICES FOR CREDIT UNIONS,US,visa,credit
443357,00-99,CARD SERVICES FOR CREDIT UNIONS,US,visa,credit
443358,00-99,44 NORTH CREDIT UNION,US,visa,credit
443359,00-99,POLICE CREDIT UNION OF CALIFORNIA,US,visa,credit
443360,00-99,CARD SERVICES FOR CREDIT UNIONS,US,visa,credit
443361,00-99,BANCO GUIPUZCOANO S.A.,ES,visa,credit
443362,00-99,,US,visa,credit
443363,00-99,TARJETAS CUSCATLAN S.A.,GT,visa,credit
443364,00-99,,US,visa,credit
443365,00-99,STONE CARTOES INSTITUICAO DE PAGAMENTO S.A.,BR,visa,credit
443366,00-99,BANK OF DALIAN CO. LTD.,CN,visa,credit
443367,00-99,CONNECTIONS CREDIT UNION,US,visa,credit
443368,00-99,CARD SERVICES FOR CREDIT UNIONS,US,visa,credit
443369,00-99,UNIVERSAL 1 CREDIT UNION INC.,US,visa,credit
443370,00-99,CARD SERVICES FOR CREDIT UNIONS,US,visa,credit
443371,00-99,CARD SERVICES FOR CREDIT UNIONS,US,visa,credit
443372,00-99,NORTHERN KENTUCKY FEDERAL CREDIT UNION,US,visa,credit
443373,00-99,CARD SERVICES FOR CREDIT UNIONS,US,visa,credit
443374,00-99,CARD SERVICES FOR CREDIT UNIONS,US,visa,credit
443375,00-99,CARD SERVICES FOR CREDIT UNIONS,US,visa,credit
443376,00-99,EXPREE CREDIT UNION,US,visa,credit
443377,00-99,MIDWEST BANKCENTRE,US,visa,debit
443378,00-99,COASTAL CREDIT UNION,US,visa,credit
443379,00-99,BVA FEDERAL CREDIT UNION,US,visa,credit
443380,00-99,CARD SERVICES FOR CREDIT UNIONS,US,visa,credit
443381,00-99,CARD SERVICES FOR CREDIT UNIONS,US,visa,credit
443382,00-99,HTM AREA CREDIT UNION,US,visa,credit
443383,00-99,CARD SERVICES FOR CREDIT UNIONS,US,visa,credit
443384,00-99,CARD SERVICES FOR CREDIT UNIONS,US,visa,credit
443385,00-99,CINFED FEDERAL CREDIT UNION,US,visa,credit
443386,00-99,SERVICE CREDIT UNION,US,visa,credit
443387,00-99,CONCHO EDUCATORS FEDERAL CREDIT UNION,US,visa,credit
443388,00-99,CITIZENS COMMUNITY CREDIT UNION,US,visa,credit
443389,00-99,LISTERHILL CREDIT UNION,US,visa,credit
443390,00-99,SUMMIT CREDIT UNION,US,visa,credit
443391,00-99,FALLS CATHOLIC CREDIT UNION INC.,US,visa,credit
443392,00-99,CARD SERVICES FOR CREDIT UNIONS,US,visa,credit
443393,00-99,CARD SERVICES FOR CREDIT UNIONS,US,visa,credit
443394,00-99,CARD SERVICES FOR CREDIT UNIONS,US,visa,credit
443395,00-99,CARD SERVICES FOR CREDIT UNIONS,US,visa,credit
443396,00-99,CARD SERVICES FOR CREDIT UNIONS,US,visa,credit
443397,00-99,,US,visa,credit
443398,00-99,,US,visa,credit
443399,00-99,,US,visa,credit
443400,00-99,CUSCAL LTD.,AU,visa,debit
443401,00-99,BENDIGO AND ADELAIDE BANK LTD.,AU,visa,debit
443402,00-99,AUSTRALIAN MILITARY BANK LTD.,AU,visa,debit
443403,00-99,CUSCAL LTD.,AU,visa,debit
443404,00-99,HAY LTD.,AU,visa,debit
443405,00-99,COMMUNITY FIRST CREDIT UNION LTD.,AU,visa,debit
443406,00-99,BEYOND BANK AUSTRALIA LTD.,AU,visa,debit
443407,00-99,CUSCAL LTD.,AU,visa,debit
443408,00-99,COMMUNITY FIRST CREDIT UNION LTD.,AU,visa,debit
443409,00-99,CUSCAL LTD.,AU,visa,debit
443410,00-99,BEYOND BANK AUSTRALIA LTD.,AU,visa,debit
443411,00-99,CUSCAL LTD.,AU,visa,debit
443412,00-99,HORIZON CREDIT UNION LTD.,AU,visa,debit
443413,00-99,ILLAWARRA CREDIT UNION LTD.,AU,visa,debit
443414,00-99,CUSCAL LTD.,AU,visa,debit
443415,00-99,FAMILY FIRST CREDIT UNION,AU,visa,debit
443416,00-99,COMMUNITY FIRST CREDIT UNION LTD.,AU,visa,debit
443417,00-99,UNITY BANK LTD.,AU,visa,debit
443418,00-99,MACARTHUR CREDIT UNION LTD.,AU,visa,debit
443419,00-99,CUSCAL LTD.,AU,visa,debit
443420,00-99,TEACHERS CREDIT UNION,AU,visa,debit
443421,00-99,POLICE BANK LTD.,AU,visa,debit
443422,00-99,,IQ,visa,debit
443423,00-99,CUSCAL LTD.,AU,visa,debit
443424,00-99,CUSCAL LTD.,AU,visa,debit
443425,00-99,BEYOND BANK AUSTRALIA LTD.,AU,visa,debit
443426,00-99,CUSCAL LTD.,AU,visa,debit
443427,00-99,AUSTRALIAN MUTUAL BANK LTD.,AU,visa,debit
443428,00-99,CUSCAL LTD.,AU,visa,debit
443429,00-99,CUSCAL LTD.,AU,visa,debit
443430,00-99,CUSCAL LTD.,AU,visa,debit
443431,00-99,AUSTRALIAN MUTUAL BANK LTD.,AU,visa,debit
443432,00-99,AUSTRALIAN MUTUAL BANK LTD.,AU,visa,debit
443433,00-99,CUSCAL LTD.,AU,visa,debit
443434,00-99,CUSCAL LTD.,AU,visa,debit
443435,00-99,ITAU UNIBANCO HOLDING S.A.,BR,visa,credit
443436,00-99,HERITAGE AND PEOPLE'S CHOICE LTD.,AU,visa,debit
443437,00-99,CUSCAL LTD.,AU,visa,debit
443438,00-99,CREDIT UNION SERVICES CORPORATION (AUSTRALIA) LIMITED,AU,visa,debit
443439,00-99,CUSCAL LTD.,AU,visa,debit
443440,00-99,CUSCAL LTD.,AU,visa,debit
443441,00-99,QTMB,AU,visa,debit
443442,00-99,QUEENSLAND COUNTRY BANK LTD.,AU,visa,debit
443443,00-99,CUSCAL LTD.,AU,visa,debit
443444,00-99,CUSCAL LTD.,AU,visa,debit
443445,00-99,PEOPLES CHOICE CREDIT UNION,AU,visa,debit
443446,00-99,BEYOND BANK AUSTRALIA LTD.,AU,visa,debit
443447,00-99,CUSCAL LTD.,AU,visa,debit
443448,00-99,CREDIT UNION SA LTD.,AU,visa,debit
443449,00-99,POLICE CREDIT UNION LTD.,AU,visa,debit
443450,00-99,CREDIT UNION SA LTD.,AU,visa,debit
443451,00-99,HERITAGE AND PEOPLE'S CHOICE LTD.,AU,visa,debit
443452,00-99,HERITAGE ISLE CREDIT UNION LTD.,AU,visa,debit
443453,00-99,MYSTATE BANK LTD.,AU,visa,debit
443454,00-99,CUSCAL LTD.,AU,visa,credit
443455,00-99,AUSTRALIAN UNITY BANK LTD.,AU,visa,debit
443456,00-99,HAY LTD.,AU,visa,debit
443457,00-99,NOTRE DAME FEDERAL CREDIT UNION,US,visa,credit
443458,00-99,DEFENCE BANK LTD.,AU,visa,debit
443459,00-99,BANQUE DE L'HABITAT DU SENEGAL,SN,visa,debit
443460,00-99,BANK AUSTRALIA LTD.,AU,visa,debit
443461,00-99,GOULBURN MURRAY CREDIT UNION CO-OPERATIVE LTD.,AU,visa,debit
443462,00-99,CUSCAL LTD.,AU,visa,debit
443463,00-99,HERITAGE AND PEOPLE'S CHOICE LTD.,AU,visa,debit
443464,00-99,AU SMALL FINANCE BANK LTD.,IN,visa,debit
443465,00-99,CUSCAL LTD.,AU,visa,debit
443466,00-99,CUSCAL LTD.,AU,visa,credit
443467,00-99,POLICE & NURSES LTD.,AU,visa,debit
443468,00-99,ANDBANK ESPANA BANCA PRIVADA S.A,ES,visa,debit
443469,00-99,POLICE & NURSES CREDIT SOCIETY,AU,visa,debit
443470,00-99,CUSCAL LTD.,AU,visa,debit
443471,00-99,CUSCAL LTD.,AU,visa,debit
443472,00-99,HAY LTD.,AU,visa,debit
443473,00-99,CUSCAL LTD.,AU,visa,debit
443474,00-99,FIRST OPTION BANK LTD.,AU,visa,debit
443475,00-99,WAW CREDIT UNION CO-OPERATIVE LTD.,AU,visa,debit
443476,00-99,HERITAGE AND PEOPLE'S CHOICE LTD.,AU,visa,credit
443477,00-99,CREDIT UNION AUSTRALIA LTD.,AU,visa,debit
443478,00-99,LABORATORIES CREDIT UNION LTD.,AU,visa,debit
443479,00-99,CUSCAL LTD.,AU,visa,debit
443480,00-99,CUSCAL LTD.,AU,visa,debit
443481,00-99,CENTRAL WEST CREDIT UNION LTD.,AU,visa,debit
443482,00-99,TEACHERS MUTUAL BANK LTD.,AU,visa,debit
443483,00-99,CUSCAL LTD.,AU,visa,debit
443484,00-99,CUSCAL LTD.,AU,visa,credit
443485,00-99,REGIONAL AUSTRALIA BANK LTD.,AU,visa,debit
443486,00-99,TRANSPORT MUTUAL CREDIT UNION LTD.,AU,visa,debit
443487,00-99,CUSCAL LTD.,AU,visa,credit
443488,00-99,CUSCAL LTD.,AU,visa,debit
443489,00-99,BENDIGO AND ADELAIDE BANK LTD.,AU,visa,debit
443490,00-99,CUSCAL LTD.,AU,visa,debit
443491,00-99,CUSCAL LTD.,AU,visa,debit
443492,00-99,CUSCAL LTD.,AU,visa,debit
443493,00-99,CUSCAL LTD.,AU,visa,debit
443494,00-99,CUSCAL LTD.,AU,visa,debit
443495,00-99,WOOLWORTHS TEAM BANK LTD.,AU,visa,debit
443496,00-99,CENTRAL MURRAY CREDIT UNION LTD.,AU,visa,debit
443497,00-99,HATTHA BANK PLC.,KH,visa,credit
443498,00-99,CUSCAL LTD.,AU,visa,credit
443499,00-99,TEACHERS MUTUAL BANK LTD.,AU,visa,debit
443500,00-99,BANNER BANK,US,visa,debit
443501,00-99,BANNER BANK,US,visa,credit
443502,00-99,U.S. BANK N.A.,US,visa,credit
443503,00-99,U.S. BANK N.A.,US,visa,credit
443504,00-99,WELLS FARGO BANK N.A.,US,visa,credit
443505,00-99,WELLS FARGO BANK N.A.,US,visa,debit
443506,00-99,WESTMINSTER FEDERAL CREDIT UNION,US,visa,debit
443507,00-99,CODE CREDIT UNION,US,visa,credit
443508,00-99,CAPITAL ONE NATIONAL ASSOCIATION,US,visa,credit
443509,00-99,BANNER BANK,US,visa,credit
443510,00-99,UNITED BUSINESS BANK,US,visa,credit
443511,00-99,EVERGREEN DIRECT CREDIT UNION,US,visa,credit
443512,00-99,MIDFLORIDA CREDIT UNION,US,visa,debit
443513,00-99,BANCO COOPERATIVO ESPANOL S.A.,ES,visa,credit
443514,00-99,SUNTRUST BANK,US,visa,credit
443515,00-99,BA MERCHANT SERVICES INC.,US,visa,credit
443516,00-99,ENVISTA FEDERAL CREDIT UNION,US,visa,debit
443517,00-99,ICBA BANCARD INC.,US,visa,debit
443518,00-99,SPACE COAST CREDIT UNION,US,visa,credit
443519,00-99,SPACE COAST CREDIT UNION,US,visa,debit
443520,00-99,SPACE COAST CREDIT UNION,US,visa,debit
443521,00-99,FEDEX EMPLOYEES CREDIT ASSOCIATION FEDERAL CREDIT UNION,US,visa,debit
443522,00-99,MIDWEST BANKCENTRE,US,visa,debit
443523,00-99,WESTAMERICA BANK,US,visa,credit
443524,00-99,WESTAMERICA BANK,US,visa,credit
443525,00-99,BANCO DE DESARROLLO RURAL S.A. BANRURAL,GT,visa,debit
443526,00-99,WELLS FARGO BANK N.A.,US,visa,debit
443527,00-99,HONDA FEDERAL CREDIT UNION,US,visa,credit
443528,00-99,CITIZENS BANK N.A.,US,visa,credit
443529,00-99,BANK OF AMERICA NATIONAL ASSOCIATION,US,visa,credit
443530,00-99,BANK OF AMERICA NATIONAL ASSOCIATION,US,visa,credit
443531,00-99,BRANCH BANKING AND TRUST COMPANY,US,visa,debit
443532,00-99,MIDSOUTH BANK,US,visa,debit
443533,00-99,DEL NORTE CREDIT UNION,US,visa,debit
443534,00-99,FIRST NATIONAL BANK OF OMAHA,US,visa,credit
443535,00-99,FIRST NATIONAL BANK OF OMAHA,US,visa,credit
443536,00-99,FIRST FEDERAL BANK,US,visa,debit
443537,00-99,PNC FINANCIAL SERVICES GROUP INC.,US,visa,credit
443538,00-99,GREATER CINCINNATI CREDIT UNION INC.,US,visa,credit
443539,00-99,OLD NATIONAL BANK,US,visa,credit
443540,00-99,METABANK,US,visa,debit
443541,00-99,BANNER BANK,US,visa,credit
443542,00-99,FIRST CREDIT UNION,US,visa,debit
443543,00-99,CENTRAL PACIFIC BANK,US,visa,credit
443544,00-99,WELLS FARGO BANK N.A.,US,visa,debit
443545,00-99,FRANKLIN TRUST FEDERAL CREDIT UNION,US,visa,credit
443546,00-99,,IN,visa,debit
443547,00-99,ATLANTIC UNION BANK,US,visa,debit
443548,00-99,FIRST NATIONAL BANK OF OMAHA,US,visa,credit
443549,00-99,EASTERN BANK PLC.,BD,visa,debit
443550,00-99,CECIL COUNTY SCHOOL EMPLOYEES' FEDERAL CREDIT UNION,US,visa,debit
443551,00-99,PINNACLE BANK,US,visa,credit
443552,00-99,PINNACLE BANK,US,visa,credit
443553,00-99,U.S. BANK N.A.,US,visa,credit
443554,00-99,UAB STANHOPE FINANCIAL,ES,visa,debit
443555,00-99,BLUE RIDGE BANK,US,visa,debit
443556,00-99,JEANNE D'ARC CREDIT UNION,US,visa,debit
443557,00-99,TIB NATIONAL ASSOCIATION,US,visa,debit
443558,00-99,O BEE CREDIT UNION,US,visa,debit
443559,00-99,O BEE CREDIT UNION,US,visa,debit
443560,00-99,O BEE CREDIT UNION,US,visa,debit
443561,00-99,FALL RIVER FIVE CENTS SAVINGS BANK,US,visa,debit
443562,00-99,U.S. BANK N.A.,US,visa,credit
443563,00-99,U.S. BANK N.A.,US,visa,credit
443564,00-99,ASOCIACION POPULAR DE AHORROS Y PRESTAMOS,DO,visa,debit
443565,00-99,PNC FINANCIAL SERVICES GROUP INC.,US,visa,credit
443566,00-99,HERITAGE GROVE FEDERAL CREDIT UNION,US,visa,debit
443567,00-99,KB KOOKMIN CARD CO. LTD.,KR,visa,credit
443568,00-99,S&T BANK,US,visa,credit
443569,00-99,KB KOOKMIN CARD CO. LTD.,KR,visa,credit
443570,00-99,HARVESTER FINANCIAL CREDIT UNION,US,visa,credit
443571,00-99,ACCESS CREDIT UNION,US,visa,credit
443572,00-99,CASE CREDIT UNION,US,visa,credit
443573,00-99,CASE CREDIT UNION,US,visa,credit
443574,00-99,CHASE BANK USA N.A.,US,visa,credit
443575,00-99,PLATCO S.A.,DO,visa,credit
443576,00-99,WORKERS CREDIT UNION,US,visa,debit
443577,00-99,JPMORGAN CHASE BANK N.A.,US,visa,credit
443578,00-99,JPMORGAN CHASE BANK N.A.,US,visa,credit
443579,00-99,KB KOOKMIN CARD CO. LTD.,KR,visa,debit
443580,00-99,CORE CREDIT UNION,US,visa,credit
443581,00-99,BANKNEWPORT,US,visa,debit
443582,00-99,BANK OF MARION,US,visa,credit
443583,00-99,MIDFLORIDA CREDIT UNION,US,visa,credit
443584,00-99,MOZA BANCO S.A.,MZ,visa,credit
443585,00-99,TBBK CARD SERVICES INC.,US,visa,debit
443586,00-99,COMMUNITY BANK NATIONAL ASSOCIATION,US,visa,debit
443587,00-99,ALBRIGHT CREDIT UNION,US,visa,credit
443588,00-99,ST. THOMAS CREDIT UNION,US,visa,credit
443589,00-99,COMMUNITY BANK NATIONAL ASSOCIATION,US,visa,debit
443590,00-99,BANNER BANK,US,visa,debit
443591,00-99,BANNER BANK,US,visa,credit
443592,00-99,VISECA PAYMENT SERVICES SA,CH,visa,credit
443593,00-99,VISECA PAYMENT SERVICES SA,CH,visa,credit
443594,00-99,ANDBANK ESPANA BANCA PRIVADA S.A,ES,visa,credit
443595,00-99,PAYNETICS AD,ES,visa,debit
443596,00-99,LOYALTY CREDIT UNION,US,visa,debit
443597,00-99,THE OLD POINT NATIONAL BANK OF PHOEBUS,US,visa,debit
443598,00-99,WILMINGTON TRUST COMPANY,US,visa,debit
443599,00-99,WILMINGTON TRUST COMPANY,US,visa,debit
443600,00-99,PNC BANK NATIONAL ASSOCIATION - CONSUMER CREDIT,US,visa,credit
443601,00-99,PNC BANK NATIONAL ASSOCIATION - CONSUMER CREDIT,US,visa,credit
443602,00-99,PNC FINANCIAL SERVICES GROUP INC.,US,visa,credit
443603,00-99,PNC BANK NATIONAL ASSOCIATION - CONSUMER CREDIT,US,visa,credit
443604,00-99,UNIVERSITY OF MICHIGAN CREDIT UNION,US,visa,credit
443605,00-99,UNIVERSITY OF MICHIGAN CREDIT UNION,US,visa,debit
443606,00-99,THE GRANT COUNTY BANK,US,visa,credit
443607,00-99,TEAM ONE CREDIT UNION,US,visa,credit
443608,00-99,TEAM ONE CREDIT UNION,US,visa,credit
443609,00-99,SUTTON BANK,US,visa,credit
443610,00-99,TRAX FEDERAL CREDIT UNION,US,visa,credit
443611,00-99,VISECA PAYMENT SERVICES SA,CH,visa,credit
443612,00-99,VISECA PAYMENT SERVICES SA,CH,visa,credit
443613,00-99,BANK OF AMERICA NATIONAL ASSOCIATION,US,visa,debit
443614,00-99,BANK OF AMERICA NATIONAL ASSOCIATION,US,visa,debit
443615,00-99,BANK OF AMERICA NATIONAL ASSOCIATION,US,visa,debit
443616,00-99,CARD SERVICES FOR CREDIT UNIONS,US,visa,credit
443617,00-99,U. S. POSTAL SERVICE FEDERAL CREDIT UNION,US,visa,credit
443618,00-99,PRIMIS BANK,US,visa,credit
443619,00-99,CARD SERVICES FOR CREDIT UNIONS,US,US,visa
443620,00-99,CARD SERVICES FOR CREDIT UNIONS,US,visa,credit
443621,00-99,RIVER REGION CREDIT UNION,US,visa,credit
443622,00-99,RBL BANK LTD.,IN,visa,debit
443623,00-99,ENDURANCE FEDERAL CREDIT UNION,US,visa,credit
443624,00-99,PRIMIS BANK,US,visa,credit
443625,00-99,SOUTH ATLANTIC FEDERAL CREDIT UNION,US,visa,credit
443626,00-99,UTILITIES EMPLOYEES CREDIT UNION,US,visa,credit
443627,00-99,WESBANCO BANK INC.,US,visa,debit
443628,00-99,WESBANCO BANK INC.,US,visa,debit
443629,00-99,CARD SERVICES FOR CREDIT UNIONS,US,visa,credit
443630,00-99,CARD SERVICES FOR CREDIT UNIONS,US,visa,credit
443631,00-99,CARD SERVICES FOR CREDIT UNIONS,US,visa,credit
443632,00-99,CARD SERVICES FOR CREDIT UNIONS,US,visa,credit
443633,00-99,MCBANK,US,visa,debit
443634,00-99,CARD SERVICES FOR CREDIT UNIONS,US,visa,credit
443635,00-99,MILLARD COUNTY CREDIT UNION,US,visa,debit
443636,00-99,CARD SERVICES FOR CREDIT UNIONS,US,visa,debit
443637,00-99,IBEW #317 FEDERAL CREDIT UNION,US,visa,debit
443638,00-99,OMEGA FEDERAL CREDIT UNION,US,visa,debit
443639,00-99,WESBANCO BANK INC.,US,visa,debit
443640,00-99,CARD SERVICES FOR CREDIT UNIONS,US,visa,debit
443641,00-99,CARD SERVICES FOR CREDIT UNIONS,US,visa,debit
443642,00-99,PNC FINANCIAL SERVICES GROUP INC.,US,visa,credit
443643,00-99,DALLAS CAPITAL BANK,US,visa,debit
443644,00-99,LAMOURE CREDIT UNION,US,visa,debit
443645,00-99,CARD SERVICES FOR CREDIT UNIONS,US,visa,debit
443646,00-99,PRINCE GEORGE'S COMMUNITY FEDERAL CREDIT UNION,US,visa,debit
443647,00-99,NEWELL FEDERAL CREDIT UNION,US,visa,debit
443648,00-99,MERCY CREDIT UNION,US,visa,debit
443649,00-99,CARD SERVICES FOR CREDIT UNIONS,US,visa,debit
443650,00-99,CARD SERVICES FOR CREDIT UNIONS,US,visa,debit
443651,00-99,ASSEMBLIES OF GOD CREDIT UNION,US,visa,debit
443652,00-99,CARD SERVICES FOR CREDIT UNIONS,US,visa,debit
443653,00-99,CARD SERVICES FOR CREDIT UNIONS,US,visa,debit
443654,00-99,PNC FINANCIAL SERVICES GROUP INC.,US,visa,credit
443655,00-99,UTAH HERITAGE CREDIT UNION,US,visa,credit
443656,00-99,UTAH HERITAGE CREDIT UNION,US,visa,debit
443657,00-99,CAPE REGIONAL CREDIT UNION,US,visa,debit
443658,00-99,ENVISION CREDIT UNION,US,visa,credit
443659,00-99,AUGUSTA HEALTH CARE CREDIT UNION INC.,US,visa,debit
443660,00-99,CARD SERVICES FOR CREDIT UNIONS,US,visa,debit
443661,00-99,CARD SERVICES FOR CREDIT UNIONS,US,visa,debit
443662,00-99,CONSUMERS PROFESSIONAL CREDIT UNION,US,visa,credit
443663,00-99,CARD SERVICES FOR CREDIT UNIONS,US,visa,debit
443664,00-99,WELLS FARGO BANK N.A.,US,visa,debit
443665,00-99,WELLS FARGO BANK N.A.,US,visa,debit
443666,00-99,VIRGINIA UNITED METHODIST CREDIT UNION INC. DBA THE UNITED METHODIST CREDIT UNI,US,visa,debit
443667,00-99,CARD SERVICES FOR CREDIT UNIONS,US,visa,debit
443668,00-99,CLEARVIEW FEDERAL CREDIT UNION,US,visa,debit
443669,00-99,WEPCO FEDERAL CREDIT UNION,US,visa,credit
443670,00-99,CARD SERVICES FOR CREDIT UNIONS,US,visa,debit
443671,00-99,DE SOTO MO PAC CREDIT UNION,US,visa,debit
443672,00-99,UTAH POWER CREDIT UNION,US,visa,credit
443673,00-99,CHARTWAY FEDERAL CREDIT UNION,US,visa,credit
443674,00-99,GOLDENWEST FEDERAL CREDIT UNION,US,visa,credit
443675,00-99,CARD SERVICES FOR CREDIT UNIONS,US,visa,debit
443676,00-99,UTAH POWER CREDIT UNION,US,visa,credit
443677,00-99,OHIO COUNTY PUBLIC SCHOOLS FEDERAL CREDIT UNION,US,visa,debit
443678,00-99,MARSHALL COUNTY FEDERAL CREDIT UNION,US,visa,debit
443679,00-99,CARD SERVICES FOR CREDIT UNIONS,US,visa,debit
443680,00-99,ALLOY FEDERAL CREDIT UNION,US,visa,debit
443681,00-99,CARD SERVICES FOR CREDIT UNIONS,US,visa,debit
443682,00-99,INDUSIND BANK LTD.,IN,visa,debit
443683,00-99,ARK VALLEY CREDIT UNION,US,visa,debit
443684,00-99,CARD SERVICES FOR CREDIT UNIONS,US,visa,debit
443685,00-99,CARD SERVICES FOR CREDIT UNIONS,US,visa,debit
443686,00-99,PNC FINANCIAL SERVICES GROUP INC.,US,visa,debit
443687,00-99,BANKERS' BANK OF THE WEST,US,visa,debit
443688,00-99,FIRST FEDERAL SAVINGS BANK,US,visa,debit
443689,00-99,FIRST FEDERAL SAVINGS BANK,US,visa,debit
443690,00-99,MIDWEST MEMBERS CREDIT UNION,US,visa,debit
443691,00-99,1ST MIDAMERICA CREDIT UNION,US,visa,debit
443692,00-99,FIRST FINANCIAL BANK,US,visa,debit
443693,00-99,COMPUTER SERVICES INC.,US,visa,debit
443694,00-99,PATHWARD N.A.,US,visa,credit
443695,00-99,FEDEX EMPLOYEES CREDIT ASSOCIATION FEDERAL CREDIT UNION,US,visa,credit
443696,00-99,BANK OF THE WEST,US,visa,debit
443697,00-99,PNC FINANCIAL SERVICES GROUP INC.,US,visa,debit
443698,00-99,PNC FINANCIAL SERVICES GROUP INC.,US,visa,debit
443699,00-99,METABANK,US,visa,debit
443700,00-99,,IE,visa,credit
443701,00-99,,US,visa,credit
443702,00-99,,US,visa,credit
443703,00-99,,US,visa,credit
443704,00-99,,US,visa,credit
443705,00-99,,US,visa,credit
443706,00-99,,US,visa,credit
443707,00-99,,US,visa,credit
443708,00-99,,US,visa,credit
443709,00-99,,US,visa,credit
443710,00-99,,US,visa,credit
443711,00-99,,US,visa,credit
443712,00-99,,US,visa,credit
443713,00-99,,US,visa,credit
443714,00-99,,US,visa,credit
443715,00-99,,US,visa,credit
443716,00-99,,US,visa,credit
443717,00-99,,US,visa,credit
443718,00-99,,US,visa,credit
443719,00-99,,US,visa,credit
443720,00-99,,US,visa,credit
443721,00-99,,US,visa,credit
443722,00-99,,US,visa,credit
443723,00-99,,US,visa,credit
443724,00-99,,US,visa,credit
443725,00-99,,US,visa,credit
443726,00-99,,US,visa,credit
443727,00-99,,US,visa,credit
443728,00-99,,US,visa,credit
443729,00-99,,US,visa,credit
443730,00-99,,US,visa,credit
443731,00-99,,US,visa,credit
443732,00-99,,US,visa,credit
443733,00-99,,ZA,visa,debit
443734,00-99,,US,visa,credit
443735,00-99,,US,visa,credit
443736,00-99,,US,visa,credit
443737,00-99,,US,visa,credit
443738,00-99,,US,visa,credit
443739,00-99,,US,visa,credit
443740,00-99,,US,visa,credit
443741,00-99,,US,visa,credit
443742,00-99,,US,visa,credit
443743,00-99,,US,visa,credit
443744,00-99,,US,visa,credit
443745,00-99,,US,visa,credit
443746,00-99,,US,visa,credit
443747,00-99,,US,visa,credit
443748,00-99,,US,visa,credit
443749,00-99,,US,visa,credit
443750,00-99,,TH,visa,debit
443751,00-99,,US,visa,credit
443752,00-99,,US,visa,credit
443753,00-99,,US,visa,credit
443754,00-99,,US,visa,credit
443755,00-99,,US,visa,credit
443756,00-99,,US,visa,credit
443757,00-99,,US,visa,credit
443758,00-99,,US,visa,credit
443759,00-99,,US,visa,credit
443760,00-99,,US,visa,credit
443761,00-99,,US,visa,credit
443762,00-99,,US,visa,credit
443763,00-99,,US,visa,credit
443764,00-99,,US,visa,credit
443765,00-99,,US,visa,credit
443766,00-99,,US,visa,credit
443767,00-99,,IN,visa,debit
443768,00-99,,ES,visa,credit
443769,00-99,,US,visa,credit
443770,00-99,,US,visa,credit
443771,00-99,,UA,visa,debit
443772,00-99,,US,visa,credit
443773,00-99,,US,visa,credit
443774,00-99,,US,visa,credit
443775,00-99,,US,visa,credit
443776,00-99,,US,visa,credit
443777,00-99,,US,visa,credit
443778,00-99,,GB,visa,credit
443779,00-99,,US,visa,credit
443780,00-99,,US,visa,credit
443781,00-99,,US,visa,credit
443782,00-99,,US,visa,credit
443783,00-99,,US,visa,credit
443784,00-99,,US,visa,credit
443785,00-99,,GH,visa,debit
443786,00-99,,US,visa,credit
443787,00-99,,US,visa,credit
443788,00-99,,US,visa,credit
443789,00-99,,US,visa,credit
443790,00-99,,US,visa,credit
443791,00-99,,US,visa,credit
443792,00-99,,US,visa,credit
443793,00-99,,US,visa,credit
443794,00-99,,US,visa,credit
443795,00-99,,US,visa,credit
443796,00-99,,US,visa,credit
443797,00-99,,US,visa,credit
443798,00-99,,US,visa,credit
443799,00-99,,US,visa,credit
443800,00-99,DC FEDERAL CREDIT UNION,US,visa,credit
443801,00-99,PRIMESOUTH BANK,US,visa,credit
443802,00-99,CARD SERVICES FOR CREDIT UNIONS,US,visa,credit
443803,00-99,COMMUNITY CREDIT UNION,US,visa,credit
443804,00-99,CARD SERVICES FOR CREDIT UNIONS,US,visa,credit
443805,00-99,CARD SERVICES FOR CREDIT UNIONS,US,visa,credit
443806,00-99,CARD SERVICES FOR CREDIT UNIONS,US,visa,credit
443807,00-99,OMAHA FEDERAL CREDIT UNION,US,visa,credit
443808,00-99,CARD SERVICES FOR CREDIT UNIONS,US,visa,credit
443809,00-99,CARD SERVICES FOR CREDIT UNIONS,US,visa,credit
443810,00-99,SERVICE CREDIT UNION,US,visa,credit
443811,00-99,,US,visa,credit
443812,00-99,CARD SERVICES FOR CREDIT UNIONS,US,visa,credit
443813,00-99,BOURNS EMPLOYEES FEDERAL CREDIT UNION,US,visa,credit
443814,00-99,CANARA BANK,IN,visa,credit
443815,00-99,FRESNO POLICE DEPARTMENT CREDIT UNION,US,visa,credit
443816,00-99,CANARA BANK,IN,visa,credit
443817,00-99,CARD SERVICES FOR CREDIT UNIONS,US,visa,credit
443818,00-99,DACOTAH FEDERAL CREDIT UNION,US,visa,credit
443819,00-99,CARD SERVICES FOR CREDIT UNIONS,US,visa,credit
443820,00-99,YES BANK LTD.,IN,visa,credit
443821,00-99,CARD SERVICES FOR CREDIT UNIONS,US,visa,credit
443822,00-99,PROVIDUSBANK PLC,NG,visa,debit
443823,00-99,LAKESHORE FEDERAL CREDIT UNION,US,visa,credit
443824,00-99,CARD SERVICES FOR CREDIT UNIONS,US,visa,credit
443825,00-99,TD BANK NATIONAL ASSOCIATION,US,visa,debit
443826,00-99,COMMERCE BANCSHARES INC.,US,visa,debit
443827,00-99,COMMERCE BANCSHARES INC.,US,visa,debit
443828,00-99,ALLIANT CREDIT UNION,US,visa,debit
443829,00-99,ALLIANT CREDIT UNION,US,visa,debit
443830,00-99,SIDDHARTHA BANK LTD.,NP,visa,debit
443831,00-99,WESBANCO BANK INC.,US,visa,debit
443832,00-99,SIDDHARTHA BANK LTD.,NP,visa,credit
443833,00-99,PROVIDENT BANK,US,visa,debit
443834,00-99,SIDDHARTHA BANK LTD.,NP,visa,debit
443835,00-99,FIFTH THIRD BANK,US,visa,credit
443836,00-99,FIFTH THIRD BANK,US,visa,credit
443837,00-99,FIFTH THIRD BANK,US,visa,credit
443838,00-99,AMERIS BANK,US,visa,debit
443839,00-99,PACIFIC PREMIER BANK,US,visa,debit
443840,00-99,BANCO DE POUPANCA E CREDITO S.A.R.L.,AO,visa,credit
443841,00-99,BANCO DE POUPANCA E CREDITO S.A.R.L.,AO,visa,credit
443842,00-99,BANCO DE POUPANCA E CREDITO S.A.R.L.,AO,visa,credit
443843,00-99,BANCO DE POUPANCA E CREDITO S.A.R.L.,AO,visa,debit
443844,00-99,BANCO DE POUPANCA E CREDITO S.A.R.L.,AO,visa,debit
443845,00-99,MBANK S.A.,PL,visa,debit
443846,00-99,BCSC S.A.- BANCO CAJA SOCIAL BCSC - BANCO CAJA SOCIAL,CO,visa,credit
443847,00-99,BCSC S.A.- BANCO CAJA SOCIAL BCSC - BANCO CAJA SOCIAL,CO,visa,credit
443848,00-99,,US,visa,credit
443849,00-99,BCSC S.A.- BANCO CAJA SOCIAL BCSC - BANCO CAJA SOCIAL,CO,visa,credit
443850,00-99,FIFTH THIRD BANK,US,visa,credit
443851,00-99,EMIRATES ISLAMIC BANK P.J.S.C.,AE,visa,debit
443852,00-99,,US,visa,credit
443853,00-99,,US,visa,credit
443854,00-99,BANCO BILBAO VIZCAYA ARGENTARIA CHILE,CL,visa,credit
443855,00-99,NOVA LJUBLJANSKA BANKA D.D.,SI,visa,debit
443856,00-99,SANTANDER UK PLC,GB,visa,credit
443857,00-99,NOVO BANCO,PT,visa,debit
443858,00-99,BANCO PROMERICA S.A.,SV,visa,credit
443859,00-99,,US,visa,credit
443860,00-99,UNION BANK N.A.,US,visa,debit
443861,00-99,CORPBANCA,CL,visa,credit
443862,00-99,ZENITH BANK,NG,visa,debit
443863,00-99,,US,visa,credit
443864,00-99,JSC SB RBS (KAZAKHSTAN),KZ,visa,credit
443865,00-99,JSC SB RBS (KAZAKHSTAN),KZ,visa,credit
443866,00-99,JSC PROCREDIT BANK,GE,visa,debit
443867,00-99,WORLDLINE,DE,visa,credit
443868,00-99,JSC LIBERTY BANK,GE,visa,credit
443869,00-99,POWSZECHNA KASA OSZCZEDNOSCI BANK POLSKI SA (PKO BANK POLSKI SA),PL,visa,credit
443870,00-99,POWSZECHNA KASA OSZCZEDNOSCI BANK POLSKI SA (PKO BANK POLSKI SA),PL,visa,credit
443871,00-99,PJSC DELTA BANK,UA,visa,credit
443872,00-99,PJSC DELTA BANK,UA,visa,debit
443873,00-99,PJSC VTB BANK,UA,visa,credit
443874,00-99,PJSC VTB BANK,UA,visa,debit
443875,00-99,PJSC VTB BANK,UA,visa,debit
443876,00-99,OJSC BANK SEVERNUY MORSKOY PUT,RU,visa,debit
443877,00-99,EASYBANK,AT,visa,credit
443878,00-99,PJSC BANK CAMBIO,UA,visa,debit
443879,00-99,PJSC BANK CAMBIO,UA,visa,debit
443880,00-99,PJSC PLATINUM BANK,UA,visa,credit
443881,00-99,PJSC PLATINUM BANK,UA,visa,credit
443882,00-99,,US,visa,credit
443883,00-99,,US,visa,credit
443884,00-99,OAO VOSTOCHNY EXPRESS BANK,RU,visa,debit
443885,00-99,OAO VOSTOCHNY EXPRESS BANK,RU,visa,debit
443886,00-99,PUBLIC JOINT-STOCK COMPANY SOVCOMBANK,RU,visa,credit
443887,00-99,OAO VOSTOCHNY EXPRESS BANK,RU,visa,credit
443888,00-99,OAO VOSTOCHNY EXPRESS BANK,RU,visa,debit
443889,00-99,PARABANK STOCK-COMMERCE BANK,AZ,visa,debit
443890,00-99,EASYBANK AG,AT,visa,credit
443891,00-99,BANQUE SAHELO-SAHARIENNE POUR L'INVESTISSEMENT ET LE COMMERCE MALI SA,ML,visa,debit
443892,00-99,BANCO G&T CONTINENTAL S.A.,GT,visa,credit
443893,00-99,FIRST BANK OF NIGERIA PLC,NG,visa,credit
443894,00-99,COLLABRIA FINANCIAL SERVICES INC.,CA,visa,credit
443895,00-99,COLLABRIA FINANCIAL SERVICES INC.,CA,visa,credit
443896,00-99,COLLABRIA FINANCIAL SERVICES,CA,visa,credit
443897,00-99,COLLABRIA FINANCIAL SERVICES INC.,CA,visa,credit
443898,00-99,COLLABRIA FINANCIAL SERVICES,CA,visa,credit
443899,00-99,COLLABRIA FINANCIAL SERVICES,CA,visa,credit
443900,00-99,THE POCA VALLEY BANK INC.,US,visa,debit
443901,00-99,BANK OF AMERICA NATIONAL ASSOCIATION,US,visa,credit
443902,00-99,MEMBERS 1ST CREDIT UNION,US,visa,debit
443903,00-99,HEARTLAND BANK AND TRUST COMPANY,US,visa,debit
443904,00-99,FIRST NATIONAL BANK AND TRUST COMPANY,US,visa,debit
443905,00-99,,RU,visa,credit
443906,00-99,,RU,visa,credit
443907,00-99,,RU,visa,debit
443908,00-99,RAIFFEISENBANK A.D. BEOGRAD,RS,visa,credit
443909,00-99,RAIFFEISENBANK A.D. BEOGRAD,RS,visa,debit
443910,00-99,ZENITH BANK PLC,NG,visa,debit
443911,00-99,EMIRATES NBD,AE,visa,debit
443912,00-99,EMIRATES NBD BANK (P.J.S.C.),AE,visa,debit
443913,00-99,EMIRATES NBD,AE,visa,debit
443914,00-99,TCM BANK NATIONAL ASSOCIATION,US,visa,debit
443915,00-99,YANTIS FEDERAL CREDIT UNION,US,visa,debit
443916,00-99,WILMINGTON SAVINGS FUND SOCIETY FSB,US,visa,credit
443917,00-99,MVB BANK INC,US,visa,debit
443918,00-99,WEST-AIRCOMM FEDERAL CREDIT UNION,US,visa,debit
443919,00-99,OJSC BANK ESKHATA,TJ,visa,debit
443920,00-99,OJSC BANK ESKHATA,TJ,visa,debit
443921,00-99,OJSC BANK ESKHATA,TJ,visa,debit
443922,00-99,,BG,visa,credit
443923,00-99,,BG,visa,credit
443924,00-99,,BG,visa,debit
443925,00-99,SAUDI AWWAL BANK,SA,visa,credit
443926,00-99,AL RAJHI BANKING AND INVESTMENT CORP.,SA,visa,debit
443927,00-99,PROVISIONAL BID - COMPANY IZDIHAR FOR FINANCIAL TECHNOLOGY,SA,visa,debit
443928,00-99,NATIONAL COMMERCIAL BANK OF ANGUILLA,AI,visa,credit
443929,00-99,FIRSTCARIBBEAN INTERNATIONAL BANK (BARBADOS) LTD.,BB,visa,credit
443930,00-99,FIRSTCARIBBEAN INTERNATIONAL BANK (BARBADOS) LTD.,AG,visa,credit
443931,00-99,FIRSTCARIBBEAN INTERNATIONAL BANK (BARBADOS) LTD.,BB,visa,credit
443932,00-99,FIRSTCARIBBEAN INTERNATIONAL BANK (BARBADOS) LTD.,BZ,visa,credit
443933,00-99,FIRSTCARIBBEAN INTERNATIONAL BANK (BARBADOS) LTD.,BZ,visa,credit
443934,00-99,FIRSTCARIBBEAN INTERNATIONAL BANK (BARBADOS) LTD.,DM,visa,credit
443935,00-99,FIRSTCARIBBEAN INTERNATIONAL BANK (BARBADOS) LTD.,DM,visa,credit
443936,00-99,FIRSTCARIBBEAN INTERNATIONAL BANK (BARBADOS) LTD.,GD,visa,credit
443937,00-99,FIRSTCARIBBEAN INTERNATIONAL BANK (BARBADOS) LTD.,GD,visa,credit
443938,00-99,FIRSTCARIBBEAN INTERNATIONAL BANK (BARBADOS) LTD.,KN,visa,credit
443939,00-99,FIRSTCARIBBEAN INTERNATIONAL BANK (BARBADOS) LTD.,KN,visa,credit
443940,00-99,FIRSTCARIBBEAN INTERNATIONAL BANK (BARBADOS) LTD.,LC,visa,credit
443941,00-99,FIRSTCARIBBEAN INTERNATIONAL BANK (BARBADOS) LTD.,LC,visa,credit
443942,00-99,FIRSTCARIBBEAN INTERNATIONAL BANK (BAHAMAS) LTD.,BS,visa,credit
443943,00-99,FIRSTCARIBBEAN INTERNATIONAL BANK (BAHAMAS) LTD.,BS,visa,credit
443944,00-99,FIRSTCARIBBEAN INTERNATIONAL BANK (JAMAICA) LTD.,JM,visa,credit
443945,00-99,FIRSTCARIBBEAN INTERNATIONAL BANK (JAMAICA) LTD.,JM,visa,credit
443946,00-99,AL BILAD BANK,SA,visa,debit
443947,00-99,FIRSTCARIBBEAN INTERNATIONAL BANK (BAHAMAS) LTD.,BS,visa,credit
443948,00-99,FIRSTCARIBBEAN INTERNATIONAL BANK (BAHAMAS) LTD.,TC,visa,credit
443949,00-99,FIRSTCARIBBEAN INTERNATIONAL BANK (CAYMAN) LTD.,KY,visa,credit
443950,00-99,FIRSTCARIBBEAN INTERNATIONAL BANK (CAYMAN) LTD.,KY,visa,credit
443951,00-99,SOCIETE GENERALE S.A.,FR,visa,debit
443952,00-99,SOCIETE GENERALE S.A.,FR,visa,credit
443953,00-99,SOCIETE GENERALE S.A.,FR,visa,debit
443954,00-99,BANCO LAFISE S.A.,HN,visa,credit
443955,00-99,BANK MILLENNIUM S.A.,PL,visa,credit
443956,00-99,BANCO MULTIPLE PROMERICA DE LA REPUBLICA DOMINICANA S.A.,DO,visa,credit
443957,00-99,BANCO BPI,PT,visa,debit
443958,00-99,BANQUE DE TUNISIE,TN,visa,debit
443959,00-99,EMIRATES NBD BANK (P.J.S.C.),AE,visa,credit
443960,00-99,NEDBANK LESOTHO,ZA,visa,credit
443961,00-99,FIRSTCARIBBEAN INTERNATIONAL BANK (BAHAMAS) LTD.,TC,visa,credit
443962,00-99,FIRST NATIONAL BANK OF SWAZILAND,SZ,visa,debit
443963,00-99,BANCO DE FOMENTO SARL,AO,visa,debit
443964,00-99,SOCIETE GENERALE MAROCAINE DE BANQUES,MA,visa,debit
443965,00-99,QATAR INTERNATIONAL ISLAMIC BANK,QA,visa,credit
443966,00-99,EMIRATES ISLAMIC BANK P.J.S.C.,AE,visa,credit
443967,00-99,THE COMMERCIAL BANK OF KUWAIT S.A.K.,KW,visa,credit
443968,00-99,THE COMMERCIAL BANK OF KUWAIT S.A.K.,KW,visa,credit
443969,00-99,,GB,visa,credit
443970,00-99,,US,visa,credit
443971,00-99,,US,visa,credit
443972,00-99,,US,visa,credit
443973,00-99,GARANTI BANK S.A.,RO,visa,debit
443974,00-99,FIRSTCARIBBEAN INTERNATIONAL BANK (BAHAMAS) LTD.,TC,visa,credit
443975,00-99,FIRSTCARIBBEAN INTERNATIONAL BANK (CAYMAN) LTD.,CW,visa,credit
443976,00-99,FIRSTCARIBBEAN INTERNATIONAL BANK (CAYMAN) LTD.,CW,visa,credit
443977,00-99,BANCO SANTANDER PORTUGAL,PT,visa,credit
443978,00-99,BANCO SANTANDER TOTTA S.A.,PT,visa,debit
443979,00-99,INVERSIONES PLATCO C.A.,VE,visa,debit
443980,00-99,FIRSTCARIBBEAN INTERNATIONAL BANK (BARBADOS) LTD.,AI,visa,credit
443981,00-99,FIRSTCARIBBEAN INTERNATIONAL BANK (BARBADOS) LTD.,AG,visa,credit
443982,00-99,FIRSTCARIBBEAN INTERNATIONAL BANK (BARBADOS) LTD.,VC,visa,credit
443983,00-99,FIRSTCARIBBEAN INTERNATIONAL BANK (BARBADOS) LTD.,VC,visa,credit
443984,00-99,,AW,visa,credit
443985,00-99,FIRSTCARIBBEAN INTERNATIONAL BANK (CAYMAN) LTD.,VG,visa,credit
443986,00-99,FIRSTCARIBBEAN INTERNATIONAL BANK (CAYMAN) LTD.,VG,visa,credit
443987,00-99,,US,visa,credit
443988,00-99,,BE,visa,credit
443989,00-99,,US,visa,credit
443990,00-99,LIFECARD CO. LTD.,JP,visa,credit
443991,00-99,,US,visa,credit
443992,00-99,AHLI BANK Q.S.C.,QA,visa,credit
443993,00-99,AHLI BANK Q.S.C.,QA,visa,debit
443994,00-99,,RU,visa,debit
443995,00-99,BOUBYAN BANK K.S.C.,KW,visa,credit
443996,00-99,,US,visa,credit
443997,00-99,OPTIMA BANK OJSC,KG,visa,credit
443998,00-99,PJS SCBP PRIMSOTSBANK,RU,visa,credit
443999,00-99,,RU,visa,credit
444000,00-99,CLYDESDALE BANK PLC,GB,visa,debit
444001,00-99,CLYDESDALE BANK PLC,GB,visa,debit
444002,00-99,PUBLIC JOINT-STOCK COMPANY BANK OTKRITIE FINANCIAL CORPORATION,RU,visa,credit
444003,00-99,BANQUE MAURITANIENNE POUR LE COMMERCE INTERNATIONAL,MR,visa,debit
444004,00-99,BANQUE ISLAMIQUE DE MAURITANIE,MR,visa,debit
444005,00-99,LLOYDS BANK PLC,GB,visa,credit
444006,00-99,LLOYDS BANK PLC,GB,visa,credit
444007,00-99,LLOYDS BANK PLC,GB,visa,debit
444008,00-99,LLOYDS BANK PLC,GB,visa,debit
444009,00-99,PIRAEUS BANK A.D. BEOGRAD,ME,visa,debit
444010,00-99,PNC FINANCIAL SERVICES GROUP INC.,US,visa,credit
444011,00-99,ICBA BANCARD INC.,US,visa,debit
444012,00-99,BROWN-FORMAN EMPLOYEES CREDIT UNION,US,visa,debit
444013,00-99,PLAINSCAPITAL BANK,US,visa,credit
444014,00-99,TCM BANK NATIONAL ASSOCIATION,US,visa,credit
444015,00-99,CORNERSTONE COMMUNITY FINANCIAL FEDERAL CREDIT UNION,US,visa,credit
444016,00-99,MAURITIUS COMMERCIAL BANK LTD.,MV,visa,debit
444017,00-99,GRACO FEDERAL CREDIT UNION,US,visa,debit
444018,00-99,U.S. BANK N.A.,US,visa,debit
444019,00-99,FIRST FINANCIAL BANK,US,visa,debit
444020,00-99,CAPITAL BANK S.A.,HT,visa,debit
444021,00-99,,US,visa,credit
444022,00-99,BANCO UNION S.A.,BO,visa,debit
444023,00-99,PUBLIC JOINT-STOCK COMPANY BANK OTKRITIE FINANCIAL CORPORATION,RU,visa,credit
444024,00-99,PUBLIC JOINT-STOCK COMPANY BANK OTKRITIE FINANCIAL CORPORATION,RU,visa,credit
444025,00-99,PUBLIC JOINT-STOCK COMPANY BANK OTKRITIE FINANCIAL CORPORATION,RU,visa,debit
444026,00-99,GUYANA BANK FOR TRADE & INDUSTRY LTD.,GY,visa,credit
444027,00-99,ABANCA CORPORACION BANCARIA S.A,ES,visa,credit
444028,00-99,TURKIYE VAKIFLAR BANKASI T.A.O.,TR,visa,debit
444029,00-99,FINANSBANK A.S.,TR,visa,credit
444030,00-99,FIRST ABU DHABI BANK PJSC,BH,visa,credit
444031,00-99,FIRST ABU DHABI BANK PJSC,BH,visa,credit
444032,00-99,FIRST ABU DHABI BANK PJSC,BH,visa,credit
444033,00-99,THE NATIONAL BANK OF UMM AL-QAIWAIN PSC.,AE,visa,credit
444034,00-99,THE NATIONAL BANK OF UMM AL-QAIWAIN PSC.,AE,visa,debit
444035,00-99,THE NATIONAL BANK OF UMM AL-QAIWAIN PSC.,AE,visa,debit
444036,00-99,OJSC BANK UNIVERSAL,UA,visa,credit
444037,00-99,OJSC BANK UNIVERSAL,UA,visa,credit
444038,00-99,OJSC BANK UNIVERSAL,UA,visa,debit
444039,00-99,OJSC BANK UNIVERSAL,UA,visa,debit
444040,00-99,OJSC BANK UNIVERSAL,UA,visa,debit
444041,00-99,OJSC BANK UNIVERSAL,UA,visa,debit
444042,00-99,OJSC BANK UNIVERSAL,UA,visa,debit
444043,00-99,,AE,visa,credit
444044,00-99,BANCO DE CREDITO CENTROAMERICANO S.A. (BANCENTRO),NI,visa,debit
444045,00-99,BANCO DE CREDITO CENTROAMERICANO S.A. (BANCENTRO),NI,visa,debit
444046,00-99,BANCO DE CREDITO CENTROAMERICANO S.A. (BANCENTRO),NI,visa,debit
444047,00-99,BANCO DE LA NACION ARGENTINA,AR,visa,debit
444048,00-99,,LV,visa,debit
444049,00-99,DOHA BANK LTD.,AE,visa,credit
444050,00-99,AMERICAN NATIONAL BANK,US,visa,credit
444051,00-99,THE FEDERAL SAVINGS BANK,US,visa,debit
444052,00-99,THE FIRST STATE BANK,US,visa,debit
444053,00-99,AZERIGAZBANK OJSC,AZ,visa,credit
444054,00-99,ITAU,BR,visa,credit
444055,00-99,ISRAEL DISCOUNT BANK OF NEW YORK,US,visa,debit
444056,00-99,OTP BANKA D.D.,HR,visa,credit
444057,00-99,,MX,visa,debit
444058,00-99,BANCO MULTIPLE PROMERICA DE LA REPUBLICA DOMINICANA S.A.,DO,visa,credit
444059,00-99,BANCO MULTIPLE PROMERICA DE LA REPUBLICA DOMINICANA S.A.,DO,visa,credit
444060,00-99,COMPANIA FINANCIERA ARGENTINA S.A.,AR,visa,debit
444061,00-99,KAGOSHIMA CARD CO. LTD.,JP,visa,credit
444062,00-99,CHINESE BANK,TW,visa,debit
444063,00-99,GUARANTY BANK AND TRUST COMPANY,US,visa,credit
444064,00-99,SAMPATH BANK LTD.,LK,visa,debit
444065,00-99,BANCO PROMERICA S.A.,HN,visa,credit
444066,00-99,BOK FINANCIAL,US,visa,debit
444067,00-99,THE SECURITY NATIONAL BANK OF ENID,US,visa,debit
444068,00-99,BOK FINANCIAL,US,visa,debit
444069,00-99,BOK FINANCIAL,US,visa,debit
444070,00-99,BOK FINANCIAL,US,visa,debit
444071,00-99,THE STATE BANK OF WYNNEWOOD,US,visa,debit
444072,00-99,SUPERIOR CHOICE CREDIT UNION,US,visa,debit
444073,00-99,BOK FINANCIAL,US,visa,debit
444074,00-99,LUFKIN FEDERAL CREDIT UNION,US,visa,debit
444075,00-99,TRIAD BANK NATIONAL ASSOCIATION,US,visa,debit
444076,00-99,,US,visa,credit
444077,00-99,JSC HOME CREDIT BANK,KZ,visa,debit
444078,00-99,,US,visa,credit
444079,00-99,,US,visa,credit
444080,00-99,,US,visa,credit
444081,00-99,ALLEGIANCE FEDERAL CREDIT UNION,US,visa,debit
444082,00-99,EATON COMMUNITY BANK,US,visa,debit
444083,00-99,U.S. BANK NATIONAL ASSOCIATION,US,visa,debit
444084,00-99,FIRST NATIONAL BANK SOUTH,US,visa,debit
444085,00-99,BBVA BANCOMER S.A.,MX,visa,credit
444086,00-99,BBVA BANCOMER S.A.,MX,visa,credit
444087,00-99,,MX,visa,credit
444088,00-99,COOPERATIVA DE AHORRO Y CREDITO PILAHUIN TIO LTDA.,EC,visa,debit
444089,00-99,BANCO GENERAL S.A.,PA,visa,credit
444090,00-99,HYUNDAI CARD COMPANY LTD.,KR,visa,credit
444091,00-99,CAYMAN NATIONAL BANK LTD.,KY,visa,credit
444092,00-99,INTERNATIONAL BANKING GROUP (TCI) LTD.,KY,visa,credit
444093,00-99,,US,visa,credit
444094,00-99,PUBLIC JOINT-STOCK COMPANY SOVCOMBANK,RU,visa,credit
444095,00-99,OCBC BANK (MACAU) LTD.,MO,visa,credit
444096,00-99,BNP PARIBAS EL DJAZAIR - SPA,DZ,visa,debit
444097,00-99,,US,visa,credit
444098,00-99,,US,visa,credit
444099,00-99,BANK OF CEYLON,LK,visa,credit
444100,00-99,,US,visa,credit
444101,00-99,,US,visa,credit
444102,00-99,,US,visa,credit
444103,00-99,,US,visa,credit
444104,00-99,,US,visa,credit
444105,00-99,,US,visa,credit
444106,00-99,,US,visa,credit
444107,00-99,,CO,visa,debit
444108,00-99,,US,visa,credit
444109,00-99,,US,visa,credit
444110,00-99,,US,visa,credit
444111,00-99,JSC UNIVERSAL BANK,UA,visa,credit
444112,00-99,,US,visa,credit
444113,00-99,,US,visa,credit
444114,00-99,,US,visa,credit
444115,00-99,,US,visa,credit
444116,00-99,,US,visa,credit
444117,00-99,,ID,visa,debit
444118,00-99,,US,visa,credit
444119,00-99,,US,visa,credit
444120,00-99,,US,visa,credit
444121,00-99,,GB,visa,credit
444122,00-99,,GB,visa,credit
444123,00-99,,US,visa,credit
444124,00-99,,US,visa,credit
444125,00-99,,PK,visa,debit
444126,00-99,,US,visa,credit
444127,00-99,,US,visa,credit
444128,00-99,,US,visa,credit
444129,00-99,,US,visa,credit
444130,00-99,,US,visa,credit
444131,00-99,,US,visa,credit
444132,00-99,,US,visa,credit
444133,00-99,,IE,visa,credit
444134,00-99,,US,visa,credit
444135,00-99,,US,visa,credit
444136,00-99,,US,visa,credit
444137,00-99,,US,visa,credit
444138,00-99,,US,visa,credit
444139,00-99,,US,visa,credit
444140,00-99,,SG,visa,credit
444141,00-99,,US,visa,credit
444142,00-99,,US,visa,credit
444143,00-99,,US,visa,credit
444144,00-99,,US,visa,credit
444145,00-99,,ES,visa,credit
444146,00-99,,US,visa,credit
444147,00-99,,US,visa,credit
444148,00-99,,US,visa,credit
444149,00-99,,US,visa,credit
444150,00-99,,US,visa,credit
444151,00-99,,US,visa,credit
444152,00-99,,US,visa,credit
444153,00-99,,US,visa,credit
444154,00-99,,US,visa,credit
444155,00-99,,US,visa,credit
444156,00-99,,US,visa,credit
444157,00-99,,US,visa,credit
444158,00-99,,US,visa,credit
444159,00-99,,IN,visa,debit
444160,00-99,,US,visa,credit
444161,00-99,,US,visa,credit
444162,00-99,,US,visa,credit
444163,00-99,,US,visa,credit
444164,00-99,,US,visa,credit
444165,00-99,,BR,visa,credit
444166,00-99,,US,visa,credit
444167,00-99,,US,visa,credit
444168,00-99,,US,visa,credit
444169,00-99,,US,visa,credit
444170,00-99,,MY,visa,debit
444171,00-99,,US,visa,credit
444172,00-99,,US,visa,credit
444173,00-99,,US,visa,credit
444174,00-99,,ZA,visa,debit
444175,00-99,,US,visa,credit
444176,00-99,,US,visa,credit
444177,00-99,,US,visa,credit
444178,00-99,,US,visa,credit
444179,00-99,,US,visa,credit
444180,00-99,,US,visa,credit
444181,00-99,,US,visa,credit
444182,00-99,,US,visa,credit
444183,00-99,,US,visa,credit
444184,00-99,,US,visa,credit
444185,00-99,,US,visa,credit
444186,00-99,,US,visa,credit
444187,00-99,,US,visa,credit
444188,00-99,,US,visa,credit
444189,00-99,,US,visa,credit
444190,00-99,,US,visa,credit
444191,00-99,,US,visa,credit
444192,00-99,ALLEGACY FEDERAL CREDIT UNION,US,visa,credit
444193,00-99,,US,visa,credit
444194,00-99,,MA,visa,debit
444195,00-99,,US,visa,credit
444196,00-99,CREDIT ONE BANK N.A.,US,visa,credit
444197,00-99,,US,visa,credit
444198,00-99,,US,visa,credit
444199,00-99,,US,visa,credit
444200,00-99,SERVICE CREDIT UNION,US,visa,debit
444201,00-99,CHICAGO FIREFIGHTER'S CREDIT UNION,US,visa,debit
444202,00-99,SERVICE CREDIT UNION,US,visa,debit
444203,00-99,PREMIER MEMBERS CREDIT UNION,US,visa,credit
444204,00-99,U. S. EAGLE FEDERAL CREDIT UNION,US,visa,credit
444205,00-99,FAMILY SECURITY CREDIT UNION,US,visa,credit
444206,00-99,TENNESSEE VALLEY FEDERAL CREDIT UNION,US,visa,debit
444207,00-99,DUBOIS-PIKE FEDERAL CREDIT UNION,US,visa,credit
444208,00-99,AMERICA'S CREDIT UNION,US,visa,credit
444209,00-99,ENTERPRISE BANK & TRUST,US,visa,credit
444210,00-99,MONARCH FEDERAL CREDIT UNION,US,visa,debit
444211,00-99,TCP CREDIT UNION,US,visa,debit
444212,00-99,AFG BANK MALI,ML,visa,debit
444213,00-99,UNITED CITIZENS BANK OF SOUTHERN KENTUCKY,US,visa,debit
444214,00-99,ITAU UNIBANCO S.A.,BR,visa,credit
444215,00-99,ITAU UNIBANCO S.A.,BR,visa,credit
444216,00-99,BANCO BRADESCO S.A.,BR,visa,debit
444217,00-99,ITAU UNIBANCO S.A.,BR,visa,credit
444218,00-99,ITAU UNIBANCO S.A.,BR,visa,credit
444219,00-99,ALLEGACY FEDERAL CREDIT UNION,US,visa,credit
444220,00-99,SOCIETE GENERALE EXPRESSBANK,BG,visa,credit
444221,00-99,SOCIETE GENERALE EXPRESSBANK,BG,visa,credit
444222,00-99,SOCIETE GENERALE EXPRESSBANK,BG,visa,credit
444223,00-99,SOCIETE GENERALE EXPRESSBANK,BG,visa,debit
444224,00-99,UNICRE - INSTITUICAO FINANCEIRA DE CREDITO S.A.,PT,visa,credit
444225,00-99,UNICRE - INSTITUICAO FINANCEIRA DE CREDITO S.A.,PT,visa,credit
444226,00-99,UNICRE - INSTITUICAO FINANCEIRA DE CREDITO S.A.,PT,visa,debit
444227,00-99,UNICRE - INSTITUICAO FINANCEIRA DE CREDITO S.A.,PT,visa,debit
444228,00-99,TELLER A.S.,NO,visa,credit
444229,00-99,TELLER A.S.,NO,visa,debit
444230,00-99,TELLER A.S.,NO,visa,debit
444231,00-99,TELLER A.S.,NO,visa,debit
444232,00-99,JSCB INDUSTRIALBANK,UA,visa,credit
444233,00-99,JSCB INDUSTRIALBANK,UA,visa,credit
444234,00-99,JSCB INDUSTRIALBANK,UA,visa,debit
444235,00-99,JSCB INDUSTRIALBANK,UA,visa,debit
444236,00-99,JSCB INDUSTRIALBANK,UA,visa,debit
444237,00-99,JSCB INDUSTRIALBANK,UA,visa,debit
444238,00-99,OJSC BANK SEVERNUY MORSKOY PUT,RU,visa,debit
444239,00-99,OJSC BANK SEVERNUY MORSKOY PUT,RU,visa,debit
444240,00-99,OJSC BANK SEVERNUY MORSKOY PUT,RU,visa,debit
444241,00-99,SEVERNY MORSKOY PUT OPEN JOINT STOCK COMPANY (OJSC),RU,visa,credit
444242,00-99,,US,visa,credit
444243,00-99,,US,visa,credit
444244,00-99,JSC SOTSINVESTBANK,RU,visa,debit
444245,00-99,IK BANK,RU,visa,debit
444246,00-99,,US,visa,credit
444247,00-99,,US,visa,credit
444248,00-99,BANCO SANTANDER TOTTA S.A.,PT,visa,debit
444249,00-99,,AG,visa,debit
444250,00-99,JPMORGAN CHASE BANK N.A.,US,visa,credit
444251,00-99,CALHOUN-LIBERTY EMPLOYEES CREDIT UNION,US,visa,debit
444252,00-99,PACIFIC CREST FEDERAL CREDIT UNION,US,visa,credit
444253,00-99,UTILITIES EMPLOYEES CREDIT UNION,US,visa,debit
444254,00-99,SAINT JOE VALLEY CREDIT UNION,US,visa,debit
444255,00-99,BIZ INSTITUICAO DE PAGAMENTO LTDA,BR,visa,debit
444256,00-99,CARD SERVICES FOR CREDIT UNIONS,US,visa,debit
444257,00-99,CARD SERVICES FOR CREDIT UNIONS,US,visa,debit
444258,00-99,LYNCHBURG MUNICIPAL EMPLOYEES FEDERAL CREDIT UNION,US,visa,debit
444259,00-99,CARD SERVICES FOR CREDIT UNIONS,US,visa,debit
444260,00-99,CENTER CITY COMMUNITY CREDIT UNION,US,visa,debit
444261,00-99,INDUSIND BANK LTD.,IN,visa,debit
444262,00-99,JACKSONVILLE POSTAL AND PROFESSIONAL CREDIT UNION,US,visa,debit
444263,00-99,CARD SERVICES FOR CREDIT UNIONS,US,visa,debit
444264,00-99,SERVICE CREDIT UNION,US,visa,debit
444265,00-99,WELLS FARGO BANK N.A.,US,visa,debit
444266,00-99,PINPOINT FEDERAL CREDIT UNION,US,visa,debit
444267,00-99,PRISMA MEDIOS DE PAGO S.A.U.,AR,visa,debit
444268,00-99,PRISMA MEDIOS DE PAGO S.A.U.,AR,visa,debit
444269,00-99,CARD SERVICES FOR CREDIT UNIONS,US,visa,debit
444270,00-99,CARD SERVICES FOR CREDIT UNIONS,US,visa,debit
444271,00-99,CARD SERVICES FOR CREDIT UNIONS,US,visa,debit
444272,00-99,PACIFIC CREST FEDERAL CREDIT UNION,US,visa,debit
444273,00-99,,US,visa,debit
444274,00-99,,US,visa,credit
444275,00-99,GOLDENWEST FEDERAL CREDIT UNION,US,visa,credit
444276,00-99,WELLS FARGO BANK N.A.,US,visa,debit
444277,00-99,SUTTON BANK,US,visa,credit
444278,00-99,FIRST NATIONAL BANK OF OMAHA,US,visa,credit
444279,00-99,FIRST NATIONAL BANK OF OMAHA,US,visa,credit
444280,00-99,JPMORGAN CHASE BANK N.A.,US,visa,credit
444281,00-99,JPMORGAN CHASE BANK N.A.,US,visa,credit
444282,00-99,JPMORGAN CHASE BANK N.A.,US,visa,credit
444283,00-99,FIRST NATIONAL BANK OF OMAHA,US,visa,credit
444284,00-99,JPMORGAN CHASE BANK N.A.,US,visa,credit
444285,00-99,BANCO HIPOTECARIO DE EL SALVADOR S.A.,SV,visa,debit
444286,00-99,FIRST NATIONAL BANK OF OMAHA,US,visa,credit
444287,00-99,SAFE CREDIT UNION,US,visa,credit
444288,00-99,,US,visa,debit
444289,00-99,,US,visa,debit
444290,00-99,JPMORGAN CHASE BANK N.A.,US,visa,debit
444291,00-99,TRADITIONS BANK,US,visa,credit
444292,00-99,ICBA BANCARD,US,visa,credit
444293,00-99,TRADITIONS BANK,US,visa,credit
444294,00-99,SUMMIT BANK,US,visa,credit
444295,00-99,STEARNS BANK NATIONAL ASSOCIATION,US,visa,debit
444296,00-99,BANK OF AMERICA N.A. - MERRILL LYNCH,US,visa,debit
444297,00-99,TAICHUNG COMMERCIAL BANK,TW,visa,credit
444298,00-99,TAICHUNG COMMERCIAL BANK,TW,visa,credit
444299,00-99,METRO CREDIT UNION,US,visa,credit
444300,00-99,CHASE BANK USA N.A.,US,visa,credit
444301,00-99,TOTAL COMMUNITY CREDIT UNION,US,visa,debit
444302,00-99,THE BANCORP BANK NATIONAL ASSOCIATION,US,visa,debit
444303,00-99,PACIFIC CASCADE FEDERAL CREDIT UNION,US,visa,debit
444304,00-99,SOUTH BAY CREDIT UNION,US,visa,debit
444305,00-99,WELLS FARGO BANK N.A.,US,visa,credit
444306,00-99,SOUTHPOINT FINANCIAL CREDIT UNION,US,visa,credit
444307,00-99,BANKPLUS,US,visa,credit
444308,00-99,WELLS FARGO BANK N.A.,US,visa,credit
444309,00-99,KAUAI FEDERAL CREDIT UNION,US,visa,credit
444310,00-99,MERCHANTS AND MANUFACTURERS BANK,US,visa,credit
444311,00-99,IRAQ ELECTRONIC GATE FOR FINANCIAL SERVICES CO. LTD.,IQ,visa,credit
444312,00-99,THE SAUDI INVESTMENT BANK,SA,visa,credit
444313,00-99,JPMORGAN CHASE BANK N.A.,US,visa,credit
444314,00-99,JPMORGAN CHASE BANK N.A.,US,visa,credit
444315,00-99,JPMORGAN CHASE BANK N.A.,US,visa,credit
444316,00-99,JPMORGAN CHASE BANK N.A.,US,visa,credit
444317,00-99,JPMORGAN CHASE BANK N.A.,US,visa,credit
444318,00-99,JPMORGAN CHASE BANK N.A.,US,visa,credit
444319,00-99,JPMORGAN CHASE BANK N.A.,US,visa,credit
444320,00-99,LEWIS & CLARK BANK,US,visa,credit
444321,00-99,BANCO BDI S.A.,DO,visa,credit
444322,00-99,ISRAEL CREDIT CARDS LTD.,IL,visa,credit
444323,00-99,JPMORGAN CHASE BANK N.A.,US,visa,credit
444324,00-99,THE BANK OF MARION,US,visa,credit
444325,00-99,BRANCH BANKING AND TRUST COMPANY,US,visa,credit
444326,00-99,FIRST UNITED BANK & TRUST,US,visa,credit
444327,00-99,UNITED COMMUNITY BANK,US,visa,debit
444328,00-99,UNITY ONE CREDIT UNION,US,visa,credit
444329,00-99,THE LINCOLN NATIONAL BANK OF HODGENVILLE,US,visa,debit
444330,00-99,SCOTT CREDIT UNION,US,visa,debit
444331,00-99,UFIRST FEDERAL CREDIT UNION,US,visa,debit
444332,00-99,UNITED HERITAGE CREDIT UNION,US,visa,debit
444333,00-99,QATAR NATIONAL BANK (Q.P.S.C.),QA,visa,credit
444334,00-99,RELIANT BANK,US,visa,credit
444335,00-99,CARD SERVICES FOR CREDIT UNIONS,US,visa,debit
444336,00-99,JPMORGAN CHASE BANK N.A.,US,visa,credit
444337,00-99,UNITED LABOR CREDIT UNION,US,visa,debit
444338,00-99,EDWARDS FEDERAL CREDIT UNION,US,visa,credit
444339,00-99,,US,visa,credit
444340,00-99,SERVICE ONE CREDIT UNION INC,US,visa,credit
444341,00-99,IDFC FIRST BANK LTD.,IN,visa,credit
444342,00-99,,US,visa,credit
444343,00-99,,AU,visa,credit
444344,00-99,JPMORGAN CHASE BANK N.A.,US,visa,credit
444345,00-99,,US,visa,credit
444346,00-99,RBC BANK (GEORGIA) N.A.,US,visa,debit
444347,00-99,GREENVILLE NATIONAL BANK,US,visa,credit
444348,00-99,SERVICE ONE CREDIT UNION INC,US,visa,credit
444349,00-99,,US,visa,debit
444350,00-99,KB KOOKMIN CARD CO. LTD.,KR,visa,credit
444351,00-99,JPMORGAN CHASE BANK N.A.,US,visa,credit
444352,00-99,FIRST FINANCIAL BANK,US,visa,credit
444353,00-99,UNIVERSITY OF ILLINOIS COMMUNITY CREDIT UNION,US,visa,debit
444354,00-99,WESTERN NEBRASKA BANK,US,visa,credit
444355,00-99,TRI COUNTIES BANK,US,visa,debit
444356,00-99,BANCO BAC SAN JOSE S.A.,CR,visa,credit
444357,00-99,WEST PLAINS BANK AND TRUST COMPANY,US,visa,credit
444358,00-99,BARCLAYS BANK,US,visa,credit
444359,00-99,JPMORGAN CHASE BANK N.A.,US,visa,credit
444360,00-99,COLUMBIA BANK,US,visa,debit
444361,00-99,PNC FINANCIAL SERVICES GROUP INC.,US,visa,credit
444362,00-99,JPMORGAN CHASE BANK N.A.,US,visa,credit
444363,00-99,JPMORGAN CHASE BANK N.A.,US,visa,credit
444364,00-99,JPMORGAN CHASE BANK N.A.,US,visa,credit
444365,00-99,,US,visa,credit
444366,00-99,INTL HDQTRS-CENTER OWNED,FK,visa,credit
444367,00-99,BANK OF AMERICA NATIONAL ASSOCIATION,US,visa,credit
444368,00-99,ACCESS BANK PLC,NG,visa,debit
444369,00-99,ICBA BANCARD,US,visa,credit
444370,00-99,JPMORGAN CHASE BANK N.A.,US,visa,credit
444371,00-99,FINOM PAYMENTS B.V.,ES,visa,debit
444372,00-99,GRECALE SOLUCOES EM MEIOS DE PAGAMENTO LTDA.,BR,visa,debit
444373,00-99,JPMORGAN CHASE BANK N.A.,US,visa,credit
444374,00-99,U.S. REGION,US,visa,credit
444375,00-99,U.S. REGION,US,visa,credit
444376,00-99,U.S. REGION,DK,visa,debit
444377,00-99,U.S. REGION,US,visa,credit
444378,00-99,,US,visa,credit
444379,00-99,MERRICK BANK,US,visa,credit
444380,00-99,PJSC FIDOBANK,UA,visa,debit
444381,00-99,JPMORGAN CHASE BANK N.A.,US,visa,credit
444382,00-99,JPMORGAN CHASE BANK N.A.,US,visa,credit
444383,00-99,JPMORGAN CHASE BANK N.A.,US,visa,credit
444384,00-99,JPMORGAN CHASE BANK N.A.,US,visa,credit
444385,00-99,SERVICE ONE CREDIT UNION INC,US,visa,credit
444386,00-99,JPMORGAN CHASE BANK N.A.,US,visa,credit
444387,00-99,JPMORGAN CHASE BANK N.A.,US,visa,credit
444388,00-99,LATROBE AREA HOSPITAL FEDERAL CREDIT UNION,US,visa,debit
444389,00-99,MIDLAND STATES BANK,US,visa,debit
444390,00-99,SECURED ADVANTAGE FEDERAL CREDIT UNION,US,visa,debit
444391,00-99,FIRST FEDERAL BANK,US,visa,debit
444392,00-99,,US,visa,debit
444393,00-99,BANK OF AMERICA - CONSUMER CREDIT,US,visa,credit
444394,00-99,EQUITY BANK,US,visa,debit
444395,00-99,BANK OF AMERICA - COMMERCIAL CREDIT,US,visa,credit
444396,00-99,EQUITY BANK,US,visa,debit
444397,00-99,ALINMA BANK,SA,visa,credit
444398,00-99,JPMORGAN CHASE BANK N.A.,US,visa,debit
444399,00-99,JPMORGAN CHASE BANK N.A.,US,visa,debit
444400,00-99,JPMORGAN CHASE BANK N.A.,US,visa,credit
444401,00-99,JPMORGAN CHASE BANK N.A.,US,visa,credit
444402,00-99,JPMORGAN CHASE BANK N.A.,US,visa,credit
444403,00-99,FRESNO POLICE DEPARTMENT CREDIT UNION,US,visa,debit
444404,00-99,CARD SERVICES FOR CREDIT UNIONS,US,visa,debit
444405,00-99,ALOHA PACIFIC FEDERAL CREDIT UNION,US,visa,debit
444406,00-99,PRIMETRUST FINANCIAL FEDERAL CREDIT UNION,US,visa,debit
444407,00-99,,US,visa,debit
444408,00-99,HOMETOWN FEDERAL CREDIT UNION,US,visa,debit
444409,00-99,SELECT SEVEN FEDERAL CREDIT UNION,US,visa,debit
444410,00-99,STURGIS BANK & TRUST COMPANY,US,visa,debit
444411,00-99,VISION BANK,SA,visa,credit
444412,00-99,LOCO CREDIT UNION,US,visa,debit
444413,00-99,WELLS FARGO BANK N.A.,US,visa,debit
444414,00-99,LAKELAND BANK,US,visa,debit
444415,00-99,U.S. BANK N.A.,US,visa,debit
444416,00-99,U-MASS/FIVE COLLEGE FEDERAL CREDIT UNION,US,visa,debit
444417,00-99,THE FIDELITY DEPOSIT AND DISCOUNT BANK,US,visa,debit
444418,00-99,VERITEX COMMUNITY BANK,US,visa,debit
444419,00-99,VERITEX COMMUNITY BANK,US,visa,debit
444420,00-99,CREDITO S.A.,NI,visa,debit
444421,00-99,CREDOMATIC DE EL SALVADOR S.A.,SV,visa,debit
444422,00-99,CREDOMATIC DE GUATEMALA S.A.,GT,visa,debit
444423,00-99,MEMBERS PLUS CREDIT UNION,US,visa,debit
444424,00-99,JSC SENSE BANK,UA,visa,credit
444425,00-99,WESTAR FEDERAL CREDIT UNION,US,visa,debit
444426,00-99,TRUNORTHERN FEDERAL CREDIT UNION,US,visa,debit
444427,00-99,PHILADELPHIA LETTER CARRIERS FEDERAL CREDIT UNION,US,visa,debit
444428,00-99,INTL HDQTRS-CENTER OWNED,CU,visa,credit
444429,00-99,JSC RUSSIAN STANDARD BANK,RU,visa,debit
444430,00-99,AVISTA CORP CREDIT UNION,US,visa,debit
444431,00-99,CARD SERVICES FOR CREDIT UNIONS,US,visa,credit
444432,00-99,,US,visa,debit
444433,00-99,,US,visa,credit
444434,00-99,BANCO DO BRASIL S.A.,BR,visa,credit
444435,00-99,LINCOLN SAVINGS BANK,US,visa,debit
444436,00-99,UTAH COMMUNITY FEDERAL CREDIT UNION,US,visa,debit
444437,00-99,UTAH COMMUNITY FEDERAL CREDIT UNION,US,visa,debit
444438,00-99,WYHY FEDERAL CREDIT UNION,US,visa,debit
444439,00-99,WOORI AMERICA BANK,US,visa,debit
444440,00-99,U.S. BANK N.A.,US,visa,debit
444441,00-99,I-C FEDERAL CREDIT UNION,US,visa,debit
444442,00-99,VANDERBILT CREDIT UNION,US,visa,credit
444443,00-99,U.S. BANK N.A.,US,visa,credit
444444,00-99,,PL,visa,credit
444445,00-99,BANQUE SAUDI FRANSI,SA,visa,debit
444446,00-99,,US,visa,credit
444447,00-99,STANDARD CHARTERED BANK,AE,visa,credit
444448,00-99,BANK OF AFRICA,BJ,visa,debit
444449,00-99,SCOTIABANK MEXICO,MX,visa,credit
444450,00-99,MVB BANK INC,US,visa,debit
444451,00-99,AMERICAN NATIONAL BANK,US,visa,debit
444452,00-99,ALQUIMIA DIGITAL MX S.A.P.I. DE C.V. *(OFFBOARDING)*,MX,visa,debit
444453,00-99,U.S. BANK N.A.,US,visa,debit
444454,00-99,BANCO DO BRASIL S.A.,BR,visa,credit
444455,00-99,BANCO DO BRASIL S.A.,BR,visa,credit
444456,00-99,BANCO DO BRASIL,BR,visa,credit
444457,00-99,BANCO DO BRASIL S.A.,BR,visa,credit
444458,00-99,BANCO DO BRASIL S.A.,BR,visa,credit
444459,00-99,BANCO DO BRASIL S.A.,BR,visa,credit
444460,00-99,DOHA BANK UAE,AE,visa,credit
444461,00-99,DOHA BANK UAE,AE,visa,credit
444462,00-99,DOHA BANK Q.S.C.,AE,visa,credit
444463,00-99,DOHA BANK LTD.,AE,visa,debit
444464,00-99,,US,visa,credit
444465,00-99,,US,visa,credit
444466,00-99,RABITABANK OJSC,AZ,visa,credit
444467,00-99,BANCO MILLENNIUM ANGOLA S.A.,AO,visa,debit
444468,00-99,CAIXABANK S.A.,ES,visa,debit
444469,00-99,BANK OF BAGHDAD,IQ,visa,debit
444470,00-99,,US,visa,credit
444471,00-99,,AU,visa,credit
444472,00-99,LINCOLN SAVINGS BANK,US,visa,debit
444473,00-99,FIRST INTERSTATE BANK,US,visa,credit
444474,00-99,FIRST INTERSTATE BANK,US,visa,debit
444475,00-99,BIG HORN FEDERAL SAVINGS BANK,US,visa,debit
444476,00-99,FIRST INTERSTATE BANK,US,visa,debit
444477,00-99,CITIZENS ALLIANCE BANK,US,visa,debit
444478,00-99,,US,visa,credit
444479,00-99,FIRST NEW YORK FEDERAL CREDIT UNION,US,visa,credit
444480,00-99,FIRST NEW YORK FEDERAL CREDIT UNION,US,visa,credit
444481,00-99,ADIRONDACK TRUST COMPANY,US,visa,debit
444482,00-99,JSC HALYK BANK OF KAZAKHSTAN,KZ,visa,debit
444483,00-99,SDM BANK,RU,visa,debit
444484,00-99,LINCOLN SAVINGS BANK,US,visa,debit
444485,00-99,GUARANTY BANK & TRUST COMPANY,US,visa,debit
444486,00-99,FIRST TRUST BANK,US,visa,debit
444487,00-99,SECURITY FIRST FEDERAL CREDIT UNION,US,visa,debit
444488,00-99,ALIF BANK OJSC,TJ,visa,credit
444489,00-99,COMMONWEALTH FEDERAL CREDIT UNION,US,visa,credit
444490,00-99,SERVICE CREDIT UNION,US,visa,debit
444491,00-99,FLORIDA CREDIT UNION,US,visa,credit
444492,00-99,GLOBAL PROCESSING CENTRE LTD.,AG,visa,debit
444493,00-99,VISA ARGENTINA S.A.,AR,visa,debit
444494,00-99,WASHINGTON STATE EMPLOYEES CREDIT UNION,US,visa,debit
444495,00-99,NEIGHBORS FEDERAL CREDIT UNION,US,visa,debit
444496,00-99,BANK AL JAZIRA,SA,visa,debit
444497,00-99,UNITED BANK,US,visa,debit
444498,00-99,ZIA CREDIT UNION,US,visa,debit
444499,00-99,JSC FORTEBANK,KZ,visa,credit
444500,00-99,FIFTH THIRD BANK,US,visa,credit
444501,00-99,FIFTH THIRD BANK,US,visa,debit
444502,00-99,TEXAS FIRST BANK,US,visa,debit
444503,00-99,FIFTH THIRD BANK,US,visa,credit
444504,00-99,FIFTH THIRD BANK,US,visa,credit
444505,00-99,FIFTH THIRD BANK,US,visa,credit
444506,00-99,STANBIC IBTC BANK LTD.,NG,visa,credit
444507,00-99,FIFTH THIRD BANK,US,visa,debit
444508,00-99,FIFTH THIRD BANK,US,visa,debit
444509,00-99,FIFTH THIRD BANK,US,visa,credit
444510,00-99,AVIDIA BANK,US,visa,debit
444511,00-99,FIFTH THIRD BANK,US,visa,credit
444512,00-99,FIFTH THIRD BANK,US,visa,credit
444513,00-99,DUTCH-BANGLA BANK LTD.,BD,visa,credit
444514,00-99,DUTCH-BANGLA BANK LTD.,BD,visa,credit
444515,00-99,DUTCH-BANGLA BANK LTD.,BD,visa,credit
444516,00-99,DUTCH BANGLA BANK LTD.,BD,visa,credit
444517,00-99,DUTCH-BANGLA BANK LTD.,BD,visa,credit
444518,00-99,DUTCH BANGLA BANK LTD.,BD,visa,credit
444519,00-99,DUTCH-BANGLA BANK LTD.,BD,visa,debit
444520,00-99,FIFTH THIRD BANK,US,visa,credit
444521,00-99,SHAREFAX CREDIT UNION INC.,US,visa,credit
444522,00-99,FIFTH THIRD BANK,US,visa,credit
444523,00-99,FIFTH THIRD BANK,US,visa,credit
444524,00-99,FIFTH THIRD BANK,US,visa,credit
444525,00-99,RIVER BANK & TRUST,US,visa,debit
444526,00-99,RIVER BANK & TRUST,US,visa,debit
444527,00-99,BANK OF SUNSET AND TRUST COMPANY,US,visa,debit
444528,00-99,COLORADO CREDIT UNION,US,visa,debit
444529,00-99,RIVER BANK & TRUST,US,visa,credit
444530,00-99,FIFTH THIRD BANK,US,visa,credit
444531,00-99,SHAREFAX CREDIT UNION INC.,US,visa,credit
444532,00-99,FIFTH THIRD BANK,US,visa,credit
444533,00-99,FIFTH THIRD BANK,US,visa,credit
444534,00-99,CHILDRENS MEDICAL CENTER FEDERAL CREDIT UNION,US,visa,credit
444535,00-99,MIAMI UNIVERSITY COMMUNITY FEDERAL CREDIT UNION,US,visa,credit
444536,00-99,,US,visa,credit
444537,00-99,FIRST NATIONAL BANK OF OMAHA,US,visa,credit
444538,00-99,FIRST NATIONAL BANK OF OMAHA,US,visa,credit
444539,00-99,CHOICE FINANCIAL GROUP,US,visa,debit
444540,00-99,CANYON VIEW FEDERAL CREDIT UNION,US,visa,debit
444541,00-99,COMMUNITY BANK N.A.,US,visa,debit
444542,00-99,POSTEL FAMILY CREDIT UNION,US,visa,credit
444543,00-99,POSTEL FAMILY CREDIT UNION,US,visa,debit
444544,00-99,POSTEL FAMILY CREDIT UNION,US,visa,credit
444545,00-99,TECHNICOLOR FEDERAL CREDIT UNION,US,visa,credit
444546,00-99,MAXWELL STATE BANK,US,visa,debit
444547,00-99,EVANSVILLE FEDERAL CREDIT UNION,US,visa,debit
444548,00-99,COMMERCE BANCSHARES INC.,US,visa,debit
444549,00-99,COMMERCE BANCSHARES INC.,US,visa,debit
444550,00-99,FIFTH THIRD BANK,US,visa,credit
444551,00-99,MIDSOUTH BANK,US,visa,credit
444552,00-99,GULF COAST EDUCATORS FEDERAL CREDIT UNION,US,visa,credit
444553,00-99,MIDSOUTH BANK,US,visa,credit
444554,00-99,PINELLAS FEDERAL CREDIT UNION,US,visa,credit
444555,00-99,,US,visa,credit
444556,00-99,UNIVEST BANK AND TRUST CO.,US,visa,credit
444557,00-99,UNIVEST BANK AND TRUST CO.,US,visa,credit
444558,00-99,SERVICE CREDIT UNION,US,visa,debit
444559,00-99,CONSUMERS COOPERATIVE FEDERAL CREDIT UNION,US,visa,debit
444560,00-99,FIFTH THIRD BANK,US,visa,credit
444561,00-99,FIFTH THIRD BANK,US,visa,credit
444562,00-99,STANBIC BANK BOTSWANA LTD.,BW,visa,debit
444563,00-99,STANDARD BANK LIMITED MALAWI,MW,visa,debit
444564,00-99,STANDARD BANK SARL,MZ,visa,credit
444565,00-99,STANDARD BANK NAMIBIA LTD.,NA,visa,credit
444566,00-99,STANBIC BANK TANZANIA LTD.,TZ,visa,debit
444567,00-99,STANBIC BANK KENYA LTD.,KE,visa,debit
444568,00-99,STANBIC BANK UGANDA LTD.,UG,visa,debit
444569,00-99,STANBIC BANK GHANA LTD.,GH,visa,debit
444570,00-99,FIVE STAR BANK,US,visa,credit
444571,00-99,FIFTH THIRD BANK,US,visa,credit
444572,00-99,FIFTH THIRD BANK,US,visa,credit
444573,00-99,FIFTH THIRD BANK,US,visa,credit
444574,00-99,FIFTH THIRD BANK,US,visa,credit
444575,00-99,FIFTH THIRD BANK,US,visa,credit
444576,00-99,FIFTH THIRD BANK,US,visa,credit
444577,00-99,STANBIC BANK ZAMBIA LTD.,ZM,visa,debit
444578,00-99,,US,visa,credit
444579,00-99,STANBIC BANK ZIMBABWE LTD.,ZW,visa,debit
444580,00-99,,US,visa,credit
444581,00-99,UNITED BANK FOR AFRICA PLC,NG,visa,credit
444582,00-99,STANDARD BANK SARL,MZ,visa,debit
444583,00-99,UNITED BANK FOR AFRICA (LIBERIA) LTD.,LR,visa,debit
444584,00-99,,US,visa,credit
444585,00-99,STANDARD BANK SARL,MZ,visa,debit
444586,00-99,UNITED BANK FOR AFRICA PLC,NG,visa,credit
444587,00-99,,IN,visa,debit
444588,00-99,VOLKSBANK ROMANIA S.A.,RO,visa,credit
444589,00-99,,FR,visa,credit
444590,00-99,FIFTH THIRD BANK,US,visa,debit
444591,00-99,CITIBANK N.A.,US,visa,credit
444592,00-99,CITIBANK N.A.,US,visa,credit
444593,00-99,CITIBANK N.A.,US,visa,credit
444594,00-99,,US,visa,credit
444595,00-99,CITIBANK N.A.,US,visa,credit
444596,00-99,CITIBANK N.A.,US,visa,credit
444597,00-99,CITIBANK N.A.,US,visa,credit
444598,00-99,BANKFIRST FINANCIAL SERVICES,US,visa,debit
444599,00-99,FIFTH THIRD BANK,US,visa,credit
444600,00-99,,US,visa,debit
444601,00-99,WEX BANK,US,visa,credit
444602,00-99,THE HUNTINGTON NATIONAL BANK,US,visa,credit
444603,00-99,WEX BANK,US,visa,credit
444604,00-99,THE HUNTINGTON NATIONAL BANK,US,visa,credit
444605,00-99,RBC BANK (GEORGIA) N.A.,US,visa,debit
444606,00-99,RBC BANK (GEORGIA) N.A.,US,visa,debit
444607,00-99,STRIDE BANK NATIONAL ASSOCIATION,US,visa,debit
444608,00-99,,US,visa,debit
444609,00-99,,US,visa,debit
444610,00-99,,US,visa,credit
444611,00-99,,US,visa,credit
444612,00-99,,US,visa,credit
444613,00-99,,US,visa,credit
444614,00-99,,US,visa,credit
444615,00-99,,US,visa,credit
444616,00-99,,TR,visa,debit
444617,00-99,,US,visa,credit
444618,00-99,,US,visa,credit
444619,00-99,,US,visa,credit
444620,00-99,,US,visa,credit
444621,00-99,,BR,visa,credit
444622,00-99,,US,visa,credit
444623,00-99,,US,visa,credit
444624,00-99,,US,visa,credit
444625,00-99,,US,visa,credit
444626,00-99,,GB,visa,credit
444627,00-99,,GB,visa,credit
444628,00-99,,RO,visa,debit
444629,00-99,,GB,visa,credit
444630,00-99,,US,visa,credit
444631,00-99,,US,visa,credit
444632,00-99,,US,visa,credit
444633,00-99,,US,visa,credit
444634,00-99,,US,visa,credit
444635,00-99,,US,visa,credit
444636,00-99,,US,visa,credit
444637,00-99,,US,visa,credit
444638,00-99,,US,visa,credit
444639,00-99,,US,visa,credit
444640,00-99,,US,visa,credit
444641,00-99,,US,visa,credit
444642,00-99,,US,visa,credit
444643,00-99,,US,visa,credit
444644,00-99,,US,visa,credit
444645,00-99,,US,visa,credit
444646,00-99,,IN,visa,debit
444647,00-99,,US,visa,credit
444648,00-99,,US,visa,credit
444649,00-99,,RU,visa,credit
444650,00-99,,US,visa,credit
444651,00-99,,US,visa,credit
444652,00-99,,MD,visa,debit
444653,00-99,,US,visa,credit
444654,00-99,,US,visa,credit
444655,00-99,,BR,visa,credit
444656,00-99,,US,visa,credit
444657,00-99,,US,visa,credit
444658,00-99,,US,visa,credit
444659,00-99,,US,visa,credit
444660,00-99,HSBC,BR,visa,debit
444661,00-99,BANCO BRADESCARD S.A.,BR,visa,credit
444662,00-99,HSBC,BR,visa,debit
444663,00-99,BANCO BRADESCARD S.A.,BR,visa,credit
444664,00-99,BANCO BRADESCARD S.A.,BR,visa,credit
444665,00-99,BANCO BRADESCARD S.A.,BR,visa,credit
444666,00-99,BANCO BRADESCARD S.A.,BR,visa,credit
444667,00-99,BANCO BRADESCARD S.A.,BR,visa,credit
444668,00-99,BANCO BRADESCO S.A.,BR,visa,credit
444669,00-99,BANCO COOPERATIVO SICOOB S.A.,BR,visa,debit
444670,00-99,BANCO BRADESCO S.A.,BR,visa,credit
444671,00-99,BANCO CUSCATLAN DE EL SALVADOR S.A.,SV,visa,credit
444672,00-99,SCOTIABANK EL SALVADOR S.A.,SV,visa,debit
444673,00-99,CJSC KYRGYZ INVESTMENT AND CREDIT BANK,KG,visa,debit
444674,00-99,CJSC KYRGYZ INVESTMENT AND CREDIT BANK,KG,visa,debit
444675,00-99,CJSC KYRGYZ INVESTMENT AND CREDIT BANK,KG,visa,debit
444676,00-99,T.C. ZIRAAT BANKASI A.S.,TR,visa,credit
444677,00-99,ZIRAAT BANKASI,TR,visa,credit
444678,00-99,T.C. ZIRAAT BANKASI A.S.,TR,visa,credit
444679,00-99,CJSC KYRGYZ INVESTMENT AND CREDIT BANK,KG,visa,debit
444680,00-99,AS PRIVATBANK,LV,visa,debit
444681,00-99,PIRAEUS BANK S.A.,GR,visa,credit
444682,00-99,FNB MOCAMBIQUE SA,MZ,visa,credit
444683,00-99,FNB MOCAMBIQUE SA,MZ,visa,credit
444684,00-99,FNB MOCAMBIQUE SA,MZ,visa,debit
444685,00-99,BANCO FINANCIERA COMERCIAL HONDURE A S.A.,HN,visa,credit
444686,00-99,CAJA MUNICIPAL DE AHORRO Y CREDITO DE TRUJILLO S.A.,PE,visa,debit
444687,00-99,,US,visa,credit
444688,00-99,BANCOUNION S.A.,BO,visa,debit
444689,00-99,KIWIBANK LTD.,NZ,visa,credit
444690,00-99,,US,visa,credit
444691,00-99,,US,visa,credit
444692,00-99,FIDELITY NATIONAL INFORMATION SERVICES INC.,US,visa,credit
444693,00-99,FIDELITY NATIONAL INFORMATION SERVICES INC.,US,visa,credit
444694,00-99,CENTRAL VALLEY COMMUNITY BANK,US,visa,credit
444695,00-99,THE STATE EXPORT-IMPORT BANK OF UKRAINE (UKREXIMBANK),UA,visa,credit
444696,00-99,TRAX FEDERAL CREDIT UNION,US,visa,debit
444697,00-99,TRUSTONE FINANCIAL CREDIT UNION,US,visa,credit
444698,00-99,UNITED BANKERS' BANK,US,visa,credit
444699,00-99,UNITED POLES FEDERAL CREDIT UNION,US,visa,debit
444700,00-99,CITIBANK N.A.,US,visa,credit
444701,00-99,PNC BANK GLOBAL INVESTMENT SERVICING,US,visa,debit
444702,00-99,PNC BANK GLOBAL INVESTMENT SERVICING,US,visa,debit
444703,00-99,PNC BANK GLOBAL INVESTMENT SERVICING,US,visa,debit
444704,00-99,STATE EMPLOYEES CREDIT UNION OF MARYLAND INC.,US,visa,debit
444705,00-99,SANTA CLARA COUNTY FEDERAL CREDIT UNION,US,visa,credit
444706,00-99,METABANK,US,visa,debit
444707,00-99,HEALTHCARE SYSTEMS FEDERAL CREDIT UNION,US,visa,credit
444708,00-99,MICHIGAN STATE UNIVERSITY FEDERAL CREDIT UNION,US,visa,credit
444709,00-99,MEMBERS 1ST FEDERAL CREDIT UNION,US,visa,credit
444710,00-99,MICHIGAN STATE UNIVERSITY FEDERAL CREDIT UNION,US,visa,debit
444711,00-99,FIRST UNITED BANK & TRUST,US,visa,credit
444712,00-99,121 FINANCIAL CREDIT UNION,US,visa,credit
444713,00-99,KEYBANK N.A.,US,visa,credit
444714,00-99,RADIANT CREDIT UNION,US,visa,debit
444715,00-99,RADIANT CREDIT UNION,US,visa,credit
444716,00-99,KEYBANK N.A.,US,visa,credit
444717,00-99,KEYBANK N.A.,US,visa,credit
444718,00-99,SOUTHWEST MISSOURI BANK,US,visa,credit
444719,00-99,YOLO FEDERAL CREDIT UNION,US,visa,credit
444720,00-99,VIBE CREDIT UNION,US,visa,credit
444721,00-99,ELEVATIONS CREDIT UNION,US,visa,debit
444722,00-99,UMB BANK NATIONAL ASSOCIATION,US,visa,credit
444723,00-99,COASTHILLS CREDIT UNION,US,visa,credit
444724,00-99,PNC FINANCIAL SERVICES GROUP INC.,US,visa,debit
444725,00-99,FIRST COMMAND BANK,US,visa,credit
444726,00-99,BEEHIVE FEDERAL CREDIT UNION,US,visa,credit
444727,00-99,FIRST COMMAND BANK,US,visa,credit
444728,00-99,CONSUMERS COOPERATIVE CREDIT UNION,US,visa,credit
444729,00-99,KEYBANK N.A.,US,visa,credit
444730,00-99,KEYBANK N.A.,US,visa,debit
444731,00-99,YOLO FEDERAL CREDIT UNION,US,visa,credit
444732,00-99,SENECA SAVINGS,US,visa,debit
444733,00-99,CME FEDERAL CREDIT UNION,US,visa,debit
444734,00-99,KEYBANK N.A.,US,visa,debit
444735,00-99,PACIFIC SERVICE CREDIT UNION,US,visa,credit
444736,00-99,PLAINSCAPITAL BANK,US,visa,credit
444737,00-99,PLAINSCAPITAL BANK,US,visa,credit
444738,00-99,POINT BREEZE CREDIT UNION,US,visa,credit
444739,00-99,PUGET SOUND COOPERATIVE CREDIT UNION,US,visa,credit
444740,00-99,WMCU,US,visa,credit
444741,00-99,KEYBANK N.A.,US,visa,credit
444742,00-99,KEYBANK N.A.,US,visa,debit
444743,00-99,1ST UNITED SERVICES CREDIT UNION,US,visa,credit
444744,00-99,MID-CITIES CREDIT UNION,US,visa,credit
444745,00-99,FIRST BANK & TRUST CO.,US,visa,debit
444746,00-99,KEYBANK N.A.,US,visa,credit
444747,00-99,NICOLET NATIONAL BANK,US,visa,debit
444748,00-99,ABERDEEN PROVING GROUND FEDERAL CREDIT UNION,US,visa,credit
444749,00-99,MICHIGAN STATE UNIVERSITY FEDERAL CREDIT UNION,US,visa,credit
444750,00-99,LAS COLINAS FEDERAL CREDIT UNION,US,visa,credit
444751,00-99,MUTUAL SECURITY CREDIT UNION INC,US,visa,debit
444752,00-99,U. S. EAGLE FEDERAL CREDIT UNION,US,visa,credit
444753,00-99,KEYBANK N.A.,US,visa,credit
444754,00-99,FIRST HORIZON BANK,US,visa,credit
444755,00-99,ELEVATIONS CREDIT UNION,US,visa,credit
444756,00-99,ELEVATIONS CREDIT UNION,US,visa,debit
444757,00-99,UMPQUA BANK,US,visa,credit
444758,00-99,BANKFINANCIAL,US,visa,debit
444759,00-99,BANKFINANCIAL,US,visa,debit
444760,00-99,BEVERLY BANK AND TRUST COMPANY N.A.,US,visa,debit
444761,00-99,CRYSTAL LAKE BANK AND TRUST COMPANY N.A.,US,visa,debit
444762,00-99,VILLAGE BANK AND TRUST,US,visa,debit
444763,00-99,NORTHBROOK BANK AND TRUST COMPANY,US,visa,debit
444764,00-99,ELK GROVE VILLAGE BANK & TRUST,US,visa,debit
444765,00-99,WHEATON BANK AND TRUST,US,visa,debit
444766,00-99,THRIVENT FINANCIAL BANK,US,visa,debit
444767,00-99,FIRST SECURITY BANK,US,visa,debit
444768,00-99,BMO HARRIS BANK N.A.,US,visa,credit
444769,00-99,MIDFIRST BANK,US,visa,debit
444770,00-99,MIDFIRST BANK,US,visa,debit
444771,00-99,RABOBANK,US,visa,debit
444772,00-99,RABOBANK,US,visa,debit
444773,00-99,RABOBANK,US,visa,debit
444774,00-99,PEOPLE'S UNITED BANK,US,visa,credit
444775,00-99,RENASANT BANK,US,visa,debit
444776,00-99,PAPER CITY SAVINGS ASSOCIATION,US,visa,credit
444777,00-99,UNITED COMMUNITY BANK,US,visa,debit
444778,00-99,PEOPLE'S UNITED BANK,US,visa,credit
444779,00-99,NORTHBROOK BANK AND TRUST COMPANY,US,visa,debit
444780,00-99,WEX BANK,US,visa,credit
444781,00-99,BANCO DE LA REPUBLICA ORIENTAL DEL URUGUAY,UY,visa,credit
444782,00-99,BANCO DE LA REPUBLICA ORIENTAL DEL URUGUAY,UY,visa,credit
444783,00-99,BANCO DE LA REPUBLICA ORIENTAL DEL URUGUAY,UY,visa,credit
444784,00-99,CITIBANK N.A.,US,visa,credit
444785,00-99,FINANCIAL PLUS CREDIT UNION,US,visa,debit
444786,00-99,TRUIST BANK,US,visa,debit
444787,00-99,SILICON VALLEY BANK,US,visa,debit
444788,00-99,WELLS FARGO BANK N.A.,US,visa,debit
444789,00-99,PNABANK.NET,US,visa,debit
444790,00-99,COMMUNITY FIRST CREDIT UNION,US,visa,debit
444791,00-99,PROVIDENCE BANK & TRUST,US,visa,debit
444792,00-99,,US,visa,debit
444793,00-99,BAR HARBOR BANK AND TRUST,US,visa,credit
444794,00-99,CALIFORNIA BANK & TRUST,US,visa,debit
444795,00-99,PSCU INCORPORATED,US,visa,credit
444796,00-99,CREDIT ONE BANK NATIONAL ASSOCIATION,US,visa,credit
444797,00-99,CREDIT UNION 1,US,visa,debit
444798,00-99,SHELBY SAVINGS BANK S.S.B.,US,visa,debit
444799,00-99,,US,visa,debit
444800,00-99,MELLON BANK N.A.,US,visa,credit
444801,00-99,JSC BTA BANK,UA,visa,debit
444802,00-99,JSC BTA BANK,UA,visa,credit
444803,00-99,PJSC BTA BANK,UA,visa,debit
444804,00-99,PJSC BTA BANK,UA,visa,debit
444805,00-99,PJSC BTA BANK,UA,visa,debit
444806,00-99,BANCO DIGITAL DE LOS TRABAJADORES BANCO UNIVERSAL C.A.,VE,visa,credit
444807,00-99,AZERIGAZBANK OJSC,AZ,visa,debit
444808,00-99,UNITED COMMUNITY BANK,US,visa,credit
444809,00-99,ICICI BANK LTD.,IN,visa,debit
444810,00-99,ICICI BANK LTD.,IN,visa,debit
444811,00-99,PEOPLES BANK,US,visa,debit
444812,00-99,UNITED COMMUNITY BANK,US,visa,credit
444813,00-99,LOS ANGELES POLICE FEDERAL CREDIT UNION,US,visa,credit
444814,00-99,INTERNATIONAL BANK OF COMMERCE,US,visa,credit
444815,00-99,PEOPLES BANK,US,visa,credit
444816,00-99,BANK LEUMI ROMANIA S.A.,RO,visa,credit
444817,00-99,BANK LEUMI ROMANIA S.A.,RO,visa,debit
444818,00-99,BANK LEUMI ROMANIA S.A.,RO,visa,debit
444819,00-99,BANK LEUMI ROMANIA S.A.,RO,visa,debit
444820,00-99,BANK LEUMI ROMANIA S.A.,RO,visa,debit
444821,00-99,,AL,visa,debit
444822,00-99,TRAILHEAD FEDERAL CREDIT UNION,US,visa,debit
444823,00-99,,US,visa,credit
444824,00-99,COMMERCIAL INTERNATIONAL BANK,EG,visa,debit
444825,00-99,NYMCARD PAYMENT SERVICES L.L.C.,AE,visa,debit
444826,00-99,CJSC INTERNATIONAL BANK OF TAJIKISTAN,TJ,visa,credit
444827,00-99,HYUNDAI CARD COMPANY LTD.,KR,visa,credit
444828,00-99,BBVA,ES,visa,credit
444829,00-99,BANCO PROCREDIT S.A.,SV,visa,debit
444830,00-99,,US,visa,credit
444831,00-99,,US,visa,credit
444832,00-99,,US,visa,credit
444833,00-99,,US,visa,credit
444834,00-99,,RU,visa,credit
444835,00-99,,RU,visa,credit
444836,00-99,,US,visa,credit
444837,00-99,,US,visa,credit
444838,00-99,,US,visa,credit
444839,00-99,,US,visa,credit
444840,00-99,,KZ,visa,debit
444841,00-99,,US,visa,credit
444842,00-99,,US,visa,credit
444843,00-99,,US,visa,credit
444844,00-99,,US,visa,credit
444845,00-99,,US,visa,credit
444846,00-99,,US,visa,credit
444847,00-99,,US,visa,credit
444848,00-99,,US,visa,credit
444849,00-99,,US,visa,credit
444850,00-99,,US,visa,credit
444851,00-99,,US,visa,credit
444852,00-99,,US,visa,credit
444853,00-99,,US,visa,credit
444854,00-99,,US,visa,credit
444855,00-99,,US,visa,credit
444856,00-99,,US,visa,credit
444857,00-99,,PK,visa,debit
444858,00-99,,US,visa,credit
444859,00-99,,US,visa,credit
444860,00-99,,US,visa,credit
444861,00-99,,US,visa,credit
444862,00-99,,US,visa,credit
444863,00-99,,BG,visa,debit
444864,00-99,,US,visa,credit
444865,00-99,,US,visa,credit
444866,00-99,,US,visa,credit
444867,00-99,,US,visa,credit
444868,00-99,,US,visa,credit
444869,00-99,,US,visa,credit
444870,00-99,,US,visa,credit
444871,00-99,,RS,visa,debit
444872,00-99,,US,visa,credit
444873,00-99,,US,visa,credit
444874,00-99,,US,visa,credit
444875,00-99,,US,visa,credit
444876,00-99,,ES,visa,credit
444877,00-99,,US,visa,credit
444878,00-99,,US,visa,credit
444879,00-99,,US,visa,credit
444880,00-99,,US,visa,credit
444881,00-99,,US,visa,credit
444882,00-99,,US,visa,credit
444883,00-99,,US,visa,credit
444884,00-99,JS INNOVATION CB IPAK YULI,UZ,visa,credit
444885,00-99,,US,visa,credit
444886,00-99,,US,visa,credit
444887,00-99,,US,visa,credit
444888,00-99,BANCO MULTIVA,MX,visa,debit
444889,00-99,BANCO MULTIVA,MX,visa,debit
444890,00-99,FIRST DAKOTA NATIONAL BANK,US,visa,debit
444891,00-99,THE FIRST NATIONAL BANK OF GILMER,US,visa,debit
444892,00-99,THE FIRST NATIONAL BANK OF GILMER,US,visa,debit
444893,00-99,FISERV SOLUTIONS LLC,US,visa,credit
444894,00-99,PEOPLES STATE BANK,US,visa,debit
444895,00-99,CITY OF BOSTON CREDIT UNION,US,visa,credit
444896,00-99,CAPITOL VIEW CREDIT UNION,US,visa,debit
444897,00-99,,US,visa,debit
444898,00-99,BANK OF MADISON,US,visa,debit
444899,00-99,PEOPLES BANK OF ALABAMA,US,visa,debit
444900,00-99,JSCB INDUSTRIALBANK,UA,visa,credit
444901,00-99,IRON WORKERS FEDERAL CREDIT UNION,US,visa,credit
444902,00-99,BLUEOX CREDIT UNION,US,visa,credit
444903,00-99,COMMUNITY LINK FEDERAL CREDIT UNION,US,visa,credit
444904,00-99,BANK OF VICI,US,visa,debit
444905,00-99,PAWTUCKET CREDIT UNION,US,visa,credit
444906,00-99,SALAL CREDIT UNION,US,visa,debit
444907,00-99,WYHY FEDERAL CREDIT UNION,US,visa,debit
444908,00-99,JEFFERSON COMMUNITY FEDERAL CREDIT UNION,US,visa,credit
444909,00-99,TRAILHEAD FEDERAL CREDIT UNION,US,visa,credit
444910,00-99,MERIDIAN CREDIT UNION,US,visa,credit
444911,00-99,CARD SERVICES FOR CREDIT UNIONS,US,visa,credit
444912,00-99,CARD SERVICES FOR CREDIT UNIONS,US,visa,credit
444913,00-99,CARD SERVICES FOR CREDIT UNIONS,US,visa,credit
444914,00-99,CARD SERVICES FOR CREDIT UNIONS,US,visa,credit
444915,00-99,JOPLIN METRO CREDIT UNION,US,visa,credit
444916,00-99,STERLING FEDERAL CREDIT UNION,US,visa,credit
444917,00-99,,US,visa,debit
444918,00-99,,US,visa,credit
444919,00-99,DEL MET FEDERAL CREDIT UNION,US,visa,credit
444920,00-99,YOUR CHOICE FEDERAL CREDIT UNION,US,visa,credit
444921,00-99,BANK OF VICI,US,visa,debit
444922,00-99,PACIFIC CREST FEDERAL CREDIT UNION,US,visa,debit
444923,00-99,POWER CREDIT UNION,US,visa,debit
444924,00-99,UFIRST FEDERAL CREDIT UNION,US,visa,credit
444925,00-99,CARD SERVICES FOR CREDIT UNIONS,US,visa,credit
444926,00-99,CAYUGA LAKE NATIONAL BANK,US,visa,credit
444927,00-99,DNB BANK POLSKA SA,PL,visa,credit
444928,00-99,PRIMAX,US,visa,credit
444929,00-99,STATE CS EMPLOYEES FEDERAL CREDIT UNION,US,visa,debit
444930,00-99,FIRSTCARIBBEAN INTERNATIONAL BANK (BAHAMAS) LTD.,BS,visa,credit
444931,00-99,MEMBERS FIRST CREDIT UNION OF FLORIDA,US,visa,credit
444932,00-99,FIRST NATIONAL BANK OF OMAHA,US,visa,credit
444933,00-99,PURDUE FEDERAL CREDIT UNION,US,visa,credit
444934,00-99,CARD SERVICES FOR CREDIT UNIONS,US,visa,credit
444935,00-99,CARD SERVICES FOR CREDIT UNIONS,US,visa,credit
444936,00-99,CITY AND COUNTY CREDIT UNION,US,visa,credit
444937,00-99,CENTRAL MISSOURI COMMUNITY CREDIT UNION,US,visa,credit
444938,00-99,WRIGHT-PATT CREDIT UNION INC.,US,visa,credit
444939,00-99,NORTHERN CREDIT UNION,US,visa,debit
444940,00-99,BEAR PAW CREDIT UNION,US,visa,credit
444941,00-99,CARD SERVICES FOR CREDIT UNIONS,US,visa,credit
444942,00-99,U.S. BANK NATIONAL ASSOCIATION-CREDIT,US,visa,credit
444943,00-99,THE BANK OF BAKER,US,visa,debit
444944,00-99,THE LUZERNE BANK,US,visa,debit
444945,00-99,NATCO CREDIT UNION,US,visa,credit
444946,00-99,INDIANA LAKES FEDERAL CREDIT UNION,US,visa,credit
444947,00-99,PUBLIC SERVICE #3 CREDIT UNION,US,visa,credit
444948,00-99,STATE EMPLOYEES FEDERAL CREDIT UNION,US,visa,credit
444949,00-99,ALTURA CREDIT UNION,US,visa,credit
444950,00-99,,US,visa,credit
444951,00-99,LBS FINANCIAL CREDIT UNION,US,visa,credit
444952,00-99,DORT FEDERAL CREDIT UNION,US,visa,credit
444953,00-99,,RU,visa,debit
444954,00-99,COPPER BASIN FEDERAL CREDIT UNION,US,visa,credit
444955,00-99,CARD SERVICES FOR CREDIT UNIONS,US,visa,credit
444956,00-99,NOTRE DAME FEDERAL CREDIT UNION,US,visa,credit
444957,00-99,,US,visa,credit
444958,00-99,CITIZENS BANK N.A.,US,visa,debit
444959,00-99,HONDA FEDERAL CREDIT UNION,US,visa,credit
444960,00-99,TRONA VALLEY COMMUNITY FEDERAL CREDIT UNION,US,visa,debit
444961,00-99,SANTANDER CONSUMER FINANCE S.A.,ES,visa,credit
444962,00-99,SANDIA AREA FEDERAL CREDIT UNION,US,visa,credit
444963,00-99,GREAT LAKES CREDIT UNION INC.,US,visa,credit
444964,00-99,WRIGHT-PATT CREDIT UNION INC.,US,visa,credit
444965,00-99,CARD SERVICES FOR CREDIT UNIONS,US,visa,debit
444966,00-99,CARD SERVICES FOR CREDIT UNIONS,US,visa,credit
444967,00-99,NEW CASTLE COUNTY DELAWARE EMPLOYEES FEDERAL CREDIT UNION,US,visa,debit
444968,00-99,PARTNER COLORADO CREDIT UNION,US,visa,debit
444969,00-99,CARD SERVICES FOR CREDIT UNIONS,US,visa,credit
444970,00-99,FIRST FINANCIAL CREDIT UNION,US,visa,credit
444971,00-99,CARD SERVICES FOR CREDIT UNIONS,US,visa,debit
444972,00-99,FIFTH THIRD BANK,US,visa,credit
444973,00-99,CARD SERVICES FOR CREDIT UNIONS,US,visa,credit
444974,00-99,JEEP COUNTRY FEDERAL CREDIT UNION,US,visa,credit
444975,00-99,ARKANSAS EDUCATION ASSOCIATION FEDERAL CREDIT UNION,US,visa,debit
444976,00-99,FIVE STAR BANK,US,visa,debit
444977,00-99,CARD SERVICES FOR CREDIT UNIONS,US,visa,credit
444978,00-99,UNITED STATES SENATE FEDERAL CREDIT UNION,US,visa,debit
444979,00-99,CHARLOTTE FIRE DEPARTMENT CREDIT UNION,US,visa,credit
444980,00-99,IOWA CREDIT UNION LEAGUE,US,visa,credit
444981,00-99,RVA CREDIT UNION,US,visa,credit
444982,00-99,NUCOR EMPLOYEE'S CREDIT UNION,US,visa,credit
444983,00-99,CARD SERVICES FOR CREDIT UNIONS,US,visa,credit
444984,00-99,CARD SERVICES FOR CREDIT UNIONS,US,visa,credit
444985,00-99,FIRST HORIZON BANK,US,visa,credit
444986,00-99,EMPRISE BANK,US,visa,debit
444987,00-99,CARD SERVICES FOR CREDIT UNIONS,US,visa,credit
444988,00-99,PENTAGON FEDERAL CREDIT UNION,US,visa,credit
444989,00-99,BANCO POPULAR ESPANOL S.A.,ES,visa,credit
444990,00-99,BANCO POPULAR ESPANOL S.A.,ES,visa,credit
444991,00-99,SUPERIOR CREDIT UNION,US,visa,debit
444992,00-99,GEORGETOWN KRAFT CREDIT UNION,US,visa,credit
444993,00-99,CARD SERVICES FOR CREDIT UNIONS,US,visa,credit
444994,00-99,OJSC PASHA BANK,AZ,visa,debit
444995,00-99,CARD SERVICES FOR CREDIT UNIONS,US,visa,credit
444996,00-99,GEORGIA'S OWN CREDIT UNION,US,visa,credit
444997,00-99,FIREFIGHTERS & COMPANY FEDERAL CREDIT UNION,US,visa,credit
444998,00-99,CARD SERVICES FOR CREDIT UNIONS,US,visa,credit
444999,00-99,KRAFTMAN FEDERAL CREDIT UNION,US,visa,credit
445000,00-99,FIRST HORIZON BANK,US,visa,credit
445001,00-99,BANKINTER S.A.,ES,visa,credit
445002,00-99,HDFC BANK LTD.,IN,visa,debit
445003,00-99,BANKINTER S.A.,ES,visa,credit
445004,00-99,FIRST HORIZON BANK,US,visa,credit
445005,00-99,ALWAHA BANK-LIBYA INC. (OASIS BANK),LY,visa,debit
445006,00-99,ALWAHA BANK-LIBYA INC. (OASIS BANK),LY,visa,debit
445007,00-99,ALWAHA BANK-LIBYA INC. (OASIS BANK),LY,visa,debit
445008,00-99,FIRST HORIZON BANK,US,visa,credit
445009,00-99,HAY LTD.,AU,visa,debit
445010,00-99,AUSTRALIAN MUTUAL BANK LTD.,AU,visa,credit
445011,00-99,CUSCAL LTD.,AU,visa,debit
445012,00-99,ORANGE CREDIT UNION LTD.,AU,visa,debit
445013,00-99,CUSCAL LTD.,AU,visa,debit
445014,00-99,BEYOND BANK AUSTRALIA LTD.,AU,visa,debit
445015,00-99,BANCO BV S.A.,BR,visa,credit
445016,00-99,ABC CAPITAL S.A. INSTITUCI N DE BANCA MULTIPLE **(OFFBOARDING)**,MX,visa,debit
445017,00-99,ABC CAPITAL S.A. INSTITUCION DE BANCA MULTIPLE,MX,visa,debit
445018,00-99,BANCO CITIBANK DE GUATEMALA S.A.,GT,visa,credit
445019,00-99,BANCO CITIBANK DE GUATEMALA S.A.,GT,visa,credit
445020,00-99,BANCO DE LA PRODUCCION S.A.,NI,visa,credit
445021,00-99,DIRECTIONS CREDIT UNION,US,visa,credit
445022,00-99,GERMAN AMERICAN BANK,US,visa,credit
445023,00-99,WAYNE BANK AND TRUST CO.,US,visa,debit
445024,00-99,THE FARMERS & MERCHANTS BANK,US,visa,credit
445025,00-99,WELLS FARGO BANK NATIONAL ASSOCIATION,US,visa,debit
445026,00-99,TRIANGLE CREDIT UNION,US,visa,credit
445027,00-99,,RU,visa,credit
445028,00-99,,RU,visa,credit
445029,00-99,,RU,visa,debit
445030,00-99,,RU,visa,credit
445031,00-99,FIRST HORIZON BANK,US,visa,credit
445032,00-99,FIRST HORIZON BANK,US,visa,credit
445033,00-99,FIRST HORIZON BANK,US,visa,credit
445034,00-99,,RU,visa,debit
445035,00-99,SOGNE OG GREIPSTAD SPAREBANK,NO,visa,debit
445036,00-99,SOGNE OG GREIPSTAD SPAREBANK,NO,visa,debit
445037,00-99,SOGNE OG GREIPSTAD SPAREBANK,NO,visa,debit
445038,00-99,RAZVOJNA BANKA VOJVODINE AD NOVI SAD,RS,visa,debit
445039,00-99,OTP BANKA SRBIJA A.D. NOVI SAD,RS,visa,debit
445040,00-99,BANESTES S.A. - BANCO DO ESTADO DO ESPIRITO SANTO,BR,visa,debit
445041,00-99,UNION BANK OF INDIA,IN,visa,debit
445042,00-99,TRIANGLE CREDIT UNION,US,visa,credit
445043,00-99,FIRST PEOPLES COMMUNITY FEDERAL CREDIT UNION,US,visa,credit
445044,00-99,TRANSCEND CREDIT UNION,US,visa,debit
445045,00-99,DAH SING BANK LTD.,HK,visa,credit
445046,00-99,WAYNE BANK AND TRUST CO.,US,visa,debit
445047,00-99,INTERPAYMENT SERVICES LTD.,NZ,visa,debit
445048,00-99,FLEXEWALLET (NZ) LTD.,NZ,visa,debit
445049,00-99,INTERPAYMENT SERVICES LTD.,NZ,visa,debit
445050,00-99,INTERPAYMENT SERVICES LTD.,NZ,visa,debit
445051,00-99,UNITED OVERSEAS BANK PHILIPPINES,PH,visa,credit
445052,00-99,UNITED OVERSEAS BANK PHILIPPINES,PH,visa,credit
445053,00-99,FIRST HORIZON BANK,US,visa,credit
445054,00-99,FIRST HORIZON BANK,US,visa,credit
445055,00-99,SUN FEDERAL CREDIT UNION,US,visa,credit
445056,00-99,THE KWANGJU BANK LTD.,KR,visa,debit
445057,00-99,WOORI BANK,KR,visa,credit
445058,00-99,CANADIAN TIRE BANK,CA,visa,credit
445059,00-99,CAJA MORELIA VALLADOLID S.C. DE A.P DE R.L. DE C.V.,MX,visa,credit
445060,00-99,FIRST HORIZON BANK,US,visa,credit
445061,00-99,FIRST HORIZON BANK,US,visa,credit
445062,00-99,FIRST HORIZON BANK,US,visa,credit
445063,00-99,AXIS BANK LTD.,IN,visa,debit
445064,00-99,AXIS BANK LTD.,IN,visa,debit
445065,00-99,AXIS BANK LTD.,IN,visa,debit
445066,00-99,FIRST HORIZON BANK,US,visa,credit
445067,00-99,FIRST HORIZON BANK,US,visa,credit
445068,00-99,AXIS BANK LTD.,IN,visa,debit
445069,00-99,AXIS BANK LTD.,IN,visa,debit
445070,00-99,FIRST HORIZON BANK,US,visa,credit
445071,00-99,FIRST HORIZON BANK,US,visa,credit
445072,00-99,FIRST HORIZON BANK,US,visa,credit
445073,00-99,DREAMPURSE TECHNOLOGIES PRIVATE LTD.,IN,visa,debit
445074,00-99,INDUSTRIAL AND COMMERCIAL BANK OF CHINA LTD.,CN,visa,debit
445075,00-99,GLENWOOD STATE BANK (INCORPORATED),US,visa,debit
445076,00-99,PT BANK MANDIRI (PERSERO) TBK,ID,visa,credit
445077,00-99,FIRST HORIZON BANK,US,visa,credit
445078,00-99,FIRST HORIZON BANK,US,visa,credit
445079,00-99,FIRST HORIZON BANK,US,visa,credit
445080,00-99,FIRST HORIZON BANK,US,visa,credit
445081,00-99,FIRST HORIZON BANK,US,visa,credit
445082,00-99,FIRST HORIZON BANK,US,visa,credit
445083,00-99,CITIBANK N.A.,ID,visa,credit
445084,00-99,ICICI BANK LTD.,IN,visa,credit
445085,00-99,INDUSIND BANK LTD.,IN,visa,debit
445086,00-99,EAST WEST BANKING CORPORATION,PH,visa,credit
445087,00-99,UNITED BANK LTD.,PK,visa,debit
445088,00-99,MAITLAND MUTUAL LTD.,AU,visa,debit
445089,00-99,FLORIDA CAPITAL BANK NATIONAL ASSOCIATION,US,visa,debit
445090,00-99,SHINHAN CARD CO. LTD.,KR,visa,credit
445091,00-99,FIRST HORIZON BANK,US,visa,credit
445092,00-99,FIRST HORIZON BANK,US,visa,credit
445093,00-99,HSBC BANK (VIETNAM) LTD.,VN,visa,credit
445094,00-99,HSBC BANK (VIETNAM) LTD.,VN,visa,credit
445095,00-99,FIRST HORIZON BANK,US,visa,credit
445096,00-99,HYUNDAI CARD COMPANY LTD.,KR,visa,debit
445097,00-99,CREDIT SAISON CO. LTD.,JP,visa,debit
445098,00-99,FIRST HORIZON BANK,US,visa,credit
445099,00-99,FIRST HORIZON BANK,US,visa,credit
445100,00-99,FIRST HORIZON BANK,US,visa,debit
445101,00-99,FIRST HORIZON BANK,US,visa,debit
445102,00-99,FIRST HORIZON BANK,US,visa,debit
445103,00-99,FIRST HORIZON BANK,US,visa,debit
445104,00-99,FIRST HORIZON BANK,US,visa,credit
445105,00-99,FIRST HORIZON BANK,US,visa,credit
445106,00-99,FIRST HORIZON BANK,US,visa,credit
445107,00-99,FIRST HORIZON BANK,US,visa,credit
445108,00-99,FIRST HORIZON BANK,US,visa,credit
445109,00-99,OTP BANK S.A.,MD,visa,debit
445110,00-99,CB EUROCREDITBANK SA JSC,MD,visa,debit
445111,00-99,OTP BANK S.A.,MD,visa,credit
445112,00-99,CB EUROCREDITBANK SA JSC,MD,visa,debit
445113,00-99,CB EUROCREDITBANK SA JSC,MD,visa,debit
445114,00-99,FIRST HORIZON BANK,US,visa,credit
445115,00-99,FIRST HORIZON BANK,US,visa,debit
445116,00-99,FIFTH THIRD BANK,US,visa,credit
445117,00-99,FIFTH THIRD BANK,US,visa,credit
445118,00-99,FIFTH THIRD BANK,US,visa,credit
445119,00-99,FIFTH THIRD BANK,US,visa,credit
445120,00-99,THE STANDARD BANK OF SOUTH AFRICA LTD.,ZA,visa,debit
445121,00-99,THE STANDARD BANK OF SOUTH AFRICA LTD.,ZA,visa,debit
445122,00-99,THE STANDARD BANK OF SOUTH AFRICA LTD.,ZA,visa,debit
445123,00-99,INTERNATIONAL COMMERCIAL BANK,RU,visa,debit
445124,00-99,INTERNATIONAL COMMERCIAL BANK,RU,visa,debit
445125,00-99,INTERNATIONAL COMMERCIAL BANK,RU,visa,debit
445126,00-99,PARABANK STOCK-COMMERCE BANK,AZ,visa,credit
445127,00-99,PARABANK STOCK-COMMERCE BANK,AZ,visa,credit
445128,00-99,PJSC BANK KYIVSKA RUS,UA,visa,credit
445129,00-99,,IN,visa,credit
445130,00-99,PJSC BANK KYIVSKA RUS,UA,visa,credit
445131,00-99,PJSC BANK KYIVSKA RUS,UA,visa,credit
445132,00-99,PJSC BANK KYIVSKA RUS,UA,visa,debit
445133,00-99,COMMERCIAL BANK OF DUBAI(PSC),AE,visa,credit
445134,00-99,COMMERCIAL BANK OF DUBAI(PSC),AE,visa,credit
445135,00-99,COMMERCIAL BANK OF DUBAI(PSC),AE,visa,credit
445136,00-99,COMMERCIAL BANK OF DUBAI(PSC),AE,visa,credit
445137,00-99,COMMERCIAL BANK OF DUBAI(PSC),AE,visa,credit
445138,00-99,COMMERCIAL BANK OF DUBAI(PSC),AE,visa,credit
445139,00-99,FIRST HORIZON BANK,US,visa,credit
445140,00-99,FIRST HORIZON BANK,US,visa,credit
445141,00-99,BANK OF AFRICA (KENYA) LTD.,KE,visa,debit
445142,00-99,FIRST HORIZON BANK,US,visa,credit
445143,00-99,ABSA BANK LTD.,ZA,visa,debit
445144,00-99,ABSA GROUP LTD.,ZA,visa,debit
445145,00-99,ABSA BANK LTD.,ZA,visa,debit
445146,00-99,ABSA GROUP LTD.,ZA,visa,debit
445147,00-99,ABSA BANK LTD.,ZA,visa,debit
445148,00-99,ABSA BANK LTD.,ZA,visa,debit
445149,00-99,BYBLOS BANK SAL,LB,visa,credit
445150,00-99,BLOM BANK S.A.L.,LB,visa,credit
445151,00-99,GUARANTY BANK AND TRUST COMPANY,US,visa,credit
445152,00-99,CARD SERVICES FOR CREDIT UNIONS,US,visa,debit
445153,00-99,PUBLIC JOINT-STOCK COMPANY SOVCOMBANK,RU,visa,credit
445154,00-99,ADVENTURE CREDIT UNION,US,visa,credit
445155,00-99,STEWART'S FEDERAL CREDIT UNION,US,visa,debit
445156,00-99,SERVICE FEDERAL CREDIT UNION,US,visa,credit
445157,00-99,UWHARRIE BANK,US,visa,debit
445158,00-99,,US,visa,debit
445159,00-99,CADENCE BANK,US,visa,debit
445160,00-99,REGIONS BANK,US,visa,debit
445161,00-99,REGIONS BANK,US,visa,debit
445162,00-99,PINNACLE FINANCIAL PARTNERS,US,visa,debit
445163,00-99,NEW REPUBLIC BANK,US,visa,debit
445164,00-99,SUNTRUST BANK,US,visa,debit
445165,00-99,SUNTRUST BANK,US,visa,debit
445166,00-99,UNION BANK & TRUST,US,visa,debit
445167,00-99,CITIBANK N.A.,US,visa,credit
445168,00-99,CJSC ACTIVBANK,TJ,visa,debit
445169,00-99,CJSC INVESTMENT AND CREDIT BANK TAJIKISTAN,TJ,visa,debit
445170,00-99,THE CITY NATIONAL BANK AND TRUST COMPANY OF LAWTON OKLAHOMA,US,visa,debit
445171,00-99,FSNB NATIONAL ASSOCIATION,US,visa,debit
445172,00-99,,US,visa,debit
445173,00-99,WELLS FARGO BANK N.A.,US,visa,debit
445174,00-99,WELLS FARGO BANK N.A.,US,visa,debit
445175,00-99,,US,visa,credit
445176,00-99,FIRST HORIZON BANK,US,visa,credit
445177,00-99,WELLS FARGO BANK N.A.,US,visa,debit
445178,00-99,CORDA CREDIT UNION,US,visa,debit
445179,00-99,CORDA CREDIT UNION,US,visa,debit
445180,00-99,THE CITY NATIONAL BANK AND TRUST COMPANY OF LAWTON OKLAHOMA,US,visa,debit
445181,00-99,BANK OF COMMERCE,US,visa,debit
445182,00-99,WELLS FARGO BANK N.A.,US,visa,debit
445183,00-99,WELLS FARGO BANK N.A.,US,visa,debit
445184,00-99,SPRING BANK,US,visa,debit
445185,00-99,WELLS FARGO BANK N.A.,US,visa,debit
445186,00-99,FAIRFIELD COUNTY BANK,US,visa,debit
445187,00-99,WELLS FARGO BANK N.A.,US,visa,debit
445188,00-99,,US,visa,debit
445189,00-99,PISCATAQUA SAVINGS BANK,US,visa,debit
445190,00-99,BANK OF IRELAND,GB,visa,credit
445191,00-99,YORKSHIRE BANK,GB,visa,credit
445192,00-99,YORKSHIRE BANK,GB,visa,credit
445193,00-99,PUBLIC JOINT-STOCK COMPANY SOVCOMBANK,RU,visa,debit
445194,00-99,PUBLIC JOINT-STOCK COMPANY SOVCOMBANK,RU,visa,debit
445195,00-99,PUBLIC JOINT-STOCK COMPANY SOVCOMBANK,RU,visa,debit
445196,00-99,PUBLIC JOINT-STOCK COMPANY SOVCOMBANK,RU,visa,debit
445197,00-99,LANDESBANK BERLIN AG,DE,visa,credit
445198,00-99,LANDESBANK BERLIN AG,DE,visa,credit
445199,00-99,LANDESBANK BERLIN AG,DE,visa,credit
445200,00-99,WEX BANK,US,visa,credit
445201,00-99,HORIZON CREDIT UNION,US,visa,debit
445202,00-99,KLEBERG BANK N.A.,US,visa,debit
445203,00-99,ARIZONA CENTRAL CREDIT UNION,US,visa,debit
445204,00-99,SAFE FEDERAL CREDIT UNION,US,visa,debit
445205,00-99,SPOKANE TEACHERS CREDIT UNION,US,visa,credit
445206,00-99,VANTAGE WEST CREDIT UNION,US,visa,debit
445207,00-99,MCINTOSH COUNTY BANK,US,visa,debit
445208,00-99,ONEAZ CREDIT UNION,US,visa,debit
445209,00-99,PEOPLES TRUST AND SAVINGS BANK,US,visa,debit
445210,00-99,SPACE AGE CREDIT UNION,US,visa,debit
445211,00-99,COMTRUST FEDERAL CREDIT UNION,US,visa,credit
445212,00-99,,US,visa,credit
445213,00-99,CREDIT UNION WEST,US,visa,debit
445214,00-99,,US,visa,credit
445215,00-99,QUALSTAR CREDIT UNION,US,visa,credit
445216,00-99,BLACK HILLS FEDERAL CREDIT UNION,US,visa,debit
445217,00-99,CARD SERVICES FOR CREDIT UNIONS,US,visa,debit
445218,00-99,UNITUS COMMUNITY CREDIT UNION,US,visa,debit
445219,00-99,CANVAS CREDIT UNION,US,visa,debit
445220,00-99,PEAK CREDIT UNION,US,visa,debit
445221,00-99,METABANK,US,visa,debit
445222,00-99,CARD SERVICES FOR CREDIT UNIONS,US,visa,credit
445223,00-99,SACRAMENTO CREDIT UNION,US,visa,credit
445224,00-99,ALTAONE FEDERAL CREDIT UNION,US,visa,credit
445225,00-99,CHARTWAY FEDERAL CREDIT UNION,US,visa,debit
445226,00-99,,US,visa,debit
445227,00-99,THE FIRST NATIONAL BANK AND TRUST COMPANY OF BROKEN ARROW,US,visa,debit
445228,00-99,OREGONIANS CREDIT UNION,US,visa,debit
445229,00-99,BLUE RIDGE BANK NATIONAL ASSOCIATION,US,visa,debit
445230,00-99,BEEHIVE FEDERAL CREDIT UNION,US,visa,credit
445231,00-99,GRATIOT COMMUNITY CREDIT UNION,US,visa,credit
445232,00-99,CARD SERVICES FOR CREDIT UNIONS,US,visa,credit
445233,00-99,CHRISTIAN FINANCIAL CREDIT UNION,US,visa,credit
445234,00-99,CARD SERVICES FOR CREDIT UNIONS,US,visa,credit
445235,00-99,THE CITY NATIONAL BANK AND TRUST COMPANY OF LAWTON OKLAHOMA,US,visa,debit
445236,00-99,FIRSTMARK CREDIT UNION,US,visa,debit
445237,00-99,TWINSTAR CREDIT UNION,US,visa,credit
445238,00-99,SUNRISE BANKS NATIONAL ASSOCIATION,US,visa,debit
445239,00-99,WASHINGTON FEDERAL BANK,US,visa,debit
445240,00-99,TWO RIVERS FEDERAL CREDIT UNION,US,visa,debit
445241,00-99,SOOPER CREDIT UNION,US,visa,credit
445242,00-99,NUVISTA FEDERAL CREDIT UNION,US,visa,credit
445243,00-99,BRIDGE CREDIT UNION INC.,US,visa,credit
445244,00-99,ANDREWS FEDERAL CREDIT UNION,US,visa,credit
445245,00-99,WYMAR FEDERAL CREDIT UNION,US,visa,credit
445246,00-99,SNOCOPE CREDIT UNION,US,visa,credit
445247,00-99,,US,visa,credit
445248,00-99,CARD SERVICES FOR CREDIT UNIONS,US,visa,credit
445249,00-99,BLUE RIDGE BANK NATIONAL ASSOCIATION,US,visa,debit
445250,00-99,I. H. MISSISSIPPI VALLEY CREDIT UNION,US,visa,debit
445251,00-99,LBS FINANCIAL CREDIT UNION,US,visa,credit
445252,00-99,ANDREWS FEDERAL CREDIT UNION,US,visa,credit
445253,00-99,HORIZON UTAH FEDERAL CREDIT UNION,US,visa,debit
445254,00-99,MAIN BANK,US,visa,debit
445255,00-99,ADIRONDACK REGIONAL FEDERAL CREDIT UNION,US,visa,credit
445256,00-99,ONPOINT COMMUNITY CREDIT UNION,US,visa,debit
445257,00-99,SOUTH BAY CREDIT UNION,US,visa,debit
445258,00-99,,US,visa,credit
445259,00-99,,US,visa,credit
445260,00-99,HARBOR POINTE CREDIT UNION,US,visa,credit
445261,00-99,CARD SERVICES FOR CREDIT UNIONS,US,visa,credit
445262,00-99,CENTRAL VIRGINIA FEDERAL CREDIT UNION,US,visa,credit
445263,00-99,HAWAII COMMUNITY FEDERAL CREDIT UNION,US,visa,credit
445264,00-99,CARD SERVICES FOR CREDIT UNIONS,US,visa,credit
445265,00-99,NANTO CARD SERVICE CO. LTD.,JP,visa,credit
445266,00-99,IOWA CREDIT UNION LEAGUE,US,visa,credit
445267,00-99,CARD SERVICES FOR CREDIT UNIONS,US,visa,credit
445268,00-99,VIRGINIA CO-OP CREDIT UNION,US,visa,credit
445269,00-99,CARD SERVICES FOR CREDIT UNIONS,US,visa,credit
445270,00-99,LAFCU,US,visa,credit
445271,00-99,PNC BANK NATIONAL ASSOCIATION,US,visa,credit
445272,00-99,ADVANTAGE ONE CREDIT UNION,US,visa,credit
445273,00-99,UVA COMMUNITY CREDIT UNION,US,visa,credit
445274,00-99,CARD SERVICES FOR CREDIT UNIONS,US,visa,credit
445275,00-99,SOUTHERN FEDERAL CREDIT UNION,US,visa,credit
445276,00-99,VALLEYSTAR CREDIT UNION,US,visa,credit
445277,00-99,APPLE FEDERAL CREDIT UNION,US,visa,credit
445278,00-99,CARD SERVICES FOR CREDIT UNIONS,US,visa,credit
445279,00-99,THE BANCORP BANK NATIONAL ASSOCIATION,US,visa,credit
445280,00-99,ARLINGTON COMMUNITY FEDERAL CREDIT UNION,US,visa,credit
445281,00-99,BANCO WENG HANG S.A.,MO,visa,debit
445282,00-99,NORTHERN STAR CREDIT UNION INCORPORATED,US,visa,credit
445283,00-99,SAN DIEGO FIREFIGHTERS FEDERAL CREDIT UNION,US,visa,credit
445284,00-99,PENTAGON FEDERAL CREDIT UNION,US,visa,credit
445285,00-99,CARD SERVICES FOR CREDIT UNIONS,US,visa,credit
445286,00-99,CARD SERVICES FOR CREDIT UNIONS,US,visa,credit
445287,00-99,SPIRE CREDIT UNION,US,visa,credit
445288,00-99,CARD SERVICES FOR CREDIT UNIONS,US,visa,credit
445289,00-99,ALOHA PACIFIC FEDERAL CREDIT UNION,US,visa,credit
445290,00-99,CARD SERVICES FOR CREDIT UNIONS,US,visa,credit
445291,00-99,CORNERSTONE COMMUNITY FEDERAL CREDIT UNION,US,visa,credit
445292,00-99,GREAT LAKES CREDIT UNION,US,visa,credit
445293,00-99,CARD SERVICES FOR CREDIT UNIONS,US,visa,credit
445294,00-99,PIPEFITTERS STEAMFITTERS CREDIT UNION,US,visa,credit
445295,00-99,CARD SERVICES FOR CREDIT UNIONS,US,visa,credit
445296,00-99,KEESLER FEDERAL CREDIT UNION,US,visa,credit
445297,00-99,WEST SUBURBAN BANK,US,visa,debit
445298,00-99,CARD SERVICES FOR CREDIT UNIONS,US,visa,credit
445299,00-99,CARD SERVICES FOR CREDIT UNIONS,US,visa,credit
445300,00-99,SUNTRUST BANK,US,visa,credit
445301,00-99,SUNTRUST BANK,US,visa,credit
445302,00-99,BANK OF HOPE,US,visa,debit
445303,00-99,FLAGSTAR BANK NATIONAL ASSOCIATION,US,visa,credit
445304,00-99,ZIA CREDIT UNION,US,visa,credit
445305,00-99,YOLO FEDERAL CREDIT UNION,US,visa,debit
445306,00-99,UTAH COMMUNITY FEDERAL CREDIT UNION,US,visa,credit
445307,00-99,THE FIRST NATIONAL BANK OF GRANBURY,US,visa,debit
445308,00-99,FIDELITY BANK,US,visa,debit
445309,00-99,AL RAJHI BANKING AND INVESTMENT CORP.,SA,visa,credit
445310,00-99,FIDELITY BANK,US,visa,credit
445311,00-99,STATE EMPLOYEES' CREDIT UNION,US,visa,debit
445312,00-99,GROW FINANCIAL FEDERAL CREDIT UNION,US,visa,credit
445313,00-99,SUNTRUST BANK,US,visa,debit
445314,00-99,FIRST NATIONAL BANK OF BURLESON,US,visa,debit
445315,00-99,REVOLUT LTD.,IL,visa,debit
445316,00-99,UC CARD CO. LTD.,JP,visa,debit
445317,00-99,SUNTRUST BANK,US,visa,debit
445318,00-99,MAVERICK BANK,US,visa,debit
445319,00-99,ANCHOR D BANK,US,visa,debit
445320,00-99,GREAT WESTERN BANK,US,visa,debit
445321,00-99,GREAT WESTERN BANK,US,visa,debit
445322,00-99,TEAM ONE CREDIT UNION,US,visa,credit
445323,00-99,LEGENCE BANK,US,visa,debit
445324,00-99,TEAM ONE CREDIT UNION,US,visa,debit
445325,00-99,ALCOSE CREDIT UNION,US,visa,debit
445326,00-99,1ST FINANCIAL BANK USA,US,visa,credit
445327,00-99,TRADITIONS BANK,US,visa,credit
445328,00-99,SUNTRUST BANK,US,visa,credit
445329,00-99,TRUENERGY FEDERAL CREDIT UNION,US,visa,credit
445330,00-99,WHATCOM EDUCATIONAL CREDIT UNION,US,visa,credit
445331,00-99,WEOKIE FEDERAL CREDIT UNION,US,visa,debit
445332,00-99,THE BANCORP BANK NATIONAL ASSOCIATION,US,visa,credit
445333,00-99,THE PARK NATIONAL BANK,US,visa,credit
445334,00-99,UNITED POLES FEDERAL CREDIT UNION,US,visa,credit
445335,00-99,THE BANCORP BANK NATIONAL ASSOCIATION,US,visa,debit
445336,00-99,SUNTRUST BANK,US,visa,credit
445337,00-99,SUNTRUST BANK,US,visa,credit
445338,00-99,CAPITAL ONE BANK (USA) N.A.,US,visa,credit
445339,00-99,REGIONS BANK,US,visa,debit
445340,00-99,CITIZENS BANK N.A.,US,visa,debit
445341,00-99,ELMIRA SAVINGS BANK F.S.B.,US,visa,debit
445342,00-99,MERRICK BANK,US,visa,credit
445343,00-99,MERRICK BANK,US,visa,credit
445344,00-99,MERRICK BANK,US,visa,credit
445345,00-99,COMMERCIAL CAPITAL BANK,US,visa,debit
445346,00-99,SUNTRUST BANK,US,visa,credit
445347,00-99,SUNTRUST BANK,US,visa,credit
445348,00-99,SUNTRUST BANK,US,visa,credit
445349,00-99,FIRST AMERICAN BANK,US,visa,debit
445350,00-99,BANK OF KILMICHAEL,US,visa,debit
445351,00-99,BANCORPSOUTH BANK,US,visa,credit
445352,00-99,BBVA USA,US,visa,debit
445353,00-99,DENALI ALASKAN FEDERAL CREDIT UNION,US,visa,credit
445354,00-99,SUNTRUST BANK,US,visa,debit
445355,00-99,MAGNUM SOCIEDADE DE CREDITO DIRETO S.A.,BR,visa,debit
445356,00-99,SUNTRUST BANK,US,visa,credit
445357,00-99,FIRST-CITIZENS BANK & TRUST COMPANY,US,visa,credit
445358,00-99,NORTHERN COMMUNITIES CREDIT UNION,US,visa,credit
445359,00-99,NORTHERN COMMUNITIES CREDIT UNION,US,visa,credit
445360,00-99,SUNTRUST BANK,US,visa,credit
445361,00-99,FIRST-CITIZENS BANK & TRUST COMPANY,US,visa,credit
445362,00-99,CAMBODIAN PUBLIC BANK LTD.,KH,visa,credit
445363,00-99,FIRST HAWAIIAN BANK,US,visa,credit
445364,00-99,FIRST HAWAIIAN BANK,US,visa,credit
445365,00-99,SUNTRUST BANK,US,visa,credit
445366,00-99,SUNTRUST BANK,US,visa,credit
445367,00-99,EXPEDITION CREDIT UNION,US,visa,debit
445368,00-99,EXPEDITION CREDIT UNION,US,visa,debit
445369,00-99,CITIZENS NATIONAL BANK,US,visa,debit
445370,00-99,SUNTRUST BANK,US,visa,credit
445371,00-99,FIDELITY BANK,US,visa,debit
445372,00-99,MEMBERSFIRST CREDIT UNION,US,visa,debit
445373,00-99,WYROPE WILLIAMSPORT FEDERAL CREDIT UNION,US,visa,debit
445374,00-99,SUNTRUST BANK,US,visa,debit
445375,00-99,MAINE SAVINGS FEDERAL CREDIT UNION,US,visa,credit
445376,00-99,BOND COMMUNITY FEDERAL CREDIT UNION,US,visa,debit
445377,00-99,,ID,visa,credit
445378,00-99,CAPTEX BANK,US,visa,debit
445379,00-99,VYSTAR CREDIT UNION,US,visa,credit
445380,00-99,FIRSTIER BANK,US,visa,debit
445381,00-99,SCRIBNER BANK,US,visa,debit
445382,00-99,SUNTRUST BANK,US,visa,credit
445383,00-99,FIRST UTAH BANK,US,visa,debit
445384,00-99,PLATTE VALLEY BANK,US,visa,debit
445385,00-99,FIRST BANK KANSAS,US,visa,debit
445386,00-99,SUNTRUST BANK,US,visa,credit
445387,00-99,SUNTRUST BANK,US,visa,credit
445388,00-99,SUNTRUST BANK,US,visa,credit
445389,00-99,1ST MIDAMERICA CREDIT UNION,US,visa,credit
445390,00-99,GERMAN AMERICAN BANK,US,visa,debit
445391,00-99,COMMERCE BANK OF WASHINGTON N.A.,US,visa,debit
445392,00-99,COMMERCE BANK OF WASHINGTON N.A.,US,visa,debit
445393,00-99,BRADESCO BANK,US,visa,credit
445394,00-99,FIRE POLICE CITY COUNTY FEDERAL CREDIT UNION,US,visa,credit
445395,00-99,SHELBY COUNTY FEDERAL CREDIT UNION,US,visa,credit
445396,00-99,ICBA BANCARD INC.,US,visa,debit
445397,00-99,PROFED FEDERAL CREDIT UNION,US,visa,credit
445398,00-99,PROFED FEDERAL CREDIT UNION,US,visa,credit
445399,00-99,PROFED FEDERAL CREDIT UNION,US,visa,credit
445400,00-99,PROFED FEDERAL CREDIT UNION,US,visa,debit
445401,00-99,HOMESTEAD BANK,US,visa,debit
445402,00-99,PLATTE VALLEY BANK,US,visa,debit
445403,00-99,U.S. BANK N.A.,US,visa,debit
445404,00-99,WELLS FARGO BANK N.A.,US,visa,debit
445405,00-99,FIRST STATE BANK,US,visa,debit
445406,00-99,THE POTTER STATE BANK OF POTTER,US,visa,debit
445407,00-99,HARVARD STATE BANK,US,visa,debit
445408,00-99,HENDERSON STATE BANK,US,visa,debit
445409,00-99,F&M BANK,US,visa,debit
445410,00-99,BANQUE COMMERCIALE INTERNATIONALE,CG,visa,debit
445411,00-99,BANQUE COMMERCIALE INTERNATIONALE,CG,visa,debit
445412,00-99,BANQUE COMMERCIALE INTERNATIONALE,CG,visa,debit
445413,00-99,NASS WALLET COMPANY FOR FINANCIAL AND PAYMENT SERVICES THROUGH CELLPHONES,IQ,visa,debit
445414,00-99,PJSC EUROPEAN GAZ BANK,UA,visa,debit
445415,00-99,PJSC EUROPEAN GAZ BANK,UA,visa,debit
445416,00-99,INTESA SANPAOLO BANK ALBANIA SH.A,AL,visa,debit
445417,00-99,INTESA SANPAOLO BANK ALBANIA SH.A.,AL,visa,debit
445418,00-99,INTESA SANPAOLO BANK ALBANIA SH.A.,AL,visa,debit
445419,00-99,HSBC BANK USA N.A.,US,visa,credit
445420,00-99,,US,visa,credit
445421,00-99,PJSC AKTABANK,UA,visa,credit
445422,00-99,PEOPLE'S UNITED BANK,US,visa,debit
445423,00-99,SOUTH STATE BANK NATIONAL ASSOCIATION,US,visa,debit
445424,00-99,FIRST INTERNET BANK OF INDIANA,US,visa,debit
445425,00-99,KEYBANK N.A.,US,visa,credit
445426,00-99,BRAVERA BANK,US,visa,credit
445427,00-99,VERMONT STATE BANK,US,visa,credit
445428,00-99,ARDSHINBANK CJSC,AM,visa,debit
445429,00-99,ARDSHINBANK CJSC,AM,visa,credit
445430,00-99,ARDSHINBANK CJSC,AM,visa,debit
445431,00-99,ARDSHINBANK CJSC,AM,visa,debit
445432,00-99,ARDSHININVESTBANK CJSC,AM,visa,debit
445433,00-99,LLC HOME CREDIT AND FINANCE BANK,RU,visa,debit
445434,00-99,LLC HOME CREDIT AND FINANCE BANK,RU,visa,debit
445435,00-99,LLC HOME CREDIT AND FINANCE BANK,RU,visa,debit
445436,00-99,LLC HOME CREDIT AND FINANCE BANK,RU,visa,credit
445437,00-99,PJSC AKTABANK,UA,visa,debit
445438,00-99,PJSC AKTABANK,UA,visa,debit
445439,00-99,BANQUE MAROCAINE POUR LE COMMERCE ET L'INDUSTRIE,MA,visa,debit
445440,00-99,ELGIN STATE BANK,US,visa,debit
445441,00-99,FIRST NATIONAL BANK OF OMAHA,US,visa,credit
445442,00-99,PAYBOX BANK AG,AT,visa,credit
445443,00-99,UNITY BANK NORTH,US,visa,debit
445444,00-99,BANCO PICHINCHA C.A.,EC,visa,credit
445445,00-99,BANCO PICHINCHA C.A.,EC,visa,credit
445446,00-99,BANCO PICHINCHA C.A.,EC,visa,credit
445447,00-99,BANCO PICHINCHA C.A.,EC,visa,credit
445448,00-99,KEYBANK N.A.,US,visa,credit
445449,00-99,KEYBANK N.A.,US,visa,credit
445450,00-99,HENDRICKS COUNTY BANK AND TRUST COMPANY,US,visa,credit
445451,00-99,CJSC VTB BANK (BELARUS),BY,visa,credit
445452,00-99,CJSC VTB BANK (BELARUS),BY,visa,credit
445453,00-99,CJSC VTB BANK (BELARUS),BY,visa,debit
445454,00-99,CJSC VTB BANK (BELARUS),BY,visa,credit
445455,00-99,KEYBANK N.A.,US,visa,credit
445456,00-99,CASE FEDERAL CREDIT UNION,US,visa,debit
445457,00-99,FIRST NATIONAL BANK OF OMAHA,US,visa,credit
445458,00-99,FIRST NATIONAL BANK OF OMAHA,US,visa,credit
445459,00-99,FIRST NATIONAL BANK OF OMAHA,US,visa,credit
445460,00-99,FIRST NATIONAL BANK OF OMAHA,US,visa,credit
445461,00-99,BANK OF OKLAHOMA,US,visa,credit
445462,00-99,BNP PARIBAS FORTIS,BE,visa,credit
445463,00-99,PNC BANK NATIONAL ASSOCIATION - CONSUMER CREDIT,US,visa,credit
445464,00-99,,US,visa,credit
445465,00-99,,US,visa,credit
445466,00-99,BUSEY BANK,US,visa,debit
445467,00-99,,MA,visa,debit
445468,00-99,HERITAGE FAMILY FEDERAL CREDIT UNION,US,visa,credit
445469,00-99,FIRST & FARMERS NATIONAL BANK INC.,US,visa,debit
445470,00-99,CRELAN,BE,visa,credit
445471,00-99,BNP PARIBAS FORTIS,BE,visa,credit
445472,00-99,BNP PARIBAS FORTIS NV/SA.,BE,visa,credit
445473,00-99,BNP PARIBAS FORTIS,BE,visa,credit
445474,00-99,VISA BELGIUM,BE,visa,credit
445475,00-99,BELFIUS,BE,visa,credit
445476,00-99,BELFIUS BANK SA,BE,visa,credit
445477,00-99,VISA BELGIUM,BE,visa,credit
445478,00-99,VISA BELGIUM,BE,visa,credit
445479,00-99,KEYTRADE BANK,BE,visa,credit
445480,00-99,KEYTRADE BANK,BE,visa,credit
445481,00-99,BEOBANK NV/SA,BE,visa,credit
445482,00-99,BEOBANK NV/SA,BE,visa,credit
445483,00-99,URALFINANS CB LLC,RU,visa,debit
445484,00-99,URALFINANS CB LLC,RU,visa,debit
445485,00-99,URALFINANS CB LLC,RU,visa,debit
445486,00-99,URALFINANS CB LLC,RU,visa,debit
445487,00-99,URALFINANS CB LLC,RU,visa,debit
445488,00-99,CJSC WEST FINANCE AND CREDIT BANK,UA,visa,debit
445489,00-99,,US,visa,credit
445490,00-99,ITAU UNIBANCO S.A.,BR,visa,credit
445491,00-99,ITAU UNIBANCO S.A.,BR,visa,credit
445492,00-99,ITAU UNIBANCO S.A.,BR,visa,credit
445493,00-99,UNITED BANK FOR AFRICA PLC,NG,visa,debit
445494,00-99,LLC CB OF ECONOMIC DEVELOPMENT BANK OF KAZAN,RU,visa,debit
445495,00-99,LLC CB OF ECONOMIC DEVELOPMENT BANK OF KAZAN,RU,visa,debit
445496,00-99,LLC CB OF ECONOMIC DEVELOPMENT BANK OF KAZAN,RU,visa,debit
445497,00-99,ITAU UNIBANCO HOLDING S.A.,BR,visa,credit
445498,00-99,ITAU UNIBANCO S.A.,BR,visa,credit
445499,00-99,DIGITAL COMMERCE BANK,CA,visa,credit
445500,00-99,DIGITAL COMMERCE BANK,CA,visa,credit
445501,00-99,WELLS FARGO BANK NATIONAL ASSOCIATION,US,visa,credit
445502,00-99,MERCANTIL BANCO S.A.,PA,visa,credit
445503,00-99,MERCANTIL BANCO S.A.,PA,visa,credit
445504,00-99,MERCANTIL BANCO S.A.,PA,visa,credit
445505,00-99,MERCANTIL BANCO S.A.,PA,visa,credit
445506,00-99,MERCANTIL BANCO S.A.,PA,visa,credit
445507,00-99,MERCANTIL BANCO S.A.,PA,visa,debit
445508,00-99,EL CREDITO HIPOTECARIO NACIONAL DE GUATEMALA,GT,visa,debit
445509,00-99,BANK OF AMERICA NATIONAL ASSOCIATION,US,visa,credit
445510,00-99,BANK ALFALAH LTD.,PK,visa,debit
445511,00-99,BANK OF AMERICA NATIONAL ASSOCIATION,US,visa,credit
445512,00-99,JSC BANK SNGB,RU,visa,debit
445513,00-99,FIRSTRAND BANK LTD.,ZA,visa,credit
445514,00-99,COMMERCIAL INTERNATIONAL BANK,EG,visa,credit
445515,00-99,UNION PLANTERS BANK N.A.,US,visa,credit
445516,00-99,VISTA BANK (GAMBIA) LTD.,GM,visa,debit
445517,00-99,,US,visa,credit
445518,00-99,,MX,visa,debit
445519,00-99,,US,visa,credit
445520,00-99,AL RAJHI BANKING AND INVESTMENT CORP.,SA,visa,credit
445521,00-99,AL RAJHI BANKING AND INVESTMENT CORP.,SA,visa,credit
445522,00-99,AL RAJHI BANKING AND INVESTMENT CORP.,SA,visa,debit
445523,00-99,,US,visa,credit
445524,00-99,,US,visa,credit
445525,00-99,,US,visa,credit
445526,00-99,,US,visa,credit
445527,00-99,CJSC UNITED RESERVE BANK,RU,visa,debit
445528,00-99,CJSC UNITED RESERVE BANK,RU,visa,debit
445529,00-99,CJSC UNITED RESERVE BANK,RU,visa,debit
445530,00-99,,US,visa,credit
445531,00-99,,US,visa,credit
445532,00-99,THE KARUR VYSYA BANK LTD.,IN,visa,debit
445533,00-99,KARUR VYSYA BANK LTD.,IN,visa,debit
445534,00-99,KARUR VYSYA BANK LTD.,IN,visa,debit
445535,00-99,KARUR VYSYA BANK LTD.,IN,visa,debit
445536,00-99,ROTHSCHILD BANK INTERNATIONAL LTD.,GB,visa,credit
445537,00-99,ROTHSCHILD BANK INTERNATIONAL LTD.,GB,visa,credit
445538,00-99,UNITED BANK FOR AFRICA CAMEROON,CM,visa,debit
445539,00-99,UNITED BANK FOR AFRICA PLC,CM,visa,debit
445540,00-99,UNITED BANK FOR AFRICA CAMEROON,CM,visa,debit
445541,00-99,ABU DHABI ISLAMIC BANK,AE,visa,credit
445542,00-99,ABU DHABI ISLAMIC BANK,AE,visa,credit
445543,00-99,ABU DHABI ISLAMIC BANK,AE,visa,debit
445544,00-99,BANK MILLENNIUM SPOLKA AKCYJNA,PL,visa,credit
445545,00-99,BANK MILLENNIUM SPOLKA AKCYJNA,PL,visa,credit
445546,00-99,BANK MILLENNIUM SPOLKA AKCYJNA,PL,visa,credit
445547,00-99,BANK MILLENNIUM SPOLKA AKCYJNA,PL,visa,credit
445548,00-99,BANK MILLENNIUM SPOLKA AKCYJNA,PL,visa,credit
445549,00-99,BANK MILLENNIUM SPOLKA AKCYJNA,PL,visa,credit
445550,00-99,EURO BANK S.A.,PL,visa,debit
445551,00-99,CB BANCA SOCIALA S.A.,MD,visa,debit
445552,00-99,CB BANCA SOCIALA S.A.,MD,visa,debit
445553,00-99,,RU,visa,credit
445554,00-99,,RU,visa,credit
445555,00-99,JOINT STOCK COMPANY OCTOBANK,UZ,visa,debit
445556,00-99,BANQUE LIBANO-FRANCAISE S.A.L.,LB,visa,credit
445557,00-99,BANQUE LIBANO-FRANCAISE S.A.L.,LB,visa,credit
445558,00-99,BANQUE LIBANO-FRANCAISE S.A.L.,LB,visa,debit
445559,00-99,BANQUE LIBANO-FRANCAISE S.A.L.,LB,visa,debit
445560,00-99,,US,visa,credit
445561,00-99,,US,visa,credit
445562,00-99,,US,visa,credit
445563,00-99,,US,visa,credit
445564,00-99,BANK AL JAZIRA,SA,visa,debit
445565,00-99,,US,visa,credit
445566,00-99,CREDIT AGRICOLE BANK POLSKA S.A.,PL,visa,debit
445567,00-99,RAIFFEISEN BANK POLSKA S.A.,PL,visa,debit
445568,00-99,AP BANK JSC,UA,visa,debit
445569,00-99,AP BANK JSC,UA,visa,credit
445570,00-99,CITIBANK NATIONAL ASSOCIATION,JP,visa,credit
445571,00-99,PJSC ASTRA BANK,UA,visa,debit
445572,00-99,THE STATE SAVINGS BANK OF THE REPUBLIC OF TAJIKISTAN (AMONATBONK),TJ,visa,debit
445573,00-99,THE STATE SAVINGS BANK OF THE REPUBLIC OF TAJIKISTAN (AMONATBONK),TJ,visa,debit
445574,00-99,THE STATE SAVINGS BANK OF THE REPUBLIC OF TAJIKISTAN (AMONATBONK),TJ,visa,debit
445575,00-99,JSC GARANT BANK,UZ,visa,debit
445576,00-99,ABU DHABI COMMERCIAL BANK,AE,visa,credit
445577,00-99,ABU DHABI COMMERCIAL BANK,AE,visa,credit
445578,00-99,ABU DHABI COMMERCIAL BANK,AE,visa,credit
445579,00-99,ABU DHABI COMMERCIAL BANK,AE,visa,credit
445580,00-99,,US,visa,credit
445581,00-99,,US,visa,credit
445582,00-99,,US,visa,credit
445583,00-99,CITIBANK NATIONAL ASSOCIATION,JP,visa,credit
445584,00-99,CITIBANK NATIONAL ASSOCIATION,JP,visa,credit
445585,00-99,MEGABANK PLC,UA,visa,debit
445586,00-99,OJSC MOTOR BANK,UA,visa,debit
445587,00-99,OJSC MOTOR BANK,UA,visa,debit
445588,00-99,,US,visa,credit
445589,00-99,,US,visa,credit
445590,00-99,,US,visa,credit
445591,00-99,,US,visa,credit
445592,00-99,BANCO SANTANDER S.A.,BR,visa,credit
445593,00-99,,US,visa,credit
445594,00-99,,US,visa,credit
445595,00-99,,US,visa,credit
445596,00-99,PROMOTORA CMR FALABELLA S.A.,CL,visa,credit
445597,00-99,,US,visa,credit
445598,00-99,STANDARD CHARTERED BANK GHANA LTD.,GH,visa,debit
445599,00-99,,GB,visa,credit
445600,00-99,FIRST HORIZON BANK,US,visa,credit
445601,00-99,PENFED C.U,US,visa,credit
445602,00-99,IAA CREDIT UNION,US,visa,credit
445603,00-99,SIMMONS BANK,US,visa,debit
445604,00-99,,US,visa,credit
445605,00-99,CHARTWAY FEDERAL CREDIT UNION,US,visa,debit
445606,00-99,HEALTHCARE EMPLOYEES FEDERAL CREDIT UNION,US,visa,credit
445607,00-99,TCM BANK N.A.,US,visa,credit
445608,00-99,TERRABANK NATIONAL ASSOCIATION,US,visa,credit
445609,00-99,UNITED BANKERS' BANK,US,visa,credit
445610,00-99,UNIVERSITY OF WISCONSIN CREDIT UNION,US,visa,credit
445611,00-99,,US,visa,debit
445612,00-99,BLACK HILLS FEDERAL CREDIT UNION,US,visa,credit
445613,00-99,STANBIC BANK BOTSWANA LTD.,BW,visa,credit
445614,00-99,STANBIC BANK BOTSWANA LTD.,BW,visa,credit
445615,00-99,ARDSHINBANK CJSC,AM,visa,credit
445616,00-99,ARDSHINBANK CJSC,AM,visa,credit
445617,00-99,ACCESS BANK (GHANA) PLC,GH,visa,credit
445618,00-99,,US,visa,credit
445619,00-99,ACCESS BANK (GHANA) PLC,GH,visa,debit
445620,00-99,WORLDLINE,NL,visa,credit
445621,00-99,,US,visa,credit
445622,00-99,,US,visa,credit
445623,00-99,,US,visa,credit
445624,00-99,,US,visa,credit
445625,00-99,CAPITAL BANK LTD.,BW,visa,debit
445626,00-99,CAPITAL BANK LTD.,BW,visa,debit
445627,00-99,OJSC AKKOBANK,RU,visa,debit
445628,00-99,OJSC AKKOBANK,RU,visa,debit
445629,00-99,OJSC AKKOBANK,RU,visa,debit
445630,00-99,FIRST HORIZON BANK,US,visa,credit
445631,00-99,NEPAL INVESTMENT MEGA BANK LTD.,NP,visa,debit
445632,00-99,FIRST HORIZON BANK,US,visa,credit
445633,00-99,FIRST HORIZON BANK,US,visa,credit
445634,00-99,FIRST HORIZON BANK,US,visa,credit
445635,00-99,FIRST HORIZON BANK,US,visa,credit
445636,00-99,TAVRICHESKY BANK (JSC),RU,visa,credit
445637,00-99,TAVRICHESKY BANK (JSC),RU,visa,credit
445638,00-99,FIRST HORIZON BANK,US,visa,credit
445639,00-99,FIRST HORIZON BANK,US,visa,credit
445640,00-99,FIRST HORIZON BANK,US,visa,credit
445641,00-99,DORT FINANCIAL CREDIT UNION,US,visa,credit
445642,00-99,JORDAN CREDIT UNION,US,visa,credit
445643,00-99,ALTABANK,US,visa,credit
445644,00-99,ALTABANK,US,visa,credit
445645,00-99,SERVICE CREDIT UNION,US,visa,debit
445646,00-99,PENFED C.U,US,visa,credit
445647,00-99,BANKERS' BANK,US,visa,debit
445648,00-99,MEMBERSOURCE CREDIT UNION,US,visa,credit
445649,00-99,RESOURCE ONE CREDIT UNION,US,visa,debit
445650,00-99,INTL HDQTRS-CENTER OWNED,US,visa,credit
445651,00-99,U.S. REGION,US,visa,credit
445652,00-99,,US,visa,credit
445653,00-99,,US,visa,credit
445654,00-99,,US,visa,credit
445655,00-99,,US,visa,credit
445656,00-99,,US,visa,credit
445657,00-99,,US,visa,credit
445658,00-99,,US,visa,credit
445659,00-99,,US,visa,credit
445660,00-99,,US,visa,credit
445661,00-99,,ES,visa,credit
445662,00-99,,US,visa,credit
445663,00-99,,US,visa,credit
445664,00-99,,US,visa,credit
445665,00-99,,US,visa,credit
445666,00-99,,FR,visa,credit
445667,00-99,,US,visa,credit
445668,00-99,,US,visa,credit
445669,00-99,,US,visa,credit
445670,00-99,,US,visa,credit
445671,00-99,,US,visa,credit
445672,00-99,VERMONT FEDERAL CREDIT UNION,US,visa,credit
445673,00-99,VERMONT FEDERAL CREDIT UNION,US,visa,credit
445674,00-99,THREAD BANK,US,visa,credit
445675,00-99,CLARITY CREDIT UNION,US,visa,credit
445676,00-99,CLARITY CREDIT UNION,US,visa,credit
445677,00-99,ECOBANK GABON,GA,visa,debit
445678,00-99,,US,visa,credit
445679,00-99,,US,visa,credit
445680,00-99,,US,visa,credit
445681,00-99,,US,visa,credit
445682,00-99,DUBAI ISLAMIC BANK,AE,visa,debit
445683,00-99,MERCHANTS BANK OF INDIANA,US,visa,credit
445684,00-99,AL ANSARI EXCHANGE LLC,AE,visa,debit
445685,00-99,SPUR SECURITY BANK,US,visa,debit
445686,00-99,OUR COMMUNITY CREDIT UNION,US,visa,credit
445687,00-99,AL BILAD BANK,SA,visa,debit
445688,00-99,OUR COMMUNITY CREDIT UNION,US,visa,credit
445689,00-99,SESLOC CREDIT UNION,US,visa,debit
445690,00-99,ECOBANK COTE D'IVOIRE,CI,visa,debit
445691,00-99,,US,visa,credit
445692,00-99,FIRST ABU DHABI BANK (PJSC),AE,visa,debit
445693,00-99,NSDL PAYMENTS BANK LTD.,IN,visa,debit
445694,00-99,LIVQUIK TECHNOLOGY (INDIA) PRIVATE LTD.,IN,visa,debit
445695,00-99,LBS FINANCIAL CREDIT UNION,US,visa,credit
445696,00-99,EMIRATES NBD BANK (P.J.S.C.),SA,visa,debit
445697,00-99,YES BANK LTD.,IN,visa,debit
445698,00-99,AGRICULTURAL DEVELOPMENT BANK LTD.,NP,visa,debit
445699,00-99,NEDBANK MOZAMBIQUE S.A.,MZ,visa,debit
445700,00-99,SUNTRUST BANK,US,visa,credit
445701,00-99,CARD SERVICES FOR CREDIT UNIONS,US,visa,credit
445702,00-99,GLOBAL FEDERAL CREDIT UNION,US,visa,credit
445703,00-99,CARD SERVICES FOR CREDIT UNIONS,US,visa,credit
445704,00-99,GEAUGA CREDIT UNION INC.,US,visa,credit
445705,00-99,PATHWAYS FINANCIAL CREDIT UNION INC,US,visa,credit
445706,00-99,CARD SERVICES FOR CREDIT UNIONS,US,visa,credit
445707,00-99,PEOPLES BANK OF NORTHERN KENTUCKY INC.,US,visa,debit
445708,00-99,HAMPTON ROADS EDUCATORS' CREDIT UNION INC,US,visa,credit
445709,00-99,CARD SERVICES FOR CREDIT UNIONS,US,visa,credit
445710,00-99,FIFTH THIRD BANK,US,visa,debit
445711,00-99,FIFTH THIRD BANK,US,visa,credit
445712,00-99,MY PENSACOLA FEDERAL CREDIT UNION,US,visa,credit
445713,00-99,,US,visa,debit
445714,00-99,CARD SERVICES FOR CREDIT UNIONS,US,visa,credit
445715,00-99,CYPRUS CREDIT UNION,US,visa,credit
445716,00-99,PARISH FEDERAL CREDIT UNION,US,visa,credit
445717,00-99,COMMUNITY SOUTH CREDIT UNION,US,visa,credit
445718,00-99,,US,visa,debit
445719,00-99,ELEVATE FEDERAL CREDIT UNION,US,visa,credit
445720,00-99,ACADIAN FEDERAL CREDIT UNION,US,visa,credit
445721,00-99,CARD SERVICES FOR CREDIT UNIONS,US,visa,credit
445722,00-99,,US,visa,debit
445723,00-99,FIRST BANK & TRUST CO.,US,visa,debit
445724,00-99,,US,visa,credit
445725,00-99,MIDWEST BANK,US,visa,debit
445726,00-99,CARD SERVICES FOR CREDIT UNIONS,US,visa,credit
445727,00-99,EDUCATIONAL SYSTEMS FEDERAL CREDIT UNION,US,visa,credit
445728,00-99,HOMESTEAD BANK,US,visa,debit
445729,00-99,KAHULUI FEDERAL CREDIT UNION,US,visa,credit
445730,00-99,MERCK EMPLOYEES FEDERAL CREDIT UNION,US,visa,credit
445731,00-99,CARD SERVICES FOR CREDIT UNIONS,US,visa,credit
445732,00-99,CHAFFEY FEDERAL CREDIT UNION,US,visa,credit
445733,00-99,ROBINS FEDERAL CREDIT UNION,US,visa,credit
445734,00-99,MAPS CREDIT UNION,US,visa,credit
445735,00-99,CARD SERVICES FOR CREDIT UNIONS,US,visa,credit
445736,00-99,BLUESTONE FEDERAL CREDIT UNION,US,visa,credit
445737,00-99,LAKE CHEM COMMUNITY FEDERAL CREDIT UNION,US,visa,credit
445738,00-99,CARD SERVICES FOR CREDIT UNIONS,US,visa,credit
445739,00-99,UTILITIES EMPLOYEES CREDIT UNION,US,visa,credit
445740,00-99,NEW CUMBERLAND FEDERAL CREDIT UNION,US,visa,debit
445741,00-99,BESSEMER SYSTEM FEDERAL CREDIT UNION,US,visa,credit
445742,00-99,EVERENCE FEDERAL CREDIT UNION,US,visa,credit
445743,00-99,GLATCO CREDIT UNION,US,visa,credit
445744,00-99,CARD SERVICES FOR CREDIT UNIONS,US,visa,credit
445745,00-99,CARD SERVICES FOR CREDIT UNIONS,US,visa,credit
445746,00-99,CARD SERVICES FOR CREDIT UNIONS,US,visa,credit
445747,00-99,CARD SERVICES FOR CREDIT UNIONS,US,visa,credit
445748,00-99,CARD SERVICES FOR CREDIT UNIONS,US,visa,credit
445749,00-99,CARD SERVICES FOR CREDIT UNIONS,US,visa,credit
445750,00-99,MEMBERSALLIANCE CREDIT UNION,US,visa,credit
445751,00-99,GAS & ELECTRIC CREDIT UNION,US,visa,credit
445752,00-99,CARD SERVICES FOR CREDIT UNIONS,US,visa,credit
445753,00-99,GNB BANK,US,visa,credit
445754,00-99,CREDIT UNION CARD SERVICES INC.,US,visa,credit
445755,00-99,NEW ENGLAND FEDERAL CREDIT UNION,US,visa,credit
445756,00-99,U.S. BANK N.A.,US,visa,credit
445757,00-99,CARD SERVICES FOR CREDIT UNIONS,US,visa,credit
445758,00-99,HUDSON RIVER COMMUNITY CREDIT UNION,US,visa,credit
445759,00-99,WHITE RIVER CREDIT UNION,US,visa,credit
445760,00-99,CARD SERVICES FOR CREDIT UNIONS,US,visa,credit
445761,00-99,PALMETTO CITIZENS FEDERAL CREDIT UNION,US,visa,debit
445762,00-99,WOODSVILLE GUARANTY SAVINGS BANK,US,visa,credit
445763,00-99,IC FEDERAL CREDIT UNION,US,visa,credit
445764,00-99,AMBANK (M) BERHAD,MY,visa,credit
445765,00-99,PLANTERS BANK & TRUST COMPANY,US,visa,debit
445766,00-99,MEIJER CREDIT UNION,US,visa,credit
445767,00-99,FRANKLIN MINT FEDERAL CREDIT UNION,US,visa,debit
445768,00-99,ADVANTAGEPLUS OF INDIANA FEDERAL CREDIT UNION,US,visa,credit
445769,00-99,ADVANCE FINANCIAL FEDERAL CREDIT UNION,US,visa,credit
445770,00-99,THE FARMERS AND MERCHANTS BANK,US,visa,debit
445771,00-99,GEOVISTA FEDERAL CREDIT UNION,US,visa,credit
445772,00-99,ASCENT FEDERAL CREDIT UNION,US,visa,credit
445773,00-99,CARD SERVICES FOR CREDIT UNIONS,US,visa,credit
445774,00-99,FIFTH THIRD BANK,US,visa,credit
445775,00-99,HANSCOM FEDERAL CREDIT UNION,US,visa,credit
445776,00-99,CONSOLIDATED FEDERAL CREDIT UNION,US,visa,credit
445777,00-99,POINT WEST CREDIT UNION,US,visa,credit
445778,00-99,PSCU INCORPORATED,US,visa,credit
445779,00-99,HOMESTEAD BANK,US,visa,debit
445780,00-99,FOOTHILLS CREDIT UNION,US,visa,credit
445781,00-99,CARD SERVICES FOR CREDIT UNIONS,US,visa,credit
445782,00-99,GREATER WAYNE COMMUNITY FEDERAL CREDIT UNION,US,visa,credit
445783,00-99,UNIWYO FEDERAL CREDIT UNION,US,visa,credit
445784,00-99,CARD SERVICES FOR CREDIT UNIONS,US,visa,credit
445785,00-99,FIFTH THIRD MB FINANCIAL,US,visa,debit
445786,00-99,CARD SERVICES FOR CREDIT UNIONS,US,visa,credit
445787,00-99,CENTRAL NEBRASKA FEDERAL CREDIT UNION,US,visa,credit
445788,00-99,CALHOUN-LIBERTY EMPLOYEES CREDIT UNION,US,visa,credit
445789,00-99,RED CROWN FEDERAL CREDIT UNION,US,visa,credit
445790,00-99,CARD SERVICES FOR CREDIT UNIONS,US,visa,credit
445791,00-99,WOODMEN FEDERAL CREDIT UNION,US,visa,credit
445792,00-99,CARD SERVICES FOR CREDIT UNIONS,US,visa,credit
445793,00-99,UNITED SAVINGS CREDIT UNION,US,visa,credit
445794,00-99,CARD SERVICES FOR CREDIT UNIONS,US,visa,credit
445795,00-99,RIEGEL FEDERAL CREDIT UNION,US,visa,credit
445796,00-99,CONNECTED CREDIT UNION,US,visa,credit
445797,00-99,CARD SERVICES FOR CREDIT UNIONS,US,visa,credit
445798,00-99,STATE AGENCIES FEDERAL CREDIT UNION,US,visa,credit
445799,00-99,MNB BANK,US,visa,debit
445800,00-99,,US,visa,credit
445801,00-99,,US,visa,credit
445802,00-99,,US,visa,credit
445803,00-99,NATIONWIDE,GB,visa,debit
445804,00-99,YORKSHIRE BANK,GB,visa,debit
445805,00-99,,US,visa,credit
445806,00-99,ABSA BANK MOCAMBIQUE S.A.,MZ,visa,debit
445807,00-99,GUARANTY TRUST BANK PLC,NG,visa,debit
445808,00-99,RAWBANK,CD,visa,debit
445809,00-99,FIRSTBANK DRC SA,CD,visa,debit
445810,00-99,,SE,visa,credit
445811,00-99,,US,visa,credit
445812,00-99,,US,visa,credit
445813,00-99,HSBC BANK MIDDLE EAST,BH,visa,credit
445814,00-99,BANK AL ETIHAD,JO,visa,credit
445815,00-99,HSBC BANK - EGYPT SAE,EG,visa,credit
445816,00-99,ABSA BANK MOCAMBIQUE S.A.,MZ,visa,debit
445817,00-99,STERLING BANK PLC,NG,visa,debit
445818,00-99,ABSA BANK MOCAMBIQUE S.A.,MZ,visa,debit
445819,00-99,,US,visa,credit
445820,00-99,,US,visa,credit
445821,00-99,NATIONAL BANK OF GREECE S.A.,GR,visa,credit
445822,00-99,NATIONAL BANK OF GREECE S.A.,GR,visa,credit
445823,00-99,ACCESS BANK (GHANA) PLC,GH,visa,debit
445824,00-99,ACCESS BANK (GHANA) PLC,GH,visa,debit
445825,00-99,ACCESS BANK PLC,GH,visa,debit
445826,00-99,AL-RAJHI BANKING AND INVESTMENT CORPORATION,SA,visa,debit
445827,00-99,AL RAJHI BANKING AND INVESTMENT CORP.,SA,visa,debit
445828,00-99,,US,visa,credit
445829,00-99,,US,visa,credit
445830,00-99,CROSS RIVER BANK,US,visa,credit
445831,00-99,COMMUNITY FIRST CREDIT UNION,US,visa,credit
445832,00-99,COMMUNITY FIRST CREDIT UNION,US,visa,credit
445833,00-99,FIRST HORIZON BANK,US,visa,credit
445834,00-99,VELOCITY COMMUNITY FEDERAL CREDIT UNION,US,visa,credit
445835,00-99,GOLDENWEST FEDERAL CREDIT UNION,US,visa,debit
445836,00-99,GOLDENWEST FEDERAL CREDIT UNION,US,visa,credit
445837,00-99,FIRST HORIZON BANK,US,visa,credit
445838,00-99,FIRST HORIZON BANK,US,visa,credit
445839,00-99,FIRST HORIZON BANK,US,visa,credit
445840,00-99,,US,visa,credit
445841,00-99,,US,visa,credit
445842,00-99,,US,visa,credit
445843,00-99,,US,visa,credit
445844,00-99,,US,visa,credit
445845,00-99,BANCO INDUSTRIAL S.A.,GT,visa,credit
445846,00-99,,US,visa,credit
445847,00-99,,US,visa,credit
445848,00-99,,US,visa,credit
445849,00-99,,US,visa,credit
445850,00-99,,US,visa,credit
445851,00-99,,US,visa,credit
445852,00-99,,US,visa,credit
445853,00-99,,US,visa,credit
445854,00-99,,GB,visa,credit
445855,00-99,XAPO BANK LTD.,GT,visa,debit
445856,00-99,,FR,visa,credit
445857,00-99,,US,visa,credit
445858,00-99,,CZ,visa,debit
445859,00-99,,US,visa,credit
445860,00-99,,US,visa,credit
445861,00-99,,US,visa,credit
445862,00-99,,US,visa,credit
445863,00-99,,US,visa,credit
445864,00-99,,US,visa,credit
445865,00-99,CREDECOOP R.L.,CR,visa,credit
445866,00-99,,US,visa,credit
445867,00-99,,US,visa,credit
445868,00-99,,US,visa,credit
445869,00-99,,US,visa,credit
445870,00-99,,US,visa,credit
445871,00-99,,US,visa,credit
445872,00-99,,US,visa,credit
445873,00-99,,US,visa,credit
445874,00-99,,NL,visa,credit
445875,00-99,UC CARD CO. LTD.,JP,visa,credit
445876,00-99,,US,visa,credit
445877,00-99,,US,visa,credit
445878,00-99,,US,visa,credit
445879,00-99,,US,visa,credit
445880,00-99,,US,visa,credit
445881,00-99,,US,visa,credit
445882,00-99,,US,visa,credit
445883,00-99,,US,visa,credit
445884,00-99,,US,visa,credit
445885,00-99,UMB BANK NATIONAL ASSOCIATION,US,visa,debit
445886,00-99,,US,visa,credit
445887,00-99,,US,visa,credit
445888,00-99,,US,visa,credit
445889,00-99,,US,visa,credit
445890,00-99,JS BANK LTD.,PK,visa,credit
445891,00-99,SUMITOMO MITSUI CARD COMPANY LTD.,JP,visa,debit
445892,00-99,BANCO DE LA PRODUCCION S.A.,NI,visa,credit
445893,00-99,KUZNETSKBUSINESSBANK,RU,visa,credit
445894,00-99,KUZNETSKBUSINESSBANK JSC,RU,visa,debit
445895,00-99,KUZNETSKBUSINESSBANK,RU,visa,debit
445896,00-99,KUZNETSKBUSINESSBANK JSC,RU,visa,debit
445897,00-99,KUZNETSKBUSINESSBANK,RU,visa,debit
445898,00-99,,US,visa,credit
445899,00-99,BANCO MULTIPLE PROMERICA DE LA REPUBLICA DOMINICANA S.A.,DO,visa,credit
445900,00-99,VISA ESPANA,ES,visa,credit
445901,00-99,,US,visa,credit
445902,00-99,CAIXABANK S.A.,ES,visa,credit
445903,00-99,CAIXABANK S.A.,ES,visa,credit
445904,00-99,,US,visa,credit
445905,00-99,,IR,visa,debit
445906,00-99,SERVIRED SOCIEDAD ESPANOLA DE MEDIOS DE PAGO S.A.,ES,visa,debit
445907,00-99,SERVIRED SOCIEDAD ESPANOLA DE MEDIOS DE PAGO S.A.,ES,visa,debit
445908,00-99,BANCO AZTECA S.A. INSTITUCION DE BANCA MULTIPLE,MX,visa,debit
445909,00-99,SERVIRED SOCIEDAD ESPANOLA DE MEDIOS DE PAGO S.A.,ES,visa,debit
445910,00-99,SERVIRED SOCIEDAD ESPANOLA DE MEDIOS DE PAGO S.A.,ES,visa,debit
445911,00-99,SERVIRED SOCIEDAD ESPANOLA DE MEDIOS DE PAGO S.A,ES,visa,credit
445912,00-99,,US,visa,credit
445913,00-99,SERVIRED SOCIEDAD ESPANOLA DE MEDIOS DE PAGO S.A.,ES,visa,debit
445914,00-99,,US,visa,credit
445915,00-99,,US,visa,credit
445916,00-99,,US,visa,credit
445917,00-99,SERVIRED SOCIEDAD ESPANOLA DE MEDIOS DE PAGO S.A.,ES,visa,debit
445918,00-99,,US,visa,credit
445919,00-99,SERVIRED SOCIEDAD ESPANOLA DE MEDIOS DE PAGO S.A.,ES,visa,debit
445920,00-99,,US,visa,credit
445921,00-99,,US,visa,credit
445922,00-99,,US,visa,credit
445923,00-99,LA CAIXA,ES,visa,debit
445924,00-99,KUTXA BANK S.A.,ES,visa,credit
445925,00-99,SERVIRED SOCIEDAD ESPANOLA DE MEDIOS DE PAGO S.A.,ES,visa,debit
445926,00-99,VISA ESPANA,ES,visa,credit
445927,00-99,IBERCAJA,ES,visa,debit
445928,00-99,,US,visa,credit
445929,00-99,,US,visa,credit
445930,00-99,,US,visa,credit
445931,00-99,SERVIRED SOCIEDAD ESPANOLA DE MEDIOS DE PAGO S.A.,ES,visa,debit
445932,00-99,,US,visa,credit
445933,00-99,,US,visa,credit
445934,00-99,,US,visa,credit
445935,00-99,,US,visa,credit
445936,00-99,,US,visa,credit
445937,00-99,SERVIRED SOCIEDAD ESPANOLA DE MEDIOS DE PAGO S.A.,ES,visa,debit
445938,00-99,SERVIRED SOCIEDAD ESPANOLA DE MEDIOS DE PAGO S.A.,ES,visa,debit
445939,00-99,,ES,visa,credit
445940,00-99,SERVIRED SOCIEDAD ESPANOLA DE MEDIOS DE PAGO S.A.,ES,visa,debit
445941,00-99,SERVIRED SOCIEDAD ESPANOLA DE MEDIOS DE PAGO S.A.,ES,visa,debit
445942,00-99,,GB,visa,credit
445943,00-99,,US,visa,debit
445944,00-99,,US,visa,credit
445945,00-99,,US,visa,credit
445946,00-99,,GB,visa,debit
445947,00-99,BANCO BILBAO VIZCAYA ARGENTARIA S.A. (BBVA),ES,visa,credit
445948,00-99,,RU,visa,credit
445949,00-99,,US,visa,credit
445950,00-99,SERVIRED SOCIEDAD ESPANOLA DE MEDIOS DE PAGO S.A.,ES,visa,credit
445951,00-99,BANK OF VALLETTA P.L.C,MT,visa,credit
445952,00-99,DZ BANK AG,DE,visa,debit
445953,00-99,,US,visa,credit
445954,00-99,,US,visa,credit
445955,00-99,SOCIETE GENERALE DE BANQUE AU LIBAN S.A.L (SGBL),LB,visa,debit
445956,00-99,CSCBANK SAL,LB,visa,debit
445957,00-99,,RU,visa,credit
445958,00-99,NATIONAL WESTMINSTER BANK PLC,GB,visa,credit
445959,00-99,,US,visa,credit
445960,00-99,LEBANON AND GULF BANK SAL,LB,visa,debit
445961,00-99,NOVO BANCO,PT,visa,credit
445962,00-99,NOVO BANCO,PT,visa,credit
445963,00-99,RELIANCE BANK,US,visa,debit
445964,00-99,MKB BANK ZRT.,HU,visa,debit
445965,00-99,KOMERCNI BANKA A.S.,CZ,visa,debit
445966,00-99,KOMERCNI BANKA A.S.,CZ,visa,debit
445967,00-99,CAJA RURAL DE EXTREMADURA,ES,visa,credit
445968,00-99,,US,visa,credit
445969,00-99,,US,visa,credit
445970,00-99,,US,visa,credit
445971,00-99,NATIONAL BANK OF KENYA LTD.,KE,visa,debit
445972,00-99,STEWARD BANK LTD.,ZW,visa,debit
445973,00-99,NMB BANK LTD.,ZW,visa,debit
445974,00-99,THE ROYAL BANK OF SCOTLAND PLC,GB,visa,credit
445975,00-99,,US,visa,credit
445976,00-99,,US,visa,credit
445977,00-99,AO RAIFFEISENBANK,RU,visa,debit
445978,00-99,,US,visa,credit
445979,00-99,,GB,visa,credit
445980,00-99,,RU,visa,debit
445981,00-99,,US,visa,credit
445982,00-99,,US,visa,credit
445983,00-99,OCBC BANK (MACAU) LTD.,MO,visa,credit
445984,00-99,CITIBANK INTERNATIONAL PLC,GB,visa,credit
445985,00-99,JOINT STOCK WEST-SIBERIAN COMMERCIAL BANK,RU,visa,debit
445986,00-99,BM-BANK JSC,RU,visa,credit
445987,00-99,PRIORBANK JSCB,BY,visa,debit
445988,00-99,ICBC TURKEY BANK ANONIM SIRKETI,TR,visa,debit
445989,00-99,SANTANDER CONSUMER BANK AG,DE,visa,debit
445990,00-99,COMMUNITY 1ST CREDIT UNION,US,visa,debit
445991,00-99,,US,visa,credit
445992,00-99,,MX,visa,debit
445993,00-99,ZEMA CREDITO FINANCIAMENTO E INVESTIMENTO S.A.,BR,visa,debit
445994,00-99,INTERPAYMENT SERVICES LTD.,KW,visa,debit
445995,00-99,HOWARD BANK,US,visa,debit
445996,00-99,METCO CREDIT UNION,US,visa,debit
445997,00-99,QUAKER OATS CREDIT UNION,US,visa,debit
445998,00-99,,US,visa,debit
445999,00-99,FIRST COMMONWEALTH FEDERAL CREDIT UNION,US,visa,debit
446000,00-99,JPMORGAN CHASE BANK N.A.,US,visa,credit
446001,00-99,BANKWEST INC.,US,visa,debit
446002,00-99,HYPO ALPE-ADRIA-BANKA A.D.,ME,visa,credit
446003,00-99,HYPO ALPE-ADRIA-BANKA A.D.,ME,visa,debit
446004,00-99,BANCO PICHINCHA C.A.,EC,visa,credit
446005,00-99,BANCO PICHINCHA C.A.,EC,visa,credit
446006,00-99,BANK OF AFRICA - MALI,ML,visa,debit
446007,00-99,JPMORGAN CHASE BANK N.A.,US,visa,credit
446008,00-99,BANCORPSOUTH BANK,US,visa,credit
446009,00-99,,US,visa,credit
446010,00-99,JPMORGAN CHASE BANK N.A.,US,visa,credit
446011,00-99,ISRACARD LTD.,IL,visa,credit
446012,00-99,JPMORGAN CHASE BANK N.A.,US,visa,credit
446013,00-99,JPMORGAN CHASE BANK N.A.,US,visa,credit
446014,00-99,SOCIETE GENERALE DE BANQUES AU BURKINA (SGBB),BF,visa,debit
446015,00-99,BH BANK,TN,visa,debit
446016,00-99,JPMORGAN CHASE BANK N.A.,US,visa,credit
446017,00-99,JPMORGAN CHASE BANK N.A.,US,visa,credit
446018,00-99,SIGNATURE FEDERAL CREDIT UNION,US,visa,credit
446019,00-99,,US,visa,debit
446020,00-99,TCF BANK,US,visa,credit
446021,00-99,TCF BANK,US,visa,credit
446022,00-99,TCF BANK,US,visa,credit
446023,00-99,WELLS FARGO BANK NATIONAL ASSOCIATION,US,visa,debit
446024,00-99,WELLS FARGO BANK NATIONAL ASSOCIATION,US,US,visa
446025,00-99,TRANSPECOS BANKS SSB,US,visa,credit
446026,00-99,BH BANK,TN,visa,debit
446027,00-99,BH BANK,TN,visa,debit
446028,00-99,,US,visa,credit
446029,00-99,,US,visa,credit
446030,00-99,JPMORGAN CHASE BANK N.A.,US,visa,credit
446031,00-99,MAYBANK,MY,visa,credit
446032,00-99,MAYBANK ISLAMIC,MY,visa,credit
446033,00-99,,US,visa,credit
446034,00-99,,US,visa,credit
446035,00-99,JPMORGAN CHASE BANK N.A.,US,visa,credit
446036,00-99,,US,visa,credit
446037,00-99,,US,visa,credit
446038,00-99,,US,visa,credit
446039,00-99,BANK OF CYPRUS PUBLIC COMPANY LTD.,CY,visa,credit
446040,00-99,BANK OF CYPRUS PUBLIC COMPANY LTD.,CY,visa,debit
446041,00-99,ENFUCE LICENSE SERVICES LTD.,PL,visa,debit
446042,00-99,HSBC BANK MALTA PLC,MT,visa,credit
446043,00-99,HSBC BANK MALTA PLC,MT,visa,credit
446044,00-99,JPMORGAN CHASE BANK N.A.,US,visa,credit
446045,00-99,,BZ,visa,credit
446046,00-99,MFB FINANCIAL,US,visa,credit
446047,00-99,MFB FINANCIAL,US,visa,credit
446048,00-99,BANK OF AMERICA NATIONAL ASSOCIATION,US,visa,credit
446049,00-99,GENERATIONS BANK,US,visa,credit
446050,00-99,PUBLIC JOINT-STOCK COMPANY PROMSVYAZBANK,RU,visa,debit
446051,00-99,PATHWARD N.A.,US,visa,debit
446052,00-99,U.S. BANK NATIONAL ASSOCIATION,US,visa,debit
446053,00-99,U.S. BANK NATIONAL ASSOCIATION,US,visa,debit
446054,00-99,BC CARD COMPANY LTD.,KR,visa,credit
446055,00-99,UNIVERSITY OF MICHIGAN CREDIT UNION,US,visa,credit
446056,00-99,VERIMORE BANK,US,visa,debit
446057,00-99,JPMORGAN CHASE BANK N.A.,US,visa,credit
446058,00-99,ALTAONE FEDERAL CREDIT UNION,US,visa,credit
446059,00-99,ALTAONE FEDERAL CREDIT UNION,US,visa,credit
446060,00-99,JPMORGAN CHASE BANK N.A.,US,visa,credit
446061,00-99,NEW MARKET BANK,US,visa,debit
446062,00-99,FIRST FINANCIAL BANK,US,visa,credit
446063,00-99,ZIONS BANCORPORATION NATIONAL ASSOCIATION,US,visa,debit
446064,00-99,UNICRE - INSTITUICAO FINANCEIRA DE CREDITO S.A.,PT,visa,credit
446065,00-99,PUBLIC JOINT-STOCK COMPANY BANK OTKRITIE FINANCIAL CORPORATION,RU,visa,credit
446066,00-99,,US,visa,credit
446067,00-99,,US,visa,credit
446068,00-99,C.U. 1,US,visa,debit
446069,00-99,SERVICE CREDIT UNION,US,visa,credit
446070,00-99,WALLESTER AS,EE,visa,debit
446071,00-99,BANCO INTERNACIONAL S.A.,GT,visa,credit
446072,00-99,ICBA BANCARD INC.,US,visa,credit
446073,00-99,PNC FINANCIAL SERVICES GROUP INC.,US,visa,credit
446074,00-99,SERVICE CREDIT UNION,US,visa,debit
446075,00-99,SERVICE CREDIT UNION,US,visa,debit
446076,00-99,THE FIRST NATIONAL BANK OF MONTEREY,US,visa,debit
446077,00-99,COMPUTER SERVICES INC.,US,visa,debit
446078,00-99,GALILEO FINANCIAL TECHNOLOGIES INC.,US,visa,credit
446079,00-99,BANK AL ETIHAD,JO,visa,credit
446080,00-99,HTLF BANK,US,visa,debit
446081,00-99,BANK OF AMERICA NATIONAL ASSOCIATION,US,visa,credit
446082,00-99,COMMUNITY STATE BANK,US,visa,debit
446083,00-99,WELLS FARGO BANK N.A.,US,visa,debit
446084,00-99,KOIN CREDIT UNION,US,visa,debit
446085,00-99,INFIRST BANK,US,visa,debit
446086,00-99,HOMETOWN BANK OF CORBIN INC.,US,visa,debit
446087,00-99,KEYBANK N.A.,US,visa,credit
446088,00-99,TCM BANK N.A.,US,visa,credit
446089,00-99,FIRST NATIONAL BANK OF GRIFFIN,US,visa,debit
446090,00-99,RAPPIPAY INSTITUICAO DE PAGAMENTO LTDA,BR,visa,debit
446091,00-99,JSC KRASNODAR REGIONAL INVESTMENT BANK,RU,visa,debit
446092,00-99,,RU,visa,debit
446093,00-99,,RU,visa,debit
446094,00-99,STANDARD CHARTERED BANK ZIMBABWE LTD.,ZW,visa,debit
446095,00-99,HALK BANKA AD SKOPJE,MK,visa,debit
446096,00-99,,US,visa,credit
446097,00-99,,US,visa,credit
446098,00-99,LLC HOME CREDIT AND FINANCE BANK,RU,visa,credit
446099,00-99,,BR,visa,debit
446100,00-99,BANK OF AMERICA NATIONAL ASSOCIATION,US,visa,debit
446101,00-99,BANK OF AMERICA NATIONAL ASSOCIATION,US,visa,debit
446102,00-99,,US,visa,credit
446103,00-99,QUAD CITY BANK AND TRUST COMPANY,US,visa,debit
446104,00-99,PNC FINANCIAL SERVICES GROUP INC.,US,visa,debit
446105,00-99,CREDIT UNION ONE,US,visa,debit
446106,00-99,TRANSIT OPERATIONS FEDERAL CREDIT UNION,US,visa,debit
446107,00-99,VERUS BANK OF COMMERCE,US,visa,debit
446108,00-99,BANKFINANCIAL NATIONAL ASSOCIATION,US,visa,debit
446109,00-99,SERVICE CREDIT UNION,US,visa,debit
446110,00-99,SERVICE CREDIT UNION,US,visa,debit
446111,00-99,SERVICE CREDIT UNION,US,visa,debit
446112,00-99,TOWN & COUNTRY BANK,US,visa,debit
446113,00-99,SERVICE CREDIT UNION,US,visa,debit
446114,00-99,BANCO VOTORANTIM S/A,BR,visa,credit
446115,00-99,BBVA BANCOMER S.A.,MX,visa,debit
446116,00-99,POMELO FINTECH SERVICES SAS,AR,visa,debit
446117,00-99,BBVA BANCOMER S.A.,MX,visa,debit
446118,00-99,BBVA MEXICO S.A.,MX,visa,debit
446119,00-99,(AML SUSPENDED) INTERCAM BANCO S.A. INSTITUCION DE BANCA MULTIPLE INTERCAM GRUP,MX,visa,debit
446120,00-99,,US,visa,debit
446121,00-99,AMBRAW FEDERAL CREDIT UNION,US,visa,debit
446122,00-99,BANCO VOTORANTIM S/A,BR,visa,credit
446123,00-99,BANCO VOTORANTIM S/A,BR,visa,credit
446124,00-99,,US,visa,credit
446125,00-99,SOCIETE GENERALE BRASIL,BR,visa,credit
446126,00-99,MERRICK BANK,US,visa,credit
446127,00-99,U.S. BANK N.A.,US,visa,credit
446128,00-99,PRINCEVILLE STATE BANK,US,visa,debit
446129,00-99,OLD NATIONAL BANK,US,visa,credit
446130,00-99,,MX,visa,credit
446131,00-99,,US,visa,credit
446132,00-99,,US,visa,credit
446133,00-99,,US,visa,credit
446134,00-99,,US,visa,credit
446135,00-99,NORDDEUTSCHE LANDESBANK GIROZENTRALE NORD LB,DE,visa,debit
446136,00-99,,US,visa,credit
446137,00-99,BANCO INVEX S.A. INSTITUCION DE BANCA MULTIPLE INVEX GRUPO,MX,visa,credit
446138,00-99,BANCO INVEX S.A. INSTITUCION DE BANCA MULTIPLE,MX,visa,credit
446139,00-99,,MX,visa,credit
446140,00-99,BANCO CREDIBOM S.A.,PT,visa,credit
446141,00-99,BANCO PICHINCHA C.A.,EC,visa,debit
446142,00-99,NEO BANK ASIA CJSC,BY,visa,debit
446143,00-99,BTA BANK CJSC,BY,visa,debit
446144,00-99,FUNDACION OBRA SOCIAL DE CASTILLA Y LEON,PT,visa,debit
446145,00-99,,PL,visa,debit
446146,00-99,BANQUE ISLAMIQUE DE MAURITANIE,MR,visa,debit
446147,00-99,UNICREDIT BANK HUNGARY ZRT.,HU,visa,debit
446148,00-99,COMMERZ FINANZ GMBH,DE,visa,credit
446149,00-99,WIZINK BANK S.A. (BANCOPOPULAR-E S. A.),ES,visa,credit
446150,00-99,BANCO BIC S.A.,AO,visa,debit
446151,00-99,MBANK S.A.,CZ,visa,credit
446152,00-99,MBANK S.A.,SK,visa,credit
446153,00-99,MBANK S.A.,CZ,visa,credit
446154,00-99,MBANK S.A.,SK,visa,credit
446155,00-99,MBANK S.A.,CZ,visa,debit
446156,00-99,MBANK S.A.,SK,visa,debit
446157,00-99,MBANK S.A.,CZ,visa,debit
446158,00-99,MBANK S.A.,SK,visa,debit
446159,00-99,,RU,visa,credit
446160,00-99,BANCA MILLENNIUM S.A.,RO,visa,credit
446161,00-99,BANCA MILLENNIUM S.A.,RO,visa,credit
446162,00-99,BANCA MILLENNIUM S.A.,RO,visa,credit
446163,00-99,,US,visa,credit
446164,00-99,BANCA MILLENNIUM S.A.,RO,visa,debit
446165,00-99,BANCA MILLENNIUM S.A.,RO,visa,debit
446166,00-99,BANCA MILLENNIUM S.A.,RO,visa,debit
446167,00-99,BANCA MILLENNIUM S.A.,RO,visa,debit
446168,00-99,,SK,visa,debit
446169,00-99,COMMERCIAL BANK OBRAZOVANIE,RU,visa,debit
446170,00-99,FIRST FINANCIAL BANK,US,visa,credit
446171,00-99,FIRST FINANCIAL BANK,US,visa,credit
446172,00-99,BANK OF AMERICA NATIONAL ASSOCIATION,US,visa,credit
446173,00-99,U-1ST COMMUNITY FEDERAL CREDIT UNION,US,visa,credit
446174,00-99,U.S. BANK N.A.,US,visa,credit
446175,00-99,U.S. BANK N.A.,US,visa,credit
446176,00-99,,US,visa,credit
446177,00-99,CAPITAL BANK S.A.,HT,visa,debit
446178,00-99,UNION BANK & TRUST,US,visa,debit
446179,00-99,PACIFIC MERCANTILE BANK,US,visa,credit
446180,00-99,PACIFIC MERCANTILE BANK,US,visa,credit
446181,00-99,RIZE FEDERAL CREDIT UNION,US,visa,credit
446182,00-99,,US,visa,credit
446183,00-99,CARD SERVICES FOR CREDIT UNIONS,US,visa,debit
446184,00-99,LOCKPORT SCHOOLS & COMMUNITY FEDERAL CREDIT UNION,US,visa,debit
446185,00-99,,US,visa,debit
446186,00-99,FIRST STATE BANK,US,visa,credit
446187,00-99,FNB BANK,US,visa,debit
446188,00-99,FIRST NATIONAL BANK OF OMAHA,US,visa,credit
446189,00-99,FIRST NATIONAL BANK OF OMAHA,US,visa,credit
446190,00-99,HORIZON CREDIT UNION,US,visa,credit
446191,00-99,TOPSIDE FEDERAL CREDIT UNION,US,visa,debit
446192,00-99,PWC EMPLOYEES FEDERAL CREDIT UNION,US,visa,debit
446193,00-99,MAGNUM SOCIEDADE DE CREDITO DIRETO S.A.,BR,visa,credit
446194,00-99,BANCO VOTORANTIM S/A,BR,visa,credit
446195,00-99,TEXAS NATIONAL BANK,US,visa,debit
446196,00-99,BANCO CONTINENTAL DE DESARROLLO S.A.,DO,visa,debit
446197,00-99,VIETBANK,VN,visa,debit
446198,00-99,SEACOAST NATIONAL BANK,US,visa,debit
446199,00-99,PIONEER COMMUNITY BANK INC.,US,visa,debit
446200,00-99,PAYSAFE FINANCIAL SERVICES LTD.,GB,visa,debit
446201,00-99,IDT FINANCIAL SERVICES LTD.,GB,visa,debit
446202,00-99,MODULR FS LTD.,GB,visa,debit
446203,00-99,MODULR FS LTD.,GB,visa,debit
446204,00-99,BANK OF SCOTLAND PLC,GB,visa,debit
446205,00-99,INVESTEC BANK (UK) LTD.,GB,visa,debit
446206,00-99,PAYRNET LTD.,GB,visa,debit
446207,00-99,STANDARD CHARTERED BANK (CHANNEL ISLANDS) LTD.,GB,visa,debit
446208,00-99,PAYRNET LTD.,GB,visa,debit
446209,00-99,PAYRNET LTD.,GB,visa,debit
446210,00-99,TRANSACT PAYMENTS LTD.,GB,visa,debit
446211,00-99,NORWICH & PETERBOROUGH BUILDING SOCIETY,GB,visa,debit
446212,00-99,YAPI VE KREDI BANKASI A.S.,TR,visa,credit
446213,00-99,VISA PAYMENTS LTD.,GB,visa,debit
446214,00-99,STANDARD BANK ISLE OF MAN LTD.,GB,visa,debit
446215,00-99,ICICI BANK UK PLC,GB,visa,debit
446216,00-99,STANDARD CHARTERED (JERSEY) LTD.,GB,visa,debit
446217,00-99,BBVA UK,GB,visa,debit
446218,00-99,STANDARD CHARTERED (JERSEY) LTD.,GB,visa,debit
446219,00-99,STANDARD CHARTERED GRINDLAYS (OFFSHORE) LTD.,GB,visa,debit
446220,00-99,MODULR FS LTD.,GB,visa,debit
446221,00-99,IDT FINANCIAL SERVICES LTD.,GB,visa,debit
446222,00-99,AIRWALLEX (UK) LTD.,GB,visa,debit
446223,00-99,BANK OF IRELAND (UK) PLC,GB,visa,debit
446224,00-99,GUAVAPAY LTD.,GB,visa,debit
446225,00-99,KOTAK MAHINDRA BANK LTD.,IN,visa,debit
446226,00-99,UTAH COMMUNITY FEDERAL CREDIT UNION,US,visa,debit
446227,00-99,FIRST PIEDMONT FEDERAL SAVINGS AND LOAN ASSOCIATION OF GAFFNEY,US,visa,debit
446228,00-99,STANDARD CHARTERED BANK,US,visa,credit
446229,00-99,GERMAN AMERICAN BANK,US,visa,credit
446230,00-99,GERMAN AMERICAN BANK,US,visa,credit
446231,00-99,COREFIRST BANK & TRUST,US,visa,credit
446232,00-99,TRANSACT PAYMENTS LTD.,GB,visa,debit
446233,00-99,COREFIRST BANK & TRUST,US,visa,debit
446234,00-99,COREFIRST BANK & TRUST,US,visa,credit
446235,00-99,COREFIRST BANK & TRUST,US,visa,credit
446236,00-99,COREFIRST BANK & TRUST,US,visa,debit
446237,00-99,COREFIRST BANK & TRUST,US,visa,credit
446238,00-99,HALIFAX,GB,visa,debit
446239,00-99,FIRSTRAND BANK LTD.,GB,visa,debit
446240,00-99,STANDARD CHARTERED BANK,GB,visa,debit
446241,00-99,STANDARD CHARTERED BANK,GB,visa,debit
446242,00-99,MARKS AND SPENCER FINANCIAL SERVICES PLC,GB,visa,debit
446243,00-99,MARKS AND SPENCER FINANCIAL SERVICES PLC,GB,visa,debit
446244,00-99,KLEINWORT BENSON (CHANNEL ISLANDS) LTD.,GB,visa,debit
446245,00-99,KLEINWORT BENSON (CHANNEL ISLANDS) LTD.,GB,visa,debit
446246,00-99,KLEINWORT BENSON (CHANNEL ISLANDS) LTD.,GB,visa,debit
446247,00-99,MODULR FS LTD.,GB,visa,debit
446248,00-99,MODULR FS LTD.,GB,visa,debit
446249,00-99,GUAVAPAY LTD.,GB,visa,debit
446250,00-99,BANK OF IRELAND (UK) PLC,GB,visa,debit
446251,00-99,GUAVAPAY LTD.,GB,visa,debit
446252,00-99,GUAVAPAY LTD.,GB,visa,debit
446253,00-99,GUAVAPAY LTD.,GB,visa,debit
446254,00-99,W1TTY GLOBAL LTD.,GB,visa,debit
446255,00-99,ARAB JORDAN INVESTMENT BANK,JO,visa,debit
446256,00-99,SELLA PERSONAL CREDIT S.P.A,IT,visa,credit
446257,00-99,MP PAYMENTS UK LTD.,GB,visa,debit
446258,00-99,TRANSACT PAYMENTS LTD.,GB,visa,debit
446259,00-99,LLOYDS BANK PLC,GB,visa,debit
446260,00-99,IDT FINANCIAL SERVICES LTD.,GB,visa,debit
446261,00-99,LLOYDS BANK PLC,GB,visa,debit
446262,00-99,LLOYDS BANK PLC,GB,visa,debit
446263,00-99,BANK OF IRELAND (UK) PLC,GB,visa,debit
446264,00-99,PROVISIONAL BID- BONDSMITH SAVINGS LTD.,GB,visa,debit
446265,00-99,TRANSACT PAYMENTS LTD.,GB,visa,debit
446266,00-99,CLYDESDALE BANK PLC,GB,visa,debit
446267,00-99,HSBC BANK PLC,GB,visa,debit
446268,00-99,SANTANDER UK PLC,GB,visa,debit
446269,00-99,MONAVATE LTD.,GB,visa,debit
446270,00-99,MONAVATE LTD.,GB,visa,debit
446271,00-99,BANK OF SCOTLAND,GB,visa,debit
446272,00-99,LLOYDS BANK PLC,GB,visa,debit
446273,00-99,ARAB BANKING CORPORATION - EGYPT,EG,visa,debit
446274,00-99,LLOYDS BANK PLC,GB,visa,debit
446275,00-99,MODULR FS LTD.,GB,visa,debit
446276,00-99,MODULR FS LTD.,GB,visa,debit
446277,00-99,SANTANDER UK PLC,GB,visa,debit
446278,00-99,BANK OF SCOTLAND PLC,GB,visa,debit
446279,00-99,BANK OF SCOTLAND PLC,GB,visa,debit
446280,00-99,BANK OF SCOTLAND PLC,GB,visa,debit
446281,00-99,BANK OF SCOTLAND PLC,GB,visa,debit
446282,00-99,BANK OF SCOTLAND PLC,GB,visa,debit
446283,00-99,SANTANDER CARDS LTD.,GB,visa,debit
446284,00-99,CYNERGY BANK LTD.,GB,visa,debit
446285,00-99,TRANSACT PAYMENTS LTD.,GB,visa,debit
446286,00-99,PAYMENT CARD SOLUTIONS (UK) LTD.,GB,visa,debit
446287,00-99,,US,visa,debit
446288,00-99,CO-OPERATIVE CENTRAL BANK LTD.,CY,visa,debit
446289,00-99,CO-OPERATIVE CENTRAL BANK LTD.,CY,visa,debit
446290,00-99,CO-OPERATIVE CENTRAL BANK LTD.,CY,visa,debit
446291,00-99,HALIFAX,GB,visa,debit
446292,00-99,BANK OF SCOTLAND,GB,visa,debit
446293,00-99,NORDEA BANK POLSKA S.A.,PL,visa,debit
446294,00-99,,GB,visa,debit
446295,00-99,UNICREDIT BANK S.A.,RO,visa,debit
446296,00-99,UNICREDIT BANK S.A.,RO,visa,debit
446297,00-99,BANCA COMERCIALA HVB TIRIAC S.A.,RO,visa,debit
446298,00-99,UNICREDIT BANK S.A.,RO,visa,debit
446299,00-99,UNICREDIT BANK S.A.,RO,visa,debit
446300,00-99,JSC MIB,UA,visa,credit
446301,00-99,MARION STATE BANK,US,visa,debit
446302,00-99,THE COUNTY FEDERAL CREDIT UNION,US,visa,debit
446303,00-99,BANK CENTER CREDIT,KZ,visa,debit
446304,00-99,EXCHANGE BANK OF MISSOURI,US,visa,debit
446305,00-99,ITAU UNIBANCO HOLDING S.A.,BR,visa,credit
446306,00-99,,US,visa,credit
446307,00-99,,US,visa,credit
446308,00-99,WELLS FARGO BANK N.A.,US,visa,credit
446309,00-99,JSCB UZBEK INDUSTRIAL AND CONSTRUCTION BANK,UZ,visa,debit
446310,00-99,NCMIC FINANCE CORPORATION,US,visa,credit
446311,00-99,BANK OF SCOTLAND PLC,GB,visa,credit
446312,00-99,LAKE CITY BANK,US,visa,credit
446313,00-99,BANCO MARE NOSTRUM S.A.,ES,visa,credit
446314,00-99,STANBIC BANK TANZANIA LTD.,TZ,visa,debit
446315,00-99,STANDARD BANK LIMITED MALAWI,MW,visa,debit
446316,00-99,BANK OF AMERICA NATIONAL ASSOCIATION,US,visa,debit
446317,00-99,SUTTON BANK,US,visa,debit
446318,00-99,MAIN BANK,US,visa,debit
446319,00-99,BANK OF AMERICA NATIONAL ASSOCIATION,US,visa,debit
446320,00-99,OAO VOSTOCHNY EXPRESS BANK,RU,visa,credit
446321,00-99,SUNRISE BANKS NATIONAL ASSOCIATION,US,visa,debit
446322,00-99,UTAH COMMUNITY FEDERAL CREDIT UNION,US,visa,debit
446323,00-99,NORTHWEST BANK,US,visa,credit
446324,00-99,CREDIT AGRICOLE SOCIETE ANONYME,FR,visa,debit
446325,00-99,SAIGON COMMERCIAL JS BANK,VN,visa,debit
446326,00-99,JOHNSON FINANCIAL GROUP,US,visa,debit
446327,00-99,GOLDENWEST FEDERAL CREDIT UNION,US,visa,debit
446328,00-99,,US,visa,credit
446329,00-99,STANBIC BANK ZAMBIA LTD.,ZM,visa,credit
446330,00-99,,US,visa,credit
446331,00-99,HOCKLEY COUNTY CREDIT UNION,US,visa,credit
446332,00-99,U.S. BANK NATIONAL ASSOCIATION-CREDIT,US,visa,credit
446333,00-99,BANK OF AMERICA NATIONAL ASSOCIATION,US,visa,debit
446334,00-99,BANCO NACIONAL DE CREDITO C.A.,VE,visa,credit
446335,00-99,UNIVERSITY OF KENTUCKY FEDERAL CREDIT UNION,US,visa,debit
446336,00-99,FIRST NORTHERN CREDIT UNION,US,visa,credit
446337,00-99,VALLEY STRONG CREDIT UNION,US,visa,debit
446338,00-99,FARMERS STATE BANK,US,visa,debit
446339,00-99,MIDLAND STATES BANK,US,visa,debit
446340,00-99,MIAMI POSTAL SERVICE CREDIT UNION,US,visa,debit
446341,00-99,BANK OF CYPRUS PUBLIC COMPANY LTD.,CY,visa,credit
446342,00-99,BANK OF CYPRUS PUBLIC COMPANY LTD.,CY,visa,credit
446343,00-99,BANCO SANTANDER RIO S.A.,AR,visa,debit
446344,00-99,BANCO SANTANDER RIO S.A.,AR,visa,debit
446345,00-99,BANCO SANTANDER RIO S.A.,AR,visa,debit
446346,00-99,BANCO SANTANDER RIO S.A.,AR,visa,debit
446347,00-99,BANCO SANTANDER RIO S.A.,AR,visa,debit
446348,00-99,ABSA GROUP LTD.,ZA,visa,credit
446349,00-99,ABSA GROUP LTD.,ZA,visa,credit
446350,00-99,,US,visa,credit
446351,00-99,BRADESCARD MEXICO S. DE R.L.,MX,visa,credit
446352,00-99,,RU,visa,debit
446353,00-99,,RU,visa,debit
446354,00-99,,RU,visa,debit
446355,00-99,PIRAEUS BANK S.A.,GR,visa,credit
446356,00-99,PIRAEUS BANK S.A.,GR,visa,credit
446357,00-99,CJSC FINANCIAL UNION BANK,UA,visa,credit
446358,00-99,CJSC FINANCIAL UNION BANK,UA,visa,credit
446359,00-99,CJSC FINANCIAL UNION BANK,UA,visa,debit
446360,00-99,CJSC FINANCIAL UNION BANK,UA,visa,credit
446361,00-99,CJSC FINANCIAL UNION BANK,UA,visa,debit
446362,00-99,CDG CAPITAL,MA,visa,debit
446363,00-99,CDG CAPITAL,MA,visa,debit
446364,00-99,CDG CAPITAL,MA,visa,debit
446365,00-99,ELAVON FINANCIAL SERVICES LTD.,GB,visa,credit
446366,00-99,ELAVON FINANCIAL SERVICES LTD.,IE,visa,credit
446367,00-99,ELAVON FINANCIAL SERVICES LTD.,PL,visa,debit
446368,00-99,ELAVON FINANCIAL SERVICES LTD.,DE,visa,credit
446369,00-99,,US,visa,credit
446370,00-99,,AU,visa,credit
446371,00-99,,RU,visa,credit
446372,00-99,BANK CENTER CREDIT,KZ,visa,credit
446373,00-99,BANK CENTERCREDIT JSC,KZ,visa,credit
446374,00-99,BANK CENTER CREDIT,KZ,visa,debit
446375,00-99,BANK CENTERCREDIT JSC,KZ,visa,debit
446376,00-99,,US,visa,credit
446377,00-99,REPUBLIC BANK LTD.,TT,visa,credit
446378,00-99,REPUBLIC BANK (GUYANA) LTD.,GY,visa,debit
446379,00-99,CB MOLDOVA AGROINDBANK S.A.,MD,visa,credit
446380,00-99,CB MOLDOVA AGROINDBANK S.A.,MD,visa,credit
446381,00-99,BANK OF AFRICA - BMCE GROUP,MA,visa,debit
446382,00-99,,US,visa,credit
446383,00-99,BANK OF AFRICA - BMCE GROUP,MA,visa,debit
446384,00-99,BANCO SOL S.A.R.L.,AO,visa,credit
446385,00-99,BANCO CAIXA GERAL ANGOLA SA,AO,visa,debit
446386,00-99,JSC BANK VELES,UA,visa,credit
446387,00-99,JSC BANK VELES,UA,visa,credit
446388,00-99,JSC BANK VELES,UA,visa,debit
446389,00-99,JSC BANK VELES,UA,visa,debit
446390,00-99,BELVNESHECONOMBANK OPEN JOINT STOCK COMPANY,BY,visa,credit
446391,00-99,BELVNESHECONOMBANK OPEN JOINT STOCK COMPANY,BY,visa,credit
446392,00-99,AL BILAD BANK,SA,visa,credit
446393,00-99,AL BILAD BANK,SA,visa,debit
446394,00-99,COMMERCIAL BANK MOSKVA,RU,visa,debit
446395,00-99,COMMERCIAL BANK MOSKVA,RU,visa,debit
446396,00-99,COMMERCIAL BANK MOSKVA,RU,visa,debit
446397,00-99,,MD,visa,debit
446398,00-99,PORTOSEG S.A. CREDITO FINANCIAMENTO E INVESTIMENTO,BR,visa,debit
446399,00-99,CCB BRASIL,BR,visa,debit
446400,00-99,SUNCOAST CREDIT UNION,US,visa,credit
446401,00-99,TECH CREDIT UNION,US,visa,credit
446402,00-99,WHITE EAGLE CREDIT UNION,US,visa,credit
446403,00-99,SEA WEST COAST GUARD FEDERAL CREDIT UNION,US,visa,credit
446404,00-99,BANQUE SAUDI FRANSI,SA,visa,debit
446405,00-99,MICHIGAN STATE UNIVERSITY FEDERAL CREDIT UNION,US,visa,credit
446406,00-99,SERVICE CREDIT UNION,US,visa,credit
446407,00-99,SERVICES CREDIT UNION,US,visa,credit
446408,00-99,SERVICE CREDIT UNION,US,visa,debit
446409,00-99,FARMERS STATE BANK,US,visa,debit
446410,00-99,FIRST INTERSTATE BANK,US,visa,debit
446411,00-99,FOX COMMUNITIES CREDIT UNION,US,visa,credit
446412,00-99,CAMDEN NATIONAL BANK,US,visa,debit
446413,00-99,VERITY CREDIT UNION,US,visa,debit
446414,00-99,VERITY CREDIT UNION,US,visa,credit
446415,00-99,SERVICE CREDIT UNION,US,visa,debit
446416,00-99,BANCFIRST,US,visa,debit
446417,00-99,121 FINANCIAL CREDIT UNION,US,visa,debit
446418,00-99,UNIVERSITY OF KENTUCKY FEDERAL CREDIT UNION,US,visa,debit
446419,00-99,TUCOEMAS FEDERAL CREDIT UNION,US,visa,debit
446420,00-99,UNION STATE BANK,US,visa,debit
446421,00-99,LAND OF LINCOLN CREDIT UNION,US,visa,credit
446422,00-99,TRAILHEAD FEDERAL CREDIT UNION,US,visa,credit
446423,00-99,MIAMI POSTAL SERVICE CREDIT UNION,US,visa,debit
446424,00-99,U.S. BANK NATIONAL ASSOCIATION-CREDIT,US,visa,credit
446425,00-99,PEOPLE DRIVEN CREDIT UNION,US,visa,debit
446426,00-99,RBC ROYAL BANK (CAYMAN) LTD.,KY,visa,credit
446427,00-99,RBC ROYAL BANK (CAYMAN) LTD.,KY,visa,credit
446428,00-99,,AG,visa,credit
446429,00-99,,AG,visa,credit
446430,00-99,,DM,visa,credit
446431,00-99,,DM,visa,credit
446432,00-99,,MS,visa,credit
446433,00-99,,MS,visa,credit
446434,00-99,,KN,visa,credit
446435,00-99,,KN,visa,credit
446436,00-99,,LC,visa,credit
446437,00-99,,LC,visa,credit
446438,00-99,RBC ROYAL BANK (BAHAMAS) LTD.,TC,visa,credit
446439,00-99,RBC ROYAL BANK (BAHAMAS) LTD.,TC,visa,credit
446440,00-99,RBC ROYAL BANK (BARBADOS) LTD.,BB,visa,credit
446441,00-99,RBC ROYAL BANK (BARBADOS) LTD.,BB,visa,credit
446442,00-99,RBC ROYAL BANK (BARBADOS) LTD.,BB,visa,credit
446443,00-99,RBC ROYAL BANK (BARBADOS) LTD.,BB,visa,credit
446444,00-99,RBC ROYAL BANK (BAHAMAS) LTD.,BS,visa,credit
446445,00-99,RBC ROYAL BANK (BAHAMAS) LTD.,BS,visa,credit
446446,00-99,RBC ROYAL BANK (BAHAMAS) LTD.,BS,visa,credit
446447,00-99,RBC ROYAL BANK (BAHAMAS) LTD.,BS,visa,credit
446448,00-99,1ST NATIONAL BANK ST. LUCIA LTD.,LC,visa,debit
446449,00-99,CONTECNICA S.A.,GT,visa,credit
446450,00-99,CITIBANK EUROPE PLC,RO,visa,debit
446451,00-99,CITIBANK EUROPE PLC,RO,visa,debit
446452,00-99,CITIBANK EUROPE PLC,RO,visa,credit
446453,00-99,CITIBANK EUROPE PLC,RO,visa,credit
446454,00-99,CITIBANK EUROPE PLC,RO,visa,credit
446455,00-99,CITIBANK EUROPE PLC,RO,visa,credit
446456,00-99,CITIBANK EUROPE PLC,RO,visa,credit
446457,00-99,CITIBANK EUROPE PLC,RO,visa,credit
446458,00-99,QATAR NATIONAL BANK AL AHLI S.A.E.,EG,visa,credit
446459,00-99,ABU DHABI COMMERCIAL BANK - ADCB - EGYPT,EG,visa,debit
446460,00-99,SYNOVUS FINANCIAL CORPORATION,US,visa,debit
446461,00-99,FIRST FEDERAL BANK,US,visa,debit
446462,00-99,SARATOGA NATIONAL BANK AND TRUST,US,visa,debit
446463,00-99,TOWN AND COUNTRY BANK,US,visa,debit
446464,00-99,STATE BANK OF THE LAKES,US,visa,debit
446465,00-99,MACHIAS SAVINGS BANK,US,visa,debit
446466,00-99,WISCONSIN BANK & TRUST,US,visa,debit
446467,00-99,,US,visa,debit
446468,00-99,MAQUOKETA STATE BANK,US,visa,debit
446469,00-99,BMO HARRIS BANK N.A.,US,visa,credit
446470,00-99,TOWN BANK,US,visa,debit
446471,00-99,THE BANK OF BOURBONNAIS,US,visa,debit
446472,00-99,FIRST NATIONAL BANK OF OMAHA,US,visa,debit
446473,00-99,WASHINGTON TRUST BANK,US,visa,credit
446474,00-99,NEKOOSA PORT EDWARDS STATE BANK,US,visa,debit
446475,00-99,THE SECURITY NATIONAL BANK OF SIOUX CITY IOWA,US,visa,debit
446476,00-99,TOWN BANK,US,visa,debit
446477,00-99,FIRST NATIONS BANK,US,visa,debit
446478,00-99,TOMPKINS VIST BANK,US,visa,debit
446479,00-99,VTB BANK PJSC,RU,visa,debit
446480,00-99,BNC NATIONAL BANK,US,visa,debit
446481,00-99,BANCORP BANK,US,visa,debit
446482,00-99,COMMUNITY FEDERAL SAVINGS BANK,US,visa,debit
446483,00-99,SAVANNAH BANK N.A.,US,visa,debit
446484,00-99,PINNACLE FINANCIAL PARTNERS,US,visa,debit
446485,00-99,SOUTH ATLANTIC BANK,US,visa,debit
446486,00-99,S&T BANK,US,visa,debit
446487,00-99,NORTH CAROLINA COMMUNITY FEDERAL CREDIT UNION,US,visa,debit
446488,00-99,MOJAVE DESERT BANK N.A.,US,visa,debit
446489,00-99,RIVER CITY FEDERAL CREDIT UNION,US,visa,debit
446490,00-99,FLINT COMMUNITY BANK,US,visa,debit
446491,00-99,FIRST FOUNDATION BANK,US,visa,debit
446492,00-99,FIRST FOUNDATION BANK,US,visa,debit
446493,00-99,,US,visa,debit
446494,00-99,TRI COUNTIES BANK,US,visa,debit
446495,00-99,HERITAGE BANK,US,visa,debit
446496,00-99,,US,visa,credit
446497,00-99,VALLEYSTAR CREDIT UNION,US,visa,credit
446498,00-99,B1BANK,US,visa,debit
446499,00-99,,US,visa,credit
446500,00-99,BANK OF AMERICA NATIONAL ASSOCIATION,US,visa,debit
446501,00-99,BANK OF AMERICA NATIONAL ASSOCIATION,US,visa,debit
446502,00-99,PUBLIC JOINT STOCK COMPANY BANK URALSIB,RU,visa,credit
446503,00-99,PUBLIC JOINT STOCK COMPANY BANK URALSIB,RU,visa,debit
446504,00-99,BANK OF AMERICA NATIONAL ASSOCIATION,US,visa,debit
446505,00-99,MOSCOW-MINSK BANK OJSC,BY,visa,debit
446506,00-99,BANK OF AMERICA NATIONAL ASSOCIATION,US,visa,debit
446507,00-99,BANK OF AMERICA NATIONAL ASSOCIATION,US,visa,debit
446508,00-99,BANK OF AMERICA NATIONAL ASSOCIATION,US,visa,debit
446509,00-99,MICROFINANCE MAXIMUM SAVINGS BANK INC.,PH,visa,credit
446510,00-99,BANCO BILBAO VIZCAYA ARGENTARIA CHILE,CL,visa,credit
446511,00-99,SCOTIABANK CHILE,CL,visa,credit
446512,00-99,BANK RESPUBLIKA OJSC,AZ,visa,credit
446513,00-99,BANK RESPUBLIKA OJSC,AZ,visa,debit
446514,00-99,KOMERCNI BANKA A.S.,CZ,visa,credit
446515,00-99,KOMERCNI BANKA A.S.,CZ,visa,debit
446516,00-99,,RU,visa,credit
446517,00-99,,RU,visa,credit
446518,00-99,,RU,visa,debit
446519,00-99,CREDIT AGRICOLE CORPORATE AND INVESTMENT BANK CJSC,RU,visa,debit
446520,00-99,CREDIT AGRICOLE CIB AO,RU,visa,debit
446521,00-99,Liberty Bank JSC,GE,visa,debit
446522,00-99,JSC LIBERTY BANK,GE,visa,credit
446523,00-99,BANQUE LIBANO-FRANCAISE SAL,LB,visa,debit
446524,00-99,LINCOLN STATE BANK,US,visa,debit
446525,00-99,INDEPENDENCE BANK,US,visa,debit
446526,00-99,ICBA BANCARD INC.,US,visa,debit
446527,00-99,FIRST INTERSTATE BANK,US,visa,debit
446528,00-99,FIRST INTERSTATE BANK,US,visa,debit
446529,00-99,FIFTH THIRD BANK,US,visa,debit
446530,00-99,AMERICAN FIRST CREDIT UNION,US,visa,debit
446531,00-99,FIVEPOINT CREDIT UNION,US,visa,debit
446532,00-99,CB INTERNATIONAL BANK LLC,PR,visa,debit
446533,00-99,WELLS FARGO BANK N.A.,US,visa,debit
446534,00-99,FIRST NATIONAL BANK OF OMAHA,US,visa,credit
446535,00-99,FIRST NATIONAL BANK OF OMAHA,US,visa,credit
446536,00-99,WESTEDGE FEDERAL CREDIT UNION,US,visa,credit
446537,00-99,TIB THE INDEPENDENT BANKERSBANK,US,visa,credit
446538,00-99,TIB THE INDEPENDENT BANKERSBANK,US,visa,credit
446539,00-99,WELLS FARGO BANK NATIONAL ASSOCIATION,US,US,visa
446540,00-99,WELLS FARGO BANK NATIONAL ASSOCIATION,US,visa,credit
446541,00-99,WELLS FARGO BANK N.A.,US,visa,credit
446542,00-99,WELLS FARGO BANK NATIONAL ASSOCIATION,US,US,visa
446543,00-99,WELLS FARGO BANK N.A.,US,visa,credit
446544,00-99,MIRAMAR FEDERAL CREDIT UNION,US,visa,debit
446545,00-99,CITIBANK NATIONAL ASSOCIATION - CONSUMER,US,visa,credit
446546,00-99,WELLS FARGO BANK N.A.,US,visa,credit
446547,00-99,U.S. BANK NATIONAL ASSOCIATION,CA,visa,credit
446548,00-99,WELLS FARGO BANK N.A.,US,visa,credit
446549,00-99,WELLS FARGO BANK N.A.,US,visa,credit
446550,00-99,ANIMAS CREDIT UNION,US,visa,debit
446551,00-99,MIDWEST BANK,US,visa,debit
446552,00-99,COMMUNITY NATIONAL BANK & TRUST,US,visa,debit
446553,00-99,OTERO FEDERAL CREDIT UNION,US,visa,debit
446554,00-99,SANDIA AREA FEDERAL CREDIT UNION,US,visa,debit
446555,00-99,TRIX INSTITUICAO DE PAGAMENTO LTDA.,BR,visa,debit
446556,00-99,CITIBANK N.A.,US,visa,credit
446557,00-99,MOUNTAIN VALLEY BANK,US,visa,debit
446558,00-99,CITIBANK N.A.,US,visa,credit
446559,00-99,CANADIAN IMPERIAL BANK OF COMMERCE,CA,visa,credit
446560,00-99,FIRST HAWAIIAN BANK,US,visa,credit
446561,00-99,JPMORGAN CHASE BANK N.A.,US,visa,credit
446562,00-99,CREDIT UNION OF TEXAS,US,visa,debit
446563,00-99,WELLS FARGO BANK N.A.,US,visa,credit
446564,00-99,WELLS FARGO BANK N.A.,US,visa,credit
446565,00-99,SOFOM INBURSA S.A. DE C.V. SOCIEDAD FINANCIERA DE OBJETO M LTIPLE ER GRUPO FIN,MX,visa,credit
446566,00-99,,US,visa,credit
446567,00-99,JPMORGAN CHASE BANK N.A.,US,visa,credit
446568,00-99,JPMORGAN CHASE BANK N.A.,US,visa,credit
446569,00-99,JPMORGAN CHASE BANK N.A.,US,visa,credit
446570,00-99,CITIZENS EQUITY FIRST CREDIT UNION,US,visa,debit
446571,00-99,ARIZE FEDERAL CREDIT UNION,US,visa,credit
446572,00-99,BANCA MORA S.A.,AD,visa,credit
446573,00-99,LINCONE FEDERAL CREDIT UNION,US,visa,debit
446574,00-99,UNITED CATHOLICS FEDERAL CREDIT UNION,US,visa,credit
446575,00-99,1ST FINANCIAL BANK USA,US,visa,credit
446576,00-99,WELLS FARGO BANK N.A.,US,visa,credit
446577,00-99,BANCO SOL S.A.R.L.,AO,visa,credit
446578,00-99,DENALI STATE BANK,US,visa,debit
446579,00-99,LOGIX FEDERAL CREDIT UNION,US,visa,debit
446580,00-99,MERIDIAN BANK,US,visa,debit
446581,00-99,WESTSTAR CREDIT UNION,US,visa,credit
446582,00-99,PARK FEDERAL CREDIT UNION DBA PARK COMMUNITY CREDIT UNION,US,visa,credit
446583,00-99,PARK FEDERAL CREDIT UNION DBA PARK COMMUNITY CREDIT UNION,US,visa,credit
446584,00-99,UNION BANCAIRE POUR LE COMMERCE ET L'INDUSTRIE,TN,visa,debit
446585,00-99,BANK OF STOCKTON,US,visa,debit
446586,00-99,INTEGRITY BANK,US,visa,debit
446587,00-99,MANASQUAN BANK,US,visa,debit
446588,00-99,GREAT SOUTHERN BANK,US,visa,debit
446589,00-99,WELLS FARGO BANK N.A.,US,visa,credit
446590,00-99,WELLS FARGO BANK N.A.,US,visa,credit
446591,00-99,OAHE FEDERAL CREDIT UNION,US,visa,debit
446592,00-99,DACOTAH FEDERAL CREDIT UNION,US,visa,debit
446593,00-99,WELLS FARGO BANK N.A.,US,visa,credit
446594,00-99,WELLS FARGO BANK N.A.,US,visa,credit
446595,00-99,FIRST NATIONAL BANK IN SIOUX FALLS,US,visa,debit
446596,00-99,CAMINO FEDERAL CREDIT UNION,US,visa,credit
446597,00-99,COLUMBIA BANK,US,visa,debit
446598,00-99,FARMERS & MERCHANTS BANK OF COLBY,US,visa,debit
446599,00-99,WELLS FARGO BANK N.A.,US,visa,credit
446600,00-99,BOC CREDIT CARD (INTERNATIONAL) LTD.,HK,visa,credit
446601,00-99,YANTIS FEDERAL CREDIT UNION,US,visa,debit
446602,00-99,WEBSTER FIVE CENTS SAVINGS BANK,US,visa,debit
446603,00-99,HYUNDAI CARD COMPANY LTD.,KR,visa,credit
446604,00-99,HDFC BANK LTD.,IN,visa,credit
446605,00-99,HDFC BANK LTD.,IN,visa,credit
446606,00-99,HDFC BANK LTD.,IN,visa,credit
446607,00-99,HDFC BANK LTD.,IN,visa,credit
446608,00-99,AL RAJHI BANKING AND INVESTMENT CORP.,SA,visa,credit
446609,00-99,AL RAJHI BANKING AND INVESTMENT CORP.,SA,visa,credit
446610,00-99,INVEST BANK PLC,JO,visa,credit
446611,00-99,INVEST BANK PLC,JO,visa,credit
446612,00-99,INVEST BANK PLC,JO,visa,credit
446613,00-99,YOUNG COMMUNITY FEDERAL CREDIT UNION,US,visa,credit
446614,00-99,WESTCONSIN CREDIT UNION,US,visa,debit
446615,00-99,ZIONS BANCORPORATION NATIONAL ASSOCIATION,US,visa,debit
446616,00-99,WESTERN VISTA FEDERAL CREDIT UNION,US,visa,credit
446617,00-99,BANCO LAFISE S.A.,CR,visa,credit
446618,00-99,UNION BANK AND TRUST COMPANY,US,visa,credit
446619,00-99,TS BANK,US,visa,credit
446620,00-99,UTAH INDEPENDENT BANK,US,visa,credit
446621,00-99,LANAPAY MEXICO S.A. DE C.V. I.F.P.E.,MX,visa,credit
446622,00-99,WESTMARK CREDIT UNION,US,visa,credit
446623,00-99,LATINO COMMUNITY CREDIT UNION,US,visa,credit
446624,00-99,COMMERCE BANK,US,visa,credit
446625,00-99,CELTIC BANK,US,visa,credit
446626,00-99,IDFC FIRST BANK LTD.,IN,visa,debit
446627,00-99,QUINCY CREDIT UNION,US,visa,credit
446628,00-99,MORGANTOWN AES FEDERAL CREDIT UNION,US,visa,credit
446629,00-99,FIRST PRYORITY BANK,US,visa,debit
446630,00-99,RIPCO CREDIT UNION,US,visa,credit
446631,00-99,FIRSTBANK OF NEBRASKA,US,visa,debit
446632,00-99,OAS STAFF FEDERAL CREDIT UNION,US,visa,credit
446633,00-99,MISSION CITY FEDERAL CREDIT UNION,US,visa,credit
446634,00-99,CROSS RIVER BANK,US,visa,credit
446635,00-99,ROGUE CREDIT UNION,US,visa,debit
446636,00-99,LATIN AMERICA AND CARIBBEAN REGION,BR,visa,debit
446637,00-99,THE BANCORP BANK NATIONAL ASSOCIATION,US,visa,credit
446638,00-99,HARMONY BANK,US,visa,debit
446639,00-99,,US,visa,credit
446640,00-99,HARMONY BANK,US,visa,debit
446641,00-99,,US,visa,credit
446642,00-99,,US,visa,credit
446643,00-99,PATHWARD N.A.,US,visa,debit
446644,00-99,,IN,visa,debit
446645,00-99,CAIXABANK S.A.,ES,visa,debit
446646,00-99,,CH,visa,credit
446647,00-99,,IN,visa,debit
446648,00-99,,US,visa,credit
446649,00-99,,US,visa,credit
446650,00-99,SANTANDER BANK POLSKA S.A.,PL,visa,credit
446651,00-99,SANTANDER BANK POLSKA S.A.,PL,visa,credit
446652,00-99,SANTANDER BANK POLSKA S.A.,PL,visa,credit
446653,00-99,SANTANDER BANK POLSKA S.A.,PL,visa,debit
446654,00-99,SANTANDER BANK POLSKA S.A.,PL,visa,debit
446655,00-99,SANTANDER BANK POLSKA S.A.,PL,visa,debit
446656,00-99,,ES,visa,credit
446657,00-99,,US,visa,credit
446658,00-99,,IN,visa,debit
446659,00-99,,US,visa,credit
446660,00-99,,US,visa,credit
446661,00-99,COMERICA BANK,US,visa,debit
446662,00-99,CITIZENS BANK OF CUMBERLAND COUNTY INC.,US,visa,debit
446663,00-99,SERVICE CREDIT UNION,US,visa,debit
446664,00-99,UNITED SOUTHERN BANK,US,visa,debit
446665,00-99,FIRST & FARMERS NATIONAL BANK INC.,US,visa,debit
446666,00-99,ASIA-PACIFIC REGION,SG,visa,credit
446667,00-99,FINANCIAL CENTER FIRST CREDIT UNION,US,visa,debit
446668,00-99,HOUSTON COMMUNITY BANK N.A.,US,US,visa
446669,00-99,ANDIGO CREDIT UNION,US,visa,credit
446670,00-99,PJSC ALFA-BANK,UA,visa,debit
446671,00-99,BANK OF AFRICA - BMCE GROUP,MA,visa,debit
446672,00-99,ALINMA BANK,SA,visa,debit
446673,00-99,ALINMA BANK,SA,visa,credit
446674,00-99,VTB BANK (PUBLIC JOINT-STOCK COMPANY),RU,visa,credit
446675,00-99,,US,visa,credit
446676,00-99,,US,visa,credit
446677,00-99,OJSC BTB BANK,AZ,visa,credit
446678,00-99,BANESCO (PANAMA) S.A.,PA,visa,credit
446679,00-99,BANESCO (PANAMA) S.A.,PA,visa,credit
446680,00-99,MMG BANK CORPORATION,PA,visa,debit
446681,00-99,BANESCO (PANAMA) S.A.,PA,visa,credit
446682,00-99,BANESCO (PANAMA) S.A.,PA,visa,credit
446683,00-99,MMG BANK CORPORATION,PA,visa,debit
446684,00-99,BANESCO (PANAMA) S.A.,PA,visa,credit
446685,00-99,BANK ERMAK JSC NIZHNEVARTOVSK,RU,visa,debit
446686,00-99,BANK ERMAK JSC NIZHNEVARTOVSK,RU,visa,debit
446687,00-99,BANCO AMAZONAS S.A.,EC,visa,debit
446688,00-99,PJSC DELTA BANK,UA,visa,credit
446689,00-99,PJSC DELTA BANK,UA,visa,credit
446690,00-99,PORTOSEG S.A. CREDITO FINANCIAMENTO E INVESTIMENTO,BR,visa,credit
446691,00-99,HALK BANKA AD SKOPJE,MK,visa,debit
446692,00-99,CAYMAN NATIONAL BANK LTD.,KY,visa,credit
446693,00-99,CAYMAN NATIONAL BANK LTD.,KY,visa,debit
446694,00-99,,US,visa,credit
446695,00-99,,US,visa,credit
446696,00-99,BANCO FASSIL S.A. (OFFBOARDING),BO,visa,debit
446697,00-99,BANCO FASSIL S.A. (OFFBOARDING),BO,visa,debit
446698,00-99,BANCO FASSIL S.A. (OFFBOARDING),BO,visa,credit
446699,00-99,BANCO FASSIL S.A. (OFFBOARDING),BO,visa,credit
446700,00-99,NOVA UA FEDERAL CREDIT UNION,US,visa,credit
446701,00-99,CARD SERVICES FOR CREDIT UNIONS,US,visa,credit
446702,00-99,KITSAP CREDIT UNION,US,visa,credit
446703,00-99,FIRST COMMONWEALTH FEDERAL CREDIT UNION,US,visa,credit
446704,00-99,MUSKEGON FEDERAL CREDIT UNION,US,visa,credit
446705,00-99,CHARTER OAK FEDERAL CREDIT UNION,US,visa,debit
446706,00-99,SOUTHWEST AIRLINES FEDERAL CREDIT UNION,US,visa,credit
446707,00-99,SOUTHWEST AIRLINES FEDERAL CREDIT UNION,US,visa,credit
446708,00-99,CARD SERVICES FOR CREDIT UNIONS,US,visa,credit
446709,00-99,FIRST NATIONAL BANK OF OMAHA,US,visa,credit
446710,00-99,PRIMETRUST FINANCIAL FEDERAL CREDIT UNION,US,visa,credit
446711,00-99,STATE BANK OF BOTTINEAU,US,visa,debit
446712,00-99,,US,visa,credit
446713,00-99,CARD SERVICES FOR CREDIT UNIONS,US,visa,credit
446714,00-99,CARD SERVICES FOR CREDIT UNIONS,US,visa,credit
446715,00-99,CARD SERVICES FOR CREDIT UNIONS,US,visa,credit
446716,00-99,CARD SERVICES FOR CREDIT UNIONS,US,visa,credit
446717,00-99,STATE BANK OF BOTTINEAU,US,visa,debit
446718,00-99,K V FEDERAL CREDIT UNION,US,visa,credit
446719,00-99,CARD SERVICES FOR CREDIT UNIONS,US,visa,credit
446720,00-99,CARD SERVICES FOR CREDIT UNIONS,US,visa,credit
446721,00-99,CARD SERVICES FOR CREDIT UNIONS,US,visa,debit
446722,00-99,CARD SERVICES FOR CREDIT UNIONS,US,visa,credit
446723,00-99,CONNECTIONS BANK,US,visa,debit
446724,00-99,PRR SOUTH FORK FEDERAL CREDIT UNION,US,visa,credit
446725,00-99,CARD SERVICES FOR CREDIT UNIONS,US,visa,credit
446726,00-99,SOUTH BEND FIREFIGHTERS FEDERAL CREDIT UNION,US,visa,credit
446727,00-99,CAROLINAS TELCO FEDERAL CREDIT UNION,US,visa,credit
446728,00-99,CARD SERVICES FOR CREDIT UNIONS,US,visa,credit
446729,00-99,THE BANK OF YOKOHAMA LTD.,JP,visa,debit
446730,00-99,TRELLANCE INC.,US,visa,credit
446731,00-99,CARD SERVICES FOR CREDIT UNIONS,US,visa,credit
446732,00-99,SILVER STATE SCHOOLS CREDIT UNION,US,visa,credit
446733,00-99,CARD SERVICES FOR CREDIT UNIONS,US,visa,credit
446734,00-99,SOLARITY CREDIT UNION,US,visa,credit
446735,00-99,CARD SERVICES FOR CREDIT UNIONS,US,visa,credit
446736,00-99,SECURITY FIRST BANK,US,visa,debit
446737,00-99,CARD SERVICES FOR CREDIT UNIONS,US,visa,credit
446738,00-99,STATE EMPLOYEES C.U. OF MARYLAND INC.,US,visa,credit
446739,00-99,CARD SERVICES FOR CREDIT UNIONS,US,visa,credit
446740,00-99,TRUITY FEDERAL CREDIT UNION,US,visa,credit
446741,00-99,HOLLEY CREDIT UNION,US,visa,credit
446742,00-99,CARD SERVICES FOR CREDIT UNIONS,US,visa,credit
446743,00-99,CARD SERVICES FOR CREDIT UNIONS,US,visa,credit
446744,00-99,ENVISION CREDIT UNION,US,visa,debit
446745,00-99,OPEN BANK S.A,DE,visa,credit
446746,00-99,CARD SERVICES FOR CREDIT UNIONS,US,visa,credit
446747,00-99,CARD SERVICES FOR CREDIT UNIONS,US,visa,credit
446748,00-99,CARD SERVICES FOR CREDIT UNIONS,US,visa,credit
446749,00-99,ONPATH FEDERAL CREDIT UNION,US,visa,debit
446750,00-99,ONPATH FEDERAL CREDIT UNION,US,visa,credit
446751,00-99,GREAT LAKES CREDIT UNION,US,visa,debit
446752,00-99,BLUE RIDGE BANK NATIONAL ASSOCIATION,US,visa,credit
446753,00-99,CARD SERVICES FOR CREDIT UNIONS,US,visa,credit
446754,00-99,M.P.D. COMMUNITY CREDIT UNION,US,visa,debit
446755,00-99,CREDIT UNION OF AMERICA,US,visa,credit
446756,00-99,KEYS FEDERAL CREDIT UNION,US,visa,debit
446757,00-99,CARD SERVICES FOR CREDIT UNIONS,US,visa,debit
446758,00-99,CHAMPIONS FIRST CREDIT UNION,US,visa,debit
446759,00-99,ARIZONA FINANCIAL CREDIT UNION,US,visa,credit
446760,00-99,PROFESSIONAL FEDERAL CREDIT UNION,US,visa,credit
446761,00-99,BERKSHIRE BANK,US,visa,credit
446762,00-99,VALLEY PREMIER BANK,US,visa,debit
446763,00-99,CARD SERVICES FOR CREDIT UNIONS,US,visa,credit
446764,00-99,CARD SERVICES FOR CREDIT UNIONS,US,visa,credit
446765,00-99,GNC COMMUNITY FEDERAL CREDIT UNION,US,visa,credit
446766,00-99,CARD SERVICES FOR CREDIT UNIONS,US,visa,credit
446767,00-99,GNB BANK,US,visa,credit
446768,00-99,SEATTLE METROPOLITAN CREDIT UNION,US,visa,credit
446769,00-99,CARD SERVICES FOR CREDIT UNIONS,US,visa,credit
446770,00-99,CARD SERVICES FOR CREDIT UNIONS,US,visa,credit
446771,00-99,U.S. BANK N.A.,US,visa,debit
446772,00-99,COOPERS CAVE FEDERAL CREDIT UNION,US,visa,debit
446773,00-99,CROUSE HINDS EMPLOYEES FEDERAL CREDIT UNION,US,visa,credit
446774,00-99,CARD SERVICES FOR CREDIT UNIONS,US,visa,credit
446775,00-99,PAWTUCKET CREDIT UNION,US,visa,credit
446776,00-99,,US,visa,credit
446777,00-99,UNIVERSAL 1 CREDIT UNION INC.,US,visa,debit
446778,00-99,FIRST CREDIT UNION,US,visa,debit
446779,00-99,DETOUR-DRUMMOND COMMUNITY CREDIT UNION,US,visa,credit
446780,00-99,PEAK CREDIT UNION,US,visa,credit
446781,00-99,CARD SERVICES FOR CREDIT UNIONS,US,visa,debit
446782,00-99,CARD SERVICES FOR CREDIT UNIONS,US,visa,credit
446783,00-99,TRADES & LABOR FEDERAL CREDIT UNION,US,visa,credit
446784,00-99,CARD SERVICES FOR CREDIT UNIONS,US,visa,credit
446785,00-99,THE CATHOLIC CREDIT UNION INC.,US,visa,credit
446786,00-99,PIEDMONT ADVANTAGE CREDIT UNION,US,visa,credit
446787,00-99,CARD SERVICES FOR CREDIT UNIONS,US,visa,credit
446788,00-99,ST. CLOUD FINANCIAL CREDIT UNION,US,visa,credit
446789,00-99,OMAHA FEDERAL CREDIT UNION,US,visa,debit
446790,00-99,CARD SERVICES FOR CREDIT UNIONS,US,visa,credit
446791,00-99,CARD SERVICES FOR CREDIT UNIONS,US,visa,credit
446792,00-99,CARD SERVICES FOR CREDIT UNIONS,US,visa,debit
446793,00-99,CARD SERVICES FOR CREDIT UNIONS,US,visa,credit
446794,00-99,CARD SERVICES FOR CREDIT UNIONS,US,visa,credit
446795,00-99,GEORGIA'S OWN CREDIT UNION,US,visa,credit
446796,00-99,CARD SERVICES FOR CREDIT UNIONS,US,visa,credit
446797,00-99,CARD SERVICES FOR CREDIT UNIONS,US,visa,debit
446798,00-99,UNISON CREDIT UNION,US,visa,credit
446799,00-99,ALEXANDRIA MUNICIPAL EMPLOYEES CREDIT UNION,US,visa,credit
446800,00-99,THE PEOPLES BANK,US,visa,debit
446801,00-99,,US,visa,debit
446802,00-99,JPMORGAN CHASE BANK N.A.,US,visa,debit
446803,00-99,JOURNEY CREDIT UNION,US,visa,debit
446804,00-99,RIVERVIEW CREDIT UNION INC,US,visa,debit
446805,00-99,,US,visa,debit
446806,00-99,ROCKET CITY FEDERAL CREDIT UNION,US,visa,debit
446807,00-99,BANCO GENERAL S.A.,PA,visa,credit
446808,00-99,BANCO GENERAL S.A.,PA,visa,credit
446809,00-99,BANCO VELOX S.A.,AR,visa,debit
446810,00-99,CAPITAL ONE BANK (USA) N.A.,US,visa,credit
446811,00-99,UMB BANK N.A.,US,visa,debit
446812,00-99,PROCARD S.A.,PY,visa,debit
446813,00-99,COOPERATIVA MULTIACTIVA DE AHORRO Y CREDITO PRODUCCION CONSUMO Y SERVICIOS C,PY,visa,debit
446814,00-99,TECH CREDIT UNION,US,visa,credit
446815,00-99,U.S. BANK NATIONAL ASSOCIATION-CREDIT,US,visa,credit
446816,00-99,NUMARK CREDIT UNION,US,visa,credit
446817,00-99,INB NATIONAL ASSOCIATION,US,visa,debit
446818,00-99,BANCO MULTIPLE PROMERICA DE LA REPUBLICA DOMINICANA S.A.,DO,visa,credit
446819,00-99,,US,visa,debit
446820,00-99,THE MURRAY BANK,US,visa,debit
446821,00-99,FIFTH THIRD BANK,US,visa,debit
446822,00-99,BELIZE BANK LTD.,BZ,visa,credit
446823,00-99,HARRISON COUNTY BANK,US,visa,credit
446824,00-99,TOTAL SYSTEM SERVICES INC.,HN,visa,credit
446825,00-99,BANCORPSOUTH BANK,US,visa,credit
446826,00-99,FOWLER STATE BANK,US,visa,debit
446827,00-99,FIDELITY INFORMATION SERVICES INC.,US,visa,credit
446828,00-99,FIDELITY INFORMATION SERVICES INC.,US,visa,credit
446829,00-99,FIDELITY INFORMATION SERVICES INC.,US,visa,credit
446830,00-99,COMMONWEALTH NATIONAL BANK,US,visa,debit
446831,00-99,BANK OF THE JAMES,US,visa,debit
446832,00-99,FIRST CITIZENS BANK,US,visa,debit
446833,00-99,SANDY SPRING BANK,US,visa,debit
446834,00-99,STIFEL BANK & TRUST,US,visa,debit
446835,00-99,WELLS FARGO BANK N.A.,US,visa,debit
446836,00-99,FIRST NATIONAL BANK AND TRUST COMPANY,US,visa,debit
446837,00-99,CADENCE BANK,US,visa,debit
446838,00-99,ALOSTAR BANK OF COMMERCE,US,visa,debit
446839,00-99,FIRST FEDERAL BANK OF FLORIDA,US,visa,debit
446840,00-99,SOLAR AHORRO Y FINANZAS SAECA,PY,visa,credit
446841,00-99,ST. FRANCIS X FEDERAL CREDIT UNION,US,visa,debit
446842,00-99,ST. FRANCIS X FEDERAL CREDIT UNION,US,visa,debit
446843,00-99,BANCO VELOX S.A.,AR,visa,credit
446844,00-99,FIRST FIDELITY BANK,US,visa,debit
446845,00-99,HEARTLAND BANK,US,visa,credit
446846,00-99,BANCOLOMBIA S.A.,CO,visa,debit
446847,00-99,CENTRA CREDIT UNION,US,visa,credit
446848,00-99,FIRST FINANCIAL BANK,US,visa,debit
446849,00-99,SCOTIABANK (CAYMAN ISLAND) LTD.,KY,visa,credit
446850,00-99,THE BANK OF NOVA SCOTIA,AW,visa,credit
446851,00-99,GREEN DOT BANK DBA BONNEVILLE BANK,PR,visa,debit
446852,00-99,BANCO VENEZOLANO DE CREDITO,VE,visa,debit
446853,00-99,BANCO BISA S.A.,BO,visa,credit
446854,00-99,CARD SERVICES FOR CREDIT UNIONS,US,visa,credit
446855,00-99,MERCANTIL BANK N.A.,US,visa,debit
446856,00-99,BANCO UNO S.A.,PA,visa,credit
446857,00-99,TRUE SKY FEDERAL CREDIT UNION,US,visa,debit
446858,00-99,COMMUNITY FIRST BANK,US,visa,credit
446859,00-99,COMMUNITY FIRST BANK,US,visa,credit
446860,00-99,THE SETTLERS BANK,US,visa,debit
446861,00-99,AVADIAN CREDIT UNION,US,visa,debit
446862,00-99,,US,visa,credit
446863,00-99,COOPERATIVA MULTIACTIVA LAMBARE LTDA.,PY,visa,credit
446864,00-99,BANCO SANTANDER S.A.,BR,visa,credit
446865,00-99,POMELO INSTITUICAO DE PAGAMENTO LTDA,BR,visa,credit
446866,00-99,BANCO DE SANTA CRUZ S.A.,AR,visa,credit
446867,00-99,BANCO DE CHILE,CL,visa,credit
446868,00-99,,US,visa,credit
446869,00-99,CARD SERVICES FOR CREDIT UNIONS,US,visa,debit
446870,00-99,BANCO PROVINCIAL S.A. BANCO UNIVERSAL,VE,visa,credit
446871,00-99,,US,visa,debit
446872,00-99,BANCO DE BOGOTA S.A.,CO,visa,debit
446873,00-99,,US,visa,debit
446874,00-99,CARD SERVICES FOR CREDIT UNIONS,US,visa,credit
446875,00-99,CARD SERVICES FOR CREDIT UNIONS,US,visa,debit
446876,00-99,CREDOMATIC DE HONDURAS S.A.,HN,visa,credit
446877,00-99,,US,visa,credit
446878,00-99,POCKETGROUP TECHNOLOGIES S.A. DE C.V.,MX,visa,debit
446879,00-99,CARD SERVICES FOR CREDIT UNIONS,US,visa,debit
446880,00-99,ASOCIACION POPULAR DE AHORROS Y PRESTAMOS,DO,visa,debit
446881,00-99,,US,visa,debit
446882,00-99,CARD SERVICES FOR CREDIT UNIONS,US,visa,credit
446883,00-99,CARD SERVICES FOR CREDIT UNIONS,US,visa,credit
446884,00-99,BANCO VELOX S.A.,AR,visa,debit
446885,00-99,MEMBERSFIRST CREDIT UNION,US,visa,credit
446886,00-99,U.S. BANK N.A.,US,visa,credit
446887,00-99,KELLOGG COMMUNITY FEDERAL CREDIT UNION,US,visa,credit
446888,00-99,ICICI BANK LTD.,IN,visa,debit
446889,00-99,ICICI BANK LTD.,IN,visa,debit
446890,00-99,PEOPLE DRIVEN CREDIT UNION,US,visa,credit
446891,00-99,WILLIAM PENN BANK,US,visa,debit
446892,00-99,WESBANCO BANK INC.,US,visa,debit
446893,00-99,ROBERTSON BANKING COMPANY,US,visa,debit
446894,00-99,ALABAMA ONE CREDIT UNION,US,visa,debit
446895,00-99,NEW YORK COMMUNITY BANK,US,visa,debit
446896,00-99,NEW YORK COMMUNITY BANK,US,visa,debit
446897,00-99,UNIVERSITY NATIONAL BANK,US,visa,debit
446898,00-99,UNIVERSITY NATIONAL BANK,US,visa,debit
446899,00-99,BANK OF CHICKAMAUGA,US,visa,debit
446900,00-99,BANCORP BANK,US,visa,credit
446901,00-99,CB KUBAN KREDIT OOO,RU,visa,debit
446902,00-99,OTP BANKA D.D.,HR,visa,credit
446903,00-99,BANK FOR ELECTRIC POWER INDUSTRY PUBLIC LIMITED COMPANY,RU,visa,credit
446904,00-99,JSC GARANT BANK,UZ,visa,debit
446905,00-99,UZKDB BANK,UZ,visa,debit
446906,00-99,UZKDB BANK,UZ,visa,debit
446907,00-99,BANCO KEVE S.A.,AO,visa,credit
446908,00-99,BANCO KEVE S.A.,AO,visa,credit
446909,00-99,BANCO MILLENNIUM ANGOLA S.A.,AO,visa,debit
446910,00-99,JSCB INTERPROMBANK,RU,visa,debit
446911,00-99,JSCB INTERPROMBANK,RU,visa,debit
446912,00-99,JSCB INTERPROMBANK,RU,visa,credit
446913,00-99,BOR BANKA D.D.,BA,visa,debit
446914,00-99,BANK AL JAZIRA,SA,visa,credit
446915,00-99,LLC HOME CREDIT AND FINANCE BANK,RU,visa,debit
446916,00-99,AO RAIFFEISENBANK,RU,visa,debit
446917,00-99,AO RAIFFEISENBANK,RU,visa,debit
446918,00-99,JSCB MOSCOVSKIY OBLASTNOI BANK,RU,visa,debit
446919,00-99,JSCB MOSCOVSKIY OBLASTNOI BANK,RU,visa,debit
446920,00-99,OTP BANK S.A.,MD,visa,credit
446921,00-99,OTP BANK S.A.,MD,visa,credit
446922,00-99,OTP BANK S.A.,MD,visa,credit
446923,00-99,OTP BANK S.A.,MD,visa,debit
446924,00-99,OTP BANK S.A.,MD,visa,debit
446925,00-99,,US,visa,credit
446926,00-99,DOHA BANK LTD.,QA,visa,credit
446927,00-99,STANDARD CHARTERED BANK ZAMBIA PLC,ZM,visa,credit
446928,00-99,STANDARD CHARTERED BANK ZAMBIA PLC,ZM,visa,credit
446929,00-99,BEREKE BANK JSC,KZ,visa,debit
446930,00-99,,US,visa,credit
446931,00-99,,RU,visa,debit
446932,00-99,ECOBANK COTE D'IVOIRE,CI,visa,debit
446933,00-99,AFRASIA BANK LTD.,MU,visa,debit
446934,00-99,,US,visa,credit
446935,00-99,SIERRA LEONE COMMERCIAL BANK LTD.,SL,visa,debit
446936,00-99,,RU,visa,debit
446937,00-99,,RU,visa,debit
446938,00-99,,RU,visa,debit
446939,00-99,,RU,visa,debit
446940,00-99,,RU,visa,debit
446941,00-99,BANCO COMERCIAL E DE INVESTIMENTOS SARL,MZ,visa,debit
446942,00-99,PUBLIC JOINT-STOCK COMPANY SOVCOMBANK,RU,visa,credit
446943,00-99,UNITED BANK FOR AFRICA MO AMBIQUE SA,MZ,visa,debit
446944,00-99,GENBANK CB (LTD),RU,visa,debit
446945,00-99,GENBANK CB (LTD),RU,visa,debit
446946,00-99,GENBANK CB (LTD),RU,visa,debit
446947,00-99,SCOTIABANK (PANAMA) S.A.,PA,visa,credit
446948,00-99,ARUBA BANK N.V.,AW,visa,debit
446949,00-99,,US,visa,credit
446950,00-99,TRANSKAPITALBANK,RU,visa,debit
446951,00-99,KASB BANK LTD.,PK,visa,debit
446952,00-99,KASB BANK LTD.,PK,visa,debit
446953,00-99,KASB BANK LTD.,PK,visa,debit
446954,00-99,UNITED BANK FOR AFRICA MO AMBIQUE SA,MZ,visa,debit
446955,00-99,,RU,visa,debit
446956,00-99,,RU,visa,debit
446957,00-99,,RU,visa,debit
446958,00-99,,RU,visa,debit
446959,00-99,SOCIETE GENERALE DE BANQUES EN GUINEE EQUATORIALE (SGBGE),GQ,visa,debit
446960,00-99,BM BANK OJSC,UA,visa,credit
446961,00-99,PJSC TOMSKPROMSTROYBANK,RU,visa,debit
446962,00-99,PJSC TOMSKPROMSTROYBANK,RU,visa,debit
446963,00-99,PJSC TOMSKPROMSTROYBANK,RU,visa,debit
446964,00-99,BANCO COOPERATIVO SICOOB S.A.,BR,visa,debit
446965,00-99,FIDELITY BANK PLC,NG,visa,debit
446966,00-99,UNION BANCAIRE POUR LE COMMERCE ET L'INDUSTRIE,TN,visa,debit
446967,00-99,UNION BANCAIRE POUR LE COMMERCE ET L'INDUSTRIE,TN,visa,debit
446968,00-99,AGILLITAS SERVICOS DE PAGAMENTOS S.A.,BR,visa,debit
446969,00-99,SBM BANK (MAURITIUS) LTD.,MU,visa,debit
446970,00-99,HBZ BANK LTD.,ZA,visa,debit
446971,00-99,CREDOMATIC DE HONDURAS S.A.,HN,visa,credit
446972,00-99,PBK BANK INC.,US,visa,debit
446973,00-99,POINT WEST CREDIT UNION,US,visa,debit
446974,00-99,UNITED BANKERS' BANK,US,visa,credit
446975,00-99,THE FARMERS AND MERCHANTS BANK,US,visa,debit
446976,00-99,PROCARD S.A.,PY,visa,credit
446977,00-99,CREDIT BANK OF IRAQ,IQ,visa,debit
446978,00-99,CANAL BANK S.A.,PA,visa,credit
446979,00-99,,RU,visa,debit
446980,00-99,,RU,visa,debit
446981,00-99,,RU,visa,debit
446982,00-99,BRIDGE BANK GROUP COTE D'IVOIRE (BBG-CI),CI,visa,debit
446983,00-99,BRIDGE BANK GROUP COTE D'IVOIRE (BBG-CI),CI,visa,debit
446984,00-99,BRIDGE BANK GROUP COTE D'IVOIRE (BBG-CI),CI,visa,debit
446985,00-99,,MX,visa,credit
446986,00-99,,MX,visa,credit
446987,00-99,BRIDGE BANK GROUP COTE DIVOIRE (BBG-CI),CI,visa,debit
446988,00-99,BANCO DE BRASILIA S.A.,BR,visa,credit
446989,00-99,GULF AFRICAN BANK LTD.,KE,visa,debit
446990,00-99,,US,visa,credit
446991,00-99,NATIONAL BANK OF COMMERCE LTD.,TZ,visa,debit
446992,00-99,,US,visa,credit
446993,00-99,AGILLITAS SERVICOS DE PAGAMENTOS S.A.,BR,visa,debit
446994,00-99,,US,visa,credit
446995,00-99,,US,visa,credit
446996,00-99,,RU,visa,debit
446997,00-99,VICTORIABANK,MD,visa,credit
446998,00-99,MASHREQBANK,AE,visa,credit
446999,00-99,BANK OF KIGALI LTD.,RW,visa,credit
447000,00-99,LINCOLN SAVINGS BANK,US,visa,debit
447001,00-99,O BEE CREDIT UNION,US,visa,debit
447002,00-99,PLATTE VALLEY BANK,US,visa,debit
447003,00-99,FIRST NATIONAL BANK OF GRIFFIN,US,visa,debit
447004,00-99,OTIS FEDERAL CREDIT UNION,US,visa,debit
447005,00-99,BANK OF MARIN,US,visa,debit
447006,00-99,THE BANCORP BANK NATIONAL ASSOCIATION,US,visa,debit
447007,00-99,ALTAONE FEDERAL CREDIT UNION,US,visa,debit
447008,00-99,COMMUNITY FEDERAL SAVINGS BANK,US,visa,debit
447009,00-99,TOWN & COUNTRY BANK,US,visa,debit
447010,00-99,LEWIS & CLARK BANK,US,visa,debit
447011,00-99,WOODTRUST BANK,US,visa,credit
447012,00-99,JPMORGAN CHASE BANK N.A.,US,visa,credit
447013,00-99,BANK OF AMERICA NATIONAL ASSOCIATION,US,visa,credit
447014,00-99,BRANCH BANKING AND TRUST COMPANY,US,visa,credit
447015,00-99,FIRST NATIONAL BANK OF OMAHA,US,visa,credit
447016,00-99,BRANCH BANKING AND TRUST COMPANY,US,visa,credit
447017,00-99,WASHINGTON TRUST BANK,US,visa,credit
447018,00-99,BRANCH BANKING AND TRUST COMPANY,US,visa,credit
447019,00-99,BMO HARRIS BANK N.A.,US,visa,credit
447020,00-99,FIRST NATIONAL BANK OF GRIFFIN,US,visa,debit
447021,00-99,MOUND CITY BANK,US,visa,debit
447022,00-99,LINCOLN SAVINGS BANK,US,visa,debit
447023,00-99,CENTRAL BANK ILLINOIS,US,visa,debit
447024,00-99,MAINE SAVINGS FEDERAL CREDIT UNION,US,visa,debit
447025,00-99,MAINE SAVINGS FEDERAL CREDIT UNION,US,visa,debit
447026,00-99,U-MASS/FIVE COLLEGE FEDERAL CREDIT UNION,US,visa,debit
447027,00-99,AMARILLO POSTAL EMPLOYEES CREDIT UNION,US,visa,debit
447028,00-99,THE CONVERSE COUNTY BANK,US,visa,debit
447029,00-99,PACIFIC WESTERN BANK,US,visa,debit
447030,00-99,WOODTRUST BANK,US,visa,credit
447031,00-99,FIRST MIDWEST BANK,US,visa,credit
447032,00-99,MID-CENTRAL NATIONAL BANK,US,visa,debit
447033,00-99,FIVE STAR BANK,US,visa,debit
447034,00-99,AUBURNBANK,US,visa,debit
447035,00-99,BMO HARRIS BANK N.A.,US,visa,credit
447036,00-99,GREAT SOUTHERN BANK,US,visa,credit
447037,00-99,TACU CREDIT UNION,US,visa,debit
447038,00-99,DENMARK STATE BANK,US,visa,debit
447039,00-99,,US,visa,credit
447040,00-99,U.S. BANK NATIONAL ASSOCIATION-CREDIT,US,visa,credit
447041,00-99,BMO HARRIS BANK N.A.,US,visa,credit
447042,00-99,FIRST MIDWEST BANK,US,visa,credit
447043,00-99,PREMIER BANK,US,visa,credit
447044,00-99,U.S. BANK NATIONAL ASSOCIATION-CREDIT,US,visa,credit
447045,00-99,U.S. BANK NATIONAL ASSOCIATION,US,visa,debit
447046,00-99,SYNOVUS FINANCIAL CORPORATION,US,visa,debit
447047,00-99,HURON COMMUNITY BANK,US,visa,debit
447048,00-99,THE BANK OF BRODHEAD,US,visa,debit
447049,00-99,RIVER BANK,US,visa,debit
447050,00-99,ABBYBANK,US,visa,debit
447051,00-99,CITIZENS BANK N.A.,US,visa,credit
447052,00-99,SELCO COMMUNITY CREDIT UNION,US,visa,credit
447053,00-99,DAVIESS COUNTY TEACHERS FEDERAL CREDIT UNION,US,visa,credit
447054,00-99,BANK OF AMERICA NATIONAL ASSOCIATION,US,visa,debit
447055,00-99,EMPIRE STATE BANK,US,visa,debit
447056,00-99,BANCORP BANK,US,visa,credit
447057,00-99,ZIONS BANCORPORATION NATIONAL ASSOCIATION,US,visa,credit
447058,00-99,PROSPERA CREDIT UNION,US,visa,debit
447059,00-99,CCF BANK,US,visa,debit
447060,00-99,SELCO COMMUNITY CREDIT UNION,US,visa,debit
447061,00-99,QUOIN FINANCIAL BANK,US,visa,debit
447062,00-99,OMA SAEAESTOEPANKKI OY,FI,visa,debit
447063,00-99,THE HUNTINGTON NATIONAL BANK,US,visa,credit
447064,00-99,OMA SAEAESTOEPANKKI OY,FI,visa,debit
447065,00-99,OMA SAEAESTOEPANKKI OY,FI,visa,credit
447066,00-99,HELM BANK USA,US,visa,debit
447067,00-99,OMA SAEAESTOEPANKKI OY,FI,visa,debit
447068,00-99,ABINGTON BANK,US,visa,debit
447069,00-99,FOX COMMUNITIES CREDIT UNION,US,visa,debit
447070,00-99,AMERICAN AIRLINES FEDERAL CREDIT UNION,US,visa,credit
447071,00-99,CROSS RIVER BANK,US,visa,debit
447072,00-99,CROSS RIVER BANK,US,visa,debit
447073,00-99,OMA SAEAESTOEPANKKI OY,FI,visa,debit
447074,00-99,BANCORP BANK,US,visa,credit
447075,00-99,FIRST CENTRAL STATE BANK,US,visa,debit
447076,00-99,LAKE RIDGE BANK,US,visa,debit
447077,00-99,UNION NATIONAL BANK AND TRUST COMPANY OF ELGIN,US,visa,debit
447078,00-99,RBC BANK (USA),US,visa,debit
447079,00-99,HEALTH CARE CREDIT UNION,US,visa,debit
447080,00-99,COMMERCIAL BANK OF AFRICA (UGANDA) LTD.,UG,visa,credit
447081,00-99,COMMERCIAL BANK OF AFRICA (UGANDA) LTD.,UG,visa,debit
447082,00-99,COMMERCIAL BANK OF AFRICA (UGANDA) LTD.,UG,visa,credit
447083,00-99,WAKOTA FEDERAL CREDIT UNION,US,visa,debit
447084,00-99,JPMORGAN CHASE BANK N.A.,US,visa,credit
447085,00-99,COMMERCIAL BANK OF AFRICA (UGANDA) LTD.,UG,visa,credit
447086,00-99,SENTRY CREDIT UNION,US,visa,debit
447087,00-99,STATE BANK FINANCIAL,US,visa,debit
447088,00-99,AMERICAN BANK N.A.,US,visa,debit
447089,00-99,NATIONAL EXCHANGE BANK AND TRUST,US,visa,debit
447090,00-99,THE BANCORP BANK NATIONAL ASSOCIATION,US,visa,credit
447091,00-99,GREEN DOT BANK DBA BONNEVILLE BANK,US,visa,debit
447092,00-99,THE BANCORP BANK NATIONAL ASSOCIATION,US,visa,credit
447093,00-99,SHORELINE CREDIT UNION,US,visa,debit
447094,00-99,BMO HARRIS BANK N.A.,US,visa,credit
447095,00-99,MONONA BANK,US,visa,debit
447096,00-99,COMMERCIAL BANK OF AFRICA (UGANDA) LTD.,UG,visa,credit
447097,00-99,BRANCH BANKING AND TRUST COMPANY,US,visa,credit
447098,00-99,UNIVERSITY FEDERAL CREDIT UNION,US,visa,debit
447099,00-99,WOODTRUST BANK,US,visa,credit
447100,00-99,COMMERCIAL BANK OF AFRICA (UGANDA) LTD.,UG,visa,debit
447101,00-99,CARD SERVICES FOR CREDIT UNIONS,US,visa,debit
447102,00-99,CARD SERVICES FOR CREDIT UNIONS,US,visa,credit
447103,00-99,CARD SERVICES FOR CREDIT UNIONS,US,visa,credit
447104,00-99,NORTHERN REDWOOD FEDERAL CREDIT UNION,US,visa,debit
447105,00-99,WELLS FARGO BANK N.A.,US,visa,debit
447106,00-99,NORTH CENTRAL AREA CREDIT UNION,US,visa,credit
447107,00-99,CARD SERVICES FOR CREDIT UNIONS,US,visa,debit
447108,00-99,COMMERCIAL BANK OF AFRICA (UGANDA) LTD.,UG,visa,credit
447109,00-99,SCRANTON DOWNTOWN FEDERAL CREDIT UNION,US,visa,debit
447110,00-99,UNITED CREDIT UNION,US,visa,credit
447111,00-99,COMMERCIAL BANK OF AFRICA (UGANDA) LTD.,UG,visa,credit
447112,00-99,CARD SERVICES FOR CREDIT UNIONS,US,visa,credit
447113,00-99,CARD SERVICES FOR CREDIT UNIONS,US,visa,debit
447114,00-99,CARD SERVICES FOR CREDIT UNIONS,US,visa,debit
447115,00-99,,ZW,visa,debit
447116,00-99,CENTRAL AFRICA BUILDING SOCIETY (CABS),ZW,visa,debit
447117,00-99,CENTRAL AFRICA BUILDING SOCIETY (CABS),ZW,visa,debit
447118,00-99,CREDIT UNION CARD SERVICES INC.,US,visa,credit
447119,00-99,CARD SERVICES FOR CREDIT UNIONS,US,visa,debit
447120,00-99,PATHWARD N.A.,US,visa,debit
447121,00-99,COLUMBIA CREDIT UNION,US,visa,credit
447122,00-99,STANBIC BANK UGANDA LTD.,UG,visa,debit
447123,00-99,CARD SERVICES FOR CREDIT UNIONS,US,visa,debit
447124,00-99,JEFFERSON PARISH EMPLOYEES FEDERAL CREDIT UNION,US,visa,credit
447125,00-99,MISSOURI CENTRAL CREDIT UNION,US,visa,credit
447126,00-99,BIG ISLAND FEDERAL CREDIT UNION,US,visa,credit
447127,00-99,CREDIT UNION CARD SERVICES INC.,US,visa,credit
447128,00-99,SOUTHWEST LOUISIANA CREDIT UNION,US,visa,credit
447129,00-99,CARD SERVICES FOR CREDIT UNIONS,US,visa,credit
447130,00-99,COMMUNITY FOCUS FEDERAL CREDIT UNION,US,visa,credit
447131,00-99,CARD SERVICES FOR CREDIT UNIONS,US,visa,credit
447132,00-99,UNITED BANK FOR AFRICA ZAMBIA LTD.,ZM,visa,debit
447133,00-99,,US,visa,debit
447134,00-99,CARD SERVICES FOR CREDIT UNIONS,US,visa,debit
447135,00-99,CARD SERVICES FOR CREDIT UNIONS,US,visa,credit
447136,00-99,JSC ZIRAAT BANK UZBEKISTAN,UZ,visa,debit
447137,00-99,CARD SERVICES FOR CREDIT UNIONS,US,visa,debit
447138,00-99,GLOBAL PAYMENTS MONEYTOPAY EDE S.L.,ES,visa,debit
447139,00-99,CARD SERVICES FOR CREDIT UNIONS,US,visa,debit
447140,00-99,CARD SERVICES FOR CREDIT UNIONS,US,visa,debit
447141,00-99,CATHOLIC FAMILY CREDIT UNION,US,visa,debit
447142,00-99,CARD SERVICES FOR CREDIT UNIONS,US,visa,credit
447143,00-99,CARD SERVICES FOR CREDIT UNIONS,US,visa,debit
447144,00-99,SUTTON BANK,US,visa,debit
447145,00-99,STEEL VALLEY FEDERAL CREDIT UNION,US,visa,credit
447146,00-99,CARD SERVICES FOR CREDIT UNIONS,US,visa,credit
447147,00-99,CARD SERVICES FOR CREDIT UNIONS,US,visa,credit
447148,00-99,CARD SERVICES FOR CREDIT UNIONS,US,visa,credit
447149,00-99,INTESA SANPAOLO S.P.A.,IT,visa,debit
447150,00-99,CARD SERVICES FOR CREDIT UNIONS,US,visa,credit
447151,00-99,HEALTH CARE FAMILY CREDIT UNION,US,visa,credit
447152,00-99,CARD SERVICES FOR CREDIT UNIONS,US,visa,debit
447153,00-99,,GB,visa,debit
447154,00-99,CREDIT UNION CARD SERVICES INC.,US,visa,credit
447155,00-99,DOWNRIVER COMMUNITY FEDERAL CREDIT UNION,US,visa,credit
447156,00-99,CARD SERVICES FOR CREDIT UNIONS,US,visa,credit
447157,00-99,BRAVERA BANK,US,visa,debit
447158,00-99,GREATER PITTSBURGH FEDERAL CREDIT UNION,US,visa,debit
447159,00-99,PACIFIC HORIZON CREDIT UNION,US,visa,debit
447160,00-99,CARD SERVICES FOR CREDIT UNIONS,US,visa,debit
447161,00-99,CARD SERVICES FOR CREDIT UNIONS,US,visa,debit
447162,00-99,CARD SERVICES FOR CREDIT UNIONS,US,visa,debit
447163,00-99,CARD SERVICES FOR CREDIT UNIONS,US,visa,debit
447164,00-99,ITHINK FINANCIAL CREDIT UNION,US,visa,credit
447165,00-99,CARD SERVICES FOR CREDIT UNIONS,US,visa,debit
447166,00-99,WELLS FARGO BANK N.A.,US,visa,credit
447167,00-99,WASHINGTON STATE EMPLOYEES CREDIT UNION,US,visa,credit
447168,00-99,BANKMUSCAT (SAOG),OM,visa,debit
447169,00-99,CARD SERVICES FOR CREDIT UNIONS,US,visa,debit
447170,00-99,CARD SERVICES FOR CREDIT UNIONS,US,visa,credit
447171,00-99,TRELLANCE INC.,US,visa,credit
447172,00-99,DUPAGE CREDIT UNION,US,visa,credit
447173,00-99,CARD SERVICES FOR CREDIT UNIONS,US,visa,credit
447174,00-99,GOLDEN CIRCLE CREDIT UNION INC.,US,visa,credit
447175,00-99,CARD SERVICES FOR CREDIT UNIONS,US,visa,credit
447176,00-99,JSC HALYK SAVINGS BANK OF KAZAKHSTAN,KZ,visa,debit
447177,00-99,CARD SERVICES FOR CREDIT UNIONS,US,visa,credit
447178,00-99,JSC HALYK SAVINGS BANK OF KAZAKHSTAN,KZ,visa,debit
447179,00-99,CARD SERVICES FOR CREDIT UNIONS,US,visa,debit
447180,00-99,CREDIT LIBANAIS S.A.L.,LB,visa,credit
447181,00-99,VANTAGE WEST CREDIT UNION,US,visa,credit
447182,00-99,PIRAEUS BANK S.A.,GR,visa,debit
447183,00-99,FINANCIAL PLUS CREDIT UNION,US,visa,debit
447184,00-99,SERVICE CREDIT UNION,US,visa,credit
447185,00-99,U.S. BANK N.A.,US,visa,credit
447186,00-99,ZEAL CREDIT UNION,US,visa,credit
447187,00-99,RHODE ISLAND CREDIT UNION,US,visa,credit
447188,00-99,CARD SERVICES FOR CREDIT UNIONS,US,visa,credit
447189,00-99,NASA FEDERAL CREDIT UNION,US,visa,credit
447190,00-99,HUDSON VALLEY CREDIT UNION,US,visa,credit
447191,00-99,CARD SERVICES FOR CREDIT UNIONS,US,visa,credit
447192,00-99,SIKORSKY FINANCIAL CREDIT UNION INC.,US,visa,credit
447193,00-99,CARD SERVICES FOR CREDIT UNIONS,US,visa,credit
447194,00-99,CARD SERVICES FOR CREDIT UNIONS,US,visa,credit
447195,00-99,POWER CREDIT UNION,US,visa,credit
447196,00-99,CARD SERVICES FOR CREDIT UNIONS,US,visa,credit
447197,00-99,GOLDEN PLAINS CREDIT UNION,US,visa,credit
447198,00-99,BANCO DAVIVIENDA S.A.,CO,visa,credit
447199,00-99,SERVICE CREDIT UNION,US,visa,credit
447200,00-99,REGIONS BANK,US,visa,credit
447201,00-99,JPMORGAN CHASE BANK N.A.,US,visa,debit
447202,00-99,,US,visa,credit
447203,00-99,NASA FEDERAL CREDIT UNION,US,visa,credit
447204,00-99,GREAT LAKES CREDIT UNION,US,visa,credit
447205,00-99,THE PEOPLES BANK,US,visa,credit
447206,00-99,THE PINERIES BANK,US,visa,credit
447207,00-99,THE PINERIES BANK,US,visa,credit
447208,00-99,FIRST MID BANCSHARES INC.,US,visa,debit
447209,00-99,EDMONTON STATE BANK,US,visa,debit
447210,00-99,,ID,visa,credit
447211,00-99,PT BANK HSBC INDONESIA,ID,visa,credit
447212,00-99,ADVIA CREDIT UNION,US,visa,debit
447213,00-99,SPIRIT OF ALASKA FEDERAL CREDIT UNION,US,visa,credit
447214,00-99,SPIRIT OF ALASKA FEDERAL CREDIT UNION,US,visa,credit
447215,00-99,TECNIPAGOS S.A.,CO,visa,debit
447216,00-99,NASHVILLE POST OFFICE CREDIT UNION,US,visa,debit
447217,00-99,SPIRIT OF ALASKA FEDERAL CREDIT UNION,US,visa,credit
447218,00-99,PIONEER FEDERAL CREDIT UNION,US,visa,credit
447219,00-99,CF BANK NATIONAL ASSOCIATION,US,visa,debit
447220,00-99,EDUCATORS CREDIT UNION,US,visa,credit
447221,00-99,STILLMAN BANCCORP N.A.,US,visa,credit
447222,00-99,STILLMAN BANCCORP N.A.,US,visa,credit
447223,00-99,WELLS FARGO BANK N.A.,US,visa,debit
447224,00-99,GREAT HORIZONS FEDERAL CREDIT UNION,US,visa,credit
447225,00-99,FIRST NATIONAL BANK OF WAYNE,US,visa,debit
447226,00-99,FORCHT BANK NATIONAL ASSOCIATION,US,visa,debit
447227,00-99,STRIDE BANK NATIONAL ASSOCIATION,US,visa,credit
447228,00-99,PIONEER FEDERAL CREDIT UNION,US,visa,credit
447229,00-99,PIONEER FEDERAL CREDIT UNION,US,visa,debit
447230,00-99,FCN BANK NATIONAL ASSOCIATION,US,visa,debit
447231,00-99,FIREFIGHTERS COMMUNITY CREDIT UNION,US,visa,debit
447232,00-99,MEMBERS FIRST CREDIT UNION,US,visa,credit
447233,00-99,PIONEER FEDERAL CREDIT UNION,US,visa,credit
447234,00-99,SUTTON BANK,US,visa,debit
447235,00-99,FREEDOM CREDIT UNION,US,visa,credit
447236,00-99,PNC FINANCIAL SERVICES GROUP INC.,US,visa,credit
447237,00-99,SHAREFAX CREDIT UNION INC.,US,visa,credit
447238,00-99,SHAREFAX CREDIT UNION INC.,US,visa,credit
447239,00-99,FIRST NATIONAL COMMUNITY BANK,US,visa,debit
447240,00-99,CONNEXUS CREDIT UNION,US,visa,credit
447241,00-99,JPMORGAN CHASE BANK N.A.,US,visa,credit
447242,00-99,PT. BANK MNC INTERNASIONAL TBK.,ID,visa,credit
447243,00-99,KARLOVACKA BANKA D.D.,HR,visa,credit
447244,00-99,CIVISTA BANK,US,visa,debit
447245,00-99,,US,visa,credit
447246,00-99,KARLOVACKA BANKA D.D.,HR,visa,credit
447247,00-99,BANCO DA AMAZONIA S.A.,BR,visa,credit
447248,00-99,BANCO DA AMAZONIA S.A.,BR,visa,credit
447249,00-99,FARMERS STATE BANK OF ALTO PASS ILL.,US,visa,debit
447250,00-99,AMERICAN NATIONAL BANK,US,visa,debit
447251,00-99,PARTNERSHIP FINANCIAL CREDIT UNION,US,visa,debit
447252,00-99,ILLINOIS EDUCATORS CREDIT UNION,US,visa,debit
447253,00-99,SIU CREDIT UNION,US,visa,credit
447254,00-99,WELLS FARGO BANK N.A.,US,visa,credit
447255,00-99,WELLS FARGO BANK N.A.,US,visa,credit
447256,00-99,FIRST-CITIZENS BANK & TRUST COMPANY,US,visa,credit
447257,00-99,JUSTICE FEDERAL CREDIT UNION,US,visa,credit
447258,00-99,AMERISERV FINANCIAL BANK,US,visa,debit
447259,00-99,,US,visa,debit
447260,00-99,,US,visa,debit
447261,00-99,ZIONS BANCORPORATION NATIONAL ASSOCIATION,US,visa,debit
447262,00-99,ISRACARD LTD.,IL,visa,credit
447263,00-99,,US,visa,credit
447264,00-99,CONSUMERS CREDIT UNION,US,visa,credit
447265,00-99,COMERICA BANK,US,visa,credit
447266,00-99,COMERICA BANK,US,visa,debit
447267,00-99,GOLDEN 1 CREDIT UNION,US,visa,credit
447268,00-99,COMERICA BANK,US,visa,credit
447269,00-99,OCEANFIRST BANK N.A.,US,visa,debit
447270,00-99,INOVA FEDERAL CREDIT UNION,US,visa,debit
447271,00-99,CITIZENS SAVINGS BANK AND TRUST COMPANY,US,visa,debit
447272,00-99,STAR PAYMENT SYSTEMS INC.,US,visa,credit
447273,00-99,WELLS FARGO BANK N.A.,US,visa,credit
447274,00-99,BANCO DA AMAZONIA S.A.,BR,visa,credit
447275,00-99,FIRST SEACOAST BANK,US,visa,debit
447276,00-99,TA CHONG BANK LTD.,TW,visa,credit
447277,00-99,SOUTHERN CHAUTAUQUA FEDERAL CREDIT UNION,US,visa,debit
447278,00-99,UNIVERSITY OF HAWAII FEDERAL CREDIT UNION,US,visa,credit
447279,00-99,THE FARMERS AND MERCHANTS BANK,US,visa,credit
447280,00-99,COMMUNITY RESOURCE BANK N.A.,US,visa,credit
447281,00-99,LBS FINANCIAL CREDIT UNION,US,visa,credit
447282,00-99,BANK OF MILLBROOK,US,visa,debit
447283,00-99,ALPINE BANK,US,visa,debit
447284,00-99,EMERALD EMPIRE FEDERAL CREDIT UNION,US,visa,debit
447285,00-99,,US,visa,debit
447286,00-99,EVOLVE BANK & TRUST,US,visa,debit
447287,00-99,BARCLAYS BANK,US,visa,credit
447288,00-99,,US,visa,credit
447289,00-99,BANK OF TENNESSEE,US,visa,debit
447290,00-99,HEARTLAND BANK AND TRUST COMPANY,US,visa,credit
447291,00-99,THE COMMERCIAL BANK OF GRAYSON,US,visa,debit
447292,00-99,DU QUOIN STATE BANK,US,visa,debit
447293,00-99,,US,visa,debit
447294,00-99,WELLS FARGO BANK N.A.,US,visa,credit
447295,00-99,IBEW AND UNITED WORKERS FEDERAL CREDIT UNION,US,visa,credit
447296,00-99,,US,visa,debit
447297,00-99,BOC CREDIT CARD (INTERNATIONAL) LTD.,HK,visa,credit
447298,00-99,PNC FINANCIAL SERVICES GROUP INC.,US,visa,credit
447299,00-99,SUNRATE PTE LTD.,SG,visa,debit
447300,00-99,FIRST NATIONAL BANK OF OMAHA,US,visa,credit
447301,00-99,TCF BANK,US,visa,credit
447302,00-99,FIRST NATIONAL BANK OF OMAHA,US,visa,credit
447303,00-99,FIRST NATIONAL BANK AND TRUST COMPANY,US,visa,debit
447304,00-99,BANK 21,US,visa,debit
447305,00-99,SELCO COMMUNITY CREDIT UNION,US,visa,debit
447306,00-99,SELCO COMMUNITY CREDIT UNION,US,visa,credit
447307,00-99,SELCO COMMUNITY CREDIT UNION,US,visa,credit
447308,00-99,SOARION FEDERAL CREDIT UNION,US,visa,debit
447309,00-99,PURDUE FEDERAL CREDIT UNION,US,visa,debit
447310,00-99,HSBC BANK PERU S.A.,PE,visa,credit
447311,00-99,BANCO GNB PERU S.A.,PE,visa,credit
447312,00-99,BANCO GNB PERU S.A.,PE,visa,credit
447313,00-99,BANCO GNB PERU S.A.,PE,visa,credit
447314,00-99,BANCO GNB PERU S.A.,PE,visa,credit
447315,00-99,BANCO GNB PERU S.A.,PE,visa,debit
447316,00-99,BANK OF BEIRUT S.A.L.,LB,visa,debit
447317,00-99,BANK OF BEIRUT S.A.L.,LB,visa,debit
447318,00-99,BARCLAYS BANK PLC,GB,visa,credit
447319,00-99,GOLDFISH BANK LTD.,GB,visa,credit
447320,00-99,WOORI CARD CO. LTD.,KR,visa,debit
447321,00-99,INTL HDQTRS-CENTER OWNED,NA,visa,debit
447322,00-99,INTL HDQTRS-CENTER OWNED,NA,visa,credit
447323,00-99,,US,visa,credit
447324,00-99,,US,visa,credit
447325,00-99,,US,visa,credit
447326,00-99,,US,visa,credit
447327,00-99,BANQUE ISLAMIQUE DU NIGER (BIN),NE,visa,debit
447328,00-99,,US,visa,credit
447329,00-99,INTL HDQTRS-CENTER OWNED,AM,visa,credit
447330,00-99,INTL HDQTRS-CENTER OWNED,AM,visa,debit
447331,00-99,,US,visa,credit
447332,00-99,,US,visa,credit
447333,00-99,,US,visa,credit
447334,00-99,,US,visa,credit
447335,00-99,,US,visa,credit
447336,00-99,BANQUE NATIONALE DE DEVELOPPEMENT AGRICOLE (BNDA),ML,visa,debit
447337,00-99,BANQUE SAHELO-SAHARIENNE POUR L'INVESTISSEMENT ET LE COMMERCE-TOGO,TG,visa,debit
447338,00-99,,FR,visa,credit
447339,00-99,,US,visa,debit
447340,00-99,BANCO DE GALICIA S.A.,ES,visa,debit
447341,00-99,THE FIRST BANK OF ALABAMA,US,visa,credit
447342,00-99,THE FIRST BANK OF ALABAMA,US,visa,credit
447343,00-99,UNIFY FINANCIAL CREDIT UNION,US,visa,debit
447344,00-99,TEXAS DOW EMPLOYEES CREDIT UNION,US,visa,debit
447345,00-99,GULF COMMERCIAL BANK,IQ,visa,debit
447346,00-99,BANCO DE GALICIA S.A.,ES,visa,debit
447347,00-99,BANCO POPULAR ESPANOL S.A.,ES,visa,debit
447348,00-99,BANCO DE GALICIA S.A.,ES,visa,debit
447349,00-99,BANCO POPULAR ESPANOL S.A.,ES,visa,debit
447350,00-99,WIZINK BANK S.A. (BANCOPOPULAR-E S. A.),ES,visa,debit
447351,00-99,BANCO POPULAR ESPANOL S.A.,ES,visa,debit
447352,00-99,BANCO DE GALICIA S.A.,ES,visa,debit
447353,00-99,BANCO CAIXA GERAL ANGOLA SA,AO,visa,credit
447354,00-99,BANCO CAIXA GERAL ANGOLA SA,AO,visa,credit
447355,00-99,,AO,visa,debit
447356,00-99,,US,visa,credit
447357,00-99,,US,visa,credit
447358,00-99,,US,visa,credit
447359,00-99,,US,visa,credit
447360,00-99,,CO,visa,debit
447361,00-99,TRIODOS BANK N.V.,NL,visa,debit
447362,00-99,PUBLIC JOINT-STOCK COMPANY BANK OTKRITIE FINANCIAL CORPORATION,RU,visa,debit
447363,00-99,PUBLIC JOINT-STOCK COMPANY BANK OTKRITIE FINANCIAL CORPORATION,RU,visa,debit
447364,00-99,,RU,visa,debit
447365,00-99,,RU,visa,debit
447366,00-99,,RU,visa,debit
447367,00-99,,RU,visa,debit
447368,00-99,,RU,visa,credit
447369,00-99,,RU,visa,credit
447370,00-99,,RU,visa,debit
447371,00-99,,US,visa,credit
447372,00-99,PUBLIC JOINT STOCK COMPANY BANK URALSIB,RU,visa,debit
447373,00-99,PUBLIC JOINT STOCK COMPANY BANK URALSIB,RU,visa,debit
447374,00-99,PUBLIC JOINT STOCK COMPANY BANK URALSIB,RU,visa,debit
447375,00-99,,RU,visa,credit
447376,00-99,CITIBANK NATIONAL ASSOCIATION,AE,visa,debit
447377,00-99,CITIBANK NATIONAL ASSOCIATION,AE,visa,debit
447378,00-99,THE PARK BANK,US,visa,debit
447379,00-99,U.S. BANK NATIONAL ASSOCIATION-CREDIT,US,visa,debit
447380,00-99,CREDOMATIC DE EL SALVADOR S.A.,SV,visa,credit
447381,00-99,TRELLANCE INC.,US,visa,debit
447382,00-99,WSSC FEDERAL CREDIT UNION,US,visa,debit
447383,00-99,FRONTWAVE CREDIT UNION,US,visa,debit
447384,00-99,NORTHERN CREDIT UNION,US,visa,debit
447385,00-99,THE FIDELITY BANK,US,visa,debit
447386,00-99,SKANDINAVISKA ENSKILDA BANKEN AB,NO,visa,debit
447387,00-99,TELLER A.S.,NO,visa,debit
447388,00-99,,GB,visa,credit
447389,00-99,,GB,visa,credit
447390,00-99,BANK OF BEIRUT S.A.L.,LB,visa,debit
447391,00-99,,US,visa,credit
447392,00-99,,US,visa,credit
447393,00-99,BANCO COOPERATIVO SICOOB S.A.,BR,visa,credit
447394,00-99,BANESTES S.A. - BANCO DO ESTADO DO ESPIRITO SANTO,BR,visa,debit
447395,00-99,BANCO COOPERATIVO SICOOB S.A.,BR,visa,credit
447396,00-99,BANCO COOPERATIVO DO BRASIL S.A.,BR,visa,credit
447397,00-99,BANCO COOPERATIVO DO BRASIL S.A.,BR,visa,credit
447398,00-99,BANCO COOPERATIVO SICOOB S.A.,BR,visa,debit
447399,00-99,,US,visa,credit
447400,00-99,INTESA SANPAOLO BANK ALBANIA SH.A,AL,visa,credit
447401,00-99,PINNACLE BANK,US,visa,debit
447402,00-99,PINNACLE BANK - WYOMING,US,visa,debit
447403,00-99,PINNACLE BANK,US,visa,debit
447404,00-99,BANK OF COLORADO,US,visa,debit
447405,00-99,PINNACLE BANK,US,visa,debit
447406,00-99,PINNACLE BANK,US,visa,credit
447407,00-99,PINNACLE BANK - WYOMING,US,visa,debit
447408,00-99,PINNACLE BANK,US,visa,credit
447409,00-99,BANCO FALABELLA PERU S.A.,PE,visa,credit
447410,00-99,BANCO FALABELLA PERU S.A.,PE,visa,credit
447411,00-99,BANCO FALABELLA PERU S.A.,PE,visa,debit
447412,00-99,PINNACLE BANK,US,visa,credit
447413,00-99,PINNACLE BANK,US,visa,debit
447414,00-99,PINNACLE BANK,US,visa,credit
447415,00-99,EPOS CARD COMPANY LTD.,JP,visa,debit
447416,00-99,BANK OF COLORADO,US,visa,debit
447417,00-99,PINNACLE BANK,US,visa,debit
447418,00-99,MOUNTAIN VALLEY BANK,US,visa,debit
447419,00-99,PINNACLE BANK,US,visa,debit
447420,00-99,THE CENTRAL TRUST BANK,US,visa,debit
447421,00-99,5STAR BANK,US,visa,debit
447422,00-99,DEPARTMENT OF LABOR FEDERAL CREDIT UNION,US,visa,debit
447423,00-99,UNION BANK N.A.,US,visa,credit
447424,00-99,UNION BANK N.A.,US,visa,credit
447425,00-99,UMB BANK N.A.,US,visa,credit
447426,00-99,CONSOLIDATED COMMUNITY CREDIT UNION,US,visa,debit
447427,00-99,PINE COUNTRY BANK,US,visa,debit
447428,00-99,GLOBAL FEDERAL CREDIT UNION,US,visa,debit
447429,00-99,LYON COUNTY STATE BANK,US,visa,debit
447430,00-99,CHIPHONE FEDERAL CREDIT UNION,US,visa,debit
447431,00-99,WELLS FARGO BANK N.A.,US,visa,debit
447432,00-99,WHEAT STATE CREDIT UNION,US,visa,debit
447433,00-99,WEOKIE FEDERAL CREDIT UNION,US,visa,debit
447434,00-99,WELLS FARGO BANK N.A.,US,visa,credit
447435,00-99,MERCANTIL COMMERCEBANK N.A.,US,visa,debit
447436,00-99,FIRST FEDERAL SAVINGS BANK OF TWIN FALLS,US,visa,debit
447437,00-99,NBT BANK NATIONAL ASSOCIATION,US,visa,debit
447438,00-99,AMERICAN HERITAGE BANK,US,visa,debit
447439,00-99,BANK OF OKLAHOMA,US,visa,debit
447440,00-99,CATTLE NATIONAL BANK AND TRUST COMPANY,US,visa,debit
447441,00-99,COLORADO CREDIT UNION,US,visa,debit
447442,00-99,FIRST INTERSTATE BANK,US,visa,debit
447443,00-99,CIT-CO FEDERAL CREDIT UNION,US,visa,debit
447444,00-99,BOKF NATIONAL ASSOCIATION,US,visa,debit
447445,00-99,BANCO HIPOTECARIO DE EL SALVADOR S.A.,SV,visa,credit
447446,00-99,FIRST INTERSTATE BANK,US,visa,credit
447447,00-99,TD BANK N.A.,US,visa,credit
447448,00-99,U.S. BANK NATIONAL ASSOCIATION-CREDIT,US,visa,credit
447449,00-99,PACIFIC NATIONAL BANK,US,visa,credit
447450,00-99,PACIFIC NATIONAL BANK,US,visa,credit
447451,00-99,,US,visa,credit
447452,00-99,UNION BANK AND TRUST COMPANY,US,visa,debit
447453,00-99,AMERICAN NATIONAL BANK,US,visa,debit
447454,00-99,BANCO MERCANTIL DO BRASIL S.A.,BR,visa,debit
447455,00-99,AU FINANCIAL SERVICE CORPORATION,JP,visa,credit
447456,00-99,U.S. BANK N.A.,US,visa,debit
447457,00-99,WELLS FARGO BANK N.A.,US,visa,debit
447458,00-99,CHASE BANK USA N.A.,US,visa,credit
447459,00-99,WELLS FARGO BANK N.A.,US,visa,debit
447460,00-99,FIRST INTERSTATE BANK,US,visa,debit
447461,00-99,FIRST INTERSTATE BANK,US,visa,debit
447462,00-99,THE FIRST STATE BANK OF MALTA,US,visa,debit
447463,00-99,MANHATTAN BANK,US,visa,debit
447464,00-99,OPPORTUNITY BANK OF MONTANA,US,visa,debit
447465,00-99,FARMERS AND MERCHANTS STATE BANK,US,visa,debit
447466,00-99,WELLS FARGO BANK N.A.,US,visa,debit
447467,00-99,OPPORTUNITY BANK OF MONTANA,US,visa,debit
447468,00-99,FIRST INTERSTATE BANK,US,visa,debit
447469,00-99,WESTAMERICA BANK,US,visa,debit
447470,00-99,WESTERN NATIONAL BANK,US,visa,debit
447471,00-99,STRYV BANK,US,visa,debit
447472,00-99,UNIVERSITY NATIONAL BANK,US,visa,debit
447473,00-99,U.S. BANK N.A.,US,visa,debit
447474,00-99,MERRICK BANK,US,visa,credit
447475,00-99,BANCORP BANK,US,visa,credit
447476,00-99,MOUNTAIN AMERICA CREDIT UNION,US,visa,credit
447477,00-99,NATIONAL BANK OF OMAN LIMITED (S.A.O.G.),OM,visa,debit
447478,00-99,CELTIC BANK,US,visa,credit
447479,00-99,NATIONAL BANK OF OMAN LIMITED (S.A.O.G.),OM,visa,debit
447480,00-99,FIRST NATIONAL BANK IN SIOUX FALLS,US,visa,credit
447481,00-99,FIRST NATIONAL BANK IN SIOUX FALLS,US,visa,debit
447482,00-99,AMERICAN BANK & TRUST,US,visa,debit
447483,00-99,PLAINS COMMERCE BANK,US,visa,debit
447484,00-99,,US,visa,credit
447485,00-99,,US,visa,credit
447486,00-99,,US,visa,credit
447487,00-99,,US,visa,credit
447488,00-99,,US,visa,credit
447489,00-99,,US,visa,credit
447490,00-99,WELLS FARGO BANK N.A.,US,visa,debit
447491,00-99,FIRST SAVINGS BANK,US,visa,credit
447492,00-99,CENTENNIAL BANK OF THE WEST,US,visa,debit
447493,00-99,GNBANK,US,visa,debit
447494,00-99,FIRST ENTERTAINMENT CREDIT UNION,US,visa,debit
447495,00-99,HERITAGE BANK,US,visa,debit
447496,00-99,DUPONT COMMUNITY CREDIT UNION,US,visa,credit
447497,00-99,WESTERN STATE BANK,US,visa,debit
447498,00-99,,US,visa,credit
447499,00-99,PRIME PACIFIC BANK N.A.,US,visa,debit
447500,00-99,IRAQI MIDDLE EAST INVESTMENT BANK,IQ,visa,credit
447501,00-99,KENTBANK A.S.,TR,visa,debit
447502,00-99,ING BANK A.S.,TR,visa,debit
447503,00-99,TURK EKONOMI BANKASI A.S.,TR,visa,debit
447504,00-99,T.C. ZIRAAT BANKASI A.S.,TR,visa,debit
447505,00-99,TURKIYE HALK BANKASI A.S.,TR,visa,debit
447506,00-99,,US,visa,credit
447507,00-99,,BY,visa,debit
447508,00-99,,US,visa,credit
447509,00-99,,US,visa,credit
447510,00-99,,US,visa,credit
447511,00-99,,US,visa,credit
447512,00-99,,US,visa,credit
447513,00-99,ARAB BANK PLC,PS,visa,debit
447514,00-99,BELVNESHECONOMBANK OPEN JOINT STOCK COMPANY,BY,visa,debit
447515,00-99,BELVNESHECONOMBANK OPEN JOINT STOCK COMPANY,BY,visa,credit
447516,00-99,NATIONAL BANK TRUST OJSC,RU,visa,credit
447517,00-99,BANCO SANTANDER S.A.,ES,visa,credit
447518,00-99,UNITED BANK FOR AFRICA MO AMBIQUE SA,MZ,visa,debit
447519,00-99,ACCESS BANK MOZAMBIQUE SA,MZ,visa,credit
447520,00-99,VTB BANK (PUBLIC JOINT-STOCK COMPANY),RU,visa,debit
447521,00-99,ARAB BANK PLC,AE,visa,debit
447522,00-99,ARAB BANK PLC,JO,visa,debit
447523,00-99,ARAB BANK PLC,YE,visa,debit
447524,00-99,ARAB BANK PLC,LB,visa,debit
447525,00-99,ARAB BANK PLC,BH,visa,debit
447526,00-99,ARAB BANK PLC,QA,visa,debit
447527,00-99,ARAB BANK PLC,EG,visa,debit
447528,00-99,ARAB BANK PLC,LB,visa,debit
447529,00-99,ARAB BANK PLC,EG,visa,debit
447530,00-99,SERVIRED SOCIEDAD ESPANOLA DE MEDIOS DE PAGO S.A.,ES,visa,credit
447531,00-99,SERVIRED SOCIEDAD ESPANOLA DE MEDIOS DE PAGO S.A.,ES,visa,credit
447532,00-99,CAJA DE AHORROS DE MADRID (CAJA MADRID),ES,visa,credit
447533,00-99,SERVIRED SOCIEDAD ESPANOLA DE MEDIOS DE PAGO S.A.,ES,visa,credit
447534,00-99,VISA ESPANA,ES,visa,credit
447535,00-99,CAJA RURAL,ES,visa,credit
447536,00-99,SERVIRED SOCIEDAD ESPANOLA DE MEDIOS DE PAGO S.A.,ES,visa,credit
447537,00-99,SERVIRED SOCIEDAD ESPANOLA DE MEDIOS DE PAGO S.A.,ES,visa,credit
447538,00-99,SERVIRED SOCIEDAD ESPANOLA DE MEDIOS DE PAGO S.A.,ES,visa,credit
447539,00-99,SERVIRED SOCIEDAD ESPANOLA DE MEDIOS DE PAGO S.A.,ES,visa,credit
447540,00-99,IBERCAJA BANCO S.A,ES,visa,credit
447541,00-99,SERVIRED SOCIEDAD ESPANOLA DE MEDIOS DE PAGO S.A.,ES,visa,credit
447542,00-99,SERVIRED SOCIEDAD ESPANOLA DE MEDIOS DE PAGO S.A.,ES,visa,credit
447543,00-99,SERVIRED SOCIEDAD ESPANOLA DE MEDIOS DE PAGO S.A.,ES,visa,credit
447544,00-99,SERVIRED SOCIEDAD ESPANOLA DE MEDIOS DE PAGO S.A.,ES,visa,credit
447545,00-99,CAIXABANK S.A.,ES,visa,credit
447546,00-99,CAIXA POPULAR,ES,visa,credit
447547,00-99,BANCO BILBAO VIZCAYA ARGENTARIA S.A.,ES,visa,credit
447548,00-99,MORABANC,AD,visa,credit
447549,00-99,SERVIRED SOCIEDAD ESPANOLA DE MEDIOS DE PAGO S.A.,ES,visa,credit
447550,00-99,SERVIRED SOCIEDAD ESPANOLA DE MEDIOS DE PAGO S.A.,ES,visa,credit
447551,00-99,BANCIEN S.A. Y/O BAN100 S.A.,CO,visa,debit
447552,00-99,SERVIRED SOCIEDAD ESPANOLA DE MEDIOS DE PAGO S.A.,ES,visa,credit
447553,00-99,SERVIRED SOCIEDAD ESPANOLA DE MEDIOS DE PAGO S.A.,ES,visa,credit
447554,00-99,DOCK INSTITUICAO DE PAGAMENTO S.A.,BR,visa,debit
447555,00-99,DOCK SOLUCOES EM MEIOS DE PAGAMENTO S.A,BR,visa,debit
447556,00-99,PRISMA MEDIOS DE PAGO S.A.U.,AR,visa,debit
447557,00-99,DOCK SOLUCOES EM MEIOS DE PAGAMENTO S.A,BR,visa,debit
447558,00-99,,BR,visa,credit
447559,00-99,DOCK INSTITUICAO DE PAGAMENTO S.A.,BR,visa,debit
447560,00-99,THE FIDELITY BANK,US,visa,credit
447561,00-99,COMMERCIAL BANK,US,visa,debit
447562,00-99,BANCO BDI S.A.,DO,visa,credit
447563,00-99,UTILITY DISTRICT CREDIT UNION,US,visa,credit
447564,00-99,CREDOMATIC DE GUATEMALA S.A.,GT,visa,debit
447565,00-99,RAIFFEISENBANK A.S.,CZ,visa,debit
447566,00-99,WESTERLY COMMUNITY CREDIT UNION,US,visa,debit
447567,00-99,WESTERLY COMMUNITY CREDIT UNION,US,visa,debit
447568,00-99,THE UNITED BANK S.A.E.,EG,visa,debit
447569,00-99,QATAR NATIONAL BANK AL AHLI S.A.E.,EG,visa,credit
447570,00-99,ARAB AFRICAN INTERNATIONAL BANK,EG,visa,debit
447571,00-99,ATTIJARIWAFA BANK,MA,visa,debit
447572,00-99,RVR BANK,US,visa,debit
447573,00-99,FIRSTRAND BANK LTD.,ZA,visa,debit
447574,00-99,KLARNA BANK AB,DE,visa,debit
447575,00-99,SUN COMMUNITY FEDERAL CREDIT UNION,US,visa,credit
447576,00-99,BANK AL ETIHAD,JO,visa,credit
447577,00-99,MASHREQBANK,AE,visa,debit
447578,00-99,FIBRE FEDERAL CREDIT UNION,US,visa,debit
447579,00-99,SKANDIABANKEN,SE,visa,credit
447580,00-99,AB CITADELE BANKAS,LV,visa,credit
447581,00-99,TRI COUNTIES BANK,US,visa,debit
447582,00-99,ARAB BANK PLC,MA,visa,debit
447583,00-99,HSBC BANK PLC,GB,visa,credit
447584,00-99,INTERNATIONAL BANK OF ST-PETERSBURG JOINT-STOCK COMPANY,RU,visa,debit
447585,00-99,DEUTSCHER SPARKASSEN- UND GIROVERBAND,DE,visa,credit
447586,00-99,DEUTSCHER SPARKASSEN- UND GIROVERBAND,DE,visa,credit
447587,00-99,DEUTSCHER SPARKASSEN- UND GIROVERBAND,DE,visa,credit
447588,00-99,DEUTSCHER SPARKASSEN- UND GIROVERBAND,DE,visa,credit
447589,00-99,DEUTSCHER SPARKASSEN- UND GIROVERBAND,DE,visa,credit
447590,00-99,STADTSPARKASSE DÜSSELDORF,DE,visa,debit
447591,00-99,DEUTSCHER SPARKASSEN- UND GIROVERBAND,DE,visa,credit
447592,00-99,DEUTSCHER SPARKASSEN- UND GIROVERBAND,DE,visa,credit
447593,00-99,DEUTSCHER SPARKASSEN- UND GIROVERBAND,DE,visa,credit
447594,00-99,DEUTSCHER SPARKASSEN- UND GIROVERBAND,DE,visa,credit
447595,00-99,DEUTSCHER SPARKASSEN- UND GIROVERBAND,DE,visa,credit
447596,00-99,DEUTSCHER SPARKASSEN- UND GIROVERBAND,DE,visa,credit
447597,00-99,DEUTSCHER SPARKASSEN- UND GIROVERBAND,DE,visa,credit
447598,00-99,DEUTSCHER SPARKASSEN- UND GIROVERBAND,DE,visa,credit
447599,00-99,FOERDE SPARKASSE,DE,visa,debit
447600,00-99,THE FIRST NATIONAL BANK OF GILBERT,US,visa,debit
447601,00-99,FIRST NATIONAL BANK IN SIOUX FALLS,US,visa,debit
447602,00-99,,US,visa,credit
447603,00-99,AO RAIFFEISENBANK,RU,visa,credit
447604,00-99,,US,visa,debit
447605,00-99,KUTXABANK S.A.,ES,visa,debit
447606,00-99,CJSC WEST FINANCE AND CREDIT BANK,UA,visa,debit
447607,00-99,CJSC WEST FINANCE AND CREDIT BANK,UA,visa,debit
447608,00-99,BANQUE INTERNATIONALE POUR LE COMMERCE ET LINDUSTRIE DU GABON (BICI-G),GA,visa,credit
447609,00-99,CREDIT UNION 1,US,visa,debit
447610,00-99,IAA CREDIT UNION,US,visa,credit
447611,00-99,VISION FINANCIAL FEDERAL CREDIT UNION,US,visa,debit
447612,00-99,SERVICE CREDIT UNION,US,visa,debit
447613,00-99,,US,visa,credit
447614,00-99,MILL CITY,US,visa,debit
447615,00-99,GLOBAL PAYMENTS MONEYTOPAY EDE S.L.,ES,visa,debit
447616,00-99,WELLS FARGO BANK N.A.,US,visa,debit
447617,00-99,,US,visa,credit
447618,00-99,CAPITAL CREDIT UNION,US,visa,debit
447619,00-99,BANK OF AMERICA - COMMERCIAL CREDIT,US,visa,credit
447620,00-99,BANK OF AMERICA - COMMERCIAL CREDIT,US,visa,credit
447621,00-99,SIU CREDIT UNION,US,visa,credit
447622,00-99,ACME CONTINENTAL CREDIT UNION,US,visa,credit
447623,00-99,,US,visa,credit
447624,00-99,AO RAIFFEISENBANK,RU,visa,debit
447625,00-99,MASHREQBANK,AE,visa,credit
447626,00-99,PARK NATIONAL BANK,US,visa,debit
447627,00-99,BANKMUSCAT (SAOG),OM,visa,credit
447628,00-99,ALL-UKRAINIAN JSB (VABANK),UA,visa,credit
447629,00-99,COMMUNITY BANK OF ELMHURST,US,visa,debit
447630,00-99,VTB BANK (PUBLIC JOINT-STOCK COMPANY),RU,visa,credit
447631,00-99,UNICREDIT BANK (MAGYARORSZAG),HU,visa,credit
447632,00-99,UNICREDIT BANK HUNGARY ZRT.,HU,visa,debit
447633,00-99,GUARANTY TRUST BANK LTD.,NG,visa,debit
447634,00-99,THE FIRST BANK OF ALABAMA,US,visa,credit
447635,00-99,STATE EMPLOYEES' CREDIT UNION,US,visa,debit
447636,00-99,SANTANDER CONSUMER BANK AG,DE,visa,credit
447637,00-99,CROSS KEYS BANK,US,visa,debit
447638,00-99,TOPMARK FEDERAL CREDIT UNION,US,visa,debit
447639,00-99,TCM BANK NATIONAL ASSOCIATION,US,visa,credit
447640,00-99,ENGAGE FEDERAL CREDIT UNION,US,visa,debit
447641,00-99,SIUE CREDIT UNION,US,visa,debit
447642,00-99,LIGHTHOUSE FEDERAL CREDIT UNION,US,visa,credit
447643,00-99,LIGHTHOUSE FEDERAL CREDIT UNION,US,visa,credit
447644,00-99,WATERTOWN SAVINGS BANK,US,visa,credit
447645,00-99,SUNFLOWER BANK NATIONAL ASSOCIATION,US,visa,credit
447646,00-99,HSBC BANK MALTA PLC,MT,visa,credit
447647,00-99,LIGHTHOUSE FEDERAL CREDIT UNION,US,visa,credit
447648,00-99,NOVA KREDITNA BANKA MARIBOR D.D. MARIBOR,SI,visa,debit
447649,00-99,SRP FEDERAL CREDIT UNION,US,visa,debit
447650,00-99,UNITED CHURCHES CREDIT UNION,US,visa,credit
447651,00-99,FIRST STATE BANK,US,visa,debit
447652,00-99,BANK OF AMERICA NATIONAL ASSOCIATION,US,visa,credit
447653,00-99,EMIRATES NBD BANK (P.J.S.C.),AE,visa,credit
447654,00-99,EMIRATES NBD BANK (P.J.S.C.),AE,visa,credit
447655,00-99,FIRST STATE BANK,US,visa,debit
447656,00-99,SERVICE CREDIT UNION,US,visa,debit
447657,00-99,SERVICE CREDIT UNION,US,visa,credit
447658,00-99,SERVICE CREDIT UNION,US,visa,debit
447659,00-99,,US,visa,credit
447660,00-99,,US,visa,credit
447661,00-99,ST. GEORGES BANK AND COMPANY INC.,PA,visa,debit
447662,00-99,PROCREDIT BANK SH.A.,AL,visa,debit
447663,00-99,STANDARD CHARTERED BANK KENYA LTD.,KE,visa,credit
447664,00-99,WEBBANK,US,visa,debit
447665,00-99,FINANCIAL PLUS CREDIT UNION,US,visa,debit
447666,00-99,HOME CREDIT BANK JSC,KZ,visa,debit
447667,00-99,WIDGET FEDERAL CREDIT UNION,US,visa,credit
447668,00-99,COMMUNITY BANK N.A.,US,visa,debit
447669,00-99,TEXAS DOW EMPLOYEES CREDIT UNION,US,visa,debit
447670,00-99,WELLS FARGO BANK N.A.,US,visa,debit
447671,00-99,WELLS FARGO BANK N.A.,US,visa,credit
447672,00-99,HUGHES FEDERAL CREDIT UNION,US,visa,debit
447673,00-99,ORGANIZED LABOR CREDIT UNION,US,visa,debit
447674,00-99,PINELLAS FEDERAL CREDIT UNION,US,visa,debit
447675,00-99,KEYBANK N.A.,US,visa,debit
447676,00-99,WELLS FARGO BANK N.A.,US,visa,debit
447677,00-99,U.S. BANK N.A.,US,visa,debit
447678,00-99,MUNICIPAL TRUST AND SAVINGS BANK,US,visa,debit
447679,00-99,MCKESSON & HEALTHCARE PROVIDERS FEDERAL CREDIT UNION,US,visa,debit
447680,00-99,HOMESTREET BANK,US,visa,debit
447681,00-99,WHEATON BANK AND TRUST,US,visa,debit
447682,00-99,ANCHOR BANK,US,visa,debit
447683,00-99,WELLS FARGO BANK N.A.,US,visa,debit
447684,00-99,WELLS FARGO BANK N.A.,US,visa,debit
447685,00-99,AFFINITY BANK,US,visa,debit
447686,00-99,RIVERSIDE BANK,US,visa,credit
447687,00-99,WELLS FARGO BANK N.A.,US,visa,debit
447688,00-99,COMMUNITY BANK NATIONAL ASSOCIATION,US,visa,debit
447689,00-99,FINANCIAL PLUS CREDIT UNION,US,visa,debit
447690,00-99,CARDX CO LTD.,TH,visa,credit
447691,00-99,WELLS FARGO BANK N.A.,US,visa,debit
447692,00-99,THE HONGKONG AND SHANGHAI BANKING CORPORATION LTD.,IN,visa,credit
447693,00-99,THE HOPETON STATE BANK,US,visa,debit
447694,00-99,,US,visa,credit
447695,00-99,,US,visa,credit
447696,00-99,,US,visa,credit
447697,00-99,FIRST NATIONAL BANK AND TRUST COMPANY OF JUNCTION CITY KANSAS,US,visa,debit
447698,00-99,SUNFLOWER BANK NATIONAL ASSOCIATION,US,visa,debit
447699,00-99,STANDARD CHARTERED BANK (HONG KONG) LTD.,CN,visa,credit
447700,00-99,PEOPLE'S UNITED BANK,US,visa,credit
447701,00-99,ILLINOIS EDUCATORS CREDIT UNION,US,visa,credit
447702,00-99,TCM BANK N.A.,US,visa,credit
447703,00-99,BC CARD COMPANY LTD.,KR,visa,debit
447704,00-99,JOINT-STOCK HALYK SAVINGS BANK OF KAZAKHSTAN,KZ,visa,debit
447705,00-99,JOINT-STOCK HALYK SAVINGS BANK OF KAZAKHSTAN,KZ,visa,debit
447706,00-99,JOINT-STOCK HALYK SAVINGS BANK OF KAZAKHSTAN,KZ,visa,debit
447707,00-99,ARTISANS' BANK,US,visa,debit
447708,00-99,PNC FINANCIAL SERVICES GROUP INC.,US,visa,debit
447709,00-99,FULTON BANK,US,visa,credit
447710,00-99,FIRST PEOPLES COMMUNITY FEDERAL CREDIT UNION,US,visa,debit
447711,00-99,BANKERS' BANK,US,visa,debit
447712,00-99,FINANCIAL RESOURCES FEDERAL CREDIT UNION,US,visa,credit
447713,00-99,ALL ONE CREDIT UNION,US,visa,debit
447714,00-99,THE HUNTINGTON NATIONAL BANK,US,visa,debit
447715,00-99,FIFTH THIRD BANK,US,visa,debit
447716,00-99,M&T BANK,US,visa,credit
447717,00-99,CAPITAL ONE BANK (USA) N.A.,US,visa,credit
447718,00-99,CAPITAL ONE BANK (USA) N.A.,US,visa,credit
447719,00-99,NEW JERSEY COMMUNITY FEDERAL CREDIT UNION,US,visa,debit
447720,00-99,ALCOA PITTSBURGH FEDERAL CREDIT UNION,US,visa,debit
447721,00-99,,US,visa,credit
447722,00-99,FIRST BANK,US,visa,debit
447723,00-99,COMMUNITY CHOICE CREDIT UNION,US,visa,debit
447724,00-99,TAUNTON FEDERAL CREDIT UNION,US,visa,debit
447725,00-99,SIU CREDIT UNION,US,visa,debit
447726,00-99,TEXAS FIRST BANK,US,visa,debit
447727,00-99,WSSC FEDERAL CREDIT UNION,US,visa,debit
447728,00-99,THE MURRAY BANK,US,visa,debit
447729,00-99,COMMUNITY BANK NATIONAL ASSOCIATION,US,visa,debit
447730,00-99,WAYNE COUNTY FEDERAL CREDIT UNION,US,visa,credit
447731,00-99,TD BANK N.A.,US,visa,credit
447732,00-99,EASTERN BANK,US,visa,debit
447733,00-99,WESBANCO BANK INC.,US,visa,debit
447734,00-99,NEIGHBORS UNITED FEDERAL CREDIT UNION,US,visa,debit
447735,00-99,FIRST MIDWEST BANK,US,visa,debit
447736,00-99,CREDIT AGRICOLE BANK POLSKA S.A.,PL,visa,credit
447737,00-99,U.S. BANK N.A.,US,visa,debit
447738,00-99,VERMONT STATE BANK,US,visa,debit
447739,00-99,COMMUNITY BANK N.A.,US,visa,debit
447740,00-99,ORANGEVILLE COMMUNITY BANK,US,visa,debit
447741,00-99,,US,visa,credit
447742,00-99,CITIBANK SINGAPORE LTD.,SG,visa,credit
447743,00-99,,IN,visa,debit
447744,00-99,HERITAGE BANK,US,visa,debit
447745,00-99,FARM BUREAU BANK FSB,US,visa,debit
447746,00-99,ICICI BANK LTD.,IN,visa,credit
447747,00-99,ICICI,IN,visa,credit
447748,00-99,VAHO FOREX PVT. LTD.,IN,visa,debit
447749,00-99,CHARTER WEST BANK,US,visa,debit
447750,00-99,,US,visa,credit
447751,00-99,DOCK INSTITUICAO DE PAGAMENTO S.A.,BR,visa,debit
447752,00-99,CREDIT AGRICOLE,PL,visa,credit
447753,00-99,NUSENDA FEDERAL CREDIT UNION,US,visa,credit
447754,00-99,THE LIBERTY NATIONAL BANK IN PARIS,US,visa,debit
447755,00-99,SAN MATEO CREDIT UNION,US,visa,debit
447756,00-99,BANK SINOPAC,TW,visa,credit
447757,00-99,CTBC BANK CO. LTD.,TW,visa,debit
447758,00-99,ICICI BANK LTD.,IN,visa,credit
447759,00-99,FORT SILL FEDERAL CREDIT UNION,US,visa,credit
447760,00-99,TBK BANK,US,visa,debit
447761,00-99,,US,visa,credit
447762,00-99,BANK OF AMERICA NATIONAL ASSOCIATION,US,visa,credit
447763,00-99,MERITRUST FEDERAL CREDIT UNION,US,visa,credit
447764,00-99,PUBLIC BANK BERHAD,MY,visa,debit
447765,00-99,REVOLUT SOCIEDADE DE CREDITO DIRETO S.A.,BR,visa,debit
447766,00-99,NW PREFERRED FEDERAL CREDIT UNION,US,visa,debit
447767,00-99,ARDENT FEDERAL CREDIT UNION,US,visa,debit
447768,00-99,CREDIT LIBANAIS S.A.L.,LB,visa,debit
447769,00-99,CREDOMATIC DE HONDURAS S.A.,HN,visa,credit
447770,00-99,NATIONAL BANK OF KENYA LTD.,KE,visa,debit
447771,00-99,CREDOMATIC DE HONDURAS S.A.,HN,visa,credit
447772,00-99,U.S. BANK N.A.,US,visa,debit
447773,00-99,CREDOMATIC DE HONDURAS S.A.,HN,visa,debit
447774,00-99,NBH BANK,US,visa,debit
447775,00-99,BEACON FEDERAL CREDIT UNION,US,visa,debit
447776,00-99,ICBA BANCARD INC.,US,visa,debit
447777,00-99,MADISON VALLEY BANK,US,visa,debit
447778,00-99,PEOPLES STATE BANK OF VELVA,US,visa,debit
447779,00-99,UNION BANK OF THE PHILIPPINES,PH,visa,credit
447780,00-99,IFIC BANK PLC,BD,visa,debit
447781,00-99,JEONBUK BANK,KR,visa,debit
447782,00-99,MEDIA CITY CREDIT UNION,US,visa,debit
447783,00-99,FLATWATER BANK,US,visa,debit
447784,00-99,,US,visa,debit
447785,00-99,SAFE 1 CREDIT UNION,US,visa,debit
447786,00-99,BEEHIVE FEDERAL CREDIT UNION,US,visa,debit
447787,00-99,CREDIT UNION OF SOUTHERN CALIFORNIA,US,visa,debit
447788,00-99,NORTH BAY CREDIT UNION,US,visa,debit
447789,00-99,SESLOC CREDIT UNION,US,visa,debit
447790,00-99,IQ CREDIT UNION,US,visa,debit
447791,00-99,,US,visa,debit
447792,00-99,VIDA FEDERAL CREDIT UNION,US,visa,debit
447793,00-99,VALLEY STRONG CREDIT UNION,US,visa,debit
447794,00-99,,US,visa,debit
447795,00-99,,US,visa,debit
447796,00-99,SELF-HELP FEDERAL CREDIT UNION,US,visa,debit
447797,00-99,,US,visa,debit
447798,00-99,,US,visa,debit
447799,00-99,OE FEDERAL CREDIT UNION,US,visa,debit
447800,00-99,LCNB NATIONAL BANK,US,visa,credit
447801,00-99,COUNTY SCHOOLS FEDERAL CREDIT UNION,US,visa,debit
447802,00-99,TREMONT CREDIT UNION,US,visa,debit
447803,00-99,KOMERCIJALNA BANKA A.D. SKOPJE,MK,visa,credit
447804,00-99,KOMERCIJALNA BANKA A.D. SKOPJE,MK,visa,credit
447805,00-99,KOMERCIJALNA BANKA A.D. SKOPJE,MK,visa,credit
447806,00-99,KOMERCIJALNA BANKA A.D. SKOPJE,MK,visa,credit
447807,00-99,KOMERCIJALNA BANKA A.D. SKOPJE,MK,visa,debit
447808,00-99,KOMERCIJALNA BANKA A.D. SKOPJE,MK,visa,debit
447809,00-99,KOMERCIJALNA BANKA A.D. SKOPJE,MK,visa,debit
447810,00-99,SOUTH BEND FIREFIGHTERS FEDERAL CREDIT UNION,US,visa,debit
447811,00-99,FIBRE FEDERAL CREDIT UNION,US,visa,debit
447812,00-99,CATHOLIC & COMMUNITY CREDIT UNION,US,visa,debit
447813,00-99,C. HOARE & CO.,GB,visa,debit
447814,00-99,AHLI UNITED BANK (UK) PLC,GB,visa,credit
447815,00-99,EQUITY BANK LTD.,KE,visa,debit
447816,00-99,EQUITY BANK LTD.,KE,visa,debit
447817,00-99,PUBLIC JOINT STOCK COMPANY PROMSVYAZBANK,RU,visa,credit
447818,00-99,PUBLIC JOINT STOCK COMPANY PROMSVYAZBANK,RU,visa,credit
447819,00-99,KYRGYZKOMMERTSBANK OJSC,KG,visa,credit
447820,00-99,WOORI CARD CO. LTD.,KR,visa,debit
447821,00-99,BELCO COMMUNITY CREDIT UNION,US,visa,debit
447822,00-99,U.S. BANK N.A.,US,visa,credit
447823,00-99,BANCORP BANK,US,visa,credit
447824,00-99,PUBLIC JOINT STOCK COMPANY PROMSVYAZBANK,RU,visa,debit
447825,00-99,NBH BANK,US,visa,debit
447826,00-99,THE FIRST NATIONAL BANK IN TREMONT,US,visa,debit
447827,00-99,COLUMBIA BANK,US,visa,debit
447828,00-99,WELLS FARGO BANK N.A.,US,visa,credit
447829,00-99,AMERICAN TRUST AND SAVINGS BANK,US,visa,debit
447830,00-99,PUBLIC COMPANY ERSTE BANK,UA,visa,credit
447831,00-99,JSC UKRAINIAN CAPITAL BANK,UA,visa,credit
447832,00-99,PUBLIC COMPANY ERSTE BANK,UA,visa,debit
447833,00-99,PUBLIC COMPANY ERSTE BANK,UA,visa,debit
447834,00-99,PRVA BANKA CG A.D. - FOUNDED IN 1901,ME,visa,credit
447835,00-99,PRVA BANKA CG A.D. - FOUNDED IN 1901,ME,visa,credit
447836,00-99,PRVA BANKA CG A.D. - FOUNDED IN 1901,ME,visa,credit
447837,00-99,PRVA BANKA CG A.D. - FOUNDED IN 1901,ME,visa,debit
447838,00-99,PRVA BANKA CG A.D. - FOUNDED IN 1901,ME,visa,debit
447839,00-99,BANK POLSKA KASA OPIEKI S.A. (BANK PEKAO SA),PL,visa,debit
447840,00-99,BANK POLSKA KASA OPIEKI S.A. (BANK PEKAO SA),PL,visa,debit
447841,00-99,BANK POLSKA KASA OPIEKI S.A. (BANK PEKAO SA),PL,visa,debit
447842,00-99,BANCO SOL S.A.R.L.,AO,visa,credit
447843,00-99,BANCO SOL S.A.R.L.,AO,visa,debit
447844,00-99,,US,visa,credit
447845,00-99,,US,visa,credit
447846,00-99,CORIS BANK INTERNATIONAL TCHAD (CBI TD),TD,visa,debit
447847,00-99,SOCIETE GENERALE TCHADIENNE DE BANQUE (SGTB),TD,visa,debit
447848,00-99,JSCB TURON,UZ,visa,debit
447849,00-99,JSCB TURON,UZ,visa,debit
447850,00-99,JSCB HAMKORBANK,UZ,visa,credit
447851,00-99,JSCB TURON,UZ,visa,debit
447852,00-99,ROYAL BANK OF BAKU JCB,AZ,visa,credit
447853,00-99,ROYAL BANK OF BAKU JCB,AZ,visa,credit
447854,00-99,ROYAL BANK OF BAKU JCB,AZ,visa,debit
447855,00-99,AZERBAIJAN INDUSTRY BANK OSC,AZ,visa,credit
447856,00-99,AZERBAIJAN INDUSTRY BANK OSC,AZ,visa,credit
447857,00-99,AZERBAIJAN INDUSTRY BANK OSC,AZ,visa,debit
447858,00-99,AZERBAIJAN INDUSTRY BANK OSC,AZ,visa,debit
447859,00-99,ARAB BANK PLC,EG,visa,debit
447860,00-99,ALABAMA CREDIT UNION,US,visa,debit
447861,00-99,ALABAMA CREDIT UNION,US,visa,debit
447862,00-99,LINEAGE BANK,US,visa,debit
447863,00-99,WELLS FARGO BANK N.A.,US,visa,debit
447864,00-99,ULSTER SAVINGS BANK,US,visa,debit
447865,00-99,,US,visa,credit
447866,00-99,WOORI AMERICA BANK,US,visa,debit
447867,00-99,WELLS FARGO BANK N.A.,US,visa,debit
447868,00-99,,US,visa,credit
447869,00-99,STOPANSKA BANKA A.D. BITOLA,MK,visa,credit
447870,00-99,STOPANSKA BANKA A.D. BITOLA,MK,visa,credit
447871,00-99,STOPANSKA BANKA A.D. BITOLA,MK,visa,debit
447872,00-99,STOPANSKA BANKA A.D. BITOLA,MK,visa,debit
447873,00-99,STOPANSKA BANKA A.D. BITOLA,MK,visa,debit
447874,00-99,STOPANSKA BANKA A.D. BITOLA,MD,visa,debit
447875,00-99,HEALTHCARE FINANCIAL FEDERAL CREDIT UNION,US,visa,credit
447876,00-99,WATERTOWN SAVINGS BANK,US,visa,debit
447877,00-99,SAMBA FINANCIAL GROUP,AE,visa,credit
447878,00-99,SAMBA FINANCIAL GROUP,AE,visa,credit
447879,00-99,SAMBA FINANCIAL GROUP,AE,visa,credit
447880,00-99,THE BANK IBA-MOSCOW LLC,RU,visa,debit
447881,00-99,THE BANK IBA-MOSCOW LLC,RU,visa,debit
447882,00-99,VISECA PAYMENT SERVICES SA,CH,visa,credit
447883,00-99,VISECA PAYMENT SERVICES SA,CH,visa,credit
447884,00-99,,US,visa,credit
447885,00-99,,US,visa,credit
447886,00-99,BANCO DE NEGOCIOS INTERNACIONAL S.A. (BNI),AO,visa,credit
447887,00-99,BANCO DE NEGOCIOS INTERNACIONAL S.A. (BNI),AO,visa,credit
447888,00-99,BANCO DE NEGOCIOS INTERNACIONAL S.A. (BNI),AO,visa,debit
447889,00-99,BANCO DE LOJA S.A.,EC,visa,credit
447890,00-99,BANCO PICHINCHA C.A.,EC,visa,credit
447891,00-99,PUBLIC COMPANY ERSTE BANK,UA,visa,debit
447892,00-99,PUBLIC COMPANY ERSTE BANK,UA,visa,debit
447893,00-99,PIRAEUS BANK ROMANIA,RO,visa,debit
447894,00-99,GERMAN AMERICAN BANK,US,visa,debit
447895,00-99,EVERBANK NATIONAL ASSOCIATION,US,visa,debit
447896,00-99,WHATCOM EDUCATIONAL CREDIT UNION,US,visa,credit
447897,00-99,SOUTHERN ENERGY CREDIT UNION,US,visa,debit
447898,00-99,STATE BANK FINANCIAL,US,visa,debit
447899,00-99,FLEUR-DE-LIS FEDERAL CREDIT UNION,US,visa,debit
447900,00-99,SERVICE 1ST FEDERAL CREDIT UNION,US,visa,debit
447901,00-99,VERUS BANK OF COMMERCE,US,visa,debit
447902,00-99,INDO-ZAMBIA BANK LTD.,ZM,visa,debit
447903,00-99,INNOVATIONS FINANCIAL CREDIT UNION,US,visa,credit
447904,00-99,SUNWEST EDUCATIONAL CREDIT UNION,US,visa,debit
447905,00-99,SUTTON BANK,US,visa,debit
447906,00-99,UPPER PENINSULA STATE BANK,US,visa,debit
447907,00-99,JS FINANCE AND TRADE BANK,MD,visa,debit
447908,00-99,FOX VALLEY CREDIT UNION,US,visa,debit
447909,00-99,TCF BANK,US,visa,credit
447910,00-99,FINANCIAL PARTNERS CREDIT UNION,US,visa,debit
447911,00-99,T AND I CREDIT UNION,US,visa,credit
447912,00-99,BAY FEDERAL CREDIT UNION,US,visa,debit
447913,00-99,THE BANCORP BANK NATIONAL ASSOCIATION,US,visa,debit
447914,00-99,PATHWARD N.A.,US,visa,debit
447915,00-99,BARCLAYS BANK DELAWARE,US,visa,credit
447916,00-99,TCF BANK,US,visa,credit
447917,00-99,PNC FINANCIAL SERVICES GROUP INC.,US,visa,credit
447918,00-99,PNC FINANCIAL SERVICES GROUP INC.,US,visa,debit
447919,00-99,VIRGINIA EDUCATORS' CREDIT UNION,US,visa,credit
447920,00-99,BA MERCHANT SERVICES INC.,US,visa,credit
447921,00-99,LINKBANK,US,visa,credit
447922,00-99,LINKBANK,US,visa,credit
447923,00-99,FIRST FINANCIAL BANK NATIONAL ASSOCIATION,US,visa,debit
447924,00-99,1ST COMMUNITY CREDIT UNION,US,visa,credit
447925,00-99,LOYOLA UNIVERSITY EMPLOYEES FEDERAL CREDIT UNION,US,visa,credit
447926,00-99,KEYSTONE BANK LTD.,NG,visa,debit
447927,00-99,DECATUR EARTHMOVER CREDIT UNION,US,visa,debit
447928,00-99,DECATUR EARTHMOVER CREDIT UNION,US,visa,debit
447929,00-99,TOWN OF CHEEKTOWAGA FEDERAL CREDIT UNION,US,visa,debit
447930,00-99,BANCO PROMERICA DE COSTA RICA S.A.,CR,visa,debit
447931,00-99,BANCO PROMERICA S.A.,GT,visa,credit
447932,00-99,ROYAL BANK OF CANADA,CA,visa,credit
447933,00-99,FIRST SOUTH BANK,US,visa,debit
447934,00-99,,US,visa,credit
447935,00-99,PNC FINANCIAL SERVICES GROUP INC.,US,visa,debit
447936,00-99,BUSEY BANK,US,visa,debit
447937,00-99,ARMCO CREDIT UNION,US,visa,debit
447938,00-99,ILLINOIS STATE CREDIT UNION,US,visa,debit
447939,00-99,SERVICE CREDIT UNION,US,visa,debit
447940,00-99,PARTNERSHIP FINANCIAL CREDIT UNION,US,visa,credit
447941,00-99,JPMORGAN CHASE BANK N.A.,US,visa,credit
447942,00-99,JPMORGAN CHASE BANK N.A.,US,visa,credit
447943,00-99,JPMORGAN CHASE BANK N.A.,US,visa,credit
447944,00-99,MEMBERS SOURCE CREDIT UNION,US,visa,debit
447945,00-99,EVO BANCO S.A.,ES,visa,credit
447946,00-99,UAB B4B PAYMENTS EUROPE,ES,visa,debit
447947,00-99,JPMORGAN CHASE BANK N.A.,US,visa,credit
447948,00-99,JPMORGAN CHASE BANK N.A.,US,visa,credit
447949,00-99,SERVICE ONE CREDIT UNION INC.,US,visa,credit
447950,00-99,PEOPLES COMMUNITY BANK,US,visa,debit
447951,00-99,CITIZENS DEPOSIT BANK AND TRUST,US,visa,debit
447952,00-99,PEOPLE'S ALLIANCE FEDERAL CREDIT UNION,US,visa,debit
447953,00-99,BANK OF LANCASTER COUNTY N.A.,US,visa,debit
447954,00-99,WILMINGTON SAVINGS FUND SOCIETY FSB,US,visa,debit
447955,00-99,FRIENDLY FEDERAL CREDIT UNION,US,visa,debit
447956,00-99,SERVICE CREDIT UNION,US,visa,credit
447957,00-99,FIRST NATIONAL BANK OF OMAHA,US,visa,debit
447958,00-99,WE FLORIDA FINANCIAL,US,visa,debit
447959,00-99,THE BANCORP BANK NATIONAL ASSOCIATION,US,visa,debit
447960,00-99,WHEAT STATE CREDIT UNION,US,visa,credit
447961,00-99,VALLEY BANK OF KALISPELL,US,visa,debit
447962,00-99,WILSON & MUIR BANK & TRUST COMPANY,US,visa,credit
447963,00-99,VERMILLION STATE BANK,US,visa,debit
447964,00-99,THE FIRST NATIONAL BANK OF MCCONNELSVILLE,US,visa,credit
447965,00-99,UNITED NATIONAL BANK,US,visa,debit
447966,00-99,UNION BANK AND TRUST COMPANY,US,visa,credit
447967,00-99,THE FIRST CITIZENS NATIONAL BANK OF UPPER SANDUSKY,US,visa,debit
447968,00-99,FIRST CITIZENS NATIONAL BANK,US,visa,debit
447969,00-99,PNC FINANCIAL SERVICES GROUP INC.,US,visa,debit
447970,00-99,,US,visa,debit
447971,00-99,TCF BANK,US,visa,debit
447972,00-99,TCF BANK,US,visa,debit
447973,00-99,TCF BANK,US,visa,debit
447974,00-99,JUSTICE FEDERAL CREDIT UNION,US,visa,debit
447975,00-99,GRUPO MUTUAL ALAJUELA - LA VIVIENDA DE AHORRO Y PRESTAMO,CR,visa,credit
447976,00-99,JUSTICE FEDERAL CREDIT UNION,US,visa,debit
447977,00-99,TCF BANK,US,visa,credit
447978,00-99,LAKE SUNAPEE BANK F.S.B.,US,visa,debit
447979,00-99,FIRST COMMONWEALTH FEDERAL CREDIT UNION,US,visa,debit
447980,00-99,INFIRST BANK,US,visa,debit
447981,00-99,EAGLE BANK,US,visa,debit
447982,00-99,SYNCHRONY BANK,US,visa,credit
447983,00-99,WELLS FARGO BANK N.A.,US,visa,debit
447984,00-99,FIRST FINANCIAL BANK,US,visa,credit
447985,00-99,SOUTH STATE BANK,US,visa,credit
447986,00-99,BRANCH BANKING AND TRUST COMPANY,US,visa,debit
447987,00-99,PARK NATIONAL BANK,US,visa,debit
447988,00-99,BANK OF AMERICA NATIONAL ASSOCIATION,US,visa,debit
447989,00-99,WESBANCO BANK INC.,US,visa,debit
447990,00-99,WELLS FARGO BANK N.A.,US,visa,debit
447991,00-99,CAPITOL BANK,US,visa,debit
447992,00-99,CARD SERVICES FOR CREDIT UNIONS,US,visa,debit
447993,00-99,SYNCHRONY BANK,US,visa,credit
447994,00-99,SYNCHRONY BANK,US,visa,credit
447995,00-99,SYNCHRONY BANK,US,visa,credit
447996,00-99,PINNACLE BANK,US,visa,credit
447997,00-99,PINNACLE BANK,US,visa,credit
447998,00-99,COMPUTER SERVICES INC.,US,visa,debit
447999,00-99,SARCO FEDERAL CREDIT UNION,US,visa,debit
448000,00-99,GREAT LAKES CREDIT UNION INC.,US,visa,debit
448001,00-99,FRANKLIN STATE BANK,US,visa,debit
448002,00-99,LINCOLN STATE BANK,US,visa,debit
448003,00-99,LINCOLN STATE BANK,US,visa,debit
448004,00-99,PROVIDENCE BANK & TRUST,US,visa,debit
448005,00-99,UNITED COMMUNITY BANK,US,visa,debit
448006,00-99,FARMERS STATE BANK,US,visa,debit
448007,00-99,WELLS FARGO BANK N.A.,US,visa,debit
448008,00-99,FIRSTRAND BANK LTD.,ZA,visa,credit
448009,00-99,GUARDIAN CREDIT UNION,US,visa,debit
448010,00-99,AMERICAN BANK N.A.,US,visa,credit
448011,00-99,AMERICAN ALLIANCE BANK,US,visa,debit
448012,00-99,AMERICAN BANK N.A.,US,visa,credit
448013,00-99,RBC ROYAL BANK N.V.,CW,visa,debit
448014,00-99,BRANCH BANKING AND TRUST COMPANY,US,visa,debit
448015,00-99,ADVANTAGE CREDIT UNION,US,visa,debit
448016,00-99,THE BANK OF MISSOURI,US,visa,debit
448017,00-99,FIRST COMMUNITY BANK,US,visa,debit
448018,00-99,LIVINGSTON STATE BANK,US,visa,debit
448019,00-99,ABINGTON BANK,US,visa,debit
448020,00-99,BMO HARRIS BANK N.A.,US,visa,credit
448021,00-99,PORTAGE COUNTY BANK,US,visa,debit
448022,00-99,UNISON CREDIT UNION,US,visa,debit
448023,00-99,BMO HARRIS BANK N.A.,US,visa,debit
448024,00-99,NORTH SHORE BANK F.S.B.,US,visa,debit
448025,00-99,BMO HARRIS BANK N.A.,US,visa,credit
448026,00-99,PREMIERBANK,US,visa,debit
448027,00-99,GUARANTY BANK,US,visa,debit
448028,00-99,SUTTON BANK,US,visa,debit
448029,00-99,BANK OF PRAIRIE DU SAC,US,visa,debit
448030,00-99,MVB BANK INC,US,visa,debit
448031,00-99,CASS COMMERCIAL BANK,US,visa,debit
448032,00-99,TRUE COMMUNITY CREDIT UNION,US,visa,debit
448033,00-99,,US,visa,debit
448034,00-99,COVANTAGE CREDIT UNION,US,visa,debit
448035,00-99,CARSON BANK,US,visa,debit
448036,00-99,STATE BANK OF CROSS PLAINS,US,visa,debit
448037,00-99,AMCORE BANK N.A.,US,visa,debit
448038,00-99,OSHKOSH COMMUNITY CREDIT UNION,US,visa,debit
448039,00-99,FIRST SOUTHERN BANK,US,visa,debit
448040,00-99,THE FIRST NATIONAL BANK OF MOUNT DORA,US,visa,debit
448041,00-99,HOME SAVINGS BANK,US,visa,debit
448042,00-99,SUTTON BANK,US,visa,debit
448043,00-99,SUTTON BANK,US,visa,debit
448044,00-99,THE FARMERS STATE BANK OF WAUPACA,US,visa,debit
448045,00-99,IDB BANK,US,visa,debit
448046,00-99,RBC BANK (USA),US,visa,debit
448047,00-99,,US,visa,debit
448048,00-99,WAUKESHA STATE BANK,US,visa,debit
448049,00-99,FIRST NATIONAL BANK AND TRUST COMPANY,US,visa,debit
448050,00-99,,US,visa,credit
448051,00-99,BROKAW CREDIT UNION,US,visa,debit
448052,00-99,STATE BANK FINANCIAL,US,visa,credit
448053,00-99,THE PORT WASHINGTON STATE BANK,US,visa,debit
448054,00-99,POPULAR BANK,US,visa,debit
448055,00-99,WESTBY CO-OP CREDIT UNION,US,visa,debit
448056,00-99,ALPINE BANK,US,visa,debit
448057,00-99,U.S. BANK N.A.,US,visa,credit
448058,00-99,FIRST INTERSTATE BANK,US,visa,debit
448059,00-99,AURORA FEDERAL CREDIT UNION,US,visa,debit
448060,00-99,ZA BANK LTD.,HK,visa,debit
448061,00-99,POST OFFICE CREDIT UNION,US,visa,debit
448062,00-99,EDUCATORS CREDIT UNION,US,visa,debit
448063,00-99,MEADOWLAND CREDIT UNION,US,visa,debit
448064,00-99,SOUTH STATE BANK,US,visa,debit
448065,00-99,ORANGE BANK &TRUST COMPANY,US,visa,debit
448066,00-99,MUNICIPAL CREDIT UNION,US,visa,debit
448067,00-99,ITAU UNIBANCO HOLDING S.A.,BR,visa,credit
448068,00-99,BANK OF CASHTON,US,visa,debit
448069,00-99,EDUCATORS CREDIT UNION,US,visa,debit
448070,00-99,IMPACT BANK,US,visa,debit
448071,00-99,PARK CITY CREDIT UNION,US,visa,debit
448072,00-99,BANK OF AMERICA NATIONAL ASSOCIATION,US,visa,credit
448073,00-99,FIRST NATIONAL BANK OF PASCO,US,visa,credit
448074,00-99,LAKE MICHIGAN CREDIT UNION,US,visa,debit
448075,00-99,SUTTON BANK,US,visa,debit
448076,00-99,,US,visa,debit
448077,00-99,COLONIAL BANK,US,visa,credit
448078,00-99,FIRST SERVICE CREDIT UNION,US,visa,debit
448079,00-99,EASTERN BANK,US,visa,debit
448080,00-99,NORTH SHORE COMMUNITY BANK AND TRUST COMPANY,US,visa,debit
448081,00-99,HINSDALE BANK AND TRUST COMPANY,US,visa,debit
448082,00-99,LAKE FOREST BANK AND TRUST COMPANY,US,visa,debit
448083,00-99,LIBERTYVILLE BANK AND TRUST COMPANY,US,visa,debit
448084,00-99,BLACK EARTH STATE BANK,US,visa,debit
448085,00-99,ASSOCIATED BANK N.A.,US,visa,debit
448086,00-99,CONNEXUS CREDIT UNION,US,visa,debit
448087,00-99,,US,visa,debit
448088,00-99,BLACKHAWK STATE BANK,US,visa,debit
448089,00-99,CORNERSTONE COMMUNITY BANK,US,visa,debit
448090,00-99,SIMPLICITY CREDIT UNION,US,visa,debit
448091,00-99,PEOPLES BANK,US,visa,debit
448092,00-99,UNION NATIONAL BANK AND TRUST COMPANY,US,visa,debit
448093,00-99,BRANCH BANKING AND TRUST COMPANY,US,visa,debit
448094,00-99,BRANCH BANKING AND TRUST COMPANY,US,visa,debit
448095,00-99,SAN DIEGO COUNTY CREDIT UNION,US,visa,debit
448096,00-99,SAN DIEGO COUNTY CREDIT UNION,US,visa,debit
448097,00-99,BRANCH BANKING AND TRUST COMPANY,US,visa,debit
448098,00-99,BRANCH BANKING AND TRUST COMPANY,US,visa,debit
448099,00-99,BADGER BANK,US,visa,debit
448100,00-99,KINKI SHINKIN CARD COMPANY LTD.,JP,visa,credit
448101,00-99,FORT WORTH CITY CREDIT UNION,US,visa,debit
448102,00-99,U.S. REGION,US,visa,credit
448103,00-99,WOORI CARD CO. LTD.,KR,visa,credit
448104,00-99,NUSENDA FEDERAL CREDIT UNION,US,visa,credit
448105,00-99,BANCO SOFISA S.A.,BR,visa,debit
448106,00-99,WOORI CARD CO. LTD.,KR,visa,credit
448107,00-99,DAYSPRING BANK,US,visa,debit
448108,00-99,HYUNDAI CARD COMPANY LTD.,KR,visa,credit
448109,00-99,,US,visa,credit
448110,00-99,MOUNTAIN AMERICA CREDIT UNION,US,visa,credit
448111,00-99,BC CARD COMPANY LTD.,KR,visa,debit
448112,00-99,BC CARD COMPANY LTD.,KR,visa,debit
448113,00-99,BC CARD CO. LTD.,KR,visa,debit
448114,00-99,GAIN FEDERAL CREDIT UNION,US,visa,credit
448115,00-99,THE FAMILY FIRST FEDERAL CREDIT UNION,US,visa,credit
448116,00-99,THE FAHEY BANKING COMPANY,US,visa,debit
448117,00-99,MUTUAL FEDERAL CREDIT UNION,US,visa,debit
448118,00-99,INNOVATIONS FINANCIAL CREDIT UNION,US,visa,debit
448119,00-99,THE FIDELITY BANK,US,visa,debit
448120,00-99,THE BRIDGEWAY FEDERAL CREDIT UNION,US,visa,credit
448121,00-99,WOORI CARD CO. LTD.,KR,visa,debit
448122,00-99,WOORI CARD CO. LTD.,KR,visa,credit
448123,00-99,BC CARD COMPANY LTD.,KR,visa,debit
448124,00-99,WOORI CARD CO. LTD.,KR,visa,credit
448125,00-99,BC CARD COMPANY LTD.,KR,visa,debit
448126,00-99,BANK OF AMERICA NATIONAL ASSOCIATION,US,visa,debit
448127,00-99,BC CARD COMPANY LTD.,KR,visa,debit
448128,00-99,BC CARD CO. LTD.,KR,visa,debit
448129,00-99,WELLS FARGO BANK N.A.,US,visa,debit
448130,00-99,CHINATRUST COMMERCIAL BANK,TW,visa,credit
448131,00-99,BC CARD,KR,visa,debit
448132,00-99,BC CARD CO. LTD.,KR,visa,debit
448133,00-99,WOORI CARD CO. LTD.,KR,visa,debit
448134,00-99,WELLS FARGO BANK N.A.,US,visa,debit
448135,00-99,ONE AMERICAN BANK,US,visa,debit
448136,00-99,ONE SOUTH FEDERAL CREDIT UNION,US,visa,debit
448137,00-99,SUNRATE PTE LTD.,SG,visa,debit
448138,00-99,HSBC BANK (TAIWAN) LTD.,TW,visa,credit
448139,00-99,HYUNDAI CARD COMPANY LTD.,KR,visa,credit
448140,00-99,METABANK,US,visa,debit
448141,00-99,BANK OF AMERICA NATIONAL ASSOCIATION,US,visa,debit
448142,00-99,JPMORGAN CHASE BANK N.A. - DEBIT,US,visa,debit
448143,00-99,BANK OF AMERICA NATIONAL ASSOCIATION,US,visa,debit
448144,00-99,WELLS FARGO BANK N.A.,US,visa,debit
448145,00-99,WELLS FARGO BANK N.A.,US,visa,debit
448146,00-99,RICHMOND HERITAGE FEDERAL CREDIT UNION,US,visa,debit
448147,00-99,KIRKWOOD BANK & TRUST CO.,US,visa,debit
448148,00-99,WELLS FARGO BANK N.A.,US,visa,debit
448149,00-99,WELLS FARGO BANK N.A.,US,visa,debit
448150,00-99,SYNERGY BANK,US,visa,debit
448151,00-99,CREDITO S.A.,NI,visa,credit
448152,00-99,POMELO INSTITUICAO DE PAGAMENTO LTDA,BR,visa,credit
448153,00-99,CARD SERVICES FOR CREDIT UNIONS,US,visa,credit
448154,00-99,RESOURCE ONE CREDIT UNION,US,visa,debit
448155,00-99,,US,visa,debit
448156,00-99,SUNRISE BANKS NATIONAL ASSOCIATION,US,visa,debit
448157,00-99,ETMA FEDERAL CREDIT UNION,US,visa,debit
448158,00-99,FIRST FEDERAL CREDIT UNION,US,visa,debit
448159,00-99,DAYSPRING BANK,US,visa,debit
448160,00-99,BC CARD CO. LTD.,KR,visa,debit
448161,00-99,BC CARD CO. LTD.,KR,visa,debit
448162,00-99,BANCO SANTANDER S.A.,UY,visa,credit
448163,00-99,BANCO SANTANDER SOCIEDAD ANONIMA,UY,visa,credit
448164,00-99,BANCO SANTANDER S.A.,UY,visa,credit
448165,00-99,BANCO DE CREDITO E INVERSIONES,CL,visa,credit
448166,00-99,BANK OF THE OZARKS,US,visa,credit
448167,00-99,BANK OF THE OZARKS,US,visa,credit
448168,00-99,HYUNDAICARD CO. LTD.,KR,visa,credit
448169,00-99,SOUTHERN ENERGY CREDIT UNION,US,visa,debit
448170,00-99,COMMONWEALTH BANK AND TRUST COMPANY,US,visa,credit
448171,00-99,COMMONWEALTH BANK AND TRUST COMPANY,US,visa,credit
448172,00-99,GIROBANK,AW,visa,credit
448173,00-99,FIRST NATIONAL BANK OF OMAHA,US,visa,credit
448174,00-99,BANCO DE VENEZUELA S.A.,VE,visa,credit
448175,00-99,BANCO ITAU ARGENTINA S.A.,AR,visa,credit
448176,00-99,BANCO MULTIPLE BHD S. A.,DO,visa,debit
448177,00-99,BC CARD CO. LTD.,KR,visa,debit
448178,00-99,A.O.D. FEDERAL CREDIT UNION,US,visa,debit
448179,00-99,MIDFLORIDA CREDIT UNION,US,visa,debit
448180,00-99,CULTURA SPAREBANK,NO,visa,credit
448181,00-99,CULTURA SPAREBANK,NO,visa,debit
448182,00-99,LGE COMMUNITY CREDIT UNION,US,visa,credit
448183,00-99,BC CARD CO. LTD.,KR,visa,debit
448184,00-99,FISERV SOLUTIONS LLC,US,visa,debit
448185,00-99,BANCO AGRARIO DE COLOMBIA S.A. (BANAGRARIO),CO,visa,credit
448186,00-99,BANCO AGRARIO DE COLOMBIA S.A. (BANAGRARIO),CO,visa,credit
448187,00-99,BANCO AGRARIO DE COLOMBIA S.A. (BANAGRARIO),CO,visa,credit
448188,00-99,SUNSET SCIENCE PARK FEDERAL CREDIT UNION,US,visa,debit
448189,00-99,INTERSWITCH LTD.,NG,visa,debit
448190,00-99,THE BANK,US,visa,debit
448191,00-99,HOMELAND CREDIT UNION INC.,US,visa,debit
448192,00-99,GLASS CITY FEDERAL CREDIT UNION,US,visa,debit
448193,00-99,TIAA BANK,US,visa,debit
448194,00-99,PATHWARD N.A.,US,visa,debit
448195,00-99,FIRST NATIONAL BANK OF OMAHA,US,visa,credit
448196,00-99,REVOLUT TECHNOLOGIES SINGAPORE PTE LTD.,SG,visa,debit
448197,00-99,SBI CARDS AND PAYMENT SERVICES LTD.,IN,visa,credit
448198,00-99,THE FEDERAL BANK LTD.,IN,visa,debit
448199,00-99,THE FEDERAL BANK LTD.,IN,visa,debit
448200,00-99,CREDIT UNION OF OHIO,US,visa,credit
448201,00-99,MICHIGAN STATE UNIVERSITY FEDERAL CREDIT UNION,US,visa,debit
448202,00-99,TD BANK N.A.,US,visa,debit
448203,00-99,COLUMBUS BANK AND TRUST COMPANY,US,visa,credit
448204,00-99,CARVER FEDERAL SAVINGS BANK,US,visa,credit
448205,00-99,CARVER FEDERAL SAVINGS BANK,US,visa,credit
448206,00-99,SOUTHERN FEDERAL CREDIT UNION,US,visa,credit
448207,00-99,FIRST SAVINGS BANK,US,visa,credit
448208,00-99,FIRST MERCHANTS BANK,US,visa,debit
448209,00-99,WRIGHT PATMAN CONGRESSIONAL FEDERAL CREDIT UNION,US,visa,debit
448210,00-99,THE FIDELITY BANK,US,visa,debit
448211,00-99,HERITAGE BANK,US,visa,debit
448212,00-99,FIRST FINANCIAL BANK,US,visa,debit
448213,00-99,CROSS RIVER BANK,US,visa,credit
448214,00-99,CARVER FEDERAL SAVINGS BANK,US,visa,credit
448215,00-99,TD BANK NATIONAL ASSOCIATION,US,visa,debit
448216,00-99,TD BANK N.A.,US,visa,credit
448217,00-99,BANK OF AMERICA NATIONAL ASSOCIATION,US,visa,debit
448218,00-99,PATHWARD N.A.,US,visa,debit
448219,00-99,BANK OF AMERICA NATIONAL ASSOCIATION,US,visa,debit
448220,00-99,OTEEN V.A. FEDERAL CREDIT UNION,US,visa,credit
448221,00-99,OTEEN V.A. FEDERAL CREDIT UNION,US,visa,debit
448222,00-99,PEOPLE FIRST BANK,US,visa,credit
448223,00-99,PEOPLE FIRST BANK,US,visa,credit
448224,00-99,SOUTHERN BANK AND TRUST COMPANY,US,visa,debit
448225,00-99,FIRST STATE BANK OF MIDDLEBURY,US,visa,debit
448226,00-99,U.S. BANK N.A.,US,visa,debit
448227,00-99,SIU CREDIT UNION,US,visa,debit
448228,00-99,THE HUNTINGTON NATIONAL BANK,US,visa,credit
448229,00-99,,US,visa,credit
448230,00-99,FIRST FEDERAL COMMUNITY BANK OF BUCYRUS,US,visa,debit
448231,00-99,WOODSVILLE GUARANTY SAVINGS BANK,US,visa,debit
448232,00-99,SRP FEDERAL CREDIT UNION,US,visa,debit
448233,00-99,TD BANK NATIONAL ASSOCIATION,US,visa,debit
448234,00-99,CROSS VALLEY FEDERAL CREDIT UNION,US,visa,credit
448235,00-99,FIRST NATIONAL BANK OF OMAHA,US,visa,credit
448236,00-99,WOORI AMERICA BANK,US,visa,credit
448237,00-99,WOORI AMERICA BANK,US,visa,credit
448238,00-99,THE FIRST NATIONAL BANK OF OTTAWA,US,visa,credit
448239,00-99,FARMERS-MERCHANTS NATIONAL BANK OF PAXTON,US,visa,debit
448240,00-99,MITSUBISHI UFJ NICOS CO. LTD,JP,visa,credit
448241,00-99,1ST SUMMIT BANK,US,visa,debit
448242,00-99,FIFTH THIRD BANK,US,visa,credit
448243,00-99,PINNACLE BANK - WYOMING,US,visa,debit
448244,00-99,UNITED BANK,US,visa,debit
448245,00-99,WOODSBORO BANK,US,visa,credit
448246,00-99,VELOCITY COMMUNITY FEDERAL CREDIT UNION,US,visa,debit
448247,00-99,TCM BANK NATIONAL ASSOCIATION,US,visa,credit
448248,00-99,WILMINGTON SAVINGS FUND SOCIETY FSB,US,visa,credit
448249,00-99,STILLMAN BANCCORP N.A.,US,visa,debit
448250,00-99,ICBA BANCARD INC.,US,visa,credit
448251,00-99,MEMBERS 1ST FEDERAL CREDIT UNION,US,visa,debit
448252,00-99,FALL RIVER MUNICIPAL CREDIT UNION,US,visa,debit
448253,00-99,U S #1364 FEDERAL CREDIT UNION,US,visa,debit
448254,00-99,MITSUBISHI UFJ NICOS CO. LTD,JP,visa,credit
448255,00-99,RIVER BANK & TRUST,US,visa,debit
448256,00-99,U.S. BANK NATIONAL ASSOCIATION-CREDIT,US,visa,credit
448257,00-99,MIAMI POSTAL SERVICE CREDIT UNION,US,visa,credit
448258,00-99,MITSUBISHI UFJ NICOS CO. LTD,JP,visa,credit
448259,00-99,FLANAGAN STATE BANK,US,visa,debit
448260,00-99,MITSUBISHI UFJ NICOS CO. LTD,JP,visa,credit
448261,00-99,SOUTH STATE BANK NATIONAL ASSOCIATION,US,visa,debit
448262,00-99,BANK & TRUST COMPANY,US,visa,debit
448263,00-99,UNIVERSITY OF KENTUCKY FEDERAL CREDIT UNION,US,visa,debit
448264,00-99,ORANGE BANK &TRUST COMPANY,US,visa,debit
448265,00-99,ARIZONA FINANCIAL CREDIT UNION,US,visa,credit
448266,00-99,PEOPLES BANK & TRUST,US,visa,debit
448267,00-99,WILSON & MUIR BANK & TRUST COMPANY,US,visa,debit
448268,00-99,FIRST CREDIT UNION,US,visa,debit
448269,00-99,MITSUBISHI UFJ NICOS CO. LTD,JP,visa,credit
448270,00-99,FIRSTRUST SAVINGS BANK,US,visa,debit
448271,00-99,BFG FEDERAL CREDIT UNION,US,visa,credit
448272,00-99,VIBE CREDIT UNION,US,visa,credit
448273,00-99,ACME CONTINENTAL CREDIT UNION,US,visa,credit
448274,00-99,MICHIGAN EDUCATIONAL CREDIT UNION,US,visa,credit
448275,00-99,TD BANK NATIONAL ASSOCIATION,US,visa,debit
448276,00-99,TD BANK N.A.,US,visa,debit
448277,00-99,TD BANK NATIONAL ASSOCIATION,US,visa,debit
448278,00-99,TD BANK N.A.,US,visa,debit
448279,00-99,TD BANK NATIONAL ASSOCIATION,US,visa,debit
448280,00-99,TD BANK N.A.,US,visa,debit
448281,00-99,WASHINGTON FEDERAL BANK,US,visa,debit
448282,00-99,THEORY FEDERAL CREDIT UNION,US,visa,debit
448283,00-99,BELMONT SAVINGS BANK,US,visa,debit
448284,00-99,STATE BANK OF CROSS PLAINS,US,visa,debit
448285,00-99,LAKE TRUST CREDIT UNION,US,visa,credit
448286,00-99,UNITED FEDERAL CREDIT UNION,US,visa,debit
448287,00-99,SUTTON BANK,US,visa,debit
448288,00-99,THE JUNIATA VALLEY BANK,US,visa,debit
448289,00-99,TYLER CITY EMPLOYEES CREDIT UNION,US,visa,debit
448290,00-99,METABANK,US,visa,debit
448291,00-99,HTLF BANK,US,visa,debit
448292,00-99,RIVERFALL CREDIT UNION,US,visa,debit
448293,00-99,FNBC BANK & TRUST,US,visa,debit
448294,00-99,WEBSTER BANK N.A.,US,visa,credit
448295,00-99,TD BANK N.A.,US,visa,debit
448296,00-99,COMMERCE BANCSHARES INC.,US,visa,debit
448297,00-99,FIRELANDS FEDERAL CREDIT UNION,US,visa,debit
448298,00-99,PEOPLES BANK & TRUST,US,visa,debit
448299,00-99,MICHIGAN STATE UNIVERSITY FEDERAL CREDIT UNION,US,visa,debit
448300,00-99,LEBANON AND GULF BANK SAL,LB,visa,credit
448301,00-99,DUBUQUE BANK AND TRUST COMPANY,US,visa,debit
448302,00-99,LEBANON AND GULF BANK SAL,LB,visa,credit
448303,00-99,KINKI SHINKIN CARD COMPANY LTD.,JP,visa,credit
448304,00-99,THE STATE EXPORT-IMPORT BANK OF UKRAINE (UKREXIMBANK),UA,visa,credit
448305,00-99,JSC JSB UKRGASBANK,UA,visa,credit
448306,00-99,UAB FINANSINES PASLAUGOS CONTIS,FR,visa,debit
448307,00-99,SWEDBANK AB,LT,visa,debit
448308,00-99,SWEDBANK AB,LT,visa,debit
448309,00-99,,US,visa,credit
448310,00-99,VOLKSBANK HUNGARY PRIVATE LTD.,HU,visa,debit
448311,00-99,SBERBANK HUNGARY LTD.,HU,visa,debit
448312,00-99,IMEX BANK DD SPLIT,HR,visa,debit
448313,00-99,ABANKA D.D.,SI,visa,credit
448314,00-99,JSC RIETUMU BANKA,LV,visa,credit
448315,00-99,JSC RIETUMU BANKA,LV,visa,credit
448316,00-99,WALLESTER AS,EE,visa,debit
448317,00-99,,KZ,visa,credit
448318,00-99,OJSC BANK TURANALEM,KZ,visa,debit
448319,00-99,BBAC S.A.L,LB,visa,credit
448320,00-99,NOVA LJUBLJANSKA BANKA D.D.,SI,visa,credit
448321,00-99,WILMINGTON SAVINGS FUND SOCIETY FSB,US,visa,debit
448322,00-99,PINNACLE BANK,US,visa,debit
448323,00-99,MEMBERS FIRST COMMUNITY CREDIT UNION,US,visa,debit
448324,00-99,PINNACLE BANK,US,visa,debit
448325,00-99,FLORIDA CREDIT UNION,US,visa,credit
448326,00-99,PINNACLE BANK,US,visa,credit
448327,00-99,PINNACLE BANK,US,visa,credit
448328,00-99,CREDIT DU CONGO,CG,visa,debit
448329,00-99,BURGAN BANK (S.A.K.),KW,visa,debit
448330,00-99,BARCLAYS BANK OF BOTSWANA LTD.,BW,visa,credit
448331,00-99,OJSC GUTA-BANK,RU,visa,debit
448332,00-99,SESLOC CREDIT UNION,US,visa,debit
448333,00-99,ABU DHABI COMMERCIAL BANK,AE,visa,credit
448334,00-99,ZENITH BANK (GHANA) LTD.,GH,visa,debit
448335,00-99,ACCESS BANK (GHANA) PLC,GH,visa,debit
448336,00-99,MBANK S.A.,PL,visa,credit
448337,00-99,KOMERCNI BANKA A.S.,CZ,visa,credit
448338,00-99,MITSUBISHI UFJ NICOS CO. LTD,JP,visa,credit
448339,00-99,CREDIT LIBANAIS S.A.L.,LB,visa,credit
448340,00-99,BANKA INTESA SANPAOLO D.D.,SI,visa,credit
448341,00-99,BANKA INTESA SANPAOLO D.D.,SI,visa,credit
448342,00-99,BANKA INTESA SANPAOLO D.D.,SI,visa,debit
448343,00-99,VTB BANK PJSC,RU,visa,debit
448344,00-99,VTB BANK PJSC,RU,visa,debit
448345,00-99,VTB BANK (PUBLIC JOINT-STOCK COMPANY),RU,visa,credit
448346,00-99,VTB BANK (PUBLIC JOINT-STOCK COMPANY),RU,visa,debit
448347,00-99,MBANK S.A.,PL,visa,credit
448348,00-99,MBANK S.A.,PL,visa,debit
448349,00-99,MONTERRA CREDIT UNION,US,visa,credit
448350,00-99,INTREPID CREDIT UNION,US,visa,credit
448351,00-99,KREDYT BANK S.A.,PL,visa,credit
448352,00-99,KREDYT BANK S.A.,PL,visa,credit
448353,00-99,U.S. REGION,US,visa,debit
448354,00-99,U.S. REGION,US,visa,credit
448355,00-99,U.S. REGION,US,visa,debit
448356,00-99,COMMERZBANK AG,DE,visa,credit
448357,00-99,CITY NATIONAL BANK OF WEST VIRGINIA,US,visa,debit
448358,00-99,CITY NATIONAL BANK OF WEST VIRGINIA,US,visa,debit
448359,00-99,BANCO SABADELL S.A.,ES,visa,credit
448360,00-99,GETIN NOBLE BANK S.A.,PL,visa,debit
448361,00-99,GETIN NOBLE BANK S.A.,PL,visa,credit
448362,00-99,BANCO DE ASTURIAS S.A.,ES,visa,credit
448363,00-99,BANCO DE ASTURIAS S.A.,ES,visa,credit
448364,00-99,SOLBANK SBD S.A.,ES,visa,credit
448365,00-99,SOLBANK SBD S.A.,ES,visa,credit
448366,00-99,GETIN NOBLE BANK S.A.,PL,visa,debit
448367,00-99,MITSUBISHI UFJ NICOS CO. LTD,JP,visa,credit
448368,00-99,MITSUBISHI UFJ NICOS CO. LTD,JP,visa,credit
448369,00-99,VTB BANK (PUBLIC JOINT-STOCK COMPANY),RU,visa,debit
448370,00-99,MERCANTILE BANK LTD.,ZA,visa,credit
448371,00-99,POCKET CARD COMPANY LTD.,JP,visa,credit
448372,00-99,SUMISHIN LIFE CARD CO. LTD.,JP,visa,debit
448373,00-99,FIRSTRAND BANK LTD.,ZA,visa,credit
448374,00-99,MERCANTILE BANK LTD.,ZA,visa,credit
448375,00-99,IMEX BANK DD SPLIT,HR,visa,credit
448376,00-99,AFG BANK MALI,ML,visa,debit
448377,00-99,MITSUBISHI UFJ NICOS CO. LTD,JP,visa,credit
448378,00-99,ING BANK SLASKI S.A.,PL,visa,debit
448379,00-99,ING BANK SLASKI S.A.,PL,visa,debit
448380,00-99,FEDCHOICE FEDERAL CREDIT UNION,US,visa,debit
448381,00-99,FIRST NATIONAL,ZA,visa,credit
448382,00-99,JSC STATE SAVINGS BANK OF UKRAINE (JSC OSCHADBANK),UA,visa,debit
448383,00-99,AFG BANK MALI,ML,visa,debit
448384,00-99,AFG BANK MALI,ML,visa,debit
448385,00-99,ABSA BANK LTD.,ZA,visa,debit
448386,00-99,ABSA BANK LTD.,ZA,visa,debit
448387,00-99,ABSA BANK LTD.,ZA,visa,debit
448388,00-99,BANCO DE OCCIDENTE S.A.,CO,visa,credit
448389,00-99,ITHALA LTD.,ZA,visa,debit
448390,00-99,BANCO DAVIVIENDA S.A.,CO,visa,credit
448391,00-99,,UA,visa,debit
448392,00-99,,UA,visa,credit
448393,00-99,JSB PIVDENNYI,UA,visa,credit
448394,00-99,JSB PIVDENNYI,UA,visa,debit
448395,00-99,FIRST REPUBLIC BANK,US,visa,debit
448396,00-99,FIRST REPUBLIC BANK,US,visa,debit
448397,00-99,THE CITIZENS BANK OF EDMOND,US,visa,debit
448398,00-99,PINNACLE BANK,US,visa,debit
448399,00-99,ECOBANK - TOGO,TG,visa,debit
448400,00-99,BARCLAYCARD INTERNATIONAL PAYMENTS LTD.,IE,visa,credit
448401,00-99,BARCLAYCARD INTERNATIONAL PAYMENTS LTD.,IE,visa,credit
448402,00-99,JPMORGAN CHASE BANK N.A.,US,visa,debit
448403,00-99,BANCO GNB SUDAMERIS S.A.,CO,visa,debit
448404,00-99,THE HONGKONG AND SHANGHAI BANKING CORPORATION LTD.,HK,visa,credit
448405,00-99,THE ROYAL BANK OF SCOTLAND PLC,GB,visa,credit
448406,00-99,TRANSACT PAYMENTS LTD.,GB,visa,credit
448407,00-99,U.S. BANK EUROPE DESIGNATED ACTIVITY COMPANY,GB,visa,credit
448408,00-99,BANCO SANTANDER COLOMBIA S.A.,CO,visa,credit
448409,00-99,NATWEST GROUP,DE,visa,credit
448410,00-99,AMERICAN STATE BANK,US,visa,credit
448411,00-99,HSBC BANK PLC,GB,visa,credit
448412,00-99,BNP PARIBAS,FR,visa,credit
448413,00-99,BNP PARIBAS,FR,visa,credit
448414,00-99,NATIXIS,FR,visa,credit
448415,00-99,BPCE,FR,visa,credit
448416,00-99,HSBC FRANCE,FR,visa,credit
448417,00-99,HSBC FRANCE,FR,visa,credit
448418,00-99,VISA BELGIUM,BE,visa,credit
448419,00-99,TRUIST BANK - CREDIT,US,visa,credit
448420,00-99,,GB,visa,credit
448421,00-99,THE BANK OF NOVA SCOTIA,CA,visa,credit
448422,00-99,ARION BANKI HF.,IS,visa,credit
448423,00-99,,US,visa,credit
448424,00-99,TELLER A.S.,NO,visa,credit
448425,00-99,,US,visa,credit
448426,00-99,,PL,visa,credit
448427,00-99,BANGKOK BANK PUBLIC COMPANY LTD.,TH,visa,credit
448428,00-99,VISA NORGE A/S,NO,visa,credit
448429,00-99,VISA U.S.A. INC.,US,visa,credit
448430,00-99,,GB,visa,credit
448431,00-99,,US,visa,credit
448432,00-99,COMMERZBANK AG,DE,visa,credit
448433,00-99,UBS AG (UNION BANK OF SWITZERLAND),CH,visa,credit
448434,00-99,TOPCARD SERVICE S.A.,CH,visa,credit
448435,00-99,PUBLIC BANK BERHAD,MY,visa,credit
448436,00-99,NEXI PAYMENTS S.P.A.,IT,visa,credit
448437,00-99,NEXI PAYMENTS S.P.A.,IT,visa,credit
448438,00-99,NEXI PAYMENTS S.P.A.,IT,visa,credit
448439,00-99,NEXI PAYMENTS S.P.A.,IT,visa,credit
448440,00-99,,GB,visa,credit
448441,00-99,INDUSTRIAL AND COMMERCIAL BANK OF CHINA (ARGENTINA) S.A.,AR,visa,credit
448442,00-99,CITITARJETAS DE COSTA RICA S.A.,CR,visa,credit
448443,00-99,CREDICARD S.A.,BR,visa,credit
448444,00-99,LANDESBANK BERLIN GIROZENTRALE,DE,visa,credit
448445,00-99,LLOYDS BANK PLC,GB,visa,credit
448446,00-99,VISA U.S.A. INC.,US,visa,credit
448447,00-99,AVAL CARD S.A. DE C.V.,SV,visa,credit
448448,00-99,CITIBANK EUROPE PLC,IE,visa,credit
448449,00-99,HTLF BANK,US,visa,credit
448450,00-99,RESONA CARD CO. LTD.,JP,visa,credit
448451,00-99,SUMITOMO MITSUI CARD COMPANY LTD.,JP,visa,credit
448452,00-99,PATHWARD N.A.,US,visa,debit
448453,00-99,,US,visa,credit
448454,00-99,BANCO CITIBANK DE GUATEMALA S.A.,GT,visa,credit
448455,00-99,,US,visa,credit
448456,00-99,,US,visa,credit
448457,00-99,,DE,visa,credit
448458,00-99,BANCO DE ORO UNIBANK INC.,PH,visa,credit
448459,00-99,BANCO SANTANDER RIO S.A.,AR,visa,credit
448460,00-99,BANCO DO BRASIL S.A.,BR,visa,credit
448461,00-99,WELLS FARGO BANK NATIONAL ASSOCIATION,US,visa,credit
448462,00-99,SERVISFIRST BANK,US,visa,credit
448463,00-99,THE ROYAL BANK OF SCOTLAND PLC,GB,visa,credit
448464,00-99,HTLF BANK,US,visa,credit
448465,00-99,ABSA BANK LTD.,ZA,visa,credit
448466,00-99,FARMERS STATE BANK OF CALHAN,US,visa,credit
448467,00-99,POPULAR BANK,US,visa,credit
448468,00-99,BANCO DE CHILE,CL,visa,credit
448469,00-99,JPMORGAN CHASE BANK N.A. - COMMERCIAL,US,visa,credit
448470,00-99,FROST BANK,US,visa,credit
448471,00-99,CELTIC BANK,US,visa,credit
448472,00-99,TURKIYE GARANTI BANKASI A. S.,TR,visa,credit
448473,00-99,U.S. BANK NATIONAL ASSOCIATION-CREDIT,US,visa,credit
448474,00-99,TRUIST BANK - CREDIT,US,visa,credit
448475,00-99,THE FIRST NATIONAL BANK AND TRUST,US,visa,credit
448476,00-99,JPMORGAN CHASE BANK N.A.,US,visa,credit
448477,00-99,NORTHRIM BANK,US,visa,credit
448478,00-99,BANCO DE LA PROVINCIA DE BUENOS AIRES,AR,visa,credit
448479,00-99,BANCO DE LA NACION ARGENTINA,AR,visa,credit
448480,00-99,BANCO DE CHILE,CL,visa,credit
448481,00-99,BANCO MACRO S.A.,AR,visa,credit
448482,00-99,FIDELITY NATIONAL INFORMATION SERVICES INC.,US,visa,credit
448483,00-99,BRANCH BANKING AND TRUST COMPANY,US,visa,credit
448484,00-99,BANCO MACRO S.A.,AR,visa,credit
448485,00-99,LA FEDERATION DES CAISSES DESJARDINS DU QUEBEC,CA,visa,credit
448486,00-99,CITY NATIONAL BANK,US,visa,credit
448487,00-99,HSBC BANK ARGENTINA S.A.,AR,visa,credit
448488,00-99,CITIBANK SINGAPORE LTD.,SG,visa,credit
448489,00-99,BANCO BRADESCO S.A.,BR,visa,credit
448490,00-99,CNB BANK,US,visa,credit
448491,00-99,SUNFLOWER BANK NATIONAL ASSOCIATION,US,visa,credit
448492,00-99,CITIBANK KOREA INC.,KR,visa,credit
448493,00-99,BANCO DE GALICIA Y BUENOS AIRES S.A.,AR,visa,credit
448494,00-99,PUTNAM COUNTY BANK,US,visa,credit
448495,00-99,SIGNATURE BANK,US,visa,credit
448496,00-99,QUAD CITY BANK AND TRUST COMPANY,US,visa,credit
448497,00-99,FIRSTRUST SAVINGS BANK,US,visa,credit
448498,00-99,CITIBANK CANADA,CA,visa,credit
448499,00-99,FIRST NATIONAL BANK OF OMAHA,US,visa,credit
448500,00-99,COMMERCE BANCSHARES INC.,US,visa,credit
448501,00-99,NUVISION FEDERAL CREDIT UNION,US,visa,credit
448502,00-99,CITIBANK,AR,visa,credit
448503,00-99,GUARANTY BANK,US,visa,credit
448504,00-99,GRASSHOPPER BANK N.A.,US,visa,credit
448505,00-99,THE CITIZENS BANK,US,visa,credit
448506,00-99,THE BANK OF NOVA SCOTIA,CA,visa,credit
448507,00-99,CELTIC BANK,US,visa,credit
448508,00-99,WELLS FARGO BANK NATIONAL ASSOCIATION,US,visa,credit
448509,00-99,RIYAD BANK,SA,visa,credit
448510,00-99,U.S. BANK NATIONAL ASSOCIATION-CREDIT,US,visa,credit
448511,00-99,BANCO MACRO S.A.,AR,visa,credit
448512,00-99,THE NATIONAL BANK OF INDIANAPOLIS,US,visa,credit
448513,00-99,FIRST HORIZON BANK,US,visa,credit
448514,00-99,BANK OF AMERICA - COMMERCIAL CREDIT,US,visa,credit
448515,00-99,FIRST NATIONAL BANK OF OMAHA,US,visa,credit
448516,00-99,BANCO PROVINCIA DE TIERRA DEL FUEGO,AR,visa,credit
448517,00-99,JPMORGAN CHASE BANK N.A. - COMMERCIAL,US,visa,credit
448518,00-99,TEXAS CAPITAL BANK,US,visa,credit
448519,00-99,CACHE VALLEY BANK,US,visa,credit
448520,00-99,FIRST HORIZON BANK,US,visa,credit
448521,00-99,REGIONS BANK,US,visa,credit
448522,00-99,BANCO BILBAO VIZCAYA ARGENTARIA S.A. (BBVA),ES,visa,credit
448523,00-99,,KR,visa,credit
448524,00-99,GREAT WESTERN BANK,US,visa,credit
448525,00-99,SUTTON BANK,US,visa,credit
448526,00-99,VISA EUROPE LTD.,GB,visa,credit
448527,00-99,NATIONAL WESTMINSTER BANK PLC,GB,visa,credit
448528,00-99,WELLS FARGO BANK NATIONAL ASSOCIATION,US,visa,credit
448529,00-99,GLACIER BANK,US,visa,credit
448530,00-99,CELTIC BANK,US,visa,credit
448531,00-99,ENTERPRISE BANK & TRUST,US,visa,credit
448532,00-99,HILLS BANK AND TRUST COMPANY,US,visa,credit
448533,00-99,DBS BANK LTD.,SG,visa,credit
448534,00-99,BANCO BBVA ARGENTINA S.A.,AR,visa,credit
448535,00-99,SUTTON BANK,US,visa,credit
448536,00-99,BANKERS' BANK OF KANSAS,US,visa,credit
448537,00-99,CELTIC BANK,US,visa,credit
448538,00-99,M&T BANK,US,visa,credit
448539,00-99,SOCIETE GENERALE S.A.,FR,visa,credit
448540,00-99,ISRAEL DISCOUNT BANK OF NEW YORK,US,visa,credit
448541,00-99,WESBANCO BANK INC.,US,visa,credit
448542,00-99,BANCO DE CREDITO E INVERSIONES,CL,visa,credit
448543,00-99,BANCO BRADESCO S.A.,BR,visa,credit
448544,00-99,MERCHANTS BANK NATIONAL ASSOCIATION,US,visa,credit
448545,00-99,HANCOCK WHITNEY BANK,US,visa,credit
448546,00-99,U.S. BANK N.A.,US,visa,credit
448547,00-99,MIDWEST BANK,US,visa,credit
448548,00-99,CONSUMERS CREDIT UNION,US,visa,credit
448549,00-99,BANCO DO BRASIL S.A.,BR,visa,credit
448550,00-99,SUTTON BANK,US,visa,credit
448551,00-99,U.S. BANK NATIONAL ASSOCIATION-CREDIT,US,visa,credit
448552,00-99,SOCIETE GENERALE S.A.,FR,visa,credit
448553,00-99,U.S. REGION,US,visa,credit
448554,00-99,CENTURY BANK,US,visa,credit
448555,00-99,AMERICAN BUSINESS BANK,US,visa,credit
448556,00-99,BANCO DO BRASIL S.A.,BR,visa,credit
448557,00-99,SUNTRUST BANK,US,visa,credit
448558,00-99,U.S. REGION,US,visa,credit
448559,00-99,U.S. BANK NATIONAL ASSOCIATION-CREDIT,US,visa,credit
448560,00-99,FIRST HORIZON BANK,US,visa,credit
448561,00-99,M&T BANK,US,visa,credit
448562,00-99,FIRST INTERNATIONAL BANK & TRUST,US,visa,credit
448563,00-99,ARVEST BANK,US,visa,credit
448564,00-99,BANK OF AMERICA NATIONAL ASSOCIATION,CA,visa,credit
448565,00-99,THE BANCORP BANK NATIONAL ASSOCIATION,US,visa,credit
448566,00-99,BMW BANK OF NORTH AMERICA,US,visa,credit
448567,00-99,STOCK YARDS BANK & TRUST COMPANY,US,visa,credit
448568,00-99,TEXAS REGIONAL BANK,US,visa,credit
448569,00-99,BANK OF AMERICA - COMMERCIAL CREDIT,US,visa,credit
448570,00-99,THE CO-OPERATIVE BANK PLC,GB,visa,credit
448571,00-99,REGIONS BANK,US,visa,credit
448572,00-99,THE BANCORP BANK NATIONAL ASSOCIATION,US,visa,credit
448573,00-99,STORY BANK DBA STORY FINANCIAL PARTNERS,US,visa,credit
448574,00-99,NORTHRIM BANK,US,visa,credit
448575,00-99,UMB BANK NATIONAL ASSOCIATION,US,visa,credit
448576,00-99,COMMUNITY TRUST BANK INC.,US,visa,credit
448577,00-99,CITIBANK NATIONAL ASSOCIATION,PR,visa,credit
448578,00-99,BANKERS TRUST COMPANY,US,visa,credit
448579,00-99,PREMIER BANK,US,visa,credit
448580,00-99,ALPINE BANK,US,visa,credit
448581,00-99,SYNOVUS BANK,US,visa,credit
448582,00-99,SYNOVUS BANK,US,visa,credit
448583,00-99,DOCK INSTITUICAO DE PAGAMENTO S.A.,BR,visa,debit
448584,00-99,GLACIER BANK,US,visa,credit
448585,00-99,CELTIC BANK,US,visa,credit
448586,00-99,WESBANCO BANK INC.,US,visa,credit
448587,00-99,FISERV SOLUTIONS LLC,US,visa,credit
448588,00-99,THE BANK OF TAMPA,US,visa,credit
448589,00-99,TEXAS CAPITAL BANK,US,visa,credit
448590,00-99,JPMORGAN CHASE BANK N.A. - COMMERCIAL,US,visa,credit
448591,00-99,PINNACLE BANK,US,visa,credit
448592,00-99,JPMORGAN CHASE BANK N.A. - COMMERCIAL,US,visa,credit
448593,00-99,CITI COMMERCIAL,US,visa,credit
448594,00-99,REGIONS BANK,US,visa,credit
448595,00-99,U.S. BANK NATIONAL ASSOCIATION-CREDIT,US,visa,credit
448596,00-99,PNC BANK NATIONAL ASSOCIATION,US,visa,credit
448597,00-99,COMMUNITY STATE BANK,US,visa,credit
448598,00-99,AMERICAN BANK AND TRUST COMPANY N.A.,US,visa,credit
448599,00-99,VERITEX COMMUNITY BANK,US,visa,credit
448600,00-99,CITIBANK N.A.,US,visa,credit
448601,00-99,CITIBANK N.A.,US,visa,credit
448602,00-99,CITIBANK N.A.,US,visa,credit
448603,00-99,CITIBANK N.A.,US,visa,credit
448604,00-99,CITIBANK N.A.,US,visa,credit
448605,00-99,U.S. REGION,US,visa,credit
448606,00-99,CITIBANK N.A.,US,visa,credit
448607,00-99,CITIBANK N.A.,US,visa,credit
448608,00-99,CITIBANK N.A.,US,visa,credit
448609,00-99,CITIBANK N.A.,US,visa,credit
448610,00-99,CITI COMMERCIAL,US,visa,credit
448611,00-99,CITI COMMERCIAL,US,visa,credit
448612,00-99,CITI COMMERCIAL,US,visa,credit
448613,00-99,,US,visa,credit
448614,00-99,BANK OF AMERICA NATIONAL ASSOCIATION,US,visa,credit
448615,00-99,U.S. BANK NATIONAL ASSOCIATION-CREDIT,US,visa,credit
448616,00-99,FIFTH THIRD MB FINANCIAL,US,visa,credit
448617,00-99,,US,visa,credit
448618,00-99,,US,visa,credit
448619,00-99,,US,visa,credit
448620,00-99,U.S. BANK NATIONAL ASSOCIATION-CREDIT,US,visa,credit
448621,00-99,U.S. BANK N.A.,US,visa,credit
448622,00-99,U.S. BANK NATIONAL ASSOCIATION-CREDIT,US,visa,credit
448623,00-99,,US,visa,credit
448624,00-99,,US,visa,credit
448625,00-99,,US,visa,credit
448626,00-99,U.S. BANK NATIONAL ASSOCIATION-CREDIT,US,visa,credit
448627,00-99,CITI COMMERCIAL,US,visa,credit
448628,00-99,,US,visa,credit
448629,00-99,,US,visa,credit
448630,00-99,CITI COMMERCIAL,US,visa,credit
448631,00-99,JPMORGAN CHASE BANK N.A.,US,visa,credit
448632,00-99,JPMORGAN CHASE BANK N.A.,US,visa,credit
448633,00-99,JPMORGAN CHASE BANK N.A.,US,visa,credit
448634,00-99,,US,visa,credit
448635,00-99,,US,visa,credit
448636,00-99,JPMORGAN CHASE BANK N.A.,US,visa,credit
448637,00-99,,US,visa,credit
448638,00-99,,US,visa,credit
448639,00-99,,US,visa,credit
448640,00-99,,US,visa,credit
448641,00-99,,US,visa,credit
448642,00-99,,US,visa,credit
448643,00-99,,US,visa,credit
448644,00-99,,US,visa,credit
448645,00-99,,US,visa,credit
448646,00-99,,US,visa,credit
448647,00-99,,US,visa,credit
448648,00-99,,US,visa,credit
448649,00-99,,US,visa,credit
448650,00-99,,US,visa,credit
448651,00-99,,US,visa,credit
448652,00-99,,US,visa,credit
448653,00-99,,US,visa,credit
448654,00-99,,US,visa,credit
448655,00-99,,US,visa,credit
448656,00-99,,US,visa,credit
448657,00-99,,US,visa,credit
448658,00-99,,US,visa,credit
448659,00-99,,US,visa,credit
448660,00-99,JPMORGAN CHASE BANK N.A.,US,visa,credit
448661,00-99,,US,visa,credit
448662,00-99,,US,visa,credit
448663,00-99,,US,visa,credit
448664,00-99,CITI COMMERCIAL,US,visa,credit
448665,00-99,,GB,visa,credit
448666,00-99,JPMORGAN CHASE BANK N.A.,US,visa,credit
448667,00-99,,US,visa,credit
448668,00-99,,AR,visa,credit
448669,00-99,,US,visa,credit
448670,00-99,CITIBANK N.A.,US,US,visa
448671,00-99,CITIBANK N.A.,US,visa,credit
448672,00-99,CITIBANK N.A.,US,visa,credit
448673,00-99,CITIBANK N.A.,US,visa,credit
448674,00-99,CITIBANK N.A.,US,visa,credit
448675,00-99,CITIBANK N.A.,US,visa,credit
448676,00-99,CITIBANK N.A.,US,visa,credit
448677,00-99,CITIBANK N.A.,US,visa,credit
448678,00-99,CITIBANK N.A.,US,visa,credit
448679,00-99,CITIBANK N.A.,US,visa,credit
448680,00-99,BANK OF AMERICA NATIONAL ASSOCIATION,US,visa,credit
448681,00-99,U.S. BANK NATIONAL ASSOCIATION-CREDIT,US,visa,credit
448682,00-99,BANK OF AMERICA NATIONAL ASSOCIATION,US,visa,credit
448683,00-99,,US,visa,credit
448684,00-99,BANK OF AMERICA NATIONAL ASSOCIATION,US,visa,credit
448685,00-99,BANK OF AMERICA NATIONAL ASSOCIATION,US,visa,credit
448686,00-99,BANK OF AMERICA NATIONAL ASSOCIATION,US,visa,credit
448687,00-99,BANK OF AMERICA NATIONAL ASSOCIATION,US,visa,credit
448688,00-99,U.S. BANK NATIONAL ASSOCIATION-CREDIT,US,visa,credit
448689,00-99,U.S. BANK NATIONAL ASSOCIATION-CREDIT,US,visa,debit
448690,00-99,,US,visa,credit
448691,00-99,,AR,visa,credit
448692,00-99,U.S. BANK N.A.,US,visa,credit
448693,00-99,U.S. BANK N.A.,US,visa,credit
448694,00-99,,US,visa,credit
448695,00-99,,US,visa,credit
448696,00-99,,US,visa,credit
448697,00-99,U.S. BANK NATIONAL ASSOCIATION-CREDIT,US,visa,credit
448698,00-99,,US,visa,credit
448699,00-99,,US,visa,credit
448700,00-99,CITIBANK,PE,visa,credit
448701,00-99,SCOTIABANK PERU S.A.A.,PE,visa,credit
448702,00-99,SCOTIABANK PERU S.A.A.,PE,visa,credit
448703,00-99,SCOTIABANK PERU S.A.A.,PE,visa,credit
448704,00-99,JPMORGAN CHASE BANK N.A.,US,visa,credit
448705,00-99,BANCO DE COSTA RICA,CR,visa,credit
448706,00-99,BGFIBANK COTE D'IVOIRE,CI,visa,debit
448707,00-99,BGFIBANK COTE D'IVOIRE,CI,visa,debit
448708,00-99,,US,visa,credit
448709,00-99,CTBC BANK CO. LTD.,TW,visa,credit
448710,00-99,CTBC BANK CO. LTD.,TW,visa,credit
448711,00-99,BARCLAYS BANK PLC,LC,visa,credit
448712,00-99,BANCO INDUSTRIAL S.A.,AR,visa,debit
448713,00-99,,PY,visa,debit
448714,00-99,BARCLAYS BANK PLC,MS,visa,credit
448715,00-99,FIRSTCARIBBEAN INTERNATIONAL BANK (BARBADOS) LTD.,GD,visa,credit
448716,00-99,CONTECNICA S.A.,GT,visa,credit
448717,00-99,BANCO DE CREDITO DEL PERU,PE,visa,credit
448718,00-99,PROCARD S.A.,PY,visa,credit
448719,00-99,BANK OF TENNESSEE,US,visa,debit
448720,00-99,SOLERA NATIONAL BANK,US,visa,debit
448721,00-99,BANCO DE COSTA RICA,CR,visa,credit
448722,00-99,BANCO ITAU URUGUAY S.A.,UY,visa,credit
448723,00-99,BANCO SELFIN S.A.,CO,visa,credit
448724,00-99,BANCO SELFIN S.A.,CO,visa,credit
448725,00-99,BANCO SELFIN S.A.,CO,visa,credit
448726,00-99,BANCO SELFIN S.A.,CO,visa,credit
448727,00-99,FIDELITY BANK,US,visa,debit
448728,00-99,BANCO SELFIN S.A.,CO,visa,credit
448729,00-99,BANCO MUNICIPAL DE ROSARIO,AR,visa,credit
448730,00-99,NUEVO BANCO BISEL S.A.,AR,visa,credit
448731,00-99,MIDSOUTH COMMUNITY FEDERAL CREDIT UNION,US,visa,credit
448732,00-99,BANCO SANTANDER BRASIL S.A.,AR,visa,credit
448733,00-99,HSBC,BR,visa,credit
448734,00-99,CITIBANK N.A.,US,visa,credit
448735,00-99,CITIBANK N.A.,US,visa,credit
448736,00-99,CITIBANK N.A.,US,visa,credit
448737,00-99,CNB BANK,US,visa,debit
448738,00-99,FIRSTCARIBBEAN INTERNATIONAL BANK (BARBADOS) LTD.,BB,visa,credit
448739,00-99,BANK OF N.T. BUTTERFIELD AND SON,BM,visa,credit
448740,00-99,LANGLEY FEDERAL CREDIT UNION,US,visa,credit
448741,00-99,CITIBANK,VE,visa,credit
448742,00-99,CITIBANK,VE,visa,credit
448743,00-99,,US,visa,credit
448744,00-99,BARCLAYS BANK PLC,AW,visa,credit
448745,00-99,FIRSTCARIBBEAN INTERNATIONAL BANK (CAYMAN) LTD.,AW,visa,credit
448746,00-99,FIRSTCARIBBEAN INTERNATIONAL BANK (CAYMAN) LTD.,KY,visa,credit
448747,00-99,FIRSTCARIBBEAN INTERNATIONAL BANK (BARBADOS) LTD.,AI,visa,credit
448748,00-99,MASHREQBANK,AE,visa,credit
448749,00-99,FIRSTCARIBBEAN INTERNATIONAL BANK (BARBADOS) LTD.,BB,visa,credit
448750,00-99,,CL,visa,credit
448751,00-99,CITIBANK N.A.,US,visa,debit
448752,00-99,JPMORGAN CHASE BANK N.A. - PREPAID DEBIT,US,visa,debit
448753,00-99,JPMORGAN CHASE BANK N.A.,US,visa,debit
448754,00-99,JPMORGAN CHASE BANK N.A.,US,visa,debit
448755,00-99,JPMORGAN CHASE BANK N.A.,US,visa,debit
448756,00-99,JPMORGAN CHASE BANK N.A.,US,visa,debit
448757,00-99,BANCOLOMBIA PUERTO RICO INTERNACIONAL INC.,PR,visa,debit
448758,00-99,ZENUS BANK INTERNATIONAL INC,PR,visa,debit
448759,00-99,MITSUBISHI UFJ NICOS CO. LTD,JP,visa,credit
448760,00-99,FLAGSTAR BANK NATIONAL ASSOCIATION,US,visa,credit
448761,00-99,PT BANK UOB INDONESIA,ID,visa,debit
448762,00-99,BANCO PROVINCIA DE TIERRA DEL FUEGO,AR,visa,credit
448763,00-99,AVAL GOLD S.A.,GT,visa,credit
448764,00-99,AVAL GOLD S.A.,GT,visa,credit
448765,00-99,MITSUBISHI UFJ NICOS CO. LTD,JP,visa,credit
448766,00-99,MITSUBISHI UFJ NICOS CO. LTD,JP,visa,credit
448767,00-99,BBVA BANCOMER S.A.,MX,visa,credit
448768,00-99,FITBANK INSTITUICAO DE PAGAMENTOS ELETRONICOS S.A.,BR,visa,debit
448769,00-99,FIRST NATIONAL BANK OF PENNSYLVANIA,US,visa,debit
448770,00-99,MITSUBISHI UFJ NICOS CO. LTD,JP,visa,credit
448771,00-99,ORIENT CORPORATION,JP,visa,debit
448772,00-99,ORIENT CORPORATION,JP,visa,debit
448773,00-99,ORIENT CORPORATION,JP,visa,debit
448774,00-99,UNITED BANK,US,visa,debit
448775,00-99,UNITED BANK,US,US,visa
448776,00-99,,US,visa,credit
448777,00-99,ORIENT CORPORATION,JP,visa,debit
448778,00-99,BANK OF AMERICA NATIONAL ASSOCIATION,US,visa,credit
448779,00-99,,US,visa,debit
448780,00-99,JSB PIVDENNYI,UA,visa,credit
448781,00-99,SOLUCION FINANCIERA DE CREDITO DEL PERU,PE,visa,credit
448782,00-99,PALESTINE INVESTMENT BANK,PS,visa,debit
448783,00-99,PALESTINE INVESTMENT BANK,PS,visa,credit
448784,00-99,ABU DHABI ISLAMIC BANK,IQ,visa,debit
448785,00-99,ABU DHABI ISLAMIC BANK,IQ,visa,debit
448786,00-99,BAXTER CREDIT UNION,PR,visa,debit
448787,00-99,AXIS BANK LTD.,IN,visa,credit
448788,00-99,CREDIT UNION PAYMENT CENTER (LIMITED LIABILITY COMPANY),RU,visa,debit
448789,00-99,JS SAVINGS BANK BELARUSBANK,BY,visa,debit
448790,00-99,BANCA AFIRME S.A.,MX,visa,credit
448791,00-99,,US,visa,credit
448792,00-99,,US,visa,credit
448793,00-99,THE BANK OF NOVA SCOTIA JAMAICA LTD.,JM,visa,credit
448794,00-99,THE BANK OF NOVA SCOTIA JAMAICA LTD.,JM,visa,credit
448795,00-99,CITIBANK,TT,visa,credit
448796,00-99,BANCO INDUSTRIAL S.A.,GT,visa,debit
448797,00-99,U.S. REGION,US,visa,debit
448798,00-99,KB KOOKMIN CARD CO. LTD.,KR,visa,credit
448799,00-99,BANCO SANTANDER S.A.,BR,visa,credit
448800,00-99,LA CAPITOL FEDERAL CREDIT UNION,US,visa,credit
448801,00-99,INTERCREDIT BANK N.A.,US,visa,credit
448802,00-99,ICBA BANCARD INC.,US,visa,credit
448803,00-99,STRIDE BANK N.A.,US,visa,debit
448804,00-99,HOME NATIONAL BANK,US,visa,debit
448805,00-99,BRANCH BANKING AND TRUST COMPANY,US,visa,credit
448806,00-99,F&M BANK AND TRUST COMPANY,US,visa,debit
448807,00-99,TCM BANK NATIONAL ASSOCIATION,US,visa,credit
448808,00-99,ECOBANK ZAMBIA LTD.,ZM,visa,debit
448809,00-99,TCM BANK NATIONAL ASSOCIATION,US,visa,credit
448810,00-99,YOUNG AMERICANS BANK,US,visa,credit
448811,00-99,PINNACLE BANK,US,visa,credit
448812,00-99,FIRST NATIONAL BANK OF OKLAHOMA,US,visa,debit
448813,00-99,BANK OF AMERICA - COMMERCIAL CREDIT,US,visa,credit
448814,00-99,BANK OF AMERICA - COMMERCIAL CREDIT,US,visa,credit
448815,00-99,ITHINK FINANCIAL CREDIT UNION,US,visa,debit
448816,00-99,TEXAS FIRST BANK,US,visa,debit
448817,00-99,SYNOVUS FINANCIAL CORPORATION,US,visa,debit
448818,00-99,CITIZENS BANK AND TRUST COMPANY OF ARDMORE,US,visa,debit
448819,00-99,COMPUTER SERVICES INC.,US,visa,debit
448820,00-99,STRIDE BANK N.A.,US,visa,debit
448821,00-99,CALIFORNIA COAST CREDIT UNION,US,visa,credit
448822,00-99,THE PEOPLES BANK,US,visa,debit
448823,00-99,CENTRAL CREDIT UNION OF FLORIDA,US,visa,credit
448824,00-99,ORIENT CORPORATION,JP,visa,debit
448825,00-99,WE FLORIDA FINANCIAL,US,visa,debit
448826,00-99,UC CARD CO. LTD.,JP,visa,credit
448827,00-99,CENTRAL NATIONAL BANK,US,visa,debit
448828,00-99,SOUTH STATE BANK,US,visa,credit
448829,00-99,U.S. BANK N.A.,US,visa,debit
448830,00-99,MERCHANTS & MARINE BANK,US,visa,debit
448831,00-99,TRUSERVICE COMMUNITY FEDERAL CREDIT UNION,US,visa,credit
448832,00-99,TRUSERVICE COMMUNITY FEDERAL CREDIT UNION,US,visa,credit
448833,00-99,CITIZENS BANK AND TRUST COMPANY,US,visa,debit
448834,00-99,R-G FEDERAL CREDIT UNION,US,visa,debit
448835,00-99,UC CARD CO. LTD.,JP,visa,credit
448836,00-99,CITY NATIONAL BANK OF FLORIDA,US,visa,debit
448837,00-99,HUDSON VALLEY CREDIT UNION,US,visa,debit
448838,00-99,ALPINE CREDIT UNION,US,visa,debit
448839,00-99,CRDB BANK PLC,NG,visa,debit
448840,00-99,WINSLOW SANTA FE CREDIT UNION,US,visa,debit
448841,00-99,WMCU,US,visa,credit
448842,00-99,WMCU,US,visa,credit
448843,00-99,UNITED FEDERAL CREDIT UNION,US,visa,debit
448844,00-99,AMERICAN AIRLINES FEDERAL CREDIT UNION,US,visa,debit
448845,00-99,121 FINANCIAL CREDIT UNION,US,visa,debit
448846,00-99,COMMERCIAL STATE BANK,US,visa,debit
448847,00-99,FIRST US BANK,US,visa,debit
448848,00-99,TRUIST BANK - CREDIT,US,visa,credit
448849,00-99,FAMILY SECURITY CREDIT UNION,US,visa,debit
448850,00-99,COLUMBUS BANK AND TRUST COMPANY,US,visa,credit
448851,00-99,LEAD BANK,MX,visa,credit
448852,00-99,IBERIABANK,US,visa,debit
448853,00-99,HEARTLAND BANK,US,visa,credit
448854,00-99,BANK OF AMERICA - COMMERCIAL CREDIT,US,visa,credit
448855,00-99,BANK OF AMERICA - COMMERCIAL CREDIT,US,visa,credit
448856,00-99,,US,visa,credit
448857,00-99,HOMEBANK,US,visa,debit
448858,00-99,LEGACYTEXAS BANK,US,visa,debit
448859,00-99,LAUNCH CREDIT UNION,US,visa,debit
448860,00-99,ICBA BANCARD INC.,US,visa,debit
448861,00-99,PHENIX-GIRARD BANK,US,visa,credit
448862,00-99,NCMIC FINANCE CORPORATION,US,visa,credit
448863,00-99,NCMIC FINANCE CORPORATION,US,visa,credit
448864,00-99,NCMIC FINANCE CORPORATION,US,visa,credit
448865,00-99,WELLS FARGO BANK N.A.,US,visa,debit
448866,00-99,WE FLORIDA FINANCIAL,US,visa,credit
448867,00-99,WE FLORIDA FINANCIAL,US,visa,credit
448868,00-99,TEXAS FIRST BANK,US,visa,debit
448869,00-99,TEXAS FIRST BANK,US,visa,debit
448870,00-99,TEXAS FIRST BANK,US,visa,debit
448871,00-99,ACHIEVA CREDIT UNION,US,visa,credit
448872,00-99,WELLS FARGO BANK N.A.,US,visa,credit
448873,00-99,TROPICAL FINANCIAL CREDIT UNION,US,visa,debit
448874,00-99,CITIZENS BANK N.A.,US,visa,debit
448875,00-99,FIRST NATIONAL BANK OF NORTH ARKANSAS,US,visa,credit
448876,00-99,FIRST NATIONAL BANK OF NORTH ARKANSAS,US,visa,credit
448877,00-99,COLUMBUS BANK AND TRUST COMPANY,US,visa,credit
448878,00-99,FIRST SECURITY BANK,US,visa,debit
448879,00-99,GULF COAST BANK,US,visa,debit
448880,00-99,THE UNION BANK,US,visa,debit
448881,00-99,STRIDE BANK,US,visa,debit
448882,00-99,STRIDE BANK,US,visa,credit
448883,00-99,STRIDE BANK,US,visa,credit
448884,00-99,STRIDE BANK N.A.,US,visa,debit
448885,00-99,STRIDE BANK N.A.,US,visa,debit
448886,00-99,STRIDE BANK N.A.,US,visa,debit
448887,00-99,SUNTRUST BANK,US,visa,credit
448888,00-99,AMERICAN AIRLINES FEDERAL CREDIT UNION,US,visa,debit
448889,00-99,POINTBANK,US,visa,debit
448890,00-99,JPMORGAN CHASE BANK N.A.,US,visa,credit
448891,00-99,BLUE SKY BANK,US,visa,debit
448892,00-99,PACIFIC WESTERN BANK,US,visa,debit
448893,00-99,ALLEGACY FEDERAL CREDIT UNION,US,visa,debit
448894,00-99,CARD SERVICES FOR CREDIT UNIONS,US,visa,debit
448895,00-99,CADDO PARISH TEACHERS FEDERAL CREDIT UNION,US,visa,debit
448896,00-99,FIRST FINANCIAL BANK,US,visa,debit
448897,00-99,PACIFIC WEST BANK,US,visa,debit
448898,00-99,BLACKHAWK BANK & TRUST,US,visa,credit
448899,00-99,BLACKHAWK BANK & TRUST,US,visa,credit
448900,00-99,PNC BANK NATIONAL ASSOCIATION - CONSUMER CREDIT,US,visa,credit
448901,00-99,PNC BANK NATIONAL ASSOCIATION - CONSUMER CREDIT,US,visa,credit
448902,00-99,PNC FINANCIAL SERVICES GROUP INC.,US,visa,credit
448903,00-99,PNC BANK NATIONAL ASSOCIATION - CONSUMER CREDIT,US,visa,credit
448904,00-99,PNC BANK NATIONAL ASSOCIATION - CONSUMER CREDIT,US,visa,credit
448905,00-99,PNC FINANCIAL SERVICES GROUP INC.,US,visa,credit
448906,00-99,PNC FINANCIAL SERVICES GROUP INC.,US,visa,credit
448907,00-99,PNC FINANCIAL SERVICES GROUP INC.,US,visa,credit
448908,00-99,PNC FINANCIAL SERVICES GROUP INC.,US,visa,credit
448909,00-99,PNC BANK NATIONAL ASSOCIATION - CONSUMER CREDIT,US,visa,credit
448910,00-99,PNC BANK NATIONAL ASSOCIATION - CONSUMER CREDIT,US,visa,credit
448911,00-99,PNC BANK NATIONAL ASSOCIATION - CONSUMER CREDIT,US,visa,credit
448912,00-99,NORTH COUNTRY FEDERAL CREDIT UNION,US,visa,credit
448913,00-99,PNC FINANCIAL SERVICES GROUP INC.,US,visa,credit
448914,00-99,PNC FINANCIAL SERVICES GROUP INC.,US,visa,credit
448915,00-99,PNC BANK NATIONAL ASSOCIATION - CONSUMER CREDIT,US,visa,credit
448916,00-99,PNC FINANCIAL SERVICES GROUP INC.,US,visa,debit
448917,00-99,PNC FINANCIAL SERVICES GROUP INC.,US,visa,credit
448918,00-99,PNC FINANCIAL SERVICES GROUP INC.,US,visa,credit
448919,00-99,PNC FINANCIAL SERVICES GROUP INC.,US,visa,credit
448920,00-99,PNC BANK NATIONAL ASSOCIATION - CONSUMER CREDIT,US,visa,credit
448921,00-99,PNC BANK NATIONAL ASSOCIATION - CONSUMER CREDIT,US,visa,credit
448922,00-99,PNC FINANCIAL SERVICES GROUP INC.,US,visa,credit
448923,00-99,SECURED ADVANTAGE FEDERAL CREDIT UNION,US,visa,credit
448924,00-99,TRI CITY NATIONAL BANK,US,visa,debit
448925,00-99,THE CITIZENS BANK OF EDMOND,US,visa,debit
448926,00-99,THE CITIZENS BANK OF EDMOND,US,visa,debit
448927,00-99,TCM BANK NATIONAL ASSOCIATION,US,visa,credit
448928,00-99,PNC BANK NATIONAL ASSOCIATION - CONSUMER CREDIT,US,visa,credit
448929,00-99,PNC BANK NATIONAL ASSOCIATION - CONSUMER CREDIT,US,visa,credit
448930,00-99,PNC BANK NATIONAL ASSOCIATION - CONSUMER CREDIT,US,visa,credit
448931,00-99,PNC BANK NATIONAL ASSOCIATION - CONSUMER CREDIT,US,visa,credit
448932,00-99,TCM BANK NATIONAL ASSOCIATION,US,visa,credit
448933,00-99,TCM BANK NATIONAL ASSOCIATION,US,visa,credit
448934,00-99,PARTNERSHIP FINANCIAL CREDIT UNION,US,visa,credit
448935,00-99,CAJA RURAL DE ALMERIA Y MALAGA,NG,visa,debit
448936,00-99,NMB BANK PUBLIC LIMITED COMPANY,TZ,visa,debit
448937,00-99,THE NATIONAL BANK OF INDIANAPOLIS,US,visa,debit
448938,00-99,THE CO-OPERATIVE BANK OF KENYA LTD.,KE,visa,debit
448939,00-99,BAY AREA CREDIT UNION INC,US,visa,debit
448940,00-99,PNC BANK NATIONAL ASSOCIATION - CONSUMER CREDIT,US,visa,credit
448941,00-99,PNC BANK NATIONAL ASSOCIATION - CONSUMER CREDIT,US,visa,credit
448942,00-99,PNC FINANCIAL SERVICES GROUP INC.,US,visa,credit
448943,00-99,PNC BANK NATIONAL ASSOCIATION - CONSUMER CREDIT,US,visa,credit
448944,00-99,PNC BANK NATIONAL ASSOCIATION - CONSUMER CREDIT,US,visa,credit
448945,00-99,TCM BANK NATIONAL ASSOCIATION,US,visa,credit
448946,00-99,PINNACLE BANK,US,visa,debit
448947,00-99,PINNACLE BANK,US,visa,debit
448948,00-99,TCM BANK NATIONAL ASSOCIATION,US,visa,credit
448949,00-99,FLORIDA CREDIT UNION,US,visa,debit
448950,00-99,PNC BANK NATIONAL ASSOCIATION - CONSUMER CREDIT,US,visa,credit
448951,00-99,PNC BANK NATIONAL ASSOCIATION - CONSUMER CREDIT,US,visa,credit
448952,00-99,STOPANSKA BANKA A.D. SKOPJE,MK,visa,debit
448953,00-99,PNC FINANCIAL SERVICES GROUP INC.,US,visa,debit
448954,00-99,THE FIRST BANK AND TRUST COMPANY OF MURPHYSBORO,US,visa,debit
448955,00-99,PNC FINANCIAL SERVICES GROUP INC.,US,visa,debit
448956,00-99,PNC FINANCIAL SERVICES GROUP INC.,US,visa,debit
448957,00-99,WILMINGTON SAVINGS FUND SOCIETY FSB,US,visa,credit
448958,00-99,UNITUS COMMUNITY CREDIT UNION,US,visa,credit
448959,00-99,UTILITIES EMPLOYEES CREDIT UNION,US,visa,credit
448960,00-99,PNC BANK NATIONAL ASSOCIATION - CONSUMER CREDIT,US,visa,credit
448961,00-99,PNC BANK NATIONAL ASSOCIATION - CONSUMER CREDIT,US,visa,credit
448962,00-99,UNITUS COMMUNITY CREDIT UNION,US,visa,credit
448963,00-99,UNITUS COMMUNITY CREDIT UNION,US,visa,debit
448964,00-99,UNITUS COMMUNITY CREDIT UNION,US,visa,debit
448965,00-99,WILMINGTON SAVINGS FUND SOCIETY FSB,US,visa,debit
448966,00-99,THE FIRST NATIONAL BANK OF FORT SMITH,US,visa,debit
448967,00-99,WEST-AIRCOMM FEDERAL CREDIT UNION,US,visa,credit
448968,00-99,WAUNA FEDERAL CREDIT UNION,US,visa,debit
448969,00-99,PNC FINANCIAL SERVICES GROUP INC.,US,visa,debit
448970,00-99,PNC BANK NATIONAL ASSOCIATION - CONSUMER CREDIT,US,visa,credit
448971,00-99,PNC BANK NATIONAL ASSOCIATION - CONSUMER CREDIT,US,visa,credit
448972,00-99,PNC FINANCIAL SERVICES GROUP INC.,US,visa,debit
448973,00-99,PNC FINANCIAL SERVICES GROUP INC.,US,visa,debit
448974,00-99,PNC FINANCIAL SERVICES GROUP INC.,US,visa,credit
448975,00-99,PATHWARD N.A.,US,visa,debit
448976,00-99,PNC FINANCIAL SERVICES GROUP INC.,US,visa,debit
448977,00-99,UNIFY FINANCIAL FEDERAL CREDIT UNION,US,visa,credit
448978,00-99,PNC FINANCIAL SERVICES GROUP INC.,US,visa,credit
448979,00-99,PNC FINANCIAL SERVICES GROUP INC.,US,visa,credit
448980,00-99,PNC BANK NATIONAL ASSOCIATION - CONSUMER CREDIT,US,visa,credit
448981,00-99,PNC FINANCIAL SERVICES GROUP INC.,US,visa,credit
448982,00-99,PNC FINANCIAL SERVICES GROUP INC.,US,visa,credit
448983,00-99,PNC FINANCIAL SERVICES GROUP INC.,US,visa,credit
448984,00-99,PNC FINANCIAL SERVICES GROUP INC.,US,visa,debit
448985,00-99,EDUCATIONAL SYSTEMS FEDERAL CREDIT UNION,US,visa,credit
448986,00-99,HERITAGE FAMILY FEDERAL CREDIT UNION,US,visa,debit
448987,00-99,PNC FINANCIAL SERVICES GROUP INC.,US,visa,debit
448988,00-99,NOTRE DAME FEDERAL CREDIT UNION,US,visa,debit
448989,00-99,LGE COMMUNITY CREDIT UNION,US,visa,credit
448990,00-99,LGE COMMUNITY CREDIT UNION,US,visa,debit
448991,00-99,PNC BANK NATIONAL ASSOCIATION - CONSUMER CREDIT,US,visa,credit
448992,00-99,PNC FINANCIAL SERVICES GROUP INC.,US,visa,debit
448993,00-99,PNC FINANCIAL SERVICES GROUP INC.,US,visa,credit
448994,00-99,PNC FINANCIAL SERVICES GROUP INC.,US,visa,credit
448995,00-99,JPMORGAN CHASE BANK N.A. - COMMERCIAL,US,visa,credit
448996,00-99,U.S. BANK NATIONAL ASSOCIATION-CREDIT,US,visa,credit
448997,00-99,PNC FINANCIAL SERVICES GROUP INC.,US,visa,debit
448998,00-99,PNC FINANCIAL SERVICES GROUP INC.,US,visa,debit
448999,00-99,PNC FINANCIAL SERVICES GROUP INC.,US,visa,credit
449000,00-99,WESTBURY BANK,US,visa,debit
449001,00-99,,US,visa,debit
449002,00-99,MONONA BANK,US,visa,debit
449003,00-99,HERGET BANK N.A.,US,visa,debit
449004,00-99,MIDWESTONE BANK,US,visa,debit
449005,00-99,ARBOR BANK,US,visa,debit
449006,00-99,MIDFIRST BANK,US,visa,credit
449007,00-99,NORTHBROOK BANK AND TRUST COMPANY,US,visa,debit
449008,00-99,CENTERBANK OF JACKSONVILLE N.A.,US,visa,debit
449009,00-99,BMO HARRIS BANK N.A.,US,visa,debit
449010,00-99,ALPINE BANK,US,visa,debit
449011,00-99,UNITEDONE CREDIT UNION,US,visa,debit
449012,00-99,,US,visa,credit
449013,00-99,U.P. EMPLOYEES FEDERAL CREDIT UNION,US,visa,debit
449014,00-99,CREWS BANK & TRUST,US,visa,debit
449015,00-99,PEOPLES STATE BANK OF MUNISING,US,visa,debit
449016,00-99,,US,visa,debit
449017,00-99,WELLS FARGO BANK N.A.,US,visa,credit
449018,00-99,FIRST FEDERAL BANK OF WISCONSIN,US,visa,debit
449019,00-99,BANK OF LAKE MILLS,US,visa,debit
449020,00-99,FLORIDA BANK,US,visa,debit
449021,00-99,COMMUNITY TRUST BANK INC.,US,visa,credit
449022,00-99,CORPORATE AMERICA FAMILY CREDIT UNION,US,visa,debit
449023,00-99,NICOLET NATIONAL BANK,US,visa,debit
449024,00-99,1ST COMMUNITY CREDIT UNION,US,visa,debit
449025,00-99,CREWS BANK & TRUST,US,visa,debit
449026,00-99,COMMUNITY RESOURCE BANK N.A.,US,visa,debit
449027,00-99,ANCHOR D BANK,US,visa,debit
449028,00-99,COMMUNITY FIRST BANK,US,visa,debit
449029,00-99,EAGLE BANK,US,visa,debit
449030,00-99,BRANCH BANKING AND TRUST COMPANY,US,visa,debit
449031,00-99,U.S. BANK N.A.,US,visa,debit
449032,00-99,JPMORGANCHASE BANK N.A.,US,visa,debit
449033,00-99,PREMIER FINANCIAL CREDIT UNION,US,visa,debit
449034,00-99,NEKOOSA PORT EDWARDS STATE BANK,US,visa,debit
449035,00-99,NICOLET NATIONAL BANK,US,visa,credit
449036,00-99,DIGITAL FEDERAL CREDIT UNION,US,visa,credit
449037,00-99,BANK OF SUN PRAIRIE,US,visa,debit
449038,00-99,,US,visa,debit
449039,00-99,FIRST NATIONAL BANK & TRUST,US,visa,debit
449040,00-99,CLOVERBELT CREDIT UNION,US,visa,debit
449041,00-99,FIFTH THIRD BANK,US,visa,debit
449042,00-99,FIRST SAVINGS BANK OF WASHINGTON,US,visa,credit
449043,00-99,TD BANK N.A.,US,visa,debit
449044,00-99,BARRINGTON BANK AND TRUST COMPANY N.A.,US,visa,debit
449045,00-99,FARMERS AND MERCHANTS BANK,US,visa,debit
449046,00-99,CALDWELL STATE BANK IN CALDWELL KANSAS,US,visa,debit
449047,00-99,EAST WEST BANK,US,visa,debit
449048,00-99,,US,visa,debit
449049,00-99,LUMINATE BANK,US,visa,debit
449050,00-99,BMO HARRIS BANK N.A.,US,visa,debit
449051,00-99,ALLIANCE BANK,US,visa,debit
449052,00-99,COMMUNITY TRUST BANK INC.,US,visa,debit
449053,00-99,COMMUNITY TRUST BANK INC.,US,visa,debit
449054,00-99,COMMUNITY TRUST BANK INC.,US,visa,debit
449055,00-99,STATE BANK FINANCIAL,US,visa,debit
449056,00-99,AMERICAN ALLIANCE BANK,US,visa,debit
449057,00-99,COMMUNITY TRUST BANK INC.,US,visa,credit
449058,00-99,BRANCH BANKING AND TRUST COMPANY,US,visa,debit
449059,00-99,NORTHWESTERN MUTUAL CREDIT UNION,US,visa,debit
449060,00-99,FIRST NATIONS BANK,US,visa,debit
449061,00-99,THE BANK OF BOURBONNAIS,US,visa,debit
449062,00-99,BRANCH BANKING AND TRUST COMPANY,US,visa,debit
449063,00-99,FIRST NATIONAL BANK OF PENNSYLVANIA,US,visa,debit
449064,00-99,THE HUNTINGTON NATIONAL BANK,US,visa,debit
449065,00-99,THE HOCKING VALLEY BANK,US,visa,debit
449066,00-99,,US,visa,debit
449067,00-99,,US,visa,debit
449068,00-99,CATHAY BANK,US,visa,debit
449069,00-99,,US,visa,debit
449070,00-99,DEDICATED COMMUNITY BANK,US,visa,debit
449071,00-99,ICBA BANCARD,US,visa,debit
449072,00-99,BRADFORD BANK,US,visa,debit
449073,00-99,ASSOCIATED BANK N.A.,US,visa,debit
449074,00-99,COMMUNITY BANK-WHEATON/ GLEN ELLYN,US,visa,debit
449075,00-99,ENTERPRISE BANK,US,visa,debit
449076,00-99,THE QUEENSTOWN BANK OF MARYLAND,US,visa,debit
449077,00-99,NEW CENTURY BANK,US,visa,debit
449078,00-99,,US,visa,debit
449079,00-99,SPIRIT OF AMERICA FEDERAL CREDIT UNION,US,visa,debit
449080,00-99,COMMUNITY TRUST BANK INC.,US,visa,credit
449081,00-99,COMMUNITY TRUST BANK INC.,US,visa,credit
449082,00-99,RENASANT BANK,US,visa,debit
449083,00-99,GUARANTY BANK,US,visa,debit
449084,00-99,GUARANTY BANK,US,visa,debit
449085,00-99,NICOLET NATIONAL BANK,US,visa,debit
449086,00-99,NICOLET NATIONAL BANK,US,visa,debit
449087,00-99,KELLOGG MIDWEST FEDERAL CREDIT UNION,US,visa,debit
449088,00-99,PT. BANK SINARMAS,ID,visa,debit
449089,00-99,SUMMIT CREDIT UNION,US,visa,debit
449090,00-99,AMERIS BANK,US,visa,debit
449091,00-99,PRUDENTIAL BANK,US,visa,debit
449092,00-99,BANK OF SUN PRAIRIE,US,visa,debit
449093,00-99,WELLS FARGO BANK N.A.,US,visa,debit
449094,00-99,MAIN STREET BANK,US,visa,debit
449095,00-99,EAST WEST BANK,US,visa,debit
449096,00-99,JOHNSON BANK,US,visa,debit
449097,00-99,SUTTON BANK,US,visa,debit
449098,00-99,CIBC BANK USA,US,visa,debit
449099,00-99,FIRSTBANK PUERTO RICO,PR,visa,credit
449100,00-99,SUMMIT BANK,US,visa,debit
449101,00-99,STATE BANK OF SOUTHERN UTAH,US,visa,credit
449102,00-99,WESTERN DAKOTA BANK,US,visa,credit
449103,00-99,NOTRE DAME FEDERAL CREDIT UNION,US,visa,debit
449104,00-99,AMBOY BANK,US,visa,debit
449105,00-99,CITIZENS NATIONAL BANK OF ALBION,US,visa,debit
449106,00-99,ALLIANCE BANK N.A.,US,visa,debit
449107,00-99,ALLIANCE BANK N.A.,US,visa,debit
449108,00-99,NEXTIER BANK NATIONAL ASSOCIATION,US,visa,debit
449109,00-99,ASPIRE CREDIT UNION,US,visa,credit
449110,00-99,SANTANDER BANK N.A.,US,visa,debit
449111,00-99,TOMPKINS VIST BANK,US,visa,debit
449112,00-99,ASPIRE CREDIT UNION,US,visa,credit
449113,00-99,BRADESCO BANK,US,visa,debit
449114,00-99,ROCKLAND FEDERAL CREDIT UNION,US,visa,credit
449115,00-99,LOTTE CARD COMPANY LTD.,KR,visa,credit
449116,00-99,,US,visa,credit
449117,00-99,BANK OF NEW ENGLAND,US,visa,debit
449118,00-99,,KY,visa,credit
449119,00-99,BANCO SAENZ S.A.,AR,visa,credit
449120,00-99,,US,visa,credit
449121,00-99,,US,visa,credit
449122,00-99,,US,visa,credit
449123,00-99,BANCA PROMERICA S.A.,CR,visa,credit
449124,00-99,U.S. BANK N.A.,US,visa,credit
449125,00-99,PEAKE FEDERAL CREDIT UNION,US,visa,debit
449126,00-99,,US,visa,credit
449127,00-99,CAPITAL ONE BANK (USA) N.A.,US,visa,credit
449128,00-99,BANCO DE FORMOSA S.A.,AR,visa,credit
449129,00-99,BANCO DE FORMOSA S.A.,AR,visa,credit
449130,00-99,BANCO DE FORMOSA S.A.,AR,visa,credit
449131,00-99,RIZE FEDERAL CREDIT UNION,US,visa,debit
449132,00-99,WINCHESTER SAVINGS BANK,US,visa,credit
449133,00-99,COMENITY CAPITAL BANK,US,visa,credit
449134,00-99,TECHNOLOGY CREDIT UNION,US,visa,debit
449135,00-99,REGIONS BANK,US,visa,credit
449136,00-99,WINSOUTH CREDIT UNION,US,visa,debit
449137,00-99,BRADESCO,BR,visa,credit
449138,00-99,BANCO BRADESCO S.A.,BR,visa,credit
449139,00-99,ATLANTIC UNION BANK,US,visa,debit
449140,00-99,FIFTH THIRD BANK,US,visa,credit
449141,00-99,FIFTH THIRD BANK,US,visa,credit
449142,00-99,ATLANTA POSTAL CREDIT UNION,US,visa,debit
449143,00-99,KERNDT BROTHERS SAVINGS BANK,US,visa,debit
449144,00-99,HEBRON SAVINGS BANK,US,visa,debit
449145,00-99,FIRST BANK,US,visa,debit
449146,00-99,FIFTH THIRD BANK,US,visa,debit
449147,00-99,TD BANK N.A.,US,visa,credit
449148,00-99,TD BANK N.A.,US,visa,credit
449149,00-99,,US,visa,debit
449150,00-99,SUNRISE BANKS NATIONAL ASSOCIATION,US,visa,debit
449151,00-99,NEXI PAYMENTS S.P.A.,IT,visa,credit
449152,00-99,NEXI PAYMENTS S.P.A.,IT,visa,debit
449153,00-99,NEXI PAYMENTS S.P.A.,IT,visa,debit
449154,00-99,FLORIDA CREDIT UNION,US,visa,debit
449155,00-99,NEXI PAYMENTS S.P.A.,IT,visa,debit
449156,00-99,BANK OF COLORADO,US,visa,debit
449157,00-99,1ST NATIONAL BANK ST. LUCIA LTD (ST. VINCENT & GRENADINES),VC,visa,credit
449158,00-99,ZIONS FIRST NATIONAL BANK,US,visa,credit
449159,00-99,,US,visa,credit
449160,00-99,,US,visa,credit
449161,00-99,TRUIST BANK,US,visa,debit
449162,00-99,BRANCH BANKING AND TRUST COMPANY,US,visa,debit
449163,00-99,TD BANK NATIONAL ASSOCIATION,US,visa,debit
449164,00-99,BANK OF GRAND LAKE,US,visa,debit
449165,00-99,REDWOOD CAPITAL BANK,US,visa,debit
449166,00-99,PNC FINANCIAL SERVICES GROUP INC.,US,visa,debit
449167,00-99,U.S. BANK N.A.,US,visa,debit
449168,00-99,LEWIS & CLARK BANK,US,visa,debit
449169,00-99,FLATWATER BANK,US,visa,debit
449170,00-99,,RU,visa,credit
449171,00-99,BANK OF AMERICA NATIONAL ASSOCIATION,US,visa,credit
449172,00-99,FIRST CHOICE AMERICA COMMUNITY FEDERAL CREDIT UNION,US,visa,debit
449173,00-99,U.S. BANK N.A.,US,visa,credit
449174,00-99,CHINATRUST (PHILIPPINES) COMMERCIAL BANK,PH,visa,debit
449175,00-99,CREDOMATIC DE EL SALVADOR S.A.,SV,visa,credit
449176,00-99,U.S. BANK N.A.,US,visa,credit
449177,00-99,FIRST NATIONAL BANK OF OMAHA,US,visa,credit
449178,00-99,FIRST NATIONAL BANK OF OMAHA,US,visa,credit
449179,00-99,UNITED COMMUNITY BANK,US,visa,debit
449180,00-99,FIRST NATIONAL BANK OF OMAHA,US,visa,credit
449181,00-99,FIRST NATIONAL BANK OF OMAHA,US,visa,credit
449182,00-99,STANDARD BANK PASB,US,visa,debit
449183,00-99,NEXTIER BANK,US,visa,debit
449184,00-99,JPMORGAN CHASE BANK N.A.,US,visa,debit
449185,00-99,U.S. BANK N.A.,US,visa,credit
449186,00-99,UNION STATE BANK,US,visa,credit
449187,00-99,ALQUIMIA DIGITAL MX S.A.P.I. DE C.V. *(OFFBOARDING)*,MX,visa,debit
449188,00-99,BANCOLOMBIA S.A.,CO,visa,credit
449189,00-99,,US,visa,credit
449190,00-99,,US,visa,debit
449191,00-99,BANCO DAVIVIENDA (COSTA RICA) S.A.,CR,visa,credit
449192,00-99,BANCO DE CREDITO DE BOLIVIA S.A.,BO,visa,debit
449193,00-99,STANDARD BANK,US,visa,debit
449194,00-99,SCOTIABANK DE COSTA RICA S.A.,CR,visa,debit
449195,00-99,SCOTIABANK DE COSTA RICA S.A.,CR,visa,debit
449196,00-99,BANCO SANTANDER S.A.,BR,visa,debit
449197,00-99,STANDARD CHARTERED BANK,AE,visa,debit
449198,00-99,,US,visa,credit
449199,00-99,USSCO JOHNSTOWN FEDERAL CREDIT UNION,US,visa,debit
449200,00-99,FIRST FEDERAL BANK OF WISCONSIN,US,visa,debit
449201,00-99,REGIONS BANK,US,visa,credit
449202,00-99,REGIONS BANK,US,visa,credit
449203,00-99,CEDAR RAPIDS STATE BANK,US,visa,debit
449204,00-99,LASSEN COUNTY FEDERAL CREDIT UNION,US,visa,debit
449205,00-99,,US,visa,credit
449206,00-99,EAGLE COMMUNITY CREDIT UNION,US,visa,credit
449207,00-99,WALLIS BANK,US,visa,credit
449208,00-99,FARMERS STATE BANK,US,visa,debit
449209,00-99,CASHMERE VALLEY BANK,US,visa,debit
449210,00-99,GLOBAL FEDERAL CREDIT UNION,US,visa,debit
449211,00-99,ICBA BANCARD INC.,US,visa,debit
449212,00-99,,US,visa,credit
449213,00-99,FIRST INTERSTATE BANK,US,visa,debit
449214,00-99,ENTERPRISE BANK & TRUST,US,visa,credit
449215,00-99,WELLS FARGO BANK N.A.,US,visa,credit
449216,00-99,,US,visa,credit
449217,00-99,ASIAN BANK,US,visa,debit
449218,00-99,PACIFIC CASCADE FEDERAL CREDIT UNION,US,visa,debit
449219,00-99,PREMIER MEMBERS CREDIT UNION,US,visa,debit
449220,00-99,HOMESTREET BANK,US,visa,debit
449221,00-99,BOKF NATIONAL ASSOCIATION,US,visa,debit
449222,00-99,FIRST TECHNOLOGY FEDERAL CREDIT UNION,US,visa,credit
449223,00-99,PARTNERS FEDERAL CREDIT UNION,US,visa,credit
449224,00-99,VALLEY PREMIER BANK,US,visa,debit
449225,00-99,DALLAS CAPITAL BANK,US,visa,credit
449226,00-99,U.S. BANK N.A.,US,visa,credit
449227,00-99,CITIBANK NATIONAL ASSOCIATION - CONSUMER,US,visa,credit
449228,00-99,CITIBANK NATIONAL ASSOCIATION - CONSUMER,US,visa,credit
449229,00-99,FARMERS STATE BANK,US,visa,debit
449230,00-99,RIVERMARK COMMUNITY CREDIT UNION,US,visa,debit
449231,00-99,,US,visa,credit
449232,00-99,EVERGREEN DIRECT CREDIT UNION,US,visa,debit
449233,00-99,CENTRAL WILLAMETTE COMMUNITY CREDIT UNION,US,visa,debit
449234,00-99,PACIFIC NW FEDERAL CREDIT UNION,US,visa,debit
449235,00-99,ALASKA AIR GROUP FEDERAL CREDIT UNION,US,visa,debit
449236,00-99,OREGONIANS CREDIT UNION,US,visa,debit
449237,00-99,EWEB EMPLOYEES FEDERAL CREDIT UNION,US,visa,debit
449238,00-99,COAST CENTRAL CREDIT UNION,US,visa,credit
449239,00-99,COAST CENTRAL CREDIT UNION,US,visa,debit
449240,00-99,THE CITIZENS NATIONAL BANK OF BLUFFTON,US,visa,credit
449241,00-99,AMERICAN STATE BANK,US,visa,credit
449242,00-99,PINNACLE BANK,US,visa,credit
449243,00-99,PINNACLE BANK,US,visa,credit
449244,00-99,CLARK COUNTY CREDIT UNION,US,visa,debit
449245,00-99,CARD SERVICES FOR CREDIT UNIONS,US,visa,credit
449246,00-99,EVERGREEN DIRECT CREDIT UNION,US,visa,debit
449247,00-99,PARTNERS FEDERAL CREDIT UNION,US,visa,debit
449248,00-99,FIRST COMMUNITY CREDIT UNION,US,visa,credit
449249,00-99,PIKES PEAK CREDIT UNION,US,visa,debit
449250,00-99,EXTRACO BANKS N.A.,US,visa,debit
449251,00-99,BANK OF COMMERCE,US,visa,credit
449252,00-99,SNOCOPE CREDIT UNION,US,visa,debit
449253,00-99,SEATTLE METROPOLITAN CREDIT UNION,US,visa,debit
449254,00-99,WAUNA FEDERAL CREDIT UNION,US,visa,debit
449255,00-99,PREMIER MEMBERS CREDIT UNION,US,visa,credit
449256,00-99,PEOPLE'S COMMUNITY FEDERAL CREDIT UNION,US,visa,debit
449257,00-99,ANCHOR BANK,US,visa,debit
449258,00-99,FIRST NATIONAL BANK OF OMAHA,US,visa,credit
449259,00-99,FIRST NATIONAL BANK OF OMAHA,US,visa,credit
449260,00-99,WESTAMERICA BANK,US,visa,credit
449261,00-99,FIRST NATIONAL BANK OF ANCHORAGE,US,visa,credit
449262,00-99,PARTNERS FEDERAL CREDIT UNION,US,visa,credit
449263,00-99,THE FIRST NATIONAL BANK OF FREDERICK,US,visa,debit
449264,00-99,NEWRIZONS FEDERAL CREDIT UNION,US,visa,debit
449265,00-99,BENTON COUNTY SCHOOLS CREDIT UNION,US,visa,debit
449266,00-99,TVA COMMUNITY CREDIT UNION,US,visa,debit
449267,00-99,NORTHROP GRUMMAN FEDERAL CREDIT UNION,US,visa,debit
449268,00-99,TCM BANK N.A.,US,visa,debit
449269,00-99,U S #1364 FEDERAL CREDIT UNION,US,visa,debit
449270,00-99,WEBSTER BANK NATIONAL ASSOCIATION,US,visa,debit
449271,00-99,WEBSTER BANK NATIONAL ASSOCIATION,US,visa,credit
449272,00-99,STIFEL BANK,US,visa,debit
449273,00-99,FIRST UTAH BANK,US,visa,debit
449274,00-99,PACIFIC PREMIER BANK,US,visa,debit
449275,00-99,ALASKA USA FEDERAL CREDIT UNION,US,visa,debit
449276,00-99,CENTENNIAL BANK,US,visa,credit
449277,00-99,MIRASTAR FEDERAL CREDIT UNION,US,visa,debit
449278,00-99,WAYPOINT BANK,US,visa,debit
449279,00-99,BA MERCHANT SERVICES INC.,US,visa,credit
449280,00-99,BA MERCHANT SERVICES INC.,US,visa,credit
449281,00-99,BANK OF LABOR,US,visa,credit
449282,00-99,BANK OF LABOR,US,visa,credit
449283,00-99,FRONTIER BANK,US,visa,credit
449284,00-99,FRONTIER BANK,US,visa,credit
449285,00-99,WESTAMERICA BANK,US,visa,credit
449286,00-99,FIRST SECURITY BANK OF MISSOULA,US,visa,credit
449287,00-99,GLACIER BANK,US,visa,credit
449288,00-99,POPULAR BANK,US,visa,credit
449289,00-99,FLATWATER BANK,US,visa,debit
449290,00-99,FIRST INTERSTATE BANK,US,visa,debit
449291,00-99,FIRST INTERSTATE BANK,US,visa,debit
449292,00-99,HTLF BANK,US,visa,debit
449293,00-99,FIRST INTERSTATE BANK,US,visa,debit
449294,00-99,FIRST INTERSTATE BANK,US,visa,debit
449295,00-99,FIRST NATIONAL BANK AND TRUST COMPANY,US,visa,debit
449296,00-99,FIRST INTERSTATE BANK,US,visa,credit
449297,00-99,FIRST INTERSTATE BANK,US,visa,credit
449298,00-99,FIRST INTERSTATE BANK,US,visa,debit
449299,00-99,WELLS FARGO BANK N.A.,US,visa,debit
449300,00-99,SKYLA FEDERAL CREDIT UNION,US,visa,credit
449301,00-99,ODIN STATE BANK,US,visa,debit
449302,00-99,TD BANK N.A.,US,visa,credit
449303,00-99,WELLS FARGO BANK N.A.,US,visa,credit
449304,00-99,WELLS FARGO BANK N.A.,US,visa,credit
449305,00-99,BRUNSWICK BANK AND TRUST COMPANY,US,visa,credit
449306,00-99,UNITED PACIFIC BANK,US,visa,debit
449307,00-99,PEOPLE'S UNITED BANK,US,visa,debit
449308,00-99,BAKER FEDERAL CREDIT UNION,US,visa,debit
449309,00-99,SOUTH STATE BANK,US,visa,credit
449310,00-99,SOUTH STATE BANK,US,visa,credit
449311,00-99,MERRICK BANK,US,visa,credit
449312,00-99,COMMUNITY POWERED FEDERAL CREDIT UNION,US,visa,debit
449313,00-99,,US,visa,debit
449314,00-99,COMMUNITY BANK N.A.,US,visa,debit
449315,00-99,AHLI BANK (S.A.O.G),OM,visa,debit
449316,00-99,AHLI BANK (S.A.O.G),OM,visa,debit
449317,00-99,,US,visa,debit
449318,00-99,,RO,visa,credit
449319,00-99,CESKA SPORITELNA A.S.,CZ,visa,debit
449320,00-99,KOMERCNI BANKA A.S.,CZ,visa,credit
449321,00-99,FIRST FOUNDATION BANK,US,visa,credit
449322,00-99,PROVISIONAL BID - BARKO MUTUAL BANK,ZA,visa,debit
449323,00-99,ABSA GROUP LTD.,ZA,visa,credit
449324,00-99,ABSA GROUP LTD.,ZA,visa,credit
449325,00-99,BANCO SANTANDER S.A.,BR,visa,credit
449326,00-99,SVENSKA HANDELSBANKEN AB (PUBL),SE,visa,credit
449327,00-99,ZIONS FIRST NATIONAL BANK,US,visa,debit
449328,00-99,BANCO SANTANDER S.A.,ES,visa,credit
449329,00-99,THE NATIONAL BANK OF ADAMS COUNTY OF WEST UNION,US,visa,debit
449330,00-99,HERITAGE BANK,US,visa,debit
449331,00-99,UMB BANK NATIONAL ASSOCIATION,US,visa,credit
449332,00-99,TRUWEST CREDIT UNION,US,visa,debit
449333,00-99,TBA CREDIT UNION,US,visa,credit
449334,00-99,MICHIGAN LEGACY CREDIT UNION,US,visa,credit
449335,00-99,STRIDE BANK NATIONAL ASSOCIATION,US,visa,debit
449336,00-99,WESTERN ALLIANCE BANK,US,visa,debit
449337,00-99,UTILITIES EMPLOYEES CREDIT UNION,US,visa,debit
449338,00-99,CAIXABANK S.A.,ES,visa,credit
449339,00-99,,US,visa,credit
449340,00-99,,US,visa,credit
449341,00-99,NORTH JERSEY FEDERAL CREDIT UNION,US,visa,debit
449342,00-99,SLOVENSKA SPORITELNA A.S.,SK,visa,credit
449343,00-99,CAIXABANK S.A.,ES,visa,credit
449344,00-99,PJSC BANK ALEKSANDROVSKY,RU,visa,credit
449345,00-99,,RO,visa,credit
449346,00-99,,RO,visa,credit
449347,00-99,SANTANDER CONSUMER FINANCE S.A.,ES,visa,credit
449348,00-99,BANCO SANTANDER S.A.,ES,visa,credit
449349,00-99,THE HOUSING BANK FOR TRADE & FINANCE,JO,visa,debit
449350,00-99,HOME FEDERAL BANK OF TENNESSEE,US,visa,debit
449351,00-99,CAMPCO FEDERAL CREDIT UNION,US,visa,debit
449352,00-99,NATIONWIDE BUILDING SOCIETY,GB,visa,credit
449353,00-99,NATIONWIDE BUILDING SOCIETY,GB,visa,credit
449354,00-99,LEGACY FEDERAL CREDIT UNION,US,visa,debit
449355,00-99,BARCLAYS BANK PLC,GB,visa,credit
449356,00-99,,RU,visa,credit
449357,00-99,BANCO SABADELL S.A.,ES,visa,credit
449358,00-99,BANCO COOPERATIVO ESPANOL S.A.,ES,visa,credit
449359,00-99,,RO,visa,credit
449360,00-99,FIRST INTERSTATE BANK,US,visa,debit
449361,00-99,FIRST INTERSTATE BANK,US,visa,debit
449362,00-99,RSNB BANK,US,visa,debit
449363,00-99,WELLS FARGO BANK N.A.,US,visa,debit
449364,00-99,FIRST INTERSTATE BANK,US,visa,debit
449365,00-99,HORIZON CREDIT UNION,US,visa,debit
449366,00-99,FREEDOM NORTHWEST CREDIT UNION,US,visa,debit
449367,00-99,HEARTLAND BANK,US,visa,debit
449368,00-99,BANCO COOPERATIVO ESPANOL S.A.,ES,visa,credit
449369,00-99,ABANKA D.D.,SI,visa,credit
449370,00-99,ANDERSON BROTHERS BANK,US,visa,debit
449371,00-99,ICBA BANCARD INC.,US,visa,debit
449372,00-99,WELLS FARGO BANK N.A.,US,visa,debit
449373,00-99,MIDWEST COMMUNITY FEDERAL CREDIT UNION,US,visa,debit
449374,00-99,F&M BANK,US,visa,debit
449375,00-99,HERITAGE FEDERAL CREDIT UNION,US,visa,credit
449376,00-99,WELLS FARGO BANK N.A.,US,visa,debit
449377,00-99,METROBANK CARD CORPORATION,PH,visa,credit
449378,00-99,ICBA BANCARD INC.,US,visa,debit
449379,00-99,THE FARMERS BANK OF APPOMATTOX,US,visa,debit
449380,00-99,METABANK,US,visa,debit
449381,00-99,NORTH JERSEY FEDERAL CREDIT UNION,US,visa,debit
449382,00-99,OE FEDERAL CREDIT UNION,US,visa,credit
449383,00-99,PUBLIC JOINT-STOCK COMPANY BANK OTKRITIE FINANCIAL CORPORATION,RU,visa,debit
449384,00-99,,RO,visa,credit
449385,00-99,SUMITOMO MITSUI TRUST CARD CO. LTD.,JP,visa,credit
449386,00-99,SUMITOMO MITSUI TRUST CARD CO. LTD.,JP,visa,credit
449387,00-99,AHLI BANK Q.S.C.,QA,visa,credit
449388,00-99,QATAR ISLAMIC BANK (S.A.Q.),QA,visa,credit
449389,00-99,BANCO SANTANDER TOTTA S.A.,PT,visa,debit
449390,00-99,BANCA COMERCIALA ROMANA S.A.,RO,visa,debit
449391,00-99,BANCA COMERCIALA ROMANA S.A.,RO,visa,debit
449392,00-99,UNITED FLORISTS FEDERAL CREDIT UNION,US,visa,debit
449393,00-99,PINNACLE BANK,US,visa,debit
449394,00-99,WEYCO COMMUNITY CREDIT UNION,US,visa,debit
449395,00-99,GLACIER BANK,US,visa,credit
449396,00-99,VALLEY STRONG CREDIT UNION,US,visa,debit
449397,00-99,SECURITY STATE BANK,US,visa,debit
449398,00-99,WELLS FARGO BANK N.A.,US,visa,credit
449399,00-99,FRONTIER BANK,US,visa,debit
449400,00-99,SKYLA FEDERAL CREDIT UNION,US,visa,credit
449401,00-99,ADDITION FINANCIAL CREDIT UNION,US,visa,credit
449402,00-99,,US,visa,credit
449403,00-99,WES CREDIT UNION,US,visa,credit
449404,00-99,WES CREDIT UNION,US,visa,credit
449405,00-99,TRELLANCE INC.,US,visa,credit
449406,00-99,GRANITE STATE CREDIT UNION,US,visa,debit
449407,00-99,SISKIYOU CREDIT UNION,US,visa,debit
449408,00-99,GEORGIA'S OWN CREDIT UNION,US,visa,credit
449409,00-99,,US,visa,credit
449410,00-99,MEMBERS FIRST CREDIT UNION,US,visa,credit
449411,00-99,MEMBERSFIRST CREDIT UNION,US,visa,credit
449412,00-99,JPMORGAN CHASE & CO.,US,visa,credit
449413,00-99,GE CAPITAL FINANCIAL INC.,US,visa,credit
449414,00-99,USALLIANCE FEDERAL CREDIT UNION,US,visa,credit
449415,00-99,CITIZENS BANK N.A.,US,visa,credit
449416,00-99,TOMPKINS TRUST COMPANY,US,visa,debit
449417,00-99,ITHINK FINANCIAL,US,visa,credit
449418,00-99,POINT BREEZE CREDIT UNION,US,visa,credit
449419,00-99,U.S. BANK N.A.,US,visa,credit
449420,00-99,,US,visa,credit
449421,00-99,121 FINANCIAL CREDIT UNION,US,visa,credit
449422,00-99,WELLS FARGO BANK N.A.,US,visa,credit
449423,00-99,SOUTH STATE BANK,US,visa,credit
449424,00-99,SOUTH STATE BANK,US,visa,credit
449425,00-99,,ID,visa,debit
449426,00-99,,US,visa,credit
449427,00-99,KEYBANK N.A.,US,visa,credit
449428,00-99,CAPE COD FIVE CENTS SAVINGS BANK,US,visa,credit
449429,00-99,BENCHMARK FEDERAL CREDIT UNION,US,visa,credit
449430,00-99,CORE CREDIT UNION,US,visa,credit
449431,00-99,BRANCH BANKING AND TRUST COMPANY,US,visa,credit
449432,00-99,FIRST NATIONAL BANK OF OMAHA,US,visa,credit
449433,00-99,FIRST NATIONAL BANK OF OMAHA,US,visa,credit
449434,00-99,FIRST NATIONAL BANK OF OMAHA,US,visa,credit
449435,00-99,SPACE COAST CREDIT UNION,US,visa,debit
449436,00-99,,US,visa,debit
449437,00-99,,US,visa,credit
449438,00-99,OLD POINT NATIONAL BANK OF PHOEBUS,US,visa,credit
449439,00-99,SEASONS FEDERAL CREDIT UNION,US,visa,credit
449440,00-99,SEASONS FEDERAL CREDIT UNION,US,visa,credit
449441,00-99,CITIBANK N.A.,US,visa,credit
449442,00-99,ASSOCIATES NATIONAL BANK (DELAWARE),US,visa,credit
449443,00-99,FIRST NATIONAL BANK OF GRIFFIN,US,visa,debit
449444,00-99,VALLEY STRONG CREDIT UNION,US,visa,debit
449445,00-99,WESTEX COMMUNITY CREDIT UNION,US,visa,debit
449446,00-99,WESBANCO BANK INC.,US,visa,debit
449447,00-99,TRUWEST CREDIT UNION,US,visa,credit
449448,00-99,GUARANTY BANK AND TRUST COMPANY,US,visa,debit
449449,00-99,S&T BANK,US,visa,debit
449450,00-99,BANK OZK,US,visa,debit
449451,00-99,UTAH COMMUNITY FEDERAL CREDIT UNION,US,visa,debit
449452,00-99,LA TERRE FEDERAL CREDIT UNION,US,visa,debit
449453,00-99,ICBA BANCARD INC.,US,visa,credit
449454,00-99,FIRST NATIONAL BANK OF OMAHA,US,visa,debit
449455,00-99,SOONER STATE BANK,US,visa,credit
449456,00-99,BBVA USA,US,visa,debit
449457,00-99,ARVEST BANK,US,visa,credit
449458,00-99,BANKERS' BANK,US,visa,credit
449459,00-99,CORNERSTONE BANK,US,visa,debit
449460,00-99,SUN COMMUNITY FEDERAL CREDIT UNION,US,visa,credit
449461,00-99,SUN COMMUNITY FEDERAL CREDIT UNION,US,visa,credit
449462,00-99,GLACIER BANK,US,visa,debit
449463,00-99,PREMIER AMERICA CREDIT UNION,US,visa,credit
449464,00-99,WELLS FARGO BANK N.A.,US,visa,debit
449465,00-99,THE GOLDEN 1 CREDIT UNION,US,visa,debit
449466,00-99,,US,visa,credit
449467,00-99,,US,visa,credit
449468,00-99,TWO RIVERS BANK,US,visa,debit
449469,00-99,FIRST INTERSTATE BANK,US,visa,debit
449470,00-99,ICBA BANCARD INC.,US,visa,debit
449471,00-99,AMERICAN COMMERCE BANK NATIONAL ASSOCIATION,US,visa,debit
449472,00-99,,US,visa,debit
449473,00-99,CORNING FEDERAL CREDIT UNION,US,visa,debit
449474,00-99,FIRST FARMERS AND MERCHANTS BANK,US,visa,debit
449475,00-99,,US,visa,debit
449476,00-99,PEOPLES STATE BANK OF PLAINVIEW,US,visa,debit
449477,00-99,TINKER FEDERAL CREDIT UNION,US,visa,debit
449478,00-99,HERITAGE BANK,US,visa,debit
449479,00-99,UNITED SOUTHWEST BANK,US,visa,credit
449480,00-99,UNITED SOUTHWEST BANK,US,visa,credit
449481,00-99,,US,visa,credit
449482,00-99,VALLEY F.C.U. OF MONTANA,US,visa,credit
449483,00-99,COMMONWEALTH BANK OF AUSTRALIA,AU,visa,credit
449484,00-99,CITIZENS BANK AND TRUST COMPANY,US,visa,credit
449485,00-99,ENTERPRISE BANK & TRUST,US,visa,debit
449486,00-99,UNIFY FINANCIAL CREDIT UNION,US,visa,credit
449487,00-99,ORANGE BANK &TRUST COMPANY,US,visa,debit
449488,00-99,ATLANTIC UNION BANK,US,visa,debit
449489,00-99,SOLARITY CREDIT UNION,US,visa,debit
449490,00-99,CREDIT UNION 1,US,visa,debit
449491,00-99,VERITAS FEDERAL CREDIT UNION,US,visa,credit
449492,00-99,FIFTH THIRD BANK,US,visa,credit
449493,00-99,PEOPLES STATE BANK OF HALLETTSVILLE,US,visa,debit
449494,00-99,USALLIANCE FEDERAL CREDIT UNION,US,visa,debit
449495,00-99,COOPERATIVA INTEGRAL DE AHORRO Y CREDITO ITZA R.L.,GT,visa,credit
449496,00-99,WELLS FARGO BANK N.A.,US,visa,credit
449497,00-99,HAPO COMMUNITY CREDIT UNION,US,visa,debit
449498,00-99,REGIONS BANK,US,visa,debit
449499,00-99,,US,visa,debit
449500,00-99,TD BANK N.A.,US,visa,credit
449501,00-99,CORNING FEDERAL CREDIT UNION,US,visa,debit
449502,00-99,MEMBERS 1ST CREDIT UNION,US,visa,credit
449503,00-99,SUFFOLK FEDERAL CREDIT UNION,US,visa,debit
449504,00-99,UTAH FIRST FEDERAL CREDIT UNION,US,visa,credit
449505,00-99,DOCK INSTITUICAO DE PAGAMENTO S.A.,BR,visa,debit
449506,00-99,WESTERN HOSPITALS FEDERAL CREDIT UNION,US,visa,credit
449507,00-99,Y-12 FEDERAL CREDIT UNION,US,visa,debit
449508,00-99,SONOMA FEDERAL CREDIT UNION,US,visa,debit
449509,00-99,MEMBERS CREDIT UNION,US,visa,debit
449510,00-99,BARKSDALE FEDERAL CREDIT UNION,US,visa,debit
449511,00-99,DORT FINANCIAL CREDIT UNION,US,visa,debit
449512,00-99,CORPORATE AMERICA FAMILY CREDIT UNION,US,visa,debit
449513,00-99,GREATER CINCINNATI CREDIT UNION INC.,US,visa,debit
449514,00-99,CREDIT UNION OF OHIO,US,visa,debit
449515,00-99,UNION SQUARE FEDERAL CREDIT UNION,US,visa,debit
449516,00-99,NORTHEAST SCHOOLS AND HOSPITAL CREDIT UNION,US,visa,debit
449517,00-99,AFFINITY FEDERAL CREDIT UNION,US,visa,debit
449518,00-99,COMMUNITY CHOICE CREDIT UNION,US,visa,debit
449519,00-99,TAPCO CREDIT UNION,US,visa,debit
449520,00-99,TORRANCE COMMUNITY FEDERAL CREDIT UNION,US,visa,debit
449521,00-99,VIRGINIA NATIONAL BANK,US,visa,debit
449522,00-99,CARD SERVICES FOR CREDIT UNIONS,US,visa,debit
449523,00-99,,US,visa,debit
449524,00-99,SANTA BARBARA COUNTY FEDERAL CREDIT UNION,US,visa,debit
449525,00-99,,US,visa,credit
449526,00-99,THE CITY STATE BANK,US,visa,debit
449527,00-99,,US,visa,credit
449528,00-99,CONSUMERS CREDIT UNION,US,visa,debit
449529,00-99,ASSOCIATED BANK N.A.,US,visa,debit
449530,00-99,ASSOCIATED BANK N.A.,US,visa,debit
449531,00-99,ASSOCIATED BANK N.A.,US,visa,debit
449532,00-99,ASSOCIATED BANK N.A.,US,visa,debit
449533,00-99,COMMUNITY FEDERAL SAVINGS BANK,US,visa,debit
449534,00-99,,US,visa,credit
449535,00-99,BATON ROUGE TELCO FEDERAL CREDIT UNION,US,visa,credit
449536,00-99,WILLIS KNIGHTON FEDERAL CREDIT UNION,US,visa,debit
449537,00-99,TRI-VALLEY SERVICE FEDERAL CREDIT UNION,US,visa,debit
449538,00-99,UNIVERSITY OF PENNSYLVANIA STUDENT FEDERAL CREDIT UNION,US,visa,debit
449539,00-99,UNITED SAVINGS BANK,US,visa,debit
449540,00-99,WELLS FARGO BANK N.A.,US,visa,debit
449541,00-99,FARMERS AND MERCHANTS BANK,US,visa,debit
449542,00-99,PRUDENTIAL BANK,US,visa,credit
449543,00-99,PRUDENTIAL BANK,US,visa,debit
449544,00-99,NORTHERN VALLEY FEDERAL CREDIT UNION,US,visa,credit
449545,00-99,ALDEN CREDIT UNION,US,visa,credit
449546,00-99,,US,visa,credit
449547,00-99,FIRSTBANK,US,visa,credit
449548,00-99,BANK OF BOTETOURT,US,visa,debit
449549,00-99,BANK OF AMERICA NATIONAL ASSOCIATION,US,visa,credit
449550,00-99,,BS,visa,credit
449551,00-99,FULTON BANK NATIONAL ASSOCIATION,US,visa,debit
449552,00-99,FULTON BANK,US,visa,debit
449553,00-99,RADIFI FEDERAL CREDIT UNION,US,visa,debit
449554,00-99,,US,visa,credit
449555,00-99,FIRST PORT CITY BANK,US,visa,debit
449556,00-99,BRANCH BANKING AND TRUST COMPANY,US,visa,debit
449557,00-99,,US,visa,credit
449558,00-99,ALQUIMIA DIGITAL MX S.A.P.I. DE C.V. *(OFFBOARDING)*,MX,visa,debit
449559,00-99,IBERIABANK,US,visa,credit
449560,00-99,,US,visa,credit
449561,00-99,TOPSIDE FEDERAL CREDIT UNION,US,visa,debit
449562,00-99,FIRST INTERSTATE BANK,US,visa,debit
449563,00-99,THE HUNTINGTON NATIONAL BANK,US,visa,credit
449564,00-99,,US,visa,debit
449565,00-99,ICBA BANCARD INC.,US,visa,credit
449566,00-99,GOVERNMENT SAVINGS BANK,TH,visa,credit
449567,00-99,SUMITOMO MITSUI CARD COMPANY LTD.,JP,visa,credit
449568,00-99,TRUIST BANK,US,visa,credit
449569,00-99,FEDCHOICE FEDERAL CREDIT UNION,US,visa,credit
449570,00-99,,HK,visa,credit
449571,00-99,UNITED COMMUNITY BANK,US,visa,debit
449572,00-99,LLC HOME CREDIT AND FINANCE BANK,RU,visa,credit
449573,00-99,CITIZENS BANK N.A.,US,visa,credit
449574,00-99,TRUIST BANK,US,visa,credit
449575,00-99,,IN,visa,debit
449576,00-99,WATERBURY CONNECTICUT TEACHERS FEDERAL CREDIT UNION,US,visa,credit
449577,00-99,CAJA RURAL DE AHORRO Y CREDITO CENCOSUD SCOTIA PERU S.A.,PE,visa,credit
449578,00-99,BANCO FICOHSA NICARAGUA S.A.,NI,visa,debit
449579,00-99,COMMUNITY BANK N.A.,US,visa,debit
449580,00-99,PNC FINANCIAL SERVICES GROUP INC.,US,visa,debit
449581,00-99,FIRST NATIONAL BANK OF ATHENS,US,visa,credit
449582,00-99,FIRST GLOBAL BANK LTD.,JM,visa,credit
449583,00-99,EFEVOO PAY S.A.P.I DE C.V.,MX,visa,credit
449584,00-99,FLORIDA STATE EMPLOYEES FEDERAL CREDIT UNION,US,visa,debit
449585,00-99,ACHIEVA CREDIT UNION,US,visa,debit
449586,00-99,BANCO COOMEVA S.A.,CO,visa,debit
449587,00-99,ROCKFORD BELL CREDIT UNION,US,visa,credit
449588,00-99,CONSUMERS CREDIT UNION,US,visa,credit
449589,00-99,NOVOPAYMENT S.A.S.,CO,visa,debit
449590,00-99,CHESAPEAKE BANK,US,visa,debit
449591,00-99,PEOPLE'S UNITED BANK,US,visa,debit
449592,00-99,,US,visa,debit
449593,00-99,BANCO COOMEVA S.A.,CO,visa,debit
449594,00-99,COUNTYBANK,US,visa,debit
449595,00-99,ITAU CORPBANCA,CL,visa,credit
449596,00-99,HANCOCK WHITNEY BANK,US,visa,debit
449597,00-99,UNITED BANK,US,visa,debit
449598,00-99,FIRST STATE BANK OF BLAKELY,US,visa,debit
449599,00-99,SHANGHAI COMMERCIAL AND SAVINGS BANK LTD.,TW,visa,credit
449600,00-99,PJC SCBP PRIMSOTSBANK,RU,visa,debit
449601,00-99,NORTHEAST CREDIT UNION,US,visa,debit
449602,00-99,ANCORUM CREDIT UNION,US,visa,debit
449603,00-99,ACADIA FEDERAL CREDIT UNION,US,visa,debit
449604,00-99,BANGOR FEDERAL CREDIT UNION,US,visa,debit
449605,00-99,CENTRAL MAINE FEDERAL CREDIT UNION,US,visa,debit
449606,00-99,EVERGREEN CREDIT UNION,US,visa,debit
449607,00-99,PENOBSCOT COUNTY FEDERAL CREDIT UNION,US,visa,debit
449608,00-99,LINCOLN MAINE FEDERAL CREDIT UNION,US,visa,debit
449609,00-99,MAINE FAMILY FEDERAL CREDIT UNION,US,visa,debit
449610,00-99,TRUCHOICE FEDERAL CREDIT UNION,US,visa,debit
449611,00-99,MAINE SAVINGS FEDERAL CREDIT UNION,US,visa,debit
449612,00-99,,IN,visa,debit
449613,00-99,UNIVERSITY CREDIT UNION,US,visa,debit
449614,00-99,DIRIGO FEDERAL CREDIT UNION,US,visa,debit
449615,00-99,MAINE STATE CREDIT UNION,US,visa,debit
449616,00-99,TOWN & COUNTRY FEDERAL CREDIT UNION,US,visa,debit
449617,00-99,COMMUNITY CREDIT UNION,US,visa,debit
449618,00-99,MAINE HIGHLANDS FEDERAL CREDIT UNION,US,visa,debit
449619,00-99,MIDCOAST FEDERAL CREDIT UNION,US,visa,debit
449620,00-99,BANCO COMERCIAL DE MANABI S.A.,EC,visa,debit
449621,00-99,OXFORD FEDERAL CREDIT UNION,US,visa,debit
449622,00-99,NORSTATE FEDERAL CREDIT UNION,US,visa,debit
449623,00-99,DOWNEAST CREDIT UNION,US,visa,debit
449624,00-99,THE COUNTY FEDERAL CREDIT UNION,US,visa,debit
449625,00-99,COAST LINE CREDIT UNION,US,visa,debit
449626,00-99,ACADIA FEDERAL CREDIT UNION,US,visa,debit
449627,00-99,ATLANTIC REGIONAL FEDERAL CREDIT UNION,US,visa,debit
449628,00-99,INTL HDQTRS-CENTER OWNED,GM,visa,debit
449629,00-99,CONNECTED CREDIT UNION,US,visa,debit
449630,00-99,AL-SALAM BANK - BAHRAIN B.S.C.,BH,visa,debit
449631,00-99,NEW DIMENSIONS FEDERAL CREDIT UNION,US,visa,debit
449632,00-99,CPORT CREDIT UNION,US,visa,debit
449633,00-99,CUMBERLAND COUNTY FEDERAL CREDIT UNION,US,visa,debit
449634,00-99,ATLANTIC FEDERAL CREDIT UNION,US,visa,debit
449635,00-99,CASCO FEDERAL CREDIT UNION,US,visa,debit
449636,00-99,HEALTHCARE FINANCIAL FEDERAL CREDIT UNION,US,visa,credit
449637,00-99,WINTHROP AREA FEDERAL CREDIT UNION,US,visa,debit
449638,00-99,GARDINER FEDERAL CREDIT UNION,US,visa,debit
449639,00-99,LOVELADY STATE BANK,US,visa,debit
449640,00-99,KSW FEDERAL CREDIT UNION,US,visa,debit
449641,00-99,UNIVERSITY CREDIT UNION,US,visa,debit
449642,00-99,,US,visa,debit
449643,00-99,SABATTUS REGIONAL CREDIT UNION,US,visa,debit
449644,00-99,MILESTONES FEDERAL CREDIT UNION,US,visa,debit
449645,00-99,NORTHWEST HILLS CREDIT UNION,US,visa,debit
449646,00-99,CAPITAL AREA FEDERAL CREDIT UNION,US,visa,debit
449647,00-99,INTL HDQTRS-CENTER OWNED,GM,visa,credit
449648,00-99,TRADEMARK FEDERAL CREDIT UNION,US,visa,debit
449649,00-99,ACADIA FEDERAL CREDIT UNION,US,visa,debit
449650,00-99,OTIS FEDERAL CREDIT UNION,US,visa,debit
449651,00-99,,US,visa,debit
449652,00-99,TAUNTON FEDERAL CREDIT UNION,US,visa,debit
449653,00-99,SEBASTICOOK VALLEY FEDERAL CREDIT UNION,US,visa,debit
449654,00-99,FRANKLIN-SOMERSET FEDERAL CREDIT UNION,US,visa,debit
449655,00-99,SBER BANK,BY,visa,debit
449656,00-99,ENFIELD COMMUNITY FEDERAL CREDIT UNION,US,visa,debit
449657,00-99,KV FEDERAL CREDIT UNION,US,visa,debit
449658,00-99,CUMBERLAND COUNTY FEDERAL CREDIT UNION,US,visa,debit
449659,00-99,,US,visa,debit
449660,00-99,MAINE SOLUTIONS FEDERAL CREDIT UNION,US,visa,debit
449661,00-99,KATAHDIN FEDERAL CREDIT UNION,US,visa,debit
449662,00-99,EASTMILL FEDERAL CREDIT UNION,US,visa,debit
449663,00-99,UNIVERSITY CREDIT UNION,US,visa,debit
449664,00-99,LISBON COMMUNITY FEDERAL CREDIT UNION,US,visa,debit
449665,00-99,GREAT FALLS REGIONAL FEDERAL CREDIT UNION,US,visa,debit
449666,00-99,NEW DIMENSIONS FEDERAL CREDIT UNION,US,visa,debit
449667,00-99,CONNECTED CREDIT UNION,US,visa,debit
449668,00-99,POCKET CARD COMPANY LTD.,JP,visa,credit
449669,00-99,COREPLUS FEDERAL CREDIT UNION,US,visa,debit
449670,00-99,NEW ENGLAND UNITED METHODIST FEDERAL CREDIT UNION,US,visa,debit
449671,00-99,COMMUNITY HEALTHCARE CREDIT UNION INC,US,visa,debit
449672,00-99,COREPLUS FEDERAL CREDIT UNION,US,visa,debit
449673,00-99,,US,visa,credit
449674,00-99,SACO VALLEY CREDIT UNION,US,visa,debit
449675,00-99,AMERICA'S FIRST NETWORK CREDIT UNION,US,visa,debit
449676,00-99,K V FEDERAL CREDIT UNION,US,visa,debit
449677,00-99,BLUE CROSS AND BLUE SHIELD OF MAINE EMPLOYEES FEDERAL CREDIT UNION,US,visa,debit
449678,00-99,ALLIANCE BLACKSTONE VALLEY FEDERAL CREDIT UNION,US,visa,debit
449679,00-99,,US,visa,credit
449680,00-99,ALLCOM CREDIT UNION,US,visa,debit
449681,00-99,,US,visa,debit
449682,00-99,CONNECTED CREDIT UNION,US,visa,debit
449683,00-99,FD COMMUNITY FEDERAL CREDIT UNION,US,visa,debit
449684,00-99,,US,visa,credit
449685,00-99,POLICE CREDIT UNION OF CONNECTICUT,US,visa,debit
449686,00-99,GE CREDIT UNION,US,visa,debit
449687,00-99,THE COUNTY FEDERAL CREDIT UNION,US,visa,debit
449688,00-99,LAWRENCE MEMORIAL HOSPITAL EMPLOYEE FEDERAL CREDIT UNION,US,visa,debit
449689,00-99,GARDINER FEDERAL CREDIT UNION,US,visa,debit
449690,00-99,SERVICE CREDIT UNION,US,visa,debit
449691,00-99,,US,visa,debit
449692,00-99,GREAT FALLS REGIONAL FEDERAL CREDIT UNION,US,visa,debit
449693,00-99,MAINE MEDIA FEDERAL CREDIT UNION,US,visa,debit
449694,00-99,THE PLEASANTS COUNTY BANK,US,visa,debit
449695,00-99,WILMINGTON POLICE & FIRE FEDERAL CREDIT UNION,US,visa,credit
449696,00-99,WICHITA FEDERAL CREDIT UNION,US,visa,debit
449697,00-99,WEXFORD COMMUNITY CREDIT UNION,US,visa,debit
449698,00-99,INNOVATIONS FINANCIAL CREDIT UNION,US,visa,debit
449699,00-99,ASHLAND CREDIT UNION,US,visa,debit
449700,00-99,OAS STAFF FEDERAL CREDIT UNION,US,visa,debit
449701,00-99,MCB BANK LTD.,PK,visa,debit
449702,00-99,MOZPER MEXICO S.A. DE C.V. I.F.P.E.,MX,visa,debit
449703,00-99,WOORI CARD CO. LTD.,KR,visa,credit
449704,00-99,WOORI CARD CO. LTD.,KR,visa,debit
449705,00-99,WELLS FARGO BANK N.A.,US,visa,debit
449706,00-99,WELLS FARGO BANK N.A.,US,visa,debit
449707,00-99,WELLS FARGO BANK N.A.,US,visa,debit
449708,00-99,WELLS FARGO BANK N.A.,US,visa,debit
449709,00-99,WELLS FARGO BANK N.A.,US,visa,debit
449710,00-99,AMERICAN COMMUNITY BANK,US,visa,debit
449711,00-99,LONE STAR CAPITAL BANK NATIONAL ASSOCIATION,US,visa,debit
449712,00-99,YOUR HOMETOWN FEDERAL CREDIT UNION,US,visa,credit
449713,00-99,TINKER FEDERAL CREDIT UNION,US,visa,credit
449714,00-99,NEBO CREDIT UNION,US,visa,credit
449715,00-99,TRUE COMMUNITY CREDIT UNION,US,visa,credit
449716,00-99,WISCONSIN RIVER BANK,US,visa,debit
449717,00-99,WELLS FARGO BANK N.A.,US,visa,debit
449718,00-99,WELLS FARGO BANK N.A.,US,visa,debit
449719,00-99,FAMILY ADVANTAGE FEDERAL CREDIT UNION,US,visa,debit
449720,00-99,AMERICAN COMMUNITY BANK & TRUST,US,visa,debit
449721,00-99,PACIFIC PREMIER BANK,US,visa,debit
449722,00-99,SYNERGY BANK,US,visa,debit
449723,00-99,WELLS FARGO BANK N.A.,US,visa,debit
449724,00-99,,US,visa,credit
449725,00-99,TARJETAS CUSCATLAN S.A.,GT,visa,credit
449726,00-99,BANCO DAVIVIENDA (COSTA RICA) S.A.,CR,visa,debit
449727,00-99,,PE,visa,debit
449728,00-99,BANCO ITAU CORPBANCA COLOMBIA S.A.,CO,visa,debit
449729,00-99,BANCO BILBAO VIZCAYA ARGENTARIA (PANAMA) S.A. - BBVA (PANAMA) S.A. PANAMA,PA,visa,credit
449730,00-99,ICBA BANCARD INC.,US,visa,debit
449731,00-99,LYON COUNTY STATE BANK,US,visa,debit
449732,00-99,,US,visa,credit
449733,00-99,REPUBLIC BANK OF CHICAGO,US,visa,debit
449734,00-99,WELLS FARGO BANK N.A.,US,visa,credit
449735,00-99,WELLS FARGO BANK NATIONAL ASSOCIATION,US,visa,credit
449736,00-99,WELLS FARGO BANK N.A.,US,visa,credit
449737,00-99,SUTTON BANK,US,visa,debit
449738,00-99,WELLS FARGO BANK NATIONAL ASSOCIATION,US,visa,credit
449739,00-99,JSC AVO BANK,UZ,visa,debit
449740,00-99,COMMUNITY FIRST NATIONAL BANK,US,visa,debit
449741,00-99,BANCO AMAZONAS S.A.,EC,visa,credit
449742,00-99,BANCO AMAZONAS S.A.,EC,visa,credit
449743,00-99,BANCO AMAZONAS S.A.,EC,visa,credit
449744,00-99,BANCO AGRARIO DE COLOMBIA S.A. (BANAGRARIO),CO,visa,debit
449745,00-99,BANCO PAN S.A.,BR,visa,credit
449746,00-99,GREEN DOT BANK DBA BONNEVILLE BANK,PR,visa,debit
449747,00-99,HERITAGE FEDERAL CREDIT UNION,US,visa,credit
449748,00-99,CARD SERVICES FOR CREDIT UNIONS,US,visa,credit
449749,00-99,DISCOUNT BANK (LATIN AMERICA) S.A.,UY,visa,credit
449750,00-99,DISCOUNT BANK (LATIN AMERICA) S.A.,UY,visa,credit
449751,00-99,,US,visa,credit
449752,00-99,,US,visa,credit
449753,00-99,,US,visa,credit
449754,00-99,,US,visa,credit
449755,00-99,,US,visa,credit
449756,00-99,,US,visa,credit
449757,00-99,,US,visa,credit
449758,00-99,,US,visa,credit
449759,00-99,,US,visa,credit
449760,00-99,,US,visa,credit
449761,00-99,NORTHWOOD CREDIT UNION,US,visa,credit
449762,00-99,TRANSACCIONES UNIVERSALES S.A. GUATEMALA,GT,visa,credit
449763,00-99,LANSING AUTOMAKERS FEDERAL CREDIT UNION,US,visa,credit
449764,00-99,BANCO AGRICOLA S.A.,SV,visa,debit
449765,00-99,BANCO AGRICOLA S.A.,SV,visa,debit
449766,00-99,,US,visa,debit
449767,00-99,IBERIABANK,US,visa,debit
449768,00-99,IBERIABANK,US,visa,debit
449769,00-99,DISCOUNT BANK (LATIN AMERICA) S.A.,UY,visa,credit
449770,00-99,,PR,visa,credit
449771,00-99,ITAU UNIBANCO HOLDING S.A.,BR,visa,credit
449772,00-99,ITAU UNIBANCO HOLDING S.A.,BR,visa,credit
449773,00-99,POMELO INSTITUICAO DE PAGAMENTO LTDA,BR,visa,credit
449774,00-99,AFINZ INSTITUICAO DE PAGAMENTO S.A.,BR,visa,credit
449775,00-99,CENTRAL VIRGINIA FEDERAL CREDIT UNION,US,visa,credit
449776,00-99,BANCO DE COMERCIO S.A.,GT,visa,credit
449777,00-99,,US,visa,credit
449778,00-99,HARRISON COUNTY BANK,US,visa,credit
449779,00-99,ALLIANCE NIAGARA FEDERAL CREDIT UNION,US,visa,credit
449780,00-99,PROCARD S.A.,PY,visa,debit
449781,00-99,JPMORGAN CHASE BANK N.A.,US,visa,credit
449782,00-99,JPMORGAN CHASE BANK N.A.,US,visa,credit
449783,00-99,JPMORGAN CHASE BANK N.A.,US,visa,credit
449784,00-99,LIBERTY FIRST CREDIT UNION,US,visa,credit
449785,00-99,CALIFORNIA BANK & TRUST,US,visa,debit
449786,00-99,,US,visa,credit
449787,00-99,FARMERS & MERCHANTS BANK OF CENTRAL CALIFORNIA,US,visa,debit
449788,00-99,ENFUCE LICENSE SERVICES LTD.,ES,visa,credit
449789,00-99,,US,visa,credit
449790,00-99,SEVEN SEVENTEEN CREDIT UNION INC.,US,visa,debit
449791,00-99,TCM BANK N.A.,US,visa,credit
449792,00-99,ARMED FORCES BANK N.A.,US,visa,debit
449793,00-99,CHINESE BANK,TW,visa,credit
449794,00-99,ICBA BANCARD INC.,US,visa,debit
449795,00-99,WELLS FARGO BANK N.A.,US,visa,debit
449796,00-99,FIRST INTERSTATE BANK,US,visa,credit
449797,00-99,FLATHEAD BANK OF BIGFORK MONTANA,US,visa,debit
449798,00-99,ST. JOSEPH'S PARISH BUFFALO FEDERAL CREDIT UNION,US,visa,debit
449799,00-99,WALLED LAKE SCHOOLS FEDERAL CREDIT UNION,US,visa,debit
449800,00-99,THE CHESAPEAKE BANK & TRUST CO.,US,visa,debit
449801,00-99,WESTMINSTER FEDERAL CREDIT UNION,US,visa,debit
449802,00-99,U.S. BANK NATIONAL ASSOCIATION-CREDIT,US,visa,credit
449803,00-99,YNB,US,visa,credit
449804,00-99,HSBC BANK USA N.A.,US,visa,credit
449805,00-99,BANKINTER S.A.,ES,visa,credit
449806,00-99,U.S. BANK N.A.,US,visa,credit
449807,00-99,,AE,visa,debit
449808,00-99,BUSEY BANK,US,visa,credit
449809,00-99,SECURITY BANK OF KANSAS CITY,US,visa,debit
449810,00-99,AMERICAN BANK OF TEXAS N.A.,US,visa,debit
449811,00-99,,US,visa,debit
449812,00-99,CHEROKEE STRIP CREDIT UNION,US,visa,credit
449813,00-99,BANCORPSOUTH BANK,US,visa,credit
449814,00-99,FIRST BANK OF MISSOURI,US,visa,debit
449815,00-99,FIRST HAWAIIAN BANK,US,visa,credit
449816,00-99,M&T BANK,US,visa,debit
449817,00-99,PATENT AND TRADEMARK OFFICE FEDERAL CREDIT UNION,US,visa,debit
449818,00-99,AMERICAN FOUNDERS BANK INC.,US,visa,debit
449819,00-99,HYUNDAI CARD COMPANY LTD.,KR,visa,credit
449820,00-99,HANCOCK WHITNEY BANK,US,visa,credit
449821,00-99,PARTNERS 1ST FEDERAL CREDIT UNION,US,visa,credit
449822,00-99,FIRST NATIONAL BANK AND TRUST COMPANY,US,visa,credit
449823,00-99,MECHANICS BANK,US,visa,credit
449824,00-99,U.S. BANK N.A.,US,visa,credit
449825,00-99,PARK NATIONAL BANK,US,visa,credit
449826,00-99,JPMORGAN CHASE BANK N.A.,US,visa,credit
449827,00-99,CITIZENS BANK,US,visa,debit
449828,00-99,PATHFINDER BANK,US,visa,debit
449829,00-99,PATHFINDER BANK,US,visa,debit
449830,00-99,BANCO PROMERICA DE COSTA RICA S.A.,CR,visa,credit
449831,00-99,BANK OF AMERICA NATIONAL ASSOCIATION,US,visa,credit
449832,00-99,JPMORGAN CHASE BANK N.A.,US,visa,credit
449833,00-99,TRUSTCO BANK,US,visa,credit
449834,00-99,THE HUNTINGTON NATIONAL BANK,US,visa,credit
449835,00-99,LAKE TRUST CREDIT UNION,US,visa,credit
449836,00-99,THE HUNTINGTON NATIONAL BANK,US,visa,debit
449837,00-99,BELCO COMMUNITY CREDIT UNION,US,visa,credit
449838,00-99,JPMORGAN CHASE BANK N.A.,US,visa,credit
449839,00-99,VIBE CREDIT UNION,US,visa,debit
449840,00-99,CAPITAL CITY BANK,US,visa,debit
449841,00-99,CORNERSTONE BANK,US,visa,debit
449842,00-99,UWHARRIE BANK,US,visa,credit
449843,00-99,FAMILY TRUST FEDERAL CREDIT UNION,US,visa,credit
449844,00-99,BANGOR SAVINGS BANK,US,visa,credit
449845,00-99,JPMORGAN CHASE BANK N.A.,US,visa,credit
449846,00-99,MODULR FINANCE B.V.,ES,visa,debit
449847,00-99,FIRST INDIANA BANK A FEDERAL SAVINGS BANK,US,visa,credit
449848,00-99,THE GOLDEN 1 CREDIT UNION,US,visa,credit
449849,00-99,WEST SUBURBAN BANK,US,visa,credit
449850,00-99,CITIZENS BANK N.A.,US,visa,credit
449851,00-99,FIRST FEDERAL SAVINGS BANK,US,visa,credit
449852,00-99,,US,visa,debit
449853,00-99,INOVA FEDERAL CREDIT UNION,US,visa,credit
449854,00-99,ALLIANCE CREDIT UNION,US,visa,credit
449855,00-99,WHEAT STATE CREDIT UNION,US,visa,credit
449856,00-99,COMMERCE BANCSHARES INC.,US,visa,credit
449857,00-99,,US,visa,credit
449858,00-99,,US,visa,credit
449859,00-99,,US,visa,credit
449860,00-99,,US,visa,credit
449861,00-99,BRANCH BANKING AND TRUST COMPANY,US,visa,credit
449862,00-99,TD BANK N.A.,US,visa,credit
449863,00-99,U.S. BANK N.A.,US,visa,credit
449864,00-99,REPUBLIC BANK & TRUST COMPANY,US,visa,credit
449865,00-99,INTL HDQTRS-CENTER OWNED,JP,visa,debit
449866,00-99,PINNACLE BANK,US,visa,credit
449867,00-99,CAPITAL ONE NATIONAL ASSOCIATION,US,visa,credit
449868,00-99,WELLS FARGO BANK N.A.,US,visa,credit
449869,00-99,ALLIANCE CREDIT UNION,US,visa,credit
449870,00-99,U.S. BANK N.A.,US,visa,credit
449871,00-99,,US,visa,credit
449872,00-99,GUARDIAN CREDIT UNION,US,visa,debit
449873,00-99,U.S. BANK N.A.,US,visa,debit
449874,00-99,THE UNITED FEDERAL CREDIT UNION,US,visa,debit
449875,00-99,BANQUE INTERNATIONALE POUR LE COMMERCE ET L'INDUSTRIE DU SENEGAL,SN,visa,debit
449876,00-99,XCEL FEDERAL CREDIT UNION,US,visa,debit
449877,00-99,INTERNATIONAL BUSINESS BANK TOGO (IB BANK TOGO),TG,visa,debit
449878,00-99,HAWAII STATE FEDERAL CREDIT UNION,US,visa,credit
449879,00-99,ALLIANCE CREDIT UNION,US,visa,debit
449880,00-99,FIRST HAWAIIAN BANK,US,visa,credit
449881,00-99,ALLIANCE CREDIT UNION,US,visa,credit
449882,00-99,CAPITAL ONE NATIONAL ASSOCIATION,US,visa,credit
449883,00-99,TOPSIDE FEDERAL CREDIT UNION,US,visa,credit
449884,00-99,EDUCATIONAL SYSTEMS FEDERAL CREDIT UNION,US,visa,credit
449885,00-99,COMMUNITY BANK N.A.,US,visa,debit
449886,00-99,FIRST HAWAIIAN BANK,US,visa,credit
449887,00-99,CIBC BANK USA,US,visa,credit
449888,00-99,BANK OF AMERICA NATIONAL ASSOCIATION,US,visa,credit
449889,00-99,FIRST HAWAIIAN BANK,US,visa,credit
449890,00-99,OAK BROOK BANK,US,visa,credit
449891,00-99,,US,visa,credit
449892,00-99,PNC FINANCIAL SERVICES GROUP INC.,US,visa,credit
449893,00-99,,US,visa,credit
449894,00-99,THIRD FEDERAL SAVINGS AND LOAN,US,visa,credit
449895,00-99,UNIVERSAL CITY STUDIOS CREDIT UNION,US,visa,credit
449896,00-99,5STAR BANK,US,visa,credit
449897,00-99,L.A. FINANCIAL FEDERAL CREDIT UNION,US,visa,credit
449898,00-99,5STAR BANK,US,visa,credit
449899,00-99,PEOPLE'S UNITED BANK,US,visa,credit
449900,00-99,BRANCH BANKING AND TRUST COMPANY,US,visa,debit
449901,00-99,COLUMBUS BANK AND TRUST COMPANY,US,visa,debit
449902,00-99,TRUIST BANK,US,visa,debit
449903,00-99,COMMUNITY BANK OF THE SOUTH,US,visa,debit
449904,00-99,GLENNVILLE BANK,US,visa,debit
449905,00-99,OTERO FEDERAL CREDIT UNION,US,visa,debit
449906,00-99,SUMMIT COMMUNITY BANK INC,US,visa,debit
449907,00-99,BANK OF TENNESSEE,US,visa,debit
449908,00-99,UNITED BANK,US,visa,debit
449909,00-99,BANK OF THE OZARKS,US,visa,debit
449910,00-99,NUVISION FEDERAL CREDIT UNION,US,visa,credit
449911,00-99,AMERIS BANK,US,visa,debit
449912,00-99,MUFG UNION BANK,US,visa,debit
449913,00-99,PING PONG GLOBAL HOLDINGS LTD.,HK,visa,credit
449914,00-99,SHINHAN CARD CO. LTD.,KR,visa,debit
449915,00-99,RIZAL COMMERCIAL BANKING CORPORATION,PH,visa,debit
449916,00-99,STERLING BANK,US,visa,debit
449917,00-99,LIBERTYONE CREDIT UNION,US,visa,debit
449918,00-99,,US,visa,debit
449919,00-99,MUNA FEDERAL CREDIT UNION,US,visa,debit
449920,00-99,JOVIA FINANCIAL FEDERAL CREDIT UNION,US,visa,debit
449921,00-99,,US,visa,debit
449922,00-99,,US,visa,credit
449923,00-99,HOCKING VALLEY BANK,US,visa,credit
449924,00-99,SBI LY HOUR BANK PLC.,KH,visa,debit
449925,00-99,BRED BANK (CAMBODIA) PLC,KH,visa,credit
449926,00-99,,US,visa,debit
449927,00-99,,US,visa,credit
449928,00-99,FIRST STATE BANK,US,visa,debit
449929,00-99,FIRST NATIONAL BANK OF CENTRAL TEXAS,US,visa,debit
449930,00-99,FIRST NATIONAL BANK OF CENTRAL TEXAS,US,visa,debit
449931,00-99,,US,visa,credit
449932,00-99,KRUNG THAI BANK PUBLIC COMPANY LTD.,TH,visa,debit
449933,00-99,KRUNGTHAI CARD PUBLIC CO. LTD.,TH,visa,credit
449934,00-99,PRIMEWAY FEDERAL CREDIT UNION,US,visa,credit
449935,00-99,THE FIRST NATIONAL BANK OF MIDDLE TENNESSEE,US,visa,credit
449936,00-99,ORIX ASIA LTD.,HK,visa,credit
449937,00-99,JPMORGAN CHASE BANK N.A.,US,visa,credit
449938,00-99,UNITED OVERSEAS BANK (MALAYSIA) BHD,MY,visa,debit
449939,00-99,BAXTER CREDIT UNION,PR,visa,credit
449940,00-99,LASCO FINANCIAL SERVICES LTD.,JM,visa,debit
449941,00-99,,US,visa,credit
449942,00-99,,US,visa,credit
449943,00-99,,US,visa,credit
449944,00-99,JMMB BANK (JAMAICA) LTD.,JM,visa,debit
449945,00-99,,US,visa,credit
449946,00-99,,RU,visa,credit
449947,00-99,,JP,visa,credit
449948,00-99,,US,visa,credit
449949,00-99,,US,visa,credit
449950,00-99,NATIXIS,FR,visa,debit
449951,00-99,BPCE,FR,visa,debit
449952,00-99,BPCE,FR,visa,debit
449953,00-99,BPCE,FR,visa,debit
449954,00-99,BPCE,FR,visa,debit
449955,00-99,BPCE,FR,visa,debit
449956,00-99,BPCE,FR,visa,debit
449957,00-99,BPCE,FR,visa,debit
449958,00-99,BPCE,FR,visa,debit
449959,00-99,BPCE,FR,visa,debit
449960,00-99,BPCE,FR,visa,debit
449961,00-99,BPCE,FR,visa,debit
449962,00-99,BPCE,FR,visa,debit
449963,00-99,BPCE,FR,visa,debit
449964,00-99,BPCE,FR,visa,debit
449965,00-99,BPCE,FR,visa,debit
449966,00-99,BPCE,FR,visa,debit
449967,00-99,BPCE,FR,visa,debit
449968,00-99,BPCE,FR,visa,debit
449969,00-99,BPCE,FR,visa,debit
449970,00-99,BPCE,FR,visa,debit
449971,00-99,BPCE,FR,visa,debit
449972,00-99,BPCE,FR,visa,debit
449973,00-99,,FR,visa,credit
449974,00-99,,FR,visa,credit
449975,00-99,,FR,visa,credit
449976,00-99,ECOBANK NIGERIA LTD.,NG,visa,debit
449977,00-99,WV NATIONAL GUARD FEDERAL CREDIT UNION,US,visa,debit
449978,00-99,WEST MONROE FEDERAL CREDIT UNION,US,visa,debit
449979,00-99,WABELLCO FEDERAL CREDIT UNION,US,visa,debit
449980,00-99,YAKIMA FEDERAL SAVINGS AND LOAN ASSOCIATION,US,visa,debit
449981,00-99,SECURED ADVANTAGE FEDERAL CREDIT UNION,US,visa,debit
449982,00-99,PINNACLE BANK,US,visa,credit
449983,00-99,,FR,visa,credit
449984,00-99,,FR,visa,credit
449985,00-99,,FR,visa,credit
449986,00-99,,FR,visa,credit
449987,00-99,,FR,visa,credit
449988,00-99,,FR,visa,credit
449989,00-99,,FR,visa,credit
449990,00-99,ARMED FORCES BANK N.A.,US,visa,credit
449991,00-99,SIGNATURE BANK,US,visa,debit
449992,00-99,,US,visa,credit
449993,00-99,1ST INDEPENDENCE BANK,US,visa,debit
449994,00-99,ARMED FORCES BANK N.A.,US,visa,credit
449995,00-99,ARVEST BANK,US,visa,credit
449996,00-99,ASSOCIATED CREDIT UNION,US,visa,debit
449997,00-99,MVB BANK INC,US,visa,credit
449998,00-99,WASATCH PEAKS FEDERAL CREDIT UNION,US,visa,credit
449999,00-99,NATIONAL BANK OF BAHRAIN B. S. C.,BH,visa,credit
