BIN6,Ranges,Issuer,Country,Brand,Type
500000,00-99,FRANK CHRISTMAS BANK,US,ebt,debit
500001,00-99,Midland Bank,GB,maestro,debit
500002,00-99,Midland Bank,GB,maestro,debit
500003,00-99,Midland Bank,GB,maestro,debit
500004,00-99,Midland Bank,GB,maestro,debit
500005,00-99,Banco Popular Dominicano,DO,maestro,debit
500006,00-99,Midland Bank,GB,maestro,debit
500007,00-99,Midland Bank,GB,maestro,debit
500008,00-99,Banco Do Brasil,BR,maestro,debit
500009,00-99,Dutch Bangla Bank,BD,maestro,debit
500010,00-99,Midland Bank,GB,maestro,debit
500011,00-99,,US,ebt,debit
500012,00-99,,US,cirrus,debit
500013,00-99,,US,ebt,debit
500014,00-99,,GB,maestro,debit
500015,00-99,,US,ebt,debit
500016,00-99,,US,ebt,debit
500018,00-99,,US,cirrus,debit
500019,00-99,,US,ebt,debit
500020,00-99,,GB,maestro,debit
500021,00-99,,US,ebt,debit
500022,00-99,,BD,maestro,debit
500023,00-99,,US,ebt,debit
500024,00-99,,US,ebt,debit
500025,00-99,,US,cirrus,debit
500026,00-99,,RU,maestro,debit
500027,00-99,,US,ebt,debit
500028,00-99,,US,ebt,debit
500030,00-99,,US,cirrus,debit
500031,00-99,,US,ebt,debit
500032,00-99,,AR,maestro,debit
500033,00-99,,US,maestro,debit
500034,00-99,,US,ebt,debit
500036,00-99,,US,maestro,debit
500037,00-99,,US,ebt,debit
500038,00-99,,US,cirrus,debit
500039,00-99,,US,ebt,debit
500040,00-99,,CA,maestro,debit
500041,00-99,,PH,maestro,debit
500042,00-99,,US,ebt,debit
500043,00-99,,MY,maestro,debit
500044,00-99,,US,cirrus,debit
500045,00-99,,US,ebt,debit
500046,00-99,,US,ebt,debit
500047,00-99,,US,ebt,debit
500048,00-99,,BE,maestro,debit
500049,00-99,,US,cirrus,debit
500050,00-99,BANCO POPULAR DOMINICANO C. POR A.,DO,private label,debit
500051,00-99,,NZ,maestro,debit
500052,00-99,,US,ebt,debit
500053,00-99,,NZ,maestro,debit
500054,00-99,,US,ebt,debit
500055,00-99,,IN,maestro,debit
500056,00-99,,NZ,maestro,debit
500057,00-99,,AR,maestro,debit
500058,00-99,,US,maestro,debit
500059,00-99,,US,ebt,debit
500060,00-99,,US,ebt,debit
500061,00-99,,US,ebt,debit
500062,00-99,,NZ,maestro,debit
500063,00-99,,US,ebt,debit
500064,00-99,,GB,maestro,debit
500065,00-99,,US,ebt,debit
500066,00-99,,US,ebt,debit
500069,00-99,,US,ebt,debit
500071,00-99,,US,ebt,debit
500072,00-99,,US,ebt,debit
500073,00-99,,US,ebt,debit
500074,00-99,,US,ebt,debit
500075,00-99,,RU,maestro,debit
500076,00-99,,US,cirrus,debit
500077,00-99,,US,cirrus,debit
500078,00-99,,US,ebt,debit
500079,00-99,,US,cirrus,debit
500080,00-99,,US,ebt,debit
500081,00-99,,RU,maestro,debit
500082,00-99,,US,ebt,debit
500084,00-99,,US,ebt,debit
500085,00-99,,US,ebt,debit
500086,00-99,,US,ebt,debit
500087,00-99,,ES,maestro,debit
500088,00-99,,US,cirrus,debit
500089,00-99,,US,ebt,debit
500091,00-99,,US,ebt,debit
500092,00-99,,IT,maestro,debit
500093,00-99,,US,cirrus,debit
500094,00-99,,ES,maestro,debit
500095,00-99,,US,cirrus,debit
500096,00-99,,US,ebt,debit
500098,00-99,,US,ebt,debit
500099,00-99,,US,ebt,debit
500100,00-99,,US,ebt,debit
500103,00-99,STANDARD BANK OF SOUTH AFRICA,ZA,maestro,debit
500104,00-99,,US,ebt,debit
500105,00-99,,BR,maestro,debit
500106,00-99,,US,ebt,debit
500107,00-99,,US,ebt,debit
500108,00-99,,US,ebt,debit
500109,00-99,,US,cirrus,debit
500110,00-99,,US,ebt,debit
500111,00-99,,US,ebt,debit
500112,00-99,,RU,maestro,debit
500113,00-99,,US,ebt,debit
500114,00-99,,US,ebt,debit
500115,00-99,,BR,maestro,debit
500116,00-99,,GB,maestro,debit
500117,00-99,,US,ebt,debit
500118,00-99,,US,cirrus,debit
500119,00-99,,US,ebt,debit
500120,00-99,,US,ebt,debit
500121,00-99,,US,ebt,debit
500122,00-99,,GB,maestro,debit
500123,00-99,,US,cirrus,debit
500124,00-99,,US,cirrus,debit
500125,00-99,,US,ebt,debit
500127,00-99,,US,ebt,debit
500128,00-99,,US,ebt,debit
500129,00-99,,US,ebt,debit
500130,00-99,,US,ebt,debit
500131,00-99,,US,ebt,debit
500132,00-99,,US,ebt,debit
500133,00-99,,US,ebt,debit
500134,00-99,,US,ebt,debit
500135,00-99,,US,ebt,debit
500136,00-99,JPMORGAN CHASE BANK N.A.,US,ebt,debit
500137,00-99,,US,ebt,debit
500138,00-99,,US,maestro,debit
500139,00-99,BANCO POPULAR DE PUERTO RICO,PR,maestro,debit
500140,00-99,,US,ebt,debit
500141,00-99,,US,ebt,debit
500142,00-99,,US,cirrus,debit
500143,00-99,,US,ebt,debit
500144,00-99,,US,ebt,debit
500145,00-99,,US,cirrus,debit
500146,00-99,,US,ebt,debit
500147,00-99,,US,ebt,debit
500148,00-99,,IN,maestro,debit
500149,00-99,,US,ebt,debit
500150,00-99,,US,ebt,debit
500151,00-99,,US,cirrus,debit
500152,00-99,,US,ebt,debit
500153,00-99,,US,ebt,debit
500154,00-99,,US,ebt,debit
500155,00-99,,US,ebt,debit
500156,00-99,,US,cirrus,debit
500157,00-99,,US,ebt,debit
500158,00-99,,US,cirrus,debit
500159,00-99,,US,ebt,debit
500160,00-99,,US,ebt,debit
500161,00-99,,US,cirrus,debit
500162,00-99,,US,ebt,debit
500163,00-99,ROYAL BANK OF SCOTLAND PLC,GB,maestro,debit
500164,00-99,,US,ebt,debit
500165,00-99,BANQUE CENTRALE POPULAIRE,MA,mastercard,credit
500166,00-99,,TR,maestro,debit
500167,00-99,,US,ebt,debit
500168,00-99,,US,ebt,debit
500169,00-99,,US,cirrus,debit
500170,00-99,,US,ebt,debit
500171,00-99,,US,cirrus,debit
500172,00-99,,US,cirrus,debit
500173,00-99,,US,cirrus,debit
500174,00-99,,US,ebt,debit
500175,00-99,,US,ebt,debit
500176,00-99,,US,ebt,debit
500177,00-99,,US,cirrus,debit
500178,00-99,,US,cirrus,debit
500179,00-99,,US,ebt,debit
500180,00-99,,US,ebt,debit
500181,00-99,,US,ebt,debit
500182,00-99,,US,ebt,debit
500183,00-99,,US,cirrus,debit
500184,00-99,,US,ebt,debit
500185,00-99,,US,ebt,debit
500186,00-99,,US,ebt,debit
500187,00-99,,US,ebt,debit
500188,00-99,,US,ebt,debit
500189,00-99,,US,private label,debit
500190,00-99,,US,ebt,debit
500191,00-99,,US,ebt,debit
500192,00-99,,US,ebt,debit
500193,00-99,,US,ebt,debit
500194,00-99,,US,ebt,debit
500195,00-99,,US,ebt,debit
500196,00-99,,US,ebt,debit
500197,00-99,,US,ebt,debit
500198,00-99,,US,ebt,debit
500200,00-99,,US,ebt,debit
500201,00-99,,US,cirrus,debit
500202,00-99,,US,ebt,debit
500203,00-99,,US,cirrus,debit
500204,00-99,,US,ebt,debit
500205,00-99,,US,ebt,debit
500206,00-99,,US,ebt,debit
500207,00-99,NETWORK ONLY,US,ebt,debit
500208,00-99,,CH,maestro,debit
500209,00-99,,US,ebt,debit
500210,00-99,,US,ebt,debit
500211,00-99,,US,cirrus,debit
500212,00-99,,US,ebt,debit
500213,00-99,,US,ebt,debit
500215,00-99,,US,ebt,debit
500216,00-99,,CH,maestro,debit
500217,00-99,,US,ebt,debit
500218,00-99,,US,ebt,debit
500219,00-99,,US,ebt,debit
500220,00-99,,US,ebt,debit
500221,00-99,,US,ebt,debit
500222,00-99,,US,cirrus,debit
500223,00-99,,US,ebt,debit
500224,00-99,,US,ebt,debit
500225,00-99,,CA,maestro,debit
500226,00-99,,US,ebt,debit
500227,00-99,,US,ebt,debit
500228,00-99,,US,ebt,debit
500229,00-99,,US,ebt,debit
500230,00-99,JPMORGAN CHASE BANK N.A.,US,ebt,debit
500232,00-99,,ID,maestro,debit
500233,00-99,,US,cirrus,debit
500234,00-99,,IT,maestro,debit
500235,00-99,NATIONAL BANK OF CANADA,CA,local brand,debit
500236,00-99,,US,ebt,debit
500237,00-99,,US,ebt,debit
500238,00-99,,CA,maestro,debit
500239,00-99,,US,ebt,debit
500240,00-99,,US,ebt,debit
500241,00-99,,US,ebt,debit
500242,00-99,,US,ebt,debit
500243,00-99,,US,ebt,debit
500244,00-99,,US,ebt,debit
500245,00-99,,US,ebt,debit
500246,00-99,,US,ebt,debit
500247,00-99,,US,ebt,debit
500248,00-99,,US,ebt,debit
500249,00-99,,US,ebt,debit
500250,00-99,U.S. BANK N.A.,US,cirrus,debit
500251,00-99,,IE,maestro,debit
500252,00-99,,US,ebt,debit
500253,00-99,,US,ebt,debit
500254,00-99,,US,ebt,debit
500255,00-99,,US,ebt,debit
500256,00-99,,US,ebt,debit
500257,00-99,,US,ebt,debit
500258,00-99,,US,ebt,debit
500259,00-99,,US,ebt,debit
500260,00-99,,US,ebt,debit
500261,00-99,,US,ebt,debit
500262,00-99,,US,ebt,debit
500263,00-99,,US,ebt,debit
500264,00-99,,US,ebt,debit
500265,00-99,,US,ebt,debit
500267,00-99,,US,ebt,debit
500268,00-99,,US,ebt,debit
500269,00-99,,US,ebt,debit
500270,00-99,,US,ebt,debit
500271,00-99,,US,ebt,debit
500272,00-99,,US,ebt,debit
500273,00-99,,US,ebt,debit
500274,00-99,,US,ebt,debit
500275,00-99,,US,cirrus,debit
500276,00-99,,US,maestro,debit
500277,00-99,,US,ebt,debit
500278,00-99,,US,ebt,debit
500279,00-99,,US,ebt,debit
500280,00-99,,US,ebt,debit
500281,00-99,,US,ebt,debit
500282,00-99,,US,ebt,debit
500283,00-99,,US,cirrus,debit
500284,00-99,,US,ebt,debit
500285,00-99,,US,ebt,debit
500286,00-99,,US,ebt,debit
500287,00-99,,US,ebt,debit
500288,00-99,,US,maestro,debit
500289,00-99,,US,ebt,debit
500290,00-99,,US,ebt,debit
500291,00-99,,US,ebt,debit
500293,00-99,,US,ebt,debit
500294,00-99,,MA,maestro,debit
500295,00-99,BFA,AO,local brand,debit
500296,00-99,,US,ebt,debit
500297,00-99,,US,ebt,debit
500298,00-99,,US,ebt,debit
500299,00-99,,US,ebt,debit
500300,00-99,,US,ebt,debit
500301,00-99,,US,ebt,debit
500302,00-99,U.S. BANK N.A.,US,ebt,debit
500303,00-99,,US,ebt,debit
500304,00-99,,US,ebt,debit
500305,00-99,,US,ebt,debit
500306,00-99,,US,cirrus,debit
500307,00-99,,US,ebt,debit
500308,00-99,,US,ebt,debit
500309,00-99,,US,ebt,debit
500310,00-99,,CO,maestro,debit
500311,00-99,,US,ebt,debit
500312,00-99,,US,ebt,debit
500313,00-99,WELLS FARGO BANK N.A.,US,ebt,debit
500314,00-99,,US,ebt,debit
500315,00-99,,US,ebt,debit
500316,00-99,,US,ebt,debit
500317,00-99,,US,ebt,debit
500318,00-99,,US,ebt,debit
500319,00-99,,US,ebt,debit
500320,00-99,,US,ebt,debit
500321,00-99,,US,ebt,debit
500323,00-99,,US,ebt,debit
500324,00-99,,US,ebt,debit
500325,00-99,,US,ebt,debit
500326,00-99,,US,ebt,debit
500327,00-99,NETWORK ONLY,US,ebt,debit
500328,00-99,,US,ebt,debit
500329,00-99,,US,ebt,debit
500330,00-99,,PK,maestro,debit
500331,00-99,,US,ebt,debit
500332,00-99,,US,ebt,debit
500333,00-99,,RO,maestro,debit
500335,00-99,,US,ebt,debit
500336,00-99,,US,ebt,debit
500337,00-99,,US,ebt,debit
500338,00-99,,US,ebt,debit
500339,00-99,,US,ebt,debit
500340,00-99,,US,ebt,debit
500341,00-99,,US,ebt,debit
500342,00-99,BANK OF AMERICA NATIONAL ASSOCIATION,US,cirrus,debit
500343,00-99,,US,ebt,debit
500344,00-99,,TH,maestro,debit
500345,00-99,,US,ebt,debit
500346,00-99,,US,cirrus,debit
500347,00-99,,US,cirrus,debit
500349,00-99,,US,ebt,debit
500350,00-99,,US,ebt,debit
500351,00-99,,US,ebt,debit
500352,00-99,,US,ebt,debit
500353,00-99,,US,ebt,debit
500354,00-99,,US,ebt,debit
500355,00-99,,US,ebt,debit
500356,00-99,,US,ebt,debit
500357,00-99,,US,ebt,debit
500358,00-99,,US,ebt,debit
500359,00-99,,US,ebt,debit
500360,00-99,,US,ebt,debit
500361,00-99,,US,cirrus,debit
500362,00-99,,US,ebt,debit
500363,00-99,,US,ebt,debit
500364,00-99,,US,ebt,debit
500365,00-99,,CH,maestro,debit
500366,00-99,,US,ebt,debit
500367,00-99,,US,ebt,debit
500368,00-99,,US,ebt,debit
500369,00-99,,US,ebt,debit
500370,00-99,,US,ebt,debit
500371,00-99,,CO,maestro,debit
500372,00-99,,DE,maestro,debit
500373,00-99,,CO,maestro,debit
500375,00-99,,US,ebt,debit
500376,00-99,,US,cirrus,debit
500377,00-99,,US,ebt,debit
500378,00-99,,TN,maestro,debit
500379,00-99,,US,ebt,debit
500380,00-99,,US,ebt,debit
500381,00-99,,US,ebt,debit
500382,00-99,,US,maestro,debit
500383,00-99,,US,ebt,debit
500384,00-99,,US,ebt,debit
500385,00-99,,US,ebt,debit
500386,00-99,,US,ebt,debit
500388,00-99,,US,ebt,debit
500389,00-99,,US,ebt,debit
500390,00-99,,US,ebt,debit
500391,00-99,,US,ebt,debit
500392,00-99,,US,ebt,debit
500393,00-99,,US,ebt,debit
500394,00-99,,US,ebt,debit
500395,00-99,,US,ebt,debit
500396,00-99,,US,ebt,debit
500397,00-99,,US,ebt,debit
500398,00-99,,US,ebt,debit
500399,00-99,,US,ebt,debit
500400,00-99,NETWORK ONLY,US,ebt,debit
500401,00-99,,BR,maestro,debit
500402,00-99,,US,ebt,debit
500403,00-99,,US,ebt,debit
500404,00-99,,US,ebt,debit
500405,00-99,,US,ebt,debit
500406,00-99,,US,ebt,debit
500407,00-99,,US,ebt,debit
500408,00-99,,US,ebt,debit
500409,00-99,,US,ebt,debit
500410,00-99,,GB,maestro,debit
500411,00-99,,US,ebt,debit
500412,00-99,,US,ebt,debit
500413,00-99,,US,ebt,debit
500414,00-99,,US,ebt,debit
500415,00-99,,US,ebt,debit
500416,00-99,,MX,maestro,debit
500417,00-99,,UA,maestro,debit
500418,00-99,,US,cirrus,debit
500419,00-99,,US,ebt,debit
500420,00-99,,US,ebt,debit
500421,00-99,,US,ebt,debit
500422,00-99,,US,cirrus,debit
500423,00-99,,US,ebt,debit
500424,00-99,WELLS FARGO BANK N.A.,US,ebt,debit
500425,00-99,,US,ebt,debit
500426,00-99,,US,ebt,debit
500427,00-99,,US,ebt,debit
500428,00-99,,US,ebt,debit
500429,00-99,,US,ebt,debit
500430,00-99,,US,ebt,debit
500431,00-99,,US,ebt,debit
500432,00-99,,US,ebt,debit
500433,00-99,MINNESOTA EBT,US,ebt,debit
500434,00-99,,US,ebt,debit
500436,00-99,,US,cirrus,debit
500437,00-99,,US,cirrus,debit
500438,00-99,NETWORK ONLY,US,ebt,debit
500439,00-99,,US,cirrus,debit
500441,00-99,,US,ebt,debit
500442,00-99,,US,ebt,debit
500443,00-99,U.S. BANK N.A.,US,maestro,debit
500444,00-99,,US,ebt,debit
500445,00-99,,US,ebt,debit
500446,00-99,NETWORK ONLY,US,ebt,debit
500447,00-99,,US,cirrus,debit
500448,00-99,,US,ebt,debit
500449,00-99,,US,ebt,debit
500450,00-99,,US,ebt,debit
500451,00-99,,US,ebt,debit
500452,00-99,,MA,maestro,debit
500455,00-99,,US,ebt,debit
500456,00-99,,US,ebt,debit
500457,00-99,,US,ebt,debit
500458,00-99,,US,ebt,debit
500459,00-99,WELLS FARGO BANK N.A.,US,ebt,debit
500460,00-99,WELLS FARGO BANK N.A.,US,ebt,debit
500461,00-99,WELLS FARGO BANK N.A.,US,ebt,debit
500462,00-99,WELLS FARGO BANK N.A.,US,ebt,debit
500463,00-99,,US,ebt,debit
500464,00-99,WELLS FARGO BANK N.A.,US,ebt,debit
500465,00-99,WELLS FARGO BANK N.A.,US,ebt,debit
500466,00-99,WELLS FARGO BANK N.A.,US,ebt,debit
500467,00-99,WELLS FARGO BANK N.A.,US,ebt,debit
500468,00-99,,US,ebt,debit
500469,00-99,,US,ebt,debit
500470,00-99,,US,ebt,debit
500471,00-99,,US,ebt,debit
500472,00-99,,US,ebt,debit
500473,00-99,,US,ebt,debit
500474,00-99,,US,ebt,debit
500475,00-99,,US,ebt,debit
500476,00-99,,US,ebt,debit
500477,00-99,WELLS FARGO BANK N.A.,US,ebt,debit
500478,00-99,,US,ebt,debit
500479,00-99,,RU,maestro,debit
500480,00-99,,MX,maestro,debit
500482,00-99,,US,ebt,debit
500483,00-99,,US,ebt,debit
500484,00-99,,US,ebt,debit
500485,00-99,,US,cirrus,debit
500486,00-99,,US,ebt,debit
500487,00-99,,US,ebt,debit
500488,00-99,,US,ebt,debit
500489,00-99,,US,ebt,debit
500490,00-99,,US,cirrus,debit
500491,00-99,,US,ebt,debit
500492,00-99,,US,ebt,debit
500493,00-99,,US,ebt,debit
500494,00-99,,US,ebt,debit
500495,00-99,,US,ebt,debit
500496,00-99,,US,ebt,debit
500497,00-99,,US,ebt,debit
500498,00-99,,US,ebt,debit
500499,00-99,,US,ebt,debit
500500,00-99,,US,ebt,debit
500501,00-99,,US,ebt,debit
500502,00-99,,DE,maestro,debit
500503,00-99,,US,ebt,debit
500504,00-99,,US,ebt,debit
500505,00-99,,US,ebt,debit
500506,00-99,,US,ebt,debit
500507,00-99,,US,ebt,debit
500508,00-99,,US,ebt,debit
500509,00-99,,US,ebt,debit
500511,00-99,,US,ebt,debit
500512,00-99,WELLS FARGO BANK N.A.,US,ebt,debit
500513,00-99,,US,ebt,debit
500515,00-99,,US,ebt,debit
500516,00-99,,US,ebt,debit
500517,00-99,,US,ebt,debit
500518,00-99,,US,ebt,debit
500519,00-99,,US,ebt,debit
500520,00-99,,US,ebt,debit
500521,00-99,,US,ebt,debit
500522,00-99,,US,ebt,debit
500523,00-99,,US,cirrus,debit
500524,00-99,,US,ebt,debit
500525,00-99,,US,ebt,debit
500526,00-99,,US,ebt,debit
500527,00-99,,US,ebt,debit
500528,00-99,,US,ebt,debit
500529,00-99,,US,ebt,debit
500530,00-99,,US,cirrus,debit
500531,00-99,,US,ebt,debit
500532,00-99,,US,ebt,debit
500533,00-99,,US,ebt,debit
500534,00-99,,US,cirrus,debit
500536,00-99,,US,ebt,debit
500537,00-99,,US,ebt,debit
500538,00-99,,US,ebt,debit
500539,00-99,,US,maestro,debit
500540,00-99,,US,ebt,debit
500542,00-99,,US,ebt,debit
500543,00-99,WELLS FARGO BANK N.A.,US,ebt,debit
500544,00-99,,US,ebt,debit
500545,00-99,,US,ebt,debit
500546,00-99,,US,ebt,debit
500547,00-99,,US,cirrus,debit
500548,00-99,,US,ebt,debit
500549,00-99,,US,ebt,debit
500550,00-99,,US,ebt,debit
500551,00-99,,US,ebt,debit
500552,00-99,,US,ebt,debit
500553,00-99,,US,cirrus,debit
500554,00-99,,US,ebt,debit
500555,00-99,,US,ebt,debit
500556,00-99,,US,ebt,debit
500558,00-99,,FR,maestro,debit
500559,00-99,,IN,maestro,debit
500560,00-99,,US,ebt,debit
500561,00-99,WELLS FARGO BANK N.A.,US,ebt,debit
500562,00-99,,US,ebt,debit
500563,00-99,,US,ebt,debit
500564,00-99,,US,ebt,debit
500565,00-99,,US,ebt,debit
500566,00-99,,US,ebt,debit
500567,00-99,,US,ebt,debit
500568,00-99,,NG,maestro,debit
500569,00-99,,US,ebt,debit
500570,00-99,,US,ebt,debit
500571,00-99,,US,cirrus,debit
500572,00-99,,US,ebt,debit
500573,00-99,,US,ebt,debit
500574,00-99,,US,ebt,debit
500575,00-99,,US,ebt,debit
500576,00-99,,US,ebt,debit
500577,00-99,,US,ebt,debit
500578,00-99,,US,ebt,debit
500579,00-99,,US,cirrus,debit
500581,00-99,,US,ebt,debit
500582,00-99,,US,ebt,debit
500583,00-99,,US,cirrus,debit
500584,00-99,,US,cirrus,debit
500585,00-99,,US,cirrus,debit
500586,00-99,,US,ebt,debit
500587,00-99,,US,ebt,debit
500588,00-99,,US,ebt,debit
500589,00-99,,US,ebt,debit
500590,00-99,,US,ebt,debit
500591,00-99,,US,ebt,debit
500592,00-99,,US,ebt,debit
500593,00-99,,US,ebt,debit
500594,00-99,,US,ebt,debit
500595,00-99,,US,ebt,debit
500596,00-99,,US,ebt,debit
500597,00-99,,US,ebt,debit
500598,00-99,,US,ebt,debit
500599,00-99,,PA,maestro,debit
500600,00-99,,CA,maestro,debit
500601,00-99,,US,ebt,debit
500603,00-99,,US,ebt,debit
500604,00-99,,ES,maestro,debit
500605,00-99,,US,cirrus,debit
500606,00-99,,US,ebt,debit
500607,00-99,,US,cirrus,debit
500608,00-99,,US,ebt,debit
500609,00-99,,US,ebt,debit
500610,00-99,,US,ebt,debit
500611,00-99,,US,ebt,debit
500612,00-99,,US,ebt,debit
500613,00-99,,US,ebt,debit
500614,00-99,,US,ebt,debit
500615,00-99,,US,ebt,debit
500617,00-99,,US,ebt,debit
500618,00-99,,US,cirrus,debit
500619,00-99,,US,ebt,debit
500620,00-99,,US,ebt,debit
500621,00-99,,US,ebt,debit
500622,00-99,,US,cirrus,debit
500623,00-99,,US,ebt,debit
500624,00-99,,US,ebt,debit
500625,00-99,,US,ebt,debit
500626,00-99,,US,ebt,debit
500627,00-99,,RU,maestro,debit
500628,00-99,,CO,maestro,debit
500629,00-99,,US,maestro,debit
500630,00-99,,US,maestro,debit
500631,00-99,,US,ebt,debit
500632,00-99,,US,cirrus,debit
500633,00-99,,US,ebt,debit
500634,00-99,,US,cirrus,debit
500636,00-99,,US,ebt,debit
500638,00-99,,US,ebt,debit
500639,00-99,,US,ebt,debit
500640,00-99,,US,ebt,debit
500642,00-99,,US,ebt,debit
500643,00-99,,US,ebt,debit
500644,00-99,,US,ebt,debit
500645,00-99,,US,ebt,debit
500647,00-99,,US,cirrus,debit
500648,00-99,,US,ebt,debit
500649,00-99,,NG,maestro,debit
500651,00-99,,US,ebt,debit
500652,00-99,,US,ebt,debit
500654,00-99,,MA,maestro,debit
500655,00-99,,US,ebt,debit
500656,00-99,,US,ebt,debit
500657,00-99,,US,ebt,debit
500658,00-99,,US,ebt,debit
500659,00-99,,US,ebt,debit
500660,00-99,,US,ebt,debit
500661,00-99,,US,cirrus,debit
500662,00-99,,US,cirrus,debit
500663,00-99,,US,ebt,debit
500664,00-99,,US,ebt,debit
500665,00-99,,GB,maestro,debit
500666,00-99,,US,ebt,debit
500667,00-99,,US,ebt,debit
500668,00-99,,ES,maestro,debit
500669,00-99,,US,cirrus,debit
500670,00-99,,US,ebt,debit
500671,00-99,,US,ebt,debit
500673,00-99,,US,ebt,debit
500674,00-99,,US,ebt,debit
500675,00-99,,US,ebt,debit
500676,00-99,,US,ebt,debit
500677,00-99,,UA,maestro,debit
500678,00-99,,MX,maestro,debit
500679,00-99,,US,ebt,debit
500681,00-99,,US,ebt,debit
500682,00-99,,US,ebt,debit
500683,00-99,,US,cirrus,debit
500684,00-99,,US,ebt,debit
500685,00-99,,BR,maestro,debit
500686,00-99,,US,ebt,debit
500687,00-99,,US,ebt,debit
500688,00-99,,GH,maestro,debit
500689,00-99,,US,ebt,debit
500690,00-99,,MX,maestro,debit
500691,00-99,,CO,maestro,debit
500692,00-99,,US,ebt,debit
500693,00-99,,US,cirrus,debit
500694,00-99,,US,ebt,debit
500695,00-99,,CO,maestro,debit
500696,00-99,,US,ebt,debit
500697,00-99,,US,ebt,debit
500698,00-99,,MX,maestro,debit
500699,00-99,,US,ebt,debit
500700,00-99,,US,ebt,debit
500701,00-99,,TH,maestro,debit
500702,00-99,,US,cirrus,debit
500703,00-99,,US,ebt,debit
500704,00-99,,US,ebt,debit
500705,00-99,,US,ebt,debit
500706,00-99,,US,ebt,debit
500707,00-99,,US,ebt,debit
500708,00-99,,US,ebt,debit
500709,00-99,,US,ebt,debit
500710,00-99,,US,ebt,debit
500711,00-99,,IT,maestro,debit
500712,00-99,,US,ebt,debit
500713,00-99,,US,ebt,debit
500714,00-99,,US,cirrus,debit
500715,00-99,,US,ebt,debit
500716,00-99,,US,ebt,debit
500717,00-99,,US,ebt,debit
500718,00-99,,US,ebt,debit
500719,00-99,,FR,maestro,debit
500720,00-99,,US,ebt,debit
500721,00-99,,US,ebt,debit
500722,00-99,,US,ebt,debit
500724,00-99,,US,ebt,debit
500725,00-99,,US,ebt,debit
500726,00-99,,BR,maestro,debit
500727,00-99,,US,ebt,debit
500728,00-99,,US,ebt,debit
500729,00-99,,US,ebt,debit
500731,00-99,,US,ebt,debit
500732,00-99,,US,ebt,debit
500733,00-99,,RU,maestro,debit
500734,00-99,,US,ebt,debit
500735,00-99,,US,ebt,debit
500736,00-99,,US,ebt,debit
500737,00-99,,US,ebt,debit
500738,00-99,,US,ebt,debit
500739,00-99,,US,ebt,debit
500740,00-99,,US,maestro,debit
500741,00-99,,US,ebt,debit
500742,00-99,,US,cirrus,debit
500743,00-99,,US,ebt,debit
500744,00-99,,US,ebt,debit
500745,00-99,,NO,maestro,debit
500746,00-99,,US,ebt,debit
500747,00-99,,US,ebt,debit
500748,00-99,,US,ebt,debit
500749,00-99,,US,ebt,debit
500750,00-99,,US,ebt,debit
500751,00-99,,US,cirrus,debit
500752,00-99,,CA,maestro,debit
500753,00-99,,US,ebt,debit
500754,00-99,,US,ebt,debit
500755,00-99,,US,ebt,debit
500756,00-99,,US,ebt,debit
500757,00-99,,US,ebt,debit
500758,00-99,,GB,maestro,debit
500759,00-99,,US,ebt,debit
500760,00-99,,US,ebt,debit
500761,00-99,,ID,maestro,debit
500762,00-99,,ID,maestro,debit
500763,00-99,,US,ebt,debit
500764,00-99,,TN,maestro,debit
500765,00-99,,US,ebt,debit
500766,00-99,,US,maestro,debit
500767,00-99,WELLS FARGO BANK N.A.,US,ebt,debit
500768,00-99,,CA,maestro,debit
500769,00-99,,US,cirrus,debit
500770,00-99,,US,ebt,debit
500771,00-99,,US,ebt,debit
500772,00-99,,US,ebt,debit
500773,00-99,,US,ebt,debit
500774,00-99,,US,ebt,debit
500776,00-99,,CA,maestro,debit
500777,00-99,,US,ebt,debit
500778,00-99,,US,ebt,debit
500779,00-99,,US,ebt,debit
500780,00-99,,BR,maestro,debit
500781,00-99,,US,ebt,debit
500782,00-99,,US,ebt,debit
500783,00-99,,DE,maestro,debit
500784,00-99,,US,maestro,debit
500785,00-99,,US,ebt,debit
500786,00-99,,BR,maestro,debit
500787,00-99,,US,ebt,debit
500788,00-99,VERSA BANK,CA,private label,credit
500789,00-99,,US,cirrus,debit
500790,00-99,,US,ebt,debit
500791,00-99,,US,ebt,debit
500792,00-99,,US,ebt,debit
500793,00-99,,US,ebt,debit
500794,00-99,,US,ebt,debit
500795,00-99,,US,ebt,debit
500796,00-99,,US,ebt,debit
500797,00-99,,MY,maestro,debit
500798,00-99,,US,ebt,debit
500799,00-99,,US,ebt,debit
500800,00-99,,US,cirrus,debit
500801,00-99,,TH,maestro,debit
500802,00-99,,TH,maestro,debit
500803,00-99,,US,ebt,debit
500804,00-99,,US,ebt,debit
500805,00-99,,US,ebt,debit
500806,00-99,,US,ebt,debit
500807,00-99,,US,cirrus,debit
500808,00-99,,US,ebt,debit
500809,00-99,,US,ebt,debit
500810,00-99,,US,cirrus,debit
500811,00-99,,US,ebt,debit
500812,00-99,,US,ebt,debit
500813,00-99,,US,ebt,debit
500814,00-99,,US,ebt,debit
500815,00-99,,US,ebt,debit
500816,00-99,,US,ebt,debit
500817,00-99,,US,ebt,debit
500818,00-99,,US,cirrus,debit
500819,00-99,,US,ebt,debit
500820,00-99,,US,ebt,debit
500821,00-99,,GE,maestro,debit
500822,00-99,,US,ebt,debit
500824,00-99,,US,ebt,debit
500825,00-99,,US,ebt,debit
500826,00-99,,US,ebt,debit
500827,00-99,,US,ebt,debit
500828,00-99,,US,ebt,debit
500829,00-99,,US,ebt,debit
500830,00-99,,US,ebt,debit
500831,00-99,,US,ebt,debit
500832,00-99,,US,ebt,debit
500833,00-99,,US,ebt,debit
500834,00-99,,US,ebt,debit
500835,00-99,,US,ebt,debit
500836,00-99,,US,ebt,debit
500837,00-99,,US,cirrus,debit
500838,00-99,,US,ebt,debit
500840,00-99,,US,ebt,debit
500841,00-99,,US,ebt,debit
500842,00-99,,US,ebt,debit
500843,00-99,,US,cirrus,debit
500844,00-99,,US,ebt,debit
500845,00-99,,MX,maestro,debit
500847,00-99,,US,ebt,debit
500848,00-99,,US,ebt,debit
500849,00-99,,US,ebt,debit
500851,00-99,,US,ebt,debit
500852,00-99,,US,ebt,debit
500853,00-99,,US,cirrus,debit
500854,00-99,,GB,maestro,debit
500855,00-99,,US,ebt,debit
500856,00-99,,US,ebt,debit
500857,00-99,FIRSTRAND BANK LTD.,ZA,maestro,debit
500858,00-99,,US,ebt,debit
500859,00-99,,US,ebt,debit
500860,00-99,,US,cirrus,debit
500861,00-99,,US,ebt,debit
500862,00-99,,US,ebt,debit
500863,00-99,,US,ebt,debit
500864,00-99,,US,ebt,debit
500865,00-99,,US,ebt,debit
500866,00-99,,US,ebt,debit
500867,00-99,,US,ebt,debit
500868,00-99,,US,ebt,debit
500869,00-99,,US,ebt,debit
500870,00-99,,US,ebt,debit
500871,00-99,,US,ebt,debit
500872,00-99,,US,ebt,debit
500873,00-99,,US,ebt,debit
500874,00-99,,US,ebt,debit
500875,00-99,,US,ebt,debit
500876,00-99,,US,ebt,debit
500877,00-99,,US,ebt,debit
500878,00-99,,US,ebt,debit
500879,00-99,,US,ebt,debit
500880,00-99,,US,ebt,debit
500881,00-99,,US,ebt,debit
500882,00-99,,US,ebt,debit
500883,00-99,,US,ebt,debit
500884,00-99,,US,ebt,debit
500885,00-99,,US,ebt,debit
500886,00-99,,US,ebt,debit
500887,00-99,,US,ebt,debit
500888,00-99,WELLS FARGO BANK N.A.,US,ebt,debit
500889,00-99,,US,ebt,debit
500890,00-99,,US,ebt,debit
500891,00-99,,US,ebt,debit
500892,00-99,,US,ebt,debit
500893,00-99,,US,ebt,debit
500894,00-99,,US,ebt,debit
500895,00-99,,US,ebt,debit
500896,00-99,,US,ebt,debit
500897,00-99,,US,ebt,debit
500898,00-99,,US,ebt,debit
500899,00-99,,US,ebt,debit
500900,00-99,,US,ebt,debit
500901,00-99,,US,ebt,debit
500902,00-99,,US,ebt,debit
500904,00-99,,US,ebt,debit
500906,00-99,,US,ebt,debit
500907,00-99,,US,ebt,debit
500909,00-99,WELLS FARGO BANK,US,ebt,debit
500910,00-99,,US,ebt,debit
500911,00-99,,US,ebt,debit
500912,00-99,,US,ebt,debit
500913,00-99,,US,ebt,debit
500914,00-99,,US,ebt,debit
500915,00-99,,US,ebt,debit
500916,00-99,,US,ebt,debit
500917,00-99,,US,ebt,debit
500918,00-99,,US,ebt,debit
500919,00-99,,US,ebt,debit
500920,00-99,,US,ebt,debit
500921,00-99,,US,ebt,debit
500922,00-99,,US,ebt,debit
500924,00-99,,US,ebt,debit
500925,00-99,,US,ebt,debit
500927,00-99,,US,ebt,debit
500928,00-99,,US,ebt,debit
500929,00-99,,US,ebt,debit
500930,00-99,,US,ebt,debit
500931,00-99,,US,ebt,debit
500932,00-99,,US,ebt,debit
500933,00-99,,US,ebt,debit
500934,00-99,,US,ebt,debit
500936,00-99,,US,ebt,debit
500937,00-99,,US,ebt,debit
500938,00-99,,US,ebt,debit
500939,00-99,,US,ebt,debit
500940,00-99,,US,ebt,debit
500941,00-99,,US,ebt,debit
500942,00-99,,US,ebt,debit
500943,00-99,,US,ebt,debit
500944,00-99,,US,ebt,debit
500945,00-99,,US,ebt,debit
500946,00-99,,US,ebt,debit
500947,00-99,,US,ebt,debit
500948,00-99,,US,ebt,debit
500949,00-99,,US,ebt,debit
500950,00-99,,US,ebt,debit
500951,00-99,,US,ebt,debit
500952,00-99,,US,ebt,debit
500953,00-99,,MK,maestro,debit
500954,00-99,,US,ebt,debit
500955,00-99,,US,ebt,debit
500956,00-99,,US,ebt,debit
500957,00-99,,UA,maestro,debit
500958,00-99,,US,ebt,debit
500959,00-99,,US,ebt,debit
500960,00-99,,US,ebt,debit
500961,00-99,,US,ebt,debit
500962,00-99,,US,ebt,debit
500963,00-99,,US,ebt,debit
500964,00-99,,US,ebt,debit
500965,00-99,,US,ebt,debit
500966,00-99,,US,ebt,debit
500967,00-99,,US,ebt,debit
500968,00-99,,US,ebt,debit
500969,00-99,,US,ebt,debit
500970,00-99,,US,ebt,debit
500971,00-99,,US,ebt,debit
500972,00-99,,US,ebt,debit
500973,00-99,,US,ebt,debit
500974,00-99,,US,ebt,debit
500975,00-99,,US,ebt,debit
500976,00-99,,US,ebt,debit
500977,00-99,,US,ebt,debit
500978,00-99,,US,ebt,debit
500979,00-99,,US,ebt,debit
500980,00-99,,US,ebt,debit
500981,00-99,,US,ebt,debit
500982,00-99,,US,ebt,debit
500983,00-99,,US,ebt,debit
500984,00-99,,US,ebt,debit
500985,00-99,,US,ebt,debit
500986,00-99,,US,ebt,debit
500987,00-99,,US,ebt,debit
500988,00-99,,US,ebt,debit
500989,00-99,,US,ebt,debit
500990,00-99,,US,ebt,debit
500991,00-99,,US,ebt,debit
500992,00-99,,US,ebt,debit
500993,00-99,,US,ebt,debit
500994,00-99,,BG,maestro,debit
500995,00-99,,US,ebt,debit
500996,00-99,,US,ebt,debit
500997,00-99,,US,ebt,debit
500998,00-99,,US,ebt,debit
500999,00-99,,US,ebt,debit
501000,00-99,,AU,maestro,debit
501001,00-99,,DE,maestro,debit
501002,00-99,,AU,maestro,debit
501003,00-99,,US,ebt,debit
501004,00-99,,US,cirrus,debit
501005,00-99,,IT,maestro,debit
501006,00-99,,RU,maestro,debit
501007,00-99,,US,cirrus,debit
501008,00-99,WESTPAC BANKING CORPORATION,AU,maestro,debit
501009,00-99,,US,ebt,debit
501010,00-99,,IT,maestro,debit
501011,00-99,ABSA GROUP LTD.,ZA,maestro,debit
501012,00-99,,US,maestro,debit
501013,00-99,,IT,maestro,debit
501014,00-99,,US,ebt,debit
501015,00-99,,US,maestro,debit
501016,00-99,,US,maestro,debit
501017,00-99,,US,ebt,debit
501018,00-99,,US,maestro,debit
501019,00-99,,US,maestro,debit
501020,00-99,,US,maestro,debit
501021,00-99,,AR,local brand,debit
501022,00-99,,US,maestro,debit
501023,00-99,,US,maestro,debit
501024,00-99,,US,maestro,debit
501025,00-99,,US,maestro,debit
501026,00-99,,US,maestro,debit
501027,00-99,,US,maestro,debit
501028,00-99,,US,maestro,debit
501029,00-99,,US,maestro,debit
501030,00-99,,US,ebt,debit
501032,00-99,,US,ebt,debit
501033,00-99,,US,ebt,debit
501034,00-99,,US,ebt,debit
501035,00-99,,US,ebt,debit
501036,00-99,,US,ebt,debit
501037,00-99,,US,ebt,debit
501038,00-99,,US,maestro,debit
501039,00-99,,AR,local brand,debit
501040,00-99,,US,maestro,debit
501041,00-99,BANCO DE LA NACION ARGENTINA,AR,maestro,debit
501042,00-99,,US,maestro,debit
501043,00-99,,US,cirrus,debit
501044,00-99,,US,maestro,debit
501045,00-99,,US,maestro,debit
501046,00-99,,US,maestro,debit
501047,00-99,,US,maestro,debit
501048,00-99,,US,ebt,debit
501049,00-99,,US,maestro,debit
501050,00-99,,US,maestro,debit
501051,00-99,BANCO DE SANTIAGO DEL ESTERO,AR,maestro,debit
501052,00-99,,US,ebt,debit
501053,00-99,,US,maestro,debit
501054,00-99,,US,maestro,debit
501055,00-99,,US,maestro,debit
501056,00-99,,US,maestro,debit
501057,00-99,,US,maestro,debit
501058,00-99,,US,maestro,debit
501059,00-99,,US,maestro,debit
501060,00-99,,US,maestro,debit
501061,00-99,,US,maestro,debit
501062,00-99,,US,maestro,debit
501063,00-99,,AR,maestro,debit
501064,00-99,,US,maestro,debit
501065,00-99,,US,maestro,debit
501066,00-99,,US,maestro,debit
501067,00-99,,US,maestro,debit
501068,00-99,,US,maestro,debit
501069,00-99,,US,ebt,debit
501070,00-99,,US,maestro,debit
501071,00-99,,US,maestro,debit
501072,00-99,,AR,maestro,debit
501073,00-99,,US,maestro,debit
501074,00-99,,US,maestro,debit
501075,00-99,,US,maestro,debit
501076,00-99,,US,ebt,debit
501077,00-99,,US,ebt,debit
501078,00-99,,US,ebt,debit
501079,00-99,,US,ebt,debit
501080,00-99,,US,maestro,debit
501081,00-99,,US,maestro,debit
501082,00-99,BANCO NACION ARGENTINA,AR,local brand,debit
501083,00-99,,US,maestro,debit
501084,00-99,,US,maestro,debit
501085,00-99,,US,cirrus,debit
501086,00-99,,US,ebt,debit
501087,00-99,,AR,maestro,debit
501088,00-99,,US,ebt,debit
501089,00-99,,AR,local brand,debit
501090,00-99,TOKYU TOP CARD,JP,local brand,debit
501091,00-99,TOKYU TOP CARD,JP,local brand,debit
501092,00-99,,US,ebt,debit
501093,00-99,,US,ebt,debit
501094,00-99,,US,ebt,debit
501095,00-99,,US,ebt,debit
501096,00-99,,US,ebt,debit
501097,00-99,,MA,maestro,debit
501098,00-99,TOKYU TOP CARD,JP,local brand,debit
501099,00-99,,IT,maestro,debit
501100,00-99,,US,ebt,debit
501101,00-99,,US,ebt,debit
501102,00-99,,TH,maestro,debit
501103,00-99,,US,ebt,debit
501104,00-99,CREDIBEL,AR,argencard,debit
501105,00-99,CREDIBEL,AR,argencard,credit
501107,00-99,,US,ebt,debit
501108,00-99,,US,ebt,debit
501109,00-99,,UY,maestro,debit
501110,00-99,,US,ebt,debit
501111,00-99,,ES,maestro,debit
501112,00-99,,US,ebt,debit
501113,00-99,,US,ebt,debit
501114,00-99,,US,ebt,debit
501115,00-99,ABSA BANK LTD.,ZA,maestro,debit
501116,00-99,SUOMEN ASIAKASTIETO OY,FI,maestro,debit
501117,00-99,,US,ebt,debit
501118,00-99,,US,cirrus,debit
501119,00-99,,US,cirrus,debit
501120,00-99,,US,ebt,debit
501121,00-99,,US,ebt,debit
501122,00-99,,SE,maestro,debit
501123,00-99,,US,ebt,debit
501124,00-99,,US,ebt,debit
501125,00-99,,US,ebt,debit
501127,00-99,,US,ebt,debit
501128,00-99,,US,ebt,debit
501129,00-99,,NG,maestro,debit
501130,00-99,,US,ebt,debit
501131,00-99,,US,maestro,debit
501132,00-99,,US,ebt,debit
501133,00-99,,US,ebt,debit
501134,00-99,,US,cirrus,debit
501135,00-99,,US,ebt,debit
501136,00-99,,US,cirrus,debit
501137,00-99,,US,cirrus,debit
501138,00-99,,US,ebt,debit
501139,00-99,,US,ebt,debit
501140,00-99,,US,maestro,debit
501141,00-99,,US,ebt,debit
501142,00-99,,US,ebt,debit
501143,00-99,,US,maestro,debit
501144,00-99,,US,ebt,debit
501145,00-99,,US,ebt,debit
501146,00-99,,US,cirrus,debit
501147,00-99,,US,ebt,debit
501148,00-99,,US,cirrus,debit
501149,00-99,,US,cirrus,debit
501150,00-99,,US,ebt,debit
501151,00-99,,US,ebt,debit
501152,00-99,,US,cirrus,debit
501153,00-99,,US,ebt,debit
501154,00-99,,US,cirrus,debit
501155,00-99,,BR,maestro,debit
501156,00-99,,US,ebt,debit
501157,00-99,,US,cirrus,debit
501158,00-99,,US,cirrus,debit
501159,00-99,,US,ebt,debit
501160,00-99,,US,maestro,debit
501161,00-99,,US,ebt,debit
501162,00-99,,US,ebt,debit
501163,00-99,,US,ebt,debit
501164,00-99,,US,ebt,debit
501165,00-99,,US,cirrus,debit
501166,00-99,BMO HARRIS BANK N.A.,US,maestro,debit
501167,00-99,,US,ebt,debit
501168,00-99,,US,ebt,debit
501169,00-99,,US,maestro,debit
501170,00-99,,IE,maestro,debit
501171,00-99,,US,ebt,debit
501172,00-99,,US,ebt,debit
501173,00-99,,US,ebt,debit
501174,00-99,,CO,maestro,debit
501175,00-99,,US,ebt,debit
501176,00-99,,US,ebt,debit
501177,00-99,,US,ebt,debit
501178,00-99,,US,ebt,debit
501179,00-99,,US,ebt,debit
501180,00-99,,US,ebt,debit
501181,00-99,,US,ebt,debit
501182,00-99,,US,ebt,debit
501183,00-99,,US,ebt,debit
501184,00-99,,US,ebt,debit
501185,00-99,,US,ebt,debit
501186,00-99,,US,ebt,debit
501187,00-99,,US,ebt,debit
501188,00-99,,US,ebt,debit
501190,00-99,,US,ebt,debit
501191,00-99,,US,ebt,debit
501192,00-99,,US,ebt,debit
501193,00-99,,US,ebt,debit
501194,00-99,,US,ebt,debit
501196,00-99,,US,ebt,debit
501197,00-99,,US,cirrus,debit
501198,00-99,,US,ebt,debit
501199,00-99,,US,ebt,debit
501200,00-99,,US,cirrus,debit
501201,00-99,,BR,maestro,debit
501202,00-99,,US,ebt,debit
501203,00-99,,US,ebt,debit
501204,00-99,,US,ebt,debit
501205,00-99,,IL,maestro,debit
501207,00-99,,US,ebt,debit
501208,00-99,,US,cirrus,debit
501209,00-99,,US,ebt,debit
501210,00-99,,US,ebt,debit
501211,00-99,,US,cirrus,debit
501212,00-99,,DE,maestro,debit
501214,00-99,,US,cirrus,debit
501215,00-99,,US,ebt,debit
501216,00-99,,US,ebt,debit
501217,00-99,,US,ebt,debit
501218,00-99,,US,ebt,debit
501220,00-99,,US,ebt,debit
501221,00-99,,US,ebt,debit
501222,00-99,,US,ebt,debit
501223,00-99,,US,ebt,debit
501224,00-99,,US,ebt,debit
501225,00-99,,US,cirrus,debit
501226,00-99,,US,ebt,debit
501227,00-99,,US,ebt,debit
501228,00-99,,US,ebt,debit
501229,00-99,,US,ebt,debit
501230,00-99,,US,ebt,debit
501231,00-99,,US,ebt,debit
501232,00-99,,US,ebt,debit
501233,00-99,,US,cirrus,debit
501234,00-99,,US,ebt,debit
501235,00-99,,CO,maestro,debit
501236,00-99,,US,ebt,debit
501237,00-99,,US,ebt,debit
501238,00-99,,US,ebt,debit
501239,00-99,,US,ebt,debit
501240,00-99,,US,ebt,debit
501241,00-99,,US,ebt,debit
501242,00-99,,US,ebt,debit
501243,00-99,,US,ebt,debit
501244,00-99,,US,ebt,debit
501245,00-99,,US,ebt,debit
501246,00-99,,US,ebt,debit
501247,00-99,,US,ebt,debit
501248,00-99,,US,ebt,debit
501249,00-99,,US,ebt,debit
501250,00-99,,US,cirrus,debit
501251,00-99,,US,ebt,debit
501252,00-99,,US,ebt,debit
501253,00-99,,US,ebt,debit
501254,00-99,,IN,maestro,debit
501255,00-99,,US,ebt,debit
501256,00-99,,US,ebt,debit
501257,00-99,,US,ebt,debit
501258,00-99,,AU,maestro,debit
501259,00-99,,US,ebt,debit
501260,00-99,,US,ebt,debit
501261,00-99,,US,ebt,debit
501262,00-99,,GB,maestro,debit
501263,00-99,,RO,maestro,debit
501264,00-99,,US,ebt,debit
501265,00-99,,US,ebt,debit
501266,00-99,,US,ebt,debit
501267,00-99,,US,ebt,debit
501268,00-99,,US,ebt,debit
501269,00-99,,US,ebt,debit
501270,00-99,,GB,maestro,debit
501271,00-99,,US,ebt,debit
501272,00-99,,US,ebt,debit
501273,00-99,,US,ebt,debit
501274,00-99,,US,ebt,debit
501275,00-99,,US,ebt,debit
501276,00-99,,US,ebt,debit
501277,00-99,,US,ebt,debit
501278,00-99,,US,ebt,debit
501279,00-99,,US,ebt,debit
501280,00-99,,US,ebt,debit
501281,00-99,,RU,maestro,debit
501282,00-99,,US,ebt,debit
501283,00-99,,US,ebt,debit
501284,00-99,,US,ebt,debit
501285,00-99,,US,ebt,debit
501286,00-99,,US,ebt,debit
501287,00-99,,US,ebt,debit
501288,00-99,,US,ebt,debit
501289,00-99,,US,ebt,debit
501290,00-99,,US,ebt,debit
501291,00-99,,US,ebt,debit
501292,00-99,,US,ebt,debit
501294,00-99,,US,cirrus,debit
501295,00-99,,US,ebt,debit
501296,00-99,,US,ebt,debit
501297,00-99,,US,ebt,debit
501298,00-99,,US,ebt,debit
501299,00-99,,US,ebt,debit
501300,00-99,,US,ebt,debit
501301,00-99,,US,cirrus,debit
501302,00-99,,US,ebt,debit
501303,00-99,,US,ebt,debit
501304,00-99,,US,cirrus,debit
501305,00-99,,GB,maestro,debit
501306,00-99,,KM,maestro,debit
501307,00-99,,AZ,maestro,debit
501309,00-99,,IE,maestro,debit
501310,00-99,,US,ebt,debit
501311,00-99,,US,ebt,debit
501312,00-99,,US,ebt,debit
501313,00-99,,US,ebt,debit
501314,00-99,,US,ebt,debit
501315,00-99,,US,ebt,debit
501316,00-99,,US,ebt,debit
501317,00-99,,US,ebt,debit
501318,00-99,,US,ebt,debit
501319,00-99,,IE,maestro,debit
501320,00-99,,US,cirrus,debit
501321,00-99,,US,cirrus,debit
501322,00-99,,US,ebt,debit
501323,00-99,,US,cirrus,debit
501324,00-99,,US,ebt,debit
501325,00-99,,US,cirrus,debit
501326,00-99,,US,ebt,debit
501327,00-99,,GB,maestro,debit
501328,00-99,,US,ebt,debit
501329,00-99,,IE,maestro,debit
501330,00-99,,US,ebt,debit
501331,00-99,,US,ebt,debit
501332,00-99,,US,ebt,debit
501333,00-99,,KR,maestro,debit
501334,00-99,,US,ebt,debit
501335,00-99,,US,ebt,debit
501336,00-99,U.S. BANK N.A.,US,ebt,debit
501337,00-99,,PK,maestro,debit
501338,00-99,,US,ebt,debit
501339,00-99,,US,ebt,debit
501340,00-99,,US,ebt,debit
501341,00-99,,BG,maestro,debit
501342,00-99,,AU,maestro,debit
501343,00-99,,US,ebt,debit
501345,00-99,,US,ebt,debit
501346,00-99,,US,cirrus,debit
501347,00-99,,US,cirrus,debit
501348,00-99,,US,ebt,debit
501349,00-99,,US,ebt,debit
501351,00-99,,US,ebt,debit
501352,00-99,,US,ebt,debit
501353,00-99,,US,ebt,debit
501354,00-99,,US,ebt,debit
501356,00-99,,US,ebt,debit
501357,00-99,,US,ebt,debit
501358,00-99,,US,ebt,debit
501359,00-99,,US,ebt,debit
501360,00-99,,US,cirrus,debit
501362,00-99,U.S. BANK N.A.,US,ebt,debit
501363,00-99,,US,ebt,debit
501364,00-99,,US,ebt,debit
501365,00-99,,US,ebt,debit
501366,00-99,,US,ebt,debit
501367,00-99,,US,ebt,debit
501368,00-99,,US,ebt,debit
501369,00-99,,IE,maestro,debit
501370,00-99,,US,ebt,debit
501371,00-99,,US,ebt,debit
501372,00-99,,US,cirrus,debit
501373,00-99,,US,ebt,debit
501374,00-99,,US,ebt,debit
501376,00-99,,US,ebt,debit
501377,00-99,,US,ebt,debit
501378,00-99,,US,ebt,debit
501379,00-99,,IE,maestro,debit
501380,00-99,,US,ebt,debit
501381,00-99,,US,ebt,debit
501382,00-99,,US,cirrus,debit
501383,00-99,,US,ebt,debit
501384,00-99,,US,ebt,debit
501385,00-99,,US,ebt,debit
501386,00-99,,US,ebt,debit
501387,00-99,,US,ebt,debit
501388,00-99,,US,ebt,debit
501389,00-99,,US,ebt,debit
501390,00-99,,US,ebt,debit
501391,00-99,,US,ebt,debit
501392,00-99,,US,ebt,debit
501393,00-99,,US,ebt,debit
501394,00-99,,US,ebt,debit
501395,00-99,,US,ebt,debit
501396,00-99,,US,cirrus,debit
501397,00-99,,US,ebt,debit
501398,00-99,,US,ebt,debit
501399,00-99,,US,ebt,debit
501400,00-99,,US,ebt,debit
501401,00-99,NETWORK ONLY,US,ebt,debit
501402,00-99,,US,maestro,debit
501403,00-99,,US,ebt,debit
501404,00-99,,US,cirrus,debit
501406,00-99,,US,ebt,debit
501407,00-99,,US,ebt,debit
501408,00-99,,US,ebt,debit
501409,00-99,,US,ebt,debit
501410,00-99,,US,ebt,debit
501411,00-99,,US,ebt,debit
501412,00-99,,US,ebt,debit
501413,00-99,,US,ebt,debit
501414,00-99,,US,ebt,debit
501415,00-99,,US,ebt,debit
501416,00-99,,US,ebt,debit
501417,00-99,,US,ebt,debit
501418,00-99,,US,ebt,debit
501419,00-99,,US,ebt,debit
501420,00-99,,US,ebt,debit
501421,00-99,,US,ebt,debit
501422,00-99,,US,ebt,debit
501424,00-99,,US,ebt,debit
501425,00-99,,US,ebt,debit
501426,00-99,,US,ebt,debit
501427,00-99,,US,ebt,debit
501428,00-99,,US,ebt,debit
501429,00-99,,US,ebt,debit
501430,00-99,,US,ebt,debit
501431,00-99,,US,ebt,debit
501432,00-99,,US,ebt,debit
501433,00-99,,US,ebt,debit
501434,00-99,,US,ebt,debit
501435,00-99,,US,ebt,debit
501437,00-99,,US,ebt,debit
501438,00-99,,US,ebt,debit
501439,00-99,,US,ebt,debit
501440,00-99,,US,ebt,debit
501441,00-99,,US,ebt,debit
501442,00-99,,US,ebt,debit
501443,00-99,,US,ebt,debit
501444,00-99,,US,ebt,debit
501445,00-99,,US,ebt,debit
501446,00-99,,US,ebt,debit
501447,00-99,,US,ebt,debit
501448,00-99,,US,ebt,debit
501449,00-99,,US,ebt,debit
501450,00-99,,US,ebt,debit
501451,00-99,,US,cirrus,debit
501452,00-99,,US,ebt,debit
501453,00-99,,US,ebt,debit
501454,00-99,,US,ebt,debit
501455,00-99,,US,ebt,debit
501456,00-99,,US,cirrus,debit
501457,00-99,,BR,maestro,debit
501458,00-99,,US,ebt,debit
501459,00-99,,US,ebt,debit
501460,00-99,,US,ebt,debit
501461,00-99,,US,cirrus,debit
501462,00-99,,US,cirrus,debit
501463,00-99,,US,ebt,debit
501464,00-99,,US,ebt,debit
501465,00-99,,US,cirrus,debit
501466,00-99,,US,ebt,debit
501467,00-99,,US,ebt,debit
501469,00-99,,US,ebt,debit
501470,00-99,,US,cirrus,debit
501471,00-99,,US,cirrus,debit
501472,00-99,,US,ebt,debit
501473,00-99,,US,ebt,debit
501474,00-99,,US,ebt,debit
501475,00-99,,US,ebt,debit
501476,00-99,,US,cirrus,debit
501477,00-99,,BR,maestro,debit
501478,00-99,,US,ebt,debit
501479,00-99,,US,ebt,debit
501480,00-99,,US,ebt,debit
501482,00-99,,US,ebt,debit
501483,00-99,,US,ebt,debit
501484,00-99,BMO BANK NATIONAL ASSOCIATION,US,maestro,debit
501485,00-99,,US,ebt,debit
501486,00-99,FLEET ONE,US,fuel card,credit
501487,00-99,,US,ebt,debit
501488,00-99,,US,ebt,debit
501489,00-99,,US,ebt,debit
501490,00-99,,US,cirrus,debit
501491,00-99,,US,ebt,debit
501492,00-99,,US,cirrus,debit
501493,00-99,,US,ebt,debit
501494,00-99,,US,ebt,debit
501495,00-99,,US,ebt,debit
501496,00-99,,US,ebt,debit
501497,00-99,,US,ebt,debit
501498,00-99,,US,ebt,debit
501499,00-99,,US,ebt,debit
501500,00-99,,AR,maestro,debit
501501,00-99,,US,ebt,debit
501502,00-99,,US,ebt,debit
501503,00-99,,US,ebt,debit
501504,00-99,,US,ebt,debit
501505,00-99,,US,ebt,debit
501507,00-99,,US,ebt,debit
501508,00-99,,US,ebt,debit
501509,00-99,,US,ebt,debit
501510,00-99,,US,ebt,debit
501511,00-99,,US,ebt,debit
501512,00-99,,US,ebt,debit
501513,00-99,,US,ebt,debit
501514,00-99,,US,ebt,debit
501516,00-99,,US,ebt,debit
501517,00-99,,US,cirrus,debit
501518,00-99,,US,ebt,debit
501519,00-99,,US,ebt,debit
501520,00-99,,US,ebt,debit
501521,00-99,,US,ebt,debit
501522,00-99,,US,ebt,debit
501523,00-99,,EC,maestro,debit
501524,00-99,,US,ebt,debit
501525,00-99,,US,ebt,debit
501526,00-99,,US,maestro,debit
501527,00-99,,US,cirrus,debit
501528,00-99,,US,ebt,debit
501529,00-99,,US,ebt,debit
501530,00-99,,US,ebt,debit
501531,00-99,,US,cirrus,debit
501532,00-99,,US,ebt,debit
501533,00-99,,US,ebt,debit
501534,00-99,,US,ebt,debit
501535,00-99,,US,ebt,debit
501536,00-99,,US,ebt,debit
501537,00-99,,US,ebt,debit
501539,00-99,,CO,maestro,debit
501540,00-99,,US,cirrus,debit
501542,00-99,,US,ebt,debit
501543,00-99,,US,ebt,debit
501544,00-99,,US,ebt,debit
501545,00-99,,US,ebt,debit
501546,00-99,,US,ebt,debit
501547,00-99,,US,cirrus,debit
501548,00-99,,US,cirrus,debit
501549,00-99,,US,ebt,debit
501550,00-99,,US,ebt,debit
501551,00-99,,US,ebt,debit
501552,00-99,,US,ebt,debit
501553,00-99,NETWORK ONLY,US,ebt,debit
501554,00-99,,US,ebt,debit
501555,00-99,,US,ebt,debit
501556,00-99,,US,ebt,debit
501557,00-99,,US,cirrus,debit
501558,00-99,,US,ebt,debit
501559,00-99,,US,ebt,debit
501560,00-99,BMO HARRIS BANK N.A.,US,maestro,debit
501561,00-99,,US,ebt,debit
501562,00-99,,US,ebt,debit
501563,00-99,,US,ebt,debit
501565,00-99,,US,ebt,debit
501566,00-99,,US,ebt,debit
501567,00-99,,US,ebt,debit
501568,00-99,,US,ebt,debit
501569,00-99,,US,ebt,debit
501570,00-99,,US,cirrus,debit
501571,00-99,,US,ebt,debit
501572,00-99,,US,ebt,debit
501573,00-99,,US,ebt,debit
501574,00-99,,US,ebt,debit
501575,00-99,,US,ebt,debit
501576,00-99,,US,ebt,debit
501577,00-99,,US,ebt,debit
501578,00-99,,US,ebt,debit
501579,00-99,,US,ebt,debit
501580,00-99,,US,cirrus,debit
501581,00-99,,US,ebt,debit
501582,00-99,,US,ebt,debit
501583,00-99,,US,ebt,debit
501584,00-99,,US,ebt,debit
501585,00-99,,US,ebt,debit
501586,00-99,,US,ebt,debit
501587,00-99,,US,ebt,debit
501588,00-99,,US,cirrus,debit
501589,00-99,,US,ebt,debit
501590,00-99,,US,ebt,debit
501592,00-99,,US,ebt,debit
501593,00-99,,US,ebt,debit
501594,00-99,,US,ebt,debit
501595,00-99,,TH,maestro,debit
501596,00-99,,US,ebt,debit
501597,00-99,,US,cirrus,debit
501598,00-99,,US,ebt,debit
501599,00-99,,US,ebt,debit
501600,00-99,,US,ebt,debit
501601,00-99,,US,ebt,debit
501602,00-99,,US,ebt,debit
501603,00-99,,US,ebt,debit
501604,00-99,,US,ebt,debit
501605,00-99,,US,ebt,debit
501606,00-99,,US,ebt,debit
501607,00-99,,US,ebt,debit
501608,00-99,,US,ebt,debit
501609,00-99,,NG,maestro,debit
501611,00-99,,US,ebt,debit
501612,00-99,,US,ebt,debit
501613,00-99,,US,cirrus,debit
501614,00-99,,US,ebt,debit
501615,00-99,,US,ebt,debit
501616,00-99,,US,ebt,debit
501617,00-99,,US,ebt,debit
501618,00-99,,US,ebt,debit
501619,00-99,,US,ebt,debit
501620,00-99,,US,ebt,debit
501621,00-99,,RU,maestro,debit
501622,00-99,,ES,maestro,debit
501623,00-99,,CH,maestro,debit
501624,00-99,,US,maestro,debit
501625,00-99,,UA,maestro,debit
501626,00-99,,US,ebt,debit
501627,00-99,,US,ebt,debit
501628,00-99,,US,ebt,debit
501629,00-99,,CY,maestro,debit
501630,00-99,,US,ebt,debit
501631,00-99,,US,ebt,debit
501632,00-99,,MY,maestro,debit
501633,00-99,,US,ebt,debit
501634,00-99,,CA,maestro,debit
501635,00-99,,US,ebt,debit
501636,00-99,,US,ebt,debit
501637,00-99,,FR,maestro,debit
501638,00-99,,US,ebt,debit
501639,00-99,NATIONAL BANK OF BAHRAIN,AE,local brand,debit
501640,00-99,,US,ebt,debit
501641,00-99,,US,ebt,debit
501642,00-99,,US,ebt,debit
501643,00-99,,US,ebt,debit
501644,00-99,,US,ebt,debit
501645,00-99,,US,ebt,debit
501646,00-99,,US,ebt,debit
501647,00-99,,US,ebt,debit
501648,00-99,TAKSI KORTTI,FI,maestro,debit
501649,00-99,,PT,maestro,debit
501650,00-99,,US,ebt,debit
501651,00-99,,RO,maestro,debit
501652,00-99,,RO,maestro,debit
501653,00-99,,IT,maestro,debit
501654,00-99,BANCO SANTANDER TOTTA S.A.,PT,maestro,debit
501655,00-99,,IT,maestro,debit
501656,00-99,,US,ebt,debit
501657,00-99,,US,ebt,debit
501658,00-99,,US,ebt,debit
501659,00-99,BANCO SANTANDER TOTTA S.A.,PT,maestro,debit
501661,00-99,BANCO COMERCIAL PORTUGUES S.A.,PT,maestro,debit
501662,00-99,,US,ebt,debit
501663,00-99,,US,ebt,debit
501664,00-99,,US,ebt,debit
501665,00-99,,US,ebt,debit
501666,00-99,,US,ebt,debit
501667,00-99,,US,ebt,debit
501668,00-99,,US,ebt,debit
501669,00-99,,US,ebt,debit
501670,00-99,JPMORGAN CHASE BANK N.A.,US,ebt,debit
501671,00-99,JPMORGAN CHASE BANK N.A.,US,ebt,debit
501672,00-99,JPMORGAN CHASE BANK N.A.,US,ebt,debit
501673,00-99,JPMORGAN CHASE BANK N.A.,US,ebt,debit
501674,00-99,JPMORGAN CHASE BANK N.A.,US,ebt,debit
501675,00-99,JPMORGAN CHASE BANK N.A.,US,ebt,debit
501676,00-99,JPMORGAN CHASE BANK N.A.,US,ebt,debit
501677,00-99,,US,ebt,debit
501678,00-99,JPMORGAN CHASE BANK N.A.,US,ebt,debit
501679,00-99,JPMORGAN CHASE BANK N.A.,US,ebt,debit
501680,00-99,JPMORGAN CHASE BANK N.A.,US,ebt,debit
501681,00-99,JPMORGAN CHASE BANK N.A.,US,ebt,debit
501682,00-99,JPMORGAN CHASE BANK N.A.,US,ebt,debit
501683,00-99,JPMORGAN CHASE BANK N.A.,US,ebt,debit
501684,00-99,JPMORGAN CHASE BANK N.A.,US,ebt,debit
501685,00-99,JPMORGAN CHASE BANK N.A.,US,ebt,debit
501686,00-99,,US,ebt,debit
501687,00-99,JPMORGAN CHASE BANK N.A.,US,ebt,debit
501688,00-99,,US,ebt,debit
501689,00-99,,US,ebt,debit
501690,00-99,JPMORGAN CHASE BANK N.A.,US,ebt,debit
501691,00-99,JPMORGAN CHASE BANK N.A.,US,ebt,debit
501692,00-99,JPMORGAN CHASE BANK N.A.,US,ebt,debit
501693,00-99,JPMORGAN CHASE BANK N.A.,US,ebt,debit
501694,00-99,JPMORGAN CHASE BANK N.A.,US,ebt,debit
501695,00-99,JPMORGAN CHASE BANK N.A.,US,ebt,debit
501696,00-99,JPMORGAN CHASE BANK N.A.,US,ebt,debit
501697,00-99,JPMORGAN CHASE BANK N.A.,US,ebt,debit
501698,00-99,JPMORGAN CHASE BANK N.A.,US,ebt,debit
501699,00-99,JPMORGAN CHASE BANK N.A.,US,ebt,debit
501700,00-99,JPMORGAN CHASE BANK N.A.,US,ebt,debit
501701,00-99,JPMORGAN CHASE BANK N.A.,US,ebt,debit
501702,00-99,JPMORGAN CHASE BANK N.A.,US,ebt,debit
501703,00-99,,US,ebt,debit
501704,00-99,JPMORGAN CHASE BANK N.A.,US,ebt,debit
501705,00-99,,US,ebt,debit
501706,00-99,,US,ebt,debit
501707,00-99,JPMORGAN CHASE BANK N.A.,US,ebt,debit
501708,00-99,JPMORGAN CHASE BANK N.A.,US,ebt,debit
501709,00-99,,US,ebt,debit
501710,00-99,JPMORGAN CHASE BANK N.A.,US,ebt,debit
501711,00-99,JPMORGAN CHASE BANK N.A.,US,ebt,debit
501712,00-99,JPMORGAN CHASE BANK N.A.,US,ebt,debit
501713,00-99,,US,ebt,debit
501714,00-99,JPMORGAN CHASE BANK N.A.,US,ebt,debit
501715,00-99,JPMORGAN CHASE BANK N.A.,US,ebt,debit
501716,00-99,JPMORGAN CHASE BANK N.A.,US,ebt,debit
501717,00-99,,US,ebt,debit
501718,00-99,JPMORGAN CHASE BANK N.A.,US,ebt,debit
501719,00-99,JPMORGAN CHASE BANK N.A.,US,ebt,debit
501720,00-99,JPMORGAN CHASE BANK N.A.,US,ebt,debit
501721,00-99,JPMORGAN CHASE BANK N.A.,US,ebt,debit
501722,00-99,JPMORGAN CHASE BANK N.A.,US,ebt,debit
501723,00-99,,US,ebt,debit
501724,00-99,JPMORGAN CHASE BANK N.A.,US,ebt,debit
501725,00-99,JPMORGAN CHASE BANK N.A.,US,ebt,debit
501726,00-99,JPMORGAN CHASE BANK N.A.,US,ebt,debit
501727,00-99,,US,ebt,debit
501728,00-99,,US,ebt,debit
501729,00-99,,US,ebt,debit
501730,00-99,,US,ebt,debit
501731,00-99,,US,ebt,debit
501732,00-99,,US,ebt,debit
501733,00-99,,US,cirrus,debit
501734,00-99,,US,ebt,debit
501735,00-99,,US,ebt,debit
501736,00-99,,US,ebt,debit
501737,00-99,,US,ebt,debit
501738,00-99,,US,ebt,debit
501739,00-99,,US,ebt,debit
501740,00-99,,US,ebt,debit
501741,00-99,,US,ebt,debit
501742,00-99,,US,ebt,debit
501743,00-99,,US,ebt,debit
501744,00-99,,US,ebt,debit
501745,00-99,,US,ebt,debit
501746,00-99,,US,ebt,debit
501747,00-99,,US,ebt,debit
501748,00-99,,US,ebt,debit
501749,00-99,,BR,maestro,debit
501750,00-99,,US,ebt,debit
501751,00-99,,US,ebt,debit
501752,00-99,,US,ebt,debit
501753,00-99,,US,ebt,debit
501754,00-99,,US,ebt,debit
501755,00-99,,US,cirrus,debit
501756,00-99,,US,ebt,debit
501757,00-99,,US,ebt,debit
501758,00-99,,US,cirrus,debit
501759,00-99,,US,ebt,debit
501760,00-99,,US,ebt,debit
501761,00-99,,US,ebt,debit
501762,00-99,,US,ebt,debit
501763,00-99,,US,ebt,debit
501765,00-99,BNP PARIBAS,FR,maestro,debit
501766,00-99,CETELEM,FR,maestro,debit
501767,00-99,,FR,maestro,debit
501768,00-99,,US,ebt,debit
501769,00-99,SUOMEN ASIAKASTIETO OY,FI,maestro,debit
501770,00-99,,US,ebt,debit
501771,00-99,,US,ebt,debit
501772,00-99,,US,ebt,debit
501773,00-99,,US,ebt,debit
501774,00-99,VAKIF BANK,TR,maestro,debit
501775,00-99,,US,ebt,debit
501776,00-99,,US,maestro,debit
501777,00-99,,CA,maestro,debit
501778,00-99,,US,ebt,debit
501779,00-99,USAA FEDERAL SAVINGS BANK,US,ebt,debit
501780,00-99,,US,ebt,debit
501781,00-99,,US,ebt,debit
501782,00-99,,US,ebt,debit
501783,00-99,,US,ebt,debit
501784,00-99,,US,ebt,debit
501785,00-99,,US,ebt,debit
501786,00-99,,US,ebt,debit
501787,00-99,,US,ebt,debit
501788,00-99,,US,ebt,debit
501789,00-99,,US,ebt,debit
501791,00-99,,US,ebt,debit
501792,00-99,,US,ebt,debit
501793,00-99,,US,maestro,debit
501794,00-99,,US,ebt,debit
501795,00-99,,TH,maestro,debit
501796,00-99,,US,ebt,debit
501797,00-99,,US,ebt,debit
501798,00-99,,US,ebt,debit
501799,00-99,,CA,maestro,debit
501800,00-99,,US,cirrus,debit
501801,00-99,,TH,maestro,debit
501802,00-99,,BR,maestro,debit
501803,00-99,,US,maestro,debit
501804,00-99,,US,ebt,debit
501805,00-99,,US,ebt,debit
501806,00-99,,US,cirrus,debit
501807,00-99,,TR,maestro,debit
501808,00-99,,US,ebt,debit
501809,00-99,,US,ebt,debit
501810,00-99,BANCO MACRO S.A.,AR,local brand,debit
501811,00-99,,DE,maestro,debit
501812,00-99,,BY,maestro,debit
501813,00-99,,US,ebt,debit
501814,00-99,,US,ebt,debit
501815,00-99,,US,ebt,debit
501816,00-99,,US,cirrus,debit
501817,00-99,,US,cirrus,debit
501818,00-99,,US,ebt,debit
501819,00-99,,US,ebt,debit
501820,00-99,,US,cirrus,debit
501821,00-99,,US,ebt,debit
501822,00-99,,US,ebt,debit
501823,00-99,,US,cirrus,debit
501824,00-99,,US,cirrus,debit
501825,00-99,,US,ebt,debit
501826,00-99,,US,ebt,debit
501827,00-99,,US,cirrus,debit
501828,00-99,,SA,maestro,debit
501829,00-99,,US,ebt,debit
501830,00-99,,US,ebt,debit
501831,00-99,,US,ebt,debit
501832,00-99,,US,cirrus,debit
501834,00-99,,US,ebt,debit
501835,00-99,,IT,maestro,debit
501836,00-99,,US,ebt,debit
501837,00-99,,AL,maestro,debit
501838,00-99,,US,ebt,debit
501839,00-99,,US,ebt,debit
501840,00-99,,US,cirrus,debit
501841,00-99,,US,ebt,debit
501842,00-99,,US,ebt,debit
501843,00-99,,US,cirrus,debit
501844,00-99,,US,cirrus,debit
501845,00-99,,MD,maestro,debit
501846,00-99,,US,ebt,debit
501847,00-99,,US,ebt,debit
501849,00-99,,US,ebt,debit
501851,00-99,,US,maestro,debit
501852,00-99,,US,cirrus,debit
501853,00-99,,PH,maestro,debit
501854,00-99,,US,ebt,debit
501855,00-99,CIMB BANK BERHAD,MY,maestro,debit
501856,00-99,U.S. BANK N.A.,US,ebt,debit
501857,00-99,,US,ebt,debit
501858,00-99,,US,ebt,debit
501859,00-99,,DE,maestro,debit
501860,00-99,,US,cirrus,debit
501861,00-99,,US,ebt,debit
501862,00-99,,US,ebt,debit
501863,00-99,,US,cirrus,debit
501864,00-99,,US,ebt,debit
501865,00-99,,BY,maestro,debit
501866,00-99,,US,ebt,debit
501867,00-99,,US,ebt,debit
501868,00-99,,US,ebt,debit
501869,00-99,,US,ebt,debit
501870,00-99,,US,cirrus,debit
501872,00-99,,US,cirrus,debit
501874,00-99,,US,cirrus,debit
501875,00-99,,US,cirrus,debit
501876,00-99,,VE,maestro,debit
501877,00-99,,US,maestro,debit
501878,00-99,,US,maestro,debit
501879,00-99,,AR,maestro,debit
501880,00-99,,US,ebt,debit
501881,00-99,,US,ebt,debit
501882,00-99,,US,ebt,debit
501883,00-99,,US,ebt,debit
501884,00-99,,US,ebt,debit
501885,00-99,,US,ebt,debit
501886,00-99,,US,ebt,debit
501887,00-99,,US,ebt,debit
501888,00-99,,US,ebt,debit
501889,00-99,,US,ebt,debit
501890,00-99,,US,ebt,debit
501891,00-99,,US,ebt,debit
501892,00-99,,US,cirrus,debit
501893,00-99,,US,ebt,debit
501894,00-99,,US,ebt,debit
501895,00-99,,US,ebt,debit
501897,00-99,,US,ebt,debit
501898,00-99,,US,ebt,debit
501899,00-99,,US,ebt,debit
501900,00-99,,DK,dankort,debit
501901,00-99,,DK,dankort,debit
501902,00-99,,DK,dankort,debit
501903,00-99,,DK,dankort,debit
501904,00-99,,DK,dankort,debit
501905,00-99,,DK,dankort,debit
501906,00-99,,DK,dankort,debit
501907,00-99,,DK,dankort,debit
501908,00-99,,DK,dankort,debit
501909,00-99,,DK,dankort,debit
501910,00-99,,DK,dankort,debit
501911,00-99,,DK,dankort,debit
501912,00-99,,DK,dankort,debit
501913,00-99,,DK,dankort,debit
501914,00-99,,DK,dankort,debit
501915,00-99,,DK,dankort,debit
501916,00-99,,DK,dankort,debit
501917,00-99,,DK,dankort,debit
501918,00-99,,DK,dankort,debit
501919,00-99,,DK,dankort,debit
501920,00-99,,DK,dankort,debit
501921,00-99,,DK,dankort,debit
501922,00-99,,DK,dankort,debit
501923,00-99,,DK,dankort,debit
501924,00-99,,DK,dankort,debit
501925,00-99,,DK,dankort,debit
501926,00-99,,DK,dankort,debit
501927,00-99,,DK,dankort,debit
501928,00-99,,DK,dankort,debit
501929,00-99,,DK,dankort,debit
501930,00-99,,DK,dankort,debit
501931,00-99,,DK,dankort,debit
501932,00-99,,DK,dankort,debit
501933,00-99,,DK,dankort,debit
501934,00-99,,DK,dankort,debit
501935,00-99,,DK,dankort,debit
501936,00-99,,DK,dankort,debit
501937,00-99,,DK,dankort,debit
501938,00-99,,DK,dankort,debit
501939,00-99,,DK,dankort,debit
501940,00-99,,DK,dankort,debit
501941,00-99,,DK,dankort,debit
501942,00-99,,DK,dankort,debit
501943,00-99,,DK,dankort,debit
501944,00-99,,DK,dankort,debit
501945,00-99,,DK,dankort,debit
501946,00-99,,DK,dankort,debit
501947,00-99,,DK,dankort,debit
501948,00-99,,DK,dankort,debit
501949,00-99,,DK,dankort,debit
501950,00-99,,DK,dankort,debit
501951,00-99,,DK,dankort,debit
501952,00-99,,DK,dankort,debit
501953,00-99,,DK,dankort,debit
501954,00-99,,DK,dankort,debit
501955,00-99,,DK,dankort,debit
501956,00-99,,DK,dankort,debit
501957,00-99,,DK,dankort,debit
501958,00-99,,DK,dankort,debit
501959,00-99,,DK,dankort,debit
501960,00-99,,DK,dankort,debit
501961,00-99,,DK,dankort,debit
501962,00-99,,DK,dankort,debit
501963,00-99,,DK,dankort,debit
501964,00-99,,DK,dankort,debit
501965,00-99,,DK,dankort,debit
501966,00-99,,DK,dankort,debit
501967,00-99,,DK,dankort,debit
501968,00-99,,DK,dankort,debit
501969,00-99,,DK,dankort,debit
501970,00-99,,DK,dankort,debit
501971,00-99,,DK,dankort,debit
501972,00-99,,DK,dankort,debit
501973,00-99,,DK,dankort,debit
501974,00-99,,DK,dankort,debit
501975,00-99,,DK,dankort,debit
501976,00-99,,DK,dankort,debit
501977,00-99,,DK,dankort,debit
501978,00-99,,DK,dankort,debit
501979,00-99,,DK,dankort,debit
501980,00-99,,DK,dankort,debit
501981,00-99,,DK,dankort,debit
501982,00-99,,DK,dankort,debit
501983,00-99,,DK,dankort,debit
501984,00-99,,DK,dankort,debit
501985,00-99,,DK,dankort,debit
501986,00-99,,DK,dankort,debit
501987,00-99,,DK,dankort,debit
501988,00-99,,DK,dankort,debit
501989,00-99,,DK,dankort,debit
501990,00-99,,DK,dankort,debit
501991,00-99,,DK,dankort,debit
501992,00-99,,DK,dankort,debit
501993,00-99,,DK,dankort,debit
501994,00-99,,DK,dankort,debit
501995,00-99,,DK,dankort,debit
501996,00-99,,DK,dankort,debit
501997,00-99,,DK,dankort,debit
501998,00-99,,DK,dankort,debit
501999,00-99,,DK,dankort,debit
502000,00-99,MASTERCAJAS S.A.,ES,maestro,debit
502001,00-99,,BR,maestro,debit
502002,00-99,,IT,maestro,debit
502003,00-99,,US,ebt,debit
502004,00-99,,US,ebt,debit
502005,00-99,,AU,maestro,debit
502006,00-99,,US,ebt,debit
502007,00-99,,US,ebt,debit
502008,00-99,,US,ebt,debit
502009,00-99,,BR,maestro,debit
502010,00-99,IBERCAJA BANCO S.A.,ES,maestro,debit
502011,00-99,ERSTE N STEIERMARKISCHE BANKA,HR,maestro,debit
502012,00-99,CAIXABANK S.A.,ES,maestro,debit
502013,00-99,BBVA,ES,maestro,debit
502014,00-99,,KH,maestro,debit
502015,00-99,,ES,maestro,debit
502016,00-99,MASTERCAJAS S.A.,ES,maestro,debit
502017,00-99,IBERCAJA BANCO S.A.,ES,maestro,debit
502018,00-99,CAIXABANK S.A.,ES,maestro,debit
502019,00-99,LIBERBANK S.A.,ES,maestro,debit
502020,00-99,UNICAJA BANCO S.A.,ES,maestro,debit
502021,00-99,LIBERBANK,ES,maestro,debit
502022,00-99,,US,ebt,debit
502023,00-99,,ES,maestro,debit
502024,00-99,MASTERCAJAS S.A.,ES,maestro,debit
502025,00-99,MASTERCAJAS S.A.,ES,maestro,debit
502026,00-99,,US,maestro,debit
502027,00-99,,US,cirrus,debit
502028,00-99,,US,ebt,debit
502029,00-99,ASPIDER SOLUTIONS,NL,maestro,debit
502030,00-99,CAIXABANK S.A.,ES,maestro,debit
502031,00-99,BANKIA S.A.,ES,maestro,debit
502032,00-99,CAIXABANK S.A.,ES,maestro,debit
502033,00-99,,PK,maestro,debit
502034,00-99,CAIXABANK S.A.,ES,maestro,debit
502035,00-99,,US,ebt,debit
502036,00-99,,US,ebt,debit
502037,00-99,CAIXABANK S.A.,ES,maestro,debit
502038,00-99,CAIXABANK S.A.,ES,maestro,debit
502039,00-99,,IT,maestro,debit
502040,00-99,BANCO BILBAO VIZCAYA ARGENTARIA S.A. (BBVA),ES,maestro,debit
502041,00-99,BANCO BILBAO VIZCAYA ARGENTARIA S.A. (BBVA),ES,maestro,debit
502042,00-99,CAIXABANK S.A.,ES,maestro,debit
502043,00-99,BANKIA S.A.,ES,maestro,debit
502045,00-99,CAJA DE AHORROS Y MONTE DE PIEDAD DE ONTINYENT,ES,maestro,debit
502046,00-99,ABANCA CORPORACION BANCARIA S.A.,ES,maestro,debit
502047,00-99,,US,ebt,debit
502048,00-99,LIBERBANK S.A.,ES,maestro,debit
502049,00-99,,GB,maestro,debit
502050,00-99,,US,ebt,debit
502051,00-99,BANKIA S.A.,ES,maestro,debit
502052,00-99,BANKIA S.A.,ES,maestro,debit
502053,00-99,CAIXABANK S.A.,ES,maestro,debit
502054,00-99,CAIXABANK S.A.,ES,maestro,debit
502055,00-99,,US,ebt,debit
502056,00-99,MASTERCAJAS S.A.,ES,maestro,debit
502057,00-99,ABANCA CORPORACION BANCARIA S.A.,ES,maestro,debit
502058,00-99,UNICAJA BANCO S.A.,ES,maestro,debit
502059,00-99,BANCO SABADELL S.A.,ES,maestro,debit
502060,00-99,,AU,maestro,debit
502061,00-99,BANCO DE CAJA ESPANA DE INVERSIONES SALAMANCA Y SORIA S.A.,ES,maestro,debit
502062,00-99,,US,ebt,debit
502063,00-99,,ES,maestro,debit
502064,00-99,,US,ebt,debit
502065,00-99,CAIXABANK S.A.,ES,maestro,debit
502066,00-99,LIBERBANK S.A.,ES,maestro,debit
502067,00-99,,US,ebt,debit
502068,00-99,,GB,maestro,debit
502069,00-99,MASTERCAJAS S.A.,ES,maestro,debit
502070,00-99,,US,ebt,debit
502071,00-99,CAIXABANK S.A.,ES,maestro,debit
502072,00-99,,ES,maestro,debit
502073,00-99,SERVIRED SOCIEDAD ESPANOLA DE MEDIOS DE PAGO S.A.,ES,maestro,debit
502074,00-99,,US,ebt,debit
502075,00-99,,PK,maestro,debit
502076,00-99,,US,ebt,debit
502077,00-99,,US,ebt,debit
502078,00-99,,US,ebt,debit
502079,00-99,,US,ebt,debit
502080,00-99,ABANCA CORPORACION BANCARIA S.A.,ES,maestro,debit
502081,00-99,BANCO SABADELL S.A.,ES,maestro,debit
502082,00-99,,US,ebt,debit
502083,00-99,,US,ebt,debit
502084,00-99,,US,ebt,debit
502085,00-99,MASTERCAJAS S.A.,ES,maestro,debit
502086,00-99,IBERCAJA BANCO S.A.,ES,maestro,debit
502087,00-99,,US,ebt,debit
502089,00-99,,US,ebt,debit
502090,00-99,BANCO SABADELL S.A.,ES,maestro,debit
502091,00-99,ABANCA CORPORACION BANCARIA S.A.,ES,maestro,debit
502092,00-99,UNICAJA BANCO S.A.,ES,maestro,debit
502093,00-99,,HR,maestro,debit
502094,00-99,,ES,maestro,debit
502095,00-99,MASTERCAJAS S.A.,ES,maestro,debit
502096,00-99,,ES,maestro,debit
502097,00-99,MASTERCAJAS S.A.,ES,maestro,debit
502098,00-99,CAIXABANK S.A.,ES,maestro,debit
502099,00-99,LIBERBANK S.A.,ES,maestro,debit
502100,00-99,,GR,maestro,debit
502101,00-99,MASTERCAJAS S.A.,ES,maestro,debit
502102,00-99,MASTERCAJAS S.A.,ES,maestro,debit
502103,00-99,UNICAJA BANCO S.A.,ES,maestro,debit
502104,00-99,BANCO DE CAJA ESPANA DE INVERSIONES SALAMANCA Y SORIA S.A.,ES,maestro,debit
502105,00-99,LIBERBANK S.A.,ES,maestro,debit
502106,00-99,CAIXABANK S.A.,ES,maestro,debit
502107,00-99,,CO,maestro,debit
502108,00-99,,US,ebt,debit
502110,00-99,,US,ebt,debit
502111,00-99,,US,ebt,debit
502112,00-99,,US,ebt,debit
502113,00-99,,AR,maestro,debit
502114,00-99,,US,ebt,debit
502115,00-99,,US,ebt,debit
502116,00-99,,US,ebt,debit
502117,00-99,,US,cirrus,debit
502118,00-99,,US,ebt,debit
502119,00-99,WESTFIELD GIFT CARDS PTY LTD.,AU,maestro,debit
502120,00-99,,US,maestro,debit
502121,00-99,,US,maestro,debit
502122,00-99,,LB,maestro,debit
502123,00-99,KB KOOKMIN CARD CO. LTD,KR,local brand,debit
502124,00-99,CAJASUR BANCO S.A.U.,ES,maestro,debit
502125,00-99,INDUE LTD.,AU,maestro,debit
502126,00-99,,KE,maestro,debit
502129,00-99,,US,ebt,debit
502130,00-99,CAIXABANK S.A.,ES,maestro,debit
502131,00-99,,BR,maestro,debit
502132,00-99,,BH,maestro,debit
502133,00-99,,BR,maestro,debit
502134,00-99,,MA,maestro,debit
502135,00-99,,US,maestro,debit
502136,00-99,,CO,maestro,debit
502137,00-99,,US,ebt,debit
502138,00-99,,US,ebt,debit
502139,00-99,,US,ebt,debit
502140,00-99,,US,ebt,debit
502141,00-99,,US,ebt,debit
502142,00-99,CAIXABANK S.A.,ES,maestro,debit
502143,00-99,,US,cirrus,debit
502144,00-99,,IN,maestro,debit
502145,00-99,,US,ebt,debit
502146,00-99,,US,ebt,debit
502147,00-99,,US,ebt,debit
502148,00-99,LIBERBANK S.A.,ES,maestro,debit
502149,00-99,,US,ebt,debit
502150,00-99,,CA,maestro,debit
502152,00-99,,US,ebt,debit
502154,00-99,,US,ebt,debit
502155,00-99,,US,ebt,debit
502156,00-99,,US,ebt,debit
502157,00-99,,US,ebt,debit
502158,00-99,,US,ebt,debit
502160,00-99,,ES,maestro,debit
502161,00-99,,US,ebt,debit
502162,00-99,,US,ebt,debit
502163,00-99,,US,ebt,debit
502164,00-99,,US,ebt,debit
502165,00-99,BANK OF BARODA,IN,maestro,debit
502166,00-99,LIBERBANK S.A.,ES,maestro,debit
502167,00-99,,US,ebt,debit
502168,00-99,,US,ebt,debit
502169,00-99,,US,ebt,debit
502170,00-99,CAIXABANK S.A.,ES,maestro,debit
502171,00-99,,US,ebt,debit
502172,00-99,,US,ebt,debit
502173,00-99,SERVIRED SOCIEDAD ESPANOLA DE MEDIOS DE PAGO S.A.,ES,maestro,debit
502174,00-99,,US,ebt,debit
502175,00-99,,US,ebt,debit
502176,00-99,,US,ebt,debit
502177,00-99,,US,ebt,debit
502178,00-99,,US,ebt,debit
502179,00-99,,US,ebt,debit
502181,00-99,,BR,maestro,debit
502182,00-99,,GB,maestro,debit
502183,00-99,,US,ebt,debit
502184,00-99,,US,ebt,debit
502186,00-99,,US,ebt,debit
502187,00-99,,US,ebt,debit
502188,00-99,SGB-BANK S.A.,PL,maestro,debit
502189,00-99,,US,ebt,debit
502190,00-99,,NL,maestro,debit
502191,00-99,,US,ebt,debit
502192,00-99,,LU,maestro,debit
502193,00-99,,US,ebt,debit
502194,00-99,,US,ebt,debit
502195,00-99,,CN,maestro,debit
502196,00-99,,US,ebt,debit
502197,00-99,,US,ebt,debit
502198,00-99,,US,cirrus,debit
502199,00-99,,BR,maestro,debit
502200,00-99,,FR,maestro,debit
502202,00-99,,US,ebt,debit
502203,00-99,,US,ebt,debit
502204,00-99,,US,ebt,debit
502205,00-99,,US,ebt,debit
502206,00-99,CAIXABANK S.A.,ES,maestro,debit
502207,00-99,,BR,maestro,debit
502208,00-99,,US,ebt,debit
502209,00-99,,US,ebt,debit
502210,00-99,,US,ebt,debit
502211,00-99,,ZA,maestro,debit
502212,00-99,,GB,maestro,debit
502213,00-99,,CO,maestro,debit
502215,00-99,,US,ebt,debit
502216,00-99,,US,ebt,debit
502217,00-99,,US,maestro,debit
502218,00-99,,US,ebt,debit
502219,00-99,,ZA,maestro,debit
502220,00-99,,US,ebt,debit
502221,00-99,,US,ebt,debit
502222,00-99,,US,ebt,debit
502223,00-99,,US,ebt,debit
502224,00-99,,US,ebt,debit
502225,00-99,,EG,maestro,debit
502226,00-99,,US,ebt,debit
502227,00-99,,US,ebt,debit
502228,00-99,,US,ebt,debit
502229,00-99,,RU,maestro,debit
502230,00-99,,IT,maestro,debit
502231,00-99,,US,ebt,debit
502232,00-99,,US,ebt,debit
502233,00-99,,US,ebt,debit
502234,00-99,,US,ebt,debit
502236,00-99,,US,ebt,debit
502237,00-99,,RU,maestro,debit
502238,00-99,,US,ebt,debit
502239,00-99,,US,ebt,debit
502240,00-99,,PA,maestro,debit
502241,00-99,,US,cirrus,debit
502242,00-99,ABSA GROUP LTD.,ZA,maestro,debit
502243,00-99,,US,ebt,debit
502244,00-99,,US,ebt,debit
502245,00-99,,US,ebt,debit
502246,00-99,,US,ebt,debit
502247,00-99,,US,maestro,debit
502248,00-99,,US,ebt,debit
502249,00-99,,US,ebt,debit
502250,00-99,RAIFFEISENBANK A.S.,CZ,maestro,debit
502252,00-99,,AU,maestro,debit
502253,00-99,,US,ebt,debit
502254,00-99,,IN,maestro,debit
502255,00-99,,US,ebt,debit
502257,00-99,,US,ebt,debit
502259,00-99,,GR,maestro,debit
502260,00-99,,US,maestro,debit
502262,00-99,,RU,maestro,debit
502263,00-99,,US,maestro,debit
502264,00-99,,US,ebt,debit
502265,00-99,,US,ebt,debit
502266,00-99,,US,ebt,debit
502267,00-99,,US,ebt,debit
502268,00-99,,BR,maestro,debit
502269,00-99,,US,ebt,debit
502270,00-99,,BR,maestro,debit
502271,00-99,,US,ebt,debit
502272,00-99,,US,ebt,debit
502273,00-99,,US,ebt,debit
502274,00-99,,US,ebt,debit
502275,00-99,BANSEFI,MX,carnet,debit
502276,00-99,,US,ebt,debit
502277,00-99,,US,ebt,debit
502278,00-99,,US,ebt,debit
502279,00-99,,US,ebt,debit
502280,00-99,,US,ebt,debit
502281,00-99,,US,ebt,debit
502282,00-99,,ID,maestro,debit
502283,00-99,,US,maestro,debit
502284,00-99,,US,ebt,debit
502285,00-99,,US,ebt,debit
502286,00-99,,CR,maestro,debit
502287,00-99,,US,ebt,debit
502288,00-99,,US,ebt,debit
502289,00-99,,US,ebt,debit
502290,00-99,BANCO SABADELL S.A.,ES,maestro,debit
502291,00-99,ABANCA CORPORACION BANCARIA S.A.,ES,maestro,debit
502292,00-99,,US,ebt,debit
502293,00-99,,NZ,maestro,debit
502294,00-99,,US,ebt,debit
502295,00-99,,US,ebt,debit
502296,00-99,,US,ebt,debit
502297,00-99,,US,ebt,debit
502298,00-99,,US,ebt,debit
502299,00-99,,US,ebt,debit
502300,00-99,,US,ebt,debit
502301,00-99,,AR,maestro,debit
502302,00-99,,GB,maestro,debit
502303,00-99,,US,ebt,debit
502304,00-99,,US,ebt,debit
502305,00-99,,US,cirrus,debit
502306,00-99,,US,ebt,debit
502307,00-99,,US,cirrus,debit
502308,00-99,,US,ebt,debit
502309,00-99,,US,ebt,debit
502310,00-99,,US,cirrus,debit
502311,00-99,,US,ebt,debit
502312,00-99,,US,maestro,debit
502313,00-99,,US,ebt,debit
502314,00-99,,US,ebt,debit
502315,00-99,,US,ebt,debit
502316,00-99,,US,ebt,debit
502317,00-99,,US,ebt,debit
502318,00-99,,US,ebt,debit
502319,00-99,,US,cirrus,debit
502320,00-99,,US,ebt,debit
502321,00-99,,BR,maestro,debit
502322,00-99,,US,ebt,debit
502323,00-99,,US,ebt,debit
502325,00-99,,US,ebt,debit
502326,00-99,,US,ebt,debit
502327,00-99,,US,ebt,debit
502328,00-99,,US,cirrus,debit
502329,00-99,,US,ebt,debit
502331,00-99,,US,ebt,debit
502332,00-99,,US,ebt,debit
502333,00-99,,US,ebt,debit
502334,00-99,,US,ebt,debit
502335,00-99,,US,ebt,debit
502336,00-99,,US,ebt,debit
502337,00-99,,US,ebt,debit
502339,00-99,,RS,maestro,debit
502341,00-99,,US,ebt,debit
502342,00-99,,US,ebt,debit
502344,00-99,,US,ebt,debit
502345,00-99,,US,ebt,debit
502346,00-99,,US,ebt,debit
502347,00-99,,US,ebt,debit
502348,00-99,,US,ebt,debit
502349,00-99,,US,ebt,debit
502350,00-99,,US,ebt,debit
502351,00-99,,US,ebt,debit
502352,00-99,,US,ebt,debit
502353,00-99,,US,ebt,debit
502354,00-99,,US,ebt,debit
502355,00-99,,US,ebt,debit
502356,00-99,,KR,maestro,debit
502357,00-99,,US,cirrus,debit
502358,00-99,,US,ebt,debit
502359,00-99,,KR,maestro,debit
502360,00-99,,IT,maestro,debit
502361,00-99,,US,ebt,debit
502362,00-99,,US,ebt,debit
502363,00-99,,KR,maestro,debit
502364,00-99,,US,ebt,debit
502365,00-99,,US,ebt,debit
502366,00-99,,KR,maestro,debit
502367,00-99,,US,ebt,debit
502368,00-99,,US,ebt,debit
502369,00-99,,KR,maestro,debit
502370,00-99,,US,ebt,debit
502371,00-99,,US,ebt,debit
502372,00-99,,KR,maestro,debit
502373,00-99,,US,ebt,debit
502374,00-99,,US,ebt,debit
502375,00-99,,KR,maestro,debit
502376,00-99,,US,ebt,debit
502377,00-99,,US,ebt,debit
502378,00-99,,US,ebt,debit
502379,00-99,,US,cirrus,debit
502380,00-99,,US,cirrus,debit
502381,00-99,,US,ebt,debit
502382,00-99,,US,ebt,debit
502383,00-99,,US,cirrus,debit
502384,00-99,,US,ebt,debit
502385,00-99,,US,cirrus,debit
502386,00-99,,KR,maestro,debit
502387,00-99,,US,ebt,debit
502388,00-99,,US,ebt,debit
502389,00-99,,KR,maestro,debit
502390,00-99,,US,ebt,debit
502391,00-99,ABANCA CORPORACION BANCARIA S.A.,ES,maestro,debit
502392,00-99,,US,ebt,debit
502393,00-99,,KR,maestro,debit
502394,00-99,,US,ebt,debit
502396,00-99,,KR,maestro,debit
502397,00-99,,US,ebt,debit
502399,00-99,,KR,maestro,debit
502400,00-99,,US,ebt,debit
502401,00-99,,US,ebt,debit
502402,00-99,,US,ebt,debit
502403,00-99,,KR,maestro,debit
502404,00-99,,US,ebt,debit
502405,00-99,,US,ebt,debit
502406,00-99,,KR,maestro,debit
502407,00-99,,US,ebt,debit
502408,00-99,,US,ebt,debit
502409,00-99,,US,ebt,debit
502410,00-99,,US,cirrus,debit
502411,00-99,,US,ebt,debit
502412,00-99,,US,ebt,debit
502413,00-99,,KR,maestro,debit
502414,00-99,,US,ebt,debit
502415,00-99,,US,ebt,debit
502416,00-99,,KR,maestro,debit
502417,00-99,,US,ebt,debit
502418,00-99,,US,ebt,debit
502419,00-99,,KR,maestro,debit
502420,00-99,,JP,maestro,debit
502421,00-99,,US,ebt,debit
502422,00-99,,US,ebt,debit
502423,00-99,,KR,maestro,debit
502424,00-99,,US,ebt,debit
502425,00-99,,US,ebt,debit
502426,00-99,,US,ebt,debit
502427,00-99,,US,ebt,debit
502428,00-99,,US,maestro,debit
502429,00-99,,US,ebt,debit
502430,00-99,,US,ebt,debit
502431,00-99,,US,ebt,debit
502433,00-99,,KR,maestro,debit
502434,00-99,,US,ebt,debit
502435,00-99,,US,ebt,debit
502436,00-99,,KR,maestro,debit
502437,00-99,,US,ebt,debit
502438,00-99,,US,ebt,debit
502439,00-99,,KR,maestro,debit
502440,00-99,,US,ebt,debit
502441,00-99,,US,cirrus,debit
502442,00-99,,US,ebt,debit
502443,00-99,,US,ebt,debit
502444,00-99,,KR,maestro,debit
502445,00-99,,US,ebt,debit
502446,00-99,,US,ebt,debit
502447,00-99,,US,ebt,debit
502448,00-99,,KR,maestro,debit
502449,00-99,,GB,maestro,debit
502450,00-99,,US,cirrus,debit
502451,00-99,,US,ebt,debit
502452,00-99,,US,ebt,debit
502453,00-99,,KR,maestro,debit
502454,00-99,,US,cirrus,debit
502455,00-99,,US,ebt,debit
502456,00-99,,US,ebt,debit
502457,00-99,,US,ebt,debit
502458,00-99,,US,ebt,debit
502459,00-99,,US,ebt,debit
502460,00-99,,US,ebt,debit
502461,00-99,,US,ebt,debit
502462,00-99,,US,cirrus,debit
502463,00-99,,KR,maestro,debit
502464,00-99,,US,ebt,debit
502465,00-99,,US,ebt,debit
502466,00-99,,US,ebt,debit
502467,00-99,,US,ebt,debit
502468,00-99,,KR,maestro,debit
502469,00-99,,US,ebt,debit
502470,00-99,,US,maestro,debit
502471,00-99,,US,ebt,debit
502472,00-99,,US,ebt,debit
502473,00-99,,KR,maestro,debit
502474,00-99,,US,cirrus,debit
502475,00-99,,US,ebt,debit
502476,00-99,,US,ebt,debit
502477,00-99,,US,ebt,debit
502478,00-99,,US,ebt,debit
502479,00-99,,US,ebt,debit
502480,00-99,,US,ebt,debit
502481,00-99,,US,ebt,debit
502482,00-99,,US,ebt,debit
502483,00-99,,US,ebt,debit
502484,00-99,,US,ebt,debit
502485,00-99,,US,cirrus,debit
502486,00-99,,US,ebt,debit
502487,00-99,,US,ebt,debit
502488,00-99,,US,ebt,debit
502489,00-99,,US,ebt,debit
502490,00-99,,US,ebt,debit
502491,00-99,,US,ebt,debit
502492,00-99,,US,ebt,debit
502493,00-99,,KR,maestro,debit
502494,00-99,,US,cirrus,debit
502495,00-99,,US,ebt,debit
502496,00-99,,US,ebt,debit
502497,00-99,,US,ebt,debit
502498,00-99,,KR,maestro,debit
502499,00-99,,US,ebt,debit
502500,00-99,,KR,maestro,debit
502501,00-99,,US,ebt,debit
502502,00-99,,US,maestro,debit
502503,00-99,,US,ebt,debit
502504,00-99,,US,cirrus,debit
502505,00-99,,KR,maestro,debit
502506,00-99,,US,ebt,debit
502507,00-99,,US,ebt,debit
502508,00-99,,US,cirrus,debit
502509,00-99,,US,ebt,debit
502510,00-99,,US,ebt,debit
502511,00-99,,US,cirrus,debit
502512,00-99,,US,ebt,debit
502513,00-99,,KR,maestro,debit
502514,00-99,,US,ebt,debit
502515,00-99,,US,ebt,debit
502516,00-99,,KR,maestro,debit
502517,00-99,,US,ebt,debit
502518,00-99,,US,ebt,debit
502519,00-99,,KR,maestro,debit
502520,00-99,,US,ebt,debit
502521,00-99,,US,ebt,debit
502522,00-99,,US,ebt,debit
502523,00-99,,KR,maestro,debit
502524,00-99,,US,ebt,debit
502525,00-99,,BR,maestro,debit
502526,00-99,,US,ebt,debit
502527,00-99,,US,cirrus,debit
502528,00-99,,KR,maestro,debit
502529,00-99,,US,ebt,debit
502530,00-99,,US,ebt,debit
502531,00-99,,US,cirrus,debit
502532,00-99,,CH,maestro,debit
502533,00-99,,KR,maestro,debit
502534,00-99,,US,ebt,debit
502535,00-99,,US,cirrus,debit
502536,00-99,,KR,maestro,debit
502537,00-99,,US,ebt,debit
502538,00-99,,US,ebt,debit
502539,00-99,,US,ebt,debit
502540,00-99,,US,ebt,debit
502541,00-99,,US,ebt,debit
502542,00-99,,US,ebt,debit
502543,00-99,,US,ebt,debit
502544,00-99,,KR,maestro,debit
502545,00-99,,US,cirrus,debit
502546,00-99,,US,ebt,debit
502547,00-99,,US,ebt,debit
502548,00-99,,KR,maestro,debit
502549,00-99,,US,ebt,debit
502550,00-99,,US,ebt,debit
502551,00-99,,US,ebt,debit
502552,00-99,,US,ebt,debit
502553,00-99,,US,cirrus,debit
502554,00-99,,US,ebt,debit
502555,00-99,,US,ebt,debit
502556,00-99,,US,ebt,debit
502557,00-99,,US,ebt,debit
502558,00-99,,US,cirrus,debit
502559,00-99,,US,ebt,debit
502560,00-99,,US,ebt,debit
502561,00-99,,US,ebt,debit
502562,00-99,,US,ebt,debit
502563,00-99,,US,ebt,debit
502564,00-99,,US,ebt,debit
502565,00-99,,US,ebt,debit
502566,00-99,,US,ebt,debit
502567,00-99,,US,ebt,debit
502568,00-99,,US,ebt,debit
502569,00-99,,US,ebt,debit
502570,00-99,,US,ebt,debit
502571,00-99,,US,ebt,debit
502572,00-99,,US,ebt,debit
502573,00-99,,US,ebt,debit
502574,00-99,,US,ebt,debit
502575,00-99,,US,ebt,debit
502576,00-99,,US,ebt,debit
502577,00-99,,US,ebt,debit
502578,00-99,,US,ebt,debit
502579,00-99,,US,ebt,debit
502580,00-99,,US,ebt,debit
502581,00-99,,US,ebt,debit
502582,00-99,,US,ebt,debit
502583,00-99,,US,ebt,debit
502584,00-99,,US,ebt,debit
502585,00-99,,US,ebt,debit
502586,00-99,,US,cirrus,debit
502587,00-99,,US,cirrus,debit
502588,00-99,,US,ebt,debit
502589,00-99,,US,ebt,debit
502590,00-99,,US,maestro,debit
502591,00-99,,US,ebt,debit
502592,00-99,,US,ebt,debit
502593,00-99,,US,cirrus,debit
502594,00-99,,US,ebt,debit
502595,00-99,,US,cirrus,debit
502596,00-99,,US,ebt,debit
502597,00-99,,US,ebt,debit
502598,00-99,,US,ebt,debit
502599,00-99,,US,ebt,debit
502600,00-99,,US,ebt,debit
502601,00-99,,US,ebt,debit
502602,00-99,,US,ebt,debit
502604,00-99,,US,ebt,debit
502605,00-99,,US,ebt,debit
502606,00-99,,US,ebt,debit
502607,00-99,,US,ebt,debit
502608,00-99,,US,ebt,debit
502609,00-99,,US,ebt,debit
502610,00-99,,US,cirrus,debit
502611,00-99,,US,cirrus,debit
502612,00-99,,US,ebt,debit
502613,00-99,,US,ebt,debit
502614,00-99,,US,cirrus,debit
502615,00-99,STAR PROCESSING INC.,US,ebt,debit
502616,00-99,,US,ebt,debit
502617,00-99,,US,ebt,debit
502618,00-99,,US,ebt,debit
502619,00-99,,US,ebt,debit
502620,00-99,,US,ebt,debit
502621,00-99,,BR,maestro,debit
502622,00-99,,US,ebt,debit
502623,00-99,,IT,maestro,debit
502624,00-99,,US,ebt,debit
502625,00-99,,US,ebt,debit
502626,00-99,,US,ebt,debit
502628,00-99,,US,cirrus,debit
502629,00-99,,US,ebt,debit
502630,00-99,,US,ebt,debit
502632,00-99,,US,ebt,debit
502633,00-99,,US,ebt,debit
502634,00-99,,US,ebt,debit
502635,00-99,,US,ebt,debit
502636,00-99,,US,ebt,debit
502637,00-99,,US,ebt,debit
502638,00-99,,US,ebt,debit
502639,00-99,,US,ebt,debit
502640,00-99,,US,ebt,debit
502641,00-99,,US,ebt,debit
502642,00-99,,US,ebt,debit
502643,00-99,,US,ebt,debit
502644,00-99,,US,ebt,debit
502645,00-99,,US,ebt,debit
502647,00-99,,US,ebt,debit
502648,00-99,,US,ebt,debit
502649,00-99,,US,ebt,debit
502650,00-99,,DK,maestro,debit
502651,00-99,,US,ebt,debit
502652,00-99,,US,ebt,debit
502653,00-99,,US,ebt,debit
502654,00-99,,US,ebt,debit
502655,00-99,,US,ebt,debit
502656,00-99,,US,ebt,debit
502657,00-99,,CN,maestro,debit
502658,00-99,,US,ebt,debit
502659,00-99,,US,ebt,debit
502660,00-99,,US,ebt,debit
502661,00-99,,US,ebt,debit
502662,00-99,,US,ebt,debit
502663,00-99,,US,ebt,debit
502664,00-99,,US,ebt,debit
502665,00-99,,US,ebt,debit
502666,00-99,,US,cirrus,debit
502667,00-99,,US,ebt,debit
502669,00-99,,US,cirrus,debit
502670,00-99,,US,ebt,debit
502671,00-99,,US,ebt,debit
502672,00-99,,US,ebt,debit
502673,00-99,,US,ebt,debit
502674,00-99,,US,ebt,debit
502675,00-99,,US,ebt,debit
502676,00-99,,US,ebt,debit
502677,00-99,,US,ebt,debit
502678,00-99,,US,ebt,debit
502679,00-99,,US,ebt,debit
502680,00-99,,US,cirrus,debit
502681,00-99,,US,ebt,debit
502682,00-99,,US,ebt,debit
502683,00-99,,US,ebt,debit
502684,00-99,,US,ebt,debit
502685,00-99,,US,ebt,debit
502686,00-99,,US,cirrus,debit
502687,00-99,,US,cirrus,debit
502688,00-99,,US,ebt,debit
502689,00-99,,US,ebt,debit
502690,00-99,,US,cirrus,debit
502691,00-99,,US,cirrus,debit
502692,00-99,U.S. BANK N.A.,US,ebt,debit
502693,00-99,,US,ebt,debit
502694,00-99,,US,ebt,debit
502695,00-99,,US,ebt,debit
502696,00-99,,US,ebt,debit
502697,00-99,,US,maestro,debit
502698,00-99,,US,ebt,debit
502699,00-99,,US,ebt,debit
502700,00-99,,US,ebt,debit
502701,00-99,,TH,maestro,debit
502702,00-99,,US,ebt,debit
502703,00-99,,US,ebt,debit
502704,00-99,,CN,maestro,debit
502705,00-99,,US,cirrus,debit
502706,00-99,,US,ebt,debit
502707,00-99,,US,ebt,debit
502708,00-99,,US,cirrus,debit
502709,00-99,,US,ebt,debit
502710,00-99,,US,ebt,debit
502711,00-99,,US,ebt,debit
502712,00-99,,US,cirrus,debit
502713,00-99,,US,ebt,debit
502714,00-99,,US,ebt,debit
502715,00-99,,US,ebt,debit
502716,00-99,,US,ebt,debit
502717,00-99,,US,ebt,debit
502718,00-99,,US,cirrus,debit
502719,00-99,,US,ebt,debit
502720,00-99,,US,ebt,debit
502721,00-99,,US,cirrus,debit
502722,00-99,BMO BANK NATIONAL ASSOCIATION,US,maestro,debit
502723,00-99,,US,ebt,debit
502724,00-99,,US,ebt,debit
502725,00-99,,US,ebt,debit
502726,00-99,,US,ebt,debit
502727,00-99,,US,ebt,debit
502728,00-99,,US,cirrus,debit
502729,00-99,,US,ebt,debit
502730,00-99,,US,maestro,debit
502732,00-99,,US,cirrus,debit
502733,00-99,,US,cirrus,debit
502734,00-99,,US,cirrus,debit
502735,00-99,,US,ebt,debit
502737,00-99,,US,ebt,debit
502738,00-99,,US,ebt,debit
502739,00-99,,US,cirrus,debit
502740,00-99,,US,cirrus,debit
502741,00-99,,US,ebt,debit
502742,00-99,,US,ebt,debit
502743,00-99,,US,ebt,debit
502744,00-99,,US,ebt,debit
502745,00-99,,US,cirrus,debit
502746,00-99,,US,ebt,debit
502747,00-99,,US,ebt,debit
502748,00-99,,US,cirrus,debit
502749,00-99,U.S. BANK N.A.,US,ebt,debit
502750,00-99,,US,cirrus,debit
502751,00-99,,US,ebt,debit
502752,00-99,,US,cirrus,debit
502753,00-99,,US,cirrus,debit
502754,00-99,,US,ebt,debit
502755,00-99,,US,ebt,debit
502756,00-99,,US,ebt,debit
502757,00-99,,US,ebt,debit
502758,00-99,,US,ebt,debit
502759,00-99,,US,ebt,debit
502760,00-99,,US,ebt,debit
502761,00-99,,US,ebt,debit
502762,00-99,,US,cirrus,debit
502763,00-99,,US,ebt,debit
502764,00-99,,US,ebt,debit
502765,00-99,,US,ebt,debit
502766,00-99,U.S. BANK N.A.,US,maestro,debit
502767,00-99,,PK,maestro,debit
502768,00-99,,US,cirrus,debit
502769,00-99,,US,cirrus,debit
502770,00-99,,US,maestro,debit
502771,00-99,,US,maestro,debit
502772,00-99,,CN,maestro,debit
502773,00-99,,US,ebt,debit
502774,00-99,,US,ebt,debit
502775,00-99,,US,ebt,debit
502776,00-99,,US,cirrus,debit
502777,00-99,,US,ebt,debit
502778,00-99,,US,cirrus,debit
502779,00-99,,US,ebt,debit
502780,00-99,,US,cirrus,debit
502781,00-99,,US,ebt,debit
502782,00-99,,US,ebt,debit
502783,00-99,,US,ebt,debit
502784,00-99,,US,cirrus,debit
502785,00-99,,US,cirrus,debit
502786,00-99,,US,ebt,debit
502787,00-99,,US,maestro,debit
502788,00-99,,US,ebt,debit
502789,00-99,,US,ebt,debit
502790,00-99,,US,cirrus,debit
502791,00-99,,US,ebt,debit
502793,00-99,,US,ebt,debit
502794,00-99,,CO,maestro,debit
502795,00-99,,US,ebt,debit
502796,00-99,,US,ebt,debit
502797,00-99,,US,ebt,debit
502798,00-99,,US,ebt,debit
502799,00-99,,US,ebt,debit
502800,00-99,,US,ebt,debit
502801,00-99,NUTAN NAGARIK SAHAKARI BANK,IN,rupay,debit
502802,00-99,,US,ebt,debit
502803,00-99,,US,ebt,debit
502804,00-99,,US,ebt,debit
502805,00-99,,US,ebt,debit
502806,00-99,,US,ebt,debit
502807,00-99,,US,ebt,debit
502808,00-99,,US,ebt,debit
502809,00-99,,US,ebt,debit
502810,00-99,,ZA,maestro,debit
502811,00-99,INDUE,AU,local brand,debit
502812,00-99,,ES,maestro,debit
502813,00-99,,US,ebt,debit
502814,00-99,,US,ebt,debit
502815,00-99,,US,ebt,debit
502816,00-99,,US,ebt,debit
502817,00-99,,US,ebt,debit
502818,00-99,,US,ebt,debit
502819,00-99,,US,ebt,debit
502820,00-99,CITIZENS BANK N.A.,US,ebt,debit
502821,00-99,,US,ebt,debit
502822,00-99,CAIXABANK S.A.,ES,maestro,debit
502823,00-99,MASTERCAJAS S.A.,ES,maestro,debit
502824,00-99,MASTERCAJAS S.A.,ES,maestro,debit
502825,00-99,MASTERCAJAS S.A.,ES,maestro,debit
502826,00-99,,US,ebt,debit
502827,00-99,MASTERCAJAS S.A.,ES,maestro,debit
502828,00-99,,US,ebt,debit
502829,00-99,,US,ebt,debit
502830,00-99,,US,ebt,debit
502831,00-99,,US,ebt,debit
502832,00-99,,US,ebt,debit
502833,00-99,,US,ebt,debit
502834,00-99,,US,ebt,debit
502835,00-99,,US,ebt,debit
502836,00-99,,US,ebt,debit
502837,00-99,,US,ebt,debit
502838,00-99,,US,ebt,debit
502839,00-99,,US,ebt,debit
502840,00-99,,US,ebt,debit
502841,00-99,,US,ebt,debit
502843,00-99,,US,ebt,debit
502844,00-99,,US,ebt,debit
502845,00-99,,US,ebt,debit
502846,00-99,,ES,maestro,debit
502847,00-99,,MY,local brand,debit
502848,00-99,,US,ebt,debit
502849,00-99,PAULSON CAPITAL CORP (JPMORGAN CHASE),CA,maestro,debit
502850,00-99,,TR,maestro,debit
502851,00-99,,IT,maestro,debit
502852,00-99,,US,ebt,debit
502853,00-99,,US,ebt,debit
502854,00-99,,US,ebt,debit
502855,00-99,,US,ebt,debit
502856,00-99,,US,ebt,debit
502857,00-99,,US,ebt,debit
502858,00-99,,US,ebt,debit
502859,00-99,,US,ebt,debit
502860,00-99,,US,ebt,debit
502861,00-99,,US,ebt,debit
502862,00-99,,US,ebt,debit
502863,00-99,,US,ebt,debit
502864,00-99,,US,ebt,debit
502865,00-99,,US,ebt,debit
502866,00-99,,US,ebt,debit
502867,00-99,,US,ebt,debit
502868,00-99,,US,ebt,debit
502869,00-99,,US,ebt,debit
502870,00-99,,US,ebt,debit
502871,00-99,,US,ebt,debit
502872,00-99,,US,ebt,debit
502873,00-99,,US,ebt,debit
502874,00-99,,US,ebt,debit
502875,00-99,,US,ebt,debit
502876,00-99,,US,ebt,debit
502877,00-99,,US,ebt,debit
502878,00-99,,US,ebt,debit
502879,00-99,,US,ebt,debit
502880,00-99,,BR,maestro,debit
502881,00-99,,US,ebt,debit
502882,00-99,,US,ebt,debit
502883,00-99,,US,ebt,debit
502884,00-99,,US,ebt,debit
502885,00-99,,US,ebt,debit
502886,00-99,,US,ebt,debit
502887,00-99,,US,ebt,debit
502888,00-99,,US,ebt,debit
502889,00-99,,JP,maestro,debit
502890,00-99,,US,ebt,debit
502891,00-99,,US,ebt,debit
502892,00-99,,US,ebt,debit
502893,00-99,,US,ebt,debit
502894,00-99,,US,ebt,debit
502897,00-99,,US,ebt,debit
502898,00-99,,US,ebt,debit
502899,00-99,,US,ebt,debit
502900,00-99,IBERCAJA BANCO S.A.,ES,maestro,debit
502901,00-99,KUTXA BANK S.A.,ES,maestro,debit
502902,00-99,,US,ebt,debit
502903,00-99,,US,ebt,debit
502904,00-99,BANCO DE CAJA ESPANA DE INVERSIONES SALAMANCA Y SORIA S.A.,ES,maestro,debit
502905,00-99,LIBERBANK S.A.,ES,maestro,debit
502907,00-99,,US,ebt,debit
502908,00-99,,GB,maestro,debit
502909,00-99,,US,ebt,debit
502910,00-99,,US,ebt,debit
502911,00-99,,AU,maestro,debit
502912,00-99,CAIXABANK S.A.,ES,maestro,debit
502913,00-99,,US,ebt,debit
502914,00-99,,US,ebt,debit
502915,00-99,STANDARD BANK LTD.,BD,maestro,debit
502916,00-99,,EC,maestro,debit
502917,00-99,IBERCAJA BANCO S.A.,ES,maestro,debit
502918,00-99,CAIXABANK S.A.,ES,maestro,debit
502919,00-99,,US,ebt,debit
502920,00-99,,US,ebt,debit
502921,00-99,,US,ebt,debit
502922,00-99,,US,ebt,debit
502923,00-99,,US,ebt,debit
502924,00-99,CAJASUR BANCO S.A.U.,ES,maestro,debit
502925,00-99,CAJASUR BANCO S.A.U.,ES,maestro,debit
502926,00-99,,IT,maestro,debit
502927,00-99,,US,ebt,debit
502928,00-99,KEB HANA CARD CO. LTD.,KR,local brand,debit
502929,00-99,,US,ebt,debit
502930,00-99,CAIXABANK S.A.,ES,maestro,debit
502931,00-99,BANCO MARE NOSTRUM S.A.,ES,maestro,debit
502932,00-99,CAIXABANK S.A.,ES,maestro,debit
502933,00-99,,US,ebt,debit
502934,00-99,,US,ebt,debit
502935,00-99,,US,ebt,debit
502936,00-99,,US,ebt,debit
502937,00-99,,ES,maestro,debit
502938,00-99,,US,ebt,debit
502939,00-99,,US,ebt,debit
502940,00-99,,US,ebt,debit
502941,00-99,,ES,maestro,debit
502942,00-99,,US,maestro,debit
502943,00-99,BANCO MARE NOSTRUM S.A.,ES,maestro,debit
502944,00-99,,US,ebt,debit
502945,00-99,,US,ebt,debit
502946,00-99,,US,ebt,debit
502947,00-99,,US,ebt,debit
502948,00-99,LIBERBANK S.A.,ES,maestro,debit
502949,00-99,INDUE,AU,maestro,debit
502950,00-99,,US,ebt,debit
502951,00-99,ICICI BANK,IN,rupay,debit
502952,00-99,,US,ebt,debit
502953,00-99,CAIXABANK S.A.,ES,maestro,debit
502954,00-99,CAIXABANK S.A.,ES,maestro,debit
502955,00-99,,US,ebt,debit
502956,00-99,,IT,maestro,debit
502957,00-99,,US,ebt,debit
502958,00-99,UNICAJA BANCO S.A.,ES,maestro,debit
502959,00-99,,US,ebt,debit
502960,00-99,,US,ebt,debit
502961,00-99,,US,ebt,debit
502962,00-99,,US,ebt,debit
502963,00-99,,US,maestro,debit
502964,00-99,,US,ebt,debit
502965,00-99,,US,ebt,debit
502966,00-99,LIBERBANK S.A.,ES,maestro,debit
502969,00-99,,ES,maestro,debit
502970,00-99,,IT,maestro,debit
502971,00-99,CAIXABANK S.A.,ES,maestro,debit
502972,00-99,,US,ebt,debit
502973,00-99,BANCO BILBAO VIZCAYA ARGENTARIA S.A. (BBVA),ES,maestro,debit
502975,00-99,,UY,maestro,debit
502976,00-99,,US,maestro,debit
502977,00-99,,US,ebt,debit
502978,00-99,,BR,maestro,debit
502979,00-99,,US,ebt,debit
502980,00-99,ABANCA CORPORACION BANCARIA S.A.,ES,maestro,debit
502981,00-99,BANCO SABADELL S.A.,ES,maestro,debit
502982,00-99,,US,ebt,debit
502983,00-99,,US,ebt,debit
502984,00-99,,US,maestro,debit
502985,00-99,IBERCAJA BANCO S.A.,ES,maestro,debit
502986,00-99,IBERCAJA BANCO S.A.,ES,maestro,debit
502987,00-99,,BR,maestro,debit
502988,00-99,,US,ebt,debit
502989,00-99,,US,ebt,debit
502990,00-99,BANCO SABADELL S.A.,ES,maestro,debit
502991,00-99,ABANCA CORPORACION BANCARIA S.A.,ES,maestro,debit
502992,00-99,,US,ebt,debit
502993,00-99,,GB,maestro,debit
502994,00-99,,US,ebt,debit
502995,00-99,KUTXA BANK S.A.,ES,maestro,debit
502996,00-99,,ID,maestro,debit
502997,00-99,KUTXA BANK S.A.,ES,maestro,debit
502998,00-99,CAIXABANK S.A.,ES,maestro,debit
502999,00-99,LIBERBANK S.A.,ES,maestro,debit
503001,00-99,,US,ebt,debit
503002,00-99,,BG,maestro,debit
503003,00-99,,BR,maestro,debit
503004,00-99,,US,ebt,debit
503005,00-99,,US,ebt,debit
503006,00-99,,US,ebt,debit
503008,00-99,,US,ebt,debit
503009,00-99,,US,ebt,debit
503010,00-99,,US,ebt,debit
503011,00-99,,US,ebt,debit
503012,00-99,,US,ebt,debit
503013,00-99,,US,cirrus,debit
503014,00-99,,US,ebt,debit
503015,00-99,,US,ebt,debit
503016,00-99,,US,ebt,debit
503017,00-99,,US,ebt,debit
503018,00-99,,US,ebt,debit
503019,00-99,,US,ebt,debit
503020,00-99,,US,ebt,debit
503021,00-99,,US,ebt,debit
503022,00-99,,US,ebt,debit
503023,00-99,,IT,maestro,debit
503024,00-99,,US,ebt,debit
503025,00-99,,US,ebt,debit
503026,00-99,,US,ebt,debit
503027,00-99,,US,ebt,debit
503028,00-99,,US,ebt,debit
503030,00-99,,US,ebt,debit
503031,00-99,,US,ebt,debit
503032,00-99,,US,ebt,debit
503033,00-99,,US,ebt,debit
503034,00-99,,DE,maestro,debit
503035,00-99,,US,ebt,debit
503036,00-99,,ES,maestro,debit
503037,00-99,,US,cirrus,debit
503038,00-99,,US,ebt,debit
503039,00-99,,US,ebt,debit
503040,00-99,,US,cirrus,debit
503041,00-99,,US,ebt,debit
503042,00-99,,US,ebt,debit
503043,00-99,,US,ebt,debit
503044,00-99,,BR,maestro,debit
503045,00-99,,US,ebt,debit
503046,00-99,,US,ebt,debit
503047,00-99,,US,ebt,debit
503048,00-99,,US,ebt,debit
503049,00-99,,US,ebt,debit
503050,00-99,,US,ebt,debit
503051,00-99,,BR,maestro,debit
503052,00-99,,US,ebt,debit
503053,00-99,,US,cirrus,debit
503054,00-99,,US,ebt,debit
503055,00-99,,US,ebt,debit
503056,00-99,,US,ebt,debit
503057,00-99,,US,ebt,debit
503058,00-99,,US,ebt,debit
503059,00-99,,US,ebt,debit
503060,00-99,,US,ebt,debit
503061,00-99,,US,ebt,debit
503062,00-99,,US,ebt,debit
503063,00-99,,US,ebt,debit
503064,00-99,,US,ebt,debit
503065,00-99,,US,ebt,debit
503066,00-99,,US,ebt,debit
503067,00-99,,US,ebt,debit
503068,00-99,,US,ebt,debit
503069,00-99,,US,ebt,debit
503070,00-99,,US,ebt,debit
503071,00-99,,US,ebt,debit
503072,00-99,,US,ebt,debit
503073,00-99,,US,ebt,debit
503074,00-99,,US,ebt,debit
503075,00-99,,US,ebt,debit
503076,00-99,,US,ebt,debit
503077,00-99,,US,ebt,debit
503078,00-99,,US,ebt,debit
503079,00-99,,US,ebt,debit
503080,00-99,,US,ebt,debit
503081,00-99,,US,ebt,debit
503082,00-99,,US,ebt,debit
503083,00-99,,US,ebt,debit
503084,00-99,,US,ebt,debit
503085,00-99,,US,ebt,debit
503086,00-99,,US,ebt,debit
503087,00-99,,US,ebt,debit
503088,00-99,,US,ebt,debit
503089,00-99,,US,ebt,debit
503090,00-99,IRISH LIFE AND PERMANENT PLC,IE,cirrus,debit
503091,00-99,,US,ebt,debit
503092,00-99,,US,ebt,debit
503093,00-99,,US,ebt,debit
503094,00-99,,US,ebt,debit
503095,00-99,,US,ebt,debit
503096,00-99,,US,ebt,debit
503097,00-99,,US,ebt,debit
503098,00-99,,US,ebt,debit
503099,00-99,,US,cirrus,debit
503100,00-99,,NG,maestro,debit
503101,00-99,,ML,maestro,debit
503102,00-99,,AU,maestro,debit
503103,00-99,,US,ebt,debit
503104,00-99,,US,cirrus,debit
503106,00-99,,US,ebt,debit
503107,00-99,,US,ebt,debit
503108,00-99,,US,ebt,debit
503109,00-99,,US,ebt,debit
503110,00-99,,US,ebt,debit
503112,00-99,,US,ebt,debit
503113,00-99,,US,ebt,debit
503114,00-99,,US,ebt,debit
503116,00-99,,US,ebt,debit
503117,00-99,,US,ebt,debit
503118,00-99,,US,ebt,debit
503119,00-99,,US,ebt,debit
503120,00-99,,US,ebt,debit
503121,00-99,,US,ebt,debit
503124,00-99,,VE,maestro,debit
503125,00-99,,US,ebt,debit
503126,00-99,,US,ebt,debit
503127,00-99,,GB,maestro,debit
503128,00-99,,US,ebt,debit
503129,00-99,,US,ebt,debit
503130,00-99,,US,ebt,debit
503131,00-99,,ML,maestro,debit
503132,00-99,,US,ebt,debit
503133,00-99,,US,ebt,debit
503134,00-99,,US,cirrus,debit
503135,00-99,,US,ebt,debit
503136,00-99,,US,ebt,debit
503137,00-99,,US,cirrus,debit
503139,00-99,,US,ebt,debit
503140,00-99,,US,maestro,debit
503141,00-99,,US,maestro,debit
503142,00-99,,US,cirrus,debit
503144,00-99,,US,maestro,debit
503147,00-99,JPMORGAN CHASE BANK N.A.,US,ebt,debit
503148,00-99,JPMORGAN CHASE BANK N.A.,US,ebt,debit
503149,00-99,,US,ebt,debit
503150,00-99,,US,ebt,debit
503151,00-99,,US,ebt,debit
503152,00-99,,US,cirrus,debit
503153,00-99,,US,cirrus,debit
503154,00-99,,US,ebt,debit
503155,00-99,WELLS FARGO BANK N.A.,US,ebt,debit
503156,00-99,,US,ebt,debit
503157,00-99,,US,ebt,debit
503159,00-99,,US,ebt,debit
503160,00-99,,US,ebt,debit
503161,00-99,,US,ebt,debit
503162,00-99,,MX,maestro,debit
503163,00-99,,IT,maestro,debit
503165,00-99,,US,ebt,debit
503166,00-99,,US,ebt,debit
503167,00-99,,US,ebt,debit
503168,00-99,,KE,maestro,debit
503169,00-99,,US,cirrus,debit
503170,00-99,,US,ebt,debit
503171,00-99,,IT,maestro,debit
503172,00-99,,US,ebt,debit
503173,00-99,,US,ebt,debit
503175,00-99,,AR,maestro,debit
503177,00-99,,US,ebt,debit
503178,00-99,,GH,maestro,debit
503179,00-99,,US,ebt,debit
503180,00-99,,US,ebt,debit
503181,00-99,,US,ebt,debit
503183,00-99,,GH,maestro,debit
503184,00-99,,BE,maestro,debit
503185,00-99,,US,ebt,debit
503187,00-99,,US,ebt,debit
503188,00-99,,US,ebt,debit
503189,00-99,,US,cirrus,debit
503190,00-99,,US,ebt,debit
503191,00-99,,US,ebt,debit
503192,00-99,,US,ebt,debit
503193,00-99,,US,ebt,debit
503194,00-99,,US,ebt,debit
503195,00-99,,US,cirrus,debit
503196,00-99,,US,ebt,debit
503197,00-99,,US,ebt,debit
503198,00-99,,US,ebt,debit
503199,00-99,,US,ebt,debit
503200,00-99,,BG,maestro,debit
503201,00-99,,PH,maestro,debit
503202,00-99,,BG,maestro,debit
503203,00-99,,DO,maestro,debit
503204,00-99,,US,ebt,debit
503205,00-99,,AT,maestro,debit
503206,00-99,,FR,maestro,debit
503207,00-99,,US,ebt,debit
503208,00-99,,US,ebt,debit
503209,00-99,,US,ebt,debit
503210,00-99,,US,ebt,debit
503211,00-99,,US,ebt,debit
503212,00-99,,US,ebt,debit
503213,00-99,,US,ebt,debit
503214,00-99,,US,ebt,debit
503215,00-99,,US,ebt,debit
503216,00-99,,US,ebt,debit
503217,00-99,,US,ebt,debit
503218,00-99,,US,ebt,debit
503219,00-99,,US,ebt,debit
503220,00-99,,US,ebt,debit
503221,00-99,,US,ebt,debit
503222,00-99,,DE,maestro,debit
503223,00-99,,US,maestro,debit
503225,00-99,,US,cirrus,debit
503226,00-99,,US,ebt,debit
503227,00-99,,US,ebt,debit
503228,00-99,,US,ebt,debit
503229,00-99,,US,ebt,debit
503230,00-99,,US,ebt,debit
503231,00-99,,US,ebt,debit
503232,00-99,,US,ebt,debit
503233,00-99,,US,ebt,debit
503234,00-99,,TH,maestro,debit
503235,00-99,,PE,maestro,debit
503236,00-99,,US,ebt,debit
503238,00-99,,US,ebt,debit
503239,00-99,,US,ebt,debit
503241,00-99,,US,ebt,debit
503242,00-99,,US,ebt,debit
503244,00-99,,US,cirrus,debit
503245,00-99,,US,ebt,debit
503246,00-99,,US,ebt,debit
503247,00-99,,MA,maestro,debit
503248,00-99,,US,ebt,debit
503250,00-99,,US,ebt,debit
503251,00-99,,US,ebt,debit
503253,00-99,,US,ebt,debit
503254,00-99,,US,ebt,debit
503255,00-99,,US,cirrus,debit
503256,00-99,,US,ebt,debit
503257,00-99,,US,ebt,debit
503258,00-99,,US,ebt,debit
503259,00-99,,US,ebt,debit
503260,00-99,,US,ebt,debit
503261,00-99,,US,ebt,debit
503262,00-99,,US,ebt,debit
503263,00-99,,US,ebt,debit
503264,00-99,,ZA,maestro,debit
503265,00-99,,US,ebt,debit
503266,00-99,,US,ebt,debit
503267,00-99,,US,ebt,debit
503268,00-99,,US,ebt,debit
503269,00-99,JPMORGAN CHASE BANK N.A.,US,ebt,debit
503270,00-99,,US,ebt,debit
503271,00-99,,US,cirrus,debit
503272,00-99,,US,ebt,debit
503273,00-99,,US,ebt,debit
503274,00-99,,US,ebt,debit
503275,00-99,,US,ebt,debit
503277,00-99,,US,ebt,debit
503278,00-99,,US,ebt,debit
503279,00-99,,US,ebt,debit
503280,00-99,,US,ebt,debit
503281,00-99,,US,ebt,debit
503282,00-99,,US,ebt,debit
503283,00-99,,US,ebt,debit
503284,00-99,,US,ebt,debit
503285,00-99,,US,ebt,debit
503286,00-99,,US,ebt,debit
503287,00-99,,US,ebt,debit
503288,00-99,,US,ebt,debit
503289,00-99,,US,ebt,debit
503290,00-99,,US,ebt,debit
503291,00-99,,US,ebt,debit
503292,00-99,,US,ebt,debit
503293,00-99,,BR,maestro,debit
503294,00-99,,US,ebt,debit
503295,00-99,,US,ebt,debit
503296,00-99,,US,ebt,debit
503297,00-99,,US,ebt,debit
503298,00-99,,US,ebt,debit
503299,00-99,,US,ebt,debit
503300,00-99,,US,ebt,debit
503301,00-99,,US,ebt,debit
503302,00-99,,US,ebt,debit
503303,00-99,,TW,maestro,debit
503304,00-99,,US,ebt,debit
503305,00-99,,US,ebt,debit
503306,00-99,,US,ebt,debit
503307,00-99,,US,ebt,debit
503308,00-99,,US,ebt,debit
503309,00-99,,MX,maestro,debit
503310,00-99,,US,ebt,debit
503311,00-99,,US,ebt,debit
503312,00-99,,US,ebt,debit
503313,00-99,,US,ebt,debit
503314,00-99,,US,ebt,debit
503315,00-99,,US,ebt,debit
503316,00-99,,US,ebt,debit
503319,00-99,,US,ebt,debit
503320,00-99,,US,ebt,debit
503321,00-99,,US,ebt,debit
503322,00-99,,US,ebt,debit
503323,00-99,,US,ebt,debit
503324,00-99,,US,ebt,debit
503325,00-99,,US,ebt,debit
503326,00-99,,US,ebt,debit
503327,00-99,,US,ebt,debit
503328,00-99,,US,ebt,debit
503329,00-99,,US,ebt,debit
503330,00-99,,US,ebt,debit
503331,00-99,,US,ebt,debit
503332,00-99,,US,ebt,debit
503333,00-99,,US,ebt,debit
503334,00-99,,US,ebt,debit
503335,00-99,,US,cirrus,debit
503336,00-99,,US,ebt,debit
503337,00-99,,US,maestro,debit
503338,00-99,,US,cirrus,debit
503339,00-99,,US,cirrus,debit
503340,00-99,,US,ebt,debit
503341,00-99,,US,ebt,debit
503342,00-99,U.S. BANK N.A.,US,ebt,debit
503343,00-99,,US,ebt,debit
503344,00-99,,US,ebt,debit
503345,00-99,,US,ebt,debit
503346,00-99,,US,ebt,debit
503347,00-99,,US,ebt,debit
503348,00-99,NATIONAL BANK OF GREECE S.A.,GR,maestro,debit
503349,00-99,,US,cirrus,debit
503350,00-99,,US,ebt,debit
503351,00-99,,US,ebt,debit
503352,00-99,,US,ebt,debit
503353,00-99,,US,ebt,debit
503354,00-99,,US,ebt,debit
503355,00-99,,IT,maestro,debit
503356,00-99,,US,ebt,debit
503357,00-99,,US,cirrus,debit
503358,00-99,,US,ebt,debit
503359,00-99,,US,maestro,debit
503360,00-99,,US,ebt,debit
503361,00-99,,US,ebt,debit
503362,00-99,,US,ebt,debit
503363,00-99,,BR,maestro,debit
503364,00-99,,US,ebt,debit
503365,00-99,,US,ebt,debit
503366,00-99,,US,ebt,debit
503368,00-99,,US,ebt,debit
503369,00-99,,US,ebt,debit
503370,00-99,,US,ebt,debit
503371,00-99,,US,ebt,debit
503373,00-99,,US,ebt,debit
503374,00-99,,US,ebt,debit
503375,00-99,PROPIETARIA EVERTEC,MX,maestro,debit
503376,00-99,,US,ebt,debit
503377,00-99,,US,ebt,debit
503378,00-99,,US,ebt,debit
503379,00-99,,BR,maestro,debit
503380,00-99,,US,ebt,debit
503381,00-99,,US,ebt,debit
503382,00-99,,US,ebt,debit
503383,00-99,,US,ebt,debit
503384,00-99,,US,ebt,debit
503385,00-99,,US,ebt,debit
503386,00-99,,US,maestro,debit
503387,00-99,,US,ebt,debit
503388,00-99,,US,ebt,debit
503389,00-99,,JP,maestro,debit
503390,00-99,,US,ebt,debit
503391,00-99,,US,ebt,debit
503392,00-99,,US,ebt,debit
503393,00-99,,JP,maestro,debit
503394,00-99,,US,ebt,debit
503395,00-99,,US,ebt,debit
503396,00-99,,US,ebt,debit
503397,00-99,,CL,maestro,debit
503398,00-99,,JP,maestro,debit
503399,00-99,,US,ebt,debit
503400,00-99,,JP,maestro,debit
503401,00-99,,US,ebt,debit
503402,00-99,,US,ebt,debit
503403,00-99,,US,ebt,debit
503404,00-99,,US,ebt,debit
503405,00-99,,US,ebt,debit
503406,00-99,,JP,maestro,debit
503407,00-99,,US,ebt,debit
503408,00-99,,RU,maestro,debit
503409,00-99,,ZA,maestro,debit
503410,00-99,,FR,maestro,debit
503411,00-99,,US,ebt,debit
503412,00-99,,US,ebt,debit
503413,00-99,,JP,maestro,debit
503414,00-99,,US,ebt,debit
503416,00-99,,US,ebt,debit
503417,00-99,,US,ebt,debit
503418,00-99,,JP,maestro,debit
503419,00-99,,US,ebt,debit
503420,00-99,,MK,maestro,debit
503421,00-99,,US,ebt,debit
503422,00-99,,US,ebt,debit
503423,00-99,,US,ebt,debit
503424,00-99,,US,ebt,debit
503425,00-99,,US,ebt,debit
503426,00-99,,US,ebt,debit
503427,00-99,,US,ebt,debit
503428,00-99,,US,cirrus,debit
503429,00-99,,US,ebt,debit
503430,00-99,,US,ebt,debit
503431,00-99,,US,ebt,debit
503432,00-99,,US,ebt,debit
503433,00-99,,US,ebt,debit
503434,00-99,,US,ebt,debit
503435,00-99,,US,ebt,debit
503436,00-99,,US,ebt,debit
503437,00-99,,US,cirrus,debit
503438,00-99,,US,ebt,debit
503439,00-99,,US,ebt,debit
503440,00-99,,US,cirrus,debit
503441,00-99,,CO,maestro,debit
503442,00-99,,US,ebt,debit
503443,00-99,,PE,maestro,debit
503444,00-99,,US,maestro,debit
503445,00-99,,US,ebt,debit
503447,00-99,,US,cirrus,debit
503448,00-99,,US,ebt,debit
503449,00-99,,IT,maestro,debit
503450,00-99,,US,ebt,debit
503451,00-99,,US,ebt,debit
503452,00-99,,US,maestro,debit
503453,00-99,,US,ebt,debit
503454,00-99,,US,ebt,debit
503455,00-99,,US,ebt,debit
503456,00-99,,RU,maestro,debit
503457,00-99,,US,ebt,debit
503458,00-99,,US,ebt,debit
503459,00-99,,US,ebt,debit
503460,00-99,,US,ebt,debit
503461,00-99,,US,ebt,debit
503462,00-99,,US,ebt,debit
503463,00-99,,US,ebt,debit
503464,00-99,,US,ebt,debit
503465,00-99,,US,ebt,debit
503466,00-99,,US,ebt,debit
503467,00-99,,US,ebt,debit
503468,00-99,,US,ebt,debit
503469,00-99,,US,ebt,debit
503470,00-99,,US,cirrus,debit
503471,00-99,,US,ebt,debit
503472,00-99,,US,ebt,debit
503473,00-99,,US,ebt,debit
503474,00-99,,US,ebt,debit
503475,00-99,,US,ebt,debit
503476,00-99,,US,ebt,debit
503477,00-99,,US,ebt,debit
503478,00-99,,US,ebt,debit
503479,00-99,,US,ebt,debit
503480,00-99,,US,ebt,debit
503481,00-99,,US,ebt,debit
503482,00-99,,JP,maestro,debit
503483,00-99,,US,ebt,debit
503484,00-99,,US,cirrus,debit
503485,00-99,,US,cirrus,debit
503486,00-99,,US,ebt,debit
503487,00-99,,JP,maestro,debit
503488,00-99,,US,ebt,debit
503489,00-99,,US,ebt,debit
503490,00-99,,US,ebt,debit
503491,00-99,,US,ebt,debit
503492,00-99,,US,ebt,debit
503493,00-99,,JP,maestro,debit
503495,00-99,,US,ebt,debit
503496,00-99,,US,ebt,debit
503497,00-99,,US,ebt,debit
503498,00-99,,US,ebt,debit
503499,00-99,,US,ebt,debit
503500,00-99,,GB,maestro,debit
503501,00-99,,US,ebt,debit
503502,00-99,,US,ebt,debit
503503,00-99,,GB,maestro,debit
503504,00-99,,US,ebt,debit
503505,00-99,,US,ebt,debit
503506,00-99,,US,ebt,debit
503507,00-99,,US,ebt,debit
503508,00-99,,US,ebt,debit
503509,00-99,,GB,maestro,debit
503510,00-99,,US,ebt,debit
503512,00-99,NEDBANK LTD.,ZA,maestro,debit
503513,00-99,WESTPAC NEW ZEALAND LTD.,NZ,maestro,debit
503514,00-99,,US,ebt,debit
503515,00-99,,US,ebt,debit
503516,00-99,,US,ebt,debit
503517,00-99,,US,ebt,debit
503518,00-99,,US,ebt,debit
503519,00-99,FISERV SOLUTIONS LLC,US,cirrus,debit
503520,00-99,,US,ebt,debit
503521,00-99,,US,ebt,debit
503522,00-99,,US,ebt,debit
503523,00-99,,US,ebt,debit
503524,00-99,,US,ebt,debit
503525,00-99,,US,ebt,debit
503526,00-99,,GB,maestro,debit
503527,00-99,,US,ebt,debit
503528,00-99,,US,cirrus,debit
503529,00-99,,US,ebt,debit
503530,00-99,,US,ebt,debit
503531,00-99,,US,ebt,debit
503532,00-99,,US,ebt,debit
503533,00-99,,US,ebt,debit
503534,00-99,,US,ebt,debit
503535,00-99,,US,ebt,debit
503536,00-99,,US,ebt,debit
503537,00-99,,US,ebt,debit
503538,00-99,,US,ebt,debit
503539,00-99,,US,ebt,debit
503540,00-99,WELLS FARGO BANK N.A.,US,ebt,debit
503541,00-99,,US,ebt,debit
503543,00-99,,US,ebt,debit
503544,00-99,,US,ebt,debit
503545,00-99,,US,ebt,debit
503547,00-99,,US,ebt,debit
503548,00-99,,US,ebt,debit
503549,00-99,,US,ebt,debit
503550,00-99,,US,ebt,debit
503551,00-99,,US,ebt,debit
503552,00-99,,US,ebt,debit
503553,00-99,,US,ebt,debit
503554,00-99,,US,ebt,debit
503555,00-99,,MY,maestro,debit
503556,00-99,,US,ebt,debit
503557,00-99,,US,ebt,debit
503558,00-99,,US,ebt,debit
503559,00-99,,US,ebt,debit
503560,00-99,,US,ebt,debit
503561,00-99,,US,cirrus,debit
503563,00-99,,US,maestro,debit
503564,00-99,,US,ebt,debit
503565,00-99,BANK OF AMERICA NATIONAL ASSOCIATION,US,cirrus,debit
503566,00-99,,US,ebt,debit
503567,00-99,,US,ebt,debit
503568,00-99,,US,ebt,debit
503569,00-99,,US,ebt,debit
503570,00-99,,US,ebt,debit
503571,00-99,,US,ebt,debit
503572,00-99,,GB,maestro,debit
503573,00-99,,US,ebt,debit
503574,00-99,,NP,maestro,debit
503575,00-99,,BG,maestro,debit
503576,00-99,,US,ebt,debit
503577,00-99,,US,ebt,debit
503579,00-99,,ID,maestro,debit
503580,00-99,,US,ebt,debit
503581,00-99,,US,ebt,debit
503582,00-99,,US,ebt,debit
503583,00-99,,EE,maestro,debit
503584,00-99,,GB,maestro,debit
503585,00-99,IRISH LIFE AND PERMANENT PLC,IE,maestro,debit
503586,00-99,,GB,maestro,debit
503587,00-99,,US,cirrus,debit
503588,00-99,,US,cirrus,debit
503589,00-99,,GB,maestro,debit
503590,00-99,,US,ebt,debit
503591,00-99,,US,ebt,debit
503592,00-99,,CN,maestro,debit
503593,00-99,,US,ebt,debit
503594,00-99,,US,ebt,debit
503595,00-99,,GB,maestro,debit
503596,00-99,,US,ebt,debit
503597,00-99,,US,ebt,debit
503599,00-99,,GB,maestro,debit
503600,00-99,,GB,maestro,debit
503601,00-99,,ZA,maestro,debit
503602,00-99,,US,ebt,debit
503603,00-99,,GB,maestro,debit
503604,00-99,,US,ebt,debit
503605,00-99,,US,ebt,debit
503606,00-99,,ES,maestro,debit
503607,00-99,,US,ebt,debit
503608,00-99,,BR,maestro,debit
503609,00-99,,GB,maestro,debit
503610,00-99,,ZA,maestro,debit
503611,00-99,,US,ebt,debit
503612,00-99,,US,ebt,debit
503613,00-99,,GB,maestro,debit
503614,00-99,,US,cirrus,debit
503615,00-99,,US,maestro,debit
503616,00-99,,US,maestro,debit
503617,00-99,,US,ebt,debit
503618,00-99,,US,ebt,debit
503619,00-99,,US,ebt,debit
503620,00-99,,US,ebt,debit
503621,00-99,,ZA,maestro,debit
503622,00-99,,US,cirrus,debit
503623,00-99,,US,cirrus,debit
503624,00-99,,US,ebt,debit
503625,00-99,,US,ebt,debit
503626,00-99,,GB,maestro,debit
503627,00-99,,US,ebt,debit
503628,00-99,,US,ebt,debit
503629,00-99,,GB,maestro,debit
503630,00-99,NEDBANK LTD.,ZA,maestro,debit
503631,00-99,,US,cirrus,debit
503632,00-99,,US,ebt,debit
503633,00-99,,US,ebt,debit
503634,00-99,,SE,maestro,debit
503635,00-99,,US,ebt,debit
503636,00-99,,US,cirrus,debit
503637,00-99,,US,ebt,debit
503638,00-99,,US,ebt,debit
503639,00-99,,US,ebt,debit
503640,00-99,,US,cirrus,debit
503641,00-99,,US,ebt,debit
503643,00-99,,US,ebt,debit
503644,00-99,,US,ebt,debit
503645,00-99,,AR,maestro,debit
503646,00-99,ANZ BANK NEW ZEALAND LTD.,NZ,maestro,debit
503647,00-99,,US,cirrus,debit
503648,00-99,,US,ebt,debit
503649,00-99,,US,ebt,debit
503651,00-99,,US,cirrus,debit
503652,00-99,,US,ebt,debit
503653,00-99,,US,ebt,debit
503654,00-99,,US,ebt,debit
503655,00-99,,US,cirrus,debit
503656,00-99,,US,ebt,debit
503657,00-99,,US,ebt,debit
503658,00-99,,US,ebt,debit
503659,00-99,,US,ebt,debit
503660,00-99,,US,ebt,debit
503661,00-99,,US,ebt,debit
503662,00-99,,US,ebt,debit
503663,00-99,,US,ebt,debit
503664,00-99,,US,ebt,debit
503665,00-99,,US,ebt,debit
503666,00-99,,US,ebt,debit
503667,00-99,,US,ebt,debit
503668,00-99,,US,ebt,debit
503669,00-99,,US,cirrus,debit
503670,00-99,,AR,maestro,debit
503671,00-99,,US,ebt,debit
503672,00-99,,US,ebt,debit
503673,00-99,,US,ebt,debit
503674,00-99,,US,ebt,debit
503675,00-99,,US,ebt,debit
503676,00-99,,US,ebt,debit
503677,00-99,,US,ebt,debit
503678,00-99,,US,ebt,debit
503679,00-99,,US,ebt,debit
503680,00-99,,US,ebt,debit
503681,00-99,,MX,maestro,debit
503682,00-99,,US,ebt,debit
503683,00-99,,US,ebt,debit
503684,00-99,,GB,maestro,debit
503685,00-99,,US,ebt,debit
503686,00-99,,US,ebt,debit
503687,00-99,,US,cirrus,debit
503688,00-99,,GB,maestro,debit
503689,00-99,,BR,maestro,debit
503690,00-99,,US,ebt,debit
503692,00-99,,US,ebt,debit
503693,00-99,,US,ebt,debit
503694,00-99,,US,ebt,debit
503695,00-99,,US,ebt,debit
503696,00-99,,US,ebt,debit
503697,00-99,,TZ,maestro,debit
503698,00-99,,US,ebt,debit
503699,00-99,,GB,maestro,debit
503700,00-99,,GB,maestro,debit
503701,00-99,,US,ebt,debit
503702,00-99,,US,ebt,debit
503703,00-99,,US,ebt,debit
503704,00-99,,US,ebt,debit
503705,00-99,,US,ebt,debit
503706,00-99,WELLS FARGO BANK N.A.,US,ebt,debit
503707,00-99,,US,ebt,debit
503708,00-99,,US,ebt,debit
503709,00-99,,US,cirrus,debit
503710,00-99,,US,ebt,debit
503711,00-99,,US,cirrus,debit
503712,00-99,,US,ebt,debit
503713,00-99,,US,ebt,debit
503714,00-99,,GB,maestro,debit
503715,00-99,,US,ebt,debit
503716,00-99,,US,ebt,debit
503717,00-99,,US,ebt,debit
503718,00-99,,US,ebt,debit
503719,00-99,,US,ebt,debit
503720,00-99,,US,ebt,debit
503721,00-99,,US,ebt,debit
503722,00-99,,US,ebt,debit
503723,00-99,,US,ebt,debit
503724,00-99,,US,ebt,debit
503725,00-99,,US,ebt,debit
503726,00-99,,US,ebt,debit
503727,00-99,,US,ebt,debit
503728,00-99,,US,ebt,debit
503729,00-99,,US,cirrus,debit
503730,00-99,,US,ebt,debit
503731,00-99,,US,cirrus,debit
503732,00-99,,US,ebt,debit
503733,00-99,,US,cirrus,debit
503734,00-99,FIRST NATIONAL,GB,maestro,debit
503736,00-99,,US,ebt,debit
503737,00-99,,US,ebt,debit
503738,00-99,,US,ebt,debit
503739,00-99,,US,ebt,debit
503740,00-99,,US,cirrus,debit
503741,00-99,,US,ebt,debit
503742,00-99,,US,ebt,debit
503743,00-99,,US,ebt,debit
503744,00-99,,US,ebt,debit
503745,00-99,,US,ebt,debit
503746,00-99,,US,ebt,debit
503747,00-99,,US,ebt,debit
503748,00-99,,US,ebt,debit
503749,00-99,,US,ebt,debit
503750,00-99,,US,ebt,debit
503751,00-99,,US,ebt,debit
503752,00-99,,US,ebt,debit
503753,00-99,,US,ebt,debit
503754,00-99,,US,ebt,debit
503755,00-99,,HU,maestro,debit
503756,00-99,,US,ebt,debit
503757,00-99,,US,ebt,debit
503758,00-99,,US,ebt,debit
503759,00-99,,US,ebt,debit
503760,00-99,,US,ebt,debit
503761,00-99,,US,ebt,debit
503762,00-99,,US,ebt,debit
503763,00-99,,US,ebt,debit
503764,00-99,,US,ebt,debit
503765,00-99,,US,ebt,debit
503766,00-99,,US,ebt,debit
503767,00-99,,US,ebt,debit
503768,00-99,,US,ebt,debit
503769,00-99,,US,ebt,debit
503770,00-99,,US,ebt,debit
503772,00-99,,US,ebt,debit
503773,00-99,,US,cirrus,debit
503774,00-99,,US,ebt,debit
503775,00-99,,US,ebt,debit
503776,00-99,,US,ebt,debit
503777,00-99,,US,ebt,debit
503778,00-99,,US,ebt,debit
503779,00-99,,US,ebt,debit
503780,00-99,,US,ebt,debit
503781,00-99,,US,ebt,debit
503782,00-99,,US,cirrus,debit
503783,00-99,,US,ebt,debit
503784,00-99,,US,ebt,debit
503785,00-99,GCASH CARD,PH,maestro,debit
503786,00-99,,US,ebt,debit
503787,00-99,,US,ebt,debit
503788,00-99,,US,ebt,debit
503789,00-99,,GB,maestro,debit
503790,00-99,,US,cirrus,debit
503791,00-99,,US,ebt,debit
503792,00-99,,US,ebt,debit
503793,00-99,,GB,maestro,debit
503794,00-99,,US,ebt,debit
503795,00-99,,US,ebt,debit
503796,00-99,,US,ebt,debit
503797,00-99,,US,ebt,debit
503798,00-99,,US,ebt,debit
503799,00-99,,US,ebt,debit
503800,00-99,,US,ebt,debit
503801,00-99,,NZ,maestro,debit
503802,00-99,,US,ebt,debit
503803,00-99,,US,ebt,debit
503804,00-99,,US,ebt,debit
503805,00-99,,NL,maestro,debit
503806,00-99,,US,ebt,debit
503807,00-99,,US,ebt,debit
503808,00-99,,IL,maestro,debit
503809,00-99,,US,cirrus,debit
503810,00-99,,US,ebt,debit
503811,00-99,,US,cirrus,debit
503812,00-99,,US,ebt,debit
503813,00-99,,US,ebt,debit
503814,00-99,,US,ebt,debit
503815,00-99,,US,ebt,debit
503816,00-99,,US,ebt,debit
503817,00-99,,US,ebt,debit
503818,00-99,,US,cirrus,debit
503819,00-99,,US,ebt,debit
503820,00-99,,US,ebt,debit
503822,00-99,,US,ebt,debit
503823,00-99,,US,ebt,debit
503824,00-99,,US,ebt,debit
503825,00-99,,US,ebt,debit
503826,00-99,,US,cirrus,debit
503827,00-99,,US,ebt,debit
503828,00-99,,US,ebt,debit
503829,00-99,,US,ebt,debit
503830,00-99,,US,ebt,debit
503831,00-99,,US,ebt,debit
503832,00-99,,US,ebt,debit
503833,00-99,,US,cirrus,debit
503834,00-99,,US,ebt,debit
503835,00-99,,US,ebt,debit
503836,00-99,,US,ebt,debit
503837,00-99,,UA,maestro,debit
503838,00-99,,US,ebt,debit
503839,00-99,,US,ebt,debit
503840,00-99,,US,ebt,debit
503841,00-99,,US,ebt,debit
503842,00-99,,US,ebt,debit
503844,00-99,,US,ebt,debit
503846,00-99,,US,ebt,debit
503847,00-99,,IT,maestro,debit
503848,00-99,,US,cirrus,debit
503849,00-99,,MT,maestro,debit
503850,00-99,,US,cirrus,debit
503851,00-99,,US,cirrus,debit
503852,00-99,,US,ebt,debit
503853,00-99,,VN,maestro,debit
503854,00-99,,US,ebt,debit
503855,00-99,,US,cirrus,debit
503856,00-99,,US,cirrus,debit
503857,00-99,,SY,maestro,debit
503858,00-99,,US,ebt,debit
503859,00-99,,US,cirrus,debit
503860,00-99,,US,ebt,debit
503861,00-99,,VN,maestro,debit
503862,00-99,,US,ebt,debit
503863,00-99,,US,ebt,debit
503864,00-99,,US,ebt,debit
503865,00-99,,US,ebt,debit
503866,00-99,,US,ebt,debit
503867,00-99,,US,ebt,debit
503868,00-99,,US,ebt,debit
503869,00-99,,US,ebt,debit
503870,00-99,,US,ebt,debit
503871,00-99,,US,maestro,debit
503872,00-99,,US,ebt,debit
503873,00-99,,US,ebt,debit
503874,00-99,,US,ebt,debit
503875,00-99,,US,ebt,debit
503876,00-99,,US,cirrus,debit
503877,00-99,,US,ebt,debit
503878,00-99,,US,ebt,debit
503879,00-99,,US,ebt,debit
503880,00-99,,US,ebt,debit
503881,00-99,,IT,maestro,debit
503882,00-99,,US,ebt,debit
503883,00-99,,US,ebt,debit
503884,00-99,,IT,maestro,debit
503885,00-99,,ME,maestro,debit
503886,00-99,,CA,maestro,debit
503887,00-99,,US,cirrus,debit
503888,00-99,,US,ebt,debit
503889,00-99,,US,ebt,debit
503890,00-99,,US,ebt,debit
503891,00-99,,US,ebt,debit
503892,00-99,,US,ebt,debit
503893,00-99,,US,ebt,debit
503894,00-99,,US,ebt,debit
503895,00-99,,US,ebt,debit
503896,00-99,,US,ebt,debit
503897,00-99,,US,ebt,debit
503898,00-99,,US,cirrus,debit
503899,00-99,,US,ebt,debit
503900,00-99,,US,ebt,debit
503901,00-99,,US,ebt,debit
503902,00-99,,US,ebt,debit
503903,00-99,,US,ebt,debit
503904,00-99,ABSA GROUP LTD.,ZA,local brand,debit
503905,00-99,ABSA GROUP LTD.,ZA,maestro,debit
503906,00-99,,US,maestro,debit
503907,00-99,,US,ebt,debit
503908,00-99,,US,ebt,debit
503909,00-99,,US,ebt,debit
503911,00-99,,US,ebt,debit
503912,00-99,,US,cirrus,debit
503913,00-99,,US,ebt,debit
503914,00-99,,US,ebt,debit
503915,00-99,,US,ebt,debit
503916,00-99,,US,ebt,debit
503917,00-99,,US,ebt,debit
503918,00-99,,US,ebt,debit
503919,00-99,,US,ebt,debit
503920,00-99,,US,ebt,debit
503921,00-99,,US,ebt,debit
503922,00-99,,US,ebt,debit
503923,00-99,,US,cirrus,debit
503924,00-99,,US,ebt,debit
503925,00-99,,US,ebt,debit
503926,00-99,,US,ebt,debit
503927,00-99,,US,ebt,debit
503929,00-99,,US,ebt,debit
503930,00-99,,US,ebt,debit
503931,00-99,,US,ebt,debit
503932,00-99,,US,ebt,debit
503933,00-99,,US,ebt,debit
503934,00-99,,US,ebt,debit
503935,00-99,,US,cirrus,debit
503936,00-99,,US,ebt,debit
503937,00-99,,US,ebt,debit
503938,00-99,,US,ebt,debit
503940,00-99,,US,cirrus,debit
503941,00-99,,US,ebt,debit
503942,00-99,,US,ebt,debit
503943,00-99,,US,ebt,debit
503944,00-99,,US,ebt,debit
503945,00-99,,US,ebt,debit
503946,00-99,GE CREDITLINE,AU,maestro,debit
503947,00-99,,US,ebt,debit
503948,00-99,,IL,maestro,debit
503949,00-99,,US,ebt,debit
503950,00-99,,US,ebt,debit
503951,00-99,,US,ebt,debit
503952,00-99,,US,ebt,debit
503953,00-99,,US,ebt,debit
503954,00-99,,US,ebt,debit
503955,00-99,,US,ebt,debit
503956,00-99,,US,ebt,debit
503957,00-99,,US,cirrus,debit
503958,00-99,,US,ebt,debit
503959,00-99,,US,ebt,debit
503960,00-99,BMO BANK NATIONAL ASSOCIATION,US,maestro,debit
503961,00-99,,US,ebt,debit
503962,00-99,,US,ebt,debit
503963,00-99,,US,ebt,debit
503964,00-99,,US,ebt,debit
503965,00-99,,US,ebt,debit
503966,00-99,,US,cirrus,debit
503967,00-99,,US,ebt,debit
503968,00-99,,US,ebt,debit
503969,00-99,,US,ebt,debit
503970,00-99,,US,ebt,debit
503971,00-99,,US,ebt,debit
503972,00-99,,US,ebt,debit
503973,00-99,,US,ebt,debit
503974,00-99,,US,ebt,debit
503975,00-99,,US,ebt,debit
503976,00-99,,US,ebt,debit
503977,00-99,,US,ebt,debit
503978,00-99,,US,ebt,debit
503979,00-99,,US,ebt,debit
503981,00-99,,US,ebt,debit
503982,00-99,,US,ebt,debit
503983,00-99,,US,ebt,debit
503984,00-99,,US,ebt,debit
503985,00-99,,US,ebt,debit
503986,00-99,,US,ebt,debit
503987,00-99,,US,ebt,debit
503988,00-99,,US,ebt,debit
503989,00-99,,US,ebt,debit
503990,00-99,,US,ebt,debit
503991,00-99,,US,ebt,debit
503992,00-99,,US,ebt,debit
503993,00-99,,US,ebt,debit
503994,00-99,,US,ebt,debit
503995,00-99,,US,ebt,debit
503996,00-99,,US,ebt,debit
503997,00-99,,US,ebt,debit
503998,00-99,,US,ebt,debit
503999,00-99,,US,ebt,debit
504000,00-99,,US,cirrus,debit
504001,00-99,,US,ebt,debit
504002,00-99,,US,ebt,debit
504003,00-99,,US,ebt,debit
504004,00-99,,US,ebt,debit
504005,00-99,,US,maestro,debit
504006,00-99,,US,cirrus,debit
504007,00-99,,US,ebt,debit
504008,00-99,,US,ebt,debit
504009,00-99,,US,cirrus,debit
504010,00-99,,US,ebt,debit
504011,00-99,,US,ebt,debit
504012,00-99,,US,ebt,debit
504013,00-99,,US,ebt,debit
504014,00-99,,US,ebt,debit
504015,00-99,,US,ebt,debit
504016,00-99,,US,ebt,debit
504017,00-99,,US,ebt,debit
504018,00-99,,US,ebt,debit
504019,00-99,UNION BANK OF INDIA,IN,rupay,debit
504020,00-99,,US,ebt,debit
504021,00-99,,US,ebt,debit
504022,00-99,,US,maestro,debit
504023,00-99,,US,ebt,debit
504024,00-99,,US,ebt,debit
504025,00-99,,US,ebt,debit
504026,00-99,,US,ebt,debit
504027,00-99,,US,ebt,debit
504028,00-99,,US,ebt,debit
504029,00-99,,US,ebt,debit
504030,00-99,,US,cirrus,debit
504031,00-99,,US,ebt,debit
504032,00-99,,US,maestro,debit
504033,00-99,,US,ebt,debit
504034,00-99,,US,ebt,debit
504035,00-99,,US,ebt,debit
504036,00-99,,US,ebt,debit
504037,00-99,,US,ebt,debit
504038,00-99,,US,ebt,debit
504039,00-99,,US,ebt,debit
504040,00-99,,US,maestro,debit
504041,00-99,,US,ebt,debit
504042,00-99,,US,ebt,debit
504043,00-99,,US,ebt,debit
504044,00-99,,US,ebt,debit
504045,00-99,,US,ebt,debit
504046,00-99,,US,ebt,debit
504047,00-99,,US,ebt,debit
504048,00-99,,US,ebt,debit
504049,00-99,,US,ebt,debit
504050,00-99,U.S. BANK N.A.,US,maestro,debit
504051,00-99,U.S. BANK N.A.,US,maestro,debit
504052,00-99,U.S. BANK N.A.,US,maestro,debit
504053,00-99,U.S. BANK N.A.,US,maestro,debit
504054,00-99,U.S. BANK N.A.,US,maestro,debit
504055,00-99,U.S. BANK N.A.,US,maestro,debit
504056,00-99,U.S. BANK N.A.,US,maestro,debit
504057,00-99,U.S. BANK N.A.,US,maestro,debit
504058,00-99,U.S. BANK N.A.,US,maestro,debit
504059,00-99,U.S. BANK N.A.,US,maestro,debit
504060,00-99,U.S. BANK N.A.,US,maestro,debit
504061,00-99,U.S. BANK N.A.,US,maestro,debit
504062,00-99,U.S. BANK N.A.,US,maestro,debit
504063,00-99,U.S. BANK N.A.,US,maestro,debit
504064,00-99,U.S. BANK N.A.,US,maestro,debit
504065,00-99,U.S. BANK N.A.,US,maestro,debit
504066,00-99,U.S. BANK N.A.,US,maestro,debit
504067,00-99,U.S. BANK N.A.,US,maestro,debit
504068,00-99,U.S. BANK N.A.,US,maestro,debit
504069,00-99,U.S. BANK N.A.,US,maestro,debit
504070,00-99,U.S. BANK N.A.,US,ebt,debit
504071,00-99,U.S. BANK N.A.,US,ebt,debit
504072,00-99,U.S. BANK N.A.,US,ebt,debit
504073,00-99,,US,ebt,debit
504074,00-99,U.S. BANK N.A.,US,ebt,debit
504075,00-99,U.S. BANK N.A.,US,ebt,debit
504076,00-99,U.S. BANK N.A.,US,ebt,debit
504077,00-99,,US,ebt,debit
504078,00-99,U.S. BANK N.A.,US,ebt,debit
504079,00-99,,US,ebt,debit
504080,00-99,,US,ebt,debit
504081,00-99,U.S. BANK N.A.,US,ebt,debit
504082,00-99,U.S. BANK N.A.,US,ebt,debit
504083,00-99,,US,cirrus,debit
504084,00-99,U.S. BANK N.A.,US,ebt,debit
504085,00-99,U.S. BANK N.A.,US,ebt,debit
504086,00-99,,US,ebt,debit
504087,00-99,U.S. BANK N.A.,US,ebt,debit
504088,00-99,,US,ebt,debit
504089,00-99,,US,ebt,debit
504090,00-99,,US,ebt,debit
504091,00-99,,US,ebt,debit
504092,00-99,,US,ebt,debit
504093,00-99,,US,ebt,debit
504094,00-99,,US,ebt,debit
504095,00-99,U.S. BANK N.A.,US,ebt,debit
504096,00-99,U.S. BANK N.A.,US,ebt,debit
504097,00-99,U.S. BANK N.A.,US,ebt,debit
504098,00-99,,US,cirrus,debit
504099,00-99,,US,ebt,debit
504100,00-99,,ZA,maestro,debit
504101,00-99,,ES,maestro,debit
504102,00-99,,US,ebt,debit
504103,00-99,U.S. BANK N.A.,US,ebt,debit
504104,00-99,,FR,maestro,debit
504105,00-99,U.S. BANK N.A.,US,ebt,debit
504106,00-99,U.S. BANK N.A.,US,ebt,debit
504107,00-99,U.S. BANK N.A.,US,ebt,debit
504108,00-99,,US,ebt,debit
504109,00-99,U.S. BANK N.A.,US,ebt,debit
504110,00-99,,US,ebt,debit
504111,00-99,U.S. BANK N.A.,US,ebt,debit
504112,00-99,U.S. BANK N.A.,US,ebt,debit
504113,00-99,U.S. BANK N.A.,US,ebt,debit
504115,00-99,U.S. BANK N.A.,US,ebt,debit
504116,00-99,,US,ebt,debit
504117,00-99,U.S. BANK N.A.,US,ebt,debit
504118,00-99,U.S. BANK N.A.,US,ebt,debit
504119,00-99,U.S. BANK N.A.,US,ebt,debit
504120,00-99,U.S. BANK N.A.,US,ebt,debit
504121,00-99,U.S. BANK N.A.,US,ebt,debit
504122,00-99,U.S. BANK N.A.,US,ebt,debit
504123,00-99,,US,ebt,debit
504124,00-99,,US,ebt,debit
504125,00-99,U.S. BANK N.A.,US,ebt,debit
504126,00-99,,US,ebt,debit
504127,00-99,,US,ebt,debit
504128,00-99,U.S. BANK N.A.,US,ebt,debit
504129,00-99,,US,ebt,debit
504130,00-99,,US,cirrus,debit
504131,00-99,,US,cirrus,debit
504132,00-99,,US,ebt,debit
504133,00-99,,US,ebt,debit
504134,00-99,U.S. BANK N.A.,US,ebt,debit
504135,00-99,,US,ebt,debit
504136,00-99,U.S. BANK N.A.,US,ebt,debit
504137,00-99,U.S. BANK N.A.,US,ebt,debit
504138,00-99,U.S. BANK N.A.,US,ebt,debit
504139,00-99,U.S. BANK N.A.,US,ebt,debit
504140,00-99,,VE,maestro,debit
504141,00-99,,US,ebt,debit
504142,00-99,,US,ebt,debit
504143,00-99,,US,ebt,debit
504144,00-99,,US,ebt,debit
504145,00-99,,US,ebt,debit
504146,00-99,,US,ebt,debit
504147,00-99,,US,ebt,debit
504148,00-99,U.S. BANK N.A.,US,ebt,debit
504149,00-99,,US,ebt,debit
504150,00-99,,US,ebt,debit
504151,00-99,,US,ebt,debit
504152,00-99,U.S. BANK N.A.,US,maestro,debit
504153,00-99,,US,ebt,debit
504154,00-99,U.S. BANK N.A.,US,ebt,debit
504155,00-99,,US,maestro,debit
504156,00-99,,US,ebt,debit
504157,00-99,,US,maestro,debit
504158,00-99,,KH,maestro,debit
504159,00-99,,US,ebt,debit
504160,00-99,,US,ebt,debit
504161,00-99,,BR,maestro,debit
504162,00-99,,US,ebt,debit
504163,00-99,,US,ebt,debit
504166,00-99,AKTIFBANK,TR,maestro,debit
504167,00-99,,US,ebt,debit
504168,00-99,,VN,maestro,debit
504169,00-99,,US,ebt,debit
504170,00-99,,PL,maestro,debit
504171,00-99,,US,ebt,debit
504172,00-99,,IR,maestro,debit
504173,00-99,,US,ebt,debit
504174,00-99,,US,ebt,debit
504175,00-99,DISPONIVEL,BR,elo,credit
504176,00-99,,US,ebt,debit
504177,00-99,,US,ebt,debit
504178,00-99,,US,ebt,debit
504179,00-99,,US,ebt,debit
504180,00-99,,US,ebt,debit
504182,00-99,,ID,maestro,debit
504183,00-99,,US,ebt,debit
504184,00-99,,US,ebt,debit
504185,00-99,,US,ebt,debit
504186,00-99,,US,ebt,debit
504187,00-99,,FR,maestro,debit
504188,00-99,,US,ebt,debit
504189,00-99,,GB,maestro,debit
504190,00-99,,US,ebt,debit
504191,00-99,,US,ebt,debit
504192,00-99,,US,ebt,debit
504193,00-99,,US,ebt,debit
504194,00-99,,NA,maestro,debit
504195,00-99,,US,cirrus,debit
504196,00-99,,US,cirrus,debit
504197,00-99,,US,ebt,debit
504198,00-99,,US,ebt,debit
504199,00-99,,US,ebt,debit
504200,00-99,,CN,maestro,debit
504201,00-99,,US,ebt,debit
504202,00-99,,US,ebt,debit
504203,00-99,,US,ebt,debit
504204,00-99,,US,ebt,debit
504206,00-99,,US,ebt,debit
504207,00-99,,US,ebt,debit
504208,00-99,,CA,maestro,debit
504209,00-99,,US,ebt,debit
504210,00-99,,US,ebt,debit
504211,00-99,,BR,maestro,debit
504212,00-99,,US,ebt,debit
504213,00-99,,US,ebt,debit
504214,00-99,,US,ebt,debit
504215,00-99,,US,ebt,debit
504216,00-99,,US,ebt,debit
504217,00-99,,US,ebt,debit
504218,00-99,,US,ebt,debit
504219,00-99,,US,ebt,debit
504220,00-99,,MX,maestro,debit
504221,00-99,,NZ,maestro,debit
504222,00-99,,US,ebt,debit
504223,00-99,,US,ebt,debit
504224,00-99,,US,ebt,debit
504225,00-99,,US,ebt,debit
504226,00-99,,US,ebt,debit
504227,00-99,,US,ebt,debit
504228,00-99,,US,ebt,debit
504229,00-99,,US,ebt,debit
504230,00-99,,US,ebt,debit
504231,00-99,,US,ebt,debit
504232,00-99,,US,ebt,debit
504233,00-99,,US,ebt,debit
504234,00-99,,US,ebt,debit
504235,00-99,U.S. BANK N.A.,US,ebt,debit
504236,00-99,,US,ebt,debit
504237,00-99,,US,ebt,debit
504238,00-99,,US,ebt,debit
504239,00-99,,US,ebt,debit
504240,00-99,,US,ebt,debit
504241,00-99,,UA,maestro,debit
504242,00-99,,US,ebt,debit
504243,00-99,,US,ebt,debit
504244,00-99,,US,ebt,debit
504245,00-99,,US,ebt,debit
504246,00-99,,US,ebt,debit
504247,00-99,,US,ebt,debit
504248,00-99,,US,ebt,debit
504249,00-99,,US,ebt,debit
504250,00-99,,US,ebt,debit
504251,00-99,,US,ebt,debit
504252,00-99,,US,ebt,debit
504253,00-99,,US,ebt,debit
504254,00-99,,US,ebt,debit
504255,00-99,,CO,maestro,debit
504256,00-99,,US,ebt,debit
504257,00-99,,US,ebt,debit
504258,00-99,,US,ebt,debit
504259,00-99,,US,ebt,debit
504260,00-99,,BR,maestro,debit
504261,00-99,,US,ebt,debit
504262,00-99,,US,ebt,debit
504263,00-99,,US,ebt,debit
504264,00-99,,US,ebt,debit
504265,00-99,,CA,maestro,debit
504266,00-99,,BR,maestro,debit
504267,00-99,,US,ebt,debit
504268,00-99,,US,ebt,debit
504269,00-99,,US,ebt,debit
504270,00-99,,US,ebt,debit
504271,00-99,,US,ebt,debit
504272,00-99,,US,ebt,debit
504273,00-99,,US,ebt,debit
504274,00-99,,US,ebt,debit
504275,00-99,,US,ebt,debit
504276,00-99,,US,ebt,debit
504277,00-99,,US,ebt,debit
504278,00-99,,US,ebt,debit
504279,00-99,,US,ebt,debit
504280,00-99,,US,ebt,debit
504281,00-99,,US,ebt,debit
504282,00-99,,US,ebt,debit
504283,00-99,,US,ebt,debit
504284,00-99,,US,ebt,debit
504285,00-99,,US,ebt,debit
504286,00-99,,US,ebt,debit
504287,00-99,,US,ebt,debit
504288,00-99,,US,ebt,debit
504289,00-99,,US,ebt,debit
504290,00-99,,US,ebt,debit
504291,00-99,,US,ebt,debit
504292,00-99,,US,ebt,debit
504293,00-99,,US,ebt,debit
504294,00-99,,US,ebt,debit
504295,00-99,,US,ebt,debit
504296,00-99,,US,ebt,debit
504297,00-99,,US,ebt,debit
504298,00-99,,US,ebt,debit
504299,00-99,,US,ebt,debit
504300,00-99,BANK AL-JAZIRA,SA,maestro,debit
504301,00-99,,NZ,maestro,debit
504302,00-99,,US,ebt,debit
504303,00-99,BANCO COMERCIAL PORTUGUES S.A.,PT,maestro,debit
504304,00-99,,US,ebt,debit
504305,00-99,,US,ebt,debit
504306,00-99,,US,ebt,debit
504307,00-99,U.S. BANK N.A.,US,ebt,debit
504308,00-99,,US,ebt,debit
504309,00-99,,US,ebt,debit
504310,00-99,,AR,maestro,debit
504311,00-99,OVERSEA-CHINESE BANKING CORPORATION LTD.,SG,maestro,debit
504313,00-99,,SI,maestro,debit
504314,00-99,,US,ebt,debit
504315,00-99,,US,ebt,debit
504316,00-99,,US,ebt,debit
504317,00-99,DEUTSCHE BANK S.P.A.,IT,maestro,debit
504318,00-99,,US,ebt,debit
504319,00-99,,MY,maestro,debit
504320,00-99,,US,ebt,debit
504321,00-99,,US,ebt,debit
504322,00-99,,IT,maestro,debit
504323,00-99,,BR,maestro,debit
504324,00-99,OCBC BANK (MALAYSIA) BERHAD,MY,maestro,debit
504325,00-99,,US,cirrus,debit
504326,00-99,,US,ebt,debit
504327,00-99,,US,cirrus,debit
504328,00-99,,US,ebt,debit
504330,00-99,,US,ebt,debit
504331,00-99,,CA,maestro,debit
504332,00-99,,US,ebt,debit
504333,00-99,U.S. BANK N.A.,US,cirrus,debit
504334,00-99,,US,ebt,debit
504335,00-99,,US,ebt,debit
504336,00-99,,ZA,maestro,debit
504337,00-99,,US,ebt,debit
504338,00-99,,AR,maestro,debit
504339,00-99,,EE,maestro,debit
504340,00-99,,US,ebt,debit
504341,00-99,,US,ebt,debit
504342,00-99,,AE,maestro,debit
504343,00-99,,US,ebt,debit
504344,00-99,,US,ebt,debit
504345,00-99,,US,cirrus,debit
504346,00-99,,US,ebt,debit
504347,00-99,,HU,maestro,debit
504348,00-99,,US,cirrus,debit
504349,00-99,,US,ebt,debit
504350,00-99,,US,cirrus,debit
504351,00-99,,US,cirrus,debit
504352,00-99,,US,ebt,debit
504353,00-99,,US,ebt,debit
504354,00-99,,US,ebt,debit
504355,00-99,,US,cirrus,debit
504356,00-99,,US,ebt,debit
504357,00-99,,US,ebt,debit
504358,00-99,,AU,maestro,debit
504359,00-99,,US,ebt,debit
504361,00-99,,US,ebt,debit
504362,00-99,,US,ebt,debit
504363,00-99,TARJETA NARANJA SA,AR,maestro,debit
504364,00-99,,US,ebt,debit
504365,00-99,,US,cirrus,debit
504366,00-99,,US,ebt,debit
504367,00-99,KRUNGTHAI CARD PUBLIC COMPANY LTD.,TH,maestro,debit
504368,00-99,,US,ebt,debit
504369,00-99,,US,ebt,debit
504370,00-99,,US,ebt,debit
504371,00-99,,US,ebt,debit
504372,00-99,U.S. BANK N.A.,US,ebt,debit
504373,00-99,,US,ebt,debit
504374,00-99,,US,maestro,debit
504375,00-99,,US,cirrus,debit
504376,00-99,,US,ebt,debit
504377,00-99,,US,ebt,debit
504378,00-99,,US,ebt,debit
504379,00-99,,US,ebt,debit
504380,00-99,,US,ebt,debit
504381,00-99,,US,ebt,debit
504382,00-99,,US,cirrus,debit
504383,00-99,,US,ebt,debit
504384,00-99,,MA,maestro,debit
504385,00-99,,US,ebt,debit
504386,00-99,,US,ebt,debit
504387,00-99,,DE,maestro,debit
504388,00-99,,US,ebt,debit
504389,00-99,,US,ebt,debit
504390,00-99,,US,ebt,debit
504391,00-99,,US,cirrus,debit
504392,00-99,,US,ebt,debit
504393,00-99,,US,ebt,debit
504394,00-99,,GR,maestro,debit
504395,00-99,,US,ebt,debit
504396,00-99,,US,ebt,debit
504397,00-99,,US,ebt,debit
504398,00-99,,US,ebt,debit
504401,00-99,,DE,maestro,debit
504402,00-99,,US,ebt,debit
504403,00-99,,US,ebt,debit
504404,00-99,,US,ebt,debit
504405,00-99,,BR,maestro,debit
504406,00-99,,US,cirrus,debit
504407,00-99,,US,ebt,debit
504409,00-99,,US,ebt,debit
504410,00-99,SPAREKASSEN NORDJYLLAND SPNKONTOKORT,DK,maestro,debit
504411,00-99,,US,cirrus,debit
504412,00-99,,US,cirrus,debit
504413,00-99,DANSKE BANK EKSPRESKORT,DK,maestro,debit
504414,00-99,,US,ebt,debit
504415,00-99,,US,ebt,debit
504416,00-99,,US,ebt,debit
504417,00-99,,US,ebt,debit
504418,00-99,,US,ebt,debit
504419,00-99,,SE,maestro,debit
504420,00-99,,US,ebt,debit
504421,00-99,,US,cirrus,debit
504422,00-99,,US,ebt,debit
504423,00-99,,AU,maestro,debit
504424,00-99,,US,ebt,debit
504425,00-99,,US,ebt,debit
504426,00-99,,US,ebt,debit
504427,00-99,,US,ebt,debit
504428,00-99,,US,ebt,debit
504429,00-99,,US,ebt,debit
504430,00-99,SPAREKASSEN HIMMERLAND,DK,maestro,debit
504431,00-99,PUNJAB & SIND BANK,IN,local brand,debit
504432,00-99,,US,maestro,debit
504433,00-99,,IN,maestro,debit
504434,00-99,,US,ebt,debit
504435,00-99,,IN,maestro,debit
504437,00-99,,US,maestro,debit
504439,00-99,INDIAN BANK,IN,maestro,debit
504440,00-99,,US,ebt,debit
504442,00-99,,US,cirrus,debit
504443,00-99,,US,cirrus,debit
504444,00-99,,US,ebt,debit
504445,00-99,,US,ebt,debit
504446,00-99,,US,ebt,debit
504447,00-99,,US,ebt,debit
504448,00-99,,US,ebt,debit
504449,00-99,,US,ebt,debit
504451,00-99,,US,ebt,debit
504452,00-99,,US,ebt,debit
504453,00-99,,US,ebt,debit
504454,00-99,,BR,maestro,debit
504455,00-99,,US,ebt,debit
504456,00-99,,IN,maestro,debit
504457,00-99,,US,ebt,debit
504458,00-99,,RU,maestro,debit
504459,00-99,,US,ebt,debit
504460,00-99,,IN,maestro,debit
504463,00-99,,US,ebt,debit
504464,00-99,,US,ebt,debit
504465,00-99,,IN,maestro,debit
504466,00-99,,US,ebt,debit
504467,00-99,,US,cirrus,debit
504468,00-99,,IN,maestro,debit
504470,00-99,,US,ebt,debit
504471,00-99,,US,ebt,debit
504472,00-99,,US,ebt,debit
504473,00-99,,US,ebt,debit
504474,00-99,,US,ebt,debit
504475,00-99,,US,ebt,debit
504476,00-99,LOUISANA EBT ISSUED BY AFFILIATED COMPUTER SERVICES,US,ebt,debit
504477,00-99,,US,ebt,debit
504478,00-99,,US,ebt,debit
504479,00-99,LOUISIANA EBT,US,ebt,debit
504480,00-99,,US,ebt,debit
504482,00-99,,US,ebt,debit
504483,00-99,,US,cirrus,debit
504484,00-99,,US,ebt,debit
504486,00-99,,US,ebt,debit
504487,00-99,,CN,maestro,debit
504488,00-99,,US,cirrus,debit
504489,00-99,,US,cirrus,debit
504490,00-99,,US,ebt,debit
504491,00-99,,US,ebt,debit
504492,00-99,HDFC BANK LTD.,IN,maestro,debit
504493,00-99,,CN,maestro,debit
504494,00-99,,US,ebt,debit
504495,00-99,,US,ebt,debit
504496,00-99,,US,ebt,debit
504497,00-99,,US,ebt,debit
504498,00-99,,US,ebt,debit
504499,00-99,,US,ebt,debit
504500,00-99,,US,ebt,debit
504501,00-99,,UA,maestro,debit
504502,00-99,,US,ebt,debit
504503,00-99,,US,ebt,debit
504504,00-99,,SI,maestro,debit
504505,00-99,,US,ebt,debit
504506,00-99,,GB,maestro,debit
504507,00-99,BARNES AND NOBLE,US,ebt,debit
504508,00-99,,US,ebt,debit
504509,00-99,,US,ebt,debit
504510,00-99,,US,ebt,debit
504511,00-99,,US,maestro,debit
504512,00-99,,US,ebt,debit
504513,00-99,,US,ebt,debit
504514,00-99,,US,ebt,debit
504516,00-99,,US,ebt,debit
504517,00-99,,US,ebt,debit
504518,00-99,,US,ebt,debit
504519,00-99,,US,ebt,debit
504521,00-99,,US,ebt,debit
504522,00-99,,US,ebt,debit
504523,00-99,,US,ebt,debit
504524,00-99,,US,ebt,debit
504525,00-99,,US,cirrus,debit
504526,00-99,,FR,maestro,debit
504527,00-99,,US,ebt,debit
504528,00-99,,US,cirrus,debit
504529,00-99,,US,cirrus,debit
504530,00-99,VISA DPS,US,ebt,debit
504531,00-99,,US,ebt,debit
504532,00-99,,US,ebt,debit
504533,00-99,,AR,maestro,debit
504534,00-99,,US,ebt,debit
504535,00-99,,US,cirrus,debit
504536,00-99,CREDENCIAL INTELIGENTE,MX,maestro,debit
504537,00-99,,US,ebt,debit
504538,00-99,,US,ebt,debit
504539,00-99,,US,maestro,debit
504540,00-99,,GB,maestro,debit
504541,00-99,,US,ebt,debit
504542,00-99,,US,ebt,debit
504543,00-99,,US,ebt,debit
504544,00-99,,US,ebt,debit
504545,00-99,,US,ebt,debit
504546,00-99,,IN,maestro,debit
504547,00-99,,US,ebt,debit
504548,00-99,,US,ebt,debit
504549,00-99,,US,maestro,debit
504550,00-99,,US,ebt,debit
504551,00-99,,US,ebt,debit
504552,00-99,,US,maestro,debit
504553,00-99,,US,ebt,debit
504554,00-99,,US,ebt,debit
504555,00-99,,US,ebt,debit
504556,00-99,,US,cirrus,debit
504557,00-99,,US,ebt,debit
504558,00-99,,US,ebt,debit
504559,00-99,,VE,maestro,debit
504560,00-99,,US,ebt,debit
504561,00-99,,US,ebt,debit
504562,00-99,,US,maestro,debit
504563,00-99,,US,maestro,debit
504564,00-99,,US,ebt,debit
504565,00-99,,US,ebt,debit
504566,00-99,,US,ebt,debit
504568,00-99,,US,ebt,debit
504569,00-99,,US,ebt,debit
504570,00-99,,US,ebt,debit
504571,00-99,,US,ebt,debit
504572,00-99,,US,local brand,debit
504573,00-99,,US,ebt,debit
504574,00-99,,US,maestro,debit
504575,00-99,,US,ebt,debit
504576,00-99,NEDBANK LTD.,ZA,maestro,debit
504577,00-99,,US,ebt,debit
504578,00-99,,US,cirrus,debit
504579,00-99,,US,ebt,debit
504580,00-99,,US,ebt,debit
504581,00-99,,US,ebt,debit
504582,00-99,,US,cirrus,debit
504583,00-99,,US,ebt,debit
504584,00-99,,US,ebt,debit
504585,00-99,WELLS FARGO BANK N.A.,US,ebt,debit
504586,00-99,,US,ebt,debit
504587,00-99,,US,ebt,debit
504588,00-99,,US,ebt,debit
504589,00-99,,US,ebt,debit
504590,00-99,,CA,maestro,debit
504591,00-99,,US,ebt,debit
504592,00-99,,US,ebt,debit
504593,00-99,,US,ebt,debit
504594,00-99,,US,ebt,debit
504595,00-99,,US,maestro,debit
504596,00-99,,US,ebt,debit
504597,00-99,,US,ebt,debit
504598,00-99,,US,ebt,debit
504599,00-99,,US,ebt,debit
504600,00-99,,US,cirrus,debit
504601,00-99,,US,ebt,debit
504602,00-99,,US,ebt,debit
504603,00-99,,US,ebt,debit
504605,00-99,,US,ebt,debit
504606,00-99,,US,ebt,debit
504607,00-99,,US,ebt,debit
504608,00-99,,US,ebt,debit
504609,00-99,U.S. BANK N.A.,US,ebt,debit
504610,00-99,,US,ebt,debit
504611,00-99,,JP,maestro,debit
504612,00-99,,US,ebt,debit
504613,00-99,,UA,maestro,debit
504614,00-99,,US,ebt,debit
504615,00-99,,US,ebt,debit
504616,00-99,,US,ebt,debit
504618,00-99,,GT,maestro,debit
504619,00-99,,US,ebt,debit
504620,00-99,,AR,maestro,debit
504621,00-99,,US,ebt,debit
504622,00-99,,US,ebt,debit
504623,00-99,,US,ebt,debit
504624,00-99,,US,ebt,debit
504625,00-99,,US,ebt,debit
504626,00-99,,US,ebt,debit
504627,00-99,,CR,maestro,debit
504628,00-99,,BR,maestro,debit
504629,00-99,,US,ebt,debit
504630,00-99,,US,ebt,debit
504631,00-99,,US,ebt,debit
504632,00-99,,US,ebt,debit
504633,00-99,U.S. BANK N.A.,US,ebt,debit
504634,00-99,,US,ebt,debit
504635,00-99,,US,ebt,debit
504636,00-99,,US,ebt,debit
504637,00-99,,US,ebt,debit
504638,00-99,,US,cirrus,debit
504639,00-99,,AR,maestro,debit
504641,00-99,,US,ebt,debit
504642,00-99,,IN,maestro,debit
504643,00-99,,US,ebt,debit
504644,00-99,,US,cirrus,debit
504645,00-99,,US,maestro,debit
504646,00-99,,US,cirrus,debit
504647,00-99,,US,ebt,debit
504648,00-99,,US,cirrus,debit
504649,00-99,EUROBANK S.A.,GR,maestro,debit
504650,00-99,,US,ebt,debit
504651,00-99,,US,ebt,debit
504652,00-99,,US,ebt,debit
504653,00-99,,US,ebt,debit
504654,00-99,,US,maestro,debit
504655,00-99,,US,ebt,debit
504656,00-99,BANCO PATAGONIA S.A.,AR,local brand,debit
504657,00-99,,US,ebt,debit
504658,00-99,,US,ebt,debit
504659,00-99,,US,ebt,debit
504660,00-99,,US,ebt,debit
504661,00-99,,US,maestro,debit
504662,00-99,,US,ebt,debit
504663,00-99,,US,ebt,debit
504664,00-99,,US,ebt,debit
504665,00-99,,US,ebt,debit
504666,00-99,,US,ebt,debit
504667,00-99,,US,ebt,debit
504668,00-99,,TR,maestro,debit
504669,00-99,,US,ebt,debit
504670,00-99,,US,ebt,debit
504671,00-99,,US,ebt,debit
504673,00-99,,US,ebt,debit
504674,00-99,,US,ebt,debit
504675,00-99,,US,cirrus,debit
504676,00-99,,US,ebt,debit
504677,00-99,,US,ebt,debit
504678,00-99,,US,maestro,debit
504679,00-99,BANK OF AMERICA,US,ebt,debit
504680,00-99,,US,ebt,debit
504681,00-99,,US,maestro,debit
504682,00-99,,US,ebt,debit
504683,00-99,,US,ebt,debit
504684,00-99,,US,ebt,debit
504685,00-99,,BR,maestro,debit
504686,00-99,,US,ebt,debit
504687,00-99,,US,ebt,debit
504688,00-99,,US,ebt,debit
504689,00-99,,US,ebt,debit
504692,00-99,,US,ebt,debit
504693,00-99,,US,ebt,debit
504695,00-99,,US,cirrus,debit
504696,00-99,,BG,maestro,debit
504697,00-99,,PL,maestro,debit
504698,00-99,,US,ebt,debit
504699,00-99,,US,ebt,debit
504700,00-99,,US,ebt,debit
504701,00-99,,US,ebt,debit
504702,00-99,,US,ebt,debit
504703,00-99,,US,ebt,debit
504704,00-99,,US,ebt,debit
504705,00-99,,US,ebt,debit
504706,00-99,,TH,maestro,debit
504707,00-99,,US,ebt,debit
504708,00-99,,US,maestro,debit
504709,00-99,,US,ebt,debit
504711,00-99,,US,ebt,debit
504712,00-99,,US,ebt,debit
504713,00-99,,US,ebt,debit
504714,00-99,,DK,maestro,debit
504715,00-99,,US,ebt,debit
504716,00-99,,AE,maestro,debit
504717,00-99,,US,ebt,debit
504718,00-99,BANGLADESH COMMERCE BANK LTD.,BD,local brand,credit
504719,00-99,,US,ebt,debit
504720,00-99,,PE,maestro,debit
504721,00-99,,US,maestro,debit
504722,00-99,,US,ebt,debit
504723,00-99,,US,cirrus,debit
504724,00-99,,US,ebt,debit
504725,00-99,,US,cirrus,debit
504726,00-99,,US,ebt,debit
504727,00-99,,US,ebt,debit
504728,00-99,,US,ebt,debit
504729,00-99,,US,ebt,debit
504730,00-99,,US,ebt,debit
504731,00-99,,US,ebt,debit
504732,00-99,,US,ebt,debit
504733,00-99,,US,cirrus,debit
504734,00-99,,US,cirrus,debit
504735,00-99,,US,ebt,debit
504736,00-99,,US,ebt,debit
504737,00-99,,US,ebt,debit
504738,00-99,,AR,maestro,debit
504739,00-99,,US,ebt,debit
504740,00-99,,US,ebt,debit
504741,00-99,,CA,maestro,debit
504742,00-99,,US,cirrus,debit
504743,00-99,,US,ebt,debit
504745,00-99,,US,ebt,debit
504746,00-99,,US,ebt,debit
504747,00-99,,US,ebt,debit
504748,00-99,,US,ebt,debit
504749,00-99,,US,ebt,debit
504750,00-99,,US,ebt,debit
504751,00-99,EDENRED SERVICES,BR,maestro,debit
504752,00-99,,CA,maestro,debit
504753,00-99,,US,maestro,debit
504754,00-99,,US,ebt,debit
504755,00-99,,IN,maestro,debit
504756,00-99,,US,cirrus,debit
504757,00-99,,US,ebt,debit
504758,00-99,,US,ebt,debit
504760,00-99,,US,cirrus,debit
504761,00-99,,US,ebt,debit
504762,00-99,,US,ebt,debit
504763,00-99,,US,ebt,debit
504764,00-99,,US,ebt,debit
504765,00-99,,US,ebt,debit
504766,00-99,,CA,maestro,debit
504767,00-99,,US,ebt,debit
504768,00-99,,US,ebt,debit
504769,00-99,,US,ebt,debit
504770,00-99,,US,ebt,debit
504771,00-99,,CO,maestro,debit
504772,00-99,,MA,maestro,debit
504773,00-99,,US,ebt,debit
504774,00-99,,US,ebt,debit
504775,00-99,,US,maestro,debit
504776,00-99,,US,ebt,debit
504778,00-99,,US,ebt,debit
504779,00-99,,US,ebt,debit
504780,00-99,,US,ebt,debit
504781,00-99,,AR,maestro,debit
504782,00-99,,US,ebt,debit
504783,00-99,,US,ebt,debit
504784,00-99,,CA,maestro,debit
504785,00-99,,CA,maestro,debit
504786,00-99,,US,ebt,debit
504787,00-99,,US,cirrus,debit
504790,00-99,,US,cirrus,debit
504791,00-99,,US,cirrus,debit
504792,00-99,,US,ebt,debit
504793,00-99,,NL,maestro,debit
504794,00-99,,US,ebt,debit
504795,00-99,,US,maestro,debit
504796,00-99,,US,ebt,debit
504797,00-99,,US,ebt,debit
504798,00-99,,US,ebt,debit
504799,00-99,,US,cirrus,debit
504800,00-99,,US,ebt,debit
504801,00-99,,US,ebt,debit
504802,00-99,,US,ebt,debit
504803,00-99,,US,ebt,debit
504804,00-99,,US,ebt,debit
504805,00-99,,US,ebt,debit
504806,00-99,,US,ebt,debit
504807,00-99,,US,ebt,debit
504808,00-99,,NA,maestro,debit
504809,00-99,,US,maestro,debit
504810,00-99,,US,ebt,debit
504811,00-99,,US,cirrus,debit
504812,00-99,,US,ebt,debit
504814,00-99,,US,ebt,debit
504815,00-99,,DK,maestro,debit
504816,00-99,,US,ebt,debit
504817,00-99,,US,maestro,debit
504818,00-99,,US,ebt,debit
504819,00-99,,US,ebt,debit
504820,00-99,,DK,maestro,debit
504821,00-99,,US,ebt,debit
504823,00-99,,US,ebt,debit
504824,00-99,,US,ebt,debit
504825,00-99,,US,ebt,debit
504826,00-99,,US,cirrus,debit
504827,00-99,,US,ebt,debit
504828,00-99,,US,ebt,debit
504829,00-99,,US,ebt,debit
504830,00-99,,US,ebt,debit
504831,00-99,,US,ebt,debit
504832,00-99,,US,ebt,debit
504833,00-99,,US,ebt,debit
504834,00-99,,US,maestro,debit
504836,00-99,,US,ebt,debit
504837,00-99,BANK OF AMERICA,US,ebt,debit
504838,00-99,,US,ebt,debit
504839,00-99,,US,ebt,debit
504840,00-99,,US,cirrus,debit
504841,00-99,,US,ebt,debit
504843,00-99,,US,ebt,debit
504844,00-99,,US,ebt,debit
504845,00-99,,US,ebt,debit
504846,00-99,,US,ebt,debit
504847,00-99,,US,ebt,debit
504848,00-99,,US,maestro,debit
504849,00-99,,US,ebt,debit
504850,00-99,,DK,maestro,debit
504851,00-99,U.S. BANK N.A.,US,ebt,debit
504852,00-99,,US,ebt,debit
504853,00-99,,GB,maestro,debit
504854,00-99,,US,ebt,debit
504855,00-99,,US,ebt,debit
504856,00-99,,US,ebt,debit
504857,00-99,,US,ebt,debit
504858,00-99,,US,cirrus,debit
504859,00-99,,US,cirrus,debit
504860,00-99,,US,cirrus,debit
504861,00-99,,US,ebt,debit
504862,00-99,,US,ebt,debit
504863,00-99,,US,ebt,debit
504864,00-99,,US,ebt,debit
504865,00-99,,US,ebt,debit
504866,00-99,,US,ebt,debit
504867,00-99,,US,ebt,debit
504868,00-99,,BG,maestro,debit
504869,00-99,,US,ebt,debit
504870,00-99,BANK OF AMERICA,US,ebt,debit
504871,00-99,,TH,maestro,debit
504872,00-99,,US,ebt,debit
504873,00-99,,US,ebt,debit
504874,00-99,,US,ebt,debit
504875,00-99,,US,ebt,debit
504876,00-99,,US,ebt,debit
504877,00-99,,US,maestro,debit
504878,00-99,,SE,maestro,debit
504880,00-99,,US,ebt,debit
504882,00-99,,US,maestro,debit
504883,00-99,,US,ebt,debit
504884,00-99,,US,maestro,debit
504885,00-99,,US,ebt,debit
504886,00-99,,US,ebt,debit
504887,00-99,,US,ebt,debit
504888,00-99,,US,ebt,debit
504889,00-99,,CA,maestro,debit
504890,00-99,,US,cirrus,debit
504891,00-99,,US,ebt,debit
504892,00-99,,US,ebt,debit
504893,00-99,,US,ebt,debit
504894,00-99,,US,cirrus,debit
504895,00-99,,US,ebt,debit
504896,00-99,,US,cirrus,debit
504897,00-99,ME BANK,AU,maestro,debit
504898,00-99,,US,ebt,debit
504899,00-99,CANADIAN IMPERIAL BANK OF COMMERCE,CA,maestro,debit
504900,00-99,CITIBANK USA N.A.,US,ebt,debit
504901,00-99,CITIBANK USA N.A.,US,ebt,debit
504902,00-99,CITIBANK USA N.A.,US,ebt,debit
504903,00-99,CITIBANK USA N.A.,US,ebt,debit
504904,00-99,CITIBANK USA N.A.,US,ebt,debit
504905,00-99,CITIBANK USA N.A.,US,ebt,debit
504906,00-99,CITIBANK USA N.A.,US,ebt,debit
504907,00-99,CITIBANK USA N.A.,US,ebt,debit
504908,00-99,CITIBANK USA N.A.,US,ebt,debit
504909,00-99,CITIBANK USA N.A.,US,ebt,debit
504910,00-99,CITIBANK USA N.A.,US,ebt,debit
504911,00-99,CITIBANK USA N.A.,US,ebt,debit
504912,00-99,CITIBANK USA N.A.,US,ebt,debit
504913,00-99,CITIBANK USA N.A.,US,ebt,debit
504914,00-99,CITIBANK USA N.A.,US,ebt,debit
504915,00-99,CITIBANK USA N.A.,US,ebt,debit
504916,00-99,CITIBANK USA N.A.,US,ebt,debit
504917,00-99,,US,maestro,debit
504918,00-99,CITIBANK USA N.A.,US,ebt,debit
504919,00-99,CITIBANK USA N.A.,US,ebt,debit
504920,00-99,CITIBANK USA N.A.,US,ebt,debit
504921,00-99,CITIBANK USA N.A.,US,ebt,debit
504922,00-99,CITIBANK USA N.A.,US,ebt,debit
504923,00-99,BANK OF JIANGSU CO. LTD.,CN,local brand,debit
504924,00-99,,US,maestro,debit
504925,00-99,CITIBANK USA N.A.,US,ebt,debit
504926,00-99,,US,ebt,debit
504927,00-99,CITIBANK USA N.A.,US,ebt,debit
504928,00-99,CITIBANK USA N.A.,US,ebt,debit
504929,00-99,CITIBANK USA N.A.,US,ebt,debit
504930,00-99,CITIBANK USA N.A.,US,ebt,debit
504931,00-99,NEDBANK LTD.,ZA,maestro,debit
504932,00-99,CITIBANK USA N.A.,US,ebt,debit
504933,00-99,CITIBANK USA N.A.,US,ebt,debit
504934,00-99,,US,ebt,debit
504935,00-99,CITIBANK USA N.A.,US,ebt,debit
504936,00-99,CITIBANK USA N.A.,US,ebt,debit
504937,00-99,,US,maestro,debit
504938,00-99,CITIBANK USA N.A.,US,ebt,debit
504939,00-99,CITIBANK USA N.A.,US,ebt,debit
504940,00-99,CITIBANK USA N.A.,US,ebt,debit
504941,00-99,CITIBANK USA N.A.,US,ebt,debit
504942,00-99,CITIBANK USA N.A.,US,ebt,debit
504943,00-99,CITIBANK USA N.A.,US,ebt,debit
504944,00-99,CITIBANK USA N.A.,US,ebt,debit
504945,00-99,CITIBANK USA N.A.,US,ebt,debit
504946,00-99,,US,maestro,debit
504947,00-99,CITIBANK USA N.A.,US,ebt,debit
504948,00-99,CITIBANK USA N.A.,US,ebt,debit
504949,00-99,CITIBANK USA N.A.,US,ebt,debit
504950,00-99,,US,ebt,debit
504951,00-99,,US,ebt,debit
504952,00-99,,US,cirrus,debit
504953,00-99,,US,ebt,debit
504954,00-99,CITIBANK USA N.A.,US,ebt,debit
504955,00-99,CITIBANK USA N.A.,US,ebt,debit
504956,00-99,CITIBANK USA N.A.,US,ebt,debit
504957,00-99,CITIBANK USA N.A.,US,ebt,debit
504958,00-99,CITIBANK USA N.A.,US,ebt,debit
504959,00-99,CITIBANK USA N.A.,US,ebt,debit
504960,00-99,CITIBANK USA N.A.,US,ebt,debit
504961,00-99,,US,ebt,debit
504962,00-99,CITIBANK USA N.A.,US,ebt,debit
504963,00-99,,US,cirrus,debit
504964,00-99,CITIBANK USA N.A.,US,ebt,debit
504965,00-99,CITIBANK USA N.A.,US,ebt,debit
504966,00-99,,US,cirrus,debit
504967,00-99,CITIBANK USA N.A.,US,ebt,debit
504968,00-99,CITIBANK USA N.A.,US,ebt,debit
504969,00-99,CITIBANK USA N.A.,US,ebt,debit
504970,00-99,CITIBANK USA N.A.,US,ebt,debit
504971,00-99,CITIBANK USA N.A.,US,ebt,debit
504972,00-99,CITIBANK USA N.A.,US,ebt,debit
504973,00-99,JAMMU & KASHMIR BANK LTD.,IN,local brand,credit
504974,00-99,CITIBANK USA N.A.,US,ebt,debit
504975,00-99,CITIBANK USA N.A.,US,ebt,debit
504976,00-99,CITIBANK USA N.A.,US,ebt,debit
504977,00-99,CITIBANK USA N.A.,US,ebt,debit
504978,00-99,CITIBANK USA N.A.,US,ebt,debit
504979,00-99,CITIBANK USA N.A.,US,ebt,debit
504980,00-99,CITIBANK USA N.A.,US,ebt,debit
504981,00-99,CITIBANK USA N.A.,US,ebt,debit
504982,00-99,CITIBANK USA N.A.,US,ebt,debit
504983,00-99,CITIBANK USA N.A.,US,ebt,debit
504984,00-99,,US,ebt,debit
504985,00-99,CITIBANK USA N.A.,US,ebt,debit
504986,00-99,CITIBANK USA N.A.,US,ebt,debit
504987,00-99,CITIBANK USA N.A.,US,ebt,debit
504988,00-99,CITIBANK USA N.A.,US,ebt,debit
504989,00-99,CITIBANK USA N.A.,US,ebt,debit
504990,00-99,CITIBANK USA N.A.,US,ebt,debit
504991,00-99,CITIBANK USA N.A.,US,ebt,debit
504992,00-99,CITIBANK USA N.A.,US,ebt,debit
504993,00-99,,US,maestro,debit
504994,00-99,CITIBANK (SOUTH DAKOTA) N.A. - SEARS,US,ebt,debit
504995,00-99,CITIBANK USA N.A.,US,ebt,debit
504996,00-99,CITIBANK USA N.A.,US,ebt,debit
504997,00-99,CITIBANK USA N.A.,US,ebt,debit
504998,00-99,CITIBANK USA N.A.,US,ebt,debit
504999,00-99,CITIBANK USA N.A.,US,ebt,debit
505000,00-99,,US,ebt,debit
505002,00-99,,US,ebt,debit
505003,00-99,,US,ebt,debit
505004,00-99,,US,ebt,debit
505005,00-99,,US,ebt,debit
505006,00-99,,US,ebt,debit
505007,00-99,,IN,maestro,debit
505008,00-99,,US,ebt,debit
505009,00-99,,ZA,maestro,debit
505010,00-99,,US,ebt,debit
505011,00-99,,US,cirrus,debit
505012,00-99,,RU,maestro,debit
505013,00-99,,US,ebt,debit
505014,00-99,,US,ebt,debit
505015,00-99,,US,cirrus,debit
505016,00-99,,US,ebt,debit
505017,00-99,,US,ebt,debit
505018,00-99,,DE,maestro,debit
505019,00-99,,US,ebt,debit
505020,00-99,,US,ebt,debit
505021,00-99,,US,ebt,debit
505022,00-99,,US,ebt,debit
505023,00-99,,US,ebt,debit
505024,00-99,,US,ebt,debit
505025,00-99,,US,ebt,debit
505026,00-99,,US,ebt,debit
505027,00-99,,US,ebt,debit
505028,00-99,,US,ebt,debit
505029,00-99,,US,ebt,debit
505030,00-99,,US,ebt,debit
505031,00-99,,US,ebt,debit
505032,00-99,,US,ebt,debit
505033,00-99,,US,ebt,debit
505034,00-99,,US,ebt,debit
505035,00-99,,US,ebt,debit
505037,00-99,,US,ebt,debit
505038,00-99,,US,ebt,debit
505039,00-99,,US,ebt,debit
505040,00-99,,US,ebt,debit
505041,00-99,WELLS FARGO BANK N.A.,US,ebt,debit
505042,00-99,,US,ebt,debit
505043,00-99,,US,ebt,debit
505044,00-99,,US,ebt,debit
505046,00-99,,US,ebt,debit
505047,00-99,,US,ebt,debit
505048,00-99,,US,ebt,debit
505049,00-99,,US,ebt,debit
505051,00-99,,US,ebt,debit
505052,00-99,,US,ebt,debit
505053,00-99,,US,ebt,debit
505054,00-99,,US,ebt,debit
505055,00-99,,US,ebt,debit
505056,00-99,,US,ebt,debit
505058,00-99,,US,ebt,debit
505059,00-99,,US,ebt,debit
505060,00-99,,US,ebt,debit
505061,00-99,,US,ebt,debit
505062,00-99,,US,ebt,debit
505063,00-99,,US,ebt,debit
505064,00-99,,US,ebt,debit
505065,00-99,,US,ebt,debit
505066,00-99,,US,ebt,debit
505067,00-99,,US,ebt,debit
505069,00-99,,US,ebt,debit
505070,00-99,,US,ebt,debit
505071,00-99,,US,ebt,debit
505072,00-99,,US,ebt,debit
505073,00-99,,US,ebt,debit
505074,00-99,,BR,maestro,debit
505075,00-99,,US,ebt,debit
505076,00-99,,US,ebt,debit
505077,00-99,,US,ebt,debit
505078,00-99,,US,ebt,debit
505079,00-99,,US,ebt,debit
505080,00-99,,US,ebt,debit
505081,00-99,,US,ebt,debit
505082,00-99,,US,ebt,debit
505083,00-99,,US,ebt,debit
505084,00-99,,US,ebt,debit
505085,00-99,,US,ebt,debit
505086,00-99,,US,ebt,debit
505087,00-99,,US,ebt,debit
505089,00-99,,US,ebt,debit
505090,00-99,,US,ebt,debit
505091,00-99,,US,ebt,debit
505092,00-99,,US,ebt,debit
505093,00-99,,US,ebt,debit
505094,00-99,,US,ebt,debit
505095,00-99,,US,ebt,debit
505096,00-99,,US,ebt,debit
505098,00-99,,US,ebt,debit
505099,00-99,,US,ebt,debit
505101,00-99,,US,ebt,debit
505102,00-99,,US,ebt,debit
505103,00-99,,US,ebt,debit
505104,00-99,,US,ebt,debit
505105,00-99,,BR,maestro,debit
505106,00-99,,US,ebt,debit
505107,00-99,,US,cirrus,debit
505108,00-99,,US,ebt,debit
505109,00-99,,US,ebt,debit
505110,00-99,,US,ebt,debit
505111,00-99,,US,ebt,debit
505112,00-99,,US,ebt,debit
505113,00-99,,US,ebt,debit
505114,00-99,,US,ebt,debit
505116,00-99,,US,ebt,debit
505117,00-99,,US,ebt,debit
505118,00-99,,US,ebt,debit
505119,00-99,,US,ebt,debit
505120,00-99,,BR,maestro,debit
505121,00-99,,BR,maestro,debit
505122,00-99,,US,ebt,debit
505123,00-99,,US,ebt,debit
505124,00-99,,US,ebt,debit
505125,00-99,,US,ebt,debit
505126,00-99,,US,ebt,debit
505127,00-99,,US,ebt,debit
505129,00-99,,US,ebt,debit
505130,00-99,,US,ebt,debit
505131,00-99,,US,ebt,debit
505132,00-99,,US,ebt,debit
505134,00-99,,US,ebt,debit
505135,00-99,,US,ebt,debit
505136,00-99,,US,ebt,debit
505137,00-99,,US,ebt,debit
505138,00-99,,US,ebt,debit
505139,00-99,,US,ebt,debit
505140,00-99,,US,ebt,debit
505141,00-99,,US,ebt,debit
505142,00-99,,US,ebt,debit
505143,00-99,,US,ebt,debit
505144,00-99,,BR,maestro,debit
505145,00-99,,US,ebt,debit
505146,00-99,,GB,maestro,debit
505147,00-99,,US,ebt,debit
505148,00-99,,US,ebt,debit
505149,00-99,,US,ebt,debit
505150,00-99,,US,ebt,debit
505151,00-99,,US,ebt,debit
505152,00-99,,US,ebt,debit
505153,00-99,,US,ebt,debit
505154,00-99,,US,ebt,debit
505155,00-99,,US,ebt,debit
505156,00-99,,US,ebt,debit
505157,00-99,,US,ebt,debit
505158,00-99,,US,ebt,debit
505159,00-99,,US,ebt,debit
505160,00-99,,US,ebt,debit
505161,00-99,,US,ebt,debit
505162,00-99,,US,ebt,debit
505163,00-99,,US,ebt,debit
505164,00-99,,US,ebt,debit
505165,00-99,,US,ebt,debit
505166,00-99,,US,ebt,debit
505167,00-99,,US,ebt,debit
505168,00-99,,US,ebt,debit
505169,00-99,,US,ebt,debit
505170,00-99,,US,ebt,debit
505171,00-99,,US,ebt,debit
505172,00-99,,US,ebt,debit
505173,00-99,,US,ebt,debit
505174,00-99,,US,ebt,debit
505175,00-99,,US,ebt,debit
505176,00-99,,US,ebt,debit
505177,00-99,,US,ebt,debit
505178,00-99,,US,ebt,debit
505179,00-99,,US,ebt,debit
505180,00-99,,US,ebt,debit
505181,00-99,,US,ebt,debit
505182,00-99,,US,ebt,debit
505183,00-99,,US,ebt,debit
505184,00-99,,US,ebt,debit
505185,00-99,,US,ebt,debit
505186,00-99,,US,ebt,debit
505187,00-99,,US,ebt,debit
505188,00-99,,US,ebt,debit
505189,00-99,,US,ebt,debit
505192,00-99,,US,ebt,debit
505193,00-99,,US,ebt,debit
505194,00-99,,US,ebt,debit
505195,00-99,,US,ebt,debit
505196,00-99,,US,ebt,debit
505197,00-99,,US,ebt,debit
505198,00-99,,US,ebt,debit
505199,00-99,,US,ebt,debit
505200,00-99,,IE,maestro,debit
505201,00-99,,TR,maestro,debit
505202,00-99,,US,ebt,debit
505203,00-99,,US,ebt,debit
505204,00-99,,JP,maestro,debit
505205,00-99,,US,ebt,debit
505206,00-99,,US,ebt,debit
505207,00-99,,US,ebt,debit
505208,00-99,,US,ebt,debit
505209,00-99,,US,ebt,debit
505210,00-99,,US,ebt,debit
505211,00-99,,GB,maestro,debit
505212,00-99,,US,ebt,debit
505213,00-99,,US,ebt,debit
505214,00-99,,US,ebt,debit
505215,00-99,,US,ebt,debit
505216,00-99,,US,ebt,debit
505217,00-99,,US,ebt,debit
505218,00-99,,US,ebt,debit
505219,00-99,,US,ebt,debit
505220,00-99,,US,ebt,debit
505221,00-99,,ZA,maestro,debit
505222,00-99,,US,ebt,debit
505223,00-99,,US,ebt,debit
505224,00-99,,US,ebt,debit
505225,00-99,,US,ebt,debit
505226,00-99,,US,ebt,debit
505227,00-99,,US,ebt,debit
505228,00-99,,US,ebt,debit
505229,00-99,,US,ebt,debit
505230,00-99,,US,ebt,debit
505231,00-99,,US,ebt,debit
505232,00-99,,US,ebt,debit
505234,00-99,,US,ebt,debit
505235,00-99,,US,ebt,debit
505236,00-99,,US,ebt,debit
505237,00-99,,US,ebt,debit
505238,00-99,,US,ebt,debit
505239,00-99,,US,ebt,debit
505240,00-99,,US,ebt,debit
505241,00-99,,US,ebt,debit
505242,00-99,,US,ebt,debit
505243,00-99,,US,ebt,debit
505244,00-99,,BG,maestro,debit
505245,00-99,,US,ebt,debit
505246,00-99,,US,ebt,debit
505247,00-99,,US,ebt,debit
505248,00-99,,US,ebt,debit
505249,00-99,,US,ebt,debit
505250,00-99,,BR,maestro,debit
505251,00-99,,US,ebt,debit
505252,00-99,,PK,maestro,debit
505253,00-99,,US,ebt,debit
505254,00-99,,US,ebt,debit
505256,00-99,,US,ebt,debit
505257,00-99,,US,ebt,debit
505258,00-99,,US,ebt,debit
505259,00-99,,US,ebt,debit
505260,00-99,,US,ebt,debit
505261,00-99,,US,ebt,debit
505262,00-99,,US,ebt,debit
505263,00-99,,TR,maestro,debit
505264,00-99,,US,ebt,debit
505265,00-99,,US,ebt,debit
505266,00-99,,US,ebt,debit
505267,00-99,,US,ebt,debit
505268,00-99,,US,ebt,debit
505269,00-99,,US,ebt,debit
505270,00-99,,US,ebt,debit
505272,00-99,,JP,maestro,debit
505273,00-99,,US,ebt,debit
505274,00-99,,US,ebt,debit
505275,00-99,,US,ebt,debit
505276,00-99,,US,ebt,debit
505277,00-99,,US,ebt,debit
505278,00-99,,US,ebt,debit
505279,00-99,,US,ebt,debit
505280,00-99,,US,ebt,debit
505281,00-99,,US,ebt,debit
505282,00-99,,US,ebt,debit
505283,00-99,,US,ebt,debit
505284,00-99,,US,ebt,debit
505285,00-99,,HR,maestro,debit
505286,00-99,,US,ebt,debit
505287,00-99,,US,ebt,debit
505288,00-99,,US,ebt,debit
505289,00-99,,US,ebt,debit
505290,00-99,,US,ebt,debit
505291,00-99,,MA,maestro,debit
505292,00-99,,US,ebt,debit
505293,00-99,,US,ebt,debit
505294,00-99,,US,ebt,debit
505295,00-99,,US,ebt,debit
505296,00-99,,US,ebt,debit
505297,00-99,,US,ebt,debit
505298,00-99,,US,ebt,debit
505299,00-99,,US,ebt,debit
505300,00-99,,US,ebt,debit
505301,00-99,FIRST CITIZENS BANK,US,ebt,debit
505302,00-99,,US,ebt,debit
505303,00-99,,GB,maestro,debit
505304,00-99,,US,ebt,debit
505305,00-99,,US,ebt,debit
505306,00-99,,US,ebt,debit
505307,00-99,,US,ebt,debit
505308,00-99,,US,ebt,debit
505309,00-99,,US,ebt,debit
505310,00-99,,US,ebt,debit
505311,00-99,,US,ebt,debit
505312,00-99,,US,ebt,debit
505313,00-99,,US,ebt,debit
505314,00-99,,US,ebt,debit
505315,00-99,,US,ebt,debit
505318,00-99,,US,ebt,debit
505319,00-99,,US,ebt,debit
505320,00-99,,US,ebt,debit
505321,00-99,,US,ebt,debit
505322,00-99,,US,ebt,debit
505323,00-99,,US,ebt,debit
505324,00-99,,US,ebt,debit
505325,00-99,,US,ebt,debit
505326,00-99,,US,ebt,debit
505327,00-99,,US,ebt,debit
505328,00-99,,US,ebt,debit
505329,00-99,,US,ebt,debit
505330,00-99,JPMORGAN CHASE BANK N.A.,US,ebt,debit
505331,00-99,JPMORGAN CHASE BANK N.A.,US,ebt,debit
505332,00-99,JPMORGAN CHASE BANK N.A.,US,ebt,debit
505333,00-99,JPMORGAN CHASE BANK N.A.,US,ebt,debit
505334,00-99,JPMORGAN CHASE BANK N.A.,US,ebt,debit
505335,00-99,JPMORGAN CHASE BANK N.A.,US,ebt,debit
505336,00-99,JPMORGAN CHASE BANK N.A.,US,ebt,debit
505337,00-99,JPMORGAN CHASE BANK N.A.,US,ebt,debit
505338,00-99,JPMORGAN CHASE BANK N.A.,US,ebt,debit
505339,00-99,JPMORGAN CHASE BANK N.A.,US,ebt,debit
505340,00-99,JPMORGAN CHASE BANK N.A.,US,ebt,debit
505341,00-99,,US,ebt,debit
505342,00-99,,US,ebt,debit
505343,00-99,,UA,maestro,debit
505344,00-99,,US,ebt,debit
505345,00-99,,US,ebt,debit
505346,00-99,,US,ebt,debit
505347,00-99,,US,ebt,debit
505348,00-99,,US,ebt,debit
505349,00-99,WYOMING EBT ISSUED BY JPMORGAN EFS,US,ebt,debit
505350,00-99,,US,cirrus,debit
505351,00-99,,US,ebt,debit
505352,00-99,,US,ebt,debit
505353,00-99,,ES,maestro,debit
505354,00-99,,ES,maestro,debit
505355,00-99,,US,ebt,debit
505356,00-99,,US,ebt,debit
505357,00-99,,US,ebt,debit
505358,00-99,,US,ebt,debit
505359,00-99,,US,ebt,debit
505360,00-99,,US,ebt,debit
505361,00-99,JPMORGAN CHASE BANK N.A.,US,ebt,debit
505362,00-99,,US,ebt,debit
505363,00-99,,US,ebt,debit
505364,00-99,JPMORGAN CHASE BANK N.A.,US,ebt,debit
505365,00-99,,US,ebt,debit
505366,00-99,JPMORGAN CHASE BANK N.A.,US,ebt,debit
505367,00-99,,US,ebt,debit
505368,00-99,,US,ebt,debit
505369,00-99,,US,ebt,debit
505370,00-99,,US,ebt,debit
505371,00-99,JPMORGAN CHASE BANK N.A.,US,ebt,debit
505372,00-99,,US,ebt,debit
505373,00-99,JPMORGAN CHASE BANK N.A.,US,ebt,debit
505374,00-99,,US,ebt,debit
505375,00-99,,US,ebt,debit
505376,00-99,,US,ebt,debit
505377,00-99,JPMORGAN CHASE BANK N.A.,US,ebt,debit
505378,00-99,,US,ebt,debit
505379,00-99,JPMORGAN CHASE BANK N.A.,US,ebt,debit
505380,00-99,,US,ebt,debit
505382,00-99,,US,ebt,debit
505383,00-99,,US,ebt,debit
505384,00-99,,US,ebt,debit
505386,00-99,,US,ebt,debit
505387,00-99,,US,ebt,debit
505388,00-99,,US,ebt,debit
505389,00-99,,US,ebt,debit
505390,00-99,,US,ebt,debit
505391,00-99,,US,ebt,debit
505392,00-99,,US,ebt,debit
505393,00-99,,US,ebt,debit
505394,00-99,,US,ebt,debit
505395,00-99,,US,ebt,debit
505396,00-99,,US,ebt,debit
505397,00-99,,US,ebt,debit
505398,00-99,,US,ebt,debit
505399,00-99,,US,ebt,debit
505401,00-99,,US,ebt,debit
505402,00-99,,US,ebt,debit
505403,00-99,,US,ebt,debit
505404,00-99,,US,ebt,debit
505405,00-99,,US,ebt,debit
505406,00-99,,US,ebt,debit
505407,00-99,,US,ebt,debit
505408,00-99,,US,cirrus,debit
505409,00-99,CAPITEC BANK LTD.,US,maestro,debit
505410,00-99,,US,ebt,debit
505411,00-99,,US,ebt,debit
505412,00-99,,US,ebt,debit
505413,00-99,,US,ebt,debit
505414,00-99,,US,ebt,debit
505415,00-99,,US,ebt,debit
505416,00-99,,US,ebt,debit
505417,00-99,,US,ebt,debit
505418,00-99,,US,ebt,debit
505419,00-99,IDBI,IN,rupay,debit
505420,00-99,,US,ebt,debit
505421,00-99,,US,ebt,debit
505422,00-99,,ES,maestro,debit
505423,00-99,,US,ebt,debit
505424,00-99,,US,ebt,debit
505425,00-99,,US,ebt,debit
505426,00-99,,US,ebt,debit
505427,00-99,,RU,maestro,debit
505429,00-99,,UA,maestro,debit
505430,00-99,,US,ebt,debit
505431,00-99,,US,ebt,debit
505433,00-99,BANCO SANTANDER TOTTA S.A.,PT,maestro,debit
505434,00-99,,US,ebt,debit
505437,00-99,,US,ebt,debit
505438,00-99,,US,ebt,debit
505440,00-99,,US,ebt,debit
505441,00-99,,KE,maestro,debit
505442,00-99,,US,ebt,debit
505444,00-99,,US,ebt,debit
505445,00-99,,US,ebt,debit
505447,00-99,,US,ebt,debit
505448,00-99,,BD,maestro,debit
505449,00-99,,US,ebt,debit
505450,00-99,WELLS FARGO BANK N.A.,US,ebt,debit
505451,00-99,WELLS FARGO BANK N.A.,US,ebt,debit
505452,00-99,,CO,maestro,debit
505454,00-99,,US,ebt,debit
505455,00-99,,US,ebt,debit
505456,00-99,,US,ebt,debit
505457,00-99,,US,ebt,debit
505458,00-99,,US,ebt,debit
505459,00-99,,US,ebt,debit
505460,00-99,WELLS FARGO BANK N.A.,US,ebt,debit
505462,00-99,,US,ebt,debit
505463,00-99,,US,ebt,debit
505464,00-99,,US,ebt,debit
505465,00-99,,US,ebt,debit
505466,00-99,,US,ebt,debit
505467,00-99,,US,ebt,debit
505468,00-99,,US,ebt,debit
505469,00-99,,US,ebt,debit
505470,00-99,,US,ebt,debit
505471,00-99,,US,ebt,debit
505472,00-99,,US,ebt,debit
505473,00-99,,US,ebt,debit
505474,00-99,,US,ebt,debit
505475,00-99,,US,ebt,debit
505476,00-99,,US,ebt,debit
505477,00-99,,US,ebt,debit
505478,00-99,,US,ebt,debit
505479,00-99,,US,ebt,debit
505480,00-99,,US,ebt,debit
505481,00-99,,US,ebt,debit
505482,00-99,,US,ebt,debit
505483,00-99,,US,ebt,debit
505484,00-99,,US,ebt,debit
505485,00-99,,US,ebt,debit
505486,00-99,,US,ebt,debit
505487,00-99,,US,ebt,debit
505488,00-99,,MA,maestro,debit
505489,00-99,,US,ebt,debit
505490,00-99,,BG,maestro,debit
505491,00-99,,US,ebt,debit
505492,00-99,,US,ebt,debit
505493,00-99,,US,ebt,debit
505494,00-99,,US,ebt,debit
505495,00-99,,US,ebt,debit
505496,00-99,,US,ebt,debit
505497,00-99,,US,ebt,debit
505498,00-99,,US,ebt,debit
505499,00-99,,US,ebt,debit
505500,00-99,,IT,maestro,debit
505501,00-99,,US,ebt,debit
505502,00-99,,US,ebt,debit
505503,00-99,,US,ebt,debit
505504,00-99,,US,ebt,debit
505505,00-99,,US,ebt,debit
505506,00-99,,US,maestro,debit
505507,00-99,,US,ebt,debit
505508,00-99,,US,ebt,debit
505509,00-99,,US,ebt,debit
505510,00-99,,US,ebt,debit
505511,00-99,,US,ebt,debit
505512,00-99,,SK,maestro,debit
505513,00-99,,NZ,maestro,debit
505514,00-99,,US,ebt,debit
505515,00-99,,US,ebt,debit
505516,00-99,,US,ebt,debit
505517,00-99,,US,ebt,debit
505518,00-99,,US,ebt,debit
505519,00-99,,US,ebt,debit
505520,00-99,,US,ebt,debit
505521,00-99,,US,ebt,debit
505522,00-99,,US,ebt,debit
505523,00-99,,US,maestro,debit
505524,00-99,,US,ebt,debit
505525,00-99,,US,ebt,debit
505526,00-99,,US,ebt,debit
505527,00-99,,US,ebt,debit
505528,00-99,,US,ebt,debit
505529,00-99,,US,ebt,debit
505530,00-99,,US,ebt,debit
505531,00-99,,US,ebt,debit
505532,00-99,,US,ebt,debit
505534,00-99,,US,ebt,debit
505535,00-99,,TH,maestro,debit
505536,00-99,,US,ebt,debit
505537,00-99,,US,ebt,debit
505538,00-99,,US,ebt,debit
505539,00-99,,US,ebt,debit
505540,00-99,,US,ebt,debit
505541,00-99,,US,ebt,debit
505542,00-99,,US,ebt,debit
505543,00-99,,US,ebt,debit
505545,00-99,,US,ebt,debit
505546,00-99,,US,ebt,debit
505547,00-99,,US,ebt,debit
505548,00-99,,US,ebt,debit
505549,00-99,,US,ebt,debit
505550,00-99,,IT,maestro,debit
505551,00-99,,US,ebt,debit
505552,00-99,,DZ,maestro,debit
505553,00-99,,US,ebt,debit
505554,00-99,,US,ebt,debit
505555,00-99,,US,ebt,debit
505556,00-99,,US,ebt,debit
505557,00-99,,US,ebt,debit
505558,00-99,,US,ebt,debit
505559,00-99,,US,ebt,debit
505560,00-99,,US,ebt,debit
505561,00-99,,US,ebt,debit
505562,00-99,,US,ebt,debit
505563,00-99,,US,ebt,debit
505565,00-99,,US,ebt,debit
505566,00-99,,US,ebt,debit
505567,00-99,,US,ebt,debit
505568,00-99,,US,ebt,debit
505569,00-99,,US,ebt,debit
505570,00-99,,US,ebt,debit
505571,00-99,,US,ebt,debit
505572,00-99,,US,ebt,debit
505573,00-99,,US,ebt,debit
505574,00-99,,US,ebt,debit
505575,00-99,,US,ebt,debit
505577,00-99,,US,ebt,debit
505578,00-99,,US,ebt,debit
505579,00-99,,US,ebt,debit
505581,00-99,,US,ebt,debit
505582,00-99,,US,ebt,debit
505583,00-99,,US,ebt,debit
505584,00-99,,US,ebt,debit
505585,00-99,,US,ebt,debit
505586,00-99,,US,ebt,debit
505587,00-99,,US,ebt,debit
505588,00-99,,US,ebt,debit
505589,00-99,,US,ebt,debit
505590,00-99,,AE,maestro,debit
505591,00-99,,US,ebt,debit
505592,00-99,,US,ebt,debit
505593,00-99,,US,ebt,debit
505594,00-99,,US,ebt,debit
505595,00-99,,US,ebt,debit
505596,00-99,,US,ebt,debit
505597,00-99,,US,ebt,debit
505598,00-99,,US,ebt,debit
505599,00-99,,RU,maestro,debit
505600,00-99,BANK OF AMERICA NATIONAL ASSOCIATION,US,cirrus,debit
505601,00-99,BANK OF AMERICA NATIONAL ASSOCIATION,US,cirrus,debit
505602,00-99,BANK OF AMERICA NATIONAL ASSOCIATION,US,cirrus,debit
505603,00-99,BANK OF AMERICA NATIONAL ASSOCIATION,US,cirrus,debit
505604,00-99,,US,ebt,debit
505605,00-99,,US,ebt,debit
505606,00-99,,US,ebt,debit
505607,00-99,,US,ebt,debit
505608,00-99,,US,ebt,debit
505609,00-99,,US,ebt,debit
505610,00-99,BANK OF AMERICA NATIONAL ASSOCIATION,US,cirrus,debit
505611,00-99,,US,ebt,debit
505612,00-99,BANK OF AMERICA NATIONAL ASSOCIATION,US,cirrus,debit
505613,00-99,,DE,maestro,debit
505614,00-99,,US,ebt,debit
505615,00-99,,US,ebt,debit
505616,00-99,BANK OF AMERICA NATIONAL ASSOCIATION,US,maestro,debit
505617,00-99,,US,ebt,debit
505618,00-99,,US,ebt,debit
505619,00-99,,US,ebt,debit
505620,00-99,,US,ebt,debit
505622,00-99,,US,ebt,debit
505623,00-99,,US,ebt,debit
505624,00-99,BANK OF AMERICA NATIONAL ASSOCIATION,US,maestro,debit
505625,00-99,,CO,maestro,debit
505626,00-99,,BR,maestro,debit
505627,00-99,,US,ebt,debit
505628,00-99,,US,ebt,debit
505629,00-99,,US,ebt,debit
505630,00-99,,US,ebt,debit
505631,00-99,,US,ebt,debit
505632,00-99,,US,ebt,debit
505633,00-99,,US,ebt,debit
505634,00-99,,US,ebt,debit
505635,00-99,,US,ebt,debit
505636,00-99,,US,ebt,debit
505637,00-99,,US,ebt,debit
505638,00-99,BANK OF AMERICA NATIONAL ASSOCIATION,US,cirrus,debit
505639,00-99,BANK OF AMERICA NATIONAL ASSOCIATION,US,cirrus,debit
505640,00-99,,US,ebt,debit
505641,00-99,,US,ebt,debit
505642,00-99,,US,ebt,debit
505643,00-99,,ES,maestro,debit
505644,00-99,,US,ebt,debit
505645,00-99,,US,ebt,debit
505646,00-99,,US,ebt,debit
505647,00-99,BANK OF AMERICA NATIONAL ASSOCIATION,US,maestro,debit
505648,00-99,BANK OF AMERICA NATIONAL ASSOCIATION,US,maestro,debit
505649,00-99,BANK OF AMERICA NATIONAL ASSOCIATION,US,maestro,debit
505650,00-99,BANK OF AMERICA NATIONAL ASSOCIATION,US,maestro,debit
505651,00-99,,US,ebt,debit
505652,00-99,,US,ebt,debit
505653,00-99,,US,ebt,debit
505654,00-99,,US,ebt,debit
505655,00-99,,US,maestro,debit
505656,00-99,,US,ebt,debit
505657,00-99,,US,ebt,debit
505658,00-99,,US,ebt,debit
505659,00-99,,US,ebt,debit
505660,00-99,,US,ebt,debit
505661,00-99,,US,ebt,debit
505662,00-99,,US,ebt,debit
505663,00-99,,US,ebt,debit
505664,00-99,,US,ebt,debit
505665,00-99,,US,ebt,debit
505666,00-99,,US,ebt,debit
505667,00-99,,US,ebt,debit
505668,00-99,,US,ebt,debit
505669,00-99,,US,ebt,debit
505670,00-99,,US,ebt,debit
505671,00-99,,US,ebt,debit
505672,00-99,,US,ebt,debit
505673,00-99,,US,ebt,debit
505674,00-99,,US,ebt,debit
505675,00-99,,US,ebt,debit
505676,00-99,,US,ebt,debit
505677,00-99,,US,ebt,debit
505678,00-99,,CR,maestro,debit
505680,00-99,,US,ebt,debit
505681,00-99,,US,ebt,debit
505682,00-99,,US,ebt,debit
505683,00-99,,US,ebt,debit
505684,00-99,,US,ebt,debit
505685,00-99,,US,ebt,debit
505686,00-99,,US,ebt,debit
505687,00-99,,US,ebt,debit
505688,00-99,,US,ebt,debit
505689,00-99,,US,ebt,debit
505690,00-99,,US,ebt,debit
505691,00-99,,US,ebt,debit
505692,00-99,,US,ebt,debit
505693,00-99,,US,ebt,debit
505694,00-99,,US,ebt,debit
505695,00-99,,US,ebt,debit
505696,00-99,BANK OF AMERICA NATIONAL ASSOCIATION,US,cirrus,debit
505697,00-99,BANK OF AMERICA NATIONAL ASSOCIATION,US,cirrus,debit
505698,00-99,,US,ebt,debit
505699,00-99,,US,ebt,debit
505700,00-99,,US,ebt,debit
505701,00-99,,US,ebt,debit
505702,00-99,,US,ebt,debit
505703,00-99,,US,ebt,debit
505704,00-99,,US,ebt,debit
505705,00-99,,US,ebt,debit
505706,00-99,,BG,maestro,debit
505707,00-99,,US,ebt,debit
505708,00-99,,US,ebt,debit
505709,00-99,,US,ebt,debit
505710,00-99,,US,ebt,debit
505711,00-99,,US,ebt,debit
505712,00-99,,US,ebt,debit
505713,00-99,,US,ebt,debit
505714,00-99,,US,ebt,debit
505715,00-99,,US,ebt,debit
505716,00-99,,US,ebt,debit
505717,00-99,,US,ebt,debit
505718,00-99,,US,ebt,debit
505719,00-99,,US,ebt,debit
505720,00-99,,US,ebt,debit
505721,00-99,BANK OF AMERICA NATIONAL ASSOCIATION,US,cirrus,debit
505722,00-99,,US,ebt,debit
505723,00-99,,US,ebt,debit
505724,00-99,,US,ebt,debit
505725,00-99,,US,ebt,debit
505726,00-99,BANK OF AMERICA NATIONAL ASSOCIATION,US,cirrus,debit
505728,00-99,,US,ebt,debit
505729,00-99,,US,ebt,debit
505730,00-99,BANK OF AMERICA NATIONAL ASSOCIATION,US,cirrus,debit
505731,00-99,BANK OF AMERICA NATIONAL ASSOCIATION,US,cirrus,debit
505732,00-99,BANK OF AMERICA NATIONAL ASSOCIATION,US,cirrus,debit
505733,00-99,BANK OF AMERICA NATIONAL ASSOCIATION,US,cirrus,debit
505734,00-99,BANK OF AMERICA NATIONAL ASSOCIATION,US,cirrus,debit
505735,00-99,BANK OF AMERICA NATIONAL ASSOCIATION,US,cirrus,debit
505736,00-99,BANK OF AMERICA NATIONAL ASSOCIATION,US,cirrus,debit
505737,00-99,BANK OF AMERICA NATIONAL ASSOCIATION,US,cirrus,debit
505738,00-99,BANK OF AMERICA NATIONAL ASSOCIATION,US,cirrus,debit
505739,00-99,BANK OF AMERICA NATIONAL ASSOCIATION,US,cirrus,debit
505740,00-99,BANK OF AMERICA NATIONAL ASSOCIATION,US,cirrus,debit
505741,00-99,,US,ebt,debit
505742,00-99,,US,ebt,debit
505743,00-99,,US,ebt,debit
505744,00-99,,US,ebt,debit
505745,00-99,,US,ebt,debit
505746,00-99,BANK OF AMERICA NATIONAL ASSOCIATION,US,maestro,debit
505747,00-99,,US,ebt,debit
505748,00-99,,US,ebt,debit
505749,00-99,,US,ebt,debit
505751,00-99,PREPAGO CHASE,MX,maestro,debit
505752,00-99,,US,ebt,debit
505754,00-99,,US,ebt,debit
505756,00-99,,US,ebt,debit
505757,00-99,,US,ebt,debit
505758,00-99,,US,ebt,debit
505759,00-99,,US,ebt,debit
505760,00-99,,US,ebt,debit
505762,00-99,,US,ebt,debit
505763,00-99,,US,ebt,debit
505764,00-99,,US,ebt,debit
505765,00-99,,US,ebt,debit
505766,00-99,,US,ebt,debit
505767,00-99,,US,ebt,debit
505768,00-99,,US,ebt,debit
505769,00-99,,US,ebt,debit
505770,00-99,,US,ebt,debit
505771,00-99,,US,ebt,debit
505772,00-99,,US,ebt,debit
505773,00-99,,US,ebt,debit
505774,00-99,,US,ebt,debit
505775,00-99,,US,ebt,debit
505776,00-99,,US,ebt,debit
505777,00-99,,FR,maestro,debit
505779,00-99,,US,ebt,debit
505780,00-99,,EC,maestro,debit
505781,00-99,,US,ebt,debit
505782,00-99,,US,ebt,debit
505783,00-99,,US,ebt,debit
505784,00-99,,US,ebt,debit
505785,00-99,,TR,maestro,debit
505786,00-99,,US,ebt,debit
505787,00-99,,US,ebt,debit
505788,00-99,,US,ebt,debit
505789,00-99,,US,ebt,debit
505790,00-99,,US,ebt,debit
505791,00-99,,ME,maestro,debit
505792,00-99,,US,ebt,debit
505793,00-99,,IN,maestro,debit
505794,00-99,,US,ebt,debit
505795,00-99,,US,ebt,debit
505796,00-99,,US,ebt,debit
505797,00-99,,US,ebt,debit
505798,00-99,,US,ebt,debit
505799,00-99,,US,ebt,debit
505800,00-99,,RO,maestro,debit
505801,00-99,,US,ebt,debit
505802,00-99,,US,ebt,debit
505803,00-99,,US,cirrus,debit
505804,00-99,,CN,maestro,debit
505805,00-99,,US,cirrus,debit
505806,00-99,,US,ebt,debit
505807,00-99,,US,ebt,debit
505808,00-99,,US,ebt,debit
505809,00-99,,US,ebt,debit
505811,00-99,,US,ebt,debit
505812,00-99,,IN,maestro,debit
505813,00-99,,US,ebt,debit
505814,00-99,,US,ebt,debit
505815,00-99,,US,ebt,debit
505816,00-99,OMNICARD ISSUED BY UNITED BANK LTD.,PK,maestro,debit
505817,00-99,,US,ebt,debit
505818,00-99,,US,ebt,debit
505819,00-99,,US,cirrus,debit
505820,00-99,,US,ebt,debit
505821,00-99,,US,ebt,debit
505822,00-99,,US,ebt,debit
505823,00-99,SGMA,EG,cmi,debit
505824,00-99,,US,ebt,debit
505825,00-99,,TZ,maestro,debit
505826,00-99,,US,maestro,debit
505827,00-99,,TJ,maestro,debit
505828,00-99,,US,ebt,debit
505829,00-99,,US,ebt,debit
505830,00-99,,US,ebt,debit
505831,00-99,,US,ebt,debit
505832,00-99,,IN,maestro,debit
505833,00-99,,US,ebt,debit
505834,00-99,,US,ebt,debit
505835,00-99,,US,ebt,debit
505836,00-99,,US,ebt,debit
505838,00-99,,US,ebt,debit
505839,00-99,,US,ebt,debit
505840,00-99,,US,ebt,debit
505841,00-99,,US,ebt,debit
505842,00-99,,US,ebt,debit
505843,00-99,,US,ebt,debit
505844,00-99,,US,ebt,debit
505845,00-99,,US,ebt,debit
505846,00-99,,US,ebt,debit
505847,00-99,,US,ebt,debit
505848,00-99,,US,ebt,debit
505849,00-99,,US,ebt,debit
505850,00-99,WIRECARD CARD SOLUTIONS LTD.,DE,maestro,debit
505851,00-99,,US,ebt,debit
505852,00-99,,US,ebt,debit
505853,00-99,,US,ebt,debit
505855,00-99,,PK,maestro,debit
505856,00-99,,US,ebt,debit
505857,00-99,,DE,maestro,debit
505858,00-99,,US,ebt,debit
505859,00-99,,US,ebt,debit
505860,00-99,,US,ebt,debit
505861,00-99,,US,ebt,debit
505862,00-99,,GB,maestro,debit
505863,00-99,,US,ebt,debit
505864,00-99,,US,ebt,debit
505866,00-99,,US,ebt,debit
505867,00-99,,US,ebt,debit
505868,00-99,,US,ebt,debit
505869,00-99,,US,ebt,debit
505870,00-99,,US,ebt,debit
505871,00-99,,US,ebt,debit
505872,00-99,,US,ebt,debit
505873,00-99,,US,ebt,debit
505874,00-99,,EC,maestro,debit
505875,00-99,,US,ebt,debit
505876,00-99,,US,ebt,debit
505877,00-99,,US,ebt,debit
505879,00-99,,US,ebt,debit
505880,00-99,,US,ebt,debit
505881,00-99,,US,ebt,debit
505882,00-99,,US,ebt,debit
505884,00-99,,US,ebt,debit
505885,00-99,,US,ebt,debit
505887,00-99,,US,ebt,debit
505888,00-99,,SN,maestro,debit
505889,00-99,,US,ebt,debit
505890,00-99,,US,ebt,debit
505891,00-99,,US,ebt,debit
505892,00-99,,US,ebt,debit
505893,00-99,,US,ebt,debit
505894,00-99,,US,ebt,debit
505895,00-99,,US,ebt,debit
505896,00-99,,US,ebt,debit
505897,00-99,,US,ebt,debit
505898,00-99,,US,ebt,debit
505899,00-99,,US,ebt,debit
505900,00-99,,BR,maestro,debit
505901,00-99,,US,ebt,debit
505902,00-99,,US,ebt,debit
505903,00-99,,US,ebt,debit
505904,00-99,,US,ebt,debit
505905,00-99,,US,ebt,debit
505906,00-99,,US,ebt,debit
505907,00-99,,US,ebt,debit
505908,00-99,,US,ebt,debit
505909,00-99,,US,ebt,debit
505910,00-99,,US,ebt,debit
505911,00-99,,US,ebt,debit
505912,00-99,,US,ebt,debit
505913,00-99,,US,ebt,debit
505916,00-99,,US,ebt,debit
505917,00-99,,US,ebt,debit
505918,00-99,,US,ebt,debit
505919,00-99,,US,ebt,debit
505920,00-99,,US,ebt,debit
505921,00-99,,US,ebt,debit
505923,00-99,,US,ebt,debit
505924,00-99,,US,ebt,debit
505925,00-99,,US,ebt,debit
505926,00-99,,US,ebt,debit
505927,00-99,,US,ebt,debit
505928,00-99,,US,ebt,debit
505929,00-99,,US,ebt,debit
505930,00-99,,US,ebt,debit
505931,00-99,,US,ebt,debit
505932,00-99,,US,ebt,debit
505933,00-99,,US,ebt,debit
505936,00-99,,US,ebt,debit
505937,00-99,,US,ebt,debit
505938,00-99,,US,ebt,debit
505939,00-99,,US,ebt,debit
505941,00-99,,RU,maestro,debit
505942,00-99,,US,ebt,debit
505943,00-99,,US,ebt,debit
505944,00-99,,US,ebt,debit
505945,00-99,,US,ebt,debit
505946,00-99,,US,ebt,debit
505947,00-99,,US,ebt,debit
505948,00-99,,US,ebt,debit
505949,00-99,,US,ebt,debit
505950,00-99,,US,ebt,debit
505951,00-99,,US,ebt,debit
505952,00-99,,US,ebt,debit
505953,00-99,,US,ebt,debit
505954,00-99,,US,ebt,debit
505955,00-99,,US,ebt,debit
505956,00-99,,US,ebt,debit
505957,00-99,,US,ebt,debit
505958,00-99,,US,ebt,debit
505959,00-99,,US,ebt,debit
505960,00-99,,US,ebt,debit
505961,00-99,,US,ebt,debit
505962,00-99,,US,ebt,debit
505964,00-99,,US,ebt,debit
505965,00-99,,US,ebt,debit
505966,00-99,,US,ebt,debit
505967,00-99,,US,ebt,debit
505968,00-99,,US,ebt,debit
505969,00-99,,US,ebt,debit
505970,00-99,,US,ebt,debit
505971,00-99,,US,ebt,debit
505972,00-99,,US,ebt,debit
505973,00-99,,US,ebt,debit
505974,00-99,,US,ebt,debit
505975,00-99,,US,ebt,debit
505976,00-99,,US,ebt,debit
505977,00-99,,US,ebt,debit
505978,00-99,,RU,maestro,debit
505979,00-99,,US,ebt,debit
505980,00-99,,US,ebt,debit
505981,00-99,,US,ebt,debit
505982,00-99,,US,ebt,debit
505983,00-99,,US,ebt,debit
505984,00-99,,US,ebt,debit
505985,00-99,,US,ebt,debit
505986,00-99,,US,ebt,debit
505987,00-99,,RU,maestro,debit
505988,00-99,,US,ebt,debit
505989,00-99,,RU,maestro,debit
505990,00-99,,US,ebt,debit
505991,00-99,,US,ebt,debit
505992,00-99,,US,ebt,debit
505993,00-99,,US,ebt,debit
505994,00-99,,US,ebt,debit
505995,00-99,,US,ebt,debit
505996,00-99,,US,ebt,debit
505997,00-99,,US,ebt,debit
505998,00-99,,UG,maestro,debit
505999,00-99,,US,ebt,debit
506000,00-99,,RU,maestro,debit
506001,00-99,,ES,maestro,debit
506002,00-99,,US,ebt,debit
506003,00-99,,DK,maestro,debit
506004,00-99,,US,ebt,debit
506005,00-99,,GB,maestro,debit
506006,00-99,,US,ebt,debit
506007,00-99,,US,ebt,debit
506008,00-99,,US,ebt,debit
506009,00-99,,US,ebt,debit
506010,00-99,,US,ebt,debit
506011,00-99,,US,ebt,debit
506012,00-99,,US,ebt,debit
506013,00-99,,US,ebt,debit
506014,00-99,,US,ebt,debit
506015,00-99,,US,cirrus,debit
506016,00-99,,US,ebt,debit
506017,00-99,,US,ebt,debit
506018,00-99,,US,ebt,debit
506019,00-99,,US,ebt,debit
506020,00-99,,US,ebt,debit
506021,00-99,,US,ebt,debit
506022,00-99,,US,ebt,debit
506023,00-99,,US,ebt,debit
506024,00-99,,US,ebt,debit
506025,00-99,,US,ebt,debit
506026,00-99,,US,ebt,debit
506027,00-99,,US,ebt,debit
506028,00-99,,US,ebt,debit
506029,00-99,,US,ebt,debit
506030,00-99,,US,cirrus,debit
506031,00-99,,US,ebt,debit
506032,00-99,,US,ebt,debit
506033,00-99,,US,ebt,debit
506034,00-99,,US,ebt,debit
506035,00-99,,US,ebt,debit
506037,00-99,,US,ebt,debit
506038,00-99,,US,ebt,debit
506039,00-99,,US,ebt,debit
506040,00-99,,US,ebt,debit
506041,00-99,,US,ebt,debit
506042,00-99,,US,ebt,debit
506043,00-99,,US,ebt,debit
506044,00-99,,US,ebt,debit
506045,00-99,,US,ebt,debit
506046,00-99,,US,ebt,debit
506047,00-99,,US,cirrus,debit
506048,00-99,,US,ebt,debit
506049,00-99,,US,ebt,debit
506051,00-99,,US,ebt,debit
506053,00-99,,US,ebt,debit
506054,00-99,,US,ebt,debit
506055,00-99,,US,ebt,debit
506056,00-99,,US,ebt,debit
506057,00-99,,US,ebt,debit
506058,00-99,,US,ebt,debit
506059,00-99,,US,ebt,debit
506060,00-99,,US,ebt,debit
506061,00-99,,US,cirrus,debit
506062,00-99,,US,ebt,debit
506063,00-99,,US,ebt,debit
506064,00-99,,US,ebt,debit
506065,00-99,,US,ebt,debit
506066,00-99,,US,ebt,debit
506067,00-99,,US,ebt,debit
506068,00-99,,US,ebt,debit
506069,00-99,,US,ebt,debit
506070,00-99,,US,ebt,debit
506071,00-99,,US,ebt,debit
506072,00-99,,US,ebt,debit
506074,00-99,,US,ebt,debit
506075,00-99,,US,ebt,debit
506076,00-99,,US,ebt,debit
506077,00-99,,US,ebt,debit
506078,00-99,,US,ebt,debit
506079,00-99,,US,ebt,debit
506080,00-99,,US,ebt,debit
506081,00-99,,US,ebt,debit
506082,00-99,,US,cirrus,debit
506083,00-99,,US,ebt,debit
506084,00-99,,US,cirrus,debit
506085,00-99,,US,ebt,debit
506086,00-99,,US,ebt,debit
506087,00-99,,US,ebt,debit
506088,00-99,,US,ebt,debit
506089,00-99,,US,ebt,debit
506090,00-99,,US,ebt,debit
506092,00-99,,US,ebt,debit
506093,00-99,,US,ebt,debit
506094,00-99,,US,ebt,debit
506095,00-99,,RS,maestro,debit
506096,00-99,,US,ebt,debit
506097,00-99,,US,ebt,debit
506098,00-99,,US,ebt,debit
506099,00-99,VERVE PILOT BIN,NG,verve,debit
506100,00-99,VERVE PREPAID CARDS EXTENDED ALL BANKS,NG,verve,debit
506101,00-99,ACCESS BANK (NIGERIA),NG,verve,debit
506102,00-99,UNITED BANK FOR AFRICA PLC (NIGERIA),NG,verve,debit
506103,00-99,GUARANTY TRUST BANK PLC (NIGERIA),NG,verve,debit
506104,00-99,ACCESS BANK PLC (NIGERIA),NG,verve,debit
506105,00-99,FIRST BANK PLC (NIGERIA),NG,verve,debit
506106,00-99,SKYE BANK PLC (NIGERIA),NG,verve,debit
506107,00-99,STERLING BANK PLC (NIGERIA),NG,verve,debit
506108,00-99,FCMB (NIGERIA),NG,verve,debit
506109,00-99,ZENITH BANK PLC (NIGERIA),NG,verve,debit
506110,00-99,KEYSTONE BANK (NIGERIA),NG,verve,debit
506111,00-99,ZENITH BANK CREDIT CARD (NIGERIA),NG,verve,debit
506112,00-99,ZENITH BANK PLC (NIGERIA),NG,verve,debit
506113,00-99,CORONATION MERCHANT BANK LIMITED (NIGERIA),NG,verve,debit
506114,00-99,FCMB (NIGERIA),NG,verve,debit
506115,00-99,FIDELITY BANK PLC (NIGERIA),NG,verve,debit
506116,00-99,HERITAGE BANK (NIGERIA),NG,verve,debit
506117,00-99,UNITY BANK PLC (NIGERIA),NG,verve,debit
506118,00-99,ECOBANK (NIGERIA),NG,verve,debit
506119,00-99,WEMA BANK PLC (NIGERIA),NG,verve,debit
506120,00-99,STANBIC IBTC BANK PLC (NIGERIA),NG,verve,debit
506121,00-99,ASO SAVINGS & LOANS PLC(NIGERIA),NG,verve,debit
506122,00-99,GLOBUS BANK LIMITED (NIGERIA),NG,verve,debit
506123,00-99,UNION BANK PLC (NIGERIA),NG,verve,debit
506124,00-99,VERVE BIN - MICROFINANCE BANKS IN NIGERIA,NG,verve,debit
506125,00-99,STERLING BANK PLC (NIGERIA),NG,verve,debit
506126,00-99,DIAMOND BANK LIMITED (NIGERIA),NG,verve,debit
506127,00-99,HASAL MICROFINANCE BANK LIMITED (NIGERIA),NG,verve,debit
506128,00-99,ROKEL COMMERCIAL BANK (SL) LTD.,SL,verve,debit
506129,00-99,GTP SCHEME - MULTIPLE BANKS,NG,verve,debit
506130,00-99,ABC CAPITAL BANK (UGANDA),UG,verve,debit
506131,00-99,INTERSWITCH UGANDA PREPAID CARDS,UG,verve,debit
506132,00-99,GUARANTY TRUST BANK (SL) LTD.,SL,verve,debit
506133,00-99,RESORT SAVINGS AND LOANS (NIGERIA),NG,verve,debit
506134,00-99,VERVE GTP PREPAID,NG,verve,debit
506135,00-99,STERLING BANK PLC (NIGERIA),NG,verve,debit
506136,00-99,MFBS (NIGERIA),NG,verve,debit
506137,00-99,JAIZ BANK PLC (NIGERIA),NG,verve,debit
506138,00-99,FCMB- FLASHMECASH (NIGERIA),NG,verve,debit
506139,00-99,INFINITY TRUST SAVINGS & LOANS LTD (NIGERIA),NG,verve,debit
506140,00-99,NPF MFB (UBA PARTNERSHIP),NG,verve,debit
506141,00-99,UNION BANK PLC (NIGERIA),NG,verve,debit
506142,00-99,NIGERIA POLICE FORCE MICROFINANCE BANK,NG,verve,debit
506143,00-99,ACCION MICROFINANCE BANK LTD.,NG,verve,debit
506144,00-99,EKONDO MICROFINANCE BANK LTD.,NG,verve,debit
506145,00-99,FIRST BANK PLC (NIGERIA)--- SETTLEMENT CARDS,NG,verve,debit
506146,00-99,PROVIDUS BANK,NG,verve,debit
506147,00-99,MUTUAL BENEFIT MFB,NG,verve,debit
506148,00-99,OHAFIA MICROFINANCE BANK LIMITED (NIGERIA),NG,verve,debit
506149,00-99,HAGGAI SAVINGS AND LOANS LIMITED (NIGERIA),NG,verve,debit
506150,00-99,HERITAGE BANKING COMPANY (NIGERIA),NG,verve,debit
506151,00-99,ZENITH BANK GAMBIA LTD.,GM,verve,debit
506152,00-99,OPPORTUNITY BANK UGANDA LTD.,UG,verve,debit
506153,00-99,FINANCE TRUST BANK UGANDA,UG,verve,debit
506154,00-99,FIRST BANK DR CONGO,CD,verve,debit
506155,00-99,COMMERCIAL BANK OF AFRICA LIMITED UGANDA,UG,verve,debit
506156,00-99,ACCESS BANK PLC (GHANA),GH,verve,debit
506157,00-99,FBNBANK SIERRA LEONE,SL,verve,debit
506158,00-99,FIRST GENERATION MFB (FIRST BANK NIGERIA PLC),NG,verve,debit
506159,00-99,STANBIC IBTC BANK PLC (NIGERIA),NG,verve,debit
506160,00-99,STERLING BANK PLC (NIGERIA),NG,verve,debit
506161,00-99,ECOBANK PLC (NIGERIA),NG,verve,debit
506162,00-99,STERLING BANK PLC (NIGERIA),NG,verve,debit
506163,00-99,TITAN TRUST BANK LIMITED (NIGERIA),NG,verve,debit
506164,00-99,FIRST BANK GUINEA,GN,verve,debit
506165,00-99,ACCESS BANK GAMBIA,GM,verve,debit
506166,00-99,TAJ BANK (NIGERIA),NG,verve,debit
506167,00-99,BANK SAHELO SAHARIENNE POUR L'LNVESTISSEMENT & LE COMMERCE (BSIC GAMBIA),GM,verve,debit
506168,00-99,STERLING BANK PLC (NIGERIA),NG,verve,debit
506169,00-99,GT BANK GAMBIA,GM,verve,debit
506170,00-99,FIRST BANK OF NIGERIA,NG,verve,debit
506171,00-99,MEGA BANK GAMBIA,GM,verve,debit
506172,00-99,FI BANK GAMBIA,GM,verve,debit
506173,00-99,VERVE MPIN,NG,verve,debit
506174,00-99,SKYE BANK GAMBIA LTD.,GM,verve,debit
506175,00-99,TRUST BANK LTD GAMBIA,GM,verve,debit
506176,00-99,VERVE TOKENIZATION,NG,verve,debit
506177,00-99,FIRST BANK PLC (NIGERIA),NG,verve,debit
506178,00-99,STERLING BANK PLC (NIGERIA),NG,verve,debit
506179,00-99,VERVE PAYCODE ON POS (NIGERIA),NG,verve,debit
506180,00-99,SUNTRUST BANK (NIGERIA),NG,verve,debit
506181,00-99,ACCESS BANK SIERRA LEONE,SL,verve,debit
506182,00-99,GAMSWITCH (GAMBIA),GM,verve,debit
506183,00-99,INTERSWITCH (KENYA),KE,verve,debit
506184,00-99,ACCESS BANK (NIGERIA),NG,verve,debit
506185,00-99,VERVE PAYCODE ON POS KENYA,KE,verve,debit
506186,00-99,FBNBANK GAMBIA LTD.,GM,verve,debit
506187,00-99,STERLING BANK PLC (NIGERIA),NG,verve,debit
506188,00-99,FIDELITY BANK PLC (NIGERIA),NG,verve,debit
506189,00-99,UBA AFRICA SUBSIDIARIES,NG,verve,debit
506190,00-99,VERVE PREPAID GHANA,GH,verve,debit
506191,00-99,SMART MICRO SYSTEMS LTD.,NG,verve,debit
506192,00-99,INTERSWITCH (KENYA),KE,verve,debit
506193,00-99,EXIM BANK,NG,verve,debit
506194,00-99,GT BANK LIBERIA,LR,verve,debit
506195,00-99,LAPO MICROFINANCE BANK LTD (NIGERIA),NG,verve,debit
506196,00-99,ARAB GAMBIAN ISLAMIC BANK (AGIB),GM,verve,debit
506197,00-99,VERVE ECASH (NIGERIA),NG,verve,debit
506198,00-99,FIRST BANK GHANA,GH,verve,debit
506199,00-99,,NG,verve,debit
506200,00-99,,MX,maestro,debit
506201,00-99,INVEX,MX,carnet,debit
506202,00-99,TOKA INVESTMENT PR,MX,carnet,debit
506203,00-99,FINANCIERA CUALLIX PR,MX,carnet,credit
506204,00-99,INTERACCIONES PR,MX,carnet,debit
506205,00-99,ALIADA,MX,maestro,debit
506206,00-99,BANSEFI,MX,carnet,debit
506207,00-99,,US,ebt,debit
506208,00-99,,ES,maestro,debit
506209,00-99,,US,ebt,debit
506210,00-99,,MX,maestro,debit
506211,00-99,,US,ebt,debit
506212,00-99,INBURSA,MX,carnet,debit
506213,00-99,TARJETA DE DEBITO FINCOMUN,MX,maestro,debit
506214,00-99,INVEX,MX,carnet,debit
506215,00-99,INVEX,MX,carnet,debit
506216,00-99,,US,ebt,debit
506217,00-99,SANTANDER PR,MX,carnet,debit
506218,00-99,SANTANDER PR,MX,carnet,debit
506219,00-99,,US,ebt,debit
506220,00-99,,US,ebt,debit
506221,00-99,SI VALE,MX,carnet,debit
506222,00-99,COMPARTAMOS,MX,carnet,credit
506223,00-99,,US,ebt,debit
506224,00-99,,US,ebt,debit
506225,00-99,,US,ebt,debit
506226,00-99,,US,ebt,debit
506227,00-99,,US,ebt,debit
506228,00-99,BANORTE,MX,carnet,debit
506229,00-99,HSBC PR,MX,carnet,debit
506230,00-99,,IT,maestro,debit
506231,00-99,,US,ebt,debit
506232,00-99,,BR,maestro,debit
506233,00-99,,US,ebt,debit
506234,00-99,,US,ebt,debit
506235,00-99,,US,ebt,debit
506236,00-99,PREPAGO COMPARTAMOS,MX,maestro,debit
506237,00-99,BEPENSA,MX,carnet,credit
506238,00-99,,US,ebt,debit
506239,00-99,PLATA - COMPRAS CARNET,MX,maestro,debit
506240,00-99,PLATA CLASICA CARNET,MX,maestro,debit
506241,00-99,BONUS ALIMENTACION CARNET,MX,maestro,debit
506242,00-99,PLATA GASOLINA CARNET,MX,maestro,debit
506243,00-99,,US,ebt,debit
506244,00-99,,US,ebt,debit
506245,00-99,CAJA CRISTOBAL COLON,MX,carnet,debit
506246,00-99,,US,ebt,debit
506247,00-99,CAJA SAN NICOLAS,MX,carnet,debit
506248,00-99,,US,ebt,debit
506249,00-99,LA TARJETA DEL HOGAR,MX,carnet,debit
506250,00-99,BAJIO,MX,carnet,debit
506251,00-99,CAJA POPULAR YANGA,MX,carnet,debit
506252,00-99,,US,ebt,debit
506253,00-99,OPAM,MX,carnet,debit
506254,00-99,EFECTIVALE,MX,carnet,debit
506255,00-99,BAJIO,MX,carnet,debit
506256,00-99,,US,ebt,debit
506257,00-99,COMPARTAMOS,MX,carnet,debit
506258,00-99,CAJA POPULAR LAS HUASTECAS,MX,carnet,debit
506259,00-99,AZTECA,MX,carnet,debit
506260,00-99,,US,ebt,debit
506261,00-99,TARJETA DE DISPOSICIONES FISA,MX,carnet,debit
506262,00-99,CREDITO GLOBAL,MX,carnet,credit
506263,00-99,CAJA SMG,MX,carnet,debit
506264,00-99,PONI,MX,carnet,debit
506265,00-99,CAJA MORELIA VALLADOLID,MX,carnet,debit
506266,00-99,BANBICEN,MX,carnet,debit
506267,00-99,DEBITO BAMPECO,MX,carnet,debit
506268,00-99,,US,ebt,debit
506269,00-99,AKII GLOBAL TRANSACCIONAL PLATAFORM,MX,carnet,debit
506270,00-99,MONEDERO,MX,carnet,debit
506271,00-99,,US,ebt,debit
506272,00-99,INBURSA,MX,carnet,debit
506273,00-99,SODEXO,MX,carnet,debit
506274,00-99,CAJA POPULAR LA PROVIDENCIA,MX,carnet,debit
506275,00-99,TARJETA DE PREPAGO DE BANCO W ALMART,MX,carnet,debit
506276,00-99,FINUTIL,MX,carnet,credit
506277,00-99,FINUTIL,MX,carnet,debit
506278,00-99,FINUTIL,MX,carnet,debit
506279,00-99,FINUTIL,MX,carnet,debit
506280,00-99,FINUTIL,MX,carnet,debit
506281,00-99,NEMESIS,MX,carnet,credit
506282,00-99,DEBITO TAPALPA,MX,carnet,debit
506283,00-99,CAJA TECOLOTLAN,MX,carnet,debit
506284,00-99,DEBITO SAN SEBASTIAN,MX,carnet,debit
506285,00-99,DEBITO XOCHITLAN,MX,carnet,debit
506286,00-99,DEBITO AYOTL,MX,carnet,debit
506287,00-99,DEBITO GALEANA,MX,carnet,debit
506288,00-99,,US,ebt,debit
506289,00-99,,US,ebt,debit
506290,00-99,,US,ebt,debit
506291,00-99,CREDICLUB S.A. DE C.V.,MX,carnet,credit
506292,00-99,DEBITO CUAUTLA,MX,carnet,debit
506293,00-99,DEBITO EL LIMON,MX,carnet,debit
506294,00-99,DEBITO TALPA,MX,carnet,debit
506295,00-99,DEBITO HOSTOTIPAQUILLO,MX,carnet,debit
506296,00-99,DEBITO TOMATLAN,MX,carnet,debit
506297,00-99,SOLIDATIA CUAUTITLAN,MX,carnet,debit
506298,00-99,,US,ebt,debit
506299,00-99,ONE CARD,MX,carnet,debit
506300,00-99,ONE CARD,MX,carnet,debit
506301,00-99,BRADESCARD,MX,carnet,credit
506302,00-99,TOKA INVESTMENT PR,MX,carnet,debit
506303,00-99,EDENRED PR,MX,carnet,debit
506304,00-99,PREPAGO ELECTRONICO,MX,maestro,debit
506305,00-99,EXPRESSCARD COMBUSTIBLE,MX,maestro,debit
506306,00-99,AKALA PR,MX,carnet,debit
506307,00-99,EXPRESSCARD CASH,MX,maestro,debit
506308,00-99,DEBITO TAMAULIPAS,MX,maestro,debit
506309,00-99,OPERADORA Y ADMINISTRADORA DE VALES DES,MX,carnet,debit
506310,00-99,,US,ebt,debit
506311,00-99,PREVISION DEL TRABAJO,MX,carnet,debit
506312,00-99,HOLLYWOOD MOVIE MAGIC,MX,carnet,debit
506313,00-99,CAJA POPULAR CORTAZAR,MX,carnet,debit
506314,00-99,CAJA POPULAR APASEO EL ALTO,MX,carnet,debit
506315,00-99,,US,ebt,debit
506316,00-99,,US,ebt,debit
506317,00-99,,US,ebt,debit
506318,00-99,TEN APATZ,MX,carnet,debit
506319,00-99,CAJA SOLIDARIA RED ECO DE LA MONTANA,MX,carnet,debit
506320,00-99,CAJA SOLIDARIA NUEVA GALICIA,MX,carnet,debit
506321,00-99,,US,ebt,debit
506322,00-99,,US,ebt,debit
506323,00-99,,US,ebt,debit
506324,00-99,,US,ebt,debit
506325,00-99,,US,ebt,debit
506326,00-99,,US,ebt,debit
506327,00-99,,US,ebt,debit
506328,00-99,,US,ebt,debit
506329,00-99,BRADESCARD DE MEXICO,MX,carnet,credit
506330,00-99,,US,ebt,debit
506331,00-99,,US,ebt,debit
506332,00-99,AKALA PR,MX,carnet,debit
506333,00-99,,US,ebt,debit
506334,00-99,CAJA GUACHINANGO,MX,carnet,debit
506335,00-99,CAJA LA SAGRADA FAMILIA,MX,carnet,debit
506336,00-99,SODEXO,MX,carnet,debit
506337,00-99,FINANCIERA AUXI,MX,carnet,debit
506338,00-99,,MX,maestro,debit
506339,00-99,BANORTE,MX,carnet,credit
506340,00-99,BANORTE,MX,carnet,debit
506341,00-99,FAMSA,MX,carnet,debit
506342,00-99,CAJA VALLE DE GUADALUPE,MX,carnet,debit
506343,00-99,COOPERATIVA ACREIMEX,MX,carnet,debit
506344,00-99,CAJA REAL DEL POTOSI,MX,carnet,debit
506345,00-99,,US,ebt,debit
506347,00-99,,US,ebt,debit
506348,00-99,,US,ebt,debit
506349,00-99,BANORTE,MX,carnet,credit
506350,00-99,CAJA POPULAR OBLATOS PR,MX,carnet,debit
506351,00-99,NCUBO CAPITAL SAPI,MX,carnet,debit
506352,00-99,CAJA SANTA MARIA DEL ORO,MX,carnet,debit
506353,00-99,CAJA POPULAR LOS REYES,MX,carnet,debit
506354,00-99,ONE CARD,MX,carnet,debit
506355,00-99,CAJA POPULAR SAHUAYO,MX,carnet,debit
506356,00-99,,US,ebt,debit
506357,00-99,CONCREEC,MX,carnet,credit
506358,00-99,,US,ebt,debit
506359,00-99,BRADESCARD DE MEXICO,MX,carnet,credit
506360,00-99,BRADESCARD DE MEXICO,MX,carnet,credit
506361,00-99,CAJA POPULAR TATAVASCO,MX,carnet,debit
506362,00-99,,US,ebt,debit
506363,00-99,,US,ebt,debit
506364,00-99,,US,ebt,debit
506365,00-99,,US,ebt,debit
506366,00-99,INBURSA,MX,carnet,credit
506367,00-99,E-VOUCHER MEXICO,MX,carnet,debit
506368,00-99,,US,ebt,debit
506369,00-99,BRADESCARD DE MEXICO,MX,carnet,credit
506370,00-99,BRADESCARD DE MEXICO,MX,carnet,credit
506371,00-99,BRADESCARD DE MEXICO,MX,carnet,credit
506372,00-99,BRADESCARD DE MEXICO,MX,carnet,credit
506373,00-99,CREDICLUB,MX,carnet,debit
506374,00-99,CAJA INMACULADA,MX,carnet,debit
506375,00-99,,US,ebt,debit
506376,00-99,FUNDACION DONDE PR,MX,carnet,credit
506377,00-99,FUNDACION DONDE PR,MX,carnet,debit
506378,00-99,,US,ebt,debit
506379,00-99,PROGRAMAS DE RELACIONAMIENTO MEDA,MX,carnet,credit
506380,00-99,PROGRAMAS DE RELACIONAMIENTO MEDA,MX,carnet,debit
506381,00-99,,US,ebt,debit
506382,00-99,SERVICIOS BROXEL PR,MX,carnet,credit
506383,00-99,CAJA DE AHORROS UNIFAM,MX,carnet,debit
506384,00-99,CAJA SOLIDARIA LA HUERTA,MX,carnet,debit
506385,00-99,,US,ebt,debit
506386,00-99,CAJA POPULAR FRAY JUAN CALERO,MX,carnet,debit
506387,00-99,TRUST MANAGEMENT SOURCING,MX,carnet,credit
506388,00-99,,US,ebt,debit
506389,00-99,,US,ebt,debit
506390,00-99,,US,ebt,debit
506391,00-99,ICTINEO PLATAFORMA,MX,carnet,debit
506392,00-99,,US,ebt,debit
506393,00-99,COOPDESARROLLO,MX,carnet,debit
506394,00-99,COOPDESARROLLO,MX,carnet,credit
506395,00-99,,US,ebt,debit
506396,00-99,FINANCIERA ZAFY,MX,carnet,credit
506397,00-99,FINANCIERA DEL SECTOR SOCIAL,MX,carnet,debit
506398,00-99,FINANCIERA ZAFY,MX,carnet,debit
506399,00-99,IMICAM COMERCIALIZADORA,MX,carnet,debit
506400,00-99,IMICAM COMERCIALIZADORA,MX,carnet,credit
506401,00-99,IMICAM COMERCIALIZADORA,MX,carnet,credit
506402,00-99,CAJA LA GUADALUPANA,MX,carnet,debit
506403,00-99,SERVICIOS BROXEL PR,MX,carnet,credit
506404,00-99,MEXPAGO TRANSACCIONES,MX,carnet,credit
506405,00-99,VALE TOTAL,MX,carnet,debit
506406,00-99,VALE TOTAL,MX,carnet,debit
506407,00-99,S&C CONSTRUCTORES DE SISTEMAS,MX,carnet,debit
506408,00-99,S&C CONSTRUCTORES DE SISTEMAS,MX,carnet,credit
506409,00-99,,US,ebt,debit
506410,00-99,CAJA POPULAR SAN RAFAEL,MX,carnet,debit
506411,00-99,CAJA POPULAR CERANO,MX,carnet,debit
506412,00-99,,US,ebt,debit
506413,00-99,EFECTIVALE,MX,carnet,debit
506414,00-99,COSECHANDO JUNTOS LO SEMBRADO,MX,carnet,debit
506415,00-99,CAJA SOLIDARIA CUAUTITLAN,MX,carnet,debit
506416,00-99,BANCO INMOBILIARIO MEXICANO,MX,carnet,debit
506417,00-99,,US,ebt,debit
506418,00-99,,US,ebt,debit
506419,00-99,,US,ebt,debit
506420,00-99,CONEXION YUCATECA,MX,carnet,credit
506421,00-99,CONEXION YUCATECA,MX,carnet,debit
506422,00-99,GFY,MX,carnet,debit
506423,00-99,CAJA POPULAR SANTIAGO APOSTOL,MX,carnet,debit
506424,00-99,CAJA POPULAR TANHUATO,MX,carnet,debit
506425,00-99,,US,ebt,debit
506426,00-99,AKII GLOBAL TRANSACCIONAL PLATAFORM,MX,carnet,credit
506427,00-99,INNOVACION TECNOLOGICA EN MEDIOS DE PAGO,MX,carnet,debit
506428,00-99,TODITO PAGOS,MX,carnet,debit
506429,00-99,TOKA INVESTMENT PR,MX,carnet,debit
506430,00-99,RATIMA,MX,carnet,credit
506431,00-99,CELLPAY,MX,carnet,credit
506432,00-99,CAJA SOLIDARIA CASA DE AHORRO CAMPESINO,MX,carnet,debit
506433,00-99,ADELANTO FELIZ EN 15 MINUTOS,MX,carnet,credit
506434,00-99,INVERSIONES ACCIONARIAS LANDUS,MX,carnet,credit
506435,00-99,BWALLET MEXICO,MX,carnet,credit
506436,00-99,SI VALE,MX,carnet,credit
506437,00-99,SI VALE,MX,carnet,credit
506438,00-99,TOKA INVESTMENT PR,MX,carnet,credit
506439,00-99,CORPORATIVO CRECIMIENTO ORBI,MX,carnet,debit
506440,00-99,,US,ebt,debit
506441,00-99,ICTINEO PLATAFORMA,MX,carnet,debit
506442,00-99,GRIBMA,MX,carnet,credit
506443,00-99,UNIXSYC,MX,carnet,credit
506444,00-99,SODEXO,MX,carnet,credit
506445,00-99,SODEXO,MX,carnet,credit
506446,00-99,SOLUCIONES DE PROCESAMIENTO ELECTRONICO,MX,carnet,credit
506447,00-99,,US,ebt,debit
506448,00-99,,US,ebt,debit
506449,00-99,TOTALVALE SYSTEM CORPORATION,MX,carnet,debit
506450,00-99,PREVISION DEL TRABAJO,MX,carnet,credit
506451,00-99,GFY,MX,carnet,credit
506452,00-99,SE TRANSACCIONES,MX,carnet,credit
506453,00-99,SE TRANSACCIONES,MX,carnet,debit
506454,00-99,,BR,maestro,debit
506455,00-99,ADCEL,MX,carnet,credit
506456,00-99,NCUBO CAPITAL SAPI,MX,carnet,credit
506457,00-99,EPIONE PROMOTORA,MX,carnet,debit
506458,00-99,,US,ebt,debit
506459,00-99,,US,ebt,debit
506460,00-99,ICTINEO PLATAFORMA,MX,carnet,debit
506461,00-99,CAJA POPULAR SANTIAGO APOSTOL,MX,carnet,debit
506462,00-99,OPCIONES EMPRESARIALES DEL NORESTE PR,MX,carnet,debit
506463,00-99,PASO SEGURO CREANDO FUTURO,MX,carnet,debit
506464,00-99,,US,ebt,debit
506465,00-99,,US,ebt,debit
506466,00-99,,US,ebt,debit
506467,00-99,,US,ebt,debit
506468,00-99,,US,ebt,debit
506469,00-99,,US,ebt,debit
506470,00-99,,US,ebt,debit
506471,00-99,,US,ebt,debit
506472,00-99,,US,ebt,debit
506473,00-99,,US,ebt,debit
506475,00-99,,US,ebt,debit
506476,00-99,,US,ebt,debit
506477,00-99,,US,ebt,debit
506478,00-99,,US,ebt,debit
506479,00-99,,US,ebt,debit
506480,00-99,,US,ebt,debit
506481,00-99,,US,ebt,debit
506482,00-99,,JO,maestro,debit
506483,00-99,,US,ebt,debit
506484,00-99,,US,ebt,debit
506485,00-99,,US,ebt,debit
506486,00-99,,US,ebt,debit
506487,00-99,,US,ebt,debit
506489,00-99,,US,ebt,debit
506490,00-99,,US,ebt,debit
506491,00-99,,US,ebt,debit
506492,00-99,,US,ebt,debit
506493,00-99,,US,ebt,debit
506494,00-99,,US,ebt,debit
506495,00-99,,US,ebt,debit
506496,00-99,,US,ebt,debit
506497,00-99,,US,ebt,debit
506498,00-99,,US,ebt,debit
506499,00-99,,US,ebt,debit
506500,00-99,,ES,maestro,debit
506501,00-99,,US,ebt,debit
506502,00-99,,US,ebt,debit
506503,00-99,,US,ebt,debit
506504,00-99,,US,ebt,debit
506505,00-99,,US,ebt,debit
506506,00-99,,US,ebt,debit
506508,00-99,,US,ebt,debit
506509,00-99,,US,ebt,debit
506510,00-99,,US,ebt,debit
506511,00-99,,US,ebt,debit
506512,00-99,JSC INVESTBANK,GE,maestro,debit
506514,00-99,,ES,maestro,debit
506515,00-99,,US,ebt,debit
506516,00-99,,US,ebt,debit
506517,00-99,,US,ebt,debit
506519,00-99,,US,ebt,debit
506520,00-99,,US,ebt,debit
506522,00-99,,US,ebt,debit
506523,00-99,,US,ebt,debit
506524,00-99,,US,ebt,debit
506525,00-99,,US,ebt,debit
506526,00-99,,US,ebt,debit
506527,00-99,,US,ebt,debit
506528,00-99,,US,ebt,debit
506529,00-99,,US,ebt,debit
506530,00-99,,US,ebt,debit
506532,00-99,,US,ebt,debit
506533,00-99,,US,ebt,debit
506534,00-99,,US,ebt,debit
506535,00-99,,US,ebt,debit
506536,00-99,,US,ebt,debit
506537,00-99,,US,ebt,debit
506538,00-99,,US,ebt,debit
506539,00-99,,US,ebt,debit
506540,00-99,,US,ebt,debit
506541,00-99,,US,ebt,debit
506542,00-99,,US,ebt,debit
506543,00-99,,GB,maestro,debit
506544,00-99,,US,ebt,debit
506545,00-99,,US,ebt,debit
506546,00-99,,US,ebt,debit
506547,00-99,,US,ebt,debit
506548,00-99,,US,ebt,debit
506549,00-99,,US,ebt,debit
506550,00-99,,US,ebt,debit
506551,00-99,,US,ebt,debit
506552,00-99,,US,ebt,debit
506553,00-99,,US,ebt,debit
506554,00-99,,US,ebt,debit
506555,00-99,,US,ebt,debit
506556,00-99,,US,ebt,debit
506557,00-99,,US,ebt,debit
506558,00-99,,US,ebt,debit
506561,00-99,,US,ebt,debit
506562,00-99,,US,ebt,debit
506563,00-99,,US,ebt,debit
506564,00-99,,US,ebt,debit
506565,00-99,,DE,maestro,debit
506566,00-99,,US,ebt,debit
506567,00-99,,US,ebt,debit
506568,00-99,,US,ebt,debit
506569,00-99,,US,ebt,debit
506570,00-99,,US,ebt,debit
506571,00-99,,US,ebt,debit
506572,00-99,,US,ebt,debit
506573,00-99,,US,ebt,debit
506574,00-99,,US,ebt,debit
506575,00-99,,US,ebt,debit
506576,00-99,,US,ebt,debit
506577,00-99,,US,ebt,debit
506578,00-99,,US,ebt,debit
506579,00-99,,US,ebt,debit
506580,00-99,,US,ebt,debit
506581,00-99,,US,ebt,debit
506582,00-99,,US,ebt,debit
506583,00-99,,US,ebt,debit
506584,00-99,,US,ebt,debit
506585,00-99,,US,ebt,debit
506586,00-99,,US,ebt,debit
506587,00-99,,US,ebt,debit
506588,00-99,,US,ebt,debit
506589,00-99,,US,ebt,debit
506591,00-99,,US,ebt,debit
506592,00-99,,US,ebt,debit
506593,00-99,,US,ebt,debit
506594,00-99,,US,ebt,debit
506595,00-99,,US,ebt,debit
506596,00-99,,US,ebt,debit
506597,00-99,,US,ebt,debit
506598,00-99,,US,ebt,debit
506599,00-99,,US,ebt,debit
506600,00-99,,US,ebt,debit
506601,00-99,,US,ebt,debit
506602,00-99,,US,ebt,debit
506603,00-99,,US,ebt,debit
506604,00-99,,US,ebt,debit
506606,00-99,,GH,maestro,debit
506607,00-99,,US,ebt,debit
506608,00-99,,US,ebt,debit
506609,00-99,,US,ebt,debit
506610,00-99,,US,ebt,debit
506612,00-99,,BR,maestro,debit
506614,00-99,,US,ebt,debit
506615,00-99,,BR,maestro,debit
506616,00-99,,US,ebt,debit
506617,00-99,,US,ebt,debit
506618,00-99,,US,ebt,debit
506619,00-99,,US,ebt,debit
506620,00-99,,US,ebt,debit
506621,00-99,,US,ebt,debit
506622,00-99,,US,ebt,debit
506623,00-99,,EG,maestro,debit
506625,00-99,,US,ebt,debit
506626,00-99,,US,ebt,debit
506627,00-99,,US,ebt,debit
506628,00-99,,US,ebt,debit
506629,00-99,,US,ebt,debit
506630,00-99,,ZA,maestro,debit
506631,00-99,,US,ebt,debit
506632,00-99,,US,ebt,debit
506633,00-99,,US,ebt,debit
506634,00-99,,US,ebt,debit
506635,00-99,,US,ebt,debit
506636,00-99,,US,ebt,debit
506637,00-99,,US,ebt,debit
506638,00-99,,US,ebt,debit
506639,00-99,,US,ebt,debit
506640,00-99,,US,ebt,debit
506641,00-99,,US,ebt,debit
506642,00-99,,US,ebt,debit
506643,00-99,,US,ebt,debit
506644,00-99,,US,ebt,debit
506645,00-99,,US,ebt,debit
506646,00-99,,US,ebt,debit
506647,00-99,,US,ebt,debit
506648,00-99,,US,ebt,debit
506649,00-99,,US,ebt,debit
506650,00-99,,US,ebt,debit
506651,00-99,,US,ebt,debit
506652,00-99,,EG,maestro,debit
506653,00-99,,US,ebt,debit
506654,00-99,,US,ebt,debit
506655,00-99,,BR,maestro,debit
506656,00-99,,US,ebt,debit
506657,00-99,,US,ebt,debit
506658,00-99,,US,ebt,debit
506659,00-99,,US,ebt,debit
506660,00-99,,US,ebt,debit
506661,00-99,,NL,maestro,debit
506662,00-99,,US,ebt,debit
506663,00-99,,US,ebt,debit
506664,00-99,,US,ebt,debit
506665,00-99,,US,ebt,debit
506667,00-99,,US,ebt,debit
506668,00-99,,BR,maestro,debit
506669,00-99,,BR,maestro,debit
506670,00-99,,US,ebt,debit
506671,00-99,,US,ebt,debit
506673,00-99,,US,ebt,debit
506674,00-99,,US,ebt,debit
506675,00-99,,US,ebt,debit
506676,00-99,,US,ebt,debit
506677,00-99,,US,ebt,debit
506678,00-99,,US,ebt,debit
506679,00-99,,US,ebt,debit
506680,00-99,,US,ebt,debit
506681,00-99,,US,ebt,debit
506682,00-99,,US,ebt,debit
506683,00-99,,GB,maestro,debit
506684,00-99,,US,ebt,debit
506685,00-99,,US,ebt,debit
506686,00-99,,US,ebt,debit
506687,00-99,,US,ebt,debit
506688,00-99,,US,ebt,debit
506689,00-99,,US,ebt,debit
506690,00-99,,US,ebt,debit
506692,00-99,,US,ebt,debit
506693,00-99,,US,ebt,debit
506695,00-99,,US,ebt,debit
506696,00-99,,US,ebt,debit
506697,00-99,,US,ebt,debit
506698,00-99,,US,ebt,debit
506699,00-99,,BR,elo,debit
506700,00-99,BANCO BRADESCO S.A.,BR,elo,credit
506701,00-99,BANCO BRADESCO S.A.,BR,elo,credit
506702,00-99,BANCO BRADESCO S.A.,BR,elo,credit
506703,00-99,,BR,elo,debit
506704,00-99,BANCO BRADESCO S.A.,BR,elo,credit
506705,00-99,BANCO BRADESCO S.A.,BR,elo,credit
506706,00-99,BANCO BRADESCO S.A.,BR,elo,credit
506707,00-99,FACTA FINANCEIRA SA CREDITO FINAN E INVESTIMENTO,BR,elo,credit
506708,00-99,BBC PAGAMENTOS LTDA,BR,elo,credit
506709,00-99,,BR,elo,debit
506710,00-99,BANCO BRADESCO S.A.,BR,elo,credit
506711,00-99,BANCO BRADESCO S.A.,BR,elo,credit
506712,00-99,BANCO BRADESCO S.A.,BR,elo,credit
506713,00-99,BANCO DO BRASIL S.A.,BR,elo,debit
506714,00-99,BANCO BRADESCO S.A.,BR,elo,credit
506715,00-99,ALELO,BR,elo,credit
506716,00-99,BANCO BRADESCO S.A.,BR,elo,credit
506717,00-99,FACTA FINANCEIRA SA CREDITO FINAN E INVESTIMENTO,BR,elo,credit
506718,00-99,BANCO BRADESCO SA,BR,elo,credit
506719,00-99,FACTA FINANCEIRA SA CREDITO FINAN E INVESTIMENTO,BR,elo,credit
506720,00-99,BANCO BRADESCO SA,BR,elo,credit
506721,00-99,BANCO DO BRASIL SA,BR,elo,credit
506722,00-99,CAIXA ECONOMICA FEDERAL,BR,elo,debit
506723,00-99,DISPONIVEL,BR,elo,credit
506724,00-99,CAIXA ECONOMICA FEDERAL,BR,elo,credit
506725,00-99,BANCO BARI DE INVESTIMENTOS E FINANCIAMENTOS SA,BR,elo,debit
506726,00-99,BANCO BRADESCO SA,BR,elo,credit
506727,00-99,BANCO BRADESCO SA,BR,elo,credit
506728,00-99,BANCO DO BRASIL SA,BR,elo,credit
506729,00-99,BANCO DO BRASIL SA,BR,elo,credit
506730,00-99,BANCO DO BRASIL SA,BR,elo,credit
506731,00-99,BANCO BRADESCO SA,BR,elo,credit
506732,00-99,BANCO BRADESCO SA,BR,elo,credit
506733,00-99,BANCO DO BRASIL SA,BR,elo,credit
506734,00-99,BANCO BRADESCO SA,BR,elo,debit
506735,00-99,BANCO BRADESCO SA,BR,elo,debit
506736,00-99,BANCO BRADESCO SA,BR,elo,debit
506737,00-99,BANCO BRADESCO S.A.,BR,elo,credit
506738,00-99,,BR,elo,debit
506739,00-99,BANCO BRADESCO SA,BR,elo,credit
506740,00-99,VOLUS TECNOLOGIA E GESTAO DE BENEFICIOS LTDA,BR,elo,debit
506741,00-99,CAIXA ECONOMICA FEDERAL,BR,elo,credit
506742,00-99,BANCO CETELEM SA,BR,elo,credit
506743,00-99,BANCO BRADESCO SA,BR,elo,credit
506744,00-99,BANCO DO BRASIL S.A.,BR,elo,credit
506745,00-99,BANCO DO BRASIL SA,BR,elo,credit
506746,00-99,BANCO BARI DE INVESTIMENTOS E FINANCIAMENTOS SA,BR,elo,credit
506747,00-99,COOPERATIVA DE CREDITO RURAL DE ABELARDO LUZ,BR,elo,credit
506748,00-99,BANCO DO BRASIL S.A.,BR,elo,credit
506749,00-99,,BR,elo,debit
506750,00-99,DISPONIVEL,BR,elo,credit
506751,00-99,,BR,elo,credit
506752,00-99,,BR,elo,credit
506753,00-99,BANCO DO BRASIL SA,BR,elo,credit
506754,00-99,BANCO BRADESCO,BR,elo,credit
506755,00-99,,BR,elo,debit
506756,00-99,,BR,elo,debit
506757,00-99,,BR,elo,debit
506758,00-99,,BR,elo,debit
506759,00-99,,BR,elo,debit
506760,00-99,BANCO BRADESCO S.A.,BR,elo,credit
506761,00-99,BANCO BRADESCO S.A.,BR,elo,credit
506762,00-99,BANCO BRADESCO S.A.,BR,elo,credit
506763,00-99,BANCO BRADESCO S.A.,BR,elo,credit
506764,00-99,BANCO BRADESCO S.A.,BR,elo,credit
506765,00-99,BANCO BRADESCO S.A.,BR,elo,credit
506766,00-99,,BR,elo,debit
506767,00-99,,BR,elo,debit
506768,00-99,,BR,elo,debit
506769,00-99,,BR,elo,debit
506770,00-99,BANCO BRADESCO S.A.,BR,elo,credit
506771,00-99,BANCO BRADESCO S.A.,BR,elo,credit
506772,00-99,BANCO BRADESCO S.A.,BR,elo,credit
506773,00-99,BANCO BRADESCO S.A.,BR,elo,credit
506774,00-99,BANCO BRADESCO SA,BR,elo,credit
506775,00-99,BANCO DO BRASIL SA,BR,elo,credit
506776,00-99,BANCO DO BRASIL SA,BR,elo,credit
506777,00-99,CAIXA ECONOMICA FEDERAL,BR,elo,credit
506778,00-99,BANCO BRADESCO SA,BR,elo,credit
506779,00-99,,US,ebt,debit
506780,00-99,,US,ebt,debit
506782,00-99,,US,ebt,debit
506783,00-99,,US,ebt,debit
506784,00-99,,US,ebt,debit
506785,00-99,,US,ebt,debit
506787,00-99,,US,ebt,debit
506788,00-99,,US,ebt,debit
506789,00-99,,US,ebt,debit
506790,00-99,,US,ebt,debit
506791,00-99,,US,ebt,debit
506792,00-99,,US,ebt,debit
506794,00-99,,US,ebt,debit
506795,00-99,,US,ebt,debit
506796,00-99,,US,ebt,debit
506797,00-99,,US,ebt,debit
506798,00-99,,US,ebt,debit
506799,00-99,,US,ebt,debit
506800,00-99,,US,ebt,debit
506801,00-99,,US,ebt,debit
506802,00-99,,US,ebt,debit
506803,00-99,,US,ebt,debit
506804,00-99,,NL,maestro,debit
506805,00-99,,US,ebt,debit
506806,00-99,,US,ebt,debit
506807,00-99,,US,ebt,debit
506808,00-99,,US,ebt,debit
506809,00-99,,US,ebt,debit
506810,00-99,,US,ebt,debit
506811,00-99,,US,ebt,debit
506812,00-99,,US,ebt,debit
506813,00-99,,US,ebt,debit
506814,00-99,,US,ebt,debit
506815,00-99,,US,ebt,debit
506816,00-99,,US,ebt,debit
506817,00-99,,US,ebt,debit
506818,00-99,,US,ebt,debit
506819,00-99,,US,ebt,debit
506820,00-99,,US,ebt,debit
506821,00-99,,US,ebt,debit
506822,00-99,,US,ebt,debit
506823,00-99,,US,ebt,debit
506824,00-99,,US,ebt,debit
506825,00-99,,US,ebt,debit
506826,00-99,,US,ebt,debit
506827,00-99,,US,ebt,debit
506828,00-99,,US,ebt,debit
506829,00-99,,US,ebt,debit
506830,00-99,,US,ebt,debit
506831,00-99,,US,ebt,debit
506832,00-99,,US,ebt,debit
506833,00-99,,US,ebt,debit
506834,00-99,,US,ebt,debit
506835,00-99,,US,ebt,debit
506836,00-99,,US,ebt,debit
506837,00-99,,US,ebt,debit
506838,00-99,,US,ebt,debit
506839,00-99,,US,ebt,debit
506840,00-99,,US,ebt,debit
506841,00-99,,US,ebt,debit
506842,00-99,,US,ebt,debit
506843,00-99,,US,ebt,debit
506844,00-99,,US,ebt,debit
506845,00-99,,US,ebt,debit
506846,00-99,,US,ebt,debit
506847,00-99,,US,ebt,debit
506848,00-99,,US,ebt,debit
506849,00-99,,BR,maestro,debit
506850,00-99,,US,ebt,debit
506851,00-99,,US,ebt,debit
506852,00-99,,US,ebt,debit
506855,00-99,,US,ebt,debit
506856,00-99,,US,ebt,debit
506857,00-99,,US,ebt,debit
506858,00-99,,US,ebt,debit
506859,00-99,,US,ebt,debit
506860,00-99,,US,ebt,debit
506861,00-99,,US,ebt,debit
506862,00-99,,US,ebt,debit
506864,00-99,,US,ebt,debit
506865,00-99,,US,ebt,debit
506866,00-99,,US,ebt,debit
506867,00-99,,US,ebt,debit
506868,00-99,,US,ebt,debit
506869,00-99,,US,ebt,debit
506870,00-99,,US,ebt,debit
506871,00-99,,US,ebt,debit
506872,00-99,,US,ebt,debit
506873,00-99,,US,ebt,debit
506874,00-99,,US,ebt,debit
506876,00-99,,US,ebt,debit
506877,00-99,,US,ebt,debit
506878,00-99,,US,ebt,debit
506879,00-99,,US,ebt,debit
506880,00-99,,US,ebt,debit
506881,00-99,,US,ebt,debit
506882,00-99,,US,ebt,debit
506883,00-99,,US,ebt,debit
506884,00-99,,US,ebt,debit
506886,00-99,,US,ebt,debit
506887,00-99,,US,ebt,debit
506888,00-99,,US,ebt,debit
506889,00-99,,US,ebt,debit
506890,00-99,,US,ebt,debit
506891,00-99,,US,ebt,debit
506892,00-99,,US,ebt,debit
506893,00-99,,US,ebt,debit
506894,00-99,,SE,maestro,debit
506895,00-99,,US,ebt,debit
506896,00-99,,US,ebt,debit
506897,00-99,,US,ebt,debit
506898,00-99,,US,ebt,debit
506899,00-99,,US,ebt,debit
506900,00-99,,US,ebt,debit
506901,00-99,,US,ebt,debit
506902,00-99,,US,ebt,debit
506903,00-99,,US,ebt,debit
506904,00-99,,US,ebt,debit
506905,00-99,,US,ebt,debit
506906,00-99,,US,ebt,debit
506907,00-99,,US,ebt,debit
506908,00-99,,TN,maestro,debit
506909,00-99,,US,ebt,debit
506910,00-99,,US,ebt,debit
506911,00-99,,AT,maestro,debit
506912,00-99,,US,ebt,debit
506913,00-99,,US,ebt,debit
506914,00-99,,US,ebt,debit
506915,00-99,,US,ebt,debit
506916,00-99,,US,ebt,debit
506917,00-99,,US,ebt,debit
506918,00-99,,US,ebt,debit
506919,00-99,,US,ebt,debit
506920,00-99,,US,ebt,debit
506921,00-99,,US,ebt,debit
506922,00-99,JPMORGAN CHASE BANK N.A.,US,ebt,debit
506924,00-99,,US,ebt,debit
506925,00-99,,US,ebt,debit
506926,00-99,,US,ebt,debit
506927,00-99,,US,ebt,debit
506928,00-99,,US,ebt,debit
506930,00-99,,US,ebt,debit
506931,00-99,,US,ebt,debit
506932,00-99,,US,ebt,debit
506933,00-99,,US,ebt,debit
506934,00-99,,US,ebt,debit
506935,00-99,,MX,maestro,debit
506936,00-99,,US,ebt,debit
506937,00-99,,US,ebt,debit
506938,00-99,,BE,maestro,debit
506939,00-99,,US,ebt,debit
506940,00-99,,US,ebt,debit
506941,00-99,,US,ebt,debit
506942,00-99,,US,ebt,debit
506943,00-99,,US,ebt,debit
506944,00-99,,US,ebt,debit
506945,00-99,,US,ebt,debit
506946,00-99,,US,ebt,debit
506947,00-99,,US,ebt,debit
506948,00-99,,US,ebt,debit
506949,00-99,,US,ebt,debit
506950,00-99,,US,ebt,debit
506951,00-99,,US,ebt,debit
506952,00-99,,US,ebt,debit
506953,00-99,,US,ebt,debit
506954,00-99,,US,ebt,debit
506955,00-99,,US,ebt,debit
506956,00-99,,US,ebt,debit
506957,00-99,,US,ebt,debit
506958,00-99,,US,ebt,debit
506959,00-99,,US,ebt,debit
506960,00-99,,US,ebt,debit
506961,00-99,,US,ebt,debit
506962,00-99,,US,ebt,debit
506963,00-99,,US,ebt,debit
506964,00-99,,US,ebt,debit
506965,00-99,,VE,maestro,debit
506966,00-99,,US,ebt,debit
506967,00-99,,US,ebt,debit
506968,00-99,AL RAJHI BANKING AND INVESTMENT CORP.,SA,maestro,debit
506969,00-99,,US,ebt,debit
506970,00-99,,US,ebt,debit
506971,00-99,,US,ebt,debit
506972,00-99,,US,ebt,debit
506973,00-99,,US,ebt,debit
506974,00-99,,US,ebt,debit
506975,00-99,,US,ebt,debit
506976,00-99,,US,ebt,debit
506977,00-99,,US,ebt,debit
506978,00-99,,US,ebt,debit
506979,00-99,,US,ebt,debit
506980,00-99,,US,ebt,debit
506981,00-99,,US,ebt,debit
506982,00-99,,EC,maestro,debit
506983,00-99,,US,ebt,debit
506984,00-99,,US,ebt,debit
506985,00-99,,US,ebt,debit
506986,00-99,,US,ebt,debit
506987,00-99,,US,ebt,debit
506988,00-99,,US,ebt,debit
506989,00-99,,US,ebt,debit
506991,00-99,,US,ebt,debit
506992,00-99,,US,ebt,debit
506993,00-99,,US,ebt,debit
506994,00-99,,US,ebt,debit
506996,00-99,,US,ebt,debit
506997,00-99,ERSTE & STEIERMARKISCHE BANK D.D.,HR,maestro,debit
506998,00-99,,US,ebt,debit
506999,00-99,,US,ebt,debit
507000,00-99,,US,ebt,debit
507001,00-99,,AR,maestro,debit
507002,00-99,,AR,maestro,debit
507003,00-99,,US,ebt,debit
507004,00-99,,AR,maestro,debit
507005,00-99,,US,ebt,debit
507006,00-99,,US,ebt,debit
507007,00-99,,US,ebt,debit
507008,00-99,,US,ebt,debit
507009,00-99,,CN,maestro,debit
507010,00-99,,BR,maestro,debit
507011,00-99,,US,ebt,debit
507012,00-99,,US,ebt,debit
507013,00-99,,US,ebt,debit
507014,00-99,,US,ebt,debit
507015,00-99,,MX,maestro,debit
507016,00-99,,CN,maestro,debit
507017,00-99,,US,ebt,debit
507018,00-99,,US,ebt,debit
507019,00-99,,US,ebt,debit
507020,00-99,,US,ebt,debit
507021,00-99,,US,ebt,debit
507022,00-99,,US,ebt,debit
507023,00-99,,US,ebt,debit
507024,00-99,,US,ebt,debit
507025,00-99,,FI,maestro,debit
507026,00-99,,US,ebt,debit
507028,00-99,,US,ebt,debit
507029,00-99,,US,ebt,debit
507030,00-99,,US,ebt,debit
507031,00-99,,US,ebt,debit
507032,00-99,,US,ebt,debit
507033,00-99,,US,ebt,debit
507034,00-99,,US,ebt,debit
507035,00-99,,US,ebt,debit
507036,00-99,,US,ebt,debit
507037,00-99,,US,ebt,debit
507038,00-99,,US,ebt,debit
507039,00-99,,US,ebt,debit
507040,00-99,,GB,maestro,debit
507041,00-99,,TH,maestro,debit
507042,00-99,,US,ebt,debit
507043,00-99,,US,ebt,debit
507044,00-99,,US,ebt,debit
507045,00-99,,US,ebt,debit
507046,00-99,,MX,maestro,debit
507047,00-99,,US,ebt,debit
507048,00-99,,US,ebt,debit
507049,00-99,,MX,maestro,debit
507050,00-99,,US,ebt,debit
507051,00-99,,US,ebt,debit
507052,00-99,,US,ebt,debit
507053,00-99,,US,ebt,debit
507054,00-99,,US,ebt,debit
507055,00-99,,US,ebt,debit
507056,00-99,,US,ebt,debit
507057,00-99,,US,ebt,debit
507058,00-99,,US,ebt,debit
507059,00-99,,US,ebt,debit
507060,00-99,,US,ebt,debit
507061,00-99,,US,ebt,debit
507062,00-99,,CO,maestro,debit
507063,00-99,,US,ebt,debit
507064,00-99,,US,ebt,debit
507065,00-99,,US,ebt,debit
507066,00-99,,US,ebt,debit
507067,00-99,,US,ebt,debit
507068,00-99,,US,ebt,debit
507069,00-99,,US,ebt,debit
507070,00-99,,US,ebt,debit
507071,00-99,,US,ebt,debit
507072,00-99,,US,ebt,debit
507073,00-99,,US,ebt,debit
507074,00-99,,CO,maestro,debit
507075,00-99,,US,ebt,debit
507076,00-99,,US,ebt,debit
507077,00-99,,US,ebt,debit
507078,00-99,,US,ebt,debit
507079,00-99,,US,ebt,debit
507080,00-99,,US,ebt,debit
507081,00-99,,US,ebt,debit
507082,00-99,,AR,maestro,debit
507084,00-99,,US,ebt,debit
507085,00-99,,US,ebt,debit
507087,00-99,,US,ebt,debit
507088,00-99,,US,ebt,debit
507089,00-99,,PA,maestro,debit
507090,00-99,,AR,maestro,debit
507091,00-99,BANCO AGRARIO,CO,maestro,debit
507092,00-99,,CO,maestro,debit
507093,00-99,,US,ebt,debit
507094,00-99,,US,ebt,debit
507095,00-99,,US,ebt,debit
507096,00-99,,US,ebt,debit
507097,00-99,,US,ebt,debit
507098,00-99,,US,ebt,debit
507099,00-99,,US,ebt,debit
507100,00-99,,FR,maestro,debit
507101,00-99,,US,ebt,debit
507102,00-99,,US,ebt,debit
507103,00-99,,US,ebt,debit
507104,00-99,,US,ebt,debit
507105,00-99,,US,ebt,debit
507106,00-99,,US,ebt,debit
507107,00-99,,US,ebt,debit
507108,00-99,,US,ebt,debit
507109,00-99,,ZA,maestro,debit
507110,00-99,,US,ebt,debit
507111,00-99,,US,ebt,debit
507112,00-99,,US,ebt,debit
507115,00-99,,US,ebt,debit
507116,00-99,,US,ebt,debit
507117,00-99,,US,ebt,debit
507118,00-99,,US,ebt,debit
507119,00-99,,US,ebt,debit
507120,00-99,,US,ebt,debit
507122,00-99,,US,ebt,debit
507124,00-99,,US,ebt,debit
507125,00-99,,US,ebt,debit
507126,00-99,,US,ebt,debit
507127,00-99,,US,ebt,debit
507128,00-99,,US,ebt,debit
507129,00-99,,US,ebt,debit
507130,00-99,,US,ebt,debit
507131,00-99,,US,ebt,debit
507132,00-99,,US,ebt,debit
507133,00-99,,US,ebt,debit
507134,00-99,,US,ebt,debit
507135,00-99,,US,ebt,debit
507136,00-99,,US,ebt,debit
507137,00-99,,US,ebt,debit
507138,00-99,,US,ebt,debit
507139,00-99,,US,ebt,debit
507140,00-99,,US,ebt,debit
507142,00-99,,US,ebt,debit
507143,00-99,,US,ebt,debit
507144,00-99,,US,ebt,debit
507145,00-99,,US,ebt,debit
507146,00-99,,US,ebt,debit
507147,00-99,,US,ebt,debit
507148,00-99,,US,ebt,debit
507149,00-99,,US,ebt,debit
507150,00-99,,US,ebt,debit
507151,00-99,,US,ebt,debit
507152,00-99,,US,ebt,debit
507153,00-99,,US,ebt,debit
507154,00-99,,US,ebt,debit
507155,00-99,,US,ebt,debit
507156,00-99,,US,ebt,debit
507157,00-99,,US,ebt,debit
507158,00-99,,US,ebt,debit
507159,00-99,,US,ebt,debit
507161,00-99,,US,ebt,debit
507162,00-99,,US,ebt,debit
507163,00-99,,US,ebt,debit
507164,00-99,,US,ebt,debit
507165,00-99,,US,ebt,debit
507166,00-99,,US,ebt,debit
507167,00-99,,US,ebt,debit
507168,00-99,,US,ebt,debit
507169,00-99,,US,ebt,debit
507171,00-99,,US,ebt,debit
507172,00-99,,US,ebt,debit
507173,00-99,,US,ebt,debit
507174,00-99,,US,ebt,debit
507175,00-99,,US,ebt,debit
507176,00-99,,US,ebt,debit
507177,00-99,,US,ebt,debit
507178,00-99,,US,ebt,debit
507179,00-99,,US,ebt,debit
507180,00-99,,US,ebt,debit
507181,00-99,,US,ebt,debit
507182,00-99,,US,ebt,debit
507183,00-99,,US,ebt,debit
507184,00-99,,US,ebt,debit
507185,00-99,,US,ebt,debit
507186,00-99,,US,ebt,debit
507187,00-99,,US,ebt,debit
507188,00-99,,US,ebt,debit
507189,00-99,,US,ebt,debit
507190,00-99,,US,ebt,debit
507191,00-99,,US,ebt,debit
507192,00-99,,US,ebt,debit
507193,00-99,,US,ebt,debit
507194,00-99,,US,ebt,debit
507195,00-99,,US,ebt,debit
507196,00-99,,US,ebt,debit
507197,00-99,,US,ebt,debit
507198,00-99,,US,ebt,debit
507199,00-99,,US,ebt,debit
507201,00-99,,US,ebt,debit
507202,00-99,,US,ebt,debit
507203,00-99,,US,ebt,debit
507204,00-99,,US,ebt,debit
507205,00-99,,US,ebt,debit
507206,00-99,,US,ebt,debit
507207,00-99,,US,ebt,debit
507208,00-99,,US,ebt,debit
507209,00-99,,US,ebt,debit
507210,00-99,,US,ebt,debit
507211,00-99,,IE,maestro,debit
507212,00-99,,US,ebt,debit
507213,00-99,,US,ebt,debit
507214,00-99,,US,ebt,debit
507215,00-99,,US,ebt,debit
507216,00-99,,US,ebt,debit
507217,00-99,,US,ebt,debit
507218,00-99,,US,ebt,debit
507219,00-99,,US,ebt,debit
507220,00-99,,US,ebt,debit
507221,00-99,,US,ebt,debit
507222,00-99,,US,ebt,debit
507223,00-99,,US,ebt,debit
507224,00-99,,US,ebt,debit
507225,00-99,,US,ebt,debit
507226,00-99,,US,ebt,debit
507227,00-99,,US,ebt,debit
507228,00-99,,US,ebt,debit
507229,00-99,,US,ebt,debit
507230,00-99,,US,ebt,debit
507231,00-99,,US,ebt,debit
507232,00-99,,US,ebt,debit
507233,00-99,,US,ebt,debit
507235,00-99,,US,ebt,debit
507236,00-99,,US,ebt,debit
507237,00-99,,US,ebt,debit
507238,00-99,,US,ebt,debit
507239,00-99,,US,ebt,debit
507240,00-99,,US,ebt,debit
507242,00-99,,US,ebt,debit
507243,00-99,,US,ebt,debit
507244,00-99,,US,ebt,debit
507245,00-99,,US,ebt,debit
507247,00-99,,US,ebt,debit
507249,00-99,,US,ebt,debit
507250,00-99,,US,ebt,debit
507251,00-99,,US,ebt,debit
507252,00-99,,US,ebt,debit
507253,00-99,,US,ebt,debit
507254,00-99,,US,ebt,debit
507255,00-99,,US,ebt,debit
507256,00-99,,US,ebt,debit
507257,00-99,,US,ebt,debit
507258,00-99,,US,ebt,debit
507259,00-99,,US,ebt,debit
507260,00-99,,US,ebt,debit
507261,00-99,,US,ebt,debit
507262,00-99,,US,ebt,debit
507263,00-99,,US,ebt,debit
507264,00-99,,US,ebt,debit
507265,00-99,,US,ebt,debit
507266,00-99,,US,ebt,debit
507267,00-99,,US,ebt,debit
507268,00-99,,US,ebt,debit
507269,00-99,,US,ebt,debit
507270,00-99,,MT,maestro,debit
507271,00-99,,US,ebt,debit
507272,00-99,,ZA,maestro,debit
507273,00-99,,US,ebt,debit
507274,00-99,,US,ebt,debit
507275,00-99,,US,ebt,debit
507276,00-99,,US,ebt,debit
507277,00-99,,US,ebt,debit
507278,00-99,,US,ebt,debit
507279,00-99,,US,ebt,debit
507280,00-99,,US,ebt,debit
507281,00-99,,US,ebt,debit
507282,00-99,,US,ebt,debit
507283,00-99,,US,ebt,debit
507284,00-99,,US,ebt,debit
507285,00-99,,US,ebt,debit
507286,00-99,,US,ebt,debit
507287,00-99,,US,ebt,debit
507288,00-99,,US,ebt,debit
507289,00-99,,US,ebt,debit
507290,00-99,,US,ebt,debit
507291,00-99,,US,ebt,debit
507292,00-99,,US,ebt,debit
507293,00-99,,BR,maestro,debit
507294,00-99,,US,ebt,debit
507295,00-99,,US,ebt,debit
507296,00-99,,US,ebt,debit
507297,00-99,,US,ebt,debit
507298,00-99,,US,ebt,debit
507299,00-99,,US,ebt,debit
507301,00-99,,US,ebt,debit
507302,00-99,,BR,maestro,debit
507303,00-99,,US,ebt,debit
507304,00-99,,US,ebt,debit
507305,00-99,,US,ebt,debit
507306,00-99,,US,ebt,debit
507307,00-99,,US,ebt,debit
507308,00-99,,US,ebt,debit
507309,00-99,,US,ebt,debit
507311,00-99,,US,ebt,debit
507312,00-99,,US,ebt,debit
507313,00-99,,US,ebt,debit
507314,00-99,,US,ebt,debit
507315,00-99,,US,ebt,debit
507317,00-99,,US,ebt,debit
507318,00-99,,US,ebt,debit
507319,00-99,,US,ebt,debit
507320,00-99,,US,ebt,debit
507321,00-99,,US,ebt,debit
507322,00-99,,US,ebt,debit
507323,00-99,,US,ebt,debit
507324,00-99,,KH,maestro,debit
507325,00-99,,US,ebt,debit
507326,00-99,,US,ebt,debit
507327,00-99,,US,ebt,debit
507328,00-99,,US,ebt,debit
507329,00-99,,US,ebt,debit
507330,00-99,,US,ebt,debit
507331,00-99,,US,ebt,debit
507332,00-99,,US,ebt,debit
507333,00-99,,US,ebt,debit
507334,00-99,,US,ebt,debit
507335,00-99,,US,ebt,debit
507336,00-99,,US,ebt,debit
507337,00-99,,US,ebt,debit
507338,00-99,,US,ebt,debit
507339,00-99,,US,ebt,debit
507340,00-99,,IN,maestro,debit
507341,00-99,,US,ebt,debit
507342,00-99,,US,ebt,debit
507343,00-99,,US,ebt,debit
507344,00-99,,US,ebt,debit
507345,00-99,,US,ebt,debit
507346,00-99,,US,ebt,debit
507347,00-99,,US,ebt,debit
507348,00-99,,US,ebt,debit
507349,00-99,,US,ebt,debit
507350,00-99,,US,ebt,debit
507351,00-99,,US,ebt,debit
507352,00-99,,US,ebt,debit
507353,00-99,,US,ebt,debit
507354,00-99,,US,ebt,debit
507355,00-99,,US,ebt,debit
507356,00-99,,US,ebt,debit
507357,00-99,,NL,maestro,debit
507358,00-99,,US,ebt,debit
507359,00-99,,US,ebt,debit
507360,00-99,,US,ebt,debit
507361,00-99,,US,ebt,debit
507362,00-99,,US,ebt,debit
507363,00-99,,US,ebt,debit
507364,00-99,,US,ebt,debit
507365,00-99,,US,ebt,debit
507366,00-99,,US,ebt,debit
507367,00-99,,US,ebt,debit
507368,00-99,,US,ebt,debit
507369,00-99,,US,ebt,debit
507370,00-99,,US,ebt,debit
507371,00-99,,US,ebt,debit
507372,00-99,,US,ebt,debit
507373,00-99,,US,ebt,debit
507374,00-99,,US,ebt,debit
507375,00-99,,US,ebt,debit
507376,00-99,,US,ebt,debit
507377,00-99,,US,ebt,debit
507379,00-99,,US,ebt,debit
507380,00-99,,US,ebt,debit
507381,00-99,,US,ebt,debit
507382,00-99,,US,ebt,debit
507383,00-99,,US,ebt,debit
507386,00-99,,US,ebt,debit
507387,00-99,,US,ebt,debit
507388,00-99,,US,ebt,debit
507389,00-99,,US,ebt,debit
507390,00-99,,US,ebt,debit
507391,00-99,,US,ebt,debit
507392,00-99,,US,ebt,debit
507393,00-99,,US,ebt,debit
507394,00-99,,US,ebt,debit
507395,00-99,,US,ebt,debit
507396,00-99,,IT,maestro,debit
507397,00-99,,US,ebt,debit
507398,00-99,,US,ebt,debit
507399,00-99,,US,ebt,debit
507400,00-99,,MX,maestro,debit
507401,00-99,,BR,maestro,debit
507402,00-99,,US,ebt,debit
507403,00-99,,US,ebt,debit
507405,00-99,,US,ebt,debit
507406,00-99,,US,ebt,debit
507407,00-99,,US,ebt,debit
507408,00-99,,US,ebt,debit
507409,00-99,,US,ebt,debit
507410,00-99,,US,ebt,debit
507411,00-99,,US,ebt,debit
507412,00-99,,US,ebt,debit
507413,00-99,,US,ebt,debit
507414,00-99,,US,ebt,debit
507415,00-99,,US,ebt,debit
507416,00-99,,US,ebt,debit
507417,00-99,,US,ebt,debit
507418,00-99,,US,ebt,debit
507419,00-99,,US,ebt,debit
507420,00-99,,US,ebt,debit
507421,00-99,,US,ebt,debit
507422,00-99,,US,ebt,debit
507423,00-99,,US,ebt,debit
507424,00-99,,US,ebt,debit
507425,00-99,,US,ebt,debit
507426,00-99,,US,ebt,debit
507427,00-99,,US,ebt,debit
507428,00-99,,US,ebt,debit
507429,00-99,,US,ebt,debit
507430,00-99,,US,ebt,debit
507431,00-99,,US,ebt,debit
507432,00-99,,US,ebt,debit
507433,00-99,,US,ebt,debit
507434,00-99,,US,ebt,debit
507435,00-99,,US,ebt,debit
507436,00-99,,US,ebt,debit
507437,00-99,,US,ebt,debit
507438,00-99,,US,ebt,debit
507439,00-99,,US,ebt,debit
507440,00-99,,US,ebt,debit
507441,00-99,,US,ebt,debit
507442,00-99,,US,ebt,debit
507444,00-99,,US,ebt,debit
507445,00-99,,US,ebt,debit
507446,00-99,,US,ebt,debit
507447,00-99,,US,ebt,debit
507448,00-99,,US,ebt,debit
507449,00-99,,US,ebt,debit
507450,00-99,,JP,maestro,debit
507451,00-99,,US,ebt,debit
507452,00-99,,US,ebt,debit
507453,00-99,,US,ebt,debit
507454,00-99,,US,ebt,debit
507455,00-99,,US,ebt,debit
507456,00-99,,US,ebt,debit
507457,00-99,,BR,maestro,debit
507458,00-99,,US,ebt,debit
507459,00-99,,US,ebt,debit
507460,00-99,,US,ebt,debit
507461,00-99,,US,ebt,debit
507462,00-99,,US,ebt,debit
507463,00-99,,ES,maestro,debit
507464,00-99,,US,ebt,debit
507465,00-99,,US,ebt,debit
507466,00-99,,US,ebt,debit
507467,00-99,,US,ebt,debit
507468,00-99,,US,ebt,debit
507469,00-99,,US,ebt,debit
507470,00-99,,US,ebt,debit
507471,00-99,,US,ebt,debit
507472,00-99,,US,ebt,debit
507473,00-99,,CN,maestro,debit
507474,00-99,,US,ebt,debit
507475,00-99,,US,ebt,debit
507476,00-99,,US,ebt,debit
507477,00-99,,US,ebt,debit
507478,00-99,,US,ebt,debit
507479,00-99,,IT,maestro,debit
507480,00-99,,US,ebt,debit
507481,00-99,,US,ebt,debit
507482,00-99,,US,ebt,debit
507483,00-99,,US,ebt,debit
507484,00-99,,US,ebt,debit
507485,00-99,,US,ebt,debit
507486,00-99,,US,ebt,debit
507487,00-99,,US,ebt,debit
507488,00-99,,US,ebt,debit
507489,00-99,,US,ebt,debit
507490,00-99,,US,ebt,debit
507491,00-99,,US,ebt,debit
507492,00-99,,US,ebt,debit
507493,00-99,,US,ebt,debit
507494,00-99,,US,ebt,debit
507495,00-99,,US,ebt,debit
507496,00-99,,US,ebt,debit
507497,00-99,,BR,maestro,debit
507498,00-99,,RS,maestro,debit
507499,00-99,,US,ebt,debit
507500,00-99,,US,ebt,debit
507501,00-99,,US,ebt,debit
507502,00-99,,CO,maestro,debit
507503,00-99,,US,ebt,debit
507504,00-99,,US,ebt,debit
507505,00-99,,BR,maestro,debit
507506,00-99,,US,ebt,debit
507507,00-99,,US,ebt,debit
507508,00-99,,US,ebt,debit
507510,00-99,,US,ebt,debit
507511,00-99,,US,ebt,debit
507512,00-99,,US,ebt,debit
507513,00-99,,US,ebt,debit
507514,00-99,,US,ebt,debit
507515,00-99,,US,ebt,debit
507516,00-99,,US,ebt,debit
507517,00-99,,US,ebt,debit
507518,00-99,,US,ebt,debit
507519,00-99,,US,ebt,debit
507520,00-99,,US,ebt,debit
507521,00-99,,US,ebt,debit
507522,00-99,,US,ebt,debit
507523,00-99,,US,ebt,debit
507524,00-99,,US,ebt,debit
507525,00-99,,US,ebt,debit
507526,00-99,,US,ebt,debit
507527,00-99,,US,ebt,debit
507528,00-99,,US,ebt,debit
507529,00-99,,US,ebt,debit
507530,00-99,,US,ebt,debit
507531,00-99,,US,ebt,debit
507532,00-99,,US,ebt,debit
507533,00-99,,US,ebt,debit
507534,00-99,,US,ebt,debit
507535,00-99,,TH,maestro,debit
507536,00-99,,US,ebt,debit
507537,00-99,,US,ebt,debit
507538,00-99,,US,ebt,debit
507539,00-99,,US,ebt,debit
507540,00-99,,US,ebt,debit
507541,00-99,,US,ebt,debit
507542,00-99,,US,ebt,debit
507543,00-99,,US,ebt,debit
507545,00-99,,US,ebt,debit
507546,00-99,,US,ebt,debit
507547,00-99,,US,ebt,debit
507548,00-99,,US,ebt,debit
507549,00-99,,US,ebt,debit
507551,00-99,,US,ebt,debit
507552,00-99,,US,ebt,debit
507554,00-99,,US,ebt,debit
507555,00-99,,US,ebt,debit
507556,00-99,,US,ebt,debit
507557,00-99,,US,ebt,debit
507558,00-99,,US,ebt,debit
507559,00-99,,US,ebt,debit
507560,00-99,,US,ebt,debit
507561,00-99,,US,ebt,debit
507562,00-99,,US,ebt,debit
507563,00-99,,US,ebt,debit
507564,00-99,,US,ebt,debit
507565,00-99,,US,ebt,debit
507566,00-99,,US,ebt,debit
507567,00-99,,US,ebt,debit
507568,00-99,,US,ebt,debit
507569,00-99,,US,ebt,debit
507570,00-99,,US,ebt,debit
507571,00-99,,US,ebt,debit
507572,00-99,,US,ebt,debit
507573,00-99,,US,ebt,debit
507574,00-99,,US,ebt,debit
507575,00-99,,US,ebt,debit
507576,00-99,,US,ebt,debit
507577,00-99,,US,ebt,debit
507578,00-99,,US,ebt,debit
507579,00-99,,US,ebt,debit
507580,00-99,,US,ebt,debit
507581,00-99,,GB,maestro,debit
507582,00-99,,PK,maestro,debit
507583,00-99,,US,ebt,debit
507585,00-99,,US,ebt,debit
507586,00-99,,US,ebt,debit
507587,00-99,,US,ebt,debit
507588,00-99,,US,ebt,debit
507589,00-99,,US,ebt,debit
507590,00-99,,US,ebt,debit
507591,00-99,,US,ebt,debit
507592,00-99,,US,ebt,debit
507593,00-99,,US,ebt,debit
507594,00-99,,US,ebt,debit
507595,00-99,,US,ebt,debit
507596,00-99,,US,ebt,debit
507597,00-99,SODEXO,FR,maestro,debit
507598,00-99,,US,ebt,debit
507599,00-99,,US,ebt,debit
507600,00-99,,US,maestro,debit
507601,00-99,,US,ebt,debit
507602,00-99,,US,ebt,debit
507603,00-99,,US,ebt,debit
507604,00-99,,BR,maestro,debit
507605,00-99,,CA,maestro,debit
507606,00-99,,US,ebt,debit
507607,00-99,,US,ebt,debit
507608,00-99,,US,ebt,debit
507610,00-99,BANK OF AMERICA N.A.,US,ebt,debit
507611,00-99,,US,ebt,debit
507612,00-99,,US,ebt,debit
507613,00-99,,US,ebt,debit
507614,00-99,,US,ebt,debit
507615,00-99,,US,ebt,debit
507617,00-99,,US,ebt,debit
507618,00-99,,US,ebt,debit
507619,00-99,,US,ebt,debit
507620,00-99,,US,ebt,debit
507621,00-99,,US,ebt,debit
507622,00-99,,US,ebt,debit
507623,00-99,,DE,maestro,debit
507624,00-99,,US,ebt,debit
507625,00-99,,US,ebt,debit
507626,00-99,,US,ebt,debit
507627,00-99,,US,ebt,debit
507628,00-99,,US,ebt,debit
507629,00-99,,IN,maestro,debit
507630,00-99,,US,ebt,debit
507631,00-99,,US,ebt,debit
507632,00-99,,US,ebt,debit
507633,00-99,,US,ebt,debit
507634,00-99,,US,ebt,debit
507635,00-99,,US,ebt,debit
507636,00-99,,US,ebt,debit
507637,00-99,,US,ebt,debit
507638,00-99,,US,ebt,debit
507640,00-99,,US,ebt,debit
507641,00-99,,US,ebt,debit
507642,00-99,,BR,maestro,debit
507643,00-99,,US,ebt,debit
507644,00-99,,US,ebt,debit
507645,00-99,,US,ebt,debit
507646,00-99,,US,ebt,debit
507647,00-99,,US,ebt,debit
507648,00-99,,US,ebt,debit
507649,00-99,,US,ebt,debit
507650,00-99,,US,ebt,debit
507651,00-99,,US,ebt,debit
507652,00-99,,US,ebt,debit
507653,00-99,,US,ebt,debit
507654,00-99,,US,ebt,debit
507655,00-99,,US,ebt,debit
507656,00-99,,US,ebt,debit
507657,00-99,,US,ebt,debit
507658,00-99,,US,ebt,debit
507659,00-99,,US,ebt,debit
507660,00-99,,US,ebt,debit
507661,00-99,,US,ebt,debit
507664,00-99,,US,ebt,debit
507665,00-99,,US,ebt,debit
507666,00-99,,US,ebt,debit
507667,00-99,,US,ebt,debit
507668,00-99,,US,ebt,debit
507669,00-99,,US,ebt,debit
507670,00-99,,US,ebt,debit
507671,00-99,,US,ebt,debit
507672,00-99,,US,ebt,debit
507673,00-99,,US,ebt,debit
507674,00-99,,US,ebt,debit
507675,00-99,,US,ebt,debit
507676,00-99,,US,ebt,debit
507677,00-99,,US,ebt,debit
507678,00-99,,US,ebt,debit
507679,00-99,,US,ebt,debit
507680,00-99,ALABAMA EBT ISSUED BY EFUNDS,US,ebt,debit
507681,00-99,COLORADO EBT ISSUED BY JPMORGAN EFS,US,ebt,debit
507682,00-99,RHODE ISLAND EBT ISSUED BY JPMORGAN EFS,US,ebt,debit
507683,00-99,MISSOURI EBT ISSUED BY EFUNDS,US,ebt,debit
507684,00-99,ALABAMA EBT ISSUED BY EFUNDS,US,ebt,debit
507685,00-99,ARKANSAS EBT ISSUED BY EFUNDS,US,ebt,debit
507686,00-99,FLORIDA EBT ISSUED BY JPMORGAN EFS,US,ebt,debit
507687,00-99,GEORGIA EBT ISSUED BY JPMORGAN EFS,US,ebt,debit
507688,00-99,KENTUCKY EBT ISSUED BY JPMORGAN EFS,US,ebt,debit
507689,00-99,MISSOURI EBT ISSUED BY EFUNDS,US,ebt,debit
507690,00-99,NORTH CAROLINA EBT ISSUED BY EFUNDS,US,ebt,debit
507691,00-99,TENNESSEE EBT ISSUED BY JPMORGAN EFS,US,ebt,debit
507692,00-99,IDAHO EBT ISSUED BY JPMORGAN EFS,US,ebt,debit
507693,00-99,OREGON EBT ISSUED BY EFUNDS,US,ebt,debit
507694,00-99,,US,ebt,debit
507695,00-99,ALASKA EBT ISSUED BY JPMORGAN EFS,US,ebt,debit
507696,00-99,CALIFORNIA EBT,US,ebt,debit
507698,00-99,HAWAII EBT ISSUED BY JPMORGAN EFS,US,ebt,debit
507699,00-99,CALIFORNIA EBT,US,ebt,debit
507700,00-99,OHIO EBT ISSUED BY AFFILIATED COMPUTER SERVICES,US,ebt,debit
507701,00-99,NEW HAMPSHIRE EBT ISSUED BY JPMORGAN EFS,US,ebt,debit
507702,00-99,TENNESSEE EBT ISSUED BY JPMORGAN EFS,US,ebt,debit
507703,00-99,MICHIGAN EBT,US,ebt,debit
507704,00-99,INDIANA EBT ISSUED BY JPMORGAN EFS,US,ebt,debit
507705,00-99,VERMONT EBT ISSUED BY JPMORGAN EFS,US,ebt,debit
507706,00-99,ARIZONA EBT ISSUED BY JPMORGAN EFS,US,ebt,debit
507707,00-99,DISTRICT OF COLUMBIA EBT ISSUED BY JPMORGAN EFS,US,ebt,debit
507708,00-99,WISCONSIN EBT ISSUED BY EFUNDS,US,ebt,debit
507709,00-99,KENTUCKY EBT ISSUED BY JPMORGAN EFS,US,ebt,debit
507710,00-99,WASHINGTON EBT ISSUED BY JPMORGAN EFS,US,ebt,debit
507711,00-99,MICHIGAN EBT,US,ebt,debit
507712,00-99,,US,ebt,debit
507713,00-99,DELAWARE EBT ISSUED BY EFUNDS,US,ebt,debit
507714,00-99,MONTANA EBT ISSUED BY DOES OWN,US,ebt,debit
507715,00-99,NEVADA EBT,US,ebt,debit
507716,00-99,NEBRASKA EBT ISSUED BY JPMORGAN EFS,US,ebt,debit
507717,00-99,LONE STAR CARD TEXAS EBT,US,ebt,debit
507718,00-99,MISSISSIPPI EBT ISSUED BY AFFILIATED COMPUTER SERVICES,US,ebt,debit
507719,00-99,CALIFORNIA EBT,US,ebt,debit
507720,00-99,WEST VIRGINIA EBT ISSUED BY JPMORGAN EFS,US,ebt,debit
507721,00-99,US VIRGIN ISLANDS EBT ISSUED BY JPMORGAN EFS,US,ebt,debit
507723,00-99,,US,ebt,debit
507725,00-99,,US,ebt,debit
507726,00-99,,US,ebt,debit
507727,00-99,,US,ebt,debit
507728,00-99,,US,ebt,debit
507729,00-99,AUSTRALIA AND NEW ZEALAND BANKING GROUP LTD.,AU,local brand,debit
507730,00-99,CUSCAL LTD,AU,eftpos,debit
507731,00-99,,US,ebt,debit
507732,00-99,,US,ebt,debit
507733,00-99,,US,ebt,debit
507734,00-99,,US,ebt,debit
507735,00-99,,US,ebt,debit
507736,00-99,,US,ebt,debit
507737,00-99,,US,ebt,debit
507738,00-99,,US,ebt,debit
507739,00-99,,US,ebt,debit
507740,00-99,,US,ebt,debit
507741,00-99,,US,ebt,debit
507742,00-99,,US,ebt,debit
507743,00-99,,US,ebt,debit
507744,00-99,,US,ebt,debit
507745,00-99,,US,ebt,debit
507746,00-99,,US,ebt,debit
507747,00-99,,US,ebt,debit
507748,00-99,,US,ebt,debit
507749,00-99,,US,ebt,debit
507750,00-99,,US,ebt,debit
507751,00-99,,US,ebt,debit
507752,00-99,,US,ebt,debit
507753,00-99,,US,maestro,debit
507754,00-99,,US,ebt,debit
507755,00-99,,US,ebt,debit
507756,00-99,,US,ebt,debit
507757,00-99,,US,ebt,debit
507758,00-99,,US,ebt,debit
507759,00-99,,US,ebt,debit
507760,00-99,,US,ebt,debit
507761,00-99,,US,ebt,debit
507762,00-99,,US,ebt,debit
507763,00-99,,US,ebt,debit
507764,00-99,,US,ebt,debit
507765,00-99,,US,ebt,debit
507767,00-99,,US,ebt,debit
507769,00-99,,US,ebt,debit
507770,00-99,,US,ebt,debit
507771,00-99,,US,ebt,debit
507772,00-99,,US,ebt,debit
507773,00-99,,US,ebt,debit
507774,00-99,,US,ebt,debit
507775,00-99,,US,ebt,debit
507776,00-99,,US,ebt,debit
507777,00-99,,US,ebt,debit
507778,00-99,,US,ebt,debit
507779,00-99,,US,ebt,debit
507780,00-99,,US,ebt,debit
507781,00-99,NEW HAMPSHIRE EBT,US,ebt,debit
507782,00-99,,US,ebt,debit
507783,00-99,,US,ebt,debit
507784,00-99,,US,ebt,debit
507785,00-99,,US,ebt,debit
507786,00-99,,US,ebt,debit
507787,00-99,,US,ebt,debit
507788,00-99,,US,ebt,debit
507789,00-99,,US,ebt,debit
507790,00-99,,US,ebt,debit
507791,00-99,,US,ebt,debit
507792,00-99,,US,ebt,debit
507793,00-99,,US,ebt,debit
507794,00-99,,US,ebt,debit
507795,00-99,,US,ebt,debit
507796,00-99,,US,ebt,debit
507798,00-99,,US,ebt,debit
507799,00-99,,US,ebt,debit
507800,00-99,,BR,maestro,debit
507801,00-99,,US,ebt,debit
507802,00-99,,US,ebt,debit
507803,00-99,EGYPTIAN BANKS COMPANY FOR TECHNOLOGICAL ADVANCEMENTS,EG,meeza,debit
507804,00-99,GCB BANK LTD.,GH,local brand,debit
507805,00-99,,US,ebt,debit
507806,00-99,,US,ebt,debit
507807,00-99,,US,ebt,debit
507808,00-99,EGYPTIAN BANKS COMPANY FOR TECHNOLOGICAL ADVANCEMENTS,EG,meeza,debit
507809,00-99,,EG,meeza,debit
507810,00-99,EGYPTIAN BANKS COMPANY FOR TECHNOLOGICAL ADVANCEMENTS,EG,meeza,debit
507811,00-99,,US,ebt,debit
507812,00-99,,US,ebt,debit
507813,00-99,,US,ebt,debit
507814,00-99,,US,ebt,debit
507815,00-99,,US,ebt,debit
507816,00-99,,US,ebt,debit
507817,00-99,,US,ebt,debit
507818,00-99,,US,ebt,debit
507819,00-99,,US,ebt,debit
507820,00-99,,US,ebt,debit
507821,00-99,,US,ebt,debit
507822,00-99,,US,ebt,debit
507823,00-99,,US,ebt,debit
507824,00-99,,US,ebt,debit
507825,00-99,,US,ebt,debit
507826,00-99,,US,ebt,debit
507827,00-99,,US,ebt,debit
507828,00-99,,US,ebt,debit
507829,00-99,,US,ebt,debit
507830,00-99,,US,ebt,debit
507831,00-99,,US,ebt,debit
507832,00-99,,US,ebt,debit
507833,00-99,,US,ebt,debit
507834,00-99,,US,ebt,debit
507835,00-99,,US,ebt,debit
507836,00-99,,US,ebt,debit
507837,00-99,,US,ebt,debit
507838,00-99,,US,ebt,debit
507839,00-99,,US,ebt,debit
507840,00-99,,US,ebt,debit
507841,00-99,,US,ebt,debit
507842,00-99,,US,ebt,debit
507843,00-99,,US,ebt,debit
507844,00-99,,US,ebt,debit
507845,00-99,,US,ebt,debit
507846,00-99,,GB,maestro,debit
507847,00-99,,US,ebt,debit
507848,00-99,CETELEM,NG,cmi,debit
507849,00-99,,US,ebt,debit
507850,00-99,,BR,maestro,debit
507851,00-99,,IE,maestro,debit
507852,00-99,,US,ebt,debit
507853,00-99,,US,ebt,debit
507854,00-99,,US,ebt,debit
507855,00-99,,US,ebt,debit
507856,00-99,,US,ebt,debit
507857,00-99,CETELEM CR A.S.,CZ,maestro,debit
507858,00-99,BANCO DE SERVICIOS FINANCIEROS,AR,private label,debit
507859,00-99,,US,ebt,debit
507860,00-99,BANCO BNP PARIBAS BRASIL S.A.,BR,aura,credit
507861,00-99,,ES,maestro,debit
507862,00-99,,US,ebt,debit
507863,00-99,,US,ebt,debit
507864,00-99,,US,ebt,debit
507865,00-99,UNITY BANK PLC (NIGERIA),NG,verve,debit
507866,00-99,9PSB (NIGERIA),NG,verve,debit
507867,00-99,INTERSWITCH UGANDA,UG,verve,debit
507868,00-99,STERLING BANK CREDIT CARD (NIGERIA),NG,verve,debit
507869,00-99,VERVE WAAS- MULTIPLE BANKS,NG,verve,debit
507870,00-99,LOTUS BANK LIMITED (NIGERIA),NG,verve,debit
507871,00-99,LASRRA CARDS- MULTIPLE BANKS,NG,verve,debit
507872,00-99,OPAY DIGITAL SERVICES LTD.,NG,verve,debit
507873,00-99,PARALLEX BANK LTD.,NG,verve,debit
507874,00-99,SAFE HAVEN MICROFINANCE BANK LTD.,NG,verve,debit
507875,00-99,PREMIUM TRUST BANK LTD.,NG,verve,debit
507876,00-99,,NG,verve,debit
507877,00-99,,NG,verve,debit
507878,00-99,,NG,verve,debit
507879,00-99,,NG,verve,debit
507880,00-99,,NG,verve,debit
507881,00-99,,NG,verve,debit
507882,00-99,,NG,verve,debit
507883,00-99,,NG,verve,debit
507884,00-99,,NG,verve,debit
507885,00-99,,NG,verve,debit
507886,00-99,,NG,verve,debit
507887,00-99,,NG,verve,debit
507888,00-99,,NG,verve,debit
507889,00-99,,NG,verve,debit
507890,00-99,,NG,verve,debit
507891,00-99,,NG,verve,debit
507892,00-99,,NG,verve,debit
507893,00-99,,NG,verve,debit
507894,00-99,,NG,verve,debit
507895,00-99,,NG,verve,debit
507896,00-99,,NG,verve,debit
507897,00-99,,NG,verve,debit
507898,00-99,,NG,verve,debit
507899,00-99,,NG,verve,debit
507900,00-99,,NG,verve,debit
507901,00-99,,NG,verve,debit
507902,00-99,,NG,verve,debit
507903,00-99,,NG,verve,debit
507904,00-99,,NG,verve,debit
507905,00-99,,NG,verve,debit
507906,00-99,,NG,verve,debit
507907,00-99,,NG,verve,debit
507908,00-99,,NG,verve,debit
507909,00-99,,NG,verve,debit
507910,00-99,,NG,verve,debit
507911,00-99,,NG,verve,debit
507912,00-99,,NG,verve,debit
507913,00-99,,NG,verve,debit
507914,00-99,,NG,verve,debit
507915,00-99,,NG,verve,debit
507916,00-99,,NG,verve,debit
507917,00-99,,NG,verve,debit
507918,00-99,,NG,verve,debit
507919,00-99,,NG,verve,debit
507920,00-99,,NG,verve,debit
507921,00-99,,NG,verve,debit
507922,00-99,,NG,verve,debit
507923,00-99,,NG,verve,debit
507924,00-99,,NG,verve,debit
507925,00-99,,NG,verve,debit
507926,00-99,,NG,verve,debit
507927,00-99,,NG,verve,debit
507928,00-99,,NG,verve,debit
507929,00-99,,NG,verve,debit
507930,00-99,,NG,verve,debit
507931,00-99,,NG,verve,debit
507932,00-99,,NG,verve,debit
507933,00-99,,NG,verve,debit
507934,00-99,,NG,verve,debit
507935,00-99,,NG,verve,debit
507936,00-99,,NG,verve,debit
507937,00-99,,NG,verve,debit
507938,00-99,,NG,verve,debit
507939,00-99,,NG,verve,debit
507940,00-99,,NG,verve,debit
507941,00-99,VERVE QR GLOBAL BIN,NG,verve,debit
507942,00-99,,NG,verve,debit
507943,00-99,,NG,verve,debit
507944,00-99,,NG,verve,debit
507945,00-99,,NG,verve,debit
507946,00-99,,NG,verve,debit
507947,00-99,,NG,verve,debit
507948,00-99,,NG,verve,debit
507949,00-99,,NG,verve,debit
507950,00-99,,NG,verve,debit
507951,00-99,,NG,verve,debit
507952,00-99,,NG,verve,debit
507953,00-99,,NG,verve,debit
507954,00-99,,NG,verve,debit
507955,00-99,,NG,verve,debit
507956,00-99,,NG,verve,debit
507957,00-99,,NG,verve,debit
507958,00-99,,NG,verve,debit
507959,00-99,,NG,verve,debit
507960,00-99,,NG,verve,debit
507961,00-99,,NG,verve,debit
507962,00-99,,NG,verve,debit
507963,00-99,,NG,verve,debit
507964,00-99,,NG,verve,debit
507965,00-99,,US,ebt,debit
507966,00-99,,US,ebt,debit
507967,00-99,,US,ebt,debit
507968,00-99,,US,ebt,debit
507969,00-99,,US,ebt,debit
507970,00-99,,US,ebt,debit
507971,00-99,,US,ebt,debit
507972,00-99,,US,ebt,debit
507973,00-99,,US,ebt,debit
507974,00-99,,US,ebt,debit
507975,00-99,,US,ebt,debit
507976,00-99,,US,ebt,debit
507977,00-99,,US,ebt,debit
507978,00-99,,US,ebt,debit
507979,00-99,,US,ebt,debit
507980,00-99,,US,ebt,debit
507981,00-99,,US,ebt,debit
507982,00-99,,US,ebt,debit
507983,00-99,,US,ebt,debit
507984,00-99,,US,ebt,debit
507985,00-99,,US,ebt,debit
507986,00-99,,US,ebt,debit
507987,00-99,,US,ebt,debit
507988,00-99,,US,ebt,debit
507989,00-99,,US,ebt,debit
507990,00-99,,US,ebt,debit
507991,00-99,,US,ebt,debit
507992,00-99,,US,ebt,debit
507993,00-99,,IN,maestro,debit
507994,00-99,,US,ebt,debit
507995,00-99,,US,ebt,debit
507996,00-99,,US,ebt,debit
507997,00-99,,US,ebt,debit
507998,00-99,,US,ebt,debit
507999,00-99,,US,ebt,debit
508001,00-99,,TH,maestro,debit
508004,00-99,,US,ebt,debit
508005,00-99,,US,ebt,debit
508006,00-99,,US,ebt,debit
508007,00-99,,US,ebt,debit
508008,00-99,,US,ebt,debit
508009,00-99,,US,ebt,debit
508010,00-99,,US,ebt,debit
508011,00-99,,US,ebt,debit
508012,00-99,,US,ebt,debit
508013,00-99,,US,ebt,debit
508014,00-99,,US,ebt,debit
508015,00-99,,US,ebt,debit
508016,00-99,,US,ebt,debit
508017,00-99,,US,ebt,debit
508020,00-99,,US,ebt,debit
508021,00-99,,IT,maestro,debit
508022,00-99,,US,ebt,debit
508023,00-99,,US,ebt,debit
508024,00-99,,US,ebt,debit
508025,00-99,,US,ebt,debit
508026,00-99,,US,ebt,debit
508027,00-99,,US,ebt,debit
508028,00-99,,US,ebt,debit
508029,00-99,,US,ebt,debit
508030,00-99,,US,ebt,debit
508031,00-99,,US,ebt,debit
508032,00-99,,US,ebt,debit
508033,00-99,,US,ebt,debit
508034,00-99,,US,ebt,debit
508035,00-99,,US,ebt,debit
508036,00-99,,RU,maestro,debit
508037,00-99,,US,ebt,debit
508038,00-99,,US,ebt,debit
508039,00-99,,US,ebt,debit
508040,00-99,,US,ebt,debit
508041,00-99,,US,ebt,debit
508042,00-99,,US,ebt,debit
508043,00-99,,US,ebt,debit
508044,00-99,,US,ebt,debit
508045,00-99,,US,ebt,debit
508046,00-99,,BR,maestro,debit
508047,00-99,,US,ebt,debit
508048,00-99,,US,ebt,debit
508049,00-99,,US,ebt,debit
508050,00-99,,US,ebt,debit
508051,00-99,,US,ebt,debit
508052,00-99,,BR,maestro,debit
508053,00-99,,US,ebt,debit
508054,00-99,,US,ebt,debit
508055,00-99,,US,ebt,debit
508056,00-99,AMERICA FIRST FEDERAL CREDIT UNION,US,ebt,debit
508057,00-99,,US,ebt,debit
508058,00-99,,US,ebt,debit
508059,00-99,,US,ebt,debit
508060,00-99,,US,ebt,debit
508061,00-99,,US,ebt,debit
508062,00-99,,US,ebt,debit
508063,00-99,,US,ebt,debit
508064,00-99,,US,ebt,debit
508065,00-99,,US,ebt,debit
508066,00-99,,US,ebt,debit
508067,00-99,,US,ebt,debit
508068,00-99,,US,ebt,debit
508069,00-99,,US,ebt,debit
508070,00-99,,US,ebt,debit
508071,00-99,,US,ebt,debit
508072,00-99,,US,ebt,debit
508073,00-99,,US,ebt,debit
508074,00-99,,US,ebt,debit
508075,00-99,,US,ebt,debit
508076,00-99,,US,ebt,debit
508077,00-99,,US,ebt,debit
508078,00-99,,US,ebt,debit
508079,00-99,,US,ebt,debit
508080,00-99,,US,ebt,debit
508081,00-99,,US,ebt,debit
508082,00-99,,US,ebt,debit
508083,00-99,,US,ebt,debit
508084,00-99,,US,ebt,debit
508085,00-99,,US,ebt,debit
508086,00-99,,US,ebt,debit
508087,00-99,,US,ebt,debit
508088,00-99,,US,ebt,debit
508089,00-99,,US,ebt,debit
508090,00-99,,US,ebt,debit
508092,00-99,,US,ebt,debit
508093,00-99,,US,ebt,debit
508094,00-99,,US,ebt,debit
508095,00-99,,US,ebt,debit
508096,00-99,,US,ebt,debit
508097,00-99,,US,ebt,debit
508098,00-99,,MA,maestro,debit
508099,00-99,,US,ebt,debit
508100,00-99,,BR,maestro,debit
508101,00-99,,US,cirrus,debit
508102,00-99,,ID,maestro,debit
508103,00-99,,PH,maestro,debit
508104,00-99,,US,ebt,debit
508105,00-99,,US,ebt,debit
508106,00-99,,US,cirrus,debit
508107,00-99,,US,ebt,debit
508108,00-99,,US,cirrus,debit
508109,00-99,,US,cirrus,debit
508110,00-99,,US,cirrus,debit
508111,00-99,,US,maestro,debit
508112,00-99,,US,cirrus,debit
508113,00-99,,US,maestro,debit
508114,00-99,CITIBANK EUROPE PUBLIC LTD.,HU,maestro,debit
508115,00-99,,US,ebt,debit
508116,00-99,,US,ebt,debit
508117,00-99,,US,ebt,debit
508118,00-99,,US,ebt,debit
508119,00-99,,US,ebt,debit
508120,00-99,,US,ebt,debit
508121,00-99,,US,cirrus,debit
508122,00-99,MASTERCARD FRANCE S.A.S.,FR,maestro,debit
508123,00-99,,US,ebt,debit
508124,00-99,,JP,maestro,debit
508125,00-99,,US,maestro,debit
508126,00-99,,US,maestro,debit
508127,00-99,CITIBANK,TH,maestro,debit
508128,00-99,,US,ebt,debit
508129,00-99,DENIZBANK A.S.,TR,maestro,debit
508131,00-99,,US,ebt,debit
508132,00-99,SOUTH DAKOTA EBT ISSUED BY EFUNDS,US,ebt,debit
508133,00-99,,US,ebt,debit
508134,00-99,,US,cirrus,debit
508135,00-99,,US,ebt,debit
508136,00-99,,US,ebt,debit
508137,00-99,,US,ebt,debit
508138,00-99,,US,ebt,debit
508139,00-99,FLORIDA EBT,US,ebt,debit
508140,00-99,,LU,maestro,debit
508141,00-99,,US,ebt,debit
508142,00-99,,US,ebt,debit
508143,00-99,,US,cirrus,debit
508144,00-99,,PE,maestro,debit
508145,00-99,BANK HANDLOWY W WARSZAWIE S.A.,PL,maestro,debit
508146,00-99,,US,ebt,debit
508147,00-99,OKLAHOMA EBT ISSUED BY AFFILIATED COMPUTER SERVICES,US,ebt,debit
508148,00-99,GEORGIA EBT ISSUED BY JPMORGAN EFS,US,ebt,debit
508149,00-99,,US,maestro,debit
508150,00-99,,MN,maestro,debit
508151,00-99,,US,ebt,debit
508152,00-99,,US,ebt,debit
508153,00-99,,US,ebt,debit
508154,00-99,,US,cirrus,debit
508155,00-99,,MA,maestro,debit
508156,00-99,,US,ebt,debit
508157,00-99,,US,ebt,debit
508158,00-99,,US,ebt,debit
508159,00-99,,IN,maestro,debit
508160,00-99,SAUDI AMERICAN BANK,SA,maestro,debit
508161,00-99,NAVY FEDERAL CREDIT UNION,US,ebt,debit
508162,00-99,,US,ebt,debit
508163,00-99,,US,ebt,debit
508164,00-99,,US,cirrus,debit
508165,00-99,,US,ebt,debit
508166,00-99,,US,ebt,debit
508167,00-99,,US,ebt,debit
508168,00-99,,US,ebt,debit
508169,00-99,,US,ebt,debit
508170,00-99,,US,ebt,debit
508171,00-99,,US,ebt,debit
508172,00-99,,US,ebt,debit
508173,00-99,,US,ebt,debit
508174,00-99,,US,ebt,debit
508175,00-99,,US,ebt,debit
508176,00-99,,US,ebt,debit
508177,00-99,,US,ebt,debit
508178,00-99,,US,ebt,debit
508179,00-99,,US,ebt,debit
508180,00-99,,US,ebt,debit
508181,00-99,CITIBANK,US,cirrus,debit
508182,00-99,,US,ebt,debit
508184,00-99,,US,cirrus,debit
508186,00-99,,US,ebt,debit
508187,00-99,,US,ebt,debit
508188,00-99,,PE,maestro,debit
508189,00-99,,US,ebt,debit
508190,00-99,,IT,maestro,debit
508191,00-99,,US,ebt,debit
508192,00-99,,US,ebt,debit
508193,00-99,,US,ebt,debit
508194,00-99,CITIBANK A.S.,CZ,maestro,debit
508195,00-99,,US,ebt,debit
508196,00-99,,US,cirrus,debit
508197,00-99,,US,ebt,debit
508198,00-99,,US,ebt,debit
508199,00-99,,US,cirrus,debit
508200,00-99,,US,ebt,debit
508201,00-99,,US,ebt,debit
508202,00-99,,SG,maestro,debit
508203,00-99,,US,ebt,debit
508204,00-99,,US,ebt,debit
508205,00-99,,US,ebt,debit
508206,00-99,,US,ebt,debit
508207,00-99,,GB,maestro,debit
508208,00-99,,US,ebt,debit
508209,00-99,,US,ebt,debit
508210,00-99,,US,ebt,debit
508211,00-99,,US,ebt,debit
508212,00-99,,US,ebt,debit
508213,00-99,,US,ebt,debit
508214,00-99,,US,ebt,debit
508215,00-99,,US,ebt,debit
508216,00-99,,US,ebt,debit
508217,00-99,,US,ebt,debit
508218,00-99,,US,ebt,debit
508219,00-99,,US,ebt,debit
508220,00-99,,US,ebt,debit
508221,00-99,,US,ebt,debit
508222,00-99,,US,ebt,debit
508223,00-99,,US,ebt,debit
508224,00-99,,US,ebt,debit
508225,00-99,,US,ebt,debit
508226,00-99,,US,maestro,debit
508227,00-99,,US,maestro,debit
508228,00-99,,US,ebt,debit
508229,00-99,CITIBANK N.A.,US,ebt,debit
508230,00-99,,US,ebt,debit
508231,00-99,,US,ebt,debit
508232,00-99,,US,ebt,debit
508233,00-99,,SG,maestro,debit
508234,00-99,,PH,maestro,debit
508235,00-99,,US,ebt,debit
508236,00-99,,MO,maestro,debit
508237,00-99,,TH,maestro,debit
508238,00-99,,US,ebt,debit
508239,00-99,,US,ebt,debit
508240,00-99,,US,ebt,debit
508241,00-99,,IT,maestro,debit
508242,00-99,,US,cirrus,debit
508243,00-99,CITIBANK SINGAPORE LTD.,SG,maestro,debit
508244,00-99,CITIBANK SINGAPORE LTD.,SG,maestro,debit
508245,00-99,CITIBANK SINGAPORE LTD.,SG,maestro,debit
508246,00-99,CITIBANK N.A.,ID,maestro,debit
508247,00-99,CITIBANK (HONG KONG) LTD.,HK,maestro,debit
508248,00-99,,DZ,maestro,debit
508249,00-99,,US,ebt,debit
508250,00-99,,GB,maestro,debit
508251,00-99,CITIBANK (HONG KONG) LTD.,HK,cirrus,debit
508253,00-99,,US,ebt,debit
508254,00-99,,US,ebt,debit
508255,00-99,,US,ebt,debit
508256,00-99,,US,ebt,debit
508257,00-99,,US,ebt,debit
508258,00-99,,US,ebt,debit
508259,00-99,,US,ebt,debit
508260,00-99,,US,ebt,debit
508261,00-99,,US,ebt,debit
508262,00-99,,US,ebt,debit
508263,00-99,,US,ebt,debit
508264,00-99,,US,ebt,debit
508265,00-99,,US,ebt,debit
508266,00-99,,US,ebt,debit
508267,00-99,,US,ebt,debit
508268,00-99,,US,ebt,debit
508269,00-99,,US,ebt,debit
508270,00-99,,US,ebt,debit
508271,00-99,,US,ebt,debit
508272,00-99,,US,ebt,debit
508273,00-99,,US,ebt,debit
508274,00-99,,US,ebt,debit
508275,00-99,,US,ebt,debit
508276,00-99,,US,ebt,debit
508277,00-99,,US,ebt,debit
508278,00-99,,US,ebt,debit
508279,00-99,,US,ebt,debit
508280,00-99,,US,ebt,debit
508282,00-99,,US,ebt,debit
508283,00-99,,US,ebt,debit
508284,00-99,,US,ebt,debit
508285,00-99,,US,ebt,debit
508286,00-99,,US,ebt,debit
508287,00-99,,US,ebt,debit
508288,00-99,,US,ebt,debit
508289,00-99,,US,ebt,debit
508290,00-99,,US,ebt,debit
508291,00-99,,US,ebt,debit
508292,00-99,,US,ebt,debit
508293,00-99,,BR,maestro,debit
508294,00-99,,ES,maestro,debit
508295,00-99,,US,ebt,debit
508296,00-99,,US,ebt,debit
508297,00-99,,US,ebt,debit
508298,00-99,,US,ebt,debit
508299,00-99,,US,ebt,debit
508300,00-99,,US,ebt,debit
508301,00-99,,US,ebt,debit
508302,00-99,,US,ebt,debit
508303,00-99,,US,ebt,debit
508304,00-99,,US,ebt,debit
508305,00-99,,US,ebt,debit
508306,00-99,,US,ebt,debit
508307,00-99,,US,ebt,debit
508308,00-99,,US,ebt,debit
508309,00-99,,US,ebt,debit
508310,00-99,,US,ebt,debit
508311,00-99,,US,ebt,debit
508312,00-99,,US,ebt,debit
508313,00-99,,US,ebt,debit
508314,00-99,,US,ebt,debit
508315,00-99,,US,ebt,debit
508316,00-99,,US,ebt,debit
508317,00-99,,US,ebt,debit
508318,00-99,,US,ebt,debit
508319,00-99,,US,ebt,debit
508320,00-99,,US,ebt,debit
508321,00-99,,US,ebt,debit
508322,00-99,,US,ebt,debit
508323,00-99,,US,ebt,debit
508324,00-99,,US,ebt,debit
508325,00-99,,US,ebt,debit
508326,00-99,,US,ebt,debit
508327,00-99,,KR,maestro,debit
508328,00-99,,US,ebt,debit
508329,00-99,,US,ebt,debit
508330,00-99,,US,ebt,debit
508331,00-99,,US,ebt,debit
508332,00-99,,US,ebt,debit
508333,00-99,,US,ebt,debit
508334,00-99,,US,ebt,debit
508335,00-99,,US,ebt,debit
508336,00-99,,US,ebt,debit
508337,00-99,,US,ebt,debit
508338,00-99,,US,ebt,debit
508339,00-99,,US,ebt,debit
508340,00-99,,US,ebt,debit
508341,00-99,,US,ebt,debit
508342,00-99,,US,ebt,debit
508343,00-99,,US,ebt,debit
508344,00-99,,US,ebt,debit
508345,00-99,,US,ebt,debit
508346,00-99,,US,ebt,debit
508347,00-99,,US,ebt,debit
508348,00-99,,US,ebt,debit
508349,00-99,,US,ebt,debit
508350,00-99,,US,ebt,debit
508351,00-99,,US,ebt,debit
508352,00-99,,US,ebt,debit
508353,00-99,,US,ebt,debit
508354,00-99,,US,ebt,debit
508355,00-99,,US,ebt,debit
508356,00-99,,US,ebt,debit
508357,00-99,,US,ebt,debit
508358,00-99,,US,ebt,debit
508359,00-99,,US,ebt,debit
508361,00-99,,US,ebt,debit
508362,00-99,,US,ebt,debit
508364,00-99,,US,ebt,debit
508365,00-99,,US,ebt,debit
508366,00-99,,US,ebt,debit
508367,00-99,,US,ebt,debit
508368,00-99,,US,ebt,debit
508369,00-99,,US,ebt,debit
508370,00-99,,US,ebt,debit
508371,00-99,,US,ebt,debit
508372,00-99,,US,ebt,debit
508373,00-99,,US,ebt,debit
508374,00-99,,US,ebt,debit
508375,00-99,,US,ebt,debit
508376,00-99,,US,ebt,debit
508377,00-99,,US,ebt,debit
508378,00-99,,US,ebt,debit
508379,00-99,,US,ebt,debit
508380,00-99,,US,ebt,debit
508381,00-99,,US,ebt,debit
508382,00-99,,US,ebt,debit
508383,00-99,,US,ebt,debit
508384,00-99,,US,ebt,debit
508385,00-99,,US,ebt,debit
508386,00-99,,US,ebt,debit
508387,00-99,,US,ebt,debit
508388,00-99,,US,ebt,debit
508389,00-99,,US,ebt,debit
508390,00-99,,US,ebt,debit
508391,00-99,,US,ebt,debit
508392,00-99,,US,ebt,debit
508393,00-99,,US,ebt,debit
508394,00-99,,US,ebt,debit
508395,00-99,,US,ebt,debit
508396,00-99,,US,ebt,debit
508397,00-99,,US,ebt,debit
508398,00-99,,US,ebt,debit
508399,00-99,,US,ebt,debit
508400,00-99,,US,ebt,debit
508401,00-99,,US,ebt,debit
508402,00-99,,US,ebt,debit
508403,00-99,,US,ebt,debit
508404,00-99,,US,ebt,debit
508405,00-99,,US,ebt,debit
508406,00-99,AO RAIFFEISENBANK,RU,maestro,debit
508407,00-99,,US,ebt,debit
508408,00-99,,US,ebt,debit
508409,00-99,,US,ebt,debit
508411,00-99,,US,ebt,debit
508412,00-99,,US,ebt,debit
508413,00-99,,US,ebt,debit
508414,00-99,,US,ebt,debit
508415,00-99,,US,ebt,debit
508416,00-99,,US,ebt,debit
508418,00-99,,RU,maestro,debit
508419,00-99,,US,ebt,debit
508420,00-99,,RU,maestro,debit
508421,00-99,,US,ebt,debit
508422,00-99,,US,ebt,debit
508423,00-99,,US,ebt,debit
508424,00-99,,US,ebt,debit
508425,00-99,,US,ebt,debit
508426,00-99,,US,ebt,debit
508427,00-99,,US,ebt,debit
508428,00-99,,US,ebt,debit
508429,00-99,,US,ebt,debit
508430,00-99,,US,ebt,debit
508431,00-99,,US,ebt,debit
508432,00-99,,US,ebt,debit
508433,00-99,,US,ebt,debit
508434,00-99,,US,ebt,debit
508435,00-99,,US,ebt,debit
508436,00-99,,US,ebt,debit
508437,00-99,,US,ebt,debit
508438,00-99,,US,ebt,debit
508439,00-99,,US,ebt,debit
508440,00-99,,US,ebt,debit
508441,00-99,,US,ebt,debit
508442,00-99,,US,ebt,debit
508443,00-99,,US,ebt,debit
508444,00-99,,US,ebt,debit
508445,00-99,,US,ebt,debit
508446,00-99,,RU,maestro,debit
508447,00-99,,US,ebt,debit
508448,00-99,,US,ebt,debit
508449,00-99,,RU,maestro,debit
508450,00-99,,RU,maestro,debit
508451,00-99,,US,ebt,debit
508452,00-99,,US,ebt,debit
508453,00-99,,US,ebt,debit
508454,00-99,,US,ebt,debit
508455,00-99,,US,ebt,debit
508456,00-99,,US,ebt,debit
508457,00-99,,US,ebt,debit
508458,00-99,,US,ebt,debit
508459,00-99,,US,ebt,debit
508460,00-99,,US,ebt,debit
508461,00-99,,US,ebt,debit
508462,00-99,,US,ebt,debit
508463,00-99,,US,ebt,debit
508464,00-99,,US,ebt,debit
508465,00-99,,US,ebt,debit
508466,00-99,,US,ebt,debit
508467,00-99,,US,ebt,debit
508468,00-99,,US,ebt,debit
508469,00-99,,US,ebt,debit
508470,00-99,,US,ebt,debit
508471,00-99,,US,ebt,debit
508472,00-99,,US,ebt,debit
508473,00-99,,SE,maestro,debit
508474,00-99,,US,ebt,debit
508475,00-99,,US,ebt,debit
508476,00-99,,US,ebt,debit
508477,00-99,,US,ebt,debit
508478,00-99,,US,ebt,debit
508479,00-99,,US,ebt,debit
508480,00-99,,US,ebt,debit
508481,00-99,,US,ebt,debit
508482,00-99,,US,ebt,debit
508483,00-99,,US,ebt,debit
508484,00-99,,US,ebt,debit
508485,00-99,,US,ebt,debit
508486,00-99,,BR,maestro,debit
508487,00-99,,US,ebt,debit
508488,00-99,,US,ebt,debit
508489,00-99,,US,ebt,debit
508490,00-99,,US,ebt,debit
508491,00-99,,RU,maestro,debit
508492,00-99,,US,ebt,debit
508493,00-99,,US,ebt,debit
508494,00-99,,US,ebt,debit
508495,00-99,,US,ebt,debit
508496,00-99,,US,ebt,debit
508497,00-99,,US,ebt,debit
508499,00-99,,US,ebt,debit
508500,00-99,UNION BANK OF INDIA,IN,rupay,debit
508501,00-99,GOPINATH PATIL PARSIK JANATA SAHAKARI BANK,IN,rupay,debit
508502,00-99,PUNJAB NATIONAL BANK,IN,rupay,debit
508503,00-99,UNION BANK OF INDIA,IN,rupay,debit
508504,00-99,GOPINATH PATIL PARSIK JANATA SAHAKARI BANK,IN,rupay,debit
508505,00-99,BANK OF INDIA,IN,rupay,debit
508506,00-99,HDFC BANK,IN,rupay,debit
508507,00-99,RBL BANK,IN,rupay,debit
508508,00-99,CANARA BANK,IN,rupay,debit
508509,00-99,BANK OF INDIA,IN,rupay,debit
508510,00-99,BANK OF BARODA,IN,rupay,debit
508511,00-99,,IN,rupay,debit
508512,00-99,BASSEIN CATHOLIC CO-OPERATIVE BANK,IN,rupay,debit
508513,00-99,,IN,rupay,credit
508514,00-99,,IN,rupay,debit
508515,00-99,BANK OF INDIA,IN,rupay,debit
508516,00-99,BANK OF INDIA,IN,rupay,debit
508517,00-99,MEHSANA URBAN CO-OPERATIVE BANK,IN,rupay,debit
508518,00-99,PUNJAB NATIONAL BANK,IN,rupay,debit
508519,00-99,IDBI,IN,rupay,debit
508520,00-99,,IN,rupay,debit
508521,00-99,BANK OF INDIA,IN,rupay,debit
508522,00-99,ICICI BANK,IN,rupay,debit
508523,00-99,EQUITAS SMALL FINANCE BANK,IN,rupay,debit
508524,00-99,UTKARSH SMALL FINANCE BANK,IN,rupay,debit
508525,00-99,IDBI,IN,rupay,debit
508526,00-99,BANK OF INDIA,IN,rupay,debit
508527,00-99,DEVELOPMENT BANK OF SINGAPORE,IN,rupay,debit
508528,00-99,PUNJAB NATIONAL BANK,IN,rupay,debit
508529,00-99,CANARA BANK,IN,rupay,debit
508530,00-99,AXIS BANK,IN,rupay,debit
508531,00-99,CANARA BANK,IN,rupay,debit
508532,00-99,CANARA BANK,IN,rupay,debit
508533,00-99,THANE JANATA SAHAKARI BANK,IN,rupay,debit
508534,00-99,ICICI BANK,IN,rupay,debit
508535,00-99,,IN,rupay,debit
508536,00-99,INDIAN BANK,IN,rupay,debit
508537,00-99,CANARA BANK,IN,rupay,debit
508538,00-99,STATE BANK OF INDIA,IN,rupay,debit
508539,00-99,YES BANK,IN,rupay,debit
508540,00-99,INDIAN BANK,IN,rupay,debit
508541,00-99,INDIAN OVERSEAS BANK,IN,rupay,debit
508542,00-99,DEVELOPMENT BANK OF SINGAPORE,IN,rupay,debit
508543,00-99,SARASWAT CO-OPERATIVE BANK,IN,rupay,debit
508544,00-99,ICICI BANK,IN,rupay,debit
508545,00-99,CITY UNION BANK,IN,rupay,debit
508546,00-99,PUNJAB NATIONAL BANK,IN,rupay,debit
508547,00-99,BANK OF BARODA,IN,rupay,debit
508548,00-99,STATE BANK OF INDIA,IN,rupay,debit
508549,00-99,AXIS BANK,IN,rupay,debit
508550,00-99,,IN,rupay,credit
508551,00-99,JANASEVA SAHAKARI BANK,IN,rupay,debit
508552,00-99,PUNJAB & SIND BANK,IN,rupay,debit
508553,00-99,RBL BANK,IN,rupay,debit
508554,00-99,ICICI BANK,IN,rupay,debit
508555,00-99,RBL BANK,IN,rupay,debit
508556,00-99,YES BANK,IN,rupay,debit
508557,00-99,SARASWAT CO-OPERATIVE BANK,IN,rupay,debit
508558,00-99,RBL BANK,IN,rupay,debit
508559,00-99,AXIS BANK,IN,rupay,debit
508560,00-99,IDBI,IN,rupay,debit
508561,00-99,AXIS BANK,IN,rupay,debit
508562,00-99,HDFC BANK,IN,rupay,debit
508563,00-99,ICICI BANK,IN,rupay,debit
508564,00-99,ICICI BANK,IN,rupay,debit
508565,00-99,INDIAN OVERSEAS BANK,IN,rupay,debit
508566,00-99,ICICI BANK,IN,rupay,debit
508567,00-99,ICICI BANK,IN,rupay,debit
508568,00-99,PUNJAB NATIONAL BANK,IN,rupay,debit
508569,00-99,,IN,rupay,debit
508570,00-99,SOLAPUR JANATA SAHAKARI BANK,IN,rupay,debit
508571,00-99,KALLAPPANNA AWADE ICHALKARANJI JANATA SAHAKARI BANK,IN,rupay,debit
508572,00-99,HDFC BANK,IN,rupay,debit
508573,00-99,HDFC BANK,IN,rupay,debit
508574,00-99,SHAMRAO VITHAL CO-OPERATIVE BANK,IN,rupay,debit
508575,00-99,,IN,rupay,debit
508576,00-99,GREATER BOMBAY CO-OPERATIVE BANK,IN,rupay,debit
508577,00-99,AXIS BANK,IN,rupay,debit
508578,00-99,,IN,rupay,debit
508579,00-99,ICICI BANK,IN,rupay,debit
508580,00-99,,IN,rupay,debit
508581,00-99,STATE BANK OF INDIA,IN,rupay,debit
508582,00-99,NORTH EAST SMALL FINANCE BANK,IN,rupay,debit
508583,00-99,AXIS BANK,IN,rupay,debit
508584,00-99,HDFC BANK,IN,rupay,debit
508585,00-99,ORIENTAL BANK OF COMMERCE,IN,rupay,debit
508586,00-99,,IN,rupay,debit
508587,00-99,ICICI BANK,IN,rupay,debit
508588,00-99,IDBI,IN,rupay,debit
508589,00-99,HDFC BANK,IN,rupay,debit
508590,00-99,PUNJAB & MAHARASHTRA CO-OPERATIVE BANK,IN,rupay,debit
508591,00-99,STATE BANK OF INDIA,IN,rupay,debit
508592,00-99,ICICI BANK,IN,rupay,debit
508593,00-99,AXIS BANK,IN,rupay,debit
508594,00-99,FEDERAL BANK,IN,rupay,debit
508595,00-99,,IN,rupay,debit
508596,00-99,ICICI BANK,IN,rupay,debit
508597,00-99,SHAMRAO VITHAL CO-OPERATIVE BANK,IN,rupay,debit
508598,00-99,YES BANK,IN,rupay,debit
508599,00-99,,IN,rupay,debit
508600,00-99,ICICI BANK,IN,rupay,debit
508601,00-99,KOTAK MAHINDRA BANK,IN,rupay,debit
508602,00-99,AXIS BANK,IN,rupay,debit
508603,00-99,HASTI CO-OPERATIVE BANK,IN,rupay,debit
508604,00-99,,IN,rupay,debit
508605,00-99,,IN,rupay,debit
508606,00-99,,IN,rupay,credit
508607,00-99,HDFC BANK,IN,rupay,debit
508608,00-99,HDFC BANK,IN,rupay,debit
508609,00-99,STATE BANK OF INDIA,IN,rupay,debit
508610,00-99,HDFC BANK,IN,rupay,debit
508611,00-99,ICICI BANK,IN,rupay,debit
508612,00-99,ADARSH CO-OPERATIVE BANK LTD. RAJASTAN,IN,rupay,debit
508613,00-99,YES BANK,IN,rupay,debit
508614,00-99,HDFC BANK,IN,rupay,debit
508615,00-99,,IN,rupay,debit
508616,00-99,UNION BANK OF INDIA,IN,rupay,debit
508617,00-99,UNION BANK OF INDIA,IN,rupay,debit
508618,00-99,,IN,rupay,credit
508619,00-99,HDFC BANK,IN,rupay,debit
508620,00-99,CATHOLIC SYRIAN BANK,IN,rupay,debit
508621,00-99,ICICI BANK,IN,rupay,debit
508622,00-99,HDFC BANK,IN,rupay,debit
508623,00-99,,IN,rupay,debit
508624,00-99,,IN,rupay,debit
508625,00-99,HDFC BANK,IN,rupay,debit
508626,00-99,,IN,rupay,debit
508627,00-99,HDFC BANK,IN,rupay,debit
508628,00-99,CENTRAL BANK OF INDIA,IN,rupay,debit
508629,00-99,IDBI,IN,rupay,debit
508630,00-99,MAHANAGAR CO-OPERATIVE BANK,IN,rupay,debit
508631,00-99,IDBI,IN,rupay,debit
508632,00-99,IDBI,IN,rupay,debit
508633,00-99,YES BANK,IN,rupay,debit
508634,00-99,SHIVALIK MERCANTILE CO-OPERATIVE BANK,IN,rupay,debit
508635,00-99,HDFC BANK,IN,rupay,debit
508636,00-99,HDFC BANK,IN,rupay,debit
508637,00-99,INDUSIND BANK,IN,rupay,debit
508638,00-99,BANK OF BARODA,IN,rupay,debit
508639,00-99,ICICI BANK,IN,rupay,debit
508640,00-99,BANK OF MAHARASHTRA,IN,rupay,debit
508641,00-99,,IN,rupay,debit
508642,00-99,HDFC BANK,IN,rupay,debit
508643,00-99,YES BANK,IN,rupay,debit
508644,00-99,YES BANK,IN,rupay,debit
508645,00-99,,IN,rupay,debit
508646,00-99,TAMILNADU STATE APEX CO-OPERATIVE BANK,IN,rupay,debit
508647,00-99,TAMILNADU STATE APEX CO-OPERATIVE BANK,IN,rupay,debit
508648,00-99,TAMILNADU STATE APEX CO-OPERATIVE BANK,IN,rupay,debit
508649,00-99,TAMILNADU STATE APEX CO-OPERATIVE BANK,IN,rupay,debit
508650,00-99,SHAMRAO VITHAL CO-OPERATIVE BANK,IN,rupay,debit
508651,00-99,AXIS BANK,IN,rupay,debit
508652,00-99,AXIS BANK,IN,rupay,debit
508653,00-99,AXIS BANK,IN,rupay,debit
508654,00-99,TAMILNADU STATE APEX CO-OPERATIVE BANK,IN,rupay,debit
508655,00-99,TAMILNADU STATE APEX CO-OPERATIVE BANK,IN,rupay,debit
508656,00-99,TAMILNADU STATE APEX CO-OPERATIVE BANK,IN,rupay,debit
508657,00-99,TAMILNADU STATE APEX CO-OPERATIVE BANK,IN,rupay,debit
508658,00-99,TAMILNADU STATE APEX CO-OPERATIVE BANK,IN,rupay,debit
508659,00-99,TAMILNADU STATE APEX CO-OPERATIVE BANK,IN,rupay,debit
508660,00-99,TAMILNADU STATE APEX CO-OPERATIVE BANK,IN,rupay,debit
508661,00-99,DCB BANK,IN,rupay,debit
508662,00-99,,IN,rupay,debit
508663,00-99,YES BANK,IN,rupay,debit
508664,00-99,TAMILNADU STATE APEX CO-OPERATIVE BANK,IN,rupay,debit
508665,00-99,TAMILNADU STATE APEX CO-OPERATIVE BANK,IN,rupay,debit
508666,00-99,,IN,rupay,debit
508667,00-99,IDBI,IN,rupay,debit
508668,00-99,,IN,rupay,debit
508669,00-99,IDBI,IN,rupay,debit
508670,00-99,GUJARAT STATE CO-OPERATIVE BANK,IN,rupay,debit
508671,00-99,GUJARAT STATE CO-OPERATIVE BANK,IN,rupay,debit
508672,00-99,GUJARAT STATE CO-OPERATIVE BANK,IN,rupay,debit
508673,00-99,IDBI,IN,rupay,debit
508674,00-99,IDBI,IN,rupay,debit
508675,00-99,IDBI,IN,rupay,debit
508676,00-99,TAMILNADU STATE APEX CO-OPERATIVE BANK,IN,rupay,debit
508677,00-99,TAMILNADU STATE APEX CO-OPERATIVE BANK,IN,rupay,debit
508678,00-99,TAMILNADU STATE APEX CO-OPERATIVE BANK,IN,rupay,debit
508679,00-99,TAMILNADU STATE APEX CO-OPERATIVE BANK,IN,rupay,debit
508680,00-99,TAMILNADU STATE APEX CO-OPERATIVE BANK,IN,rupay,debit
508681,00-99,TAMILNADU STATE APEX CO-OPERATIVE BANK,IN,rupay,debit
508682,00-99,INDIAN OVERSEAS BANK,IN,rupay,debit
508683,00-99,ICICI BANK,IN,rupay,debit
508684,00-99,AXIS BANK,IN,rupay,debit
508685,00-99,SHAMRAO VITHAL CO-OPERATIVE BANK,IN,rupay,debit
508686,00-99,AXIS BANK,IN,rupay,debit
508687,00-99,AXIS BANK,IN,rupay,debit
508688,00-99,,IN,rupay,debit
508689,00-99,IDBI,IN,rupay,debit
508690,00-99,KARNATAKA STATE CO-OPERATIVE APEX BANK,IN,rupay,debit
508691,00-99,HDFC BANK,IN,rupay,debit
508692,00-99,,IN,rupay,debit
508693,00-99,BANK OF INDIA,IN,rupay,debit
508694,00-99,BANK OF INDIA,IN,rupay,debit
508695,00-99,BANK OF INDIA,IN,rupay,debit
508696,00-99,BANK OF INDIA,IN,rupay,debit
508697,00-99,BANK OF INDIA,IN,rupay,debit
508698,00-99,BANK OF INDIA,IN,rupay,debit
508699,00-99,AXIS BANK,IN,rupay,debit
508700,00-99,AXIS BANK,IN,rupay,debit
508701,00-99,KARNATAKA STATE CO-OPERATIVE APEX BANK,IN,rupay,debit
508702,00-99,,IN,rupay,debit
508703,00-99,PUNJAB NATIONAL BANK,IN,rupay,debit
508704,00-99,PUNJAB & SIND BANK,IN,rupay,debit
508705,00-99,,IN,rupay,debit
508706,00-99,UNION BANK OF INDIA,IN,rupay,debit
508707,00-99,BANK OF BARODA,IN,rupay,debit
508708,00-99,CANARA BANK,IN,rupay,debit
508709,00-99,INDIAN OVERSEAS BANK,IN,rupay,debit
508710,00-99,CANARA BANK,IN,rupay,debit
508711,00-99,AXIS BANK,IN,rupay,debit
508712,00-99,BANK OF INDIA,IN,rupay,debit
508713,00-99,YES BANK,IN,rupay,debit
508714,00-99,,IN,rupay,credit
508715,00-99,STATE BANK OF INDIA,IN,rupay,debit
508716,00-99,IDBI,IN,rupay,debit
508717,00-99,IDBI,IN,rupay,debit
508718,00-99,IDBI,IN,rupay,debit
508719,00-99,IDBI,IN,rupay,debit
508720,00-99,TAMILNADU STATE APEX CO-OPERATIVE BANK,IN,rupay,debit
508721,00-99,INDIAN BANK,IN,rupay,debit
508722,00-99,AXIS BANK,IN,rupay,debit
508723,00-99,BANK OF INDIA,IN,rupay,debit
508724,00-99,BANK OF INDIA,IN,rupay,debit
508725,00-99,BANK OF INDIA,IN,rupay,debit
508726,00-99,PUNJAB NATIONAL BANK,IN,rupay,debit
508727,00-99,KARNATAKA BANK,IN,rupay,debit
508728,00-99,ICICI BANK,IN,rupay,debit
508729,00-99,HDFC BANK,IN,rupay,debit
508730,00-99,ICICI BANK,IN,rupay,debit
508731,00-99,IDBI,IN,rupay,debit
508732,00-99,TAMILNADU STATE APEX CO-OPERATIVE BANK,IN,rupay,debit
508733,00-99,HDFC BANK,IN,rupay,debit
508734,00-99,TAMILNADU STATE APEX CO-OPERATIVE BANK,IN,rupay,debit
508735,00-99,DOHA BANK QSC,IN,rupay,debit
508736,00-99,UNION BANK OF INDIA,IN,rupay,debit
508737,00-99,TAMILNADU STATE APEX CO-OPERATIVE BANK,IN,rupay,debit
508738,00-99,WEST BENGAL STATE CO-OPERATIVE BANK,IN,rupay,debit
508739,00-99,HDFC BANK,IN,rupay,debit
508740,00-99,ICICI BANK,IN,rupay,debit
508741,00-99,ICICI BANK,IN,rupay,debit
508742,00-99,ICICI BANK,IN,rupay,debit
508743,00-99,HDFC BANK,IN,rupay,debit
508744,00-99,BANK OF INDIA,IN,rupay,debit
508745,00-99,BANK OF INDIA,IN,rupay,debit
508746,00-99,BANK OF INDIA,IN,rupay,debit
508747,00-99,BANK OF INDIA,IN,rupay,debit
508748,00-99,BANK OF INDIA,IN,rupay,debit
508749,00-99,BANK OF INDIA,IN,rupay,debit
508750,00-99,BANK OF INDIA,IN,rupay,debit
508751,00-99,AXIS BANK,IN,rupay,debit
508752,00-99,AXIS BANK,IN,rupay,debit
508753,00-99,BANDHAN BANK,IN,rupay,debit
508754,00-99,ODISHA STATE CO-OPERATIVE BANK,IN,rupay,debit
508755,00-99,ODISHA STATE CO-OPERATIVE BANK,IN,rupay,debit
508756,00-99,ODISHA STATE CO-OPERATIVE BANK,IN,rupay,debit
508757,00-99,ODISHA STATE CO-OPERATIVE BANK,IN,rupay,debit
508758,00-99,ODISHA STATE CO-OPERATIVE BANK,IN,rupay,debit
508759,00-99,ODISHA STATE CO-OPERATIVE BANK,IN,rupay,debit
508760,00-99,ODISHA STATE CO-OPERATIVE BANK,IN,rupay,debit
508761,00-99,ODISHA STATE CO-OPERATIVE BANK,IN,rupay,debit
508762,00-99,ICICI BANK,IN,rupay,debit
508763,00-99,BANK OF INDIA,IN,rupay,debit
508764,00-99,IDBI,IN,rupay,debit
508765,00-99,IDBI,IN,rupay,debit
508766,00-99,BANK OF INDIA,IN,rupay,debit
508767,00-99,BANK OF INDIA,IN,rupay,debit
508768,00-99,BANK OF INDIA,IN,rupay,debit
508769,00-99,AXIS BANK,IN,rupay,debit
508770,00-99,HDFC BANK,IN,rupay,debit
508771,00-99,ODISHA STATE CO-OPERATIVE BANK,IN,rupay,debit
508772,00-99,ODISHA STATE CO-OPERATIVE BANK,IN,rupay,debit
508773,00-99,ODISHA STATE CO-OPERATIVE BANK,IN,rupay,debit
508774,00-99,ODISHA STATE CO-OPERATIVE BANK,IN,rupay,debit
508775,00-99,ODISHA STATE CO-OPERATIVE BANK,IN,rupay,debit
508776,00-99,ODISHA STATE CO-OPERATIVE BANK,IN,rupay,debit
508777,00-99,ODISHA STATE CO-OPERATIVE BANK,IN,rupay,debit
508778,00-99,ODISHA STATE CO-OPERATIVE BANK,IN,rupay,debit
508779,00-99,HDFC BANK,IN,rupay,debit
508780,00-99,BANK OF BARODA,IN,rupay,debit
508781,00-99,BANK OF BARODA,IN,rupay,debit
508782,00-99,ODISHA STATE CO-OPERATIVE BANK,IN,rupay,debit
508783,00-99,AXIS BANK,IN,rupay,debit
508784,00-99,IDBI,IN,rupay,debit
508785,00-99,HDFC BANK,IN,rupay,debit
508786,00-99,BANK OF INDIA,IN,rupay,debit
508787,00-99,ICICI BANK,IN,rupay,debit
508788,00-99,BANK OF INDIA,IN,rupay,debit
508789,00-99,BANK OF INDIA,IN,rupay,debit
508790,00-99,BANK OF INDIA,IN,rupay,debit
508791,00-99,BANK OF INDIA,IN,rupay,debit
508792,00-99,IDBI,IN,rupay,debit
508793,00-99,IDBI,IN,rupay,debit
508794,00-99,ICICI BANK,IN,rupay,debit
508795,00-99,YES BANK,IN,rupay,debit
508796,00-99,AXIS BANK,IN,rupay,debit
508797,00-99,HDFC BANK,IN,rupay,debit
508798,00-99,YES BANK,IN,rupay,debit
508799,00-99,,IN,rupay,credit
508800,00-99,IDBI,IN,rupay,debit
508801,00-99,IDBI,IN,rupay,debit
508802,00-99,FEDERAL BANK,IN,rupay,debit
508803,00-99,HDFC BANK,IN,rupay,debit
508804,00-99,YES BANK,IN,rupay,debit
508805,00-99,HDFC BANK,IN,rupay,debit
508806,00-99,STATE BANK OF INDIA,IN,rupay,debit
508807,00-99,BASSEIN CATHOLIC CO-OPERATIVE BANK,IN,rupay,debit
508808,00-99,UNION BANK OF INDIA,IN,rupay,debit
508809,00-99,STATE BANK OF INDIA,IN,rupay,debit
508810,00-99,STATE BANK OF INDIA,IN,rupay,debit
508811,00-99,,IN,rupay,debit
508812,00-99,ICICI BANK,IN,rupay,debit
508813,00-99,IDBI,IN,rupay,debit
508814,00-99,HDFC BANK,IN,rupay,debit
508815,00-99,IDBI,IN,rupay,debit
508816,00-99,AXIS BANK,IN,rupay,debit
508817,00-99,INDIAN OVERSEAS BANK,IN,rupay,debit
508818,00-99,HDFC BANK,IN,rupay,debit
508819,00-99,KARNATAKA STATE CO-OPERATIVE APEX BANK,IN,rupay,debit
508820,00-99,IDBI,IN,rupay,debit
508821,00-99,ICICI BANK,IN,rupay,debit
508822,00-99,TAMILNADU MERCANTILE BANK,IN,rupay,debit
508823,00-99,SARASWAT CO-OPERATIVE BANK,IN,rupay,debit
508824,00-99,YES BANK,IN,rupay,debit
508825,00-99,ICICI BANK,IN,rupay,debit
508826,00-99,,IN,rupay,debit
508827,00-99,YES BANK,IN,rupay,debit
508828,00-99,BANK OF BARODA,IN,rupay,debit
508829,00-99,BANK OF BARODA,IN,rupay,debit
508830,00-99,UNION BANK OF INDIA,IN,rupay,debit
508831,00-99,PUNJAB NATIONAL BANK,IN,rupay,debit
508832,00-99,CANARA BANK,IN,rupay,debit
508833,00-99,STATE BANK OF INDIA,IN,rupay,debit
508834,00-99,BANK OF BARODA,IN,rupay,debit
508835,00-99,KARNATAKA BANK,IN,rupay,debit
508836,00-99,BANK OF BARODA,IN,rupay,debit
508837,00-99,,IN,rupay,debit
508838,00-99,RBL BANK,IN,rupay,debit
508839,00-99,BANK OF BARODA,IN,rupay,debit
508840,00-99,UCO BANK,IN,rupay,debit
508841,00-99,CANARA BANK,IN,rupay,debit
508842,00-99,CANARA BANK,IN,rupay,debit
508843,00-99,IDBI,IN,rupay,debit
508844,00-99,,IN,rupay,debit
508845,00-99,HDFC BANK,IN,rupay,debit
508846,00-99,PUNJAB NATIONAL BANK,IN,rupay,debit
508847,00-99,BANK OF BARODA,IN,rupay,debit
508848,00-99,STATE BANK OF INDIA,IN,rupay,debit
508849,00-99,STATE BANK OF INDIA,IN,rupay,debit
508850,00-99,STATE BANK OF INDIA,IN,rupay,debit
508851,00-99,IDBI,IN,rupay,debit
508852,00-99,BANK OF INDIA,IN,rupay,debit
508853,00-99,BANK OF MAHARASHTRA,IN,rupay,debit
508854,00-99,VIDHARBHA KONKAN GRAMIN BANK,IN,rupay,credit
508855,00-99,TAMILNADU MERCANTILE BANK,IN,rupay,debit
508856,00-99,STATE BANK OF INDIA,IN,rupay,debit
508857,00-99,STATE BANK OF INDIA,IN,rupay,debit
508858,00-99,INDIAN BANK,IN,rupay,debit
508859,00-99,,IN,rupay,debit
508860,00-99,STATE BANK OF INDIA,IN,rupay,debit
508861,00-99,YES BANK,IN,rupay,debit
508862,00-99,,IN,rupay,credit
508863,00-99,BANK OF MAHARASHTRA,IN,rupay,debit
508864,00-99,TAMILNADU MERCANTILE BANK,IN,rupay,debit
508865,00-99,IDBI,IN,rupay,debit
508866,00-99,STATE BANK OF INDIA,IN,rupay,debit
508867,00-99,IDBI,IN,rupay,debit
508868,00-99,IDBI,IN,rupay,debit
508869,00-99,ICICI BANK,IN,rupay,debit
508870,00-99,GUJARAT STATE CO-OPERATIVE BANK,IN,rupay,debit
508871,00-99,GUJARAT STATE CO-OPERATIVE BANK,IN,rupay,debit
508872,00-99,STATE BANK OF INDIA,IN,rupay,debit
508873,00-99,GUJARAT STATE CO-OPERATIVE BANK,IN,rupay,debit
508874,00-99,HDFC BANK,IN,rupay,debit
508875,00-99,STATE BANK OF INDIA,IN,rupay,debit
508876,00-99,HDFC BANK,IN,rupay,debit
508877,00-99,INDIAN BANK,IN,rupay,debit
508878,00-99,AXIS BANK,IN,rupay,debit
508879,00-99,,IN,rupay,debit
508880,00-99,SOUTH INDIAN BANK,IN,rupay,debit
508881,00-99,,IN,rupay,credit
508882,00-99,CANARA BANK,IN,rupay,debit
508883,00-99,GUJARAT STATE CO-OPERATIVE BANK,IN,rupay,debit
508884,00-99,YES BANK,IN,rupay,debit
508885,00-99,BANK OF INDIA,IN,rupay,debit
508886,00-99,,IN,rupay,credit
508887,00-99,RBL BANK,IN,rupay,debit
508888,00-99,RBL BANK,IN,rupay,debit
508889,00-99,INDIAN OVERSEAS BANK,IN,rupay,debit
508890,00-99,ICICI BANK,IN,rupay,debit
508891,00-99,YES BANK,IN,rupay,debit
508892,00-99,YES BANK,IN,rupay,debit
508893,00-99,YES BANK,IN,rupay,debit
508894,00-99,RBL BANK,IN,rupay,debit
508895,00-99,PUNJAB NATIONAL BANK,IN,rupay,debit
508896,00-99,,IN,rupay,debit
508897,00-99,HDFC BANK,IN,rupay,debit
508898,00-99,STATE BANK OF INDIA,IN,rupay,debit
508899,00-99,STATE BANK OF INDIA,IN,rupay,debit
508900,00-99,AXIS BANK,IN,rupay,debit
508901,00-99,YES BANK,IN,rupay,debit
508902,00-99,ICICI BANK,IN,rupay,debit
508903,00-99,HDFC BANK,IN,rupay,debit
508904,00-99,IDBI,IN,rupay,debit
508905,00-99,AXIS BANK,IN,rupay,debit
508906,00-99,AXIS BANK,IN,rupay,debit
508907,00-99,ICICI BANK,IN,rupay,debit
508908,00-99,IDBI,IN,rupay,debit
508909,00-99,JANA SMALL FINANCE BANK,IN,rupay,debit
508910,00-99,JANA SMALL FINANCE BANK,IN,rupay,debit
508911,00-99,IDBI,IN,rupay,debit
508912,00-99,IDBI,IN,rupay,debit
508913,00-99,CAPITAL SMALL FINANCE BANK,IN,rupay,debit
508914,00-99,UNION BANK OF INDIA,IN,rupay,debit
508915,00-99,INDIAN BANK,IN,rupay,debit
508916,00-99,IDBI,IN,rupay,debit
508917,00-99,SHAMRAO VITHAL CO-OPERATIVE BANK,IN,rupay,debit
508918,00-99,AXIS BANK,IN,rupay,debit
508919,00-99,HDFC BANK,IN,rupay,debit
508920,00-99,STATE BANK OF INDIA,IN,rupay,debit
508921,00-99,IDBI,IN,rupay,debit
508922,00-99,IDBI,IN,rupay,debit
508923,00-99,ICICI BANK,IN,rupay,debit
508924,00-99,STATE BANK OF INDIA,IN,rupay,debit
508925,00-99,CANARA BANK,IN,rupay,debit
508926,00-99,CANARA BANK,IN,rupay,debit
508927,00-99,HDFC BANK,IN,rupay,debit
508928,00-99,CANARA BANK,IN,rupay,debit
508929,00-99,CANARA BANK,IN,rupay,debit
508930,00-99,CANARA BANK,IN,rupay,debit
508931,00-99,PUNJAB NATIONAL BANK,IN,rupay,debit
508932,00-99,PUNJAB NATIONAL BANK,IN,rupay,debit
508933,00-99,HDFC BANK,IN,rupay,debit
508934,00-99,PUNJAB NATIONAL BANK,IN,rupay,debit
508935,00-99,PUNJAB NATIONAL BANK,IN,rupay,debit
508936,00-99,IDBI,IN,rupay,debit
508937,00-99,IDBI,IN,rupay,debit
508938,00-99,HDFC BANK,IN,rupay,debit
508939,00-99,HDFC BANK,IN,rupay,debit
508940,00-99,KARNATAKA STATE CO-OPERATIVE APEX BANK,IN,rupay,debit
508941,00-99,ICICI BANK,IN,rupay,debit
508942,00-99,ICICI BANK,IN,rupay,debit
508943,00-99,IDBI,IN,rupay,debit
508944,00-99,UNION BANK OF INDIA,IN,rupay,debit
508945,00-99,PUNJAB NATIONAL BANK,IN,rupay,debit
508946,00-99,BANK OF BARODA,IN,rupay,debit
508947,00-99,ICICI BANK,IN,rupay,debit
508948,00-99,IDBI,IN,rupay,debit
508949,00-99,AXIS BANK,IN,rupay,debit
508950,00-99,HDFC BANK,IN,rupay,debit
508951,00-99,GOPINATH PATIL PARSIK JANATA SAHAKARI BANK,IN,rupay,debit
508952,00-99,STATE BANK OF INDIA,IN,rupay,debit
508953,00-99,STATE BANK OF INDIA,IN,rupay,debit
508954,00-99,KARUR VYSYA BANK,IN,rupay,debit
508955,00-99,STATE BANK OF INDIA,IN,rupay,debit
508956,00-99,STATE BANK OF INDIA,IN,rupay,debit
508957,00-99,STATE BANK OF INDIA,IN,rupay,debit
508958,00-99,IDBI,IN,rupay,debit
508959,00-99,ICICI BANK,IN,rupay,debit
508960,00-99,,IN,rupay,debit
508961,00-99,IDBI,IN,rupay,debit
508962,00-99,IDBI,IN,rupay,debit
508963,00-99,CENTRAL BANK OF INDIA,IN,rupay,debit
508964,00-99,IDBI,IN,rupay,debit
508965,00-99,SOUTH INDIAN BANK,IN,rupay,debit
508966,00-99,HDFC BANK,IN,rupay,debit
508967,00-99,IDBI,IN,rupay,debit
508968,00-99,BANDHAN BANK,IN,rupay,debit
508969,00-99,HDFC BANK,IN,rupay,debit
508970,00-99,,IN,rupay,debit
508971,00-99,SOUTH INDIAN BANK,IN,rupay,debit
508972,00-99,HDFC BANK,IN,rupay,debit
508973,00-99,HDFC BANK,IN,rupay,debit
508974,00-99,UNION BANK OF INDIA,IN,rupay,debit
508975,00-99,IDBI,IN,rupay,debit
508976,00-99,IDBI,IN,rupay,debit
508977,00-99,AXIS BANK,IN,rupay,debit
508978,00-99,STATE BANK OF INDIA,IN,local brand,debit
508979,00-99,PUNJAB NATIONAL BANK,IN,rupay,debit
508980,00-99,BANK OF BARODA,IN,rupay,debit
508981,00-99,IDBI,IN,rupay,debit
508982,00-99,YES BANK,IN,rupay,debit
508983,00-99,ICICI BANK,IN,rupay,debit
508984,00-99,AXIS BANK,IN,rupay,debit
508985,00-99,YES BANK,IN,rupay,debit
508986,00-99,,IN,rupay,debit
508987,00-99,IDBI,IN,rupay,debit
508988,00-99,RBL BANK,IN,rupay,debit
508989,00-99,PUNJAB NATIONAL BANK,IN,rupay,debit
508990,00-99,AXIS BANK,IN,rupay,debit
508991,00-99,UJJIVAN SMALL FINANCE BANK,IN,rupay,debit
508992,00-99,ESAF SMALL FINANCE BANK,IN,rupay,debit
508993,00-99,SOUTH INDIAN BANK,IN,rupay,debit
508994,00-99,IDBI,IN,rupay,debit
508995,00-99,SHAMRAO VITHAL CO-OPERATIVE BANK,IN,rupay,debit
508996,00-99,IDBI,IN,rupay,debit
508997,00-99,AXIS BANK,IN,rupay,debit
508998,00-99,EQUITAS SMALL FINANCE BANK,IN,rupay,debit
508999,00-99,EQUITAS SMALL FINANCE BANK,IN,rupay,debit
509000,00-99,BANCO BRADESCO SA,BR,elo,credit
509001,00-99,BANCO BRADESCO SA,BR,elo,credit
509002,00-99,BANCO DO BRASIL SA,BR,elo,credit
509003,00-99,BANCO BRADESCO SA,BR,elo,debit
509004,00-99,BTR ADMINISTRADORA DE CARTAO DE CREDITO REFEICOES E CONVENIOS LTDA,BR,elo,credit
509005,00-99,VOXCRED ADMINISTRADORA DE CARTOES SERVICOS E PROCESSAMENTO SA,BR,elo,credit
509006,00-99,FACTA FINANCEIRA SA CREDITO FINAN E INVESTIMENTO,BR,elo,credit
509007,00-99,BANCO BRADESCO SA,BR,elo,credit
509008,00-99,CAIXA ECONOMICA FEDERAL,BR,elo,credit
509009,00-99,VOXCRED ADMINISTRADORA DE CARTOES SERVICOS E PROCESSAMENTO SA,BR,elo,credit
509010,00-99,,BR,elo,debit
509011,00-99,,BR,elo,debit
509012,00-99,,BR,elo,debit
509013,00-99,VOLUS TECNOLOGIA E GESTAO DE BENEFICIOS LTDA,BR,elo,debit
509014,00-99,BANCO DO BRASIL SA,BR,elo,credit
509015,00-99,,BR,elo,credit
509016,00-99,,BR,elo,credit
509017,00-99,,BR,elo,credit
509018,00-99,,BR,elo,credit
509019,00-99,,BR,elo,credit
509020,00-99,BANCO BRADESCO SA,BR,elo,credit
509021,00-99,BANCO BRADESCO SA,BR,elo,credit
509022,00-99,,BR,elo,credit
509023,00-99,CAIXA ECONOMICA FEDERAL,BR,elo,debit
509024,00-99,ASAAS GESTAO FINANCEIRA SA,BR,elo,credit
509025,00-99,BTR ADMINISTRADORA DE CARTAO DE CREDITO REFEICOES E CONVENIOS LTDA,BR,elo,credit
509026,00-99,SEAC,BR,elo,credit
509027,00-99,BANCO DO BRASIL SA,BR,elo,credit
509028,00-99,,BR,elo,credit
509029,00-99,,BR,elo,credit
509030,00-99,CAIXA ECONOMICA FEDERAL,BR,elo,debit
509031,00-99,CAIXA ECONOMICA FEDERAL,BR,elo,debit
509032,00-99,CAIXA ECONOMICA FEDERAL,BR,elo,debit
509033,00-99,CAIXA ECONOMICA FEDERAL,BR,elo,debit
509034,00-99,CAIXA ECONOMICA FEDERAL,BR,elo,debit
509035,00-99,BANCO BRADESCO SA,BR,elo,credit
509036,00-99,,BR,elo,credit
509037,00-99,,BR,elo,credit
509038,00-99,,BR,elo,credit
509039,00-99,BANCO BRADESCO SA,BR,elo,credit
509040,00-99,BANCO BRADESCO SA,BR,elo,credit
509041,00-99,BANCO BRADESCO SA,BR,elo,credit
509042,00-99,CAIXA ECONOMICA FEDERAL,BR,elo,credit
509043,00-99,CAIXA ECONOMICA FEDERAL,BR,elo,credit
509044,00-99,,BR,elo,credit
509045,00-99,CAIXA ECONOMICA FEDERAL,BR,elo,credit
509046,00-99,BTR ADMINISTRADORA DE CARTAO DE CREDITO REFEICOES E CONVENIOS LTDA,BR,elo,credit
509047,00-99,BANCO BARI DE INVESTIMENTOS E FINANCIAMENTOS SA,BR,elo,credit
509048,00-99,CAIXA ECONOMICA FEDERAL,BR,elo,credit
509049,00-99,FACTA FINANCEIRA SA CREDITO FINAN E INVESTIMENTO,BR,elo,credit
509050,00-99,BECKER FINANCEIRA SA,BR,elo,credit
509051,00-99,BANCO BRADESCO SA,BR,elo,credit
509052,00-99,,BR,elo,credit
509053,00-99,,BR,elo,credit
509054,00-99,PICPAY INSTITUI O DE PAGAMENTO SA,BR,elo,credit
509055,00-99,ALELO,BR,elo,credit
509056,00-99,DOCK SOLUCOES EM MEIOS DE PAGAMENTO SA,BR,elo,credit
509057,00-99,ALELO,BR,elo,credit
509058,00-99,ALELO,BR,elo,credit
509059,00-99,ALELO,BR,elo,credit
509060,00-99,ALELO,BR,elo,credit
509061,00-99,ALELO,BR,elo,debit
509062,00-99,FITBANK PAGAMENTOS ELETRONICOS SA,BR,elo,credit
509063,00-99,ALELO,BR,elo,credit
509064,00-99,,BR,elo,credit
509065,00-99,BANCO BRADESCO SA,BR,elo,debit
509066,00-99,BANCO BRADESCO SA,BR,elo,credit
509067,00-99,BANCO DO BRASIL SA,BR,elo,credit
509068,00-99,BANCO DO BRASIL SA,BR,elo,credit
509069,00-99,BANCO DO BRASIL SA,BR,elo,credit
509070,00-99,BANK 10 INVESTIMENTO LTDA,BR,elo,credit
509071,00-99,BANK 10 INVESTIMENTO LTDA,BR,elo,credit
509072,00-99,,BR,elo,credit
509073,00-99,BANCO BRADESCO SA,BR,elo,debit
509074,00-99,,BR,elo,credit
509075,00-99,BANCO BRADESCO SA,BR,elo,credit
509076,00-99,,BR,elo,credit
509077,00-99,,BR,elo,credit
509078,00-99,,BR,elo,credit
509079,00-99,,BR,elo,credit
509080,00-99,,BR,elo,credit
509081,00-99,BANCO MERCANTIL DO BRASIL SA,BR,elo,credit
509082,00-99,BANCO DO ESTADO DE SERGIPE SA,BR,elo,debit
509083,00-99,BANCO BARI DE INVESTIMENTOS E FINANCIAMENTOS SA,BR,elo,credit
509084,00-99,ALELO,BR,elo,credit
509085,00-99,,BR,elo,credit
509086,00-99,,BR,elo,credit
509087,00-99,LINX PAY MEIOS DE PAGAMENTO LTDA,BR,elo,credit
509088,00-99,LINX PAY MEIOS DE PAGAMENTO LTDA,BR,elo,credit
509089,00-99,ISSUER ADMINSTRADORA DE CARTOES LTDA,BR,elo,credit
509090,00-99,DISPONIVEL,BR,elo,credit
509091,00-99,BANCO BRADESCO SA,BR,elo,credit
509092,00-99,,BR,elo,credit
509093,00-99,BANCO BRADESCO SA,BR,elo,debit
509094,00-99,BANCO BRADESCO,BR,elo,debit
509095,00-99,,BR,elo,credit
509096,00-99,,BR,elo,credit
509097,00-99,VOLUS TECNOLOGIA E GESTAO DE BENEFICIOS LTDA,BR,elo,credit
509098,00-99,,BR,elo,credit
509099,00-99,LINX PAY MEIOS DE PAGAMENTO LTDA,BR,elo,credit
509100,00-99,,BR,elo,credit
509101,00-99,,BR,elo,credit
509102,00-99,DISPONIVEL,BR,elo,credit
509103,00-99,BANCO BRADESCO S.A.,BR,elo,credit
509104,00-99,BANCO BRADESCO SA,BR,elo,debit
509105,00-99,CAIXA ECONOMICA FEDERAL,BR,elo,debit
509106,00-99,ONIBANK S/A,BR,elo,credit
509107,00-99,,BR,elo,credit
509108,00-99,BANCO BRADESCO SA,BR,elo,credit
509109,00-99,,BR,elo,credit
509110,00-99,,BR,elo,credit
509111,00-99,,BR,elo,credit
509112,00-99,,BR,elo,credit
509113,00-99,,BR,elo,credit
509114,00-99,,BR,elo,credit
509115,00-99,,BR,elo,credit
509116,00-99,,BR,elo,credit
509117,00-99,,BR,elo,credit
509118,00-99,,BR,elo,credit
509119,00-99,,BR,elo,credit
509120,00-99,,BR,elo,credit
509121,00-99,,BR,elo,credit
509122,00-99,,BR,elo,credit
509123,00-99,,BR,elo,credit
509124,00-99,,BR,elo,credit
509125,00-99,,BR,elo,credit
509126,00-99,,BR,elo,credit
509127,00-99,,BR,elo,credit
509128,00-99,,BR,elo,credit
509129,00-99,,BR,elo,credit
509130,00-99,,BR,elo,credit
509131,00-99,,BR,elo,credit
509132,00-99,,BR,elo,credit
509133,00-99,,BR,elo,credit
509134,00-99,,BR,elo,credit
509135,00-99,,BR,elo,credit
509136,00-99,,BR,elo,credit
509137,00-99,,BR,elo,credit
509138,00-99,,BR,elo,credit
509139,00-99,,BR,elo,credit
509140,00-99,,BR,elo,credit
509141,00-99,,BR,elo,credit
509142,00-99,,BR,elo,credit
509143,00-99,,BR,elo,credit
509144,00-99,,BR,elo,credit
509145,00-99,,BR,elo,credit
509146,00-99,VERDE ADMINISTRADORA DE CARTOES DE CREDITO SA,BR,elo,credit
509147,00-99,NEWELO,BR,elo,credit
509148,00-99,BANCO DO BRASIL SA,BR,elo,credit
509149,00-99,COOPERATIVA DE CREDITO RURAL DE ABELARDO LUZ,BR,elo,credit
509150,00-99,,BR,elo,credit
509151,00-99,VERDE ADMINISTRADORA DE CARTOES DE CREDITO SA,BR,elo,credit
509152,00-99,BANCO MERCANTIL DO BRASIL SA,BR,elo,credit
509153,00-99,BANCO DIGIO SA,BR,elo,credit
509154,00-99,BECKER FINANCEIRA SA,BR,elo,credit
509155,00-99,BV FINANCEIRA SA CREDITO FINANCIAMENTO E INVESTIMENTO,BR,elo,credit
509156,00-99,SEAC,BR,elo,credit
509157,00-99,PERNAMBUCANAS FINANCIADORA SA CRED FIN E INVESTIMENTO,BR,elo,credit
509158,00-99,VERDE ADMINISTRADORA DE CARTOES DE CREDITO SA,BR,elo,credit
509159,00-99,BANCO DO BRASIL SA,BR,elo,credit
509160,00-99,,BR,elo,credit
509161,00-99,,BR,elo,credit
509162,00-99,,BR,elo,credit
509163,00-99,,BR,elo,credit
509164,00-99,,BR,elo,credit
509165,00-99,,BR,elo,credit
509166,00-99,,BR,elo,credit
509167,00-99,,BR,elo,credit
509168,00-99,,BR,elo,credit
509169,00-99,,BR,elo,credit
509170,00-99,,BR,elo,credit
509171,00-99,,BR,elo,credit
509172,00-99,,BR,elo,credit
509173,00-99,,BR,elo,credit
509174,00-99,,BR,elo,credit
509175,00-99,,BR,elo,credit
509176,00-99,,BR,elo,credit
509177,00-99,,BR,elo,credit
509178,00-99,,BR,elo,credit
509179,00-99,,BR,elo,credit
509180,00-99,,BR,elo,credit
509181,00-99,,BR,elo,credit
509182,00-99,,BR,elo,credit
509183,00-99,BANCO DO BRASIL SA,BR,elo,credit
509184,00-99,,BR,elo,credit
509185,00-99,,BR,elo,credit
509186,00-99,BECKER FINANCEIRA SA,BR,elo,credit
509187,00-99,BANCO BARI DE INVESTIMENTOS E FINANCIAMENTOS SA,BR,elo,credit
509188,00-99,PERNAMBUCANAS FINANCIADORA SA CRED FIN E INVESTIMENTO,BR,elo,credit
509189,00-99,BV FINANCEIRA SA CREDITO FINANCIAMENTO E INVESTIMENTO,BR,elo,credit
509190,00-99,,BR,elo,credit
509191,00-99,,BR,elo,credit
509192,00-99,,BR,elo,credit
509193,00-99,,BR,elo,credit
509194,00-99,,BR,elo,credit
509195,00-99,,BR,elo,credit
509196,00-99,,BR,elo,credit
509197,00-99,,BR,elo,credit
509198,00-99,,BR,elo,credit
509199,00-99,,BR,elo,credit
509200,00-99,,BR,elo,credit
509201,00-99,,BR,elo,credit
509202,00-99,,BR,elo,credit
509203,00-99,,BR,elo,credit
509204,00-99,,BR,elo,credit
509205,00-99,,BR,elo,credit
509206,00-99,,BR,elo,credit
509207,00-99,,BR,elo,credit
509208,00-99,,BR,elo,credit
509209,00-99,,BR,elo,credit
509210,00-99,,BR,elo,credit
509211,00-99,,BR,elo,credit
509212,00-99,,BR,elo,credit
509213,00-99,,BR,elo,credit
509214,00-99,,BR,elo,credit
509215,00-99,,BR,elo,credit
509216,00-99,,BR,elo,credit
509217,00-99,,BR,elo,credit
509218,00-99,,BR,elo,credit
509219,00-99,,BR,elo,credit
509220,00-99,BANCO DO BRASIL SA,BR,elo,credit
509221,00-99,,BR,elo,credit
509222,00-99,SEAC,BR,elo,credit
509223,00-99,,BR,elo,credit
509224,00-99,,BR,elo,credit
509225,00-99,,BR,elo,credit
509226,00-99,,BR,elo,credit
509227,00-99,,BR,elo,credit
509228,00-99,,BR,elo,credit
509229,00-99,,BR,elo,credit
509230,00-99,,BR,elo,credit
509231,00-99,,BR,elo,credit
509232,00-99,,BR,elo,credit
509233,00-99,,BR,elo,credit
509234,00-99,,BR,elo,credit
509235,00-99,,BR,elo,credit
509236,00-99,,BR,elo,credit
509237,00-99,,BR,elo,credit
509238,00-99,,BR,elo,credit
509239,00-99,,BR,elo,credit
509240,00-99,,BR,elo,credit
509241,00-99,,BR,elo,credit
509242,00-99,,BR,elo,credit
509243,00-99,,BR,elo,credit
509244,00-99,,BR,elo,credit
509245,00-99,,BR,elo,credit
509246,00-99,,BR,elo,credit
509247,00-99,,BR,elo,credit
509248,00-99,,BR,elo,credit
509249,00-99,,BR,elo,credit
509250,00-99,,BR,elo,credit
509251,00-99,,BR,elo,credit
509252,00-99,,BR,elo,credit
509253,00-99,,BR,elo,credit
509254,00-99,,BR,elo,credit
509255,00-99,,BR,elo,credit
509256,00-99,,BR,elo,credit
509257,00-99,ISSUER ADMINSTRADORA DE CARTOES LTDA,BR,elo,credit
509258,00-99,DOCK SOLUCOES EM MEIOS DE PAGAMENTO SA,BR,elo,credit
509259,00-99,CACTVS INSTITUICAO DE PAGAMENTO SA,BR,elo,credit
509260,00-99,ISSUER ADMINSTRADORA DE CARTOES LTDA,BR,elo,credit
509261,00-99,LINX PAY MEIOS DE PAGAMENTO LTDA,BR,elo,credit
509262,00-99,LINX PAY MEIOS DE PAGAMENTO LTDA,BR,elo,credit
509263,00-99,LINX PAY MEIOS DE PAGAMENTO LTDA,BR,elo,credit
509264,00-99,ALELO,BR,elo,credit
509265,00-99,FITBANK PAGAMENTOS ELETRONICOS SA,BR,elo,credit
509266,00-99,PERNAMBUCANAS FINANCIADORA SA CRED FIN E INVESTIMENTO,BR,elo,credit
509267,00-99,BANK 10 INVESTIMENTO LTDA,BR,elo,credit
509268,00-99,ISSUER ADMINSTRADORA DE CARTOES LTDA,BR,elo,credit
509269,00-99,COMPANHIA GLOBAL DE SOLUCOES E SERVICOS DE PAGAMENTO SA,BR,elo,credit
509270,00-99,DOCK SOLUCOES EM MEIOS DE PAGAMENTO SA,BR,elo,credit
509271,00-99,CARSON HOLDINGS SA,BR,elo,credit
509272,00-99,CARSON HOLDINGS SA,BR,elo,credit
509273,00-99,CIELO SA,BR,elo,credit
509274,00-99,PERNAMBUCANAS FINANCIADORA SA CRED FIN E INVESTIMENTO,BR,elo,credit
509275,00-99,FITBANK PAGAMENTOS ELETRONICOS SA,BR,elo,credit
509276,00-99,LINX PAY MEIOS DE PAGAMENTO LTDA,BR,elo,credit
509277,00-99,,BR,elo,credit
509278,00-99,SEAC,BR,elo,credit
509279,00-99,CELER PROCESSAMENTO COMERCIO E SERVICO LTDA,BR,elo,credit
509280,00-99,BANK 10 INVESTIMENTO LTDA,BR,elo,credit
509281,00-99,CATENO GESTAO DE CONTAS DE PAGAMENTOS SA,BR,elo,credit
509282,00-99,BANK 10 INVESTIMENTO LTDA,BR,elo,credit
509283,00-99,EWALLY TECNOLOGIA E SERVICOS SA,BR,elo,credit
509284,00-99,ALELO,BR,elo,credit
509285,00-99,ALELO,BR,elo,credit
509286,00-99,PERNAMBUCANAS FINANCIADORA SA CRED FIN E INVESTIMENTO,BR,elo,credit
509287,00-99,PERNAMBUCANAS FINANCIADORA SA CRED FIN E INVESTIMENTO,BR,elo,credit
509288,00-99,PERNAMBUCANAS FINANCIADORA SA CRED FIN E INVESTIMENTO,BR,elo,credit
509289,00-99,FITBANK PAGAMENTOS ELETRONICOS SA,BR,elo,credit
509290,00-99,ISSUER ADMINSTRADORA DE CARTOES LTDA,BR,elo,credit
509291,00-99,ALELO,BR,elo,credit
509292,00-99,ONIBANK S/A,BR,elo,credit
509293,00-99,DOCK SOLUCOES EM MEIOS DE PAGAMENTO SA,BR,elo,credit
509294,00-99,RESOMAQ - RESOLU O PARA MEIOS DE PAGAMENTOS LTDA ME,BR,elo,credit
509295,00-99,ORBITALL SERVICOS E PROCESSAMENTO DE MEIOS DE PAGAMENTO LTDA,BR,elo,credit
509296,00-99,ORBITALL SERVICOS E PROCESSAMENTO DE MEIOS DE PAGAMENTO LTDA,BR,elo,credit
509297,00-99,,BR,elo,credit
509298,00-99,,BR,elo,credit
509299,00-99,,BR,elo,credit
509300,00-99,,BR,elo,credit
509301,00-99,,BR,elo,credit
509302,00-99,,BR,elo,credit
509303,00-99,,BR,elo,credit
509304,00-99,,BR,elo,credit
509305,00-99,,BR,elo,credit
509306,00-99,,BR,elo,credit
509307,00-99,PICPAY INSTITUI O DE PAGAMENTO SA,BR,elo,debit
509308,00-99,DOCK SOLUCOES EM MEIOS DE PAGAMENTO SA,BR,elo,debit
509309,00-99,,BR,elo,debit
509310,00-99,,BR,elo,debit
509311,00-99,,BR,elo,debit
509312,00-99,,BR,elo,debit
509313,00-99,,BR,elo,debit
509314,00-99,,BR,elo,debit
509315,00-99,,BR,elo,debit
509316,00-99,,BR,elo,debit
509317,00-99,,BR,elo,debit
509318,00-99,,BR,elo,debit
509319,00-99,,BR,elo,debit
509320,00-99,,BR,elo,debit
509321,00-99,,BR,elo,debit
509322,00-99,,BR,elo,debit
509323,00-99,,BR,elo,debit
509324,00-99,,BR,elo,debit
509325,00-99,,BR,elo,debit
509326,00-99,,BR,elo,debit
509327,00-99,,BR,elo,debit
509328,00-99,,BR,elo,debit
509329,00-99,,BR,elo,debit
509330,00-99,,BR,elo,debit
509331,00-99,,BR,elo,debit
509332,00-99,,BR,elo,debit
509333,00-99,,BR,elo,debit
509334,00-99,,BR,elo,debit
509335,00-99,,BR,elo,debit
509336,00-99,,BR,elo,debit
509337,00-99,,BR,elo,debit
509338,00-99,,BR,elo,debit
509339,00-99,,BR,elo,debit
509340,00-99,,BR,elo,debit
509341,00-99,,BR,elo,debit
509342,00-99,,BR,elo,debit
509343,00-99,,BR,elo,debit
509344,00-99,,BR,elo,debit
509345,00-99,,BR,elo,debit
509346,00-99,,BR,elo,debit
509347,00-99,,BR,elo,debit
509348,00-99,,BR,elo,debit
509349,00-99,,BR,elo,debit
509350,00-99,,BR,elo,debit
509351,00-99,,BR,elo,debit
509352,00-99,,BR,elo,debit
509353,00-99,,BR,elo,debit
509354,00-99,,BR,elo,debit
509355,00-99,,BR,elo,debit
509356,00-99,,BR,elo,debit
509357,00-99,ALELO,BR,elo,credit
509358,00-99,DOCK SOLUCOES EM MEIOS DE PAGAMENTO SA,BR,elo,credit
509359,00-99,,BR,elo,credit
509360,00-99,,BR,elo,credit
509361,00-99,,BR,elo,credit
509362,00-99,,BR,elo,credit
509363,00-99,,BR,elo,credit
509364,00-99,,BR,elo,credit
509365,00-99,,BR,elo,credit
509366,00-99,,BR,elo,credit
509367,00-99,,BR,elo,credit
509368,00-99,,BR,elo,credit
509369,00-99,,BR,elo,credit
509370,00-99,,BR,elo,credit
509371,00-99,,BR,elo,credit
509372,00-99,,BR,elo,credit
509373,00-99,,BR,elo,credit
509374,00-99,,BR,elo,credit
509375,00-99,,BR,elo,credit
509376,00-99,,BR,elo,credit
509377,00-99,,BR,elo,credit
509378,00-99,,BR,elo,credit
509379,00-99,,BR,elo,credit
509380,00-99,,BR,elo,credit
509381,00-99,,BR,elo,credit
509382,00-99,,BR,elo,credit
509383,00-99,,BR,elo,credit
509384,00-99,,BR,elo,credit
509385,00-99,,BR,elo,credit
509386,00-99,,BR,elo,credit
509387,00-99,,BR,elo,credit
509388,00-99,,BR,elo,credit
509389,00-99,,BR,elo,credit
509390,00-99,,BR,elo,credit
509391,00-99,,BR,elo,credit
509392,00-99,,BR,elo,credit
509393,00-99,,BR,elo,credit
509394,00-99,,BR,elo,credit
509395,00-99,,BR,elo,credit
509396,00-99,,BR,elo,credit
509397,00-99,,BR,elo,credit
509398,00-99,,BR,elo,credit
509399,00-99,,BR,elo,credit
509400,00-99,,BR,elo,credit
509401,00-99,,BR,elo,credit
509402,00-99,,BR,elo,credit
509403,00-99,,BR,elo,credit
509404,00-99,,BR,elo,credit
509405,00-99,,BR,elo,credit
509406,00-99,,BR,elo,credit
509407,00-99,MONEYPAG SERVICOS DE PAGAMENTO E TECNOLOGIA LTDA,BR,elo,credit
509408,00-99,LINX PAY MEIOS DE PAGAMENTO LTDA,BR,elo,credit
509409,00-99,LINX PAY MEIOS DE PAGAMENTO LTDA,BR,elo,credit
509410,00-99,ISSUER ADMINSTRADORA DE CARTOES LTDA,BR,elo,credit
509411,00-99,VOLUS TECNOLOGIA E GESTAO DE BENEFICIOS LTDA,BR,elo,credit
509412,00-99,BANCO ARBI SA,BR,elo,credit
509413,00-99,BANCO ARBI SA,BR,elo,credit
509414,00-99,BANCO ARBI SA,BR,elo,credit
509415,00-99,CARSON HOLDINGS SA,BR,elo,credit
509416,00-99,CARSON HOLDINGS SA,BR,elo,credit
509417,00-99,VOLUS TECNOLOGIA E GESTAO DE BENEFICIOS LTDA,BR,elo,credit
509418,00-99,MONEYPAG SERVICOS DE PAGAMENTO E TECNOLOGIA LTDA,BR,elo,credit
509419,00-99,CELER PROCESSAMENTO COMERCIO E SERVICO LTDA,BR,elo,credit
509420,00-99,BANK 10 INVESTIMENTO LTDA,BR,elo,credit
509421,00-99,CATENO GESTAO DE CONTAS DE PAGAMENTOS SA,BR,elo,credit
509422,00-99,ALELO,BR,elo,credit
509423,00-99,,BR,elo,credit
509424,00-99,,BR,elo,credit
509425,00-99,,BR,elo,credit
509426,00-99,,BR,elo,credit
509427,00-99,,BR,elo,credit
509428,00-99,,BR,elo,credit
509429,00-99,,BR,elo,credit
509430,00-99,,BR,elo,credit
509431,00-99,PICPAY INSTITUI O DE PAGAMENTO SA,BR,elo,credit
509432,00-99,,BR,elo,credit
509433,00-99,,BR,elo,credit
509434,00-99,,BR,elo,credit
509435,00-99,,BR,elo,credit
509436,00-99,,BR,elo,credit
509437,00-99,,BR,elo,credit
509438,00-99,,BR,elo,credit
509439,00-99,,BR,elo,credit
509440,00-99,,BR,elo,credit
509441,00-99,,BR,elo,credit
509442,00-99,,BR,elo,credit
509443,00-99,,BR,elo,credit
509444,00-99,,BR,elo,credit
509445,00-99,,BR,elo,credit
509446,00-99,,BR,elo,credit
509447,00-99,,BR,elo,credit
509448,00-99,,BR,elo,credit
509449,00-99,,BR,elo,credit
509450,00-99,,BR,elo,credit
509451,00-99,,BR,elo,credit
509452,00-99,,BR,elo,credit
509453,00-99,,BR,elo,credit
509454,00-99,,BR,elo,credit
509455,00-99,,BR,elo,credit
509456,00-99,,BR,elo,credit
509457,00-99,BANK 10 INVESTIMENTO LTDA,BR,elo,credit
509458,00-99,ISSUER ADMINSTRADORA DE CARTOES LTDA,BR,elo,credit
509459,00-99,BBC PAGAMENTOS LTDA,BR,elo,credit
509460,00-99,GETNET ADQUIRENCIA E SERVICOS PARA MEIOS DE PAGAMENTO SA,BR,elo,credit
509461,00-99,FITBANK PAGAMENTOS ELETRONICOS SA,BR,elo,credit
509462,00-99,LINX PAY MEIOS DE PAGAMENTO LTDA,BR,elo,credit
509463,00-99,ALELO,BR,elo,credit
509464,00-99,BANK 10 INVESTIMENTO LTDA,BR,elo,credit
509465,00-99,BANK 10 INVESTIMENTO LTDA,BR,elo,credit
509466,00-99,ISSUER ADMINSTRADORA DE CARTOES LTDA,BR,elo,credit
509467,00-99,CACTVS INSTITUICAO DE PAGAMENTO SA,BR,elo,credit
509468,00-99,,BR,elo,credit
509469,00-99,,BR,elo,credit
509470,00-99,,BR,elo,credit
509471,00-99,,BR,elo,credit
509472,00-99,,BR,elo,credit
509473,00-99,,BR,elo,credit
509474,00-99,,BR,elo,credit
509475,00-99,,BR,elo,credit
509476,00-99,,BR,elo,credit
509477,00-99,,BR,elo,credit
509478,00-99,,BR,elo,credit
509479,00-99,,BR,elo,credit
509480,00-99,,BR,elo,credit
509481,00-99,,BR,elo,credit
509482,00-99,,BR,elo,credit
509483,00-99,,BR,elo,credit
509484,00-99,ISSUER ADMINSTRADORA DE CARTOES LTDA,BR,elo,credit
509485,00-99,ISSUER ADMINSTRADORA DE CARTOES LTDA,BR,elo,credit
509486,00-99,,BR,elo,credit
509487,00-99,,BR,elo,credit
509488,00-99,,BR,elo,credit
509489,00-99,,BR,elo,credit
509490,00-99,,BR,elo,credit
509491,00-99,,BR,elo,credit
509492,00-99,,BR,elo,credit
509493,00-99,,BR,elo,credit
509494,00-99,,BR,elo,credit
509495,00-99,,BR,elo,credit
509496,00-99,,BR,elo,credit
509497,00-99,,BR,elo,credit
509498,00-99,,BR,elo,credit
509499,00-99,,BR,elo,credit
509500,00-99,,BR,elo,credit
509501,00-99,,BR,elo,credit
509502,00-99,,BR,elo,credit
509503,00-99,,BR,elo,credit
509504,00-99,,BR,elo,credit
509505,00-99,,BR,elo,credit
509506,00-99,,BR,elo,credit
509507,00-99,,BR,elo,credit
509508,00-99,,BR,elo,credit
509509,00-99,,BR,elo,credit
509510,00-99,,BR,elo,credit
509511,00-99,,BR,elo,credit
509512,00-99,,BR,elo,credit
509513,00-99,,BR,elo,credit
509514,00-99,,BR,elo,credit
509515,00-99,,BR,elo,credit
509516,00-99,,BR,elo,credit
509517,00-99,,BR,elo,credit
509518,00-99,,BR,elo,credit
509519,00-99,,BR,elo,credit
509520,00-99,,BR,elo,credit
509521,00-99,,BR,elo,credit
509522,00-99,,BR,elo,credit
509523,00-99,,BR,elo,credit
509524,00-99,,BR,elo,credit
509525,00-99,,BR,elo,credit
509526,00-99,,BR,elo,credit
509527,00-99,,BR,elo,credit
509528,00-99,,BR,elo,credit
509529,00-99,,BR,elo,credit
509530,00-99,,BR,elo,credit
509531,00-99,,BR,elo,credit
509532,00-99,,BR,elo,credit
509533,00-99,,BR,elo,credit
509534,00-99,,BR,elo,credit
509535,00-99,,BR,elo,credit
509536,00-99,,BR,elo,credit
509537,00-99,,BR,elo,credit
509538,00-99,,BR,elo,credit
509539,00-99,,BR,elo,credit
509540,00-99,,BR,elo,credit
509541,00-99,,BR,elo,credit
509542,00-99,,BR,elo,credit
509543,00-99,,BR,elo,credit
509544,00-99,,BR,elo,credit
509545,00-99,,BR,elo,credit
509546,00-99,,BR,elo,credit
509547,00-99,,BR,elo,credit
509548,00-99,,BR,elo,credit
509549,00-99,,BR,elo,credit
509550,00-99,VOLUS TECNOLOGIA E GESTAO DE BENEFICIOS LTDA,BR,elo,credit
509551,00-99,BANCO DO BRASIL SA,BR,elo,credit
509552,00-99,,BR,elo,credit
509553,00-99,,BR,elo,credit
509554,00-99,,BR,elo,credit
509555,00-99,,BR,elo,credit
509556,00-99,,BR,elo,credit
509557,00-99,,BR,elo,credit
509558,00-99,,BR,elo,credit
509559,00-99,,BR,elo,credit
509560,00-99,,BR,elo,credit
509561,00-99,,BR,elo,credit
509562,00-99,,BR,elo,credit
509563,00-99,,BR,elo,credit
509564,00-99,,BR,elo,credit
509565,00-99,,BR,elo,credit
509566,00-99,,BR,elo,credit
509567,00-99,,BR,elo,credit
509568,00-99,,BR,elo,credit
509569,00-99,,BR,elo,credit
509570,00-99,,BR,elo,credit
509571,00-99,,BR,elo,credit
509572,00-99,,BR,elo,credit
509573,00-99,,BR,elo,credit
509574,00-99,,BR,elo,credit
509575,00-99,,BR,elo,credit
509576,00-99,,BR,elo,credit
509577,00-99,,BR,elo,credit
509578,00-99,,BR,elo,credit
509579,00-99,,BR,elo,credit
509580,00-99,,BR,elo,credit
509581,00-99,,BR,elo,credit
509582,00-99,,BR,elo,credit
509583,00-99,,BR,elo,credit
509584,00-99,,BR,elo,credit
509585,00-99,,BR,elo,credit
509586,00-99,,BR,elo,credit
509587,00-99,,BR,elo,credit
509588,00-99,,BR,elo,credit
509589,00-99,,BR,elo,credit
509590,00-99,,BR,elo,credit
509591,00-99,,BR,elo,credit
509592,00-99,,BR,elo,credit
509593,00-99,,BR,elo,credit
509594,00-99,,BR,elo,credit
509595,00-99,,BR,elo,credit
509596,00-99,,BR,elo,credit
509597,00-99,,BR,elo,credit
509598,00-99,,BR,elo,credit
509599,00-99,,BR,elo,credit
509600,00-99,,BR,elo,credit
509601,00-99,,BR,elo,credit
509602,00-99,,BR,elo,credit
509603,00-99,,BR,elo,credit
509604,00-99,,BR,elo,credit
509605,00-99,,BR,elo,credit
509606,00-99,,BR,elo,credit
509607,00-99,,BR,elo,credit
509608,00-99,,BR,elo,credit
509609,00-99,,BR,elo,credit
509610,00-99,,BR,elo,credit
509611,00-99,,BR,elo,credit
509612,00-99,,BR,elo,credit
509613,00-99,,BR,elo,credit
509614,00-99,,BR,elo,credit
509615,00-99,,BR,elo,credit
509616,00-99,,BR,elo,credit
509617,00-99,,BR,elo,credit
509618,00-99,,BR,elo,credit
509619,00-99,,BR,elo,credit
509620,00-99,,BR,elo,credit
509621,00-99,,BR,elo,credit
509622,00-99,,BR,elo,credit
509623,00-99,,BR,elo,credit
509624,00-99,,BR,elo,credit
509625,00-99,,BR,elo,credit
509626,00-99,,BR,elo,credit
509627,00-99,,BR,elo,credit
509628,00-99,,BR,elo,credit
509629,00-99,,BR,elo,credit
509630,00-99,,BR,elo,credit
509631,00-99,,BR,elo,credit
509632,00-99,,BR,elo,credit
509633,00-99,,BR,elo,credit
509634,00-99,,BR,elo,credit
509635,00-99,,BR,elo,credit
509636,00-99,BANCO BARI DE INVESTIMENTOS E FINANCIAMENTOS SA,BR,elo,credit
509637,00-99,,BR,elo,credit
509638,00-99,,BR,elo,credit
509639,00-99,,BR,elo,credit
509640,00-99,,BR,elo,credit
509641,00-99,,BR,elo,credit
509642,00-99,,BR,elo,credit
509643,00-99,,BR,elo,credit
509644,00-99,,BR,elo,credit
509645,00-99,,BR,elo,credit
509646,00-99,,BR,elo,credit
509647,00-99,,BR,elo,credit
509648,00-99,,BR,elo,credit
509649,00-99,,BR,elo,credit
509650,00-99,,BR,elo,credit
509651,00-99,,BR,elo,credit
509652,00-99,,BR,elo,credit
509653,00-99,,BR,elo,credit
509654,00-99,,BR,elo,credit
509655,00-99,,BR,elo,credit
509656,00-99,,BR,elo,credit
509657,00-99,,BR,elo,credit
509658,00-99,,BR,elo,credit
509659,00-99,,BR,elo,credit
509660,00-99,,BR,elo,credit
509661,00-99,,BR,elo,credit
509662,00-99,,BR,elo,credit
509663,00-99,,BR,elo,credit
509664,00-99,,BR,elo,credit
509665,00-99,,BR,elo,credit
509666,00-99,,BR,elo,credit
509667,00-99,,BR,elo,credit
509668,00-99,,BR,elo,credit
509669,00-99,,BR,elo,credit
509670,00-99,,BR,elo,credit
509671,00-99,,BR,elo,credit
509672,00-99,,BR,elo,credit
509673,00-99,,BR,elo,credit
509674,00-99,,BR,elo,credit
509675,00-99,,BR,elo,credit
509676,00-99,,BR,elo,credit
509677,00-99,,BR,elo,credit
509678,00-99,,BR,elo,credit
509679,00-99,,BR,elo,credit
509680,00-99,,BR,elo,credit
509681,00-99,,BR,elo,credit
509682,00-99,,BR,elo,credit
509683,00-99,,BR,elo,credit
509684,00-99,,BR,elo,credit
509685,00-99,,BR,elo,credit
509686,00-99,,BR,elo,credit
509687,00-99,,BR,elo,credit
509688,00-99,,BR,elo,credit
509689,00-99,,BR,elo,credit
509690,00-99,,BR,elo,credit
509691,00-99,,BR,elo,credit
509692,00-99,,BR,elo,credit
509693,00-99,,BR,elo,credit
509694,00-99,,BR,elo,credit
509695,00-99,,BR,elo,credit
509696,00-99,,BR,elo,credit
509697,00-99,,BR,elo,credit
509698,00-99,,BR,elo,credit
509699,00-99,,BR,elo,credit
509700,00-99,,BR,elo,credit
509701,00-99,,BR,elo,credit
509702,00-99,,BR,elo,credit
509703,00-99,,BR,elo,credit
509704,00-99,,BR,elo,credit
509705,00-99,,BR,elo,credit
509706,00-99,,BR,elo,credit
509707,00-99,,BR,elo,credit
509708,00-99,,BR,elo,credit
509709,00-99,,BR,elo,credit
509710,00-99,,BR,elo,credit
509711,00-99,,BR,elo,credit
509712,00-99,,BR,elo,credit
509713,00-99,,BR,elo,credit
509714,00-99,,BR,elo,credit
509715,00-99,,BR,elo,credit
509716,00-99,,BR,elo,credit
509717,00-99,,BR,elo,credit
509718,00-99,,BR,elo,credit
509719,00-99,,BR,elo,credit
509720,00-99,,BR,elo,credit
509721,00-99,,BR,elo,credit
509722,00-99,,BR,elo,credit
509723,00-99,VOXCRED ADMINISTRADORA DE CARTOES SERVICOS E PROCESSAMENTO SA,BR,elo,credit
509724,00-99,BANCO DO BRASIL SA,BR,elo,credit
509725,00-99,ASAAS GESTAO FINANCEIRA SA,BR,elo,credit
509726,00-99,BTR ADMINISTRADORA DE CARTAO DE CREDITO REFEICOES E CONVENIOS LTDA,BR,elo,credit
509727,00-99,SEAC,BR,elo,credit
509728,00-99,VOXCRED ADMINISTRADORA DE CARTOES SERVICOS E PROCESSAMENTO SA,BR,elo,credit
509729,00-99,,BR,elo,credit
509730,00-99,,BR,elo,credit
509731,00-99,BBC PAGAMENTOS LTDA,BR,elo,credit
509732,00-99,EDENRED SOLU ES DE PAGAMENTO HYLA SA,BR,elo,credit
509733,00-99,,BR,elo,credit
509734,00-99,,BR,elo,credit
509735,00-99,,BR,elo,credit
509736,00-99,,BR,elo,credit
509737,00-99,,BR,elo,credit
509738,00-99,,BR,elo,credit
509739,00-99,,BR,elo,credit
509740,00-99,,BR,elo,credit
509741,00-99,,BR,elo,credit
509742,00-99,,BR,elo,credit
509743,00-99,,BR,elo,credit
509744,00-99,,BR,elo,credit
509745,00-99,,BR,elo,credit
509746,00-99,,BR,elo,credit
509747,00-99,,BR,elo,credit
509748,00-99,,BR,elo,credit
509749,00-99,,BR,elo,credit
509750,00-99,,BR,elo,credit
509751,00-99,,BR,elo,credit
509752,00-99,,BR,elo,credit
509753,00-99,,BR,elo,credit
509754,00-99,,BR,elo,credit
509755,00-99,,BR,elo,credit
509756,00-99,,BR,elo,credit
509757,00-99,,BR,elo,credit
509758,00-99,,BR,elo,credit
509759,00-99,,BR,elo,credit
509760,00-99,,BR,elo,credit
509761,00-99,,BR,elo,credit
509762,00-99,,BR,elo,credit
509763,00-99,,BR,elo,credit
509764,00-99,,BR,elo,credit
509765,00-99,NEWELO,BR,elo,credit
509766,00-99,NEWELO,BR,elo,credit
509767,00-99,NEWELO,BR,elo,credit
509768,00-99,NEWELO,BR,elo,credit
509769,00-99,NEWELO,BR,elo,credit
509770,00-99,,BR,elo,credit
509771,00-99,,BR,elo,credit
509772,00-99,,BR,elo,credit
509773,00-99,,BR,elo,credit
509774,00-99,,BR,elo,credit
509775,00-99,,BR,elo,credit
509776,00-99,,BR,elo,credit
509777,00-99,,BR,elo,credit
509778,00-99,,BR,elo,credit
509779,00-99,,BR,elo,credit
509780,00-99,,BR,elo,credit
509781,00-99,,BR,elo,credit
509782,00-99,,BR,elo,credit
509783,00-99,,BR,elo,credit
509784,00-99,,BR,elo,credit
509785,00-99,,BR,elo,credit
509786,00-99,,BR,elo,credit
509787,00-99,,BR,elo,credit
509788,00-99,,BR,elo,credit
509789,00-99,,BR,elo,credit
509790,00-99,,BR,elo,credit
509791,00-99,,BR,elo,credit
509792,00-99,,BR,elo,credit
509793,00-99,,BR,elo,credit
509794,00-99,,BR,elo,credit
509795,00-99,,BR,elo,credit
509796,00-99,,BR,elo,credit
509797,00-99,,BR,elo,credit
509798,00-99,,BR,elo,credit
509799,00-99,,BR,elo,credit
509800,00-99,,BR,elo,credit
509801,00-99,,BR,elo,credit
509802,00-99,,BR,elo,credit
509803,00-99,,BR,elo,credit
509804,00-99,,BR,elo,credit
509805,00-99,,BR,elo,credit
509806,00-99,,BR,elo,credit
509807,00-99,,BR,elo,credit
509808,00-99,,BR,elo,debit
509809,00-99,,BR,elo,debit
509810,00-99,,BR,elo,debit
509811,00-99,BANCO BRADESCO S.A.,BR,elo,credit
509812,00-99,BANCO BRADESCO S.A.,BR,elo,credit
509813,00-99,BANCO BRADESCO S.A.,BR,elo,credit
509814,00-99,BANCO BRADESCO S.A.,BR,elo,credit
509815,00-99,BANCO BRADESCO S.A.,BR,elo,credit
509816,00-99,BANCO BRADESCO S.A.,BR,elo,credit
509817,00-99,BANCO BRADESCO S.A.,BR,elo,credit
509818,00-99,BANCO BRADESCO S.A.,BR,elo,credit
509819,00-99,BANCO BRADESCO S.A.,BR,elo,credit
509820,00-99,BANCO BRADESCO S.A.,BR,elo,credit
509821,00-99,BANCO BRADESCO S.A.,BR,elo,credit
509822,00-99,BANCO BRADESCO S.A.,BR,elo,credit
509823,00-99,BANCO BRADESCO S.A.,BR,elo,credit
509824,00-99,BANCO BRADESCO S.A.,BR,elo,credit
509825,00-99,BANCO BRADESCO S.A.,BR,elo,credit
509826,00-99,BANCO BRADESCO S.A.,BR,elo,credit
509827,00-99,BANCO BRADESCO S.A.,BR,elo,credit
509828,00-99,BANCO BRADESCO S.A.,BR,elo,credit
509829,00-99,BANCO BRADESCO S.A.,BR,elo,credit
509830,00-99,BANCO BRADESCO S.A.,BR,elo,credit
509831,00-99,,BR,elo,debit
509832,00-99,,BR,elo,debit
509833,00-99,,BR,elo,debit
509834,00-99,,BR,elo,debit
509835,00-99,,BR,elo,debit
509836,00-99,,BR,elo,debit
509837,00-99,,BR,elo,debit
509838,00-99,,BR,elo,debit
509839,00-99,,BR,elo,debit
509840,00-99,,BR,elo,debit
509841,00-99,,BR,elo,debit
509842,00-99,,BR,elo,debit
509843,00-99,,BR,elo,debit
509844,00-99,,BR,elo,debit
509845,00-99,,BR,elo,debit
509846,00-99,,BR,elo,debit
509847,00-99,,BR,elo,debit
509848,00-99,,BR,elo,debit
509849,00-99,,BR,elo,debit
509850,00-99,,BR,elo,debit
509851,00-99,,BR,elo,debit
509852,00-99,,BR,elo,debit
509853,00-99,,BR,elo,debit
509854,00-99,,BR,elo,debit
509855,00-99,,BR,elo,debit
509856,00-99,,BR,elo,debit
509857,00-99,,BR,elo,debit
509858,00-99,,BR,elo,debit
509859,00-99,,BR,elo,debit
509860,00-99,,BR,elo,debit
509861,00-99,,BR,elo,debit
509862,00-99,,BR,elo,debit
509863,00-99,,BR,elo,debit
509864,00-99,,BR,elo,debit
509865,00-99,,BR,elo,debit
509866,00-99,,BR,elo,debit
509867,00-99,,BR,elo,debit
509868,00-99,,BR,elo,debit
509869,00-99,,BR,elo,debit
509870,00-99,,BR,elo,debit
509871,00-99,,BR,elo,debit
509872,00-99,,BR,elo,debit
509873,00-99,,BR,elo,debit
509874,00-99,,BR,elo,debit
509875,00-99,,BR,elo,debit
509876,00-99,,BR,elo,debit
509877,00-99,,BR,elo,debit
509878,00-99,DISPONIVEL,BR,elo,debit
509879,00-99,DISPONIVEL,BR,elo,debit
509880,00-99,BANCO BRADESCO S.A.,BR,elo,credit
509881,00-99,BANCO BRADESCO S.A.,BR,elo,credit
509882,00-99,BANCO BRADESCO S.A.,BR,elo,credit
509883,00-99,BANCO BRADESCO S.A.,BR,elo,credit
509884,00-99,BANCO BRADESCO S.A.,BR,elo,credit
509885,00-99,BANCO BRADESCO S.A.,BR,elo,credit
509886,00-99,BANCO BRADESCO S.A.,BR,elo,credit
509887,00-99,BANCO BRADESCO S.A.,BR,elo,credit
509888,00-99,BANCO BRADESCO S.A.,BR,elo,credit
509889,00-99,BANCO BRADESCO S.A.,BR,elo,credit
509890,00-99,BANCO BRADESCO S.A.,BR,elo,credit
509891,00-99,BANCO BRADESCO S.A.,BR,elo,credit
509892,00-99,BANCO BRADESCO S.A.,BR,elo,credit
509893,00-99,BANCO BRADESCO S.A.,BR,elo,credit
509894,00-99,BANCO BRADESCO S.A.,BR,elo,credit
509895,00-99,BANCO BRADESCO S.A.,BR,elo,credit
509896,00-99,BANCO BRADESCO S.A.,BR,elo,credit
509897,00-99,,BR,elo,debit
509898,00-99,,BR,elo,debit
509899,00-99,,BR,elo,debit
509900,00-99,,BR,elo,debit
509901,00-99,BANCO BRADESCO S.A.,BR,elo,credit
509902,00-99,BANCO BRADESCO S.A.,BR,elo,credit
509903,00-99,,BR,elo,debit
509904,00-99,,BR,elo,debit
509905,00-99,,BR,elo,debit
509906,00-99,,BR,elo,debit
509907,00-99,,BR,elo,debit
509908,00-99,,BR,elo,debit
509909,00-99,,BR,elo,debit
509910,00-99,,BR,elo,debit
509911,00-99,,BR,elo,debit
509912,00-99,,BR,elo,debit
509913,00-99,,BR,elo,debit
509914,00-99,,BR,elo,debit
509915,00-99,,BR,elo,debit
509916,00-99,,BR,elo,debit
509917,00-99,,BR,elo,debit
509918,00-99,,BR,elo,debit
509919,00-99,,BR,elo,debit
509920,00-99,,BR,elo,debit
509921,00-99,,BR,elo,debit
509922,00-99,,BR,elo,debit
509923,00-99,,BR,elo,debit
509924,00-99,,BR,elo,debit
509925,00-99,,BR,elo,debit
509926,00-99,,BR,elo,debit
509927,00-99,,BR,elo,debit
509928,00-99,,BR,elo,debit
509929,00-99,,BR,elo,debit
509930,00-99,,BR,elo,debit
509931,00-99,,BR,elo,debit
509932,00-99,,BR,elo,debit
509933,00-99,,BR,elo,debit
509934,00-99,,BR,elo,debit
509935,00-99,,BR,elo,debit
509936,00-99,,BR,elo,debit
509937,00-99,,BR,elo,debit
509938,00-99,,BR,elo,debit
509939,00-99,,BR,elo,debit
509940,00-99,,BR,elo,debit
509941,00-99,,BR,elo,debit
509942,00-99,,BR,elo,debit
509943,00-99,,BR,elo,debit
509944,00-99,,BR,elo,debit
509945,00-99,,BR,elo,debit
509946,00-99,,BR,elo,debit
509947,00-99,,BR,elo,debit
509948,00-99,,BR,elo,debit
509949,00-99,,BR,elo,debit
509950,00-99,,BR,elo,debit
509951,00-99,,BR,elo,debit
509952,00-99,,BR,elo,debit
509953,00-99,,BR,elo,debit
509954,00-99,,BR,elo,debit
509955,00-99,,BR,elo,debit
509956,00-99,,BR,elo,debit
509957,00-99,,BR,elo,debit
509958,00-99,,BR,elo,debit
509959,00-99,,BR,elo,debit
509960,00-99,,BR,elo,debit
509961,00-99,,BR,elo,debit
509962,00-99,,BR,elo,debit
509963,00-99,,BR,elo,debit
509964,00-99,,BR,elo,debit
509965,00-99,,BR,elo,debit
509966,00-99,,BR,elo,debit
509967,00-99,,BR,elo,debit
509968,00-99,,BR,elo,debit
509969,00-99,,BR,elo,debit
509970,00-99,,BR,elo,debit
509971,00-99,,BR,elo,debit
509972,00-99,,BR,elo,debit
509973,00-99,,BR,elo,debit
509974,00-99,,BR,elo,debit
509975,00-99,,BR,elo,debit
509976,00-99,,BR,elo,debit
509977,00-99,,BR,elo,debit
509978,00-99,,BR,elo,debit
509979,00-99,,BR,elo,debit
509980,00-99,,BR,elo,debit
509981,00-99,,BR,elo,debit
509982,00-99,,BR,elo,debit
509983,00-99,,BR,elo,debit
509984,00-99,,BR,elo,debit
509985,00-99,,BR,elo,debit
509986,00-99,,BR,elo,debit
509987,00-99,,BR,elo,debit
509988,00-99,,BR,elo,debit
509989,00-99,,BR,elo,debit
509990,00-99,,BR,elo,debit
509991,00-99,,BR,elo,debit
509992,00-99,,BR,elo,debit
509993,00-99,,BR,elo,debit
509994,00-99,,BR,elo,debit
509995,00-99,,BR,elo,debit
509996,00-99,,BR,elo,debit
509997,00-99,,BR,elo,debit
509998,00-99,,BR,elo,debit
509999,00-99,,BR,elo,debit
