BIN6,Ranges,Issuer,Country,Brand,Type
550000,00-99,HYUNDAICARD CO. LTD.,KR,mastercard,credit
550002,00-99,BANK ALJAZIRA,SA,mastercard,credit
550003,00-99,BANK OF AMERICA N.A.,US,mastercard,credit
550004,00-99,CU COOPERATIVE SYSTEMS LLC,US,mastercard,credit
550005,00-99,BARCLAYS BANK PLC,GB,mastercard,credit
550006,00-99,PUBLIC JOINT STOCK COMPANY BANK URALSIB,RU,mastercard,credit
550008,00-99,VTB BANK (PUBLIC JOINT-STOCK COMPANY),RU,mastercard,credit
550009,00-99,,AU,mastercard,debit
550010,00-99,CRNOGORSKA KOMERCIJALNA BANKA A.D. PODGORICA,ME,mastercard,credit
550011,00-99,TARGOBANK AG & CO. KGAA,DE,mastercard,credit
550012,00-99,TARGOBANK AG & CO. KGAA,DE,mastercard,credit
550014,00-99,BANCO DEL PICHINCHA C.A.,EC,mastercard,credit
550015,00-99,BANCO DEL PICHINCHA C.A.,EC,mastercard,credit
550016,00-99,BANCO BS2 S.A.,BR,maestro,debit
550017,00-99,AUSTRALIA AND NEW ZEALAND BANKING GROUP LTD.,VN,mastercard,credit
550018,00-99,VISECA PAYMENT SERVICES SA,CH,mastercard,credit
550019,00-99,CSCBANK SAL,NG,mastercard,credit
550020,00-99,VISECA PAYMENT SERVICES SA,CH,mastercard,credit
550021,00-99,VISECA PAYMENT SERVICES SA,CH,mastercard,credit
550022,00-99,VISECA PAYMENT SERVICES SA,CH,mastercard,credit
550023,00-99,BANK OF BEIRUT S.A.L.,LB,mastercard,credit
550024,00-99,CU COOPERATIVE SYSTEMS LLC,US,mastercard,credit
550025,00-99,CREDIT UNION PAYMENT CENTER (LIMITED LIABILITY COMPANY),RU,mastercard,debit
550026,00-99,VISECA PAYMENT SERVICES SA,CH,mastercard,credit
550027,00-99,,US,mastercard,credit
550028,00-99,JYSKE,DK,mastercard,credit
550029,00-99,BANK OF AMERICA N.A.,US,mastercard,credit
550030,00-99,,AU,mastercard,credit
550033,00-99,PJSC ROSBANK,RU,mastercard,debit
550034,00-99,,US,mastercard,credit
550035,00-99,,US,mastercard,credit
550036,00-99,NORTHERN TRUST BANK,US,mastercard,credit
550037,00-99,NORTHERN TRUST BANK,US,mastercard,credit
550038,00-99,MERRICK BANK CORPORATION,US,mastercard,credit
550039,00-99,BANK OF AMERICA N.A.,US,mastercard,credit
550040,00-99,JPMORGAN CHASE BANK N.A.,US,mastercard,credit
550041,00-99,,US,mastercard,credit
550042,00-99,JSCB NADRA BANK,UA,mastercard,credit
550043,00-99,NOOR BANK PJSC,AE,mastercard,debit
550044,00-99,DANSKE BANK A/S,LV,mastercard,credit
550045,00-99,TRIPLINK INTERNATIONAL CO.LIMITED,HK,mastercard,credit
550047,00-99,BANK OF BERMUDA LTD.,BM,mastercard,credit
550048,00-99,WELLS FARGO BANK N.A.,US,mastercard,credit
550049,00-99,WELLS FARGO BANK N.A.,US,mastercard,credit
550050,00-99,HSBC BANK (CHINA) CO. LTD.,CN,mastercard,debit
550051,00-99,ANTIGUA BARBUDA INVESTMENT BANK LTD.,AG,mastercard,credit
550053,00-99,WELLS FARGO BANK N.A.,US,mastercard,credit
550054,00-99,WELLS FARGO BANK N.A.,US,mastercard,credit
550056,00-99,,MX,mastercard,credit
550057,00-99,FIRST COMMERCIAL BANK,TW,mastercard,credit
550058,00-99,WELLS FARGO BANK N.A.,US,mastercard,credit
550059,00-99,COLUMBUS BANK AND TRUST COMPANY,US,mastercard,credit
550060,00-99,FEDERAL BANK LTD.,IN,mastercard,debit
550061,00-99,NATIONAL BANK OF OMAN (SAOG),OM,mastercard,credit
550062,00-99,MAIWAND BANK,AF,mastercard,credit
550063,00-99,NETWORK INTERNATIONAL PAYMENT SERVICES,SD,mastercard,debit
550064,00-99,PJSC ROSBANK,RU,mastercard,credit
550065,00-99,IDFC FIRST BANK LTD.,IN,mastercard,debit
550066,00-99,BANQUE POUR LE COMMERCE EXTERIEUR LAO PUBLIC,LA,mastercard,credit
550067,00-99,ICICI BANK LTD.,IN,mastercard,credit
550068,00-99,ARDSHININVESTBANK CJSC,AM,mastercard,credit
550069,00-99,MBH BANK NYRT.,HU,mastercard,debit
550070,00-99,JSCB ROSSIYSKY KAPITAL,RU,mastercard,credit
550071,00-99,BANCO SOL S.A.,AO,mastercard,debit
550072,00-99,CU COOPERATIVE SYSTEMS LLC,US,mastercard,debit
550073,00-99,BANCO DE LA PROVINCIA DE CORDOBA (BANCO DE CORDOBA),AR,mastercard,credit
550074,00-99,ING A.S.,TR,mastercard,credit
550075,00-99,UNICREDIT SPA,IT,mastercard,credit
550076,00-99,PANCRETA BANK S.A.,GR,mastercard,credit
550077,00-99,,US,mastercard,credit
550078,00-99,DEBIT ISIS,IN,mastercard,credit
550079,00-99,DEBIT ISIS,IN,mastercard,credit
550080,00-99,FIRST FINANCIAL BANK N.A.,US,mastercard,credit
550081,00-99,BBVA BANCOMER SA INSTIT. DE BANCA MULTIPLE GRUPO FINANCIER,MX,mastercard,credit
550082,00-99,TD BANK,US,mastercard,credit
550083,00-99,,US,mastercard,credit
550085,00-99,,US,mastercard,credit
550086,00-99,WOODFOREST NATIONAL BANK,US,mastercard,credit
550087,00-99,CONTINENTAL BANK,US,mastercard,credit
550088,00-99,WELLS FARGO BANK N.A.,US,mastercard,credit
550089,00-99,BANCA INTESA BEOGRAD,RS,mastercard,credit
550090,00-99,,US,mastercard,credit
550091,00-99,EUROPAY BELGIUM (BACOB C.V.),BE,mastercard,credit
550092,00-99,EUROPAY BELGIUM (ASLK BANK),BE,mastercard,credit
550093,00-99,GREEN DOT BANK,US,mastercard,debit
550094,00-99,INTRUST BANK N.A.,US,mastercard,credit
550095,00-99,INTRUST BANK N.A.,US,mastercard,credit
550096,00-99,EUROPAY NORGE A.S.,NO,mastercard,credit
550097,00-99,,US,mastercard,credit
550098,00-99,,US,mastercard,credit
550099,00-99,AXIS BANK LTD.,IN,mastercard,debit
550100,00-99,CREDIT AGRICOLE BANK POLSKA SPOLKA AKCYJNA,PL,mastercard,credit
550101,00-99,RAIFFEISEN BANK S.A.,RO,mastercard,credit
550102,00-99,ARMENIAN CARD CJSC,AM,mastercard,credit
550103,00-99,ARMENIAN CARD CJSC,AM,mastercard,credit
550104,00-99,ARMENIAN CARD CJSC,AM,mastercard,credit
550105,00-99,COMMUNITY FINANCIAL CREDIT UNION,US,mastercard,debit
550106,00-99,NATIONAL BANK OF GREECE S.A.,GR,mastercard,credit
550107,00-99,BANQUE CANTONALE NEUCHATELOISE,CH,mastercard,debit
550108,00-99,MAURITIUS COMMERCIAL BANK LTD.,MU,mastercard,credit
550109,00-99,IDT FINANCIAL SERVICES LTD.,GB,mastercard,debit
550110,00-99,LARI EXCHANGE,AE,mastercard,debit
550111,00-99,IDT FINANCIAL SERVICES LTD.,GB,mastercard,debit
550112,00-99,AION BANK,DE,mastercard,debit
550113,00-99,IDT FINANCIAL SERVICES LTD.,GB,mastercard,debit
550114,00-99,BANK OF MISSOURI,US,mastercard,credit
550115,00-99,BANCO SANTANDER RIO SA,AR,mastercard,debit
550116,00-99,BANCORP BANK,US,mastercard,debit
550117,00-99,TRANSATLANTICA COMPANIA FINANCIERA S.A.,AR,mastercard,credit
550118,00-99,CITIZENS BANK,US,mastercard,debit
550119,00-99,NETWORK INTERNATIONAL PAYMENT SERVICES,EG,mastercard,debit
550120,00-99,CITIZENS BANK,US,mastercard,debit
550121,00-99,ECOBANK NIGERIA PLC,ZM,mastercard,debit
550122,00-99,DATA CENTER INCORPORATED,US,mastercard,debit
550123,00-99,TRANSACT PAYMENTS LTD.,GB,mastercard,debit
550124,00-99,LIVE PAYMENTS A&I PTY LTD.,AU,mastercard,debit
550125,00-99,PILATUS BANK LTD.,MT,mastercard,debit
550126,00-99,MASHREQ BANK,AE,mastercard,credit
550127,00-99,PSI- PAY LTD.,MT,mastercard,debit
550128,00-99,AFRILAND FIRST BANK,CM,mastercard,debit
550129,00-99,FIRST RATE EXCHANGE SERVICES LTD.,GB,mastercard,debit
550130,00-99,KASIKORNBANK PUBLIC COMPANY LTD.,TH,mastercard,debit
550131,00-99,INTERCARD FINANCE A.D.,CZ,mastercard,debit
550132,00-99,VTB BANK (PUBLIC JOINT-STOCK COMPANY),RU,mastercard,debit
550133,00-99,AXIS BANK LTD.,IN,mastercard,debit
550134,00-99,DUBAI ISLAMIC BANK PJSC,AE,mastercard,debit
550135,00-99,OPTAL FINANCIAL EUROPE LTD.,NL,mastercard,credit
550136,00-99,MIDDLE EAST PAYMENT SERVICES LIMITED CO.,JO,mastercard,debit
550137,00-99,VISECA PAYMENT SERVICES SA,CH,mastercard,credit
550138,00-99,VISECA PAYMENT SERVICES SA,CH,mastercard,credit
550139,00-99,VISECA PAYMENT SERVICES SA,CH,mastercard,credit
550140,00-99,VISECA PAYMENT SERVICES SA,CH,mastercard,credit
550141,00-99,VISECA PAYMENT SERVICES SA,CH,mastercard,credit
550142,00-99,NEWDAY LTD.,GB,mastercard,credit
550143,00-99,CREDIT UNION PAYMENT CENTER (LIMITED LIABILITY COMPANY),RU,mastercard,debit
550144,00-99,MAURITIUS COMMERCIAL BANK LTD.,MU,mastercard,credit
550145,00-99,NOVA KREDITNA BANKA MARIBOR D.D. MARIBOR,SI,mastercard,credit
550146,00-99,TARJETAS BANAMEX SA DE CV SOFOM E.R.,MX,mastercard,credit
550147,00-99,SERVICIOS FINANCIEROS CARREFOUR ESTABLECIMIENTO FINANCIERO DE CREDITO,ES,mastercard,credit
550148,00-99,FIRST NATIONAL BANK OF OMAHA,US,mastercard,credit
550149,00-99,BANK OF AMERICA N.A.,US,mastercard,credit
550150,00-99,SHANGHAI RURAL COMMERCIAL BANK CO. LTD.,CN,mastercard,credit
550151,00-99,MAURITIUS COMMERCIAL BANK LTD.,MU,mastercard,credit
550152,00-99,MAURITIUS COMMERCIAL BANK LTD.,MU,mastercard,credit
550153,00-99,OPEN JOINT-STOCK SOCIETY AZER-TURK BANK,AZ,mastercard,credit
550154,00-99,,BR,mastercard,credit
550155,00-99,TATRA BANKA A.S.,SK,mastercard,credit
550156,00-99,NOOR BANK PJSC,AE,mastercard,debit
550157,00-99,RAIFFEISENBANK A.S.,CZ,mastercard,credit
550158,00-99,CU COOPERATIVE SYSTEMS LLC,US,mastercard,debit
550159,00-99,BANCO BMG S.A.,BR,mastercard,credit
550160,00-99,GOLOMT BANK OF MONGOLIA,MN,mastercard,credit
550161,00-99,BANK OF CHINA (THAI) PUBLIC COMPANY LTD.,TH,mastercard,credit
550162,00-99,MONEY CARD ASSOCIATION PR LEAGUE INC.,PR,mastercard,credit
550163,00-99,BANCO DE AHORRO Y CREDITO INMOBILIARIO S.A.,DO,mastercard,credit
550164,00-99,PUBLIC JOINT-STOCK COMPANY BANK OTKRITIE FINANCIAL CORPORATION,RU,mastercard,credit
550165,00-99,PJSC ROSBANK,RU,mastercard,debit
550166,00-99,,RU,mastercard,debit
550167,00-99,SIGNET BANK AS,LV,mastercard,credit
550168,00-99,,US,mastercard,credit
550169,00-99,FIRST TENNESSEE BANK N.A.,US,mastercard,credit
550170,00-99,,US,mastercard,credit
550171,00-99,,US,mastercard,credit
550172,00-99,,US,mastercard,credit
550173,00-99,METABANK,US,mastercard,debit
550174,00-99,,US,mastercard,credit
550175,00-99,,US,mastercard,credit
550176,00-99,,US,mastercard,credit
550177,00-99,FIRST DATA LOAN COMPANY CANADA,CA,mastercard,credit
550179,00-99,,GB,mastercard,credit
550181,00-99,PROVIDENT BANK AND TRUST OF BELIZE LTD.,BZ,mastercard,credit
550182,00-99,,US,mastercard,credit
550183,00-99,,US,mastercard,credit
550184,00-99,JPMORGAN CHASE BANK N.A.,US,mastercard,credit
550185,00-99,HARRIS N.A.,US,mastercard,credit
550186,00-99,,US,mastercard,credit
550187,00-99,,CH,mastercard,credit
550188,00-99,AMERANT BANK NATIONAL ASSOCIATION,US,mastercard,credit
550189,00-99,,US,mastercard,credit
550190,00-99,,US,mastercard,credit
550191,00-99,,US,mastercard,credit
550192,00-99,,AU,mastercard,credit
550193,00-99,BANCARD S.A.,PY,mastercard,debit
550194,00-99,AXIS BANK LTD.,IN,mastercard,debit
550195,00-99,,GB,mastercard,credit
550196,00-99,,US,mastercard,credit
550197,00-99,,ES,mastercard,debit
550198,00-99,NEXI PAYMENTS S.P.A.,IT,mastercard,debit
550199,00-99,CUSCAL LTD.,AU,mastercard,debit
550200,00-99,NATIONAL AUSTRALIA BANK LTD.,AU,mastercard,credit
550201,00-99,CITIBANK,AU,mastercard,credit
550202,00-99,,US,mastercard,credit
550204,00-99,BANCO COOPERATIVO SICOOB S.A. - BANCO SICOOB,BR,mastercard,debit
550205,00-99,BANCO RENDIMENTO S.A.,BR,mastercard,credit
550206,00-99,SCOTIABANK COLPATRIA S.A.,CO,mastercard,credit
550207,00-99,PEFISA S.A. - CREDITO FINANCIAMENTO E INVESTIMENTO,BR,mastercard,debit
550208,00-99,SERVICIOS FINANCIEROS CARREFOUR ESTABLECIMIENTO FINANCIERO DE CREDITO,ES,mastercard,credit
550209,00-99,NU PAGAMENTOS SA,BR,mastercard,credit
550210,00-99,PJSC ROSBANK,RU,mastercard,debit
550211,00-99,VTB BANK (ARMENIA),AM,mastercard,credit
550212,00-99,PJSC ROSBANK,RU,mastercard,credit
550213,00-99,INDUSTRIAL AND COMMERCIAL BANK OF CHINA LTD.,CN,mastercard,credit
550214,00-99,BANK OF COMMERCE,PH,mastercard,credit
550215,00-99,PJSC JSB UKRGASBANK,UA,mastercard,credit
550216,00-99,SHANGHAI PUDONG DEVELOPMENT BANK,CN,mastercard,credit
550217,00-99,NEXI PAYMENTS SPA,IT,mastercard,credit
550218,00-99,CAJA RURAL DE AHORRO Y CREDITO CENCOSUD SCOTIA PERU SA,PE,mastercard,credit
550219,00-99,BANK ZENIT,RU,mastercard,credit
550220,00-99,PUBLIC JOINT STOCK COMPANY BANK URALSIB,RU,mastercard,credit
550221,00-99,TBI BANK EAD,BG,mastercard,credit
550222,00-99,YAPI KREDI BANK AZERBAIJAN CJSC,AZ,mastercard,credit
550223,00-99,PUBLIC JOINT-STOCK COMPANY DV BANK,UA,mastercard,credit
550224,00-99,VTB BANK (PUBLIC JOINT-STOCK COMPANY),RU,mastercard,credit
550225,00-99,VTB BANK (PUBLIC JOINT-STOCK COMPANY),RU,mastercard,credit
550226,00-99,BANCO COLUMBIA S.A.,AR,mastercard,credit
550227,00-99,BANCO DE LA PRODUCCION S.A. (PRODUBANCO),EC,mastercard,credit
550228,00-99,UNITED BANK S.E.A.,EG,mastercard,credit
550229,00-99,,RU,mastercard,credit
550230,00-99,BANCO MACRO S.A.,AR,mastercard,credit
550231,00-99,VTB BANK (PUBLIC JOINT-STOCK COMPANY),RU,mastercard,credit
550232,00-99,BAC INTERNATIONAL BANK INC,PA,mastercard,credit
550233,00-99,TARJETAS BANAMEX SA DE CV SOFOM E.R.,MX,mastercard,credit
550234,00-99,CENTRAL BANK OF KANSAS CITY,US,mastercard,debit
550235,00-99,CREDIT UNION PAYMENT CENTER (LIMITED LIABILITY COMPANY),RU,mastercard,credit
550236,00-99,BCT BANK INTERNATIONAL S.A.,PA,mastercard,credit
550237,00-99,CONFIAR COOPERATIVA FINANCIERA,CO,mastercard,credit
550238,00-99,PJSC DELTA BANK,UA,mastercard,credit
550239,00-99,,US,mastercard,credit
550241,00-99,,US,mastercard,credit
550242,00-99,,US,mastercard,credit
550243,00-99,,US,mastercard,credit
550244,00-99,,US,mastercard,credit
550245,00-99,,US,mastercard,credit
550246,00-99,MERRICK BANK CORPORATION,US,mastercard,credit
550247,00-99,FIRST SAVINGS BANK,US,mastercard,credit
550250,00-99,JOINT STOCK COMPANY FIRST UKRAINIAN INTERNATIONAL BANK,UA,mastercard,credit
550251,00-99,SC CITADELE BANKA,LV,mastercard,debit
550252,00-99,UNITED OVERSEAS BANK LTD.,SG,mastercard,credit
550253,00-99,,US,mastercard,credit
550254,00-99,BANK NIZWA SAOG,OM,mastercard,credit
550255,00-99,CARROLLTON BANK,US,mastercard,credit
550256,00-99,COMMONWEALTH BANK OF AUSTRALIA,AU,mastercard,credit
550257,00-99,MERRICK BANK CORPORATION,US,mastercard,credit
550258,00-99,,US,mastercard,credit
550259,00-99,CIELO S.A.,BR,mastercard,credit
550260,00-99,,BR,mastercard,credit
550261,00-99,CIELO S.A.,BR,mastercard,credit
550262,00-99,,US,mastercard,credit
550263,00-99,MIDDLE EAST PAYMENT SERVICES LIMITED CO.,JO,mastercard,debit
550264,00-99,TD BANK,US,mastercard,credit
550265,00-99,,US,mastercard,credit
550266,00-99,TEXAS CAPITAL BANK N.A.,US,mastercard,credit
550267,00-99,BANK OF COMMUNICATIONS,CN,mastercard,debit
550268,00-99,GLOBAL STAR FINANCE LTD.,GB,mastercard,debit
550269,00-99,TRIPLINK INTERNATIONAL CO.LIMITED,HK,mastercard,credit
550270,00-99,FIRSTCARIBBEAN INTERNATIONAL BANK BARBADOS LTD.,BS,mastercard,debit
550271,00-99,,DE,mastercard,credit
550272,00-99,CY-FAIR FEDERAL CREDIT UNION,US,mastercard,credit
550273,00-99,JPMORGAN CHASE BANK N.A.,US,mastercard,debit
550274,00-99,JPMORGAN CHASE BANK N.A.,US,mastercard,debit
550275,00-99,CREDOMATIC DE HONDURAS S.A.,HN,mastercard,credit
550276,00-99,BANCORP BANK,US,mastercard,debit
550277,00-99,INTERPAY EUROCARD NEDERLAND D.V.,NL,mastercard,credit
550278,00-99,M&T BANK,US,mastercard,credit
550279,00-99,BANK OF HOPE,US,mastercard,credit
550280,00-99,ALLPAY LTD.,GB,mastercard,debit
550281,00-99,REGIONS BANK,US,mastercard,credit
550282,00-99,COMMONWEALTH BANK OF AUSTRALIA,AU,mastercard,credit
550283,00-99,RAIFFEISEN BANK S.A.,RO,mastercard,debit
550284,00-99,,US,mastercard,credit
550285,00-99,,US,mastercard,credit
550287,00-99,,US,mastercard,credit
550288,00-99,,US,mastercard,credit
550289,00-99,CESKA SPORITELNA A.S. (CZECH SAVINGS BANK CO.),CZ,mastercard,debit
550290,00-99,,KE,mastercard,debit
550291,00-99,TURKIYE VAKIFLAR BANKASI T.A.O.,TR,mastercard,credit
550292,00-99,,US,mastercard,credit
550293,00-99,DEUTSCHE BANK TRUST COMPANY AMERICAS,US,mastercard,credit
550294,00-99,,US,mastercard,credit
550295,00-99,,GB,mastercard,credit
550296,00-99,PATHWARD NATIONAL ASSOCIATION,US,mastercard,debit
550297,00-99,U.S. BANK N.A. ND,US,mastercard,credit
550299,00-99,,US,mastercard,credit
550300,00-99,CAPITAL ONE NATIONAL ASSOCIATION,US,mastercard,credit
550301,00-99,,US,mastercard,credit
550302,00-99,,US,mastercard,credit
550303,00-99,FIRST AMERICAN CREDIT UNION,US,mastercard,credit
550304,00-99,NATIONAL BANK OF OMAN LTD. (S.A.O.G.),OM,mastercard,credit
550305,00-99,BANCO SANTANDER PUERTO RICO,PR,mastercard,credit
550306,00-99,JPMORGAN CHASE BANK N.A.,US,mastercard,credit
550307,00-99,JPMORGAN CHASE BANK N.A.,US,mastercard,credit
550308,00-99,JPMORGAN CHASE BANK N.A.,US,mastercard,credit
550309,00-99,,LB,mastercard,credit
550310,00-99,AMRO BANK N.V.,TW,mastercard,credit
550311,00-99,JPMORGAN CHASE BANK N.A.,US,mastercard,credit
550312,00-99,UNIVERSAL BANK N.A.,US,mastercard,credit
550313,00-99,U.S. BANK N.A. ND,US,mastercard,credit
550314,00-99,BANK POLSKA KASA OPIEKI S.A. - (BANK PEKAO S.A.),PL,mastercard,credit
550315,00-99,WELLS FARGO BANK N.A.,US,mastercard,credit
550316,00-99,FIRST TENNESSEE BANK N.A.,US,mastercard,credit
550317,00-99,RIZAL COMMERCIAL BANKING CORPORATION,PH,mastercard,credit
550318,00-99,,US,mastercard,credit
550319,00-99,,US,mastercard,credit
550320,00-99,CITIZENS BANK OF RHODE ISLAND,US,mastercard,credit
550321,00-99,BANCO BRADESCO S.A.,BR,mastercard,credit
550322,00-99,,US,mastercard,credit
550323,00-99,,US,mastercard,credit
550324,00-99,,RO,mastercard,credit
550325,00-99,CU COOPERATIVE SYSTEMS LLC,US,mastercard,debit
550326,00-99,JPMORGAN CHASE BANK N.A.,US,mastercard,credit
550327,00-99,MERCANTIL C.A. BANCO UNIVERSAL,VE,mastercard,credit
550328,00-99,,US,mastercard,credit
550329,00-99,BANK OF AMERICA,US,mastercard,credit
550330,00-99,BANK OF AMERICA,US,mastercard,credit
550331,00-99,AXIS BANK LTD.,IN,mastercard,debit
550332,00-99,AXIS BANK LTD.,IN,mastercard,debit
550333,00-99,AXIS BANK LTD.,IN,mastercard,debit
550334,00-99,AXIS BANK LTD.,IN,mastercard,debit
550335,00-99,AXIS BANK LTD.,IN,mastercard,debit
550336,00-99,AXIS BANK LTD.,IN,mastercard,debit
550337,00-99,AXIS BANK LTD.,IN,mastercard,debit
550338,00-99,AXIS BANK LTD.,IN,mastercard,debit
550339,00-99,AXIS BANK LTD.,IN,mastercard,debit
550340,00-99,AXIS BANK LTD.,IN,mastercard,debit
550341,00-99,AXIS BANK LTD.,IN,mastercard,debit
550342,00-99,AXIS BANK LTD.,IN,mastercard,debit
550343,00-99,AXIS BANK LTD.,IN,mastercard,credit
550345,00-99,ORANGE BANK,ES,mastercard,debit
550346,00-99,MASTERCAJAS S.A.,ES,mastercard,debit
550347,00-99,HYUNDAICARD CO. LTD.,KR,mastercard,credit
550348,00-99,FIRST ELECTRONIC BANK,US,mastercard,credit
550349,00-99,JOINT STOCK BANK UKRGASBANK,UA,mastercard,credit
550350,00-99,ARUBA BANK N.V.,CW,mastercard,debit
550351,00-99,PUBLIC JOINT STOCK COMPANY BANK URALSIB,RU,mastercard,credit
550352,00-99,PUBLIC JOINT STOCK COMPANY BANK URALSIB,RU,mastercard,credit
550353,00-99,JACK HENRY AND ASSOCIATES,US,mastercard,credit
550354,00-99,TBI BANK EAD,BG,mastercard,credit
550355,00-99,RAIFFEISEN BANK LTD.,HU,mastercard,credit
550356,00-99,BANCO CENCOSUD S.A.,PE,mastercard,credit
550357,00-99,CREDIT URAL BANK,RU,mastercard,credit
550358,00-99,YAPI KREDI BANK AZERBAIJAN CJSC,AZ,mastercard,credit
550359,00-99,PUBLIC JOINT-STOCK COMPANY DV BANK,UA,mastercard,credit
550360,00-99,PATHWARD NATIONAL ASSOCIATION,US,mastercard,credit
550361,00-99,UMPQUA BANK,US,mastercard,credit
550362,00-99,MERCHANTS BANK OF COMMERCE,US,mastercard,credit
550363,00-99,UMPQUA BANK,US,mastercard,credit
550364,00-99,STANDARD FEDERAL BANK N.A.,US,mastercard,credit
550365,00-99,AS PNB BANKA,LV,mastercard,credit
550366,00-99,JPMORGAN CHASE BANK N.A.,US,mastercard,credit
550367,00-99,BANK OF NEVIS LIMITED (THE),KN,mastercard,credit
550368,00-99,BANQUE MISR,EG,mastercard,debit
550369,00-99,FIFTH THIRD BANK,US,mastercard,credit
550370,00-99,FIFTH THIRD BANK,US,mastercard,credit
550372,00-99,HDFC BANK LTD.,IN,mastercard,credit
550373,00-99,BANCA TRANSILVANIA S.A.,RO,mastercard,debit
550374,00-99,,US,mastercard,credit
550375,00-99,THE BANCORP BANK NATIONAL ASSOCIATION,US,mastercard,debit
550376,00-99,STANDARD CHARTERED BANK (PAKISTAN) LTD.,PK,mastercard,credit
550377,00-99,RNKB BANK (PJSC),RU,mastercard,credit
550378,00-99,CU COOPERATIVE SYSTEMS,US,mastercard,credit
550380,00-99,FIRST DATA LOAN COMPANY CANADA,CA,mastercard,credit
550381,00-99,FIRST DATA LOAN COMPANY CANADA,CA,mastercard,credit
550382,00-99,FIRST NATIONAL BANK IN NEW HAMPTON,US,mastercard,credit
550383,00-99,AKBANK T.A.S.,TR,mastercard,credit
550393,00-99,,DE,mastercard,credit
550400,00-99,,IE,mastercard,debit
550407,00-99,,US,mastercard,credit
550412,00-99,HSBC,TR,mastercard,debit
550413,00-99,,TR,mastercard,debit
550423,00-99,,CZ,mastercard,debit
550424,00-99,,US,mastercard,credit
550425,00-99,AMBANK (M) BERHAD,MY,mastercard,debit
550426,00-99,AMBANK (M) BERHAD,MY,mastercard,credit
550427,00-99,LLC BANK ROUND,RU,mastercard,credit
550428,00-99,HSBC BANK MALAYSIA BERHAD,MY,mastercard,debit
550429,00-99,PKO SAVINGS BANK,PL,mastercard,credit
550430,00-99,COOPERATIVA NACIONAL DE EDUCADORES R.L.(COOPENAE RL),CR,mastercard,credit
550431,00-99,PSCU INCORPORATED,US,mastercard,debit
550432,00-99,CU COOPERATIVE SYSTEMS,US,mastercard,debit
550433,00-99,ALEJMAA ALARABI BANK,LY,mastercard,debit
550435,00-99,,TW,mastercard,credit
550436,00-99,HANG SENG BANK LTD.,MO,mastercard,credit
550437,00-99,SAINT PETERSBURG INDUSTRIAL JOINT STOCK BANK,RU,mastercard,debit
550438,00-99,,US,mastercard,credit
550439,00-99,,US,mastercard,credit
550440,00-99,,US,mastercard,credit
550441,00-99,CRDB BANK PLC,TZ,mastercard,debit
550442,00-99,TELCO COMMUNITY CREDIT UNION,US,mastercard,debit
550443,00-99,NATIONAL WESTMINSTER BANK PLC,GB,mastercard,credit
550444,00-99,BANCO DAVIVIENDA S.A.,CO,mastercard,debit
550445,00-99,TULAN BEST MARKETING COMPANY,JO,mastercard,debit
550446,00-99,PUBLIC JOINT-STOCK COMPANY BANK OTKRITIE FINANCIAL CORPORATION,RU,mastercard,credit
550447,00-99,CESKA SPORITELNA A.S. (CZECH SAVINGS BANK CO.),CZ,mastercard,credit
550448,00-99,FINDOMESTIC BANKA AD BEOGRAD,RS,mastercard,credit
550449,00-99,TURK EKONOMI BANKASI A.S.,TR,mastercard,credit
550450,00-99,CLYDESDALE BANK PLC.,GB,mastercard,credit
550451,00-99,,US,mastercard,credit
550452,00-99,,TR,mastercard,debit
550453,00-99,CREDIT-YERVAN BANK (JSC),AM,mastercard,credit
550454,00-99,SCOTIABANK INVERLAT S.A.,MX,mastercard,credit
550455,00-99,CU COOPERATIVE SYSTEMS,US,mastercard,credit
550456,00-99,PUBLIC JOINT STOCK COMPANY BANK URALSIB,RU,mastercard,credit
550457,00-99,COMERICA BANK,US,mastercard,debit
550458,00-99,ADMINISTRADORA DE TARJETAS DE CREDITO (A.T.C.) S.A.,BO,mastercard,credit
550459,00-99,INNOVACION EN MEDIOS DE PAGO E,CR,mastercard,credit
550460,00-99,THE BANK FOR DEVELOPMENT AND FOREIGN ECONOMIC AFFAIRS (VNESHECONOMBANK),RU,mastercard,credit
550461,00-99,RBC ROYAL BANK N.V.,CW,mastercard,credit
550462,00-99,WIRECARD BANK AG,GB,mastercard,debit
550464,00-99,FIRST NATIONAL BANK,US,mastercard,debit
550465,00-99,AZERIGAZBANK OJSC,AZ,mastercard,credit
550466,00-99,AZERIGAZBANK OJSC,AZ,mastercard,credit
550467,00-99,PJSC ROSBANK,RU,mastercard,debit
550468,00-99,NATIONAL COMMERCIAL BANK,LY,mastercard,credit
550469,00-99,BANCO DEL PACIFICO S.A.,EC,mastercard,credit
550470,00-99,BANCO DEL PACIFICO S.A.,EC,mastercard,credit
550471,00-99,BANCO BTG PACTUAL SA,BR,mastercard,credit
550472,00-99,HSBC BANK A.S.,TR,mastercard,credit
550473,00-99,HSBC,TR,mastercard,credit
550474,00-99,COMMERCIAL BANK ASSISTANCE FOR PUBLIC INITIATIVES SOBINBANK,RU,mastercard,debit
550475,00-99,COMMERCIAL BANK ASSISTANCE FOR PUBLIC INITIATIVES SOBINBANK,RU,mastercard,debit
550476,00-99,BANCO ALIADO S.A.,PA,mastercard,credit
550477,00-99,BAWAG P.S.K. BANK,DE,mastercard,credit
550478,00-99,ING A.S.,TR,mastercard,credit
550479,00-99,SUNMARK CREDIT UNION,US,mastercard,debit
550480,00-99,CREDENCIAL ARGENTINA SA,AR,mastercard,debit
550481,00-99,VTB BANK (PUBLIC JOINT-STOCK COMPANY),RU,mastercard,credit
550482,00-99,VTB BANK (PUBLIC JOINT-STOCK COMPANY),RU,mastercard,credit
550483,00-99,CAIRO AMMAN BANK PLC,JO,mastercard,debit
550484,00-99,BANCO BRADESCARD S.A.,BR,mastercard,credit
550485,00-99,BC CARD CO. LTD.,KR,mastercard,credit
550486,00-99,COOPERATIVA NACIONAL DE EDUCADORES R.L.(COOPENAE RL),CR,mastercard,credit
550487,00-99,UNICREDIT BANK GMBH,DE,mastercard,credit
550488,00-99,COOPERATIVA DE AHORRO Y CREDITO POLICIA NACIONAL,EC,mastercard,credit
550489,00-99,COMMERCIAL BANK OF CEYLON PLC,LK,mastercard,credit
550490,00-99,COMMERCIAL BANK OF CEYLON PLC,LK,mastercard,credit
550491,00-99,FREEDOM BANK KAZAKHSTAN JSC,KZ,mastercard,credit
550492,00-99,COMPUTER SERVICES INC.,US,mastercard,debit
550493,00-99,DOCK INSTITUICAO DE PAGAMENTO SA,BR,mastercard,debit
550494,00-99,BANK OF BERMUDA LTD.,BM,mastercard,credit
550495,00-99,BANCO DEL PACIFICO S.A.,EC,mastercard,credit
550496,00-99,FRANSABANK SAL,LB,mastercard,debit
550497,00-99,BANCO DEL PACIFICO S.A.,EC,mastercard,credit
550498,00-99,DATA CENTER INCORPORATED,US,mastercard,debit
550499,00-99,BRANCH BANKING AND TRUST COMPANY,US,mastercard,credit
550500,00-99,NATIONAL WESTMINSTER BANK PLC,GB,mastercard,credit
550501,00-99,,US,mastercard,credit
550502,00-99,BBVA BANCOMER SA INSTIT. DE BANCA MULTIPLE GRUPO FINANCIER,MX,mastercard,debit
550503,00-99,,US,mastercard,credit
550504,00-99,,US,mastercard,credit
550505,00-99,HOME TRUST COMPANY,CA,mastercard,debit
550506,00-99,COMMERCIAL INTERNATIONAL BANK (EGYPT) S.A.E.,EG,mastercard,credit
550507,00-99,,US,mastercard,credit
550509,00-99,,US,mastercard,credit
550511,00-99,BANCO INTERCONTINENTAL S.A.,DO,mastercard,credit
550512,00-99,CLYDESDALE BANK PLC,GB,mastercard,credit
550513,00-99,,US,mastercard,credit
550514,00-99,,US,mastercard,credit
550515,00-99,,US,mastercard,credit
550516,00-99,,US,mastercard,credit
550517,00-99,REDEBAN MULTICOLOR S.A.,CO,mastercard,credit
550518,00-99,REDEBAN MULTICOLOR S.A.,CO,mastercard,credit
550519,00-99,REDEBAN MULTICOLOR S.A.,CO,mastercard,credit
550520,00-99,,US,mastercard,credit
550522,00-99,CLYDESDALE BANK PLC,GB,mastercard,credit
550523,00-99,,GB,mastercard,credit
550524,00-99,,US,mastercard,credit
550525,00-99,CITIBANK EUROPE PUBLIC LTD COMPANY,HU,mastercard,credit
550526,00-99,,US,mastercard,credit
550530,00-99,MADURO & CURIEL'S BANK N.V.,AW,mastercard,credit
550531,00-99,DE SURINAAMSCHE BANK N.V.,SR,mastercard,debit
550533,00-99,CLYDESDALE BANK PLC,GB,mastercard,credit
550534,00-99,BARCLAYS BANK PLC,GB,mastercard,credit
550535,00-99,BANK OF AMERICA N.A.,US,mastercard,credit
550536,,CITIBANK CANADA,CA,mastercard,credit
550537,00-99,KB KOOKMIN CARD CO. LTD,KR,mastercard,debit
550538,00-99,MASTERCARD - PREPAID DEBIT CARD,US,mastercard,debit
550539,00-99,,US,mastercard,credit
550540,00-99,SANDIA AREA FEDERAL CREDIT UNION,US,mastercard,debit
550541,00-99,,US,mastercard,credit
550542,00-99,FIRST BANK OF NIGERIA PLC,NG,mastercard,debit
550543,00-99,WORLDPAY (UK) LTD.,GB,mastercard,credit
550544,00-99,TRIPLINK INTERNATIONAL CO.LIMITED,HK,mastercard,credit
550545,00-99,,GE,mastercard,credit
550546,00-99,BBVA,ES,mastercard,credit
550547,00-99,PJSC ROSBANK,RU,mastercard,credit
550548,00-99,BANCO DO BRASIL S.A.,BR,mastercard,debit
550549,00-99,,US,mastercard,credit
550550,00-99,WORLDPAY (UK) LTD.,GB,mastercard,credit
550551,00-99,WORLDPAY (UK) LTD.,GB,mastercard,credit
550553,00-99,BANK FOR FOREIGN ECONOMIC AFFAIRS OF THE USSR,RU,mastercard,credit
550554,00-99,,GB,mastercard,credit
550555,00-99,REVOLUT BANK SOCIEDAD ANONIMA INSTITUCION DE BANCA MULTIPLE,MX,mastercard,debit
550556,00-99,ASSOCIATES CAPITAL BANK,US,mastercard,credit
550557,00-99,,US,mastercard,credit
550558,00-99,NMB BANK PUBLIC LIMITED COMPANY,TZ,mastercard,debit
550559,00-99,BANCO POPULAR DE PUERTO RICO,PR,mastercard,debit
550560,00-99,,US,mastercard,credit
550561,00-99,,US,mastercard,credit
550562,00-99,,US,mastercard,credit
550563,00-99,,US,mastercard,credit
550564,00-99,,US,mastercard,credit
550565,00-99,,GB,mastercard,credit
550566,00-99,BARCLAYS BANK PLC,GB,mastercard,credit
550567,00-99,CONSORCIO CREDICARD C.A.,VE,mastercard,credit
550568,00-99,BANCO DE GALICIA Y BUENOS AIRES S.A.,AR,mastercard,credit
550569,00-99,BANCO BILBAO VIZCAYA,MX,mastercard,credit
550570,00-99,,US,mastercard,credit
550572,00-99,,US,mastercard,credit
550574,00-99,BANCO DO BRASIL S.A.,BR,mastercard,debit
550575,00-99,CREDIT UNION PAYMENT CENTER (LIMITED LIABILITY COMPANY),RU,mastercard,debit
550576,00-99,ISRAEL CREDIT CARDS LTD.,IL,mastercard,debit
550577,00-99,NATIONAL BANK OF CANADA,CA,mastercard,credit
550578,00-99,EXPRESSBANK OJSC,AZ,mastercard,credit
550579,00-99,CSCBANK SAL,IQ,mastercard,credit
550580,00-99,,US,mastercard,credit
550581,00-99,,US,mastercard,credit
550582,00-99,COMPASS TRUST LTD.,TC,mastercard,debit
550583,00-99,PJSC MTS BANK,RU,mastercard,credit
550584,00-99,BANKIA S.A.,ES,mastercard,debit
550585,00-99,BANCO PROMERICA S.A.,HN,mastercard,credit
550586,00-99,PRIME BANK LTD.,BD,mastercard,credit
550587,00-99,BANCO CONFIDENCE DE CAMBIO S.A,BR,mastercard,debit
550588,00-99,BANK OF NOVA SCOTIA,CA,mastercard,credit
550591,00-99,,US,mastercard,credit
550592,00-99,,US,mastercard,credit
550593,00-99,FIRST HAWAIIAN BANK,US,mastercard,credit
550594,00-99,CITIBANK N.A.,US,mastercard,credit
550596,00-99,BERKSHIRE BANK,US,mastercard,credit
550598,00-99,COMMERCIAL BANK OF CEYLON LTD.,LK,mastercard,credit
550599,00-99,,US,mastercard,credit
550600,00-99,,US,mastercard,credit
550601,00-99,,GB,mastercard,credit
550602,00-99,HSBC BANK MALTA PLC,MT,mastercard,credit
550603,00-99,BANCO NACIONAL ULTRAMARINO S.A.,MO,mastercard,credit
550604,00-99,BANCO NACIONAL ULTRAMARINO S.A.,MO,mastercard,credit
550605,00-99,HSBC BANK MALTA PLC,MT,mastercard,credit
550606,00-99,HSBC BANK MALTA PLC,MT,mastercard,credit
550607,00-99,,US,mastercard,credit
550608,00-99,,PL,mastercard,debit
550609,00-99,ISRAEL CREDIT CARDS LTD.,IL,mastercard,debit
550610,00-99,AXIS BANK LTD.,IN,mastercard,credit
550611,00-99,HONGKONG AND SHANGHAI BANKING CORP. LTD.,BN,mastercard,debit
550612,00-99,ISRAEL CREDIT CARDS LTD.,IL,mastercard,debit
550613,00-99,,US,mastercard,credit
550614,00-99,IDT FINANCIAL SERVICES LTD.,GB,mastercard,debit
550615,00-99,,US,mastercard,credit
550616,00-99,,US,mastercard,credit
550617,00-99,STATE EXPORT-IMPORT BANK OF UKRAINE (UKREXIMBANK),UA,mastercard,credit
550618,00-99,WORLDLINE,DE,mastercard,credit
550619,00-99,BARCLAYS BANK PLC,GB,mastercard,credit
550620,00-99,HANG SENG BANK LTD.,HK,mastercard,credit
550621,00-99,,US,mastercard,credit
550622,00-99,CONSORCIO CREDICARD C.A.,VE,mastercard,credit
550623,00-99,,US,mastercard,credit
550625,00-99,DIME COMMUNITY BANK,US,mastercard,credit
550626,00-99,,US,mastercard,credit
550627,00-99,,US,mastercard,credit
550628,00-99,,US,mastercard,credit
550629,00-99,WELLS FARGO BANK N.A.,US,mastercard,credit
550630,00-99,,US,mastercard,credit
550631,00-99,WELLS FARGO BANK N.A.,US,mastercard,credit
550632,00-99,BANCO NACIONAL ULTRAMARINO S.A.,MO,mastercard,debit
550633,00-99,CITIZENS EQUITY FIRST CREDIT UNION,US,mastercard,debit
550634,00-99,,TR,mastercard,debit
550635,00-99,,US,mastercard,credit
550637,00-99,,US,mastercard,credit
550638,00-99,,US,mastercard,credit
550639,00-99,,US,mastercard,credit
550640,00-99,WORLDPAY (UK) LTD.,GB,mastercard,credit
550641,00-99,WORLDPAY (UK) LTD.,GB,mastercard,credit
550642,00-99,IDT FINANCIAL SERVICES LTD.,GB,mastercard,debit
550644,00-99,,US,mastercard,credit
550645,00-99,REGIONS BANK,US,mastercard,credit
550646,00-99,U.S. BANK N.A. ND,US,mastercard,credit
550647,00-99,HUNGARIAN FOREIGN TRADE BANK LTD.,HU,mastercard,credit
550649,00-99,,US,mastercard,credit
550650,00-99,HUNTINGTON NATIONAL BANK,US,mastercard,credit
550651,00-99,FIRST CITIZENS BANK AND TRUST COMPANY OF SOUTH CAROLINA,US,mastercard,credit
550652,00-99,,US,mastercard,credit
550653,00-99,,US,mastercard,credit
550654,00-99,,DE,mastercard,credit
550655,00-99,,US,mastercard,credit
550656,00-99,,US,mastercard,credit
550657,00-99,,DE,mastercard,credit
550658,00-99,,US,mastercard,credit
550659,00-99,,IT,mastercard,credit
550660,00-99,,US,mastercard,credit
550661,00-99,,US,mastercard,credit
550662,00-99,,US,mastercard,credit
550665,00-99,,US,mastercard,credit
550666,00-99,,GB,mastercard,credit
550667,00-99,,US,mastercard,credit
550668,00-99,,US,mastercard,credit
550669,00-99,,US,mastercard,credit
550670,00-99,,US,mastercard,credit
550672,00-99,,US,mastercard,credit
550673,00-99,,US,mastercard,credit
550674,00-99,MASTERCARD - MEMBER TEST FACILITY,US,mastercard,credit
550675,00-99,MASTERCARD - MEMBER TEST FACILITY,US,mastercard,credit
550676,00-99,MASTERCARD - MEMBER TEST FACILITY,US,mastercard,credit
550677,00-99,MASTERCARD - MEMBER TEST FACILITY,US,mastercard,credit
550678,00-99,MASTERCARD - MEMBER TEST FACILITY,US,mastercard,credit
550679,00-99,MASTERCARD - MEMBER TEST FACILITY,US,mastercard,credit
550680,00-99,MASTERCARD - MEMBER TEST FACILITY,US,mastercard,credit
550681,00-99,MASTERCARD - MEMBER TEST FACILITY,US,mastercard,credit
550682,00-99,MASTERCARD - MEMBER TEST FACILITY,US,mastercard,credit
550683,00-99,MASTERCARD - MEMBER TEST FACILITY,US,mastercard,credit
550684,00-99,MASTERCARD - MEMBER TEST FACILITY,US,mastercard,credit
550685,00-99,MASTERCARD - MEMBER TEST FACILITY,US,mastercard,credit
550686,00-99,MASTERCARD - MEMBER TEST FACILITY,US,mastercard,credit
550687,00-99,MASTERCARD - MEMBER TEST FACILITY,US,mastercard,credit
550688,00-99,MASTERCARD - MEMBER TEST FACILITY,US,mastercard,credit
550689,00-99,MASTERCARD - MEMBER TEST FACILITY,US,mastercard,credit
550690,00-99,MASTERCARD - MEMBER TEST FACILITY,US,mastercard,credit
550691,00-99,MASTERCARD - MEMBER TEST FACILITY,US,mastercard,credit
550692,00-99,MASTERCARD - MEMBER TEST FACILITY,US,mastercard,credit
550693,00-99,MASTERCARD - MEMBER TEST FACILITY,US,mastercard,credit
550694,00-99,MASTERCARD - MEMBER TEST FACILITY,US,mastercard,credit
550695,00-99,MASTERCARD - MEMBER TEST FACILITY,US,mastercard,credit
550696,00-99,MASTERCARD - MEMBER TEST FACILITY,US,mastercard,credit
550697,00-99,MASTERCARD - MEMBER TEST FACILITY,US,mastercard,credit
550698,00-99,MASTERCARD - MEMBER TEST FACILITY,US,mastercard,credit
550699,00-99,MASTERCARD - MEMBER TEST FACILITY,US,mastercard,credit
550700,00-99,JACK HENRY & ASSOCIATES,US,mastercard,debit
550701,00-99,FIRST COMMONWEALTH BANK,US,mastercard,debit
550702,00-99,FISERV SOLUTIONS LLC,US,mastercard,debit
550703,00-99,FISERV SOLUTIONS LLC,US,mastercard,debit
550704,00-99,FISERV SOLUTIONS LLC,US,mastercard,debit
550705,00-99,EQUITY BANK,US,mastercard,debit
550706,00-99,COMPUTER SERVICES INC.,US,mastercard,debit
550707,00-99,FISERV SOLUTIONS LLC,US,mastercard,debit
550708,00-99,FIFTH THIRD BANK,US,mastercard,debit
550709,00-99,SHAZAM INC.,US,mastercard,debit
550710,00-99,FISERV SOLUTIONS LLC,US,mastercard,debit
550711,00-99,FISERV SOLUTIONS LLC,US,mastercard,debit
550712,00-99,FIRST MERCHANTS BANK,US,mastercard,debit
550713,00-99,FIFTH THIRD BANK,US,mastercard,debit
550714,00-99,FISERV SOLUTIONS LLC,US,mastercard,debit
550715,00-99,U.S. BANK N.A.,US,mastercard,debit
550716,00-99,FISERV SOLUTIONS LLC,US,mastercard,debit
550717,00-99,FISERV SOLUTIONS LLC,US,mastercard,debit
550718,00-99,FISERV SOLUTIONS LLC,US,mastercard,debit
550719,00-99,FISERV TRANSACTION SERVICES LLC,US,mastercard,debit
550720,00-99,FISERV TRANSACTION SERVICES LLC,US,mastercard,debit
550721,00-99,WIDGET FINANCIAL,US,mastercard,debit
550722,00-99,HONOR CREDIT UNION,US,mastercard,debit
550723,00-99,COMPUTER SERVICES INC.,US,mastercard,debit
550724,00-99,BANCORP BANK,US,mastercard,debit
550725,00-99,FIDELITY INFORMATION SERVICES INC.,US,mastercard,debit
550726,00-99,FISERV SOLUTIONS LLC,US,mastercard,debit
550727,00-99,FIDELITY INFORMATION SERVICES INC.,US,mastercard,debit
550728,00-99,FIDELITY INFORMATION SERVICES INC.,US,mastercard,debit
550729,00-99,JACK HENRY & ASSOCIATES,US,mastercard,debit
550730,00-99,FISERV SOLUTIONS LLC,US,mastercard,debit
550731,00-99,FISERV TRANSACTION SERVICES LLC,US,mastercard,debit
550732,00-99,STAR PROCESSING INC.,US,mastercard,debit
550733,00-99,FISERV SOLUTIONS LLC,US,mastercard,debit
550734,00-99,STAR PROCESSING INC.,US,mastercard,debit
550735,00-99,FIDELITY INFORMATION SERVICES INC.,US,mastercard,debit
550736,00-99,FISERV SOLUTIONS LLC,US,mastercard,debit
550737,00-99,VIETNAM JOINT STOCK COMMERCIAL BANK FOR INDUSTRY AND TRADE,VN,mastercard,debit
550738,00-99,FISERV SOLUTIONS LLC,US,mastercard,debit
550739,00-99,FISERV SOLUTIONS LLC,US,mastercard,debit
550740,00-99,FISERV SOLUTIONS LLC,US,mastercard,debit
550741,00-99,FISERV SOLUTIONS LLC,US,mastercard,debit
550742,00-99,FISERV SOLUTIONS LLC,US,mastercard,debit
550743,00-99,4FRONT CREDIT UNION,US,mastercard,debit
550744,00-99,SHINHAN CARD CO. LTD.,KR,mastercard,debit
550745,00-99,JACK HENRY & ASSOCIATES,US,mastercard,debit
550746,00-99,ISTITUTO DI PAGAMENTO SAMMARINESE T.P@Y SPA,SM,mastercard,debit
550747,00-99,UNITED CUMBERLAND BANK,US,mastercard,debit
550748,00-99,HUMM CARDS AUSTRALIA PTY LTD.,AU,mastercard,credit
550749,00-99,UNITED CUMBERLAND BANK,US,mastercard,debit
550750,00-99,LAPORTE SAVINGS,US,mastercard,debit
550751,00-99,FISERV SOLUTIONS LLC,US,mastercard,debit
550752,00-99,FISERV SOLUTIONS INC.,US,mastercard,debit
550753,00-99,FISERV SOLUTIONS LLC,US,mastercard,debit
550754,00-99,OPTAL FINANCIAL LTD.,GB,mastercard,credit
550755,00-99,VELOCITY CREDIT UNION,US,mastercard,debit
550756,00-99,COMMUNITY RESOURCE CREDIT UNION,US,mastercard,debit
550757,00-99,BNY MELLON NATIONAL ASSOCIATION,US,mastercard,debit
550758,00-99,CHROME FEDERAL CREDIT UNION,US,mastercard,debit
550759,00-99,COMPUTER SERVICES INC.,US,mastercard,debit
550760,00-99,FIFTH THIRD BANK,US,mastercard,debit
550761,00-99,COTTONPORT,US,mastercard,debit
550762,00-99,JD BANK,US,mastercard,debit
550763,00-99,FIFTH THIRD BANK,US,mastercard,debit
550764,00-99,FIRST EAGLE FEDERAL CREDIT UNION,US,mastercard,debit
550765,00-99,PUBLIC JOINT-STOCK COMPANY BANK OTKRITIE FINANCIAL CORPORATION,RU,mastercard,debit
550766,00-99,THE NATIONAL BANK PLC,PS,mastercard,debit
550767,00-99,JACK HENRY & ASSOCIATES,US,mastercard,debit
550768,00-99,FISERV SOLUTIONS LLC,US,mastercard,debit
550769,00-99,OLDENBURGISCHE LANDESBANK AG,DE,mastercard,credit
550770,00-99,CITY BANK,US,mastercard,debit
550771,00-99,STAR PROCESSING INC.,US,mastercard,debit
550772,00-99,FISERV SOLUTIONS LLC,US,mastercard,debit
550773,00-99,SHAZAM INC.,US,mastercard,debit
550774,00-99,FISERV SOLUTIONS INC.,US,mastercard,debit
550775,00-99,BNY MELLON NATIONAL ASSOCIATION,US,mastercard,debit
550776,00-99,STAR PROCESSING INC.,US,mastercard,debit
550777,00-99,BANCO PRIVADO ATLANTICO EUROPA S.A.,NA,mastercard,debit
550778,00-99,FIDELITY INFORMATION SERVICES INC.,US,mastercard,debit
550779,00-99,JACK HENRY & ASSOCIATES,US,mastercard,debit
550780,00-99,FISERV SOLUTIONS LLC,US,mastercard,debit
550781,00-99,JACK HENRY & ASSOCIATES,US,mastercard,debit
550782,00-99,,US,mastercard,credit
550783,00-99,SHAZAM INC.,US,mastercard,debit
550784,00-99,ICBA BANCARD INC.,US,mastercard,debit
550785,00-99,YES BANK LTD.,IN,mastercard,debit
550786,00-99,JACK HENRY & ASSOCIATES,US,mastercard,debit
550787,00-99,FIDELITY INFORMATION SERVICES INC.,US,mastercard,debit
550788,00-99,ICBA BANCARD INC.,US,mastercard,debit
550789,00-99,OMB BANK,US,mastercard,debit
550790,00-99,FISERV SOLUTIONS LLC,US,mastercard,debit
550791,00-99,FISERV SOLUTIONS LLC,US,mastercard,debit
550792,00-99,FISERV SOLUTIONS INC.,US,mastercard,debit
550793,00-99,FISERV SOLUTIONS LLC,US,mastercard,debit
550794,00-99,FISERV SOLUTIONS LLC,US,mastercard,debit
550795,00-99,FORT WORTH COMMUNITY CREDIT UNION,US,mastercard,debit
550796,00-99,SAI GON JOINT STOCK COMMERCIAL BANK,VN,mastercard,debit
550797,00-99,MACQUARIE BANK LTD.,AU,mastercard,debit
550798,00-99,FISERV SOLUTIONS LLC,US,mastercard,debit
550799,00-99,MARINE CREDIT UNION,US,mastercard,debit
550800,00-99,FIRST ALLIANCE,US,mastercard,debit
550801,00-99,FISERV SOLUTIONS LLC,US,mastercard,debit
550802,00-99,ONEIDA SAVINGS,US,mastercard,debit
550803,00-99,U.S. BANK N.A.,US,mastercard,debit
550804,00-99,,US,mastercard,debit
550805,00-99,TEG FEDERAL CREDIT UNION,US,mastercard,debit
550806,00-99,DOLLAR BANK A FEDERAL SAVINGS BANK,US,mastercard,debit
550807,00-99,DOLLAR BANK A FEDERAL SAVINGS BANK,US,mastercard,debit
550808,00-99,HORIZON BANK,US,mastercard,debit
550809,00-99,CU COOPERATIVE SYSTEMS,US,mastercard,debit
550810,00-99,FIDELITY INFORMATION SERVICES INC.,US,mastercard,debit
550811,00-99,STAR PROCESSING INC.,US,mastercard,debit
550812,00-99,U.S. BANK N.A.,US,mastercard,debit
550813,00-99,FISERV SOLUTIONS LLC,US,mastercard,debit
550814,00-99,FISERV SOLUTIONS LLC,US,mastercard,debit
550815,00-99,FISERV SOLUTIONS LLC,US,mastercard,debit
550816,00-99,PEOPLES TRUST COMPANY,CA,mastercard,debit
550817,00-99,STAR PROCESSING INC.,US,mastercard,debit
550818,00-99,FISERV SOLUTIONS LLC,US,mastercard,debit
550819,00-99,FIFTH THIRD BANK,US,mastercard,debit
550820,00-99,FISERV SOLUTIONS LLC,US,mastercard,debit
550821,00-99,MITSUBISHI UFJ NICOS CO. LTD.,JP,mastercard,credit
550822,00-99,COMPUTER SERVICES INC.,US,mastercard,debit
550823,00-99,COMPUTER SERVICES INC.,US,mastercard,debit
550824,00-99,BANCARD S.A.,PY,mastercard,debit
550825,00-99,FISERV SOLUTIONS LLC,US,mastercard,debit
550826,00-99,FIFTH THIRD BANK,US,mastercard,debit
550827,00-99,JACK HENRY & ASSOCIATES,US,mastercard,debit
550828,00-99,FIDELITY INFORMATION SERVICES INC.,US,mastercard,debit
550829,00-99,BOKF NATIONAL ASSOCIATION,US,mastercard,debit
550830,00-99,FISERV TRANSACTION SERVICES LLC,US,mastercard,debit
550831,00-99,FIDELITY INFORMATION SERVICES INC.,US,mastercard,debit
550832,00-99,ENTROPAY LTD.,GB,mastercard,debit
550833,00-99,,US,mastercard,debit
550834,00-99,CHASE PAYMENTECH EUROPE LTD.,IE,mastercard,credit
550835,00-99,FIDELITY INFORMATION SERVICES INC.,US,mastercard,debit
550836,00-99,FISERV SOLUTIONS LLC,US,mastercard,debit
550837,00-99,PAYTM PAYMENTS BANK LTD.,IN,mastercard,debit
550838,00-99,FISERV SOLUTIONS LLC,US,mastercard,debit
550839,00-99,PREPAY TECHNOLOGIES LTD.,HU,mastercard,debit
550840,00-99,FISERV SOLUTIONS LLC,US,mastercard,debit
550841,00-99,U.S. BANK NATIONAL ASSOCIATION,US,mastercard,debit
550842,00-99,COMPUTER SERVICES INC.,US,mastercard,debit
550843,00-99,MUTUAL TRUST BANK LTD.,BD,mastercard,debit
550844,00-99,FIRST MIDWEST BANK,US,mastercard,debit
550845,00-99,PSCU INCORPORATED,US,mastercard,debit
550846,00-99,FIDELITY INFORMATION SERVICES INC.,US,mastercard,debit
550847,00-99,ENTROPAY LTD.,GB,mastercard,credit
550848,00-99,MITSUBISHI UFJ NICOS CO. LTD.,JP,mastercard,credit
550849,00-99,KB KOOKMIN CARD CO. LTD,KR,mastercard,credit
550850,00-99,EXTRA CREDIT UNION,US,mastercard,debit
550851,00-99,FISERV SOLUTIONS LLC,US,mastercard,debit
550852,00-99,FISERV SOLUTIONS LLC,US,mastercard,debit
550853,00-99,FISERV SOLUTIONS LLC,US,mastercard,debit
550854,00-99,FIDELITY INFORMATION SERVICES INC.,US,mastercard,debit
550855,00-99,FISERV SOLUTIONS LLC,US,mastercard,debit
550856,00-99,IDT FINANCIAL SERVICES LTD.,FR,mastercard,debit
550857,00-99,BMO HARRIS BANK,US,mastercard,debit
550858,00-99,CU COOPERATIVE SYSTEMS,US,mastercard,debit
550859,00-99,U.S. BANK N.A.,US,mastercard,debit
550860,00-99,BERKSHIRE BANK,US,mastercard,debit
550861,00-99,JACK HENRY & ASSOCIATES,US,mastercard,debit
550862,00-99,STAR PROCESSING INC.,US,mastercard,debit
550863,00-99,PSCU INCORPORATED,US,mastercard,debit
550864,00-99,TRANSFERENCIAS ELECTRONICAS DE CENTROAMERICA S.A.,NI,mastercard,debit
550865,00-99,FIDELITY INFORMATION SERVICES INC.,US,mastercard,debit
550866,00-99,FISERV SOLUTIONS LLC,US,mastercard,debit
550867,00-99,FISERV TRANSACTION SERVICES LLC,US,mastercard,debit
550868,00-99,FISERV SOLUTIONS LLC,US,mastercard,debit
550869,00-99,NETWORK INTERNATIONAL LLC,AE,mastercard,credit
550870,00-99,COMPUTER SERVICES INC.,US,mastercard,debit
550871,00-99,FIFTH THIRD BANK,US,mastercard,debit
550872,00-99,FISERV SOLUTIONS LLC,US,mastercard,debit
550873,00-99,SHAZAM INC.,US,mastercard,debit
550874,00-99,FISERV SOLUTIONS LLC,US,mastercard,debit
550875,00-99,FIFTH THIRD BANK,US,mastercard,debit
550876,00-99,EQUITY BCDC SA,CD,mastercard,debit
550877,00-99,MONEY ACCESS SERVICE INC.,US,mastercard,credit
550878,00-99,FIDELITY INFORMATION SERVICES INC.,US,mastercard,debit
550879,00-99,STAR PROCESSING INC.,US,mastercard,debit
550880,00-99,CHASE PAYMENTECH EUROPE LTD.,IE,mastercard,credit
550881,00-99,NOVA LJUBLJANSKA BANKA D.D. LJUBLJANA,SI,mastercard,debit
550882,00-99,FIDELITY INFORMATION SERVICES INC.,US,mastercard,debit
550883,00-99,MICHIGAN FIRST CREDIT UNION,US,mastercard,debit
550884,00-99,FISERV SOLUTIONS LLC,US,mastercard,debit
550885,00-99,CU COOPERATIVE SYSTEMS LLC,US,mastercard,debit
550886,00-99,CU COOPERATIVE SYSTEMS,US,mastercard,debit
550887,00-99,CU COOPERATIVE SYSTEMS,US,mastercard,debit
550888,00-99,ST. MARY'S CREDIT UNION,US,mastercard,debit
550889,00-99,CIT BANK N.A.,US,mastercard,debit
550890,00-99,LAWSON,US,mastercard,debit
550891,00-99,TRIPLINK INTERNATIONAL CO.LIMITED,HK,mastercard,credit
550892,00-99,CU COOPERATIVE SYSTEMS LLC,US,mastercard,debit
550893,00-99,FISERV SOLUTIONS LLC,US,mastercard,debit
550894,00-99,JACK HENRY & ASSOCIATES,US,mastercard,debit
550895,00-99,FISERV SOLUTIONS LLC,US,mastercard,debit
550896,00-99,SWILE PAYMENT SAS,FR,mastercard,debit
550897,00-99,BANCA MIFEL SA INSTITUCION DE BANCA MULTIPLE GRUPO FINANCIERO MIFEL,MX,mastercard,debit
550898,00-99,COMPUTER SERVICES INC.,US,mastercard,debit
550899,00-99,FISERV SOLUTIONS LLC,US,mastercard,debit
550900,00-99,FIFTH THIRD PROCESSING SOLUTIONS INC.,US,mastercard,credit
550901,00-99,FISERV SOLUTIONS LLC,US,mastercard,debit
550902,00-99,FIRST ABU DHABI BANK PJSC,AE,mastercard,debit
550903,00-99,U.S. BANK N.A.,US,mastercard,debit
550904,00-99,HERRING BANK,US,mastercard,debit
550905,00-99,JACK HENRY & ASSOCIATES,US,mastercard,debit
550906,00-99,FISERV SOLUTIONS LLC,US,mastercard,debit
550907,00-99,U.S. BANK N.A.,US,mastercard,debit
550908,00-99,FISERV SOLUTIONS LLC,US,mastercard,debit
550909,00-99,FISERV SOLUTIONS LLC,US,mastercard,debit
550910,00-99,FISERV TRANSACTION SERVICES LLC,US,mastercard,debit
550911,00-99,FISERV SOLUTIONS LLC,US,mastercard,debit
550912,00-99,FIDELITY INFORMATION SERVICES INC.,US,mastercard,debit
550913,00-99,FISERV SOLUTIONS LLC,US,mastercard,debit
550914,00-99,JACK HENRY & ASSOCIATES,US,mastercard,debit
550915,00-99,TAIPEI FUBON COMMERCIAL BANK CO. LTD.,TW,mastercard,debit
550916,00-99,FISERV SOLUTIONS LLC,US,mastercard,debit
550917,00-99,LENDINGCLUB BANK NATIONAL ASSOCIATION,US,mastercard,debit
550918,00-99,ICUL SERVICE CORPORATION,US,mastercard,credit
550919,00-99,FISERV SOLUTIONS LLC,US,mastercard,debit
550920,00-99,DOCK TECH MEXICO SA DE CV,MX,mastercard,debit
550921,00-99,BOKF NATIONAL ASSOCIATION,US,mastercard,debit
550922,00-99,PSCU INCORPORATED,US,mastercard,debit
550923,00-99,BNY MELLON NATIONAL ASSOCIATION,US,mastercard,debit
550924,00-99,CITY CREDIT UNION,US,mastercard,debit
550925,00-99,DATA CENTER INCORPORATED,US,mastercard,debit
550926,00-99,DATA CENTER INCORPORATED,US,mastercard,debit
550927,00-99,FIDELITY INFORMATION SERVICES INC.,US,mastercard,debit
550928,00-99,U.S. BANK N.A.,US,mastercard,debit
550929,00-99,FIDELITY INFORMATION SERVICES INC.,US,mastercard,debit
550930,00-99,FISERV SOLUTIONS LLC,US,mastercard,debit
550931,00-99,VANTAGE BANK TEXAS,US,mastercard,debit
550932,00-99,JACK HENRY & ASSOCIATES,US,mastercard,debit
550933,00-99,FIDELITY INFORMATION SERVICES INC.,US,mastercard,debit
550934,00-99,CHOICEONE BANK,US,mastercard,debit
550935,00-99,AMALGAMATED BANK,US,mastercard,debit
550936,00-99,FISERV SOLUTIONS LLC,US,mastercard,debit
550937,00-99,FISERV SOLUTIONS LLC,US,mastercard,debit
550938,00-99,JACK HENRY & ASSOCIATES,US,mastercard,debit
550939,00-99,CU COOPERATIVE SYSTEMS LLC,US,mastercard,debit
550940,00-99,FISERV SOLUTIONS LLC,US,mastercard,debit
550941,00-99,FISERV SOLUTIONS LLC,US,mastercard,debit
550942,00-99,FISERV SOLUTIONS LLC,US,mastercard,debit
550943,00-99,JACK HENRY & ASSOCIATES,US,mastercard,debit
550944,00-99,ITAU UNIBANCO S.A.,BR,mastercard,credit
550945,00-99,FISERV SOLUTIONS LLC,US,mastercard,debit
550946,00-99,CU COOPERATIVE SYSTEMS LLC,US,mastercard,debit
550947,00-99,LOYAL BANK LTD.,VC,mastercard,debit
550948,00-99,JACK HENRY AND ASSOCIATES,US,mastercard,debit
550949,00-99,MONEY ACCESS SERVICE,INC.,US,mastercard
550950,00-99,FISERV SOLUTIONS INC.,US,mastercard,debit
550951,00-99,FIFTH THIRD BANK,US,mastercard,debit
550952,00-99,PSCU INCORPORATED,US,mastercard,debit
550953,00-99,BANK OF AFRICA,MA,mastercard,debit
550954,00-99,JACK HENRY & ASSOCIATES,US,mastercard,debit
550955,00-99,FISERV SOLUTIONS INC.,US,mastercard,debit
550956,00-99,FISERV SOLUTIONS LLC,US,mastercard,debit
550957,00-99,FISERV SOLUTIONS LLC,US,mastercard,debit
550958,00-99,FIDELITY INFORMATION SERVICES INC.,US,mastercard,debit
550959,00-99,FIDELITY INFORMATION SERVICES INC.,US,mastercard,debit
550960,00-99,FISERV TRANSACTION SERVICES LLC,US,mastercard,debit
550961,00-99,FIRST ABU DHABI BANK PJSC,AE,mastercard,debit
550962,00-99,BANCO NACIONAL DE MEXICO S.A.,MX,mastercard,debit
550963,00-99,FISERV SOLUTIONS LLC,US,mastercard,debit
550964,00-99,MIDWEST PAYMENT SYSTEMS INC.,US,mastercard,credit
550965,00-99,U.S. BANK N.A. ND,US,mastercard,credit
550966,00-99,TRELLANCE INC.,US,mastercard,debit
550967,00-99,CU COOPERATIVE SYSTEMS LLC,US,mastercard,debit
550968,00-99,FIFTH THIRD BANK,US,mastercard,debit
550969,00-99,COMPUTER SERVICES INC.,US,mastercard,debit
550970,00-99,UNITED,US,mastercard,debit
550971,00-99,JACK HENRY & ASSOCIATES,US,mastercard,debit
550972,00-99,FISERV SOLUTIONS LLC,US,mastercard,debit
550973,00-99,SOCIETE MONETIQUE-TUNISIE,TN,mastercard,debit
550974,00-99,FISERV SOLUTIONS LLC,US,mastercard,debit
550975,00-99,COOPERATIVA DE AHORRO Y CREDITO COOPROGRESO LTDA,EC,mastercard,debit
550976,00-99,MAWARID FINANCE PJSC,AE,mastercard,debit
550977,00-99,FISERV SOLUTIONS LLC,US,mastercard,debit
550978,00-99,PSCU INCORPORATED,US,mastercard,debit
550979,00-99,FISERV SOLUTIONS LLC,US,mastercard,debit
550980,00-99,EQUITY BCDC SA,CD,mastercard,credit
550981,00-99,SHAZAM INC.,US,mastercard,debit
550982,00-99,BOKF NATIONAL ASSOCIATION,US,mastercard,debit
550983,00-99,FIDELITY INFORMATION SERVICES INC.,US,mastercard,debit
550984,00-99,CHEVRON FEDERAL CREDIT UNION,US,mastercard,debit
550985,00-99,FISERV SOLUTIONS LLC,US,mastercard,debit
550986,00-99,FISERV SOLUTIONS LLC,US,mastercard,debit
550987,00-99,FISERV SOLUTIONS LLC,US,mastercard,debit
550988,00-99,COUNTY NATIONAL BANK,US,mastercard,debit
550989,00-99,PUBLIC BANK BERHAD,MY,mastercard,debit
550990,00-99,MAWARID FINANCE PJSC,AE,mastercard,debit
550991,00-99,TEXAS TECH FEDERAL CREDIT UNION,US,mastercard,debit
550992,00-99,FISERV SOLUTIONS LLC,US,mastercard,debit
550993,00-99,BNY MELLON NATIONAL ASSOCIATION,US,mastercard,debit
550994,00-99,FISERV SOLUTIONS INC.,US,mastercard,debit
550995,00-99,FIDELITY INFORMATION SERVICES INC.,US,mastercard,debit
550996,00-99,TRELLANCE INC.,US,mastercard,debit
550997,00-99,FISERV SOLUTIONS LLC,US,mastercard,debit
550998,00-99,FIFTH THIRD BANK,US,mastercard,debit
550999,00-99,MASTERCARD - 55 BIN RANGE ACCEPTANCE,US,mastercard,debit
551000,00-99,OBOPAY MOBILE TECHNOLOGY INDIA PVT LTD.,IN,mastercard,debit
551001,00-99,BANKFIRST FINANCIAL SERVICES,US,mastercard,debit
551002,00-99,CU COOPERATIVE SYSTEMS LLC,US,mastercard,debit
551003,00-99,JACK HENRY & ASSOCIATES,US,mastercard,debit
551004,00-99,JACK HENRY & ASSOCIATES,US,mastercard,debit
551005,00-99,JACK HENRY & ASSOCIATES,US,mastercard,debit
551006,00-99,JACK HENRY & ASSOCIATES,US,mastercard,debit
551007,00-99,ENTERPRISE BANK & TRUST,US,mastercard,debit
551008,00-99,FISERV SOLUTIONS LLC,US,mastercard,debit
551009,00-99,FINEX CREDIT UNION,US,mastercard,debit
551010,00-99,EGLIN FEDERAL CREDIT UNION,US,mastercard,debit
551011,00-99,PREX SAC,PE,mastercard,debit
551012,00-99,JACK HENRY & ASSOCIATES,US,mastercard,debit
551013,00-99,DATA CENTER INCORPORATED,US,mastercard,debit
551014,00-99,COMPUTER SERVICES INC.,US,mastercard,debit
551015,00-99,FIDELITY INFORMATION SERVICES INC.,US,mastercard,debit
551016,00-99,FISERV SOLUTIONS LLC,US,mastercard,debit
551017,00-99,FISERV SOLUTIONS LLC,US,mastercard,debit
551018,00-99,FISERV SOLUTIONS LLC,US,mastercard,debit
551019,00-99,VTB BANK (PUBLIC JOINT-STOCK COMPANY),RU,mastercard,credit
551020,00-99,FIFTH THIRD BANK,US,mastercard,debit
551021,00-99,FIFTH THIRD BANK,US,mastercard,debit
551022,00-99,FISERV SOLUTIONS LLC,US,mastercard,debit
551023,00-99,FIDELITY INFORMATION SERVICES INC.,US,mastercard,credit
551024,00-99,HOME TRUST COMPANY,CA,mastercard,debit
551025,00-99,FISERV SOLUTIONS LLC,US,mastercard,debit
551026,00-99,FIFTH THIRD BANK,US,mastercard,debit
551027,00-99,OMNI COMMUNITY CREDIT UNION,US,mastercard,debit
551028,00-99,FISERV SOLUTIONS LLC,US,mastercard,debit
551029,00-99,BANK OF MONTREAL,CA,mastercard,debit
551030,00-99,FISERV SOLUTIONS INC.,US,mastercard,debit
551031,00-99,FIFTH THIRD BANK,US,mastercard,debit
551032,00-99,COMPUTER SERVICES INC.,US,mastercard,debit
551033,00-99,FIDELITY INFORMATION SERVICES INC.,US,mastercard,debit
551034,00-99,SHARJAH ISLAMIC BANK PJSC,AE,mastercard,debit
551035,00-99,DOCK TECH MEXICO SA DE CV,MX,mastercard,credit
551036,00-99,TRELLANCE INC.,US,mastercard,debit
551037,00-99,PULSE NETWORK LLC,US,mastercard,debit
551038,00-99,JACK HENRY & ASSOCIATES,US,mastercard,debit
551039,00-99,STANDARD CHARTERED BANK (PAKISTAN) LTD.,PK,mastercard,debit
551040,00-99,COMPUTER SERVICES INC.,US,mastercard,debit
551041,00-99,JACK HENRY & ASSOCIATES,US,mastercard,debit
551042,00-99,CU COOPERATIVE SYSTEMS LLC,US,mastercard,debit
551043,00-99,FISERV SOLUTIONS LLC,US,mastercard,debit
551044,00-99,PROSPERITY BANK,US,mastercard,debit
551045,00-99,PUBLIC JOINT STOCK COMPANY TASCOMBANK,UA,mastercard,debit
551046,00-99,FIFTH THIRD BANK,US,mastercard,debit
551047,00-99,JACK HENRY & ASSOCIATES,US,mastercard,debit
551048,00-99,ENTROPAY LTD.,GB,mastercard,credit
551049,00-99,FIDELITY INFORMATION SERVICES INC.,US,mastercard,debit
551050,00-99,FISERV SOLUTIONS LLC,US,mastercard,debit
551051,00-99,BYLINE BANK,US,mastercard,debit
551052,00-99,CU COOPERATIVE SYSTEMS LLC,US,mastercard,debit
551053,00-99,U.S. BANK N.A.,US,mastercard,debit
551054,00-99,CU COOPERATIVE SYSTEMS LLC,US,mastercard,debit
551055,00-99,FIDELITY INFORMATION SERVICES INC.,US,mastercard,debit
551056,00-99,PEN AIR CREDIT UNION,US,mastercard,debit
551057,00-99,BANK OF BLUE VALLEY,US,mastercard,debit
551058,00-99,,US,mastercard,credit
551059,00-99,FISERV SOLUTIONS LLC,US,mastercard,debit
551060,00-99,FISERV SOLUTIONS LLC,US,mastercard,debit
551061,00-99,GREAT SOUTHERN BANK,US,mastercard,debit
551062,00-99,FIRST FEDERAL SAVINGS & LOAN ASSOCIATION OF LAKEWOOD,US,mastercard,debit
551063,00-99,BANK OF MISSOURI,US,mastercard,debit
551064,00-99,ICBA BANCARD INC.,US,mastercard,debit
551065,00-99,FIFTH THIRD BANK,US,mastercard,debit
551066,00-99,FIDELITY INFORMATION SERVICES INC.,US,mastercard,debit
551067,00-99,BYLINE BANK,US,mastercard,debit
551068,00-99,FIDELITY INFORMATION SERVICES INC.,US,mastercard,debit
551069,00-99,FISERV SOLUTIONS LLC,US,mastercard,debit
551070,00-99,CITIBANK N.A.,US,mastercard,debit
551071,00-99,MARINE CREDIT UNION,US,mastercard,debit
551072,00-99,FIDELITY INFORMATION SERVICES INC.,US,mastercard,debit
551073,00-99,STANDARD CHARTERED BANK (PAKISTAN) LTD.,PK,mastercard,debit
551074,00-99,CU COOPERATIVE SYSTEMS,US,mastercard,debit
551075,00-99,UNITED FEDERAL CREDIT UNION,US,mastercard,debit
551076,00-99,BANKFIRST FINANCIAL SERVICES,US,mastercard,debit
551077,00-99,BANCO NACIONAL DE MEXICO S.A.,MX,mastercard,debit
551078,00-99,ICBA BANCARD INC.,US,mastercard,debit
551079,00-99,JACK HENRY & ASSOCIATES,US,mastercard,debit
551080,00-99,FIFTH THIRD BANK,US,mastercard,debit
551081,00-99,BANCO NACIONAL DE MEXICO S.A.,MX,mastercard,debit
551082,00-99,PSCU INCORPORATED,US,mastercard,debit
551083,00-99,FISERV SOLUTIONS LLC,US,mastercard,debit
551084,00-99,VISECA PAYMENT SERVICES SA,CH,mastercard,debit
551085,00-99,HUB SITE - MEXICO,MX,mastercard,debit
551086,00-99,FIFTH THIRD BANK,US,mastercard,debit
551087,00-99,FISERV SOLUTIONS LLC,US,mastercard,debit
551088,00-99,SERVICE1 FEDRAL CREDIT UNION,US,mastercard,debit
551089,00-99,FISERV SOLUTIONS LLC,US,mastercard,debit
551090,00-99,AL HULOOL FOR MOBILE PAYMENTS,JO,mastercard,debit
551091,00-99,FIFTH THIRD BANK,US,mastercard,debit
551092,00-99,FISERV SOLUTIONS LLC,US,mastercard,debit
551093,00-99,NYCE PAYMENTS NETWORK LLC,US,mastercard,debit
551094,00-99,PROGRESSIVE SAVINGS,US,mastercard,debit
551095,00-99,CENTREVILLE SAVINGS BANK,US,mastercard,debit
551096,00-99,JACK HENRY & ASSOCIATES,US,mastercard,debit
551097,00-99,FISERV SOLUTIONS LLC,US,mastercard,debit
551098,00-99,TRANSATLANTICA COMPANIA FINANCIERA S.A.,AR,mastercard,debit
551099,00-99,FIDELITY INFORMATION SERVICES INC.,US,mastercard,debit
551100,00-99,FIFTH THIRD BANK,US,mastercard,debit
551101,00-99,FISERV SOLUTIONS LLC,US,mastercard,debit
551102,00-99,COMPUTER SERVICES INC.,US,mastercard,debit
551103,00-99,STAR PROCESSING INC.,US,mastercard,debit
551104,00-99,FIFTH THIRD BANK,US,mastercard,debit
551105,00-99,CU COOPERATIVE SYSTEMS LLC,US,mastercard,debit
551106,00-99,BC VICTORIABANK SA,MD,mastercard,credit
551107,00-99,FIDELITY INFORMATION SERVICES INC.,US,mastercard,debit
551108,00-99,CU COOPERATIVE SYSTEMS,US,mastercard,debit
551109,00-99,FISERV SOLUTIONS LLC,US,mastercard,debit
551110,00-99,JACK HENRY & ASSOCIATES,US,mastercard,debit
551111,00-99,FIDELITY INFORMATION SERVICES INC.,US,mastercard,debit
551112,00-99,FISERV SOLUTIONS INC.,US,mastercard,debit
551113,00-99,FIDELITY INFORMATION SERVICES INC.,US,mastercard,debit
551114,00-99,JACK HENRY & ASSOCIATES,US,mastercard,debit
551115,00-99,CIVISTA BANK,US,mastercard,debit
551116,00-99,MONEY ACCESS SERVICE INC.,US,mastercard,credit
551117,00-99,ERIE FEDERAL CREDIT UNION,US,mastercard,debit
551118,00-99,FIFTH THIRD BANK,US,mastercard,debit
551119,00-99,JACK HENRY & ASSOCIATES,US,mastercard,debit
551120,00-99,BANCO DE COSTA RICA,CR,mastercard,credit
551121,00-99,DISCOVER BANK,US,mastercard,credit
551122,00-99,PSCU INCORPORATED,US,mastercard,debit
551123,00-99,FIDELITY INFORMATION SERVICES INC.,US,mastercard,debit
551124,00-99,USA PAYMENT SYSTEMS,US,mastercard,debit
551125,00-99,FIDELITY INFORMATION SERVICES INC.,US,mastercard,debit
551126,00-99,FIDELITY INFORMATION SERVICES INC.,US,mastercard,debit
551127,00-99,BYLINE BANK,US,mastercard,debit
551128,00-99,SHAZAM INC.,US,mastercard,debit
551129,00-99,SHAZAM INC.,US,mastercard,debit
551130,00-99,FIFTH THIRD BANK,US,mastercard,debit
551131,00-99,FIFTH THIRD BANK,US,mastercard,debit
551132,00-99,AT AND T UNIVERSAL FINANCIAL CORP.,US,mastercard,credit
551133,00-99,FISERV SOLUTIONS LLC,US,mastercard,debit
551134,00-99,BANCO NACIONAL DE MEXICO S.A.,MX,mastercard,debit
551135,00-99,CU COOPERATIVE SYSTEMS,US,mastercard,debit
551136,00-99,CAPITAL G BANK LTD.,BM,mastercard,debit
551137,00-99,FIFTH THIRD BANK,US,mastercard,debit
551138,00-99,FIFTH THIRD BANK,US,mastercard,debit
551139,00-99,ENTROPAY LTD.,GB,mastercard,credit
551140,00-99,TRUSTMARK NATIONAL BANK,US,mastercard,debit
551141,00-99,FISERV SOLUTIONS LLC,US,mastercard,debit
551142,00-99,JACK HENRY & ASSOCIATES,US,mastercard,debit
551143,00-99,DATA CENTER INCORPORATED,US,mastercard,debit
551144,00-99,FISERV TRANSACTION SERVICES LLC,US,mastercard,debit
551145,00-99,COMPUTER SERVICES INC.,US,mastercard,debit
551146,00-99,FISERV SOLUTIONS LLC,US,mastercard,debit
551147,00-99,FISERV SOLUTIONS LLC,US,mastercard,debit
551148,00-99,POTLATCH NO1 FINANCIAL CREDIT UNION,US,mastercard,debit
551149,00-99,CU COOPERATIVE SYSTEMS LLC,US,mastercard,debit
551150,00-99,WINDSOR FEDERAL BANK,US,mastercard,debit
551151,00-99,FISERV SOLUTIONS LLC,US,mastercard,debit
551152,00-99,LIBERTY BANK,US,mastercard,debit
551153,00-99,FIDELITY INFORMATION SERVICES INC.,US,mastercard,debit
551154,00-99,ENTROPAY LTD.,GB,mastercard,credit
551155,00-99,FISERV SOLUTIONS INC.,US,mastercard,debit
551156,00-99,ICBA BANCARD INC.,US,mastercard,debit
551157,00-99,JACK HENRY & ASSOCIATES,US,mastercard,debit
551158,00-99,VILLAGE,US,mastercard,debit
551159,00-99,JACK HENRY & ASSOCIATES,US,mastercard,debit
551160,00-99,FISERV SOLUTIONS INC.,US,mastercard,debit
551161,00-99,FIFTH THIRD BANK,US,mastercard,debit
551162,00-99,JACK HENRY & ASSOCIATES,US,mastercard,debit
551163,00-99,FISERV SOLUTIONS LLC,US,mastercard,debit
551164,00-99,USC CREDIT UNION,US,mastercard,debit
551165,00-99,BANK OF CANTON,US,mastercard,debit
551166,00-99,FIRST SECURITY,US,mastercard,debit
551167,00-99,SHAZAM INC.,US,mastercard,debit
551168,00-99,UNION STATE,US,mastercard,debit
551169,00-99,MONEY ACCESS SERVICE INC.,US,mastercard,debit
551170,00-99,SECURITY SERVICE FEDERAL CREDIT UNION,US,mastercard,debit
551171,00-99,U.S. BANK N.A.,US,mastercard,debit
551172,00-99,BYLINE BANK,US,mastercard,debit
551173,00-99,JACK HENRY AND ASSOCIATES,US,mastercard,debit
551174,00-99,GREENFIELD SAVINGS BANK,US,mastercard,debit
551175,00-99,JACK HENRY & ASSOCIATES,US,mastercard,debit
551176,00-99,JACK HENRY & ASSOCIATES,US,mastercard,debit
551177,00-99,FIFTH THIRD BANK,US,mastercard,debit
551178,00-99,CU COOPERATIVE SYSTEMS LLC,US,mastercard,debit
551179,00-99,DATA CENTER INCORPORATED,US,mastercard,debit
551180,00-99,FIDELITY INFORMATION SERVICES INC.,US,mastercard,debit
551181,00-99,JACK HENRY AND ASSOCIATES,US,mastercard,debit
551182,00-99,FISERV SOLUTIONS LLC,US,mastercard,debit
551183,00-99,FISERV SOLUTIONS LLC,US,mastercard,debit
551184,00-99,PSCU INCORPORATED,US,mastercard,debit
551185,00-99,FISERV SOLUTIONS LLC,US,mastercard,debit
551186,00-99,FISERV SOLUTIONS INC.,US,mastercard,debit
551187,00-99,JACK HENRY & ASSOCIATES,US,mastercard,debit
551188,00-99,JACK HENRY & ASSOCIATES,US,mastercard,debit
551189,00-99,CU COOPERATIVE SYSTEMS LLC,US,mastercard,debit
551190,00-99,NYCE PAYMENTS NETWORK LLC,US,mastercard,debit
551191,00-99,GFA FEDERAL CREDIT UNION,US,mastercard,debit
551192,00-99,JACK HENRY & ASSOCIATES,US,mastercard,debit
551193,00-99,FISERV SOLUTIONS LLC,US,mastercard,debit
551194,00-99,FIDELITY INFORMATION SERVICES INC.,US,mastercard,debit
551195,00-99,FIDELITY INFORMATION SERVICES INC.,US,mastercard,debit
551196,00-99,CARD SERVICES FOR CREDIT UNIONS INC.,US,mastercard,debit
551197,00-99,FISERV SOLUTIONS LLC,US,mastercard,debit
551198,00-99,FISERV SOLUTIONS LLC,US,mastercard,debit
551199,00-99,FISERV SOLUTIONS LLC,US,mastercard,debit
551200,00-99,ECONSTAR SA,UY,mastercard,debit
551201,00-99,ANZ NATIONAL BANK LTD.,NZ,mastercard,debit
551202,00-99,JACK HENRY & ASSOCIATES,US,mastercard,debit
551203,00-99,BOKF NATIONAL ASSOCIATION,US,mastercard,debit
551204,00-99,REGENT BANK,US,mastercard,debit
551205,00-99,FIDELITY INFORMATION SERVICES INC.,US,mastercard,debit
551206,00-99,TEXAS TRUST CREDIT UNION,US,mastercard,credit
551207,00-99,JACK HENRY AND ASSOCIATES,US,mastercard,debit
551208,00-99,COMMUNITY BANK OF MISSISSIPPI,US,mastercard,debit
551209,00-99,COMMUNITY BANK OF MISSISSIPPI,US,mastercard,debit
551210,00-99,COMMUNITY BANK OF MISSISSIPPI,US,mastercard,debit
551211,00-99,BANK OF BOSTON,US,mastercard,debit
551212,00-99,COMMUNITY BANK OF MISSISSIPPI,US,mastercard,debit
551213,00-99,FIDELITY INFORMATION SERVICES INC.,US,mastercard,debit
551214,00-99,ICBA BANCARD INC.,US,mastercard,debit
551215,00-99,DFCU FINANCIAL,US,mastercard,debit
551216,00-99,BYLINE BANK,US,mastercard,debit
551217,00-99,JACK HENRY AND ASSOCIATES,US,mastercard,debit
551218,00-99,FISERV SOLUTIONS INC.,US,mastercard,debit
551219,00-99,FISERV TRANSACTION SERVICES LLC,US,mastercard,debit
551220,00-99,FIFTH THIRD BANK,US,mastercard,debit
551221,00-99,SOUTH STATE BANK N.A.,US,mastercard,debit
551222,00-99,FISERV SOLUTIONS LLC,US,mastercard,debit
551223,00-99,BYLINE BANK,US,mastercard,debit
551224,00-99,BYLINE BANK,US,mastercard,debit
551225,00-99,BYLINE BANK,US,mastercard,debit
551226,00-99,BYLINE BANK,US,mastercard,debit
551227,00-99,BYLINE BANK,US,mastercard,debit
551228,00-99,BYLINE BANK,US,mastercard,debit
551229,00-99,FISERV SOLUTIONS LLC,US,mastercard,debit
551230,00-99,FIRST ABU DHABI BANK PJSC,AE,mastercard,debit
551231,00-99,YEMEN COMMERCIAL BANK,YE,mastercard,debit
551232,00-99,U.S. BANK N.A.,US,mastercard,debit
551233,00-99,FISERV TRANSACTION SERVICES LLC,US,mastercard,debit
551234,00-99,FISERV SOLUTIONS LLC,US,mastercard,debit
551235,00-99,ENTROPAY LTD.,MT,mastercard,credit
551236,00-99,FIFTH THIRD BANK,US,mastercard,debit
551237,00-99,FISERV SOLUTIONS LLC,US,mastercard,debit
551238,00-99,BANCO AZTECA S.A. INSTITUCION DE BANCA MULTIPLE,MX,mastercard,debit
551239,00-99,FIFTH THIRD BANK,US,mastercard,debit
551240,00-99,BANCO NACIONAL DE MEXICO S.A.,MX,mastercard,debit
551241,00-99,FIDELITY INFORMATION SERVICES INC.,US,mastercard,debit
551242,00-99,FIFTH THIRD BANK,US,mastercard,debit
551243,00-99,CU COOPERATIVE SYSTEMS LLC,US,mastercard,debit
551244,00-99,BANCO NACIONAL DE MEXICO S.A.,MX,mastercard,debit
551245,00-99,ENTROPAY LTD.,MT,mastercard,debit
551246,00-99,ENTROPAY LTD.,GB,mastercard,credit
551247,00-99,BOKF NATIONAL ASSOCIATION,VI,mastercard,debit
551248,00-99,THE COMMERCIAL,US,mastercard,debit
551249,00-99,REV FEDERAL CREDIT UNION,US,mastercard,debit
551250,00-99,ICBA BANCARD INC.,US,mastercard,debit
551251,00-99,U.S. BANK N.A.,US,mastercard,debit
551252,00-99,FIDELITY INFORMATION SERVICES INC.,US,mastercard,debit
551253,00-99,BANCO NACIONAL DE MEXICO S.A.,MX,mastercard,debit
551254,00-99,FISERV SOLUTIONS LLC,US,mastercard,debit
551255,00-99,JACK HENRY AND ASSOCIATES,US,mastercard,debit
551256,00-99,JACK HENRY & ASSOCIATES,US,mastercard,debit
551257,00-99,BANGOR SAVINGS BANK,US,mastercard,debit
551258,00-99,LINKBANK,US,mastercard,debit
551259,00-99,NATIONAL BANK OF COMMERCE LTD.,TZ,mastercard,credit
551260,00-99,JACK HENRY & ASSOCIATES,US,mastercard,debit
551261,00-99,FISERV SOLUTIONS LLC,US,mastercard,debit
551262,00-99,BANCO DE LOS TRABAJADORES,HN,mastercard,debit
551263,00-99,UICCU,US,mastercard,debit
551264,00-99,FISERV SOLUTIONS LLC,US,mastercard,debit
551265,00-99,MERCHANTS,US,mastercard,debit
551266,00-99,ICBA BANCARD INC.,US,mastercard,debit
551267,00-99,CU COOPERATIVE SYSTEMS LLC,US,mastercard,debit
551268,00-99,BANQUE MISR,EG,mastercard,debit
551269,00-99,FISERV SOLUTIONS LLC,US,mastercard,debit
551270,00-99,AZIZI BANK,AF,mastercard,debit
551271,00-99,COMPUTER SERVICES INC.,US,mastercard,debit
551272,00-99,ESWATINI DEVELOPMENT AND SAVINGS BANK,SZ,mastercard,debit
551273,00-99,JACK HENRY & ASSOCIATES,US,mastercard,debit
551274,00-99,JACK HENRY & ASSOCIATES,US,mastercard,debit
551275,00-99,CU COOPERATIVE SYSTEMS LLC,US,mastercard,debit
551276,00-99,BANCO NACIONAL DE MEXICO S.A.,MX,mastercard,debit
551277,00-99,CU COOPERATIVE SYSTEMS,US,mastercard,debit
551278,00-99,INTERBANK BURUNDI S.A.,BI,mastercard,debit
551279,00-99,BOKF NATIONAL ASSOCIATION,US,mastercard,debit
551280,00-99,CU COOPERATIVE SYSTEMS,US,mastercard,debit
551281,00-99,RAWBANK SARL,CD,mastercard,debit
551282,00-99,COMPUTER SERVICES INC.,US,mastercard,debit
551283,00-99,BANQUE FEDERATIVE DU CREDIT MUTUEL (BFCM),DK,mastercard,credit
551284,00-99,AXIOM BANK,US,mastercard,debit
551285,00-99,FISERV SOLUTIONS LLC,US,mastercard,debit
551286,00-99,BOKF NATIONAL ASSOCIATION,US,mastercard,debit
551287,00-99,FIDELITY INFORMATION SERVICES INC.,US,mastercard,debit
551288,00-99,FISERV SOLUTIONS LLC,US,mastercard,debit
551289,00-99,FISERV SOLUTIONS LLC,US,mastercard,debit
551290,00-99,JACK HENRY & ASSOCIATES,US,mastercard,debit
551291,00-99,JACK HENRY & ASSOCIATES,US,mastercard,debit
551292,00-99,PSCU INCORPORATED,US,mastercard,debit
551293,00-99,,US,mastercard,credit
551294,00-99,DATA CENTER INCORPORATED,US,mastercard,debit
551295,00-99,FISERV SOLUTIONS LLC,US,mastercard,debit
551296,00-99,JACK HENRY & ASSOCIATES,US,mastercard,debit
551297,00-99,SHAZAM INC.,US,mastercard,debit
551298,00-99,CAPITAL ONE NATIONAL ASSOCIATION,US,mastercard,debit
551299,00-99,SHAZAM INC.,US,mastercard,debit
551300,00-99,FIRST STATE,US,mastercard,debit
551301,00-99,FISERV SOLUTIONS LLC,US,mastercard,debit
551302,00-99,FISERV SOLUTIONS LLC,US,mastercard,debit
551303,00-99,DATA CENTER INCORPORATED,US,mastercard,debit
551304,00-99,FISERV SOLUTIONS LLC,US,mastercard,debit
551305,00-99,BOKF NATIONAL ASSOCIATION,US,mastercard,debit
551306,00-99,MAIN STREET BANK,US,mastercard,debit
551307,00-99,VOLT BANK LTD.,AU,mastercard,debit
551308,00-99,STAR PROCESSING INC.,US,mastercard,debit
551309,00-99,WRIGHT-PATT CREDIT UNION,US,mastercard,debit
551310,00-99,FIFTH THIRD BANK,US,mastercard,debit
551311,00-99,CARD SERVICES FOR CREDIT UNIONS INC.,US,mastercard,debit
551312,00-99,CARD SERVICES FOR CREDIT UNIONS INC.,US,mastercard,debit
551313,00-99,BANCO DAVIVIENDA S.A.,US,mastercard,debit
551314,00-99,BANCO PROVINCIA NEUQUEN S.A.,AR,mastercard,debit
551315,00-99,U.S. BANK N.A.,US,mastercard,debit
551316,00-99,FISERV SOLUTIONS LLC,US,mastercard,debit
551317,00-99,CU COOPERATIVE SYSTEMS LLC,US,mastercard,debit
551318,00-99,USAA FEDERAL SAVINGS BANK,US,mastercard,debit
551319,00-99,GENISYS CREDIT UNION,US,mastercard,debit
551320,00-99,ANDREW JOHNSON BANK,US,mastercard,debit
551321,00-99,BOKF NATIONAL ASSOCIATION,US,mastercard,debit
551322,00-99,FISERV SOLUTIONS LLC,US,mastercard,debit
551323,00-99,HSBC MEXICO S.A. INSTITUCION DE BANCA MULTIPLE GRUPO FINANCIERO HSBC,MX,mastercard,credit
551324,00-99,FIDELITY INFORMATION SERVICES INC.,US,mastercard,debit
551325,00-99,FISERV SOLUTIONS LLC,US,mastercard,debit
551326,00-99,JACK HENRY & ASSOCIATES,US,mastercard,debit
551327,00-99,FISERV SOLUTIONS LLC,US,mastercard,debit
551328,00-99,FIFTH THIRD BANK,US,mastercard,debit
551329,00-99,TRELLANCE INC.,US,mastercard,debit
551330,00-99,JACK HENRY & ASSOCIATES,US,mastercard,debit
551331,00-99,JACK HENRY & ASSOCIATES,US,mastercard,debit
551332,00-99,PSCU INCORPORATED,US,mastercard,debit
551333,00-99,CU COOPERATIVE SYSTEMS LLC,US,mastercard,debit
551334,00-99,DISCOVER BANK,US,mastercard,credit
551335,00-99,STAR PROCESSING INC.,US,mastercard,debit
551336,00-99,INTERRA CREDIT UNION,US,mastercard,debit
551337,00-99,LIBERTY NATIONAL,US,mastercard,debit
551338,00-99,FIRST FEDERAL,US,mastercard,debit
551339,00-99,FISERV SOLUTIONS LLC,US,mastercard,debit
551340,00-99,CARD SERVICES FOR CREDIT UNIONS INC.,US,mastercard,debit
551341,00-99,FIDELITY INFORMATION SERVICES INC.,US,mastercard,debit
551342,00-99,IDB GLOBAL FEDERAL CREDIT UNION,US,mastercard,debit
551343,00-99,THE FARMERS NATIONAL BANK OF DANVILLE,US,mastercard,debit
551344,00-99,BENDIGO AND ADELAIDE BANK LTD.,NR,mastercard,debit
551345,00-99,FIFTH THIRD BANK,US,mastercard,debit
551346,00-99,FISERV SOLUTIONS LLC,US,mastercard,debit
551347,00-99,JORDAN KUWAIT BANK,JO,mastercard,debit
551348,00-99,CU COOPERATIVE SYSTEMS LLC,US,mastercard,debit
551349,00-99,JACK HENRY AND ASSOCIATES,US,mastercard,debit
551350,00-99,NYCE PAYMENTS NETWORK LLC,US,mastercard,debit
551351,00-99,ICBA BANCARD INC.,US,mastercard,debit
551352,00-99,FISERV SOLUTIONS LLC,US,mastercard,debit
551353,00-99,DOCK TECH MEXICO SA DE CV,MX,mastercard,debit
551354,00-99,FIDELITY INFORMATION SERVICES INC.,US,mastercard,debit
551355,00-99,BELVOIR CREDIT UNION,US,mastercard,debit
551356,00-99,BOKF NATIONAL ASSOCIATION,US,mastercard,debit
551357,00-99,FIRST FEDERAL,US,mastercard,debit
551358,00-99,FIFTH THIRD BANK,US,mastercard,debit
551359,00-99,SAVERS CO-OPERATIVE BANK,US,mastercard,debit
551360,00-99,FISERV TRANSACTION SERVICES LLC,US,mastercard,debit
551361,00-99,FISERV SOLUTIONS LLC,US,mastercard,debit
551362,00-99,ICBA BANCARD INC.,US,mastercard,debit
551363,00-99,PHOENIXVILLE FEDERAL BANK AND TRUST,US,mastercard,debit
551364,00-99,STAR PROCESSING INC.,US,mastercard,debit
551365,00-99,TRIPLINK INTERNATIONAL CO.LIMITED,HK,mastercard,credit
551366,00-99,FISERV SOLUTIONS LLC,US,mastercard,debit
551367,00-99,FISERV SOLUTIONS LLC,US,mastercard,debit
551368,00-99,JACK HENRY & ASSOCIATES,US,mastercard,debit
551369,00-99,FIDELITY INFORMATION SERVICES INC.,US,mastercard,debit
551370,00-99,FISERV SOLUTIONS LLC,US,mastercard,debit
551371,00-99,EVERWISE CREDIT UNION,US,mastercard,debit
551372,00-99,FISERV TRANSACTION SERVICES LLC,US,mastercard,debit
551373,00-99,FISERV SOLUTIONS LLC,US,mastercard,debit
551374,00-99,JACK HENRY & ASSOCIATES,US,mastercard,debit
551375,00-99,CU COOPERATIVE SYSTEMS LLC,US,mastercard,debit
551376,00-99,NYCE PAYMENTS NETWORK LLC,US,mastercard,debit
551377,00-99,FISERV SOLUTIONS INC.,US,mastercard,debit
551378,00-99,FISERV SOLUTIONS LLC,US,mastercard,debit
551379,00-99,SOCIEDADE INTERBANCARIA E SISTEMAS DE PAGAMENTOSSA,CV,mastercard,credit
551380,00-99,JACK HENRY & ASSOCIATES,US,mastercard,debit
551381,00-99,FISERV SOLUTIONS LLC,US,mastercard,debit
551382,00-99,AMERICAN HERITAGE FEDERAL CREDIT UNION,US,mastercard,debit
551383,00-99,FISERV SOLUTIONS LLC,US,mastercard,debit
551384,00-99,WESTCONSIN CREDIT UNION,US,mastercard,debit
551385,00-99,CU COOPERATIVE SYSTEMS LLC,US,mastercard,debit
551386,00-99,ENTROPAY LTD.,MT,mastercard,credit
551387,00-99,NATIONAL INVESTMENT BANK LTD.,GH,mastercard,debit
551388,00-99,FISERV SOLUTIONS LLC,US,mastercard,debit
551389,00-99,FIDELITY INFORMATION SERVICES INC.,US,mastercard,debit
551390,00-99,FISERV SOLUTIONS LLC,US,mastercard,debit
551391,00-99,FISERV SOLUTIONS LLC,US,mastercard,debit
551392,00-99,DATA CENTER INCORPORATED,US,mastercard,debit
551393,00-99,STAR PROCESSING INC.,US,mastercard,debit
551394,00-99,BOKF NATIONAL ASSOCIATION,US,mastercard,debit
551395,00-99,SHAZAM INC.,US,mastercard,debit
551396,00-99,STAR PROCESSING INC.,US,mastercard,debit
551397,00-99,BANCO SOL S.A.,AO,mastercard,debit
551398,00-99,FISERV SOLUTIONS LLC,US,mastercard,debit
551399,00-99,FISERV SOLUTIONS LLC,US,mastercard,debit
551400,00-99,JACK HENRY AND ASSOCIATES,US,mastercard,debit
551401,00-99,FIFTH THIRD BANK,US,mastercard,debit
551402,00-99,JACK HENRY & ASSOCIATES,US,mastercard,debit
551403,00-99,BOKF NATIONAL ASSOCIATION,US,mastercard,debit
551404,00-99,FISERV SOLUTIONS LLC,US,mastercard,debit
551405,00-99,FISERV SOLUTIONS LLC,US,mastercard,debit
551406,00-99,CROGHAN COLONIAL BANK,US,mastercard,debit
551407,00-99,ENTROPAY LTD.,MT,mastercard,debit
551408,00-99,STAR PROCESSING INC.,US,mastercard,debit
551409,00-99,FISERV SOLUTIONS LLC,US,mastercard,debit
551410,00-99,U.S. BANK N.A.,US,mastercard,debit
551411,00-99,HAPPY STATE BANK,US,mastercard,debit
551412,00-99,STAR PROCESSING INC.,US,mastercard,debit
551413,00-99,JACK HENRY & ASSOCIATES,US,mastercard,debit
551414,00-99,ICBA BANCARD INC.,US,mastercard,debit
551415,00-99,JACK HENRY AND ASSOCIATES,US,mastercard,debit
551416,00-99,JACK HENRY & ASSOCIATES,US,mastercard,debit
551417,00-99,PAYBLR INC.,PR,mastercard,credit
551418,00-99,MASTERCAJAS S.A.,ES,mastercard,debit
551419,00-99,MONEY ACCESS SERVICE INC.,US,mastercard,debit
551420,00-99,MONEY ACCESS SERVICE INC.,US,mastercard,debit
551422,00-99,PEOPLE'S CREDIT UNION,US,mastercard,debit
551423,00-99,BANK FIRST N.A.,US,mastercard,debit
551424,00-99,FIRST HORIZON,US,mastercard,debit
551425,00-99,JACK HENRY & ASSOCIATES,US,mastercard,debit
551426,00-99,FIDELITY INFORMATION SERVICES INC.,US,mastercard,debit
551427,00-99,FISERV SOLUTIONS LLC,US,mastercard,debit
551428,00-99,COMPUTER SERVICES INC.,US,mastercard,debit
551429,00-99,FISERV SOLUTIONS LLC,US,mastercard,debit
551430,00-99,FISERV TRANSACTION SERVICES LLC,US,mastercard,debit
551431,00-99,BC CARD CO. LTD.,KR,mastercard,debit
551432,00-99,JACK HENRY & ASSOCIATES,US,mastercard,debit
551433,00-99,FISERV SOLUTIONS LLC,US,mastercard,debit
551434,00-99,FISERV SOLUTIONS LLC,US,mastercard,debit
551435,00-99,FISERV SOLUTIONS LLC,US,mastercard,debit
551436,00-99,FIDELITY INFORMATION SERVICES INC.,US,mastercard,debit
551437,00-99,FISERV TRANSACTION SERVICES LLC,US,mastercard,debit
551438,00-99,FISERV SOLUTIONS LLC,US,mastercard,debit
551439,00-99,BANK OF QUEENSLAND LTD.,AU,mastercard,debit
551440,00-99,AKALA S.A. DE C.V. SFP,MX,mastercard,debit
551441,00-99,COMPUTER SERVICES INC.,US,mastercard,debit
551442,00-99,STAR PROCESSING INC.,US,mastercard,debit
551443,00-99,FISERV SOLUTIONS LLC,US,mastercard,debit
551444,00-99,FIDELITY INFORMATION SERVICES INC.,US,mastercard,debit
551445,00-99,EASTERN BANK,US,mastercard,debit
551446,00-99,FISERV SOLUTIONS LLC,US,mastercard,debit
551447,00-99,FIDELITY INFORMATION SERVICES INC.,US,mastercard,debit
551448,00-99,FISERV SOLUTIONS LLC,US,mastercard,debit
551449,00-99,FISERV SOLUTIONS LLC,US,mastercard,debit
551450,00-99,FISERV SOLUTIONS LLC,US,mastercard,debit
551451,00-99,LCNB NATIONAL BANK,US,mastercard,debit
551452,00-99,FISERV SOLUTIONS INC.,US,mastercard,debit
551453,00-99,FIFTH THIRD BANK,US,mastercard,debit
551454,00-99,PSCU INCORPORATED,US,mastercard,debit
551455,00-99,FISERV SOLUTIONS LLC,US,mastercard,debit
551456,00-99,SHAZAM INC.,US,mastercard,debit
551457,00-99,STAR PROCESSING INC.,US,mastercard,debit
551458,00-99,ALTERNATIFBANK A.S.,TR,mastercard,debit
551459,00-99,FISERV TRANSACTION SERVICES LLC,US,mastercard,debit
551460,00-99,FIFTH THIRD BANK,US,mastercard,debit
551461,00-99,COMPUTER SERVICES INC.,US,mastercard,debit
551462,00-99,FISERV SOLUTIONS LLC,US,mastercard,debit
551463,00-99,ICBA BANCARD INC.,US,mastercard,debit
551464,00-99,UNITED TEXAS CREDIT UNION,US,mastercard,debit
551465,00-99,FISERV SOLUTIONS LLC,US,mastercard,debit
551466,00-99,FISERV SOLUTIONS INC.,US,mastercard,debit
551467,00-99,FIDELITY INFORMATION SERVICES INC.,US,mastercard,debit
551468,00-99,TRIPLINK INTERNATIONAL CO.LIMITED,HK,mastercard,credit
551469,00-99,AMALGAMATED BANK,US,mastercard,debit
551470,00-99,STAR PROCESSING INC.,US,mastercard,debit
551471,00-99,ICBA BANCARD INC.,US,mastercard,debit
551472,00-99,PSCU INCORPORATED,US,mastercard,debit
551473,00-99,FISERV SOLUTIONS LLC,US,mastercard,debit
551474,00-99,FIDELITY INFORMATION SERVICES INC.,US,mastercard,debit
551475,00-99,FIDELITY INFORMATION SERVICES INC.,US,mastercard,debit
551476,00-99,JACK HENRY & ASSOCIATES,US,mastercard,debit
551477,00-99,BANK OF MISSOURI,US,mastercard,debit
551478,00-99,DELTACOUNTYCREDITUNION,US,mastercard,debit
551479,00-99,FISERV SOLUTIONS LLC,US,mastercard,debit
551480,00-99,FISERV SOLUTIONS LLC,US,mastercard,debit
551481,00-99,FIDELITY INFORMATION SERVICES INC.,US,mastercard,debit
551482,00-99,FISERV SOLUTIONS LLC,US,mastercard,debit
551483,00-99,FIFTH THIRD BANK,US,mastercard,debit
551484,00-99,FIFTH THIRD BANK,US,mastercard,debit
551485,00-99,FIFTH THIRD BANK,US,mastercard,debit
551486,00-99,JACK HENRY & ASSOCIATES,US,mastercard,debit
551487,00-99,JACK HENRY & ASSOCIATES,US,mastercard,debit
551488,00-99,U.S. BANK N.A.,US,mastercard,debit
551489,00-99,CIT BANK N.A.,US,mastercard,debit
551490,00-99,CHASE PAYMENTECH EUROPE LTD.,IE,mastercard,credit
551491,00-99,FISERV SOLUTIONS LLC,US,mastercard,debit
551492,00-99,JACK HENRY AND ASSOCIATES,US,mastercard,debit
551493,00-99,FIDELITY INFORMATION SERVICES INC.,US,mastercard,debit
551494,00-99,COMPUTER SERVICES INC.,US,mastercard,debit
551495,00-99,FISERV SOLUTIONS INC.,US,mastercard,debit
551496,00-99,FISERV SOLUTIONS LLC,US,mastercard,debit
551497,00-99,ICBA BANCARD INC.,US,mastercard,debit
551498,00-99,FISERV SOLUTIONS LLC,US,mastercard,debit
551499,00-99,JACK HENRY & ASSOCIATES,US,mastercard,debit
551500,00-99,FISERV SOLUTIONS LLC,US,mastercard,debit
551501,00-99,COMPUTER SERVICES INC.,US,mastercard,debit
551502,00-99,STAR PROCESSING INC.,US,mastercard,debit
551503,00-99,FISERV SOLUTIONS INC.,US,mastercard,debit
551504,00-99,FIDELITY INFORMATION SERVICES INC.,US,mastercard,debit
551505,00-99,FIRST AMERICAN BANK,US,mastercard,debit
551506,00-99,NEW RESOURCE,US,mastercard,debit
551507,00-99,BANCO DEL BIENESTAR S.N.C. INSTITUCION BANCA DE DESARROLLO,MX,mastercard,debit
551508,00-99,FISERV SOLUTIONS LLC,US,mastercard,debit
551509,00-99,BANCO DEL BIENESTAR S.N.C. INSTITUCION BANCA DE DESARROLLO,MX,mastercard,debit
551510,00-99,FISERV SOLUTIONS INC.,US,mastercard,debit
551511,00-99,FISERV SOLUTIONS INC.,US,mastercard,debit
551512,00-99,FIRST COMMAND BANK,US,mastercard,debit
551513,00-99,FISERV SOLUTIONS LLC,US,mastercard,debit
551514,00-99,FISERV SOLUTIONS LLC,US,mastercard,debit
551515,00-99,BANKAOOL S.A. INSTITUCION DE BANCA MULTIPLE,MX,mastercard,debit
551516,00-99,FIRST BANK AND TRUST,US,mastercard,credit
551517,00-99,FISERV SOLUTIONS LLC,US,mastercard,debit
551518,00-99,FISERV SOLUTIONS INC.,US,mastercard,debit
551519,00-99,CENTINEL,US,mastercard,debit
551520,00-99,PSCU INCORPORATED,US,mastercard,debit
551521,00-99,BANK OF QUEENSLAND LTD.,AU,mastercard,debit
551522,00-99,FISERV TRANSACTION SERVICES LLC,US,mastercard,debit
551523,00-99,STAR PROCESSING INC.,US,mastercard,debit
551524,00-99,FISERV SOLUTIONS LLC,US,mastercard,debit
551525,00-99,FISERV SOLUTIONS LLC,US,mastercard,debit
551526,00-99,FIDELITY INFORMATION SERVICES INC.,US,mastercard,debit
551527,00-99,JACK HENRY & ASSOCIATES,US,mastercard,debit
551528,00-99,COMPUTER SERVICES INC.,US,mastercard,debit
551529,00-99,ORABANK TOGO,TG,mastercard,debit
551530,00-99,FIRST HARRISON BANK,US,mastercard,debit
551531,00-99,FIDELITY INFORMATION SERVICES INC.,US,mastercard,debit
551532,00-99,STAR PROCESSING INC.,US,mastercard,debit
551533,00-99,STAR PROCESSING INC.,US,mastercard,debit
551534,00-99,FISERV SOLUTIONS LLC,US,mastercard,debit
551535,00-99,RELIANT BANK,US,mastercard,debit
551536,00-99,FISERV SOLUTIONS LLC,US,mastercard,debit
551537,00-99,FISERV SOLUTIONS INC.,US,mastercard,debit
551538,00-99,CAMBRIDGE SAVINGS BANK,US,mastercard,debit
551539,00-99,FISERV SOLUTIONS INC.,US,mastercard,debit
551540,00-99,FISERV SOLUTIONS LLC,US,mastercard,debit
551541,00-99,CU COOPERATIVE SYSTEMS LLC,US,mastercard,debit
551542,00-99,BERKSHIRE BANK,US,mastercard,debit
551543,00-99,HONG KONG AND SHANGHAI BANKING CORP. LTD.,ID,mastercard,credit
551544,00-99,ASTERA CREDIT UNION,US,mastercard,debit
551545,00-99,FIDELITY INFORMATION SERVICES INC.,US,mastercard,debit
551546,00-99,FIFTH THIRD BANK,US,mastercard,debit
551547,00-99,FISERV SOLUTIONS INC.,US,mastercard,debit
551548,00-99,TRIPLINK INTERNATIONAL CO.LIMITED,HK,mastercard,credit
551549,00-99,FIFTH THIRD BANK,US,mastercard,debit
551550,00-99,JACK HENRY & ASSOCIATES,US,mastercard,debit
551551,00-99,FISERV SOLUTIONS LLC,US,mastercard,debit
551552,00-99,ENTROPAY LTD.,MT,mastercard,credit
551553,00-99,COMPUTER SERVICES INC.,US,mastercard,debit
551554,00-99,FARMERS & MERCHANTS STATE BANK,US,mastercard,debit
551555,00-99,FISERV SOLUTIONS LLC,US,mastercard,debit
551556,00-99,FIDELITY INFORMATION SERVICES INC.,US,mastercard,debit
551557,00-99,FISERV SOLUTIONS LLC,US,mastercard,debit
551558,00-99,SHAZAM INC.,US,mastercard,debit
551559,00-99,SHAZAM INC.,US,mastercard,debit
551560,00-99,JACK HENRY & ASSOCIATES,US,mastercard,debit
551561,00-99,FIFTH THIRD BANK,US,mastercard,debit
551562,00-99,WEST,US,mastercard,debit
551563,00-99,SOMERSET TRUST COMPANY,US,mastercard,debit
551564,00-99,CREDENCIAL PROCESSING S.A.DE,MX,mastercard,debit
551565,00-99,FISERV SOLUTIONS LLC,US,mastercard,debit
551566,00-99,1ST NORTHERN CALIFORNIA CREDIT UNION,US,mastercard,debit
551567,00-99,FIDELITY INFORMATION SERVICES INC.,US,mastercard,debit
551568,00-99,INDUSTRIAL CREDIT UNION OF WHATCOM COUNTY,US,mastercard,debit
551569,00-99,CU COOPERATIVE SYSTEMS LLC,US,mastercard,debit
551570,00-99,FISERV SOLUTIONS LLC,US,mastercard,debit
551571,00-99,SOUTHERN BANCORP,US,mastercard,debit
551572,00-99,ROCKLAND TRUST,US,mastercard,debit
551573,00-99,SHAZAM INC.,US,mastercard,debit
551574,00-99,FIFTH THIRD BANK,US,mastercard,debit
551575,00-99,FARMERS NATIONAL BANK OF CANFIELD,US,mastercard,debit
551576,00-99,EVERTEC MEXICO SERVICIOS DE PROCESAMIENTO S.A.DE C.V.,MX,mastercard,debit
551577,00-99,JACK HENRY & ASSOCIATES,US,mastercard,debit
551578,00-99,STAR PROCESSING INC.,US,mastercard,debit
551579,00-99,SHAZAM INC.,US,mastercard,debit
551580,00-99,YOMA BANK LTD.,MM,mastercard,credit
551581,00-99,FIFTH THIRD BANK,US,mastercard,debit
551582,00-99,FIFTH THIRD BANK,US,mastercard,debit
551583,00-99,FISERV SOLUTIONS LLC,US,mastercard,debit
551584,00-99,FIDELITY INFORMATION SERVICES INC.,US,mastercard,debit
551585,00-99,FISERV SOLUTIONS LLC,US,mastercard,debit
551586,00-99,FIDELITY INFORMATION SERVICES INC.,US,mastercard,debit
551587,00-99,FISERV SOLUTIONS LLC,US,mastercard,debit
551588,00-99,FISERV SOLUTIONS LLC,US,mastercard,debit
551589,00-99,FIFTH THIRD BANK,US,mastercard,debit
551590,00-99,FIDELITY INFORMATION SERVICES INC.,US,mastercard,debit
551591,00-99,FISERV SOLUTIONS LLC,US,mastercard,debit
551592,00-99,SYRIA GULF BANK,SY,mastercard,debit
551593,00-99,SHAZAM INC.,US,mastercard,debit
551594,00-99,FISERV SOLUTIONS LLC,US,mastercard,debit
551595,00-99,FISERV SOLUTIONS LLC,US,mastercard,debit
551596,00-99,FISERV SOLUTIONS INC.,US,mastercard,debit
551597,00-99,DATA CENTER INCORPORATED,US,mastercard,debit
551598,00-99,STAR PROCESSING INC.,US,mastercard,debit
551599,00-99,CANARA BANK,IN,mastercard,debit
551600,00-99,EMPOWER FEDERAL CREDIT UNION,US,mastercard,debit
551601,00-99,FISERV SOLUTIONS LLC,US,mastercard,debit
551602,00-99,FISERV SOLUTIONS LLC,US,mastercard,debit
551603,00-99,BOKF NATIONAL ASSOCIATION,US,mastercard,debit
551604,00-99,COMPUTER SERVICES INC.,US,mastercard,debit
551605,00-99,TEXAS,US,mastercard,debit
551606,00-99,CARD SERVICES FOR CREDIT UNIONS INC.,US,mastercard,debit
551607,00-99,SHAZAM INC.,US,mastercard,debit
551608,00-99,BANQUE CENTRALE POPULAIRE,SN,mastercard,debit
551609,00-99,UNITY BANK PLC,NG,mastercard,debit
551610,00-99,FISERV SOLUTIONS INC.,US,mastercard,debit
551611,00-99,CENTRA CREDIT UNION,US,mastercard,debit
551612,00-99,FISERV SOLUTIONS LLC,US,mastercard,debit
551613,00-99,LEEBANK,US,mastercard,debit
551614,00-99,JACK HENRY & ASSOCIATES,US,mastercard,debit
551615,00-99,FISERV SOLUTIONS LLC,US,mastercard,debit
551616,00-99,WOORICARD CO. LTD,KR,mastercard,credit
551617,00-99,STAR PROCESSING INC.,US,mastercard,debit
551618,00-99,COMPUTER SERVICES INC.,US,mastercard,debit
551619,00-99,BANK ISLAM BRUNEI DARUSSALAM BERHAD,BN,mastercard,debit
551620,00-99,FISERV SOLUTIONS LLC,US,mastercard,debit
551621,00-99,COMPUTER SERVICES INC.,US,mastercard,debit
551622,00-99,FIDELITY INFORMATION SERVICES INC.,US,mastercard,debit
551623,00-99,FISERV SOLUTIONS LLC,US,mastercard,debit
551624,00-99,FISERV SOLUTIONS LLC,US,mastercard,debit
551625,00-99,COMPUTER SERVICES INC.,US,mastercard,debit
551626,00-99,FISERV SOLUTIONS LLC,US,mastercard,debit
551627,00-99,FIRST GUARANTY,US,mastercard,debit
551628,00-99,FISERV SOLUTIONS LLC,US,mastercard,debit
551629,00-99,FISERV SOLUTIONS LLC,US,mastercard,debit
551630,00-99,WEST END,US,mastercard,debit
551631,00-99,UNICREDIT SPA,IT,mastercard,credit
551632,00-99,MIDWEST PAYMENT SYSTEMS INC.,US,mastercard,credit
551633,00-99,CAPITAL ONE NATIONAL ASSOCIATION,US,mastercard,debit
551634,00-99,BANCO REPUBLICA ORIENTAL DEL URUGUAY,UY,mastercard,debit
551635,00-99,U.S. BANK N.A.,US,mastercard,debit
551636,00-99,ITAU UNIBANCO S.A.,BR,mastercard,credit
551637,00-99,JACK HENRY & ASSOCIATES,US,mastercard,debit
551638,00-99,HO CHI MINH CITY DEVELOPMENT JOINT STOCK COMMERCIAL BANK,VN,mastercard,debit
551639,00-99,ACHIEVA CREDIT UNION,US,mastercard,debit
551640,00-99,CU COOPERATIVE SYSTEMS LLC,US,mastercard,debit
551641,00-99,ACHIEVA CREDIT UNION,US,mastercard,debit
551642,00-99,DEDHAM INSTITUTION FOR SAVINGS,US,mastercard,debit
551643,00-99,FISERV SOLUTIONS LLC,US,mastercard,debit
551644,00-99,CU COOPERATIVE SYSTEMS LLC,US,mastercard,credit
551645,00-99,CU COOPERATIVE SYSTEMS LLC,US,mastercard,debit
551646,00-99,COMPUTER SERVICES INC.,US,mastercard,debit
551647,00-99,CENTRAL,US,mastercard,debit
551648,00-99,DATA CENTER INCORPORATED,US,mastercard,debit
551649,00-99,FISERV SOLUTIONS INC.,US,mastercard,debit
551650,00-99,JACK HENRY & ASSOCIATES,US,mastercard,debit
551651,00-99,PAYMENT INTERNATIONAL ENTERPRISE BSC,BH,mastercard,debit
551652,00-99,STAR PROCESSING INC.,US,mastercard,debit
551653,00-99,MONEY ACCESS SERVICE INC.,US,mastercard,debit
551654,00-99,FIFTH THIRD BANK,US,mastercard,debit
551655,00-99,JACK HENRY AND ASSOCIATES,US,mastercard,debit
551656,00-99,STAR PROCESSING INC.,US,mastercard,debit
551657,00-99,FISERV SOLUTIONS LLC,US,mastercard,debit
551658,00-99,STAR PROCESSING INC.,US,mastercard,debit
551659,00-99,PSCU INCORPORATED,US,mastercard,debit
551660,00-99,FISERV SOLUTIONS LLC,US,mastercard,debit
551661,00-99,FISERV SOLUTIONS LLC,US,mastercard,debit
551662,00-99,STAR PROCESSING INC.,US,mastercard,debit
551663,00-99,ITAU UNIBANCO S.A.,BR,mastercard,debit
551664,00-99,UNIVEST BANK AND TRUST CO.,US,mastercard,credit
551665,00-99,TRELLANCE INC.,US,mastercard,debit
551666,00-99,FISERV SOLUTIONS LLC,US,mastercard,debit
551667,00-99,FISERV SOLUTIONS INC.,US,mastercard,debit
551668,00-99,BANQUE CENTRALE POPULAIRE,BJ,mastercard,debit
551669,00-99,STAR PROCESSING INC.,US,mastercard,debit
551670,00-99,FISERV SOLUTIONS LLC,US,mastercard,debit
551671,00-99,FIDELITY INFORMATION SERVICES INC.,US,mastercard,debit
551672,00-99,CITIZENS NATIONAL BANK OF SOMERSET,US,mastercard,debit
551673,00-99,FISERV SOLUTIONS LLC,US,mastercard,debit
551674,00-99,FIDELITY INFORMATION SERVICES INC.,US,mastercard,debit
551675,00-99,PEOPLES TRUST COMPANY,CA,mastercard,debit
551676,00-99,FISERV SOLUTIONS LLC,US,mastercard,debit
551677,00-99,FCB BANKS,US,mastercard,debit
551678,00-99,ENTROPAY LTD.,MT,mastercard,credit
551679,00-99,FORT HOOD NATIONAL,US,mastercard,debit
551680,00-99,FISERV SOLUTIONS LLC,US,mastercard,debit
551681,00-99,ICICI BANK LTD.,IN,mastercard,debit
551682,00-99,COMPUTER SERVICES INC.,US,mastercard,debit
551683,00-99,FIDELITY INFORMATION SERVICES INC.,US,mastercard,debit
551684,00-99,HERITAGE STATE,US,mastercard,debit
551685,00-99,BOKF NATIONAL ASSOCIATION,US,mastercard,debit
551686,00-99,CHEMICAL BANKA DIVISION OF TCF NB,US,mastercard,debit
551687,00-99,SECURITY SERVICE FEDERAL CREDIT UNION,US,mastercard,debit
551688,00-99,STAR PROCESSING INC.,US,mastercard,debit
551689,00-99,PEOPLE'S UNITED BANK,US,mastercard,debit
551690,00-99,FISERV SOLUTIONS LLC,US,mastercard,debit
551691,00-99,FISERV SOLUTIONS LLC,US,mastercard,debit
551692,00-99,TRELLANCE INC.,US,mastercard,debit
551693,00-99,FIDELITY INFORMATION SERVICES INC.,US,mastercard,debit
551694,00-99,ENTROPAY LTD.,MT,mastercard,debit
551695,00-99,U.S. BANK N.A.,US,mastercard,debit
551696,00-99,FIDELITY INFORMATION SERVICES INC.,US,mastercard,debit
551697,00-99,FIRST CONVENIENCE,US,mastercard,debit
551698,00-99,FIFTH THIRD BANK,US,mastercard,debit
551699,00-99,FIDELITY INFORMATION SERVICES INC.,US,mastercard,debit
551700,00-99,FIFTH THIRD BANK,US,mastercard,debit
551701,00-99,FIRST FINANCIAL CREDIT UNION,US,mastercard,debit
551702,00-99,FISERV SOLUTIONS LLC,US,mastercard,debit
551703,00-99,PROGRESSIVE,US,mastercard,debit
551704,00-99,FISERV SOLUTIONS LLC,US,mastercard,debit
551705,00-99,CU COOPERATIVE SYSTEMS LLC,US,mastercard,debit
551706,00-99,BANKFIRST FINANCIAL SERVICES,US,mastercard,debit
551707,00-99,JACK HENRY & ASSOCIATES,US,mastercard,debit
551708,00-99,FISERV SOLUTIONS LLC,US,mastercard,debit
551709,00-99,FISERV SOLUTIONS LLC,US,mastercard,debit
551710,00-99,JACK HENRY & ASSOCIATES,US,mastercard,debit
551711,00-99,FIFTH THIRD BANK,US,mastercard,debit
551712,00-99,JACK HENRY & ASSOCIATES,US,mastercard,debit
551713,00-99,CU COOPERATIVE SYSTEMS,US,mastercard,debit
551714,00-99,CU COOPERATIVE SYSTEMS LLC,US,mastercard,debit
551715,00-99,FISERV SOLUTIONS LLC,US,mastercard,debit
551716,00-99,FISERV SOLUTIONS LLC,US,mastercard,debit
551717,00-99,STAR PROCESSING INC.,US,mastercard,debit
551718,00-99,MONEY ACCESS SERVICE INC.,US,mastercard,credit
551719,00-99,CU COOPERATIVE SYSTEMS,US,mastercard,debit
551720,00-99,CREDENCIAL PROCESSING S.A.DE,MX,mastercard,debit
551721,00-99,TRIPLINK INTERNATIONAL CO.LIMITED,HK,mastercard,credit
551722,00-99,FISERV SOLUTIONS LLC,US,mastercard,debit
551723,00-99,SHAZAM INC.,US,mastercard,debit
551724,00-99,FIDELITY INFORMATION SERVICES INC.,US,mastercard,debit
551725,00-99,SHAZAM INC.,US,mastercard,debit
551726,00-99,FARMERS & MERCHANTS BANK OF LONG BEACH,US,mastercard,debit
551727,00-99,JACK HENRY & ASSOCIATES,US,mastercard,credit
551728,00-99,JACK HENRY & ASSOCIATES,US,mastercard,debit
551729,00-99,JACK HENRY & ASSOCIATES,US,mastercard,debit
551730,00-99,MONEY ACCESS SERVICE INC.,US,mastercard,credit
551731,00-99,COBALT CREDIT UNION,US,mastercard,debit
551732,00-99,STAR PROCESSING INC.,US,mastercard,debit
551733,00-99,CADENCE BANK,US,mastercard,debit
551734,00-99,FISERV SOLUTIONS LLC,US,mastercard,debit
551735,00-99,FIFTH THIRD BANK,US,mastercard,debit
551736,00-99,STAR PROCESSING INC.,US,mastercard,debit
551737,00-99,SAVINGS BANK OF WALPOLE,US,mastercard,debit
551738,00-99,FISERV TRANSACTION SERVICES LLC,US,mastercard,debit
551739,00-99,FISERV TRANSACTION SERVICES LLC,US,mastercard,debit
551740,00-99,FISERV SOLUTIONS LLC,US,mastercard,debit
551741,00-99,JACK HENRY & ASSOCIATES,US,mastercard,debit
551742,00-99,MONEY ACCESS SERVICE INC.,US,mastercard,credit
551743,00-99,GLOBAL PROCESSING SA,AR,mastercard,debit
551744,00-99,FISERV SOLUTIONS LLC,US,mastercard,credit
551745,00-99,JACK HENRY & ASSOCIATES,US,mastercard,debit
551746,00-99,CU COOPERATIVE SYSTEMS LLC,US,mastercard,debit
551747,00-99,COMPUTER SERVICES INC.,US,mastercard,debit
551748,00-99,BANCO AZTECA (PANAMA) S.A.,PA,mastercard,debit
551749,00-99,JACK HENRY & ASSOCIATES,US,mastercard,debit
551750,00-99,FIFTH THIRD BANK,US,mastercard,debit
551751,00-99,COMPUTER SERVICES INC.,US,mastercard,debit
551752,00-99,FIFTH THIRD BANK,US,mastercard,debit
551753,00-99,U.S. BANK N.A.,US,mastercard,debit
551754,00-99,FISERV SOLUTIONS LLC,US,mastercard,debit
551755,00-99,MONEY ACCESS SERVICE INC.,US,mastercard,debit
551756,00-99,FIDELITY INFORMATION SERVICES INC.,US,mastercard,debit
551757,00-99,FIDELITY INFORMATION SERVICES INC.,US,mastercard,debit
551758,00-99,FISERV SOLUTIONS INC.,US,mastercard,debit
551759,00-99,JACK HENRY & ASSOCIATES,US,mastercard,debit
551760,00-99,JACK HENRY AND ASSOCIATES,US,mastercard,debit
551761,00-99,SHAZAM INC.,US,mastercard,debit
551762,00-99,JACK HENRY & ASSOCIATES,US,mastercard,debit
551763,00-99,CU COOPERATIVE SYSTEMS,US,mastercard,debit
551764,00-99,JACK HENRY AND ASSOCIATES,US,mastercard,debit
551765,00-99,MEREDITH VILLAGE SAVINGS,US,mastercard,debit
551766,00-99,JACK HENRY & ASSOCIATES,US,mastercard,debit
551767,00-99,U.S. BANK N.A.,US,mastercard,debit
551768,00-99,FISERV SOLUTIONS LLC,US,mastercard,debit
551769,00-99,COMPUTER SERVICES INC.,US,mastercard,debit
551770,00-99,FIFTH THIRD BANK,US,mastercard,debit
551771,00-99,MIDDLEFIELD BANKING COMPANY,US,mastercard,debit
551772,00-99,JACK HENRY & ASSOCIATES,US,mastercard,debit
551773,00-99,JACK HENRY & ASSOCIATES,US,mastercard,debit
551774,00-99,FIRST ABU DHABI BANK PJSC,AE,mastercard,debit
551775,00-99,FISERV SOLUTIONS LLC,US,mastercard,debit
551776,00-99,JACK HENRY & ASSOCIATES,US,mastercard,debit
551777,00-99,JACK HENRY & ASSOCIATES,US,mastercard,debit
551778,00-99,MIDWEST PAYMENT SYSTEMS INC.,US,mastercard,debit
551779,00-99,FIFTH THIRD BANK,US,mastercard,debit
551780,00-99,JACK HENRY & ASSOCIATES,US,mastercard,debit
551781,00-99,CU COOPERATIVE SYSTEMS,US,mastercard,credit
551782,00-99,JACK HENRY & ASSOCIATES,US,mastercard,debit
551783,00-99,METRO BANK,US,mastercard,debit
551784,00-99,PSCU FINANCIAL SERVICES INC.,US,mastercard,debit
551785,00-99,FISERV SOLUTIONS LLC,US,mastercard,debit
551786,00-99,FIFTH THIRD BANK,US,mastercard,debit
551787,00-99,BANCO BINEO S.A. INSTITUCION DE BANCA MULTIPLE GRUPO FINANCIERO,MX,mastercard,credit
551788,00-99,FISERV SOLUTIONS LLC,US,mastercard,debit
551789,00-99,JACK HENRY & ASSOCIATES,US,mastercard,debit
551790,00-99,JACK HENRY & ASSOCIATES,US,mastercard,debit
551791,00-99,COASTAL COMMUNITY BANK,US,mastercard,debit
551792,00-99,BANCO DE LA NACION ARGENTINA,AR,mastercard,debit
551793,00-99,FISERV SOLUTIONS LLC,US,mastercard,debit
551794,00-99,FIDELITY INFORMATION SERVICES INC.,US,mastercard,debit
551795,00-99,AVIDIA BANK,US,mastercard,debit
551796,00-99,FISERV SOLUTIONS LLC,US,mastercard,debit
551797,00-99,FISERV SOLUTIONS LLC,US,mastercard,debit
551798,00-99,ESSA BANK AND TRUST,US,mastercard,debit
551799,00-99,STAR PROCESSING INC.,US,mastercard,debit
551800,00-99,FIDELITY INFORMATION SERVICES INC.,US,mastercard,debit
551801,00-99,FISERV SOLUTIONS LLC,US,mastercard,debit
551802,00-99,STAR PROCESSING INC.,US,mastercard,debit
551803,00-99,FIFTH THIRD BANK,US,mastercard,debit
551804,00-99,FISERV SOLUTIONS LLC,US,mastercard,debit
551805,00-99,FISERV SOLUTIONS LLC,US,mastercard,debit
551806,00-99,ICBA BANCARD INC.,US,mastercard,debit
551807,00-99,USAA SAVINGS BANK,US,mastercard,debit
551808,00-99,TEXAS BANK,US,mastercard,debit
551809,00-99,FISERV SOLUTIONS LLC,US,mastercard,debit
551810,00-99,JACK HENRY & ASSOCIATES,US,mastercard,debit
551811,00-99,NORTHWESTERN,US,mastercard,debit
551812,00-99,JACK HENRY & ASSOCIATES,US,mastercard,debit
551813,00-99,FISERV SOLUTIONS INC.,US,mastercard,debit
551814,00-99,MEMBERS FIRST CREDIT UNION,US,mastercard,debit
551815,00-99,SUNTRUST BANK,US,mastercard,debit
551816,00-99,ESSA BANK & TRUST,US,mastercard,debit
551817,00-99,EDS EMPLOYEES FEDERAL CREDIT UNION,US,mastercard,debit
551818,00-99,AEON FINANCIAL SERVICE CO. LTD.,JP,mastercard,credit
551819,00-99,JACK HENRY & ASSOCIATES,US,mastercard,debit
551820,00-99,THE CITIZENS,US,mastercard,debit
551821,00-99,FISERV SOLUTIONS LLC,US,mastercard,debit
551822,00-99,JACK HENRY & ASSOCIATES,US,mastercard,debit
551823,00-99,FIDELITY INFORMATION SERVICES INC.,US,mastercard,debit
551824,00-99,STAR PROCESSING INC.,US,mastercard,debit
551825,00-99,CU COOPERATIVE SYSTEMS LLC,US,mastercard,debit
551826,00-99,FISERV SOLUTIONS LLC,US,mastercard,debit
551827,00-99,BANK OF BARODA,IN,mastercard,debit
551828,00-99,CU COOPERATIVE SYSTEMS LLC,US,mastercard,debit
551829,00-99,NATIONAL BANK OF PAKISTAN,PK,mastercard,debit
551830,00-99,COMPUTER SERVICES INC.,US,mastercard,debit
551831,00-99,COMPUTER SERVICES INC.,US,mastercard,debit
551832,00-99,CARD SERVICES FOR CREDIT UNIONS INC.,US,mastercard,debit
551833,00-99,PSCU INCORPORATED,US,mastercard,debit
551834,00-99,JACK HENRY & ASSOCIATES,US,mastercard,debit
551835,00-99,JACK HENRY & ASSOCIATES,US,mastercard,debit
551836,00-99,FISERV SOLUTIONS LLC,US,mastercard,debit
551837,00-99,FIDELITY INFORMATION SERVICES INC.,US,mastercard,debit
551838,00-99,COMPUTER SERVICES INC.,US,mastercard,debit
551839,00-99,COMPUTER SERVICES INC.,US,mastercard,debit
551840,00-99,MITSUBISHI UFJ NICOS CO. LTD.,JP,mastercard,credit
551841,00-99,JACK HENRY & ASSOCIATES,US,mastercard,debit
551842,00-99,KEY BANK,US,mastercard,debit
551843,00-99,FIDELITY INFORMATION SERVICES INC.,US,mastercard,debit
551844,00-99,,US,mastercard,debit
551845,00-99,BENCHMARK FEDERAL CREDIT UNION,US,mastercard,debit
551846,00-99,JACK HENRY & ASSOCIATES,US,mastercard,debit
551847,00-99,STAR PROCESSING INC.,US,mastercard,debit
551848,00-99,THE BANK OF ROMNEY,US,mastercard,debit
551849,00-99,COMPUTER SERVICES INC.,US,mastercard,debit
551850,00-99,FISERV SOLUTIONS LLC,US,mastercard,debit
551851,00-99,FIFTH THIRD BANK,US,mastercard,debit
551852,00-99,COMPUTER SERVICES INC.,US,mastercard,debit
551853,00-99,DATA CENTER INCORPORATED,US,mastercard,debit
551854,00-99,U.S. BANK N.A.,US,mastercard,debit
551855,00-99,CARD SERVICES FOR CREDIT UNIONS INC.,US,mastercard,debit
551856,00-99,FISERV SOLUTIONS LLC,US,mastercard,debit
551857,00-99,NYCE PAYMENTS NETWORK LLC,US,mastercard,debit
551858,00-99,JACK HENRY & ASSOCIATES,US,mastercard,debit
551859,00-99,BANNER BANK,US,mastercard,debit
551860,00-99,FISERV SOLUTIONS LLC,US,mastercard,debit
551861,00-99,FIDELITY INFORMATION SERVICES INC.,US,mastercard,debit
551862,00-99,FIDELITY INFORMATION SERVICES INC.,US,mastercard,debit
551863,00-99,FISERV SOLUTIONS LLC,US,mastercard,debit
551864,00-99,CU COOPERATIVE SYSTEMS LLC,US,mastercard,debit
551865,00-99,FIDELITY INFORMATION SERVICES INC.,US,mastercard,debit
551866,00-99,FIDELITY INFORMATION SERVICES INC.,US,mastercard,debit
551867,00-99,FISERV SOLUTIONS LLC,US,mastercard,debit
551868,00-99,U.S. BANK N.A.,US,mastercard,debit
551869,00-99,CREDOMATIC DE GUATEMALA S.A.,GT,mastercard,debit
551870,00-99,ENCOMPASS FEDERAL CREDIT UNION,US,mastercard,debit
551871,00-99,FISERV SOLUTIONS LLC,US,mastercard,debit
551872,00-99,FIFTH THIRD BANK,US,mastercard,debit
551873,00-99,FIFTH THIRD BANK,US,mastercard,debit
551874,00-99,JACK HENRY AND ASSOCIATES,US,mastercard,debit
551875,00-99,BANGOR SAVINGS BANK,US,mastercard,debit
551876,00-99,COMPUTER SERVICES INC.,US,mastercard,debit
551877,00-99,BANQUE INTERNATIONALE DU CAMEROUN POUR L'EPARGNE ET LE CREDIT,CM,mastercard,debit
551878,00-99,CAMINO FEDERAL CREDIT UNION,US,mastercard,debit
551879,00-99,BMO HARRIS BANK,US,mastercard,credit
551880,00-99,GREENFIELD COOPERATIVE BANK,US,mastercard,debit
551881,00-99,ICUL SERVICE CORPORATION,US,mastercard,debit
551882,00-99,ALINMA BANK,SA,mastercard,debit
551883,00-99,FISERV SOLUTIONS INC.,US,mastercard,debit
551884,00-99,U.S. BANK N.A.,US,mastercard,debit
551885,00-99,FISERV SOLUTIONS LLC,US,mastercard,debit
551886,00-99,COMPUTER SERVICES INC.,US,mastercard,debit
551887,00-99,CARIBBEAN CREDIT CARD CORPORATION LTD.,AG,mastercard,debit
551888,00-99,FISERV SOLUTIONS LLC,US,mastercard,debit
551889,00-99,JACK HENRY & ASSOCIATES,US,mastercard,debit
551890,00-99,CU COOPERATIVE SYSTEMS,US,mastercard,debit
551891,00-99,FIFTH THIRD BANK,US,mastercard,debit
551892,00-99,DATA CENTER INCORPORATED,US,mastercard,debit
551893,00-99,FISERV SOLUTIONS LLC,US,mastercard,debit
551894,00-99,FISERV SOLUTIONS LLC,US,mastercard,debit
551895,00-99,FISERV SOLUTIONS LLC,US,mastercard,debit
551896,00-99,COMPUTER SERVICES INC.,US,mastercard,debit
551897,00-99,PSCU INCORPORATED,US,mastercard,debit
551898,00-99,BANCO NACIONAL DE COSTA RICA,CR,mastercard,debit
551899,00-99,U.S. BANK N.A.,US,mastercard,debit
551900,00-99,FIFTH THIRD BANK,US,mastercard,debit
551901,00-99,FIFTH THIRD BANK,US,mastercard,debit
551902,00-99,FISERV SOLUTIONS LLC,US,mastercard,debit
551903,00-99,COMPUTER SERVICES INC.,US,mastercard,debit
551904,00-99,FISERV SOLUTIONS LLC,US,mastercard,debit
551905,00-99,FISERV SOLUTIONS LLC,US,mastercard,debit
551906,00-99,FISERV SOLUTIONS LLC,US,mastercard,debit
551907,00-99,FIDELITY INFORMATION SERVICES INC.,US,mastercard,debit
551908,00-99,FISERV SOLUTIONS INC.,US,mastercard,debit
551909,00-99,ICBA BANCARD INC.,US,mastercard,debit
551910,00-99,FISERV SOLUTIONS LLC,US,mastercard,debit
551911,00-99,EVERTEC MEXICO SERVICIOS DE PROCESAMIENTO S.A.DE C.V.,MX,mastercard,debit
551912,00-99,FISERV SOLUTIONS LLC,US,mastercard,debit
551913,00-99,FISERV SOLUTIONS LLC,US,mastercard,debit
551914,00-99,PATRIOT BANK NATIONAL ASSOCIATION,US,mastercard,debit
551915,00-99,ORANGE COUNTY'S CREDIT UNION,US,mastercard,debit
551916,00-99,NOVA LJUBLJANSKA BANKA D.D. LJUBLJANA,SI,mastercard,debit
551917,00-99,SUTTON BANK,US,mastercard,credit
551918,00-99,FIFTH THIRD BANK,US,mastercard,debit
551919,00-99,FISERV SOLUTIONS LLC,US,mastercard,debit
551920,00-99,COUNTRY BANK FOR SAVINGS,US,mastercard,debit
551921,00-99,CREDIT UNION PAYMENT CENTER (LIMITED LIABILITY COMPANY),RU,mastercard,credit
551922,00-99,FISERV SOLUTIONS INC.,US,mastercard,debit
551923,00-99,FIFTH THIRD BANK,US,mastercard,debit
551924,00-99,THE FARMERS NATIONAL BANK OF DANVILLE,US,mastercard,debit
551925,00-99,ASOCIACION MUTUALISTA DE A/C PARA LA VIVIENDA PICHINCHA,EC,mastercard,debit
551926,00-99,STAR PROCESSING INC.,US,mastercard,debit
551927,00-99,U.S. BANK N.A.,US,mastercard,debit
551928,00-99,U.S. BANK N.A.,US,mastercard,debit
551929,00-99,FIFTH THIRD BANK,US,mastercard,debit
551930,00-99,JACK HENRY & ASSOCIATES,US,mastercard,debit
551931,00-99,PERKSTREET CARD ISSUED BY BANCORP BANK,US,mastercard,debit
551932,00-99,DATA CENTER INCORPORATED,US,mastercard,debit
551933,00-99,STAR PROCESSING INC.,US,mastercard,debit
551934,00-99,SHAZAM INC.,US,mastercard,debit
551935,00-99,FIFTH THIRD BANK,US,mastercard,debit
551936,00-99,FISERV SOLUTIONS LLC,US,mastercard,debit
551937,00-99,ALL IN FEDERAL CREDIT UNION,US,mastercard,credit
551938,00-99,PIONEER BANK,US,mastercard,debit
551939,00-99,HORIZON BANK,US,mastercard,debit
551940,00-99,CU COOPERATIVE SYSTEMS LLC,US,mastercard,debit
551941,00-99,SOFI BANK N.A.,US,mastercard,debit
551942,00-99,FISERV SOLUTIONS LLC,US,mastercard,debit
551943,00-99,FIDELITY INFORMATION SERVICES INC.,US,mastercard,debit
551944,00-99,SHAZAM INC.,US,mastercard,debit
551945,00-99,SHAZAM INC.,US,mastercard,debit
551946,00-99,FISERV SOLUTIONS LLC,US,mastercard,debit
551947,00-99,FISERV SOLUTIONS LLC,US,mastercard,debit
551948,00-99,FISERV TRANSACTION SERVICES LLC,US,mastercard,debit
551949,00-99,FISERV SOLUTIONS LLC,US,mastercard,debit
551950,00-99,ING BANK N.V.,ES,mastercard,debit
551951,00-99,BOKF NATIONAL ASSOCIATION,US,mastercard,debit
551952,00-99,STAR SYSTEMS,US,mastercard,credit
551953,00-99,STAR SYSTEMS,US,mastercard,credit
551954,00-99,STAR SYSTEMS,US,mastercard,credit
551955,00-99,STAR SYSTEMS,US,mastercard,credit
551956,00-99,BANCO REPUBLICA ORIENTAL DEL URUGUAY,UY,mastercard,debit
551957,00-99,FAYSAL BANK LTD.,PK,mastercard,debit
551958,00-99,REGIONS BANK,US,mastercard,credit
551959,00-99,CITIZENS BANK,US,mastercard,debit
551960,00-99,TINKOFF BANK,RU,mastercard,credit
551961,00-99,ICBA BANCARD INC.,US,mastercard,debit
551962,00-99,ZIP NETWORK,US,mastercard,credit
551963,00-99,MIDWEST PAYMENT SYSTEMS INC.,US,mastercard,credit
551964,00-99,USAA FEDERAL SAVINGS BANK,US,mastercard,debit
551965,00-99,CAPITAL ONE,US,mastercard,credit
551966,00-99,BANK OF NEW YORK MELLON,US,mastercard,debit
551967,00-99,CEC BANK S.A.,RO,mastercard,debit
551968,00-99,,HU,mastercard,credit
551969,00-99,NATIONAL BANK OF RAS AL-KHAIMAH (RAKBANK),AE,mastercard,debit
551970,00-99,FIO BANKA A.S.,CZ,mastercard,debit
551971,00-99,SBERBANK HUNGARY LTD.,HU,mastercard,debit
551972,00-99,SBERBANK HUNGARY LTD.,HU,mastercard,debit
551973,00-99,AFRILAND FIRST BANK,CD,mastercard,debit
551974,00-99,AFRILAND FIRST BANK,CD,mastercard,debit
551975,00-99,AFRILAND FIRST BANK,CD,mastercard,debit
551976,00-99,AFRILAND FIRST BANK,CI,mastercard,debit
551977,00-99,MBH BANK NYRT.,HU,mastercard,debit
551978,00-99,BANCO SANTANDER S.A.,ES,mastercard,debit
551979,00-99,CREDIT UNION PAYMENT CENTER (LIMITED LIABILITY COMPANY),RU,mastercard,debit
551980,00-99,CAPITAL ONE NATIONAL ASSOCIATION,US,mastercard,debit
551981,00-99,CAPITAL ONE NATIONAL ASSOCIATION,US,mastercard,debit
551982,00-99,BOKF NATIONAL ASSOCIATION,US,mastercard,debit
551983,00-99,FIDELITY INFORMATION SERVICES INC.,US,mastercard,debit
551984,00-99,CARIBBEAN CREDIT CARD CORPORATION LTD.,KN,mastercard,debit
551985,00-99,PJSC ROSBANK,RU,mastercard,debit
551986,00-99,BNP PARIBAS,HU,mastercard,credit
551987,00-99,BOSTON SAFE DEPOSIT AND TRUST COMPANY,HU,mastercard,credit
551988,00-99,BANK OF AMERICA NATIONAL ASSOCIATION,US,mastercard,debit
551989,00-99,PJSC ROSBANK,RU,mastercard,debit
551990,00-99,,RU,mastercard,credit
551991,00-99,AMALGAMATED BANK,US,mastercard,debit
551992,00-99,BANK OF NEW YORK MELLON,US,mastercard,debit
551993,00-99,PJSC ROSBANK,RU,mastercard,debit
551994,00-99,PJSC ROSBANK,RU,mastercard,credit
551995,00-99,ROCKLAND TRUST COMPANY,US,mastercard,debit
551996,00-99,PJSC ROSBANK,RU,mastercard,debit
551997,00-99,CITIBANK N.A.,US,mastercard,credit
551998,00-99,BANCAMIGA BANCO UNIVERSAL C.A.,VE,mastercard,debit
551999,00-99,RED CROWN FEDERAL CREDIT UNION,US,mastercard,credit
552000,00-99,DBS BANK (TAIWAN) LTD.,TW,mastercard,credit
552001,00-99,BANK OF MONTREAL,CA,mastercard,credit
552002,00-99,PT. BANK RAKYAT INDONESIA (PERSERO),ID,mastercard,credit
552003,00-99,TAISHIN INTERNATIONAL BANK,TW,mastercard,credit
552004,00-99,CITIBANK (HONG KONG) LTD.,HK,mastercard,credit
552005,00-99,AZERIGAZBANK OJSC,AZ,mastercard,credit
552006,00-99,ABU DHABI COMMERCIAL BANK,AE,mastercard,credit
552007,00-99,GULF BANK K.S.C.,KW,mastercard,credit
552008,00-99,PT. BANK MAYBANK INDONESIA TBK,ID,mastercard,credit
552009,00-99,CSCBANK SAL,LB,mastercard,credit
552010,00-99,CAPITAL ONE N.A.,US,mastercard,debit
552011,00-99,PUBLIC JOINT STOCK COMPANY JOINT STOCK BANK UKRGASBANK,UA,mastercard,credit
552012,00-99,BANQUE SAUDI FRANSI,SA,mastercard,credit
552013,00-99,CIMB,MY,mastercard,credit
552014,00-99,SAMSUNG CARD CO. LTD.,KR,mastercard,credit
552015,00-99,BOC CREDIT CARD (INTERNATIONAL) LTD.,HK,mastercard,credit
552016,00-99,BOC CREDIT CARD (INTERNATIONAL) LTD.,HK,mastercard,credit
552017,00-99,BANCO DE COSTA RICA,CR,mastercard,debit
552018,00-99,BOC CREDIT CARD (INTERNATIONAL) LTD.,HK,mastercard,credit
552019,00-99,BOC CREDIT CARD (INTERNATIONAL) LTD.,HK,mastercard,credit
552020,00-99,BOC CREDIT CARD (INTERNATIONAL) LTD.,HK,mastercard,credit
552021,00-99,BOC CREDIT CARD (INTERNATIONAL) LTD.,HK,mastercard,credit
552022,00-99,BOC CREDIT CARD (INTERNATIONAL) LTD.,HK,mastercard,credit
552023,00-99,BOC CREDIT CARD (INTERNATIONAL) LTD.,HK,mastercard,credit
552024,00-99,BOC CREDIT CARD (INTERNATIONAL) LTD.,HK,mastercard,credit
552025,00-99,BOC CREDIT CARD (INTERNATIONAL) LTD.,HK,mastercard,credit
552026,00-99,BOC CREDIT CARD (INTERNATIONAL) LTD.,HK,mastercard,credit
552027,00-99,BOC CREDIT CARD (INTERNATIONAL) LTD.,HK,mastercard,credit
552028,00-99,IDT FINANCIAL SERVICES LTD.,GB,mastercard,debit
552029,00-99,BANK MUSCAT (SAOG),OM,mastercard,credit
552030,00-99,BARCLAYS BANK DELAWARE,US,mastercard,credit
552031,00-99,STANDARD CHARTERED BANK (TAIWAN) LTD.,TW,mastercard,credit
552032,00-99,CATHAY UNITED BANK,TW,mastercard,credit
552033,00-99,COMMONWEALTH BANK,AU,mastercard,credit
552034,00-99,MAINSTREET CREDIT UNION,US,mastercard,credit
552035,00-99,ISRACARD LTD.,IL,mastercard,debit
552036,00-99,BANCO DE LA PRODUCCION S.A. (PRODUBANCO),EC,mastercard,credit
552037,00-99,HANG SENG BANK LTD.,HK,mastercard,credit
552038,00-99,POSB,SG,mastercard,credit
552039,00-99,NEDBANK LTD.,ZA,mastercard,credit
552040,00-99,STANDARD CHARTERED BANK MALAYSIA,MY,mastercard,credit
552041,00-99,ING BELGIUM,BE,mastercard,credit
552042,00-99,PT BANK UOB INDONESIA,ID,mastercard,credit
552043,00-99,ERIE FEDERAL CREDIT UNION,US,mastercard,credit
552044,00-99,SANTANDER BANK POLSKA S.A.,PL,mastercard,credit
552045,00-99,FRANSABANK SAL,LB,mastercard,credit
552046,00-99,TAIPEI FUBON COMMERCIAL BANK CO. LTD.,TW,mastercard,credit
552047,00-99,PREPAID FINANCIAL SERVICES LTD.,GB,mastercard,debit
552048,00-99,NORDEA BANK AB (PUBL),SE,mastercard,credit
552049,00-99,CTBC BANK CO. LTD.,TW,mastercard,credit
552050,00-99,NATIONAL BANK OF KUWAIT (S.A.K.),KW,mastercard,credit
552051,00-99,HYUNDAICARD CO. LTD.,KR,mastercard,credit
552052,00-99,HYUNDAICARD CO. LTD.,KR,mastercard,credit
552053,00-99,NATIONAL BANK OF GREECE S.A.,GR,mastercard,credit
552054,00-99,BANK SINOPAC,TW,mastercard,credit
552055,00-99,OPEN JOINT-STOCK COMPANY JOINT-STOCK BANK ROSSIYA,RU,mastercard,credit
552056,00-99,CSCBANK SAL,LB,mastercard,credit
552057,00-99,STANDARD BANK OF SOUTH AFRICA LTD.,ZA,mastercard,credit
552058,00-99,FAR EASTERN INTERNATIONAL BANK,TW,mastercard,credit
552059,00-99,BANK OF NOVA SCOTIA JAMAICA LTD.,JM,mastercard,credit
552060,00-99,NATIONAL AUSTRALIA BANK LTD.,AU,mastercard,credit
552061,00-99,MITSUBISHI UFJ NICOS CO. LTD.,JP,mastercard,credit
552062,00-99,SOCIETE GENERALE DE BANQUE AU LIBAN S.A.L.,LB,mastercard,credit
552063,00-99,BANCO DO BRASIL S.A.,BR,mastercard,credit
552064,00-99,COMPUTER SERVICES INC.,US,mastercard,debit
552065,00-99,STANDARD BANK OF SOUTH AFRICA LTD.,ZA,mastercard,credit
552066,00-99,SCOTIABANK COLPATRIA S.A.,CO,mastercard,credit
552067,00-99,HSBC BANK MIDDLE EAST,QA,mastercard,credit
552068,00-99,NATIONAL WESTMINSTER BANK PLC,GB,mastercard,credit
552069,00-99,SCOTIABANK REPUBLICA DOMINICANA S.A. - BANCO MULTIPLE,DO,mastercard,credit
552070,00-99,ITAU UNIBANCO S.A.,BR,mastercard,credit
552071,00-99,UNICREDIT BANK HUNGARY ZRT.,HU,mastercard,credit
552072,00-99,ITAU PERSONNALITE,BR,mastercard,credit
552073,00-99,HALIFAX,GB,mastercard,credit
552074,00-99,SCOTIABANK COLPATRIA S.A.,CO,mastercard,credit
552075,00-99,THE SAUDI NATIONAL BANK,SA,mastercard,credit
552076,00-99,MITSUBISHI UFJ NICOS CO. LTD.,JP,mastercard,credit
552077,00-99,THE SAUDI NATIONAL BANK,SA,mastercard,credit
552078,00-99,GULF BANK K.S.C.,KW,mastercard,credit
552079,00-99,,BD,mastercard,credit
552080,00-99,METROPOLITAN COMMERCIAL BANK,US,mastercard,debit
552081,00-99,CITIBANK N.A.,US,mastercard,credit
552082,00-99,FAR EASTERN INTERNATIONAL BANK,TW,mastercard,credit
552083,00-99,STANDARD CHARTERED BANK (HONG KONG) LTD.,HK,mastercard,credit
552084,00-99,ENTERCARD GROUP AB,SE,mastercard,credit
552085,00-99,NATIONAL WESTMINSTER BANK PLC,GB,mastercard,credit
552086,00-99,UNITED OVERSEAS BANK (MALAYSIA) BERHAD,MY,mastercard,credit
552087,00-99,SHINHAN CARD CO. LTD.,KR,mastercard,credit
552088,00-99,HDFC BANK LTD.,IN,mastercard,credit
552089,00-99,SAMBA FINANCIAL GROUP,SA,mastercard,credit
552090,00-99,POPULAR BANK LTD. INC.,PA,mastercard,credit
552091,00-99,BANKINTER S.A.,ES,mastercard,credit
552092,00-99,DBS BANK LTD.,SG,mastercard,credit
552093,00-99,CITIBANK N.A.,IN,mastercard,credit
552094,00-99,WEBSTER BANK N.A.,US,mastercard,credit
552095,00-99,TURKIYE GARANTI BANKASI A.S.,TR,mastercard,credit
552096,00-99,TURKIYE IS BANKASI A.S.,TR,mastercard,credit
552097,00-99,UNIONBANK OF THE PHILIPPINES,PH,mastercard,credit
552098,00-99,TURKISH BANK A.S.,TR,mastercard,credit
552099,00-99,FIDELITY INFORMATION SERVICES INC.,US,mastercard,credit
552100,00-99,DAH SING BANK LTD.,HK,mastercard,credit
552101,00-99,TURKIYE VAKIFLAR BANKASI T.A.O.,TR,mastercard,credit
552102,00-99,HSBC BANK MIDDLE EAST,AE,mastercard,credit
552103,00-99,BC CARD CO. LTD.,KR,mastercard,credit
552104,00-99,HSBC BANK MIDDLE EAST,OM,mastercard,credit
552105,00-99,,JO,mastercard,credit
552106,00-99,KB KOOKMIN CARD CO. LTD,KR,mastercard,credit
552107,00-99,HSBC BANK MIDDLE EAST,BH,mastercard,credit
552108,00-99,BLOM BANK SAL,LB,mastercard,credit
552109,00-99,DELAVSKA HRANILNICA D.D. LJUBLJANA,SI,mastercard,debit
552110,00-99,CREDIMAX BSC (CLOSED),BH,mastercard,credit
552111,00-99,BC CARD CO. LTD.,KR,mastercard,credit
552112,00-99,BC CARD CO. LTD.,KR,mastercard,credit
552113,00-99,QATAR NATIONAL BANK,QA,mastercard,credit
552114,00-99,,KP,mastercard,credit
552115,00-99,CIMB,MY,mastercard,credit
552116,00-99,STANDARD CHARTERED BANK (PAKISTAN) LTD.,PK,mastercard,debit
552117,00-99,KGI BANK,TW,mastercard,credit
552118,00-99,SHANGHAI COMMERCIAL BANK LTD.,HK,mastercard,credit
552119,00-99,NETWORK INTERNATIONAL LLC,AE,mastercard,debit
552120,00-99,BC CARD CO. LTD.,KR,mastercard,credit
552121,00-99,BC CARD,KR,mastercard,credit
552122,00-99,BC CARD,KR,mastercard,credit
552123,00-99,BC CARD CO. LTD.,KR,mastercard,credit
552124,00-99,BC CARD,KR,mastercard,credit
552125,00-99,HANA CARD,KR,mastercard,credit
552126,00-99,UNICREDIT BULBANK AD,BG,mastercard,credit
552127,00-99,BC CARD,KR,mastercard,credit
552128,00-99,CITIBANK,BR,mastercard,credit
552129,00-99,DBS BANK (TAIWAN) LTD.,TW,mastercard,credit
552130,00-99,CHINA MINSHENG BANKING CORPORATION LTD.,CN,mastercard,credit
552131,00-99,BC CARD CO. LTD.,KR,mastercard,credit
552132,00-99,BC CARD CO. LTD.,KR,mastercard,credit
552133,00-99,HANA CARD,KR,mastercard,debit
552134,00-99,STANDARD BANK OF SOUTH AFRICA LTD.,ZA,mastercard,credit
552135,00-99,OCBC BANK (HONG KONG) LTD.,HK,mastercard,credit
552136,00-99,LOTTECARD CO. LTD.,KR,mastercard,credit
552137,00-99,AXIS BANK LTD.,IN,mastercard,credit
552138,00-99,ASTERA CREDIT UNION,US,mastercard,credit
552139,00-99,BC CARD CO. LTD.,KR,mastercard,credit
552140,00-99,JOINT STOCK COMPANY OTP BANK,RU,mastercard,credit
552141,00-99,BANK OF CYPRUS (HOLDINGS) LTD.,CY,mastercard,credit
552142,00-99,BANK OF CYPRUS (HOLDINGS) LTD.,CY,mastercard,credit
552143,00-99,HSBC BANK A.S.,TR,mastercard,credit
552144,00-99,BANCO SANTANDER (BRASIL) S.A.,BR,mastercard,credit
552145,00-99,BANCO SANTANDER S.A.,ES,mastercard,credit
552146,00-99,HELLENIC BANK PUBLIC COMPANY LTD.,CY,mastercard,credit
552147,00-99,HELLENIC BANK PUBLIC COMPANY LTD.,CY,mastercard,debit
552148,00-99,MBNA LTD.,GB,mastercard,credit
552149,00-99,AVANTCARD LTD.,IE,mastercard,credit
552150,00-99,INDUSTRIAL AND COMMERCIAL BANK OF CHINA LTD.,SG,mastercard,credit
552151,00-99,PJSC ROSBANK,RU,mastercard,debit
552152,00-99,BANCO SABADELL S.A.,ES,mastercard,credit
552153,00-99,NORDEA BANK AB (PUBL),FI,mastercard,credit
552154,00-99,JOINT STOCK COMPANY FIRST UKRAINIAN INTERNATIONAL BANK,UA,mastercard,credit
552155,00-99,FIRST COMMUNITY CREDIT UNION OF HOUSTON,US,mastercard,credit
552156,00-99,TAIWAN SHIN KONG COMMERCIAL BANK CO. LTD.,TW,mastercard,credit
552157,00-99,LLOYDS BANK PLC,GB,mastercard,credit
552158,00-99,CHANG HWA COMMERCIAL BANK LTD.,TW,mastercard,credit
552159,00-99,STANDARD CHARTERED BANK (TAIWAN) LTD.,TW,mastercard,credit
552160,00-99,STANBIC IBTC BANK,NG,mastercard,credit
552161,00-99,FIRST DATA CONO SUR S.R.L.,UY,mastercard,credit
552162,00-99,BANISTMO S.A,PA,mastercard,credit
552163,00-99,UNITED OVERSEAS BANK,LTD.,SG,mastercard
552164,00-99,HYUNDAICARD CO. LTD.,KR,mastercard,credit
552165,00-99,KRUNGSRIAYUDHYA CARD CO. LTD.,TH,mastercard,credit
552166,00-99,FAR EASTERN INTERNATIONAL BANK,TW,mastercard,credit
552167,00-99,JOINT STOCK COMPANY BALTIC INTERNATIONAL BANK,LV,mastercard,credit
552168,00-99,STANDARD CHARTERED BANK (HONG KONG) LTD.,HK,mastercard,credit
552169,00-99,EMONEY PLC,MT,mastercard,debit
552170,00-99,DANSKE BANK OYJ,FI,mastercard,credit
552171,00-99,BAWAG P.S.K. BANK,AT,mastercard,credit
552172,00-99,NEXI PAYMENTS SPA,IT,mastercard,credit
552173,00-99,SOCIETE ARABE INTERNATIONALE DE BANQUE,EG,mastercard,debit
552174,00-99,CAIRO AMMAN BANK PLC,PS,mastercard,debit
552175,00-99,JOINT STOCK COMPANY ALFA-BANK,RU,mastercard,debit
552176,00-99,LEUMI,IL,mastercard,credit
552177,00-99,MAX IT FINANCE LTD.,IL,mastercard,credit
552178,00-99,NEXI PAYMENTS SPA,IT,mastercard,credit
552179,00-99,NEXI PAYMENTS SPA,IT,mastercard,credit
552180,00-99,NEXI PAYMENTS SPA,IT,mastercard,credit
552181,00-99,NEXI PAYMENTS SPA,IT,mastercard,credit
552182,00-99,RIETUMU BANKA,LV,mastercard,credit
552183,00-99,ISRAEL CREDIT CARDS LTD.,IL,mastercard,credit
552184,00-99,ISRAEL CREDIT CARDS LTD.,IL,mastercard,credit
552185,00-99,BANK BPH SPOLKA AKCYJNA,PL,mastercard,credit
552186,00-99,JOINT STOCK COMPANY ALFA-BANK,RU,mastercard,credit
552187,00-99,ALBERTA TREASURY BRANCHES,CA,mastercard,credit
552188,00-99,BARCLAYS BANK UK PLC TRADING AS TESCO BANK,GB,mastercard,credit
552189,00-99,MASTERCAJAS S.A.,ES,mastercard,credit
552190,00-99,ARAB FINANCIAL SERVICES COMPANY B.S.C. (C),OM,mastercard,credit
552191,00-99,EMIRATES NBD,AE,mastercard,credit
552192,00-99,NETWORK INTERNATIONAL LLC,AE,mastercard,credit
552193,00-99,JACK HENRY & ASSOCIATES,US,mastercard,credit
552194,00-99,SAMSUNG CARD CO. LTD.,KR,mastercard,credit
552195,00-99,BANCO DAVIVIENDA COSTA RICA S.A.,CR,mastercard,credit
552196,00-99,BANCO POPULAR DE PUERTO RICO,PR,mastercard,credit
552197,00-99,CATHAY UNITED BANK,TW,mastercard,credit
552198,00-99,JSCB NADRA BANK,UA,mastercard,credit
552199,00-99,E. SUN COMMERCIAL BANK CO. LTD.,TW,mastercard,credit
552200,00-99,HSBC BANK MALTA P.L.C.,MT,mastercard,credit
552201,00-99,BANCO DAVIVIENDA S.A.,CO,mastercard,credit
552202,00-99,EUROBANK S.A.,GR,mastercard,credit
552203,00-99,PSCU INCORPORATED,US,mastercard,credit
552204,00-99,JOINT STOCK COMPANY HALYK BANK OF KAZAKHSTAN,KZ,mastercard,credit
552205,00-99,COMMERCIAL BANK ASSISTANCE FOR PUBLIC INITIATIVES SOBINBANK,RU,mastercard,debit
552206,00-99,EUROPAY LUXEMBOURG S.C.,LU,mastercard,credit
552207,00-99,TURK EKONOMI BANKASI A.S.,TR,mastercard,credit
552208,00-99,COMMERCIAL BANK INVESTBANK PLC,BG,mastercard,credit
552209,00-99,THE INTERNATIONAL BANK OF AZERBAIJAN,AZ,mastercard,credit
552210,00-99,MASTERCAJAS S.A.,ES,mastercard,credit
552211,00-99,GE CAPITAL BANK LTD.,GB,mastercard,credit
552212,00-99,URAL BANK FOR RECONSTRUCTION AND DEVELOPMENT,RU,mastercard,debit
552213,00-99,NATWEST,GB,mastercard,credit
552214,00-99,FIRST INVESTMENT BANK LTD.,BG,mastercard,credit
552215,00-99,NATIONAL BANK OF GREECE S.A.,GR,mastercard,credit
552216,00-99,VTB BANK (PUBLIC JOINT-STOCK COMPANY),RU,mastercard,debit
552217,00-99,VERMONT STATE BANK,US,mastercard,debit
552218,00-99,SCOTIABANK REPUBLICA DOMINICANA S.A. - BANCO MULTIPLE,DO,mastercard,credit
552219,00-99,PUBLIC JOINT-STOCK COMPANY BANK OTKRITIE FINANCIAL CORPORATION,RU,mastercard,debit
552220,00-99,WOORICARD CO. LTD,KR,mastercard,credit
552221,00-99,BANCO DE BOGOTA S.A.,CO,mastercard,credit
552222,00-99,FAR EASTERN INTERNATIONAL BANK,TW,mastercard,credit
552223,00-99,BANK OF MALDIVES (PLC) LTD.,MV,mastercard,credit
552224,00-99,ASKARI BANK LTD.,PK,mastercard,credit
552225,00-99,U.S. BANK NATIONAL ASSOCIATION,US,mastercard,credit
552226,00-99,U.S. BANK NATIONAL ASSOCIATION,US,mastercard,credit
552227,00-99,OCBC BANK (MACAU) LTD.,MO,mastercard,credit
552228,00-99,UNITED OVERSEAS BANK (MALAYSIA) BERHAD,MY,mastercard,credit
552229,00-99,BANK RESPUBLIKA OPEN JOINT STOCK COMPANY,AZ,mastercard,credit
552230,00-99,BANK OF BARODA,IN,mastercard,debit
552231,00-99,TRIPLINK INTERNATIONAL CO.LIMITED,HK,mastercard,credit
552232,00-99,POWSZECHNA KASA OSZCZEDNOSCI BANK POLSKI S.A. (PKO BANK POLSKI S.A.),PL,mastercard,credit
552233,00-99,FAYSAL,PK,mastercard,credit
552234,00-99,GOLDMAN SACHS BANK USA,US,mastercard,credit
552235,00-99,MEGA INTERNATIONAL COMMERCIAL BANK CO. LTD,TW,mastercard,credit
552236,00-99,ITAU,BR,mastercard,credit
552237,00-99,DEUTSCHER SPARKASSEN- UND GIROVERBAND,DE,mastercard,credit
552238,00-99,UNICREDIT BANK SERBIA JSC,RS,mastercard,credit
552239,00-99,PT BANK DANAMON LNDONESIA TBK,ID,mastercard,credit
552240,00-99,BANCO PAN S.A.,BR,mastercard,credit
552241,00-99,PSCU FINANCIAL SERVICES INC.,US,mastercard,credit
552242,00-99,TRUIST BANKS INC.,US,mastercard,credit
552243,00-99,HUA NAN COMMERCIAL BANK,TW,mastercard,credit
552244,00-99,ITAU UNIBANCO S.A.,BR,mastercard,credit
552245,00-99,CHINA CONSTRUCTION BANK,CN,mastercard,debit
552246,00-99,IDT FINANCIAL SERVICES LTD.,GB,mastercard,debit
552247,00-99,STATE EXPORT-IMPORT BANK OF UKRAINE (UKREXIMBANK),UA,mastercard,credit
552248,00-99,LOTTE CARD CO. LTD.,KR,mastercard,credit
552249,00-99,MASTERCARD - MEMBER TEST FACILITY,US,mastercard,credit
552250,00-99,SAMBA FINANCIAL GROUP,SA,mastercard,credit
552251,00-99,CREDOMATIC DE HONDURAS S.A.,HN,mastercard,credit
552252,00-99,BANCO ITAU CHILE,CL,mastercard,credit
552253,00-99,UNITED OVERSEAS BANK LTD.,SG,mastercard,credit
552254,00-99,FIRST NATIONAL BANK OF OMAHA,US,mastercard,credit
552255,00-99,CITIBANK N.A.,US,mastercard,credit
552256,00-99,BANCO DE OCCIDENTE S.A.,CO,mastercard,credit
552257,00-99,FIRST NATIONAL BANK OF OMAHA,US,mastercard,credit
552258,00-99,AREEBA S.A.L,LB,mastercard,credit
552259,00-99,CITIBANK (CHINA) CO. LTD,CN,mastercard,credit
552260,00-99,HDFC BANK LTD.,IN,mastercard,credit
552261,00-99,CAPITAL BANK OF JORDAN,JO,mastercard,credit
552262,00-99,BANCO G&T CONTINENTAL S.A.,GT,mastercard,credit
552263,00-99,SCOTIABANK INVERLAT S.A.,MX,mastercard,credit
552264,00-99,GUARANTY TRUST BANK PLC,NG,mastercard,credit
552265,00-99,BANCO NACIONAL DE CREDITO C.A.,VE,mastercard,credit
552266,00-99,MERCANTIL C.A. BANCO UNIVERSAL,VE,mastercard,credit
552267,00-99,BANCO DE VENEZUELA S.A.C.A.,VE,mastercard,credit
552268,00-99,HANG SENG BANK LTD.,HK,mastercard,credit
552269,00-99,PRIVAL BANK COSTA RICA  S.A.,CR,mastercard,credit
552270,00-99,COLLABRIA FINANCIAL SERVICES,CA,mastercard,credit
552271,00-99,SCOTIABANK PERU S.A.A.,PE,mastercard,credit
552272,00-99,AHLI UNITED BANK,KW,mastercard,credit
552273,00-99,BANCO CREDITO INVERSIONES,CL,mastercard,credit
552274,00-99,HDFC BANK LTD.,IN,mastercard,credit
552275,00-99,BANK AUDI S.A.L.,LB,mastercard,credit
552276,00-99,FIRST NATIONAL BANK OF OMAHA,US,mastercard,credit
552277,00-99,NATIONAL BANK OF KUWAIT (S.A.K.),KW,mastercard,credit
552278,00-99,FINANCE HOUSE L.L.C.,AE,mastercard,credit
552279,00-99,BANK OF BARODA,IN,mastercard,credit
552280,00-99,PHILIPPINE NATIONAL BANK,PH,mastercard,credit
552281,00-99,JORDAN KUWAIT BANK,JO,mastercard,credit
552282,00-99,MACQUARIE BANK LTD.,AU,mastercard,credit
552283,00-99,BANCO PROVINCIAL S.A. BANCO UNIVERSAL,VE,mastercard,credit
552284,00-99,BANCO DEL CARIBE C.A. BANCO UNIVERSAL,VE,mastercard,credit
552285,00-99,SANTANDER BANK NA,US,mastercard,credit
552286,00-99,BANCO PLAZA C.A.,VE,mastercard,credit
552287,00-99,BANCO SOFITASA C.A.,VE,mastercard,credit
552288,00-99,CHINA MINSHENG BANKING CORPORATION LTD.,CN,mastercard,credit
552289,00-99,BANCO DO BRASIL,BR,mastercard,credit
552290,00-99,HYUNDAICARD CO. LTD.,KR,mastercard,credit
552291,00-99,NETWORK INTERNATIONAL LLC,AE,mastercard,credit
552292,00-99,BANCO DE VENEZUELA S.A.C.A.,VE,mastercard,credit
552293,00-99,BANCO DIGITAL DE LOS TRABAJADORES BANCO UNIVERSAL C.A.,VE,mastercard,credit
552294,00-99,MACQUARIE BANK LTD.,AU,mastercard,credit
552295,00-99,ARAB FINANCIAL SERVICES COMPANY B.S.C. (C),OM,mastercard,credit
552296,00-99,STANDARD CHARTERED BANK,BH,mastercard,credit
552297,00-99,ITAU UNIBANCO S.A.,BR,mastercard,credit
552298,00-99,NATWEST,GB,mastercard,credit
552299,00-99,BURGAN BANK S.A.K.,KW,mastercard,credit
552300,00-99,BANCO SECURITY,CL,mastercard,credit
552301,00-99,FIFTH THIRD BANK,US,mastercard,credit
552302,00-99,STANDARD CHARTERED,MY,mastercard,credit
552303,00-99,HELM,CO,mastercard,credit
552304,00-99,AREEBA S.A.L,LB,mastercard,credit
552305,00-99,BRADESCO,BR,mastercard,credit
552306,00-99,POPULAR BANK LTD. INC.,PA,mastercard,credit
552307,00-99,GULF INTERNATIONAL BANK BSC,BH,mastercard,credit
552308,00-99,NEXI PAYMENTS SPA,IT,mastercard,credit
552309,00-99,EML MONEY DAC,IE,mastercard,debit
552310,00-99,ST CLOUD FINANCIAL CREDIT UNION,US,mastercard,credit
552311,00-99,BANESCO BANCO UNIVERSAL CA,VE,mastercard,credit
552312,00-99,SCHOOLSFIRST FEDERAL CREDIT UNION,US,mastercard,credit
552313,00-99,USAA,US,mastercard,credit
552314,00-99,BANCO POPULAR DOMINICANO C. POR A.,DO,mastercard,credit
552315,00-99,SYNCHRONY BANK,US,mastercard,credit
552316,00-99,BRADESCO,BR,mastercard,credit
552317,00-99,ITAU UNIBANCO S.A.,BR,mastercard,credit
552318,00-99,BARCLAYS BANK DELAWARE,US,mastercard,credit
552319,00-99,GOLDMAN SACHS BANK USA,US,mastercard,credit
552320,00-99,GOLDMAN SACHS BANK USA,US,mastercard,credit
552321,00-99,BARCLAYS BANK DELAWARE,US,mastercard,credit
552322,00-99,BARCLAYS BANK DELAWARE,US,mastercard,credit
552323,00-99,HANA CARD,KR,mastercard,credit
552324,00-99,JSC CB PRIVATBANK,UA,mastercard,credit
552325,00-99,BANCO EXTERIOR C.A.,VE,mastercard,credit
552326,00-99,BANCO CANARIAS DE VENEZUELA,VE,mastercard,credit
552327,00-99,BANCO NACIONAL DE CREDITO C.A.,VE,mastercard,credit
552328,00-99,SYNCHRONY BANK,US,mastercard,credit
552329,00-99,SYNCHRONY BANK,US,mastercard,credit
552330,00-99,SYNCHRONY BANK,US,mastercard,credit
552331,00-99,MARION & POLK SCHOOLS CREDIT UNION,US,mastercard,credit
552332,00-99,SAIGON THUONG TIN COMMERCIAL JOINT STOCK BANK,VN,mastercard,credit
552333,00-99,CIMB,MY,mastercard,credit
552334,00-99,CIMB BANK BERHAD,MY,mastercard,credit
552335,00-99,TAISHIN INTERNATIONAL BANK,TW,mastercard,credit
552336,00-99,DAVIVIENDA,CO,mastercard,credit
552337,00-99,BANCO ATLANTIDA S.A.,HN,mastercard,credit
552338,00-99,PT BANK DANAMON LNDONESIA TBK,ID,mastercard,credit
552339,00-99,STANDARD CHARTERED BANK,ID,mastercard,credit
552340,00-99,FIRST ABU DHABI BANK PJSC,AE,mastercard,credit
552341,00-99,CAPITAL ONE NATIONAL ASSOCIATION,US,mastercard,credit
552342,00-99,CAPITAL ONE NATIONAL ASSOCIATION,US,mastercard,credit
552343,00-99,STANDARD CHARTERED BANK (HONG KONG) LTD.,HK,mastercard,credit
552344,00-99,HDFC BANK LTD.,IN,mastercard,credit
552345,00-99,UNION BANK OF TAIWAN,TW,mastercard,credit
552346,00-99,ARAB BANK PLC,JO,mastercard,credit
552347,00-99,ARAB FINANCIAL SERVICES COMPANY B.S.C. (C),AE,mastercard,credit
552348,00-99,ARAB FINANCIAL SERVICES COMPANY B.S.C. (C),QA,mastercard,credit
552349,00-99,ARAB BANK PLC,BH,mastercard,credit
552350,00-99,COMMONWEALTH BANK OF AUSTRALIA,AU,mastercard,credit
552351,00-99,CAPITOL ONE,US,mastercard,credit
552352,00-99,STANDARD CHARTERED BANK (SINGAPORE) LTD.,SG,mastercard,debit
552353,00-99,BANK OF AMERICA N.A.,US,mastercard,credit
552354,00-99,STANDARD CHARTERED BANK MALAYSIA BERHAD,MY,mastercard,debit
552355,00-99,STANDARD CHARTERED BANK,ID,mastercard,debit
552356,00-99,,US,mastercard,credit
552357,00-99,MALAYAN BANKING BERHAD,MY,mastercard,credit
552358,00-99,CITIBANK N.A.,US,mastercard,credit
552359,00-99,CITIBANK N.A.,US,mastercard,credit
552360,00-99,BANQUE SAUDI FRANSI,SA,mastercard,credit
552361,00-99,KEYBANK NATIONAL ASSOCIATION,US,mastercard,credit
552362,00-99,FIRST ABU DHABI BANK PJSC,EG,mastercard,credit
552363,00-99,ALINMA BANK,SA,mastercard,credit
552364,00-99,FIRST NATIONAL BANK OF OMAHA,US,mastercard,credit
552365,00-99,HDFC BANK LTD.,IN,mastercard,credit
552366,00-99,RIZAL COMMERCIAL BANKING CORPORATION,PH,mastercard,credit
552367,00-99,ABSA BANK LTD.,ZA,mastercard,credit
552368,00-99,U.S. BANK NATIONAL ASSOCIATION,US,mastercard,credit
552369,00-99,CSCBANK SAL,LB,mastercard,credit
552370,00-99,SHARJAH ISLAMIC BANK PJSC,AE,mastercard,credit
552371,00-99,INTERNATIONAL BANK OF YEMEN,YE,mastercard,credit
552372,00-99,STANDARD CHARTERED BANK (TAIWAN) LTD.,TW,mastercard,credit
552373,00-99,KEYBANK NATIONAL ASSOCIATION,US,mastercard,credit
552374,00-99,CSCBANK S.A.L.,AF,mastercard,credit
552375,00-99,ALAWWAL BANK,SA,mastercard,credit
552376,00-99,HYUNDAICARD CO. LTD.,KR,mastercard,credit
552377,00-99,HYUNDAICARD CO. LTD.,KR,mastercard,credit
552378,00-99,PT BANK MEGA TBK,ID,mastercard,credit
552379,00-99,FIRST NATIONAL BANK OF OMAHA,US,mastercard,credit
552380,00-99,CAPITAL ONE BANK (CANADA BRANCH),CA,mastercard,credit
552381,00-99,STANDARD CHARTERED BANK,AE,mastercard,credit
552382,00-99,BANK OF AMERICA NATIONAL ASSOCIATION,US,mastercard,credit
552383,00-99,BAHRAIN COMMERCIAL FACILITIES COMPANY BSC,BH,mastercard,credit
552384,00-99,SAUDI INVESTMENT BANK,SA,mastercard,credit
552385,00-99,HDFC BANK LTD.,IN,mastercard,credit
552386,00-99,NONGHYUP BANK,KR,mastercard,credit
552387,00-99,NONGHYUP BANK,KR,mastercard,credit
552388,00-99,BANK OF BEIJING CO. LTD.,CN,mastercard,credit
552389,00-99,HDFC BANK LTD.,IN,mastercard,credit
552390,00-99,HSBC BANK (CHINA) COMPANY LTD.,CN,mastercard,credit
552391,00-99,CROSS RIVER BANK,US,mastercard,credit
552392,00-99,COMMERCIAL BANK INTERNATIONAL,AE,mastercard,credit
552393,00-99,BRANCH BANKING AND TRUST COMPANY,US,mastercard,credit
552394,00-99,HDFC BANK LTD.,IN,mastercard,credit
552395,00-99,TRANSACT PAYMENTS LTD.,MT,mastercard,credit
552396,00-99,TORONTO-DOMINION BANK,CA,mastercard,credit
552397,00-99,TORONTO-DOMINION BANK,CA,mastercard,credit
552398,00-99,INDUSTRIAL BANK CO. LTD,CN,mastercard,credit
552399,00-99,TORONTO-DOMINION BANK,CA,mastercard,credit
552400,00-99,COMMERCIAL BANK OF QATAR Q.S.C,QA,mastercard,credit
552401,00-99,BANK OF AMERICA NATIONAL ASSOCIATION,US,mastercard,credit
552402,00-99,SANTANDER BANK NA,US,mastercard,credit
552403,00-99,BANK OF AMERICA NATIONAL ASSOCIATION,US,mastercard,credit
552404,00-99,CIT BANK N.A.,US,mastercard,credit
552405,00-99,DATA CENTER INCORPORATED,US,mastercard,debit
552406,00-99,TORONTO-DOMINION BANK,CA,mastercard,credit
552407,00-99,HANA CARD,KR,mastercard,credit
552408,00-99,SHANGHAI RURAL COMMERCIAL BANK CO. LTD.,CN,mastercard,credit
552409,00-99,UNITED OVERSEAS BANK (MALAYSIA) BERHAD,MY,mastercard,credit
552410,00-99,OVERSEA-CHINESE BANKING CORPORATION LTD.,SG,mastercard,credit
552411,00-99,COMMONWEALTH BANK OF AUSTRALIA,AU,mastercard,credit
552412,00-99,SAMSUNG CARD CO. LTD.,KR,mastercard,credit
552413,00-99,PHILIPPINE NATIONAL BANK,PH,mastercard,credit
552414,00-99,PHILIPPINE NATIONAL BANK,PH,mastercard,credit
552415,00-99,CITIBANK (HONG KONG) LTD.,HK,mastercard,credit
552416,00-99,NATIONAL AUSTRALIA BANK LTD.,AU,mastercard,credit
552417,00-99,FIRST NATIONAL BANK OF OMAHA,US,mastercard,credit
552418,00-99,ICICI BANK LTD.,IN,mastercard,credit
552419,00-99,BANK OF CEYLON,LK,mastercard,credit
552420,00-99,,US,mastercard,credit
552421,00-99,SOUTHEAST BANK LTD.,BD,mastercard,credit
552422,00-99,FIRST NATIONAL BANK OF OMAHA,US,mastercard,credit
552423,00-99,JEONBUK BANK,KR,mastercard,credit
552424,00-99,BANK OF AMERICA NATIONAL ASSOCIATION,US,mastercard,credit
552425,00-99,NATIONAL BANK OF KUWAIT (S.A.K.),EG,mastercard,credit
552426,00-99,BANK OF AMERICA NATIONAL ASSOCIATION,US,mastercard,credit
552427,00-99,TURKIYE IS BANKASI A.S.,TR,mastercard,debit
552428,00-99,BANK OF AMERICA NATIONAL ASSOCIATION,US,mastercard,credit
552429,00-99,BANK OF AMERICA NATIONAL ASSOCIATION,US,mastercard,credit
552430,00-99,SANTANDER BANK NA,US,mastercard,credit
552431,00-99,BANK OF AMERICA NATIONAL ASSOCIATION,US,mastercard,credit
552432,00-99,BC CARD CO. LTD.,KR,mastercard,credit
552433,00-99,BANK OF AMERICA NATIONAL ASSOCIATION,US,mastercard,credit
552434,00-99,BANK OF AMERICA N.A.,US,mastercard,credit
552435,00-99,FIRST ABU DHABI BANK PJSC,AE,mastercard,credit
552436,00-99,CAPITAL ONE NATIONAL ASSOCIATION,US,mastercard,credit
552437,00-99,FIRST NIAGARA,US,mastercard,credit
552438,00-99,ALAWWAL BANK,SA,mastercard,credit
552439,00-99,FIFTH THIRD BANK,US,mastercard,credit
552440,00-99,BARCLAYS BANK DELAWARE,US,mastercard,credit
552441,00-99,HYUNDAICARD CO. LTD.,KR,mastercard,credit
552442,00-99,JORDAN KUWAIT BANK,JO,mastercard,credit
552443,00-99,PINNACLE BANK,US,mastercard,credit
552444,00-99,BANQUE SAUDI FRANSI,SA,mastercard,credit
552445,00-99,HYUNDAICARD CO. LTD.,KR,mastercard,credit
552446,00-99,NATIONAL AUSTRALIA BANK LTD.,AU,mastercard,credit
552447,00-99,AMERANT BANK N.A.,US,mastercard,credit
552448,00-99,HUNTINGTON NATIONAL BANK,US,mastercard,credit
552449,00-99,BARCLAYS BANK DELAWARE,US,mastercard,credit
552450,00-99,BANCO NACIONAL DE COSTA RICA,CR,mastercard,credit
552451,00-99,BANCO DE LA PRODUCCION S.A.,NI,mastercard,credit
552452,00-99,SOUTH CAROLINA FEDERAL CREDIT UNION,US,mastercard,credit
552453,00-99,SCOTIABANK & TRUST (CAYMAN) LTD.,KY,mastercard,credit
552454,00-99,BANK OF NOVA SCOTIA JAMAICA LTD.,JM,mastercard,credit
552455,00-99,BANK OF NOVA SCOTIA JAMAICA LTD.,JM,mastercard,credit
552456,00-99,SCOTIABANK (BAHAMAS) LTD.,BS,mastercard,credit
552457,00-99,BANCO INDUSTRIAL S.A.,GT,mastercard,credit
552458,00-99,ENTROPAY LTD.,MT,mastercard,credit
552459,00-99,SCOTIABANK (BARBADOS) LTD.,BB,mastercard,credit
552460,00-99,SCOTIABANK (BAHAMAS) LTD.,BS,mastercard,credit
552461,00-99,JS BANK LTD.,PK,mastercard,debit
552462,00-99,DEL SUR BANCO UNIVERSAL,VE,mastercard,credit
552463,00-99,BARCLAYS BANK DELAWARE,US,mastercard,credit
552464,00-99,ISLAND FEDERAL CREDIT UNION,US,mastercard,credit
552465,00-99,U.S. BANK NATIONAL ASSOCIATION,US,mastercard,credit
552466,00-99,BANCO C6 SA,BR,mastercard,debit
552467,00-99,QATAR NATIONAL BANK,QA,mastercard,credit
552468,00-99,CENTRAL BANK OF INDIA,IN,mastercard,credit
552469,00-99,EMIRATES NBD,AE,mastercard,credit
552470,00-99,KEYBANK NATIONAL ASSOCIATION,US,mastercard,credit
552471,00-99,EXIM BANK (TANZANIA) LTD.,TZ,mastercard,debit
552472,00-99,CATHAY UNITED BANK (CAMBODIA) CORPORATION LTD.,KH,mastercard,credit
552473,00-99,,FR,mastercard,credit
552474,00-99,NATIONS TRUST BANK PLC,LK,mastercard,credit
552475,00-99,CHASE BANK USA N.A.,US,mastercard,credit
552476,00-99,TEYA ICELAND HF.,PT,mastercard,debit
552477,00-99,SYNCHRONY BANK,US,mastercard,credit
552478,00-99,MORGAN STANLEY PRIVATE BANK NA,US,mastercard,debit
552479,00-99,CITIBANK N.A.,US,mastercard,credit
552480,00-99,CITIBANK N.A.,US,mastercard,credit
552481,00-99,BARCLAYS BANK DELAWARE,US,mastercard,credit
552482,00-99,MORGAN STANLEY PRIVATE BANK NA,US,mastercard,debit
552483,00-99,BMO BANK NATIONAL ASSOCIATION,US,mastercard,credit
552484,00-99,FIRST HAWAIIAN BANK,US,mastercard,credit
552485,00-99,TORREY PINES BANK,US,mastercard,credit
552486,00-99,BARCLAYS BANK DELAWARE,US,mastercard,credit
552487,00-99,CARDNPAY LTD.,JM,mastercard,debit
552488,00-99,BANCO SANTANDER MEXICO SA INSTITUCION DE BANCA MULTIPLE GRUPO FINANC,MX,mastercard,credit
552489,00-99,BANK OF MONTREAL,CA,mastercard,credit
552490,00-99,ROYAL BANK OF CANADA,CA,mastercard,credit
552491,00-99,KB KOOKMIN CARD CO. LTD,KR,mastercard,debit
552492,00-99,MORGAN STANLEY SMITH BARNEY,US,mastercard,debit
552493,00-99,JPMORGAN CHASE BANK N.A.,US,mastercard,debit
552494,00-99,CITIBANK N.A.,US,mastercard,credit
552495,00-99,CITIBANK N.A.,US,mastercard,credit
552496,00-99,CAPITAL ONE BANK (CANADA BRANCH),CA,mastercard,credit
552497,00-99,CAPITAL ONE BANK (CANADA BRANCH),CA,mastercard,credit
552498,00-99,CITIBANK N.A.,US,mastercard,credit
552499,00-99,HUNTINGTON NATIONAL BANK,US,mastercard,credit
552501,00-99,ITAU CORPBANCA COLOMBIA S.A.,CO,mastercard,credit
552502,00-99,DEUTSCHER SPARKASSEN UND GIROVERBAND,DE,mastercard,credit
552503,00-99,DEUTSCHER SPARKASSEN- UND GIROVERBAND,DE,mastercard,credit
552504,00-99,DEUTSCHER SPARKASSEN- UND GIROVERBAND,DE,mastercard,credit
552505,00-99,DEUTSCHER SPARKASSEN- UND GIROVERBAND,DE,mastercard,credit
552506,00-99,BANCO SANTANDER SOCIEDAD ANONIMA,UY,mastercard,credit
552507,00-99,DEUTSCHER SPARKASSEN- UND GIROVERBAND,DE,mastercard,credit
552508,00-99,DEUTSCHER SPARKASSEN- UND GIROVERBAND,DE,mastercard,credit
552509,00-99,SIX BBS AG,CH,mastercard,debit
552510,00-99,DEUTSCHER SPARKASSEN- UND GIROVERBAND,DE,mastercard,debit
552511,00-99,DEUTSCHER SPARKASSEN- UND GIROVERBAND,DE,mastercard,credit
552512,00-99,WARBA BANK K.S.C,KW,mastercard,debit
552513,00-99,NORDEA BANK AB (PUBL),SE,mastercard,credit
552514,00-99,NORDEA BANK AB (PUBL),FI,mastercard,credit
552515,00-99,CITIBANK TAIWAN LTD.,TW,mastercard,credit
552516,00-99,OPTAL FINANCIAL EUROPE LTD.,GB,mastercard,credit
552517,00-99,BANK LEUMI LE-ISRAEL BM,IL,mastercard,credit
552518,00-99,NORDEA BANK AB (PUBL),DK,mastercard,credit
552519,00-99,NORDEA BANK AB (PUBL),NO,mastercard,credit
552520,00-99,COMERICA BANK,US,mastercard,debit
552521,00-99,BC CARD CO. LTD.,KR,mastercard,credit
552522,00-99,CITIBANK CANADA,CA,mastercard,credit
552523,00-99,TARJETAS BANAMEX SA DE CV SOFOM E.R.,MX,mastercard,credit
552524,00-99,ATLANTIC CAPITAL BANK N.A.,US,mastercard,debit
552525,00-99,BANCO DE CHILE,CL,mastercard,credit
552526,00-99,QATAR NATIONAL BANK AL-AHLI S.A.E,EG,mastercard,debit
552527,00-99,BANK OF MONTREAL,US,mastercard,credit
552528,00-99,PAYBLR INC.,PR,mastercard,credit
552529,00-99,CAYMAN NATIONAL BANK LTD.,KY,mastercard,debit
552530,00-99,BANCO BRADESCO S.A.,BR,mastercard,credit
552531,00-99,BANCO BRADESCO S.A.,BR,mastercard,credit
552532,00-99,BC CARD,KR,mastercard,credit
552533,00-99,BC CARD,KR,mastercard,credit
552534,00-99,CHINA MERCHANTS BANK CO. LTD.,CN,mastercard,credit
552535,00-99,SERVIRED SOCIEDAD ESPANOLA DE MEDIOS DE PAGO S.A.,ES,mastercard,debit
552536,00-99,BANCO PICHINCHA C.A.,EC,mastercard,credit
552537,00-99,SHINHAN CARD CO. LTD.,KR,mastercard,credit
552538,00-99,J. P. MORGAN EUROPE LTD.,GB,mastercard,credit
552539,00-99,BOC CREDIT CARD (INTERNATIONAL) LTD.,HK,mastercard,credit
552540,00-99,BANCO SANTANDER S.A.,ES,mastercard,credit
552541,00-99,BANCO SANTANDER S.A.,ES,mastercard,credit
552542,00-99,BANCA SELLA S.P.A.,IT,mastercard,credit
552543,00-99,OPTAL FINANCIAL EUROPE LTD.,NL,mastercard,debit
552544,00-99,ITAU UNIBANCO S.A.,BR,mastercard,credit
552545,00-99,PODRAVSKA BANKA D.D. KOPRIVNICA,HR,mastercard,credit
552546,00-99,BANCO SABADELL S.A.,ES,mastercard,credit
552547,00-99,SEKERBANK T.A.S.,TR,mastercard,credit
552548,00-99,BANCO BILBAO VIZCAYA ARGENTARIA S.A.,ES,mastercard,debit
552549,00-99,PREMIER BANK,SO,mastercard,debit
552550,00-99,CITIBANK NA SUCURSAL PANAMA,PA,mastercard,credit
552551,00-99,COMMERCIAL BANK INVESTBANK PLC,BG,mastercard,credit
552552,00-99,EURO KARTENSYSTEME GMBH,DE,mastercard,credit
552553,00-99,,RU,mastercard,credit
552554,00-99,EURO KARTENSYSTEME GMBH,DE,mastercard,credit
552555,00-99,EMIRATES NBD,AE,mastercard,debit
552556,00-99,BANCO BRADESCARD S.A.,BR,mastercard,credit
552557,00-99,ANADOLUBANK A.S.,TR,mastercard,debit
552558,00-99,ITAU CORPBANCA COLOMBIA S.A.,CO,mastercard,debit
552559,00-99,BANCO DEL ESTADO DE CHILE,CL,mastercard,credit
552560,00-99,METRO BANK PLC,GB,mastercard,credit
552561,00-99,BANCO SANTANDER CHILE,CL,mastercard,credit
552562,00-99,OPTAL FINANCIAL LTD.,GB,mastercard,credit
552563,00-99,HSBC BANK MIDDLE EAST,AE,mastercard,credit
552564,00-99,BC CARD CO. LTD.,KR,mastercard,credit
552565,00-99,CITIBANK N.A. (VENEZUELA),VE,mastercard,credit
552566,00-99,COMMERCIAL INTERNATIONAL BANK (EGYPT) S.A.E.,EG,mastercard,credit
552567,00-99,BANRISUL,BR,mastercard,credit
552568,00-99,JVS INC MEXICO SA DE CV,MX,mastercard,credit
552569,00-99,SEB KORT BANK AB,FI,mastercard,credit
552570,00-99,BANK MILLENNIUM S.A.,PL,mastercard,credit
552571,00-99,STATE EXPORT-IMPORT BANK OF UKRAINE (UKREXIMBANK),UA,mastercard,credit
552572,00-99,CENTENNIAL BANK,US,mastercard,credit
552573,00-99,JOINT STOCK COMPANY COMMERCIAL BANK CITIBANK,RU,mastercard,credit
552574,00-99,JOINT STOCK COMPANY COMMERCIAL BANK CITIBANK,RU,mastercard,credit
552575,00-99,DANSKE BANK A/S,NO,mastercard,credit
552576,00-99,SHINHAN CARD CO. LTD.,KR,mastercard,credit
552577,00-99,FIRST ABU DHABI BANK PJSC,AE,mastercard,credit
552578,00-99,SOCIETE MONETIQUE-TUNISIE,TN,mastercard,credit
552579,00-99,CATHAY UNITED BANK,TW,mastercard,credit
552580,00-99,DAH SING BANK LTD.,HK,mastercard,credit
552581,00-99,CITIBANK SINGAPORE LTD.,SG,mastercard,debit
552582,00-99,PROCESOS DE MEDIOS DE PAGO S.A.,PE,mastercard,credit
552583,00-99,ALIOR BANK SPOLKA AKCYJNA,PL,mastercard,credit
552584,00-99,BANCO DO BRASIL S.A.,BR,mastercard,credit
552585,00-99,OPTAL FINANCIAL EUROPE LTD.,GB,mastercard,credit
552586,00-99,BANQUE TUNISO-LYBIENNE,TN,mastercard,credit
552587,00-99,CHINA MERCHANTS BANK CO. LTD.,CN,mastercard,credit
552588,00-99,BANCOLOMBIA S.A.,CO,mastercard,credit
552589,00-99,ITAU UNIBANCO S.A.,BR,mastercard,credit
552590,00-99,BANCO DE VENEZUELA S.A.C.A.,VE,mastercard,credit
552591,00-99,BANCO DO ESTADO DO PARA S.A.,BR,mastercard,credit
552592,00-99,UNITED OVERSEAS BANK LTD.,SG,mastercard,credit
552593,00-99,BRD GROUPE SOCIETE GENERALE,RO,mastercard,credit
552594,00-99,TORONTO-DOMINION BANK,CA,mastercard,credit
552595,00-99,BANCO SECURITY,CL,mastercard,credit
552596,00-99,SUNRISE BANKS NATIONAL ASSOCIATION,US,mastercard,debit
552597,00-99,SEB KORT BANK AB,DK,mastercard,credit
552598,00-99,SEB KORT BANK AB,NO,mastercard,credit
552599,00-99,AGRICULTURAL BANK OF CHINA,CN,mastercard,credit
552600,00-99,SGB-BANK S.A.,PL,mastercard,credit
552601,00-99,COMMERCIAL BANK OF DUBAI,AE,mastercard,debit
552602,00-99,SGB-BANK S.A.,PL,mastercard,credit
552603,00-99,BANK DOM.RF,RU,mastercard,credit
552604,00-99,ARMENIAN CARD CJSC,AM,mastercard,credit
552605,00-99,UNICREDIT BANK CZECH REPUBLIC AND SLOVAKIA A.S.,SK,mastercard,credit
552606,00-99,JOINT STOCK COMPANY CARTU BANK,GE,mastercard,credit
552607,00-99,INVESTBANK JSC,BG,mastercard,credit
552608,00-99,AKBANK T.A.S.,TR,mastercard,credit
552609,00-99,AKBANK T.A.S.,TR,mastercard,credit
552610,00-99,TURKIYE FINANS KATILIM BANKASI  A.S.,TR,mastercard,credit
552611,00-99,BELIZE BANK LTD.,BZ,mastercard,credit
552612,00-99,ROYAL BANK OF CANADA,CA,mastercard,credit
552613,00-99,CREDIT UNION PAYMENT CENTER (LIMITED LIABILITY COMPANY),RU,mastercard,credit
552614,00-99,ING BELGIUM,BE,mastercard,credit
552615,00-99,UNICREDITO ITALIANO,IT,mastercard,credit
552616,00-99,INSTAPAY TECHNOLOGIES SDN BHD,MY,mastercard,debit
552617,00-99,FINDOMESTIC BANKA AD BEOGRAD,RS,mastercard,credit
552618,00-99,PJSC MTS BANK,RU,mastercard,credit
552619,00-99,ERSTE AND STEIERMARKISCHE BANK D.D.,HR,mastercard,credit
552620,00-99,EUROPAY BELGIUM S.C.R.L.,BE,mastercard,credit
552621,00-99,ALLIANZ BANK BULGARIA AD,BG,mastercard,credit
552622,00-99,EUROBANK BULGARIA A.D.,BG,mastercard,credit
552623,00-99,WELLS FARGO BANK N.A.,US,mastercard,credit
552624,00-99,STATE EXPORT-IMPORT BANK OF UKRAINE (UKREXIMBANK),UA,mastercard,credit
552625,00-99,CENTRAL COOPERATIVE BANK PLC.,BG,mastercard,credit
552626,00-99,SANTANDER BANK POLSKA S.A.,PL,mastercard,credit
552627,00-99,DIAMOND CREDIT UNION,US,mastercard,credit
552628,00-99,CRNOGORSKA KOMERCIJALNA BANKA A.D. PODGORICA,ME,mastercard,credit
552629,00-99,VTB BANK (PUBLIC JOINT-STOCK COMPANY),RU,mastercard,credit
552630,00-99,MAYBANK SINGAPORE LTD.,SG,mastercard,debit
552631,00-99,WELLS FARGO BANK N.A.,US,mastercard,credit
552632,00-99,FIFTH THIRD BANK,US,mastercard,credit
552633,00-99,KEYBANK NATIONAL ASSOCIATION,US,mastercard,credit
552634,00-99,TAIWAN SHIN KONG COMMERCIAL BANK CO. LTD.,TW,mastercard,credit
552635,00-99,SCOTIABANK,CL,mastercard,credit
552636,00-99,FIRST BANK PUERTO RICO,PR,mastercard,debit
552637,00-99,BANCO DO ESTADO DO RIO GRANDE DO SUL S.A. (BANRISUL S.A.),BR,mastercard,credit
552638,00-99,BENDIGO AND ADELAIDE BANK LTD.,AU,mastercard,credit
552639,00-99,CITIBANK N.A.,US,mastercard,credit
552640,00-99,ITAU,BR,mastercard,credit
552641,00-99,UNICREDIT SPA,IT,mastercard,credit
552642,00-99,SBERBANK SLOVENSKO A.S.S,SK,mastercard,credit
552643,00-99,EUROBANK DIREKTNA AKCIONARSKO DRUSTVO BEOGRAD,RS,mastercard,credit
552644,00-99,UNICREDIT BANK SERBIA JSC,RS,mastercard,credit
552645,00-99,YAPI VE KREDI BANKASI A.S.,TR,mastercard,credit
552646,00-99,EXPRESSBANK AD,BG,mastercard,credit
552647,00-99,PATRIA BANK S.A.,RO,mastercard,credit
552648,00-99,PATRIA BANK S.A.,RO,mastercard,credit
552649,00-99,UNICREDIT BANK SA,RO,mastercard,credit
552650,00-99,HUNGARIAN VOLKSBANK LTD.,HU,mastercard,credit
552651,00-99,UNICREDIT SPA,IT,mastercard,credit
552652,00-99,GETIN NOBLE BANK S.A.,PL,mastercard,debit
552653,00-99,ARMENIAN CARD CJSC,AM,mastercard,credit
552654,00-99,ARMENIAN CARD CJSC,AM,mastercard,credit
552655,00-99,ARMENIAN CARD CJSC,AM,mastercard,credit
552656,00-99,CAIXABANK S.A.,ES,mastercard,debit
552657,00-99,RAIFFEISEN BANK JSC,UA,mastercard,credit
552658,00-99,BANCO BS2 S.A.,BR,mastercard,credit
552659,00-99,YAPI VE KREDI BANKASI A.S.,TR,mastercard,credit
552660,00-99,UNICREDIT SPA,IT,mastercard,credit
552661,00-99,FIFTH THIRD BANK,US,mastercard,credit
552662,00-99,FIFTH THIRD BANK,US,mastercard,credit
552663,00-99,FIFTH THIRD BANK,US,mastercard,credit
552664,00-99,MAYBANK SINGAPORE LTD.,SG,mastercard,credit
552665,00-99,JOINT STOCK BANK UKRGASBANK,UA,mastercard,credit
552666,00-99,,US,mastercard,credit
552667,00-99,WORTHINGTON FEDERAL BANK,US,mastercard,credit
552668,00-99,CAIXA,BR,mastercard,credit
552669,00-99,BANK SAINT PETERSBURG PUBLIC JOINT-STOCK COMPANY,RU,mastercard,credit
552670,00-99,PUBLIC JSC COMMERCIAL BANK PRAVEX BANK,UA,mastercard,credit
552671,00-99,PUBLIC JOINT-STOCK COMPANY BANK OTKRITIE FINANCIAL CORPORATION,RU,mastercard,credit
552672,00-99,BANK POLSKA KASA OPIEKI S.A. - (BANK PEKAO S.A.),PL,mastercard,credit
552673,00-99,REDEBAN MULTICOLOR S.A.,CO,mastercard,credit
552674,00-99,DEUTSCHER SPARKASSEN- UND GIROVERBAND,DE,mastercard,credit
552675,00-99,BANK RESPUBLIKA OPEN JOINT STOCK COMPANY,AZ,mastercard,credit
552676,00-99,NEDBANK LTD.,ZA,mastercard,credit
552677,00-99,DELAVSKA HRANILNICA D.D. LJUBLJANA,SI,mastercard,credit
552678,00-99,ROMANIAN COMMERCIAL BANK S.A. - BANCA COMERCIALA ROMANA S.A.,RO,mastercard,credit
552679,00-99,DENIZBANK A.S.,TR,mastercard,credit
552680,00-99,CREDIT BANK OF MOSCOW (MKB BANK),RU,mastercard,credit
552681,00-99,PUBLIC JOINT-STOCK COMPANY BANK OTKRITIE FINANCIAL CORPORATION,RU,mastercard,credit
552682,00-99,365.BANK A. S.,CZ,mastercard,credit
552683,00-99,SGB-BANK S.A.,PL,mastercard,credit
552684,00-99,CAIXABANK S.A.,ES,mastercard,credit
552685,00-99,SIGNET BANK AS,LV,mastercard,credit
552686,00-99,INTESA SANPAOLO SPA,IT,mastercard,credit
552687,00-99,SBERBANK HUNGARY LTD.,HU,mastercard,debit
552688,00-99,POSTAL SAVINGS BANK OF CHINA CO. LTD.,CN,mastercard,debit
552689,00-99,POPULAR BANK LTD. INC.,PA,mastercard,credit
552690,00-99,MASTERCARD - MEMBER TEST FACILITY,US,mastercard,credit
552691,00-99,BANCO POPULAR DOMINICANO C. POR A.,DO,mastercard,credit
552692,00-99,MASTERCARD - MEMBER TEST FACILITY,US,mastercard,credit
552693,00-99,SANTANDER,BR,mastercard,credit
552694,00-99,BANCO DO BRASIL S.A.,BR,mastercard,credit
552695,00-99,PT BANK KB BUKOPIN TBK,ID,mastercard,credit
552696,00-99,BANCA TRANSILVANIA S.A.,RO,mastercard,credit
552697,00-99,ITAU UNIBANCO S.A.,BR,mastercard,credit
552698,00-99,BANCO SANTANDER S.A.,ES,mastercard,credit
552699,00-99,BANCO SANTANDER S.A.,ES,mastercard,credit
552700,00-99,BANCO SANTANDER S.A.,ES,mastercard,credit
552701,00-99,BANCO SANTANDER S.A.,ES,mastercard,credit
552702,00-99,GAZPROMBANK (JOINT STOCK COMPANY),RU,mastercard,credit
552703,00-99,NLB BANKA AD SKOPJE,MK,mastercard,credit
552704,00-99,ERSTE & STEIERMARKISCHE BANK D.D.,HR,mastercard,credit
552705,00-99,FIO BANKA A.S.,CZ,mastercard,credit
552706,00-99,YAPI KREDI BANK AZERBAIJAN CJSC,AZ,mastercard,credit
552707,00-99,ENTERCARD GROUP AB,NO,mastercard,credit
552708,00-99,PUBLIC JOINT-STOCK COMPANY BANK OTKRITIE FINANCIAL CORPORATION,RU,mastercard,credit
552709,00-99,PUBLIC JSC FIRST UKRAINIAN INTERNATIONAL BANK,UA,mastercard,credit
552710,00-99,METROBANK S.A.,PA,mastercard,credit
552711,00-99,MUNICIPAL BANK PLC.,BG,mastercard,credit
552712,00-99,THE BANCORP BANK NATIONAL ASSOCIATION,US,mastercard,debit
552713,00-99,BULLLA S.A,BR,mastercard,credit
552714,00-99,SGBBANK S.A.,PL,mastercard,credit
552715,00-99,MBANK S.A.,PL,mastercard,credit
552716,00-99,CROSS RIVER BANK,US,mastercard,credit
552717,00-99,PJSC BANK VOSTOK,UA,mastercard,credit
552718,00-99,RBA BANKA A.D. NOVI SAD,RS,mastercard,credit
552719,00-99,NATIONAL BANK OF EGYPT,EG,mastercard,credit
552720,00-99,EUROBANK BULGARIA A.D.,BG,mastercard,credit
552721,00-99,PUBLIC JOINT-STOCK COMPANY BANK OTKRITIE FINANCIAL CORPORATION,RU,mastercard,credit
552722,00-99,BRD GROUPE SOCIETE GENERALE,RO,mastercard,credit
552723,00-99,DANSKE BANK A/S,SE,mastercard,debit
552724,00-99,DANSKE BANK A/S,SE,mastercard,credit
552725,00-99,UNIVERSAL INVESTMENT BANK AD SKOPJE,MK,mastercard,credit
552726,00-99,AGROINDUSTRIJSKO KOMERCIJALNA BANKA AIK BANKA AKCIONARSKO DRUSTVO BEOG,RS,mastercard,credit
552727,00-99,,PT,mastercard,credit
552728,00-99,REVOLUT TECHNOLOGIES SINGAPORE PTE. LTD.,SG,mastercard,debit
552729,00-99,CB RENAISSANCE CREDIT (LLC),RU,mastercard,credit
552730,00-99,BANKA SPARKASSE DD,SI,mastercard,credit
552731,00-99,ARMENIAN CARD CJSC,AM,mastercard,credit
552732,00-99,BOKIS,DK,mastercard,credit
552733,00-99,CESKA SPORITELNA A.S.,CZ,mastercard,credit
552734,00-99,NEXI PAYMENTS SPA,IT,mastercard,credit
552735,00-99,STATE EXPORT-IMPORT BANK OF UKRAINE (UKREXIMBANK),UA,mastercard,credit
552736,00-99,BARCLAYS BANK DELAWARE,US,mastercard,credit
552737,00-99,UNICREDIT BANK D.D.,BA,mastercard,debit
552738,00-99,COMMERZBANK AG,DE,mastercard,debit
552739,00-99,BOC CREDIT CARD (INTERNATIONAL) LTD.,MO,mastercard,credit
552740,00-99,BOC CREDIT CARD (INTERNATIONAL) LTD.,MO,mastercard,credit
552741,00-99,CAIXA ECONOMICA FEDERAL,BR,mastercard,credit
552742,00-99,BANK OF CHINA LTD.,CN,mastercard,credit
552743,00-99,KEYBANK NATIONAL ASSOCIATION,US,mastercard,credit
552744,00-99,FIFTH THIRD BANK,US,mastercard,credit
552745,00-99,MIDDLE EAST PAYMENT SERVICES LIMITED CO.,JO,mastercard,credit
552746,00-99,FIRST INTERSTATE BANK,US,mastercard,credit
552747,00-99,FIRST INTERSTATE BANK,US,mastercard,credit
552748,00-99,BOKIS,DK,mastercard,debit
552749,00-99,TORONTO-DOMINION BANK,CA,mastercard,credit
552750,00-99,DANSKE BANK A/S,SE,mastercard,credit
552751,00-99,EURO KARTENSYSTEME GMBH,DE,mastercard,credit
552752,00-99,NEXI PAYMENTS SPA,IT,mastercard,credit
552753,00-99,DANSKE BANK A/S,DK,mastercard,credit
552754,00-99,SEB KORT BANK AB,FI,mastercard,credit
552755,00-99,BANCO BPI S.A.,PT,mastercard,credit
552756,00-99,COMMERZBANK AG,DE,mastercard,credit
552757,00-99,COMMERZBANK AG,DE,mastercard,credit
552758,00-99,BANK BPH SPOLKA AKCYJNA,PL,mastercard,credit
552759,00-99,NEXI PAYMENTS SPA,IT,mastercard,credit
552760,00-99,HO CHI MINH CITY DEVELOPMENT JOINT STOCK COMMERCIAL BANK,VN,mastercard,debit
552761,00-99,DZ BANK AG DEUTSCHE ZENTRAL-GENOSSENSCHAFTSBANK,DE,mastercard,credit
552762,00-99,DZ BANK AG DEUTSCHE ZENTRAL-GENOSSENSCHAFTSBANK,DE,mastercard,credit
552763,00-99,IDT FINANCIAL SERVICES LTD.,GB,mastercard,debit
552764,00-99,SEB KORT BANK AB,SE,mastercard,credit
552765,00-99,SEB KORT BANK AB,NO,mastercard,credit
552766,00-99,OPTAL FINANCIAL EUROPE LTD.,GB,mastercard,credit
552767,00-99,BANCO ATLANTIDA S.A.,HN,mastercard,credit
552768,00-99,ABSA BANK LTD.,ZA,mastercard,credit
552769,00-99,LUFTHANSA AIRPLUS SERVICEKARTEN GMBH,NL,mastercard,credit
552770,00-99,NEDBANK LTD.,ZA,mastercard,credit
552771,00-99,DE BAARS SK SRO,SK,mastercard,debit
552772,00-99,BRD GROUPE SOCIETE GENERALE,RO,mastercard,credit
552773,00-99,COMMERCIAL BANK OF CEYLON PLC,LK,mastercard,credit
552774,00-99,OPTAL FINANCIAL LTD.,GB,mastercard,credit
552775,00-99,LIVQUIK TECHNOLOGY (INDIA) PRIVATE LTD.,IN,mastercard,debit
552776,00-99,MBANK S.A.,PL,mastercard,credit
552777,00-99,CITIBANK SINGAPORE LTD.,SG,mastercard,credit
552778,00-99,MASHREQ BANK,AE,mastercard,credit
552779,00-99,OPTAL FINANCIAL EUROPE LTD.,GB,mastercard,credit
552780,00-99,BANCO BRADESCO S.A.,BR,mastercard,credit
552781,00-99,SOCIETE MONETIQUE-TUNISIE,TN,mastercard,credit
552782,00-99,SOCIETE MONETIQUE-TUNISIE,TN,mastercard,credit
552783,00-99,ING BANK F.S.B.,US,mastercard,credit
552784,00-99,WEX BANK,US,mastercard,credit
552785,00-99,ARAB FINANCIAL SERVICES COMPANY B.S.C. (C),BH,mastercard,credit
552786,00-99,BANCO DE VENEZUELA S.A.C.A.,VE,mastercard,credit
552787,00-99,AKALA S.A. DE C.V. SFP,MX,mastercard,credit
552788,00-99,OPTAL FINANCIAL EUROPE LTD.,GB,mastercard,credit
552789,00-99,MALAYAN BANKING BERHAD,MY,mastercard,credit
552790,00-99,CITIBANK N.A.,IN,mastercard,credit
552791,00-99,HYUNDAICARD CO. LTD.,KR,mastercard,credit
552792,00-99,BANCO COOPERATIVO SICOOB S.A. - BANCO SICOOB,BR,mastercard,credit
552793,00-99,STANDARD CHARTERED BANK MALAYSIA BERHAD,MY,mastercard,credit
552794,00-99,CHINA GUANGFA BANK CO. LTD,CN,mastercard,credit
552795,00-99,BANCO SANTANDER S.A.,ES,mastercard,credit
552796,00-99,CREDOMATIC DE CENTROAMERICA S.A.,SV,mastercard,credit
552797,00-99,BAC INTERNATIONAL BANK INC,PA,mastercard,debit
552798,00-99,BANK OF MISSOURI,US,mastercard,debit
552799,00-99,CREDITO S.A.,NI,mastercard,credit
552800,00-99,ITAU CORPBANCA COLOMBIA S.A.,CO,mastercard,credit
552801,00-99,CHINA CONSTRUCTION BANK,CN,mastercard,credit
552802,00-99,CAPITAL ONE NATIONAL ASSOCIATION,US,mastercard,credit
552803,00-99,BC CARD CO. LTD.,KR,mastercard,credit
552804,00-99,AEON THANA SINSAP (THAILAND) PUBLIC COMPANY LTD.,TH,mastercard,credit
552805,00-99,SAMPATH BANK PLC,LK,mastercard,credit
552806,00-99,BC CARD CO. LTD.,KR,mastercard,credit
552807,00-99,BANCOLOMBIA S.A.,CO,mastercard,credit
552808,00-99,BANK OF SHANGHAI,CN,mastercard,credit
552809,00-99,UNION FIFTYFOUR LTD.,ZM,mastercard,debit
552810,00-99,PT. BANK CIMB NIAGA TBK.,ID,mastercard,credit
552811,00-99,BC CARD CO. LTD.,KR,mastercard,credit
552812,00-99,BC CARD,KR,mastercard,credit
552813,00-99,SCOTIABANK CHILE,CL,mastercard,credit
552814,00-99,INDUSTRIAL AND COMMERCIAL BANK OF CHINA (ASIA) LTD.,HK,mastercard,credit
552815,00-99,CITIBANK N.A.,US,mastercard,credit
552816,00-99,MBANK S.A.,PL,mastercard,credit
552817,00-99,FIFTH THIRD BANK,US,mastercard,credit
552818,00-99,NATIONAL DEVELOPMENT BANK PLC,LK,mastercard,credit
552819,00-99,CU COOPERATIVE SYSTEMS LLC,US,mastercard,debit
552820,00-99,KUWAIT FINANCE HOUSE K.S.C.,KW,mastercard,debit
552821,00-99,BC CARD,KR,mastercard,credit
552822,00-99,BANK OF MONTREAL,CA,mastercard,credit
552823,00-99,BC CARD CO. LTD.,KR,mastercard,credit
552824,00-99,BANK OF MONTREAL,CA,mastercard,credit
552825,00-99,BANK OF MONTREAL,CA,mastercard,credit
552826,00-99,BANK OF MONTREAL,CA,mastercard,credit
552827,00-99,BANK OF MONTREAL,CA,mastercard,credit
552828,00-99,BMO BANK NATIONAL ASSOCIATION,US,mastercard,credit
552829,00-99,UNIONBANK OF THE PHILIPPINES,PH,mastercard,credit
552830,00-99,BMO BANK NATIONAL ASSOCIATION,US,mastercard,credit
552831,00-99,BC CARD,KR,mastercard,credit
552832,00-99,BMO BANK NATIONAL ASSOCIATION,US,mastercard,credit
552833,00-99,BMO BANK NATIONAL ASSOCIATION,US,mastercard,credit
552834,00-99,BMO BANK NATIONAL ASSOCIATION,US,mastercard,credit
552835,00-99,BMO BANK NATIONAL ASSOCIATION,US,mastercard,credit
552836,00-99,BMO BANK NATIONAL ASSOCIATION,US,mastercard,credit
552837,00-99,BMO BANK NATIONAL ASSOCIATION,US,mastercard,credit
552838,00-99,BMO BANK NATIONAL ASSOCIATION,US,mastercard,credit
552839,00-99,BC CARD,KR,mastercard,credit
552840,00-99,BMO BANK NATIONAL ASSOCIATION,US,mastercard,credit
552841,00-99,BMO BANK NATIONAL ASSOCIATION,US,mastercard,credit
552842,00-99,BMO BANK NATIONAL ASSOCIATION,US,mastercard,credit
552843,00-99,ITAU CORPBANCA COLOMBIA S.A.,CO,mastercard,credit
552844,00-99,ASKARI BANK LTD.,PK,mastercard,credit
552845,00-99,PUBLIC JOINT STOCK COMPANY BANK URALSIB,RU,mastercard,credit
552846,00-99,FIRST DATA CONO SUR S.R.L.,AR,mastercard,credit
552847,00-99,JPMORGAN CHASE BANK N.A.,US,mastercard,credit
552848,00-99,JPMORGAN CHASE BANK N.A.,US,mastercard,credit
552849,00-99,JPMORGAN CHASE BANK N.A.,US,mastercard,credit
552850,00-99,CITIBANK N.A.,US,mastercard,credit
552851,00-99,CAPITAL ONE NATIONAL ASSOCIATION,US,mastercard,credit
552852,00-99,BANCO INDUSTRIAL S.A.,GT,mastercard,credit
552853,00-99,BANK OF COMMUNICATIONS CO. LTD,CN,mastercard,credit
552854,00-99,BANCA NAZIONALE DEL LAVORO S.P.A. - BNL,IT,mastercard,debit
552855,00-99,BANCO DE BRASILIA S.A.,BR,mastercard,credit
552856,00-99,VTB BANK (PUBLIC JOINT-STOCK COMPANY),RU,mastercard,credit
552857,00-99,KOMERCNI BANKA A.S.,CZ,mastercard,credit
552858,00-99,INDUSTRIAL CONSTRUCTION BANK CLOSED JOINT-STOCK COMPANY (ARDSHINBANK,AM,mastercard,credit
552859,00-99,BANCO SANTANDER S.A.,ES,mastercard,credit
552860,00-99,HUNGARIAN VOLKSBANK LTD.,HU,mastercard,credit
552861,00-99,KOMERCNI BANKA A.S.,CZ,mastercard,credit
552862,00-99,FIRST NATIONAL BANK OF OMAHA,US,mastercard,credit
552863,00-99,BANCA INTESA AD BEOGRAD,RS,mastercard,credit
552864,00-99,NATIONAL BANK OF CANADA,CA,mastercard,credit
552865,00-99,BANCO DE BOGOTA S.A.,CO,mastercard,credit
552866,00-99,CREDIT UNION PAYMENT CENTER (LIMITED LIABILITY COMPANY),RU,mastercard,credit
552867,00-99,JSCB SOYUZ,RU,mastercard,credit
552868,00-99,AREEBA S.A.L,LB,mastercard,credit
552869,00-99,CAPITAL ONE NATIONAL ASSOCIATION,US,mastercard,credit
552870,00-99,CORNER BANCA S.A.,CH,mastercard,debit
552871,00-99,CORNER BANCA S.A.,CH,mastercard,debit
552872,00-99,N26 SOCIEDADE DE CREDITO DIRETO S A,BR,mastercard,debit
552873,00-99,FIRST BANK S.A.,RO,mastercard,credit
552874,00-99,U.S. BANK NATIONAL ASSOCIATION,US,mastercard,credit
552875,00-99,POWSZECHNA KASA OSZCZEDNOSCI BANK POLSKI S.A. (PKO BANK POLSKI S.A.),PL,mastercard,debit
552876,00-99,NAVY FEDERAL CREDIT UNION,US,mastercard,credit
552877,00-99,CIBANK PLC,BG,mastercard,credit
552878,00-99,BANCA COMERCIALA INTESA SANPAOLO ROMANIA S.A.,RO,mastercard,credit
552879,00-99,TURKIYE HALK BANKASI A.S.,TR,mastercard,credit
552880,00-99,ARMENIAN CARD CJSC,AM,mastercard,credit
552881,00-99,TORONTO-DOMINION BANK,CA,mastercard,credit
552882,00-99,BANCO NACIONAL DE COSTA RICA,CR,mastercard,credit
552883,00-99,NLB BANKA AD BEOGRAD,RS,mastercard,credit
552884,00-99,REGIONAL AUSTRALIA BANK LTD.,AU,mastercard,credit
552885,00-99,ABN AMRO BANK N.V,NL,mastercard,credit
552886,00-99,NLB BANKA D.D. SARAJEVO,BA,mastercard,credit
552887,00-99,DSK BANK PLC,BG,mastercard,credit
552888,00-99,SYNCHRONY FINANCIAL CANADA,CA,mastercard,credit
552889,00-99,BANCO DO BRASIL S.A.,BR,mastercard,credit
552890,00-99,K&H BANK ZRT,HU,mastercard,credit
552891,00-99,NORDEA BANK AB (PUBL),DK,mastercard,credit
552892,00-99,CREDIT UNION PAYMENT CENTER (LIMITED LIABILITY COMPANY),RU,mastercard,debit
552893,00-99,FIRST COMMUNITY CREDIT UNION OF HOUSTON,US,mastercard,credit
552894,00-99,CAIXABANK S.A.,ES,mastercard,credit
552895,00-99,CAPITAL ONE (EUROPE) PLC,GB,mastercard,credit
552896,00-99,SBERBANK HUNGARY LTD.,HU,mastercard,debit
552897,00-99,BANKIA S.A.,ES,mastercard,credit
552898,00-99,CIM FINANCIAL SERVICES LTD.,MU,mastercard,credit
552899,00-99,MASTERCAJAS S.A.,ES,mastercard,credit
552900,00-99,CITIBANK N.A.,IN,mastercard,credit
552901,00-99,OPTAL FINANCIAL LTD.,GB,mastercard,credit
552902,00-99,TAIWAN BUSINESS BANK,TW,mastercard,credit
552903,00-99,BANCO DAVIVIENDA S.A.,CO,mastercard,credit
552904,00-99,BOKIS,DK,mastercard,debit
552905,00-99,ENTROPAY LTD.,GB,mastercard,credit
552906,00-99,AION S.A.,DE,mastercard,debit
552907,00-99,E. SUN COMMERCIAL BANK CO. LTD.,TW,mastercard,credit
552908,00-99,NAVY FEDERAL CREDIT UNION,US,mastercard,credit
552909,00-99,JPMORGAN CHASE BANK N.A.,US,mastercard,credit
552910,00-99,FIDELITY INFORMATION SERVICES INC.,US,mastercard,debit
552911,00-99,BANCO DO BRASIL S.A.,BR,mastercard,credit
552912,00-99,CAR S.A.,CL,mastercard,credit
552913,00-99,HSBC BANK MIDDLE EAST,QA,mastercard,credit
552914,00-99,ITAU UNIBANCO S.A.,BR,mastercard,credit
552915,00-99,SCOTIABANK INVERLAT S.A.,MX,mastercard,credit
552916,00-99,HSBC BANK EGYPT,EG,mastercard,credit
552917,00-99,UNITED OVERSEAS BANK (MALAYSIA) BERHAD,MY,mastercard,credit
552918,00-99,CITIBANK N.A.,EG,mastercard,credit
552919,00-99,CITIBANK N.A.,EG,mastercard,credit
552920,00-99,WOORICARD CO. LTD,KR,mastercard,credit
552921,00-99,CITIBANK N.A.,EG,mastercard,credit
552922,00-99,CITIBANK N.A.,PK,mastercard,credit
552923,00-99,CITIBANK N.A.,NZ,mastercard,credit
552924,00-99,CITIBANK N.A. SINGAPORE BRANCH,SG,mastercard,credit
552925,00-99,CITIBANK BERHAD,MY,mastercard,credit
552926,00-99,CITIBANK N.A.,HK,mastercard,credit
552927,00-99,CITIBANK N.A.,AU,mastercard,credit
552928,00-99,FIDELITY INFORMATION SERVICES INC.,US,mastercard,debit
552929,00-99,CITIBANK N.A. SINGAPORE BRANCH,SG,mastercard,credit
552930,00-99,CITIBANK N.A.,PK,mastercard,credit
552931,00-99,BANCO BILBAO VIZCAYA ARGENTARIA S.A.,ES,mastercard,debit
552932,00-99,CITIBANK N.A.,US,mastercard,debit
552933,00-99,CITIBANK N.A.,NZ,mastercard,credit
552934,00-99,CITIZENS BANK N.A.,US,mastercard,credit
552935,00-99,PREPAY TECHNOLOGIES LTD.,ES,mastercard,credit
552936,00-99,CITIBANK EUROPE PUBLIC LIMITED COMPANY,GB,mastercard,credit
552937,00-99,CAIXA ECONOMICA FEDERAL,BR,mastercard,credit
552938,00-99,CITIBANK (CHINA) CO. LTD,CN,mastercard,credit
552939,00-99,,US,mastercard,credit
552940,00-99,FISERV SOLUTIONS LLC,US,mastercard,debit
552941,00-99,WEX BANK,US,mastercard,credit
552942,00-99,WEX BANK,US,mastercard,credit
552943,00-99,BANCO SANTANDER (BRASIL) S.A.,BR,mastercard,credit
552944,00-99,COMMERCIAL INTERNATIONAL BANK (EGYPT) S.A.E.,EG,mastercard,debit
552945,00-99,U.S. BANK NATIONAL ASSOCIATION,US,mastercard,credit
552946,00-99,MASTER RED EUROPA S.L.,ES,mastercard,credit
552947,00-99,BRANCH BANKING AND TRUST COMPANY,US,mastercard,credit
552948,00-99,SUNTRUST BANK,US,mastercard,credit
552949,00-99,BANZPAY TECHNOLOGY LTD.,MP,mastercard,debit
552950,00-99,PATHWARD NATIONAL ASSOCIATION,US,mastercard,debit
552951,00-99,NOVA BANKA A.D.,BA,mastercard,credit
552952,00-99,COMERICA,US,mastercard,credit
552953,00-99,SAUDI BRITISH BANK,SA,mastercard,credit
552954,00-99,BOKIS,DK,mastercard,credit
552955,00-99,BOKIS,DK,mastercard,credit
552956,00-99,ING BANK SLASKI S.A.,PL,mastercard,debit
552957,00-99,BOKIS,DK,mastercard,debit
552958,00-99,JOINT STOCK COMMERCIAL BANK AK BARS,RU,mastercard,credit
552959,00-99,JOINT STOCK COMMERCIAL BANK - BANK OF BAKU,AZ,mastercard,credit
552960,00-99,SBERBANK HUNGARY LTD.,HU,mastercard,debit
552961,00-99,BOKIS,DK,mastercard,debit
552962,00-99,EURO KARTENSYSTEME GMBH,DE,mastercard,credit
552963,00-99,BIBANCA S.P.A.,IT,mastercard,credit
552964,00-99,BULLLA INSTITUICAO DE PAGAMENTOS S.A,BR,mastercard,credit
552965,00-99,NOVA BANKA AD BANJA LUKA,BA,mastercard,credit
552966,00-99,FIRST INVESTMENT BANK LTD.,BG,mastercard,credit
552967,00-99,BANCO PERAVIA DE AHORRO Y CREDITO S.A.,DO,mastercard,credit
552968,00-99,ALBERTA TREASURY BRANCHES,CA,mastercard,credit
552969,00-99,BANK OF AFRICA,MA,mastercard,credit
552970,00-99,BOKIS,DK,mastercard,credit
552971,00-99,BOKIS,DK,mastercard,credit
552972,00-99,BOKIS,DK,mastercard,credit
552973,00-99,AMERANT BANK NATIONAL ASSOCIATION,US,mastercard,credit
552974,00-99,KOMERCNI BANKA A.S.,CZ,mastercard,credit
552975,00-99,NEXI PAYMENTS SPA,IT,mastercard,credit
552976,00-99,BANCO DAVIVIENDA S.A.,PA,mastercard,credit
552977,00-99,GREEN DOT BANK,US,mastercard,debit
552978,00-99,FISERV SOLUTIONS LLC,US,mastercard,debit
552979,00-99,JOINT STOCK SAVINGS BANK BELARUSBANK,BY,mastercard,credit
552980,00-99,BOKIS,DK,mastercard,credit
552981,00-99,BOKIS,DK,mastercard,credit
552982,00-99,BOKIS,DK,mastercard,credit
552983,00-99,BOKIS,DK,mastercard,credit
552984,00-99,BOKIS,DK,mastercard,credit
552985,00-99,BOKIS,DK,mastercard,credit
552986,00-99,BOKIS,DK,mastercard,credit
552987,00-99,BOKIS,DK,mastercard,credit
552988,00-99,BOKIS,DK,mastercard,credit
552989,00-99,BOKIS,DK,mastercard,debit
552990,00-99,BOKIS,DK,mastercard,debit
552991,00-99,BOKIS,DK,mastercard,credit
552992,00-99,PBS INTERNATIONAL A/S,DK,mastercard,credit
552993,00-99,PBS INTERNATIONAL A/S,DK,mastercard,credit
552994,00-99,PBS INTERNATIONAL A/S,DK,mastercard,credit
552995,00-99,BANCO DEL AUSTRO S.A.,EC,mastercard,credit
552996,00-99,RBC ROYAL BANK (BAHAMAS) LTD.,BB,mastercard,credit
552997,00-99,CREDIT UNION PAYMENT CENTER (LIMITED LIABILITY COMPANY),RU,mastercard,debit
552998,00-99,MASTER RED EUROPA S.L.,ES,mastercard,debit
552999,00-99,BANCO DE LA PAMPA,AR,mastercard,debit
553000,00-99,PUBLIC JOINT STOCK COMPANY BANK URALSIB,RU,mastercard,credit
553001,00-99,SOUTH STATE BANK N.A.,US,mastercard,debit
553002,00-99,CTBC BANK CO. LTD.,TW,mastercard,debit
553003,00-99,STATE BANK OF INDIA,IN,mastercard,debit
553004,00-99,ARAB PAYMENT SERVICES,IQ,mastercard,debit
553005,00-99,STATE BANK OF INDIA,IN,mastercard,debit
553006,00-99,HDFC BANK LTD.,IN,mastercard,debit
553007,00-99,BANCO BRADESCO S.A.,BR,mastercard,credit
553008,00-99,PEOPLES TRUST COMPANY,CA,mastercard,debit
553009,00-99,PEOPLES TRUST COMPANY,CA,mastercard,debit
553010,00-99,PEOPLES TRUST COMPANY,CA,mastercard,debit
553011,00-99,COMMUNITY FEDERAL SAVINGS BANK,US,mastercard,debit
553012,00-99,COMPUTER SERVICES INC.,US,mastercard,credit
553013,00-99,COUNTRY BANK FOR SAVINGS,US,mastercard,credit
553014,00-99,COMPUTER SERVICES INC.,US,mastercard,credit
553015,00-99,DATA CENTER INCORPORATED,US,mastercard,debit
553016,00-99,COMPUTER SERVICES INC.,US,mastercard,debit
553017,00-99,DEAN CO-OPERATIVE BANK,US,mastercard,credit
553018,00-99,COMPUTER SERVICES INC.,US,mastercard,debit
553019,00-99,CU COOPERATIVE SYSTEMS LLC,US,mastercard,debit
553020,00-99,COMPUTER SERVICES INC.,US,mastercard,credit
553021,00-99,CUSB BANK,US,mastercard,debit
553022,00-99,COMPUTER SERVICES INC.,US,mastercard,debit
553023,00-99,CY-FAIR FEDERAL CREDIT UNION,US,mastercard,credit
553024,00-99,COMPUTER SERVICES INC.,US,mastercard,credit
553025,00-99,CY-FAIR FEDERAL CREDIT UNION,US,mastercard,debit
553026,00-99,COMPUTER SERVICES INC.,US,mastercard,credit
553027,00-99,COMPUTER SERVICES INC.,US,mastercard,debit
553028,00-99,DATA CENTER INCORPORATED,US,mastercard,debit
553029,00-99,COASTAL COMMUNITY BANK,US,mastercard,credit
553030,00-99,CITIBANK N.A.,US,mastercard,credit
553031,00-99,CREDOMATIC LATINO AMERICANA,GT,mastercard,credit
553032,00-99,HUNGARIAN VOLKSBANK LTD.,HU,mastercard,credit
553033,00-99,VTB BANK (PUBLIC JOINT-STOCK COMPANY),RU,mastercard,credit
553034,00-99,ITAU UNIBANCO S.A.,BR,mastercard,credit
553035,00-99,ATLAS BANKA A.D.,ME,mastercard,credit
553036,00-99,RANDOLPH BROOKS FEDERAL CREDIT UNION,US,mastercard,credit
553037,00-99,BANK POLSKA KASA OPIEKI S.A. - (BANK PEKAO S.A.),PL,mastercard,credit
553038,00-99,FIRSTCARIBBEAN INTERNATIONAL BANK BARBADOS LTD.,BS,mastercard,credit
553039,00-99,EUROBANK BULGARIA A.D.,BG,mastercard,credit
553040,00-99,CRNOGORSKA KOMERCIJALNA BANKA A.D. PODGORICA,AL,mastercard,credit
553041,00-99,ALIOR BANK SPOLKA AKCYJNA,PL,mastercard,debit
553042,00-99,BANK BPH SPOLKA AKCYJNA,PL,mastercard,credit
553043,00-99,BANCO PICHINCHA,PE,mastercard,credit
553044,00-99,CREDIT HUMAN FEDERAL CREDIT UNION,US,mastercard,debit
553045,00-99,PUBLIC JSC FIRST UKRAINIAN INTERNATIONAL BANK,UA,mastercard,credit
553046,00-99,SPARKASSE BANK MAKEDONIJA AD SKOPJE,MK,mastercard,credit
553047,00-99,HDFC BANK LTD.,IN,mastercard,credit
553048,00-99,RAIFFEISENBANK A.D. BEOGRAD,RS,mastercard,credit
553049,00-99,RAIFFEISEN BANK SH.A.,AL,mastercard,credit
553050,00-99,PEOPLES TRUST COMPANY,CA,mastercard,debit
553051,00-99,PATRIOT BANK NATIONAL ASSOCIATION,US,mastercard,debit
553052,00-99,BOKIS,DK,mastercard,debit
553053,00-99,JOINT STOCK COMPANY FIRST UKRAINIAN INTERNATIONAL BANK,UA,mastercard,credit
553054,00-99,VTB BANK (PUBLIC JOINT-STOCK COMPANY),RU,mastercard,credit
553055,00-99,VTB BANK (PUBLIC JOINT-STOCK COMPANY),RU,mastercard,credit
553056,00-99,AKBANK T.A.S.,TR,mastercard,credit
553057,00-99,NOVO BANCO S.A.,PT,mastercard,credit
553058,00-99,TURKIYE IS BANKASI A.S.,TR,mastercard,credit
553059,00-99,BANCA MONTE DEI PASCHI DI SIENA S.P.A.,IT,mastercard,credit
553060,00-99,LLC BANK AVERS,RU,mastercard,credit
553061,00-99,MONETA MONEY BANK A.S.,CZ,mastercard,credit
553062,00-99,ARMENIAN CARD CJSC,AM,mastercard,credit
553063,00-99,BOKIS,DK,mastercard,debit
553064,00-99,BOKIS,DK,mastercard,debit
553065,00-99,GOLOMT BANK OF MONGOLIA,MN,mastercard,debit
553066,00-99,OLD NATIONAL BANK,US,mastercard,debit
553067,00-99,RAIFFEISEN BANK LTD.,HU,mastercard,debit
553068,00-99,JOINT STOCK COMPANY REGIONALA INVESTICIJU BANKA,LV,mastercard,credit
553069,00-99,PJSC ROSBANK,RU,mastercard,credit
553070,00-99,BANQUE MISR,EG,mastercard,debit
553071,00-99,CITIZENS BANK N.A.,US,mastercard,credit
553072,00-99,TRANSCARD FINANCIAL SERVICES AD,BG,mastercard,credit
553073,00-99,PREMIER AMERICA CREDIT UNION,US,mastercard,credit
553074,00-99,PT BANK DANAMON LNDONESIA TBK,ID,mastercard,credit
553075,00-99,FIRSTCARIBBEAN INTERNATIONAL BANK BARBADOS LTD.,BZ,mastercard,credit
553076,00-99,FIRSTCARIBBEAN INTERNATIONAL BANK BARBADOS LTD.,SX,mastercard,credit
553077,00-99,FIRSTCARIBBEAN INTERNATIONAL BANK (CAYMAN) LTD.,KY,mastercard,credit
553078,00-99,BC CARD CO. LTD.,KR,mastercard,credit
553079,00-99,FIRSTCARIBBEAN INTERNATIONAL BANK BARBADOS LTD.,VG,mastercard,credit
553080,00-99,NETWORK INTERNATIONAL LLC,AE,mastercard,debit
553081,00-99,PSCU INCORPORATED,US,mastercard,credit
553082,00-99,DEUTSCHE BANK S.P.A.,IT,mastercard,credit
553083,00-99,WELLS FARGO BANK N.A.,US,mastercard,credit
553084,00-99,BANK MILLENNIUM S.A.,PL,mastercard,debit
553085,00-99,CITIBANK N.A.,US,private label,debit
553086,00-99,NUMIA SPA,IT,mastercard,credit
553087,00-99,NEXI PAYMENTS S.P.A.,IT,mastercard,credit
553088,00-99,EVOLVE BANK & TRUST,US,mastercard,debit
553089,00-99,JOINT-STOCK HALYK SAVINGS BANK OF KAZAKHSTAN,KZ,mastercard,credit
553090,00-99,TURK EKONOMI BANKASI A.S.,TR,mastercard,credit
553091,00-99,PUBLIC JSC UNICREDIT BANK,UA,mastercard,credit
553092,00-99,U.S. BANK NATIONAL ASSOCIATION,US,mastercard,credit
553093,00-99,VOJVODJANSKA BANKA AD NOVI SAD OTP GROUP,RS,mastercard,credit
553094,00-99,U.S. BANK NATIONAL ASSOCIATION,US,mastercard,credit
553095,00-99,CITIZENS BANK N.A.,US,mastercard,credit
553096,00-99,CAIXA ECONOMICA FEDERAL,BR,mastercard,credit
553097,00-99,FLAGSTAR BANK NATIONAL ASSOCIATION,US,mastercard,credit
553098,00-99,FIFTH THIRD BANK,US,mastercard,credit
553099,00-99,FIFTH THIRD BANK,US,mastercard,credit
553100,00-99,FIFTH THIRD BANK,US,mastercard,credit
553101,00-99,BANK OF EAST ASIA LTD.,HK,mastercard,credit
553102,00-99,FIFTH THIRD BANK,US,mastercard,credit
553103,00-99,BANCO DO BRASIL S.A.,BR,mastercard,credit
553104,00-99,BANCO DO BRASIL S.A.,BR,mastercard,credit
553105,00-99,ERSTE & STEIERMARKISCHE BANK D.D.,HR,mastercard,credit
553106,00-99,BANK OF N.T. BUTTERFIELD & SON LTD.,BM,mastercard,debit
553107,00-99,JSC ATFBANK,KZ,mastercard,credit
553108,00-99,CAIXABANK S.A.,ES,mastercard,credit
553109,00-99,BOKIS,DK,mastercard,debit
553110,00-99,CAIXABANK S.A.,ES,mastercard,credit
553111,00-99,SANTANDER BANK POLSKA S.A.,PL,mastercard,credit
553112,00-99,MPOWER (INTERNAL ONLY),SA,mastercard,debit
553113,00-99,PEOPLES TRUST COMPANY,CA,mastercard,debit
553114,00-99,DAH SING BANK LTD.,HK,mastercard,credit
553115,00-99,PITNEY BOWES BANK INC.,US,mastercard,credit
553116,00-99,BRANCH BANKING AND TRUST COMPANY,US,mastercard,credit
553117,00-99,NATIONAL BANK OF RAS AL-KHAIMAH (RAKBANK),AE,mastercard,credit
553118,00-99,EVOLVE BANK & TRUST,US,mastercard,credit
553119,00-99,,US,mastercard,credit
553120,00-99,GIROBANK N.V.,CW,mastercard,credit
553121,00-99,BARCLAYS BANK DELAWARE,US,mastercard,credit
553122,00-99,BARCLAYS BANK DELAWARE,US,mastercard,credit
553123,00-99,BARCLAYS BANK DELAWARE,US,mastercard,credit
553124,00-99,BARCLAYS BANK DELAWARE,US,mastercard,credit
553125,00-99,BARCLAYS BANK DELAWARE,US,mastercard,credit
553126,00-99,LIFECARD CO.LTD.,JP,mastercard,credit
553127,00-99,BARCLAYS BANK DELAWARE,US,mastercard,credit
553128,00-99,PJSC ROSBANK,RU,mastercard,credit
553129,00-99,MARION & POLK SCHOOLS CREDIT UNION,US,mastercard,credit
553130,00-99,TURKIYE GARANTI BANKASI A.S.,TR,mastercard,credit
553131,00-99,BANK OF CHINA LTD.,CN,mastercard,credit
553132,00-99,AUSTRALIA AND NEW ZEALAND BANKING GROUP LTD.,SG,mastercard,credit
553133,00-99,LUFTHANSA AIRPLUS SERVICEKARTEN GMBH,DE,mastercard,credit
553134,00-99,NANYANG COMMERCIAL BANK (CHINA) LIMITED.,CN,mastercard,credit
553135,00-99,CMB WING LUNG BANK LTD.,HK,mastercard,credit
553136,00-99,BANK MUSCAT (SAOG),OM,mastercard,credit
553137,00-99,HSBC BANK MIDDLE EAST,PK,mastercard,credit
553138,00-99,BNP PARIBAS,FR,mastercard,credit
553139,00-99,NEXI PAYMENTS SPA,IT,mastercard,credit
553140,00-99,NEXI PAYMENTS S.P.A.,IT,mastercard,credit
553141,00-99,POWSZECHNA KASA OSZCZEDNOSCI BANK POLSKI S.A. (PKO BANK POLSKI S.A.),PL,mastercard,credit
553142,00-99,HYUNDAICARD CO. LTD.,KR,mastercard,credit
553143,00-99,INDUSTRIAL AND COMMERCIAL BANK OF CHINA LTD.,CN,mastercard,credit
553144,00-99,SHINHAN CARD CO. LTD.,KR,mastercard,credit
553145,00-99,BANCOLOMBIA S.A.,CO,mastercard,credit
553146,00-99,SHINHAN CARD CO. LTD.,KR,mastercard,credit
553147,00-99,SAMSUNG CARD CO. LTD.,KR,mastercard,credit
553148,00-99,ALIOR BANK SPOLKA AKCYJNA,PL,mastercard,credit
553149,00-99,BANK SINOPAC,TW,mastercard,credit
553150,00-99,HYUNDAICARD CO. LTD.,KR,mastercard,credit
553151,00-99,KB KOOKMIN CARD CO. LTD,KR,mastercard,credit
553152,00-99,SHINHAN CARD CO. LTD.,KR,mastercard,credit
553153,00-99,CAIXABANK S.A.,ES,mastercard,debit
553154,00-99,STANDARD CHARTERED BANK MALAYSIA BERHAD,MY,mastercard,credit
553155,00-99,LOTTECARD CO. LTD.,KR,mastercard,credit
553156,00-99,MITSUBISHI UFJ NICOS CO. LTD.,JP,mastercard,credit
553157,00-99,CMB WING LUNG BANK LTD.,HK,mastercard,credit
553158,00-99,ICICI BANK LTD.,IN,mastercard,credit
553159,00-99,BC CARD CO. LTD.,KR,mastercard,credit
553160,00-99,SBI CARDS AND PAYMENT SERVICES LTD.,IN,mastercard,credit
553161,00-99,SAMBA FINANCIAL GROUP,PK,mastercard,debit
553162,00-99,HDFC BANK LTD.,IN,mastercard,credit
553163,00-99,OBERBANK AG,CZ,mastercard,debit
553164,00-99,MYMY PAYMENTS MALAYSIA SDN BHD,MY,mastercard,debit
553165,00-99,ARUBA BANK N.V.,AW,mastercard,credit
553166,00-99,BAC INTERNATIONAL BANK INC,PA,mastercard,credit
553167,00-99,SBI CARDS AND PAYMENT SERVICES LTD.,IN,mastercard,credit
553168,00-99,HANA CARD,KR,mastercard,credit
553169,00-99,LOTTECARD CO. LTD.,KR,mastercard,credit
553170,00-99,CITIBANK N.A.,US,mastercard,debit
553171,00-99,NONGHYUP BANK,KR,mastercard,credit
553172,00-99,NONGHYUP BANK,KR,mastercard,credit
553173,00-99,HANA CARD,KR,mastercard,credit
553174,00-99,BNP PARIBAS,FR,mastercard,credit
553175,00-99,BALBOA BANK AND TRUST CORP.,PA,mastercard,credit
553176,00-99,SAMSUNG CARD CO. LTD.,KR,mastercard,credit
553177,00-99,HANA CARD,KR,mastercard,credit
553178,00-99,BC CARD CO. LTD.,KR,mastercard,credit
553179,00-99,HANA CARD,KR,mastercard,credit
553180,00-99,NONGHYUP BANK,KR,mastercard,credit
553181,00-99,NONGHYUP BANK,KR,mastercard,credit
553182,00-99,MADURO & CURIEL'S BANK N.V.,AW,mastercard,credit
553183,00-99,NANYANG COMMERCIAL BANK (CHINA) LIMITED.,CN,mastercard,credit
553184,00-99,HANA CARD,KR,mastercard,credit
553185,00-99,NANYANG COMMERCIAL BANK (CHINA) LIMITED.,CN,mastercard,credit
553186,00-99,TRIPLINK INTERNATIONAL CO.LIMITED,HK,mastercard,credit
553187,00-99,BANCO SANTANDER S.A.,ES,mastercard,debit
553188,00-99,ZENITH BANK,NG,mastercard,credit
553189,00-99,WELLS FARGO BANK N.A.,US,mastercard,credit
553190,00-99,KB KOOKMIN CARD CO. LTD,KR,mastercard,credit
553191,00-99,CITIBANK N.A.,AU,mastercard,credit
553192,00-99,CITIBANK N.A.,AU,mastercard,credit
553193,00-99,BANK OF AMERICA NATIONAL ASSOCIATION,AU,mastercard,credit
553194,00-99,CITIBANK N.A.,AU,mastercard,credit
553195,00-99,COUNTY BANK,US,mastercard,credit
553196,00-99,COMPUTER SERVICES INC.,US,mastercard,credit
553197,00-99,COMPUTER SERVICES INC.,US,mastercard,credit
553198,00-99,DATA CENTER INCORPORATED,US,mastercard,credit
553199,00-99,DATA CENTER INCORPORATED,US,mastercard,credit
553200,00-99,COMPUTER SERVICES INC.,US,mastercard,credit
553201,00-99,PEOPLES TRUST COMPANY,CA,mastercard,debit
553202,00-99,COMPUTER SERVICES INC.,US,mastercard,debit
553203,00-99,YES BANK LTD.,IN,mastercard,debit
553204,00-99,YES BANK LTD.,IN,mastercard,credit
553205,00-99,COMMONWEALTH BANK OF AUSTRALIA,AU,mastercard,credit
553206,00-99,COMMONWEALTH BANK OF AUSTRALIA,AU,mastercard,credit
553207,00-99,BANK OF CHINA LTD.,CN,mastercard,credit
553208,00-99,WOORICARD CO. LTD,KR,mastercard,credit
553209,00-99,FISERV SOLUTIONS LLC,US,mastercard,debit
553210,00-99,IUDU COMPANIA FINANCIERA SA,AR,mastercard,credit
553211,00-99,BC CARD CO. LTD.,KR,mastercard,credit
553212,00-99,BC CARD CO. LTD.,KR,mastercard,credit
553213,00-99,BC CARD CO. LTD.,KR,mastercard,credit
553214,00-99,BC CARD CO. LTD.,KR,mastercard,credit
553215,00-99,KB KOOKMIN CARD CO. LTD,KR,mastercard,credit
553216,00-99,BUSAN BANK,KR,mastercard,credit
553217,00-99,KYUNGNAM BANK,KR,mastercard,credit
553218,00-99,CHINA CITIC BANK,CN,mastercard,credit
553219,00-99,BC CARD CO. LTD.,KR,mastercard,credit
553220,00-99,WOORICARD CO. LTD,KR,mastercard,credit
553221,00-99,BC CARD CO. LTD.,KR,mastercard,credit
553222,00-99,MTACC LTD.,MT,mastercard,debit
553223,00-99,SC CHEIL BANK,KR,mastercard,credit
553224,00-99,WOORICARD CO. LTD,KR,mastercard,debit
553225,00-99,BC CARD CO. LTD.,KR,mastercard,credit
553226,00-99,,KR,mastercard,credit
553227,00-99,OPTAL FINANCIAL LTD.,GB,mastercard,credit
553228,00-99,CHINA GUANGFA BANK CO. LTD,CN,mastercard,debit
553229,00-99,BKN301 S.P.A.,SM,mastercard,debit
553230,00-99,TREEZOR SAS,FR,mastercard,debit
553231,00-99,CENTRAL TRUST BANK,US,mastercard,credit
553232,00-99,WEX BANK,US,mastercard,credit
553233,00-99,ROBINSONS BANK CORPORATION,PH,mastercard,credit
553234,00-99,BANK OF MONTREAL,CA,mastercard,credit
553235,00-99,DEUTSCHE BANK TRUST COMPANY AMERICAS,US,mastercard,credit
553236,00-99,HSBC BANK USA NATIONAL ASSOCIATION,US,mastercard,credit
553237,00-99,BANNER BANK,US,mastercard,credit
553238,00-99,FIRST FINANCIAL BANK,US,mastercard,credit
553239,00-99,ING BANK SLASKI S.A.,PL,mastercard,debit
553240,00-99,WEX CANADA LTD.,CA,mastercard,credit
553241,00-99,REGIONS BANK,US,mastercard,credit
553242,00-99,REGIONS BANK,US,mastercard,credit
553243,00-99,TRUIST BANKS INC.,US,mastercard,credit
553244,00-99,EQUITY BANK,US,mastercard,credit
553245,00-99,,US,mastercard,credit
553246,00-99,ING BANK SLASKI S.A.,PL,mastercard,debit
553247,00-99,GEORGIA BANKING COMPANY,US,mastercard,credit
553248,00-99,HSBC INNOVATION BANK LTD.,GB,mastercard,credit
553249,00-99,BANNER BANK,US,mastercard,credit
553250,00-99,,AU,mastercard,credit
553251,00-99,KEYBANK NATIONAL ASSOCIATION,CA,mastercard,credit
553252,00-99,CROSS RIVER BANK,US,mastercard,credit
553253,00-99,BANCO SANTANDER MEXICO SA INSTITUCION DE BANCA MULTIPLE GRUPO FINANC,MX,mastercard,credit
553254,00-99,WELLS FARGO BANK N.A.,US,mastercard,credit
553255,00-99,KEYBANK NATIONAL ASSOCIATION,CA,mastercard,credit
553256,00-99,NATWEST PLC,GB,mastercard,credit
553257,00-99,ALPHA BANK ROMANIA S.A.,RO,mastercard,debit
553258,00-99,CAPITAL ONE NATIONAL ASSOCIATION,US,mastercard,credit
553259,00-99,,US,mastercard,credit
553260,00-99,BANK MILLENNIUM S.A.,PL,mastercard,credit
553261,00-99,ICARD A.D.,BG,mastercard,credit
553262,00-99,NATIONAL BANK OF GREECE S.A.,GR,mastercard,credit
553263,00-99,BANK OF MONTREAL,CA,mastercard,credit
553264,00-99,BANK OF MONTREAL,CA,mastercard,credit
553265,00-99,WEX CANADA LTD.,CA,mastercard,credit
553266,00-99,SUTTON BANK,US,mastercard,credit
553267,00-99,HSBC INNOVATION BANK LTD.,GB,mastercard,credit
553268,00-99,,US,mastercard,credit
553269,00-99,,US,mastercard,credit
553270,00-99,BANK OF SCOTLAND PLC,GB,mastercard,debit
553271,00-99,,US,mastercard,credit
553272,00-99,,US,mastercard,credit
553273,00-99,,US,mastercard,credit
553274,00-99,,US,mastercard,credit
553275,00-99,EQUITY BANK,US,mastercard,credit
553276,00-99,,US,mastercard,credit
553277,00-99,,US,mastercard,credit
553278,00-99,,US,mastercard,credit
553279,00-99,,US,mastercard,credit
553280,00-99,,US,mastercard,credit
553281,00-99,HSBC BANK USA NATIONAL ASSOCIATION,US,mastercard,credit
553282,00-99,BANKATLANTIC F.S.B.,US,mastercard,credit
553283,00-99,RIZAL COMMERCIAL BANKING CORPORATION,PH,mastercard,credit
553284,00-99,BMO BANK NATIONAL ASSOCIATION,US,mastercard,credit
553285,00-99,NATIONAL WESTMINSTER BANK PLC,GB,mastercard,credit
553286,00-99,RIZAL COMMERCIAL BANKING CORPORATION,PH,mastercard,credit
553287,00-99,WELLS FARGO BANK N.A.,US,mastercard,credit
553288,00-99,WELLS FARGO BANK N.A.,US,mastercard,credit
553289,00-99,WELLS FARGO BANK N.A.,US,mastercard,credit
553290,00-99,BANK OF MONTREAL,CA,mastercard,credit
553291,00-99,BMO BANK NATIONAL ASSOCIATION,US,mastercard,credit
553292,00-99,,US,mastercard,credit
553293,00-99,PINNACLE BANK,US,mastercard,credit
553294,00-99,PHILIPPINE NATIONAL BANK,PH,mastercard,credit
553295,00-99,INTERNATIONAL CARD SERVICES B.V.,NL,mastercard,credit
553296,00-99,INTERNATIONAL CARD SERVICES B.V.,NL,mastercard,credit
553297,00-99,HSBC INNOVATION BANK LTD.,GB,mastercard,credit
553298,00-99,HSBC INNOVATION BANK LTD.,GB,mastercard,credit
553299,00-99,HSBC INNOVATION BANK LTD.,GB,mastercard,credit
553300,00-99,HSBC INNOVATION BANK LTD.,GB,mastercard,credit
553301,00-99,CENTRAL TRUST BANK,US,mastercard,credit
553302,00-99,GCB BANK LTD.,GH,mastercard,credit
553303,00-99,FIFTH THIRD BANK,US,mastercard,credit
553304,00-99,BANCA MIFEL SA INSTITUCION DE BANCA MULTIPLE GRUPO FINANCIERO MIFEL,MX,mastercard,credit
553305,00-99,GCB BANK LTD.,GH,mastercard,debit
553306,00-99,ICBA BANCARD INC.,US,mastercard,credit
553307,00-99,NATIONAL WESTMINSTER BANK PLC,GB,mastercard,credit
553308,00-99,HSBC BANK USA NATIONAL ASSOCIATION,US,mastercard,credit
553309,00-99,CITIZENS BANK N.A.,US,mastercard,credit
553310,00-99,FIFTH THIRD BANK,US,mastercard,credit
553311,00-99,FIFTH THIRD BANK,US,mastercard,credit
553312,00-99,PINNACLE BANK,US,mastercard,credit
553313,00-99,,GB,mastercard,credit
553314,00-99,LLOYDS BANK PLC,GB,mastercard,credit
553315,00-99,LLOYDS BANK PLC,GB,mastercard,credit
553316,00-99,,US,mastercard,credit
553317,00-99,,US,mastercard,credit
553318,00-99,NATIONAL WESTMINSTER BANK PLC,GB,mastercard,credit
553319,00-99,BLUE RIDGE BANK,US,mastercard,credit
553320,00-99,SILICON VALLEY BANK,US,mastercard,credit
553321,00-99,BANK OF MONTREAL,CA,mastercard,credit
553322,00-99,BMO BANK NATIONAL ASSOCIATION,US,mastercard,credit
553323,00-99,BMO BANK NATIONAL ASSOCIATION,US,mastercard,credit
553324,00-99,,US,mastercard,credit
553325,00-99,BANK OF SCOTLAND PLC,GB,mastercard,credit
553326,00-99,BANK OF SCOTLAND PLC,GB,mastercard,credit
553327,00-99,CAPITAL ONE NATIONAL ASSOCIATION,US,mastercard,credit
553328,00-99,CAPITAL ONE NATIONAL ASSOCIATION,US,mastercard,credit
553329,00-99,,US,mastercard,credit
553330,00-99,THE BANCORP BANK NATIONAL ASSOCIATION,US,mastercard,credit
553331,00-99,,US,mastercard,credit
553332,00-99,,US,mastercard,credit
553333,00-99,BARCLAYCARD INTERNATIONAL PAYMENTS LTD.,IE,mastercard,credit
553334,00-99,,US,mastercard,credit
553335,00-99,BARCLAYCARD INTERNATIONAL PAYMENTS LTD.,IE,mastercard,credit
553336,00-99,,US,mastercard,credit
553337,00-99,,US,mastercard,credit
553338,00-99,,US,mastercard,credit
553339,00-99,NEDBANK LTD.,ZA,mastercard,credit
553340,00-99,,DE,mastercard,credit
553341,00-99,NATIONAL WESTMINSTER BANK PLC,GB,mastercard,credit
553342,00-99,BARCLAYCARD INTERNATIONAL PAYMENTS LTD.,IE,mastercard,credit
553343,00-99,,JP,mastercard,credit
553344,00-99,,DE,mastercard,credit
553345,00-99,,US,mastercard,credit
553346,00-99,,US,mastercard,credit
553347,00-99,U.S. BANK N.A.,US,mastercard,credit
553348,00-99,,US,mastercard,credit
553349,00-99,,JP,mastercard,credit
553350,00-99,,US,mastercard,credit
553351,00-99,,US,mastercard,credit
553352,00-99,BARCLAYCARD INTERNATIONAL PAYMENTS LTD.,IE,mastercard,credit
553353,00-99,,US,mastercard,credit
553354,00-99,,AU,mastercard,credit
553355,00-99,,US,mastercard,credit
553356,00-99,,US,mastercard,credit
553357,00-99,U.S. BANK NATIONAL ASSOCIATION,CA,mastercard,credit
553358,00-99,,US,mastercard,credit
553359,00-99,,JP,mastercard,credit
553360,00-99,,GB,mastercard,credit
553361,00-99,,CA,mastercard,credit
553362,00-99,,JP,mastercard,credit
553363,00-99,HSBC BANK USA NATIONAL ASSOCIATION,US,mastercard,credit
553364,00-99,,US,mastercard,credit
553365,00-99,,JP,mastercard,credit
553366,00-99,,US,mastercard,credit
553367,00-99,,GB,mastercard,credit
553368,00-99,,US,mastercard,credit
553369,00-99,,JP,mastercard,credit
553370,00-99,CENTRAL TRUST BANK,US,mastercard,credit
553371,00-99,IDT FINANCIAL SERVICES LTD.,GB,mastercard,credit
553372,00-99,WEX BANK,US,mastercard,credit
553373,00-99,TRUIST BANKS INC.,US,mastercard,credit
553374,00-99,SUTTON BANK,US,mastercard,credit
553375,00-99,,AU,mastercard,credit
553376,00-99,,US,mastercard,credit
553377,00-99,CIT BANK N.A.,US,mastercard,credit
553378,00-99,CELTIC BANK CORPORATION,US,mastercard,credit
553379,00-99,,GB,mastercard,credit
553380,00-99,,US,mastercard,credit
553381,00-99,CITIBANK N.A. SINGAPORE BRANCH,SG,mastercard,credit
553382,00-99,CITIBANK BERHAD,MY,mastercard,credit
553383,00-99,HO CHI MINH CITY DEVELOPMENT JOINT STOCK COMMERCIAL BANK,VN,mastercard,credit
553384,00-99,CITIBANK N.A.,HK,mastercard,credit
553385,00-99,ANZ BANK LTD.,SG,mastercard,credit
553386,00-99,CITIBANK N.A.,AU,mastercard,credit
553387,00-99,INDIAN BANK,IN,mastercard,debit
553388,00-99,PT BANK UOB INDONESIA,ID,mastercard,credit
553389,00-99,INTESA SANPAOLO SPA,IT,mastercard,credit
553390,00-99,LUFTHANSA AIRPLUS SERVICEKARTEN GMBH,DE,mastercard,credit
553391,00-99,PJSC JSB UKRGASBANK,UA,mastercard,credit
553392,00-99,HDFC BANK LTD.,IN,mastercard,credit
553393,00-99,LUFTHANSA AIRPLUS SERVICEKARTEN GMBH,DE,mastercard,credit
553394,00-99,BANCO BTG PACTUAL SA,BR,mastercard,credit
553395,00-99,TRANSACT PAYMENTS LTD.,GB,mastercard,credit
553396,00-99,GUARANTY TRUST BANK PLC,NG,mastercard,credit
553397,00-99,OPTAL FINANCIAL EUROPE LTD.,GB,mastercard,credit
553398,00-99,STANDARD CHARTERED BANK (HONG KONG) LTD.,HK,mastercard,credit
553399,00-99,SWISSQUOTE BANK EUROPE SA,LU,mastercard,credit
553400,00-99,BANK MUSCAT (SAOG),OM,mastercard,credit
553401,00-99,BANCO SANTANDER S.A.,ES,mastercard,credit
553402,00-99,STANDARD CHARTERED BANK (SINGAPORE) LTD.,SG,mastercard,credit
553403,00-99,LUFTHANSA AIRPLUS SERVICEKARTEN GMBH,GB,mastercard,credit
553404,00-99,LUFTHANSA AIRPLUS SERVICEKARTEN GMBH,CH,mastercard,credit
553405,00-99,BANCO SECURITY,CL,mastercard,credit
553406,00-99,HYUNDAICARD CO. LTD.,KR,mastercard,credit
553407,00-99,CITIBANK (HONG KONG) LTD.,HK,mastercard,credit
553408,00-99,OPTAL FINANCIAL LTD.,GB,mastercard,credit
553409,00-99,BANCO DE LA PROVINCIA DE CORDOBA (BANCO DE CORDOBA),AR,mastercard,credit
553410,00-99,CITIBANK N.A.,NZ,mastercard,credit
553411,00-99,OPTAL FINANCIAL LTD.,GB,mastercard,credit
553412,00-99,OPTAL FINANCIAL EUROPE LTD.,GB,mastercard,credit
553413,00-99,NATIONAL BANK OF EGYPT,EG,mastercard,credit
553414,00-99,ICICI BANK LTD.,IN,mastercard,credit
553415,00-99,GUARANTY TRUST BANK PLC,NG,mastercard,credit
553416,00-99,BANCO BILBAO VIZCAYA ARGENTARIA S.A. (BBVA),ES,mastercard,credit
553417,00-99,ING BANK N.V.,NL,mastercard,credit
553418,00-99,SBI CARDS AND PAYMENT SERVICES LTD.,IN,mastercard,credit
553419,00-99,CITIZENS BANK N.A.,US,mastercard,credit
553420,00-99,TINKOFF BANK,RU,mastercard,credit
553421,00-99,BANK OF SCOTLAND PLC,GB,mastercard,credit
553422,00-99,CITIBANK EUROPE PUBLIC LIMITED COMPANY,GB,mastercard,credit
553423,00-99,HYUNDAICARD CO. LTD.,KR,mastercard,credit
553424,00-99,BRD GROUPE SOCIETE GENERALE,RO,mastercard,credit
553425,00-99,CSCBANK SAL,LB,mastercard,credit
553426,00-99,NEXI PAYMENTS S.P.A.,IT,mastercard,credit
553427,00-99,AKTIF YATIRIM BANKASI A.S.,TR,mastercard,debit
553428,00-99,INTERNATIONAL CARD CO. LTD.,JO,mastercard,credit
553429,00-99,NEXI PAYMENTS S.P.A.,IT,mastercard,credit
553430,00-99,NEXI PAYMENTS S.P.A.,IT,mastercard,credit
553431,00-99,CHINA EVERBRIGHT BANK COMPANY LTD.,CN,mastercard,credit
553432,00-99,NEXI PAYMENTS S.P.A.,IT,mastercard,credit
553433,00-99,J. P. MORGAN EUROPE LTD.,GB,mastercard,credit
553435,00-99,NUMIA SPA,IT,mastercard,credit
553436,00-99,,US,mastercard,credit
553437,00-99,CENTRAL TRUST BANK,US,mastercard,credit
553438,00-99,BANCO DEL TESORO C.A. BANCO UNIVERSAL,VE,mastercard,credit
553439,00-99,NEXI PAYMENTS SPA,IT,mastercard,credit
553440,00-99,EURO KARTENSYSTEME GMBH,DE,mastercard,credit
553441,00-99,SBI CARD CO. LTD.,JP,mastercard,credit
553442,00-99,EURO KARTENSYSTEME GMBH,DE,mastercard,credit
553443,00-99,FIRST DATA CONO SUR S.R.L.,AR,mastercard,credit
553444,00-99,FIRST DATA CONO SUR S.R.L.,AR,mastercard,credit
553445,00-99,FIRST DATA CONO SUR S.R.L.,UY,mastercard,credit
553446,00-99,FIRST DATA CONO SUR S.R.L.,UY,mastercard,credit
553447,00-99,BANCO DE VENEZUELA S.A.C.A.,VE,mastercard,credit
553448,00-99,INTERCAM BANCOS.A. INSTITUCION DE BANCA MULTIPLE,MX,mastercard,credit
553449,00-99,NUMIA SPA,IT,mastercard,credit
553450,00-99,BANCO PAN SA,BR,mastercard,credit
553451,00-99,OLDENBURGISCHE LANDESBANK AG,DE,mastercard,credit
553452,00-99,BANCO RIPLEY,CL,mastercard,debit
553453,00-99,FIRST BANK AND TRUST,US,mastercard,credit
553454,00-99,ING BANK SLASKI S.A.,PL,mastercard,debit
553455,00-99,DANSKE BANK A/S,PL,mastercard,credit
553456,00-99,NEXI PAYMENTS SPA,IT,mastercard,credit
553457,00-99,BANCO SANTANDER (BRASIL) S.A.,BR,mastercard,credit
553458,00-99,BANCO SANTANDER (BRASIL) S.A.,BR,mastercard,credit
553459,00-99,OPTAL FINANCIAL EUROPE LTD.,GB,mastercard,credit
553460,00-99,POWSZECHNA KASA OSZCZEDNOSCI BANK POLSKI S.A. (PKO BANK POLSKI S.A.),PL,mastercard,credit
553461,00-99,POMELO FINTECH SERVICES SAS,AR,mastercard,debit
553462,00-99,EMERCHANTPAY LTD.,GR,mastercard,debit
553463,00-99,JOINT STOCK COMPANY BANK 3 4,UA,mastercard,credit
553464,00-99,MVB BANK INC,US,mastercard,debit
553465,00-99,STATE EXPORT-IMPORT BANK OF UKRAINE (UKREXIMBANK),UA,mastercard,credit
553466,00-99,FINXP LTD.,DE,mastercard,debit
553467,00-99,BANCO AZTECA S.A. INSTITUCION DE BANCA MULTIPLE,MX,mastercard,debit
553468,00-99,PSCU INCORPORATED,US,mastercard,debit
553469,00-99,BARCLAYS BANK DELAWARE,US,mastercard,credit
553470,00-99,BANCO BTG PACTUAL SA,BR,mastercard,credit
553471,00-99,LUFTHANSA AIRPLUS SERVICEKARTEN GMBH,IT,mastercard,credit
553472,00-99,NETS DENMARK A S,DK,mastercard,credit
553473,00-99,BANCO BRADESCARD S.A.,BR,mastercard,credit
553474,00-99,RED LINK S.A.,AR,mastercard,debit
553475,00-99,BANCO ATLANTIDA S.A.,HN,mastercard,credit
553476,00-99,YOUNIQUE MONEY EDE S.A.U.,ES,mastercard,credit
553477,00-99,COASTAL COMMUNITY BANK,US,mastercard,credit
553478,00-99,BC CARD,KR,mastercard,credit
553479,00-99,PT. BANK RAKYAT INDONESIA (PERSERO),ID,mastercard,credit
553480,00-99,OPTAL FINANCIAL LTD.,GB,mastercard,credit
553481,00-99,JOINT STOCK COMPANY NURBANK,KZ,mastercard,credit
553482,00-99,OPTAL FINANCIAL LTD.,GB,mastercard,credit
553483,00-99,OPTAL FINANCIAL LTD.,GB,mastercard,credit
553484,00-99,CREDIT DU MAROC,MA,mastercard,credit
553485,00-99,CAPITAL ONE (EUROPE) PLC,GB,mastercard,credit
553486,00-99,CITIBANK (CHINA) CO. LTD,CN,mastercard,credit
553487,00-99,TEG FEDERAL CREDIT UNION,US,mastercard,credit
553488,00-99,KEB HANA CARD CO. LTD.,KR,mastercard,credit
553489,00-99,FISERV SOLUTIONS LLC,US,mastercard,debit
553490,00-99,STANDARD CHARTERED BANK (PAKISTAN) LTD.,PK,mastercard,credit
553491,00-99,UNICREDIT BANK SA,RO,mastercard,credit
553492,00-99,BANCO BMG S.A.,BR,mastercard,credit
553493,00-99,CITIBANK A.S.,TR,mastercard,credit
553494,00-99,BANCO COLUMBIA S.A.,AR,mastercard,credit
553495,00-99,SHAZAM INC.,US,mastercard,debit
553496,00-99,AO RAIFFEISENBANK,RU,mastercard,credit
553497,00-99,OPTAL FINANCIAL LTD.,GB,mastercard,credit
553498,00-99,CITIBANK N.A.,US,mastercard,credit
553499,00-99,JOINT STOCK COMPANY BANK 3 4,UA,mastercard,debit
553500,00-99,COMPUTER SERVICES INC.,US,mastercard,credit
553501,00-99,BANK POCZTOWY SPOLKA AKCYJNA,PL,mastercard,debit
553502,00-99,OPTAL FINANCIAL EUROPE LTD.,GB,mastercard,credit
553503,00-99,OPTAL FINANCIAL LTD.,GB,mastercard,credit
553504,00-99,OPTAL FINANCIAL LTD.,GB,mastercard,credit
553505,00-99,OPTAL FINANCIAL EUROPE LTD.,GB,mastercard,credit
553506,00-99,OPTAL FINANCIAL EUROPE LTD.,GB,mastercard,credit
553507,00-99,OPTAL FINANCIAL EUROPE LTD.,GB,mastercard,credit
553508,00-99,OPTAL FINANCIAL EUROPE LTD.,GB,mastercard,credit
553509,00-99,OPTAL FINANCIAL EUROPE LTD.,GB,mastercard,credit
553510,00-99,OPTAL FINANCIAL EUROPE LTD.,GB,mastercard,credit
553511,00-99,EQUATORIAL COMMERCIAL BANK LTD.,KE,mastercard,credit
553512,00-99,BNP PARIBAS BANK POLSKA S.A.,PL,mastercard,credit
553513,00-99,BANCAMIGA BANCO UNIVERSAL C.A.,VE,mastercard,credit
553514,00-99,BANCA MARCH S.A.,ES,mastercard,credit
553515,00-99,HATCH BANK,US,mastercard,credit
553516,00-99,CITIBANK N.A. PUERTO RICO,PR,mastercard,credit
553517,00-99,CITIBANK BERHAD,MY,mastercard,credit
553518,00-99,OPTAL FINANCIAL EUROPE LTD.,GB,mastercard,credit
553519,00-99,OPTAL FINANCIAL EUROPE LTD.,GB,mastercard,credit
553520,00-99,SUNTRUST BANK,US,mastercard,debit
553521,00-99,OPTAL FINANCIAL LTD.,GB,mastercard,credit
553522,00-99,BANCO SOL S.A.,AO,mastercard,credit
553523,00-99,GROUPEMENT INTERBANCAIRE MONETIQUE DE L'UEMOA (GIM-UEMOA),BF,mastercard,debit
553524,00-99,BANCO BRADESCO S.A.,BR,mastercard,credit
553525,00-99,RED LINK S.A.,AR,mastercard,debit
553526,00-99,BANCO MACRO S.A.,AR,mastercard,credit
553527,00-99,BLUE BANK INTERNATIONAL N.V.,CW,mastercard,credit
553528,00-99,BANCO GENERAL S.A.,PA,mastercard,debit
553529,00-99,SANTANDER UK PLC,GB,mastercard,credit
553530,00-99,OLDENBURGISCHE LANDESBANK AG,DE,mastercard,credit
553531,00-99,KB KOOKMIN CARD CO. LTD,KR,mastercard,credit
553532,00-99,CITIBANK N.A. PHILIPPINES,PH,mastercard,credit
553533,00-99,ABU DHABI COMMERCIAL BANK,AE,mastercard,credit
553534,00-99,ACCESS BANK PLC,NG,mastercard,credit
553535,00-99,NUMIA SPA,IT,mastercard,credit
553536,00-99,OPTAL FINANCIAL LTD.,GB,mastercard,credit
553537,00-99,LUFTHANSA AIRPLUS SERVICEKARTEN GMBH,AT,mastercard,credit
553538,00-99,OPTAL FINANCIAL LTD.,GB,mastercard,credit
553539,00-99,WEX EUROPE UK LTD.,ES,mastercard,credit
553540,00-99,I & M BANK LTD.,KE,mastercard,debit
553541,00-99,OPTAL FINANCIAL LTD.,GB,mastercard,credit
553542,00-99,OPTAL FINANCIAL LTD.,GB,mastercard,credit
553543,00-99,OPTAL FINANCIAL LTD.,GB,mastercard,credit
553544,00-99,WEX EUROPE UK LTD.,GB,mastercard,credit
553545,00-99,OPTAL FINANCIAL LTD.,GB,mastercard,credit
553546,00-99,OPTAL FINANCIAL LTD.,GB,mastercard,credit
553547,00-99,OPTAL FINANCIAL LTD.,GB,mastercard,credit
553548,00-99,BANCO SABADELL S.A INSTITUCION DE BANCA MULTIPLE S.A. DE C.V.,MX,mastercard,credit
553549,00-99,OPTAL FINANCIAL LTD.,GB,mastercard,credit
553550,00-99,BBVA PROVINCIAL OVERSEAS N.V.,CW,mastercard,credit
553551,00-99,OPTAL FINANCIAL LTD.,GB,mastercard,credit
553552,00-99,WEX FINANCE INC,AU,mastercard,credit
553553,00-99,OPTAL FINANCIAL LTD.,GB,mastercard,credit
553554,00-99,OPTAL FINANCIAL LTD.,GB,mastercard,credit
553555,00-99,COMPUTER SERVICES INC.,US,mastercard,credit
553556,00-99,OPTAL FINANCIAL LTD.,GB,mastercard,credit
553557,00-99,BMO BANK NATIONAL ASSOCIATION,US,mastercard,credit
553558,00-99,OPTAL FINANCIAL LTD.,GB,mastercard,credit
553559,00-99,ORABANK TOGO,TG,mastercard,debit
553560,00-99,OPTAL FINANCIAL LTD.,GB,mastercard,credit
553561,00-99,COMPUTER SERVICES INC.,US,mastercard,credit
553562,00-99,OPTAL FINANCIAL LTD.,GB,mastercard,credit
553563,00-99,YES BANK LTD.,IN,mastercard,debit
553564,00-99,OPTAL FINANCIAL LTD.,GB,mastercard,credit
553565,00-99,COMPUTER SERVICES INC.,US,mastercard,debit
553566,00-99,OPTAL FINANCIAL LTD.,GB,mastercard,credit
553567,00-99,COMPUTER SERVICES INC.,US,mastercard,debit
553568,00-99,OPTAL FINANCIAL LTD.,GB,mastercard,credit
553569,00-99,U.S. BANK NATIONAL ASSOCIATION,US,mastercard,debit
553570,00-99,OPTAL FINANCIAL LTD.,GB,mastercard,credit
553571,00-99,WORLDLINE FINANCIAL SERVICES (EUROPE) SA,LU,mastercard,debit
553572,00-99,OPTAL FINANCIAL LTD.,GB,mastercard,credit
553573,00-99,DATA CENTER INCORPORATED,US,mastercard,credit
553574,00-99,COMMUNITY FEDERAL SAVINGS BANK,US,mastercard,debit
553575,00-99,OPTAL FINANCIAL LTD.,GB,mastercard,credit
553576,00-99,DATA CENTER INCORPORATED,US,mastercard,credit
553577,00-99,OPTAL FINANCIAL LTD.,GB,mastercard,credit
553578,00-99,DIGITAL COMMERCE BANK,CA,mastercard,debit
553579,00-99,CBM BANCO S.A. INSTITUCION DE BANCA MULTIPLE INTEGRANTE DEL GRUPO FINA,MX,mastercard,credit
553580,00-99,OPTAL FINANCIAL LTD.,GB,mastercard,credit
553581,00-99,PUBLIC JOINT STOCK COMPANY BANK URALSIB,RU,mastercard,credit
553582,00-99,PRVA BANKA CG AD,ME,mastercard,credit
553583,00-99,HDFC BANK LTD.,IN,mastercard,credit
553584,00-99,PUBLIC JOINT STOCK COMPANY BANK URALSIB,RU,mastercard,credit
553585,00-99,OPEN JOINT-STOCK COMPANY XALQ BANK,AZ,mastercard,credit
553586,00-99,JOINT STOCK COMMERCIAL BANK VICTORIABANK,MD,mastercard,credit
553587,00-99,BANK OF NOVA SCOTIA JAMAICA LTD.,JM,mastercard,credit
553588,00-99,SCOTIABANK (BAHAMAS) LTD.,BS,mastercard,credit
553589,00-99,SALT BANK S.A.,RO,mastercard,credit
553590,00-99,SALT BANK S.A.,RO,mastercard,credit
553591,00-99,BANK BPH SPOLKA AKCYJNA,PL,mastercard,credit
553592,00-99,BANQUE DU CAIRE,EG,mastercard,credit
553593,00-99,BANQUE DU CAIRE,EG,mastercard,credit
553594,00-99,CLARA PAGAMENTOS SA,BR,mastercard,credit
553595,00-99,AREEBA S.A.L,LB,mastercard,credit
553596,00-99,CRDB BANK PLC,TZ,mastercard,credit
553597,00-99,EURO KARTENSYSTEME GMBH,DE,mastercard,credit
553598,00-99,OPEN JOINT-STOCK SOCIETY AZER-TURK BANK,AZ,mastercard,credit
553599,00-99,FIFTH THIRD BANK,US,mastercard,credit
553600,00-99,ERSTE BANK HUNGARY ZRT.,HU,mastercard,credit
553601,00-99,,GB,mastercard,credit
553602,00-99,WELLS FARGO BANK N.A.,US,mastercard,credit
553604,00-99,CITIBANK SOUTH DAKOTA N.A.,US,mastercard,credit
553605,00-99,NATIONAL BANK OF DUBAI LTD.,AE,mastercard,credit
553606,00-99,CITIZENS BANK OF RHODE ISLAND,US,mastercard,credit
553607,00-99,BMO HARRIS BANK,US,mastercard,credit
553608,00-99,JOINT STOCK SAVINGS BANK BELARUSBANK,BY,mastercard,credit
553609,00-99,CREDIT UNION PAYMENT CENTER (LIMITED LIABILITY COMPANY),RU,mastercard,credit
553611,00-99,EASTERN BANK LTD.,BD,mastercard,credit
553612,00-99,,SR,mastercard,credit
553613,00-99,CASHFLOWS EUROPE LTD.,CZ,mastercard,debit
553614,00-99,ESWATINI DEVELOPMENT AND SAVINGS BANK,SZ,mastercard,debit
553615,00-99,LOTTE CARD CO. LTD.,KR,mastercard,credit
553616,00-99,CU COOPERATIVE SYSTEMS LLC,US,mastercard,credit
553617,00-99,BANCO SANTANDER S.A.,ES,mastercard,credit
553618,00-99,CHOICE BANK LTD.,BZ,mastercard,debit
553619,00-99,INTERCARD FINANCE A.D.,CZ,mastercard,debit
553620,00-99,BAC INTERNATIONAL BANK INC,PA,mastercard,credit
553621,00-99,UNITED COMMUNITY BANK,US,mastercard,debit
553622,00-99,CREDICORP BANK S.A.,PA,mastercard,credit
553623,00-99,BANESCO S.A.,PA,mastercard,credit
553624,00-99,ITAU UNIBANCO S.A.,BR,mastercard,credit
553625,00-99,BANCO PROMERICA DE COSTA RICA S.A.,CR,mastercard,credit
553626,00-99,PRIVAL BANK S.A.,PA,mastercard,credit
553627,00-99,ADMINISTRADORA DE TARJETAS DE CREDITO (A.T.C.) S.A.,BO,mastercard,credit
553628,00-99,COOPERATIVA NACIONAL DE EDUCADORES R.L.(COOPENAE RL),CR,mastercard,credit
553629,00-99,BALBOA BANK AND TRUST CORP.,PA,mastercard,credit
553630,00-99,ST. GEORGES BANK & COMPANY INC.,PA,mastercard,credit
553631,00-99,BBA BANK N.V.,AW,mastercard,credit
553632,00-99,SAIGON THUONG TIN COMMERCIAL JOINT STOCK BANK,VN,mastercard,debit
553633,00-99,BANCO BBVA ARGENTINA S A,AR,mastercard,credit
553634,00-99,BANCO BOLIVARIANO C.A.,EC,mastercard,credit
553635,00-99,CONSORCIO CREDICARD C.A.,VE,mastercard,credit
553636,00-99,ITAU,BR,mastercard,credit
553637,00-99,ITAU UNIBANCO S.A.,BR,mastercard,credit
553638,00-99,BANCO GGAL S.A.,AR,mastercard,credit
553639,00-99,BANCO SAFRA S/A,BR,mastercard,credit
553640,00-99,NUEVO BANCO DE ENTRE RIOS (BERSA),AR,mastercard,credit
553641,00-99,NUEVO BANCO DE ENTRE RIOS (BERSA),AR,mastercard,credit
553642,00-99,PRODUBANK (PANAMA) S.A. SONIA DE NEWELL,PA,mastercard,credit
553643,00-99,BANCO BILBAO VIZCAYA ARGENTARIA COLOMBIA S.A.,CO,mastercard,credit
553644,00-99,BANCO FINANCIERA COMERCIAL HONDURENA S.A.,HN,mastercard,credit
553645,00-99,CAIXA ECONOMICA FEDERAL,BR,mastercard,credit
553646,00-99,BANCO SUPERVIELLE S.A.,AR,mastercard,credit
553647,00-99,MUTUAL CARTAGO DE AHORRO Y PRESTAMO,CR,mastercard,debit
553648,00-99,BANCO DE LA PAMPA,AR,mastercard,credit
553649,00-99,BANCO MACRO S.A.,AR,mastercard,credit
553650,00-99,BANCO BBVA PERU,PE,mastercard,credit
553651,00-99,SVENSKA HANDELSBANKEN AB,FI,mastercard,credit
553652,00-99,BANCO SANTANDER RIO SA,AR,mastercard,credit
553653,00-99,BANCO GENERAL S.A.,PA,mastercard,credit
553654,00-99,BANCO DAVIVIENDA COSTA RICA S.A.,CR,mastercard,credit
553655,00-99,BANCARD S.A.,PY,mastercard,credit
553656,00-99,SCOTIABANK CHILE,CL,mastercard,credit
553657,00-99,BANCARD S.A.,PY,mastercard,credit
553658,00-99,BANCO MUNICIPAL DE ROSARIO,AR,mastercard,credit
553659,00-99,PORTOSEG S.A. CREDITO FINANCIAMENTO E INVESTIMENTO,BR,mastercard,credit
553660,00-99,BANCO INTERNACIONAL S.A.,EC,mastercard,credit
553661,00-99,BANCO DE BOGOTA S.A.,CO,mastercard,credit
553662,00-99,SCOTIABANK COLPATRIA S.A.,CO,mastercard,credit
553663,00-99,BANCO DIGITAL DE LOS TRABAJADORES BANCO UNIVERSAL C.A.,VE,mastercard,credit
553664,00-99,BANCO CIUDAD DE BUENOS AIRES,AR,mastercard,credit
553665,00-99,ITAU UNIBANCO S.A.,BR,mastercard,credit
553666,00-99,ITAU UNIBANCO S.A.,BR,mastercard,credit
553667,00-99,BANCARD S.A.,PY,mastercard,credit
553668,00-99,BANCO DE LA PROVINCIA DE BUENOS AIRES,AR,mastercard,credit
553669,00-99,BANCO DAYCOVAL S.A.,BR,mastercard,credit
553670,00-99,BANCO SANTANDER RIO SA,AR,mastercard,credit
553671,00-99,BANCO BICENTENARIO BANCO UNIVERSAL C.A.,VE,mastercard,credit
553672,00-99,NUEVO BANCO DE ENTRE RIOS (BERSA),AR,mastercard,credit
553673,00-99,NUEVO BANCO DE ENTRE RIOS (BERSA),AR,mastercard,credit
553674,00-99,FIRST DATA CONO SUR S.R.L.,AR,mastercard,credit
553675,00-99,BANCO ALIADO S.A.,PA,mastercard,credit
553676,00-99,BANCO ATLANTIDA S.A.,HN,mastercard,credit
553677,00-99,BANCO DE MACHALA S.A.,EC,mastercard,credit
553678,00-99,FIRST DATA CONO SUR S.R.L.,AR,mastercard,credit
553679,00-99,LENDINGCLUB BANK NATIONAL ASSOCIATION,US,mastercard,debit
553680,00-99,KEYBANK NATIONAL ASSOCIATION,US,mastercard,debit
553681,00-99,FIFTH THIRD BANK,US,mastercard,debit
553682,00-99,AXIS BANK LTD.,IN,mastercard,debit
553683,00-99,AXIS BANK LTD.,IN,mastercard,debit
553684,00-99,AXIS BANK LTD.,IN,mastercard,debit
553685,00-99,,FR,mastercard,credit
553686,00-99,OLD NATIONAL BANK,US,mastercard,debit
553687,00-99,EXIM BANCA ROMANEASCA SA,RO,mastercard,debit
553688,00-99,ALPHA BANK ROMANIA S.A.,RO,mastercard,debit
553689,00-99,ING BANK N.V. AMSTERDAM BUCHAREST BRANCH,RO,mastercard,debit
553690,00-99,PJSC ROSBANK,RU,mastercard,debit
553691,00-99,TINKOFF BANK,RU,mastercard,debit
553692,00-99,RAIFFEISEN BANK S.A.,RO,mastercard,credit
553693,00-99,SUNTRUST,US,mastercard,debit
553694,00-99,TRUIST BANKS INC.,US,mastercard,debit
553695,00-99,RAIFFEISEN BANK S.A.,RO,mastercard,credit
553699,00-99,EVO PAYMENTS INTERNATIONAL GMBH,ES,mastercard,credit
553700,00-99,FISERV SOLUTIONS LLC,US,mastercard,debit
553701,00-99,FISERV SOLUTIONS LLC,US,mastercard,debit
553702,00-99,FISERV SOLUTIONS LLC,US,mastercard,debit
553703,00-99,FIFTH THIRD BANK,US,mastercard,debit
553704,00-99,PULSE NETWORK LLC,US,mastercard,debit
553705,00-99,TRANSPORTATION ALLIANCE BANK INC.,US,mastercard,debit
553706,00-99,GPAY NETWORK M SDN BHD,MY,mastercard,debit
553707,00-99,PIERMONT BANK,US,mastercard,debit
553708,00-99,FISERV SOLUTIONS INC.,US,mastercard,debit
553709,00-99,JACK HENRY & ASSOCIATES,US,mastercard,debit
553710,00-99,BOKF NATIONAL ASSOCIATION,US,mastercard,debit
553711,00-99,JACK HENRY & ASSOCIATES,US,mastercard,debit
553712,00-99,FISERV SOLUTIONS LLC,US,mastercard,debit
553713,00-99,PSCU INCORPORATED,US,mastercard,debit
553714,00-99,JACK HENRY AND ASSOCIATES,US,mastercard,debit
553715,00-99,FISERV SOLUTIONS LLC,US,mastercard,debit
553716,00-99,SHAZAM INC.,US,mastercard,debit
553717,00-99,FIFTH THIRD BANK,US,mastercard,debit
553718,00-99,FISERV SOLUTIONS LLC,US,mastercard,debit
553719,00-99,COMPUTER SERVICES INC.,US,mastercard,debit
553720,00-99,FIFTH THIRD PROCESSING SOLUTIONS INC.,US,mastercard,credit
553721,00-99,GREENFIELD COOPERATIVE BANK,US,mastercard,debit
553722,00-99,JACK HENRY & ASSOCIATES,US,mastercard,debit
553723,00-99,COMPUTER SERVICES INC.,US,mastercard,debit
553724,00-99,CU COOPERATIVE SYSTEMS,US,mastercard,debit
553725,00-99,BANQUE CENTRALE POPULAIRE,CM,mastercard,debit
553726,00-99,FIDELITY INFORMATION SERVICES INC.,US,mastercard,debit
553727,00-99,BC CARD CO. LTD.,KR,mastercard,credit
553728,00-99,PSCU INCORPORATED,US,mastercard,debit
553729,00-99,U.S. BANK N.A.,US,mastercard,debit
553730,00-99,FISERV SOLUTIONS LLC,US,mastercard,debit
553731,00-99,FIFTH THIRD BANK,US,mastercard,debit
553732,00-99,SUTTON BANK,US,mastercard,debit
553733,00-99,CHASE PAYMENTECH EUROPE LTD.,IE,mastercard,credit
553734,00-99,LOUISIANA FEDERAL CREDIT UNION,US,mastercard,debit
553735,00-99,AXIS BANK LTD.,IN,mastercard,debit
553736,00-99,CAJA CENTRAL FINANCOOP,EC,mastercard,credit
553737,00-99,FIDELITY INFORMATION SERVICES INC.,US,mastercard,debit
553738,00-99,FISERV SOLUTIONS LLC,US,mastercard,debit
553739,00-99,BANQUE CENTRALE POPULAIRE,CI,mastercard,debit
553740,00-99,CU COOPERATIVE SYSTEMS LLC,US,mastercard,debit
553741,00-99,COMPUTER SERVICES INC.,US,mastercard,debit
553742,00-99,STIFEL BANK,US,mastercard,credit
553743,00-99,DUPACO,US,mastercard,debit
553744,00-99,CALIFORNIA COAST CREDIT UNION,US,mastercard,debit
553745,00-99,FISERV SOLUTIONS LLC,US,mastercard,debit
553746,00-99,FISERV SOLUTIONS LLC,US,mastercard,debit
553747,00-99,JACK HENRY & ASSOCIATES,US,mastercard,debit
553748,00-99,JACK HENRY & ASSOCIATES,US,mastercard,debit
553749,00-99,RIO GRANDE CREDIT UNION,US,mastercard,debit
553750,00-99,NETWORK INTERNATIONAL LLC,AE,mastercard,credit
553751,00-99,FIDELITY INFORMATION SERVICES INC.,US,mastercard,debit
553752,00-99,PEOPLE'S UNITED BANK,US,mastercard,debit
553753,00-99,JACK HENRY & ASSOCIATES,US,mastercard,debit
553754,00-99,FISERV SOLUTIONS LLC,US,mastercard,debit
553755,00-99,JACK HENRY & ASSOCIATES,US,mastercard,debit
553756,00-99,REPUBLIC BANK LTD.,VG,mastercard,credit
553757,00-99,JACK HENRY & ASSOCIATES,US,mastercard,debit
553758,00-99,SHAZAM INC.,US,mastercard,debit
553759,00-99,BANQUE CENTRALE POPULAIRE,ML,mastercard,debit
553760,00-99,ICBA BANCARD INC.,US,mastercard,debit
553761,00-99,FISERV SOLUTIONS LLC,US,mastercard,debit
553762,00-99,CU COOPERATIVE SYSTEMS LLC,US,mastercard,debit
553763,00-99,LIBYAN ISLAMIC BANK,LY,mastercard,debit
553764,00-99,CATALYST CORPORATE FEDERAL CREDIT UNION,US,mastercard,debit
553765,00-99,FISERV SOLUTIONS LLC,US,mastercard,debit
553766,00-99,FIFTH THIRD BANK,US,mastercard,debit
553767,00-99,NATIONAL BANK OF EGYPT,EG,mastercard,debit
553768,00-99,FISERV SOLUTIONS LLC,US,mastercard,debit
553769,00-99,BUSEY BANK,US,mastercard,debit
553770,00-99,FIRST COLEBROOK,US,mastercard,debit
553771,00-99,BANCO DE LA NACION ARGENTINA,AR,mastercard,debit
553772,00-99,SUNRISE BANKS NATIONAL ASSOCIATION,US,mastercard,debit
553773,00-99,PIERMONT BANK,US,mastercard,debit
553774,00-99,BOKF NATIONAL ASSOCIATION,US,mastercard,credit
553775,00-99,FIRST NATIONAL BANK OF LOUISIANA,US,mastercard,debit
553776,00-99,FIDELITY INFORMATION SERVICES INC.,US,mastercard,debit
553777,00-99,BANCO DE LA NACION ARGENTINA,AR,mastercard,debit
553778,00-99,U.S. BANK N.A.,US,mastercard,debit
553779,00-99,GLOBAL STAR FINANCE LTD.,GB,mastercard,debit
553780,00-99,FIFTH THIRD BANK,US,mastercard,debit
553781,00-99,FISERV SOLUTIONS LLC,US,mastercard,debit
553782,00-99,FISERV SOLUTIONS LLC,US,mastercard,debit
553783,00-99,FIDELITY INFORMATION SERVICES INC.,US,mastercard,debit
553784,00-99,FISERV SOLUTIONS LLC,US,mastercard,debit
553785,00-99,CU COOPERATIVE SYSTEMS LLC,US,mastercard,debit
553786,00-99,JACK HENRY & ASSOCIATES,US,mastercard,debit
553787,00-99,FISERV SOLUTIONS LLC,US,mastercard,debit
553788,00-99,ST. ANNES CREDIT UNION,US,mastercard,debit
553789,00-99,BANQUE CENTRALE POPULAIRE,NE,mastercard,debit
553790,00-99,FISERV SOLUTIONS LLC,US,mastercard,debit
553791,00-99,CU COOPERATIVE SYSTEMS LLC,US,mastercard,debit
553792,00-99,BANQUE CENTRALE POPULAIRE,TG,mastercard,debit
553793,00-99,KEYBANK N.A.,US,mastercard,credit
553794,00-99,PSCU INCORPORATED,US,mastercard,debit
553795,00-99,REPUBLIC BANK OF CHICAGO,US,mastercard,credit
553796,00-99,JUMHOURIA BANK,LY,mastercard,debit
553797,00-99,FIRST MERCHANTS BANK,US,mastercard,debit
553798,00-99,U.S. BANK N.A.,US,mastercard,debit
553799,00-99,USAA FEDERAL SAVINGS BANK,US,mastercard,debit
553800,00-99,BANCO VE POR MAS S.A. IBM GRUPO FINANCIERO VE POR MAS,MX,mastercard,debit
553801,00-99,EXIM BANK (TANZANIA) LTD.,DJ,mastercard,debit
553802,00-99,LAKE FOREST BANK & TRUST COMPANY N.A.,US,mastercard,debit
553803,00-99,FISERV SOLUTIONS LLC,US,mastercard,debit
553804,00-99,U.S. BANK N.A.,US,mastercard,debit
553805,00-99,FISERV SOLUTIONS LLC,US,mastercard,debit
553806,00-99,COMMERCIAL BANK OF CEYLON PLC,LK,mastercard,debit
553807,00-99,BANZPAY TECHNOLOGY LTD.,CK,mastercard,debit
553808,00-99,FISERV SOLUTIONS LLC,US,mastercard,debit
553809,00-99,STAR PROCESSING INC.,US,mastercard,debit
553810,00-99,FISERV TRANSACTION SERVICES LLC,US,mastercard,debit
553811,00-99,THE FIRST BANK,US,mastercard,debit
553812,00-99,CHASE PAYMENTECH EUROPE LTD.,IE,mastercard,credit
553813,00-99,JAIZ BANK PLC,NG,mastercard,debit
553814,00-99,CU COOPERATIVE SYSTEMS LLC,US,mastercard,debit
553815,00-99,FISERV SOLUTIONS LLC,US,mastercard,debit
553816,00-99,FISERV TRANSACTION SERVICES LLC,US,mastercard,debit
553817,00-99,STAR PROCESSING INC.,US,mastercard,debit
553818,00-99,FISERV SOLUTIONS LLC,US,mastercard,debit
553819,00-99,FISERV SOLUTIONS INC.,US,mastercard,debit
553820,00-99,WOORICARD CO. LTD,KR,mastercard,debit
553821,00-99,COMPUTER SERVICES INC.,US,mastercard,debit
553822,00-99,BANK OF AMERICA NATIONAL ASSOCIATION,US,mastercard,debit
553823,00-99,FISERV SOLUTIONS LLC,US,mastercard,debit
553824,00-99,FISERV SOLUTIONS LLC,US,mastercard,debit
553825,00-99,PSCU FINANCIAL SERVICES INC.,US,mastercard,debit
553826,00-99,ICBA BANCARD INC.,US,mastercard,debit
553827,00-99,TYME CORPORATION,US,mastercard,debit
553828,00-99,PSCU INCORPORATED,US,mastercard,debit
553829,00-99,COMPUTER SERVICES INC.,US,mastercard,debit
553830,00-99,FIRST BANK OF NIGERIA PLC,SN,mastercard,debit
553831,00-99,BC CARD,KR,mastercard,debit
553832,00-99,BBVA BANCOMER SA INSTIT. DE BANCA MULTIPLE GRUPO FINANCIER,MX,mastercard,credit
553833,00-99,FIDELITY INFORMATION SERVICES INC.,US,mastercard,debit
553834,00-99,STAR PROCESSING INC.,US,mastercard,debit
553835,00-99,FISERV SOLUTIONS LLC,US,mastercard,debit
553836,00-99,CU COOPERATIVE SYSTEMS LLC,US,mastercard,debit
553837,00-99,FIDELITY INFORMATION SERVICES INC.,US,mastercard,debit
553838,00-99,DATA CENTER INCORPORATED,US,mastercard,debit
553839,00-99,BANCO COINAG S.A.,AR,mastercard,debit
553840,00-99,FISERV SOLUTIONS LLC,US,mastercard,debit
553841,00-99,JACK HENRY & ASSOCIATES,US,mastercard,debit
553842,00-99,FIDELITY INFORMATION SERVICES INC.,US,mastercard,debit
553843,00-99,FISERV SOLUTIONS LLC,US,mastercard,debit
553844,00-99,NORTH SHORE BANK,US,mastercard,debit
553845,00-99,COMPUTER SERVICES INC.,US,mastercard,debit
553846,00-99,CU COOPERATIVE SYSTEMS LLC,US,mastercard,debit
553847,00-99,FIDELITY INFORMATION SERVICES INC.,US,mastercard,debit
553848,00-99,FISERV SOLUTIONS LLC,US,mastercard,debit
553849,00-99,U.S. BANK N.A.,US,mastercard,debit
553850,00-99,NEEDHAM BANK,US,mastercard,debit
553851,00-99,FIFTH THIRD BANK,US,mastercard,debit
553852,00-99,STAR PROCESSING INC.,US,mastercard,debit
553853,00-99,COPPER STATE CREDIT UNION,US,mastercard,debit
553854,00-99,PSCU INCORPORATED,US,mastercard,debit
553855,00-99,FISERV SOLUTIONS LLC,US,mastercard,debit
553856,00-99,COMPUTER SERVICES INC.,US,mastercard,debit
553857,00-99,FIDELITY INFORMATION SERVICES INC.,US,mastercard,debit
553858,00-99,STOCK YARDS BANK & TRUST COMPANY,US,mastercard,debit
553859,00-99,FIDELITY INFORMATION SERVICES INC.,US,mastercard,debit
553860,00-99,FIFTH THIRD BANK,US,mastercard,debit
553861,00-99,DIETERICH BANK,US,mastercard,debit
553862,00-99,FIFTH THIRD BANK,US,mastercard,debit
553863,00-99,FISERV SOLUTIONS LLC,US,mastercard,debit
553864,00-99,FISERV SOLUTIONS INC.,US,mastercard,debit
553865,00-99,FISERV SOLUTIONS LLC,US,mastercard,debit
553866,00-99,FIRST BANK OF NIGERIA PLC,GN,mastercard,debit
553867,00-99,FIDELITY INFORMATION SERVICES INC.,US,mastercard,debit
553868,00-99,FISERV SOLUTIONS LLC,US,mastercard,debit
553869,00-99,CHEMICAL BANKA DIVISION OF TCF NB,US,mastercard,debit
553870,00-99,ALTERNATIFBANK A.S.,TR,mastercard,debit
553871,00-99,LENDINGCLUB BANK NATIONAL ASSOCIATION,US,mastercard,debit
553872,00-99,FISERV TRANSACTION SERVICES LLC,US,mastercard,debit
553873,00-99,COMPUTER SERVICES INC.,US,mastercard,debit
553874,00-99,FIDELITY INFORMATION SERVICES INC.,US,mastercard,debit
553875,00-99,CATALYST CORPORATE FEDERAL CREDIT UNION,US,mastercard,debit
553876,00-99,STANDARD CHARTERED BANK (PAKISTAN) LTD.,PK,mastercard,debit
553877,00-99,STAR PROCESSING INC.,US,mastercard,debit
553878,00-99,PSCU INCORPORATED,US,mastercard,debit
553879,00-99,FIDELITY INFORMATION SERVICES INC.,US,mastercard,debit
553880,00-99,SHAZAM INC.,US,mastercard,debit
553881,00-99,FISERV SOLUTIONS INC.,US,mastercard,debit
553882,00-99,FISERV SOLUTIONS INC.,US,mastercard,debit
553883,00-99,CU COOPERATIVE SYSTEMS,US,mastercard,debit
553884,00-99,CITIBANK N.A.,AR,mastercard,debit
553885,00-99,CITIBANK N.A.,AR,mastercard,debit
553886,00-99,CITIBANK N.A.,AR,mastercard,debit
553887,00-99,FREEDOM CREDIT UNION,US,mastercard,debit
553888,00-99,STAR PROCESSING INC.,US,mastercard,debit
553889,00-99,COMMUNITY FIRST BANK,US,mastercard,debit
553890,00-99,MASTERCAJAS S.A.,ES,mastercard,debit
553891,00-99,FISERV SOLUTIONS LLC,US,mastercard,debit
553892,00-99,U.S. BANK N.A.,US,mastercard,debit
553893,00-99,SERVIRED SOCIEDAD ESPANOLA DE MEDIOS DE PAGO S.A.,ES,mastercard,credit
553894,00-99,FIDELITY INFORMATION SERVICES INC.,US,mastercard,debit
553895,00-99,JACK HENRY & ASSOCIATES,US,mastercard,debit
553896,00-99,BNB BANK,US,mastercard,debit
553897,00-99,FIFTH THIRD PROCESSING SOLUTIONS INC.,US,mastercard,debit
553898,00-99,JACK HENRY & ASSOCIATES,US,mastercard,debit
553899,00-99,CREDIT MUTUEL ARKEA,FR,mastercard,debit
553900,00-99,FISERV SOLUTIONS LLC,US,mastercard,debit
553901,00-99,TBI MONEY IFN S.A.,RO,mastercard,debit
553902,00-99,FISERV SOLUTIONS LLC,US,mastercard,debit
553903,00-99,FIFTH THIRD BANK,US,mastercard,debit
553904,00-99,FISERV SOLUTIONS INC.,US,mastercard,debit
553905,00-99,UNICREDIT BANK SA,RO,mastercard,debit
553906,00-99,BANCO SANTANDER TOTTA S.A.,PT,mastercard,debit
553907,00-99,MICHIGAN EDUCATIONAL CREDIT UNION,US,mastercard,debit
553908,00-99,STATE EMPLOYEES CREDIT UNION,US,mastercard,debit
553909,00-99,CREDIT UNION PAYMENT CENTER (LIMITED LIABILITY COMPANY),RU,mastercard,debit
553910,00-99,NOVA BANKA AD BANJA LUKA,BA,mastercard,debit
553911,00-99,BANCA TRANSILVANIA S.A.,RO,mastercard,debit
553912,00-99,MAX IT FINANCE LTD.,IL,mastercard,debit
553913,00-99,FIFTH THIRD BANK,US,mastercard,debit
553914,00-99,FIFTH THIRD BANK,US,mastercard,debit
553915,00-99,FISERV SOLUTIONS LLC,US,mastercard,debit
553916,00-99,MASTERCAJAS S.A.,ES,mastercard,debit
553917,00-99,JACK HENRY AND ASSOCIATES,US,mastercard,debit
553918,00-99,CPCU,US,mastercard,debit
553919,00-99,PSCU INCORPORATED,US,mastercard,debit
553920,00-99,U.S. BANK N.A.,US,mastercard,debit
553921,00-99,CORNERCARD UK LTD.,IE,mastercard,debit
553922,00-99,STAR PROCESSING INC.,US,mastercard,debit
553923,00-99,COMMUNITY TRUST CREDIT UNION,US,mastercard,debit
553924,00-99,ICBA BANCARD INC.,US,mastercard,debit
553925,00-99,FIFTH THIRD BANK,US,mastercard,debit
553926,00-99,STAR PROCESSING INC.,US,mastercard,debit
553927,00-99,CASHFLOWS EUROPE LTD.,GB,mastercard,debit
553928,00-99,,HU,mastercard,credit
553929,00-99,UNION STATE,US,mastercard,debit
553930,00-99,FISERV SOLUTIONS INC.,US,mastercard,debit
553931,00-99,FISERV SOLUTIONS LLC,US,mastercard,debit
553932,00-99,CU COOPERATIVE SYSTEMS,US,mastercard,debit
553933,00-99,FISERV SOLUTIONS LLC,US,mastercard,debit
553934,00-99,FISERV SOLUTIONS LLC,US,mastercard,debit
553935,00-99,U.S. BANK N.A.,US,mastercard,debit
553936,00-99,FISERV SOLUTIONS LLC,US,mastercard,debit
553937,00-99,FIO BANKA A.S.,CZ,mastercard,debit
553938,00-99,FISERV SOLUTIONS LLC,US,mastercard,debit
553939,00-99,ICBA BANCARD INC.,US,mastercard,debit
553940,00-99,MAGYAR TAKAREKSZOVEKEZETI BANK RT. (BANK OF HUNGARIAN SAVINGS COOPERAT,HU,mastercard,debit
553941,00-99,STAR PROCESSING INC.,US,mastercard,debit
553942,00-99,SHINHAN CARD CO. LTD.,KR,mastercard,credit
553943,00-99,AXA BANK EUROPE N.V.,HU,mastercard,debit
553944,00-99,FISERV TRANSACTION SERVICES LLC,US,mastercard,debit
553945,00-99,DATA CENTER INCORPORATED,US,mastercard,debit
553946,00-99,FISERV SOLUTIONS LLC,US,mastercard,debit
553947,00-99,FISERV SOLUTIONS LLC,US,mastercard,debit
553948,00-99,FIDELITY INFORMATION SERVICES INC.,US,mastercard,debit
553949,00-99,EURO KARTENSYSTEME GMBH,DE,mastercard,debit
553950,00-99,FISERV SOLUTIONS LLC,US,mastercard,debit
553951,00-99,JACK HENRY & ASSOCIATES,US,mastercard,debit
553952,00-99,FISERV SOLUTIONS LLC,US,mastercard,debit
553953,00-99,CAJA CENTRAL FINANCOOP,EC,mastercard,credit
553954,00-99,HL BANK,SG,mastercard,debit
553955,00-99,ICBA BANCARD INC.,US,mastercard,debit
553956,00-99,STAR PROCESSING INC.,US,mastercard,debit
553957,00-99,CAIXA GERAL DE DEPOSITOS SA,PT,mastercard,debit
553958,00-99,FIDELITY INFORMATION SERVICES INC.,US,mastercard,debit
553959,00-99,FIFTH THIRD BANK,US,mastercard,debit
553960,00-99,CU COOPERATIVE SYSTEMS LLC,US,mastercard,debit
553961,00-99,LOOKOUT FEDERAL CREDIT UNION,US,mastercard,debit
553962,00-99,MASTERCAJAS S.A.,ES,mastercard,debit
553963,00-99,CURVE UK LTD.,ES,mastercard,debit
553964,00-99,PJSC ROSBANK,RU,mastercard,debit
553965,00-99,,HU,mastercard,debit
553966,00-99,ALIOR BANK SPOLKA AKCYJNA,RO,mastercard,debit
553967,00-99,JACK HENRY & ASSOCIATES,US,mastercard,debit
553968,00-99,LOWELL FIVE CENT SAVINGS BANK,US,mastercard,debit
553969,00-99,FISERV TRANSACTION SERVICES LLC,US,mastercard,debit
553970,00-99,SBERBANK HUNGARY LTD.,HU,mastercard,debit
553971,00-99,FISERV SOLUTIONS LLC,US,mastercard,debit
553972,00-99,COMPUTER SERVICES INC.,US,mastercard,debit
553973,00-99,CARD SERVICES FOR CREDIT UNIONS INC.,US,mastercard,debit
553974,00-99,PATRIA BANK S.A.,RO,mastercard,debit
553975,00-99,SBERBANK HUNGARY LTD.,HU,mastercard,debit
553976,00-99,PJSC ROSBANK,RU,mastercard,credit
553977,00-99,EVANS BANK NATIONAL ASSOCIATION,US,mastercard,debit
553978,00-99,BANCO SANTANDER S.A.,ES,mastercard,debit
553979,00-99,CREDIT AGRICOLE S.A.,FR,mastercard,debit
553980,00-99,FISERV SOLUTIONS LLC,US,mastercard,debit
553981,00-99,AUSTIN BANK TEXAS N.A.,US,mastercard,debit
553982,00-99,FISERV SOLUTIONS LLC,US,mastercard,debit
553983,00-99,BOKF NATIONAL ASSOCIATION,US,mastercard,debit
553984,00-99,JACK HENRY & ASSOCIATES,US,mastercard,debit
553985,00-99,PLAINSCAPITAL BANK,US,mastercard,debit
553986,00-99,SC CITADELE BANKA,LT,mastercard,debit
553987,00-99,INDEPENDENT BANK,US,mastercard,debit
553988,00-99,FISERV SOLUTIONS LLC,US,mastercard,debit
553989,00-99,AUSTIN BANK TEXAS N.A.,US,mastercard,debit
553990,00-99,NETWORK INTERNATIONAL LLC,AE,mastercard,debit
553991,00-99,PSCU INCORPORATED,US,mastercard,debit
553992,00-99,PSCU INCORPORATED,US,mastercard,debit
553993,00-99,CREDIT MUTUEL ARKEA,FR,mastercard,debit
553994,00-99,FIDELITY INFORMATION SERVICES INC.,US,mastercard,debit
553995,00-99,STAR PROCESSING INC.,US,mastercard,debit
553996,00-99,ALIOR BANK SPOLKA AKCYJNA,RO,mastercard,debit
553997,00-99,BANKIA S.A.,ES,mastercard,debit
553998,00-99,PSCU INCORPORATED,US,mastercard,debit
553999,00-99,JACK HENRY & ASSOCIATES,US,mastercard,debit
554000,00-99,MASTERCAJAS S.A.,ES,mastercard,credit
554001,00-99,BANCO SABADELL S.A.,ES,mastercard,debit
554002,00-99,MASTERCAJAS S.A.,ES,mastercard,credit
554003,00-99,IBERCAJA BANCO S.A.,ES,mastercard,credit
554004,00-99,SOUTH STATE BANK N.A.,US,mastercard,debit
554005,00-99,CU COOPERATIVE SYSTEMS,US,mastercard,debit
554006,00-99,ICICI BANK LTD.,IN,mastercard,credit
554007,00-99,MASTERCAJAS S.A.,ES,mastercard,credit
554008,00-99,CAIXABANK S.A.,ES,mastercard,credit
554009,00-99,,ES,mastercard,credit
554010,00-99,CAIXABANK S.A.,ES,mastercard,credit
554011,00-99,MASTERCAJAS S.A.,ES,mastercard,credit
554012,00-99,SIDNEY FEDERAL CREDIT UNION,US,mastercard,debit
554013,00-99,MASTERCAJAS S.A.,ES,mastercard,credit
554014,00-99,MASTERCAJAS S.A.,ES,mastercard,debit
554015,00-99,MASTERCAJAS S.A.,ES,mastercard,credit
554016,00-99,KUTXA BANK S.A.,ES,mastercard,credit
554017,00-99,BANCO INTERAMERICANO DE FINANZAS,PE,mastercard,credit
554018,00-99,CHINA CITIC BANK,CN,mastercard,credit
554019,00-99,MASTERCAJAS S.A.,ES,mastercard,debit
554020,00-99,MASTERCAJAS S.A.,ES,mastercard,debit
554021,00-99,MASTERCAJAS S.A.,ES,mastercard,credit
554022,00-99,CAIXABANK S.A.,ES,mastercard,credit
554023,00-99,CAIXABANK S.A.,ES,mastercard,credit
554024,00-99,CAIRO AMMAN BANK PLC,JO,mastercard,credit
554025,00-99,MASTERCAJAS S.A.,ES,mastercard,credit
554026,00-99,MASTERCAJAS S.A.,ES,mastercard,credit
554027,00-99,MASTERCAJAS S.A.,ES,mastercard,credit
554028,00-99,EASTERN BANK PLC.,BD,mastercard,debit
554029,00-99,MASTERCAJAS S.A.,ES,mastercard,credit
554030,00-99,MASTERCAJAS S.A.,ES,mastercard,credit
554031,00-99,IBERCAJA BANCO S.A.,ES,mastercard,credit
554032,00-99,BANKIA S.A.,ES,mastercard,credit
554033,00-99,IBERCAJA BANCO S.A.,ES,mastercard,credit
554034,00-99,DENIZBANK A.S.,TR,mastercard,credit
554035,00-99,BANKIA S.A.,ES,mastercard,credit
554036,00-99,CAIXABANK S.A.,ES,mastercard,credit
554037,00-99,FINSTELLA LTD.,LU,mastercard,credit
554038,00-99,NEPAL INVESTMENT BANK LTD.,NP,mastercard,debit
554039,00-99,EASY PAYMENT SERVICES EOOD,ES,mastercard,debit
554040,00-99,BANKIA S.A.,ES,mastercard,credit
554041,00-99,BANKIA S.A.,ES,mastercard,credit
554042,00-99,CAIXABANK S.A.,ES,mastercard,debit
554043,00-99,MASTERCAJAS S.A.,ES,mastercard,debit
554044,00-99,CAIXABANK S.A.,ES,mastercard,credit
554045,00-99,ASIA UNITED BANK CORPORATION,PH,mastercard,debit
554046,00-99,SCOTIABANK PERU S.A.A.,PE,mastercard,credit
554047,00-99,MASTERCAJAS S.A.,ES,mastercard,credit
554048,00-99,MASTERCAJAS S.A.,ES,mastercard,credit
554049,00-99,LOTTE CARD CO. LTD.,KR,mastercard,credit
554050,00-99,NATIONAL BANK OF DOMINICA LTD.,DM,mastercard,credit
554051,00-99,FISERV SOLUTIONS LLC,US,mastercard,debit
554052,00-99,MASTERCAJAS S.A.,ES,mastercard,credit
554053,00-99,MASTERCAJAS S.A.,ES,mastercard,credit
554054,00-99,MASTERCAJAS S.A.,ES,mastercard,debit
554055,00-99,MASTERCAJAS S.A.,ES,mastercard,credit
554056,00-99,MASTERCAJAS S.A.,ES,mastercard,credit
554057,00-99,BANCO SABADELL S.A.,ES,mastercard,credit
554058,00-99,MASTERCAJAS S.A.,ES,mastercard,credit
554059,00-99,CAIXABANK S.A.,ES,mastercard,credit
554060,00-99,,ES,mastercard,credit
554061,00-99,MASTERCAJAS S.A.,ES,mastercard,credit
554062,00-99,MASTERCAJAS S.A.,ES,mastercard,debit
554063,00-99,FISERV SOLUTIONS LLC,US,mastercard,debit
554064,00-99,MASTERCAJAS S.A.,ES,mastercard,credit
554065,00-99,SANTANDER CONSUMER FINANCE S.A.,ES,mastercard,credit
554066,00-99,FIRST HEARTLAND JUSAN BANK JOINT STOCK COMPANY,KZ,mastercard,debit
554067,00-99,BANCO COLUMBIA S.A.,AR,mastercard,debit
554068,00-99,MASTERCAJAS S.A.,ES,mastercard,credit
554069,00-99,BANCO DO ESTADO DO PARA S.A.,BR,mastercard,credit
554070,00-99,MASTERCAJAS S.A.,ES,mastercard,credit
554071,00-99,SBM BANK (INDIA) LTD.,IN,mastercard,credit
554072,00-99,LEWIS AND CLARK BANK,US,mastercard,debit
554073,00-99,PJSC ROSBANK,RU,mastercard,credit
554074,00-99,DIGITAL COMMERCE BANK,CA,mastercard,debit
554075,00-99,SOUTH AFRICAN POSTBANK SOC LTD.,ZA,mastercard,debit
554076,00-99,BNP PARIBAS,BE,mastercard,debit
554077,00-99,FIDELITY INFORMATION SERVICES INC.,US,mastercard,debit
554078,00-99,MASTERCAJAS S.A.,ES,mastercard,credit
554079,00-99,BARCLAYS BANK DELAWARE,US,mastercard,credit
554080,00-99,MASTERCAJAS S.A.,ES,mastercard,debit
554081,00-99,REV AUSTRALIA PTY LTD.,AU,mastercard,debit
554082,00-99,MASTERCAJAS S.A.,ES,mastercard,debit
554083,00-99,CAIXABANK S.A.,ES,mastercard,credit
554084,00-99,CAIXABANK S.A.,ES,mastercard,credit
554085,00-99,COMMUNITY CHOICE CREDIT UNION,US,mastercard,debit
554086,00-99,BANCO POPULAR Y DE DESARROLLO COMUNAL,CR,mastercard,credit
554087,00-99,BANCO PLAZA C.A.,VE,mastercard,debit
554088,00-99,CHINA GUANGFA BANK CO. LTD,CN,mastercard,credit
554089,00-99,AFRICAN BANKING CORPORATION LTD.,KE,mastercard,debit
554090,00-99,FISERV SOLUTIONS LLC,US,mastercard,debit
554091,00-99,CREDIT HUMAN FEDERAL CREDIT UNION,US,mastercard,credit
554092,00-99,STARION BANK,US,mastercard,credit
554093,00-99,COMPUTER SERVICES INC.,US,mastercard,debit
554094,00-99,RAPYD HOLDINGS PTE LTD.,SG,mastercard,debit
554095,00-99,COMPUTER SERVICES INC.,US,mastercard,debit
554096,00-99,MERCADOLIBRE SA DE CV INSTITUCION DE FONDOS DE PAGO ELECTRONICO,MX,mastercard,debit
554097,00-99,SWILE PAYMENT SAS,FR,mastercard,debit
554098,00-99,FISERV SOLUTIONS LLC,US,mastercard,debit
554099,00-99,MASTERCAJAS S.A.,ES,mastercard,credit
554100,00-99,,US,mastercard,credit
554101,00-99,,FR,mastercard,credit
554102,00-99,,ES,mastercard,credit
554103,00-99,,ES,mastercard,credit
554105,00-99,,ES,mastercard,credit
554106,00-99,,CO,mastercard,credit
554108,00-99,WELLS FARGO FINANCIAL CORPORATION CANADA,CA,mastercard,credit
554109,00-99,UNITED OVERSEAS BANK (THAI) PUBLIC CO. LTD.,TH,mastercard,credit
554110,00-99,FISERV SOLUTIONS LLC,US,mastercard,debit
554111,00-99,SIMMONS BANK,US,mastercard,debit
554112,00-99,BARCLAYS BANK PLC,GB,mastercard,credit
554113,00-99,CENTRAL PACIFIC BANK,US,mastercard,credit
554114,00-99,,US,mastercard,credit
554117,00-99,,US,mastercard,credit
554118,00-99,FIRST CITIZENS BANK,US,mastercard,credit
554120,00-99,,ES,mastercard,credit
554121,00-99,,US,mastercard,credit
554122,00-99,,US,mastercard,credit
554123,00-99,MERRICK BANK CORPORATION,US,mastercard,credit
554124,00-99,,ES,mastercard,credit
554125,00-99,SIMMONS FIRST NATIONAL BANK,US,mastercard,credit
554126,00-99,,DE,mastercard,credit
554128,00-99,,ES,mastercard,credit
554129,00-99,,US,mastercard,credit
554130,00-99,,ES,mastercard,credit
554131,00-99,VELOBANK S.A.,PL,mastercard,credit
554132,00-99,CSCBANK SAL,AF,mastercard,credit
554133,00-99,,US,mastercard,credit
554134,00-99,KUWAIT INTERNATIONAL BANK,KW,mastercard,debit
554135,00-99,MISSION VALLEY BANK,US,mastercard,credit
554136,00-99,HARRIS N.A.,US,mastercard,credit
554137,00-99,SVENSKA HANDELSBANKEN AB,SE,mastercard,credit
554138,00-99,,ES,mastercard,credit
554139,00-99,,ES,mastercard,credit
554140,00-99,,US,mastercard,credit
554141,00-99,,US,mastercard,credit
554142,00-99,,AR,mastercard,credit
554143,00-99,,ES,mastercard,credit
554144,00-99,,ES,mastercard,credit
554145,00-99,,US,mastercard,credit
554146,00-99,WOODFOREST NATIONAL BANK,US,mastercard,credit
554148,00-99,EURO KARTENSYSTEME GMBH,DE,mastercard,credit
554149,00-99,BANK OF AMERICA NATIONAL ASSOCIATION,US,mastercard,credit
554150,00-99,,ES,mastercard,credit
554151,00-99,,US,mastercard,credit
554152,00-99,,ES,mastercard,credit
554153,00-99,MERRICK BANK CORPORATION,US,mastercard,credit
554154,00-99,JS BANK LTD.,PK,mastercard,debit
554155,00-99,,US,mastercard,credit
554156,00-99,U.S. BANK N.A. ND,US,mastercard,credit
554157,00-99,U.S. BANK N.A. ND,US,mastercard,credit
554158,00-99,U.S. BANK N.A. ND,US,mastercard,credit
554159,00-99,BANCO POPULAR DOMINICANO C. POR A.,DO,mastercard,credit
554160,00-99,,ES,mastercard,credit
554161,00-99,LANDESBANK HESSEN-THURINGEN GIROZENTRALE,DE,mastercard,credit
554162,00-99,ABU DHABI COMMERCIAL BANK,AE,mastercard,debit
554163,00-99,UMPQUA BANK,US,mastercard,credit
554164,00-99,UMPQUA BANK,US,mastercard,credit
554165,00-99,MAYBANK PHILIPPINES INCORPORATED,PH,mastercard,credit
554166,00-99,ABU DHABI COMMERCIAL BANK,AE,mastercard,debit
554167,00-99,,US,mastercard,credit
554168,00-99,,ES,mastercard,credit
554169,00-99,JSC OTP BANK,RU,mastercard,credit
554170,00-99,WELLS FARGO FINANCIAL CORPORATION CANADA,CA,mastercard,credit
554172,00-99,USAA FEDERAL SAVINGS BANK,US,mastercard,credit
554173,00-99,BANCO VE POR MAS S.A. IBM GRUPO FINANCIERO VE POR MAS,MX,mastercard,debit
554174,00-99,BANK OF AMERICA,US,mastercard,credit
554175,00-99,BANK OF AMERICA N.A.,US,mastercard,credit
554176,00-99,MBANK S.A.,PL,mastercard,credit
554177,00-99,,ES,mastercard,credit
554178,00-99,,US,mastercard,credit
554179,00-99,,ES,mastercard,credit
554180,00-99,THE SAUDI NATIONAL BANK,SA,mastercard,debit
554181,00-99,,ES,mastercard,credit
554182,00-99,,US,mastercard,credit
554183,00-99,,ES,mastercard,credit
554184,00-99,,US,mastercard,credit
554185,00-99,FIRST NATIONAL BANK OF OMAHA,US,mastercard,credit
554186,00-99,JPMORGAN CHASE BANK N.A.,US,mastercard,credit
554187,00-99,U.S. BANK N.A. ND,US,mastercard,credit
554188,00-99,,US,mastercard,credit
554189,00-99,,US,mastercard,credit
554190,00-99,BANCA ROMANA PENTRU DEZVOLTARE S.A.,RO,mastercard,credit
554191,00-99,FIRST NATIONAL BANK OF OMAHA,US,mastercard,credit
554192,00-99,MASTERCARD EUROPE,BE,mastercard,credit
554193,00-99,BANK POLSKA KASA OPIEKI S.A. - (BANK PEKAO S.A.),PL,mastercard,credit
554194,00-99,,US,mastercard,credit
554195,00-99,,ES,mastercard,credit
554196,00-99,LLOYDS BANK PLC,GB,mastercard,credit
554197,00-99,,IN,mastercard,credit
554198,00-99,BANCO POPULAR DOMINICANO C. POR A.,DO,mastercard,credit
554199,00-99,PT. PAN INDONESIA BANK TBK. (PT. BANK PANIN TBK),ID,mastercard,credit
554200,00-99,CITY NATIONAL BANK,US,mastercard,credit
554201,00-99,BARCLAYS BANK PLC,GB,mastercard,credit
554202,00-99,,ES,mastercard,credit
554203,00-99,CITIBANK EUROPE PUBLIC LIMITED COMPANY,HU,mastercard,credit
554204,00-99,CITIBANK EUROPE PUBLIC LIMITED COMPANY,HU,mastercard,credit
554205,00-99,CREDIT MUTUEL ARKEA,FR,mastercard,debit
554206,00-99,BANK OF NOVA SCOTIA,DO,mastercard,credit
554207,00-99,BANK OF NOVA SCOTIA,DO,mastercard,credit
554208,00-99,PIRAEUS BANK S.A.,GR,mastercard,credit
554209,00-99,EUROBANK ERGASIAS S.A.,GR,mastercard,credit
554210,00-99,IUDU COMPANIA FINANCIERA SA,AR,mastercard,credit
554211,00-99,BANQUE COMMERCIALE DU BURUNDI,BI,mastercard,credit
554212,00-99,CRNOGORSKA KOMERCIJALNA BANKA A.D. PODGORICA,ME,mastercard,credit
554213,00-99,PJSC CB ACTIVE BANK,UA,mastercard,credit
554214,00-99,CARGILLS BANK PLC,LK,mastercard,debit
554215,00-99,,US,mastercard,credit
554216,00-99,,US,mastercard,credit
554217,00-99,,US,mastercard,credit
554218,00-99,,US,mastercard,credit
554219,00-99,CITIBANK,CN,mastercard,credit
554220,00-99,,ES,mastercard,credit
554221,00-99,,GR,mastercard,credit
554222,00-99,,ES,mastercard,credit
554223,00-99,,US,mastercard,credit
554224,00-99,BANK OF AMERICA,US,mastercard,credit
554225,00-99,BANK OF AMERICA,US,mastercard,credit
554226,00-99,THE HONGKONG AND SHANGHAI BANKING CORPORATION LTD.,BN,mastercard,credit
554227,00-99,,SG,mastercard,credit
554228,00-99,,DE,mastercard,credit
554229,00-99,,US,mastercard,credit
554230,00-99,THE HONGKONG AND SHANGHAI BANKING CORPORATION LTD.,SG,mastercard,credit
554231,00-99,CLYDESDALE BANK PLC,GB,mastercard,credit
554232,00-99,,US,mastercard,credit
554233,00-99,CLYDESDALE BANK PLC,GB,mastercard,credit
554234,00-99,MUFG BANK LTD PRIMARY NY BRANCH,US,mastercard,credit
554235,00-99,MASTERCARD FRANCE S.A.S.,FR,mastercard,credit
554236,00-99,,RU,mastercard,credit
554237,00-99,PATHWARD NATIONAL ASSOCIATION,US,mastercard,debit
554238,,BANCO PROMERICA S.A.,HN,mastercard,credit
554239,00-99,THE CO-OPERATIVE BANK PLC,GB,mastercard,credit
554241,00-99,RAIFFEISENBANK AUSTRIA D.D.,HR,mastercard,credit
554242,00-99,NEXI PAYMENTS S.P.A.,IT,mastercard,debit
554243,00-99,,US,mastercard,credit
554244,00-99,JSCB - TBC BANK,GE,mastercard,credit
554245,00-99,BC CARD CO. LTD.,KR,mastercard,debit
554246,00-99,MERRICK BANK CORPORATION,US,mastercard,credit
554247,00-99,MERRICK BANK CORPORATION,US,mastercard,credit
554248,00-99,FIRST NATIONAL BANK OF OMAHA,US,mastercard,credit
554249,00-99,,ES,mastercard,credit
554250,00-99,,US,mastercard,credit
554251,00-99,ABANKA D.D.,SI,mastercard,credit
554252,00-99,PROFESSIONAL CARD PROCESSING CORP.,PA,mastercard,credit
554253,00-99,TURKIYE GARANTI BANKASI A.S.,TR,mastercard,credit
554254,00-99,TURKIYE GARANTI BANKASI A.S.,TR,mastercard,credit
554255,00-99,DZ BANK AG DEUTSCHE ZENTRAL-GENOSSENSCHAFTSBANK,DE,mastercard,credit
554256,00-99,DZ BANK AG DEUTSCHE ZENTRAL-GENOSSENSCHAFTSBANK,DE,mastercard,credit
554257,00-99,DZ BANK AG DEUTSCHE ZENTRAL-GENOSSENSCHAFTSBANK,DE,mastercard,credit
554258,00-99,DZ BANK AG DEUTSCHE ZENTRAL-GENOSSENSCHAFTSBANK,DE,mastercard,credit
554259,00-99,RBC ROYAL BANK N.V.,SX,mastercard,credit
554260,00-99,HSBC CONTINENTAL EUROPE,FR,mastercard,credit
554261,00-99,AFFIN BANK BERHAD,MY,mastercard,credit
554262,00-99,BANCARD S.A.,PY,mastercard,debit
554263,00-99,RAIFFEISEN BANK DD BOSNIA HERZEGOVINA,BA,mastercard,credit
554264,00-99,RAIFFEISEN BANK DD BOSNIA HERZEGOVINA,BA,mastercard,debit
554265,00-99,CREDOMATIC DE HONDURAS S.A.,HN,mastercard,debit
554266,00-99,PATHWARD NATIONAL ASSOCIATION,US,mastercard,debit
554267,00-99,DEUTSCHER SPARKASSEN- UND GIROVERBAND,DE,mastercard,credit
554268,00-99,DEUTSCHER SPARKASSEN- UND GIROVERBAND,DE,mastercard,credit
554269,00-99,PJSC ORIENT FINANS,UZ,mastercard,credit
554270,00-99,PJSC ORIENT FINANS,UZ,mastercard,credit
554271,00-99,ECOBANK NIGERIA PLC,GH,mastercard,debit
554272,00-99,NATIONAL BANK OF GREECE S.A.,GR,mastercard,credit
554273,00-99,CUSB BANK,US,mastercard,debit
554274,00-99,PUBLIC JOINT-STOCK COMPANY SOVCOMBANK,RU,mastercard,credit
554275,00-99,CESKOSLOVENSKA OBCHODNI BANKA A.S.,CZ,mastercard,credit
554276,00-99,SUTTON BANK,US,mastercard,credit
554277,00-99,BANCO DE MACHALA S.A.,EC,mastercard,credit
554278,00-99,,US,mastercard,credit
554279,00-99,PUBLIC JOINT-STOCK COMPANY PROMSVYAZBANK,RU,mastercard,credit
554280,00-99,,ES,mastercard,credit
554281,00-99,ITAU UNIBANCO S.A.,BR,mastercard,credit
554282,00-99,ITAU UNIBANCO S.A.,BR,mastercard,credit
554283,00-99,IDFC FIRST BANK LTD.,IN,mastercard,credit
554284,00-99,CREDIT UNION PAYMENT CENTER (LIMITED LIABILITY COMPANY),RU,mastercard,credit
554285,00-99,CHASE BANK USA N.A.,US,mastercard,credit
554286,00-99,KOMERCNI BANKA A.S.,CZ,mastercard,credit
554287,00-99,ARAB FINANCIAL SERVICES COMPANY B.S.C. (C),BH,mastercard,debit
554288,00-99,BANCO BBVA ARGENTINA S A,AR,mastercard,credit
554289,00-99,BANCO BRADESCO S.A.,BR,mastercard,credit
554290,00-99,BANCO BRADESCO S.A.,BR,mastercard,credit
554291,00-99,BANK OF AMERICA NATIONAL ASSOCIATION,US,mastercard,credit
554292,00-99,BANK OF AMERICA N.A.,US,mastercard,credit
554293,00-99,BANK OF AMERICA NATIONAL ASSOCIATION,US,mastercard,credit
554294,00-99,BANK OF AMERICA NATIONAL ASSOCIATION,US,mastercard,credit
554295,00-99,POINTBANK,US,mastercard,credit
554296,00-99,,RU,mastercard,credit
554297,00-99,ING BANK A.S.,TR,mastercard,credit
554298,00-99,HSBC BANK EGYPT,EG,mastercard,credit
554299,00-99,PUBLIC JOINT STOCK COMPANY TASCOMBANK,UA,mastercard,credit
554300,00-99,CSCBANK SAL,AF,mastercard,credit
554301,00-99,ANADOLUBANK A.S.,TR,mastercard,credit
554302,00-99,PT. BANK PERMATA,ID,mastercard,credit
554303,00-99,CHASE BANK USA N.A.,US,mastercard,credit
554304,00-99,GECU,US,mastercard,credit
554305,00-99,CITIBANK N.A.,US,mastercard,credit
554306,00-99,CHASE BANK USA N.A.,US,mastercard,credit
554307,00-99,CHASE BANK USA N.A.,US,mastercard,credit
554308,00-99,COMMERCE BANK,US,mastercard,credit
554309,00-99,ITAU UNIBANCO S.A.,BR,mastercard,credit
554310,00-99,PNC BANK N.A.,US,mastercard,debit
554311,00-99,PSCU FINANCIAL SERVICES INC.,US,mastercard,debit
554312,00-99,CU COOPERATIVE SYSTEMS LLC,US,mastercard,debit
554313,00-99,JACK HENRY & ASSOCIATES,US,mastercard,debit
554314,00-99,BERKSHIRE BANK,US,mastercard,debit
554315,00-99,FIDELITY INFORMATION SERVICES INC.,US,mastercard,debit
554316,00-99,FIFTH THIRD BANK,US,mastercard,debit
554317,00-99,CREDIT UNION PAYMENT CENTER (LIMITED LIABILITY COMPANY),RU,mastercard,debit
554318,00-99,STAR SYSTEMS INC.,US,mastercard,credit
554319,00-99,FIDELITY INFORMATION SERVICES INC.,US,mastercard,debit
554320,00-99,FISERV SOLUTIONS LLC,US,mastercard,debit
554321,00-99,PSCU INCORPORATED,US,mastercard,debit
554322,00-99,FISERV SOLUTIONS LLC,US,mastercard,debit
554323,00-99,FIDELITY INFORMATION SERVICES INC.,US,mastercard,debit
554324,00-99,PJSC ROSBANK,RU,mastercard,debit
554325,00-99,FINANCIAL PARTNERS CREDIT UNION,US,mastercard,debit
554326,00-99,PJSC ROSBANK,RU,mastercard,debit
554327,00-99,CU COOPERATIVE SYSTEMS,US,mastercard,debit
554328,00-99,ENTROPAY LTD.,MT,mastercard,credit
554329,00-99,DALLAS CAPITAL BANK,US,mastercard,debit
554330,00-99,STAR PROCESSING INC.,US,mastercard,debit
554331,00-99,JACK HENRY & ASSOCIATES,US,mastercard,debit
554332,00-99,PIONEER BANK,US,mastercard,debit
554333,00-99,SC CITADELE BANKA,LV,mastercard,debit
554334,00-99,FISERV SOLUTIONS LLC,US,mastercard,debit
554335,00-99,JACK HENRY & ASSOCIATES,US,mastercard,debit
554336,00-99,CAPITAL ONE NATIONAL ASSOCIATION,US,mastercard,debit
554337,00-99,CU COOPERATIVE SYSTEMS LLC,US,mastercard,debit
554338,00-99,COMPUTER SERVICES INC.,US,mastercard,debit
554339,00-99,FIDELITY INFORMATION SERVICES INC.,US,mastercard,debit
554340,00-99,FIFTH THIRD BANK,US,mastercard,debit
554341,00-99,SHAZAM INC.,US,mastercard,debit
554342,00-99,FIDELITY INFORMATION SERVICES INC.,US,mastercard,debit
554343,00-99,CREDIT UNION PAYMENT CENTER (LIMITED LIABILITY COMPANY),RU,mastercard,debit
554344,00-99,STANDARD BANK OF SOUTH AFRICA LTD.,SZ,mastercard,debit
554345,00-99,KB KOOKMIN CARD CO. LTD,KR,mastercard,credit
554346,00-99,KB KOOKMIN CARD CO. LTD,KR,mastercard,debit
554347,00-99,FISERV SOLUTIONS LLC,US,mastercard,debit
554348,00-99,FIDELITY INFORMATION SERVICES INC.,US,mastercard,debit
554349,00-99,KB KOOKMIN CARD CO. LTD,KR,mastercard,credit
554350,00-99,BANK OF INDIA,IN,mastercard,credit
554351,00-99,BANK OF INDIA,IN,mastercard,credit
554352,00-99,COMPUTER SERVICES INC.,US,mastercard,credit
554353,00-99,UNITED BANK FOR AFRICA PLC,KE,mastercard,credit
554354,00-99,CESKOSLOVENSKA OBCHODNI BANKA A.S.,CZ,mastercard,debit
554355,00-99,CESKOSLOVENSKA OBCHODNI BANKA A.S.,CZ,mastercard,debit
554356,00-99,CAPITAL ONE NATIONAL ASSOCIATION,US,mastercard,credit
554357,00-99,JSC LATVIAN BUSINESS BANK,LV,mastercard,credit
554358,00-99,CREDIT UNION WEST,US,mastercard,credit
554359,00-99,JAMMU & KASHMIR BANK LTD.,IN,mastercard,debit
554360,00-99,COMPASS BANCA SPA,IT,mastercard,credit
554361,00-99,OPTUM BANK INC.,US,mastercard,debit
554362,00-99,VTB BANK (PUBLIC JOINT-STOCK COMPANY),RU,mastercard,debit
554363,00-99,VTB BANK (PUBLIC JOINT-STOCK COMPANY),RU,mastercard,debit
554364,00-99,BANK DOM.RF,RU,mastercard,credit
554365,00-99,BANK DOM.RF,RU,mastercard,credit
554366,00-99,COMPUTER SERVICES INC.,US,mastercard,debit
554367,00-99,SCOTIABANK DE COSTA RICA S.A.,CR,mastercard,credit
554368,00-99,SUTTON BANK,US,mastercard,debit
554369,00-99,D COMMERCE BANK AD,BG,mastercard,credit
554370,00-99,HIMALAYAN BANK LTD.,NP,mastercard,credit
554371,00-99,VISECA CARD SERVICES S.A.,CH,mastercard,credit
554372,00-99,PUBLIC JOINT-STOCK COMPANY BANK OTKRITIE FINANCIAL CORPORATION,RU,mastercard,credit
554373,00-99,PUBLIC JOINT-STOCK COMPANY BANK OTKRITIE FINANCIAL CORPORATION,RU,mastercard,credit
554374,00-99,STANDARD CHARTERED BANK,IN,mastercard,credit
554375,00-99,STANDARD CHARTERED BANK,IN,mastercard,credit
554376,00-99,BANCO G AND T CONTINENTAL S.A.,GT,mastercard,credit
554377,00-99,CREDOMATIC LATINO AMERICANA,GT,mastercard,credit
554378,00-99,STANDARD CHARTERED BANK,IN,mastercard,credit
554379,00-99,HSBC BANK MIDDLE EAST,AE,mastercard,credit
554380,00-99,THE BANCORP BANK NATIONAL ASSOCIATION,US,mastercard,debit
554381,00-99,OPTAL FINANCIAL LTD.,GB,mastercard,credit
554382,00-99,KB KOOKMIN CARD CO. LTD,KR,mastercard,credit
554383,00-99,BANCO VOTORANTIM S/A,BR,mastercard,credit
554384,00-99,VTB BANK (PUBLIC JOINT-STOCK COMPANY),RU,mastercard,debit
554385,00-99,FAR EASTERN INTERNATIONAL BANK,TW,mastercard,credit
554386,00-99,VTB BANK (PUBLIC JOINT-STOCK COMPANY),RU,mastercard,credit
554387,00-99,STANDARD CHARTERED BANK (PAKISTAN) LTD.,PK,mastercard,credit
554388,00-99,BANCO NACIONAL DE CREDITO C.A.,VE,mastercard,credit
554389,00-99,BANCO SANTANDER (BRASIL) S.A.,BR,mastercard,credit
554390,00-99,SANTANDER,ES,mastercard,credit
554391,00-99,HIMALAYAN BANK LTD.,NP,mastercard,credit
554392,00-99,FAR EASTERN INTERNATIONAL BANK,TW,mastercard,credit
554393,00-99,VTB BANK (PUBLIC JOINT-STOCK COMPANY),RU,mastercard,credit
554394,00-99,STANDARD CHARTERED BANK (PAKISTAN) LTD.,PK,mastercard,credit
554395,00-99,BANCO NACIONAL DE CREDITO C.A.,VE,mastercard,credit
554396,00-99,,ZA,mastercard,credit
554397,00-99,BARCLAYS BANK PLC,GB,mastercard,credit
554398,00-99,COMPUTER SERVICES INC.,US,mastercard,debit
554399,00-99,SWEDBANK AB,LT,mastercard,credit
554400,00-99,MONEYSWITCH LTD.,AU,mastercard,credit
554401,00-99,,US,mastercard,credit
554402,00-99,WELLS FARGO BANK N.A.,US,mastercard,credit
554403,00-99,UNIBANCA S.A,PE,mastercard,credit
554404,00-99,TRIPLINK INTERNATIONAL CO.LIMITED,HK,mastercard,credit
554405,00-99,WELLS FARGO BANK NEVADA N.A.,US,mastercard,credit
554406,00-99,,ES,mastercard,credit
554408,00-99,,MY,mastercard,credit
554409,00-99,FIRST STATE BANK OF ELDORADO,US,mastercard,credit
554410,00-99,,US,mastercard,credit
554411,00-99,,ES,mastercard,credit
554412,00-99,,US,mastercard,credit
554413,00-99,TIEN PHONG COMMERCIAL JOINT STOCK BANK,VN,mastercard,debit
554414,00-99,COMPUTER SERVICES INC.,US,mastercard,debit
554415,00-99,NONGHYUP BANK,KR,mastercard,debit
554416,00-99,FIRST FINANCIAL BANK N.A.,US,mastercard,credit
554417,00-99,CREDOMATIC DE GUATEMALA S.A.,GT,mastercard,debit
554418,00-99,REPUBLIC BANK LTD.,TT,mastercard,debit
554419,00-99,U.S. BANK N.A. ND,US,mastercard,credit
554420,00-99,DEUTSCHE BANK RT.,HU,mastercard,credit
554422,00-99,YAPI VE KREDI BANKASI A.S.,TR,mastercard,credit
554423,00-99,,DE,mastercard,credit
554424,00-99,PEOPLES TRUST COMPANY,CA,mastercard,debit
554425,00-99,KLAR TECHNOLOGIES SA DE CV SFP,MX,mastercard,credit
554426,00-99,CITIBANK N.A.,US,mastercard,credit
554427,00-99,THE BANCORP BANK NATIONAL ASSOCIATION,US,mastercard,debit
554428,00-99,BARCLAYS BANK MOCAMBIQUE S.A.,MZ,mastercard,credit
554429,00-99,BARCLAYS BANK MOCAMBIQUE S.A.,MZ,mastercard,credit
554430,00-99,,MZ,mastercard,credit
554431,00-99,BARCLAYS BANK MOCAMBIQUE S.A.,MZ,mastercard,credit
554432,00-99,SUNNY BANK,TW,mastercard,credit
554433,00-99,SUNNY BANK,TW,mastercard,credit
554434,00-99,,US,mastercard,credit
554435,00-99,ABSA BANK LTD.,ZA,mastercard,debit
554436,00-99,BANCO DEL PACIFICO S.A.,EC,mastercard,credit
554437,00-99,BANK FIVE NINE,US,mastercard,debit
554438,00-99,ITAU UNIBANCO S.A.,BR,mastercard,debit
554439,00-99,BANCO DEL PICHINCHA C.A.,EC,mastercard,credit
554440,00-99,PJSC ROSBANK,RU,mastercard,credit
554441,00-99,RBC ROYAL BANK (BAHAMAS) LTD.,BS,mastercard,credit
554442,00-99,RBC ROYAL BANK (BAHAMAS) LTD.,BS,mastercard,credit
554443,00-99,RBC ROYAL BANK (BAHAMAS) LTD.,BS,mastercard,credit
554444,00-99,BANCO MULTIPLE BHD S.A.,DO,mastercard,credit
554445,00-99,BANCO MULTIPLE BHD S.A.,DO,mastercard,credit
554446,00-99,BANCO MULTIPLE BHD S.A.,DO,mastercard,credit
554447,00-99,BANCARD S.A.,PY,mastercard,credit
554448,00-99,CSCBANK SAL,LB,mastercard,credit
554449,00-99,CSCBANK S.A.L.,LB,mastercard,credit
554450,00-99,CSCBANK S.A.L.,LB,mastercard,credit
554451,00-99,CSCBANK S.A.L.,LB,mastercard,credit
554452,00-99,ICICI BANK LTD.,IN,mastercard,debit
554453,00-99,CHASE BANK USA N.A.,US,mastercard,credit
554454,00-99,CHASE BANK USA N.A.,US,mastercard,credit
554455,00-99,CHASE BANK USA N.A.,US,mastercard,credit
554456,00-99,CHASE BANK USA N.A.,US,mastercard,credit
554457,00-99,CHASE BANK USA N.A.,US,mastercard,credit
554458,00-99,CHASE BANK USA N.A.,US,mastercard,credit
554459,00-99,HERITAGE INTERNATIONAL BANK AND TRUST LTD.,BZ,mastercard,credit
554460,00-99,AVIDIA BANK,US,mastercard,debit
554461,00-99,BANCO BMG,BR,mastercard,debit
554462,00-99,BMO BANK NATIONAL ASSOCIATION,US,mastercard,credit
554463,00-99,BANCO DO ESTADO DO RIO GRANDE DO SUL S.A. (BANRISUL S.A.),BR,mastercard,credit
554464,00-99,BANCO BMG S.A.,BR,mastercard,debit
554465,00-99,AVIDIA BANK,US,mastercard,debit
554466,00-99,,FR,mastercard,credit
554467,00-99,COLUMN NATIONAL ASSOCIATION,US,mastercard,debit
554468,00-99,BANCO DE LA PRODUCCION S.A.,NI,mastercard,debit
554469,00-99,,US,mastercard,credit
554470,00-99,HERITAGE INTERNATIONAL BANK AND TRUST LTD.,BZ,mastercard,credit
554471,00-99,PROCARD S.A.,PY,mastercard,credit
554472,00-99,VTB BANK (PUBLIC JOINT-STOCK COMPANY),RU,mastercard,credit
554473,00-99,BANCO DO ESTADO DO RIO GRANDE DO SUL S.A. (BANRISUL S.A.),BR,mastercard,credit
554474,00-99,THE INTERNATIONAL BANK OF AZERBAIJAN,AZ,mastercard,credit
554475,00-99,COMENITY CAPITAL BANK,US,mastercard,credit
554476,00-99,PROCARD S.A.,PY,mastercard,credit
554477,00-99,SWEDBANK AB,SE,mastercard,credit
554478,00-99,PT. BANK ARTHA GRAHA,ID,mastercard,credit
554479,00-99,,ES,mastercard,credit
554480,00-99,ITAU UNIBANCO S.A.,BR,mastercard,credit
554481,00-99,SHINHAN CARD CO. LTD.,KR,mastercard,credit
554482,00-99,BANCO BRADESCO S.A.,BR,mastercard,credit
554483,00-99,DENIZBANK A.S.,TR,mastercard,credit
554484,00-99,BANQUE DE L'UNION HAITIENNE S.A.,HT,mastercard,debit
554485,00-99,BLC BANK S.A.L.,LB,mastercard,credit
554486,00-99,SHAZAM INC.,US,mastercard,credit
554487,00-99,BANK OF EAST ASIA LTD.,HK,mastercard,credit
554488,00-99,JPMORGAN CHASE BANK N.A.,US,mastercard,credit
554489,00-99,SEB KORT BANK AB,NO,mastercard,credit
554490,00-99,CREDITO S.A.,NI,mastercard,credit
554491,00-99,DEEM FINANCE L.L.C.,AE,mastercard,credit
554492,00-99,BANCO NACIONAL DE MEXICO S.A.,MX,mastercard,debit
554493,00-99,STANDARD CHARTERED BANK,ID,mastercard,debit
554494,00-99,FIRST ELECTRONIC BANK,US,mastercard,credit
554495,00-99,MASTERCAJAS S.A.,ES,mastercard,credit
554496,00-99,,US,mastercard,credit
554497,00-99,ITAU UNIBANCO S.A.,BR,mastercard,debit
554498,00-99,PEOPLES TRUST COMPANY,CA,mastercard,debit
554499,00-99,VALITOR HF.,GB,mastercard,debit
554500,00-99,FISERV SOLUTIONS LLC,US,mastercard,debit
554501,00-99,Swedbank,SE,mastercard,debit
554502,00-99,EURONET 360 FINANCE LTD.,GR,mastercard,debit
554503,00-99,AHLI UNITED BANK,KW,mastercard,debit
554504,00-99,HUB PAGAMENTOS S.A.,BR,mastercard,debit
554505,00-99,BELFIUS BANK N.V. / BELFIUS BANQUE S.A.,BE,mastercard,debit
554506,00-99,BANCO SANTANDER TOTTA S.A.,PT,mastercard,debit
554507,00-99,PPRO FINANCIAL LTD.,SE,mastercard,debit
554508,00-99,ERSTE & STEIERMARKISCHE BANK D.D.,HR,mastercard,credit
554509,00-99,HUB PAGAMENTOS S.A.,BR,mastercard,debit
554510,00-99,MASTERCARD ECUADOR,EC,mastercard,credit
554511,00-99,BANCO DEL PACIFICO S.A.,EC,mastercard,credit
554512,00-99,CITIZENS BANK N.A.,US,mastercard,credit
554513,00-99,CITIZENS BANK N.A.,US,mastercard,credit
554514,00-99,CITIZENS BANK N.A.,US,mastercard,credit
554515,00-99,BANCO SANTANDER (BRASIL) S.A.,BR,mastercard,debit
554516,00-99,BLC BANK S.A.L.,LB,mastercard,credit
554517,00-99,CAIXA GERAL DE DEPOSITOS SA,PT,mastercard,credit
554518,00-99,CU COOPERATIVE SYSTEMS LLC,US,mastercard,credit
554519,00-99,HALLMARK TRUST LTD.,TC,mastercard,credit
554520,00-99,JOINT STOCK COMPANY BANK DOM.RF,RU,mastercard,debit
554521,00-99,NATIONAL BANK TRUST OJSC,RU,mastercard,credit
554522,00-99,ERSTE BANK HUNGARY ZRT.,HU,mastercard,debit
554523,00-99,PPRO FINANCIAL LTD.,RO,mastercard,debit
554524,00-99,SEVERNY MORSKOY PUT OPEN JOINT STOCK COMPANY (OJSC),RU,mastercard,credit
554525,00-99,CU COOPERATIVE SYSTEMS LLC,US,mastercard,debit
554526,00-99,JOINT STOCK COMPANY CARTU BANK,GE,mastercard,credit
554527,00-99,FISERV SOLUTIONS LLC,US,mastercard,debit
554528,00-99,HALLMARK TRUST LTD.,TC,mastercard,credit
554529,00-99,CINFED FEDERAL CREDIT UNION,US,mastercard,credit
554530,00-99,BANCO REPUBLICA ORIENTAL DEL URUGUAY,UY,mastercard,credit
554531,00-99,BANCO DAVIVIENDA S.A.,CO,mastercard,credit
554532,00-99,JSC CAPITAL BANK KAZAKHSTAN,KZ,mastercard,credit
554533,00-99,ERSTE BANK HUNGARY ZRT.,HU,mastercard,debit
554534,00-99,IDFC FIRST BANK LTD.,IN,mastercard,debit
554535,00-99,DOCK FINANCIAL S.A.,IE,mastercard,debit
554536,00-99,CU COOPERATIVE SYSTEMS LLC,US,mastercard,credit
554537,00-99,JOINT-STOCK COMPANY BANK OF GEORGIA,GE,mastercard,credit
554538,00-99,,RU,mastercard,credit
554539,00-99,CITIZENS EQUITY FIRST CREDIT UNION,US,mastercard,credit
554540,00-99,MOBIASBANCA - OTP GRUP SA,MD,mastercard,credit
554541,00-99,LAND BANK OF THE PHILIPPINES,PH,mastercard,credit
554542,00-99,EMERGE GROUP LTD.,NZ,mastercard,debit
554543,00-99,CHECKOUT SAS,FR,mastercard,debit
554544,00-99,JAJA FINANCE LTD.,GB,mastercard,credit
554545,00-99,LIBRA INTERNET BANK SA,RO,mastercard,credit
554546,00-99,PUBLIC JOINT STOCK COMPANY BANK URALSIB,RU,mastercard,credit
554547,00-99,INTERCARD FINANCE A.D.,PL,mastercard,debit
554548,00-99,TURKIYE VAKIFLAR BANKASI T.A.O.,TR,mastercard,debit
554549,00-99,PJSC ROSBANK,RU,mastercard,credit
554550,00-99,EAST WEST BANKING CORPORATION,PH,mastercard,credit
554551,00-99,BANCO BILBAO VIZCAYA ARGENTARIA S.A.,ES,mastercard,credit
554552,00-99,BANK OF BERMUDA LTD.,BM,mastercard,credit
554553,00-99,BANK OF BERMUDA LTD.,BM,mastercard,credit
554554,00-99,BANK OF BERMUDA LTD.,BM,mastercard,credit
554555,00-99,BANK OF BERMUDA LTD.,BM,mastercard,credit
554556,00-99,,BS,mastercard,debit
554557,00-99,,US,mastercard,credit
554558,00-99,CAIRO AMMAN BANK PLC,PS,mastercard,credit
554559,00-99,CSCBANK S.A.L.,LB,mastercard,credit
554560,00-99,FRANSABANK SAL,LB,mastercard,debit
554561,00-99,CITY BANK PLC,BD,mastercard,debit
554562,00-99,JOINT STOCK COMPANY BANK DOM.RF,RU,mastercard,debit
554563,00-99,ITAU UNIBANCO S.A.,BR,mastercard,debit
554564,00-99,WIRECARD CARD SOLUTIONS LTD.,GB,mastercard,debit
554565,00-99,BANQUE NATIONALE DE CREDIT (BNC),HT,mastercard,credit
554566,00-99,DENIZBANK A.S.,TR,mastercard,credit
554567,00-99,BANK OF AMERICA NATIONAL ASSOCIATION,US,mastercard,credit
554568,00-99,BANCO BILBAO VIZCAYA ARGENTARIA S.A.,ES,mastercard,debit
554569,00-99,SANTANDER BANK NA,US,mastercard,credit
554570,00-99,ING A.S.,TR,mastercard,credit
554571,00-99,VIETNAM BANK FOR AGRICULTURE AND RURAL DEVELOPMENT,VN,mastercard,credit
554572,00-99,MITSUBISHI UFJ NICOS CO. LTD.,JP,mastercard,credit
554573,00-99,FIDELITY INFORMATION SERVICES INC.,US,mastercard,credit
554574,00-99,BANCO DEL PACIFICO S.A.,EC,mastercard,credit
554575,00-99,AL-RAJHI BANKING AND INVESTMENT CORPORATION,SA,mastercard,credit
554576,00-99,CITIBANK N.A.,AE,mastercard,credit
554577,00-99,,US,mastercard,credit
554578,00-99,BC CARD CO. LTD.,KR,mastercard,credit
554579,00-99,BBVA BANCOMER SA INSTIT. DE BANCA MULTIPLE GRUPO FINANCIER,MX,mastercard,debit
554580,00-99,TRUIST BANK,US,mastercard,credit
554581,00-99,PJSC ROSBANK,RU,mastercard,credit
554582,00-99,PUBLIC JOINT-STOCK COMPANY BANK OTKRITIE FINANCIAL CORPORATION,RU,mastercard,credit
554583,00-99,AMALGAMATED BANK OF CHICAGO,US,mastercard,credit
554584,00-99,HSBC BANK AUSTRALIA LTD.,AU,mastercard,credit
554585,00-99,KOMERCNI BANKA A.S.,CZ,mastercard,credit
554586,00-99,NOVA LJUBLJANSKA BANKA D.D. LJUBLJANA,SI,mastercard,credit
554587,00-99,ITAU UNIBANCO S.A.,BR,mastercard,debit
554588,00-99,THOMAS COOK (INDIA) LTD.,IN,mastercard,debit
554589,00-99,,BR,mastercard,credit
554590,00-99,,BR,mastercard,credit
554591,00-99,DOCK FINANCIAL S.A.,GB,mastercard,debit
554592,00-99,CAIXA ECONOMICA FEDERAL,BR,maestro,debit
554593,00-99,UNICREDIT TIRIAC,RO,mastercard,credit
554594,00-99,ANDHRA BANK,IN,mastercard,debit
554595,00-99,TAB BANK,US,mastercard,credit
554596,00-99,CU COOPERATIVE SYSTEMS,US,mastercard,debit
554597,00-99,BANCO DEL PACIFICO S.A.,EC,mastercard,credit
554598,00-99,UNIBANCA S.A,PE,mastercard,debit
554599,00-99,VERSE PAYMENTS LITHUANIA UAB,ES,mastercard,debit
554600,00-99,CREDIT LIBANAIS S.A.L.,LB,mastercard,credit
554601,00-99,EAST WEST BANKING CORPORATION,PH,mastercard,credit
554602,00-99,SAIGON THUONG TIN COMMERCIAL JOINT STOCK BANK,VN,mastercard,debit
554603,00-99,SCOTIABANK COLPATRIA S.A.,CO,mastercard,credit
554604,00-99,IRAQ ELECTRONIC GATE FOR FINANCIAL SERVICES CO LTD.,IQ,mastercard,debit
554605,00-99,CSCBANK S.A.L.,LB,mastercard,credit
554606,00-99,CREDIT UNION PAYMENT CENTER (LIMITED LIABILITY COMPANY),RU,mastercard,credit
554607,00-99,JOINT STOCK COMPANY BANK DOM.RF,RU,mastercard,credit
554608,00-99,CHASE BANK USA N.A.,US,mastercard,credit
554609,00-99,BANQUE NATIONALE DE CREDIT (BNC),HT,mastercard,credit
554610,00-99,BANCO ITAU CHILE,CL,mastercard,credit
554611,00-99,BANCO DIGITAL DE LOS TRABAJADORES BANCO UNIVERSAL C.A.,VE,mastercard,credit
554612,00-99,BANCO SANTANDER (BRASIL) S.A.,BR,mastercard,credit
554613,00-99,ITAU UNIBANCO S.A.,BR,mastercard,credit
554614,00-99,BARCLAYS BANK PLC,ES,mastercard,credit
554615,00-99,PUBLIC JOINT STOCK COMPANY BANK URALSIB,RU,mastercard,credit
554616,00-99,GOLOMT BANK OF MONGOLIA,MN,mastercard,debit
554617,00-99,,MY,mastercard,debit
554618,00-99,BANCO BILBAO VIZCAYA ARGENTARIA S.A.,ES,mastercard,credit
554619,00-99,CITIBANK N.A.,IN,mastercard,credit
554620,00-99,WOORICARD CO. LTD,KR,mastercard,credit
554621,00-99,JOINT-STOCK COMPANY COMMERCIAL BANK GLOBUS,UA,mastercard,credit
554622,00-99,AVIDIA BANK,US,mastercard,debit
554623,00-99,STANDARD CHARTERED BANK,IN,mastercard,credit
554624,00-99,BANCO VOTORANTIM S/A,BR,mastercard,credit
554625,00-99,TARJETAS BANAMEX SA DE CV SOFOM E.R.,MX,mastercard,credit
554626,00-99,MOORWAND LTD.,IE,mastercard,debit
554627,00-99,SAI GON JOINT STOCK COMMERCIAL BANK,VN,mastercard,credit
554628,00-99,BANCO NACIONAL DE MEXICO S.A.,MX,mastercard,debit
554629,00-99,BBVA BANCOMER SA INSTIT. DE BANCA MULTIPLE GRUPO FINANCIER,MX,mastercard,credit
554630,00-99,GLOBAL PROCESSING SA,AR,mastercard,debit
554631,00-99,ITAU CORPBANCA,CL,mastercard,credit
554632,00-99,BANCO ITAU CHILE,CL,mastercard,credit
554633,00-99,BANCO DIGITAL DE LOS TRABAJADORES BANCO UNIVERSAL C.A.,VE,mastercard,credit
554634,00-99,BANCO DE COSTA RICA,CR,mastercard,debit
554635,00-99,REDEBAN MULTICOLOR S.A.,CO,mastercard,debit
554636,00-99,REDEBAN MULTICOLOR S.A.,CO,mastercard,debit
554637,00-99,AXIS BANK LTD.,IN,mastercard,credit
554638,00-99,CREDICORP BANK S.A.,PA,mastercard,credit
554639,00-99,CHINA CONSTRUCTION BANK (ASIA) CORPORATION LTD.,HK,mastercard,credit
554640,00-99,ATLANTIC BANK LTD.,BZ,mastercard,credit
554641,00-99,EURO KARTENSYSTEME GMBH,DE,mastercard,credit
554642,00-99,NATIONAL DEVELOPMENT BANK PLC,LK,mastercard,credit
554643,00-99,PSCU INCORPORATED,US,mastercard,credit
554644,00-99,OCBC BANK (MACAU) LTD.,MO,mastercard,credit
554645,00-99,CESKOSLOVENSKA OBCHODNI BANKA A.S.,CZ,mastercard,credit
554646,00-99,BFC BANCO FONDO COMUN C.A. BANCO UNIVERSAL,VE,mastercard,credit
554647,00-99,MIDDLE EAST PAYMENT SERVICES LIMITED CO.,IQ,mastercard,debit
554648,00-99,KB KOOKMIN CARD CO. LTD,KR,mastercard,credit
554649,00-99,CREDIT CARD SERVICES JORDAN,JO,mastercard,credit
554650,00-99,FIRST FINANCIAL BANK N.A.,US,mastercard,credit
554651,00-99,PUBLIC JOINT STOCK COMPANY BANK URALSIB,RU,mastercard,credit
554652,00-99,CHINA CONSTRUCTION BANK,CN,mastercard,credit
554653,00-99,FIRST NATIONAL BANK OF OMAHA,US,mastercard,credit
554654,00-99,PSCU INCORPORATED,US,mastercard,credit
554655,00-99,HSBC BANK USA,US,mastercard,credit
554656,00-99,FIRST NATIONAL BANK OF OMAHA,US,mastercard,credit
554657,00-99,FIRST NATIONAL BANK OF OMAHA,US,mastercard,credit
554658,00-99,WESTAMERICA BANK,US,mastercard,credit
554659,00-99,PEOPLES TRUST COMPANY,CA,mastercard,debit
554660,00-99,BANK OF TAIWAN,TW,mastercard,credit
554661,00-99,PNC BANK,US,mastercard,credit
554662,00-99,FIRST DATA CONO SUR S.R.L.,AR,mastercard,credit
554663,00-99,BANK OF COMMUNICATIONS,CN,mastercard,credit
554664,00-99,EUROPAY BELGIUM S.C.,BE,mastercard,credit
554665,00-99,,US,mastercard,credit
554666,00-99,FORENINGSSPARBANKEN AB,SE,mastercard,credit
554667,00-99,FIRST DATA CONO SUR S.R.L.,UY,mastercard,credit
554668,00-99,COLLABRIA FINANCIAL SERVICES,CA,mastercard,credit
554669,00-99,JACK HENRY & ASSOCIATES,US,mastercard,debit
554670,00-99,JPMORGAN CHASE BANK N.A.,US,mastercard,credit
554671,00-99,JACK HENRY & ASSOCIATES,US,mastercard,debit
554672,00-99,INTERCARD FINANCE A.D.,IT,mastercard,debit
554674,00-99,FIRST FINANCIAL BANK N.A.,US,mastercard,credit
554675,00-99,SHANGHAI COMMERCIAL BANK LTD.,HK,mastercard,credit
554676,00-99,FIRST NATIONAL BANK OF OMAHA,US,mastercard,credit
554677,00-99,,US,mastercard,credit
554678,00-99,,US,mastercard,credit
554679,00-99,FIRST NATIONAL BANK OF OMAHA,US,mastercard,credit
554680,00-99,PAN AMERICAN BANK,US,mastercard,credit
554681,00-99,JPMORGAN CHASE BANK N.A.,US,mastercard,credit
554682,00-99,CAIRO AMMAN BANK PLC,JO,mastercard,debit
554683,00-99,,US,mastercard,credit
554684,00-99,BANZPAY TECHNOLOGY LTD.,NZ,mastercard,debit
554686,00-99,CAPITAL G BANK LTD.,BM,mastercard,credit
554687,00-99,DOLARAPP MEXICO SA DE CV,MX,mastercard,credit
554688,00-99,BLOM BANK S.A.L.,LB,mastercard,credit
554689,00-99,,US,mastercard,credit
554690,00-99,BANK OF AMERICA NATIONAL ASSOCIATION,US,mastercard,credit
554691,00-99,BANCO NACIONAL DE MEXICO S.A.,MX,mastercard,credit
554692,00-99,BANKVEREIN WERTHER AKTIENGESELLSCHAFT,DE,mastercard,credit
554693,00-99,SHANGHAI COMMERCIAL BANK LTD.,HK,mastercard,credit
554694,00-99,EURO KARTENSYSTEME GMBH,DE,mastercard,credit
554695,00-99,CHOICE BANK LTD.,BZ,mastercard,debit
554696,00-99,,ES,mastercard,credit
554698,00-99,EURO KARTENSYSTEME GMBH,DE,mastercard,credit
554699,00-99,EURO KARTENSYSTEME GMBH,DE,mastercard,credit
554700,00-99,,ES,mastercard,credit
554701,00-99,,US,mastercard,credit
554702,00-99,JPMORGAN CHASE BANK N.A.,VI,mastercard,credit
554703,00-99,RBL BANK LTD.,IN,mastercard,debit
554704,00-99,MAYBANK SINGAPORE LTD.,SG,mastercard,credit
554705,00-99,SIX PAYMENT SERVICES (EUROPE) AG,DE,mastercard,credit
554706,00-99,CREDIT ANDORRA S.A.,AD,mastercard,credit
554707,00-99,,RU,mastercard,credit
554708,00-99,,ES,mastercard,credit
554709,00-99,PATHWARD NATIONAL ASSOCIATION,US,mastercard,debit
554710,00-99,BANKERS' BANK OF THE WEST,US,mastercard,credit
554711,00-99,FIFTH THIRD BANK,US,mastercard,credit
554712,00-99,BANCO BILBAO VIZCAYA ARGENTARIA PUERTO RICO,PR,mastercard,credit
554713,00-99,PJSC ROSBANK,RU,mastercard,debit
554714,00-99,ICARD AD,IT,mastercard,debit
554715,00-99,EURO KARTENSYSTEME GMBH,DE,mastercard,credit
554716,00-99,CITIBANK N.A.,US,mastercard,debit
554717,00-99,SUTTON BANK,US,mastercard,debit
554718,00-99,BANCO SANTANDER MEXICO SA INSTITUCION DE BANCA MULTIPLE GRUPO FINANC,MX,mastercard,debit
554719,00-99,BANCO SANTANDER MEXICO SA INSTITUCION DE BANCA MULTIPLE GRUPO FINANC,MX,mastercard,credit
554720,00-99,BC CARD,KR,mastercard,credit
554721,00-99,RBL BANK LTD.,IN,mastercard,debit
554722,00-99,ITAU,BR,mastercard,credit
554723,00-99,DSK BANK PLC,BG,mastercard,credit
554724,00-99,CHINA CONSTRUCTION BANK (ASIA) CORPORATION LTD.,HK,mastercard,credit
554725,00-99,REPOM SA,BR,mastercard,debit
554726,00-99,CARUANA S.A. - SOCIEDADE DE CREDITO FINANCIAMENTO E INVESTIMENTO,BR,mastercard,debit
554727,00-99,CREDIT ANDORRA S.A.,AD,mastercard,debit
554728,00-99,OCBC BANK (MACAU) LTD.,MO,mastercard,credit
554729,00-99,EDENRED SOLUCOES DE PAGAMENTOS HYLA S.A.,BR,mastercard,debit
554730,00-99,MERCADOLIBRE SRL,AR,mastercard,debit
554731,00-99,BANCO BILBAO VIZCAYA ARGENTARIA S.A.,ES,mastercard,credit
554732,00-99,UNICREDIT SPA,IT,mastercard,credit
554733,00-99,PJSC ROSBANK,RU,mastercard,debit
554734,00-99,BRD GROUPE SOCIETE GENERALE,RO,mastercard,debit
554735,00-99,BFC BANCO FONDO COMUN C.A. BANCO UNIVERSAL,VE,mastercard,credit
554736,00-99,DZ BANK AG DEUTSCHE ZENTRAL-GENOSSENSCHAFTSBANK,DE,mastercard,credit
554737,00-99,,IN,mastercard,credit
554738,00-99,EURO KARTENSYSTEME GMBH,DE,mastercard,credit
554740,00-99,NATIONAL BANK OF RAS AL-KHAIMAH (RAKBANK),AE,mastercard,credit
554741,00-99,EUROPAY INTERNATIONAL S.A.,BE,mastercard,credit
554743,00-99,,AU,mastercard,credit
554745,00-99,DATA CENTER INCORPORATED,US,mastercard,debit
554746,00-99,,US,mastercard,credit
554747,00-99,,US,mastercard,credit
554748,00-99,,ES,mastercard,credit
554749,00-99,BANK OF AMERICA N.A.,GU,mastercard,credit
554750,00-99,JPMORGAN CHASE BANK N.A.,US,mastercard,credit
554751,00-99,JPMORGAN CHASE BANK N.A.,US,mastercard,credit
554752,00-99,JPMORGAN CHASE BANK N.A.,US,mastercard,credit
554753,00-99,JPMORGAN CHASE BANK N.A.,US,mastercard,credit
554754,00-99,JPMORGAN CHASE BANK N.A.,US,mastercard,credit
554755,00-99,RHB BANK BERHAD,MY,mastercard,credit
554756,00-99,IDT FINANCIAL SERVICES LTD.,GB,mastercard,credit
554757,00-99,CSCBANK S.A.L.,LB,mastercard,credit
554758,00-99,RESURS BANK AB,SE,mastercard,credit
554759,00-99,PUBLIC JOINT STOCK COMPANY PROMSVYAZBANK,RU,mastercard,debit
554760,00-99,EUROBANK ERGASIAS S.A.,GR,mastercard,credit
554761,00-99,PJSC ROSBANK,RU,mastercard,credit
554762,00-99,BANCO C6 SA,BR,mastercard,credit
554763,00-99,RED LINK S.A.,AR,mastercard,debit
554764,00-99,BANCO MERCANTIL DEL NORTE,MX,mastercard,credit
554765,00-99,CREDOMATIC LATINO AMERICANA,GT,mastercard,credit
554766,00-99,CREDOMATIC LATINO AMERICANA,GT,mastercard,credit
554767,00-99,BANCO BMG,BR,mastercard,credit
554768,00-99,CLEARPAY S.A.U.,ES,mastercard,credit
554769,00-99,IDT FINANCIAL SERVICES LTD.,IE,mastercard,debit
554770,00-99,FISERV SOLUTIONS LLC,US,mastercard,debit
554771,00-99,NATIONAL COMMERCIAL BANK,LY,mastercard,debit
554772,00-99,BANCO INTERNACIONAL INTERBANK C.A.,VE,mastercard,credit
554773,00-99,Banco de Brasília,BR,mastercard,credit
554774,00-99,ITAU UNIBANCO S.A.,BR,mastercard,credit
554775,00-99,ITAU UNIBANCO S.A.,BR,mastercard,credit
554776,00-99,ITAU UNIBANCO S.A.,BR,mastercard,credit
554777,00-99,PRIME BANK LTD.,BD,mastercard,credit
554778,00-99,HRVATSKA POSTANSKA BANKA P.L.C.,HR,mastercard,credit
554779,00-99,PATHWARD NATIONAL ASSOCIATION,US,mastercard,debit
554780,00-99,BANK ZENIT,RU,mastercard,credit
554781,00-99,PUBLIC JOINT STOCK COMPANY PROMSVYAZBANK,RU,mastercard,debit
554782,00-99,PJSC ROSBANK,RU,mastercard,credit
554783,00-99,BOKIS,DK,mastercard,credit
554784,00-99,SISPRIME DO BRASIL INSTITUICAO DE PAGAMENTO LTDA,BR,mastercard,credit
554785,00-99,CREDOMATIC LATINO AMERICANA,GT,mastercard,credit
554786,00-99,SAI GON - HA NOI COMMERCIAL JOINT STOCK BANK,VN,mastercard,credit
554787,00-99,WELLS FARGO BANK N.A.,US,mastercard,credit
554788,00-99,BANCO DAVIVIENDA SALVADORENO S.A.,SV,mastercard,credit
554789,00-99,HALLMARK TRUST LTD.,TC,mastercard,credit
554790,00-99,TRELLANCE INC.,US,mastercard,credit
554791,00-99,BANCO PATAGONIA S.A.,AR,mastercard,credit
554792,00-99,CREDIT UNION PAYMENT CENTER (LIMITED LIABILITY COMPANY),RU,mastercard,credit
554793,00-99,PRIME BANK LTD.,BD,mastercard,credit
554794,00-99,ST. KITTS-NEVIS-ANGUILLA NATIONAL BANK,KN,mastercard,credit
554795,00-99,,RU,mastercard,credit
554796,00-99,TURKIYE GARANTI BANKASI A.S.,TR,mastercard,credit
554797,00-99,DBS BANK LTD.,SG,mastercard,credit
554798,00-99,BANCO PLAZA C.A.,VE,mastercard,credit
554799,00-99,NEXI PAYMENTS SPA,IT,mastercard,credit
554800,00-99,WESTAMERICA BANK,US,mastercard,credit
554801,00-99,,DE,mastercard,credit
554804,00-99,,CL,mastercard,credit
554807,00-99,JPMORGAN CHASE BANK N.A.,US,mastercard,credit
554808,00-99,,TW,mastercard,credit
554809,00-99,BANK OF AMERICA N.A.,VI,mastercard,credit
554811,00-99,POSTEPAY S.P.A,IT,mastercard,debit
554812,00-99,BANK OF BERMUDA LTD.,BM,mastercard,credit
554814,00-99,BANK OF AMERICA N.A.,VI,mastercard,credit
554815,00-99,BANK OF AMERICA N.A.,VI,mastercard,credit
554816,00-99,BANK OF AMERICA NATIONAL ASSOCIATION,US,mastercard,debit
554817,00-99,,VC,mastercard,credit
554818,00-99,,US,mastercard,credit
554820,00-99,THE KARUR VYSYA BANK LTD.,IN,mastercard,debit
554821,00-99,ING BANK SLASKI S.A.,PL,mastercard,credit
554824,00-99,,SG,mastercard,credit
554825,00-99,FIRST DATA CONO SUR S.R.L.,AR,mastercard,credit
554826,00-99,BANCA TRANSILVANIA S.A.,RO,mastercard,credit
554827,00-99,POSB,SG,mastercard,debit
554828,00-99,SOUTH ATLANTIC BANK,US,mastercard,credit
554829,00-99,CU COOPERATIVE SYSTEMS,US,mastercard,debit
554830,00-99,,RU,mastercard,credit
554831,00-99,BANCO PLAZA C.A.,VE,mastercard,credit
554832,00-99,JOINT-STOCK COMPANY MTBANK,BY,mastercard,credit
554833,00-99,HO CHI MINH CITY DEVELOPMENT JOINT STOCK COMMERCIAL BANK,VN,mastercard,debit
554834,00-99,COMMERCIAL BANK EXPOBANK,RU,mastercard,credit
554835,00-99,GOLOMT BANK OF MONGOLIA,MN,mastercard,debit
554836,00-99,DFCU FINANCIAL,US,mastercard,credit
554837,00-99,THE HONGKONG AND SHANGHAI BANKING CORPORATION LTD.,IN,mastercard,credit
554838,00-99,BAWAG P.S.K. BANK,DE,mastercard,debit
554839,00-99,VISECA CARD SERVICES S.A.,CH,mastercard,credit
554840,00-99,SCOTIABANK PERU S.A.A.,PE,mastercard,credit
554841,00-99,SALT BANK S.A.,RO,mastercard,credit
554842,00-99,NEXI PAYMENTS S.P.A.,IT,mastercard,debit
554843,00-99,BANCO DE LA PRODUCCION S.A.,NI,mastercard,credit
554844,00-99,PJSC ROSBANK,RU,mastercard,debit
554845,00-99,ZIRAATBANK BH D.D.,BA,mastercard,credit
554846,00-99,BANCO AGIBANK S.A.,BR,mastercard,credit
554847,00-99,BANKA CREDINS SH. A.,AL,mastercard,credit
554848,00-99,GOLOMT BANK OF MONGOLIA,MN,mastercard,credit
554849,00-99,GOLOMT BANK OF MONGOLIA,MN,mastercard,credit
554850,00-99,COOPERATIVA NACIONAL DE EDUCADORES R.L.(COOPENAE RL),CR,mastercard,credit
554851,00-99,THE HONGKONG AND SHANGHAI BANKING CORPORATION LTD.,IN,mastercard,credit
554852,00-99,NOVA LJUBLJANSKA BANKA D.D. LJUBLJANA,SI,mastercard,credit
554853,00-99,BANQUE TRAVELEX S.A.,FR,mastercard,credit
554854,00-99,UNICREDIT BANK SA,RO,mastercard,debit
554855,00-99,BANCO DO ESTADO DE SERGIPE S.A.,BR,mastercard,credit
554856,00-99,SMALL AND MEDIUM ENTERPRISE BANK LTD.,ZW,mastercard,credit
554857,00-99,EXIM BANK (TANZANIA) LTD.,TZ,mastercard,credit
554858,00-99,CRDB BANK PLC,TZ,mastercard,credit
554859,00-99,BANPLUS INTERNATIONAL BANK INC,PR,mastercard,credit
554860,00-99,SCOTIABANK PERU S.A.A.,PE,mastercard,credit
554861,00-99,SALT BANK S.A.,RO,mastercard,credit
554862,00-99,BRD GROUPE SOCIETE GENERALE,RO,mastercard,credit
554863,00-99,CREDIT UNION PAYMENT CENTER (LIMITED LIABILITY COMPANY),RU,mastercard,credit
554864,00-99,MONEY CARD ASSOCIATION PR LEAGUE INC.,PR,mastercard,debit
554865,00-99,NU PAGAMENTOS SA,BR,mastercard,credit
554866,00-99,CENTRAL TRUST BANK,US,mastercard,credit
554867,00-99,PRIME BANK LTD.,BD,mastercard,credit
554868,00-99,ZIRAATBANK BH D.D.,BA,mastercard,credit
554869,00-99,PATHWARD NATIONAL ASSOCIATION,US,mastercard,debit
554870,00-99,LLC BANK ROUND,RU,mastercard,credit
554871,00-99,PATHWARD NATIONAL ASSOCIATION,US,mastercard,credit
554872,00-99,UNION BANK OF CALIFORNIA N.A.,US,mastercard,credit
554873,00-99,NORTHERN TRUST BANK,US,mastercard,credit
554874,00-99,BMO HARRIS BANK,US,mastercard,credit
554876,00-99,LOTTECARD CO. LTD.,KR,mastercard,credit
554877,00-99,BANK OF AMERICA NATIONAL ASSOCIATION,US,mastercard,debit
554878,00-99,,CR,mastercard,credit
554879,00-99,BANK OF INDIA,IN,mastercard,credit
554880,00-99,PROVIDENT BANK,US,mastercard,credit
554881,00-99,KEYBANK N.A.,US,mastercard,credit
554882,00-99,MERRICK BANK CORPORATION,US,mastercard,credit
554883,00-99,KEYBANK N.A.,US,mastercard,credit
554884,00-99,CLEAR MOUNTAIN BANK,US,mastercard,debit
554885,00-99,SUTTON BANK,US,mastercard,debit
554886,00-99,FIDELITY INFORMATION SERVICES INC.,US,mastercard,debit
554887,00-99,ROGERS BANK,CA,mastercard,credit
554888,00-99,FISERV SOLUTIONS LLC,US,mastercard,debit
554889,00-99,EASTERN CARIBBEAN CO-OPERATIVE CENTRAL LTD.,VC,mastercard,debit
554890,00-99,,ES,mastercard,credit
554891,00-99,EDENRED SOLUCOES DE PAGAMENTOS HYLA S.A.,BR,mastercard,debit
554892,00-99,,ES,mastercard,credit
554893,00-99,,US,mastercard,credit
554894,00-99,,US,mastercard,credit
554895,00-99,BANK GOSPODARKI ZYWNOSCIOWEJ,PL,mastercard,credit
554896,00-99,JPMORGAN CHASE BANK N.A.,US,mastercard,credit
554897,00-99,JPMORGAN CHASE BANK N.A.,US,mastercard,credit
554898,00-99,JPMORGAN CHASE BANK N.A.,US,mastercard,credit
554899,00-99,FIRST-CITIZENS BANK & TRUST COMPANY,US,mastercard,credit
554900,00-99,BANCO SANTANDER MEXICO SA INSTITUCION DE BANCA MULTIPLE GRUPO FINANC,MX,mastercard,credit
554901,00-99,BANCO DAVIVIENDA S.A.,CO,mastercard,credit
554902,00-99,BANCO DE CHILE,CL,mastercard,credit
554903,00-99,ITAU UNIBANCO S.A.,BR,mastercard,credit
554904,00-99,BANCO ITAU CHILE,CL,mastercard,credit
554905,00-99,BANK OF AMERICA NATIONAL ASSOCIATION,US,mastercard,credit
554906,00-99,BANCO DO BRASIL,BR,mastercard,credit
554907,00-99,,AE,mastercard,credit
554908,00-99,HANSCOM FEDERAL CREDIT UNION,US,mastercard,credit
554909,00-99,BANRESERVAS,DO,mastercard,credit
554910,00-99,FISERV SOLUTIONS LLC,US,mastercard,credit
554911,00-99,SCOTIABANK PERU S.A.A.,PE,mastercard,credit
554912,00-99,BANCO NACIONAL DE CREDITO C.A.,VE,mastercard,credit
554913,00-99,CARUANA S.A. - SOCIEDADE DE CREDITO FINANCIAMENTO E INVESTIMENTO,BR,mastercard,debit
554914,00-99,BANCO PLAZA C.A.,VE,mastercard,credit
554915,00-99,BANCO MULTIPLE BHD S.A.,DO,mastercard,credit
554916,00-99,BUCKEYE STATE CREDIT UNION,US,mastercard,credit
554917,00-99,ITAU UNIBANCO S.A.,BR,mastercard,credit
554918,00-99,MONTANA FEDERAL CREDIT UNION,US,mastercard,credit
554919,00-99,PATELCO CREDIT UNION,US,mastercard,credit
554920,00-99,BANCO CARONI C.A. BANCO UNIVERSAL,VE,mastercard,credit
554921,00-99,BANCO PROMERICA DE GUATERMALA S.A.,GT,mastercard,credit
554922,00-99,SCOTIABANK CARIBBEAN HOLDING LTD.,PA,mastercard,credit
554923,00-99,BANCO COOPERATIVO SICOOB S.A. - BANCO SICOOB,BR,mastercard,credit
554924,00-99,PATELCO CREDIT UNION,US,mastercard,credit
554925,00-99,SAFE 1 CREDIT UNION,US,mastercard,credit
554926,00-99,BANCO DEL ESTADO DE CHILE,CL,mastercard,credit
554927,00-99,BANCO DO BRASIL S.A.,BR,mastercard,credit
554928,00-99,AREEBA S.A.L,LB,mastercard,credit
554929,00-99,CITIBANK N.A. (VENEZUELA),VE,mastercard,credit
554930,00-99,CSCBANK SAL,YE,mastercard,credit
554931,00-99,PATELCO CREDIT UNION,US,mastercard,debit
554932,00-99,CAIXA ECONOMICA FEDERAL,BR,mastercard,credit
554933,00-99,SCOTIABANK COLPATRIA S.A.,CO,mastercard,credit
554934,00-99,BFC BANCO FONDO COMUN C.A. BANCO UNIVERSAL,VE,mastercard,credit
554935,00-99,BANCO G&T CONTINENTAL S.A.,GT,mastercard,credit
554936,00-99,BANCO DAVIVIENDA S.A.,CO,mastercard,credit
554937,00-99,BANCO NACIONAL DE CREDITO C.A.,VE,mastercard,credit
554938,00-99,BANCO POPULAR DOMINICANO C. POR A.,DO,mastercard,credit
554939,00-99,CIMB BANK BERHAD,SG,mastercard,credit
554940,00-99,BANCO SECURITY,CL,mastercard,credit
554941,00-99,BANCO POPULAR DOMINICANO C. POR A.,DO,mastercard,credit
554942,00-99,BANCO FICOHSA NICARAGUA S.A.,NI,mastercard,credit
554943,00-99,BANCO AGRICOLA S.A.,SV,mastercard,credit
554944,00-99,BANK OF NOVA SCOTIA JAMAICA LTD.,JM,mastercard,debit
554945,00-99,BANCO BRADESCO S.A.,BR,mastercard,credit
554946,00-99,SCOTIABANK CARIBBEAN HOLDING LTD.,PA,mastercard,credit
554947,00-99,AMERICAN FIRST CREDIT UNION,US,mastercard,credit
554948,00-99,BANCOPPEL S.A. INSTITUCION BANCA MULTIPLE,MX,mastercard,credit
554949,00-99,FIRST DATA CONO SUR S.R.L.,AR,mastercard,credit
554950,00-99,ARAB FINANCIAL SERVICES COMPANY B.S.C. (C),DZ,mastercard,debit
554951,00-99,COMPUTER SERVICES INC.,US,mastercard,debit
554952,00-99,SUNRISE BANKS N.A.,US,mastercard,debit
554953,00-99,ITAU UNIBANCO S.A.,BR,mastercard,credit
554954,00-99,ITAU UNIBANCO S.A.,BR,mastercard,credit
554955,00-99,BAC A COMMERCIAL JOINT STOCK BANK,VN,mastercard,debit
554956,00-99,PUBLIC JSC FIRST UKRAINIAN INTERNATIONAL BANK,UA,mastercard,credit
554957,00-99,PRIME BANK LTD.,BD,mastercard,credit
554958,00-99,VELOCITY CREDIT UNION,US,mastercard,credit
554959,00-99,KB KOOKMIN CARD CO. LTD,KR,mastercard,credit
554960,00-99,GARANTI,TR,mastercard,credit
554961,00-99,ITAU UNIBANCO S.A.,BR,mastercard,credit
554962,00-99,MORGAN STANLEY PRIVATE BANK NA,US,mastercard,debit
554963,00-99,KB KOOKMIN CARD CO. LTD,KR,mastercard,credit
554964,00-99,BANCO AHORRO FAMSA S.A. INSTITUCION DE BANCA MULTIPLE,MX,mastercard,debit
554965,00-99,CREDIT MUTUEL ARKEA,FR,mastercard,debit
554966,00-99,ADMINISTRADORA DE TARJETAS DE CREDITO (A.T.C.) S.A.,BO,mastercard,credit
554967,00-99,JOINT STOCK BANK UKRGASBANK,UA,mastercard,credit
554968,00-99,THE NATIONAL BANK PLC,PS,mastercard,credit
554969,00-99,AL BARAKA ISLAMIC BANK B.S.C. (CLOSED),BH,mastercard,credit
554970,00-99,METROBANK S.A.,PA,mastercard,debit
554971,00-99,TAMILNAD MERCANTILE BANK LTD.,IN,mastercard,debit
554972,00-99,BANCO CARONI C.A. BANCO UNIVERSAL,VE,mastercard,credit
554973,00-99,KB KOOKMIN CARD CO. LTD,KR,mastercard,credit
554974,00-99,NORDEA BANK ABP,FI,mastercard,credit
554975,00-99,CITIBANK A.S.,TR,mastercard,credit
554976,00-99,CITIBANK A.S.,TR,mastercard,credit
554977,00-99,NORDEA BANK ABP,FI,mastercard,credit
554978,00-99,BOKF NATIONAL ASSOCIATION,US,mastercard,debit
554979,00-99,OJSC ELDIK BANK,KG,mastercard,credit
554980,00-99,SWEDBANK AB,LT,mastercard,credit
554981,00-99,COMMUNITY FINANCIAL CREDIT UNION,US,mastercard,credit
554982,00-99,SIDNEY FEDERAL CREDIT UNION,US,mastercard,credit
554983,00-99,VISECA PAYMENT SERVICES SA,CH,mastercard,credit
554984,00-99,VISECA PAYMENT SERVICES SA,CH,mastercard,credit
554985,00-99,VISECA PAYMENT SERVICES SA,CH,mastercard,credit
554986,00-99,VISECA CARD SERVICES S.A.,CH,mastercard,credit
554987,00-99,BARCLAYS BANK PLC,GB,mastercard,credit
554988,00-99,NIUM EU UAB,LT,mastercard,debit
554989,00-99,COMPUTER SERVICES INC.,US,mastercard,debit
554990,00-99,FIRST DATA CONO SUR S.R.L.,AR,mastercard,credit
554991,00-99,FIRST DATA CONO SUR S.R.L.,AR,mastercard,credit
554992,00-99,FIRST DATA CONO SUR S.R.L.,AR,mastercard,credit
554993,00-99,FIRST DATA CONO SUR S.R.L.,AR,mastercard,credit
554994,00-99,FIRST DATA CONO SUR S.R.L.,AR,mastercard,credit
554995,00-99,FIRST DATA CONO SUR S.R.L.,AR,mastercard,credit
554996,00-99,FIRST DATA CONO SUR S.R.L.,AR,mastercard,credit
554997,00-99,FIRST DATA CONO SUR S.R.L.,AR,mastercard,credit
554998,00-99,FIRST DATA CONO SUR S.R.L.,AR,mastercard,credit
554999,00-99,BANCO GGAL S.A.,AR,mastercard,credit
555000,00-99,BANK OF MONTREAL,CA,mastercard,credit
555001,00-99,NATIONAL AUSTRALIA BANK LTD.,AU,mastercard,credit
555002,00-99,,GB,mastercard,credit
555003,00-99,WESTPAC BANKING CORPORATION,AU,mastercard,credit
555004,00-99,HSBC BANK MIDDLE EAST,BH,mastercard,credit
555005,00-99,COMMONWEALTH BANK OF AUSTRALIA,AU,mastercard,credit
555006,00-99,NATIONAL BANK OF CANADA,CA,mastercard,credit
555007,00-99,HSBC BANK MIDDLE EAST,BH,mastercard,credit
555008,00-99,BANK OF MONTREAL,US,mastercard,credit
555009,00-99,SEB KORT BANK AB,NO,mastercard,credit
555010,00-99,CITIBANK N.A.,AE,mastercard,credit
555011,00-99,CITIBANK N.A.,PK,mastercard,credit
555012,00-99,,US,mastercard,credit
555013,00-99,HSBC BANK MIDDLE EAST,BH,mastercard,credit
555014,00-99,SEB KORT BANK AB,NO,mastercard,credit
555015,00-99,CITIBANK N.A.,AE,mastercard,credit
555016,00-99,TEYA ICELAND HF.,IS,mastercard,credit
555017,00-99,CITIBANK N.A. SINGAPORE BRANCH,SG,mastercard,credit
555018,00-99,CITIBANK N.A.,ID,mastercard,credit
555019,00-99,CITIBANK N.A.,AU,mastercard,credit
555020,00-99,THE HONGKONG AND SHANGHAI BANKING CORPORATION LTD.,IN,mastercard,credit
555021,00-99,CITIBANK N.A. PHILIPPINES,PH,mastercard,credit
555022,00-99,,US,mastercard,credit
555023,00-99,WEX BANK,US,mastercard,credit
555024,00-99,CITIBANK N.A.,TH,mastercard,credit
555025,00-99,STANDARD BANK OF SOUTH AFRICA LTD.,ZA,mastercard,credit
555026,00-99,R. RAPHAEL & SONS PLC,GB,mastercard,credit
555027,00-99,CITIBANK N.A.,US,mastercard,credit
555028,00-99,CITIBANK N.A.,US,mastercard,credit
555029,00-99,E. SUN COMMERCIAL BANK CO. LTD.,TW,mastercard,credit
555030,00-99,CITIBANK N.A.,US,mastercard,credit
555031,00-99,CITIBANK N.A.,AR,mastercard,credit
555032,00-99,PT. BANK CIMB NIAGA TBK.,ID,mastercard,credit
555033,00-99,TAIPEI FUBON COMMERCIAL BANK CO. LTD.,TW,mastercard,credit
555034,00-99,CITIBANK N.A. SOUTH AFRICA,ZA,mastercard,credit
555035,00-99,CITIBANK N.A.,AE,mastercard,credit
555036,00-99,CITIBANK N.A. SOUTH AFRICA,ZA,mastercard,credit
555037,00-99,CITIBANK N.A. SOUTH AFRICA,ZA,mastercard,credit
555038,00-99,,US,mastercard,credit
555039,00-99,BOC CREDIT CARD (INTERNATIONAL) LTD.,HK,mastercard,credit
555040,00-99,BANCO BRADESCO S.A.,BR,mastercard,credit
555041,00-99,HSBC BANK MIDDLE EAST,AE,mastercard,credit
555042,00-99,DAH SING BANK LTD.,HK,mastercard,credit
555043,00-99,SEB KORT BANK AB,FI,mastercard,credit
555044,00-99,,AE,mastercard,credit
555045,00-99,CITIBANK EUROPE PUBLIC LIMITED COMPANY,GB,mastercard,credit
555046,00-99,CENTENNIAL BANK,US,mastercard,credit
555047,00-99,ITAU UNIBANCO S.A.,BR,mastercard,credit
555048,00-99,COMMONWEALTH BANK OF AUSTRALIA,AU,mastercard,credit
555049,00-99,WEX BANK,US,mastercard,credit
555050,00-99,REGIONS BANK,US,mastercard,credit
555051,00-99,WEX BANK,US,mastercard,credit
555052,00-99,WEX BANK,US,mastercard,credit
555053,00-99,WEX BANK,CA,mastercard,credit
555054,00-99,WEX BANK,US,mastercard,credit
555055,00-99,WEX BANK,US,mastercard,credit
555056,00-99,CITIBANK N.A. PUERTO RICO,PR,mastercard,credit
555057,00-99,JOINT STOCK COMPANY COMMERCIAL BANK CITIBANK,RU,mastercard,credit
555058,00-99,JOINT STOCK COMPANY COMMERCIAL BANK CITIBANK,RU,mastercard,credit
555059,00-99,JOINT STOCK COMPANY COMMERCIAL BANK CITIBANK,RU,mastercard,credit
555060,00-99,MONZO BANK LTD.,GB,mastercard,credit
555061,00-99,ARAB FINANCIAL SERVICES COMPANY B.S.C. (C),BH,mastercard,credit
555062,00-99,UZBEK INDUSTRIAL AND CONSTRUCTION BANK JSCB,UZ,mastercard,credit
555063,00-99,PT. BANK CIMB NIAGA TBK.,ID,mastercard,credit
555064,00-99,CITIBANK NA KENYA,KE,mastercard,credit
555065,00-99,CITIBANK NA KENYA,KE,mastercard,credit
555066,00-99,PUBLIC JOINT-STOCK COMPANY CITIBANK,UA,mastercard,credit
555067,00-99,BANCO PICHINCHA C.A.,EC,mastercard,credit
555068,00-99,JOINT-STOCK COMPANY CITIBANK KAZAKHSTAN,KZ,mastercard,credit
555069,00-99,ADDIKO BANK D.D. SARAJEVO,BA,mastercard,credit
555070,00-99,BANCO REPUBLICA ORIENTAL DEL URUGUAY,UY,mastercard,credit
555071,00-99,WEX BANK,US,mastercard,credit
555072,00-99,WEX BANK,US,mastercard,credit
555073,00-99,WEX BANK,US,mastercard,credit
555074,00-99,PT. BANK CIMB NIAGA TBK.,ID,mastercard,credit
555075,00-99,GULF INTERNATIONAL BANK BSC,AE,mastercard,credit
555076,00-99,WEX BANK,US,mastercard,credit
555077,00-99,WEX CANADA LTD.,CA,mastercard,credit
555078,00-99,BANQUE SAUDI FRANSI,SA,mastercard,credit
555079,00-99,PJSC ROSBANK,RU,mastercard,debit
555080,00-99,WEX BANK,US,mastercard,credit
555081,00-99,HABIB BANK LTD.,PK,mastercard,debit
555082,00-99,WEX BANK,US,mastercard,credit
555083,00-99,WEX BANK,US,mastercard,credit
555084,00-99,CASHDASH UK LTD.,GB,mastercard,debit
555085,00-99,PEOPLES TRUST COMPANY,CA,mastercard,credit
555086,00-99,AXIS BANK LTD.,IN,mastercard,credit
555087,00-99,CITIBANK A.S.,TR,mastercard,credit
555088,00-99,BANCO ORIGINAL,BR,mastercard,debit
555089,00-99,WEX BANK,US,mastercard,credit
555090,00-99,WEX BANK,US,mastercard,credit
555091,00-99,WEX BANK,US,mastercard,credit
555092,00-99,WEX BANK,US,mastercard,credit
555093,00-99,WEX BANK,US,mastercard,credit
555094,00-99,WEX BANK,US,mastercard,credit
555095,00-99,WEX BANK,US,mastercard,credit
555096,00-99,WEX BANK,US,mastercard,credit
555097,00-99,WEX BANK,CA,mastercard,credit
555098,00-99,WEX BANK,CA,mastercard,credit
555099,00-99,WEX BANK,CA,mastercard,credit
555100,00-99,WEX BANK,CA,mastercard,credit
555101,00-99,WEX BANK,CA,mastercard,credit
555102,00-99,WEX BANK,CA,mastercard,credit
555103,00-99,WEX BANK,US,mastercard,credit
555104,00-99,WEX BANK,US,mastercard,credit
555105,00-99,WEX BANK,US,mastercard,credit
555106,00-99,WEX BANK,US,mastercard,credit
555107,00-99,WEX BANK,US,mastercard,credit
555108,00-99,WEX BANK,US,mastercard,credit
555109,00-99,COMMONWEALTH BANK OF AUSTRALIA,AU,mastercard,credit
555110,00-99,WEX BANK,US,mastercard,credit
555111,00-99,WEX BANK,US,mastercard,credit
555112,00-99,WEX BANK,US,mastercard,credit
555113,00-99,WEX BANK,US,mastercard,credit
555114,00-99,WEX BANK,US,mastercard,credit
555115,00-99,WEX BANK,US,mastercard,credit
555116,00-99,WEX BANK,US,mastercard,credit
555117,00-99,WEX BANK,US,mastercard,credit
555118,00-99,WEX BANK,US,mastercard,credit
555119,00-99,WEX CANADA LTD.,CA,mastercard,credit
555120,00-99,WEX BANK,US,mastercard,credit
555121,00-99,WEX BANK,US,mastercard,credit
555122,00-99,WEX BANK,US,mastercard,credit
555123,00-99,WEX BANK,US,mastercard,credit
555124,00-99,WEX BANK,US,mastercard,credit
555125,00-99,WEX BANK,US,mastercard,credit
555126,00-99,WEX BANK,US,mastercard,credit
555127,00-99,WEX BANK,US,mastercard,credit
555128,00-99,WEX BANK,US,mastercard,credit
555129,00-99,WEX BANK,US,mastercard,credit
555130,00-99,WEX BANK,US,mastercard,credit
555131,00-99,WEX BANK,US,mastercard,credit
555132,00-99,WEX BANK,US,mastercard,credit
555133,00-99,WEX BANK,US,mastercard,credit
555134,00-99,WEX BANK,US,mastercard,credit
555135,00-99,WEX BANK,US,mastercard,credit
555136,00-99,WEX BANK,US,mastercard,credit
555137,00-99,WEX BANK,US,mastercard,credit
555138,00-99,WEX BANK,US,mastercard,credit
555139,00-99,WEX BANK,US,mastercard,credit
555140,00-99,WEX BANK,US,mastercard,credit
555141,00-99,WEX BANK,US,mastercard,credit
555142,00-99,WEX BANK,US,mastercard,credit
555143,00-99,WEX BANK,US,mastercard,credit
555144,00-99,PAYPAL (EUROPE) S.A.R.L & CIE S.C.A,NL,mastercard,debit
555145,00-99,CITIBANK BERHAD,MY,mastercard,credit
555146,00-99,OPTAL FINANCIAL LTD.,GB,mastercard,credit
555147,00-99,WEX EUROPE UK LTD.,GB,mastercard,credit
555148,00-99,HSBC BANK USA NATIONAL ASSOCIATION,US,mastercard,credit
555149,00-99,REGIONS BANK,US,mastercard,credit
555150,00-99,UMB BANK NATIONAL ASSOCIATION,US,mastercard,credit
555151,00-99,BANK OF MISSOURI,US,mastercard,credit
555152,00-99,JPMORGAN CHASE BANK N.A.,CA,mastercard,credit
555153,00-99,HDFC BANK LTD.,IN,mastercard,credit
555154,00-99,WEX BANK,US,mastercard,credit
555155,00-99,BANCO BRADESCO S.A.,BR,mastercard,credit
555156,00-99,JOINT STOCK COMPANY ALFA-BANK,RU,mastercard,credit
555157,00-99,CITIBANK N.A.,TH,mastercard,credit
555158,00-99,WIRECARD CARD SOLUTIONS LTD.,DE,mastercard,debit
555159,00-99,HOLVI PAYMENT SERVICES OY,GB,mastercard,debit
555160,00-99,BANK OF AMERICA NATIONAL ASSOCIATION,IN,mastercard,credit
555161,00-99,BANK OF AMERICA NATIONAL ASSOCIATION,US,mastercard,credit
555162,00-99,BANK OF AMERICA NATIONAL ASSOCIATION,US,mastercard,credit
555163,00-99,CITIBANK N.A.,ID,mastercard,credit
555164,00-99,BANK OF AMERICA NATIONAL ASSOCIATION,US,mastercard,credit
555165,00-99,BANK OF AMERICA NATIONAL ASSOCIATION,AU,mastercard,credit
555166,00-99,BANK OF AMERICA NATIONAL ASSOCIATION,US,mastercard,credit
555167,00-99,ITAU UNIBANCO S.A.,BR,mastercard,credit
555168,00-99,BANK OF AMERICA NATIONAL ASSOCIATION,HK,mastercard,credit
555169,00-99,MUFG BANK LTD PRIMARY NY BRANCH,US,mastercard,credit
555170,00-99,CITIBANK TAIWAN LTD.,TW,mastercard,credit
555171,00-99,JPMORGAN CHASE BANK N.A.,US,mastercard,credit
555172,00-99,JPMORGAN CHASE BANK N.A.,CA,mastercard,credit
555173,00-99,WEX BANK,TH,mastercard,credit
555174,00-99,BANCO DE AHORRO Y CREDITO FEDERAL S.A.,DO,mastercard,credit
555175,00-99,WEX BANK,US,mastercard,credit
555176,00-99,WEX BANK,US,mastercard,credit
555177,00-99,WEX BANK,US,mastercard,credit
555178,00-99,WEX BANK,US,mastercard,credit
555179,00-99,WEX BANK,US,mastercard,credit
555180,00-99,WEX BANK,US,mastercard,credit
555181,00-99,WEX BANK,US,mastercard,credit
555182,00-99,WEX BANK,US,mastercard,credit
555183,00-99,WEX BANK,US,mastercard,credit
555184,00-99,WEX BANK,US,mastercard,credit
555185,00-99,WEX BANK,US,mastercard,credit
555186,00-99,WEX BANK,US,mastercard,credit
555187,00-99,WEX BANK,US,mastercard,credit
555188,00-99,CU COOPERATIVE SYSTEMS,US,mastercard,debit
555189,00-99,JACK HENRY & ASSOCIATES,US,mastercard,debit
555190,00-99,BOKF NATIONAL ASSOCIATION,US,mastercard,debit
555191,00-99,WEX BANK,US,mastercard,credit
555192,00-99,WEX BANK,US,mastercard,credit
555193,00-99,WEX BANK,US,mastercard,credit
555194,00-99,WEX BANK,US,mastercard,credit
555195,00-99,WEX BANK,US,mastercard,credit
555196,00-99,WEX BANK,US,mastercard,credit
555197,00-99,WEX BANK,US,mastercard,credit
555198,00-99,WEX BANK,US,mastercard,credit
555199,00-99,WEX BANK,US,mastercard,credit
555200,00-99,WEX BANK,US,mastercard,credit
555201,00-99,WEX BANK,US,mastercard,credit
555202,00-99,WEX BANK,US,mastercard,credit
555203,00-99,WEX BANK,US,mastercard,credit
555204,00-99,WEX BANK,US,mastercard,credit
555205,00-99,WEX BANK,US,mastercard,credit
555206,00-99,WEX BANK,US,mastercard,credit
555207,00-99,WEX BANK,US,mastercard,credit
555208,00-99,WEX BANK,US,mastercard,credit
555209,00-99,WEX BANK,US,mastercard,credit
555210,00-99,WEX BANK,US,mastercard,credit
555211,00-99,WEX BANK,US,mastercard,credit
555212,00-99,WEX BANK,US,mastercard,credit
555213,00-99,WEX BANK,US,mastercard,credit
555214,00-99,CITIZENS BANK N.A.,US,mastercard,credit
555215,00-99,WEX BANK,US,mastercard,credit
555216,00-99,JPMORGAN CHASE BANK N.A.,US,mastercard,credit
555217,00-99,KEYBANK NATIONAL ASSOCIATION,US,mastercard,credit
555218,00-99,AREEBA S.A.L,LB,mastercard,credit
555219,00-99,AXIS BANK LTD.,IN,mastercard,credit
555220,00-99,ING BANK N.V.,NL,mastercard,credit
555221,00-99,ING BANK N.V.,NL,mastercard,credit
555222,00-99,REPUBLIC BANK & TRUST COMPANY,US,mastercard,credit
555223,00-99,CUSCAL LTD.,AU,mastercard,credit
555224,00-99,WEX FINANCE INC,AU,mastercard,credit
555225,00-99,CITIBANK N.A.,US,mastercard,credit
555226,00-99,WEX BANK,SG,mastercard,credit
555227,00-99,BANK OF MONTREAL,US,mastercard,credit
555228,00-99,WEX FINANCE INC,AU,mastercard,credit
555229,00-99,CITIZENS BANK N.A.,US,mastercard,credit
555230,00-99,BANCO BS2 S.A.,BR,mastercard,credit
555231,00-99,KB KOOKMIN CARD CO. LTD,KR,mastercard,credit
555232,00-99,WEX BANK,US,mastercard,credit
555233,00-99,WEX BANK,US,mastercard,credit
555234,00-99,WEX BANK,US,mastercard,credit
555235,00-99,WEX BANK,US,mastercard,credit
555236,00-99,WEX BANK,US,mastercard,credit
555237,00-99,WEX BANK,US,mastercard,credit
555238,00-99,WEX BANK,US,mastercard,credit
555239,00-99,WEX BANK,US,mastercard,credit
555240,00-99,WEX BANK,US,mastercard,credit
555241,00-99,WEX BANK,US,mastercard,credit
555242,00-99,WEX BANK,US,mastercard,credit
555243,00-99,WEX BANK,US,mastercard,credit
555244,00-99,WEX BANK,US,mastercard,credit
555245,00-99,WEX BANK,US,mastercard,credit
555246,00-99,WEX BANK,US,mastercard,credit
555247,00-99,WEX BANK,US,mastercard,credit
555248,00-99,WEX BANK,US,mastercard,credit
555249,00-99,WEX BANK,US,mastercard,credit
555250,00-99,WEX BANK,US,mastercard,credit
555251,00-99,WEX BANK,US,mastercard,credit
555252,00-99,WEX BANK,US,mastercard,credit
555253,00-99,WEX BANK,US,mastercard,credit
555254,00-99,WEX BANK,US,mastercard,credit
555255,00-99,WEX BANK,US,mastercard,credit
555256,00-99,WEX BANK,US,mastercard,credit
555257,00-99,WEX BANK,US,mastercard,credit
555258,00-99,WEX CANADA LTD.,CA,mastercard,credit
555259,00-99,WEX CANADA LTD.,CA,mastercard,credit
555260,00-99,CITIBANK N.A. PHILIPPINES,PH,mastercard,credit
555261,00-99,DFCC BANK PLC,LK,mastercard,credit
555262,00-99,GENERAL ELECTRIC EMPLOYEES FEDERAL CREDIT UNION,US,mastercard,debit
555263,00-99,FIRST NATIONAL BANK,US,mastercard,debit
555264,00-99,BANCO DEL SOL S.A.,AR,mastercard,debit
555265,00-99,ABU DHABI COMMERCIAL BANK,AE,mastercard,credit
555266,00-99,BANK OF MONTREAL,CA,mastercard,credit
555267,00-99,ARAB FINANCIAL SERVICES COMPANY B.S.C. (C),BH,mastercard,credit
555268,00-99,REGIONS BANK,US,mastercard,credit
555269,00-99,BANCO C6 SA,BR,mastercard,credit
555270,00-99,BULLLA INSTITUICAO DE PAGAMENTOS S.A,BR,mastercard,credit
555271,00-99,BANCO VE POR MAS S.A. IBM GRUPO FINANCIERO VE POR MAS,MX,mastercard,debit
555272,00-99,WEX BANK,US,mastercard,credit
555273,00-99,WEX BANK,US,mastercard,credit
555274,00-99,OPTAL FINANCIAL LTD.,GB,mastercard,credit
555275,00-99,BANK MUSCAT (SAOG),OM,mastercard,credit
555276,00-99,UBII PAGOS CA,VE,mastercard,debit
555277,00-99,OPTAL FINANCIAL LTD.,GB,mastercard,credit
555278,00-99,OPTAL FINANCIAL LTD.,GB,mastercard,credit
555279,00-99,OPTAL FINANCIAL LTD.,GB,mastercard,credit
555280,00-99,HDFC BANK LTD.,IN,mastercard,credit
555281,00-99,NEXI PAYMENTS SPA,IT,mastercard,debit
555282,00-99,WEX BANK,HK,mastercard,credit
555283,00-99,AXIS BANK LTD.,IN,mastercard,credit
555284,00-99,WEX BANK,HK,mastercard,credit
555285,00-99,WEX FINANCE INC.,SG,mastercard,credit
555286,00-99,THE HONGKONG AND SHANGHAI BANKING CORPORATION LTD.,HK,mastercard,credit
555287,00-99,WEX BANK,US,mastercard,credit
555288,00-99,THE HONGKONG AND SHANGHAI BANKING CORPORATION LTD.,HK,mastercard,credit
555289,00-99,WEX BANK,TH,mastercard,credit
555290,00-99,WEX BANK,NZ,mastercard,credit
555291,00-99,WEX BANK,US,mastercard,credit
555292,00-99,THE HONGKONG AND SHANGHAI BANKING CORPORATION LTD.,HK,mastercard,credit
555293,00-99,WEX FINANCE INC.,SG,mastercard,credit
555294,00-99,WEX BANK,US,mastercard,credit
555295,00-99,WEX BANK,TH,mastercard,credit
555296,00-99,WEX BANK,TH,mastercard,credit
555297,00-99,WEX BANK,NZ,mastercard,credit
555298,00-99,BANK OF AMERICA NATIONAL ASSOCIATION,HK,mastercard,credit
555299,00-99,BANK OF AMERICA NATIONAL ASSOCIATION,SG,mastercard,credit
555300,00-99,BANK OF AMERICA NATIONAL ASSOCIATION,IN,mastercard,credit
555301,00-99,BANK OF AMERICA NATIONAL ASSOCIATION,AU,mastercard,credit
555302,00-99,THE HONGKONG AND SHANGHAI BANKING CORPORATION LTD.,HK,mastercard,credit
555303,00-99,WEX BANK,AE,mastercard,credit
555304,00-99,BANCO STELLANTIS S/A,BR,mastercard,credit
555305,00-99,WEX BANK,AE,mastercard,credit
555306,00-99,BANCO POPULAR Y DE DESARROLLO COMUNAL,CR,mastercard,credit
555307,00-99,BANCO DEL SOL S.A.,AR,mastercard,credit
555308,00-99,ING BANK N.V.,NL,mastercard,credit
555309,00-99,ING BANK N.V.,NL,mastercard,credit
555310,00-99,ING BANK N.V.,NL,mastercard,credit
555311,00-99,ING BANK N.V.,NL,mastercard,credit
555312,00-99,HSBC CONTINENTAL EUROPE,FR,mastercard,credit
555313,00-99,THE HONGKONG AND SHANGHAI BANKING CORPORATION LTD.,SG,mastercard,credit
555314,00-99,BANK OF MONTREAL,CA,mastercard,credit
555315,00-99,UNITED COMMUNITY BANK,US,mastercard,debit
555316,00-99,BANK OF MONTREAL,CA,mastercard,credit
555317,00-99,BANK OF MONTREAL,US,mastercard,credit
555318,00-99,INDUSIND BANK LTD.,IN,mastercard,credit
555319,00-99,MASRAF AL RAYAN,QA,mastercard,credit
555320,00-99,BANCO BS2 S.A.,BR,mastercard,credit
555321,00-99,COASTAL COMMUNITY BANK,US,mastercard,debit
555322,00-99,HSBC BANK MIDDLE EAST,AE,mastercard,credit
555323,00-99,TINKOFF BANK,RU,mastercard,debit
555324,00-99,ARAB FINANCIAL SERVICES COMPANY B.S.C. (C),AE,mastercard,credit
555325,00-99,ENTROPAY LTD.,MT,mastercard,credit
555326,00-99,SERVICIOS BROXEL S.A.P.I. DE C.V.,MX,mastercard,credit
555327,00-99,INDUSIND BANK LTD.,IN,mastercard,credit
555328,00-99,PATHWARD NATIONAL ASSOCIATION,US,mastercard,debit
555329,00-99,CELTIC BANK CORPORATION,US,mastercard,credit
555330,00-99,FIRST STATE COMMUNITY BANK,US,mastercard,credit
555331,00-99,RBL BANK LTD.,IN,mastercard,credit
555332,00-99,EASTERN BANK LTD.,BD,mastercard,credit
555333,00-99,EASTERN BANK LTD.,BD,mastercard,credit
555334,00-99,UMB BANK NATIONAL ASSOCIATION,US,mastercard,credit
555335,00-99,JSC FORTEBANK,KZ,mastercard,credit
555336,00-99,REVOLUT LTD.,GB,mastercard,credit
555337,00-99,CREDIT UNION OF TEXAS,US,mastercard,credit
555338,00-99,CITIBANK N.A.,US,mastercard,debit
555339,00-99,ARAB FINANCIAL SERVICES COMPANY B.S.C. (C),JO,mastercard,debit
555340,00-99,UNIK,BR,mastercard,credit
555341,00-99,CITIBANK N.A.,US,mastercard,credit
555342,00-99,MONAVATE LTD.,GB,mastercard,debit
555343,00-99,SUTTON BANK,US,mastercard,credit
555344,00-99,CITIBANK N.A.,US,mastercard,debit
555345,00-99,CITIBANK N.A.,US,mastercard,debit
555346,00-99,TOMPAY LTD.,GB,mastercard,debit
555347,00-99,BANPLUS BANCO UNIVERSAL C.A.,VE,mastercard,credit
555348,00-99,TRANSACT PAYMENTS LTD.,SE,mastercard,debit
555349,00-99,AION S.A.,ES,mastercard,credit
555350,00-99,COMPUTER SERVICES INC.,US,mastercard,debit
555351,00-99,ROYAL BANK OF CANADA,CA,mastercard,credit
555352,00-99,BANK OF MONTREAL,CA,mastercard,credit
555353,00-99,BMO BANK NATIONAL ASSOCIATION,US,mastercard,credit
555354,00-99,MOBIASBANCA - OTP GRUP SA,MD,mastercard,credit
555355,00-99,HSBC BANK MIDDLE EAST,QA,mastercard,credit
555356,00-99,HSBC BANK AUSTRALIA LTD.,AU,mastercard,credit
555357,00-99,HSBC BANK AUSTRALIA LTD.,AU,mastercard,credit
555358,00-99,CITIBANK N.A.,US,mastercard,debit
555359,00-99,TARJETAS BANAMEX SA DE CV SOFOM E.R.,MX,mastercard,credit
555360,00-99,KEYBANK NATIONAL ASSOCIATION,US,mastercard,credit
555361,00-99,KEYBANK NATIONAL ASSOCIATION,US,mastercard,credit
555362,00-99,BANK OF MONTREAL,CA,mastercard,credit
555363,00-99,BANK OF MONTREAL,CA,mastercard,credit
555364,00-99,BANK OF MONTREAL,CA,mastercard,credit
555365,00-99,BANK OF MONTREAL,CA,mastercard,credit
555366,00-99,COMPUTER SERVICES INC.,US,mastercard,credit
555367,00-99,CAPITAL EDUCATORS FEDERAL CREDIT UNION,US,mastercard,credit
555368,00-99,DATA CENTER INCORPORATED,US,mastercard,debit
555369,00-99,BOKF NATIONAL ASSOCIATION,US,mastercard,credit
555370,00-99,COMPUTER SERVICES INC.,US,mastercard,credit
555371,00-99,COMPUTER SERVICES INC.,US,mastercard,credit
555372,00-99,CHIEF FINANCIAL FEDERAL CREDIT UNION,US,mastercard,credit
555373,00-99,CBW BANK,US,mastercard,debit
555374,00-99,HSBC BANK PLC,GB,mastercard,credit
555376,00-99,NORTHROP GRUMMAN FEDERAL CREDIT UNION,US,mastercard,credit
555377,00-99,HSBC BANK MIDDLE EAST,OM,mastercard,credit
555378,00-99,AXIS BANK LTD.,IN,mastercard,credit
555379,00-99,AXIS BANK LTD.,IN,mastercard,credit
555380,00-99,JOINT-STOCK COMPANY SENSE BANK,UA,mastercard,debit
555381,00-99,AXIS BANK LTD.,IN,mastercard,credit
555382,00-99,YES BANK LTD.,IN,mastercard,credit
555383,00-99,CITIBANK N.A.,US,mastercard,debit
555384,00-99,BOKF NATIONAL ASSOCIATION,US,mastercard,debit
555385,00-99,CBM BANCO S.A. INSTITUCION DE BANCA MULTIPLE INTEGRANTE DEL GRUPO FINA,MX,mastercard,credit
555386,00-99,REPUBLIC BANK & TRUST COMPANY,US,mastercard,debit
555387,00-99,CITIBANK N.A.,US,mastercard,debit
555388,00-99,SUTTON BANK,US,mastercard,credit
555389,00-99,REVOLUT PAYMENTS AUSTRALIA PTY LTD.,AU,mastercard,debit
555390,00-99,CITADEL FEDERAL CREDIT UNION,US,mastercard,debit
555391,00-99,BANK OF MONTREAL,CA,mastercard,credit
555392,00-99,BANK OF MONTREAL,CA,mastercard,credit
555393,00-99,BMO BANK NATIONAL ASSOCIATION,US,mastercard,credit
555394,00-99,BMO BANK NATIONAL ASSOCIATION,US,mastercard,credit
555395,00-99,CBM BANCO S.A. INSTITUCION DE BANCA MULTIPLE INTEGRANTE DEL GRUPO FINA,MX,mastercard,credit
555396,00-99,CITIBANK N.A.,US,mastercard,debit
555397,00-99,CITIBANK N.A.,US,mastercard,debit
555398,00-99,CROSS RIVER BANK,US,mastercard,credit
555399,00-99,OPTAL FINANCIAL LTD.,GB,mastercard,credit
555400,00-99,PUBLIC JOINT-STOCK COMPANY BANK OTKRITIE FINANCIAL CORPORATION,RU,mastercard,debit
555401,00-99,WEX BANK,US,mastercard,credit
555402,00-99,WEX BANK,US,mastercard,credit
555403,00-99,WEX BANK,US,mastercard,credit
555404,00-99,WEX BANK,HK,mastercard,credit
555405,00-99,MOORWAND LTD.,DE,mastercard,debit
555406,00-99,OPTAL FINANCIAL EUROPE LTD.,NL,mastercard,credit
555407,00-99,BLUE RIDGE BANK,US,mastercard,debit
555408,00-99,BANCO DE LA PAMPA,AR,mastercard,credit
555409,00-99,BANCO G&T CONTINENTAL S.A.,GT,mastercard,credit
555410,00-99,FIDELITY INFORMATION SERVICES INC.,US,mastercard,debit
555411,00-99,SILKBANK LTD.,PK,mastercard,credit
555412,00-99,DUKHAN BANK Q.P.S.C.,QA,mastercard,credit
555413,00-99,BANK HAPOALIM B.M.,IL,mastercard,credit
555414,00-99,OPTAL FINANCIAL LTD.,GB,mastercard,credit
555415,00-99,ISRAEL CREDIT CARDS LTD.,IL,mastercard,credit
555416,00-99,MALAYAN BANKING BERHAD,MY,mastercard,credit
555417,00-99,INTELIGENCIA EN FINANZAS SAPI DE CV,MX,mastercard,credit
555418,00-99,WEX FINANCE INC.,SG,mastercard,credit
555419,00-99,JOINT STOCK COMMERCIAL BANK - TBC BANK,GE,mastercard,debit
555420,00-99,IDBI BANK LTD.,IN,mastercard,debit
555421,00-99,PREPAY TECHNOLOGIES LTD.,FR,mastercard,debit
555422,00-99,CAPITAL ONE NATIONAL ASSOCIATION,US,mastercard,credit
555423,00-99,BANCO BS2 S.A.,BR,mastercard,debit
555424,00-99,HSBC BANK PLC,GB,mastercard,credit
555425,00-99,SUPER PAGAMENTOS E ADMINISTRACAO DE MEIOS ELETRONICOS LTDA,UY,mastercard,debit
555426,00-99,PATHWARD NATIONAL ASSOCIATION,US,mastercard,debit
555427,00-99,CHOICE FINANCIAL GROUP,US,mastercard,credit
555428,00-99,ENTROPAY LTD.,GB,mastercard,credit
555429,00-99,I & M BANK LTD.,KE,mastercard,credit
555430,00-99,CAIXABANK S.A.,ES,mastercard,debit
555431,00-99,BANCO C6 SA,BR,mastercard,credit
555432,00-99,,US,mastercard,credit
555433,00-99,WEX FINANCE INC.,SG,mastercard,credit
555434,00-99,CU COOPERATIVE SYSTEMS LLC,US,mastercard,debit
555435,00-99,BANK HAPOALIM B.M.,IL,mastercard,credit
555436,00-99,PODRAVSKA BANKA D.D. KOPRIVNICA,HR,mastercard,debit
555437,00-99,REGIONS BANK,US,mastercard,credit
555438,00-99,SOMERSET TRUST COMPANY,US,mastercard,credit
555439,00-99,STARK BANK SA,BR,mastercard,debit
555440,00-99,OPTUM BANK INC.,US,mastercard,debit
555441,00-99,COMPUTER SERVICES INC.,US,mastercard,debit
555442,00-99,TINKOFF BANK,RU,mastercard,credit
555443,00-99,ENTROPAY LTD.,GB,mastercard,credit
555444,00-99,ISRACARD LTD.,IL,mastercard,credit
555445,00-99,BANCO C6 SA,BR,mastercard,debit
555446,00-99,THE HONGKONG AND SHANGHAI BANKING CORPORATION LTD.,HK,mastercard,debit
555447,00-99,SBI CARDS AND PAYMENT SERVICES LTD.,IN,mastercard,credit
555448,00-99,WINDSOR FAMILY CREDIT UNION LTD.,CA,mastercard,debit
555449,00-99,THOMAS COOK (INDIA) LTD.,IN,mastercard,debit
555450,00-99,JACK HENRY & ASSOCIATES,US,mastercard,debit
555451,00-99,STEWARD BANK LTD.,ZW,mastercard,debit
555452,00-99,BANCO BS2 S.A.,BR,mastercard,credit
555453,00-99,UALA SOCIEDAD ANONIMA INSTITUCION DE BANCA MULTIPLE,MX,mastercard,debit
555454,00-99,CAL BANK LTD.,GH,mastercard,debit
555455,00-99,ABU DHABI ISLAMIC BANK,EG,mastercard,credit
555456,00-99,,US,mastercard,credit
555457,00-99,LENDINGCLUB BANK NATIONAL ASSOCIATION,US,mastercard,debit
555458,00-99,I & M BANK LTD.,KE,mastercard,credit
555459,00-99,IPF DIGITAL AS,PL,mastercard,credit
555460,00-99,NIKY INSTITUICAO DE PAGAMENTO S.A.,BR,mastercard,debit
555461,00-99,DATA CENTER INCORPORATED,US,mastercard,debit
555462,00-99,REGIONS BANK,US,mastercard,credit
555463,00-99,BANCO SOFISA SA,BR,mastercard,credit
555464,00-99,CARIBBEAN CREDIT CARD CORPORATION LTD.,BB,mastercard,debit
555465,00-99,ING BANK N.V.,NL,mastercard,credit
555466,00-99,BANZPAY TECHNOLOGY LTD.,AS,mastercard,debit
555467,00-99,TURKIYE VAKIFLAR BANKASI T.A.O.,TR,mastercard,debit
555468,00-99,ICBA BANCARD INC.,US,mastercard,credit
555469,00-99,BANCO BILBAO VIZCAYA ARGENTARIA S.A.,ES,mastercard,credit
555470,00-99,BANCO G&T CONTINENTAL S.A.,GT,mastercard,credit
555471,00-99,WEX BANK,US,mastercard,credit
555472,00-99,JOINT STOCK COMMERCIAL BANK MOSCOW INDUSTRIAL BANK,RU,mastercard,debit
555473,00-99,FISERV SOLUTIONS LLC,US,mastercard,debit
555474,00-99,PAYTEND EUROPE UAB,LT,mastercard,debit
555475,00-99,ISRACARD LTD.,IL,mastercard,credit
555476,00-99,DUKHAN BANK Q.P.S.C.,QA,mastercard,credit
555477,00-99,FISERV SOLUTIONS LLC,US,mastercard,debit
555478,00-99,HABIB BANK LTD.,PK,mastercard,debit
555479,00-99,COMMERCIAL BANK OF QATAR Q.S.C,QA,mastercard,debit
555480,00-99,LENDINGCLUB BANK NATIONAL ASSOCIATION,US,mastercard,debit
555481,00-99,BANCO CETELEM S.A.,ES,mastercard,debit
555482,00-99,FISERV SOLUTIONS LLC,US,mastercard,debit
555483,00-99,LENDINGCLUB BANK NATIONAL ASSOCIATION,US,mastercard,debit
555484,00-99,ABU DHABI ISLAMIC BANK,EG,mastercard,credit
555485,00-99,ORBITALL SERVICOS E PROCESSAMENTO DE MEIOS DE PAGAMENTO LTDA,BR,mastercard,credit
555486,00-99,BANK HAPOALIM B.M.,IL,mastercard,credit
555487,00-99,CHROME FEDERAL CREDIT UNION,US,mastercard,debit
555488,00-99,BELFIUS BANK N.V. / BELFIUS BANQUE S.A.,BE,mastercard,credit
555489,00-99,BANK LEUMI LE-ISRAEL BM,IL,mastercard,credit
555490,00-99,PATHWARD NATIONAL ASSOCIATION,US,mastercard,credit
555491,00-99,MULTITUDE BANK PLC,DE,mastercard,credit
555492,00-99,SUTTON BANK,US,mastercard,debit
555493,00-99,I & M BANK LTD.,KE,mastercard,debit
555494,00-99,REPUBLIC BANK EC LTD.,SX,mastercard,credit
555495,00-99,BANCO SANTANDER S.A.,ES,mastercard,debit
555496,00-99,BANK HAPOALIM B.M.,IL,mastercard,credit
555497,00-99,U.S. BANK NATIONAL ASSOCIATION,US,mastercard,debit
555498,00-99,BANCO INTER S.A.,BR,mastercard,credit
555499,00-99,,US,mastercard,credit
555500,00-99,WEX BANK,US,mastercard,credit
555501,00-99,SILKBANK LTD.,PK,mastercard,credit
555502,00-99,MANSA BANK,CI,mastercard,credit
555503,00-99,OPTAL FINANCIAL EUROPE LTD.,NL,mastercard,credit
555504,00-99,REPUBLIC BANK EC LTD.,SX,mastercard,credit
555505,00-99,GLOBAL CARD SA,CL,mastercard,debit
555506,00-99,PATHWARD NATIONAL ASSOCIATION,US,mastercard,debit
555507,00-99,BANCO INTER S.A.,BR,mastercard,credit
555508,00-99,BANCO C6 SA,BR,mastercard,credit
555509,00-99,PODRAVSKA BANKA D.D. KOPRIVNICA,HR,mastercard,debit
555510,00-99,SUTTON BANK,US,mastercard,credit
555511,00-99,FIDELITY BANK GHANA LTD.,GH,mastercard,credit
555512,00-99,VIETNAM PROSPERITY JOINT STOCK COMMERCIAL BANK,VN,mastercard,debit
555513,00-99,ADYEN N.V.,GB,mastercard,debit
555514,00-99,TITAN TRUST BANK LTD.,NG,mastercard,debit
555515,00-99,WEX BANK,US,mastercard,credit
555516,00-99,BANCO COMERCIAL PORTUGUES S.A.,PT,mastercard,debit
555517,00-99,ABU DHABI ISLAMIC BANK,EG,mastercard,credit
555518,00-99,ININAL ODEME VE ELEKTRONIK PARA HIZMETLERI AS,TR,mastercard,debit
555519,00-99,CREDIT UNION PAYMENT CENTER (LIMITED LIABILITY COMPANY),RU,mastercard,credit
555520,00-99,ING BANK N.V.,NL,mastercard,credit
555521,00-99,YANA BANKING SERVICES COMPANY,IQ,mastercard,debit
555522,00-99,WESTPAC BANKING CORPORATION,AU,mastercard,debit
555523,00-99,CIAGROUP,BR,mastercard,debit
555524,00-99,COMMUNITY FEDERAL SAVINGS BANK,US,mastercard,credit
555525,00-99,,US,mastercard,credit
555526,00-99,ENTROPAY LTD.,MT,mastercard,credit
555527,00-99,SUTTON BANK,US,mastercard,credit
555528,00-99,CONTIS FINANCIAL SERVICES LTD.,GB,mastercard,debit
555529,00-99,QUICKO SP Z OO,PL,mastercard,debit
555530,00-99,XAPO BANK (GIBRALTAR) LTD.,GI,mastercard,debit
555531,00-99,SUPER PAGAMENTOS E ADMINISTRACAO DE MEIOS ELETRONICOS LTDA,BR,mastercard,debit
555532,00-99,,US,mastercard,credit
555533,00-99,ING BANK N.V.,NL,mastercard,credit
555534,00-99,DUKHAN BANK Q.P.S.C.,QA,mastercard,credit
555535,00-99,ASSARAY TRADE AND INVESTMENT BANK,LY,mastercard,credit
555536,00-99,JOINT STOCK COMPANY ASAKABANK,UZ,mastercard,debit
555537,00-99,FIFTH THIRD BANK,US,mastercard,debit
555538,00-99,SHAZAM INC.,US,mastercard,debit
555539,00-99,REGIONS BANK,US,mastercard,credit
555540,00-99,GUARDIANS CREDIT UNION,US,mastercard,debit
555541,00-99,AFRICAN BANKING CORPORATION LTD.,KE,mastercard,debit
555542,00-99,BOC CREDIT CARD (INTERNATIONAL) LTD.,HK,mastercard,credit
555543,00-99,,US,mastercard,credit
555544,00-99,NATIONAL BANK OF RAS AL-KHAIMAH (RAKBANK),AE,mastercard,debit
555545,00-99,UNITED BANK FOR AFRICA PLC,CG,mastercard,debit
555546,00-99,FIRST BANK OF NIGERIA PLC,SN,mastercard,debit
555547,00-99,CREDIT UNION PAYMENT CENTER (LIMITED LIABILITY COMPANY),RU,mastercard,debit
555548,00-99,PSI- PAY LTD.,GB,mastercard,debit
555549,00-99,ASSARAY TRADE AND INVESTMENT BANK,LY,mastercard,debit
555550,00-99,THE BANK OF JORDAN,PS,mastercard,credit
555551,00-99,HDFC BANK LTD.,IN,mastercard,credit
555552,00-99,DBS BANK LTD.,SG,mastercard,credit
555553,00-99,ARUBA BANK N.V.,CW,mastercard,debit
555554,00-99,BANK HAPOALIM B.M.,IL,mastercard,credit
555555,00-99,CIAGROUP,BR,mastercard,debit
555556,00-99,FINWISE BANK,US,mastercard,debit
555557,00-99,WEX BANK,US,mastercard,credit
555558,00-99,ENTROPAY LTD.,GB,mastercard,credit
555559,00-99,FISERV SOLUTIONS LLC,US,mastercard,debit
555560,00-99,BOKIS,DK,mastercard,debit
555561,00-99,BANK HAPOALIM B.M.,IL,mastercard,debit
555562,00-99,TONIK DIGITAL BANK INC.,PH,mastercard,debit
555563,00-99,GUARDIANS CREDIT UNION,US,mastercard,credit
555564,00-99,PATHWARD NATIONAL ASSOCIATION,US,mastercard,debit
555565,00-99,ING BANK N.V.,NL,mastercard,credit
555566,00-99,DATA CENTER INCORPORATED,US,mastercard,debit
555567,00-99,UNITED COMPANY FOR FINANCIAL SERVICES,SA,mastercard,credit
555568,00-99,BANKA KOMBETARE TREGTARE SH.A.,AL,mastercard,debit
555569,00-99,BANK LEUMI LE-ISRAEL BM,IL,mastercard,credit
555570,00-99,OPTAL FINANCIAL LTD.,GB,mastercard,credit
555571,00-99,SUPER PAGAMENTOS E ADMINISTRACAO DE MEIOS ELETRONICOS LTDA,CO,mastercard,debit
555572,00-99,BANCO SOFISA SA,BR,mastercard,credit
555573,00-99,XIAMEN BANK CO. LTD.,CN,mastercard,credit
555574,00-99,DENIZBANK A.S.,TR,mastercard,credit
555575,00-99,STANDARD CHARTERED BANK (PAKISTAN) LTD.,PK,mastercard,debit
555576,00-99,OLD NATIONAL BANK,US,mastercard,debit
555577,00-99,QATAR ISLAMIC BANK,QA,mastercard,credit
555578,00-99,ISRAEL CREDIT CARDS LTD.,IL,mastercard,credit
555579,00-99,PIEDMONT ADVANTAGE CREDIT UNION,US,mastercard,debit
555580,00-99,,US,mastercard,credit
555581,00-99,SWISSQUOTE BANK,CH,mastercard,credit
555582,00-99,BANK LEUMI LE-ISRAEL BM,IL,mastercard,credit
555583,00-99,HSBC CONTINENTAL EUROPE,FR,mastercard,credit
555584,00-99,REPUBLIC BANK EC LTD.,VC,mastercard,credit
555585,00-99,CIAGROUP,BR,mastercard,debit
555586,00-99,CORNER EUROPE AG,LI,mastercard,credit
555587,00-99,CITIBANK BERHAD,MY,mastercard,credit
555588,00-99,REPUBLIC BANK EC LTD.,DM,mastercard,credit
555589,00-99,HDFC BANK LTD.,IN,mastercard,credit
555590,00-99,AVIDIA BANK,US,mastercard,credit
555591,00-99,MASTER RED EUROPA S.L.,ES,mastercard,debit
555592,00-99,SWISSQUOTE BANK,CH,mastercard,credit
555593,00-99,COOPERATIVA NACIONAL DE EDUCADORES R.L.(COOPENAE RL),CR,mastercard,credit
555594,00-99,BANK HAPOALIM B.M.,IL,mastercard,credit
555595,00-99,MASTER RED EUROPA S.L.,PT,mastercard,debit
555596,00-99,PT. BANK CENTRAL ASIA TBK.,ID,mastercard,credit
555597,00-99,BANCO DEL SOL S.A.,AR,mastercard,credit
555598,00-99,FEDERAL BANK LTD.,IN,mastercard,credit
555599,00-99,DIGITAL COMMERCE BANK,CA,mastercard,debit
555600,00-99,LENDINGCLUB BANK NATIONAL ASSOCIATION,US,mastercard,debit
555601,00-99,MANSA BANK,CI,mastercard,debit
555602,00-99,PT. BANK NEGARA INDONESIA (PERSERO) TBK.,ID,mastercard,debit
555603,00-99,CREDIT IMMOBILIER ET. HOTELIER,MA,mastercard,credit
555604,00-99,AION S.A.,DE,mastercard,credit
555605,00-99,ORBITALL SERVICOS E PROCESSAMENTO DE MEIOS DE PAGAMENTO LTDA,BR,mastercard,debit
555606,00-99,SMARTFLOW PAYMENTS LTD.,GB,mastercard,credit
555607,00-99,CAJA POPULAR MEXICANA SC DE AP DE RL DE CV,MX,mastercard,credit
555608,00-99,PATRIOT BANK NATIONAL ASSOCIATION,US,mastercard,credit
555609,00-99,HSBC CONTINENTAL EUROPE,FR,mastercard,credit
555610,00-99,THE SAUDI NATIONAL BANK,SA,mastercard,debit
555611,00-99,BARCLAYS BANK PLC.,GB,mastercard,credit
555612,00-99,UNITED BANK FOR AFRICA PLC,CG,mastercard,debit
555613,00-99,SUTTON BANK,US,mastercard,debit
555614,00-99,NATIONAL BANK OF RAS AL-KHAIMAH (RAKBANK),AE,mastercard,credit
555615,00-99,DBS BANK LTD.,SG,mastercard,credit
555616,00-99,SANTANDER BANK POLSKA S.A.,PL,mastercard,debit
555617,00-99,JACK HENRY & ASSOCIATES,US,mastercard,debit
555618,00-99,ENTROPAY LTD.,MT,mastercard,credit
555619,00-99,MOVII SA,CO,mastercard,debit
555620,00-99,U.S. BANK NATIONAL ASSOCIATION,US,mastercard,debit
555621,00-99,MASTER RED EUROPA S.L.,ES,mastercard,debit
555622,00-99,FIFTH THIRD BANK,US,mastercard,credit
555623,00-99,AGODA COMPANY PTE. LTD.,SG,mastercard,credit
555624,00-99,DATA CENTER INCORPORATED,US,mastercard,debit
555625,00-99,JOINT STOCK COMPANY FIRST UKRAINIAN INTERNATIONAL BANK,UA,mastercard,debit
555626,00-99,SVEA BANK AB,SE,mastercard,debit
555627,00-99,STANDARD CHARTERED BANK MALAYSIA BERHAD,MY,mastercard,debit
555628,00-99,REPUBLIC BANK EC LTD.,KN,mastercard,credit
555629,00-99,WEX BANK,US,mastercard,credit
555630,00-99,NATIONAL BANK OF RAS AL-KHAIMAH (RAKBANK),AE,mastercard,debit
555631,00-99,HSBC BANK MALAYSIA BERHAD,MY,mastercard,credit
555632,00-99,SVEA BANK AB,SE,mastercard,credit
555633,00-99,SHAZAM INC.,US,mastercard,debit
555634,00-99,MOORWAND LTD.,DE,mastercard,debit
555635,00-99,BARCLAYS BANK PLC.,GB,mastercard,credit
555636,00-99,DENIZBANK A.S.,TR,mastercard,credit
555637,00-99,TAMPA BAY FEDERAL CREDIT UNION,US,mastercard,credit
555638,00-99,JOINT STOCK COMPANY FIRST UKRAINIAN INTERNATIONAL BANK,UA,mastercard,debit
555639,00-99,FISERV SOLUTIONS LLC,US,mastercard,debit
555640,00-99,,US,mastercard,credit
555641,00-99,WEX BANK,HK,mastercard,credit
555642,00-99,SVEA BANK AB,SE,mastercard,credit
555643,00-99,ORBITALL SERVICOS E PROCESSAMENTO DE MEIOS DE PAGAMENTO LTDA,BR,mastercard,debit
555644,00-99,FISERV SOLUTIONS LLC,US,mastercard,debit
555645,00-99,BOKF NATIONAL ASSOCIATION,US,mastercard,debit
555646,00-99,CAMPUS USA CREDIT UNION,US,mastercard,credit
555647,00-99,BANCO YETU S A,AO,mastercard,debit
555648,00-99,HANDELS-KREDIET-EN INDUSTRIEBANK N.V,SR,mastercard,credit
555649,00-99,SERVIRED SOCIEDAD ESPANOLA DE MEDIOS DE PAGO S.A.,ES,mastercard,debit
555650,00-99,ISRACARD LTD.,IL,mastercard,credit
555651,00-99,HANDELS-KREDIET-EN INDUSTRIEBANK N.V,SR,mastercard,debit
555652,00-99,WEX BANK,ID,mastercard,credit
555653,00-99,AFRICAN BANKING CORPORATION OF ZIMBABWE LTD.,ZW,mastercard,debit
555654,00-99,FISERV SOLUTIONS LLC,US,mastercard,debit
555655,00-99,MITSUBISHI UFJ NICOS CO. LTD.,JP,mastercard,credit
555656,00-99,BOKIS,DK,mastercard,credit
555657,00-99,WEX BANK,US,mastercard,credit
555658,00-99,COASTAL COMMUNITY BANK,US,mastercard,credit
555659,00-99,SVEA BANK AB,SE,mastercard,debit
555660,00-99,DENIZBANK A.S.,TR,mastercard,credit
555661,00-99,SUNRISE BANKS NATIONAL ASSOCIATION,US,mastercard,debit
555662,00-99,SOUTH STATE BANK N.A.,US,mastercard,credit
555663,00-99,TREEZOR SAS,FR,mastercard,debit
555664,00-99,CITIBANK N.A.,VN,mastercard,credit
555665,00-99,MASTER RED EUROPA S.L.,PT,mastercard,debit
555666,00-99,MASTER RED EUROPA S.L.,ES,mastercard,debit
555667,00-99,BASTION FINGROUP LTD.,GB,mastercard,debit
555668,00-99,FISERV SOLUTIONS LLC,US,mastercard,debit
555669,00-99,AL-TAIF ISLAMIC BANK FOR INVESTMENT & FINANCE,IQ,mastercard,debit
555670,00-99,,US,mastercard,credit
555671,00-99,EMIGRANT BANK,US,mastercard,credit
555672,00-99,ATTIJARIWAFA BANK,MA,mastercard,debit
555673,00-99,REPUBLIC BANK LTD.,GD,mastercard,credit
555674,00-99,CAMPUS USA CREDIT UNION,US,mastercard,credit
555675,00-99,CAPITAL ONE NATIONAL ASSOCIATION,US,mastercard,credit
555676,00-99,JSC EURASIAN BANK,KZ,mastercard,credit
555677,00-99,NATIONAL BANK OF RAS AL-KHAIMAH (RAKBANK),AE,mastercard,credit
555678,00-99,AEON THANA SINSAP (THAILAND) PUBLIC COMPANY LTD.,TH,mastercard,credit
555679,00-99,BANK LEUMI LE-ISRAEL BM,IL,mastercard,credit
555680,00-99,ISRACARD LTD.,IL,mastercard,credit
555681,00-99,TITAN TRUST BANK LTD.,NG,mastercard,debit
555682,00-99,SOUTHERN BANCORP BANK,US,mastercard,debit
555683,00-99,DATA CENTER INCORPORATED,US,mastercard,debit
555684,00-99,CELTIC BANK CORPORATION,US,mastercard,credit
555685,00-99,AIRPLUS INTERNATIONAL GMBH,DE,mastercard,credit
555686,00-99,I-SERVE PAYMENT GATEWAY SDN BHD,MY,mastercard,debit
555687,00-99,FISERV SOLUTIONS LLC,US,mastercard,debit
555688,00-99,BANKERS BANK,US,mastercard,debit
555689,00-99,FISERV SOLUTIONS LLC,US,mastercard,credit
555690,00-99,BANCO POPULAR Y DE DESARROLLO COMUNAL,CR,mastercard,credit
555691,00-99,NIUM PTE. LTD.,SG,mastercard,debit
555692,00-99,BANCO BS2 S.A.,BR,mastercard,debit
555693,00-99,ISRACARD LTD.,IL,mastercard,credit
555694,00-99,JACK HENRY & ASSOCIATES,US,mastercard,debit
555695,00-99,BANCO C6 SA,KY,mastercard,debit
555696,00-99,INTERNATIONAL SMART CARD LLC,IQ,mastercard,debit
555697,00-99,ISRACARD LTD.,IL,mastercard,credit
555698,00-99,BOKF NATIONAL ASSOCIATION,US,mastercard,debit
555699,00-99,HABIB BANK LTD.,PK,mastercard,debit
555700,00-99,CB BANK PCL,MM,mastercard,credit
555701,00-99,FISERV SOLUTIONS LLC,US,mastercard,credit
555702,00-99,ENTROPAY LTD.,GB,mastercard,credit
555703,00-99,SVEA BANK AB,SE,mastercard,debit
555704,00-99,SERVIRED SOCIEDAD ESPANOLA DE MEDIOS DE PAGO S.A.,ES,mastercard,debit
555705,00-99,GLOBAL PROCESSING SA,AR,mastercard,debit
555706,00-99,ENTROPAY LTD.,GB,mastercard,credit
555707,00-99,THE BANCORP BANK NATIONAL ASSOCIATION,US,mastercard,credit
555708,00-99,REPUBLIC BANK EC LTD.,LC,mastercard,credit
555709,00-99,GUARDIANS CREDIT UNION,US,mastercard,credit
555710,00-99,ICBA BANCARD INC.,US,mastercard,debit
555711,00-99,SERVIRED SOCIEDAD ESPANOLA DE MEDIOS DE PAGO S.A.,ES,mastercard,credit
555712,00-99,BOKF NATIONAL ASSOCIATION,US,mastercard,debit
555713,00-99,EDENRED SOLUCOES DE PAGAMENTOS HYLA S.A.,BR,mastercard,debit
555714,00-99,CHETWOOD FINANCIAL LTD.,GB,mastercard,credit
555715,00-99,SAIGON THUONG TIN COMMERCIAL JOINT STOCK BANK,VN,mastercard,credit
555716,00-99,CREDIT IMMOBILIER ET. HOTELIER,MA,mastercard,debit
555717,00-99,MARION & POLK SCHOOLS CREDIT UNION,US,mastercard,credit
555718,00-99,HDFC BANK LTD.,IN,mastercard,debit
555719,00-99,CENTRAL BANK OF KANSAS CITY,US,mastercard,debit
555720,00-99,,GB,mastercard,credit
555721,00-99,IDBI BANK LTD.,IN,mastercard,debit
555722,00-99,FIRST HORIZON BANK,US,mastercard,credit
555723,00-99,BANCO MUNICIPAL DE ROSARIO,AR,mastercard,credit
555724,00-99,BANCO DO BRASIL S.A.,BR,mastercard,credit
555725,00-99,FASTERPAY LTD.,GB,mastercard,credit
555726,00-99,BOKIS,DK,mastercard,debit
555727,00-99,SUTTON BANK,US,mastercard,credit
555728,00-99,CARIBBEAN CREDIT CARD CORPORATION LTD.,AI,mastercard,credit
555729,00-99,AFRICAN BANKING CORPORATION OF ZIMBABWE LTD.,ZW,mastercard,debit
555730,00-99,PT. BANK NEGARA INDONESIA (PERSERO) TBK.,ID,mastercard,debit
555731,00-99,NIKY INSTITUICAO DE PAGAMENTO S.A.,BR,mastercard,debit
555732,00-99,,US,mastercard,credit
555733,00-99,CITIZENS GUARANTY BANK,US,mastercard,debit
555734,00-99,COMPUTER SERVICES INC.,US,mastercard,debit
555735,00-99,MBANK S.A.,PL,mastercard,debit
555736,00-99,ORBITALL SERVICOS E PROCESSAMENTO DE MEIOS DE PAGAMENTO LTDA,BR,mastercard,credit
555737,00-99,FISERV SOLUTIONS LLC,US,mastercard,debit
555738,00-99,PIEDMONT ADVANTAGE CREDIT UNION,US,mastercard,debit
555739,00-99,DOHA BANK Q.S.C,QA,mastercard,credit
555740,00-99,PIERMONT BANK,US,mastercard,debit
555741,00-99,BOKIS,DK,mastercard,debit
555742,00-99,REPUBLIC BANK EC LTD.,KN,mastercard,credit
555743,00-99,BANCO POPULAR Y DE DESARROLLO COMUNAL,CR,mastercard,credit
555744,00-99,AMERICAN MOMENTUM BANK,US,mastercard,debit
555745,00-99,NATIONAL BANK OF MALAWI,MW,mastercard,debit
555746,00-99,XAPO BANK (GIBRALTAR) LTD.,GI,mastercard,debit
555747,00-99,SVEA BANK AB,SE,mastercard,debit
555748,00-99,EQUALS MONEY EUROPE SA,BE,mastercard,debit
555749,00-99,BOKF NATIONAL ASSOCIATION,US,mastercard,debit
555750,00-99,MALAYAN BANKING BERHAD,MY,mastercard,credit
555751,00-99,U.S. BANK NATIONAL ASSOCIATION,US,mastercard,credit
555752,00-99,SILKBANK LTD.,PK,mastercard,credit
555753,00-99,SUTTON BANK,US,mastercard,debit
555754,00-99,UNIPAGOS SA DE CV,MX,mastercard,debit
555755,00-99,RED LINK S.A.,AR,mastercard,debit
555756,00-99,PEOPLES TRUST COMPANY,CA,mastercard,debit
555757,00-99,BANK HAPOALIM B.M.,IL,mastercard,credit
555758,00-99,EQUALS MONEY EUROPE SA,BE,mastercard,debit
555759,00-99,TRANSACT PAYMENTS LTD.,GB,mastercard,debit
555760,00-99,CHOICE FINANCIAL GROUP,US,mastercard,debit
555761,00-99,FAR EASTERN INTERNATIONAL BANK,TW,mastercard,credit
555762,00-99,MERCADOLIBRE SRL,AR,mastercard,debit
555763,00-99,UNITED BANK FOR AFRICA PLC,BF,mastercard,debit
555764,00-99,EQUITY BANK LTD.,TZ,mastercard,debit
555765,00-99,COASTAL COMMUNITY BANK,US,mastercard,credit
555766,00-99,REPUBLIC BANK EC LTD.,AI,mastercard,credit
555767,00-99,COMPUTER SERVICES INC.,US,mastercard,debit
555768,00-99,PATHWARD NATIONAL ASSOCIATION,US,mastercard,credit
555769,00-99,HSBC BANK MALAYSIA BERHAD,MY,mastercard,credit
555770,00-99,QUICKO SP Z OO,PL,mastercard,debit
555771,00-99,UNITED BANK FOR AFRICA PLC,BJ,mastercard,debit
555772,00-99,CAMPUS USA CREDIT UNION,US,mastercard,debit
555773,00-99,AFRICAN BANKING CORPORATION OF ZIMBABWE LTD.,ZW,mastercard,debit
555774,00-99,ENTROPAY LTD.,MT,mastercard,credit
555775,00-99,DATA CENTER INCORPORATED,US,mastercard,debit
555776,00-99,FIDELITY INFORMATION SERVICES INC.,US,mastercard,debit
555777,00-99,JOINT-STOCK COMPANY SENSE BANK,UA,mastercard,debit
555778,00-99,BANCO BS2 S.A.,BR,mastercard,debit
555779,00-99,ISRACARD LTD.,IL,mastercard,credit
555780,00-99,,RU,mastercard,credit
555781,00-99,,US,mastercard,credit
555782,00-99,SUTTON BANK,US,mastercard,credit
555783,00-99,HANDELS-KREDIET-EN INDUSTRIEBANK N.V,SR,mastercard,credit
555784,00-99,L & N FEDERAL CREDIT UNION,US,mastercard,debit
555785,00-99,WEX BANK,NZ,mastercard,credit
555786,00-99,BANCO BS2 S.A.,BR,mastercard,debit
555787,00-99,HSBC UK BANK PLC,GB,mastercard,credit
555788,00-99,BANCARD S.A.,PY,mastercard,debit
555789,00-99,MBANK S.A.,PL,mastercard,debit
555790,00-99,HSBC CONTINENTAL EUROPE,FR,mastercard,credit
555791,00-99,UNITED BANK FOR AFRICA PLC,TD,mastercard,debit
555792,00-99,COMMUNITY FEDERAL SAVINGS BANK,US,mastercard,credit
555793,00-99,CAIXABANK S.A.,ES,mastercard,debit
555794,00-99,FISERV SOLUTIONS LLC,US,mastercard,debit
555795,00-99,OLDENBURGISCHE LANDESBANK AG,DE,mastercard,credit
555796,00-99,UNITED BANK FOR AFRICA PLC,CM,mastercard,debit
555797,00-99,AGODA COMPANY PTE. LTD.,SG,mastercard,credit
555798,00-99,BANCO CETELEM S.A.,ES,mastercard,debit
555799,00-99,PNC BANK N.A.,US,mastercard,credit
555800,00-99,HANDELS-KREDIET-EN INDUSTRIEBANK N.V,SR,mastercard,credit
555801,00-99,ING BANK N.V.,NL,mastercard,credit
555802,00-99,BARCLAYS BANK PLC.,GB,mastercard,credit
555803,00-99,FISERV SOLUTIONS LLC,US,mastercard,credit
555804,00-99,ISRAEL CREDIT CARDS LTD.,IL,mastercard,credit
555805,00-99,UNITED BANK FOR AFRICA PLC,CD,mastercard,debit
555806,00-99,HSBC CONTINENTAL EUROPE,FR,mastercard,credit
555807,00-99,CITIZENS GUARANTY BANK,US,mastercard,debit
555808,00-99,CHOICE FINANCIAL GROUP,US,mastercard,credit
555809,00-99,GUARDIANS CREDIT UNION,US,mastercard,debit
555810,00-99,BOKIS,DK,mastercard,credit
555811,00-99,FISERV SOLUTIONS LLC,US,mastercard,credit
555812,00-99,,US,mastercard,credit
555813,00-99,HSBC UK BANK PLC,GB,mastercard,credit
555814,00-99,ING BANK N.V.,NL,mastercard,credit
555815,00-99,MBANK S.A.,PL,mastercard,debit
555816,00-99,NATIONALE NEDERLANDEN BANK NV,NL,mastercard,credit
555817,00-99,SERVIRED SOCIEDAD ESPANOLA DE MEDIOS DE PAGO S.A.,ES,mastercard,debit
555818,00-99,ISRAEL CREDIT CARDS LTD.,IL,mastercard,debit
555819,00-99,SUPER PAGAMENTOS E ADMINISTRACAO DE MEIOS ELETRONICOS LTDA,MX,mastercard,debit
555820,00-99,THOMAS COOK (INDIA) LTD.,IN,mastercard,debit
555821,00-99,TAIPEI FUBON COMMERCIAL BANK CO. LTD.,TW,mastercard,credit
555822,00-99,LENDINGCLUB BANK NATIONAL ASSOCIATION,US,mastercard,debit
555823,00-99,FIRST HORIZON BANK,US,mastercard,credit
555824,00-99,ISRACARD LTD.,IL,mastercard,credit
555825,00-99,NU PAGAMENTOS SA,CO,mastercard,credit
555826,00-99,MANSA BANK,CI,mastercard,debit
555827,00-99,MUFG BANK LTD PRIMARY NY BRANCH,US,mastercard,credit
555828,00-99,NETWORK INTERNATIONAL LLC,AE,mastercard,credit
555829,00-99,NU PAGAMENTOS SA,CO,mastercard,credit
555830,00-99,UNITED BANK FOR AFRICA PLC,GH,mastercard,debit
555831,00-99,CY-FAIR FEDERAL CREDIT UNION,US,mastercard,credit
555832,00-99,CAMPUS USA CREDIT UNION,US,mastercard,debit
555833,00-99,QATAR NATIONAL BANK,SD,mastercard,debit
555834,00-99,SUPER PAGAMENTOS E ADMINISTRACAO DE MEIOS ELETRONICOS LTDA,CL,mastercard,debit
555835,00-99,FISERV SOLUTIONS LLC,US,mastercard,debit
555836,00-99,ENTROPAY LTD.,MT,mastercard,credit
555837,00-99,GLOBAL PROCESSING SA,CO,mastercard,debit
555838,00-99,WEX BANK,AE,mastercard,credit
555839,00-99,HSBC CONTINENTAL EUROPE,FR,mastercard,credit
555840,00-99,GLOBAL PROCESSING SA,AR,mastercard,debit
555841,00-99,WINDSOR FAMILY CREDIT UNION LTD.,CA,mastercard,debit
555842,00-99,INCLUVIDA SAPI DE CV,MX,mastercard,debit
555843,00-99,TRANSACT PAYMENTS LTD.,IE,mastercard,debit
555844,00-99,L & N FEDERAL CREDIT UNION,US,mastercard,debit
555845,00-99,COMPANIA DE FINANCIAMIENTO TUYA S.A.,CO,mastercard,credit
555846,00-99,DIAMOND TRUST BANK KENYA LTD.,KE,mastercard,debit
555847,00-99,ENTROPAY LTD.,MT,mastercard,credit
555848,00-99,SUPER PAGAMENTOS E ADMINISTRACAO DE MEIOS ELETRONICOS LTDA,AR,mastercard,debit
555849,00-99,UNITED BANK FOR AFRICA PLC,CG,mastercard,debit
555850,00-99,CHOICE FINANCIAL GROUP,US,mastercard,debit
555851,00-99,BANCO INTER S.A.,BR,mastercard,credit
555852,00-99,HSBC BANK USA NATIONAL ASSOCIATION,US,mastercard,credit
555853,00-99,ARAB FINANCIAL SERVICES COMPANY B.S.C. (C),AE,mastercard,credit
555854,00-99,,MX,mastercard,credit
555855,00-99,BANCO DAVIVIENDA HONDURAS S.A.,HN,mastercard,credit
555856,00-99,REPUBLIC BANK EC LTD.,AI,mastercard,credit
555857,00-99,IKANO BANK AB (PUBL),GB,mastercard,debit
555858,00-99,WEX BANK,TH,mastercard,credit
555859,00-99,PT. BANK NEGARA INDONESIA (PERSERO) TBK.,ID,mastercard,debit
555860,00-99,BANCO BS2 S.A.,KY,mastercard,debit
555861,00-99,UNITED BANK FOR AFRICA PLC,SL,mastercard,debit
555862,00-99,NIUM PTE. LTD.,SG,mastercard,debit
555863,00-99,HSBC CONTINENTAL EUROPE,FR,mastercard,credit
555864,00-99,CENTRAL BANK OF KANSAS CITY,US,mastercard,debit
555865,00-99,BANCO PROVINCIA NEUQUEN S.A.,AR,mastercard,credit
555866,00-99,ISRAEL CREDIT CARDS LTD.,IL,mastercard,credit
555867,00-99,TAMPA BAY FEDERAL CREDIT UNION,US,mastercard,credit
555868,00-99,CREDIT UNION PAYMENT CENTER (LIMITED LIABILITY COMPANY),RU,mastercard,credit
555869,00-99,UNITED BANK FOR AFRICA PLC,GA,mastercard,debit
555870,00-99,BC CARD CO. LTD.,KR,mastercard,debit
555871,00-99,HERITAGE TRUST FEDERAL CREDIT UNION,US,mastercard,credit
555872,00-99,FIRST DATA CONO SUR S.R.L.,AR,mastercard,credit
555873,00-99,TRANSATLANTICA COMPANIA FINANCIERA S.A.,AR,mastercard,credit
555874,00-99,MONAVATE LTD.,GB,mastercard,debit
555875,00-99,ORIENTAL BANK,US,mastercard,credit
555876,00-99,CITIBANK (HONG KONG) LTD.,HK,mastercard,debit
555877,00-99,CHEBANCA! SPA,IT,mastercard,credit
555878,00-99,NATIONAL AUSTRALIA BANK LTD.,AU,mastercard,credit
555879,00-99,BANCO DE COMERCIO E INDUSTRIA S.A.R.L.,AO,mastercard,debit
555880,00-99,OPTAL FINANCIAL LTD.,GB,mastercard,credit
555881,00-99,ADMINISTRADORA DE TARJETAS DE CREDITO (A.T.C.) S.A.,BO,mastercard,debit
555882,00-99,JOINT STOCK COMPANY OTP BANK,RU,mastercard,credit
555883,00-99,QATAR NATIONAL BANK,LB,mastercard,debit
555884,00-99,UNIVERSO IME SA,PT,mastercard,debit
555885,00-99,ARAB FINANCIAL SERVICES COMPANY B.S.C. (C),BH,mastercard,debit
555886,00-99,,US,mastercard,credit
555887,00-99,,US,mastercard,credit
555888,00-99,ISRAEL CREDIT CARDS LTD.,IL,mastercard,credit
555889,00-99,BANCO PROVINCIA NEUQUEN S.A.,AR,mastercard,debit
555890,00-99,OPEN BANK S.A.,ES,mastercard,debit
555891,00-99,GUARANTY TRUST BANK PLC,GH,mastercard,debit
555892,00-99,DIGITAL COMMERCE BANK,CA,mastercard,debit
555893,00-99,GFY SA DE CV,MX,mastercard,debit
555894,00-99,QATAR ISLAMIC BANK,QA,mastercard,credit
555895,00-99,,FR,mastercard,credit
555896,00-99,BANK OF COMMERCE AND DEVELOPMENT,LY,mastercard,debit
555897,00-99,CREDIT LIBANAIS S.A.L.,LB,mastercard,credit
555898,00-99,WIRECARD BRASIL SA,BR,mastercard,debit
555899,00-99,NEDBANK LTD.,ZW,mastercard,credit
555900,00-99,KAPITAL BANK,GE,mastercard,debit
555901,00-99,J P MORGAN EUROPE LTD.,GB,mastercard,credit
555902,00-99,GLOBAL PROCESSING SA,AR,mastercard,debit
555903,00-99,SANTANDER CONSUMER FINANCE S.A.,ES,mastercard,credit
555904,00-99,KB KOOKMIN CARD CO. LTD,KR,mastercard,credit
555905,00-99,BANCO SERFINANZA S.A,CO,mastercard,credit
555906,00-99,BANCO SERFINANZA S.A,CO,mastercard,debit
555907,00-99,BANK DHOFAR SAOG,OM,mastercard,debit
555908,00-99,BANK OF HEBEI CO. LTD.,CN,mastercard,credit
555909,00-99,NATIONAL AUSTRALIA BANK LTD.,AU,mastercard,credit
555910,00-99,BANK OF COMMERCE AND DEVELOPMENT,LY,mastercard,debit
555911,00-99,,US,mastercard,credit
555912,00-99,SOCIEDAD EMISORA DE TARJETAS LOS HEROES SA,CL,mastercard,debit
555913,00-99,NORTH AFRICA BANK,LY,mastercard,debit
555914,00-99,BANCO CITIBANK S.A.,BR,mastercard,credit
555915,00-99,FEDERAL BANK LTD.,IN,mastercard,debit
555916,00-99,WOORICARD CO. LTD,KR,mastercard,credit
555917,00-99,DRUK PNB BANK LTD.,BT,mastercard,debit
555918,00-99,MASTERCARD - MEMBER TEST FACILITY,US,mastercard,debit
555919,00-99,MASTERCARD - MEMBER TEST FACILITY,US,mastercard,debit
555920,00-99,AMOCO FEDERAL CREDIT UNION,US,mastercard,debit
555921,00-99,JOINT STOCK COMPANY ALFA-BANK,RU,mastercard,debit
555922,00-99,EGYPTIAN BANKS CO. FOR TECHNOLOGICAL ADVANCEMENT S.A.E.,EG,mastercard,debit
555923,00-99,STATE BANK OF INDIA,BH,mastercard,debit
555924,00-99,DOCK TECH MEXICO SA DE CV,MX,mastercard,debit
555925,00-99,STATE BANK OF INDIA,ZA,mastercard,debit
555926,00-99,ARAB FINANCIAL SERVICES COMPANY B.S.C. (C),BH,mastercard,debit
555927,00-99,SOCIETE MONETIQUE-TUNISIE,TN,mastercard,debit
555928,00-99,JOINT STOCK COMPANY ALFA-BANK,RU,mastercard,credit
555929,00-99,STATE BANK OF INDIA,BH,mastercard,debit
555930,00-99,BANCARD S.A.,PY,mastercard,debit
555931,00-99,AL BARAKA ISLAMIC BANK B.S.C. (CLOSED),BH,mastercard,debit
555932,00-99,QATAR NATIONAL BANK,QA,mastercard,debit
555933,00-99,JOINT STOCK COMPANY ALFA-BANK,RU,mastercard,credit
555934,00-99,NABIL BANK LTD.,NP,mastercard,credit
555935,00-99,STATE BANK OF INDIA,SA,mastercard,debit
555936,00-99,IDBI BANK LTD.,IN,mastercard,debit
555937,00-99,CSCBANK SAL,LB,mastercard,debit
555938,00-99,INDUSTRIAL AND COMMERCIAL BANK OF CHINA (ARGENTINA) S.A.,AR,mastercard,credit
555939,00-99,MITSUBISHI UFJ NICOS CO. LTD.,JP,mastercard,credit
555940,00-99,KEYSTONE BANK LTD.,NG,mastercard,debit
555941,00-99,NETWORK INTERNATIONAL LLC,AE,mastercard,debit
555942,00-99,FEDERAL BANK LTD.,IN,mastercard,debit
555943,00-99,CSCBANK S.A.L.,LB,mastercard,credit
555944,00-99,HSBC BANK OMAN S.A.O.G,OM,mastercard,debit
555945,00-99,HSBC BANK OMAN S.A.O.G,OM,mastercard,debit
555946,00-99,CSCBANK SAL,DJ,mastercard,debit
555947,00-99,JOINT STOCK COMPANY ALFA-BANK,RU,mastercard,credit
555948,00-99,HSBC BANK OMAN S.A.O.G,OM,mastercard,debit
555949,00-99,Alfa-Bank,RU,mastercard,debit
555950,00-99,CITIBANK N.A.,US,mastercard,debit
555951,00-99,SEB KORT BANK AB,NO,mastercard,credit
555952,00-99,CENTRAL PACIFIC BANK,US,mastercard,debit
555953,00-99,BANK LEUMI LE-ISRAEL BM,IL,mastercard,credit
555954,00-99,,US,mastercard,credit
555955,00-99,PAYMENT CARD SOLUTIONS UK LTD.,GB,mastercard,credit
555956,00-99,ST. KITTS-NEVIS-ANGUILLA NATIONAL BANK,KN,mastercard,debit
555957,00-99,JOINT STOCK COMPANY ALFA-BANK,RU,mastercard,credit
555958,00-99,SEB KORT BANK AB,SE,mastercard,credit
555959,00-99,PEOPLES TRUST COMPANY,CA,mastercard,credit
555960,00-99,,US,mastercard,credit
555961,00-99,CITIBANK N.A.,US,mastercard,debit
555962,00-99,COMMERCIAL BANK INVESTBANK PLC,BG,mastercard,credit
555963,00-99,FIRST FEDERAL BANK & TRUST,US,mastercard,debit
555964,00-99,BANCORP BANK,US,mastercard,debit
555965,00-99,ARAB FINANCIAL SERVICES COMPANY B.S.C. (C),JO,mastercard,debit
555966,00-99,UNITED BANK FOR AFRICA PLC,GN,mastercard,debit
555967,00-99,LAYBUY HOLDINGS LTD.,NZ,mastercard,debit
555968,00-99,SIX BBS AG,CH,mastercard,debit
555969,00-99,GLOBAL PROCESSING SA,AR,mastercard,credit
555970,00-99,FINWISE BANK,US,mastercard,debit
555971,00-99,THOMAS COOK (INDIA) LTD.,IN,mastercard,debit
555972,00-99,TRAVELEX CARD SERVICES LTD.,BR,mastercard,debit
555973,00-99,PJSC MTS BANK,RU,mastercard,credit
555974,00-99,PANCRETA BANK S.A.,GR,mastercard,credit
555975,00-99,BOKF NATIONAL ASSOCIATION,US,mastercard,debit
555976,00-99,PNC BANK N.A.,US,mastercard,credit
555977,00-99,QATAR NATIONAL BANK,SD,mastercard,debit
555978,00-99,REPUBLIC BANK EC LTD.,LC,mastercard,credit
555979,00-99,MRV BANKS,US,mastercard,credit
555980,00-99,HSBC BANK (TAIWAN) LTD.,TW,mastercard,credit
555981,00-99,SERVIRED SOCIEDAD ESPANOLA DE MEDIOS DE PAGO S.A.,ES,mastercard,credit
555982,00-99,SBM BANK (INDIA) LTD.,IN,mastercard,credit
555983,00-99,WEBSTER BANK N.A.,US,mastercard,debit
555984,00-99,FIFTH THIRD BANK,US,mastercard,debit
555985,00-99,NETWORK INTERNATIONAL LLC,AE,mastercard,credit
555986,00-99,COMPUTER SERVICES INC.,US,mastercard,debit
555987,00-99,,US,mastercard,credit
555988,00-99,TRAVELEX CARD SERVICES LTD.,BR,mastercard,debit
555989,00-99,CBM BANCO S.A. INSTITUCION DE BANCA MULTIPLE INTEGRANTE DEL GRUPO FINA,MX,mastercard,credit
555990,00-99,UNITED BANK FOR AFRICA PLC,LR,mastercard,debit
555991,00-99,BANK OF AMERICA NATIONAL ASSOCIATION,US,mastercard,credit
555992,00-99,BANK OF AMERICA NATIONAL ASSOCIATION,US,mastercard,credit
555993,00-99,THOMAS COOK (INDIA) LTD.,IN,mastercard,debit
555994,00-99,SUPER PAGAMENTOS E ADMINISTRACAO DE MEIOS ELETRONICOS LTDA,PE,mastercard,debit
555995,00-99,CY-FAIR FEDERAL CREDIT UNION,US,mastercard,credit
555996,00-99,JACK HENRY & ASSOCIATES,US,mastercard,debit
555997,00-99,AFRICAN BANKING CORPORATION OF ZIMBABWE LTD.,ZW,mastercard,debit
555998,00-99,PSCU INCORPORATED,US,mastercard,credit
555999,00-99,UNITED BANK FOR AFRICA PLC,SN,mastercard,debit
556000,00-99,BOKIS,DK,mastercard,debit
556001,00-99,BOKIS,DK,mastercard,credit
556002,00-99,BOKIS,DK,mastercard,credit
556003,00-99,BOKIS,DK,mastercard,credit
556004,00-99,,IN,mastercard,credit
556005,00-99,,IN,mastercard,credit
556006,00-99,BOKIS,DK,mastercard,credit
556007,00-99,BOKIS,DK,mastercard,credit
556008,00-99,BOKIS,DK,mastercard,credit
556009,00-99,BOKIS,DK,mastercard,credit
556010,00-99,BOKIS,DK,mastercard,credit
556011,00-99,BOKIS,DK,mastercard,credit
556012,00-99,PBS INTERNATIONAL A/S,DK,mastercard,credit
556013,00-99,PBS INTERNATIONAL A/S,DK,mastercard,credit
556014,00-99,PBS INTERNATIONAL A/S,DK,mastercard,credit
556015,00-99,,IN,mastercard,credit
556016,00-99,,US,mastercard,credit
556017,00-99,,NL,mastercard,credit
556018,00-99,ASA BANKA D.D. SARAJEVO,BA,mastercard,credit
556019,00-99,,US,mastercard,credit
556020,00-99,CIB BANK ZRT.,HU,mastercard,credit
556021,00-99,MASTERCAJAS S.A.,ES,mastercard,credit
556022,00-99,INTESA SANPAOLO BANK ALBANIA SHA.,AL,mastercard,credit
556023,00-99,ITAU UNIBANCO S.A.,BR,mastercard,credit
556024,00-99,ITAU UNIBANCO S.A.,BR,mastercard,credit
556025,00-99,NEXI PAYMENTS SPA,IT,mastercard,credit
556026,00-99,ITAU UNIBANCO S.A.,BR,mastercard,credit
556027,00-99,,IN,mastercard,credit
556028,00-99,BANK GOSPODARKI ZYWNOSCIOWEJ SPOLKA AKCYJNA,PL,mastercard,credit
556029,00-99,,IN,mastercard,credit
556030,00-99,HSBC BANK A.S.,TR,mastercard,credit
556031,00-99,HSBC BANK A.S.,TR,mastercard,credit
556032,00-99,,FI,mastercard,credit
556033,00-99,HSBC BANK A.S.,TR,mastercard,credit
556034,00-99,HSBC BANK A.S.,TR,mastercard,credit
556035,00-99,BANCO SANTANDER BRASIL S.A.,BR,mastercard,credit
556036,00-99,JOINT STOCK COMMERCIAL BANK - TBC BANK,GE,mastercard,credit
556037,00-99,CITIBANK EUROPE PUBLIC LIMITED COMPANY,HU,mastercard,credit
556038,00-99,CITIBANK RT.,HU,mastercard,credit
556039,00-99,BANCO COOPERATIVO DE PUERTO RICO,PR,mastercard,credit
556040,00-99,INTESA SANPAOLO S.P.A.,IT,mastercard,credit
556041,00-99,CEC BANK S.A.,RO,mastercard,credit
556042,00-99,HDFC BANK LTD.,IN,mastercard,credit
556043,00-99,CITIBANK N.A.,US,mastercard,credit
556044,00-99,,IN,mastercard,credit
556045,00-99,,CH,mastercard,credit
556046,00-99,PUBLIC JOINT STOCK COMPANY PROMSVYAZBANK,CY,mastercard,credit
556047,00-99,KIWIBANK LTD.,NZ,mastercard,credit
556048,00-99,MEGA INTERNATIONAL COMMERCIAL BANK CO. LTD,TW,mastercard,credit
556049,00-99,,US,mastercard,credit
556050,00-99,MEMBERS EQUITY BANK PTY LTD.,AU,mastercard,credit
556051,00-99,BANK OF MONTREAL,CA,mastercard,credit
556052,00-99,GAZPROMBANK (JOINT STOCK COMPANY),RU,mastercard,credit
556053,00-99,SYNCHRONY BANK,US,mastercard,credit
556054,00-99,INVESTBANK JSC,BG,mastercard,debit
556055,00-99,ERSTE & STEIERMARKISCHE BANK D.D.,HR,mastercard,credit
556056,00-99,PUBLIC JOINT STOCK COMPANY PROMSVYAZBANK,RU,mastercard,credit
556057,00-99,PUBLIC JOINT STOCK COMPANY BANK URALSIB,RU,mastercard,credit
556058,00-99,SYNOVUS BANK,US,mastercard,credit
556059,00-99,TRADE & DEVELOPMENT BANK OF MONGOLIA,MN,mastercard,credit
556060,00-99,,IN,mastercard,credit
556061,00-99,,IN,mastercard,credit
556062,00-99,,IN,mastercard,credit
556063,00-99,,FR,mastercard,credit
556064,00-99,,IN,mastercard,credit
556065,00-99,,IN,mastercard,credit
556066,00-99,,US,mastercard,credit
556067,00-99,,US,mastercard,credit
556068,00-99,,US,mastercard,credit
556069,00-99,,US,mastercard,credit
556070,00-99,DEUTSCHER SPARKASSEN- UND GIROVERBAND,DE,mastercard,credit
556071,00-99,CESKOSLOVENSKA OBCHODNI BANKA A.S.,CZ,mastercard,credit
556072,00-99,CESKA SPORITELNA A.S.,CZ,mastercard,credit
556073,00-99,CENTRAL-EUROPEAN INTERNATIONAL BANK (CIB BANK) RT.,HU,mastercard,debit
556074,00-99,BANK POLSKA KASA OPIEKI S.A. - (BANK PEKAO S.A.),PL,mastercard,debit
556075,00-99,RAIFFEISENBANK AUSTRIA D.D.,HR,mastercard,debit
556076,00-99,BANK POLSKA KASA OPIEKI S.A. - (BANK PEKAO S.A.),PL,mastercard,credit
556077,00-99,BRD GROUPE SOCIETE GENERALE,RO,mastercard,credit
556078,00-99,BRD GROUPE SOCIETE GENERALE,RO,mastercard,credit
556079,00-99,POWSZECHNA KASA OSZCZEDNOSCI BANK POLSKI S.A. (PKO BANK POLSKI S.A.),PL,mastercard,credit
556080,00-99,ALIOR BANK SPOLKA AKCYJNA,PL,mastercard,debit
556081,00-99,,US,mastercard,credit
556082,00-99,,IN,mastercard,credit
556083,00-99,BANCO SECURITY,CL,mastercard,credit
556084,00-99,NATIONAL WESTMINSTER BANK PLC,GB,mastercard,credit
556085,00-99,NATIONAL WESTMINSTER BANK PLC,GB,mastercard,credit
556086,00-99,J. P. MORGAN EUROPE LTD.,GB,mastercard,credit
556087,00-99,,IN,mastercard,credit
556088,00-99,REGIONS BANK,US,mastercard,credit
556089,00-99,HUNTINGTON NATIONAL BANK,US,mastercard,credit
556090,00-99,,IN,mastercard,credit
556091,00-99,,US,mastercard,credit
556092,00-99,BANK OF SCOTLAND PLC,GB,mastercard,credit
556093,00-99,LLOYDS BANK PLC,GB,mastercard,credit
556094,00-99,,US,mastercard,credit
556095,00-99,FIRST STATE COMMUNITY BANK,US,mastercard,credit
556096,00-99,FAR EASTERN INTERNATIONAL BANK,TW,mastercard,credit
556097,00-99,CIT BANK,US,mastercard,credit
556098,00-99,CIT BANK,US,mastercard,credit
556099,00-99,NATIONAL BANK OF CANADA,CA,mastercard,credit
556100,00-99,REGIONS BANK,US,mastercard,credit
556101,00-99,NATIONAL WESTMINSTER BANK PLC,NL,mastercard,credit
556102,00-99,,IN,mastercard,credit
556103,00-99,NATIONAL WESTMINSTER BANK PLC,GB,mastercard,credit
556104,00-99,FIFTH THIRD BANK,US,mastercard,credit
556105,00-99,WEX BANK,US,mastercard,credit
556106,00-99,J. P. MORGAN EUROPE LTD.,GB,mastercard,credit
556107,00-99,BARCLAYS BANK PLC.,GB,mastercard,credit
556108,00-99,WEX INC.,US,mastercard,credit
556109,00-99,,US,mastercard,credit
556110,00-99,BANK OF AMERICA EUROPE DAC,GB,mastercard,credit
556111,00-99,THE ROYAL BANK OF SCOTLAND PLC,GB,mastercard,credit
556112,00-99,,US,mastercard,credit
556113,00-99,REGIONS BANK,US,mastercard,credit
556114,00-99,WEX INC.,US,mastercard,credit
556115,00-99,,GB,mastercard,debit
556116,00-99,BANK OF SCOTLAND PLC,GB,mastercard,debit
556117,00-99,NATIONAL BANK OF CANADA,CA,mastercard,credit
556118,00-99,SANTANDER BANK NA,US,mastercard,credit
556119,00-99,HSBC BANK USA NATIONAL ASSOCIATION,US,mastercard,credit
556120,00-99,BOKF NATIONAL ASSOCIATION,US,mastercard,credit
556121,00-99,QUORUM FEDERAL CREDIT UNION,US,mastercard,credit
556122,00-99,NATIONAL BANK OF CANADA,CA,mastercard,credit
556123,00-99,WEX BANK,US,mastercard,credit
556124,00-99,,US,mastercard,credit
556125,00-99,WEX CANADA LTD.,CA,mastercard,credit
556126,00-99,WEX CANADA LTD.,CA,mastercard,credit
556127,00-99,FIDELITY INFORMATION SERVICES INC.,US,mastercard,credit
556128,00-99,PNC BANK N.A.,US,mastercard,credit
556129,00-99,BANCORP BANK,US,mastercard,credit
556130,00-99,BMO BANK NATIONAL ASSOCIATION,US,mastercard,credit
556131,00-99,U.S. BANK NATIONAL ASSOCIATION,CA,mastercard,credit
556132,00-99,THE BANCORP BANK NATIONAL ASSOCIATION,US,mastercard,credit
556133,00-99,CELTIC BANK CORPORATION,US,mastercard,credit
556134,00-99,NATIONAL BANK OF CANADA,CA,mastercard,credit
556135,00-99,SUTTON BANK,US,mastercard,credit
556136,00-99,,US,mastercard,credit
556137,00-99,,IN,mastercard,credit
556138,00-99,,US,mastercard,credit
556139,00-99,,IN,mastercard,credit
556140,00-99,PNC BANK N.A.,US,mastercard,credit
556141,00-99,,US,mastercard,credit
556142,00-99,,US,mastercard,credit
556143,00-99,,IN,mastercard,credit
556144,00-99,Yes Bank Ltd.,IN,mastercard,credit
556145,00-99,,IN,mastercard,credit
556146,00-99,,IN,mastercard,credit
556147,00-99,REGIONS BANK,US,mastercard,credit
556148,00-99,SYNOVUS BANK,US,mastercard,credit
556149,00-99,,US,mastercard,credit
556150,00-99,MVB BANK INC,US,mastercard,credit
556151,00-99,U.S. BANK NATIONAL ASSOCIATION,CA,mastercard,credit
556152,00-99,BANK OF MONTREAL,CA,mastercard,credit
556153,00-99,,IN,mastercard,credit
556154,00-99,,IN,mastercard,credit
556155,00-99,,US,mastercard,credit
556156,00-99,,US,mastercard,credit
556157,00-99,CREDIT ONE BANK NATIONAL ASSOCIATION,US,mastercard,credit
556158,00-99,BANK OF MONTREAL,US,mastercard,credit
556159,00-99,WEX BANK,US,mastercard,credit
556160,00-99,EVOLVE BANK & TRUST,US,mastercard,credit
556161,00-99,WOODFOREST NATIONAL BANK,US,mastercard,credit
556162,00-99,,IN,mastercard,credit
556163,00-99,,US,mastercard,credit
556164,00-99,BANK OF MONTREAL,CA,mastercard,credit
556165,00-99,,IN,mastercard,credit
556166,00-99,,IN,mastercard,credit
556167,00-99,CENTRAL TRUST BANK,US,mastercard,credit
556168,00-99,,SE,mastercard,credit
556169,00-99,,IN,mastercard,credit
556170,00-99,,IN,mastercard,credit
556171,00-99,,IN,mastercard,credit
556172,00-99,,IN,mastercard,credit
556173,00-99,,IN,mastercard,credit
556174,00-99,,IN,mastercard,credit
556175,00-99,,IN,mastercard,credit
556176,00-99,,US,mastercard,credit
556177,00-99,WEX CANADA LTD.,CA,mastercard,credit
556178,00-99,,US,mastercard,credit
556179,00-99,,US,mastercard,credit
556180,00-99,,IN,mastercard,credit
556181,00-99,,IN,mastercard,credit
556182,00-99,BANCO CIUDAD DE BUENOS AIRES,AR,mastercard,credit
556183,00-99,,IN,mastercard,credit
556184,00-99,,IN,mastercard,credit
556185,00-99,,US,mastercard,credit
556186,00-99,,IN,mastercard,credit
556187,00-99,,US,mastercard,credit
556188,00-99,,IN,mastercard,credit
556189,00-99,,IN,mastercard,credit
556190,00-99,,IN,mastercard,credit
556191,00-99,,US,mastercard,credit
556192,00-99,,IN,mastercard,credit
556193,00-99,,IN,mastercard,credit
556194,00-99,SUTTON BANK,US,mastercard,credit
556195,00-99,BANK OF MONTREAL,CA,mastercard,credit
556196,00-99,,IN,mastercard,credit
556197,00-99,,US,mastercard,credit
556198,00-99,,US,mastercard,credit
556199,00-99,THE BANCORP BANK NATIONAL ASSOCIATION,US,mastercard,credit
556200,00-99,,IN,mastercard,credit
556201,00-99,,US,mastercard,credit
556202,00-99,,IN,mastercard,credit
556203,00-99,,IN,mastercard,credit
556204,00-99,,IN,mastercard,credit
556205,00-99,,IN,mastercard,credit
556206,00-99,,IN,mastercard,credit
556207,00-99,,IN,mastercard,credit
556208,00-99,,IN,mastercard,credit
556209,00-99,,IN,mastercard,credit
556210,00-99,,SG,mastercard,credit
556211,00-99,,US,mastercard,credit
556212,00-99,,US,mastercard,credit
556213,00-99,,IN,mastercard,credit
556214,00-99,,US,mastercard,credit
556215,00-99,,US,mastercard,credit
556216,00-99,BANK OF MONTREAL,CA,mastercard,credit
556217,00-99,,FR,mastercard,credit
556218,00-99,,US,mastercard,credit
556219,00-99,,US,mastercard,credit
556220,00-99,,SG,mastercard,credit
556221,00-99,,US,mastercard,credit
556222,00-99,,US,mastercard,credit
556223,00-99,,US,mastercard,credit
556224,00-99,,US,mastercard,credit
556225,00-99,,US,mastercard,credit
556226,00-99,,IN,mastercard,credit
556227,00-99,,US,mastercard,credit
556228,00-99,,IN,mastercard,credit
556229,00-99,,IN,mastercard,credit
556230,00-99,,US,mastercard,credit
556231,00-99,,IN,mastercard,credit
556232,00-99,,BR,mastercard,credit
556233,00-99,CREDIT ONE BANK NATIONAL ASSOCIATION,US,mastercard,credit
556234,00-99,,IN,mastercard,credit
556235,00-99,,US,mastercard,credit
556236,00-99,,IN,mastercard,credit
556237,00-99,,ES,mastercard,credit
556238,00-99,,US,mastercard,credit
556239,00-99,,IN,mastercard,credit
556240,00-99,,IN,mastercard,credit
556241,00-99,,IN,mastercard,credit
556242,00-99,,US,mastercard,credit
556243,00-99,,IN,mastercard,credit
556244,00-99,,US,mastercard,credit
556245,00-99,,US,mastercard,credit
556246,00-99,,IN,mastercard,credit
556247,00-99,,IN,mastercard,credit
556248,00-99,,IN,mastercard,credit
556249,00-99,,BG,mastercard,credit
556250,00-99,,US,mastercard,credit
556251,00-99,,IN,mastercard,credit
556252,00-99,,IN,mastercard,credit
556253,00-99,,IN,mastercard,credit
556254,00-99,CREDIT ONE BANK NATIONAL ASSOCIATION,US,mastercard,credit
556255,00-99,,GB,mastercard,credit
556256,00-99,CACHE VALLEY BANK,US,mastercard,credit
556257,00-99,,IN,mastercard,credit
556258,00-99,,IN,mastercard,credit
556259,00-99,,IN,mastercard,credit
556260,00-99,,IN,mastercard,credit
556261,00-99,,GB,mastercard,credit
556262,00-99,,US,mastercard,credit
556263,00-99,,IN,mastercard,credit
556264,00-99,,US,mastercard,credit
556265,00-99,,IN,mastercard,credit
556266,00-99,,US,mastercard,credit
556267,00-99,,IN,mastercard,credit
556268,00-99,,IN,mastercard,credit
556269,00-99,,IN,mastercard,credit
556270,00-99,,IN,mastercard,credit
556271,00-99,,US,mastercard,credit
556272,00-99,,GB,mastercard,credit
556273,00-99,,IN,mastercard,credit
556274,00-99,FLEETCOR,US,mastercard,credit
556275,00-99,,IN,mastercard,credit
556276,00-99,,US,mastercard,credit
556277,00-99,,IN,mastercard,credit
556278,00-99,,US,mastercard,credit
556279,00-99,,DE,mastercard,credit
556280,00-99,,IN,mastercard,credit
556281,00-99,,IN,mastercard,credit
556282,00-99,,IN,mastercard,credit
556283,00-99,,US,mastercard,credit
556284,00-99,,US,mastercard,credit
556285,00-99,,IN,mastercard,credit
556286,00-99,,IN,mastercard,credit
556287,00-99,,IN,mastercard,credit
556288,00-99,,US,mastercard,credit
556289,00-99,,IN,mastercard,credit
556290,00-99,,IN,mastercard,credit
556291,00-99,,US,mastercard,credit
556292,00-99,,US,mastercard,credit
556293,00-99,,IN,mastercard,credit
556294,00-99,,IN,mastercard,credit
556295,00-99,WESTERN UNION INTERNATIONAL BANK GMBH,GB,mastercard,debit
556296,00-99,WAVE CREST HOLDINGS LTD.,GB,mastercard,debit
556297,00-99,CREDIT ONE BANK NATIONAL ASSOCIATION,US,mastercard,credit
556298,00-99,,US,mastercard,credit
556299,00-99,,US,mastercard,credit
556300,00-99,FIRST INTERSTATE BANK,US,mastercard,credit
556301,00-99,REGIONS BANK,US,mastercard,credit
556302,00-99,BANK OF AMERICA NATIONAL ASSOCIATION,US,mastercard,credit
556303,00-99,CITIBANK N.A.,US,mastercard,credit
556304,00-99,CITIBANK N.A.,US,mastercard,credit
556305,00-99,REGIONS BANK,US,mastercard,credit
556306,00-99,CAPITAL ONE NATIONAL ASSOCIATION,US,mastercard,credit
556307,00-99,REGIONS BANK,US,mastercard,credit
556308,00-99,TRUIST BANKS INC.,US,mastercard,credit
556309,00-99,AMERICAN NATIONAL BANK,US,mastercard,credit
556310,00-99,PATRIOT BANK NATIONAL ASSOCIATION,US,mastercard,credit
556311,00-99,BANK OF SCOTLAND PLC,GB,mastercard,credit
556312,00-99,BANK OF MONTREAL,CA,mastercard,credit
556313,00-99,U.S. BANK NATIONAL ASSOCIATION,US,mastercard,credit
556314,00-99,LLOYDS BANK PLC,GB,mastercard,credit
556315,00-99,BMO BANK NATIONAL ASSOCIATION,US,mastercard,credit
556316,00-99,FIRST NATIONAL BANK OF OMAHA,US,mastercard,credit
556317,00-99,FIRST NATIONAL BANK OF OMAHA,US,mastercard,credit
556318,00-99,REGIONS BANK,US,mastercard,credit
556319,00-99,BMO BANK NATIONAL ASSOCIATION,US,mastercard,credit
556320,00-99,BRANCH BANKING AND TRUST COMPANY,US,mastercard,credit
556321,00-99,BRANCH BANKING AND TRUST COMPANY,US,mastercard,credit
556322,00-99,BRANCH BANKING AND TRUST COMPANY,US,mastercard,credit
556323,00-99,BRANCH BANKING AND TRUST COMPANY,US,mastercard,credit
556324,00-99,BRANCH BANKING AND TRUST COMPANY,US,mastercard,credit
556325,00-99,THE BANCORP BANK NATIONAL ASSOCIATION,US,mastercard,credit
556326,00-99,HIGHLANDS COMMUNITY BANK,US,mastercard,credit
556327,00-99,THE BANCORP BANK NATIONAL ASSOCIATION,US,mastercard,credit
556328,00-99,BMO BANK NATIONAL ASSOCIATION,US,mastercard,credit
556329,00-99,HUNTINGTON NATIONAL BANK,US,mastercard,credit
556330,00-99,REGIONS BANK,US,mastercard,credit
556331,00-99,,US,mastercard,credit
556332,00-99,BANK OF MONTREAL,CA,mastercard,credit
556333,00-99,REGIONS BANK,US,mastercard,credit
556334,00-99,NATIONAL AUSTRALIA BANK LTD.,AU,mastercard,credit
556335,00-99,R. RAPHAEL & SONS PLC,GB,mastercard,credit
556336,00-99,NATIONAL AUSTRALIA BANK LTD.,AU,mastercard,credit
556337,00-99,FIRST-CITIZENS BANK & TRUST COMPANY,US,mastercard,credit
556338,00-99,FIRST-CITIZENS BANK & TRUST COMPANY,US,mastercard,credit
556339,00-99,FIRST PREMIER BANK,US,mastercard,credit
556340,00-99,REGIONS BANK,US,mastercard,credit
556341,00-99,FIFTH THIRD BANK,US,mastercard,credit
556342,00-99,TRUIST BANKS INC.,US,mastercard,credit
556343,00-99,SANTANDER UK PLC,GB,mastercard,credit
556344,00-99,NATIONAL BANK OF CANADA,CA,mastercard,credit
556345,00-99,NATIONAL BANK OF CANADA,CA,mastercard,credit
556346,00-99,NATIONAL BANK OF CANADA,CA,mastercard,credit
556347,00-99,NATIONAL BANK OF CANADA,CA,mastercard,credit
556348,00-99,CIT BANK N.A.,US,mastercard,credit
556349,00-99,BMO BANK NATIONAL ASSOCIATION,US,mastercard,credit
556350,00-99,CIT BANK N.A.,US,mastercard,credit
556351,00-99,CIT BANK N.A.,US,mastercard,credit
556352,00-99,WELLS FARGO BANK INTERNATIONAL,GB,mastercard,credit
556353,00-99,WELLS FARGO BANK INTERNATIONAL,GB,mastercard,credit
556354,00-99,WELLS FARGO BANK INTERNATIONAL,GB,mastercard,credit
556355,00-99,IDT FINANCIAL SERVICES LTD.,GB,mastercard,debit
556356,00-99,THE BANCORP BANK NATIONAL ASSOCIATION,US,mastercard,credit
556357,00-99,REGIONS BANK,US,mastercard,credit
556358,00-99,FIFTH THIRD BANK,US,mastercard,credit
556359,00-99,REGIONS BANK,US,mastercard,credit
556360,00-99,NATIONAL WESTMINSTER BANK PLC,GB,mastercard,credit
556361,00-99,NATIONAL BANK OF CANADA,CA,mastercard,credit
556362,00-99,NATIONAL WESTMINSTER BANK PLC,GB,mastercard,credit
556363,00-99,TRUIST BANKS INC.,US,mastercard,credit
556364,00-99,PNC BANK N.A.,US,mastercard,credit
556365,00-99,PNC BANK N.A.,US,mastercard,credit
556366,00-99,PNC BANK N.A.,US,mastercard,credit
556367,00-99,REGIONS BANK,US,mastercard,credit
556368,00-99,REGIONS BANK,US,mastercard,credit
556369,00-99,EVOLVE BANK & TRUST,US,mastercard,credit
556370,00-99,POTLATCH NO1 FINANCIAL CREDIT UNION,US,mastercard,credit
556371,00-99,CENTRAL TRUST BANK,US,mastercard,credit
556372,00-99,NATIONAL BANK OF CANADA,CA,mastercard,credit
556373,00-99,SYNOVUS BANK,US,mastercard,credit
556374,00-99,CENTRAL TRUST BANK,US,mastercard,credit
556375,00-99,JPMORGAN CHASE BANK N.A.,US,mastercard,credit
556376,00-99,REGIONS BANK,US,mastercard,credit
556377,00-99,REGIONS BANK,US,mastercard,credit
556378,00-99,U.S. BANK NATIONAL ASSOCIATION,US,mastercard,credit
556379,00-99,HUNTINGTON NATIONAL BANK,US,mastercard,credit
556380,00-99,BANK OF MONTREAL,CA,mastercard,credit
556381,00-99,BANK OF MONTREAL,CA,mastercard,credit
556382,00-99,SANTANDER BANK NA,US,mastercard,credit
556383,00-99,BANK OF AMERICA NATIONAL ASSOCIATION,CA,mastercard,credit
556384,00-99,BANK OF MONTREAL,CA,mastercard,credit
556385,00-99,MANUFACTURERS & TRADERS TRUST COMPANY,US,mastercard,credit
556386,00-99,BANK OF MONTREAL,CA,mastercard,credit
556387,00-99,CIT BANK N.A.,US,mastercard,credit
556388,00-99,CIT BANK N.A.,US,mastercard,credit
556389,00-99,CITIBANK CANADA,CA,mastercard,credit
556390,00-99,BMO BANK NATIONAL ASSOCIATION,US,mastercard,credit
556391,00-99,BLUE RIDGE BANK,US,mastercard,credit
556392,00-99,PINNACLE BANK,US,mastercard,credit
556393,00-99,CIT BANK N.A.,US,mastercard,credit
556394,00-99,WELLS FARGO BANK N.A.,CA,mastercard,credit
556395,00-99,BMO BANK NATIONAL ASSOCIATION,US,mastercard,credit
556396,00-99,CIT BANK N.A.,US,mastercard,credit
556397,00-99,CITIBANK N.A.,US,mastercard,credit
556398,00-99,BANK OF AMERICA NATIONAL ASSOCIATION,US,mastercard,credit
556399,00-99,,US,mastercard,credit
556400,00-99,JPMORGAN CHASE BANK N.A.,US,mastercard,debit
556401,00-99,,IN,mastercard,credit
556402,00-99,,IN,mastercard,credit
556403,00-99,,IN,mastercard,credit
556404,00-99,,BR,mastercard,credit
556405,00-99,,IN,mastercard,credit
556406,00-99,JPMORGAN CHASE BANK N.A.,US,mastercard,debit
556407,00-99,,US,mastercard,credit
556408,00-99,,FR,mastercard,credit
556409,00-99,,IN,mastercard,credit
556410,00-99,,IN,mastercard,credit
556411,00-99,,IN,mastercard,credit
556412,00-99,,IN,mastercard,credit
556413,00-99,,US,mastercard,credit
556414,00-99,,IN,mastercard,credit
556415,00-99,,IN,mastercard,credit
556416,00-99,,US,mastercard,credit
556417,00-99,,IN,mastercard,credit
556418,00-99,,US,mastercard,credit
556419,00-99,,IN,mastercard,credit
556420,00-99,,IN,mastercard,credit
556421,00-99,,US,mastercard,credit
556422,00-99,,US,mastercard,credit
556423,00-99,,US,mastercard,credit
556424,00-99,,US,mastercard,credit
556425,00-99,,US,mastercard,credit
556426,00-99,,MA,mastercard,credit
556427,00-99,,US,mastercard,credit
556428,00-99,,US,mastercard,credit
556429,00-99,,IN,mastercard,credit
556430,00-99,,GR,mastercard,credit
556431,00-99,,US,mastercard,credit
556432,00-99,,FR,mastercard,credit
556433,00-99,,US,mastercard,credit
556434,00-99,,US,mastercard,credit
556435,00-99,,US,mastercard,credit
556436,00-99,,US,mastercard,credit
556437,00-99,,IN,mastercard,credit
556438,00-99,,IN,mastercard,credit
556439,00-99,,GB,mastercard,credit
556440,00-99,,GR,mastercard,credit
556441,00-99,,IN,mastercard,credit
556442,00-99,,IN,mastercard,credit
556443,00-99,,US,mastercard,credit
556444,00-99,,US,mastercard,credit
556445,00-99,,US,mastercard,credit
556446,00-99,,US,mastercard,credit
556447,00-99,,US,mastercard,credit
556448,00-99,,US,mastercard,credit
556449,00-99,,DE,mastercard,credit
556450,00-99,,IN,mastercard,credit
556451,00-99,,US,mastercard,credit
556452,00-99,,IN,mastercard,credit
556453,00-99,,US,mastercard,credit
556454,00-99,,IN,mastercard,credit
556455,00-99,,US,mastercard,credit
556456,00-99,,TR,mastercard,credit
556457,00-99,,IN,mastercard,credit
556458,00-99,,US,mastercard,credit
556459,00-99,,IN,mastercard,credit
556460,00-99,JPMORGAN CHASE BANK N.A.,US,mastercard,debit
556461,00-99,,ES,mastercard,credit
556462,00-99,,US,mastercard,credit
556463,00-99,,IN,mastercard,credit
556464,00-99,,US,mastercard,credit
556465,00-99,,US,mastercard,credit
556466,00-99,JPMORGAN CHASE BANK N.A.,US,mastercard,debit
556467,00-99,JPMORGAN ELECTRONIC FINANCIAL SERVICES INC.,US,mastercard,credit
556468,00-99,,NL,mastercard,credit
556469,00-99,,FR,mastercard,credit
556470,00-99,JPMORGAN CHASE BANK N.A.,US,mastercard,debit
556471,00-99,,US,mastercard,credit
556472,00-99,,AU,mastercard,credit
556473,00-99,,US,mastercard,credit
556474,00-99,,MX,mastercard,credit
556475,00-99,,IN,mastercard,credit
556476,00-99,,DE,mastercard,credit
556477,00-99,,US,mastercard,credit
556478,00-99,,US,mastercard,credit
556479,00-99,,US,mastercard,credit
556480,00-99,,HU,mastercard,credit
556481,00-99,,IN,mastercard,credit
556482,00-99,,IN,mastercard,credit
556483,00-99,,US,mastercard,credit
556484,00-99,,IN,mastercard,credit
556485,00-99,,IN,mastercard,credit
556486,00-99,,IN,mastercard,credit
556487,00-99,,FR,mastercard,credit
556488,00-99,,US,mastercard,credit
556489,00-99,,US,mastercard,credit
556490,00-99,,IN,mastercard,credit
556491,00-99,,GB,mastercard,credit
556492,00-99,,US,mastercard,credit
556493,00-99,,IN,mastercard,credit
556494,00-99,,IN,mastercard,credit
556495,00-99,,US,mastercard,credit
556496,00-99,,IN,mastercard,credit
556497,00-99,,US,mastercard,credit
556498,00-99,,US,mastercard,credit
556499,00-99,,US,mastercard,credit
556500,00-99,EVOLVE BANK & TRUST,US,mastercard,debit
556501,00-99,WEX BANK,US,mastercard,credit
556502,00-99,CITIBANK N.A.,US,mastercard,credit
556503,00-99,METROPOLITAN COMMERCIAL BANK,US,mastercard,debit
556504,00-99,CITIBANK N.A.,US,mastercard,credit
556505,00-99,,IN,mastercard,credit
556506,00-99,JPMORGAN CHASE BANK N.A.,US,mastercard,credit
556507,00-99,CITIBANK N.A.,US,mastercard,credit
556508,00-99,CITIBANK N.A.,US,mastercard,credit
556509,00-99,CITIBANK N.A.,US,mastercard,credit
556510,00-99,CITIBANK N.A.,US,mastercard,credit
556511,00-99,,US,mastercard,credit
556512,00-99,,US,mastercard,credit
556513,00-99,AMAL BANK,SO,mastercard,debit
556514,00-99,B.I.C (CAMBODIA) BANK PLC,KH,mastercard,credit
556515,00-99,VERSE PAYMENTS LITHUANIA UAB,ES,mastercard,debit
556516,00-99,CITIBANK N.A.,US,mastercard,credit
556517,00-99,CITIBANK N.A.,US,mastercard,credit
556518,00-99,FIFTH THIRD BANK,US,mastercard,debit
556519,00-99,SUEZ CANAL BANK S.A.E.,EG,mastercard,debit
556520,00-99,WEX BANK,US,mastercard,credit
556521,00-99,CITIBANK N.A.,US,mastercard,credit
556522,00-99,NATIONAL BANK OF RAS AL-KHAIMAH (RAKBANK),AE,mastercard,credit
556523,00-99,CARIBBEAN CREDIT CARD CORPORATION LTD.,BB,mastercard,debit
556524,00-99,CITIBANK N.A.,US,mastercard,credit
556525,00-99,EDENRED ARGENTINA SA,AR,mastercard,credit
556526,00-99,INTERNATIONAL CARD SERVICES B.V.,NL,mastercard,credit
556527,00-99,MIDWAY S.A. - CREDITO FINANCIAMENTO E INVESTIMENTO,BR,mastercard,credit
556528,00-99,BANK HAPOALIM B.M.,IL,mastercard,credit
556529,00-99,FIFTH THIRD BANK,US,mastercard,credit
556530,00-99,WEX BANK,US,mastercard,credit
556531,00-99,CITIBANK N.A.,US,mastercard,credit
556532,00-99,SUTTON BANK,US,mastercard,credit
556533,00-99,BANCO ORIGINAL,BR,mastercard,credit
556534,00-99,UNITED BANK FOR AFRICA PLC,CD,mastercard,debit
556535,00-99,CITIBANK N.A.,US,mastercard,credit
556536,00-99,,IN,mastercard,credit
556537,00-99,ICBA BANCARD INC.,US,mastercard,debit
556538,00-99,CITIBANK N.A.,US,mastercard,credit
556539,00-99,ACNB BANK,US,mastercard,debit
556540,00-99,EASYPAY A.D.,BG,mastercard,credit
556541,00-99,HDFC BANK LTD.,IN,mastercard,credit
556542,00-99,COOPERATIVA DE AHORRO Y CREDITO JUVENTUD ECUATORIANA PROGRESISTA LTDA.,EC,mastercard,credit
556543,00-99,CITIZENS EQUITY FIRST CREDIT UNION,US,mastercard,debit
556544,00-99,BANCO SUPERVIELLE S.A.,AR,mastercard,debit
556545,00-99,CITIBANK N.A.,US,mastercard,credit
556546,00-99,SBM BANK (INDIA) LTD.,IN,mastercard,credit
556547,00-99,PEOPLES TRUST COMPANY,CA,mastercard,debit
556548,00-99,CREDIT UNION PAYMENT CENTER (LIMITED LIABILITY COMPANY),RU,mastercard,credit
556549,00-99,UNITED BANK FOR AFRICA PLC,CD,mastercard,debit
556550,00-99,BAHRAIN ISLAMIC BANK B.S.C,BH,mastercard,credit
556551,00-99,MBILLS DOO,SI,mastercard,credit
556552,00-99,MAURITIUS COMMERCIAL BANK LTD.,KE,mastercard,credit
556553,00-99,COOPERATIVA DE AHORRO Y CREDITO JUVENTUD ECUATORIANA PROGRESISTA LTDA.,EC,mastercard,credit
556554,00-99,FISERV SOLUTIONS LLC,US,mastercard,debit
556555,00-99,HDFC BANK LTD.,IN,mastercard,credit
556556,00-99,NATIONAL BANK OF RAS AL-KHAIMAH (RAKBANK),AE,mastercard,credit
556557,00-99,RADIUS BANK,US,mastercard,debit
556558,00-99,ALBERTA TREASURY BRANCHES,CA,mastercard,credit
556559,00-99,DATA CENTER INCORPORATED,US,mastercard,debit
556560,00-99,CITIZENS EQUITY FIRST CREDIT UNION,US,mastercard,debit
556561,00-99,JPMORGAN CHASE BANK N.A.,SG,mastercard,debit
556562,00-99,CITIZENS EQUITY FIRST CREDIT UNION,US,mastercard,debit
556563,00-99,CITIBANK N.A.,US,mastercard,credit
556564,00-99,DECTA LTD.,NL,mastercard,credit
556565,00-99,BANCARD S.A.,PY,mastercard,debit
556566,00-99,FISERV SOLUTIONS LLC,US,mastercard,debit
556567,00-99,HDFC BANK LTD.,IN,mastercard,credit
556568,00-99,CITIBANK N.A.,US,mastercard,credit
556569,00-99,NATIONAL BANK OF RAS AL-KHAIMAH (RAKBANK),AE,mastercard,credit
556570,00-99,CITIBANK N.A.,US,mastercard,credit
556571,00-99,BANCARD S.A.,PY,mastercard,debit
556572,00-99,ACNB BANK,US,mastercard,debit
556573,00-99,CITIBANK N.A.,US,mastercard,credit
556574,00-99,FAYSAL BANK LTD.,PK,mastercard,debit
556575,00-99,CITIBANK N.A.,US,mastercard,credit
556576,00-99,ECOBANK NIGERIA PLC,KE,mastercard,debit
556577,00-99,FAYSAL BANK LTD.,PK,mastercard,debit
556578,00-99,ECOBANK NIGERIA PLC,ZM,mastercard,debit
556579,00-99,SAUDI INVESTMENT BANK,SA,mastercard,credit
556580,00-99,HDFC BANK LTD.,IN,mastercard,debit
556581,00-99,CITIBANK N.A.,US,mastercard,credit
556582,00-99,ECOBANK NIGERIA PLC,ZM,mastercard,debit
556583,00-99,METRO BANK PLC,GB,mastercard,credit
556584,00-99,BOKF NATIONAL ASSOCIATION,US,mastercard,debit
556585,00-99,UNIPRIME NORTE DO PARANA,BR,mastercard,credit
556586,00-99,ORBITALL SERVICOS E PROCESSAMENTO DE MEIOS DE PAGAMENTO LTDA,BR,mastercard,credit
556587,00-99,CU COOPERATIVE SYSTEMS,US,mastercard,debit
556588,00-99,NATIONAL BANK OF RAS AL-KHAIMAH (RAKBANK),AE,mastercard,credit
556589,00-99,ORBITALL SERVICOS E PROCESSAMENTO DE MEIOS DE PAGAMENTO LTDA,BR,mastercard,credit
556590,00-99,BANCO REPUBLICA ORIENTAL DEL URUGUAY,UY,mastercard,credit
556591,00-99,MAURITIUS COMMERCIAL BANK LTD.,KE,mastercard,credit
556592,00-99,OPTAL FINANCIAL LTD.,GB,mastercard,credit
556593,00-99,SUTTON BANK,US,mastercard,credit
556594,00-99,EUROPAY (EUROCARD) ISRAEL LTD.,IL,mastercard,credit
556595,00-99,BANCO C6 SA,BR,mastercard,credit
556596,00-99,BANCO DAVIVIENDA S.A.,CO,mastercard,debit
556597,00-99,SATHAPANA BANK PLC,KH,mastercard,debit
556598,00-99,SBI CARDS & PAYMENT SERVICES PVT. LTD.,IN,mastercard,credit
556599,00-99,SAIGON THUONG TIN COMMERCIAL JOINT STOCK BANK,VN,mastercard,credit
556600,00-99,BANCO DO BRASIL S.A.,BR,mastercard,credit
556601,00-99,BANCO DO BRASIL S.A.,BR,mastercard,credit
556602,00-99,,IN,mastercard,credit
556603,00-99,EURO KARTENSYSTEME GMBH,DE,mastercard,credit
556604,00-99,AMERANT BANK N.A.,US,mastercard,credit
556605,00-99,BANCO PROVINCIAL S.A. BANCO UNIVERSAL,VE,mastercard,credit
556606,00-99,,RU,mastercard,credit
556607,00-99,ITAU CORPBANCA COLOMBIA S.A.,CO,mastercard,credit
556608,00-99,LOTTECARD CO. LTD.,KR,mastercard,credit
556609,00-99,,US,mastercard,credit
556610,00-99,CHINA MINSHENG BANKING CORPORATION LTD.,CN,mastercard,credit
556611,00-99,BANCO BAC SAN JOSE S.A.,CR,mastercard,credit
556612,00-99,SEB KORT BANK AB,NO,mastercard,credit
556613,00-99,HSBC BANK MIDDLE EAST,QA,mastercard,credit
556614,00-99,BANCO INTERNACIONAL S.A.,EC,mastercard,credit
556615,00-99,ITAU UNIBANCO S.A.,BR,mastercard,credit
556616,00-99,ITAU UNIBANCO S.A.,BR,mastercard,credit
556617,00-99,CHINA CITIC BANK CORPORATION LTD.,CN,mastercard,credit
556618,00-99,,IN,mastercard,credit
556619,00-99,CITIBANK EUROPE PUBLIC LIMITED COMPANY,HU,mastercard,debit
556620,00-99,HDFC BANK LTD.,IN,mastercard,credit
556621,00-99,,US,mastercard,credit
556622,00-99,SOCIETE GENERALE DE BANQUE AU LIBAN S.A.L.,LB,mastercard,credit
556623,00-99,SKANDINAVISKA ENSKILDA BANKEN AB,PL,mastercard,credit
556624,00-99,UNITED OVERSEAS BANK LTD.,HK,mastercard,credit
556625,00-99,OPTAL FINANCIAL EUROPE LTD.,IE,mastercard,credit
556626,00-99,LUFTHANSA AIRPLUS SERVICEKARTEN GMBH,ES,mastercard,credit
556627,00-99,,US,mastercard,credit
556628,00-99,METROPOLITAN BANK AND TRUST COMPANY (METROBANK),PH,mastercard,credit
556629,00-99,,JP,mastercard,credit
556630,00-99,KCB BANK KENYA LTD.,KE,mastercard,credit
556631,00-99,,BR,mastercard,credit
556632,00-99,BANK OF CHINA LTD.,CN,mastercard,credit
556633,00-99,FIRST ABU DHABI BANK PJSC,EG,mastercard,credit
556634,00-99,DEUTSCHE BANK S.P.A.,IT,mastercard,credit
556635,00-99,DEUTSCHE BANK S.P.A.,IT,mastercard,credit
556636,00-99,AGOS,IT,mastercard,credit
556637,00-99,BANK OF BERMUDA LTD.,BM,mastercard,credit
556638,00-99,AL AHLI BANK OF KUWAIT (K.S.C.),KW,mastercard,credit
556639,00-99,BANK OF BERMUDA LTD.,BM,mastercard,credit
556640,00-99,,IN,mastercard,credit
556641,00-99,DANSKE BANK A/S,PL,mastercard,credit
556642,00-99,SEB KORT BANK AB,FI,mastercard,credit
556643,00-99,SANTANDER CONSUMER BANK AG,DE,mastercard,credit
556644,00-99,EUROCARD AB,LV,mastercard,credit
556645,00-99,J.P. MORGAN EUROPE LTD.,GB,mastercard,credit
556646,00-99,,RU,mastercard,credit
556647,00-99,NETS DENMARK A S,FI,mastercard,credit
556648,00-99,BANK OF BEIJING CO. LTD.,CN,mastercard,credit
556649,00-99,,GR,mastercard,credit
556650,00-99,NETS DENMARK A S,FI,mastercard,credit
556651,00-99,CITIBANK CANADA,CA,mastercard,credit
556652,00-99,,US,mastercard,credit
556653,00-99,NORDEA BANK NORGE ASA,NO,mastercard,credit
556654,00-99,GE CAPITAL BANK LTD.,GB,mastercard,credit
556655,00-99,GE CAPITAL BANK LTD.,GB,mastercard,credit
556656,00-99,UNITED OVERSEAS BANK (THAI) PUBLIC COMPANY LTD.,TH,mastercard,credit
556657,00-99,GE CAPITAL BANK LTD.,GB,mastercard,credit
556658,00-99,METROPOLITAN BANK AND TRUST COMPANY (METROBANK),PH,mastercard,credit
556659,00-99,HANA CARD,KR,mastercard,credit
556660,00-99,UNICRE-INSTITUICAO FINANCEIRA DE CREDITO S.A.,PT,mastercard,credit
556661,00-99,SEB KORT BANK AB,DK,mastercard,credit
556662,00-99,SEB KORT BANK AB,NO,mastercard,credit
556663,00-99,SEB KORT BANK AB,SE,mastercard,credit
556664,00-99,SEB KORT BANK AB,FI,mastercard,credit
556665,00-99,HSBC BANK A.S.,TR,mastercard,credit
556666,00-99,MAURITIUS COMMERCIAL BANK LTD.,MU,mastercard,credit
556667,00-99,,US,mastercard,credit
556668,00-99,SHANGHAI RURAL COMMERCIAL BANK CO. LTD.,CN,mastercard,credit
556669,00-99,,US,mastercard,credit
556670,00-99,ITAU UNIBANCO S.A.,BR,mastercard,credit
556671,00-99,BANCO SABADELL S.A.,ES,mastercard,credit
556672,00-99,BANCO SABADELL S.A.,ES,mastercard,credit
556673,00-99,ITAU UNIBANCO S.A.,BR,mastercard,credit
556674,00-99,,IN,mastercard,credit
556675,00-99,THE SAUDI NATIONAL BANK,SA,mastercard,credit
556676,00-99,NATIONAL COMMERCIAL BANK,SA,mastercard,credit
556677,00-99,BARCLAYS BANK PLC.,GB,mastercard,credit
556678,00-99,BC CARD CO. LTD.,KR,mastercard,credit
556679,00-99,BANCO DE NEGOCIOS INTERNACIONAL SA,AO,mastercard,credit
556680,00-99,CITIBANK N.A.,HK,mastercard,credit
556681,00-99,ING BANK N.V.,NL,mastercard,credit
556682,00-99,SERVIRED SOCIEDAD ESPANOLA DE MEDIOS DE PAGO S.A.,ES,mastercard,credit
556683,00-99,,IN,mastercard,credit
556684,00-99,BANCO SANTANDER MEXICO SA INSTITUCION DE BANCA MULTIPLE GRUPO FINANC,MX,mastercard,credit
556685,00-99,BANCO SANTANDER MEXICO SA INSTITUCION DE BANCA MULTIPLE GRUPO FINANC,MX,mastercard,credit
556686,00-99,BANCO SANTANDER MEXICO SA INSTITUCION DE BANCA MULTIPLE GRUPO FINANC,MX,mastercard,credit
556687,00-99,,US,mastercard,credit
556688,00-99,BIBANCA S.P.A.,IT,mastercard,credit
556689,00-99,,PK,mastercard,credit
556690,00-99,,IN,mastercard,credit
556691,00-99,,RU,mastercard,credit
556692,00-99,,ID,mastercard,credit
556693,00-99,,IN,mastercard,credit
556694,00-99,,US,mastercard,credit
556695,00-99,,GB,mastercard,credit
556696,00-99,,IN,mastercard,credit
556697,00-99,,IN,mastercard,credit
556698,00-99,,US,mastercard,credit
556699,00-99,,IN,mastercard,credit
556700,00-99,REGIONS BANK,US,mastercard,credit
556701,00-99,WINDSOR FAMILY CREDIT UNION LTD.,CA,mastercard,credit
556702,00-99,BANK OF MONTREAL,US,mastercard,credit
556703,00-99,BANCORP BANK,US,mastercard,credit
556704,00-99,GE CAPITAL FINANCIAL INC.,US,mastercard,credit
556705,00-99,GE CAPITAL FINANCIAL INC.,US,mastercard,credit
556706,00-99,JPMORGAN CHASE BANK N.A.,US,mastercard,credit
556707,00-99,BANK OF MONTREAL,CA,mastercard,credit
556708,00-99,JPMORGAN CHASE BANK N.A.,US,mastercard,credit
556709,00-99,CITIBANK N.A.,US,mastercard,credit
556710,00-99,TAB BANK,US,mastercard,credit
556711,00-99,SYNOVUS BANK,US,mastercard,credit
556712,00-99,,US,mastercard,credit
556713,00-99,QUORUM FEDERAL CREDIT UNION,US,mastercard,credit
556714,00-99,BANK OF MONTREAL,CA,mastercard,credit
556715,00-99,LASALLE BANK F.S.B.,US,mastercard,credit
556716,00-99,COMERICA BANK,US,mastercard,credit
556717,00-99,JPMORGAN CHASE BANK N.A.,US,mastercard,credit
556718,00-99,BANK OF AMERICA NATIONAL ASSOCIATION,US,mastercard,credit
556719,00-99,BANK OF AMERICA NATIONAL ASSOCIATION,US,mastercard,credit
556720,00-99,MASTERCARD - MEMBER TEST FACILITY,US,mastercard,credit
556721,00-99,MASTERCARD - MEMBER TEST FACILITY,US,mastercard,credit
556722,00-99,COMMERCE BANK,US,mastercard,credit
556723,00-99,JPMORGAN CHASE BANK N.A.,US,mastercard,credit
556724,00-99,JPMORGAN CHASE BANK N.A.,US,mastercard,credit
556725,00-99,,US,mastercard,credit
556726,00-99,,US,mastercard,credit
556727,00-99,,US,mastercard,credit
556728,00-99,BARCLAYCARD INTERNATIONAL PAYMENTS LTD.,IE,mastercard,credit
556729,00-99,,IN,mastercard,credit
556730,00-99,BARCLAYCARD INTERNATIONAL PAYMENTS LTD.,IE,mastercard,credit
556731,00-99,,US,mastercard,credit
556732,00-99,DUBUQUE BANK AND TRUST COMPANY,US,mastercard,credit
556733,00-99,,GB,mastercard,credit
556734,00-99,WEX BANK,US,mastercard,credit
556735,00-99,FIFTH THIRD BANK,US,mastercard,credit
556736,00-99,REGIONS BANK,US,mastercard,credit
556737,00-99,,US,mastercard,credit
556738,00-99,WELLS FARGO BANK N.A.,US,mastercard,credit
556739,00-99,,IN,mastercard,credit
556740,00-99,BANK OF SCOTLAND PLC,GB,mastercard,credit
556741,00-99,,GB,mastercard,debit
556742,00-99,,US,mastercard,credit
556743,00-99,,US,mastercard,credit
556744,00-99,PROFICIOBANK,US,mastercard,credit
556745,00-99,BANK OF AMERICA NATIONAL ASSOCIATION,US,mastercard,credit
556746,00-99,JPMORGAN CHASE BANK N.A.,US,mastercard,credit
556747,00-99,,IN,mastercard,credit
556748,00-99,WEX BANK,US,mastercard,credit
556749,00-99,LASALLE BANK F.S.B.,US,mastercard,credit
556750,00-99,BANK OF AMERICA NATIONAL ASSOCIATION,US,mastercard,credit
556751,00-99,FIRST NATIONAL BANK OF CENTRAL TEXAS,US,mastercard,credit
556752,00-99,WEX BANK,US,mastercard,credit
556753,00-99,JPMORGAN CHASE BANK N.A.,US,mastercard,credit
556754,00-99,,US,mastercard,credit
556755,00-99,LLOYDS BANK PLC,GB,mastercard,credit
556756,00-99,,GB,mastercard,credit
556757,00-99,JPMORGAN CHASE BANK N.A.,US,mastercard,credit
556758,00-99,,US,mastercard,credit
556759,00-99,BANK OF MONTREAL,CA,mastercard,credit
556760,00-99,CHASE BANK USA N.A.,US,mastercard,credit
556761,00-99,BANK OF AMERICA NATIONAL ASSOCIATION,US,mastercard,credit
556762,00-99,WEX CANADA LTD.,CA,mastercard,credit
556763,00-99,MASTERCARD - MEMBER TEST FACILITY,US,mastercard,credit
556764,00-99,MASTERCARD - MEMBER TEST FACILITY,US,mastercard,credit
556765,00-99,AMALGAMATED BANK,US,mastercard,credit
556766,00-99,FIFTH THIRD BANK,US,mastercard,credit
556767,00-99,,US,mastercard,credit
556768,00-99,,US,mastercard,credit
556769,00-99,,IN,mastercard,credit
556770,00-99,,IN,mastercard,credit
556771,00-99,,US,mastercard,credit
556772,00-99,NATIONAL WESTMINSTER BANK PLC,GB,mastercard,credit
556773,00-99,,US,mastercard,credit
556774,00-99,,US,mastercard,credit
556775,00-99,,US,mastercard,credit
556776,00-99,COMERICA BANK,CA,mastercard,credit
556777,00-99,REGIONS BANK,US,mastercard,credit
556778,00-99,REGIONS BANK,US,mastercard,credit
556779,00-99,REGIONS BANK,US,mastercard,credit
556780,00-99,FIFTH THIRD BANK,US,mastercard,credit
556781,00-99,REGIONS,US,mastercard,credit
556782,00-99,FIFTH THIRD BANK,US,mastercard,credit
556783,00-99,,US,mastercard,credit
556784,00-99,,US,mastercard,credit
556785,00-99,WEX CANADA LTD.,CA,mastercard,credit
556786,00-99,REGIONS BANK,US,mastercard,credit
556787,00-99,WEX BANK,US,mastercard,credit
556788,00-99,REGIONS BANK,US,mastercard,credit
556789,00-99,,US,mastercard,credit
556790,00-99,WEX BANK,US,mastercard,credit
556791,00-99,REGIONS BANK,US,mastercard,credit
556792,00-99,REGIONS BANK,US,mastercard,credit
556793,00-99,BANK OF SCOTLAND PLC,GB,mastercard,credit
556794,00-99,BREMER BANK N.A.,US,mastercard,credit
556795,00-99,,US,mastercard,credit
556796,00-99,WEX CANADA LTD.,CA,mastercard,credit
556797,00-99,WEX CANADA LTD.,CA,mastercard,credit
556798,00-99,WEX CANADA LTD.,CA,mastercard,credit
556799,00-99,LLOYDS BANK PLC,GB,mastercard,credit
556800,00-99,CITIBANK N.A.,US,mastercard,credit
556801,00-99,CITIBANK N.A.,US,mastercard,credit
556802,00-99,CITIBANK N.A.,US,mastercard,credit
556803,00-99,CITIBANK N.A.,US,mastercard,credit
556804,00-99,CITIBANK N.A.,US,mastercard,credit
556805,00-99,CITIBANK N.A.,US,mastercard,credit
556806,00-99,CITIBANK N.A.,US,mastercard,credit
556807,00-99,CITIBANK N.A.,US,mastercard,credit
556808,00-99,CITIBANK N.A.,US,mastercard,credit
556809,00-99,CITIBANK N.A.,US,mastercard,credit
556810,00-99,CITIBANK N.A.,US,mastercard,credit
556811,00-99,METABANK,US,mastercard,debit
556812,00-99,KEYSTONE BANK LTD.,NG,mastercard,debit
556813,00-99,,US,mastercard,credit
556814,00-99,,US,mastercard,credit
556815,00-99,U.S. BANK NATIONAL ASSOCIATION,US,mastercard,credit
556816,00-99,CAPITAL ONE NATIONAL ASSOCIATION,PR,mastercard,credit
556817,00-99,,US,mastercard,credit
556818,00-99,CHINA CITIC BANK,CN,mastercard,debit
556819,00-99,BANK OF BARODA,IN,mastercard,credit
556820,00-99,JPMORGAN CHASE BANK N.A.,US,mastercard,credit
556821,00-99,STONE PAGAMENTOS SA,BR,mastercard,debit
556822,00-99,JPMORGAN CHASE BANK N.A.,US,mastercard,credit
556823,00-99,,US,mastercard,debit
556824,00-99,,US,mastercard,credit
556825,00-99,PSCU INCORPORATED,US,mastercard,debit
556826,00-99,JPMORGAN CHASE BANK N.A.,US,mastercard,credit
556827,00-99,BANQI INSTITUICAO DE PAGAMENTO,BR,mastercard,debit
556828,00-99,ECOBANK NIGERIA PLC,ZM,mastercard,debit
556829,00-99,SODEXO PASS DO BRASIL SERVICOS DE INOVACAO LTDA,BR,mastercard,debit
556831,00-99,BANCO DE OCCIDENTE S.A.,CO,mastercard,credit
556832,00-99,,US,mastercard,credit
556833,00-99,WEX BANK,US,mastercard,credit
556834,00-99,EQUITY BCDC SA,CD,mastercard,debit
556835,00-99,LANSFORSAKRINGAR BANK AB,SE,mastercard,credit
556836,00-99,SODEXO PASS DO BRASIL SERVICOS DE INOVACAO LTDA,BR,mastercard,debit
556837,00-99,QWIKCILVER SOLUTIONS PVT LTD.,IN,mastercard,debit
556838,00-99,FIRST DATA CONO SUR S.R.L.,AR,mastercard,credit
556839,00-99,THOMAS COOK (INDIA) LTD.,IN,mastercard,debit
556840,00-99,U.S. BANK NATIONAL ASSOCIATION,US,mastercard,credit
556841,00-99,,US,mastercard,credit
556842,00-99,U.S. BANK NATIONAL ASSOCIATION,US,mastercard,credit
556843,00-99,CLOSED JOINT STOCK COMPANY ALFA-BANK,BY,mastercard,credit
556844,00-99,METROPOLITAN COMMERCIAL BANK,US,mastercard,debit
556845,00-99,UNIPRIME NORTE DO PARANA,BR,mastercard,credit
556846,00-99,U.S. BANK NATIONAL ASSOCIATION,US,mastercard,credit
556847,00-99,CENTRAL TRUST BANK,US,mastercard,credit
556848,00-99,PREMIER BANK,SO,mastercard,debit
556849,00-99,MONZO BANK LTD.,GB,mastercard,credit
556850,00-99,U.S. BANK NATIONAL ASSOCIATION,US,mastercard,credit
556851,00-99,OPTAL FINANCIAL LTD.,GB,mastercard,credit
556852,00-99,OPTAL FINANCIAL EUROPE LTD.,GB,mastercard,credit
556853,00-99,SUTTON BANK,US,mastercard,credit
556854,00-99,COMMONWEALTH BANK OF AUSTRALIA,AU,mastercard,credit
556855,00-99,FAYSAL BANK LTD.,PK,mastercard,debit
556856,00-99,U.S. BANK N.A.,US,mastercard,credit
556857,00-99,BOKIS,DK,mastercard,credit
556858,00-99,IDFC FIRST BANK LTD.,IN,mastercard,credit
556859,00-99,ACLEDA BANK PLC,KH,mastercard,debit
556860,00-99,UNIBANK S.A.,HT,mastercard,debit
556861,00-99,U.S. BANK NATIONAL ASSOCIATION,US,mastercard,credit
556862,00-99,U.S. BANK NATIONAL ASSOCIATION,US,mastercard,credit
556863,00-99,SUNRISE BANKS N.A.,US,mastercard,debit
556864,00-99,PRINCE BANK PLC,KH,mastercard,debit
556865,00-99,,US,mastercard,credit
556866,00-99,,US,mastercard,debit
556867,00-99,ITAU UNIBANCO S.A.,BR,mastercard,debit
556868,00-99,METABANK,US,mastercard,debit
556869,00-99,JAJA FINANCE LTD.,GB,mastercard,credit
556870,00-99,CITIBANK N.A.,US,mastercard,credit
556871,00-99,CITIBANK N.A.,US,mastercard,credit
556872,00-99,CITIBANK N.A.,US,mastercard,credit
556873,00-99,CITIBANK N.A.,US,mastercard,credit
556874,00-99,CITIBANK N.A.,US,mastercard,credit
556875,00-99,CITIBANK N.A.,US,mastercard,credit
556876,00-99,CITIBANK N.A.,US,mastercard,credit
556877,00-99,CITIBANK N.A.,US,mastercard,credit
556878,00-99,CITIBANK N.A.,US,mastercard,credit
556879,00-99,CITIBANK N.A.,US,mastercard,credit
556880,00-99,,US,mastercard,credit
556881,00-99,,US,mastercard,credit
556882,00-99,,US,mastercard,debit
556883,00-99,BANK OF AMERICA N.A.,US,mastercard,credit
556884,00-99,OPEN JOINT-STOCK COMPANY PARITETBANK,BY,mastercard,debit
556885,00-99,ECOBANK NIGERIA PLC,ZM,mastercard,debit
556886,00-99,SECURITY SERVICE FEDERAL CREDIT UNION,US,mastercard,credit
556887,00-99,FIFTH THIRD BANK,US,mastercard,credit
556888,00-99,BANCOLOMBIA S.A.,CO,mastercard,credit
556889,00-99,BANCORP BANK,US,mastercard,debit
556890,00-99,,US,mastercard,credit
556891,00-99,,US,mastercard,debit
556892,00-99,OPTAL FINANCIAL LTD.,GB,mastercard,credit
556893,00-99,,US,mastercard,credit
556894,00-99,SODEXO PASS DO BRASIL SERVICOS DE INOVACAO LTDA,BR,mastercard,debit
556895,00-99,,US,mastercard,debit
556896,00-99,JPMORGAN CHASE BANK N.A.,US,mastercard,credit
556897,00-99,EVOLVE BANK & TRUST,US,mastercard,debit
556898,00-99,UNION BANK OF NIGERIA PLC,NG,mastercard,debit
556899,00-99,NU ARGENTINA S A,AR,mastercard,credit
556900,00-99,CITIBANK N.A.,US,mastercard,credit
556901,00-99,AMERICAN NATIONAL BANK,US,mastercard,credit
556902,00-99,BANK OF AMERICA EUROPE DAC,GB,mastercard,credit
556903,00-99,WEX BANK,US,mastercard,credit
556904,00-99,U.S. BANK NATIONAL ASSOCIATION,US,mastercard,credit
556905,00-99,SIGNATURE BANK,US,mastercard,credit
556906,00-99,BANK OF MONTREAL,US,mastercard,credit
556907,00-99,BANK OF MONTREAL,US,mastercard,credit
556908,00-99,BANK OF MONTREAL,CA,mastercard,credit
556909,00-99,BANK OF MONTREAL,CA,mastercard,credit
556910,00-99,WEX BANK,US,mastercard,credit
556911,00-99,BANCORP BANK,US,mastercard,debit
556912,00-99,PREMIER BANK,US,mastercard,credit
556913,00-99,REGIONS BANK,US,mastercard,credit
556914,00-99,,US,mastercard,credit
556915,00-99,TMG FINANCIAL SERVICES INC.,US,mastercard,credit
556916,00-99,TARJETAS BANAMEX SA DE CV SOFOM E.R.,MX,mastercard,credit
556917,00-99,JPMORGAN CHASE BANK N.A.,US,mastercard,credit
556918,00-99,OLD NATIONAL BANK,US,mastercard,credit
556919,00-99,WELLS FARGO BANK N.A.,US,mastercard,credit
556920,00-99,COMERICA BANK,US,mastercard,credit
556921,00-99,BANK OF MONTREAL,CA,mastercard,credit
556922,00-99,BARCLAYCARD INTERNATIONAL PAYMENTS LTD.,IE,mastercard,credit
556923,00-99,NATIONAL BANK OF CANADA,CA,mastercard,credit
556924,00-99,CITIBANK N.A.,US,mastercard,credit
556925,00-99,WEX BANK,US,mastercard,credit
556926,00-99,FIFTH THIRD BANK,THE,US,mastercard
556927,00-99,BANK OF AMERICA NATIONAL ASSOCIATION,US,mastercard,credit
556928,00-99,BANK OF AMERICA NATIONAL ASSOCIATION,US,mastercard,credit
556929,00-99,WEX BANK,US,mastercard,credit
556930,00-99,FIRST HAWAIIAN BANK,US,mastercard,credit
556931,00-99,WELLS FARGO BANK,N.A.,US,mastercard
556932,00-99,BMO BANK NATIONAL ASSOCIATION,US,mastercard,credit
556933,00-99,FIFTH THIRD BANK,US,mastercard,credit
556934,00-99,BANK OF MONTREAL,US,mastercard,credit
556935,00-99,BANK OF MONTREAL,US,mastercard,credit
556936,00-99,BANK OF MONTREAL,CA,mastercard,credit
556937,00-99,CITIBANK CANADA,CA,mastercard,credit
556938,00-99,COMERICA BANK,US,mastercard,credit
556939,00-99,WELLS FARGO BANK N.A.,US,mastercard,credit
556940,00-99,USAA SAVINGS BANK,US,mastercard,credit
556941,00-99,UMB BANK N.A.,US,mastercard,credit
556942,00-99,WEX BANK,US,mastercard,credit
556943,00-99,FNBT BANK,US,mastercard,credit
556944,00-99,WEX BANK,US,mastercard,credit
556945,00-99,FIRST NATIONAL BANK ALASKA,US,mastercard,credit
556946,00-99,WEX BANK,US,mastercard,credit
556947,00-99,WEX BANK,US,mastercard,credit
556948,00-99,WEX BANK,US,mastercard,credit
556949,00-99,FAR EASTERN INTERNATIONAL BANK,TW,mastercard,credit
556950,00-99,ROYAL BANK OF SCOTLAND,GB,mastercard,credit
556951,00-99,NATIONAL WESTMINSTER BANK PLC,GB,mastercard,credit
556952,00-99,WEX BANK,US,mastercard,credit
556953,00-99,BANCO PROCREDIT ECUADOR S.A.,EC,mastercard,credit
556954,00-99,WEX BANK,US,mastercard,credit
556955,00-99,BANK OF AMERICA EUROPE DAC,IE,mastercard,credit
556956,00-99,WEX BANK,US,mastercard,credit
556957,00-99,WEX BANK,US,mastercard,credit
556958,00-99,ABN AMRO BANK N.V,NL,mastercard,credit
556959,00-99,FIFTH THIRD BANK,US,mastercard,credit
556960,00-99,BANK OF AMERICA NATIONAL ASSOCIATION,CA,mastercard,credit
556961,00-99,FIFTH THIRD BANK,US,mastercard,credit
556962,00-99,WEX BANK,US,mastercard,credit
556963,00-99,U.S. BANK NATIONAL ASSOCIATION,US,mastercard,credit
556964,00-99,BANK OF MONTREAL,CA,mastercard,credit
556965,00-99,TRANSPORTATION ALLIANCE BANK INC.,US,mastercard,credit
556966,00-99,MUFG BANK LTD PRIMARY NY BRANCH,US,mastercard,credit
556967,00-99,REGIONS BANK,US,mastercard,credit
556968,00-99,JPMORGAN CHASE BANK N.A.,US,mastercard,credit
556969,00-99,NATIONAL WESTMINSTER BANK PLC,GB,mastercard,credit
556970,00-99,NATIONAL WESTMINSTER BANK PLC,IE,mastercard,credit
556971,00-99,CITIZENS BANK N.A.,US,mastercard,credit
556972,00-99,TRANSPORTATION ALLIANCE BANK INC.,US,mastercard,credit
556973,00-99,NATIONAL WESTMINSTER BANK PLC,GB,mastercard,credit
556974,00-99,TEXAS CAPITAL BANK,US,mastercard,credit
556975,00-99,FOMO PAY PTE LTD.,SG,mastercard,debit
556976,00-99,U.S. BANK NATIONAL ASSOCIATION,US,mastercard,credit
556977,00-99,U.S. BANK N.A.,US,mastercard,credit
556978,00-99,BANCO BILBAO VIZCAYA ARGENTARIA S.A.,ES,mastercard,credit
556979,00-99,ABN AMRO BANK N.V,NL,mastercard,credit
556980,00-99,COLUMN NATIONAL ASSOCIATION,US,mastercard,credit
556981,00-99,U.S. BANK N.A.,US,mastercard,credit
556982,00-99,U.S. BANK N.A.,US,mastercard,credit
556983,00-99,COMMUNITY FEDERAL SAVINGS BANK,US,mastercard,credit
556984,00-99,U.S. BANK N.A.,US,mastercard,credit
556985,00-99,U.S. BANK N.A.,US,mastercard,credit
556986,00-99,U.S. BANK N.A.,US,mastercard,credit
556987,00-99,U.S. BANK N.A.,CA,mastercard,credit
556988,00-99,KEYBANK NATIONAL ASSOCIATION,US,mastercard,credit
556989,00-99,U.S. BANK N.A.,CA,mastercard,credit
556990,00-99,REGIONS BANK,US,mastercard,credit
556991,00-99,BREMER BANK N.A.,US,mastercard,credit
556992,00-99,FIFTH THIRD BANK,US,mastercard,credit
556993,00-99,U.S. BANK N.A.,CA,mastercard,credit
556994,00-99,U.S. BANK N.A.,CA,mastercard,credit
556995,00-99,U.S. BANK N.A.,CA,mastercard,credit
556996,00-99,ICBA BANCARD INC.,US,mastercard,credit
556997,00-99,U.S. BANK N.A.,CA,mastercard,credit
556998,00-99,,US,mastercard,credit
556999,00-99,,US,mastercard,credit
557000,00-99,SBERBANK OF RUSSIA,RU,mastercard,debit
557001,00-99,SUTTON BANK,US,mastercard,credit
557002,00-99,RAIFFEISENBANK AUSTRIA D.D.,HR,mastercard,credit
557003,00-99,DIAMOND TRUST BANK KENYA LTD.,UG,mastercard,credit
557004,00-99,PATHWARD NATIONAL ASSOCIATION,US,mastercard,credit
557005,00-99,FRANSABANK SAL,LB,mastercard,credit
557006,00-99,SHENZHEN RURAL COMMERCIAL BANK CO. LTD.,CN,mastercard,credit
557007,00-99,CHINA EVERBRIGHT BANK COMPANY LTD.,CN,mastercard,credit
557008,00-99,CREDIT MUTUEL ARKEA,FR,mastercard,debit
557009,00-99,FISERV SOLUTIONS LLC,US,mastercard,credit
557010,00-99,LATVIJAS HIPOTEKU UN ZEMES BANKA (JSC LATVIAN MORTGAGE,LV,mastercard,credit
557011,00-99,DEUTSCHE BANK AG,DE,mastercard,credit
557012,00-99,LUMINOR BANK AS,LV,mastercard,debit
557013,00-99,LUMINOR BANK AS,LV,mastercard,credit
557014,00-99,AS SEB PANK,EE,mastercard,credit
557015,00-99,JACK HENRY & ASSOCIATES,US,mastercard,debit
557016,00-99,EURO KARTENSYSTEME GMBH,DE,mastercard,credit
557017,00-99,JIANGSU CHANGSHU RURAL COMMERCIAL BANK CO.LTD.,CN,mastercard,credit
557018,00-99,CESKOSLOVENSKA OBCHODNI BANKA A.S.,CZ,mastercard,credit
557019,00-99,CESKOSLOVENSKA OBCHODNI BANKA A.S.,CZ,mastercard,debit
557020,00-99,JOINT STOCK COMPANY SIAULIU BANKAS,LT,mastercard,credit
557021,00-99,JOINT STOCK COMPANY SIAULIU BANKAS,LT,mastercard,credit
557022,00-99,FIFTH THIRD BANK,US,mastercard,debit
557023,00-99,TURKIYE GARANTI BANKASI A.S.,TR,mastercard,credit
557024,00-99,VTB BANK (PUBLIC JOINT-STOCK COMPANY),RU,mastercard,credit
557025,00-99,THE BANK FOR DEVELOPMENT AND FOREIGN ECONOMIC AFFAIRS (VNESHECONOMBANK),RU,mastercard,credit
557026,00-99,WILL FINANCEIRA S.A. CREDITO FINANCIAMENTO E INVESTIMENTO,BR,mastercard,credit
557027,00-99,FBME CARD SERVICES LTD.,CY,mastercard,credit
557028,00-99,AKTIA BANK PLC,FI,mastercard,credit
557029,00-99,BANK ZENIT,RU,mastercard,credit
557030,00-99,BANK ZENIT,RU,mastercard,credit
557031,00-99,CREDIT URAL BANK,RU,mastercard,credit
557032,00-99,HUA XIA BANK CO. LTD.,CN,mastercard,credit
557033,00-99,BANCO BILBAO VIZCAYA ARGENTARIA S.A.,ES,mastercard,credit
557034,00-99,NOVA LJUBLJANSKA BANKA D.D. LJUBLJANA,SI,mastercard,debit
557035,00-99,BANCO PROVINCIA NEUQUEN S.A.,AR,mastercard,credit
557036,00-99,,RU,mastercard,credit
557037,00-99,DIGITAL COMMERCE BANK,CA,mastercard,debit
557038,00-99,PUBLIC JSC BANK FORUM,UA,mastercard,credit
557039,00-99,BANCO COLUMBIA S.A.,AR,mastercard,credit
557040,00-99,NATIONAL BANK OF DOMINICA LTD.,DM,mastercard,credit
557041,00-99,UNITED BANK FOR AFRICA PLC,CI,mastercard,debit
557042,00-99,KB KOOKMIN CARD CO. LTD,KR,mastercard,credit
557043,00-99,PSCU INCORPORATED,US,mastercard,debit
557044,00-99,PATHWARD NATIONAL ASSOCIATION,US,mastercard,credit
557045,00-99,SATHAPANA BANK PLC,KH,mastercard,debit
557046,00-99,LIBYAN ISLAMIC BANK,LY,mastercard,debit
557047,00-99,CREDIT URAL BANK,RU,mastercard,credit
557048,00-99,RBL BANK LTD.,IN,mastercard,debit
557049,00-99,IRAQ ELECTRONIC GATE FOR FINANCIAL SERVICES CO LTD.,IQ,mastercard,debit
557050,00-99,,SK,mastercard,credit
557051,00-99,SHAZAM INC.,US,mastercard,debit
557052,00-99,ORIENTAL BANK,VI,mastercard,debit
557053,00-99,SEB KORT BANK AB,NO,mastercard,credit
557054,00-99,DIGITAL COMMERCE BANK,CA,mastercard,debit
557055,00-99,EVROFINANCE MOSNARBANK,RU,mastercard,credit
557056,00-99,CREDIT EUROPE BANK LTD.,RU,mastercard,credit
557057,00-99,CREDIT EUROPE BANK LTD.,RU,mastercard,credit
557058,00-99,METABANK NATIONAL ASSOCIATION,US,mastercard,debit
557059,00-99,NORTH ISLAND FINANCIAL CREDIT UNION,US,mastercard,credit
557060,00-99,CHINA CITIC BANK,CN,mastercard,credit
557061,00-99,MONTEPIO GERAL - CAIXA ECONOMICA DE LISBOA,PT,mastercard,debit
557062,00-99,ENTROPAY LTD.,MT,mastercard,debit
557063,00-99,CAIRO AMMAN BANK PLC,JO,mastercard,debit
557064,00-99,AB CITADELE BANKAS,LT,mastercard,credit
557066,00-99,BOKIS,DK,mastercard,credit
557067,00-99,BOKIS,DK,mastercard,credit
557068,00-99,SVENSKA HANDELSBANKEN AB,DK,mastercard,credit
557069,00-99,TRANSATLANTICA COMPANIA FINANCIERA S.A.,AR,mastercard,debit
557070,00-99,BELVNESHECONOMBANK,BY,mastercard,credit
557071,00-99,JOINT STOCK COMMERCIAL BANK MOSCOW INDUSTRIAL BANK,RU,mastercard,credit
557072,00-99,JOINT STOCK COMMERCIAL BANK MOSCOW INDUSTRIAL BANK,RU,mastercard,credit
557073,00-99,WISE PAYMENTS LTD.,GB,mastercard,debit
557074,00-99,TUXEDO MONEY CARD LTD.,GB,mastercard,debit
557075,00-99,JOINT STOCK SAVINGS BANK BELARUSBANK,BY,mastercard,credit
557076,00-99,JOINT STOCK SAVINGS BANK BELARUSBANK,BY,mastercard,credit
557077,00-99,THE PREMIER BANK LTD.,BD,mastercard,credit
557078,00-99,STATE EXPORT-IMPORT BANK OF UKRAINE (UKREXIMBANK),UA,mastercard,credit
557079,00-99,PAYRNET LTD.,GB,mastercard,credit
557080,00-99,CHINA CONSTRUCTION BANK,CN,mastercard,credit
557081,00-99,FIRST DATA CONO SUR S.R.L.,AR,mastercard,credit
557082,00-99,SEB KORT BANK AB,NO,mastercard,credit
557083,00-99,BANCO INTERNACIONAL DEL PERU,PE,mastercard,credit
557084,00-99,DIAMOND TRUST BANK KENYA LTD.,KE,mastercard,debit
557085,00-99,BANKA CREDINS SH. A.,XK,mastercard,credit
557086,00-99,CREDIT UNION PAYMENT CENTER (LIMITED LIABILITY COMPANY),RU,mastercard,debit
557087,00-99,CREDIT UNION PAYMENT CENTER (LIMITED LIABILITY COMPANY),RU,mastercard,debit
557088,00-99,JOINT STOCK COMPANY FIRST UKRAINIAN INTERNATIONAL BANK,UA,mastercard,credit
557089,00-99,JOINT STOCK COMPANY FIRST UKRAINIAN INTERNATIONAL BANK,UA,mastercard,credit
557090,00-99,PUBLIC JSC RAIFFEISEN BANK AVAL,UA,mastercard,credit
557091,00-99,PUBLIC JSC RAIFFEISEN BANK AVAL,UA,mastercard,credit
557092,00-99,B.I.C (CAMBODIA) BANK PLC.,KH,mastercard,credit
557093,00-99,WEX BANK,US,mastercard,credit
557094,00-99,WIRECARD BANK AG,DE,mastercard,debit
557095,00-99,VTB BANK (PUBLIC JOINT-STOCK COMPANY),RU,mastercard,credit
557096,00-99,STATE EXPORT-IMPORT BANK OF UKRAINE (UKREXIMBANK),UA,mastercard,credit
557097,00-99,SWEDBANK AB,SE,mastercard,debit
557098,00-99,NEWDAY LTD.,GB,mastercard,credit
557099,00-99,PUBLIC JOINT-STOCK COMPANY UKRSIBBANK,UA,mastercard,credit
557100,00-99,PUBLIC JOINT-STOCK COMPANY UKRSIBBANK,UA,mastercard,credit
557101,00-99,JOINT STOCK COMPANY UKRSOTSBANK,UA,mastercard,credit
557102,00-99,JOINT STOCK COMPANY UKRSOTSBANK,UA,mastercard,credit
557103,00-99,JOINT STOCK COMPANY KREDOBANK,UA,mastercard,credit
557104,00-99,JOINT STOCK COMPANY KREDOBANK,UA,mastercard,credit
557105,00-99,UNICREDIT BANK D.D.,BA,mastercard,credit
557106,00-99,PJSC ROSBANK,RU,mastercard,credit
557107,00-99,PJSC ROSBANK,RU,mastercard,credit
557108,00-99,CHINA CITIC BANK,CN,mastercard,credit
557109,00-99,JOINT STOCK BANK UKRGASBANK,UA,mastercard,credit
557110,00-99,JOINT STOCK BANK UKRGASBANK,UA,mastercard,credit
557111,00-99,TELLER A/S,DK,mastercard,credit
557112,00-99,BC VICTORIABANK SA,MD,mastercard,credit
557113,00-99,AKBANK,TR,mastercard,credit
557114,00-99,ARDSHININVESTBANK CJSC,AM,mastercard,credit
557115,00-99,ARDSHININVESTBANK CJSC,AM,mastercard,credit
557116,00-99,THE STATE EXPORT-IMPORT BANK OF UKRAINE (UKREXIMBANK),UA,mastercard,credit
557117,00-99,BANCO BAC SAN JOSE S.A.,CR,mastercard,debit
557118,00-99,BOKF NATIONAL ASSOCIATION,US,mastercard,debit
557119,00-99,FIDELITY INFORMATION SERVICES INC.,US,mastercard,debit
557120,00-99,FIFTH THIRD BANK,US,mastercard,debit
557121,00-99,CIT BANK N.A.,US,mastercard,credit
557122,00-99,SEKERBANK T.A.S.,TR,mastercard,credit
557123,00-99,JACK HENRY & ASSOCIATES,US,mastercard,debit
557124,00-99,FISERV SOLUTIONS LLC,US,mastercard,debit
557125,00-99,CITIBANK N.A.,US,mastercard,debit
557126,00-99,CITIBANK N.A.,US,mastercard,debit
557127,00-99,CITIBANK N.A.,US,mastercard,debit
557128,00-99,U.S. BANK N.A.,US,mastercard,debit
557129,00-99,CITIBANK N.A.,US,mastercard,debit
557130,00-99,CITIBANK N.A.,US,mastercard,debit
557131,00-99,CITIBANK N.A.,US,mastercard,debit
557132,00-99,CITIBANK N.A.,US,mastercard,debit
557133,00-99,CITIBANK N.A.,US,mastercard,debit
557134,00-99,CITIBANK N.A.,US,mastercard,debit
557135,00-99,CITIBANK N.A.,US,mastercard,debit
557136,00-99,CITIBANK N.A.,US,mastercard,debit
557137,00-99,JACK HENRY & ASSOCIATES,US,mastercard,debit
557138,00-99,GREEN BELT BANK & TRUST,US,mastercard,debit
557139,00-99,FIDELITY INFORMATION SERVICES INC.,US,mastercard,debit
557140,00-99,FIRST MIDWEST BANK,US,mastercard,debit
557141,00-99,FIFTH THIRD BANK,US,mastercard,debit
557142,00-99,1ST SOURCE BANK,US,mastercard,debit
557143,00-99,U.S. BANK N.A.,US,mastercard,debit
557144,00-99,FIDELITY INFORMATION SERVICES INC.,US,mastercard,debit
557145,00-99,BANK OF COMMUNICATIONS CO. LTD,CN,mastercard,debit
557146,00-99,ICBA BANCARD INC.,US,mastercard,debit
557147,00-99,DATA CENTER INCORPORATED,US,mastercard,debit
557148,00-99,FISERV SOLUTIONS LLC,US,mastercard,debit
557149,00-99,FIFTH THIRD BANK,US,mastercard,debit
557150,00-99,JACK HENRY & ASSOCIATES,US,mastercard,debit
557151,00-99,FISERV SOLUTIONS LLC,US,mastercard,debit
557152,00-99,BOKF NATIONAL ASSOCIATION,US,mastercard,debit
557153,00-99,JACK HENRY & ASSOCIATES,US,mastercard,debit
557154,00-99,INDEPENDENT BANK,US,mastercard,debit
557155,00-99,JACK HENRY & ASSOCIATES,US,mastercard,debit
557156,00-99,FIRST FREEDOM BANK,US,mastercard,debit
557157,00-99,CITY NATIONAL BANK OF WEST VIRGINIA,US,mastercard,debit
557158,00-99,FIRST AMERICAN BANK,US,mastercard,debit
557159,00-99,JACK HENRY & ASSOCIATES,US,mastercard,debit
557160,00-99,FISERV SOLUTIONS LLC,US,mastercard,debit
557161,00-99,THREE RIVERS FEDERAL CREDIT UNION,US,mastercard,debit
557162,00-99,KB KOOKMIN CARD CO. LTD,KR,mastercard,debit
557163,00-99,CITY BANK,US,mastercard,debit
557164,00-99,FISERV SOLUTIONS LLC,US,mastercard,debit
557165,00-99,ICBA BANCARD INC.,US,mastercard,debit
557166,00-99,JACK HENRY & ASSOCIATES,US,mastercard,debit
557167,00-99,COMPUTER SERVICES INC.,US,mastercard,debit
557168,00-99,FIFTH THIRD BANK,US,mastercard,debit
557169,00-99,SHAZAM INC.,US,mastercard,debit
557170,00-99,TRUIST BANKS INC.,US,mastercard,credit
557171,00-99,FIDELITY INFORMATION SERVICES INC.,US,mastercard,debit
557172,00-99,U.S. BANK N.A. ND,US,mastercard,credit
557173,00-99,OLD SECOND NATIONAL BANK,US,mastercard,debit
557174,00-99,FISERV SOLUTIONS LLC,US,mastercard,debit
557175,00-99,FISERV SOLUTIONS LLC,US,mastercard,debit
557176,00-99,GTE FEDERAL CREDIT UNION,US,mastercard,debit
557177,00-99,KEY BANK,US,mastercard,credit
557178,00-99,AMERICAN FIRST CREDIT UNION,US,mastercard,debit
557179,00-99,FIFTH THIRD BANK,US,mastercard,debit
557180,00-99,ORRSTOWN BANK,US,mastercard,debit
557181,00-99,HORIZON BANK N.A.,US,mastercard,debit
557182,00-99,LAKE TRUST CREDIT UNION,US,mastercard,debit
557183,00-99,SHAZAM INC.,US,mastercard,debit
557184,00-99,SHAZAM INC.,US,mastercard,debit
557185,00-99,FISERV SOLUTIONS LLC,US,mastercard,debit
557186,00-99,FORCHT BANK NA,US,mastercard,debit
557187,00-99,NICOLET NATIONAL BANK,US,mastercard,debit
557188,00-99,COMPUTER SERVICES INC.,US,mastercard,debit
557189,00-99,JACK HENRY & ASSOCIATES,US,mastercard,debit
557190,00-99,ICBA BANCARD INC.,US,mastercard,credit
557191,00-99,JACK HENRY & ASSOCIATES,US,mastercard,debit
557192,00-99,FISERV SOLUTIONS INC.,US,mastercard,credit
557193,00-99,HEARTLAND BANK,US,mastercard,credit
557194,00-99,FISERV SOLUTIONS LLC,US,mastercard,debit
557195,00-99,OLD NATIONAL BANK,US,mastercard,debit
557196,00-99,FIRST MERCHANTS BANK,US,mastercard,debit
557197,00-99,FIDELITY INFORMATION SERVICES INC.,US,mastercard,debit
557198,00-99,PULSE NETWORK LLC,US,mastercard,credit
557199,00-99,FIFTH THIRD BANK,US,mastercard,debit
557200,00-99,TAMPA BAY FEDERAL CREDIT UNION,US,mastercard,debit
557201,00-99,MANUFACTURERS & TRADERS TRUST COMPANY,US,mastercard,debit
557202,00-99,FISERV SOLUTIONS LLC,US,mastercard,debit
557203,00-99,COMPUTER SERVICES INC.,US,mastercard,debit
557204,00-99,LCNB NATIONAL BANK,US,mastercard,debit
557205,00-99,PLAINSCAPITAL BANK,US,mastercard,debit
557206,00-99,FISERV SOLUTIONS LLC,US,mastercard,debit
557207,00-99,COMMUNITY BANK OF MISSISSIPPI,US,mastercard,debit
557208,00-99,FISERV SOLUTIONS LLC,US,mastercard,debit
557209,00-99,COMMUNITY BANK OF MISSISSIPPI,US,mastercard,debit
557210,00-99,COMMUNITY BANK OF MISSISSIPPI,US,mastercard,debit
557211,00-99,JACK HENRY AND ASSOCIATES,US,mastercard,credit
557212,00-99,JACK HENRY AND ASSOCIATES INC.,US,mastercard,debit
557213,00-99,FIDELITY INFORMATION SERVICES INC.,US,mastercard,credit
557214,00-99,JACK HENRY & ASSOCIATES,US,mastercard,debit
557215,00-99,MANUFACTURERS & TRADERS TRUST COMPANY,US,mastercard,debit
557216,00-99,FIRST HAWAIIAN BANK,US,mastercard,debit
557217,00-99,JACK HENRY & ASSOCIATES,US,mastercard,debit
557218,00-99,PSCU INCORPORATED,US,mastercard,debit
557219,00-99,FISERV SOLUTIONS LLC,US,mastercard,debit
557220,00-99,FIDELITY INFORMATION SERVICES INC.,US,mastercard,debit
557221,00-99,JACK HENRY & ASSOCIATES,US,mastercard,debit
557222,00-99,LINKBANK,US,mastercard,debit
557223,00-99,JOINT STOCK COMPANY ASAKABANK,UZ,mastercard,credit
557224,00-99,FISERV SOLUTIONS LLC,US,mastercard,debit
557225,00-99,FISERV SOLUTIONS LLC,US,mastercard,debit
557226,00-99,FISERV SOLUTIONS LLC,US,mastercard,debit
557227,00-99,FIDELITY INFORMATION SERVICES INC.,US,mastercard,debit
557228,00-99,SALISBURY BANK & TRUST COMPANY,US,mastercard,debit
557229,00-99,LAKE FOREST BANK & TRUST COMPANY N.A.,US,mastercard,debit
557230,00-99,COMPUTER SERVICES INC.,US,mastercard,debit
557231,00-99,BOEING EMPLOYEES CREDIT UNION,US,mastercard,debit
557232,00-99,JACK HENRY & ASSOCIATES,US,mastercard,debit
557233,00-99,JACK HENRY & ASSOCIATES,US,mastercard,debit
557234,00-99,STAR PROCESSING INC.,US,mastercard,debit
557235,00-99,FIRST HORIZON,US,mastercard,debit
557236,00-99,FISERV SOLUTIONS LLC,US,mastercard,debit
557237,00-99,LAKE FOREST BANK & TRUST COMPANY N.A.,US,mastercard,debit
557238,00-99,FIFTH THIRD BANK,US,mastercard,credit
557239,00-99,MIDDLEFIELD BANKING COMPANY,US,mastercard,debit
557240,00-99,EML MONEY DAC,IE,mastercard,debit
557241,00-99,MORGAN STANLEY PRIVATE BANK NA,US,mastercard,debit
557242,00-99,TRANSACT PAYMENTS LTD.,GB,mastercard,debit
557243,00-99,SHAZAM INC.,US,mastercard,debit
557244,00-99,PREMIER BANK,US,mastercard,debit
557245,00-99,JACK HENRY & ASSOCIATES,US,mastercard,debit
557246,00-99,FISERV SOLUTIONS INC.,US,mastercard,credit
557247,00-99,CIVISTA BANK,US,mastercard,debit
557248,00-99,VERABANK N.A.,US,mastercard,debit
557249,00-99,FISERV SOLUTIONS LLC,US,mastercard,debit
557250,00-99,FIRST NATIONAL BANK TEXAS,US,mastercard,debit
557251,00-99,SOUTHSIDE BANK,US,mastercard,debit
557252,00-99,FISERV SOLUTIONS LLC,US,mastercard,debit
557253,00-99,FISERV SOLUTIONS INC.,US,mastercard,credit
557254,00-99,JACK HENRY & ASSOCIATES,US,mastercard,debit
557255,00-99,UNION BANK,US,mastercard,debit
557256,00-99,ASSOCIATED BANK,US,mastercard,debit
557257,00-99,NYCE PAYMENTS NETWORK LLC,US,mastercard,debit
557258,00-99,PINNACLE BANK,US,mastercard,debit
557259,00-99,FIDELITY INFORMATION SERVICES INC.,US,mastercard,debit
557260,00-99,FISERV SOLUTIONS LLC,US,mastercard,debit
557261,00-99,FIDELITY INFORMATION SERVICES INC.,US,mastercard,debit
557262,00-99,LAKE FOREST BANK & TRUST COMPANY N.A.,US,mastercard,debit
557263,00-99,BANCA SELLA SPA,IT,mastercard,debit
557264,00-99,FIFTH THIRD BANK,US,mastercard,debit
557265,00-99,GENISYS CREDIT UNION,US,mastercard,debit
557266,00-99,MIDLAND STATES BANK,US,mastercard,debit
557267,00-99,BANK OF AMERICA NATIONAL ASSOCIATION,US,mastercard,debit
557268,00-99,BANK OF AMERICA NATIONAL ASSOCIATION,US,mastercard,debit
557269,00-99,PUNJAB NATIONAL BANK,IN,mastercard,debit
557270,00-99,ACNB BANK,US,mastercard,debit
557271,00-99,TRIPLINK INTERNATIONAL CO.LIMITED,HK,mastercard,credit
557272,00-99,FISERV SOLUTIONS LLC,US,mastercard,debit
557273,00-99,COUNTY BANK,US,mastercard,debit
557274,00-99,JACK HENRY & ASSOCIATES,US,mastercard,debit
557275,00-99,ERIE FEDERAL CREDIT UNION,US,mastercard,debit
557276,00-99,ISRACARD LTD.,IL,mastercard,credit
557277,00-99,COMPUTER SERVICES INC.,US,mastercard,debit
557278,00-99,JACK HENRY & ASSOCIATES,US,mastercard,debit
557279,00-99,JACK HENRY & ASSOCIATES,US,mastercard,debit
557280,00-99,FISERV SOLUTIONS LLC,US,mastercard,debit
557281,00-99,CITIBANK N.A.,US,mastercard,credit
557282,00-99,FISERV SOLUTIONS LLC,US,mastercard,debit
557283,00-99,FISERV SOLUTIONS LLC,US,mastercard,debit
557284,00-99,FISERV SOLUTIONS LLC,US,mastercard,debit
557285,00-99,INTOUCH CREDIT UNION,US,mastercard,debit
557286,00-99,FIDELITY INFORMATION SERVICES INC.,US,mastercard,debit
557287,00-99,FIDELITY INFORMATION SERVICES INC.,US,mastercard,debit
557288,00-99,TRUIST BANKS INC.,US,mastercard,credit
557289,00-99,JACK HENRY & ASSOCIATES,US,mastercard,debit
557290,00-99,FISERV SOLUTIONS LLC,US,mastercard,debit
557291,00-99,FISERV SOLUTIONS LLC,US,mastercard,debit
557292,00-99,FIDELITY INFORMATION SERVICES INC.,US,mastercard,debit
557293,00-99,FISERV SOLUTIONS LLC,US,mastercard,debit
557295,00-99,METROPOLITAN COMMERCIAL BANK,US,mastercard,debit
557296,00-99,FISERV SOLUTIONS LLC,US,mastercard,debit
557297,00-99,JACK HENRY & ASSOCIATES,US,mastercard,debit
557298,00-99,FISERV SOLUTIONS LLC,US,mastercard,debit
557299,00-99,FISERV SOLUTIONS LLC,US,mastercard,debit
557300,00-99,DATA CENTER INCORPORATED,US,mastercard,debit
557301,00-99,FIDELITY INFORMATION SERVICES INC.,US,mastercard,debit
557302,00-99,FIELD & MAIN BANK,US,mastercard,debit
557303,00-99,JACK HENRY & ASSOCIATES,US,mastercard,debit
557304,00-99,FISERV SOLUTIONS LLC,US,mastercard,debit
557305,00-99,EQUITY BANK,US,mastercard,debit
557306,00-99,EVOLVE BANK & TRUST,US,mastercard,debit
557307,00-99,FIDELITY INFORMATION SERVICES INC.,US,mastercard,debit
557308,00-99,JACK HENRY & ASSOCIATES,US,mastercard,debit
557309,00-99,DATA CENTER INCORPORATED,US,mastercard,debit
557310,00-99,FIFTH THIRD BANK,US,mastercard,debit
557311,00-99,BANK OF MISSOURI,US,mastercard,debit
557312,00-99,UC CARD CO. LTD.,JP,mastercard,credit
557313,00-99,BANQUE MISR,EG,mastercard,debit
557314,00-99,,US,mastercard,credit
557315,00-99,METROPOLITAN BANK AND TRUST COMPANY (METROBANK),PH,mastercard,debit
557316,00-99,FIFTH THIRD BANK,US,mastercard,debit
557317,00-99,METROPOLITAN BANK AND TRUST COMPANY (METROBANK),PH,mastercard,debit
557318,00-99,DEBIT ISIS,BR,mastercard,debit
557319,00-99,KINGDOM BANK AFRICA LTD.,ZW,mastercard,debit
557320,00-99,NATIONAL BANK OF CANADA,CA,mastercard,debit
557321,00-99,NATIONAL BANK OF CANADA,CA,mastercard,credit
557322,00-99,NATIONAL BANK OF CANADA,CA,mastercard,credit
557323,00-99,NATIONAL BANK OF CANADA,CA,mastercard,debit
557324,00-99,NATIONAL BANK OF CANADA,CA,mastercard,debit
557325,00-99,NATIONAL BANK OF CANADA,CA,mastercard,debit
557326,00-99,NATIONAL BANK OF CANADA,CA,mastercard,debit
557327,00-99,NATIONAL BANK OF CANADA,CA,mastercard,debit
557328,00-99,NATIONAL BANK OF CANADA,CA,mastercard,debit
557329,00-99,NATIONAL BANK OF CANADA,CA,mastercard,debit
557330,00-99,VENTURA COUNTY CREDIT UNION,US,mastercard,credit
557331,00-99,ENTROPAY LTD.,GB,mastercard,credit
557332,00-99,ALTURA CREDIT UNION,US,mastercard,credit
557333,00-99,ALTURA CREDIT UNION,US,mastercard,credit
557334,00-99,CREDIT UNION WEST,US,mastercard,credit
557335,00-99,VENTURA COUNTY CREDIT UNION,US,mastercard,credit
557336,00-99,FIRST SOUTHERN NATIONAL BANK,US,mastercard,debit
557337,00-99,ACHIEVA CREDIT UNION,US,mastercard,credit
557338,00-99,PT. BANK MANDIRI (PERSERO) TBK.,ID,mastercard,credit
557339,00-99,BANC OF CALIFORNIA N.A.,US,mastercard,credit
557340,00-99,VENTURA COUNTY CREDIT UNION,US,mastercard,credit
557341,00-99,CALTECH EMPLOYEES FEDERAL CREDIT UNION,US,mastercard,credit
557342,00-99,FISERV SOLUTIONS LLC,US,mastercard,credit
557343,00-99,FIRST DATA CONO SUR S.R.L.,AR,mastercard,credit
557344,00-99,PAYWISER DOO,SI,mastercard,debit
557345,00-99,,US,mastercard,credit
557346,00-99,PEOPLES TRUST COMPANY,CA,mastercard,debit
557347,00-99,ALLIED WALLET LTD.,IE,mastercard,debit
557348,00-99,EQUALS MONEY INTERNATIONAL LTD.,GB,mastercard,debit
557349,00-99,CLYDESDALE BANK PLC.,GB,mastercard,debit
557350,00-99,PSA PAYMENT SERVICES AUSTRIA GMBH,AT,mastercard,debit
557351,00-99,CLYDESDALE BANK PLC.,GB,mastercard,debit
557352,00-99,PSA PAYMENT SERVICES AUSTRIA GMBH,AT,mastercard,debit
557353,00-99,STATE BANK OF INDIA,GB,mastercard,debit
557354,00-99,PAYRNET LTD.,GB,mastercard,debit
557355,00-99,PSA PAYMENT SERVICES AUSTRIA GMBH,AT,mastercard,debit
557356,00-99,FIRSTBANK UK LTD.,GB,mastercard,debit
557357,00-99,THINKMONEY,GB,mastercard,debit
557358,00-99,GUARANTY TRUST BANK (UK) LTD.,GB,mastercard,debit
557359,00-99,IDT FINANCIAL SERVICES LTD.,GB,mastercard,debit
557360,00-99,METRO BANK PLC,GB,mastercard,debit
557361,00-99,METRO BANK PLC,GB,mastercard,debit
557362,00-99,AN POST,IE,mastercard,debit
557363,00-99,PSA PAYMENT SERVICES AUSTRIA GMBH,AT,mastercard,debit
557364,00-99,UNITED NATIONAL BANK LTD.,GB,mastercard,debit
557365,00-99,PSA PAYMENT SERVICES AUSTRIA GMBH,AT,mastercard,debit
557366,00-99,HANDELSBANKEN PLC,GB,mastercard,debit
557367,00-99,SWEDBANK AS,LV,mastercard,debit
557368,00-99,SWEDBANK AS,LV,mastercard,debit
557369,00-99,SOLDO FINANCIAL SERVICES IRELAND DAC,IE,mastercard,debit
557370,00-99,KUVEYT TURK KATILIM BANKASI  A.S.,TR,mastercard,debit
557371,00-99,STATE BANK OF INDIA,GB,mastercard,debit
557372,00-99,STATE BANK OF INDIA,GB,mastercard,debit
557373,00-99,AN POST,IE,mastercard,debit
557374,00-99,FIBABANKA A.S.,TR,mastercard,debit
557375,00-99,PUNJAB NATIONAL BANK (INTERNATIONAL) LTD.,GB,mastercard,debit
557376,00-99,ICBC (LONDON) PLC,GB,mastercard,debit
557377,00-99,C24 BANK GMBH,DE,mastercard,debit
557378,00-99,ATTICA BANK SA,GR,mastercard,debit
557379,00-99,DANSKE BANK A/S,GB,mastercard,debit
557380,00-99,DANSKE BANK A/S,GB,mastercard,debit
557381,00-99,DANSKE BANK A/S,IE,mastercard,debit
557382,00-99,DANSKE BANK A/S,IE,mastercard,debit
557383,00-99,FLOWE SPA SB,IT,mastercard,debit
557384,00-99,DANSKE BANK A/S,DK,mastercard,debit
557385,00-99,Danske Bank,NO,mastercard,debit
557386,00-99,SANTANDER BANK POLSKA S.A.,PL,mastercard,debit
557387,00-99,OJSC EUROPEAN INDUSTRIAL BANK,UA,mastercard,debit
557388,00-99,SOLDO FINANCIAL SERVICES IRELAND DAC,IE,mastercard,debit
557389,00-99,EUROBANK S.A.,GR,mastercard,debit
557390,00-99,METRO BANK PLC,GB,mastercard,debit
557391,00-99,HSBC INNOVATION BANK LTD.,GB,mastercard,debit
557392,00-99,CESKOSLOVENSKA OBCHODNI BANKA A.S.,CZ,mastercard,debit
557393,00-99,,UA,mastercard,debit
557394,00-99,JOINT STOCK BANK UKRGASBANK,UA,mastercard,debit
557395,00-99,CURRENSEA LTD.,GB,mastercard,debit
557396,00-99,PAPARA ELEKTRONIK PARA VE ODEME HIZMETLERI AS,TR,mastercard,debit
557397,00-99,NLB BANKA D.D. SARAJEVO,BA,mastercard,debit
557398,00-99,VALITOR HF.,GB,mastercard,debit
557399,00-99,MOORWAND LTD.,GR,mastercard,debit
557400,00-99,TURKIYE IS BANKASI A.S.,GB,mastercard,debit
557401,00-99,OPTIMUS CARDS UK LTD.,GB,mastercard,debit
557402,00-99,HAMPDEN & CO. PLC,GB,mastercard,debit
557403,00-99,CITIBANK EUROPE PUBLIC LIMITED COMPANY,GB,mastercard,debit
557404,00-99,CITIBANK EUROPE PUBLIC LIMITED COMPANY,GB,mastercard,debit
557405,00-99,CITIBANK EUROPE PUBLIC LIMITED COMPANY,GB,mastercard,debit
557406,00-99,CITIBANK EUROPE PUBLIC LIMITED COMPANY,GB,mastercard,debit
557407,00-99,CITIBANK EUROPE PUBLIC LIMITED COMPANY,GB,mastercard,debit
557408,00-99,PREPAY TECHNOLOGIES LTD.,FR,mastercard,debit
557409,00-99,DECTA LTD.,ES,mastercard,debit
557410,00-99,CAF BANK LTD.,GB,mastercard,debit
557411,00-99,ATOM BANK PLC,GB,mastercard,debit
557412,00-99,ATOM BANK PLC,GB,mastercard,debit
557413,00-99,GVS PREPAID LTD.,GB,mastercard,debit
557414,00-99,GVS PREPAID LTD.,GB,mastercard,debit
557415,00-99,GVS PREPAID LTD.,GB,mastercard,debit
557416,00-99,HSBC INNOVATION BANK LTD.,GB,mastercard,debit
557417,00-99,AL RAYAN BANK PLC,GB,mastercard,debit
557418,00-99,PAYRNET LTD.,GB,mastercard,debit
557419,00-99,IDT FINANCIAL SERVICES LTD.,SK,mastercard,debit
557420,00-99,QUICKO SP Z OO,PL,mastercard,debit
557421,00-99,IDT FINANCIAL SERVICES LTD.,GB,mastercard,debit
557422,00-99,WIRECARD CARD SOLUTIONS LTD.,GB,mastercard,debit
557423,00-99,WIRECARD CARD SOLUTIONS LTD.,IT,mastercard,debit
557424,00-99,WIRECARD CARD SOLUTIONS LTD.,GB,mastercard,debit
557425,00-99,WIRECARD CARD SOLUTIONS LTD.,GB,mastercard,debit
557426,00-99,DECTA LTD.,DE,mastercard,debit
557427,00-99,CURVE UK LTD.,IE,mastercard,debit
557428,00-99,JSC OSCHADBANK,UA,mastercard,debit
557429,00-99,PAYSAFE FINANCIAL SERVICES LTD.,GB,mastercard,debit
557430,00-99,FIRSTRAND BANK LTD.,GB,mastercard,debit
557431,00-99,CITIBANK N.A. JERSEY BRANCH,JE,mastercard,debit
557432,00-99,CITIBANK N.A. JERSEY BRANCH,JE,mastercard,debit
557433,00-99,OPEN JOINT-STOCK SOCIETY AZER-TURK BANK,AZ,mastercard,debit
557434,00-99,CLYDESDALE BANK PLC.,GB,mastercard,debit
557435,00-99,STARLING BANK LTD.,GB,mastercard,debit
557436,00-99,CLYDESDALE BANK PLC.,GB,mastercard,debit
557437,00-99,PUBLIC JOINT STOCK COMPANY TASCOMBANK,UA,mastercard,debit
557438,00-99,VELOBANK S.A.,PL,mastercard,debit
557439,00-99,BOKIS,DK,mastercard,debit
557440,00-99,DIXIPAY LTD.,GB,mastercard,debit
557441,00-99,PUBLIC JOINT STOCK COMPANY BANK UNISON,UA,mastercard,debit
557442,00-99,ALIOR BANK SPOLKA AKCYJNA,PL,mastercard,debit
557443,00-99,EASY PAYMENT SERVICES EOOD,IE,mastercard,debit
557444,00-99,CURVE UK LTD.,SE,mastercard,debit
557445,00-99,FIO BANKA A.S.,SK,mastercard,debit
557446,00-99,,GB,mastercard,debit
557447,00-99,DANSKE BANK A/S,SE,mastercard,debit
557448,00-99,PROCREDIT BANK AD,RS,mastercard,debit
557449,00-99,EURO KARTENSYSTEME GMBH,DE,mastercard,debit
557450,00-99,NORDEA BANK AB (PUBL),FI,mastercard,debit
557451,00-99,NORDEA BANK AB (PUBL),FI,mastercard,debit
557452,00-99,SIX BBS AG,CH,mastercard,debit
557453,00-99,BNP PARIBAS BANK POLSKA S.A.,PL,mastercard,debit
557454,00-99,BNP PARIBAS BANK POLSKA S.A.,PL,mastercard,debit
557455,00-99,BANK HANDLOWY W WARSZAWIE S.A.,PL,mastercard,debit
557456,00-99,BANK HANDLOWY W WARSZAWIE S.A.,PL,mastercard,debit
557457,00-99,CREDIT UNION PAYMENT CENTER (LIMITED LIABILITY COMPANY),RU,mastercard,credit
557458,00-99,SBERBANK CZ A.S.,CZ,mastercard,debit
557459,00-99,SBERBANK CZ A.S.,CZ,mastercard,debit
557460,00-99,ASA BANKA D.D. SARAJEVO,BA,mastercard,debit
557461,00-99,CRNOGORSKA KOMERCIJALNA BANKA A.D. PODGORICA,ME,mastercard,debit
557462,00-99,CRNOGORSKA KOMERCIJALNA BANKA A.D. PODGORICA,ME,mastercard,debit
557463,00-99,PRVA BANKA CG AD,ME,mastercard,debit
557464,00-99,BNP PARIBAS BANK POLSKA S.A.,PL,mastercard,debit
557465,00-99,POWSZECHNA KASA OSZCZEDNOSCI BANK POLSKI S.A. (PKO BANK POLSKI S.A.),PL,mastercard,debit
557466,00-99,POWSZECHNA KASA OSZCZEDNOSCI BANK POLSKI S.A. (PKO BANK POLSKI S.A.),PL,mastercard,debit
557467,00-99,BANK POLSKIEJ SPOLDZIELCZOSCI SA W WARSZAWIE,PL,mastercard,debit
557468,00-99,BANK POLSKIEJ SPOLDZIELCZOSCI SA W WARSZAWIE,PL,mastercard,debit
557469,00-99,FIRST HEARTLAND JUSAN BANK JOINT STOCK COMPANY,KZ,mastercard,debit
557470,00-99,SBERBANK CZ A.S.,CZ,mastercard,debit
557471,00-99,SBERBANK CZ A.S.,CZ,mastercard,debit
557472,00-99,NOVA BANKA AD BANJA LUKA,BA,mastercard,debit
557473,00-99,ZIRAATBANK BH D.D.,BA,mastercard,debit
557474,00-99,DATA CENTER INCORPORATED,US,mastercard,debit
557475,00-99,UAB ZEN.COM,IE,mastercard,debit
557476,00-99,RESURS BANK AB,NO,mastercard,debit
557477,00-99,UNITED BULGARIAN BANK PLC.,BG,mastercard,debit
557478,00-99,UNITED BULGARIAN BANK PLC.,BG,mastercard,debit
557479,00-99,UNITED BULGARIAN BANK PLC.,BG,mastercard,debit
557480,00-99,PREPAY TECHNOLOGIES LTD.,GB,mastercard,debit
557481,00-99,EUROBANK DIREKTNA AKCIONARSKO DRUSTVO BEOGRAD,RS,mastercard,debit
557482,00-99,OTP BANKA SRBIJA AD NOVI SAD,RS,mastercard,debit
557483,00-99,HSBC UK BANK PLC,GB,mastercard,debit
557484,00-99,JOINT STOCK COMMERCIAL BANK MOLDINDCONBANK S.A.,MD,mastercard,debit
557485,00-99,BANCA ROMANA DE CREDITE SI INVESTITII S.A.,RO,mastercard,debit
557486,00-99,HIPOTEKARNA BANKA AD PODGORICA,ME,mastercard,debit
557487,00-99,SGB-BANK S.A.,PL,mastercard,debit
557488,00-99,SIX BBS AG,CH,mastercard,debit
557489,00-99,YETTEL BANK A.D.,RS,mastercard,debit
557490,00-99,ATLAS BANKA A.D.,ME,mastercard,debit
557491,00-99,FINCOFEX LTD.,GB,mastercard,debit
557492,00-99,SOLDO FINANCIAL SERVICES IRELAND DAC,IE,mastercard,debit
557493,00-99,ALIOR BANK SPOLKA AKCYJNA,PL,mastercard,debit
557494,00-99,POWSZECHNA KASA OSZCZEDNOSCI BANK POLSKI S.A. (PKO BANK POLSKI S.A.),PL,mastercard,debit
557495,00-99,ALANDSBANKEN ABP,SE,mastercard,debit
557496,00-99,NORDEA BANK ABP,FI,mastercard,debit
557497,00-99,BANCO DE LA PROVINCIA DE BUENOS AIRES,AR,mastercard,credit
557498,00-99,SVENSKA HANDELSBANKEN AB,FI,mastercard,debit
557499,00-99,SVENSKA HANDELSBANKEN AB,FI,mastercard,debit
557500,00-99,MBANK S.A.,CZ,mastercard,debit
557501,00-99,VIDANOVA BANK N.V.,CW,mastercard,debit
557502,00-99,MBANK S.A.,SK,mastercard,debit
557503,00-99,BANK BGZ BNP PARIBAS SPOLKA AKCYJNA,PL,mastercard,debit
557504,00-99,BANK BGZ BNP PARIBAS SPOLKA AKCYJNA,PL,mastercard,debit
557505,00-99,BANK HANDLOWY W WARSZAWIE S.A.,PL,mastercard,debit
557506,00-99,ALIOR,PL,mastercard,debit
557507,00-99,ALIOR BANK SPOLKA AKCYJNA,PL,mastercard,debit
557508,00-99,MBANK S.A.,CZ,mastercard,debit
557509,00-99,SANTANDER BANK POLSKA S.A.,PL,mastercard,debit
557510,00-99,MBANK S.A.,PL,mastercard,debit
557511,00-99,MBANK S.A.,PL,mastercard,debit
557512,00-99,MBANK S.A.,CZ,mastercard,debit
557513,00-99,MBANK S.A.,PL,mastercard,debit
557514,00-99,SANTANDER CONSUMER BANK AG,DE,mastercard,debit
557515,00-99,BNP PARIBAS BANK POLSKA S.A.,PL,mastercard,debit
557516,00-99,MBANK S.A.,PL,mastercard,debit
557517,00-99,MBANK S.A.,SK,mastercard,debit
557518,00-99,,,mastercard,debit
557519,00-99,SANTANDER BANK POLSKA S.A.,PL,mastercard,debit
557520,00-99,VELOBANK S.A.,PL,mastercard,debit
557521,00-99,VELOBANK S.A.,PL,mastercard,debit
557522,00-99,ALIOR BANK SPOLKA AKCYJNA,PL,mastercard,debit
557523,00-99,BNP PARIBAS BANK POLSKA S.A.,PL,mastercard,debit
557524,00-99,BANK POLSKA KASA OPIEKI S.A. - (BANK PEKAO S.A.),PL,mastercard,debit
557525,00-99,BANK POLSKA KASA OPIEKI S.A. - (BANK PEKAO S.A.),PL,mastercard,debit
557526,00-99,BNP PARIBAS BANK POLSKA S.A.,PL,mastercard,debit
557527,00-99,ALIOR BANK SPOLKA AKCYJNA,PL,mastercard,debit
557528,00-99,ALIOR BANK SPOLKA AKCYJNA,PL,mastercard,debit
557529,00-99,BANK POLSKIEJ SPOLDZIELCZOSCI SA W WARSZAWIE,PL,mastercard,debit
557530,00-99,ING BANK SLASKI S.A.,PL,mastercard,debit
557531,00-99,ALIOR BANK SPOLKA AKCYJNA,PL,mastercard,debit
557532,00-99,ALIOR BANK SPOLKA AKCYJNA,PL,mastercard,debit
557533,00-99,AZERIGAZBANK OJSC,AZ,mastercard,debit
557534,00-99,PSI- PAY LTD.,GB,mastercard,debit
557535,00-99,MBANK S.A.,SK,mastercard,debit
557536,00-99,VELOBANK S.A.,PL,mastercard,debit
557537,00-99,VELOBANK S.A.,PL,mastercard,debit
557538,00-99,BNP PARIBAS BANK POLSKA S.A.,PL,mastercard,debit
557539,00-99,SGB-BANK S.A.,PL,mastercard,debit
557540,00-99,BANK OCHRONY SRODOWISKA S.A. (BOS S.A.),PL,mastercard,debit
557541,00-99,BANK OCHRONY SRODOWISKA S.A. (BOS S.A.),PL,mastercard,debit
557542,00-99,BNP PARIBAS BANK POLSKA S.A.,PL,mastercard,debit
557543,00-99,MBANK S.A.,PL,mastercard,debit
557544,00-99,OPEN JOINT-STOCK SOCIETY AZER-TURK BANK,AZ,mastercard,debit
557545,00-99,BANK MILLENNIUM S.A.,PL,mastercard,debit
557546,00-99,ALIOR BANK SPOLKA AKCYJNA,PL,mastercard,debit
557547,00-99,ALIOR BANK SPOLKA AKCYJNA,PL,mastercard,debit
557548,00-99,BANK OF AMERICA NATIONAL ASSOCIATION,US,mastercard,debit
557549,00-99,NETWORK ONLY,US,mastercard,debit
557550,00-99,FIFTH THIRD BANK,US,mastercard,debit
557551,00-99,BANCO MERCANTIL DEL NORTE,MX,mastercard,credit
557552,00-99,ALLY BANK,US,mastercard,debit
557553,00-99,BANGOR SAVINGS BANK,US,mastercard,debit
557554,00-99,PUNJAB NATIONAL BANK,IN,mastercard,debit
557555,00-99,ITAU CORPBANCA COLOMBIA S.A.,CO,mastercard,debit
557556,00-99,OVERSEA-CHINESE BANKING CORPORATION LTD.,SG,mastercard,debit
557557,00-99,JPMORGAN CHASE BANK N.A.,US,mastercard,debit
557558,00-99,CHASE,US,mastercard,debit
557559,00-99,FISERV SOLUTIONS LLC,US,mastercard,debit
557560,00-99,JPMORGAN CHASE BANK N.A.,US,mastercard,debit
557561,00-99,BANCO NACIONAL DE MEXICO S.A.,MX,mastercard,debit
557562,00-99,JPMORGAN CHASE BANK N.A.,US,mastercard,debit
557563,00-99,STAR PROCESSING INC.,US,mastercard,credit
557564,00-99,JPMORGAN CHASE BANK N.A.,US,mastercard,debit
557565,00-99,JPMORGAN CHASE BANK N.A.,US,mastercard,debit
557566,00-99,JPMORGAN CHASE BANK N.A.,US,mastercard,debit
557567,00-99,PATELCO CREDIT UNION,US,mastercard,debit
557568,00-99,BOKF NATIONAL ASSOCIATION,US,mastercard,debit
557569,00-99,MANSA BANK,CI,mastercard,debit
557570,00-99,EVOLVE BANK & TRUST,US,mastercard,debit
557571,00-99,BANCO NACIONAL DE COMERCIO DE TIMOR LESTE,TL,mastercard,debit
557572,00-99,STANDARD CHARTERED BANK (PAKISTAN) LTD.,PK,mastercard,credit
557573,00-99,PAYMENT CARD SOLUTIONS UK LTD.,FR,mastercard,debit
557574,00-99,BANCO DO ESTADO DO PARA S.A.,BR,mastercard,debit
557575,00-99,RED LINK S.A.,AR,mastercard,debit
557576,00-99,CREDIT UNION PAYMENT CENTER (LIMITED LIABILITY COMPANY),RU,mastercard,debit
557577,00-99,PT. BANK NEGARA INDONESIA (PERSERO) TBK.,ID,mastercard,debit
557578,00-99,HIMALAYAN BANK LTD.,NP,mastercard,credit
557579,00-99,AGRICULTURAL BANK EGYPT,EG,mastercard,debit
557580,00-99,PATHWARD NATIONAL ASSOCIATION,US,mastercard,credit
557581,00-99,UNITED BANK FOR AFRICA PLC,NG,mastercard,credit
557582,00-99,STATE BANK OF INDIA,IN,mastercard,debit
557583,00-99,BANK OF CEYLON,LK,mastercard,debit
557584,00-99,UNION BANK OF INDIA,IN,mastercard,debit
557585,00-99,,IN,mastercard,debit
557586,00-99,STATE BANK OF INDIA,IN,mastercard,debit
557587,00-99,CITIBANK N.A.,AE,mastercard,debit
557588,00-99,FISERV SOLUTIONS LLC,US,mastercard,debit
557589,00-99,BANK OF INDIA,IN,mastercard,debit
557590,00-99,THE BANCORP BANK NATIONAL ASSOCIATION,US,mastercard,debit
557591,00-99,CHOICE FINANCIAL GROUP,US,mastercard,debit
557592,00-99,FIFTH THIRD BANK,US,mastercard,debit
557593,00-99,CU COOPERATIVE SYSTEMS LLC,US,mastercard,credit
557594,00-99,AGOS DUCATO SPA,IT,mastercard,credit
557595,00-99,BOKF NATIONAL ASSOCIATION,US,mastercard,debit
557596,00-99,COMMUNITY FEDERAL SAVINGS BANK,US,mastercard,debit
557597,00-99,STERLING NATIONAL BANK,US,mastercard,credit
557598,00-99,DEUTSCHE BANK TRUST COMPANY AMERICAS,US,mastercard,debit
557599,00-99,PATRIOT BANK NATIONAL ASSOCIATION,US,mastercard,debit
557600,00-99,FIRST ABU DHABI BANK PJSC,AE,mastercard,debit
557601,00-99,JORDAN KUWAIT BANK,JO,mastercard,credit
557602,00-99,BANCO NACIONAL DEL EJERCITO FUERZA AEREA Y ARMADA S.N.C.,MX,mastercard,debit
557603,00-99,BANK ISLAM BRUNEI DARUSSALAM BERHAD,BN,mastercard,debit
557604,00-99,BANCO AZTECA S.A. INSTITUCION DE BANCA MULTIPLE,MX,mastercard,credit
557605,00-99,545490 PTY. LTD.,AU,mastercard,debit
557606,00-99,ALAWWAL BANK,SA,mastercard,debit
557607,00-99,COMMERCIAL INTERNATIONAL BANK (EGYPT) S.A.E.,EG,mastercard,debit
557608,00-99,PAYBLR INC.,PR,mastercard,debit
557609,00-99,TOKA INTERNACIONAL S.A.P.I. DE CV,MX,mastercard,debit
557610,00-99,FISERV SOLUTIONS LLC,US,mastercard,debit
557611,00-99,BANQUE MISR,EG,mastercard,debit
557612,00-99,RENASANT BANK,US,mastercard,debit
557613,00-99,PRIVAL BANK S.A.,PA,mastercard,debit
557614,00-99,FISERV SOLUTIONS LLC,US,mastercard,debit
557615,00-99,BREMER BANK N.A.,US,mastercard,debit
557616,00-99,CSCBANK SAL,LB,mastercard,debit
557617,00-99,SGB TRUST INC.,MS,mastercard,debit
557618,00-99,CSCBANK SAL,LB,mastercard,debit
557619,00-99,MISSION FEDERAL CREDIT UNION,US,mastercard,debit
557620,00-99,,SY,mastercard,credit
557621,00-99,SUNTRUST,US,mastercard,debit
557622,00-99,TRUIST BANKS INC.,US,mastercard,debit
557623,00-99,,SY,mastercard,credit
557624,00-99,AREEBA S.A.L,JO,mastercard,debit
557625,00-99,CAPITAL G BANK LTD.,BM,mastercard,debit
557626,00-99,CAPITAL G BANK LTD.,BM,mastercard,debit
557627,00-99,JACK HENRY & ASSOCIATES,US,mastercard,debit
557628,00-99,QATAR ISLAMIC BANK,QA,mastercard,debit
557629,00-99,STATE BANK OF INDIA,IN,mastercard,debit
557630,00-99,BANQUE LIBANO - FRANCAISE SAL,LB,mastercard,debit
557631,00-99,STATE BANK OF INDIA,IN,mastercard,debit
557632,00-99,STATE BANK OF INDIA,IN,mastercard,debit
557633,00-99,INDIAN BANK,IN,mastercard,debit
557634,00-99,OLD NATIONAL BANK,US,mastercard,debit
557635,00-99,EVERWISE CREDIT UNION,US,mastercard,debit
557636,00-99,CSCBANK S.A.L.,SN,mastercard,debit
557637,00-99,AFRILAND FIRST BANK,CM,mastercard,debit
557638,00-99,FIRSTRAND BANK LTD.,ZA,mastercard,debit
557639,00-99,BANCO SANTANDER MEXICO SA INSTITUCION DE BANCA MULTIPLE GRUPO FINANC,MX,mastercard,debit
557641,00-99,BRD GROUPE SOCIETE GENERALE,RO,mastercard,debit
557642,00-99,ADVIA CREDIT UNION,US,mastercard,debit
557643,00-99,FISERV SOLUTIONS LLC,US,mastercard,debit
557644,00-99,BANCO SANTANDER S.A.,ES,mastercard,debit
557645,00-99,,RU,mastercard,credit
557646,00-99,PJSC ROSBANK,RU,mastercard,debit
557647,00-99,CAIRO AMMAN BANK PLC,JO,mastercard,credit
557648,00-99,FIRST DATA CONO SUR S.R.L.,AR,mastercard,debit
557649,00-99,QATAR ISLAMIC BANK,QA,mastercard,debit
557650,00-99,AGRICULTURAL BANK EGYPT,EG,mastercard,debit
557651,00-99,FINANCIERA FINANCARD S.A.,PA,mastercard,credit
557652,00-99,ABU DHABI COMMERCIAL BANK,AE,mastercard,debit
557653,00-99,SOCIETE ARABE INTERNATIONALE DE BANQUE,EG,mastercard,debit
557654,00-99,AXIS BANK LTD.,IN,mastercard,debit
557656,00-99,AXIS BANK LTD.,IN,mastercard,debit
557657,00-99,ATTIJARIWAFA BANK,MA,mastercard,debit
557658,00-99,GCB BANK LTD.,GH,mastercard,debit
557659,00-99,WEX BANK,HK,mastercard,credit
557660,00-99,PRIME BANK LTD.,BD,mastercard,debit
557661,00-99,FIRST ABU DHABI BANK PJSC,AE,mastercard,debit
557662,00-99,BANCO DE NEGOCIOS INTERNACIONAL SA,AO,mastercard,debit
557663,00-99,GCB BANK LTD.,GH,mastercard,debit
557664,00-99,UNION BANK OF INDIA,IN,mastercard,debit
557665,00-99,UNION BANK OF INDIA,IN,mastercard,debit
557666,00-99,EGYPTIAN BANKS CO. FOR TECHNOLOGICAL ADVANCEMENT S.A.E.,EG,mastercard,debit
557667,00-99,DUTCH BANGLA BANK LTD.,BD,mastercard,debit
557668,00-99,AHLI UNITED BANK B.S.C.,BH,mastercard,debit
557669,00-99,CSCBANK S.A.L.,NG,mastercard,debit
557670,00-99,JORDAN AHLI BANK,JO,mastercard,debit
557671,00-99,UALA SOCIEDAD ANONIMA INSTITUCION DE BANCA MULTIPLE,MX,mastercard,debit
557672,00-99,CREDIT LIBANAIS S.A.L.,LB,mastercard,credit
557673,00-99,CSCBANK S.A.L.,LB,mastercard,credit
557674,00-99,CSCBANK SAL,AF,mastercard,debit
557675,00-99,BANCO VOTORANTIM S/A,BR,mastercard,credit
557676,00-99,SEYLAN BANK PLC,LK,mastercard,debit
557677,00-99,STATE BANK OF INDIA,IN,mastercard,debit
557678,00-99,GRINDROD BANK LTD.,ZA,mastercard,credit
557679,00-99,MEMBERS PLUS CREDIT UNION,US,mastercard,credit
557680,00-99,PSCU INCORPORATED,US,mastercard,credit
557681,00-99,BLOM BANK SAL,LB,mastercard,debit
557682,00-99,STATE BANK OF INDIA,SG,mastercard,debit
557683,00-99,BANCO NACIONAL DE COSTA RICA,CR,mastercard,debit
557684,00-99,,IN,mastercard,debit
557685,00-99,DUKHAN BANK Q.P.S.C.,QA,mastercard,debit
557686,00-99,DUKHAN BANK Q.P.S.C.,QA,mastercard,debit
557687,00-99,SOCIETE MONETIQUE-TUNISIE,TN,mastercard,debit
557688,00-99,,IN,mastercard,debit
557689,00-99,FISERV SOLUTIONS LLC,US,mastercard,debit
557690,00-99,MIDDLE EAST PAYMENT SERVICES LIMITED CO.,IQ,mastercard,debit
557691,00-99,MIDDLE EAST PAYMENT SERVICES LIMITED CO.,IQ,mastercard,debit
557692,00-99,PT. BANK CIMB NIAGA TBK.,ID,mastercard,debit
557693,00-99,INTERCONTINENTAL BANK PLC,NG,mastercard,debit
557694,00-99,ACCESS BANK PLC,NG,mastercard,debit
557695,00-99,ABSA BANK LTD.,ZA,mastercard,debit
557696,00-99,ABSA BANK LTD.,ZA,mastercard,debit
557697,00-99,ABSA BANK LTD.,ZA,mastercard,debit
557699,00-99,MIDDLE EAST PAYMENT SERVICES LIMITED CO.,IQ,mastercard,debit
557700,00-99,ERZSEBET UTALVANYFORGALMAZO ZRT. (EUF),HU,mastercard,credit
557701,00-99,QATAR ISLAMIC BANK,QA,mastercard,credit
557702,00-99,CENTRAL-EUROPEAN INTERNATIONAL BANK (CIB BANK) RT.,HU,mastercard,debit
557703,00-99,BANK OF AMERICA NATIONAL ASSOCIATION,US,mastercard,debit
557704,00-99,MBH BANK NYRT.,HU,mastercard,credit
557705,00-99,BNP PARIBAS PERSONAL FINANCE,CZ,mastercard,debit
557706,00-99,BANK OF AMERICA NATIONAL ASSOCIATION,US,mastercard,debit
557707,00-99,MAGYAR CETELEM BANK RT.,HU,mastercard,debit
557708,00-99,BANK OF AMERICA NATIONAL ASSOCIATION,US,mastercard,debit
557709,00-99,EUROBANK BULGARIA AD,BG,mastercard,credit
557710,00-99,MOORWAND LTD.,GB,mastercard,debit
557711,00-99,KOMERCNI BANKA A.S.,CZ,mastercard,credit
557712,00-99,KB KOOKMIN CARD CO. LTD,KR,mastercard,credit
557713,00-99,JSCB NADRA BANK,UA,mastercard,debit
557714,00-99,SANTANDER BANK POLSKA S.A.,PL,mastercard,debit
557715,00-99,SAFRA NATIONAL BANK OF NEW YORK,US,mastercard,credit
557716,00-99,SANTANDER BANK POLSKA S.A.,PL,mastercard,debit
557717,00-99,WILOBANK S.A.,AR,mastercard,credit
557718,00-99,DUBAI ISLAMIC BANK PJSC,AE,mastercard,debit
557719,00-99,BANK OF AMERICA NATIONAL ASSOCIATION,US,mastercard,debit
557720,00-99,VSEOBECNA UVEROVA BANKA A.S.,SK,mastercard,debit
557721,00-99,JSC CB PRIVATBANK,UA,mastercard,debit
557722,00-99,PUBLIC JSC COMMERCIAL BANK PRAVEX BANK,UA,mastercard,credit
557723,00-99,SIAPAY SRL,IT,mastercard,debit
557724,00-99,PJSC ROSBANK,RU,mastercard,debit
557725,00-99,CREDIT URAL BANK,RU,mastercard,credit
557726,00-99,EML PAYMENT SOLUTIONS LTD.,AU,mastercard,debit
557727,00-99,CENTRAL-EUROPEAN INTERNATIONAL BANK (CIB BANK) RT.,HU,mastercard,debit
557728,00-99,PUBLIC JOINT STOCK COMPANY JOINT STOCK BANK UKRGASBANK,UA,mastercard,debit
557729,00-99,CITIBANK N.A.,US,mastercard,credit
557730,00-99,JOINT STOCK COMPANY UKRSOTSBANK,UA,mastercard,debit
557731,00-99,CENTRAL-EUROPEAN INTERNATIONAL BANK (CIB BANK) RT.,HU,mastercard,debit
557732,00-99,CREDIMAX BSC (CLOSED),BH,mastercard,credit
557733,00-99,BANK OF AMERICA NATIONAL ASSOCIATION,US,mastercard,debit
557734,00-99,LLC HOME CREDIT AND FINANCE BANK,RU,mastercard,debit
557735,00-99,COLLABRIA FINANCIAL SERVICES,CA,mastercard,credit
557736,00-99,VSEOBECNA UVEROVA BANKA A.S.,SK,mastercard,debit
557737,00-99,CB RENAISSANCE CREDIT (LLC),RU,mastercard,debit
557738,00-99,PSC JOINT-STOCK COMMERCIAL INDUSTRIAL & INVESTMENT BANK,UA,mastercard,debit
557739,00-99,MBH BANK NYRT.,HU,mastercard,debit
557740,00-99,PJSC BANK VOSTOK,UA,mastercard,debit
557741,00-99,PUBLIC JSC VSEUKRAINSKYI AKSIONERNYI BANK,UA,mastercard,debit
557742,00-99,BANK OF AMERICA NATIONAL ASSOCIATION,US,mastercard,debit
557743,00-99,TRIPLINK INTERNATIONAL CO.LIMITED,HK,mastercard,credit
557744,00-99,JSC STATE SAVINGS BANK OF UKRAINE (OSCHADBANK),UA,mastercard,debit
557745,00-99,VTB BANK (PUBLIC JOINT-STOCK COMPANY),RU,mastercard,credit
557746,00-99,VTB BANK (PUBLIC JOINT-STOCK COMPANY),RU,mastercard,credit
557747,00-99,VSEOBECNA UVEROVA BANKA A.S.,SK,mastercard,debit
557748,00-99,VTB BANK (PUBLIC JOINT-STOCK COMPANY),RU,mastercard,credit
557749,00-99,BELARUSSIAN BANK OF DEVELOPMENT AND RECONSTRUCTION BELINVESTBANK JSC,BY,mastercard,debit
557750,00-99,OPTAL FINANCIAL EUROPE LTD.,GB,mastercard,credit
557751,00-99,BBVA BANCOMER SA INSTIT. DE BANCA MULTIPLE GRUPO FINANCIER,MX,mastercard,credit
557752,00-99,BANK OF AMERICA NATIONAL ASSOCIATION,US,mastercard,debit
557753,00-99,BANK OF THE PHILIPPINE ISLANDS,PH,mastercard,debit
557754,00-99,INTERNATIONAL SMART CARD LLC,IQ,mastercard,debit
557755,00-99,SIAM COMMERCIAL BANK PUBLIC COMPANY LTD.,TH,mastercard,debit
557756,00-99,CIMB,MY,mastercard,debit
557757,00-99,CSCBANK S.A.L.,LB,mastercard,debit
557758,00-99,BAIDURI BANK BERHAD,BN,mastercard,debit
557759,00-99,BANK OF AMERICA NATIONAL ASSOCIATION,US,mastercard,debit
557760,00-99,CSCBANK SAL,LB,mastercard,debit
557761,00-99,CREDIT UNION PAYMENT CENTER (LIMITED LIABILITY COMPANY),RU,mastercard,debit
557762,00-99,LOTTE CARD CO. LTD.,KR,mastercard,credit
557763,00-99,CALTECH EMPLOYEES FEDERAL CREDIT UNION,US,mastercard,credit
557764,00-99,BANCO DEL BAJIO S.A.,MX,mastercard,credit
557765,00-99,SOCIETE MONETIQUE-TUNISIE,TN,mastercard,debit
557766,00-99,,US,mastercard,credit
557767,00-99,TRUIST BANKS INC.,US,mastercard,credit
557768,00-99,CAIXA ECONOMICA FEDERAL,BR,mastercard,credit
557769,00-99,CITIBANK TAIWAN LTD.,TW,mastercard,credit
557770,00-99,BANK OF AMERICA NATIONAL ASSOCIATION,US,mastercard,debit
557771,00-99,ITAU UNIBANCO S.A.,BR,mastercard,debit
557772,00-99,SIAM COMMERCIAL BANK PUBLIC COMPANY LTD.,TH,mastercard,debit
557773,00-99,FIRST IRAQI ISLAMIC BANK COMPANY FOR INVESTMENT AND FINANCE,IQ,mastercard,debit
557774,00-99,VSEOBECNA UVEROVA BANKA A.S.,SK,mastercard,credit
557775,00-99,BANK OF AMERICA NATIONAL ASSOCIATION,US,mastercard,debit
557776,00-99,BANK OF AMERICA NATIONAL ASSOCIATION,US,mastercard,debit
557777,00-99,CENTRAL BANK OF INDIA,IN,mastercard,debit
557778,00-99,FRANSABANK SAL,LB,mastercard,credit
557779,00-99,BANCO BRADESCARD S.A.,BR,mastercard,debit
557780,00-99,BANK OF AMERICA NATIONAL ASSOCIATION,US,mastercard,debit
557781,00-99,MASTERCARD - PREPAID DEBIT CARD,AU,mastercard,debit
557782,00-99,GULF COAST BANK AND TRUST COMPANY,US,mastercard,credit
557783,00-99,BANK OF AMERICA NATIONAL ASSOCIATION,US,mastercard,debit
557784,00-99,AYUDHYA CAPITAL SERVICES COMPANY LTD.,TH,mastercard,credit
557785,00-99,BANK OF AMERICA NATIONAL ASSOCIATION,US,mastercard,debit
557786,00-99,MASTERCARD EUROPE,BE,mastercard,debit
557787,00-99,BANK OF AMERICA NATIONAL ASSOCIATION,US,mastercard,debit
557788,00-99,BRANCH BANKING AND TRUST COMPANY,US,mastercard,credit
557789,00-99,SOCIETE MONETIQUE-TUNISIE,TN,mastercard,credit
557790,00-99,KB KOOKMIN CARD CO. LTD,KR,mastercard,credit
557791,00-99,PT BANK DANAMON LNDONESIA TBK,ID,mastercard,debit
557792,00-99,ST. GEORGES BANK AND COMPANY INC.,PA,mastercard,debit
557793,00-99,BANCO BMG S.A.,BR,mastercard,credit
557794,00-99,ANDHRA BANK,IN,mastercard,debit
557795,00-99,PT. PAN INDONESIA BANK TBK. (PT. BANK PANIN TBK),ID,mastercard,debit
557796,00-99,BANQUE COMMERCIALE DU BURUNDI,BI,mastercard,debit
557797,00-99,ITAU UNIBANCO S.A.,BR,mastercard,debit
557798,00-99,,US,mastercard,credit
557799,00-99,PT BANK DANAMON INDONESIA TBK,ID,mastercard,credit
557800,00-99,COMPUTER SERVICES INC.,US,mastercard,debit
557801,00-99,CAMPUS FEDERAL CREDIT UNION,US,mastercard,credit
557802,00-99,JOINT STOCK COMMERCIAL BANK MOLDINDCONBANK S.A.,MD,mastercard,credit
557803,00-99,COMPUTER SERVICES INC.,US,mastercard,debit
557804,00-99,JOINT STOCK COMPANY SURGUTNEFTEGASBANK,RU,mastercard,debit
557805,00-99,JOINT STOCK COMPANY SURGUTNEFTEGASBANK,RU,mastercard,debit
557806,00-99,CU COOPERATIVE SYSTEMS LLC,US,mastercard,credit
557807,00-99,PEOPLES TRUST COMPANY,CA,mastercard,debit
557808,00-99,NATIONAL BANK TRUST OJSC,RU,mastercard,credit
557809,00-99,NATIONAL BANK TRUST OJSC,RU,mastercard,credit
557810,00-99,JOINT STOCK COMPANY UKRSOTSBANK,UA,mastercard,credit
557811,00-99,KB KOOKMIN CARD CO. LTD,KR,mastercard,debit
557812,00-99,COMPUTER SERVICES INC.,US,mastercard,debit
557813,00-99,CU COOPERATIVE SYSTEMS LLC,US,mastercard,credit
557814,00-99,PJSC BANK CREDIT DNEPR,UA,mastercard,credit
557815,00-99,PJSC BANK CREDIT DNEPR,UA,mastercard,credit
557816,00-99,LUMINOR BANK AS,LT,mastercard,credit
557817,00-99,LUMINOR BANK AS,LT,mastercard,credit
557818,00-99,JOINT STOCK COMPANY BALTIC INTERNATIONAL BANK,LV,mastercard,credit
557819,00-99,JOINT STOCK COMPANY BALTIC INTERNATIONAL BANK,LV,mastercard,debit
557820,00-99,JOINT STOCK COMMERCIAL BANK ENERGBANK,MD,mastercard,credit
557821,00-99,TUXEDO MONEY CARD LTD.,GB,mastercard,debit
557822,00-99,COMPUTER SERVICES INC.,US,mastercard,debit
557823,00-99,PEOPLES TRUST COMPANY,CA,mastercard,debit
557824,00-99,CADENCE BANK,US,mastercard,credit
557825,00-99,PUBLIC JSC FIRST UKRAINIAN INTERNATIONAL BANK,UA,mastercard,credit
557826,00-99,JOINT STOCK COMPANY FIRST UKRAINIAN INTERNATIONAL BANK,UA,mastercard,credit
557827,00-99,,SG,mastercard,credit
557828,00-99,CU COOPERATIVE SYSTEMS LLC,US,mastercard,debit
557829,00-99,AKBANK,TR,mastercard,credit
557830,00-99,CU COOPERATIVE SYSTEMS LLC,US,mastercard,credit
557831,00-99,COMPUTER SERVICES INC.,US,mastercard,debit
557832,00-99,THE STATE EXPORT-IMPORT BANK OF UKRAINE (UKREXIMBANK),UA,mastercard,credit
557833,00-99,THE STATE EXPORT-IMPORT BANK OF UKRAINE (UKREXIMBANK),UA,mastercard,credit
557834,00-99,JOINT STOCK COMPANY HALYK BANK OF KAZAKHSTAN,KZ,mastercard,credit
557835,00-99,EUROPAY BELGIUM S.C.R.L.,BE,mastercard,credit
557836,00-99,BANCO COMERCIAL PORTUGUES S.A.,PT,mastercard,credit
557837,00-99,RAIFFEISEN BANK LTD.,HU,mastercard,credit
557838,00-99,ALLIANCE FINANCIAL SERVICES LTD.,JM,mastercard,debit
557839,00-99,,SE,mastercard,credit
557840,00-99,DEN DANSKE BANK AKTIESELSKAB DENMARK SWEDISH BRANCH,SE,mastercard,credit
557841,00-99,PJSC ROSBANK,RU,mastercard,credit
557842,00-99,PJSC ROSBANK,RU,mastercard,credit
557843,00-99,BARCLAYS BANK PLC,GB,mastercard,credit
557844,00-99,T.C. ZIRAAT BANKASI A.S.,TR,mastercard,credit
557845,00-99,FAYSAL BANK LTD.,PK,mastercard,credit
557846,00-99,COMMERCIAL BANK ASSISTANCE FOR PUBLIC INITIATIVES SOBINBANK,RU,mastercard,debit
557847,00-99,COMMERCIAL BANK ASSISTANCE FOR PUBLIC INITIATIVES SOBINBANK,RU,mastercard,debit
557848,00-99,CREDIT UNION PAYMENT CENTER (LIMITED LIABILITY COMPANY),RU,mastercard,debit
557849,00-99,CREDIT UNION PAYMENT CENTER (LIMITED LIABILITY COMPANY),RU,mastercard,debit
557850,00-99,TOYOTA FINANCE CORPORATION,JP,mastercard,credit
557851,00-99,TOYOTA FINANCE CORPORATION,JP,mastercard,credit
557852,00-99,TOYOTA FINANCE CORPORATION,JP,mastercard,credit
557853,00-99,TOYOTA FINANCE CORPORATION,JP,mastercard,credit
557854,00-99,TOYOTA FINANCE CORPORATION,JP,mastercard,credit
557855,00-99,TOYOTA FINANCE CORPORATION,JP,mastercard,credit
557856,00-99,TOYOTA FINANCE CORPORATION,JP,mastercard,credit
557857,00-99,TOYOTA FINANCE CORPORATION,JP,mastercard,credit
557858,00-99,TOYOTA FINANCE CORPORATION,JP,mastercard,credit
557859,00-99,TOYOTA FINANCE CORPORATION,JP,mastercard,credit
557860,00-99,GROUPEMENT INTERBANCAIRE MONETIQUE DE L'UEMOA (GIM-UEMOA),BJ,mastercard,debit
557861,00-99,SOCIEDAD DE CREDITOS COMERCIALES SA,CL,mastercard,credit
557862,00-99,GROUPEMENT INTERBANCAIRE MONETIQUE DE L'UEMOA (GIM-UEMOA),BJ,mastercard,debit
557863,00-99,REV MEXICO S.A DE CV,MX,mastercard,debit
557864,00-99,GROUPEMENT INTERBANCAIRE MONETIQUE DE L'UEMOA (GIM-UEMOA),BF,mastercard,debit
557865,00-99,,ID,mastercard,credit
557866,00-99,GROUPEMENT INTERBANCAIRE MONETIQUE DE L'UEMOA (GIM-UEMOA),CI,mastercard,debit
557867,00-99,CAPITAL ONE NATIONAL ASSOCIATION,US,mastercard,credit
557868,00-99,GROUPEMENT INTERBANCAIRE MONETIQUE DE L'UEMOA (GIM-UEMOA),ML,mastercard,debit
557869,00-99,VTB BANK (PUBLIC JOINT-STOCK COMPANY),RU,mastercard,debit
557870,00-99,GROUPEMENT INTERBANCAIRE MONETIQUE DE L'UEMOA (GIM-UEMOA),NE,mastercard,debit
557871,00-99,PIRAEUS BANK S.A.,GR,mastercard,debit
557872,00-99,MATCHMOVE PAY PTE. LTD.,SG,mastercard,debit
557873,00-99,BANK OF COMMUNICATIONS CO. LTD,CN,mastercard,credit
557874,00-99,BANCO NACIONAL DE MEXICO S.A.,MX,mastercard,debit
557875,00-99,BANCO NACIONAL DE MEXICO S.A.,MX,mastercard,debit
557876,00-99,BANQUE DU CAIRE,EG,mastercard,debit
557877,00-99,MANUFACTURERS & TRADERS TRUST COMPANY,US,mastercard,credit
557878,00-99,BANKINTER S.A.,ES,mastercard,debit
557879,00-99,BANQUE CENTRALE POPULAIRE,CM,mastercard,debit
557880,00-99,U.S. BANK NATIONAL ASSOCIATION,US,mastercard,credit
557881,00-99,RAIFFEISEN BANK JSC,UA,mastercard,credit
557882,00-99,BANCO COMERCIAL PORTUGUES S.A.,PT,mastercard,credit
557883,00-99,BANCO COMERCIAL PORTUGUES S.A.,PT,mastercard,credit
557884,00-99,BELARUSSIAN BANK OF DEVELOPMENT AND RECONSTRUCTION BELINVESTBANK JSC,BY,mastercard,credit
557885,00-99,BELARUSSIAN BANK OF DEVELOPMENT AND RECONSTRUCTION BELINVESTBANK JSC,BY,mastercard,credit
557886,00-99,EURO KARTENSYSTEME GMBH,DE,mastercard,credit
557887,00-99,BANQUE CENTRALE POPULAIRE,CI,mastercard,debit
557888,00-99,BANCO BPI S.A.,PT,mastercard,credit
557889,00-99,KB KOOKMIN CARD CO. LTD,KR,mastercard,credit
557890,00-99,CESKA SPORITELNA A.S.,CZ,mastercard,debit
557891,00-99,SANTANDER CONSUMER BANK SPA,IT,mastercard,credit
557892,00-99,Nordea,DK,mastercard,credit
557893,00-99,SVENSKA HANDELSBANKEN AB,DK,mastercard,credit
557894,00-99,OPTAL FINANCIAL LTD.,GB,mastercard,credit
557895,00-99,MBANK S.A.,PL,mastercard,credit
557896,00-99,RBC ROYAL BANK (BAHAMAS) LTD.,KN,mastercard,credit
557897,00-99,SERVIRED SOCIEDAD ESPANOLA DE MEDIOS DE PAGO S.A.,ES,mastercard,debit
557898,00-99,ADYEN N.V.,NL,mastercard,credit
557899,00-99,OCBC BANK (MALAYSIA) BERHAD,MY,mastercard,credit
557900,00-99,BANQUE CENTRALE POPULAIRE,ML,mastercard,debit
557901,00-99,PATHWARD NATIONAL ASSOCIATION,US,mastercard,debit
557902,00-99,SBM BANK (INDIA) LTD.,IN,mastercard,credit
557903,00-99,REVOLUT PAYMENTS AUSTRALIA PTY LTD.,AU,mastercard,debit
557904,00-99,BANK OF COMMERCE AND DEVELOPMENT,LY,mastercard,debit
557905,00-99,BANCO SANTANDER MEXICO SA INSTITUCION DE BANCA MULTIPLE GRUPO FINANC,MX,mastercard,debit
557906,00-99,BANCO SANTANDER S.A.,MX,mastercard,debit
557907,00-99,BANCO SANTANDER MEXICO SA INSTITUCION DE BANCA MULTIPLE GRUPO FINANC,MX,mastercard,debit
557908,00-99,BANCO SANTANDER MEXICO SA INSTITUCION DE BANCA MULTIPLE GRUPO FINANC,MX,mastercard,debit
557909,00-99,BANCO SANTANDER MEXICO SA INSTITUCION DE BANCA MULTIPLE GRUPO FINANC,MX,mastercard,debit
557910,00-99,BANCO SANTANDER MEXICO SA INSTITUCION DE BANCA MULTIPLE GRUPO FINANC,MX,mastercard,debit
557911,00-99,FIRST DATA CONO SUR S.R.L.,AR,mastercard,credit
557912,00-99,AFRICAN BANKING COOPERATION BOTSWANA LTD.,MZ,mastercard,debit
557913,00-99,AFRICAN BANKING COOPERATION BOTSWANA LTD.,RW,mastercard,debit
557914,00-99,ROGERS BANK,CA,mastercard,credit
557915,00-99,NYCE PAYMENTS NETWORK LLC,US,mastercard,debit
557916,00-99,EUROBANK BULGARIA AD,BG,mastercard,debit
557917,00-99,FIRST DATA CONO SUR S.R.L.,UY,mastercard,debit
557918,00-99,FISERV SOLUTIONS LLC,US,mastercard,credit
557919,00-99,GREEN DOT BANK,US,mastercard,debit
557920,00-99,SCOTIABANK INVERLAT S.A.,MX,MX,mastercard
557921,00-99,JAMMU & KASHMIR BANK LTD.,IN,mastercard,debit
557922,00-99,SCOTIABANK INVERLAT S.A.,MX,MX,mastercard
557923,00-99,BUILTWELL BANK,US,mastercard,credit
557924,00-99,SCOTIABANK INVERLAT S.A.,MX,mastercard,debit
557925,00-99,INTERNATIONAL SMART CARD LLC,IQ,mastercard,credit
557926,00-99,CORNER EUROPE AG,IE,mastercard,debit
557927,00-99,THE INTERNATIONAL BANK OF AZERBAIJAN,AZ,mastercard,credit
557928,00-99,POSTAL SAVINGS BANK OF CHINA CO. LTD.,CN,mastercard,credit
557929,00-99,METROPOLITAN COMMERCIAL BANK,US,mastercard,debit
557930,00-99,ADMINISTRADORA DE TARJETAS DE CREDITO (A.T.C.) S.A.,BO,mastercard,debit
557931,00-99,BUNQ B.V.,NL,mastercard,credit
557932,00-99,PAYSAFE FINANCIAL SERVICES LTD.,GB,mastercard,debit
557933,00-99,COMPUTER SERVICES INC.,US,mastercard,debit
557934,00-99,HSBC BANK MIDDLE EAST,AE,mastercard,credit
557935,00-99,CENCOSUD S.A.,AR,mastercard,credit
557936,00-99,DATA CENTER INCORPORATED,US,mastercard,debit
557937,00-99,CIMB BANK BERHAD,SG,private label,debit
557938,00-99,CIMB BANK BERHAD,SG,private label,debit
557939,00-99,FIRST DATA CONO SUR S.R.L.,AR,mastercard,credit
557941,00-99,OPEN JOINT-STOCK SOCIETY AZER-TURK BANK,AZ,mastercard,credit
557942,00-99,BANK ZENIT,RU,mastercard,credit
557943,00-99,AFFIN BANK BERHAD,MY,mastercard,credit
557944,00-99,BANK ZENIT,RU,mastercard,credit
557945,00-99,MCB BANK LTD.,PK,mastercard,debit
557946,00-99,PUBLIC JOINT-STOCK COMPANY BANK OTKRITIE FINANCIAL CORPORATION,RU,mastercard,debit
557947,00-99,UNICREDIT BANK AG,DE,mastercard,credit
557948,00-99,PUBLIC JOINT-STOCK COMPANY BANK OTKRITIE FINANCIAL CORPORATION,RU,mastercard,debit
557949,00-99,DE VOLKSBANK N.V.,NL,mastercard,credit
557950,00-99,BANCO REGIONAL SA INSTITUCION DE BANCA MULTIPLE BANREGIO GRUPO FINAN,MX,mastercard,credit
557951,00-99,TRELLANCE INC.,US,mastercard,credit
557952,00-99,BYBLOS BANK,SY,mastercard,credit
557953,00-99,TRELLANCE INC.,US,mastercard,credit
557954,00-99,CREDIT UNION PAYMENT CENTER (LIMITED LIABILITY COMPANY),RU,mastercard,credit
557955,00-99,PJSC ROSBANK,RU,mastercard,debit
557956,00-99,PIRAEUS BANK S.A.,GR,mastercard,credit
557957,00-99,BANKPOZITIV KAZAKHSTAN JSC (SUBSIDIARY BANK OF BANK HAPOALIM B.M.),KZ,mastercard,credit
557958,00-99,FIRST DATA CONO SUR S.R.L.,AR,mastercard,credit
557959,00-99,CREDIT URAL BANK,RU,mastercard,credit
557960,00-99,BANK ZENIT,RU,mastercard,credit
557961,00-99,FIRST DATA CONO SUR S.R.L.,AR,mastercard,credit
557962,00-99,ROGERS BANK,CA,mastercard,credit
557963,00-99,BOKF NATIONAL ASSOCIATION,US,mastercard,debit
557964,00-99,,FI,mastercard,credit
557965,00-99,,RU,mastercard,credit
557966,00-99,OPEN JOINT-STOCK COMPANY JOINT-STOCK BANK ROSSIYA,RU,mastercard,credit
557967,00-99,SOCIETE MONETIQUE-TUNISIE,TN,mastercard,credit
557968,00-99,POSTAL SAVINGS BANK OF CHINA CO. LTD.,CN,mastercard,credit
557969,00-99,BANK DOM.RF,RU,mastercard,credit
557970,00-99,INDUSTRIAL AND COMMERCIAL BANK OF CHINA (ARGENTINA) S.A.,AR,mastercard,credit
557971,00-99,VTB BANK (PUBLIC JOINT-STOCK COMPANY),RU,mastercard,credit
557972,00-99,CSCBANK SAL,NG,mastercard,credit
557973,00-99,INTESA SANPAOLO BANKA D.D.,BA,mastercard,credit
557974,00-99,,BR,mastercard,credit
557975,00-99,CATELLA BANK S.A.,GB,mastercard,debit
557976,00-99,CREDIT UNION PAYMENT CENTER (LIMITED LIABILITY COMPANY),RU,mastercard,debit
557977,00-99,CREDIT UNION PAYMENT CENTER (LIMITED LIABILITY COMPANY),RU,mastercard,debit
557978,00-99,FIRST DATA CONO SUR S.R.L.,AR,mastercard,credit
557979,00-99,ZHEJIANG RURAL CREDIT UNION,CN,mastercard,credit
557980,00-99,PJSC ROSBANK,RU,mastercard,debit
557981,00-99,PUBLIC JOINT-STOCK COMPANY PROMSVYAZBANK,RU,mastercard,credit
557982,00-99,,BR,mastercard,credit
557983,00-99,,BR,mastercard,credit
557984,00-99,,BR,mastercard,credit
557985,00-99,,MX,mastercard,credit
557986,00-99,PUBLIC JOINT STOCK COMPANY PROMSVYAZBANK,RU,mastercard,debit
557987,00-99,CAPITAL ONE N.A.,US,mastercard,credit
557988,00-99,CREDIT MUTUEL ARKEA,FR,mastercard,debit
557989,00-99,CITIBANK N.A.,AE,mastercard,credit
557990,00-99,BANCO PLAZA C.A.,VE,mastercard,debit
557991,00-99,BANCO NACIONAL DE MEXICO S.A.,MX,mastercard,debit
557992,00-99,CIMB BANK BERHAD,MY,private label,credit
557993,00-99,HERITAGE INTERNATIONAL BANK & TRUST LTD.,BZ,mastercard,debit
557994,00-99,FIRST DATA CONO SUR S.R.L.,AR,mastercard,credit
557995,00-99,CAPITAL ONE N.A.,US,mastercard,credit
557996,00-99,HUB INSTITUICAO DE PAGAMENTO SA,BR,mastercard,debit
557997,00-99,CAPITAL ONE N.A.,US,mastercard,credit
557998,00-99,BANK OF CHINA (AUSTRALIA) LTD.,AU,mastercard,credit
557999,00-99,HUB PAGAMENTOS S.A.,BR,mastercard,debit
558000,00-99,FIFTH THIRD BANK,US,mastercard,debit
558001,00-99,FISERV SOLUTIONS LLC,US,mastercard,debit
558002,00-99,CU COOPERATIVE SYSTEMS LLC,US,mastercard,debit
558003,00-99,MEMBERS FIRST CREDIT UNION,US,mastercard,debit
558004,00-99,BUSEY BANK,US,mastercard,debit
558005,00-99,FIDELITY INFORMATION SERVICES INC.,US,mastercard,debit
558006,00-99,JACK HENRY & ASSOCIATES,US,mastercard,debit
558007,00-99,FISERV SOLUTIONS LLC,US,mastercard,debit
558008,00-99,LAKE FOREST BANK & TRUST COMPANY N.A.,US,mastercard,debit
558009,00-99,RAWBANK SARL,CD,mastercard,debit
558010,00-99,WEBBANK,US,mastercard,credit
558011,00-99,CHINA GUANGFA BANK CO. LTD,CN,mastercard,credit
558012,00-99,FARMERS & MERCHANTS STATE BANK,US,mastercard,debit
558013,00-99,JACK HENRY & ASSOCIATES,US,mastercard,debit
558014,00-99,FIDELITY INFORMATION SERVICES INC.,US,mastercard,debit
558015,00-99,BNB BANK,US,mastercard,debit
558016,00-99,JPMORGAN CHASE BANK N.A.,US,mastercard,debit
558017,00-99,JPMORGAN CHASE BANK N.A.,US,mastercard,debit
558018,00-99,HO CHI MINH CITY DEVELOPMENT JOINT STOCK COMMERCIAL BANK,VN,mastercard,credit
558019,00-99,JPMORGAN CHASE BANK N.A.,US,mastercard,debit
558020,00-99,ICBA BANCARD INC.,US,mastercard,debit
558021,00-99,PREPAY TECHNOLOGIES LTD.,BE,mastercard,debit
558022,00-99,VALLEY NATIONAL BANK,US,mastercard,debit
558023,00-99,VIETNAM EXPORT-IMPORT COMMERCIAL JOINT STOCK BANK,VN,mastercard,credit
558024,00-99,FIDELITY INFORMATION SERVICES INC.,US,mastercard,debit
558025,00-99,FIDELITY INFORMATION SERVICES INC.,US,mastercard,debit
558026,00-99,BANKFIRST FINANCIAL SERVICES,US,mastercard,debit
558027,00-99,VTB BANK (PUBLIC JOINT-STOCK COMPANY),RU,mastercard,debit
558028,00-99,FISERV SOLUTIONS LLC,US,mastercard,debit
558029,00-99,CITIZENS NATIONAL BANK OF SOMERSET,US,mastercard,debit
558030,00-99,TURKISH BANK A.S.,TR,mastercard,debit
558031,00-99,FRANKENMUTH CREDIT UNION,US,mastercard,debit
558032,00-99,CHEMICAL BANKA DIVISION OF TCF NB,US,mastercard,debit
558033,00-99,EASTERN BANK,US,mastercard,debit
558034,00-99,ICBA BANCARD INC.,US,mastercard,debit
558035,00-99,COOPERATIVA DE AHORRO Y CREDITO OSCUS LTDA,EC,mastercard,debit
558036,00-99,FAYSAL BANK LTD.,PK,mastercard,credit
558037,00-99,FIRST INTERSTATE BANK,US,mastercard,debit
558038,00-99,KENTUCKY FARMERS BANK CORPORATION,US,mastercard,debit
558039,00-99,BANCARD S.A.,PY,mastercard,debit
558040,00-99,JACK HENRY & ASSOCIATES,US,mastercard,debit
558041,00-99,FISERV SOLUTIONS LLC,US,mastercard,debit
558042,00-99,FISERV SOLUTIONS LLC,US,mastercard,debit
558043,00-99,AVIDIA BANK,US,mastercard,credit
558044,00-99,FISERV SOLUTIONS LLC,US,mastercard,debit
558045,00-99,JACK HENRY & ASSOCIATES,US,mastercard,debit
558046,00-99,JACK HENRY & ASSOCIATES,US,mastercard,debit
558047,00-99,EQUALS MONEY INTERNATIONAL LTD.,GB,mastercard,debit
558048,00-99,FISERV SOLUTIONS LLC,US,mastercard,debit
558049,00-99,FIDELITY INFORMATION SERVICES INC.,US,mastercard,debit
558050,00-99,FIDELITY INFORMATION SERVICES INC.,US,mastercard,debit
558051,00-99,FIFTH THIRD BANK,US,mastercard,debit
558052,00-99,FISERV SOLUTIONS LLC,US,mastercard,debit
558053,00-99,SHAZAM INC.,US,mastercard,debit
558054,00-99,FISERV SOLUTIONS LLC,US,mastercard,debit
558055,00-99,FIDELITY INFORMATION SERVICES INC.,US,mastercard,debit
558056,00-99,GMO AOZORA NET BANK LTD.,JP,mastercard,debit
558057,00-99,FISERV SOLUTIONS LLC,US,mastercard,debit
558058,00-99,STOCK YARDS BANK & TRUST COMPANY,US,mastercard,debit
558059,00-99,FISERV SOLUTIONS LLC,US,mastercard,debit
558060,00-99,PEOPLES BANK,US,mastercard,debit
558061,00-99,U.S. BANK N.A.,US,mastercard,debit
558062,00-99,RIO BANK,US,mastercard,debit
558063,00-99,ORION FEDERAL CREDIT UNION,US,mastercard,debit
558064,00-99,FISERV SOLUTIONS LLC,US,mastercard,debit
558065,00-99,FISERV SOLUTIONS LLC,US,mastercard,debit
558066,00-99,JACK HENRY & ASSOCIATES,US,mastercard,debit
558067,00-99,DATA CENTER INCORPORATED,US,mastercard,debit
558068,00-99,FIFTH THIRD BANK,US,mastercard,credit
558069,00-99,OLD NATIONAL BANK,US,mastercard,debit
558070,00-99,CU COOPERATIVE SYSTEMS LLC,US,mastercard,debit
558071,00-99,CHINA GUANGFA BANK CO. LTD,CN,mastercard,credit
558072,00-99,COMPUTER SERVICES INC.,US,mastercard,debit
558073,00-99,MORTON COMMUNITY BANK,US,mastercard,debit
558074,00-99,FISERV SOLUTIONS LLC,US,mastercard,debit
558075,00-99,FISERV SOLUTIONS LLC,US,mastercard,debit
558076,00-99,JPMORGAN CHASE BANK N.A.,US,mastercard,debit
558077,00-99,FISERV SOLUTIONS LLC,US,mastercard,debit
558078,00-99,JACK HENRY & ASSOCIATES,US,mastercard,debit
558079,00-99,FISERV SOLUTIONS LLC,US,mastercard,debit
558080,00-99,SUNWARD FEDERAL CREDIT UNION,US,mastercard,debit
558081,00-99,ENTROPAY LTD.,GB,mastercard,debit
558082,00-99,THE VILLAGE BANK,US,mastercard,debit
558083,00-99,UNITED COMMUNITY BANK,US,mastercard,debit
558084,00-99,PHOENIXVILLE FEDERAL BANK AND TRUST,US,mastercard,debit
558085,00-99,COMMERCIAL BANK OF DUBAI,AE,mastercard,debit
558086,00-99,CAPITAL ONE NATIONAL ASSOCIATION,US,mastercard,debit
558087,00-99,FIDELITY INFORMATION SERVICES INC.,US,mastercard,debit
558088,00-99,FIDELITY INFORMATION SERVICES INC.,US,mastercard,debit
558089,00-99,BANKA CREDINS SH. A.,XK,mastercard,credit
558090,00-99,PAYMENTS AND SETTLEMENTS JSC,RU,mastercard,debit
558091,00-99,CAMBRIDGE SAVINGS BANK,US,mastercard,debit
558092,00-99,MARQUETTE BANK,US,mastercard,debit
558093,00-99,FISERV SOLUTIONS LLC,US,mastercard,debit
558094,00-99,FISERV SOLUTIONS LLC,US,mastercard,debit
558095,00-99,FISERV SOLUTIONS LLC,US,mastercard,debit
558096,00-99,PUBLIC JOINT STOCK COMPANY PROMSVYAZBANK,RU,mastercard,debit
558097,00-99,BANK OF AMERICA NATIONAL ASSOCIATION,US,mastercard,debit
558098,00-99,BMO BANK NATIONAL ASSOCIATION,US,mastercard,credit
558099,00-99,SANDY SPRING BANK,US,mastercard,debit
558100,00-99,FISERV SOLUTIONS LLC,US,mastercard,debit
558101,00-99,CITIBANK N.A.,US,mastercard,debit
558102,00-99,ROCKLAND TRUST COMPANY,US,mastercard,debit
558103,00-99,FIRST NATIONAL BANK,US,mastercard,debit
558104,00-99,FIRST COMMERCE CREDIT UNION,US,mastercard,debit
558105,00-99,TOKA INTERNACIONAL S.A.P.I. DE CV,MX,mastercard,credit
558106,00-99,LAKE FOREST BANK & TRUST COMPANY N.A.,US,mastercard,debit
558107,00-99,JACK HENRY & ASSOCIATES,US,mastercard,debit
558108,00-99,FISERV SOLUTIONS LLC,US,mastercard,debit
558109,00-99,FISERV SOLUTIONS LLC,US,mastercard,debit
558110,00-99,FIDELITY INFORMATION SERVICES INC.,US,mastercard,debit
558111,00-99,VANTAGE BANK TEXAS,US,mastercard,debit
558112,00-99,FIDELITY INFORMATION SERVICES INC.,US,mastercard,debit
558113,00-99,KENYA COMMERCIAL BANK,KE,mastercard,credit
558114,00-99,BMO HARRIS BANK N.A.,US,mastercard,debit
558115,00-99,BOKF NATIONAL ASSOCIATION,US,mastercard,credit
558116,00-99,UNION BANK COMPANY,US,mastercard,debit
558117,00-99,EASTERN BANK,US,mastercard,debit
558118,00-99,CADENCE BANK,US,mastercard,debit
558119,00-99,FISERV SOLUTIONS LLC,US,mastercard,debit
558120,00-99,BANCO SANTANDER (BRASIL) S.A.,BR,mastercard,credit
558121,00-99,JACK HENRY & ASSOCIATES,US,mastercard,debit
558122,00-99,JACK HENRY & ASSOCIATES,US,mastercard,debit
558123,00-99,FISERV SOLUTIONS LLC,US,mastercard,debit
558124,00-99,FISERV SOLUTIONS LLC,US,mastercard,debit
558125,00-99,NATIONAL BANK OF MALAWI,MW,mastercard,debit
558126,00-99,BANCO SANTANDER (BRASIL) S.A.,BR,mastercard,credit
558127,00-99,COUNTRY BANK FOR SAVINGS,US,mastercard,debit
558128,00-99,FISERV SOLUTIONS LLC,US,mastercard,debit
558129,00-99,FREMONT BANK,US,mastercard,debit
558130,00-99,BELL BANK,US,mastercard,debit
558131,00-99,COMPUTER SERVICES INC.,US,mastercard,debit
558132,00-99,SAFENETPAY SERVICES COMPANY LTD.,GB,mastercard,debit
558133,00-99,KCB BANK KENYA LTD.,KE,mastercard,debit
558134,00-99,FIRST NATIONAL BANK ALASKA,US,mastercard,debit
558135,00-99,ITAU UNIBANCO S.A.,BR,mastercard,credit
558136,00-99,GATE CITY BANK,US,mastercard,debit
558137,00-99,SUTTON BANK,US,mastercard,debit
558138,00-99,ST. ANNES CREDIT UNION,US,mastercard,debit
558139,00-99,KEYBANK N.A.,US,mastercard,debit
558140,00-99,BANCO COMAFI S.A.,AR,mastercard,credit
558141,00-99,FISERV SOLUTIONS LLC,US,mastercard,debit
558142,00-99,BERKSHIRE BANK,US,mastercard,debit
558143,00-99,FIDELITY INFORMATION SERVICES INC.,US,mastercard,debit
558144,00-99,PSCU INCORPORATED,US,mastercard,debit
558145,00-99,FISERV SOLUTIONS LLC,US,mastercard,debit
558146,00-99,FIFTH THIRD BANK,US,mastercard,debit
558147,00-99,FISERV SOLUTIONS LLC,US,mastercard,debit
558148,00-99,BANK RHODE ISLAND,US,mastercard,debit
558149,00-99,FISERV SOLUTIONS LLC,US,mastercard,debit
558150,00-99,FIDELITY INFORMATION SERVICES INC.,US,mastercard,debit
558151,00-99,ENTERPRISE BANK & TRUST,US,mastercard,debit
558152,00-99,CHINA CONSTRUCTION BANK,CN,mastercard,credit
558153,00-99,MERCANTIL BANCO S.A.,PA,mastercard,debit
558154,00-99,FISERV SOLUTIONS LLC,US,mastercard,debit
558155,00-99,FISERV SOLUTIONS LLC,US,mastercard,debit
558156,00-99,FIDELITY INFORMATION SERVICES INC.,US,mastercard,debit
558157,00-99,JD BANK,US,mastercard,debit
558158,00-99,PAYPAL,US,mastercard,credit
558159,00-99,FIFTH THIRD BANK,US,mastercard,debit
558160,00-99,FIDELITY INFORMATION SERVICES INC.,US,mastercard,debit
558161,00-99,FISERV SOLUTIONS LLC,US,mastercard,debit
558162,00-99,BANK OF MONTREAL,CA,mastercard,credit
558163,00-99,REPUBLIC BANK & TRUST COMPANY,US,mastercard,debit
558164,00-99,NUMIA SPA,IT,mastercard,credit
558165,00-99,FIFTH THIRD BANK,US,mastercard,credit
558166,00-99,DELAVSKA HRANILNICA D.D. LJUBLJANA,SI,mastercard,debit
558167,00-99,CADENCE BANK,US,mastercard,debit
558168,00-99,ENTERPRISE BANK & TRUST COMPANY,US,mastercard,debit
558169,00-99,FISERV SOLUTIONS LLC,US,mastercard,debit
558170,00-99,MECHANICS BANK,US,mastercard,debit
558171,00-99,OPTAL FINANCIAL EUROPE LTD.,NL,mastercard,debit
558172,00-99,FISERV SOLUTIONS LLC,US,mastercard,debit
558173,00-99,PUBLIC JOINT STOCK COMPANY BANK URALSIB,RU,mastercard,credit
558174,00-99,UNION,US,mastercard,credit
558175,00-99,COMPUTER SERVICES INC.,US,mastercard,debit
558176,00-99,ESSA BANK & TRUST,US,mastercard,debit
558177,00-99,PSCU INCORPORATED,US,mastercard,debit
558178,00-99,FISERV SOLUTIONS LLC,US,mastercard,debit
558179,00-99,BOKF NATIONAL ASSOCIATION,US,mastercard,debit
558180,00-99,FORUM CREDIT UNION,US,mastercard,debit
558181,00-99,STIFEL BANK,US,mastercard,credit
558182,00-99,SHAZAM INC.,US,mastercard,debit
558183,00-99,CHINA CONSTRUCTION BANK,CN,mastercard,credit
558184,00-99,BANCO ATLANTIDA S.A.,HN,mastercard,debit
558185,00-99,FIDELITY INFORMATION SERVICES INC.,US,mastercard,debit
558186,00-99,JACK HENRY & ASSOCIATES,US,mastercard,debit
558187,00-99,SHAZAM INC.,US,mastercard,debit
558188,00-99,FISERV SOLUTIONS LLC,US,mastercard,debit
558189,00-99,LIBERTY BANK,US,mastercard,debit
558190,00-99,SHAZAM INC.,US,mastercard,debit
558191,00-99,STAR PROCESSING INC.,US,mastercard,credit
558192,00-99,FISERV SOLUTIONS LLC,US,mastercard,debit
558193,00-99,FISERV SOLUTIONS LLC,US,mastercard,debit
558194,00-99,FIRST HARRISON BANK,US,mastercard,debit
558195,00-99,FIDELITY INFORMATION SERVICES INC.,US,mastercard,debit
558196,00-99,SUTTON BANK,US,mastercard,debit
558197,00-99,BELANEA MEXICO SAPI DE CV,MX,mastercard,debit
558198,00-99,COASTAL COMMUNITY BANK,US,mastercard,debit
558199,00-99,ST. MARY'S CREDIT UNION,US,mastercard,debit
558200,00-99,DUTCH BANGLA BANK LTD.,BD,mastercard,credit
558201,00-99,FISERV SOLUTIONS LLC,US,mastercard,debit
558202,00-99,PAYRNET LTD.,GB,mastercard,credit
558203,00-99,LAKE FOREST BANK & TRUST COMPANY N.A.,US,mastercard,debit
558204,00-99,STOCK YARDS BANK & TRUST COMPANY,US,mastercard,debit
558205,00-99,CENTRA CREDIT UNION,US,mastercard,debit
558206,00-99,CAPITAL,US,mastercard,credit
558207,00-99,JACK HENRY & ASSOCIATES,US,mastercard,debit
558208,00-99,ASIA UNITED BANK CORPORATION,PH,mastercard,credit
558209,00-99,JACK HENRY & ASSOCIATES,US,mastercard,debit
558210,00-99,WOODFOREST NATIONAL BANK,US,mastercard,debit
558211,00-99,BOKF NATIONAL ASSOCIATION,US,mastercard,debit
558212,00-99,PEOPLES BANK,US,mastercard,debit
558213,00-99,COMPUTER SERVICES INC.,US,mastercard,debit
558214,00-99,NATIONAL AUSTRALIA BANK LTD.,AU,mastercard,credit
558215,00-99,VAKIF KATILIM BANKASI,TR,mastercard,debit
558216,00-99,KEARNY BANK,US,mastercard,debit
558217,00-99,FARMERS NATIONAL BANK OF CANFIELD,US,mastercard,debit
558218,00-99,HUMM (NZ) LTD.,NZ,mastercard,credit
558219,00-99,HOUSING & DEVELOPMENT BANK,EG,mastercard,debit
558220,00-99,FISERV SOLUTIONS LLC,US,mastercard,debit
558221,00-99,PROVIDENT BANK,US,mastercard,debit
558222,00-99,FISERV SOLUTIONS LLC,US,mastercard,debit
558223,00-99,JACK HENRY & ASSOCIATES,US,mastercard,debit
558224,00-99,CAPITAL ONE NATIONAL ASSOCIATION,US,mastercard,debit
558225,00-99,DATA CENTER INCORPORATED,US,mastercard,debit
558226,00-99,CHECKOUT SAS,FR,mastercard,debit
558227,00-99,FISERV TRANSACTION SERVICES LLC,US,mastercard,debit
558228,00-99,JACK HENRY & ASSOCIATES,US,mastercard,debit
558229,00-99,FIRST COMMONWEALTH BANK,US,mastercard,debit
558230,00-99,FIDELITY INFORMATION SERVICES INC.,US,mastercard,debit
558231,00-99,FISERV TRANSACTION SERVICES LLC,US,mastercard,debit
558232,00-99,JACK HENRY & ASSOCIATES,US,mastercard,debit
558233,00-99,RENASANT BANK,US,mastercard,debit
558234,00-99,PROSPERITY,US,mastercard,credit
558235,00-99,REVOLUT LTD.,GB,mastercard,credit
558236,00-99,FISERV SOLUTIONS LLC,US,mastercard,debit
558237,00-99,SHAZAM INC.,US,mastercard,debit
558238,00-99,GUARANTY BANK & TRUST N.A.,US,mastercard,debit
558239,00-99,PEOPLES TRUST COMPANY,CA,mastercard,debit
558240,00-99,LAKE FOREST BANK & TRUST COMPANY N.A.,US,mastercard,debit
558241,00-99,U.S. BANK N.A.,US,mastercard,debit
558242,00-99,FISERV SOLUTIONS LLC,US,mastercard,debit
558243,00-99,FIFTH THIRD BANK,US,mastercard,debit
558244,00-99,TEXAS FIRST BANK,US,mastercard,debit
558245,00-99,FISERV SOLUTIONS LLC,US,mastercard,debit
558246,00-99,EMERCHANTPAY LTD.,GR,mastercard,debit
558247,00-99,FISERV SOLUTIONS LLC,US,mastercard,debit
558248,00-99,FIDELITY INFORMATION SERVICES INC.,US,mastercard,debit
558249,00-99,FISERV SOLUTIONS LLC,US,mastercard,debit
558250,00-99,CHASE BANK USA N.A.,US,mastercard,credit
558251,00-99,ANZ BANK NEW ZEALAND LTD.,NZ,mastercard,credit
558252,00-99,I & M BANK LTD.,KE,mastercard,debit
558253,00-99,BOKIS,DK,mastercard,debit
558254,00-99,PUBLIC JOINT-STOCK COMPANY PROMSVYAZBANK,RU,mastercard,credit
558255,00-99,TCM BANK N.A.,US,mastercard,credit
558256,00-99,POWSZECHNA KASA OSZCZEDNOSCI BANK POLSKI S.A. (PKO BANK),PL,mastercard,credit
558257,00-99,UBI BANCA S.P.A.,IT,mastercard,credit
558258,00-99,PJSC ROSBANK,RU,mastercard,credit
558259,00-99,JOINT-STOCK COMPANY UKRSIBBANK,UA,mastercard,credit
558260,00-99,JOINT STOCK COMPANY UKRSOTSBANK,UA,mastercard,credit
558261,00-99,HO CHI MINH CITY DEVELOPMENT JOINT STOCK COMMERCIAL BANK,VN,mastercard,credit
558262,00-99,JOINT STOCK COMPANY KREDOBANK,UA,mastercard,credit
558263,00-99,CB MOLDOVA-AGROINDBANK S.A.,MD,mastercard,credit
558264,00-99,PINNACLE BANK,US,mastercard,debit
558265,00-99,SWISSCARD AECS GMBH,CH,mastercard,credit
558266,00-99,SWISSCARD AECS GMBH,CH,mastercard,credit
558267,00-99,BOKIS,DK,mastercard,debit
558268,00-99,PUBLIC JOINT-STOCK COMPANY PROMSVYAZBANK,RU,mastercard,credit
558269,00-99,EVROFINANCE MOSNARBANK,RU,mastercard,credit
558270,00-99,RAIFFEISENBANK A.S.,CZ,mastercard,credit
558271,00-99,FIRST NATIONAL BANK,US,mastercard,debit
558272,00-99,CB MOLDOVA-AGROINDBANK S.A.,MD,mastercard,credit
558273,00-99,AO RAIFFEISENBANK,RU,mastercard,credit
558274,00-99,PJSC ROSBANK,RU,mastercard,credit
558275,00-99,PUBLIC JOINT STOCK COMPANY BANK URALSIB,RU,mastercard,credit
558276,00-99,SERVIRED SOCIEDAD ESPANOLA DE MEDIOS DE PAGO S.A.,ES,mastercard,credit
558277,00-99,JOINT STOCK COMMERCIAL BANK MOLDINDCONBANK S.A.,MD,mastercard,credit
558278,00-99,NUMIA SPA,IT,mastercard,credit
558279,00-99,FISERV SOLUTIONS LLC,US,mastercard,credit
558280,00-99,HUNGARIAN VOLKSBANK LTD.,HU,mastercard,credit
558281,00-99,BOKIS,DK,mastercard,debit
558282,00-99,SEB BANKAS AB,LT,mastercard,credit
558283,00-99,FRANSABANK SAL,LB,mastercard,credit
558284,00-99,BANCO PICHINCHA C.A.,EC,mastercard,credit
558285,00-99,BRADESCO ADMINISTRADORA DE CARTOES DE CREDITO LTDA,BR,mastercard,credit
558286,00-99,BANKA CREDITAS A.S.,CZ,mastercard,credit
558287,00-99,HUNTINGTON NATIONAL BANK,US,mastercard,credit
558288,00-99,FIRST ARKANSAS BANK AND TRUST,US,mastercard,credit
558289,00-99,,US,mastercard,credit
558290,00-99,DANSKE BANK A/S,EE,mastercard,credit
558291,00-99,JOINT STOCK COMPANY HALYK BANK OF KAZAKHSTAN,KZ,mastercard,credit
558292,00-99,JOINT STOCK COMPANY SURGUTNEFTEGASBANK,RU,mastercard,credit
558293,00-99,BANCO AGROMERCANTIL S.A.,GT,mastercard,credit
558294,00-99,NEDBANK LTD.,ZA,mastercard,credit
558295,00-99,BOKIS,DK,mastercard,debit
558296,00-99,PJSC ROSBANK,RU,mastercard,credit
558297,00-99,ITAU UNIBANCO S.A.,BR,mastercard,credit
558298,00-99,NATIONAL BANK TRUST OJSC,RU,mastercard,debit
558299,00-99,SCOTIABANK INVERLAT S.A.,MX,mastercard,credit
558300,00-99,OJSC SWEDBANK,UA,mastercard,credit
558301,00-99,MAGNET MAGYAR KOZOSSEGI BANK ZRT.,HU,mastercard,debit
558302,00-99,UK FIRST FINTECH LTD.,GB,mastercard,debit
558303,00-99,ITAU UNIBANCO S.A.,BR,mastercard,credit
558304,00-99,BOKIS,DK,mastercard,debit
558305,00-99,CREDICARD S.A.,BR,mastercard,credit
558306,00-99,EDENRED MEXICO S.A DE C.V,MX,mastercard,debit
558307,00-99,CREDICARD S.A.,BR,mastercard,credit
558308,00-99,CREDICARD S.A.,BR,mastercard,credit
558309,00-99,CREDICARD S.A.,BR,mastercard,credit
558310,00-99,COMMUNITY FEDERAL SAVINGS BANK,US,mastercard,debit
558311,00-99,THE STATE EXPORT-IMPORT BANK OF UKRAINE (UKREXIMBANK),UA,mastercard,credit
558312,00-99,BOKIS,DK,mastercard,debit
558313,00-99,BOKIS,DK,mastercard,debit
558314,00-99,BOKIS,DK,mastercard,credit
558315,00-99,BOKIS,DK,mastercard,credit
558316,00-99,BOKIS,DK,mastercard,credit
558317,00-99,SVENSKA HANDELSBANKEN AB,DK,mastercard,credit
558318,00-99,AS LHV PANK,EE,mastercard,credit
558319,00-99,SOCIETE ARABE INTERNATIONALE DE BANQUE,EG,mastercard,debit
558320,00-99,COMMONWEALTH BANK OF AUSTRALIA,AU,mastercard,credit
558321,00-99,COMMONWEALTH BANK OF AUSTRALIA,AU,mastercard,credit
558322,00-99,INTERCAM BANCOS.A. INSTITUCION DE BANCA MULTIPLE,MX,mastercard,credit
558323,00-99,PT BANK UOB INDONESIA,ID,mastercard,credit
558324,00-99,CAIXA CENTRAL DE CREDITO AGRICOLA MUTUO,PT,mastercard,credit
558325,00-99,PHOTON DANCE (HONG KONG) LTD.,HK,mastercard,credit
558326,00-99,PUBLIC JOINT STOCK COMPANY BANK URALSIB,RU,mastercard,credit
558327,00-99,PJSC BANK CREDIT DNEPR,UA,mastercard,credit
558328,00-99,JOINT-STOCK COMPANY BANK OF GEORGIA,GE,mastercard,credit
558329,00-99,LUMINOR BANK AS,LT,mastercard,credit
558330,00-99,ABLV BANK A.S.,LV,mastercard,credit
558331,00-99,MAX IT FINANCE LTD.,IL,mastercard,credit
558332,00-99,CARD SERVICES FOR CREDIT UNIONS INC.,US,mastercard,credit
558333,00-99,PSCU FINANCIAL SERVICES INC.,US,mastercard,credit
558334,00-99,CJSC ALFA-BANK,RU,mastercard,credit
558335,00-99,PUBLIC JSC ACCENT-BANK,UA,mastercard,credit
558336,00-99,T.C. ZIRAAT BANKASI A.S.,TR,mastercard,credit
558337,00-99,CROSS RIVER BANK,US,mastercard,credit
558338,00-99,UNICREDIT BULBANK A.D.,BG,mastercard,credit
558339,00-99,HATTON NATIONAL BANK PLC,LK,mastercard,credit
558340,00-99,COMPUTER SERVICES INC.,US,mastercard,debit
558341,00-99,SUTTON BANK,US,mastercard,debit
558342,00-99,RIETUMU BANKA,LV,mastercard,credit
558343,00-99,PNC BANK N.A.,US,mastercard,credit
558344,00-99,MASTERCARD - 55 BIN RANGE ACCEPTANCE,US,mastercard,debit
558345,00-99,EVOLVE BANK & TRUST,US,mastercard,credit
558346,00-99,BANK OF MONTREAL,CA,mastercard,credit
558347,00-99,BANCO ITAU CHILE,CL,mastercard,credit
558348,00-99,ALIOR BANK SPOLKA AKCYJNA,PL,mastercard,credit
558349,00-99,EIKA KREDITTBANK AS,NO,mastercard,credit
558350,00-99,SANTANDER BANK POLSKA S.A.,PL,mastercard,credit
558351,00-99,BANCO INDUSTRIAL S.A.,GT,mastercard,credit
558352,00-99,CAPITAL BANK OF JORDAN,JO,mastercard,credit
558353,00-99,BBVA BANCO FRANCES,AR,mastercard,credit
558354,00-99,PUBLIC JOINT STOCK COMPANY BANK URALSIB,RU,mastercard,credit
558355,00-99,GAZPROMBANK (JOINT STOCK COMPANY),RU,mastercard,credit
558356,00-99,PUBLIC JOINT STOCK COMPANY BANK URALSIB,RU,mastercard,credit
558357,00-99,HUNGARIAN VOLKSBANK LTD.,HU,mastercard,credit
558358,00-99,RBL BANK LTD.,IN,mastercard,debit
558359,00-99,SWEDBANK AS,LV,mastercard,credit
558360,00-99,INDUSTRIAL AND COMMERCIAL BANK OF CHINA LTD.,CN,mastercard,credit
558361,00-99,JORDAN AHLI BANK,JO,mastercard,credit
558362,00-99,AMIO BANK,AM,mastercard,credit
558363,00-99,FAMILY BANK LTD.,KE,mastercard,debit
558364,00-99,CAF BANK LTD.,GB,mastercard,credit
558365,00-99,BRANCH BANKING AND TRUST COMPANY,US,mastercard,credit
558366,00-99,BRANCH BANKING AND TRUST COMPANY,US,mastercard,credit
558367,00-99,SUNRISE BANKS NATIONAL ASSOCIATION,US,mastercard,debit
558368,00-99,DIPOCKET LTD.,GB,mastercard,debit
558369,00-99,BANCO DE LA NACION ARGENTINA,AR,mastercard,credit
558370,00-99,SHINHAN CARD CO. LTD.,KR,mastercard,credit
558371,00-99,HUNGARIAN VOLKSBANK LTD.,HU,mastercard,credit
558372,00-99,,HU,mastercard,credit
558373,00-99,AS UNICREDIT BANK,LV,mastercard,credit
558374,00-99,PUBLIC JOINT STOCK COMPANY BANK URALSIB,RU,mastercard,credit
558375,00-99,SC CITADELE BANKA,LT,mastercard,credit
558376,00-99,PUBLIC JSC FIRST UKRAINIAN INTERNATIONAL BANK,UA,mastercard,credit
558377,00-99,RAIFFEISEN ZENTRALBANK OSTERREICH AG (RZB),AT,mastercard,credit
558378,00-99,ASSOCIATED BANK N.A.,US,mastercard,credit
558379,00-99,DENIZBANK A.S.,TR,mastercard,credit
558380,00-99,ASA BANKA D.D. SARAJEVO,BA,mastercard,credit
558381,00-99,PUBLIC JSC FIRST UKRAINIAN INTERNATIONAL BANK,UA,mastercard,credit
558382,00-99,NEXI PAYMENTS S.P.A.,IT,mastercard,credit
558383,00-99,ITAU UNIBANCO S.A.,BR,mastercard,credit
558384,00-99,IBERCAJA BANCO S.A.,ES,mastercard,credit
558385,00-99,,RU,mastercard,credit
558386,00-99,PUBLIC JOINT-STOCK COMPANY BANK OTKRITIE FINANCIAL CORPORATION,RU,mastercard,credit
558387,00-99,PPF BANKA A.S.,CZ,mastercard,debit
558388,00-99,NATIONAL AUSTRALIA BANK LTD.,AU,mastercard,credit
558389,00-99,K&H BANK ZRT,HU,mastercard,debit
558390,00-99,THE INTERNATIONAL BANK OF AZERBAIJAN,AZ,mastercard,credit
558391,00-99,PUBLIC JOINT STOCK COMPANY BANK URALSIB,RU,mastercard,credit
558392,00-99,CANVAS CREDIT UNION,US,mastercard,credit
558393,00-99,J.S.C.B. BANK STANDARD,AZ,mastercard,credit
558394,00-99,ITAU UNIBANCO S.A.,BR,mastercard,credit
558395,00-99,ALIOR BANK SPOLKA AKCYJNA,PL,mastercard,credit
558396,00-99,AS INDUSTRA BANK (INDUSTRA),LV,mastercard,credit
558397,00-99,BNP PARIBAS,HU,mastercard,debit
558398,00-99,BNP PARIBAS,HU,mastercard,debit
558399,00-99,KOMERCNI BANKA A.S.,CZ,mastercard,credit
558400,00-99,PROFESSIONAL CARD PROCESSING CORP.,PA,mastercard,debit
558401,00-99,DEUTSCHER SPARKASSEN- UND GIROVERBAND,DE,mastercard,credit
558402,00-99,DEUTSCHER SPARKASSEN- UND GIROVERBAND,DE,mastercard,credit
558403,00-99,DEUTSCHER SPARKASSEN- UND GIROVERBAND,DE,mastercard,credit
558404,00-99,DEUTSCHER SPARKASSEN- UND GIROVERBAND,DE,mastercard,credit
558405,00-99,DEUTSCHER SPARKASSEN- UND GIROVERBAND,DE,mastercard,credit
558406,00-99,DEUTSCHER SPARKASSEN- UND GIROVERBAND,DE,mastercard,credit
558407,00-99,DEUTSCHER SPARKASSEN- UND GIROVERBAND,DE,mastercard,credit
558408,00-99,DEUTSCHER SPARKASSEN- UND GIROVERBAND,DE,mastercard,credit
558409,00-99,DEUTSCHER SPARKASSEN UND GIROVERBAND,DE,mastercard,credit
558410,00-99,DEUTSCHER SPARKASSEN- UND GIROVERBAND,DE,mastercard,credit
558411,00-99,DEUTSCHER SPARKASSEN- UND GIROVERBAND,DE,mastercard,credit
558412,00-99,CITIZENS BANK N.A.,US,mastercard,credit
558413,00-99,DEUTSCHER SPARKASSEN- UND GIROVERBAND,DE,mastercard,credit
558414,00-99,UKRAINIAN INNOVATION BANK JSC,UA,mastercard,credit
558415,00-99,FNBT BANK,US,mastercard,credit
558416,00-99,PJSC ROSBANK,RU,mastercard,credit
558417,00-99,BOC CREDIT CARD (INTERNATIONAL) LTD.,HK,mastercard,credit
558418,00-99,RED LINK S.A.,AR,mastercard,debit
558419,00-99,PAYRNET LTD.,GB,mastercard,credit
558420,00-99,WOORICARD CO. LTD,KR,mastercard,credit
558421,00-99,CHINA CITIC BANK INTERNATIONAL LTD.,HK,mastercard,credit
558422,00-99,PUBLIC JSC FIRST UKRAINIAN INTERNATIONAL BANK,UA,mastercard,credit
558423,00-99,BANCO DEL PICHINCHA C.A.,EC,mastercard,credit
558424,00-99,JSC CB PRIVATBANK,UA,mastercard,credit
558425,00-99,SEB KORT BANK AB,DK,mastercard,credit
558426,00-99,BANCO NACIONAL DE MEXICO S.A.,MX,mastercard,credit
558427,00-99,HANG SENG BANK LTD.,HK,mastercard,credit
558428,00-99,BARCLAYS BANK DELAWARE,US,mastercard,credit
558429,00-99,AXA BANK EUROPE N.V.,HU,mastercard,credit
558430,00-99,PAYWISER DOO,SI,mastercard,debit
558431,00-99,BANK POLSKA KASA OPIEKI S.A. - (BANK PEKAO S.A.),PL,mastercard,debit
558432,00-99,ROMANIAN COMMERCIAL BANK S.A. - BANCA COMERCIALA ROMANA S.A.,RO,mastercard,credit
558433,00-99,ATOM BANK PLC,GB,mastercard,credit
558434,00-99,IDFC FIRST BANK LTD.,IN,mastercard,debit
558435,00-99,ING BANK N.V.,ES,mastercard,debit
558436,00-99,ING BANK N.V.,ES,mastercard,debit
558437,00-99,STANDARD CHARTERED BANK (PAKISTAN) LTD.,PK,mastercard,credit
558438,00-99,MBH BANK NYRT.,HU,mastercard,debit
558439,00-99,ING BANK N.V.,ES,mastercard,credit
558440,00-99,BORGUN H.F.,IS,mastercard,credit
558441,00-99,DANSKE BANK A/S,DK,mastercard,debit
558442,00-99,ING BANK N.V.,ES,mastercard,credit
558443,00-99,DENIZBANK A.S.,TR,mastercard,credit
558444,00-99,NOVA KREDITNA BANKA MARIBOR D.D. MARIBOR,SI,mastercard,credit
558445,00-99,SLOVENSKA SPORITELNA A.S.,SK,mastercard,credit
558446,00-99,DENIZBANK A.S.,TR,mastercard,credit
558447,00-99,VTB BANK (PUBLIC JOINT-STOCK COMPANY),RU,mastercard,credit
558448,00-99,DENIZBANK A.S.,TR,mastercard,credit
558449,00-99,PAYNETICS AD,GB,mastercard,debit
558450,00-99,HDFC BANK LTD.,IN,mastercard,credit
558451,00-99,RED CROWN FEDERAL CREDIT UNION,US,mastercard,credit
558452,00-99,BANCO INDUSTRIAL S.A.,GT,mastercard,credit
558453,00-99,CITIBANK KOREA INC.,KR,mastercard,credit
558454,00-99,SERVICIOS FINANCIEROS CARREFOUR ESTABLECIMIENTO FINANCIERO DE CREDITO,ES,mastercard,credit
558455,00-99,GENERAL ELECTRIC EMPLOYEES FEDERAL CREDIT UNION,US,mastercard,credit
558456,00-99,PUBLIC JSC BANK FORUM,UA,mastercard,credit
558457,00-99,THREE RIVERS FEDERAL CREDIT UNION,US,mastercard,credit
558458,00-99,DANSKE BANK A/S,FI,mastercard,credit
558459,00-99,BUILTWELL BANK,US,mastercard,credit
558460,00-99,DENIZBANK A.S.,TR,mastercard,credit
558461,00-99,ZIRAAT BANKA AD SKOPJE,MK,mastercard,credit
558462,00-99,JOINT STOCK COMMERCIAL BANK MOSCOW INDUSTRIAL BANK,RU,mastercard,credit
558463,00-99,PUBLIC JOINT STOCK COMPANY BANK URALSIB,RU,mastercard,credit
558464,00-99,RBS BANK (ROMANIA) S.A.,RO,mastercard,credit
558465,00-99,RBS BANK (ROMANIA) S.A.,RO,mastercard,credit
558466,00-99,SGBBANK S.A.,PL,mastercard,credit
558467,00-99,SANTANDER BANK POLSKA S.A.,PL,mastercard,credit
558468,00-99,HERRING BANK,US,mastercard,credit
558469,00-99,OVERSEA-CHINESE BANKING CORP. LTD.,SG,mastercard,credit
558470,00-99,CARD SERVICES FOR CREDIT UNIONS INC.,US,mastercard,credit
558471,00-99,JSCB VICTORIABANK,MD,mastercard,credit
558472,00-99,AMERICAN HERITAGE FEDERAL CREDIT UNION,US,mastercard,credit
558473,00-99,BANK OF MONTREAL,US,mastercard,credit
558474,00-99,AMERICAN HERITAGE FEDERAL CREDIT UNION,US,mastercard,credit
558475,00-99,NEXI PAYMENTS SPA,IT,mastercard,credit
558476,00-99,NEXI PAYMENTS SPA,IT,mastercard,credit
558477,00-99,NEXI PAYMENTS SPA,IT,mastercard,credit
558478,00-99,NEXI PAYMENTS SPA,IT,mastercard,credit
558479,00-99,BANK OF MONTREAL,CA,mastercard,credit
558480,00-99,PJSC ROSBANK,RU,mastercard,credit
558481,00-99,VTB BANK (PUBLIC JOINT-STOCK COMPANY),RU,mastercard,credit
558482,00-99,BBVA USA,US,mastercard,credit
558483,00-99,PIRAEUS BANK S.A.,GR,mastercard,credit
558484,00-99,SWISSCARD AECS GMBH,CH,mastercard,credit
558485,00-99,ALTERNATIFBANK A.S.,TR,mastercard,credit
558486,00-99,JSC TRASTA KOMERCBANKA,LV,mastercard,credit
558487,00-99,PATHWARD NATIONAL ASSOCIATION,US,mastercard,debit
558488,00-99,BANK DOM.RF,RU,mastercard,credit
558489,00-99,DEUTSCHER SPARKASSEN- UND GIROVERBAND,DE,mastercard,credit
558490,00-99,TORONTO-DOMINION BANK,CA,mastercard,credit
558491,00-99,BANCO DE VENEZUELA S.A.C.A.,VE,mastercard,credit
558492,00-99,FISERV SOLUTIONS LLC,US,mastercard,credit
558493,00-99,CREDITO EMILIANO S.P.A.,IT,mastercard,credit
558494,00-99,GREEN DOT BANK,US,mastercard,debit
558495,00-99,RED LINK S.A.,AR,mastercard,debit
558496,00-99,AZERIGAZBANK OJSC,AZ,mastercard,credit
558497,00-99,FIRST NATIONAL BANK OF OMAHA,US,mastercard,credit
558498,00-99,DIPOCKET LTD.,GB,mastercard,debit
558499,00-99,UNICREDIT BANK CZECH REPUBLIC AND SLOVAKIA A.S.,CZ,mastercard,debit
558500,00-99,CREDIT CARD SERVICES JORDAN,JO,mastercard,debit
558501,00-99,COMMERCIAL BANK ASSISTANCE FOR PUBLIC INITIATIVES SOBINBANK,RU,mastercard,credit
558502,00-99,BANCARD S.A.,PY,mastercard,credit
558503,00-99,BC CARD CO. LTD.,KR,mastercard,credit
558504,00-99,PJSC ROSBANK,RU,mastercard,credit
558505,00-99,ABANKA D.D.,SI,mastercard,credit
558506,00-99,KB KOOKMIN CARD CO. LTD,KR,mastercard,credit
558507,00-99,,HU,mastercard,credit
558508,00-99,SERVIRED SOCIEDAD ESPANOLA DE MEDIOS DE PAGO S.A.,ES,mastercard,credit
558509,00-99,BC VICTORIABANK SA,MD,mastercard,credit
558510,00-99,COMMUNITY FEDERAL SAVINGS BANK,US,mastercard,debit
558511,00-99,BC CARD CO. LTD.,KR,mastercard,credit
558512,00-99,BC CARD CO. LTD.,KR,mastercard,credit
558513,00-99,RAIFFEISEN BANK DD BOSNIA HERZEGOVINA,BA,mastercard,credit
558514,00-99,DENIZBANK A.S.,TR,mastercard,credit
558515,00-99,TEYA ICELAND HF.,IS,mastercard,credit
558516,00-99,PUBLIC JOINT-STOCK COMPANY PROMSVYAZBANK,RU,mastercard,credit
558517,00-99,WELLS FARGO BANK N.A.,US,mastercard,credit
558518,00-99,VTB BANK (PUBLIC JOINT-STOCK COMPANY),RU,mastercard,credit
558519,00-99,UNICREDIT BANK AG,DE,mastercard,credit
558520,00-99,BC CARD CO. LTD.,KR,mastercard,credit
558521,00-99,BC CARD,KR,mastercard,credit
558522,00-99,BC CARD,KR,mastercard,credit
558523,00-99,BC CARD CO. LTD.,KR,mastercard,credit
558524,00-99,BC CARD,KR,mastercard,credit
558525,00-99,BC CARD CO. LTD.,KR,mastercard,credit
558526,00-99,KB KOOKMIN CARD CO. LTD,KR,mastercard,credit
558527,00-99,BC CARD CO. LTD.,KR,mastercard,credit
558528,00-99,NORDEA BANK POLSKA S.A.,PL,mastercard,credit
558529,00-99,FIRST PREMIER BANK,US,mastercard,credit
558530,00-99,EURO KARTENSYSTEME GMBH,DE,mastercard,credit
558531,00-99,BC CARD CO. LTD.,KR,mastercard,credit
558532,00-99,BC CARD CO. LTD.,KR,mastercard,credit
558533,00-99,BC CARD,KR,mastercard,credit
558534,00-99,JACK HENRY & ASSOCIATES,US,mastercard,debit
558535,00-99,JOINT STOCK COMMERCIAL BANK AVANGARD,RU,mastercard,credit
558536,00-99,AO RAIFFEISENBANK,RU,mastercard,credit
558537,00-99,OPEN JOINT-STOCK SOCIETY AZER-TURK BANK,AZ,mastercard,credit
558538,00-99,CU COOPERATIVE SYSTEMS,US,mastercard,credit
558539,00-99,BC CARD CO. LTD.,KR,mastercard,credit
558540,00-99,CAIXABANK S.A.,ES,mastercard,credit
558541,00-99,COMMUNITY FEDERAL SAVINGS BANK,US,mastercard,debit
558542,00-99,SILICON VALLEY BANK UK,GB,mastercard,credit
558543,00-99,BANKIA S.A.,ES,mastercard,credit
558544,00-99,IBERCAJA BANCO S.A.,ES,mastercard,credit
558545,00-99,SILICON VALLEY BANK UK,GB,mastercard,debit
558546,00-99,MASTERCAJAS S.A.,ES,mastercard,credit
558547,00-99,MASTERCAJAS S.A.,ES,mastercard,credit
558548,00-99,UENO HOLDING S.A.E.C.A.,PY,mastercard,credit
558549,00-99,UENO HOLDING S.A.E.C.A.,PY,mastercard,debit
558550,00-99,MASTERCAJAS S.A.,ES,mastercard,credit
558551,00-99,MASTERCAJAS S.A.,ES,mastercard,credit
558552,00-99,MASTERCAJAS S.A.,ES,mastercard,credit
558553,00-99,FIFTH THIRD BANK,US,mastercard,credit
558554,00-99,MASTERCAJAS S.A.,ES,mastercard,credit
558555,00-99,CAIXABANK S.A.,ES,mastercard,credit
558556,00-99,CAIXABANK S.A.,ES,mastercard,credit
558557,00-99,PEOPLES TRUST COMPANY,CA,mastercard,debit
558558,00-99,FISERV SOLUTIONS LLC,US,mastercard,debit
558559,00-99,BANCO BS2 S.A.,BR,mastercard,credit
558560,00-99,KUTXA BANK S.A.,ES,mastercard,credit
558561,00-99,TSB BANK LTD.,NZ,mastercard,credit
558562,00-99,BANCO BS2 S.A.,BR,maestro,debit
558563,00-99,RIYAD BANK,SA,mastercard,debit
558564,00-99,GBANK,US,mastercard,debit
558565,00-99,CITIBANK N.A.,US,mastercard,credit
558566,00-99,VERSE PAYMENTS LITHUANIA UAB,ES,mastercard,debit
558567,00-99,PEOPLES TRUST COMPANY,CA,mastercard,debit
558568,00-99,FISERV SOLUTIONS LLC,US,mastercard,debit
558569,00-99,CHINA BANKING CORPORATION,PH,mastercard,credit
558570,00-99,MASTERCAJAS S.A.,ES,mastercard,credit
558571,00-99,,ES,mastercard,credit
558572,00-99,EPAY NEW ZEALAND LTD.,NZ,mastercard,debit
558573,00-99,IBERCAJA,ES,mastercard,credit
558574,00-99,FIDELITY INFORMATION SERVICES INC.,US,mastercard,credit
558575,00-99,BANCO BS2 S.A.,BR,mastercard,credit
558576,00-99,FIDELITY INFORMATION SERVICES INC.,US,mastercard,credit
558577,00-99,BANCO BS2 S.A.,BR,mastercard,credit
558578,00-99,,US,mastercard,credit
558579,00-99,SWISSQUOTE BANK,CH,mastercard,debit
558580,00-99,CREDIT UNION OF TEXAS,US,mastercard,debit
558581,00-99,PAG AI TECNOLOGIA E INOVACAO SA,BR,mastercard,debit
558582,00-99,FISERV SOLUTIONS LLC,US,mastercard,credit
558583,00-99,SHAZAM INC.,US,mastercard,debit
558584,00-99,LIBERBANK S.A.,ES,mastercard,credit
558585,00-99,BANCO SABADELL S.A.,ES,mastercard,credit
558586,00-99,MASTERCAJAS S.A.,ES,mastercard,credit
558587,00-99,ARAB AFRICAN INTERNATIONAL BANK,EG,mastercard,debit
558588,00-99,MYANMA APEX BANK LTD.,MM,mastercard,credit
558589,00-99,BANCA ROMANA DE CREDITE SI INVESTITII S.A.,RO,mastercard,debit
558590,00-99,JOINT STOCK COMPANY VTB BANK (GEORGIA),GE,mastercard,credit
558591,00-99,PUBLIC JSC FIRST UKRAINIAN INTERNATIONAL BANK,UA,mastercard,credit
558592,00-99,EMIRATES NBD,AE,mastercard,credit
558593,00-99,ANADOLUBANK A.S.,TR,mastercard,credit
558594,00-99,SUN COMMUNITY FEDERAL CREDIT UNION,US,mastercard,credit
558595,00-99,SWEDBANK AB,LT,mastercard,credit
558596,00-99,ABSA BANK LTD.,ZA,mastercard,credit
558597,00-99,NETWORK INTERNATIONAL LLC,AE,mastercard,credit
558598,00-99,STANDARD BANK OF SOUTH AFRICA LTD.,ZA,mastercard,credit
558599,00-99,VIA PAYMENTS UAB,ES,mastercard,credit
558600,00-99,BANCO DE COSTA RICA,CR,mastercard,credit
558601,00-99,COMMONWEALTH BANK OF AUSTRALIA,AU,mastercard,credit
558602,00-99,COMMONWEALTH BANK OF AUSTRALIA,AU,mastercard,credit
558603,00-99,EVOLVE BANK & TRUST,US,mastercard,credit
558604,00-99,WESTPAC NEW ZEALAND LTD.,NZ,mastercard,credit
558605,00-99,PJSC ROSBANK,RU,mastercard,credit
558606,00-99,UNICREDIT SPA,IT,mastercard,credit
558607,00-99,MULTIBANK INC.,PA,mastercard,credit
558608,00-99,NLB BANKA AD PODGORICA,ME,mastercard,credit
558609,00-99,CORNER BANCA S.A.,CH,mastercard,credit
558610,00-99,CORNER BANCA S.A.,CH,mastercard,credit
558611,00-99,CORNER BANCA S.A.,CH,mastercard,credit
558612,00-99,CORNER BANCA S.A.,CH,mastercard,credit
558613,00-99,CORNER BANCA S.A.,CH,mastercard,credit
558614,00-99,CORNER BANCA S.A.,CH,mastercard,credit
558615,00-99,BOKIS,DK,mastercard,credit
558616,00-99,PJSC ORIENT FINANS,UZ,mastercard,credit
558617,00-99,BANCO DE COSTA RICA,CR,mastercard,credit
558618,00-99,WELLS FARGO BANK N.A.,US,mastercard,credit
558619,00-99,PUBLIC JOINT STOCK COMPANY BANK URALSIB,RU,mastercard,debit
558620,00-99,PUBLIC JOINT-STOCK COMPANY BANK OTKRITIE FINANCIAL CORPORATION,RU,mastercard,credit
558621,00-99,VTB BANK (PUBLIC JOINT-STOCK COMPANY),RU,mastercard,credit
558622,00-99,PT. BANK CIMB NIAGA TBK.,ID,mastercard,debit
558623,00-99,CESKOSLOVENSKA OBCHODNI BANKA A.S.,CZ,mastercard,credit
558624,00-99,BOKIS,DK,mastercard,credit
558625,00-99,PUBLIC JOINT-STOCK COMPANY BANK OTKRITIE FINANCIAL CORPORATION,RU,mastercard,credit
558626,00-99,UNICREDIT SPA,IT,mastercard,credit
558627,00-99,BANKA CREDINS SH. A.,AL,mastercard,credit
558628,00-99,U.S. BANK NATIONAL ASSOCIATION,US,mastercard,credit
558629,00-99,VTB BANK (PUBLIC JOINT-STOCK COMPANY),RU,mastercard,credit
558630,00-99,BANCO FALABELLA,CL,mastercard,debit
558631,00-99,TELLER A/S,DK,mastercard,credit
558632,00-99,COMPUTER SERVICES INC.,US,mastercard,debit
558633,00-99,BANCO DINERS CLUB DEL ECUADOR S.A.,EC,mastercard,credit
558634,00-99,ICBC TURKEY BANK A.S.,TR,mastercard,credit
558635,00-99,HERRING BANK,US,mastercard,credit
558636,00-99,PUBLIC JOINT-STOCK COMPANY BANK OTKRITIE FINANCIAL CORPORATION,RU,mastercard,credit
558637,00-99,BANK OF AMERICA NATIONAL ASSOCIATION,US,mastercard,credit
558638,00-99,BANK OF AMERICA NATIONAL ASSOCIATION,US,mastercard,credit
558639,00-99,UNICREDIT S.P.A.,IT,mastercard,credit
558640,00-99,MAURITIUS COMMERCIAL BANK (SEYCHELLES) LTD.,SC,mastercard,credit
558641,00-99,BANK OF AZERBAIJAN OJSC,AZ,mastercard,credit
558642,00-99,BANCO PATAGONIA S.A.,AR,mastercard,credit
558643,00-99,BANK MILLENNIUM S.A.,PL,mastercard,debit
558644,00-99,GRANIT BANK NYRT.,HU,mastercard,debit
558645,00-99,ITAU UNIBANCO S.A.,BR,mastercard,credit
558646,00-99,NEXI PAYMENTS SPA,IT,mastercard,credit
558647,00-99,GRANIT BANK NYRT.,HU,mastercard,debit
558648,00-99,TBI BANK EAD,BG,mastercard,credit
558649,00-99,YAPI KREDI BANK AZERBAIJAN CJSC,AZ,mastercard,credit
558650,00-99,CAPITAL ONE NATIONAL ASSOCIATION,US,mastercard,credit
558651,00-99,PUBLIC JOINT STOCK COMPANY BANK URALSIB,RU,mastercard,credit
558652,00-99,U.S. BANK NATIONAL ASSOCIATION,US,mastercard,credit
558653,00-99,CENTRAL COOPERATIVE BANK AD SKOPJE,MK,mastercard,credit
558654,00-99,ERSTE BANK HUNGARY ZRT.,HU,mastercard,debit
558655,00-99,CITIZENS BANK N.A.,US,mastercard,credit
558656,00-99,PUJSC FIDOBANK,UA,mastercard,credit
558657,00-99,BULGARIAN AMERICAN CREDIT BANK AD,BG,mastercard,credit
558658,00-99,,RU,mastercard,credit
558659,00-99,BANCO DEL PICHINCHA C.A.,EC,mastercard,credit
558660,00-99,CAPITAL ONE NATIONAL ASSOCIATION,US,mastercard,credit
558661,00-99,NOVA LJUBLJANSKA BANKA D.D. LJUBLJANA,SI,mastercard,credit
558662,00-99,,US,mastercard,credit
558663,00-99,CAPITAL ONE NATIONAL ASSOCIATION,US,mastercard,credit
558664,00-99,JOINT STOCK COMPANY BANK DOM.RF,RU,mastercard,credit
558665,00-99,,US,mastercard,credit
558666,00-99,U.S. BANK N.A.,US,mastercard,credit
558667,00-99,CAPITAL ONE NATIONAL ASSOCIATION,US,mastercard,credit
558668,00-99,WELLS FARGO BANK N.A.,US,mastercard,credit
558669,00-99,WELLS FARGO BANK N.A.,US,mastercard,credit
558670,00-99,CAPITAL ONE NATIONAL ASSOCIATION,US,mastercard,credit
558671,00-99,ADDIKO BANK A.D. BEOGRAD,RS,mastercard,credit
558672,00-99,PUBLIC JOINT STOCK COMPANY PROMSVYAZBANK,RU,mastercard,credit
558673,00-99,PJSC ROSBANK,RU,mastercard,credit
558674,00-99,BANCO DO BRASIL S.A.,BR,mastercard,credit
558675,00-99,PUBLIC JOINT-STOCK COMPANY BANK OTKRITIE FINANCIAL CORPORATION,RU,mastercard,credit
558676,00-99,BEGINNINGS CREDIT UNION,US,mastercard,credit
558677,00-99,,RU,mastercard,credit
558678,00-99,TRIPLINK INTERNATIONAL CO.LIMITED,HK,mastercard,credit
558679,00-99,BAWAG P.S.K. BANK,DE,mastercard,credit
558680,00-99,POSTAL SAVINGS BANK OF CHINA CO. LTD.,CN,mastercard,debit
558681,00-99,BAWAG P.S.K. BANK,DE,mastercard,credit
558682,00-99,OPEN JOINT-STOCK COMPANY BPS-SBERBANK,BY,mastercard,credit
558683,00-99,SALT BANK S.A.,RO,mastercard,credit
558684,00-99,UNICREDIT BANK SA,RO,mastercard,credit
558685,00-99,BANCO DE CHILE,CL,mastercard,credit
558686,00-99,NEXI PAYMENTS SPA,IT,mastercard,credit
558687,00-99,NEXI PAYMENTS SPA,IT,mastercard,credit
558688,00-99,NEXI PAYMENTS SPA,IT,mastercard,credit
558689,00-99,NEXI PAYMENTS SPA,IT,mastercard,credit
558690,00-99,,RU,mastercard,debit
558691,00-99,ZIRAATBANK BH D.D.,BA,mastercard,credit
558692,00-99,MORGAN STANLEY PRIVATE BANK NA,US,mastercard,debit
558693,00-99,PINNACLE BANK,US,mastercard,credit
558694,00-99,CREDIT MUTUEL ARKEA,FR,mastercard,debit
558695,00-99,THE BANK FOR DEVELOPMENT AND FOREIGN ECONOMIC AFFAIRS (VNESHECONOMBANK),RU,mastercard,credit
558696,00-99,BANK ZENIT,RU,mastercard,credit
558697,00-99,CREDIT UNION PAYMENT CENTER (LIMITED LIABILITY COMPANY),KG,mastercard,credit
558698,00-99,NATIONAL BANK OF KUWAIT (S.A.K.),EG,mastercard,debit
558699,00-99,TURKIYE GARANTI BANKASI A.S.,TR,mastercard,credit
558700,00-99,BANK OF MONTREAL,CA,mastercard,credit
558701,00-99,COMMONWEALTH BANK OF AUSTRALIA,AU,mastercard,credit
558702,00-99,DBS BANK LTD.,SG,mastercard,credit
558703,00-99,KHAN BANK LLC,MN,mastercard,credit
558704,00-99,SUTTON BANK,US,mastercard,debit
558705,00-99,SBM BANK (INDIA) LTD.,IN,mastercard,debit
558706,00-99,BANCO DEL SOL S.A.,AR,mastercard,credit
558707,00-99,MAURITIUS COMMERCIAL BANK LTD.,MV,mastercard,credit
558708,00-99,HSBC BANK EGYPT,EG,mastercard,credit
558709,00-99,OPTAL FINANCIAL LTD.,GB,mastercard,credit
558710,00-99,HSBC BANK EGYPT,EG,mastercard,credit
558711,00-99,HSBC BANK EGYPT,EG,mastercard,credit
558712,00-99,HSBC BANK EGYPT,EG,mastercard,credit
558713,00-99,JOINT-STOCK COMPANY RUSSIAN REGIONAL DEVELOPMENT BANK (RRDB),RU,mastercard,credit
558714,00-99,J.P. MORGAN EUROPE LTD.,GB,mastercard,credit
558715,00-99,CITIBANK N.A. SINGAPORE BRANCH,SG,mastercard,credit
558716,00-99,EASY PAYMENT SERVICES EOOD,BG,mastercard,debit
558717,00-99,CITIBANK EUROPE PUBLIC LIMITED COMPANY,IE,mastercard,credit
558718,00-99,OPTAL FINANCIAL LTD.,GB,mastercard,credit
558719,00-99,OPTAL FINANCIAL EUROPE LTD.,GB,mastercard,credit
558720,00-99,CITIBANK N.A.,ID,mastercard,credit
558721,00-99,LUFTHANSA AIRPLUS SERVICEKARTEN GMBH,GB,mastercard,credit
558722,00-99,LUFTHANSA AIRPLUS SERVICEKARTEN GMBH,GB,mastercard,credit
558723,00-99,KB KOOKMIN CARD CO. LTD,KR,mastercard,credit
558724,00-99,CITIBANK N.A.,AE,mastercard,credit
558725,00-99,BC CARD,KR,mastercard,credit
558726,00-99,BANK OF MONTREAL,US,mastercard,credit
558727,00-99,SCOTIABANK CHILE,CL,mastercard,credit
558728,00-99,ING BELGIUM,BE,mastercard,credit
558729,00-99,JPMORGAN CHASE BANK N.A.,US,mastercard,credit
558730,00-99,AGRICULTURAL BANK OF CHINA LTD.,CN,mastercard,credit
558731,00-99,OPTAL FINANCIAL LTD.,GB,mastercard,credit
558732,00-99,NEDBANK LTD.,ZA,mastercard,credit
558733,00-99,FIRST NATIONAL BANK OF OMAHA,US,mastercard,credit
558734,00-99,OPTAL FINANCIAL LTD.,GB,mastercard,credit
558735,00-99,HYUNDAICARD CO. LTD.,KR,mastercard,credit
558736,00-99,OPTAL FINANCIAL LTD.,GB,mastercard,credit
558737,00-99,ING BELGIUM,BE,mastercard,credit
558738,00-99,HANA CARD,KR,mastercard,credit
558739,00-99,COMERICA BANK,US,mastercard,credit
558740,00-99,TEYA ICELAND HF.,IS,mastercard,credit
558741,00-99,,US,mastercard,credit
558742,00-99,LUFTHANSA AIRPLUS SERVICEKARTEN GMBH,BE,mastercard,credit
558743,00-99,LUFTHANSA AIRPLUS SERVICEKARTEN GMBH,BE,mastercard,credit
558744,00-99,,MX,mastercard,credit
558745,00-99,,SE,mastercard,credit
558746,00-99,HARRIS N.A.,US,mastercard,credit
558747,00-99,NEDBANK LTD.,ZA,mastercard,credit
558748,00-99,PUBLIC JOINT-STOCK COMPANY BANK OTKRITIE FINANCIAL CORPORATION,RU,mastercard,debit
558749,00-99,SAMSUNG CARD CO. LTD.,KR,mastercard,credit
558750,00-99,ARAB FINANCIAL SERVICES COMPANY B.S.C. (C),BH,mastercard,debit
558751,00-99,GOLOMT BANK OF MONGOLIA,MN,mastercard,credit
558752,00-99,GOLOMT BANK OF MONGOLIA,MN,mastercard,credit
558753,00-99,CITIBANK N.A. SOUTH AFRICA,ZA,mastercard,credit
558754,00-99,OPTAL FINANCIAL LTD.,GB,mastercard,credit
558755,00-99,BAC A COMMERCIAL JOINT STOCK BANK,VN,mastercard,credit
558756,00-99,BANCO SANTANDER S.A.,ES,mastercard,credit
558757,00-99,CHASE BANK USA N.A.,US,mastercard,credit
558758,00-99,BOKF NATIONAL ASSOCIATION,US,mastercard,debit
558759,00-99,DEGUSSA,DE,mastercard,credit
558760,00-99,PROVIDUS BANK PLC,NG,mastercard,debit
558761,00-99,LUFTHANSA AIRPLUS SERVICEKARTEN GMBH,BE,mastercard,credit
558762,00-99,BANCO CARONI C.A. BANCO UNIVERSAL,VE,mastercard,credit
558763,00-99,CAIXA ECONOMICA FEDERAL,BR,mastercard,credit
558764,00-99,OPTAL FINANCIAL LTD.,GB,mastercard,credit
558765,00-99,BANK OF AMERICA NATIONAL ASSOCIATION,US,mastercard,credit
558766,00-99,PEOPLES TRUST COMPANY,CA,mastercard,debit
558767,00-99,JPMORGAN CHASE BANK N.A.,US,mastercard,credit
558768,00-99,SHINHAN CARD CO. LTD.,KR,mastercard,credit
558769,00-99,BANK OF THE PHILIPPINE ISLANDS,PH,mastercard,credit
558770,00-99,TARJETAS BANAMEX SA DE CV SOFOM E.R.,MX,mastercard,credit
558771,00-99,REDEBAN MULTICOLOR S.A.,CO,mastercard,credit
558772,00-99,BANCO DE OCCIDENTE S.A.,CO,mastercard,credit
558773,00-99,OPTAL FINANCIAL LTD.,GB,mastercard,credit
558774,00-99,UNITED OVERSEAS BANK (MALAYSIA) BERHAD,MY,mastercard,credit
558775,00-99,EURO KARTENSYSTEME GMBH,DE,mastercard,credit
558776,00-99,HANDELS-KREDIET-EN INDUSTRIEBANK N.V,SR,mastercard,credit
558777,00-99,EDENRED ARGENTINA SA,AR,mastercard,debit
558778,00-99,CITIBANK SINGAPORE LTD.,SG,mastercard,credit
558779,00-99,BANCO DO BRASIL S.A.,BR,mastercard,credit
558780,00-99,BCC CORPORATE N.V.,NL,mastercard,credit
558781,00-99,BANCO SANTANDER S.A.,ES,mastercard,credit
558782,00-99,VISECA PAYMENT SERVICES SA,CH,mastercard,credit
558783,00-99,LUFTHANSA AIRPLUS SERVICEKARTEN GMBH,BE,mastercard,credit
558784,00-99,TARJETAS BANAMEX SA DE CV SOFOM E.R.,MX,mastercard,credit
558785,00-99,DNB NOR BANK ASA,NO,mastercard,credit
558786,00-99,UNITY BANK PLC,NG,mastercard,debit
558787,00-99,EURO KARTENSYSTEME GMBH,DE,mastercard,credit
558788,00-99,DEUTSCHER SPARKASSEN- UND GIROVERBAND,DE,mastercard,credit
558789,00-99,JACK HENRY & ASSOCIATES,US,mastercard,debit
558790,00-99,ECOBANK NIGERIA PLC,ZM,mastercard,debit
558791,00-99,NORDEA BANK AB (PUBL),FI,mastercard,credit
558792,00-99,CBI MONEY UAB,LT,mastercard,debit
558793,00-99,DEUTSCHE BANK S.P.A.,IT,mastercard,credit
558794,00-99,DEUTSCHE BANK S.P.A.,IT,mastercard,credit
558795,00-99,DEUTSCHE BANK S.P.A.,IT,mastercard,credit
558796,00-99,DEUTSCHE BANK S.P.A.,IT,mastercard,credit
558797,00-99,STATE EXPORT-IMPORT BANK OF UKRAINE (UKREXIMBANK),UA,mastercard,credit
558798,00-99,OPTAL FINANCIAL LTD.,GB,mastercard,credit
558799,00-99,LUFTHANSA AIRPLUS SERVICEKARTEN GMBH,BE,mastercard,credit
558800,00-99,CITIBANK N.A.,US,mastercard,credit
558801,00-99,BANK OF MONTREAL,CA,mastercard,credit
558802,00-99,CITIBANK N.A.,AE,mastercard,credit
558803,00-99,HANG SENG BANK LTD.,HK,mastercard,credit
558804,00-99,DBS BANK LTD.,SG,mastercard,credit
558805,00-99,TAIPEI FUBON COMMERCIAL BANK CO. LTD.,TW,mastercard,credit
558806,00-99,OVERSEA-CHINESE BANKING CORPORATION LTD.,SG,mastercard,credit
558807,00-99,MADURO & CURIEL'S BANK N.V.,BQ,mastercard,debit
558808,00-99,BANK OF CHINA LTD.,CN,mastercard,credit
558809,00-99,BANK OF CHINA LTD.,CN,mastercard,credit
558810,00-99,BANK OF AFRICA,MA,mastercard,debit
558811,00-99,QATAR NATIONAL BANK,QA,mastercard,credit
558812,00-99,ENTROPAY LTD.,GB,mastercard,credit
558813,00-99,HYUNDAICARD CO. LTD.,KR,mastercard,credit
558814,00-99,WEX BANK,US,mastercard,credit
558815,00-99,BANK OF TAIWAN,TW,mastercard,credit
558816,00-99,BNP PARIBAS BANK POLSKA S.A.,PL,mastercard,credit
558817,00-99,HYUNDAICARD CO. LTD.,KR,mastercard,credit
558818,00-99,HDFC BANK LTD.,IN,mastercard,credit
558819,00-99,BANCO COOPERATIVO SICOOB S.A. - BANCO SICOOB,BR,mastercard,debit
558820,00-99,FRANSABANK SAL,LB,mastercard,credit
558821,00-99,CHASE BANK USA N.A.,US,mastercard,credit
558822,00-99,HANA CARD,KR,mastercard,credit
558823,00-99,RIYAD BANK,SA,mastercard,debit
558824,00-99,TA CHONG BANK LTD.,TW,mastercard,credit
558825,00-99,CMB WING LUNG BANK LTD.,HK,mastercard,credit
558826,00-99,HUA XIA BANK CO. LTD.,CN,mastercard,credit
558827,00-99,FIRST COMMERCIAL BANK,TW,mastercard,credit
558828,00-99,CITIBANK N.A.,US,mastercard,credit
558829,00-99,UNITED OVERSEAS BANK (MALAYSIA) BERHAD,MY,mastercard,credit
558830,00-99,TAIWAN SHIN KONG COMMERCIAL BANK CO. LTD.,TW,mastercard,credit
558831,00-99,BANK OF MONTREAL,CA,mastercard,credit
558832,00-99,CITIBANK N.A.,US,mastercard,credit
558833,00-99,QATAR NATIONAL BANK,QA,mastercard,credit
558834,00-99,,VE,mastercard,credit
558835,00-99,WELLS FARGO BANK N.A.,US,mastercard,credit
558836,00-99,CHINA CONSTRUCTION BANK,CN,mastercard,credit
558837,00-99,CITIBANK N.A.,US,mastercard,credit
558838,00-99,NUEVO BANCO DE ENTRE RIOS S.A.,AR,mastercard,credit
558839,00-99,TAIWAN COOPERATIVE BANK,TW,mastercard,credit
558840,00-99,BANCO DE CHILE,CL,mastercard,credit
558841,00-99,BANCO DE VENEZUELA S.A.C.A.,VE,mastercard,credit
558842,00-99,QATAR NATIONAL BANK,QA,mastercard,credit
558843,00-99,BANK SINOPAC,TW,mastercard,credit
558844,00-99,BANCO NACIONAL DE CREDITO C.A.,VE,mastercard,credit
558845,00-99,BANK OF AMERICA NATIONAL ASSOCIATION,US,mastercard,credit
558846,00-99,BANK OF AMERICA NATIONAL ASSOCIATION,US,mastercard,credit
558847,00-99,BANQUE FEDERATIVE DU CREDIT MUTUEL (BFCM),FR,mastercard,credit
558848,00-99,ALAWWAL BANK,SA,mastercard,debit
558849,00-99,TAICHUNG COMMERCIAL BANK,TW,mastercard,credit
558850,00-99,COMMONWEALTH,AU,mastercard,credit
558851,00-99,KGI BANK,TW,mastercard,credit
558852,00-99,LAND BANK OF TAIWAN,TW,mastercard,credit
558853,00-99,STANDARD CHARTERED BANK,IN,mastercard,debit
558854,00-99,ALAWWAL BANK,SA,mastercard,credit
558855,00-99,STANDARD CHARTERED BANK (SINGAPORE) LTD.,SG,mastercard,credit
558856,00-99,ARAB FINANCIAL SERVICES COMPANY B.S.C. (C),BH,mastercard,credit
558857,00-99,CITIBANK N.A.,US,mastercard,credit
558858,00-99,CITIBANK N.A.,US,mastercard,credit
558859,00-99,CITIBANK N.A.,US,mastercard,credit
558860,00-99,OCBC,SG,mastercard,credit
558861,00-99,CITIBANK N.A.,US,mastercard,credit
558862,00-99,CITIBANK N.A.,US,mastercard,credit
558863,00-99,CITIBANK N.A.,US,mastercard,credit
558864,00-99,CHASE PAYMENTECH EUROPE LTD.,IE,mastercard,credit
558865,00-99,TAICHUNG COMMERCIAL BANK,TW,mastercard,credit
558866,00-99,TAIWAN BUSINESS BANK,TW,mastercard,credit
558867,00-99,BANQUE FEDERATIVE DU CREDIT MUTUEL (BFCM),FR,mastercard,credit
558868,00-99,BANK OF CHINA LTD.,CN,mastercard,credit
558869,00-99,BANK OF CHINA LTD.,CN,mastercard,credit
558870,00-99,MERCANTIL C.A. BANCO UNIVERSAL,VE,mastercard,credit
558871,00-99,HSBC BANK MIDDLE EAST,AE,mastercard,credit
558872,00-99,HSBC BANK MIDDLE EAST,AE,mastercard,credit
558873,00-99,QATAR NATIONAL BANK,QA,mastercard,credit
558874,00-99,CREDICARD S.A.,BR,mastercard,credit
558875,00-99,QATAR NATIONAL BANK,QA,mastercard,credit
558876,00-99,BANCO LUSO BRASILEIRO S.A.,BR,mastercard,credit
558877,00-99,BANCO DAVIVIENDA COSTA RICA S.A.,CR,mastercard,credit
558878,00-99,QATAR NATIONAL BANK,QA,mastercard,credit
558879,00-99,CITIBANK N.A.,US,mastercard,credit
558880,00-99,CITIBANK N.A.,US,mastercard,credit
558881,00-99,HANA CARD,KR,mastercard,credit
558882,00-99,BANQUE FEDERATIVE DU CREDIT MUTUEL (BFCM),FR,mastercard,credit
558883,00-99,NATIONAL BANK OF KUWAIT (S.A.K.),KW,mastercard,credit
558884,00-99,BANQUE FEDERATIVE DU CREDIT MUTUEL (BFCM),FR,mastercard,credit
558885,00-99,SHINHAN CARD CO. LTD.,KR,mastercard,credit
558886,00-99,BANCO PLAZA C.A.,VE,mastercard,credit
558887,00-99,COUNTY BANK,US,mastercard,debit
558888,00-99,CTBC BANK CO. LTD.,TW,mastercard,credit
558889,00-99,NETWORK INTERNATIONAL LLC,AE,mastercard,debit
558890,00-99,CHINA EVERBRIGHT BANK COMPANY LTD.,CN,mastercard,credit
558891,00-99,BANCO MACRO S.A.,AR,mastercard,credit
558892,00-99,CU COOPERATIVE SYSTEMS LLC,US,mastercard,credit
558893,00-99,BANK SINOPAC,TW,mastercard,credit
558894,00-99,CHINA GUANGFA BANK CO. LTD,CN,mastercard,credit
558895,00-99,CHINA CONSTRUCTION BANK,CN,mastercard,credit
558896,00-99,CHINA CONSTRUCTION BANK,CN,mastercard,credit
558897,00-99,AXIS BANK LTD.,IN,mastercard,debit
558898,00-99,CITIBANK SOUTH DAKOTA N.A.,US,mastercard,credit
558899,00-99,MADURO & CURIEL'S BANK N.V.,CW,mastercard,credit
558900,00-99,ADMINISTRADORA DE TARJETAS DE CREDITO (A.T.C.) S.A.,BO,mastercard,credit
558901,00-99,KGI BANK,TW,mastercard,credit
558902,00-99,BANK SINOPAC,TW,mastercard,credit
558903,00-99,BC CARD CO. LTD.,KR,mastercard,credit
558904,00-99,BANK OF SHANGHAI,CN,mastercard,credit
558905,00-99,PEOPLES TRUST COMPANY,CA,mastercard,debit
558906,00-99,KB KOOKMIN CARD CO. LTD,KR,mastercard,credit
558907,00-99,CITIZENS BANK N.A.,US,mastercard,credit
558908,00-99,DATA CENTER INCORPORATED,US,mastercard,credit
558909,00-99,COMPUTER SERVICES INC.,US,mastercard,credit
558910,00-99,CENTRAL TRUST BANK,US,mastercard,debit
558911,00-99,,KR,mastercard,credit
558912,00-99,BC CARD CO. LTD.,KR,mastercard,credit
558913,00-99,PEOPLES TRUST COMPANY,CA,mastercard,debit
558914,00-99,WOORICARD CO. LTD,KR,mastercard,credit
558915,00-99,HYUNDAICARD CO. LTD.,KR,mastercard,credit
558916,00-99,CHINA CITIC BANK CORPORATION LTD.,CN,mastercard,credit
558917,00-99,WOORICARD CO. LTD,KR,mastercard,credit
558918,00-99,YES BANK LTD.,IN,mastercard,credit
558919,00-99,BNP PARIBAS BANK POLSKA S.A.,PL,mastercard,credit
558920,00-99,WOORICARD CO. LTD,KR,mastercard,credit
558921,00-99,BC CARD,KR,mastercard,credit
558922,00-99,ENTROPAY LTD.,MT,mastercard,credit
558923,00-99,BC CARD CO. LTD.,KR,mastercard,credit
558924,00-99,BANCO SANTANDER (BRASIL) S.A.,BR,mastercard,credit
558925,00-99,BC CARD CO. LTD.,KR,mastercard,credit
558926,00-99,BANCO SAFRA S/A,BR,mastercard,credit
558927,00-99,BC CARD CO. LTD.,KR,mastercard,credit
558928,00-99,ENTROPAY LTD.,MT,mastercard,credit
558929,00-99,CREDIT AGRICOLE S.A.,FR,mastercard,credit
558930,00-99,FIRST DATA CONO SUR S.R.L.,UY,mastercard,credit
558931,00-99,BC CARD CO. LTD.,KR,mastercard,credit
558932,00-99,BC CARD CO. LTD.,KR,mastercard,credit
558933,00-99,BC CARD CO. LTD.,KR,mastercard,credit
558934,00-99,FIDEN S.A.,AR,mastercard,debit
558935,00-99,E. SUN COMMERCIAL BANK CO. LTD.,TW,mastercard,credit
558936,00-99,E. SUN COMMERCIAL BANK CO. LTD.,TW,mastercard,credit
558937,00-99,GUANGDONG NANYUE BANK CO. LTD.,CN,mastercard,credit
558938,00-99,BANCO MULTIPLE BHD S.A.,DO,mastercard,credit
558939,00-99,BC CARD CO. LTD.,KR,mastercard,credit
558940,00-99,BANCO DE LA PAMPA,AR,mastercard,credit
558941,00-99,ATTIJARIWAFA BANK,MA,mastercard,credit
558942,00-99,CREDIT DU NORD,FR,mastercard,credit
558943,00-99,CREDIT DU NORD,FR,mastercard,credit
558944,00-99,SOCIETE GENERALE MAROCAINE DE BANQUES,MA,mastercard,credit
558945,00-99,SOCIETE GENERALE MAROCAINE DE BANQUES,MA,mastercard,credit
558946,00-99,POSTAL SAVINGS BANK OF CHINA,CN,mastercard,credit
558947,00-99,ALIZZ ISLAMIC BANK SAOG,OM,mastercard,credit
558948,00-99,ECOBANK NIGERIA PLC,CI,mastercard,debit
558949,00-99,WEX BANK,HK,mastercard,credit
558950,00-99,SHINHAN CARD CO. LTD.,KR,mastercard,credit
558951,00-99,SAFRA NATIONAL BANK OF NEW YORK,US,mastercard,debit
558952,00-99,CITIZENS BANK N.A.,US,mastercard,credit
558953,00-99,SAMSUNG CARD CO. LTD.,KR,mastercard,credit
558954,00-99,CITIBANK N.A.,US,mastercard,credit
558955,00-99,CITIBANK N.A.,US,mastercard,credit
558956,00-99,FIRST ARKANSAS BANK AND TRUST,US,mastercard,credit
558957,00-99,UNITED OVERSEAS BANK LTD.,SG,mastercard,credit
558958,00-99,CAPITAL ONE NATIONAL ASSOCIATION,US,mastercard,credit
558959,00-99,STANDARD CHARTERED BANK,IN,mastercard,credit
558960,00-99,,AU,mastercard,credit
558961,00-99,HANA CARD,KR,mastercard,credit
558962,00-99,BANK OF AMERICA NATIONAL ASSOCIATION,US,mastercard,credit
558963,00-99,STANDARD CHARTERED BANK,IN,mastercard,debit
558964,00-99,STANDARD CHARTERED BANK (SINGAPORE) LTD.,SG,mastercard,debit
558965,00-99,STANDARD CHARTERED BANK MALAYSIA BERHAD,MY,mastercard,debit
558966,00-99,BRANCH BANKING AND TRUST COMPANY,US,mastercard,credit
558967,00-99,CHASE BANK USA N.A.,US,mastercard,credit
558968,00-99,BRANCH BANKING AND TRUST COMPANY,US,mastercard,credit
558969,00-99,CAIRO AMMAN BANK PLC,PS,mastercard,credit
558970,00-99,HYUNDAICARD CO. LTD.,KR,mastercard,credit
558971,00-99,HYUNDAICARD CO. LTD.,KR,mastercard,credit
558972,00-99,HYUNDAICARD CO. LTD.,KR,mastercard,credit
558973,00-99,BANCARD S.A.,PY,mastercard,debit
558974,00-99,ROYAL BANK OF CANADA,CA,mastercard,credit
558975,00-99,BANK OF AFRICA,MA,mastercard,debit
558976,00-99,INDUSIND BANK LTD.,IN,mastercard,debit
558977,00-99,TORONTO-DOMINION BANK,CA,mastercard,credit
558978,00-99,SAMSUNG CARD CO. LTD.,KR,mastercard,credit
558979,00-99,MADURO & CURIEL'S BANK N.V.,CW,mastercard,credit
558980,00-99,MADURO & CURIEL'S BANK N.V.,CW,mastercard,credit
558981,00-99,MADURO & CURIEL'S BANK N.V.,CW,mastercard,credit
558982,00-99,MADURO & CURIEL'S BANK N.V.,AW,mastercard,credit
558983,00-99,HDFC BANK LTD.,IN,mastercard,credit
558984,00-99,PROMOTORA CMR FALABELLA S.A.,CL,mastercard,credit
558985,00-99,KWANGJU BANK,KR,mastercard,credit
558986,00-99,KWANGJU BANK,KR,mastercard,credit
558987,00-99,CHASE BANK USA N.A.,US,mastercard,credit
558988,00-99,FIRST-CITIZENS BANK & TRUST COMPANY,US,mastercard,credit
558989,00-99,MOORWAND LTD.,GB,mastercard,debit
558990,00-99,HERRING BANK,US,mastercard,credit
558991,00-99,HERRING BANK,US,mastercard,credit
558992,00-99,,US,mastercard,credit
558993,00-99,BANC OF CALIFORNIA N.A.,US,mastercard,credit
558994,00-99,THE HONGKONG AND SHANGHAI BANKING CORPORATION LTD.,HK,mastercard,credit
558995,00-99,I & M BANK (RWANDA) PLC,RW,mastercard,debit
558996,00-99,ECOBANK NIGERIA PLC,GH,mastercard,debit
558997,00-99,BANCO ITAU URUGUAY S.A.,UY,mastercard,credit
558998,00-99,BANK OF COMMERCE AND DEVELOPMENT,LY,mastercard,debit
558999,00-99,EAST WEST BANKING CORPORATION,PH,mastercard,credit
559000,00-99,BOKF NATIONAL ASSOCIATION,US,mastercard,debit
559001,00-99,TAMILNAD MERCANTILE BANK LTD.,IN,mastercard,credit
559002,00-99,FIDELITY INFORMATION SERVICES INC.,US,mastercard,debit
559003,00-99,JACK HENRY & ASSOCIATES,US,mastercard,debit
559004,00-99,,IN,mastercard,debit
559005,00-99,FARMERS & MERCHANTS BANK OF LONG BEACH,US,mastercard,debit
559006,00-99,FISERV TRANSACTION SERVICES LLC,US,mastercard,debit
559007,00-99,COMPUTER SERVICES INC.,US,mastercard,debit
559008,00-99,FISERV SOLUTIONS LLC,US,mastercard,debit
559009,00-99,NODAWAY VALLEY BANK,US,mastercard,debit
559010,00-99,TIB NATIONAL ASSOCIATION,US,mastercard,credit
559011,00-99,FISERV SOLUTIONS LLC,US,mastercard,debit
559012,00-99,PAYTEND EUROPE UAB,LT,mastercard,debit
559013,00-99,FIDELITY INFORMATION SERVICES INC.,US,mastercard,debit
559014,00-99,COMPUTER SERVICES INC.,US,mastercard,debit
559015,00-99,FIDELITY INFORMATION SERVICES INC.,US,mastercard,credit
559016,00-99,CARTER BANK & TRUST,US,mastercard,debit
559017,00-99,SMARTBANK,US,mastercard,debit
559018,00-99,FIDELITY INFORMATION SERVICES INC.,US,mastercard,credit
559019,00-99,BNY MELLON NATIONAL ASSOCIATION,US,mastercard,debit
559020,00-99,BNY MELLON NATIONAL ASSOCIATION,US,mastercard,debit
559021,00-99,FIDELITY INFORMATION SERVICES INC.,US,mastercard,debit
559022,00-99,OLD NATIONAL BANK,US,mastercard,debit
559023,00-99,JPMORGAN CHASE BANK N.A.,US,mastercard,debit
559024,00-99,SBM BANK (INDIA) LTD.,IN,mastercard,debit
559025,00-99,FIRST COMMUNITY CREDIT UNION,US,mastercard,debit
559026,00-99,LENDINGCLUB BANK NATIONAL ASSOCIATION,US,mastercard,debit
559027,00-99,BANK OF AMERICA NATIONAL ASSOCIATION,US,mastercard,debit
559028,00-99,JPMORGAN CHASE BANK N.A.,US,mastercard,debit
559029,00-99,JPMORGAN CHASE BANK N.A.,US,mastercard,debit
559030,00-99,BANK OF AMERICA NATIONAL ASSOCIATION,US,mastercard,debit
559031,00-99,BANK OF AMERICA NATIONAL ASSOCIATION,US,mastercard,debit
559032,00-99,FIDELITY INFORMATION SERVICES INC.,US,mastercard,credit
559033,00-99,CHASE,US,mastercard,debit
559034,00-99,CREDIT UNION OF TEXAS,US,mastercard,debit
559035,00-99,FISERV SOLUTIONS LLC,US,mastercard,debit
559036,00-99,LAKE FOREST BANK & TRUST COMPANY N.A.,US,mastercard,debit
559037,00-99,BANCO BS2 S.A.,BR,mastercard,debit
559038,00-99,COOPERATIVA NACIONAL DE EDUCADORES R.L.(COOPENAE RL),CR,mastercard,debit
559039,00-99,COMPUTER SERVICES INC.,US,mastercard,debit
559040,00-99,JPMORGAN CHASE BANK N.A.,US,mastercard,debit
559041,00-99,PEOPLES BANK,US,mastercard,debit
559042,00-99,BANCO BS2 S.A.,BR,mastercard,credit
559043,00-99,PEOPLES TRUST COMPANY,CA,mastercard,debit
559044,00-99,FIFTH THIRD BANK,US,mastercard,debit
559045,00-99,CU COOPERATIVE SYSTEMS LLC,US,mastercard,credit
559046,00-99,TELLER A/S,DK,mastercard,credit
559047,00-99,SANTANDER CONSUMER BANK AG,DE,mastercard,credit
559048,00-99,PINNACLE BANK,US,mastercard,credit
559049,00-99,THE BANK OF PUNJAB,PK,mastercard,debit
559050,00-99,BAIDURI BANK BERHAD,BN,mastercard,credit
559051,00-99,CHINA CONSTRUCTION BANK,CN,mastercard,credit
559052,00-99,FIDELITY INFORMATION SERVICES INC.,US,mastercard,credit
559053,00-99,ICBA BANCARD INC.,US,mastercard,credit
559054,00-99,ROMANIAN COMMERCIAL BANK S.A. - BANCA COMERCIALA ROMANA S.A.,RO,mastercard,credit
559055,00-99,TEXAS TRUST CREDIT UNION,US,mastercard,credit
559056,00-99,FIBABANKA A.S.,TR,mastercard,credit
559057,00-99,DATCU CREDIT UNION,US,mastercard,credit
559058,00-99,GREENSTATE CREDIT UNION,US,mastercard,credit
559059,00-99,BANK OCHRONY SRODOWISKA S.A. (BOS S.A.),PL,mastercard,credit
559060,00-99,UNITED COMMUNITY BANK,US,mastercard,debit
559061,00-99,TIB NATIONAL ASSOCIATION,US,mastercard,credit
559062,00-99,CREDIT UNION PAYMENT CENTER (LIMITED LIABILITY COMPANY),RU,mastercard,credit
559063,00-99,KOMERCIJALNA BANKA A.D. BANJA LUKA,BA,mastercard,credit
559064,00-99,INDIANA UNIVERSITY CREDIT UNION,US,mastercard,credit
559065,00-99,SBM BANK (INDIA) LTD.,IN,mastercard,debit
559066,00-99,VTB BANK (PUBLIC JOINT-STOCK COMPANY),RU,mastercard,credit
559067,00-99,VTB BANK (PUBLIC JOINT-STOCK COMPANY),RU,mastercard,credit
559068,00-99,BARCLAYS BANK UK PLC,GB,mastercard,credit
559069,00-99,INNOVACION EN MEDIOS DE PAGO ELECTRONICOS S.A.(IMPESA),CR,mastercard,credit
559070,00-99,CONSUMERS CREDIT UNION,US,mastercard,credit
559071,00-99,NATIONAL BANK OF OMAN (SAOG),OM,mastercard,debit
559072,00-99,ERSTE & STEIERMARKISCHE BANK D.D.,HR,mastercard,credit
559073,00-99,VIETNAM PROSPERITY JOINT STOCK COMMERCIAL BANK,VN,mastercard,credit
559074,00-99,RBL BANK LTD.,IN,mastercard,debit
559075,00-99,HOLVI PAYMENT SERVICES OY,FI,mastercard,debit
559076,00-99,CAIXA ECONOMICA FEDERAL,BR,mastercard,credit
559077,00-99,AS SEB PANK,EE,mastercard,credit
559078,00-99,AS SEB PANK,EE,mastercard,credit
559079,00-99,O.F.SZ. ORSZAGOS FIZETESI SZOLGALTATO ZRT.,HU,mastercard,debit
559080,00-99,SEB VILNIAUS BANKAS AB,LT,mastercard,credit
559081,00-99,BANK OF MALDIVES (PLC) LTD.,MV,mastercard,debit
559082,00-99,,US,mastercard,credit
559083,00-99,PREPAID FINANCIAL SERVICES LTD.,ES,mastercard,debit
559084,00-99,WOORICARD CO. LTD,KR,mastercard,credit
559085,00-99,SBI SUMISHIN NET BANK LTD.,JP,mastercard,debit
559086,00-99,ST. GEORGES BANK & COMPANY INC.,PA,mastercard,debit
559087,00-99,OPTAL FINANCIAL EUROPE LTD.,NL,mastercard,credit
559088,00-99,,US,mastercard,credit
559089,00-99,ITAU UNIBANCO S.A.,BR,mastercard,credit
559090,00-99,OTP BANK ROMANIA S.A.,RO,mastercard,debit
559091,00-99,,US,mastercard,credit
559092,00-99,,HU,mastercard,debit
559093,00-99,IRAQ ELECTRONIC GATE FOR FINANCIAL SERVICES CO LTD.,IQ,mastercard,debit
559094,00-99,BOC CREDIT CARD (INTERNATIONAL) LTD.,HK,mastercard,debit
559095,00-99,,US,mastercard,credit
559096,00-99,FINANSBANK A.S.,TR,mastercard,credit
559097,00-99,OPTAL FINANCIAL LTD.,GB,mastercard,credit
559098,00-99,LAND BANK OF TAIWAN,TW,mastercard,debit
559099,00-99,MADURO & CURIEL'S BANK N.V.,AW,mastercard,debit
559100,00-99,BLANICO SA,UY,mastercard,debit
559101,00-99,FIFTH THIRD BANK,US,mastercard,debit
559102,00-99,FIFTH THIRD BANK,US,mastercard,debit
559103,00-99,FIFTH THIRD BANK,US,mastercard,debit
559104,00-99,MONAVATE LTD.,ES,mastercard,debit
559105,00-99,FIFTH THIRD BANK,US,mastercard,debit
559106,00-99,BANK SIMPANAN NASIONAL,MY,mastercard,debit
559107,00-99,UNITED BANK FOR AFRICA PLC,SN,mastercard,debit
559108,00-99,JACK HENRY & ASSOCIATES,US,mastercard,debit
559109,00-99,BLANICO SA,UY,mastercard,debit
559110,00-99,JACK HENRY & ASSOCIATES,US,mastercard,debit
559111,00-99,JACK HENRY & ASSOCIATES,US,mastercard,debit
559112,00-99,BANC OF CALIFORNIA N.A.,US,mastercard,debit
559113,00-99,PROVIDUS BANK PLC,NG,mastercard,debit
559114,00-99,JACK HENRY AND ASSOCIATES,US,mastercard,debit
559115,00-99,REVOLUT TECHNOLOGIES JAPAN K.K.,JP,mastercard,debit
559116,00-99,BANZPAY TECHNOLOGY LTD.,AS,mastercard,debit
559117,00-99,CAPITAL ONE NATIONAL ASSOCIATION,PR,mastercard,credit
559118,00-99,ARVEST BANK,US,mastercard,debit
559119,00-99,SUNRISE BANKS,US,mastercard,debit
559120,00-99,COMPUTER SERVICES INC.,US,mastercard,debit
559121,00-99,SERVUS CREDIT UNION LTD.,CA,mastercard,debit
559122,00-99,CITIZENS BUSINESS BANK,US,mastercard,debit
559123,00-99,BC CARD CO. LTD.,KR,mastercard,credit
559125,00-99,BBVA BANCO CONTINENTAL,PE,mastercard,credit
559127,00-99,VENTURA COUNTY CREDIT UNION,US,mastercard,credit
559128,00-99,,CI,mastercard,debit
559129,00-99,VENTURA COUNTY CREDIT UNION,US,mastercard,credit
559130,00-99,BANK OF AMERICA NATIONAL ASSOCIATION,US,mastercard,debit
559131,00-99,BBVA BANCO CONTINENTAL,PE,mastercard,credit
559132,00-99,REPOM SA,BR,mastercard,debit
559133,00-99,CHINA CITIC BANK,CN,mastercard,credit
559134,00-99,CSCBANK S.A.L.,YE,mastercard,debit
559135,00-99,AMAL BANK,SO,mastercard,debit
559136,00-99,CAPITAL ONE NATIONAL ASSOCIATION,US,mastercard,credit
559137,00-99,CENCOSUD S.A.,AR,mastercard,debit
559138,00-99,,MX,mastercard,credit
559139,00-99,CITIBANK (CHINA) CO. LTD,CN,mastercard,credit
559140,00-99,CHINA CITIC BANK,CN,mastercard,credit
559141,00-99,SOGEXIA SA,GB,mastercard,debit
559142,00-99,PSI- PAY LTD.,GB,mastercard,debit
559143,00-99,PSI- PAY LTD.,GB,mastercard,debit
559144,00-99,FINO PAYMENTS BANK LTD.,IN,mastercard,debit
559145,00-99,YES BANK LTD.,IN,mastercard,debit
559146,00-99,YES BANK LTD.,IN,mastercard,debit
559147,00-99,TRANSACT PAYMENTS LTD.,GB,mastercard,debit
559148,00-99,CU COOPERATIVE SYSTEMS LLC,US,mastercard,credit
559149,00-99,HONG LEONG BANK CAMBODIA PLC,KH,mastercard,debit
559150,00-99,FIDELITY INFORMATION SERVICES INC.,US,mastercard,debit
559151,00-99,BANK OF AMERICA NATIONAL ASSOCIATION,US,mastercard,debit
559152,00-99,BANK OF AMERICA NATIONAL ASSOCIATION,US,mastercard,debit
559153,00-99,RBL BANK LTD.,IN,mastercard,credit
559154,00-99,ECOBANK NIGERIA PLC,ZM,mastercard,debit
559155,00-99,BANK OF AMERICA NATIONAL ASSOCIATION,US,mastercard,debit
559156,00-99,HUB PAGAMENTOS S.A.,BR,mastercard,debit
559157,00-99,BANK OF AMERICA NATIONAL ASSOCIATION,US,mastercard,debit
559158,00-99,,US,mastercard,credit
559161,00-99,FISERV SOLUTIONS LLC,US,mastercard,credit
559162,00-99,,US,mastercard,credit
559163,00-99,FINANCE HOUSE L.L.C.,AE,mastercard,credit
559164,00-99,FIFTH THIRD BANK,US,mastercard,debit
559166,00-99,CHINA CITIC BANK CORPORATION LTD.,CN,mastercard,debit
559167,00-99,BANK OF AMERICA NATIONAL ASSOCIATION,US,mastercard,debit
559168,00-99,BANK OF AMERICA NATIONAL ASSOCIATION,US,mastercard,debit
559169,00-99,BANK OF THE PHILIPPINE ISLANDS,PH,mastercard,credit
559170,00-99,UNIK,BR,mastercard,debit
559171,00-99,BANK OF AMERICA NATIONAL ASSOCIATION,US,mastercard,debit
559172,00-99,HUB PAGAMENTOS S.A.,BR,mastercard,debit
559173,00-99,BANK OF AMERICA NATIONAL ASSOCIATION,US,mastercard,debit
559174,00-99,WEX BANK,US,mastercard,credit
559175,00-99,,US,mastercard,credit
559176,00-99,ECOBANK NIGERIA PLC,TZ,mastercard,debit
559177,00-99,MOBILINK MICROFINANCE BANK LTD.,PK,mastercard,debit
559178,00-99,VIST BANK,US,mastercard,debit
559179,00-99,JACK HENRY & ASSOCIATES,US,mastercard,debit
559180,00-99,,US,mastercard,credit
559181,00-99,JACK HENRY & ASSOCIATES,US,mastercard,debit
559182,00-99,,US,mastercard,credit
559183,00-99,,US,mastercard,credit
559184,00-99,BNEXT ELECTRONIC ISSUER E.D.E. S.L.,ES,mastercard,debit
559185,00-99,JACK HENRY & ASSOCIATES,US,mastercard,debit
559186,00-99,BANCO DAVIVIENDA S.A.,CO,mastercard,debit
559187,00-99,JACK HENRY & ASSOCIATES,US,mastercard,debit
559188,00-99,WESTPAC NEW ZEALAND LTD.,NZ,mastercard,debit
559189,00-99,IRAQ ELECTRONIC GATE FOR FINANCIAL SERVICES CO LTD.,IQ,mastercard,debit
559190,00-99,SHAZAM INC.,US,mastercard,debit
559191,00-99,TRANSFOREX (HONG KONG) INVESTMENT CONSULTING CO. LTD.,HK,mastercard,debit
559192,00-99,FISERV SOLUTIONS LLC,US,mastercard,debit
559193,00-99,BANCO SANTANDER S.A.,ES,mastercard,credit
559194,00-99,JACK HENRY & ASSOCIATES,US,mastercard,debit
559195,00-99,LIVE PAYMENTS A&I PTY LTD.,AU,mastercard,debit
559196,00-99,MIDFIRST BANK,US,mastercard,debit
559197,00-99,HDFC BANK LTD.,IN,mastercard,credit
559198,00-99,CENCOSUD S.A.,AR,mastercard,credit
559199,00-99,MASTERCARD - PREPAID DEBIT CARD,US,mastercard,credit
559200,00-99,STANDARD BANK OF SOUTH AFRICA LTD.,ZA,mastercard,credit
559201,00-99,ROMANIAN COMMERCIAL BANK S.A. - BANCA COMERCIALA ROMANA S.A.,RO,mastercard,debit
559202,00-99,CAT ADMINISTRADORA DE TARJETAS S.A.,CL,mastercard,credit
559203,00-99,ERSTE & STEIERMARKISCHE BANK D.D.,HR,mastercard,credit
559204,00-99,PREPAY TECHNOLOGIES LTD.,RO,mastercard,debit
559205,00-99,CAT ADMINISTRADORA DE TARJETAS S.A.,CL,mastercard,credit
559206,00-99,PREPAY TECHNOLOGIES LTD.,IE,mastercard,debit
559207,00-99,CAT ADMINISTRADORA DE TARJETAS S.A.,CL,mastercard,credit
559208,00-99,EML PAYMENTS EUROPE LTD.,IE,mastercard,debit
559209,00-99,,MX,mastercard,credit
559210,00-99,EML PAYMENTS EUROPE LTD.,GB,mastercard,debit
559211,00-99,SUTTON BANK,US,mastercard,debit
559212,00-99,BANK OF CHINA LTD.,CN,mastercard,debit
559213,00-99,INTELIGENCIA EN FINANZAS SAPI DE CV,MX,mastercard,debit
559214,00-99,FIFTH THIRD BANK,US,mastercard,debit
559215,00-99,,US,mastercard,credit
559216,00-99,LIFECARD CO.LTD.,JP,mastercard,credit
559217,00-99,LIFECARD CO.LTD.,JP,mastercard,credit
559218,00-99,LIFECARD CO.LTD.,JP,mastercard,credit
559219,00-99,FIRST DATA CONO SUR S.R.L.,AR,mastercard,debit
559220,00-99,PINNACLE BANK,US,mastercard,credit
559221,00-99,UNITED OVERSEAS BANK LTD.,SG,mastercard,debit
559222,00-99,FIRST BANK,US,mastercard,credit
559223,00-99,PSCU INCORPORATED,US,mastercard,debit
559224,00-99,CHINA MERCHANTS BANK CO. LTD.,CN,mastercard,credit
559225,00-99,BANCO DAVIVIENDA S.A.,CO,mastercard,credit
559226,00-99,BANCO BRADESCO S.A.,BR,mastercard,credit
559227,00-99,COMENITY CAPITAL BANK,US,mastercard,credit
559228,00-99,PT BANK DANAMON LNDONESIA TBK,ID,mastercard,credit
559229,00-99,FIRST ARKANSAS BANK & TRUST,US,mastercard,credit
559230,00-99,PINNACLE BANK,US,mastercard,credit
559231,00-99,BANCO BRADESCO S.A.,BR,mastercard,credit
559232,00-99,FIRST DATA CONO SUR S.R.L.,AR,mastercard,credit
559233,00-99,LOTUS'S MONEY SERVICES LTD.,TH,mastercard,credit
559234,00-99,ABU DHABI COMMERCIAL BANK,AE,mastercard,credit
559235,00-99,REVOLUT LTD.,GB,mastercard,credit
559236,00-99,COMMUNITY FEDERAL SAVINGS BANK,US,mastercard,debit
559237,00-99,INNOVACION EN MEDIOS DE PAGO ELECTRONICOS S.A.(IMPESA),CR,mastercard,credit
559238,00-99,THE HONGKONG AND SHANGHAI BANKING CORPORATION LTD.,HK,mastercard,credit
559239,00-99,THE HONGKONG AND SHANGHAI BANKING CORPORATION LTD.,HK,mastercard,credit
559240,00-99,THE HONGKONG AND SHANGHAI BANKING CORPORATION LTD.,HK,mastercard,credit
559241,00-99,THE HONGKONG AND SHANGHAI BANKING CORPORATION LTD.,HK,mastercard,credit
559242,00-99,THE HONGKONG AND SHANGHAI BANKING CORPORATION LTD.,HK,mastercard,credit
559243,00-99,THE HONGKONG AND SHANGHAI BANKING CORPORATION LTD.,HK,mastercard,credit
559244,00-99,ASTERA CREDIT UNION,US,mastercard,credit
559245,00-99,MMG BANK CORPORATION,PA,mastercard,credit
559246,00-99,KB KOOKMIN CARD CO. LTD,KR,mastercard,debit
559247,00-99,BANK OF AFRICA,MA,mastercard,credit
559248,00-99,ST. GEORGES BANK & COMPANY INC.,PA,mastercard,credit
559249,00-99,,US,mastercard,credit
559250,00-99,SEB BANKAS AB,LT,mastercard,credit
559251,00-99,GUARANTY BANK & TRUST COMPANY,US,mastercard,credit
559252,00-99,HOME STATE BANK,US,mastercard,credit
559253,00-99,FISERV SOLUTIONS LLC,US,mastercard,debit
559254,00-99,ABU DHABI ISLAMIC BANK,EG,mastercard,credit
559255,00-99,GAZPROMBANK (JOINT STOCK COMPANY),RU,mastercard,credit
559256,00-99,FIO BANKA A.S.,SK,mastercard,credit
559257,00-99,U.S. BANK NATIONAL ASSOCIATION,US,mastercard,credit
559258,00-99,HO CHI MINH CITY DEVELOPMENT JOINT STOCK COMMERCIAL BANK,VN,mastercard,credit
559259,00-99,TRANSACT PAYMENTS LTD.,SE,mastercard,debit
559260,00-99,HO CHI MINH CITY DEVELOPMENT JOINT STOCK COMMERCIAL BANK,VN,mastercard,debit
559262,00-99,ASTERA CREDIT UNION,US,mastercard,credit
559263,00-99,FIRST INTERSTATE BANK,US,mastercard,credit
559264,00-99,PUBLIC JOINT-STOCK COMPANY BANK OTKRITIE FINANCIAL CORPORATION,RU,mastercard,credit
559265,00-99,CREDIT UNION PAYMENT CENTER (LIMITED LIABILITY COMPANY),RU,mastercard,credit
559266,00-99,FISERV SOLUTIONS LLC,US,mastercard,credit
559267,00-99,SERVIRED SOCIEDAD ESPANOLA DE MEDIOS DE PAGO S.A.,ES,mastercard,debit
559268,00-99,BELARUSKI NARODNY BANK,BY,mastercard,credit
559269,00-99,MEGABANK JOINT-STOCK COMPANY (MEGABANK JSC),UA,mastercard,credit
559270,00-99,NAM A COMMERCIAL JOINT STOCK BANK,VN,mastercard,credit
559271,00-99,FISERV SOLUTIONS LLC,US,mastercard,credit
559272,00-99,CREDIT MUTUEL ARKEA,FR,mastercard,debit
559273,00-99,CITIZENS EQUITY FIRST CREDIT UNION,US,mastercard,credit
559274,00-99,BANK OF N.T. BUTTERFIELD & SON LTD.,KY,mastercard,credit
559275,00-99,ITAU UNIBANCO S.A.,BR,mastercard,credit
559276,00-99,INTERNATIONAL CARD SERVICES B.V.,NL,mastercard,credit
559277,00-99,INTERNATIONAL CARD SERVICES B.V.,NL,mastercard,credit
559278,00-99,BANK TECHNIQUE OJSC,AZ,mastercard,credit
559279,00-99,COLLABRIA FINANCIAL SERVICES,CA,mastercard,credit
559280,00-99,U.S. BANK NATIONAL ASSOCIATION,US,mastercard,credit
559281,00-99,NICOLET NATIONAL BANK,US,mastercard,credit
559282,00-99,U.S. BANK NATIONAL ASSOCIATION,US,mastercard,credit
559284,00-99,U.S. BANK NATIONAL ASSOCIATION,US,mastercard,credit
559285,00-99,U.S. BANK NATIONAL ASSOCIATION,US,mastercard,credit
559286,00-99,NATIONAL BANK OF KUWAIT (S.A.K.),KW,mastercard,debit
559287,00-99,POTLATCH NO1 FINANCIAL CREDIT UNION,US,mastercard,credit
559288,00-99,ORBITALL SERVICOS E PROCESSAMENTO DE MEIOS DE PAGAMENTO LTDA,BR,mastercard,credit
559289,00-99,TURKIYE IS BANKASI A.S.,TR,mastercard,credit
559290,00-99,LOTTE CARD CO. LTD.,KR,mastercard,credit
559291,00-99,LOVCEN BANKA AD PODGORICA,ME,mastercard,credit
559292,00-99,MVB BANK INC,US,mastercard,credit
559293,00-99,HYUNDAICARD CO. LTD.,KR,mastercard,credit
559294,00-99,UNITED TEXAS CREDIT UNION,US,mastercard,credit
559295,00-99,FISERV SOLUTIONS LLC,US,mastercard,credit
559296,00-99,FIRST ARKANSAS BANK & TRUST,US,mastercard,credit
559297,00-99,FIRST ARKANSAS BANK & TRUST,US,mastercard,credit
559298,00-99,FIRST ARKANSAS BANK & TRUST,US,mastercard,credit
559299,00-99,PINNACLE BANK,US,mastercard,credit
559300,00-99,HDFC BANK LTD.,IN,mastercard,credit
559301,00-99,,US,mastercard,credit
559302,00-99,PSCU INCORPORATED,US,mastercard,credit
559303,00-99,CSCBANK SAL,LB,mastercard,credit
559304,00-99,AFRASIA BANK LTD.,MU,mastercard,credit
559305,00-99,AFRASIA BANK LTD.,MU,mastercard,credit
559306,00-99,AFRASIA BANK LTD.,MU,mastercard,credit
559307,00-99,QATAR NATIONAL BANK,KW,mastercard,credit
559308,00-99,QATAR NATIONAL BANK,OM,mastercard,credit
559309,00-99,BARCLAYS BANK DELAWARE,US,mastercard,credit
559310,00-99,QATAR NATIONAL BANK,QA,mastercard,credit
559311,00-99,QATAR NATIONAL BANK,FR,mastercard,debit
559312,00-99,ASIA COMMERCIAL BANK,VN,mastercard,credit
559313,00-99,JIFITI.COM INC,ES,mastercard,debit
559314,00-99,HO CHI MINH CITY DEVELOPMENT JOINT STOCK COMMERCIAL BANK,VN,mastercard,debit
559315,00-99,CSCBANK SAL,LB,mastercard,credit
559316,00-99,SAMPATH BANK PLC,LK,mastercard,credit
559317,00-99,COMENITY CAPITAL BANK,US,mastercard,credit
559318,00-99,AEON CREDIT SERVICE (ASIA) CO. LTD.,HK,mastercard,credit
559319,00-99,FIRST ARKANSAS BANK & TRUST,US,mastercard,credit
559320,00-99,GULF BANK K.S.C.,KW,mastercard,credit
559321,00-99,TORONTO-DOMINION BANK,CA,mastercard,credit
559322,00-99,RIYAD BANK,SA,mastercard,credit
559323,00-99,FAR EASTERN INTERNATIONAL BANK,TW,mastercard,credit
559324,00-99,COMMERCIAL BANK OF KUWAIT S.A.K.,KW,mastercard,credit
559325,00-99,PINNACLE BANK,US,mastercard,credit
559326,00-99,BANK OF MONTREAL,CA,mastercard,credit
559327,00-99,BANK OF SHANGHAI,CN,mastercard,credit
559328,00-99,MAWARID FINANCE PJSC,AE,mastercard,credit
559329,00-99,LOTTE CARD CO. LTD.,KR,mastercard,credit
559330,00-99,CREDIT FIRST NATIONAL ASSOCIATION,US,mastercard,credit
559331,00-99,FIFTH THIRD BANK,US,mastercard,credit
559332,00-99,FIFTH THIRD BANK,US,mastercard,credit
559333,00-99,FIFTH THIRD BANK,US,mastercard,credit
559334,00-99,FIFTH THIRD BANK,US,mastercard,debit
559335,00-99,CHASE BANK (KENYA) LTD.,KE,mastercard,credit
559336,00-99,CHINA CITIC BANK,CN,mastercard,credit
559337,00-99,ITAU UNIBANCO S.A.,BR,mastercard,credit
559338,00-99,VIRGINIA CREDIT UNION INC.,US,mastercard,credit
559339,00-99,INDUSTRIAL AND COMMERCIAL BANK OF CHINA (ASIA) LTD.,HK,mastercard,credit
559340,00-99,AXIS BANK LTD.,IN,mastercard,credit
559341,00-99,AXIS BANK LTD.,IN,mastercard,credit
559342,00-99,AXIS BANK LTD.,IN,mastercard,credit
559343,00-99,ICBA BANCARD INC.,US,mastercard,credit
559344,00-99,KOTAK MAHINDRA BANK LTD.,IN,mastercard,credit
559345,00-99,KOTAK MAHINDRA BANK LTD.,IN,mastercard,credit
559346,00-99,MEMBER SUPPORT SERVICES LLC,US,mastercard,credit
559347,00-99,SECURITY SERVICE FEDERAL CREDIT UNION,US,mastercard,credit
559348,00-99,FIFTH THIRD BANK,US,mastercard,credit
559349,00-99,ABU DHABI COMMERCIAL BANK,AE,mastercard,credit
559350,00-99,KEYBANK N.A.,US,mastercard,debit
559351,00-99,FIDELITY INFORMATION SERVICES INC.,US,mastercard,debit
559352,00-99,ASTRA BANK,US,mastercard,debit
559353,00-99,FISERV SOLUTIONS LLC,US,mastercard,debit
559354,00-99,JACK HENRY & ASSOCIATES,US,mastercard,debit
559355,00-99,JACK HENRY & ASSOCIATES,US,mastercard,debit
559356,00-99,JACK HENRY & ASSOCIATES,US,mastercard,debit
559357,00-99,COMMERCIAL BANK OF QATAR Q.S.C,QA,mastercard,credit
559358,00-99,BANQUE MISR,EG,mastercard,debit
559359,00-99,JACK HENRY & ASSOCIATES,US,mastercard,debit
559360,00-99,JACK HENRY & ASSOCIATES,US,mastercard,debit
559361,00-99,PSCU INCORPORATED,US,mastercard,debit
559362,00-99,FISERV SOLUTIONS LLC,US,mastercard,debit
559363,00-99,CU COOPERATIVE SYSTEMS LLC,US,mastercard,debit
559364,00-99,JACK HENRY & ASSOCIATES,US,mastercard,debit
559365,00-99,FISERV SOLUTIONS LLC,US,mastercard,debit
559366,00-99,INDIANA UNIVERSITY CREDIT UNION,US,mastercard,debit
559367,00-99,FROST BANK,US,mastercard,debit
559368,00-99,FIFTH THIRD BANK,US,mastercard,debit
559369,00-99,BANCO BTG PACTUAL SA,BR,mastercard,credit
559370,00-99,NICOLET NATIONAL BANK,US,mastercard,debit
559371,00-99,ICBA BANCARD INC.,US,mastercard,debit
559372,00-99,FISERV SOLUTIONS LLC,US,mastercard,debit
559373,00-99,JACK HENRY & ASSOCIATES,US,mastercard,debit
559374,00-99,LAKE FOREST BANK & TRUST COMPANY N.A.,US,mastercard,debit
559375,00-99,GNBANK N.A.,US,mastercard,debit
559376,00-99,PEOPLES ALLIANCE FEDERAL CREDIT UNION,US,mastercard,credit
559377,00-99,LAKE FOREST BANK & TRUST COMPANY N.A.,US,mastercard,debit
559378,00-99,MIDWAY S.A. - CREDITO FINANCIAMENTO E INVESTIMENTO,BR,mastercard,credit
559379,00-99,SHAZAM INC.,US,mastercard,debit
559380,00-99,FISERV SOLUTIONS LLC,US,mastercard,debit
559381,00-99,PIKE NATIONAL BANK,US,mastercard,debit
559382,00-99,FISERV SOLUTIONS LLC,US,mastercard,debit
559383,00-99,FISERV SOLUTIONS LLC,US,mastercard,debit
559384,00-99,FIRST NATIONAL BANK,US,mastercard,debit
559385,00-99,JACK HENRY & ASSOCIATES,US,mastercard,debit
559386,00-99,CORNERSTONE BANK,US,mastercard,debit
559387,00-99,PRIVAL BANK S.A.,PA,mastercard,debit
559388,00-99,FISERV SOLUTIONS LLC,US,mastercard,debit
559389,00-99,ICBA BANCARD INC.,US,mastercard,debit
559390,00-99,FIFTH THIRD BANK,US,mastercard,debit
559391,00-99,COMPANIA EMISORA DE MEDIOS DE PAGO DIGITALES SA,CL,mastercard,debit
559392,00-99,CITIZENS EQUITY FIRST CREDIT UNION,US,mastercard,debit
559393,00-99,CITIZENS EQUITY FIRST CREDIT UNION,US,mastercard,debit
559394,00-99,COMPUTER SERVICES INC.,US,mastercard,debit
559395,00-99,KEESLER FEDERAL CREDIT UNION,US,mastercard,debit
559396,00-99,MY COMMUNITY CREDIT UNION,US,mastercard,debit
559397,00-99,CJSC KYRGYZ INVESTMENT AND CREDIT BANK,KG,mastercard,debit
559398,00-99,JACK HENRY & ASSOCIATES,US,mastercard,debit
559399,00-99,BERKSHIRE BANK,US,mastercard,debit
559400,00-99,PSCU INCORPORATED,US,mastercard,debit
559401,00-99,FIRSTRAND BANK LTD.,IN,mastercard,debit
559402,00-99,FIRST NATIONAL BANK,US,mastercard,debit
559403,00-99,MAURITIUS COMMERCIAL BANK LTD.,MU,mastercard,debit
559404,00-99,ICICI BANK LTD.,IN,mastercard,debit
559405,00-99,ICICI BANK,IN,mastercard,debit
559406,00-99,NATIONAL BANK OF OMAN (SAOG),OM,mastercard,debit
559407,00-99,NATIONAL BANK OF OMAN (SAOG),OM,mastercard,debit
559408,00-99,COMPUTER SERVICES INC.,US,mastercard,debit
559409,00-99,AMBANK (M) BERHAD,MY,mastercard,debit
559410,00-99,SHINHAN CARD CO. LTD.,KR,mastercard,debit
559411,00-99,CSCBANK S.A.L.,LB,mastercard,debit
559412,00-99,CSCBANK S.A.L.,NE,mastercard,debit
559413,00-99,CSCBANK S.A.L.,ML,mastercard,debit
559414,00-99,SUN COMMUNITY FEDERAL CREDIT UNION,US,mastercard,credit
559415,00-99,JACK HENRY & ASSOCIATES,US,mastercard,debit
559416,00-99,JACK HENRY & ASSOCIATES,US,mastercard,debit
559417,00-99,CSCBANK S.A.L.,BJ,mastercard,debit
559418,00-99,AHLI UNITED BANK B.S.C.,BH,mastercard,debit
559419,00-99,JACK HENRY & ASSOCIATES,US,mastercard,debit
559420,00-99,ALEJMAA ALARABI BANK,LY,mastercard,debit
559421,00-99,SIMMONS BANK,US,mastercard,debit
559422,00-99,KEYBANK N.A.,US,mastercard,debit
559423,00-99,ICICI BANK LTD.,IN,mastercard,debit
559424,00-99,STANDARD BANK OF SOUTH AFRICA LTD.,NG,mastercard,debit
559425,00-99,JACK HENRY & ASSOCIATES,US,mastercard,debit
559426,00-99,CENTRAL BANK OF INDIA,IN,mastercard,debit
559427,00-99,PINNACLE BANK,US,mastercard,debit
559428,00-99,PINNACLE BANK,US,mastercard,debit
559429,00-99,JACK HENRY & ASSOCIATES,US,mastercard,debit
559430,00-99,KEESLER FEDERAL CREDIT UNION,US,mastercard,credit
559431,00-99,ICICI BANK LTD.,IN,mastercard,debit
559432,00-99,STANDARD BANK OF SOUTH AFRICA LTD.,NG,mastercard,debit
559433,00-99,INDIANA UNIVERSITY CREDIT UNION,US,mastercard,debit
559434,00-99,NONGHYUP BANK,KR,mastercard,debit
559435,00-99,NICOLET NATIONAL BANK,US,mastercard,debit
559436,00-99,AMPLIFY CREDIT UNION,US,mastercard,credit
559437,00-99,JACK HENRY & ASSOCIATES,US,mastercard,debit
559438,00-99,NONGHYUP BANK,KR,mastercard,debit
559439,00-99,KEYBANK NATIONAL ASSOCIATION,US,mastercard,debit
559440,00-99,SOCIETE MONETIQUE-TUNISIE,TN,mastercard,debit
559441,00-99,WEMA BANK PLC.,NG,mastercard,debit
559442,00-99,RED LINK S.A.,AR,mastercard,debit
559443,00-99,ZENITH BANK,NG,mastercard,debit
559444,00-99,NATIONAL BANK OF EGYPT,EG,mastercard,debit
559445,00-99,TRANSACT PAYMENTS LTD.,IS,mastercard,credit
559446,00-99,HUMM (NZ) LTD.,NZ,mastercard,credit
559447,00-99,ACCESS BANK PLC,NG,mastercard,debit
559448,00-99,CREDIT UNION PAYMENT CENTER (LIMITED LIABILITY COMPANY),RU,mastercard,debit
559449,00-99,REPUBLIC BANK & TRUST COMPANY,US,mastercard,debit
559450,00-99,UNITED OVERSEAS BANK (THAI) PUBLIC COMPANY LTD.,TH,mastercard,debit
559451,00-99,,HU,mastercard,credit
559452,00-99,HIPOTEKARNA BANKA AD PODGORICA,ME,mastercard,debit
559453,00-99,WEMA BANK PLC,NG,mastercard,debit
559454,00-99,,HU,mastercard,credit
559455,00-99,,HU,mastercard,credit
559456,00-99,PUBLIC JOINT STOCK COMPANY PROMSVYAZBANK,RU,mastercard,debit
559457,00-99,POSTEPAY S.P.A,IT,mastercard,debit
559458,00-99,O.F.SZ. ORSZAGOS FIZETESI SZOLGALTATO ZRT.,HU,mastercard,debit
559459,00-99,WARBA BANK K.S.C,KW,mastercard,debit
559460,00-99,CO-OP Financial Services,US,mastercard,credit
559461,00-99,EMIRATES NATIONAL BANK OF DUBAI S.A.E,EG,mastercard,debit
559462,00-99,ICICI BANK LTD.,IN,mastercard,debit
559463,00-99,VIETNAM JOINT STOCK COMMERCIAL BANK FOR INDUSTRY AND TRADE,VN,mastercard,debit
559464,00-99,MACQUARIE BANK LTD.,AU,mastercard,debit
559465,00-99,SHAZAM INC.,US,mastercard,debit
559466,00-99,WEMA BANK PLC.,NG,mastercard,debit
559467,00-99,FIRST ABU DHABI BANK PJSC,EG,mastercard,debit
559468,00-99,JACK HENRY & ASSOCIATES,US,mastercard,debit
559469,00-99,ICICI BANK LTD.,IN,mastercard,debit
559470,00-99,INVESTBANK PLC,JO,mastercard,debit
559471,00-99,BANCOPPEL S.A. INSTITUCION BANCA MULTIPLE,MX,mastercard,debit
559472,00-99,KUWAIT INTERNATIONAL BANK,KW,mastercard,debit
559473,00-99,SOCIETE MONETIQUE-TUNISIE,TN,mastercard,debit
559474,00-99,IDFC FIRST BANK LTD.,IN,mastercard,debit
559475,00-99,GULF BANK K.S.C.,KW,mastercard,debit
559476,00-99,PJSC ROSBANK,RU,mastercard,debit
559477,00-99,FINO PAYMENTS BANK LTD.,IN,mastercard,debit
559478,00-99,FEDERAL BANK LTD.,IN,mastercard,debit
559479,00-99,FEDERAL BANK LTD.,IN,mastercard,debit
559480,00-99,FIRSTCARIBBEAN INTERNATIONAL BANK BARBADOS LTD.,TT,mastercard,debit
559481,00-99,PAYTM PAYMENTS BANK LTD.,IN,mastercard,debit
559482,00-99,HUB PAGAMENTOS S.A.,BR,mastercard,credit
559483,00-99,BANK OF AMERICA NATIONAL ASSOCIATION,US,mastercard,debit
559484,00-99,MIDFIRST BANK,US,mastercard,debit
559485,00-99,MIDFIRST BANK,US,mastercard,debit
559486,00-99,JOINT STOCK COMPANY HALYK BANK OF KAZAKHSTAN,KZ,mastercard,credit
559487,00-99,BRD GROUPE SOCIETE GENERALE,RO,mastercard,debit
559488,00-99,PJSC ROSBANK,RU,mastercard,debit
559489,00-99,MIDDLE EAST PAYMENT SERVICES LIMITED CO.,IQ,mastercard,credit
559490,00-99,AXIS BANK LTD.,IN,mastercard,debit
559491,00-99,AXIS BANK LTD.,IN,mastercard,debit
559492,00-99,AXIS BANK LTD.,IN,mastercard,debit
559493,00-99,AXIS BANK LTD.,IN,mastercard,debit
559494,00-99,FIRST ARKANSAS BANK & TRUST,US,mastercard,credit
559495,00-99,FIRST ARKANSAS BANK & TRUST,US,mastercard,credit
559496,00-99,FIRST ARKANSAS BANK & TRUST,US,mastercard,credit
559497,00-99,ALTURA CREDIT UNION,US,mastercard,credit
559498,00-99,SBER BANK OJSC,BY,mastercard,credit
559499,00-99,VENTURA COUNTY CREDIT UNION,US,mastercard,credit
559500,00-99,WESTBY COOP CREDIT UNION,US,mastercard,credit
559501,00-99,MEMBER SUPPORT SERVICES LLC,US,mastercard,credit
559502,00-99,VENTURA COUNTY CREDIT UNION,US,mastercard,credit
559503,00-99,HIPOTEKARNA BANKA AD PODGORICA,ME,mastercard,credit
559504,00-99,LOUISIANA FEDERAL CREDIT UNION,US,mastercard,credit
559505,00-99,ACHIEVA CREDIT UNION,US,mastercard,credit
559506,00-99,LIBERIAN BANK FOR DEVELOPMENT AND INVESTMENT,LR,mastercard,debit
559507,00-99,COMMUNITY FINANCIAL CREDIT UNION,US,mastercard,credit
559508,00-99,CITIZENS BANK AND TRUST COMPANY,US,mastercard,credit
559509,00-99,CITIZENS BANK AND TRUST COMPANY,US,mastercard,credit
559510,00-99,SOUTH ATLANTIC BANK,US,mastercard,credit
559511,00-99,INTERNATIONAL RESERVE BANK JOINT-STOCK COMPANY,UA,mastercard,credit
559512,00-99,MEMBER SUPPORT SERVICES LLC,US,mastercard,credit
559513,00-99,CINFED FEDERAL CREDIT UNION,US,mastercard,credit
559514,00-99,FIDELITY INFORMATION SERVICES INC.,US,mastercard,credit
559515,00-99,CREDIT UNION WEST,US,mastercard,credit
559516,00-99,SKB BANKA D.D.,SI,mastercard,credit
559517,00-99,SKB BANKA D.D.,SI,mastercard,credit
559518,00-99,SKB BANKA D.D.,SI,mastercard,credit
559519,00-99,,US,mastercard,credit
559520,00-99,CAMPUS FEDERAL CREDIT UNION,US,mastercard,credit
559521,00-99,CU COOPERATIVE SYSTEMS LLC,US,mastercard,credit
559522,00-99,BARCLAYS BANK DELAWARE,US,mastercard,credit
559523,00-99,BANK OF MISSOURI,US,mastercard,credit
559524,00-99,CU COOPERATIVE SYSTEMS LLC,US,mastercard,credit
559525,00-99,CU COOPERATIVE SYSTEMS LLC,US,mastercard,credit
559526,00-99,CU COOPERATIVE SYSTEMS LLC,US,mastercard,credit
559527,00-99,CU COOPERATIVE SYSTEMS LLC,US,mastercard,credit
559528,00-99,CHIEF FINANCIAL FEDERAL CREDIT UNION,US,mastercard,credit
559529,00-99,CONTINENTAL BANK,US,mastercard,credit
559530,00-99,CU COOPERATIVE SYSTEMS LLC,US,mastercard,credit
559531,00-99,CU COOPERATIVE SYSTEMS LLC,US,mastercard,credit
559532,00-99,COLLABRIA FINANCIAL SERVICES,CA,mastercard,credit
559533,00-99,COMMERCE BANK,US,mastercard,credit
559534,00-99,BMO BANK NATIONAL ASSOCIATION,US,mastercard,credit
559535,00-99,CAPITAL ONE NATIONAL ASSOCIATION,US,mastercard,credit
559536,00-99,CREDIT UNION OF DENVER,US,mastercard,credit
559537,00-99,CU COOPERATIVE SYSTEMS LLC,US,mastercard,credit
559538,00-99,ROGERS BANK,CA,mastercard,credit
559539,00-99,CY-FAIR FEDERAL CREDIT UNION,US,mastercard,credit
559540,00-99,CU HAWAII FEDERAL CREDIT UNION,US,mastercard,credit
559541,00-99,COLLABRIA FINANCIAL SERVICES,CA,mastercard,credit
559542,00-99,CU COOPERATIVE SYSTEMS LLC,US,mastercard,credit
559543,00-99,CITIBANK N.A.,US,mastercard,credit
559544,00-99,FIRST ABU DHABI BANK PJSC,AE,mastercard,credit
559545,00-99,AB BANK LTD.,BD,mastercard,credit
559546,00-99,U.S. BANK NATIONAL ASSOCIATION,US,mastercard,credit
559547,00-99,COMPUTER SERVICES INC.,US,mastercard,debit
559548,00-99,OCBC BANK (MALAYSIA) BERHAD,MY,mastercard,credit
559549,00-99,MEMBER SUPPORT SERVICES LLC,US,mastercard,credit
559550,00-99,FAYSAL BANK LTD.,PK,mastercard,credit
559551,00-99,FIRST NATIONAL BANK OF OMAHA,US,mastercard,credit
559552,00-99,CITIBANK N.A.,US,mastercard,credit
559553,00-99,NETWORK INTERNATIONAL LLC,AE,mastercard,credit
559554,00-99,CITIZENS EQUITY FIRST CREDIT UNION,US,mastercard,credit
559555,00-99,BMO BANK NATIONAL ASSOCIATION,US,mastercard,credit
559556,00-99,FIFTH THIRD BANK,US,mastercard,credit
559557,00-99,FIFTH THIRD BANK,US,mastercard,credit
559558,00-99,IDBI BANK LTD.,IN,mastercard,credit
559559,00-99,JORDAN ISLAMIC BANK CO.,JO,mastercard,credit
559560,00-99,FIRST ABU DHABI BANK PJSC,AE,mastercard,credit
559561,00-99,BANCO BTG PACTUAL SA,BR,mastercard,credit
559562,00-99,ARAB BANK FOR INVESTMENT & FOREIGN TRADE,AE,mastercard,credit
559563,00-99,ARAB BANK FOR INVESTMENT & FOREIGN TRADE,AE,mastercard,credit
559564,00-99,U.S. BANK NATIONAL ASSOCIATION,US,mastercard,credit
559565,00-99,U.S. BANK NATIONAL ASSOCIATION,US,mastercard,credit
559566,00-99,U.S. BANK NATIONAL ASSOCIATION,US,mastercard,credit
559567,00-99,WESTPAC NEW ZEALAND LTD.,NZ,mastercard,credit
559568,00-99,CANARA BANK,IN,mastercard,credit
559569,00-99,CTBC BANK CO. LTD.,TW,mastercard,credit
559570,00-99,CTBC BANK CO. LTD.,TW,mastercard,credit
559571,00-99,LOTTE CARD CO. LTD.,KR,mastercard,credit
559572,00-99,PSA PAYMENT SERVICES AUSTRIA GMBH,AT,mastercard,debit
559573,00-99,PRIME BANK LTD.,BD,mastercard,credit
559574,00-99,COMMERCIAL BANK OF CEYLON PLC,LK,mastercard,credit
559575,00-99,FISERV SOLUTIONS LLC,US,mastercard,credit
559576,00-99,COMMERCIAL BANK OF CEYLON PLC,LK,mastercard,credit
559577,00-99,FIRST INTERSTATE BANK,US,mastercard,credit
559578,00-99,SPOKANE TEACHERS CREDIT UNION,US,mastercard,credit
559579,00-99,SPOKANE TEACHERS CREDIT UNION,US,mastercard,credit
559580,00-99,NATIONAL BANK OF RAS AL-KHAIMAH (RAKBANK),AE,mastercard,credit
559581,00-99,EASTERN BANK PLC.,BD,mastercard,credit
559582,00-99,GULF BANK K.S.C.,KW,mastercard,credit
559583,00-99,AHLI UNITED BANK B.S.C.,BH,mastercard,credit
559584,00-99,AHLI UNITED BANK B.S.C.,BH,mastercard,credit
559585,00-99,AMERICAN NATIONAL BANK,US,mastercard,credit
559586,00-99,HERRING BANK,US,mastercard,credit
559587,00-99,UALA SOCIEDAD ANONIMA INSTITUCION DE BANCA MULTIPLE,MX,mastercard,debit
559588,00-99,LOTTECARD CO. LTD.,KR,mastercard,credit
559589,00-99,PUBLIC BANK BERHAD,MY,mastercard,credit
559590,00-99,BANK OF EAST ASIA (CHINA) LTD.,CN,mastercard,credit
559591,00-99,BARCLAYS BANK DELAWARE,US,mastercard,credit
559592,00-99,AHLI UNITED BANK B.S.C.,BH,mastercard,credit
559593,00-99,KUWAIT INTERNATIONAL BANK,KW,mastercard,credit
559594,00-99,BANCO BINEO S.A. INSTITUCION DE BANCA MULTIPLE GRUPO FINANCIERO,MX,mastercard,credit
559595,00-99,CU COOPERATIVE SYSTEMS LLC,US,mastercard,debit
559596,00-99,PJSC ROSBANK,RU,mastercard,debit
559597,00-99,MASTERCAJAS S.A.,ES,mastercard,debit
559598,00-99,PJSC ROSBANK,RU,mastercard,debit
559599,00-99,BANCO SANTANDER S.A.,ES,mastercard,debit
559600,00-99,PAYNET SERVICES LLC,MD,mastercard,debit
559601,00-99,STATE BANK OF INDIA,IN,mastercard,debit
559602,00-99,STATE BANK OF INDIA,IN,mastercard,debit
559603,00-99,STATE BANK OF INDIA,IN,mastercard,debit
559604,00-99,STATE BANK OF INDIA,IN,mastercard,debit
559605,00-99,STATE BANK OF INDIA,IN,mastercard,debit
559606,00-99,STATE BANK OF INDIA,IN,mastercard,debit
559607,00-99,JACK HENRY & ASSOCIATES,US,mastercard,debit
559608,00-99,ICBA BANCARD INC.,US,mastercard,debit
559609,00-99,JACK HENRY & ASSOCIATES,US,mastercard,debit
559610,00-99,JACK HENRY & ASSOCIATES,US,mastercard,debit
559611,00-99,CU COOPERATIVE SYSTEMS,US,mastercard,debit
559612,00-99,JACK HENRY & ASSOCIATES,US,mastercard,debit
559613,00-99,JACK HENRY & ASSOCIATES,US,mastercard,debit
559614,00-99,JACK HENRY & ASSOCIATES,US,mastercard,debit
559615,00-99,PJSC ROSBANK,RU,mastercard,debit
559616,00-99,SALT BANK S.A.,RO,mastercard,debit
559617,00-99,BANCO PRIVADO ATLANTICO EUROPA S.A.,PT,mastercard,debit
559618,00-99,CREDIT MUTUEL ARKEA,FR,mastercard,debit
559619,00-99,BANK OF AMERICA NATIONAL ASSOCIATION,US,mastercard,debit
559620,00-99,WOORICARD CO. LTD,KR,mastercard,debit
559621,00-99,BANK OF AMERICA NATIONAL ASSOCIATION,US,mastercard,debit
559622,00-99,BANK OF AMERICA NATIONAL ASSOCIATION,US,mastercard,debit
559623,00-99,BANK OF AMERICA NATIONAL ASSOCIATION,US,mastercard,debit
559624,00-99,BANK OF AMERICA NATIONAL ASSOCIATION,US,mastercard,debit
559625,00-99,BANK OF AMERICA NATIONAL ASSOCIATION,US,mastercard,debit
559626,00-99,BANK OF AMERICA NATIONAL ASSOCIATION,US,mastercard,debit
559627,00-99,BANK OF AMERICA NATIONAL ASSOCIATION,US,mastercard,debit
559628,00-99,FIFTH THIRD BANK,US,mastercard,debit
559629,00-99,BANK OF AMERICA NATIONAL ASSOCIATION,US,mastercard,debit
559630,00-99,BANK OF AMERICA NATIONAL ASSOCIATION,US,mastercard,debit
559631,00-99,BC CARD,KR,mastercard,debit
559632,00-99,BC CARD,KR,mastercard,debit
559633,00-99,BANK OF AMERICA NATIONAL ASSOCIATION,US,mastercard,debit
559634,00-99,BANK OF AMERICA NATIONAL ASSOCIATION,US,mastercard,debit
559635,00-99,MUFG UNION BANK N.A.,US,mastercard,credit
559636,00-99,AVIDIA BANK,US,mastercard,debit
559637,00-99,U.S. BANK N.A.,US,mastercard,credit
559638,00-99,FISERV SOLUTIONS LLC,US,mastercard,debit
559639,00-99,BC CARD,KR,mastercard,debit
559640,00-99,FISERV SOLUTIONS LLC,US,mastercard,debit
559641,00-99,RIVER REGION CREDIT UNION,US,mastercard,debit
559642,00-99,BOKF NATIONAL ASSOCIATION,US,mastercard,debit
559643,00-99,FIDELITY INFORMATION SERVICES,US,mastercard,credit
559644,00-99,PJSC BANK CREDIT DNEPR,UA,mastercard,credit
559645,00-99,BANK ZENIT,RU,mastercard,credit
559646,00-99,THE INTERNATIONAL BANK OF AZERBAIJAN,AZ,mastercard,credit
559647,00-99,UNIBANK COMMERCIAL BANK,AZ,mastercard,credit
559648,00-99,OJSC KYRGYZKOMMERTSBANK,KG,mastercard,credit
559649,00-99,PUBLIC JOINT STOCK COMPANY IBOXBANK,UA,mastercard,credit
559650,00-99,BANCA MARCH S.A.,ES,mastercard,credit
559651,00-99,THE INTERNATIONAL BANK OF AZERBAIJAN,AZ,mastercard,credit
559652,00-99,JOINT STOCK COMMERCIAL BANK MOLDINDCONBANK S.A.,MD,mastercard,credit
559653,00-99,CENTRAL COOPERATIVE BANK PLC.,BG,mastercard,credit
559654,00-99,LIMITED LIABILITY COMPANY HOME CREDIT & FINANCE BANK,RU,mastercard,credit
559655,00-99,NEXI PAYMENTS SPA,IT,mastercard,credit
559656,00-99,JOINT STOCK COMMERCIAL BANK - TBC BANK,GE,mastercard,credit
559657,00-99,DZ BANK AG DEUTSCHE ZENTRAL-GENOSSENSCHAFTSBANK,DE,mastercard,credit
559658,00-99,LIMITED LIABILITY COMPANY BANK AVERS,RU,mastercard,credit
559660,00-99,PJSC BANK VOSTOK,UA,mastercard,credit
559661,00-99,CATELLA BANK S.A.,LU,mastercard,credit
559662,00-99,FIRST HEARTLAND JUSAN BANK JOINT STOCK COMPANY,KZ,mastercard,credit
559663,00-99,PJSC BANK ALLIANCE,UA,mastercard,credit
559664,00-99,BELFIUS BANK N.V. / BELFIUS BANQUE S.A.,BE,mastercard,credit
559665,00-99,RAIFFEISEN BANK JSC,UA,mastercard,credit
559666,00-99,MVB BANK INC,US,mastercard,credit
559667,00-99,SVENSKA HANDELSBANKEN AB,NO,mastercard,credit
559668,00-99,,US,mastercard,credit
559669,00-99,PUBLIC JOINT STOCK COMPANY BANK URALSIB,RU,mastercard,credit
559670,00-99,NATIONAL WESTMINSTER BANK PLC,GB,mastercard,credit
559671,00-99,PUBLIC JOINT STOCK COMPANY MTB BANK,UA,mastercard,credit
559672,00-99,JOINT STOCK COMPANY BANK CENTERCREDIT,KZ,mastercard,credit
559673,00-99,,US,mastercard,credit
559674,00-99,FIDELITY INFORMATION SERVICES INC.,US,mastercard,debit
559675,00-99,FIDELITY INFORMATION SERVICES INC.,US,mastercard,debit
559676,00-99,COMPUTER SERVICES INC.,US,mastercard,debit
559677,00-99,MEMBER SUPPORT SERVICES LLC,US,mastercard,debit
559678,00-99,PSCU INCORPORATED,US,mastercard,debit
559679,00-99,STRIDE BANK N.A.,US,mastercard,debit
559680,00-99,FIDELITY INFORMATION SERVICES INC.,US,mastercard,debit
559681,00-99,COMPUTER SERVICES INC.,US,mastercard,debit
559682,00-99,FISERV SOLUTIONS LLC,US,mastercard,debit
559683,00-99,FIDELITY INFORMATION SERVICES INC.,US,mastercard,debit
559684,00-99,BOKF NATIONAL ASSOCIATION,US,mastercard,debit
559685,00-99,HORIZON BANK,US,mastercard,debit
559686,00-99,CITIBANK N.A.,US,mastercard,credit
559687,00-99,JACK HENRY & ASSOCIATES,US,mastercard,debit
559688,00-99,FIDELITY INFORMATION SERVICES INC.,US,mastercard,debit
559689,00-99,DIETERICH BANK,US,mastercard,debit
559690,00-99,FISERV SOLUTIONS LLC,US,mastercard,debit
559691,00-99,JACK HENRY & ASSOCIATES,US,mastercard,debit
559692,00-99,FISERV SOLUTIONS LLC,US,mastercard,debit
559693,00-99,JACK HENRY & ASSOCIATES,US,mastercard,debit
559694,00-99,ION BANK,US,mastercard,debit
559695,00-99,JACK HENRY & ASSOCIATES,US,mastercard,debit
559696,00-99,TOMPKINS COMMUNITY BANK,US,mastercard,debit
559697,00-99,MAHOPAC BANK,US,mastercard,debit
559698,00-99,FIDELITY INFORMATION SERVICES INC.,US,mastercard,debit
559699,00-99,FISERV SOLUTIONS LLC,US,mastercard,debit
559700,00-99,BANCO CETELEM S.A.,ES,mastercard,debit
559701,00-99,BANK OF CASTILE,US,mastercard,debit
559702,00-99,COMPUTER SERVICES INC.,US,mastercard,debit
559703,00-99,VIST BANK,US,mastercard,debit
559704,00-99,FISERV SOLUTIONS LLC,US,mastercard,debit
559705,00-99,JACK HENRY & ASSOCIATES,US,mastercard,debit
559706,00-99,FIDELITY INFORMATION SERVICES INC.,US,mastercard,debit
559707,00-99,JACK HENRY & ASSOCIATES,US,mastercard,debit
559708,00-99,INDEPENDENT BANK,US,mastercard,debit
559709,00-99,SHAZAM INC.,US,mastercard,debit
559710,00-99,FISERV SOLUTIONS LLC,US,mastercard,debit
559711,00-99,JACK HENRY & ASSOCIATES,US,mastercard,debit
559712,00-99,CREDIT UNION WEST,US,mastercard,debit
559713,00-99,MERIWEST CREDIT UNION,US,mastercard,debit
559714,00-99,ALTURA CREDIT UNION,US,mastercard,debit
559715,00-99,CANVAS CREDIT UNION,US,mastercard,debit
559716,00-99,COMPUTER SERVICES INC.,US,mastercard,debit
559717,00-99,JACK HENRY & ASSOCIATES,US,mastercard,debit
559718,00-99,VENTURA COUNTY CREDIT UNION,US,mastercard,debit
559719,00-99,JACK HENRY & ASSOCIATES,US,mastercard,debit
559720,00-99,CAMPUS FEDERAL CREDIT UNION,US,mastercard,debit
559721,00-99,JACK HENRY & ASSOCIATES,US,mastercard,debit
559722,00-99,JACK HENRY & ASSOCIATES,US,mastercard,debit
559723,00-99,POINTBANK,US,mastercard,debit
559724,00-99,PUBLIC JOINT-STOCK COMPANY DV BANK,UA,mastercard,debit
559725,00-99,ICICI BANK LTD.,IN,mastercard,debit
559726,00-99,SOUTH INDIAN BANK LTD.,IN,mastercard,debit
559727,00-99,BANCO NACIONAL DE COSTA RICA,CR,mastercard,debit
559728,00-99,COMMERCIAL BANK OF CEYLON PLC,LK,mastercard,debit
559729,00-99,COMMERCIAL BANK OF CEYLON PLC,LK,mastercard,debit
559730,00-99,PT. BANK NEGARA INDONESIA (PERSERO) TBK.,ID,mastercard,debit
559731,00-99,CITIBANK SINGAPORE LTD.,SG,mastercard,debit
559732,00-99,CITIBANK SINGAPORE LTD.,SG,mastercard,debit
559733,00-99,CITIBANK SINGAPORE LTD.,SG,mastercard,debit
559734,00-99,CITIBANK SINGAPORE LTD.,SG,mastercard,debit
559735,00-99,ICICI BANK LTD.,IN,mastercard,debit
559736,00-99,CITIBANK (HONG KONG) LTD.,HK,mastercard,debit
559737,00-99,CITIBANK (HONG KONG) LTD.,HK,mastercard,debit
559738,00-99,NATIONAL AUSTRALIA BANK LTD.,AU,mastercard,debit
559739,00-99,NATIONAL AUSTRALIA BANK LTD.,AU,mastercard,debit
559740,00-99,NATIONAL AUSTRALIA BANK LTD.,AU,mastercard,debit
559741,00-99,NATIONAL AUSTRALIA BANK LTD.,AU,mastercard,debit
559742,00-99,PT BANK UOB INDONESIA,ID,mastercard,debit
559743,00-99,UNITED OVERSEAS BANK (MALAYSIA) BERHAD,MY,mastercard,debit
559744,00-99,UNIONBANK OF THE PHILIPPINES,PH,mastercard,debit
559745,00-99,UNITED OVERSEAS BANK (THAI) PUBLIC COMPANY LTD.,TH,mastercard,debit
559746,00-99,RBL BANK LTD.,IN,mastercard,debit
559747,00-99,CITIBANK (HONG KONG) LTD.,HK,mastercard,debit
559748,00-99,KCB BANK KENYA LTD.,KE,mastercard,debit
559749,00-99,CITIBANK COLOMBIA S.A.,CO,mastercard,debit
559750,00-99,DBS BANK (TAIWAN) LTD.,TW,mastercard,debit
559751,00-99,PT. BANK MAYBANK INDONESIA TBK,ID,mastercard,debit
559752,00-99,AIRTEL PAYMENTS BANK LTD.,IN,mastercard,debit
559753,00-99,ALIZZ ISLAMIC BANK SAOG,OM,mastercard,debit
559754,00-99,GUARANTY TRUST BANK PLC,NG,mastercard,debit
559755,00-99,ADVANCED BANK OF ASIA LTD.,KH,mastercard,debit
559756,00-99,BANK OF CHINA LTD.,CN,mastercard,debit
559757,00-99,TULAN BEST MARKETING COMPANY,JO,mastercard,debit
559758,00-99,COMERICA BANK,US,mastercard,debit
559759,00-99,BANDHAN BANK LTD.,IN,mastercard,debit
559760,00-99,METROBANK S.A.,PA,mastercard,debit
559761,00-99,BANK OF BARODA,IN,mastercard,debit
559762,00-99,PRIVAL BANK COSTA RICA  S.A.,CR,mastercard,debit
559763,00-99,PREMIA CARDS SDN BHD,MY,mastercard,debit
559764,00-99,,US,mastercard,debit
559765,00-99,CAMPUS FEDERAL CREDIT UNION,US,mastercard,debit
559766,00-99,MEMBER SUPPORT SERVICES LLC,US,mastercard,debit
559767,00-99,CANVAS CREDIT UNION,US,mastercard,debit
559768,00-99,CU COOPERATIVE SYSTEMS LLC,US,mastercard,debit
559769,00-99,FISERV SOLUTIONS LLC,US,mastercard,debit
559770,00-99,AXIS BANK LTD.,IN,mastercard,credit
559771,00-99,FISERV SOLUTIONS LLC,US,mastercard,debit
559772,00-99,ICBA BANCARD INC.,US,mastercard,debit
559773,00-99,EASTERN BANK PLC.,BD,mastercard,credit
559774,00-99,AFRILAND FIRST BANK,GQ,mastercard,credit
559775,00-99,AFRILAND FIRST BANK,CI,mastercard,debit
559776,00-99,CREDOMATIC DE COSTA RICA S.A.,CR,mastercard,debit
559777,00-99,POSTAL SAVINGS BANK OF CHINA CO. LTD.,CN,mastercard,debit
559778,00-99,INDUSTRIAL AND COMMERCIAL BANK OF CHINA LTD.,CN,mastercard,debit
559779,00-99,BANCO SANTANDER CHILE,CL,mastercard,debit
559780,00-99,SUMITOMO MITSUI CARD COMPANY LTD.,JP,mastercard,credit
559781,00-99,SUMITOMO MITSUI CARD COMPANY LTD.,JP,mastercard,credit
559782,00-99,,BE,mastercard,credit
559783,00-99,TRANSATLANTICA COMPANIA FINANCIERA S.A.,AR,mastercard,credit
559784,00-99,PEOPLES TRUST COMPANY,CA,mastercard,debit
559785,00-99,PEOPLES TRUST COMPANY,CA,mastercard,debit
559786,00-99,PEOPLES TRUST COMPANY,CA,mastercard,debit
559787,00-99,DIGITAL COMMERCE BANK,CA,mastercard,debit
559788,00-99,PEOPLES TRUST COMPANY,CA,mastercard,debit
559789,00-99,PEOPLES TRUST COMPANY,CA,mastercard,debit
559790,00-99,PEOPLES TRUST COMPANY,CA,mastercard,debit
559791,00-99,PEOPLES TRUST COMPANY,CA,mastercard,debit
559792,00-99,PEOPLES TRUST COMPANY,CA,mastercard,debit
559793,00-99,COMMUNITY FEDERAL SAVINGS BANK,US,mastercard,debit
559794,00-99,JEONBUK BANK,KR,mastercard,credit
559795,00-99,FINANCIAL PARTNERS CREDIT UNION,US,mastercard,credit
559796,00-99,PJSC ROSBANK,RU,mastercard,debit
559797,00-99,ARAB FINANCIAL SERVICES COMPANY B.S.C. (C),BH,mastercard,debit
559798,00-99,FIRST DATA CONO SUR S.R.L.,AR,mastercard,credit
559799,00-99,FIRST DATA CONO SUR S.R.L.,AR,mastercard,credit
559800,00-99,BANCO ITAU CHILE,CL,mastercard,credit
559801,00-99,BANCO ITAU CHILE,CL,mastercard,credit
559802,00-99,BANCO PROVINCIA NEUQUEN S.A.,AR,mastercard,credit
559803,00-99,FIRST DATA CONO SUR S.R.L.,AR,mastercard,credit
559804,00-99,UNLIMINT EU LTD.,CY,mastercard,debit
559805,00-99,SVENSKA HANDELSBANKEN AB,NO,mastercard,debit
559806,00-99,SOLDO FINANCIAL SERVICES IRELAND DAC,IE,mastercard,debit
559807,00-99,CROSS RIVER BANK,US,mastercard,credit
559808,00-99,WILL FINANCEIRA S.A. CREDITO FINANCIAMENTO E INVESTIMENTO,BR,mastercard,debit
559809,00-99,CREDIT MUTUEL ARKEA,FR,mastercard,debit
559810,00-99,CREDIT MUTUEL ARKEA,FR,mastercard,debit
559811,00-99,CREDIT UNION PAYMENT CENTER (LIMITED LIABILITY COMPANY),RU,mastercard,debit
559813,00-99,CREDIT EUROPE BANK LTD.,RU,mastercard,debit
559814,00-99,PJSC ROSBANK,RU,mastercard,debit
559815,00-99,CREDIT UNION PAYMENT CENTER (LIMITED LIABILITY COMPANY),RU,mastercard,debit
559816,00-99,CESKOSLOVENSKA OBCHODNI BANKA A.S.,CZ,mastercard,debit
559817,00-99,NATIONAL BANK FOR FOREIGN ECONOMIC ACTIVITY OF THE REPUBLIC OF UZBEKIS,UZ,mastercard,debit
559818,00-99,PJSC ROSBANK,RU,mastercard,debit
559819,00-99,PUBLIC JOINT-STOCK COMPANY BANK OTKRITIE FINANCIAL CORPORATION,RU,mastercard,debit
559820,00-99,FEDERATION DES CAISSES DESJARDINS DU QUEBEC,CA,mastercard,credit
559821,00-99,FEDERATION DES CAISSES DESJARDINS DU QUEBEC,CA,mastercard,credit
559822,00-99,FEDERATION DES CAISSES DESJARDINS DU QUEBEC,CA,mastercard,credit
559823,00-99,FEDERATION DES CAISSES DESJARDINS DU QUEBEC,CA,mastercard,credit
559825,00-99,,US,mastercard,credit
559827,00-99,FEDERATION DES CAISSES DESJARDINS DU QUEBEC,CA,mastercard,credit
559828,00-99,FEDERATION DES CAISSES DESJARDINS DU QUEBEC,CA,mastercard,credit
559830,00-99,BANCO DO ESTADO DO PARA S.A.,BR,mastercard,debit
559831,00-99,VERMONT STATE BANK,US,mastercard,debit
559832,00-99,BARCLAYS BANK DELAWARE,US,mastercard,credit
559833,00-99,FISERV SOLUTIONS LLC,US,mastercard,credit
559834,00-99,BANQUE MISR,EG,mastercard,debit
559835,00-99,CARDNPAY LTD.,TC,mastercard,debit
559836,00-99,PUBLIC JOINT-STOCK COMPANY BANK OTKRITIE FINANCIAL CORPORATION,RU,mastercard,debit
559837,00-99,BELIZE BANK LTD.,BZ,mastercard,credit
559838,00-99,AGROINDUSTRIJSKO KOMERCIJALNA BANKA AIK BANKA AKCIONARSKO DRUSTVO BEOG,RS,mastercard,credit
559839,00-99,ISRAEL CREDIT CARDS LTD.,IL,mastercard,credit
559840,00-99,TRIPLINK INTERNATIONAL CO.LIMITED,HK,mastercard,credit
559841,00-99,SOUTH CAROLINA FEDERAL CREDIT UNION,US,mastercard,debit
559842,00-99,CITIBANK SINGAPORE LTD.,SG,mastercard,debit
559843,00-99,AMERANT BANK NATIONAL ASSOCIATION,US,mastercard,debit
559844,00-99,CREDIT UNION ONE,US,mastercard,credit
559845,00-99,AVIDIA BANK,US,mastercard,debit
559846,00-99,AVIDIA BANK,US,mastercard,debit
559847,00-99,BANK OF AMERICA NATIONAL ASSOCIATION,US,mastercard,debit
559848,00-99,COMPUTER SERVICES INC.,US,mastercard,debit
559850,00-99,NEXI PAYMENTS S.P.A.,IT,mastercard,debit
559851,00-99,YES BANK LTD.,IN,mastercard,debit
559852,00-99,CREDIT UNION OF DENVER,US,mastercard,credit
559853,00-99,I & M BANK (RWANDA) PLC,RW,mastercard,debit
559854,00-99,AMERANT BANK NATIONAL ASSOCIATION,US,mastercard,debit
559855,00-99,FISERV SOLUTIONS LLC,US,mastercard,debit
559856,00-99,FISERV SOLUTIONS LLC,US,mastercard,debit
559857,00-99,MIDDLE EAST PAYMENT SERVICES LIMITED CO.,IQ,mastercard,debit
559858,00-99,NEXI PAYMENTS S.P.A.,IT,mastercard,debit
559859,00-99,BBC LEASING S/A- ARRENDAMENTO MERCANTI,BR,mastercard,debit
559860,00-99,CITIZENS EQUITY FIRST CREDIT UNION,US,mastercard,credit
559861,00-99,POSTAL SAVINGS BANK OF CHINA CO. LTD.,CN,mastercard,credit
559862,00-99,CITIBANK SINGAPORE LTD.,SG,mastercard,debit
559863,00-99,BANK OF AMERICA NATIONAL ASSOCIATION,US,mastercard,debit
559864,00-99,JACK HENRY & ASSOCIATES,US,mastercard,debit
559865,00-99,SIAM COMMERCIAL BANK PUBLIC COMPANY LTD.,TH,mastercard,debit
559866,00-99,NEXI PAYMENTS SPA,IT,mastercard,debit
559867,00-99,YES BANK LTD.,IN,mastercard,debit
559868,00-99,CY-FAIR FEDERAL CREDIT UNION,US,mastercard,credit
559869,00-99,KB KOOKMIN CARD CO. LTD,KR,mastercard,credit
559870,00-99,INDEPENDENT BANK,US,mastercard,debit
559871,00-99,BANK OF AMERICA NATIONAL ASSOCIATION,US,mastercard,debit
559872,00-99,FISERV SOLUTIONS LLC,US,mastercard,debit
559873,00-99,AREEBA S.A.L,LB,mastercard,credit
559874,00-99,NEXI PAYMENTS SPA,IT,mastercard,debit
559875,00-99,UP AGANEA EDE SAU,ES,mastercard,debit
559876,00-99,CAPITAL ONE NATIONAL ASSOCIATION,US,mastercard,credit
559878,00-99,MUTUAL TRUST BANK LTD.,BD,mastercard,debit
559879,00-99,BANK OF AMERICA NATIONAL ASSOCIATION,US,mastercard,debit
559880,00-99,CU COOPERATIVE SYSTEMS LLC,US,mastercard,debit
559881,00-99,VIETNAM PROSPERITY JOINT STOCK COMMERCIAL BANK,VN,mastercard,debit
559882,00-99,NEXI PAYMENTS SPA,IT,mastercard,debit
559883,00-99,CU COOPERATIVE SYSTEMS LLC,US,mastercard,credit
559884,00-99,AKTIF YATIRIM BANKASI A.S.,TR,mastercard,debit
559885,00-99,EMONEY PLC,MT,mastercard,debit
559886,00-99,BANK OF AMERICA NATIONAL ASSOCIATION,US,mastercard,debit
559887,00-99,EASTERN BANK PLC.,BD,mastercard,credit
559888,00-99,BANGKOK BANK PUBLIC COMPANY LTD.,TH,mastercard,debit
559889,00-99,NEXI PAYMENTS S.P.A.,IT,mastercard,debit
559890,00-99,HSBC BANK CANADA,CA,mastercard,credit
559891,00-99,HOUSING & DEVELOPMENT BANK,EG,mastercard,credit
559892,00-99,CITIBANK (HONG KONG) LTD.,HK,mastercard,debit
559893,00-99,BANK OF AMERICA NATIONAL ASSOCIATION,US,mastercard,debit
559894,00-99,CREDIT LIBANAIS S.A.L.,LB,mastercard,credit
559895,00-99,NEXI PAYMENTS S.P.A.,IT,mastercard,debit
559896,00-99,BANCO FICOHSA GUATEMALA S.A.,GT,mastercard,credit
559897,00-99,MOORWAND LTD.,RO,mastercard,debit
559898,00-99,BANK OF AMERICA NATIONAL ASSOCIATION,US,mastercard,debit
559899,00-99,CHINA MERCHANTS BANK CO. LTD.,CN,mastercard,credit
559900,00-99,YOOMONEY NBCO LLC,RU,mastercard,debit
559901,00-99,UNICREDIT BANK D.D.,BA,mastercard,debit
559902,00-99,BANCO DE LA PAMPA,AR,mastercard,credit
559903,00-99,CITIBANK (HONG KONG) LTD.,HK,mastercard,debit
559904,00-99,BANK OF AMERICA NATIONAL ASSOCIATION,US,mastercard,debit
559905,00-99,BHARATIYA MAHILA BANK LTD.,IN,mastercard,debit
559906,00-99,PSI- PAY LTD.,GB,mastercard,debit
559907,00-99,CITIZENS BANK N.A.,US,mastercard,credit
559908,00-99,TIDE PLATFORM LTD.,GB,mastercard,debit
559909,00-99,PT BANK UOB INDONESIA,ID,mastercard,debit
559910,00-99,CU COOPERATIVE SYSTEMS LLC,US,mastercard,debit
559911,00-99,HKT PAYMENT LTD.,HK,mastercard,debit
559912,00-99,CREDIT UNION WEST,US,mastercard,credit
559913,00-99,HYUNDAICARD CO. LTD.,KR,mastercard,credit
559914,00-99,UNITED OVERSEAS BANK (MALAYSIA) BERHAD,MY,mastercard,debit
559915,00-99,BANK OF AMERICA NATIONAL ASSOCIATION,US,mastercard,debit
559916,00-99,HOME TRUST COMPANY,CA,mastercard,debit
559917,00-99,CU COOPERATIVE SYSTEMS LLC,US,mastercard,credit
559918,00-99,NETWORK INTERNATIONAL LLC,AE,mastercard,credit
559919,00-99,UNIONBANK OF THE PHILIPPINES,PH,mastercard,debit
559920,00-99,INDEPENDENT BANK,US,mastercard,debit
559921,00-99,OLD NATIONAL BANK,US,mastercard,credit
559922,00-99,CU COOPERATIVE SYSTEMS LLC,US,mastercard,credit
559923,00-99,CAIRO AMMAN BANK PLC,JO,mastercard,debit
559924,00-99,HYUNDAICARD CO. LTD.,KR,mastercard,credit
559925,00-99,UNITED OVERSEAS BANK (THAI) PUBLIC COMPANY LTD.,TH,mastercard,debit
559926,00-99,FIRST DATA CONO SUR S.R.L.,UY,mastercard,debit
559927,00-99,CANVAS CREDIT UNION,US,mastercard,credit
559928,00-99,GLINT PAY SERVICES LTD1,GB,mastercard,debit
559929,00-99,UNITED OVERSEAS BANK (VIETNAM) LTD.,VN,mastercard,debit
559930,00-99,WALL STREET EXCHANGE CENTER LLC,AE,mastercard,debit
559931,00-99,U.S. BANK NATIONAL ASSOCIATION,US,mastercard,credit
559932,00-99,FIRST DATA CONO SUR S.R.L.,AR,mastercard,credit
559933,00-99,ADDIKO BANK D.D. SARAJEVO,BA,mastercard,credit
559934,00-99,JAIZ BANK PLC,NG,mastercard,debit
559935,00-99,BMO BANK NATIONAL ASSOCIATION,US,mastercard,credit
559936,00-99,FIRST DATA CONO SUR S.R.L.,AR,mastercard,credit
559937,00-99,BANC OF CALIFORNIA,US,mastercard,debit
559938,00-99,CAIRO AMMAN BANK PLC,JO,mastercard,debit
559939,00-99,ICICI BANK LTD.,IN,mastercard,debit
559940,00-99,AHLI BANK OF KUWAIT,EG,mastercard,debit
559941,00-99,OPTAL FINANCIAL LTD.,GB,mastercard,credit
559942,00-99,BANQUE CENTRALE POPULAIRE,BF,mastercard,debit
559943,00-99,OPTAL FINANCIAL EUROPE LTD.,IE,mastercard,credit
559944,00-99,CREDIMAX BSC (CLOSED),BH,mastercard,credit
559945,00-99,FIRST DATA CONO SUR S.R.L.,AR,mastercard,credit
559946,00-99,ICICI BANK LTD.,IN,mastercard,debit
559947,00-99,PEOPLES BANK,US,mastercard,debit
559948,00-99,INDEPENDENT BANK,US,mastercard,debit
559949,00-99,FISERV SOLUTIONS LLC,US,mastercard,debit
559950,00-99,SKANDINAVISKA ENSKILDA BANKEN AB,SE,mastercard,credit
559951,00-99,IRAQ ELECTRONIC GATE FOR FINANCIAL SERVICES CO LTD.,IQ,mastercard,debit
559952,00-99,AVIDIA BANK,US,mastercard,debit
559953,00-99,CAMPUS FEDERAL CREDIT UNION,US,mastercard,credit
559954,00-99,METABANK,US,mastercard,debit
559955,00-99,YES BANK LTD.,IN,mastercard,debit
559956,00-99,UP AGANEA EDE SAU,FR,mastercard,debit
559957,00-99,BC CARD CO. LTD.,KR,mastercard,credit
559958,00-99,JSC KASPI BANK,KZ,mastercard,credit
559959,00-99,CHINA CONSTRUCTION BANK (ASIA) CORPORATION LTD.,HK,mastercard,credit
559960,00-99,OPTAL FINANCIAL LTD.,GB,mastercard,credit
559961,00-99,BANQUE CENTRALE POPULAIRE,SN,mastercard,debit
559962,00-99,LOTTECARD CO. LTD.,KR,mastercard,credit
559963,00-99,EVOLVE BANK & TRUST,US,mastercard,credit
559964,00-99,TURK ELEKTRONIK PARA A S,TR,mastercard,debit
559965,00-99,FIRST DATA CONO SUR S.R.L.,AR,mastercard,credit
559966,00-99,ICICI BANK LTD.,IN,mastercard,debit
559967,00-99,INDEPENDENT BANK,US,mastercard,debit
559968,00-99,CENTENARY RURAL BANK DEVELOPMENT BANK,UG,mastercard,debit
559969,00-99,PJSC ROSBANK,RU,mastercard,debit
559970,00-99,COMPUTER SERVICES INC.,US,mastercard,debit
559971,00-99,CAMPUS FEDERAL CREDIT UNION,US,mastercard,credit
559972,00-99,METABANK,US,mastercard,debit
559973,00-99,XIAMEN INTERNATIONAL BANK CO. LTD.,CN,mastercard,debit
559974,00-99,UP AGANEA EDE SAU,FR,mastercard,debit
559975,00-99,GLOBAL PROCESSING S.A.,AR,mastercard,credit
559976,00-99,SHINHAN CARD CO. LTD.,KR,mastercard,credit
559977,00-99,AREEBA S.A.L,LB,mastercard,credit
559978,00-99,OPTAL FINANCIAL LTD.,GB,mastercard,credit
559979,00-99,FAR EASTERN INTERNATIONAL BANK,TW,mastercard,credit
559980,00-99,CHANG HWA COMMERCIAL BANK LTD.,TW,mastercard,credit
559981,00-99,WIRECARD CARD SOLUTIONS LTD.,FR,mastercard,debit
559982,00-99,FIRST DATA CONO SUR S.R.L.,AR,mastercard,credit
559983,00-99,ICICI BANK LTD.,IN,mastercard,debit
559984,00-99,BANK OF AMERICA NATIONAL ASSOCIATION,US,mastercard,debit
559985,00-99,COMMUNITY FINANCIAL CREDIT UNION,US,mastercard,debit
559986,00-99,INDUSTRIAL AND COMMERCIAL BANK OF CHINA LTD.,CN,mastercard,credit
559987,00-99,PROFESSIONAL CARD PROCESSING CORP.,PA,mastercard,credit
559988,00-99,CAMPUS FEDERAL CREDIT UNION,US,mastercard,debit
559989,00-99,,NL,mastercard,credit
559990,00-99,CHEBANCA! SPA,IT,mastercard,debit
559991,00-99,UP AGANEA EDE SAU,RO,mastercard,debit
559992,00-99,GAZPROMBANK (JOINT STOCK COMPANY),RU,mastercard,credit
559993,00-99,FIRST DATA CONO SUR S.R.L.,AR,mastercard,credit
559994,00-99,KOHO FINANCIAL INCORPORATED,CA,mastercard,debit
559995,00-99,TAIWAN RAKUTEN CARD INC.,TW,mastercard,credit
559996,00-99,BMO BANK NATIONAL ASSOCIATION,US,mastercard,credit
559997,00-99,FIRST DATA CONO SUR S.R.L.,AR,mastercard,credit
559998,00-99,BIGPAY MALAYSIA SDN. BHD.,MY,mastercard,debit
559999,00-99,BANK OF AMERICA NATIONAL ASSOCIATION,US,mastercard,debit
