BIN6,Ranges,Issuer,Country,Brand,Type
620003,00-99,China Unionpay,CN,unionpay,debit
620009,00-99,SAIGON THUONG TIN COMMERCIAL JSB,VN,local,debit
620010,00-99,SHENZHEN DEVELOPMENT BANK-DEBIT CARD,CN,local,debit
620011,00-99,BC CARD,KR,local,debit
620013,00-99,BANK OF COMMUNICATIONS HONG KONG BRANCH,HK,local,debit
620015,00-99,SINGAPORE STARNET ELECTRONIC PAYMENT PTE LTD.,CN,local,debit
620016,00-99,China Unionpay,CN,unionpay,debit
620017,00-99,China Unionpay,CN,unionpay,debit
620019,00-99,BANK OF CHINA MALAYSIA BRANCH,MY,local,debit
620021,00-99,BANK OF COMMUNICATIONS,CN,local,debit
620024,00-99,ROYAL BANK OPEN STOCK COMPANY,AZ,local,debit
620025,00-99,BANK OF CHINA AUSTRALIA,AU,local,debit
620026,00-99,BANK OF CHINA (AUSTRALIA) LTD.,AU,local,debit
620027,00-99,BC CARD,KR,local,debit
620028,00-99,China Unionpay,CN,unionpay,debit
620029,00-99,China Unionpay,CN,unionpay,debit
620030,00-99,INDUSTRIAL AND COMMERCIAL BANK OF CHINA ASIA,CN,local,debit
620031,00-99,BC CARD,KR,local,debit
620033,00-99,CHINA GUANGFA BANK CO. LTD.,CN,local,debit
620035,00-99,BANK OF CHINA MALAYSIA,MY,local,debit
620037,00-99,GUANGFA BANK CO. LTD.-GF YOUTH BANK PREPAID CARD-PREPAID CARD,CN,local,debit
620038,00-99,BANK OF CHINA COMMERCIAL PAYMENT CO. LTD.,CN,local,debit
620039,00-99,BC CARD,KR,local,debit
620040,00-99,BANK OF CHINA-GREAT WALL SOCIAL SECURITY CARD-PREPAID CARD,CN,local,debit
620041,00-99,China Unionpay,CN,unionpay,debit
620043,00-99,FUJIAN STRAIT BANK CO. LTD.-FUZHOU CITIZEN CARD-PREPAID CARD,CN,local,debit
620046,00-99,INDUSTRIAL AND COMMERCIAL BANK OF CHINA HANOI,VN,local,debit
620048,00-99,BOC EXPRESSPA CARD,CN,local,debit
620050,00-99,INDUSTRIAL AND COMMERCIAL BANK OF CHINA ASIA,CN,local,debit
620051,00-99,China Unionpay,CN,unionpay,debit
620052,00-99,China Unionpay,CN,unionpay,debit
620053,00-99,China Unionpay,CN,unionpay,debit
620054,00-99,INDUSTRIAL AND COMMERCIAL BANK OF CHINA BRUSSELS BRANC,BE,local,debit
620055,00-99,China Unionpay,CN,unionpay,debit
620056,00-99,CREDIT SAISON,JP,local,debit
620058,00-99,COMMERCIAL BANK OF CHINA,CN,local,debit
620059,00-99,AGRICULTURAL BANK OF CHINA,CN,local,debit
620060,00-99,CONSTRUCTION BANK-UNIONPAY STANDARD CARD,CN,local,debit
620061,00-99,BANK OF CHINA-UNIONPAY STANDARD CARD,CN,local,debit
620062,00-99,POSTAL BANK-UNIONPAY STANDARD CARD,CN,local,debit
620063,00-99,YINGKOU COASTAL BANK,CN,local,debit
620064,00-99,ZHONGSHAN ANCIENT TOWN NANYUE RURAL BANK,CN,local,debit
620067,00-99,RIZAL COMMERCIAL BANKING CORPORATION,CN,local,debit
620068,00-99,CHINA YINSHENG FINNANCE (HOLDING) LTD.,CN,local,debit
620070,00-99,CHINA YINSHENG,CN,local,debit
620072,00-99,DAFENG BANK CO. LTD.,MO,local,debit
620073,00-99,China Unionpay,CN,unionpay,debit
620076,00-99,China Unionpay,CN,unionpay,debit
620077,00-99,China Unionpay,CN,unionpay,debit
620079,00-99,COMMERCIAL BANK OF DUBAI,AE,local,debit
620081,00-99,China Unionpay,CN,unionpay,debit
620082,00-99,CITIC BANK-CHINA TRAVEL CARD,CN,local,debit
620084,00-99,China Unionpay,CN,unionpay,debit
620085,00-99,EBANK,CN,local,debit
620086,00-99,INDUSTRIAL AND COMMERCIAL BANK OF CHINA,CN,local,debit
620087,00-99,China Unionpay,CN,unionpay,debit
620088,00-99,BEIJING RURAL CREDIT COOPERATIVE UNION,CN,local,debit
620089,00-99,China Unionpay,CN,unionpay,debit
620090,00-99,China Unionpay,CN,unionpay,debit
620091,00-99,COMMERCIAL BANK OF DUBAI,AE,local,debit
620093,00-99,China Unionpay,CN,unionpay,debit
620094,00-99,INDUSTRIAL AND COMMERCIAL BANK OF CHINA SINGAPORE,SG,local,debit
620096,00-99,China Unionpay,CN,unionpay,debit
620101,00-99,ICBC,CN,local,debit
620103,00-99,BC CARD,KR,local,debit
620105,00-99,INN-U,CN,local,debit
620106,00-99,BC CARD,KR,local,debit
620107,00-99,CHINA CONSTRUCTION BANK,CN,local,debit
620108,00-99,Bank Of China,CN,unionpay,debit
620110,00-99,Bank Of China,CN,unionpay,debit
620114,00-99,INDUSTRIAL AND COMMERCIAL BANK OF CHINA FRANKFURT,DE,local,debit
620118,00-99,LIUZHOU BANK CO. LTD.-ASEAN BUSINESS TRAVEL CARD-PREPAID CARD,CN,local,debit
620120,00-99,BC CARD,KR,local,debit
620121,00-99,Bank Of China,CN,unionpay,debit
620123,00-99,BC CARD,KR,local,debit
620124,00-99,INDUSTRIAL AND COMMERCIAL BANK OF CHINA,MO,local,debit
620125,00-99,BC CARD,KR,local,debit
620126,00-99,MACAO CONNECT CO. LTD.,MO,local,debit
620129,00-99,THE MAURITIUS COMMERCIAL BANK,MU,local,debit
620131,00-99,INDUSTRIAL AND COMMERCIAL BANK OF CHINA MILAN BRANCH,IT,local,debit
620132,00-99,BC CARD,KR,local,debit
620134,00-99,Bank Of China,CN,unionpay,debit
620136,00-99,CHINA UNIONPAY PAYMENT MARK,CN,local,debit
620138,00-99,Bank Of China,CN,unionpay,debit
620139,00-99,Bank Of China,CN,unionpay,debit
620140,00-99,Bank Of China,CN,unionpay,debit
620141,00-99,Bank Of China,CN,unionpay,debit
620142,00-99,INDUSTRIAL AND COMMERCIAL BANK OF CHINA BRUSSELS BRANC,BE,local,debit
620143,00-99,INDUSTRIAL AND COMMERCIAL BANK OF CHINA MILAN BRANCH,IT,local,debit
620144,00-99,Bank Of China,CN,unionpay,debit
620146,00-99,INDUSTRIAL AND COMMERCIAL BANK OF CHINA FRANKFURT,DE,local,debit
620147,00-99,Bank Of China,CN,unionpay,debit
620148,00-99,Industrial And Commercial Bank Of China,CN,unionpay,debit
620149,00-99,INDUSTRIAL AND COMMERCIAL BANK OF CHINA MILAN BRANCH,IT,local,debit
620150,00-99,Industrial And Commercial Bank Of China,CN,unionpay,debit
620152,00-99,TRAVELEX JAPAN KK,CN,local,debit
620153,00-99,TRAVELEX JAPAN KK,CN,local,debit
620155,00-99,Industrial And Commercial Bank Of China,CN,unionpay,debit
620156,00-99,Industrial And Commercial Bank Of China,CN,unionpay,debit
620158,00-99,Industrial And Commercial Bank Of China,CN,unionpay,debit
620159,00-99,Industrial And Commercial Bank Of China,CN,unionpay,debit
620160,00-99,VIETINBANK,VN,local,debit
620161,00-99,Industrial And Commercial Bank Of China,CN,unionpay,debit
620162,00-99,VIETINBANK,VN,local,debit
620163,00-99,VIETINBANK,VN,local,debit
620164,00-99,VIETINBANK,VN,local,debit
620165,00-99,VIETINBANK,VN,local,debit
620166,00-99,VIETINBANK,VN,local,debit
620168,00-99,VIETINBANK,VN,local,debit
620169,00-99,VIETINBANK,VN,local,debit
620175,00-99,Industrial And Commercial Bank Of China,CN,unionpay,debit
620180,00-99,Industrial And Commercial Bank Of China,CN,unionpay,debit
620181,00-99,Industrial And Commercial Bank Of China,CN,unionpay,debit
620183,00-99,INDUSTRIAL AND COMMERCIAL BANK OF CHINA MO,MO,local,debit
620184,00-99,INDUSTRIAL AND COMMERCIAL BANK OF CHINA,CA,local,debit
620185,00-99,INDUSTRIAL AND COMMERCIAL BANK OF CHINA MADRID,ES,local,debit
620186,00-99,INDUSTRIAL AND COMMERCIAL BANK OF CHINA SINGAPORE,SG,local,debit
620187,00-99,INDUSTRIAL AND COMMERCIAL BANK OF CHINA ALMATY,KZ,local,debit
620190,00-99,China Unionpay,CN,unionpay,debit
620191,00-99,China Unionpay,CN,unionpay,debit
620192,00-99,China Unionpay,CN,unionpay,debit
620193,00-99,China Unionpay,CN,unionpay,debit
620194,00-99,China Unionpay,CN,unionpay,debit
620196,00-99,China Unionpay,CN,unionpay,debit
620197,00-99,China Unionpay,CN,unionpay,debit
620198,00-99,China Unionpay,CN,unionpay,debit
620199,00-99,China Unionpay,CN,unionpay,debit
620200,00-99,ICBC-PEONY MONEY LINK CARD,CN,local,debit
620202,00-99,BANK OF CHINA,HK,local,debit
620203,00-99,BANK OF CHINA,HK,local,debit
620204,00-99,BANK OF CHINA MO,MO,local,debit
620205,00-99,BANK OF CHINA MO,MO,local,debit
620206,00-99,CHIYU BANK,HK,local,debit
620207,00-99,CHIYU BANK,HK,local,debit
620208,00-99,NANYANG COMMERCIAL BANK,HK,local,debit
620209,00-99,NANYANG COMMERCIAL BANK,HK,local,debit
620210,00-99,BANK OF CHINA MO,MO,local,debit
620211,00-99,BANK OF CHINA MO,MO,local,debit
620213,00-99,China Unionpay,CN,unionpay,debit
620214,00-99,Industrial And Commercial Bank Of China,CN,unionpay,debit
620218,00-99,BANK OF CHINA,CN,local,debit
620220,00-99,BC CARD,KR,local,debit
620221,00-99,Industrial And Commercial Bank Of China,CN,unionpay,debit
620223,00-99,Industrial And Commercial Bank Of China,CN,unionpay,debit
620224,00-99,Industrial And Commercial Bank Of China,CN,unionpay,debit
620225,00-99,Industrial And Commercial Bank Of China,CN,unionpay,debit
620226,00-99,Industrial And Commercial Bank Of China,CN,unionpay,debit
620228,00-99,Industrial And Commercial Bank Of China,CN,unionpay,debit
620229,00-99,Industrial And Commercial Bank Of China,CN,unionpay,debit
620230,00-99,Industrial And Commercial Bank Of China,CN,unionpay,debit
620231,00-99,Industrial And Commercial Bank Of China,CN,unionpay,debit
620232,00-99,,CN,local,debit
620233,00-99,,CN,local,debit
620234,00-99,,CN,local,debit
620235,00-99,,CN,local,debit
620236,00-99,,CN,local,debit
620239,00-99,,CN,local,debit
620242,00-99,,CN,local,debit
620244,00-99,,CN,local,debit
620245,00-99,,CN,local,debit
620246,00-99,,CN,local,debit
620247,00-99,,CN,local,debit
620248,00-99,,CN,local,debit
620249,00-99,,US,local,debit
620250,00-99,,CN,local,debit
620251,00-99,,CN,local,debit
620253,00-99,,CN,local,debit
620254,00-99,,CN,local,debit
620256,00-99,,CN,local,debit
620257,00-99,,CN,local,debit
620259,00-99,,CN,local,debit
620262,00-99,,CN,local,debit
620263,00-99,,CN,local,debit
620264,00-99,,CN,local,debit
620265,00-99,,CN,local,debit
620266,00-99,,CN,local,debit
620267,00-99,,CN,local,debit
620268,00-99,,CN,local,debit
620271,00-99,,CN,local,debit
620272,00-99,ALBERTA MOTOR ASSOCIATION,CA,maestro,debit
620273,00-99,,CN,local,debit
620274,00-99,,CN,local,debit
620275,00-99,,CN,local,debit
620276,00-99,,CN,local,debit
620277,00-99,,CN,local,debit
620278,00-99,BC CARD,KR,local,debit
620279,00-99,,CN,local,debit
620280,00-99,,CN,local,debit
620282,00-99,CAA SOUTH CENTRAL ONTARIO,CA,private label,debit
620290,00-99,CAA NORTH & EAST ONTARIO,CA,private label,debit
620302,00-99,CN ICBC PEONY MONEY LINK CARD,CN,local,debit
620322,00-99,VKB-BANK,AT,private label,credit
620342,00-99,,BE,local,debit
620402,00-99,CN ICBC PEONY MONEY LINK CARD,CN,local,debit
620403,00-99,CN ICBC PEONY MONEY LINK CARD,CN,local,debit
620404,00-99,CN ICBC PEONY MONEY LINK CARD,CN,local,debit
620405,00-99,CN ICBC PEONY MONEY LINK CARD,CN,local,debit
620406,00-99,CN ICBC PEONY MONEY LINK CARD,CN,local,debit
620407,00-99,CN ICBC PEONY MONEY LINK CARD,CN,local,debit
620408,00-99,CN ICBC PEONY MONEY LINK CARD,CN,local,debit
620409,00-99,CN ICBC PEONY MONEY LINK CARD,CN,local,debit
620410,00-99,CN ICBC PEONY MONEY LINK CARD,CN,local,debit
620411,00-99,INDUSTRIAL AND COMMERCIAL BANK OF CHINA,US,local,debit
620412,00-99,CN ICBC PEONY MONEY LINK CARD,CN,local,debit
620427,00-99,,FR,local,debit
620500,00-99,NINGBO YINZHOU RURAL COOPERATIVE BANK,CN,local,debit
620501,00-99,AGRICULTURAL BANK OF CHINA NINGBO BRANCH,CN,local,debit
620502,00-99,CN ICBC PEONY MONEY LINK CARD,CN,local,debit
620503,00-99,CN ICBC PEONY MONEY LINK CARD,CN,local,debit
620512,00-99,CN ICBC PEONY MONEY LINK CARD,CN,local,debit
620513,00-99,BANK OF CHINA NINGBO BRANCH,CN,local,debit
620514,00-99,BANK OF CHINA,CN,local,debit
620515,00-99,BANK OF CHINA,CN,local,debit
620516,00-99,INDUSTRIAL AND COMMERCIAL BANK OF CHINA,CN,local,debit
620517,00-99,ZHEJIANG MINTAI CB,CN,local,debit
620518,00-99,GUANG DA BANK,CN,local,debit
620519,00-99,CHANGSHA CITY COMMERCIAL BANK,CN,local,debit
620520,00-99,CHINA MERCHANTS BANK,CN,local,debit
620521,00-99,BANK OF COMMUNICATIONS,CN,local,debit
620522,00-99,SHANGHAI BANK,CN,local,debit
620527,00-99,CITIC BANK-MASTER ACCOUNT COMPOSITE ELECTRONIC CASH CARD,CN,local,debit
620528,00-99,XTB,CN,local,debit
620529,00-99,POSTAL SAVINGS BANK-IC PREPAID CARD-PREPAID CARD,CN,local,debit
620530,00-99,PEOPLES BANK OF CHINA,CN,local,debit
620531,00-99,BANK OF CHINA MO,MO,local,debit
620532,00-99,MACAO PASS,MO,local,debit
620533,00-99,BANK OF NINGBO,CN,local,debit
620535,00-99,CHINA EVERBRIGHT BANK-MOBILE PAYMENT CARD,CN,local,debit
620537,00-99,MACAO PASS CO. LTD.,MO,local,debit
620538,00-99,EXPRESSPAY CO.LTD,CN,local,debit
620550,00-99,BANK OF CHINA COMMERCIAL PAYMENT CO. LTD.,CN,local,debit
620551,00-99,BANK OF QINGDAO,CN,local,debit
620552,00-99,HUA XIA BANK,CN,local,debit
620559,00-99,BANK OF CHINA COMMERCIAL PAYMENT CO. LTD.,CN,local,debit
620561,00-99,ICBC MACAO BRANCH-ICBC QUICK PAY PREPAID CARD-PREPAID CARD,MO,local,debit
620562,00-99,,US,local,debit
620602,00-99,CN ICBC PEONY MONEY LINK CARD,CN,local,debit
620604,00-99,CN ICBC PEONY MONEY LINK CARD,CN,local,debit
620607,00-99,CN ICBC PEONY MONEY LINK CARD,CN,local,debit
620609,00-99,CN ICBC PEONY MONEY LINK CARD,CN,local,debit
620611,00-99,CN ICBC PEONY MONEY LINK CARD,CN,local,debit
620612,00-99,CN ICBC PEONY MONEY LINK CARD,CN,local,debit
620616,00-99,,CN,local,debit
620617,00-99,,CN,local,debit
620618,00-99,,CN,local,debit
620619,00-99,,CN,local,debit
620620,00-99,,CN,local,debit
620630,00-99,,CN,local,debit
620704,00-99,CN ICBC PEONY MONEY LINK CARD,CN,local,debit
620706,00-99,CN ICBC PEONY MONEY LINK CARD,CN,local,debit
620707,00-99,CN ICBC PEONY MONEY LINK CARD,CN,local,debit
620708,00-99,CN ICBC PEONY MONEY LINK CARD,CN,local,debit
620709,00-99,CN ICBC PEONY MONEY LINK CARD,CN,local,debit
620710,00-99,CN ICBC PEONY MONEY LINK CARD,CN,local,debit
620711,00-99,CN ICBC PEONY MONEY LINK CARD,CN,local,debit
620712,00-99,CN ICBC PEONY MONEY LINK CARD,CN,local,debit
620713,00-99,CN ICBC PEONY MONEY LINK CARD,CN,local,debit
620714,00-99,CN ICBC PEONY MONEY LINK CARD,CN,local,debit
620802,00-99,CN ICBC PEONY MONEY LINK CARD,CN,local,debit
620812,00-99,BC CARD,KR,local,debit
620826,00-99,,HK,local,debit
620902,00-99,CN ICBC PEONY MONEY LINK CARD,CN,local,debit
620904,00-99,CN ICBC PEONY MONEY LINK CARD,CN,local,debit
620905,00-99,CN ICBC PEONY MONEY LINK CARD,CN,local,debit
620938,00-99,,US,local,debit
621000,00-99,GOLOMT BANK OF MONGOLIA,MN,local,debit
621001,00-99,ICBC-PEONY MONEY LINK CARD,GB,local,debit
621002,00-99,BANK OF COMMUNICATIONS HONG KONG BRANCH,HK,local,debit
621003,00-99,BC CARD,KR,local,debit
621004,00-99,DONGYING CITY COMMERCIAL BANK CO.LTD,CN,local,debit
621005,00-99,BANK OF SHANGHAI-PRIVATE BANK CARD,CN,local,debit
621006,00-99,BC CARD,KR,local,debit
621008,00-99,XINJIANG RURALCREDIT COOPERATIVES,CN,local,debit
621010,00-99,CITY CRADIT COOPERATIVE OF PINGLIANG,CN,local,debit
621011,00-99,BC CARD,KR,local,debit
621012,00-99,BC CARD,KR,local,debit
621013,00-99,WUHAN RURAL CREDIT UNION,CN,local,debit
621014,00-99,SHANGRAO CITY COMMERCIAL BANK CO.LTD,CN,local,debit
621015,00-99,DBS BANK,CN,local,debit
621016,00-99,DBS BANK,HK,local,debit
621017,00-99,YUN NAN RURAL CREDIT UNION,CN,local,debit
621018,00-99,GUANGDONG RCB,CN,local,debit
621019,00-99,ZHESHANG BANK,CN,local,debit
621020,00-99,BC CARD,KR,local,debit
621021,00-99,HEBEI RURAL CREDIT UNION,CN,local,debit
621023,00-99,BC CARD,KR,local,debit
621024,00-99,JINGZHOU RURAL CREDIT COOPERATIVE UNION (ISSUING),CN,local,debit
621025,00-99,BC CARD,KR,local,debit
621026,00-99,LIAONING RURAL CREDIT COOPERTAIVES,CN,local,debit
621027,00-99,KWANGJU BANK,KR,local,debit
621028,00-99,ZHEJIANG CHOUZHOU COMMERCIAL BANK,CN,local,debit
621029,00-99,BANK OF KUNLUN CO. LTD.,CN,local,debit
621030,00-99,BEIJING BANK,CN,local,debit
621031,00-99,BC CARD,KR,local,debit
621032,00-99,BC CARD,KR,local,debit
621033,00-99,SICHUAN RURAL CREDIT UNION,CN,local,debit
621034,00-99,SHANGHAI COMMERCIAL BANK LTD.,HK,local,debit
621035,00-99,COMMERCIAL BANK OF XUCHANG CO. LTD.,CN,local,debit
621036,00-99,SHANGHAI RURAL CREDIT COOPERATIVE UNION,CN,local,debit
621037,00-99,LONGJIANG BANK,CN,local,debit
621038,00-99,TIELING COMMERCIAL BANK,CN,local,debit
621039,00-99,BC CARD,KR,local,debit
621040,00-99,UNION CARD,CN,local,debit
621041,00-99,BANK OF CHINA - HONG KONG,HK,local,debit
621042,00-99,NANYANG COMMERCIAL BANK BOC CARD,HK,local,debit
621043,00-99,CHIYU BANKING CORPORATION,HK,local,debit
621044,00-99,BAOJI CITY COMMERCIAL BANK,CN,local,debit
621045,00-99,BANK IPAK YULI,UZ,local,debit
621049,00-99,GOLOMT BANK,MN,local,debit
621050,00-99,BANK OF SHANGHAI DEBIT CARD CENTER,CN,local,debit
621051,00-99,BC CARD,KR,local,debit
621052,00-99,DBS BANK LTD.,SG,local,debit
621053,00-99,FUJIAN JIANOU SHISHI RURAL BANK CO. LTD.,CN,local,debit
621055,00-99,SAIGON THUONG TIN COMMERCIAL JSB,VN,local,debit
621056,00-99,SHIHEZI BANK OF COMMUNICATIONS VILLAGE BANK-GOBI PEARL CARD,CN,local,debit
621057,00-99,CHENGDU CITY COMMERCIAL BANK,CN,local,debit
621058,00-99,ZHEJIANG RURAL CREDIT UNION,CN,local,debit
621059,00-99,XINGHUA SUNAN VILLAGE BANK-JIYANG CARD,CN,local,debit
621060,00-99,WOORI BANK,CN,local,debit
621061,00-99,GANSU RURAL CREDIT UNION,CN,local,debit
621062,00-99,CITIBANK (CHINA)CO. LTD.,CN,local,debit
621063,00-99,CITIBANK (CHINA)CO. LTD.,CN,local,debit
621064,00-99,AEON CREDIT SERVICE (ASIA) CO. LTD.,HK,local,debit
621065,00-99,QHSRCU,CN,local,debit
621066,00-99,BEIJING RURAL CREDIT COOPERATIVE UNION,CN,local,debit
621067,00-99,BEIJING RURAL COMMERCIAL BANK-PHOENIX CARD,CN,local,debit
621068,00-99,BEIJING RURAL CREDIT COOPERATIVE UNION,CN,local,debit
621069,00-99,BANK OF COMMUNICATIONS HONGKONG BRANCH,HK,local,debit
621070,00-99,CHENGDU CITY COMMERCIAL BANK,CN,local,debit
621071,00-99,PINGDINGSHAN COMMERCIAL BANK,CN,local,debit
621072,00-99,SHBC,CN,local,debit
621073,00-99,TIANJIN BINHAI RUAL COMMERCIAL BANK CORPORATION,CN,local,debit
621074,00-99,CHAOYANGCITY COMMERCIAL BRANCH,CN,local,debit
621075,00-99,LUOHE CITY COMMERCIAL BANK,CN,local,debit
621076,00-99,BANK OF JIANGSU CO LTD.,CN,local,debit
621077,00-99,OCBC BANK(CHINA) LTD.,CN,local,debit
621078,00-99,BC CARD,KR,local,debit
621079,00-99,BC CARD,KR,local,debit
621080,00-99,CHINA CONSTRUCTION BANK,CN,local,debit
621081,00-99,CHINA CONSTRUCTION BANK,CN,local,debit
621082,00-99,CCB-CCB LUGANGTONGLONG CARD,HK,local,debit
621083,00-99,CHINA CONSTRUCTION BANK ASIA LTD.,HK,local,debit
621084,00-99,CHINA CONSTRUCTION BANK (MACAU) CO.LTD.,MO,local,debit
621086,00-99,LESHAN CITY COMMERCIAL BANK,CN,local,debit
621087,00-99,CHONG HING BANK LTD.,HK,local,debit
621088,00-99,ZHEJIANG MINTAI,CN,local,debit
621089,00-99,PANJIN CITY COMMERCIAL BANK,CN,local,debit
621090,00-99,SUINING CITY COMMERCIAL BANK,CN,local,debit
621091,00-99,BAODING COMMERCIAL BANK,CN,local,debit
621092,00-99,ZHEJIANG YIWU UNITED VILLAGE BANK-UNITED CARD,CN,local,debit
621094,00-99,,AU,local,debit
621095,00-99,POSTAL SAVINGS AND REMITTANCE BUREAU,CN,local,debit
621096,00-99,POSTAL SAVINGS AND REMITTANCE BUREAU,CN,local,debit
621097,00-99,LONGJIANG BANK,CN,local,debit
621098,00-99,POSTAL SAVINGS BANK OF CHINA,CN,local,debit
621099,00-99,SICHUAN RURAL CREDIT UNION,CN,local,debit
621100,00-99,,US,local,debit
621102,00-99,CN ICBC PEONY MONEY LINK CARD,CN,local,debit
621103,00-99,CN ICBC PEONY MONEY LINK CARD,CN,local,debit
621105,00-99,CN ICBC PEONY MONEY LINK CARD,CN,local,debit
621106,00-99,CN ICBC PEONY MONEY LINK CARD,CN,local,debit
621107,00-99,CN ICBC PEONY MONEY LINK CARD,CN,local,debit
621132,00-99,,IT,local,debit
621200,00-99,BANK OF JINING CO. LTD.,CN,local,debit
621201,00-99,HANA BANK(CHINA) CO. LTD.,CN,local,debit
621202,00-99,CN ICBC PEONY MONEY LINK CARD,CN,local,debit
621203,00-99,CN ICBC PEONY MONEY LINK CARD,CN,local,debit
621204,00-99,CN ICBC PEONY MONEY LINK CARD,CN,local,debit
621205,00-99,CN ICBC PEONY MONEY LINK CARD,CN,local,debit
621206,00-99,CN ICBC PEONY MONEY LINK CARD,CN,local,debit
621207,00-99,CN ICBC PEONY MONEY LINK CARD,CN,local,debit
621208,00-99,CN ICBC PEONY MONEY LINK CARD,CN,local,debit
621209,00-99,CN ICBC PEONY MONEY LINK CARD,CN,local,debit
621210,00-99,CN ICBC PEONY MONEY LINK CARD,CN,local,debit
621211,00-99,CN ICBC PEONY MONEY LINK CARD,CN,local,debit
621212,00-99,BANK OF CHINA (HONG KONG) LTD.,HK,local,debit
621213,00-99,NANYANG COMMERCIAL BANK,CN,local,debit
621215,00-99,BANK OF CHINA TOKYO BRANCH,JP,local,debit
621216,00-99,TAIYUAN CITY COMMERCIAL BANK,CN,local,debit
621217,00-99,HUANGSHI BANK,CN,local,debit
621218,00-99,INDUSTRIAL AND COMMERCIAL BANK OF CHINA,CN,local,debit
621219,00-99,SHOUGUANG ZHANG RURAL COMMERCIAL BANK,CN,local,debit
621220,00-99,BC CARD,KR,local,credit
621221,00-99,ZHUMADIAN CITY COMMERCIAL BANK CO. LTD.,CN,local,debit
621222,00-99,HUAXIA BANK CO. LTD.,CN,local,debit
621223,00-99,JINZHONG CITY COMMERCIAL BANK,CN,local,debit
621224,00-99,KHAN BANK,MN,local,debit
621225,00-99,INDUSTRIAL AND COMMERCIAL BANK OF CHINA,CN,local,debit
621226,00-99,INDUSTRIAL AND COMMERCIAL BANK OF CHINA LTD.,CN,local,debit
621227,00-99,INDUSTRIAL AND COMMERCIAL BANK OF CHINA,CN,local,debit
621228,00-99,HEILONGJIANG RURAL CREDIT UNION,CN,local,debit
621229,00-99,CHONGQING BISHAN ICBC RURAL BANK,CN,local,debit
621230,00-99,INN-U,CN,local,debit
621231,00-99,BANK OF CHINA LIMITED MANILA BRANCH,PH,local,debit
621232,00-99,BANCO NACIONAL ULTRAMARINO S.A.,MO,local,debit
621233,00-99,CHENGDU CITY COMMERCIAL BANK CO LTD.,CN,local,debit
621234,00-99,CSC,LB,local,debit
621235,00-99,XINXIANG CITY COMMERCIAL BANK CO. LTD.,CN,local,debit
621237,00-99,QINHUANGDAO CITY COMMERCIAL BANK,CN,local,debit
621238,00-99,XINGTAI COMMERCIAL BANK,CN,local,debit
621239,00-99,HENG SHUI SHI COMMERCIAL BANK,CN,local,debit
621240,00-99,PT. BANK INDUSTRIAL AND COMMERCIAL BANK OF CHINA INDONESIA,ID,local,debit
621241,00-99,JIANGSU SHUYANG DONGWU VILLAGE BANK-XINSU DEBIT CARD,CN,local,debit
621242,00-99,BANK OF LANZHOU CO,CN,local,debit
621243,00-99,BANK OF SHANGHAI,CN,local,debit
621244,00-99,SHENGJING BANK,CN,local,debit
621245,00-99,SOCIETE GENERALE(CHINA),CN,local,debit
621246,00-99,JIANGXI BANK,CN,local,debit
621247,00-99,BANCO NACIONAL ULTRAMARINO,MO,local,debit
621248,00-99,BANK OF CHINA LIMITED JAKARTA BRANCH,ID,local,debit
621249,00-99,BC CARD,KR,local,debit
621250,00-99,GUANGDONG ENPING HUIFENG VILLAGE BANK,CN,local,debit
621251,00-99,FUJIAN RCB,CN,local,debit
621252,00-99,QINGDAO BANK,CN,local,debit
621253,00-99,MACAU COMMERCIAL BANK,MO,local,debit
621254,00-99,BANCO COMERCIAL DE MACAU S.A.,MO,local,debit
621255,00-99,BANCO COMERCIAL DE MACAU S.A.,MO,local,debit
621256,00-99,,CN,local,debit
621257,00-99,BAIDURI BANK BERHAD,BN,local,debit
621258,00-99,CHONGQING RURALCREDIT COOPERATIVES UNION,CN,local,debit
621259,00-99,NANJING COMMERCIAL BANK,CN,local,debit
621260,00-99,ENSHI CHANGNONGSHANG VILLAGE BANK-ENSHI VILLAGE BANK DEBIT CARD,CN,local,debit
621261,00-99,PING AN BANK,CN,local,credit
621262,00-99,PING AN BANK,CN,local,credit
621263,00-99,KE ER LE SHI COMMERCIAL BANK,CN,local,debit
621264,00-99,RUSSIAN FAR EAST COMMERCIAL BANK,RU,local,debit
621265,00-99,JIANGSU RURAL CREDIT UNION,CN,local,debit
621266,00-99,BANK OF CAN-GZHOUCO.LTD,CN,local,debit
621267,00-99,FUZHOU COMMERCIAL BANK,CN,local,debit
621268,00-99,CHINA BOHAI BANK,CN,local,debit
621269,00-99,NANCHANG BANK,CN,local,debit
621270,00-99,HUBEI BANK,CN,local,debit
621271,00-99,ZHOKOUSHI COMMERCIAL BANK,CN,local,debit
621272,00-99,YQSCB,CN,local,debit
621273,00-99,YIBIN CITY COMMERCIAL BANK-JINCHENG CARD,CN,local,debit
621274,00-99,,MO,local,debit
621275,00-99,SHANGHAI PUDONG DEVELOPMENT BANK,CN,local,debit
621276,00-99,CHINA MERCHANTS BANK,CN,local,debit
621277,00-99,DAH SING BANK CHINA,CN,local,debit
621278,00-99,TONGCHENG HUIMIN VILLAGE BANK,CN,local,debit
621279,00-99,BANK OF NINGBO,CN,local,debit
621280,00-99,SHANXI RURAL CREDIT UNION,CN,local,debit
621281,00-99,INDUSTRIAL AND COMMERCIAL BANK OF CHINA,CN,local,debit
621282,00-99,AGRICULTURE BANK OF CHINA,CN,local,debit
621283,00-99,BANK OF CHINA,CN,local,debit
621284,00-99,CHINA CONSTRUCTION BANK,CN,local,debit
621285,00-99,POSTAL SAVINGS AND REMITTANCE BUREAU,CN,local,debit
621286,00-99,CHINA MERCHANTS BANK,CN,local,debit
621287,00-99,XINJIANG UYGUR AUTONOMOUS REGION RURAL CREDIT COOPERATIVE UNION-YUKA FINANCIAL IC DEBIT CARD,CN,local,debit
621288,00-99,INDUSTRIAL AND COMMERCIAL BANK OF CHINA,CN,local,debit
621289,00-99,,US,ebt,debit
621290,00-99,NANYANG COMMERCIAL BANK,HK,local,debit
621291,00-99,NANYANG COMMERCIAL BANK,HK,local,debit
621292,00-99,NANYANG COMMERCIAL BANK,HK,local,debit
621293,00-99,BANK OF CHINA (AUSTRALIA) LTD.,AU,local,debit
621294,00-99,BANK OF CHINA (AUSTRALIA) LTD.,AU,local,debit
621295,00-99,VIETCOM BANK,VN,local,debit
621296,00-99,CHANGAN BANK,CN,local,debit
621297,00-99,BANK OF CHINA,CN,local,debit
621298,00-99,WING HANG BANK(CHINA) LTD.,CN,local,debit
621299,00-99,CHINA MERCHANTS BANK,HK,local,debit
621300,00-99,INDUSTRIAL AND COMMERCIAL BANK OFCHINA LIMITED(PARIS BRANCH),FR,local,debit
621301,00-99,GEORGIA INVEST BANK,CN,local,debit
621302,00-99,CN ICBC PEONY MONEY LINK CARD,CN,local,debit
621303,00-99,CN ICBC PEONY MONEY LINK CARD,CN,local,debit
621304,00-99,CN ICBC PEONY MONEY LINK CARD,CN,local,debit
621305,00-99,CN ICBC PEONY MONEY LINK CARD,CN,local,debit
621306,00-99,CN ICBC PEONY MONEY LINK CARD,CN,local,debit
621307,00-99,CN ICBC PEONY MONEY LINK CARD,CN,local,debit
621308,00-99,JIANGSU DONGHAI ZHANGNONG COMMERCIAL RURAL BANK,CN,local,debit
621309,00-99,CN ICBC PEONY MONEY LINK CARD,CN,local,debit
621310,00-99,SANSHUI ZHUJIANG VILLAGE BANK-PEARL RIVER SUN CARD,CN,local,debit
621311,00-99,CN ICBC PEONY MONEY LINK CARD,CN,local,debit
621313,00-99,CN ICBC PEONY MONEY LINK CARD,CN,local,debit
621314,00-99,,CN,local,debit
621315,00-99,CN ICBC PEONY MONEY LINK CARD,CN,local,debit
621316,00-99,QINGDAO JIAONAN HAIHUI VILLAGE BANK-HAIHUI CARD,CN,local,debit
621317,00-99,CN ICBC PEONY MONEY LINK CARD,CN,local,debit
621324,00-99,MACAU BDA,MO,local,debit
621325,00-99,YAAN CITY COMMERCIAL BANK CO.LTD,CN,local,debit
621326,00-99,BEIJING DAXING JIUYIN VILLAGE BANK-BEIJING DAXING JIUYIN VILLAGE BANK CARD,CN,local,debit
621327,00-99,AYB,CN,local,debit
621328,00-99,UNITED OVERSEAS BANK,CN,local,debit
621330,00-99,BANK OF CHINA,CN,local,debit
621331,00-99,BANK OF CHINA,CN,local,debit
621332,00-99,BANK OF CHINA,CN,local,debit
621333,00-99,BANK OF CHINA,CN,local,debit
621334,00-99,BANK OF CHINA BANGKOK BRANCH,TH,local,debit
621335,00-99,BANK OF COMMUNICATIONS,MO,local,debit
621336,00-99,AGRICULTURAL BANK OF CHINA,CN,local,debit
621337,00-99,STANDARD CHARTERED BANK,CN,local,debit
621338,00-99,JIANGSU HANJIANG MINTAI VILLAGE BANK-JINHEHUA DEBIT CARD,CN,local,debit
621339,00-99,INN-U,CN,local,debit
621340,00-99,LANGFANG COMMERCIAL BANK,CN,local,debit
621341,00-99,LANGFANG COMMERCIAL BANK,CN,local,debit
621342,00-99,BANK OF CHINA (AUSTRALIA) LTD.,AU,local,debit
621343,00-99,BANK OF CHINA (AUSTRALIA) LTD.,AU,local,debit
621344,00-99,ROYAL BANK OPEN STOCK COMPANY,AZ,local,debit
621345,00-99,LVYE URBAN COREDIT COOPERATIVE XIANGSHAN,CN,local,debit
621346,00-99,ORDOS CITY DONGSHENG MENGYIN VILLAGE BANK-LONGYUAN TENG DEBIT CARD,CN,local,debit
621347,00-99,ZHEJIANG JINGNING GINZA VILLAGE BANK-DATANG CARD,CN,local,debit
621348,00-99,YINKOU COASTAL BANK,CN,local,debit
621349,00-99,UZBEKISTAN INFINBANK,UZ,local,debit
621350,00-99,HUINING HUISHI VILLAGE BANK-HUISHI PRATT & WHITNEY CARD,CN,local,debit
621351,00-99,PEOPLES BANK OF CHINA,CN,local,debit
621352,00-99,PEOPLES BANK OF CHINA,CN,local,debit
621353,00-99,TIANJIN JINGHAI XINHUA VILLAGE BANK-XINHUA CARD,CN,local,debit
621354,00-99,BANQUE POUR LE COMMERCE EXTERIEUR LAO PUBLIC,LA,local,debit
621355,00-99,YIXING YANGXIAN VILLAGE BANK-YANGXIAN CARD,CN,local,debit
621356,00-99,JIAXIANG BANK OF CHINA FUDENG VILLAGE BANK,CN,local,debit
621359,00-99,JINGDEZHEN BANK,CN,local,debit
621360,00-99,HAMI CITY COMMERCIAL BANK-GUAXIANG DEBIT CARD,CN,local,debit
621361,00-99,WUHAN RURAL COMMERCIAL BANK,CN,local,debit
621362,00-99,NEIMENGGU RCU,CN,local,debit
621363,00-99,JN RURAL CCB,CN,local,debit
621364,00-99,BANK OF CHINA (AUSTRALIA) LTD.,AU,local,debit
621365,00-99,ZHEJIANG XIAOSHAN LAKE COMMERCIAL VILLAGE BANK-LAKE COMMERCIAL CARD,CN,local,debit
621366,00-99,HUARONG XIANGJIANG BANK CO. LTD.,CN,local,debit
621367,00-99,INDUSTRIAL AND COMMERCIAL BANK OF CHINA (THAI),TH,local,debit
621368,00-99,SHANDONG JUNAN RURAL BANK CO.LTD,CN,local,debit
621369,00-99,INDUSTRIAL AND COMMERCIAL BANK OF CHINA HANOI,VN,local,debit
621370,00-99,INDUSTRIAL AND COMMERCIAL BANK OF CHINA LUXEMBOURG BRANCH,LU,local,debit
621371,00-99,INDUSTRIAL AND COMMERCIAL BANK OF CHINA MILAN BRANCH,IT,local,debit
621372,00-99,INDUSTRIAL AND COMMERCIAL BANK OF CHINA AMSTERDAM BRANC,NL,local,debit
621373,00-99,INDUSTRIAL AND COMMERCIAL BANK OF CHINA MILAN BROUNCH,IT,local,debit
621374,00-99,INDUSTRIAL AND COMMERCIAL BANK OF CHINA LONDON BRANCH,GB,local,debit
621375,00-99,INDUSTRIAL AND COMMERCIAL BANK OF CHINA ALMATY,KZ,local,debit
621376,00-99,INDUSTRIAL AND COMMERCIAL BANK OF CHINA BRUSSELS BRANC,BE,local,debit
621377,00-99,INDUSTRIAL AND COMMERCIAL BANK OF CHINA MADRID,ES,local,debit
621378,00-99,INDUSTRIAL AND COMMERCIAL BANK OF CHINA PARIS,FR,local,debit
621379,00-99,INDUSTRIAL AND COMMERCIAL BANK OF CHINA FRANKFURT,DE,local,debit
621380,00-99,SUIPINGZHONGYUANCUNZHENYINHANG,CN,local,debit
621381,00-99,SHAOSHAN EVERBRIGHT VILLAGE BANK LIMITED BY SHARE LTD.,CN,local,debit
621382,00-99,NINGXIA HELAN HUISHANG VILLAGE BANK,CN,local,debit
621383,00-99,LIAONING DASHIQIAO LONGFENG VILLAGE BANK-LONGFENG CARD,CN,local,debit
621384,00-99,QILU VILLAGE BANK,CN,local,debit
621385,00-99,YIBIN XINGYI RURAL CO.LTD,CN,local,debit
621386,00-99,WUZUO SHEYANG VILLAGE BANK-GOLDEN CRANE CARD,CN,local,debit
621387,00-99,ZHEJIANG LANXI YUESHANG VILLAGE BANK-LANJIANG CARD,CN,local,debit
621388,00-99,HUARONG XIANGJIANG BANK CO. LTD.,CN,local,debit
621389,00-99,CHINESE MERCANTILE COUNTRY BANK,CN,local,debit
621390,00-99,PEOPLES BANK OF CHINA,CN,local,debit
621391,00-99,INN-U,CN,local,debit
621392,00-99,NANYANG COUNTRY BANK,CN,local,debit
621393,00-99,MEI COUNTY HAKKA VILLAGE BANK-WEILONG DEBIT CARD,CN,local,debit
621394,00-99,BANK OF CHINA (AUSTRALIA) LTD.,AU,local,debit
621395,00-99,BANK OF CHINA BANGKOK BRANCH,TH,local,debit
621396,00-99,DONGYING LAISHANG COUNTY BANK,CN,local,debit
621397,00-99,JIANGSU DAFENG JIANGNAN VILLAGE BANK-JIANGNAN CARD,CN,local,debit
621398,00-99,JIANGDU JIYIN VILLAGE BANK-CHANGBAI MOUNTAIN CARD,CN,local,debit
621399,00-99,TENGCHONG MINSHENG VILLAGE BANK-TENGCHONG MINSHENG VILLAGE BANK,CN,local,debit
621400,00-99,TIANJIN BEICHEN RURAL BANK CO. LTD.,CN,local,debit
621401,00-99,FUJIAN FUDING HENGXING RURAL BANK CO.LTD,CN,local,debit
621402,00-99,CN ICBC PEONY MONEY LINK CARD,CN,local,debit
621403,00-99,LAI COMMERCIAL BANK-DEBIT IC CARD,CN,local,debit
621404,00-99,CN ICBC PEONY MONEY LINK CARD,CN,local,debit
621405,00-99,CN ICBC PEONY MONEY LINK CARD,CN,local,debit
621406,00-99,CN ICBC PEONY MONEY LINK CARD,CN,local,debit
621407,00-99,CN ICBC PEONY MONEY LINK CARD,CN,local,debit
621408,00-99,CN ICBC PEONY MONEY LINK CARD,CN,local,debit
621409,00-99,HANG SENG BANK,HK,maestro,debit
621410,00-99,CN ICBC PEONY MONEY LINK CARD,CN,local,debit
621411,00-99,BANK OF EAST ASIA MACAU BRANCH,MO,local,debit
621412,00-99,LZCCB,CN,local,debit
621413,00-99,CHINA MERCHANTS BANK,CN,local,debit
621414,00-99,INDUSTRIAL AND COMMERCIAL BANK OF CHINA ALMATY,KZ,local,debit
621415,00-99,KUNMING COMMERCIAL BANK,CN,local,debit
621416,00-99,BANK OF SHANGRAO,CN,local,debit
621417,00-99,NINGXIA BANK,CN,local,debit
621418,00-99,BANK OF NINGBO,CN,local,debit
621419,00-99,QINGDAO BANK,CN,local,debit
621420,00-99,BANK OF BEIJING,CN,local,debit
621422,00-99,BANK OF CANGZHOU,CN,local,debit
621423,00-99,ICBC,BR,local,debit
621427,00-99,FIRST NATIONAL BANK ALASKA,US,ebt,debit
621428,00-99,ICBC PHNOM PENH BRANCH,KH,local,debit
621433,00-99,ICBC VIENTIANE BRANCH,LA,local,debit
621434,00-99,ICBC PHNOM PENH BRANCH,KH,local,debit
621436,00-99,BANK OF COMMUNICATIONS,HK,local,debit
621437,00-99,QUANZHOU CITY COMMERICAL,CN,local,debit
621438,00-99,ZHIJIANG HANYIN VILLAGE BANK LIMITED BY SHARE LTD.,CN,local,debit
621439,00-99,DEVELOPMENT CREDIT BANK,CN,local,debit
621440,00-99,HANG SENG BANK,HK,local,debit
621441,00-99,HANG SENG BANK,HK,local,debit
621442,00-99,HSBC,HK,local,debit
621443,00-99,HSBC,HK,local,debit
621445,00-99,PT BANK SINARMAS TBK,ID,local,debit
621446,00-99,CHANGSHA COMMERCIAL BANK,CN,local,debit
621447,00-99,QIAN XI HUA DU COUNTRY BANK,CN,local,debit
621448,00-99,CHANGAN BANK-DEBIT IC CARD,CN,local,debit
621449,00-99,LNRCU,CN,local,debit
621452,00-99,TIANJIN COMMERCIAL BANK,CN,local,debit
621453,00-99,CHINA BOHAI BANK,CN,local,debit
621455,00-99,ZHUHAI CHINA RESOURCES BANK CO. LTD.-ZHUHAI CHINA RESOURCES BANK IC DEBIT CARD,CN,local,debit
621456,00-99,GUILIN BANK,CN,local,debit
621457,00-99,SICHUAN RURAL CREDIT UNION,CN,local,debit
621458,00-99,HAINAN RURAL CREDIT UNION,CN,local,debit
621459,00-99,SICHUAN RURAL CREDIT COOPERATIVES ASSOCIATION,CN,local,debit
621460,00-99,ZUNYI COMMERCIAL BANK,CN,local,debit
621461,00-99,DONGWU RCB,CN,local,debit
621462,00-99,GUANG DONG DEVELOPMENT BANK,CN,local,debit
621463,00-99,GUANGZHOU CB,CN,local,debit
621464,00-99,ICBC KARACHI BRANCH,PK,local,debit
621465,00-99,CHONGQING RURAL COMMERCIAL BANK-JIANGYU IC DEBIT CARD,CN,local,debit
621466,00-99,CHINA CONSTRUCTION BANK,CN,local,debit
621467,00-99,CHINA CONSTRUCTION BANK,CN,local,debit
621468,00-99,BANK OF BEIJING,CN,local,debit
621469,00-99,GUANGDONG HUAXING BANK,CN,local,debit
621470,00-99,TACHENG KUNLUN RURAL BANK CO. LTD,CN,local,debit
621472,00-99,INSDUSTRIAL AND COMMERCIAL BANK OF CHINA,CN,local,debit
621475,00-99,INSDUSTRIAL AND COMMERCIAL BANK OF CHINA,CN,local,debit
621476,00-99,INDUSTRIAL AND COMMERCIAL BANK OF CHINA,CN,local,debit
621480,00-99,TAYLOR CITY CREDIT UNION-DEBIT IC CARD,CN,local,debit
621481,00-99,INN-U,CN,local,debit
621482,00-99,CHENGDU COMMERCIAL BANK-FURONG JINCHENG TIANFU PASS,CN,local,debit
621483,00-99,CHINA MERCHANTS BANK,CN,unionpay,debit
621484,00-99,SUHYUP CARD,KR,local,debit
621485,00-99,CHINA MERCHANTS BANK,CN,local,debit
621486,00-99,CHINA MERCHANTS BANK,CN,local,debit
621487,00-99,CHINA CONSTRUCTION BANK ASIA LTD.,HK,local,debit
621488,00-99,CHINA CONSTRUCTION BANK,CN,local,debit
621489,00-99,EVERBRIGHT BANK,CN,local,debit
621490,00-99,CHINA EVERBRIGHT BANK-DEBIT IC CARD PLATINUM CARD,CN,local,debit
621491,00-99,CHINA EVERBRIGHT BANK-DEBIT IC CARD GOLD CARD,CN,local,debit
621492,00-99,CHINA EVERBRIGHT BANK-IC DEBIT CAP CARD,CN,local,debit
621493,00-99,CHINA EVERBRIGHT BANK,CN,local,debit
621494,00-99,ZHANHUAQINGYUNBANK,CN,local,debit
621495,00-99,SHANGHAI RCCU,CN,local,debit
621496,00-99,LANZHOU COMMERCIAL BANK,CN,local,debit
621497,00-99,QUJING CCB,CN,local,debit
621498,00-99,LESHAN CITY COMMERCIAL BANK,CN,local,debit
621499,00-99,CHINA CONSTRUCTION BANK,CN,local,debit
621500,00-99,,BR,local,debit
621502,00-99,CN ICBC PEONY MONEY LINK CARD,CN,local,debit
621511,00-99,CN ICBC PEONY MONEY LINK CARD,CN,local,debit
621515,00-99,CHAOYANG BANK-CHAOYANG BANK FUNONG CARD,CN,local,debit
621516,00-99,CDNCCB,CN,local,debit
621517,00-99,QHSRCU,CN,local,debit
621518,00-99,GUANGDONG RCB,CN,local,debit
621519,00-99,HUNAN RCB,CN,local,debit
621520,00-99,CSRCU,CN,local,debit
621521,00-99,SHANDONG RURAL CB,CN,local,debit
621522,00-99,GZ RURAL CREDIT UNION,CN,local,debit
621523,00-99,WUHAN RURAL CREDIT UNION,CN,local,debit
621524,00-99,EVER GROWING BANK,CN,local,debit
621525,00-99,XINJIANG RURAL CREDIT UNION,CN,local,debit
621526,00-99,ANHUIRURAL CREDIT UNION,CN,local,debit
621527,00-99,ZHEJAING RURAL CREDIT UNION,CN,local,debit
621528,00-99,CHONGQING RURAL COMMERCIAL BANK-JIANG YU XIANG QINGNONG FARM CARD,CN,local,debit
621529,00-99,YCCCB,CN,local,debit
621530,00-99,SICHUAN RURAL CREDIT UNION,CN,local,debit
621531,00-99,JLRCU,CN,local,debit
621532,00-99,CHENGDU COMMERCIAL BANK-FURONG JINCHENG FUNONG CARD,CN,local,debit
621533,00-99,NEIMENGGU RCU,CN,local,debit
621534,00-99,CHINA CONSTRUCTION BANK,CN,local,debit
621536,00-99,HAINAN RURAL CREDIT UNION,CN,local,debit
621537,00-99,ZHEJIANG PROVINCE RURAL CREDIT UNION,CN,local,debit
621538,00-99,BANK OF LANZHOU CO,CN,local,debit
621539,00-99,HUNAN RCB,CN,local,debit
621550,00-99,ANHUIRURALCREDITUNION,CN,local,debit
621551,00-99,CHANGAN BANK,CN,local,debit
621552,00-99,GUIYANG CITY COMMERCIAL BANK,CN,local,debit
621557,00-99,HLJRCU,CN,local,debit
621558,00-99,INDUSTRIAL AND COMMERCIAL BANK OF CHINA,CN,local,debit
621559,00-99,INDUSTRIAL AND COMMERCIAL BANK OF CHINA,CN,local,debit
621560,00-99,BEIJING RURAL CREDIT UNION,CN,local,debit
621561,00-99,TRCCN,CN,local,debit
621562,00-99,GUILIN BANK,CN,local,debit
621563,00-99,BANK OF CHINA COMMERCIAL PAYMENT CO. LTD.,CN,local,debit
621566,00-99,SHANXI RURAL CREDIT UNION,CN,local,debit
621568,00-99,BANK OF CHINA,CN,local,debit
621569,00-99,BANK OF CHINA,CN,local,debit
621577,00-99,HARBIN COMMERCIAL BANK,CN,local,debit
621578,00-99,JIANGSU RURAL CREDIT UNION,CN,local,debit
621579,00-99,JIANGSU BANK,CN,local,debit
621580,00-99,SHANXI RURAL CREDIT UNION,CN,local,debit
621582,00-99,POSTAL SAVINGS BANK OF CHINA,CN,local,debit
621585,00-99,HINGER-RAMPUR COAL CO,CN,local,debit
621588,00-99,LONGJIANG BANK,CN,local,debit
621589,00-99,FUJIAN RCB,CN,local,debit
621590,00-99,GUANGZHOU RURAL CREDIT UNION,CN,local,debit
621591,00-99,ANSHUN CITY COMMERCIAL BANK-HUANGGUOSHU FUNONG CARD,CN,local,debit
621592,00-99,INN-U,CN,local,debit
621598,00-99,CHINA CONSTRUCTION BANK,CN,local,debit
621599,00-99,POSTAL SAVINGS BANK OF CHINA,CN,local,debit
621600,00-99,XIAMEN BANK,CN,local,debit
621601,00-99,PUYANG BANK-LONGXIANG CARD,CN,local,debit
621602,00-99,CN ICBC PEONY MONEY LINK CARD,CN,local,debit
621603,00-99,CN ICBC PEONY MONEY LINK CARD,CN,local,debit
621604,00-99,CN ICBC PEONY MONEY LINK CARD,CN,local,debit
621605,00-99,CN ICBC PEONY MONEY LINK CARD,CN,local,debit
621606,00-99,CN ICBC PEONY MONEY LINK CARD,CN,local,debit
621607,00-99,CN ICBC PEONY MONEY LINK CARD,CN,local,debit
621608,00-99,CN ICBC PEONY MONEY LINK CARD,CN,local,debit
621609,00-99,CN ICBC PEONY MONEY LINK CARD,CN,local,debit
621610,00-99,CN ICBC PEONY MONEY LINK CARD,CN,local,debit
621611,00-99,CN ICBC PEONY MONEY LINK CARD,CN,local,debit
621612,00-99,CN ICBC PEONY MONEY LINK CARD,CN,local,debit
621613,00-99,CN ICBC PEONY MONEY LINK CARD,CN,local,debit
621614,00-99,CN ICBC PEONY MONEY LINK CARD,CN,local,debit
621615,00-99,CN ICBC PEONY MONEY LINK CARD,CN,local,debit
621616,00-99,CN ICBC PEONY MONEY LINK CARD,CN,local,debit
621617,00-99,INDUSTRIAL AND COMMERCIAL BANK OF CHINA,EG,local,debit
621618,00-99,ICBC,CN,local,debit
621619,00-99,AGRICULTURAL BANK OF CHINA,CN,local,debit
621620,00-99,BANK OF CHINA,CN,local,debit
621621,00-99,CHINA CONSTRUCTION BANK,CN,local,debit
621622,00-99,POSTAL SAVINGS BANK,CN,local,debit
621623,00-99,BAOSHENG VILLAGE BANK-BAOSHENG VILLAGE BANK CARD,CN,local,debit
621624,00-99,OJSCBASIAALLIANCEBANK,UZ,local,debit
621625,00-99,GUANGDONG HUAXING BANK-HUAXING UNIONPAY CORPORATE CARD,CN,local,debit
621626,00-99,PAB,CN,local,debit
621627,00-99,YUNNAN ANNING CHOUZHOU VILLAGE BANK-YI CARD,CN,local,debit
621628,00-99,FOSHAN GAOMING SHUNYIN VILLAGE BANK-HENGTONG CARD,CN,local,debit
621630,00-99,TOWN BANK OF XIANGTONG SHAHE LIMTED,CN,local,debit
621631,00-99,CHANGNING PEARL RIVER VILLAGE BANK-PEARL RIVER SUN CARD,CN,local,debit
621633,00-99,HCCB,CN,local,debit
621635,00-99,NINGBO YINZHOU NATIONAL VILLAGE BANK-YINZHOU NATIONAL VILLAGE BANK DEBIT IC CARD,CN,local,debit
621636,00-99,INN-U,CN,local,debit
621637,00-99,ZHENGLANQI HUIZE VILLAGE BANK,CN,local,debit
621638,00-99,BANK OF CHINA (HO CHI MINH CITY),VN,local,debit
621639,00-99,JEONBUK BANK,KR,local,debit
621640,00-99,SUHYUP CARD,KR,local,debit
621641,00-99,KWANGJU BANK,KR,local,debit
621642,00-99,TRADE AND DEVELOPMENT BANK OF MONGOLIA,MN,local,debit
621645,00-99,PAKISTAN FAYSAL BANK,PK,local,debit
621647,00-99,ORIENT EXPRESS BANK,CN,local,debit
621648,00-99,BANK OF CHINA PHNOM PENH BRANCH,KH,local,debit
621649,00-99,CJSC FONONBANK,TJ,local,debit
621650,00-99,WENCHANG NATIONAL VILLAGE AND TOWN BANK-GOVERNMENT CARD,CN,local,debit
621651,00-99,INDUS BANK OF KOREA,CN,local,debit
621652,00-99,XINXIANG ZHONGYUAN COUNTRY BANK,CN,local,debit
621653,00-99,YINCHUAN PALM SHIZHEN VILLAGE BANK-KIRIN DEBIT CARD,CN,local,debit
621654,00-99,KRUNG THAJ BANK PUBLIC CO. LTD.,TH,local,debit
621655,00-99,NINGBO COMMERCIAL BANK,CN,local,debit
621656,00-99,HENAN CITY FENGYU VILLAGE BANK-JINYU CARD,CN,local,debit
621657,00-99,HABIB BANK LTD.,PK,local,debit
621658,00-99,YUANSHI XINRONG TOWN BANK,CN,local,debit
621659,00-99,CHANGCHUN SHUANGYANG JIYIN VILLAGE BANK,CN,local,debit
621660,00-99,BANK OF CHINA,CN,local,debit
621661,00-99,BANK OF CHINA,CN,local,debit
621662,00-99,BANK OF CHINA-PERSONAL GOLD CARD,CN,local,debit
621663,00-99,BANK OF CHINA,CN,local,debit
621664,00-99,FUZHOU COMMERCIAL BANK,CN,local,debit
621665,00-99,BANK OF CHINA,CN,local,debit
621666,00-99,BANK OF CHINA,CN,local,debit
621667,00-99,BANK OF CHINA,CN,local,debit
621668,00-99,BANK OF CHINA,CN,local,debit
621669,00-99,BANK OF CHINA,CN,local,debit
621670,00-99,INDUSTRIAL AND COMMERCIAL BANK OF CHINA,CN,local,debit
621671,00-99,AGRICULTURAL BANK OF CHINA,CN,local,debit
621672,00-99,BANK OF CHINA,CN,local,debit
621673,00-99,CHINA CONSTRUCTION BANK-GENERAL HIGH SCHOOL STUDENT AID CARD,CN,local,debit
621674,00-99,POSTAL SAVINGS BANK OF CHINA,CN,local,debit
621675,00-99,SIPING TIEDONG DEFENG COUNTRY BANK CO LTD.,CN,local,debit
621676,00-99,GUANGZHOU ZENGCHENG CHANGJIANG VILLAGE BANK-HANKA,CN,local,debit
621678,00-99,ZHEJIANG RURAL CREDIT COOPERATIVE ASSOCIATION,CN,local,debit
621679,00-99,ZHANGJIAKOU XUANHUA JIAYIN COUNTY BANK CO. LTD,CN,local,debit
621680,00-99,YUNNAN SHANGRI-LA YUNONGSHANG VILLAGE BANK-JIANGYU CARD,CN,local,debit
621681,00-99,SHENYANG YUHONG YONGAN VILLAGE BANK-YONGAN CARD,CN,local,debit
621682,00-99,LINCANG LINXIANG SHANGHAI RURAL COMMERCIAL VILLAGE BANK,CN,local,debit
621683,00-99,LISHUI MINFENG VILLAGE BANK OF JIANGSU-JINDING CARD,CN,local,debit
621684,00-99,JSC RUSSIAN STANDARD BANK,RU,local,debit
621685,00-99,GUANGDONG PUNING HUICHENG COUNTY BANK,CN,local,debit
621687,00-99,BAOFENG YUFENG VILLAGE BANK-YUFENG CARD,CN,local,debit
621688,00-99,SHANGHAI RURAL COMMERCIAL BANK-INTERNATIONAL RUYI CARD,CN,local,debit
621689,00-99,BOBAI LIUYIN VILLAGE BANK-LONGCHENG CARD,CN,local,debit
621690,00-99,SHANDONG RURAL CB,CN,local,debit
621691,00-99,CHINA MINSHENG BANKING CORPORATION,CN,local,debit
621692,00-99,CHINA MINSHENG BANKING CORP.LTD.,CN,local,debit
621693,00-99,DANDONG FUHUI RURAL BANK,CN,local,debit
621694,00-99,CAPITAL BANK OF MONGOLIA,MN,local,debit
621695,00-99,YANLING ZHENGYIN VILLAGE BANK,CN,local,debit
621696,00-99,BENXI CITY COMMERCIAL BANK,CN,local,debit
621697,00-99,WUHU TAISHOU VILLAGE BANK-CONCENTRIC CARD,CN,local,debit
621699,00-99,LIAONING YIXIAN JINYIN RURAL BANK CO. LTD,CN,local,debit
621700,00-99,CHINA CONSTRUCTION BANK,CN,local,debit
621701,00-99,FUJIAN RURAL CREDIT COOPERATIVE ASSOCIATION,CN,local,debit
621719,00-99,ICBC SINGAPORE BRANCH,SG,local,debit
621720,00-99,INDUSTRIAL AND COMMERCIAL BANK OF CHINA FRANKFURT BRANCH,DE,local,debit
621721,00-99,INDUSTRIAL AND COMMERCIAL BANK OF CHINA,CN,local,debit
621722,00-99,INDUSTRIAL AND COMMERCIAL BANK OF CHINA,CN,local,debit
621723,00-99,INDUSTRIAL AND COMMERCIAL BANK OF CHINA,CN,local,debit
621724,00-99,INDUSTRIAL AND COMMERCIAL BANK OF CHINA INDONESIA BRANCH,ID,local,debit
621725,00-99,BANK OF CHINA,CN,local,debit
621726,00-99,ZHEJIANG MINTAI COMMERCIAL BANK`,CN,local,debit
621727,00-99,ZHAN JIANG SHI COMMERCIAL BANK,CN,local,debit
621728,00-99,GUANGDONG RURAL CREDIT COOPERATIVE UNION-PEARL RIVER PING AN CARD,CN,local,debit
621730,00-99,ICBC TOKYO BRANCH-ICBC TOKYO DEBIT CARD,JP,local,debit
621731,00-99,INDUSTRIAL AND COMMERCIAL BANK OF CHINA (LONDON),GB,local,debit
621732,00-99,INDUSTRIAL AND COMMERCIAL BANK OF CHINA,MO,local,debit
621733,00-99,INDUSTRIAL AND COMMERCIAL BANK OF CHINA,MO,local,debit
621734,00-99,ICBC SEOUL,KR,local,debit
621735,00-99,GUIYANG COMMERCIAL BANK,CN,local,debit
621736,00-99,ZHEJIANG RURAL CREDIT COOPERATIVE ASSOCIATION,CN,local,debit
621737,00-99,INNER MONGOLIA RURAL CREDIT COOPERATIVE,CN,local,debit
621738,00-99,YQSCB,CN,local,debit
621739,00-99,CHANGSHA BANK CO. LTD.-DEBIT IC CARD,CN,local,debit
621740,00-99,STANDARD CHARATED,HK,local,debit
621741,00-99,BANK OF CHINA (HONG KONG) LTD.,HK,local,debit
621742,00-99,CHIYU BANKING CORPORATION,HK,local,debit
621743,00-99,NANYANG COMMERCIAL BANK,HK,local,debit
621744,00-99,DBS BANK HONG KONG LTD.,HK,local,debit
621745,00-99,DBS BANK HONG KONG LTD.,HK,local,debit
621746,00-99,DBS BANK,HK,local,debit
621747,00-99,DBS BANK,HK,local,debit
621748,00-99,SHANGQIU BANK,CN,local,debit
621749,00-99,INDUSTRIAL AND COMMERCIAL BANK OF CHINA,CA,local,debit
621750,00-99,ICBC MADRID BRANCH,ES,local,debit
621751,00-99,URUMQI COMMERCIAL BANK,CN,local,debit
621752,00-99,HEBB,CN,local,debit
621753,00-99,XINYANG BANK,CN,local,debit
621754,00-99,URUMQUI CITY COMMERCIAL BANK,CN,local,debit
621755,00-99,CHONGQIN SANXIA CB,CN,local,debit
621756,00-99,BANK OF CHINA,CN,local,debit
621757,00-99,BANK OF CHINA,CN,local,debit
621758,00-99,BANK OF CHINA,CN,local,debit
621759,00-99,BANK OF CHINA,CN,local,debit
621760,00-99,BAOSHANG BANK,CN,local,debit
621761,00-99,INDUSTRIAL AND COMMERCIAL BANK OF CHINA,CA,local,debit
621762,00-99,INDUSTRIAL AND COMMERCIAL BANK OF CHINA INDONESIA,ID,local,debit
621763,00-99,INDUSTRIAL AND COMMERCIAL BANK OF CHINA HANOI BRANCH,VN,local,debit
621764,00-99,INDUSTRIAL AND COMMERCIAL BANK OF CHINA (M) BERHAD,MY,local,debit
621765,00-99,INDUSTRIAL AND COMMERCIAL BANK OF CHINA SINGAPORE,SG,local,debit
621766,00-99,KE LA MA YI SHI BANK,CN,local,debit
621767,00-99,CITIC IB,CN,local,debit
621768,00-99,CHINA CITIC BANK,CN,local,debit
621769,00-99,CHINA CITIC BANK,CN,local,debit
621770,00-99,CITIC IB,CN,local,debit
621771,00-99,CITIC IB,CN,local,debit
621772,00-99,CITIC IB,CN,local,debit
621773,00-99,CITIC IB,CN,local,debit
621774,00-99,ZHENFENG XINGZHEN RURAL BANK CORP. LTD.,CN,local,debit
621775,00-99,HUI SHANG BANK,CN,local,debit
621776,00-99,CHINA RESOURCES BANK OF ZHUHAI CO.LTD,CN,local,debit
621777,00-99,INN-U,CN,local,debit
621778,00-99,ANHUIRURAL CREDIT UNION,CN,local,debit
621779,00-99,GUIZHOU RURAL CREDIT COOPERATIVE,CN,local,debit
621780,00-99,JZSCB,CN,local,debit
621781,00-99,INDUSTRIAL AND COMMERCIAL BANK OF CHINA (LONDON),GB,local,debit
621782,00-99,BANK OF CHINA,HK,local,debit
621783,00-99,NANYANG COMMERCIAL BANK,HK,local,debit
621784,00-99,CHIYU BANK,HK,local,debit
621785,00-99,BANK OF CHINA,CN,local,debit
621786,00-99,BANK OF CHINA,CN,local,debit
621787,00-99,BANK OF CHINA,CN,local,debit
621788,00-99,BANK OF CHINA,CN,local,debit
621789,00-99,BANK OF CHINA,CN,local,debit
621790,00-99,BANK OF CHINA,CN,local,debit
621791,00-99,PEOPLES BANK OF CHINA,CN,local,debit
621792,00-99,SHANGHAI PUDONG DEVELOPMENT BANK,CN,local,debit
621793,00-99,SHANGHAI PUDONG DEVELOPMENT BANK,CN,local,debit
621794,00-99,PHONGSAVANH BANK LTD.,LA,local,debit
621795,00-99,PEOPLES BANK OF CHINA,CN,local,debit
621796,00-99,PEOPLES BANK OF CHINA,CN,local,debit
621797,00-99,POSTAL SAVINGS BANK OF CHINA,CN,local,debit
621798,00-99,POSTAL SAVINGS BANK OF CHINA,CN,local,debit
621799,00-99,POSTAL SAVINGS BANK OF CHINA,CN,local,debit
621804,00-99,CN ICBC PEONY MONEY LINK CARD,CN,local,debit
621807,00-99,CN ICBC PEONY MONEY LINK CARD,CN,local,debit
621813,00-99,CN ICBC PEONY MONEY LINK CARD,CN,local,debit
621814,00-99,CN ICBC PEONY MONEY LINK CARD,CN,local,debit
621817,00-99,CN ICBC PEONY MONEY LINK CARD,CN,local,debit
621830,00-99,,US,maestro,debit
621831,00-99,,US,ebt,debit
621832,00-99,,US,ebt,debit
621833,00-99,,US,ebt,debit
621834,00-99,,US,ebt,debit
621835,00-99,,US,ebt,debit
621836,00-99,,US,ebt,debit
621837,00-99,,US,ebt,debit
621838,00-99,,US,ebt,debit
621839,00-99,,US,ebt,debit
621840,00-99,CUP TOKEN,CN,local,debit
621841,00-99,CUP TOKEN,CN,local,debit
621842,00-99,,CN,local,debit
621860,00-99,,US,maestro,debit
621861,00-99,,US,ebt,debit
621862,00-99,,US,ebt,debit
621863,00-99,,US,ebt,debit
621864,00-99,,US,ebt,debit
621865,00-99,,US,ebt,debit
621866,00-99,,US,ebt,debit
621867,00-99,,US,ebt,debit
621868,00-99,,US,ebt,debit
621869,00-99,,US,ebt,debit
621872,00-99,,CN,local,debit
621873,00-99,,CN,local,debit
621874,00-99,,CN,local,debit
621875,00-99,,CN,local,debit
621876,00-99,,CN,local,debit
621877,00-99,,CN,local,debit
621879,00-99,,CN,local,debit
621880,00-99,,US,maestro,debit
621881,00-99,CITIBANK,US,cirrus,debit
621882,00-99,,US,ebt,debit
621883,00-99,,US,ebt,debit
621884,00-99,,US,ebt,debit
621885,00-99,,US,ebt,debit
621886,00-99,,US,ebt,debit
621887,00-99,,US,ebt,debit
621888,00-99,,US,ebt,debit
621889,00-99,,US,ebt,debit
621890,00-99,,CN,local,debit
621900,00-99,,CN,local,debit
621901,00-99,CN ICBC PEONY MONEY LINK CARD,CN,local,debit
621903,00-99,CN ICBC PEONY MONEY LINK CARD,CN,local,debit
621904,00-99,CN ICBC PEONY MONEY LINK CARD,CN,local,debit
621905,00-99,CN ICBC PEONY MONEY LINK CARD,CN,local,debit
621906,00-99,CN ICBC PEONY MONEY LINK CARD,CN,local,debit
621907,00-99,CN ICBC PEONY MONEY LINK CARD,CN,local,debit
621908,00-99,CN ICBC PEONY MONEY LINK CARD,CN,local,debit
621909,00-99,CN ICBC PEONY MONEY LINK CARD,CN,local,debit
621910,00-99,CN ICBC PEONY MONEY LINK CARD,CN,local,debit
621911,00-99,CN ICBC PEONY MONEY LINK CARD,CN,local,debit
621912,00-99,CN ICBC PEONY MONEY LINK CARD,CN,local,debit
621913,00-99,CN ICBC PEONY MONEY LINK CARD,CN,local,debit
621914,00-99,CN ICBC PEONY MONEY LINK CARD,CN,local,debit
621915,00-99,CN ICBC PEONY MONEY LINK CARD,CN,local,debit
621970,00-99,,US,ebt,debit
621971,00-99,,US,ebt,debit
621972,00-99,,US,ebt,debit
621973,00-99,,US,ebt,debit
621974,00-99,,US,ebt,debit
621975,00-99,,US,ebt,debit
621976,00-99,U.S. BANK NATIONAL ASSOCIATION,US,ebt,debit
621977,00-99,WENZHOU CITY COMMERCIAL BANK,CN,local,debit
621978,00-99,,US,ebt,debit
621979,00-99,,RU,local,debit
621980,00-99,,US,local,debit
621983,00-99,CIH,MA,local brand,debit
621984,00-99,BANCO VENEZOLANO DE CREDITO,VE,maestro,debit
621986,00-99,BANK SAMAN,IR,maestro,debit
621992,00-99,,US,maestro,debit
621993,,SYNCHRONY BANK,US,private label,debit
621996,00-99,,CL,private label,debit
621999,00-99,,US,maestro,debit
622000,00-99,,US,ebt,debit
622001,00-99,,US,ebt,debit
622002,00-99,,US,ebt,debit
622003,00-99,INDUSTRIAL AND COMMERCIAL BANK OF CHINA,JM,local,debit
622004,00-99,,US,ebt,debit
622005,00-99,,US,ebt,debit
622006,00-99,,US,cirrus,debit
622007,00-99,,US,ebt,debit
622008,00-99,,US,ebt,debit
622009,00-99,,US,ebt,debit
622010,00-99,,US,ebt,debit
622011,00-99,,US,ebt,debit
622012,00-99,,US,ebt,debit
622013,00-99,,US,ebt,debit
622014,00-99,,US,ebt,debit
622015,00-99,,US,ebt,debit
622016,00-99,BANK SADERAT IRAN,QA,local brand,debit
622017,00-99,U.S. BANK NATIONAL ASSOCIATION,US,ebt,debit
622018,00-99,STATE BANK OF INDIA,IN,maestro,debit
622019,00-99,,US,ebt,debit
622020,00-99,,US,ebt,debit
622021,00-99,,CN,local,debit
622025,00-99,,US,cirrus,debit
622033,00-99,,US,cirrus,debit
622044,00-99,VIRGINIA EBT,US,ebt,debit
622045,00-99,MACQUARIE BANK LTD.,AU,local brand,debit
622055,00-99,,US,ebt,debit
622068,00-99,,US,ebt,debit
622069,00-99,,US,ebt,debit
622070,00-99,,US,ebt,debit
622071,00-99,,US,ebt,debit
622072,00-99,,BR,maestro,debit
622073,00-99,,US,ebt,debit
622074,00-99,,US,ebt,debit
622075,00-99,,US,ebt,debit
622076,00-99,,US,ebt,debit
622077,00-99,,US,ebt,debit
622078,00-99,ME BANK,AU,local brand,debit
622079,00-99,,US,ebt,debit
622090,00-99,U.S. BANK NATIONAL ASSOCIATION,US,ebt,debit
622091,00-99,,US,ebt,debit
622092,00-99,U.S. BANK NATIONAL ASSOCIATION,US,maestro,debit
622093,00-99,,US,ebt,debit
622094,00-99,,US,ebt,debit
622095,00-99,,US,ebt,debit
622096,00-99,,US,ebt,debit
622097,00-99,,US,ebt,debit
622098,00-99,,US,ebt,debit
622099,00-99,,US,ebt,debit
622100,00-99,,US,local,debit
622102,00-99,CN ICBC PEONY MONEY LINK CARD,CN,local,debit
622103,00-99,CN ICBC PEONY MONEY LINK CARD,CN,local,debit
622104,00-99,CN ICBC PEONY MONEY LINK CARD,CN,local,debit
622105,00-99,CN ICBC PEONY MONEY LINK CARD,CN,local,debit
622106,00-99,PARSIAN BANK,IR,maestro,credit
622110,00-99,U.S. BANK NATIONAL ASSOCIATION,US,maestro,debit
622111,00-99,,US,ebt,debit
622112,00-99,,US,ebt,debit
622113,00-99,,US,ebt,debit
622114,00-99,,US,ebt,debit
622115,00-99,,US,ebt,debit
622116,00-99,,US,ebt,debit
622117,00-99,,US,ebt,debit
622118,00-99,,US,ebt,debit
622119,00-99,,US,ebt,debit
622120,00-99,,US,ebt,debit
622121,00-99,,US,ebt,debit
622122,00-99,,US,maestro,debit
622123,00-99,,US,ebt,debit
622125,00-99,U.S. BANK NATIONAL ASSOCIATION,US,ebt,debit
622126,00-99,FUXIN CITY COMMERCIAL BANK,CN,local,debit
622127,00-99,FUJIAN RCB,CN,local,debit
622128,00-99,SHENZHEN RURAL CREDIT COOPERATIVE UNION,CN,local,debit
622129,00-99,SHENZHEN RURAL CREDIT COOPERATIVE UNION,CN,local,debit
622130,00-99,JAPAN MITSUBISHI CREDIT CARD COMPANY,JP,local,credit
622131,00-99,HUAIAN COMMERCIAL BANK,CN,local,debit
622132,00-99,BANK OF JIAXING CO. LTD.,CN,local,debit
622133,00-99,GUIYANG CITY COMMERCIAL BANK,CN,local,debit
622134,00-99,CHONGQING CITY COMMERCIAL BANK,CN,local,debit
622135,00-99,CHENGDU CITY COMMERCIAL BANK,CN,local,debit
622136,00-99,XI AN CITY COMMERCIAL BANK,CN,local,debit
622137,00-99,MERCHANTS BANK BRANCH IN WUHU,CN,local,debit
622138,00-99,BEIJING RURAL CREDIT UNION,CN,local,debit
622139,00-99,BANK OF LANZHOU CO. LTD.,CN,local,debit
622140,00-99,LANGFANG CITY COMMERCIAL BANK,CN,local,debit
622141,00-99,ZHEJIANG TAILONG COMMERCIAL BANK,CN,local,debit
622142,00-99,,CN,local,debit
622143,00-99,URUMQI CITY COMMERCIAL BANK,CN,local,debit
622144,00-99,INN FOR UNIONPAY CARD NETWORK,JP,local,debit
622145,00-99,PHILIPPINE NATIONAL BANK,PH,local,credit
622146,00-99,QINGDAO BANK,CN,local,debit
622147,00-99,NEIMENGGU BANK,CN,local,debit
622148,00-99,BANK OF SHANGHAI,CN,local,credit
622149,00-99,BANK OF SHANGHAI,CN,local,credit
622150,00-99,POSTAL SAVINGS AND REMITTANCE BUREAU,CN,local,debit
622151,00-99,POSTAL SAVINGS AND REMITTANCE BUREAU,CN,local,debit
622152,00-99,CHENGDU CITY COMMERCIAL BANK,CN,local,debit
622153,00-99,CHENGDU CITY COMMERCIAL BANK,CN,local,debit
622154,00-99,CHENGDU CITY COMMERCIAL BANK,CN,local,debit
622155,00-99,PINGAN BANK,CN,local,credit
622156,00-99,SHENZHEN CITY COMMERCIAL BANK,CN,local,credit
622157,00-99,SHENZHEN CITY COMMERCIAL BANK,CN,local,credit
622158,00-99,ICBC SINGAPORE BRANCH,SG,local,credit
622159,00-99,INDUSTRIAL AND COMMERCIAL BANK OF CHINA FRANKFURT BRANCH,DE,local,credit
622160,00-99,,CN,local,debit
622161,00-99,EVERBRIGHT BANK,CN,local,credit
622162,00-99,JIUJIANG CITY COMMERCIAL BANK,CN,local,debit
622163,00-99,BANK OF BEIJING,CN,local,credit
622164,00-99,THE BANCORP BANK,US,local,debit
622165,00-99,BAOTOU COMMERCIAL BANK,CN,local,debit
622166,00-99,CHINA CONSTRUCTION BANK,CN,local,credit
622167,00-99,TANGSHAN CITY COMMERCIAL BANK,CN,local,debit
622168,00-99,CHINA CONSTRUCTION BANK,CN,local,credit
622169,00-99,HUNAN RURAL CREDIT COOPERATIVE BANK,CN,local,debit
622170,00-99,GUIYANG BANK CO. LTD.,CN,local,debit
622171,00-99,ICBC,ID,local,credit
622172,00-99,BANK OF SHANGHAI-COMPREHENSIVE INSURANCE CARD,CN,local,debit
622173,00-99,BANK OF JIANGSU CO LTD.,CN,local,debit
622174,00-99,,US,local,debit
622175,00-99,,CN,local,debit
622176,00-99,SHANGHAI PUDONG DEVELOPMENT BANK,CN,local,credit
622177,00-99,SHANGHAI PUDONG DEVELOPMENT BANK,CN,local,credit
622178,00-99,JILIN COMMERCIAL BANK,CN,local,credit
622179,00-99,JILIN COMMERCIAL BANK,CN,local,credit
622180,00-99,POSTAL SAVINGS BANK OF CHINA,CN,local,debit
622181,00-99,CHINA POSTAL SAVINGS BANK,CN,local,debit
622182,00-99,POSTAL SAVINGS BANK OF CHINA,CN,local,debit
622183,00-99,POSTAL SAVING BANK OF CHINA,CN,local,debit
622184,00-99,FUJIAN RCB,CN,local,debit
622185,00-99,POSTAL SAVING BANK OF CHINA,CN,local,debit
622186,00-99,POSTAL SAVING BANK OF CHINA,CN,local,debit
622187,00-99,POSTAL SAVINGS BANK OF CHINA,CN,local,debit
622188,00-99,POSTAL SAVINGS BANK OF CHINA,CN,local,debit
622189,00-99,POSTAL SAVINGS BANK OF CHINA,CN,local,debit
622190,00-99,,CN,local,debit
622191,00-99,,CN,local,debit
622192,00-99,,CN,local,debit
622193,00-99,,CN,local,debit
622194,00-99,PEOPLES TRUST COMPANY,CA,local,debit
622195,00-99,,CN,local,debit
622196,00-99,,CN,local,debit
622197,00-99,,CN,local,debit
622198,00-99,,CN,local,debit
622199,00-99,NATIONAL POST,CN,local,debit
622200,00-99,INDUSTRIAL AND COMMERCIAL BANK OF CHINA,CN,local,debit
622201,00-99,CN ICBC PEONY MONEY LINK CARD,CN,local,credit
622202,00-99,ICBC,CN,unionpay,debit
622203,00-99,CN ICBC PEONY MONEY LINK CARD,CN,local,debit
622204,00-99,COMMERCIAL BANK OF CHINA,CN,local,credit
622205,00-99,COMMERCIAL BANK OF CHINA,CN,local,credit
622206,00-99,INDUSTRIAL AND COMMERCIAL BANK OF CHINA,CN,local,credit
622207,00-99,,CN,local,debit
622208,00-99,CN ICBC PEONY MONEY LINK CARD,CN,local,debit
622209,00-99,,CN,local,debit
622210,00-99,CN ICBC,CN,local,credit
622211,00-99,INDUSTRIAL AND COMMERCIAL BANK OF CHINA,CN,local,credit
622212,00-99,CHONG HING BANK,CN,local,credit
622213,00-99,INDUSTRIAL AND COMMERCIAL BANK OF CHINA,CN,local,credit
622214,00-99,INDUSTRIAL AND COMMERCIAL BANK OF CHINA,CN,local,credit
622215,00-99,INSDUSTRIAL AND COMMERCIAL BANK OF CHINA,CN,local,credit
622216,00-99,,CN,local,debit
622217,00-99,,CN,local,debit
622218,00-99,CHONGQIN RURAL COMMERCIAL BANK,CN,local,credit
622219,00-99,,CN,local,debit
622220,00-99,INDUSTRIAL AND COMMERCIAL BANK OF CHINA,CN,local,credit
622221,00-99,,CN,local,debit
622222,00-99,,CN,local,debit
622223,00-99,INDUSTRIAL AND COMMERCIAL BANK OF CHINA,CN,local,credit
622224,00-99,INDUSTRIAL AND COMMERCIAL BANK OF CHINA,CN,local,credit
622225,00-99,INDUSTRIAL AND COMMERCIAL BANK OF CHINA,CN,local,credit
622226,00-99,BANK OF COMMUNICATIONS,CN,local,credit
622227,00-99,ICBC MACAU BRANCH-DIAMOND,MO,local,credit
622228,00-99,SHANGHAI PUDONG DEVELOPMENT BANK,CN,local,credit
622229,00-99,INDUSTRIAL AND COMMERCIAL BANK OF CHINA,CN,local,credit
622230,00-99,INDUSTRIAL AND COMMERCIAL BANK OF CHINA LTD.,CN,local,credit
622231,00-99,INDUSTRIAL AND COMMERCIAL BANK OF CHINA,CN,local,credit
622232,00-99,TIANJIN RURAL COOPERATIVE BANK,CN,local,credit
622233,00-99,INDUSTRIAL AND COMMERCIAL BANK OF CHINA,CN,local,credit
622234,00-99,INDUSTRIAL AND COMMERCIAL BANK OF CHINA,CN,local,credit
622235,00-99,INDUSTRIAL AND COMMERCIAL BANK OF CHINA,CN,local,credit
622236,00-99,INDUSTRIAL AND COMMERCIAL BANK OF CHINA,CN,local,credit
622237,00-99,INDUSTRIAL AND COMMERCIAL BANK OF CHINA,CN,local,credit
622238,00-99,INDUSTRIAL AND COMMERCIAL BANK OF CHINA,CN,local,credit
622239,00-99,INDUSTRIAL AND COMMERCIAL BANK OF CHINA,CN,local,credit
622240,00-99,INDUSTRIAL AND COMMERCIAL BANK OF CHINA,CN,local,credit
622241,00-99,,US,local,debit
622242,00-99,,CN,local,debit
622243,00-99,,CN,local,debit
622244,00-99,,CN,local,debit
622245,00-99,INDUSTRIAL AND COMMERCIAL BANK OF CHINA,CN,local,credit
622246,00-99,ICBC,CN,local,credit
622247,00-99,,CN,local,debit
622248,00-99,,CN,local,debit
622249,00-99,,CN,local,debit
622250,00-99,PACIFIC BANK CARD CENTER,CN,local,credit
622251,00-99,PACIFIC BANK CARD CENTER,CN,local,credit
622252,00-99,BANK OF COMMUNICATIONS/HSBC,CN,local,credit
622253,00-99,BANK OF COMMUNICATIONS,CN,local,credit
622254,00-99,BANK OF COMMUNICATIONS,CN,local,credit
622255,00-99,BANK OF COMMUNICATIONS,CN,local,credit
622256,00-99,BANK OF COMMUNICATIONS,CN,local,credit
622257,00-99,BANK OF COMMUNICATIONS,CN,local,credit
622258,00-99,BANK OF COMMUNICATIONS,CN,local,debit
622259,00-99,BANK OF COMMUNICATIONS,CN,local,debit
622260,00-99,BANK OF COMMUNICATIONS HONG KONG BRANCH,CN,local,debit
622261,00-99,BANK OF COMMUNICATIONS,CN,local,debit
622262,00-99,BANK OF COMMUNICATIONS,CN,local,debit
622263,00-99,,CN,local,debit
622264,00-99,,CN,local,debit
622265,00-99,BANK OF EAST ASIA(CHINA) LTD CREDITCARD,CN,local,credit
622266,00-99,BANK OF EAST ASIA(CHINA) LTD CREDITCARD,CN,local,credit
622267,00-99,SHANGHAI BANK,CN,local,debit
622268,00-99,BANK OF SHANGHAI,CN,local,credit
622269,00-99,BANK OF SHANGHAI,CN,local,credit
622270,00-99,DAQING CITY COMMERCIAL BANK,CN,local,credit
622271,00-99,NANHAI RURAL CREDIT UNION,CN,local,debit
622272,00-99,CHONG HING BANK LTD.,CN,local,debit
622273,00-99,BANK OF CHINA MACAU BRANCH-UNIONPAY HONG KONG DOLLAR CARD,MO,local,debit
622274,00-99,BANK OF CHINA MACAU BRANCH-UNIONPAY MACAU PATACA CARD,CN,local,debit
622275,00-99,NANCHANG BANK,CN,local,debit
622276,00-99,SHANGHAI PUDONG DEVELOPMENT BANK,CN,local,credit
622277,00-99,SHANGHAI PUDONG DEVELOPMENT BANK,CN,local,credit
622278,00-99,BANK OF SHANGHAI DEBIT CARD CENTER,CN,local,debit
622279,00-99,BANK OF SHANGHAI DEBIT CARD CENTER,CN,local,debit
622280,00-99,BANK OF COMMUNICATIONS,CN,local,debit
622281,00-99,NINGBO CITY COMMERCIAL BANK,CN,local,debit
622282,00-99,BANK OF NINGBO CO.LTD,CN,local,credit
622283,00-99,BANK OF JIANGSUCO.LTD,CN,local,credit
622284,00-99,BANK OF COMMUNICATIONS,CN,local,credit
622285,00-99,BANK OF COMMUNICATIONS,CN,local,credit
622286,00-99,HANG ZHON SHI COMMERCIAL BANK,CN,local,credit
622287,00-99,TAILONG COMMERCIAL BANK,CN,local,credit
622288,00-99,ZHEJIANG RURAL CREDIT UNION HANGZHOU OFFICE,CN,local,credit
622289,00-99,NINGBO YINZHOU RURAL COOPERATIVE BANK-BEE CREDIT IC CARD,CN,local,credit
622290,00-99,FUJIAN RURAL CREDIT UNION,CN,local,credit
622291,00-99,BANK OF LIUZHOU CO. LTD.,CN,local,debit
622292,00-99,BANK OF LIUZHOU CO. LTD.,CN,local,debit
622293,00-99,DAH SING BANK LTD.,HK,local,credit
622294,00-99,DAH SING BANK LTD.,HK,local,credit
622295,00-99,DAH SING BANK LTD.,HK,local,credit
622296,00-99,DAH SING BANK LTD.,HK,local,credit
622297,00-99,DAH SING BANK CO. LTD.,HK,local,debit
622298,00-99,PING AN BANK,CN,local,debit
622299,00-99,INSDUSTRIAL AND COMMERCIAL BANK OF CHINA,CN,local,credit
622300,00-99,CUP SHANGHAI CREDIT CARD CENTER,CN,local,credit
622301,00-99,HUZHOU COMMERCIAL BANK,CN,local,debit
622302,00-99,FUSHAN SHANCHENG RCU,CN,local,debit
622303,00-99,NANJING COMMERCIAL BANK CREDIT CARD CENTER,CN,local,credit
622304,00-99,ICBC-PEONY MONEY LINK CARD,CN,local,debit
622305,00-99,BANK OF NANJING,CN,unionpay,debit
622306,00-99,ICBC-PEONY MONEY LINK CARD,CN,local,debit
622307,00-99,JIUJIANG CITY COMMERCIAL BANK,CN,local,debit
622308,00-99,KUNMING CITY COMMERCIAL BANK,CN,local,debit
622309,00-99,ZHESHANG BANK,CN,local,debit
622310,00-99,XINING CITY COMMERCIAL BANK GOLD CARD AGENT,CN,local,debit
622311,00-99,ZIBO COMMERCIAL BANK,CN,local,debit
622312,00-99,XUZHOU RURAL CREDIT COOPERATIVE UNION,CN,local,debit
622313,00-99,ICBC-PEONY MONEY LINK CARD,CN,local,debit
622314,00-99,ICBC-PEONY MONEY LINK CARD,CN,local,debit
622315,00-99,BAOTOU COMMERCIAL BANK,CN,local,credit
622316,00-99,NINGBO CITY COMMERCIAL BANK,CN,local,debit
622317,00-99,ICBC-PEONY MONEY LINK CARD,CN,local,debit
622318,00-99,NINGBO COMMERCIAL BANK,CN,local,credit
622319,00-99,SHANDONG RURAL CREDIT UNION,CN,local,debit
622320,00-99,SHANDONG RURAL CREDIT COOPERATIVE UNION-TAISHAN RUYI CARD,CN,local,debit
622321,00-99,TAIZHOU COMMERCIAL BANK (CUP DATA CREDIT CARD),CN,local,credit
622322,00-99,SHUNDE RURAL COMMERICAL BANK,CN,local,debit
622323,00-99,CHANGSU RURAL COMMERCIAL BANK,CN,local,debit
622324,00-99,JIANGSU RURAL CREDIT COOPERATIVE UNION,CN,local,debit
622325,00-99,WUHAN URBAN COMMERCIAL BANK,CN,local,debit
622326,00-99,,CN,local,debit
622327,00-99,MERCHANTS BANK BRANCH IN MA'ANSHAN,CN,local,debit
622328,00-99,DONGGUAN RCU,CN,local,debit
622329,00-99,TIANJIN RURAL COOPERATIVE BANK,CN,local,debit
622330,00-99,,CN,local,debit
622331,00-99,BANK OF TIANJIN,CN,local,debit
622332,00-99,ZHANGJIANGGANG RCB,CN,local,debit
622333,00-99,DONGGUAN BANK,CN,local,debit
622334,00-99,,CN,local,debit
622335,00-99,NANJING CITY COMMERCIAL BANK,CN,local,debit
622336,00-99,BAOTOU CITY COMMERCIAL BANK,CN,local,debit
622337,00-99,LIANYUNGANG CITY COMMERCIAL BANK,CN,local,debit
622338,00-99,JIAZUO CITY COMMERCIAL BANK,CN,local,debit
622339,00-99,JINGZHOU RURAL CREDIT COOPERATIVE UNION(ACQUIRING),CN,local,debit
622340,00-99,MERCHANTS BANK BRANCH IN HUAIBEI,CN,local,debit
622341,00-99,JIANGYING RURAL COMMERCIAL BANK,CN,local,debit
622342,00-99,PANZHIHUA CITY COMMERCIAL BANK,CN,local,debit
622343,00-99,FSRCU,CN,local,debit
622344,00-99,,CN,local,debit
622345,00-99,CHENGDU RURAL CREDIT UNION,CN,local,debit
622346,00-99,BANK OF CHINA,CN,local,credit
622347,00-99,BANK OF CHINA,CN,local,credit
622348,00-99,BANK OF CHINA HK,HK,local,debit
622349,00-99,NANYANG COMMERCIAL BANK,CN,local,credit
622350,00-99,NANYANG COMMERCIAL BANK,CN,local,credit
622351,00-99,NANYANG COMMERCIAL BANK,HK,local,debit
622352,00-99,CHIYU BANKING,CN,local,credit
622353,00-99,CHIYU BANKING,CN,local,credit
622354,00-99,BANGKOK BANK PCL,TH,local,credit
622355,00-99,CHIYU BANK,HK,local,debit
622356,00-99,CSC,LB,local,credit
622357,00-99,,CN,local,debit
622358,00-99,CANGZHOU RURAL CREDIT COOPERATIVE UNION,CN,local,debit
622359,00-99,LINYI COMMERCIAL BANK,CN,local,debit
622360,00-99,THE HONGKONG AND SHANGHAI BANKING CORPORATION LTD.,HK,local,credit
622361,00-99,THE HONGKONG AND SHANGHAI BANKING CORPORATION LTD.,HK,local,credit
622362,00-99,ZHONGSHAN RURAL CU,CN,local,debit
622363,00-99,ZHUHAI CITY COMMERCIAL BANK,CN,local,debit
622364,00-99,,CN,local,debit
622365,00-99,BANK OF EAST ASIA LTD.,CN,local,debit
622366,00-99,MERCHANTS BANK BRANCH IN ANQING,CN,local,debit
622367,00-99,MIANYANG CITY COMMERCIAL BANK,CN,local,debit
622368,00-99,CHANGSHA CITY COMMERCIAL BANK,CN,local,debit
622369,00-99,YUN NAN RURAL CREDIT UNION,CN,local,debit
622370,00-99,QUANZHOU CITY COMMERCIAL BANK,CN,local,debit
622371,00-99,CITIBANK LTD.,CN,local,credit
622372,00-99,BANK OF EAST ASIA,HK,local,credit
622373,00-99,DAH SING BANK LTD.,HK,local,credit
622374,00-99,,CN,local,debit
622375,00-99,DAH SING BANK,CN,local,debit
622376,00-99,HANG SENG BANK LTD.,HK,local,credit
622377,00-99,HANG SENG BANK LTD.,HK,local,credit
622378,00-99,HANG SENG BANK LTD.,HK,local,credit
622379,00-99,QILU BANK,CN,local,debit
622380,00-99,BANK OF CHINA LIMITED MACAU BRANCH,MO,local,credit
622381,00-99,CCB ASIA,CN,local,credit
622382,00-99,CHINA CONSTRUCTION BANK,CN,local,debit
622383,00-99,DALIAN CITY,CN,local,credit
622384,00-99,HANG FENG BANK,CN,local,debit
622385,00-99,DALIAN CITY,CN,local,credit
622386,00-99,SHANGHAI COMMERCIAL BANK,HK,local,credit
622387,00-99,YONGLONG BANK CO. LTD.,HK,local,credit
622388,00-99,FU JIAN HAIXIA BANK CO. LTD.,CN,local,debit
622389,00-99,JINGZHOU RURAL CREDIT COOPERATIVE UNION(ACQUIRING),CN,local,credit
622390,00-99,,CN,local,debit
622391,00-99,WEIFANG CITY COMMERCIAL BANK,CN,local,debit
622392,00-99,LUZHOU CITY COMMERCIAL BANK,CN,local,debit
622393,00-99,XIAMEN BANK CO. LTD.,CN,local,debit
622394,00-99,ZHENGJIANG COMMERCIAL BANK,CN,local,debit
622395,00-99,DATONG CITY COMMERCIAL BANK,CN,local,debit
622396,00-99,YICHANG CITY COMMERCIAL BANK,CN,local,debit
622397,00-99,YICHANG CITY COMMERCIAL BANK (CUP DATA),CN,local,credit
622398,00-99,HULUDAO CITY COMMERCIAL BANK,CN,local,debit
622399,00-99,BANK OF LIAOYANG CO. LTD.,CN,local,debit
622400,00-99,YINGKOU CITY COMMERCIAL BANK,CN,local,debit
622401,00-99,,CN,local,debit
622402,00-99,ICBC-PEONY MONEY LINK CARD,CN,local,debit
622403,00-99,T. GARANTI BANKASI A.S.,TR,local,credit
622404,00-99,ICBC-PEONY MONEY LINK CARD,CN,local,debit
622405,00-99,,CN,local,debit
622406,00-99,THE HONGKONG AND SHANGHAI BANKING CORPORATION LTD.,HK,local,debit
622407,00-99,THE HONGKONG AND SHANGHAI BANKING CORPORATION LTD.,HK,local,debit
622408,00-99,,CN,local,credit
622409,00-99,HANG SENG BANK LTD.,HK,local,debit
622410,00-99,HANG SENG BANK LTD.,HK,local,debit
622411,00-99,WEIHAI COMMERCIAL BANK,CN,local,debit
622412,00-99,WUHAN RURAL CREDIT COOPERATIVE UNION,CN,local,debit
622413,00-99,ANSHAN CITY COMMERCIAL BANK,CN,local,debit
622414,00-99,MONGOLIAN GOLEMT BANK,MN,local,debit
622415,00-99,BANK OF DANDONG CO. LTD.,CN,local,debit
622416,00-99,LANZHOU BANK,CN,local,credit
622417,00-99,,CN,local,debit
622418,00-99,NANTONG CITY COMMERCIAL BANK,CN,local,debit
622419,00-99,,CN,local,debit
622420,00-99,LUOYANG CITY COMMERCIAL BANK,CN,local,debit
622421,00-99,BANK OF ZHENGZHOU CO. LTD.,CN,local,debit
622422,00-99,YANGZHOU CITY COMMERCIAL BANK,CN,local,debit
622423,00-99,WING LUNG BANK LTD.,CN,local,credit
622424,00-99,,CN,local,debit
622425,00-99,HAERBIN BANK,CN,local,debit
622426,00-99,TIANJIN CITY COMMERCIAL BANK(CREDIT CARD),CN,local,credit
622427,00-99,TAIZHOU BANK,CN,local,debit
622428,00-99,YC CITY COMMERCIAL BANK (CUP DATA CREDIT CARD),CN,local,credit
622429,00-99,YINCHUAN CITY COMMERCIAL BANK CARD DEPT.,CN,local,debit
622430,00-99,JILIN PROVINCE RURAL CREDIT COOPERATIVE UNION,CN,local,credit
622431,00-99,,CN,local,debit
622432,00-99,ATLANTIC BANK CO. LTD.,MO,local,debit
622433,00-99,UNITED OVERSEAS BANK LTD.,SG,local,credit
622434,00-99,MACAU INTERNATIONAL BANK,CN,local,debit
622435,00-99,MACAO INTERNATIONAL BANK,MO,local,debit
622436,00-99,MACAO INTERNATIONAL BANK,MO,local,debit
622437,00-99,,CN,local,debit
622438,00-99,,CN,local,debit
622439,00-99,RCCUG,CN,local,debit
622440,00-99,JILIN CITY COMMERCIAL BANK WUSONG CARD DEPT.,CN,local,debit
622441,00-99,CUP ZHENGZHOU BRANCH,CN,local,debit
622442,00-99,FUSHUN COMMERCIAL BANK,CN,local,debit
622443,00-99,KUNSHAN RURAL CREDIT COOPERATIVE UNION,CN,local,debit
622444,00-99,MONGOLIAN GOLEMT BANK,MN,local,credit
622445,00-99,GOLOMT BANK OF MONGOLIA,MN,local,credit
622446,00-99,,CN,local,debit
622447,00-99,CHANGZHOU COMMERCIAL BANKS,CN,local,debit
622448,00-99,ZHANJIANG CITY COMMERCIAL BANK,CN,local,debit
622449,00-99,JINHUA CITY COMMERCIAL BANK,CN,local,debit
622450,00-99,JINHUA CITY COMMERCIAL BANK,CN,local,credit
622451,00-99,DAH SING BANK LTD.,HK,local,credit
622452,00-99,JIANGSU RURAL CREDIT COOPERATIVE UNION,CN,local,debit
622453,00-99,CITIC KA WAH BANK LTD.,CN,local,credit
622454,00-99,,CN,local,debit
622455,00-99,SHENYANG CITY COMMERCIAL BANK,CN,local,debit
622456,00-99,CITIC KA WAH BANK LTD.,CN,local,credit
622457,00-99,,CN,local,debit
622458,00-99,,CN,local,debit
622459,00-99,CITIC KA WAH BANK LTD.,CN,local,debit
622460,00-99,,CN,local,debit
622461,00-99,,CN,local,debit
622462,00-99,CHANGSU RURAL COMMERCIAL BANK (CUP DATA CREDIT),CN,local,credit
622463,00-99,CHONG HING BANK LTD.,HK,local,debit
622464,00-99,,CN,local,debit
622465,00-99,TAIYUAN CITY COMMERCIAL BANK,CN,local,debit
622466,00-99,SY COMMERCIAL BANK CREDIT CARD (CUP DATA),CN,local,credit
622467,00-99,GUANGZHOU CITY COMMERCIAL BANK,CN,local,debit
622468,00-99,BANK OF SHANGHAI DEBIT CARD CENTER,CN,local,debit
622469,00-99,YUNNAN RURAL CREDIT UNION,CN,local,credit
622470,00-99,XINHUI RURAL CREDIT UNION,CN,local,debit
622471,00-99,BANK OF EAST ASIA LTD.,CN,local,credit
622472,00-99,,HK,local,credit
622473,00-99,,CN,local,debit
622474,00-99,,CN,local,debit
622475,00-99,QIQIHAER CITY COMMERCIAL BANK,CN,local,debit
622476,00-99,WULUMUQI CITY COMMERCIAL BANK (CUP DATA),CN,local,credit
622477,00-99,GAOYAO RURAL CREDIT UNION,CN,local,debit
622478,00-99,SHANGHAI RURAL COMMERCIAL BANK,CN,local,debit
622479,00-99,BANK OF CHINA MACAU BRANCH-PANDA CARD,MO,local,credit
622480,00-99,BANK OF CHINA MACAU BRANCH-FORTUNE CARD,MO,local,credit
622481,00-99,JIANGYIN RURAL COMMERCIAL BANK CUPDATACREDIT,CN,local,credit
622482,00-99,STANDARD CHARTERED (HONG KONG),HK,local,credit
622483,00-99,STANDARD CHARTERED BANK HONG KONG LTD.,HK,local,credit
622484,00-99,STANDARD CHARTERED BANK HONG KONG LTD.,HK,local,credit
622485,00-99,WUXI CITY COMMERCIAL BANK,CN,local,debit
622486,00-99,BANK OF SHAOXING CO. LTD.,CN,local,debit
622487,00-99,DBS BANK,HK,local,debit
622488,00-99,WUJIANG RURAL COMMERCIAL BANK CO. LTD.,CN,local,debit
622489,00-99,DAH SING BANK LTD.,HK,local,debit
622490,00-99,DBS BANK,HK,local,debit
622491,00-99,DBS BANK HONG KONG LTD.,HK,local,debit
622492,00-99,DBS BANK HONG KONG LTD.,HK,local,debit
622493,00-99,AEON CREDIT SERVICE (ASIA) CO. LTD.,HK,local,credit
622494,00-99,,CN,local,debit
622495,00-99,TRAVELEX CARD SERVICES LTD.,CN,local,debit
622496,00-99,TRAVELEX CARD SERVICES LTD.,CN,local,debit
622497,00-99,,CN,local,debit
622498,00-99,BANK OF HEBEI CO. LTD.,CN,local,debit
622499,00-99,BANK OF HEBEI CO. LTD.,CN,local,debit
622500,00-99,SHANGHAI PUDONG DEVELOPMENT BANK,CN,local,credit
622501,00-99,SHANGHAI PUDONG DEVELOPMENT BANK,CN,local,credit
622502,00-99,SHANGHAI PUDONG DEVELOPMENT BANK,CN,local,debit
622503,00-99,SHANGHAI PUDONG DEVELOPMENT BANK,CN,local,credit
622504,00-99,SHANGHAI PUDONG DEVELOPMENT BANK,CN,local,debit
622505,00-99,SHANGHAI PUDONG DEVELOPMENT BANK,CN,local,debit
622506,00-99,SHANGHAI PUDONG DEVELOPMENT BANK,CN,local,debit
622507,00-99,SHANGHAI PUDONG DEVELOPMENT BANK,CN,local,credit
622508,00-99,BANK OF GUIZHOU,CN,local,debit
622509,00-99,SHANGHAI PUDONG DEVELOPMENT BANK,CN,local,debit
622510,00-99,SHANGHAI PUDONG DEVELOPMENT BANK,CN,local,debit
622511,00-99,SHANGHAI PUDONG DEVELOPMENT BANK,CN,local,debit
622512,00-99,SHANGHAI PUDONG DEVELOPMENT BANK,CN,local,credit
622513,00-99,SHANGHAI PUDONG DEVELOPMENT BANK,CN,local,debit
622514,00-99,SHANGHAI PUDONG DEVELOPMENT BANK,CN,local,credit
622515,00-99,SHANGHAI PUDONG DEVELOPMENT BANK,CN,local,credit
622516,00-99,SHANGHAI PUDONG DEVELOPMENT BANK,CN,local,debit
622517,00-99,SHANGHAI PUDONG DEVELOPMENT BANK,CN,local,debit
622518,00-99,SHANGHAI PUDONG DEVELOPMENT BANK,CN,local,debit
622519,00-99,SHANGHAI PUDONG DEVELOPMENT BANK,CN,local,credit
622520,00-99,SHANGHAI PUDONG DEVELOPMENT BANK,CN,local,credit
622521,00-99,SHANGHAI PUDONG DEVELOPMENT BANK,CN,local,debit
622522,00-99,SHANGHAI PUDONG DEVELOPMENT BANK,CN,local,debit
622523,00-99,SHANGHAI PUDONG DEVELOPMENT BANK,CN,local,debit
622524,00-99,SHANGHAI PUDONG DEVELOPMENT BANK,CN,local,credit
622525,00-99,PING AN BANK COMPANY LTD.,CN,local,credit
622526,00-99,PING AN BANK COMPANY LTD.,CN,local,credit
622527,00-99,SHANGHAI PUDONG DEVELOPMENT BANK,CN,local,credit
622528,00-99,SHANGHAI PUDONG DEVELOPMENT BANK,CN,local,credit
622529,00-99,SHANGHAI PUDONG DEVELOPMENT BANK,CN,local,credit
622530,00-99,SHANGHAI PUDONG DEVELOPMENT BANK,CN,local,credit
622531,00-99,SHANGHAI PUDONG DEVELOPMENT BANK,CN,local,debit
622532,00-99,SHANGHAI PUDONG DEVELOPMENT BANK,CN,local,debit
622533,00-99,SHANGHAI PUDONG DEVELOPMENT BANK,CN,local,credit
622534,00-99,SHANGHAI PUDONG DEVELOPMENT BANK,CN,local,credit
622535,00-99,PINGAN BANK DEBIT,CN,local,debit
622536,00-99,PINGAN BANK DEBIT,CN,local,debit
622537,00-99,SHANGHAI PUDONG DEVELOPMENT BANK,CN,local,credit
622538,00-99,PINGAN BANK DEBIT,CN,local,debit
622539,00-99,PINGAN BANK DEBIT,CN,local,debit
622540,00-99,SHANGHAI PUDONG DEVELOPMENT BANK,CN,local,credit
622541,00-99,SHANGHAI PUDONG DEVELOPMENT BANK,CN,local,credit
622542,00-99,SHANGHAI PUDONG DEVELOPMENT BANK,CN,local,credit
622543,00-99,SHANGHAI PUDONG DEVELOPMENT BANK,CN,local,credit
622544,00-99,SHANGHAI PUDONG DEVELOPMENT BANK,CN,local,credit
622545,00-99,SHANGHAI PUDONG DEVELOPMENT BANK,CN,local,credit
622546,00-99,SHANGHAI PUDONG DEVELOPMENT BANK,CN,local,debit
622547,00-99,DAFENG BANK LTD.,MO,local,debit
622548,00-99,DAFENG BANK LTD.,MO,local,debit
622549,00-99,KAZAKHSTAN NATIONAL SAVINGS BANK,KZ,local,debit
622550,00-99,KAZAKHSTAN NATIONAL SAVINGS BANK,KZ,local,debit
622551,00-99,SHANGHAI PUDONG DEVELOPMENT BANK,CN,local,credit
622552,00-99,SHANGHAI PUDONG DEVELOPMENT BANK,CN,local,credit
622553,00-99,SHANGHAI PUDONG DEVELOPMENT BANK,CN,local,credit
622554,00-99,SHANGHAI PUDONG DEVELOPMENT BANK,CN,local,credit
622555,00-99,CHINA GUANGFA BANK CO. LTD.,CN,local,credit
622556,00-99,CHINA GUANGFA BANK CO. LTD.,CN,local,credit
622557,00-99,CHINA GUANGFA BANK CO. LTD.,CN,local,credit
622558,00-99,CHINA GUANGFA BANK CO. LTD.,CN,local,credit
622559,00-99,CHINA GUANGFA BANK CO. LTD.,CN,local,credit
622560,00-99,CHINA GUANGFA BANK CO. LTD.,CN,local,credit
622561,00-99,SHANGHAI PUDONG DEVELOPMENT BANK,CN,local,debit
622562,00-99,SHANGHAI PUDONG DEVELOPMENT BANK,CN,local,debit
622563,00-99,SHANGHAI PUDONG DEVELOPMENT BANK,CN,local,debit
622564,00-99,SHANGHAI PUDONG DEVELOPMENT BANK,CN,local,credit
622565,00-99,SHANGHAI PUDONG DEVELOPMENT BANK,CN,local,credit
622566,00-99,WUHAN COMMERCIAL BANK,CN,local,credit
622567,00-99,WUHAN COMMERCIAL BANK,CN,local,credit
622568,00-99,GUANGDONG DEVELOPMENT BANK,CN,local,debit
622569,00-99,SHANGHAI PUDONG DEVELOPMENT BANK,CN,local,credit
622570,00-99,CHINA EVERBRIGHT BANK,CN,local,credit
622571,00-99,SHANGHAI PUDONG DEVELOPMENT BANK,CN,local,credit
622572,00-99,SHANGHAI PUDONG DEVELOPMENT BANK,CN,local,credit
622573,00-99,SHANGHAI PUDONG DEVELOPMENT BANK,CN,local,credit
622574,00-99,SHANGHAI PUDONG DEVELOPMENT BANK,CN,local,credit
622575,00-99,CHINA MERCHANTS BANK,CN,local,credit
622576,00-99,CHINA MERCHANTS BANK,CN,local,credit
622577,00-99,CHINA MERCHANTS BANK,CN,local,credit
622578,00-99,CHINA MERCHANTS BANK,CN,local,credit
622579,00-99,CHINA MERCHANTS BANK,CN,local,credit
622580,00-99,CHINA MERCHANTS BANK,CN,local,debit
622581,00-99,CHINA MERCHANTS BANK,CN,local,credit
622582,00-99,CHINA MERCHANTS BANK,CN,local,credit
622583,00-99,STANDARD CHARTERED BANK (CHINA) LTD.,CN,local,credit
622584,00-99,STANDARD CHARTERED BANK (CHINA) LTD.,CN,local,credit
622585,00-99,SHANGHAI PUDONG DEVELOPMENT BANK,CN,local,debit
622586,00-99,SHANGHAI PUDONG DEVELOPMENT BANK,CN,local,credit
622587,00-99,SHANGHAI PUDONG DEVELOPMENT BANK,CN,local,credit
622588,00-99,CHINA MERCHANTS BANK,CN,local,debit
622589,00-99,SHANGHAI PUDONG DEVELOPMENT BANK,CN,local,credit
622590,00-99,SHANGHAI PUDONG DEVELOPMENT BANK,CN,local,credit
622591,00-99,SHANGHAI PUDONG DEVELOPMENT BANK,CN,local,credit
622592,00-99,SHANGHAI PUDONG DEVELOPMENT BANK,CN,local,credit
622593,00-99,SHANGHAI PUDONG DEVELOPMENT BANK,CN,local,credit
622594,00-99,SHANGHAI PUDONG DEVELOPMENT BANK,CN,local,credit
622595,00-99,NANJING COMMERCIAL BANK,CN,local,credit
622596,00-99,NANJING COMMERCIAL BANK,CN,local,credit
622597,00-99,INSDUSTRIAL AND COMMERCIAL BANK OF CHINA,CN,local,credit
622598,00-99,CHINA MERCHANTS BANK,CN,local,debit
622599,00-99,INSDUSTRIAL AND COMMERCIAL BANK OF CHINA,CN,local,credit
622600,00-99,CMSB,CN,local,credit
622601,00-99,CMSB,CN,local,credit
622602,00-99,CMSB,CN,local,credit
622603,00-99,CMBC CREDIT CARD (CUP DATA),CN,local,credit
622604,00-99,ICBC-PEONY MONEY LINK CARD,CN,local,debit
622605,00-99,ICBC-PEONY MONEY LINK CARD,CN,local,debit
622606,00-99,ICBC-PEONY MONEY LINK CARD,CN,local,debit
622607,00-99,,CN,local,debit
622608,00-99,CHINA MERCHANTS BANK,CN,local,debit
622609,00-99,CHINA MERCHANTS BANK,CN,local,debit
622610,00-99,,CN,local,debit
622611,00-99,SHANGHAI RURUAL COMMERCIAL BANK,CN,local,credit
622612,00-99,,CN,local,debit
622613,00-99,BANK OF CHONGQING,CN,local,credit
622614,00-99,,CN,local,debit
622615,00-99,CHINA MINSHENG BANKING CORPORATION,CN,local,debit
622616,00-99,CHINA MINSHENG BANKING CORPORATION,CN,local,debit
622617,00-99,CHINA MINSHENG BANKING CORPORATION,CN,local,debit
622618,00-99,CHINA MINSHENG BANKING CORPORATION,CN,local,debit
622619,00-99,CHINA MINSHENG BANKING CORPORATION,CN,local,debit
622620,00-99,CHINA MINSHENG BANKING CORPORATION,CN,local,debit
622621,00-99,MINSHENG BANK-MINSHENG UNIONPAY PERSONAL PLATINUM CARD,CN,local,credit
622622,00-99,CHINA MINSHENG BANKING CO. LTD.,CN,local,debit
622623,00-99,CHINA MINSHENG BANK,CN,local,credit
622624,00-99,,CN,local,debit
622625,00-99,WUHAN URBAN COMMERCIAL BANK,CN,local,credit
622626,00-99,WUHAN URBAN COMMERCIAL BANK,CN,local,credit
622627,00-99,GUANGDONG RURAL CREDIT COOPERATIVE ASSOCIATION,CN,local,credit
622628,00-99,,CN,local,debit
622629,00-99,,CN,local,debit
622630,00-99,CHINA HUAXIA BANK,CN,local,debit
622631,00-99,CHINA HUAXIA BANK,CN,local,debit
622632,00-99,CHINA HUAXIA BANK,CN,local,debit
622633,00-99,CHINA HUAXIA BANK,CN,local,debit
622634,00-99,,CN,local,debit
622635,00-99,,CN,local,debit
622636,00-99,HUAXIA BANK CO.LTD,CN,local,credit
622637,00-99,HUAXIA BANK CO.LTD,CN,local,credit
622638,00-99,HUAXIA BANK CO.LTD,CN,local,credit
622639,00-99,,CN,local,debit
622640,00-99,,CN,local,debit
622641,00-99,,CN,local,debit
622642,00-99,,CN,local,debit
622643,00-99,,CN,local,debit
622644,00-99,LONGJIANG BANK-SOCIAL SECURITY CARD,CN,local,debit
622645,00-99,,CN,local,debit
622646,00-99,,CN,local,debit
622647,00-99,,CN,local,debit
622648,00-99,WUJIANG RCB,CN,local,credit
622649,00-99,,CN,local,debit
622650,00-99,CHINA EVERBRIGHT BANK,CN,local,credit
622651,00-99,HUI SHANG BANK,CN,local,credit
622652,00-99,,CN,local,debit
622653,00-99,,CN,local,debit
622654,00-99,,CN,local,debit
622655,00-99,CHINA EVERBRIGHT BANK,CN,local,credit
622656,00-99,BANK OF COMMUNICATIONS,CN,local,credit
622657,00-99,CHINA EVERBRIGHT BANK,CN,local,credit
622658,00-99,CHINA EVERBRIGHT BANK,CN,local,credit
622659,00-99,CHINA EVERBRIGHT BANK,CN,local,credit
622660,00-99,CHINA EVERBRIGHT BANK,CN,local,debit
622661,00-99,CHINA EVERBRIGHT BANK,CN,local,debit
622662,00-99,CHINA EVERBRIGHT BANK,CN,local,debit
622663,00-99,CHINA EVERBRIGHT BANK,CN,local,debit
622664,00-99,CHINA EVERBRIGHT BANK,CN,local,debit
622665,00-99,CHINA EVERBRIGHT BANK,CN,local,debit
622666,00-99,CHINA EVERBRIGHT BANK,CN,local,debit
622667,00-99,CHINA EVERBRIGHT BANK,CN,local,debit
622668,00-99,CHINA EVERBRIGHT BANK,CN,local,debit
622669,00-99,CHINA EVERBRIGHT BANK,CN,local,debit
622670,00-99,CHINA EVERBRIGHT BANK,CN,local,debit
622671,00-99,CHINA EVERBRIGHT BANK,CN,local,debit
622672,00-99,CHINA EVERBRIGHT BANK,CN,local,debit
622673,00-99,CHINA EVERBRIGHT BANK,CN,local,debit
622674,00-99,CHINA EVERBRIGHT BANK,CN,local,debit
622675,00-99,CHINA CONSTRUCTION BANK ASIA LTD.,HK,local,credit
622676,00-99,CHINA CONSTRUCTION BANK ASIA LTD.,HK,local,credit
622677,00-99,CHINA CONSTRUCTION BANK ASIA LTD.,HK,local,credit
622678,00-99,CITIC INDUSTRIAL BANK CREDIT CARD CENTER,CN,local,credit
622679,00-99,CITIC INDUSTRIAL BANK CREDIT CARD CENTER,CN,local,credit
622680,00-99,CHINA CITIC BANK,CN,local,credit
622681,00-99,NAME,CN,local,debit
622682,00-99,JIANGXI RURAL CREDIT UNION & RURALBANK,CN,local,debit
622683,00-99,NAME,CN,local,debit
622684,00-99,CHINA BOHAI BANK,CN,local,debit
622685,00-99,CHINA EVERBRIGHT BANK,CN,local,credit
622686,00-99,ZHEJIANG RURAL CREDIT COOPERATIVE UNION,CN,local,credit
622687,00-99,CHINA EVERBRIGHT BANK,CN,local,credit
622688,00-99,CITIC BANK FORCREDIT CARD,CN,local,credit
622689,00-99,CITIC BANK FORCREDIT CARD,CN,local,credit
622690,00-99,CHINA CITIC BANK,CN,local,debit
622691,00-99,CITIC BANK,CN,local,debit
622692,00-99,CITIC BANK,CN,local,debit
622693,00-99,SHANGHAI PUDONG DEVELOPMENT BANK,CN,local,credit
622694,00-99,,CN,local,debit
622695,00-99,FUJIAN HAIXIA BANK CO.LTD,CN,local,credit
622696,00-99,CHINA CITIC BANK,CN,local,debit
622697,00-99,,CN,local,debit
622698,00-99,CHINA CITIC BANK,CN,unionpay,debit
622699,00-99,,CN,local,debit
622700,00-99,CHINA CONSTRUCTION BANK,CN,local,debit
622701,00-99,,CN,local,debit
622702,00-99,,CN,local,debit
622703,00-99,ICBC-PEONY MONEY LINK CARD,CN,local,debit
622704,00-99,,CN,local,debit
622705,00-99,,CN,local,debit
622706,00-99,ICBC-PEONY MONEY LINK CARD,CN,local,debit
622707,00-99,CHINA CONSTRUCTION BANK,CN,local,credit
622708,00-99,CHINA CONSTRUCTION BANK,CN,local,credit
622709,00-99,,CN,local,debit
622710,00-99,JINZHOU BANK,CN,local,credit
622711,00-99,,CN,local,debit
622712,00-99,,CN,local,debit
622713,00-99,,CN,local,debit
622714,00-99,,CN,local,debit
622715,00-99,ICBC-PEONY MONEY LINK CARD,CN,local,debit
622716,00-99,,CN,local,debit
622717,00-99,TAILONG COMMERCIAL BANK,CN,local,credit
622718,00-99,JIANGXI BANK CO LTD.,CN,local,credit
622719,00-99,,CN,local,debit
622720,00-99,,CN,local,debit
622721,00-99,,CN,local,debit
622722,00-99,SHANGHAI RURUAL COMMERCIAL BANK,CN,local,credit
622723,00-99,,CN,local,debit
622724,00-99,,CN,local,debit
622725,00-99,CHINA CONSTRUCTION BANK,CN,local,credit
622726,00-99,,CN,local,debit
622727,00-99,,CN,local,debit
622728,00-99,CHINA CONSTRUCTION BANK,CN,local,credit
622729,00-99,,CN,local,debit
622730,00-99,,CN,local,debit
622731,00-99,,CN,local,debit
622732,00-99,,CN,local,debit
622733,00-99,,CN,local,debit
622734,00-99,,CN,local,debit
622735,00-99,,CN,local,debit
622736,00-99,,CN,local,debit
622737,00-99,,CN,local,debit
622738,00-99,,CN,local,debit
622739,00-99,,CN,local,debit
622740,00-99,ZHEJIANG MINTAI COMMERCIAL BANK,CN,local,credit
622741,00-99,,CN,local,debit
622742,00-99,,CN,local,debit
622743,00-99,,CN,local,debit
622744,00-99,,CN,local,debit
622745,00-99,,CN,local,debit
622746,00-99,,CN,local,debit
622747,00-99,,CN,local,debit
622748,00-99,,CN,local,debit
622749,00-99,,CN,local,debit
622750,00-99,BANK OF CHINA MACAU BRANCH,CN,local,credit
622751,00-99,BANK OF CHINA MACAU BRANCH-RMB CREDIT CARD,MO,local,credit
622752,00-99,BANK OF CHINA,CN,local,credit
622753,00-99,BANK OF CHINA,CN,local,credit
622754,00-99,BANK OF CHINA,CN,local,credit
622755,00-99,BANK OF CHINA,CN,local,credit
622756,00-99,BANK OF CHINA,CN,local,credit
622757,00-99,BANK OF CHINA,CN,local,credit
622758,00-99,BANK OF CHINA,CN,local,credit
622759,00-99,BANK OF CHINA,CN,local,credit
622760,00-99,BANK OF CHINA,CN,local,credit
622761,00-99,BANK OF CHINA,CN,local,credit
622762,00-99,BANK OF CHINA,CN,local,credit
622763,00-99,BANK OF CHINA,CN,local,credit
622764,00-99,BANK OF CHINA-GREAT WALL UNIT CREDIT CARD GENERAL CARD-QUASI,CN,local,credit
622765,00-99,BANK OF CHINA-GREAT WALL UNIT CREDIT CARD GOLD CARD-QUASI CREDIT CARD,CN,local,credit
622766,00-99,CHINA CITIC BANK,CN,local,credit
622767,00-99,CHINA CITIC BANK,CN,local,credit
622768,00-99,CHINA CITIC BANK,CN,local,credit
622769,00-99,,CN,local,debit
622770,00-99,BANK OF CHINA MACAU BRANCH-BOC CARD,MO,local,debit
622771,00-99,BANK OF CHINA MACAU BRANCH-BOC CARD,MO,local,debit
622772,00-99,BANK OF CHINA MACAU BRANCH-BOC CARD,MO,local,debit
622773,00-99,,CN,local,debit
622774,00-99,,CN,local,debit
622775,00-99,MACAU WING HANG BANK CO. LTD.,MO,local,credit
622776,00-99,,CN,local,debit
622777,00-99,QUJING CITY COMMERCIAL BANK,CN,local,debit
622778,00-99,NINGBO COMMERCIAL BANK,CN,local,credit
622779,00-99,,CN,local,debit
622780,00-99,,CN,local,debit
622781,00-99,,CN,local,debit
622782,00-99,,CN,local,debit
622783,00-99,,CN,local,debit
622784,00-99,,CN,local,debit
622785,00-99,MACAU WING HANG BANK CO. LTD.,MO,local,credit
622786,00-99,,CN,local,debit
622787,00-99,,CN,local,debit
622788,00-99,BANK OF CHINA,CN,local,credit
622789,00-99,BOC SINGAPORE BRANCH-BOCCUPPLATINUMCARD,SG,local,credit
622790,00-99,BOC SINGAPORE BRANCH,SG,local,credit
622791,00-99,,CN,local,debit
622792,00-99,,CN,local,debit
622793,00-99,,CN,local,debit
622794,00-99,,CN,local,debit
622795,00-99,,CN,local,debit
622796,00-99,,CN,local,debit
622797,00-99,,CN,local,debit
622798,00-99,YONGHENG BANK,HK,local,credit
622799,00-99,,CN,local,debit
622800,00-99,CREDIT CARD CENTER OF CHINA EVERBRIGHT BANK,CN,local,credit
622801,00-99,CHINA EVERBRIGHT BANK,CN,local,credit
622802,00-99,FUJIAN RURAL CREDIT UNION,CN,local,credit
622803,00-99,,CN,local,debit
622804,00-99,,CN,local,debit
622805,00-99,,CN,local,debit
622806,00-99,CHANGSHA CITY COMMERCIAL BANK(CREDIT CARD),CN,local,credit
622807,00-99,,CN,local,debit
622808,00-99,CHENGDU RURAL CREDIT COOPERATIVE UNION CREDITCARD,CN,local,credit
622809,00-99,HAERBIN COMMERCIAL BANK,CN,local,credit
622810,00-99,CREDIT CARD CENTER OF THE POST SAVINGS BANK OF CHI,CN,local,credit
622811,00-99,CREDIT CARD CENTER OF THE POST SAVINGS BANK OF CHI,CN,local,credit
622812,00-99,CREDIT CARD CENTER OF THE POST SAVINGS BANK OF CHI,CN,local,credit
622813,00-99,CDCB,CN,local,credit
622814,00-99,,CN,local,debit
622815,00-99,JIANGSU RCCU,CN,local,credit
622816,00-99,JIANGSU RCCU,CN,local,credit
622817,00-99,XINING COMMERCIAL BANK,CN,local,credit
622818,00-99,CDCB,CN,local,credit
622819,00-99,,CN,local,debit
622820,00-99,AGRICULTURAL BANK OF CHINA,CN,local,credit
622821,00-99,AGRICULTURAL BANK OF CHINA,CN,local,debit
622822,00-99,AGRICULTURAL BANK OF CHINA,CN,local,debit
622823,00-99,AGRICULTURAL BANK OF CHINA,CN,local,debit
622824,00-99,AGRICULTURAL BANK OF CHINA,CN,local,debit
622825,00-99,AGRICULTURAL BANK OF CHINA,CN,local,debit
622826,00-99,AGRICULTURAL BANK OF CHINA,CN,local,debit
622827,00-99,AGRICULTURAL BANK OF CHINA,CN,local,debit
622828,00-99,AGRICULTURAL BANK OF CHINA,CN,local,debit
622829,00-99,TIANJIN RURAL COOPERATIVE BANK,CN,local,credit
622830,00-99,AGRICULTURAL BANK OF CHINA,CN,local,credit
622831,00-99,,CN,local,debit
622832,00-99,,CN,local,debit
622833,00-99,,CN,local,debit
622834,00-99,,CN,local,debit
622835,00-99,POSTAL SAVINGS BANK OF CHINA,CN,local,credit
622836,00-99,AGRICULTURAL BANK OF CHINA,CN,local,credit
622837,00-99,AGRICULTURAL BANK OF CHINA,CN,local,credit
622838,00-99,AGRICULTURAL BANK OF CHINA,CN,local,credit
622839,00-99,AGRICULTURAL BANK OF CHINA,CN,local,credit
622840,00-99,AGRICULTURAL BANK OF CHINA,CN,local,debit
622841,00-99,AGRICULTURAL BANK OF CHINA,CN,local,debit
622842,00-99,AGRICULTURE BANK OF CHINA,CN,local,debit
622843,00-99,AGRICULTURAL BANK OF CHINA,CN,local,debit
622844,00-99,AGRICULTURAL BANK OF CHINA,CN,local,debit
622845,00-99,AGRICULTURAL BANK OF CHINA,CN,local,debit
622846,00-99,AGRICULTURAL BANK OF CHINA,CN,local,debit
622847,00-99,AGRICULTURAL BANK OF CHINA,CN,local,debit
622848,00-99,AGRICULTURAL BANK OF CHINA,CN,local,debit
622849,00-99,AGRICULTURAL BANK OF CHINA,CN,local,debit
622850,00-99,,CN,local,debit
622851,00-99,BANK OF BARODA,CN,local,credit
622852,00-99,BANK OF BARODA,CN,local,credit
622853,00-99,BANK OF BEIJING,CN,local,credit
622854,00-99,,CN,local,debit
622855,00-99,JIANGSU DONGWU RURAL COMMERCIAL BANK CO. LTD.,CN,local,debit
622856,00-99,GUILIN CITY COMMERCIAL BANK,CN,local,debit
622857,00-99,RIZHAO CITY COMMERCIAL BANK,CN,local,debit
622858,00-99,ZHEJIANG RURAL CREDIT UNION - COOPERATIVE BANK,CN,local,debit
622859,00-99,ZHUHAI RCU,CN,local,debit
622860,00-99,DAQING CITY COMMERCIAL BANK,CN,local,debit
622861,00-99,MACAU WING HANG BANK CO. LTD.,MO,local,debit
622862,00-99,MACAU WING HANG BANK CO. LTD.,MO,local,debit
622863,00-99,,CN,local,debit
622864,00-99,LAISHANG BANK,CN,local,debit
622865,00-99,CHANGCHUN CITY COMMERCIAL BANK,CN,local,debit
622866,00-99,XUZHOU CITY COMMERCIAL BANK,CN,local,debit
622867,00-99,CQ RURAL CREDIT UNION SETTLEMENT,CN,local,debit
622868,00-99,WENZHOU CITY COMMERCIAL BANK,CN,local,credit
622869,00-99,JSTC RURALCOMMERCIAL,CN,local,debit
622870,00-99,JINGJIANG CHANGJIANG URBAN CREDIT UNION,CN,local,debit
622871,00-99,OCBC WING HANG BANK LTD.,HK,local,debit
622872,00-99,,CN,local,debit
622873,00-99,BANK OF JIANGSU-JUBAO IC DEBIT CARD VIP CARD,CN,local,debit
622874,00-99,,CN,local,debit
622875,00-99,GUANGZHOU COMMERCIAL BANK,CN,local,credit
622876,00-99,JIANGSU BANK,CN,local,debit
622877,00-99,HUISHANG BANK,CN,local,debit
622878,00-99,BANK OF HANGZHOU,CN,local,debit
622879,00-99,HUISHANG BANK,CN,local,debit
622880,00-99,BANK OF LIUZHOU CO. LTD.,CN,local,debit
622881,00-99,BANK OF LIUZHOU CO. LTD.,CN,local,debit
622882,00-99,THE RURAL COREDIT COOPERATIVE OF YAODU,CN,local,debit
622883,00-99,BANK OF EAST ASIA,CN,local,credit
622884,00-99,CHINA BOHAU BANK,CN,local,debit
622885,00-99,CQ RURAL CREDIT UNION SETTLEMENT,CN,local,debit
622886,00-99,YANTAI CITY COMMERCIAL BANK,CN,local,debit
622887,00-99,,CN,local,debit
622888,00-99,DONGGUAN BANK,CN,local,credit
622889,00-99,INDUSTRIAL AND COMMERCIAL BANK OF CHINA,HK,local,credit
622890,00-99,CHINA GUANGFA BANK CO.LTD,CN,local,credit
622891,00-99,JIANGSU RURAL CREDIT COOPERATIVE UNION,CN,local,debit
622892,00-99,BANK OF SHANGHAI DEBIT CARD CENTER,CN,local,debit
622893,00-99,GUIZHOU RURAL CREDIT COOPERATIVES,CN,local,debit
622894,00-99,,CN,local,debit
622895,00-99,XIZHOU RURAL COMMERCIAL BANK CO. LTD.,CN,local,debit
622896,00-99,,CN,local,debit
622897,00-99,NANCHONG BANK,CN,local,debit
622898,00-99,CHANGSHA CITY COMMERCIAL BANK(CREDIT CARD),CN,local,credit
622899,00-99,WENZHOU CITY COMMERCIAL BANK,CN,local,credit
622900,00-99,CHANGSHA CITY COMMERCIAL BANK(CREDIT CARD),CN,local,credit
622901,00-99,CHINA INDUSTRIAL BANK CREDIT CARD,CN,local,credit
622902,00-99,CIB CREDIT CARD (CUP DATA),CN,local,credit
622903,00-99,ICBC-PEONY MONEY LINK CARD,CN,local,debit
622904,00-99,ICBC-PEONY MONEY LINK CARD,CN,local,debit
622905,00-99,,CN,local,debit
622906,00-99,HUANENG RENEWABLES BANKING CORPORATION,CN,local,credit
622907,00-99,,CN,local,debit
622908,00-99,INDUSTRIAL BANK,CN,local,debit
622909,00-99,INDUSTRIAL BANK,CN,local,debit
622910,00-99,INDUSTRIAL AND COMMERCIAL BANK OF CHINA,CN,local,credit
622911,00-99,INSDUSTRIAL AND COMMERCIAL BANK OF CHINA,CN,local,credit
622912,00-99,INSDUSTRIAL AND COMMERCIAL BANK OF CHINA,CN,local,credit
622913,00-99,INSDUSTRIAL AND COMMERCIAL BANK OF CHINA,CN,local,credit
622914,00-99,,CN,local,debit
622915,00-99,,CN,local,debit
622916,00-99,CHINA BEARING COMMERCIAL COMMUNITY,CN,local,credit
622917,00-99,,CN,local,debit
622918,00-99,CITIC BANK,CN,local,credit
622919,00-99,CHINA BEARING COMMERCIAL COMMUNITY,CN,local,credit
622920,00-99,SUMITOMO MITSUI CARD COMPANY LTD.,JP,local,credit
622921,00-99,BANK OF HEBEI CO. LTD.,CN,local,credit
622922,00-99,CIB CREDIT CARD (CUP DATA),CN,local,credit
622923,00-99,,CN,local,debit
622924,00-99,,CN,local,debit
622925,00-99,SHANXI BANK CO.LTD.,CN,local,debit
622926,00-99,ICBC MACAU BRANCH-E TIME CARD,CN,local,debit
622927,00-99,INDUSTRIAL AND COMMERCIAL BANK OF CHINA MACAU,MO,local,debit
622928,00-99,INDUSTRIAL AND COMMERCIAL BANK OF CHINA MACAU,MO,local,debit
622929,00-99,ICBC MACAU BRANCH-WEALTH MANAGEMENT ACCOUNT,CN,local,debit
622930,00-99,INDUSTRIAL AND COMMERCIAL BANK OF CHINA MACAU,MO,local,debit
622931,00-99,INDUSTRIAL AND COMMERCIAL BANK OF CHINA MACAU,MO,local,debit
622932,00-99,MACAU WING HANG BANK CO. LTD.,MO,local,debit
622933,00-99,BANK OF EAST ASIA,CN,local,debit
622934,00-99,ALLBANK INC.,PH,local,debit
622935,00-99,JILIN RURAL CREDIT,CN,local,debit
622936,00-99,CHENGDE CITY COMMERICIAL BANK,CN,local,debit
622937,00-99,DEZHOU BANK CO. LTD.,CN,local,debit
622938,00-99,BANK OF EAST ASIA CHINA,CN,local,debit
622939,00-99,ZUNYI CITY COMMERCIAL BANK,CN,local,debit
622940,00-99,SHIZUISHAN CITY CREDIT COOPERATIVE,CN,local,debit
622941,00-99,AEON CREDIT SERVICE (ASIA) CO. LTD.,HK,local,debit
622942,00-99,STANDARD CHARTERED,CN,local,debit
622943,00-99,THE BANK OF EAST ASIA LTD.,HK,local,debit
622944,00-99,INDUSTRIAL AND COMMERCIAL BANK OF CHINA,HK,local,debit
622945,00-99,CHONGQING THREE GORGES BANK,CN,local,debit
622946,00-99,HSBC(CHINA)COMPANY LTD.,CN,local,debit
622947,00-99,THE RURAL CREDIT COORPERATIVES OF NINGXIA,CN,local,debit
622948,00-99,STANDARD CHARTERED BANK(HONG KONG),HK,local,debit
622949,00-99,ICBC,HK,local,debit
622950,00-99,HANG SENG BANK LTD.,CN,local,debit
622951,00-99,HANG SENG BANK LTD.,CN,local,debit
622952,00-99,SHANGHAI COMMERCIAL BANK,HK,local,debit
622953,00-99,ANHUIRURAL CREDIT UNION,CN,local,debit
622954,00-99,KHAN BANK,MN,local,debit
622955,00-99,BANK OF SHENGJING,CN,local,debit
622956,00-99,,CN,local,debit
622957,00-99,WING HANG BANK,HK,local,debit
622958,00-99,WING HANG BANK,HK,local,debit
622959,00-99,XIANGFAN CITY COMMERCIAL BANK,CN,local,debit
622960,00-99,HANDAN COMMERCIAL BANK CO. LTD.,CN,local,debit
622961,00-99,CITY CREDIT COOPERATIVE OF ANSHUN,CN,local,debit
622962,00-99,CHANGZHI CITY COMMERCIAL BANK CO LTD.,CN,local,debit
622963,00-99,WING HANG BANK,HK,local,debit
622964,00-99,DYNAMIC PAYMENT PTY. LTD.,AU,local,debit
622965,00-99,,CN,local,debit
622966,00-99,CHINA CONSTRUCTION BANK,CN,local,debit
622967,00-99,GANZHOU CITY COMMERCIAL BANK,CN,local,debit
622968,00-99,YUNCHENG RURALCREDIT COOPERATIVES,CN,local,debit
622969,00-99,,CN,local,debit
622970,00-99,YONGLONG BANK CO. LTD.,CN,local,debit
622971,00-99,WING LUNG BANK LTD.,HK,local,debit
622972,00-99,TAIAN CITY COMMERCIAL BANK,CN,local,debit
622973,00-99,BANK OF WUHAI CO. LTD.,CN,local,debit
622974,00-99,AEON,HK,local,debit
622975,00-99,QINGDAO JIMO BRCB VILAGE CO.LTD,CN,local,debit
622976,00-99,INNER MONGOLIA AUTONOMOUS REGION RURAL CREDIT COOPERATIVE UNION-SIN ALLOY BULL CARD,CN,local,debit
622977,00-99,QITAIHE CITY CREDIT ASSOCITATION LIMITED LIABITITY,CN,local,debit
622978,00-99,ORDOS BANK CO. LTD.,CN,local,debit
622979,00-99,HEBI URBAN CREDIT COOPERATIVE,CN,local,debit
622980,00-99,YUXI CITY COMMERCIAL BANK,CN,local,debit
622981,00-99,XIAN COMMERCIAL BANK,CN,local,debit
622982,00-99,ZHANGJIAKOU CITY COMMERCIAL BANK,CN,local,debit
622983,00-99,SZDB (DEBIT CARD),CN,local,debit
622984,00-99,,CN,local,debit
622985,00-99,BANK OF SHANGHAI-DEPUTY SOCIAL SECURITY CARD,CN,local,debit
622986,00-99,SHENZHEN CITY COMMERCIAL BANK,CN,local,debit
622987,00-99,BANK OF SHANGHAI,CN,local,debit
622988,00-99,CHINA CONSTRUCTION BANK,CN,local,debit
622989,00-99,SHENZHEN CITY COMMERCIAL BANK,CN,local,debit
622990,00-99,JINZHOU COMMERCIAL BANK,CN,local,debit
622991,00-99,HENAN RURAL CREDIT COOPERATIVE,CN,local,debit
622992,00-99,GXNCXYSLHS,CN,local,debit
622993,00-99,DALIAN CITY COMMERCIAL BANK,CN,local,debit
622994,00-99,SIAM COMMERCIAL BANK (CHINA),CN,local,debit
622995,00-99,JIAYU WUJIANG COUNTRY BANK,CN,local,debit
622996,00-99,CHENGDU CITY COMMERCIAL BANK,CN,local,debit
622997,00-99,CHENGDU CITY COMMERCIAL BANK,CN,local,debit
622998,00-99,CITIC BANK,CN,local,debit
622999,00-99,CITIC BANK-CITIC DIAMOND CARD,CN,local,debit
623000,00-99,HEBEI BANK CO. LTD.-DEBIT IC CARD,CN,local,debit
623001,00-99,GUANGXI BEIBU GULF BANK,CN,local,debit
623002,00-99,CN ICBC PEONY MONEY LINK CARD,CN,local,debit
623003,00-99,QHDCCB,CN,local,debit
623004,00-99,LINGYUAN TIANYUAN VILLAGE BANK CO.LTD,CN,local,debit
623005,00-99,,CN,local,debit
623006,00-99,CN ICBC PEONY MONEY LINK CARD,CN,local,debit
623007,00-99,LINGSHANG BANK,CN,local,debit
623008,00-99,CN ICBC PEONY MONEY LINK CARD,CN,local,debit
623009,00-99,,CN,local,debit
623010,00-99,DEVELOPMENT CREDIT BANK,CN,local,debit
623011,00-99,CN ICBC PEONY MONEY LINK CARD,CN,local,debit
623012,00-99,CN ICBC PEONY MONEY LINK CARD,CN,local,debit
623013,00-99,HENAN PROVINCE RURAL CREDIT COOPERATIVE UNION,CN,local,debit
623014,00-99,CN ICBC PEONY MONEY LINK CARD,CN,local,debit
623015,00-99,CN ICBC PEONY MONEY LINK CARD,CN,local,debit
623016,00-99,CHONGQING CCB,CN,local,debit
623017,00-99,QINGHAI RURAL CREDIT COOPERATIVE UNION-LILAC,CN,local,debit
623018,00-99,AGRICULTURAL BANK OF CHINA,CN,local,debit
623019,00-99,XIAMEN BANK,CN,local,debit
623020,00-99,HUAXIA BANK,CN,local,debit
623021,00-99,HUAXIA BANK,CN,local,debit
623022,00-99,HUAXIA BANK,CN,local,debit
623023,00-99,HUAXIA BANK,CN,local,debit
623024,00-99,SHINHAN CARD CO. LTD.,KR,local,debit
623025,00-99,HENAN RURAL CREDIT UNION,CN,local,debit
623026,00-99,BANK OF SHAOXING,CN,local,debit
623027,00-99,SHANXI RURAL CREDIT UNION,CN,local,debit
623028,00-99,SHANXI RURAL CREDIT UNION,CN,local,debit
623029,00-99,WUHAN COMMERCIAL BANK,CN,local,debit
623030,00-99,BANK OF CHAOYANG,CN,local,debit
623031,00-99,BANK OF EAST ASIA CHINA LTD.,CN,local,debit
623032,00-99,LONGJIANG BANK-LONGJIANG IC CARD,CN,local,debit
623033,00-99,WUHAN RURAL COMMERCIAL BANK,CN,local,debit
623034,00-99,INDUSTRIAL AND COMMERCIAL BANK OF CHINA,NZ,local,debit
623035,00-99,SHENZHEN RURAL CB,CN,local,debit
623036,00-99,FUJIAN RURAL CREDIT COOPERATIVE UNION,CN,local,debit
623037,00-99,LHCB,CN,local,debit
623038,00-99,DONGGUAN RCU,CN,local,debit
623039,00-99,TAIZHOU BANK,CN,local,debit
623040,00-99,BANK OF CHINA HK,HK,local,debit
623041,00-99,NANYANG COMMERCIAL BANK,HK,local,debit
623042,00-99,CHIYU BANKING CORPORATION,HK,local,debit
623043,00-99,BANCO NACIONAL ULTRAMARINO,MO,local,debit
623044,00-99,CUP TOKEN,CN,local,debit
623045,00-99,INN FOR UNIONPAY CARD NETWORK,CN,local,debit
623046,00-99,,CN,local,debit
623047,00-99,XIPING ZHONGYUAN COUNTY BANK,CN,local,debit
623048,00-99,PANZHIHUA CITY COMMERCIAL BANK-PANZHIHUA CARD,CN,local,debit
623049,00-99,,CN,local,debit
623050,00-99,AGRICULTURE BANK OF CHINA,CN,local,debit
623051,00-99,SHANXI RURAL CREDIT COOPERATIVE UNION-XINHETONG FINANCIAL IC CARD,CN,local,debit
623052,00-99,AGRICULTURAL BANK OF CHINA,CN,local,debit
623053,00-99,AGRICULTURE BANK OF CHINA,CN,local,debit
623054,00-99,,CN,local,debit
623055,00-99,WUHAN RURAL CREDIT UNION,CN,local,debit
623056,00-99,AGRICULTURE BANK OF CHINA,CN,local,debit
623057,00-99,HOHHOT CITY COMMERCIAL BANK,CN,local,debit
623058,00-99,PAB,CN,local,debit
623059,00-99,HENAN PROVINCE RURAL CREDIT COOPERATIVE UNION,CN,local,debit
623060,00-99,CHENGDE BANK-DEBIT IC CARD,CN,local,debit
623061,00-99,HANGZHOU COMMERCIAL BANK-DEBIT IC CARD,CN,local,debit
623062,00-99,INDUSTRIAL AND COMMERCIAL BANK OF CHINA,CN,local,debit
623063,00-99,FUZHOU COMMERCIAL BANK,CN,local,debit
623064,00-99,ATLANTIC BANK CO. LTD.,MO,local,debit
623065,00-99,GANSU RURAL CREDIT COOPERATIVE UNION-FEITIAN FINANCIAL IC DEBIT CARD,CN,local,debit
623066,00-99,JIANGSU RCCU,CN,local,debit
623067,00-99,JINHUA BANK CO. LTD.-SSANGYONG SOCIAL SECURITY CARD,CN,local,debit
623068,00-99,HENGSHUI BANK-DEBIT IC CARD,CN,local,debit
623069,00-99,BANK OF DALIAN,CN,local,debit
623070,00-99,DALIAN COMMERCIAL BANK,CN,local,debit
623071,00-99,CHANGSHU RURAL COMMERCIAL BANK-GOLD IC CARD,CN,local,debit
623072,00-99,NANCHONG CITY COMMERCIAL BANK-DEBIT IC CARD,CN,local,debit
623073,00-99,LANGFANG BANK-LONGFENG CHENGXIANG CARD,CN,local,debit
623074,00-99,CUP TOKEN,CN,local,debit
623075,00-99,TAICANG RURAL COMMERCIAL BANK-ZHENGHE IC DEBIT CARD,CN,local,debit
623076,00-99,BANK OF HUBEI,CN,local,debit
623077,00-99,RIZHAO BANK-YELLOW SEA CARD FORTUNE CARD DEBIT CARD,CN,local,debit
623078,00-99,HENGFENG BANK-KYUSHU IC CARD,CN,local,debit
623079,00-99,YIBIN CITY COMMERCIAL BANK-DEBIT IC CARD,CN,local,debit
623080,00-99,JINGDEZHEN CITY COMMERCIAL BANK CO. LTD,CN,local,debit
623081,00-99,SHENGJING BANK,CN,local,debit
623082,00-99,GUANGYUAN GUISHANG VILLAGE BANK-LIKA,CN,local,debit
623083,00-99,ZHEJIANG CHOUZHOU COMMERCIAL BANK-YI CARD DEBIT IC CARD,CN,local,debit
623084,00-99,YAAN CITY COMMERCIAL BANK,CN,local,debit
623085,00-99,LUZHOU CITY COMMERCIAL BANK-JIUCHENG IC CARD,CN,local,debit
623086,00-99,BANK OF SHAOXING,CN,local,debit
623087,00-99,ZAOZHUANG BANK-DEBIT IC CARD,CN,local,debit
623088,00-99,CDCRCU,CN,local,debit
623089,00-99,NINGXIA BANK,CN,local,debit
623090,00-99,HUNAN RURAL CREDIT COOPERATIVE UNION-FUXIANG DEBIT IC CARD,CN,local,debit
623091,00-99,ZHEJIANG RURAL CREDIT COOPERATIVE UNION-DEBIT IC CARD,CN,local,debit
623092,00-99,JIANGXI RURAL CREDIT COOPERATIVE UNION,CN,local,debit
623093,00-99,ORDOS BANK CO. LTD.- TIANJIAO DEBIT COMPOSITE CARD,CN,local,debit
623094,00-99,CHINA CONSTRUCTION BANK,CN,local,debit
623095,00-99,YELLOW RIVER RURAL COMMERCIAL BANK-DEBIT IC CARD,CN,local,debit
623096,00-99,CHONGQING BANK-DEBIT IC CARD,CN,local,debit
623097,00-99,ZHANGZI COUNTY RONGHUI VILLAGE BANK,CN,local,debit
623098,00-99,DANDONG BANK-DEBIT IC CARD,CN,local,debit
623099,00-99,FUSHUN BANK-DEBIT IC CARD,CN,local,debit
623100,00-99,CN ICBC PEONY MONEY LINK CARD,CN,local,debit
623101,00-99,BANK OF TEXAS,CN,local,debit
623102,00-99,INN-U,CN,local,debit
623103,00-99,TIANJIN RURAL COMMERCIAL BANK-DEBIT IC CARD,CN,local,debit
623104,00-99,XWJHBANK,CN,local,debit
623105,00-99,WUHAN COMMERCIAL BANK,CN,local,debit
623106,00-99,HANG SENG BANK,HK,local,debit
623107,00-99,HANG SENG BANK,HK,local,debit
623108,00-99,SHENGJING BANK-ROSE IC CARD,CN,local,debit
623109,00-99,TIANJIN BINHAI RURAL COMMERCIAL BANK-SIHAITONG E-CORE CARD,CN,local,debit
623110,00-99,WUJIANG RURAL COMMERCIAL BANK,CN,local,debit
623111,00-99,BANK OF BEIJING-DEBIT IC CARD,CN,local,debit
623112,00-99,BANK OF WENZHOU,CN,local,debit
623113,00-99,GUANGDONG HUAXING BANK-HUAXING FINANCIAL IC DEBIT CARD,CN,local,debit
623114,00-99,NINGXIA YONGNING HUIFA COUNTRY BANK CO. LTD.,CN,local,debit
623115,00-99,JIANGYIN RURAL COMMERCIAL BANK-JIYANG CARD,CN,local,debit
623116,00-99,JINING BANK CO. LTD.,CN,local,debit
623117,00-99,CHANGGE XUANYUAN VILLAGE BANK,CN,local,debit
623118,00-99,LUOYANG BANK,CN,local,debit
623119,00-99,QISHANG BANK-JINDA IC CARD,CN,local,debit
623120,00-99,SHIZUISHAN BANK-KIRIN DEBIT CARD,CN,local,debit
623121,00-99,ZIGONG CITY COMMERCIAL BANK-DEBIT IC CARD,CN,local,debit
623122,00-99,HAINAN DANZHOU BANK OF GREEN VILLAGE CO.LTD,CN,local,debit
623123,00-99,ZHANGJIAGANG RURAL COMMERCIAL BANK,CN,local,debit
623124,00-99,ZHEJIANG TONGLU HENGFENG RURAL BANK,CN,local,debit
623125,00-99,WUXI RURAL COMMERCIAL BANK-DEBIT IC CARD,CN,local,debit
623126,00-99,CHINA MERCHANTS BANK,CN,local,debit
623127,00-99,GANZHOU CITY COMMERCIAL BANK,CN,local,debit
623128,00-99,GUANGDONG NANYUE BANK CO. LTD.,CN,local,debit
623129,00-99,LANZHOU BANK CO. LTD.-FINANCIAL SOCIAL SECURITY CARD,CN,local,debit
623130,00-99,DONGYING COMMERCIAL BANK,CN,local,debit
623131,00-99,CHANGCHUN CITY COMMERCIAL BANK,CN,local,debit
623132,00-99,KUNSHAN RURAL CREDIT COOPERATIVE-QIONGHUA CARD,CN,local,debit
623133,00-99,GUANGXI RURAL CREDIT COOPERATIVE UNION-GUISHENG IC DEBIT CARD,CN,local,debit
623134,00-99,NINGXIA XIXIA HELANSHAN VILLAGE BANK CO.LTD,CN,local,debit
623135,00-99,YUXI COMMERCIAL BANK-HONGTA CARD,CN,local,debit
623136,00-99,CHINA MERCHANTS BANK,CN,local,debit
623137,00-99,GREAT WALL WEST CHINA BANK CO. LTD,CN,local,debit
623138,00-99,ZHUMADIAN BANK-POST CARD,CN,local,debit
623139,00-99,KUNLUN BANK CO. LTD.,CN,local,debit
623140,00-99,PANSHAN ANTAI RURAL BANK,CN,local,debit
623141,00-99,,CN,local,debit
623142,00-99,QINGYUN LEAN COUNTY BANK INC.LTD,CN,local,debit
623143,00-99,TAIGU XINGTAI COUNTRY BANK CO.LTD,CN,local,debit
623144,00-99,,CN,local,debit
623145,00-99,YUYAO TONGJI RURAL BANK,CN,local,debit
623146,00-99,JIUJIANG BANK,CN,local,debit
623147,00-99,JIAXIAN GUANGTIAN COUNTY BANK CO.LTD,CN,local,debit
623148,00-99,,CN,local,debit
623149,00-99,ZHUOLU LIFENG RURAL BANK,CN,local,debit
623150,00-99,SUZHOU YANGTZE RIVER COMMERCIAL BANK,CN,local,debit
623151,00-99,LIAOYANG BANK CO. LTD.-EMERGING CARD,CN,local,debit
623152,00-99,PINGDINGSHAN BANK CO. LTD.,CN,local,debit
623153,00-99,WUHAI BANK CO. LTD.,CN,local,debit
623154,00-99,XINGTAI XINDU DISTRICT XTRCB COUNTY BANK CO. LTD,CN,local,debit
623155,00-99,CHINA EVERBRIGHT BANK-DEBIT IC CARD DIAMOND CARD,CN,local,debit
623156,00-99,CHINA EVERBRIGHT BANK-CO-BRANDED IC CARD CARD,CN,local,debit
623157,00-99,CHINA EVERBRIGHT BANK-CO-BRANDED IC CARD GOLD CARD,CN,local,debit
623158,00-99,CHINA EVERBRIGHT BANK-JOINT IC CARD PLATINUM CARD,CN,local,debit
623159,00-99,CHINA EVERBRIGHT BANK-CO-BRANDED IC CARD DIAMOND CARD,CN,local,debit
623160,00-99,XINYANG BANK-XINYANG CARD,CN,local,debit
623161,00-99,PANJIN CITY COMMERCIAL BANK-PANJIN CITY COMMERCIAL BANK CRANE CARD,CN,local,debit
623162,00-99,SHANGHAI RURAL COMMERCIAL BANK-DEBIT IC CARD,CN,local,debit
623163,00-99,INDUSTRIAL AND COMMERCIAL BANK OF CHINA,CN,local,debit
623164,00-99,ZUNYI XINPU CHANGZHENG RURAL BANK CORP.LTD,CN,local,debit
623165,00-99,XI,CN,local,debit
623166,00-99,FUXIN BANK-DEBIT IC CARD,CN,local,debit
623167,00-99,XIANGSHAN CREDIT UNION,CN,local,debit
623168,00-99,BAODING BANK-ZHILI CARD,CN,local,debit
623169,00-99,DONGGUAN HOUJIE HUAYE VILLAGE BANK-EASY-TONG CARD,CN,local,debit
623170,00-99,QINGDAO BANK,CN,local,debit
623171,00-99,HUZHOU COMMERCIAL BANK,CN,local,debit
623172,00-99,DALIAN BANK-DEBIT IC CARD,CN,local,debit
623173,00-99,DALIAN BANK-DEBIT IC CARD,CN,local,debit
623174,00-99,YUCHENG COMMERCIAL RURAL BANK CO.LTD,CN,local,debit
623175,00-99,YUXI HONGTA RURAL BANK CO.LTD.,CN,local,debit
623176,00-99,UNITED OVERSEAS BANK (CHINA) LTD.,CN,local,debit
623177,00-99,YINGKOU BANK CO. LTD.-YINGYIN CARD,CN,local,debit
623178,00-99,SUINING IS A COMMERCIAL BANK-JINHE CARD,CN,local,debit
623179,00-99,JINSHANG BANK,CN,local,debit
623180,00-99,BANK OF TIELING CO.LTD,CN,local,debit
623181,00-99,INN-U,CN,local,debit
623182,00-99,GANSU BANK-GANSU BANK SHENZHOU XINGLONG IC CARD,CN,local,debit
623183,00-99,BANK OF SHANGHAI-HUITONG DIAMOND CARD,CN,local,debit
623184,00-99,BANK OF CHINA,CN,local,debit
623185,00-99,BANK OF SHANGHAI-HUITONG GOLD CARD,CN,local,debit
623186,00-99,SHENZHEN RURAL COMMERCIAL BANK-XINTONG BUSINESS CARD,CN,local,debit
623187,00-99,DBS BANK CHINA,CN,local,debit
623188,00-99,ANSHAN BANK-QIANSHAN CARD,CN,local,debit
623189,00-99,JIANGNAN RURAL COMMERCIAL BANK-DEBIT IC CARD,CN,local,debit
623190,00-99,KUNMING AGRICULTURAL COOPERATIVE ASSOCIATION-JINBI CARD,CN,local,debit
623191,00-99,,CN,local,debit
623192,00-99,,CN,local,debit
623193,00-99,BANK OF TANGSHAN CO.LTD.,CN,local,debit
623194,00-99,XU CHANG XIN PU VILLAGE BANK,CN,local,debit
623195,00-99,ZHEJIANG TAISHUN WEN YIN RURAL BANK,CN,local,debit
623196,00-99,TAIANCITYCOMMERCIAL,CN,local,debit
623197,00-99,JINCHENG BANK,CN,local,debit
623198,00-99,DONGGUAN DAYING DONGYING VILLAGE BANK-DONGYING CARD,CN,local,debit
623199,00-99,LIANGSHAN COMMERCIAL BANK-JINLIANGSHAN CARD,CN,local,debit
623200,00-99,NINGXIA BANK,CN,local,debit
623201,00-99,SICHUAN PROVINCE RURAL CREDIT COOPERATIVE UNION-SHUXIN TRAVEL CARD,CN,local,debit
623202,00-99,CN ICBC PEONY MONEY LINK CARD,CN,local,debit
623203,00-99,HUI SHANG BANK,CN,local,debit
623204,00-99,,CN,local,debit
623205,00-99,JIAOZUO CITY COMMERCIAL BANK-CHINA TRAVEL CARD,CN,local,debit
623206,00-99,AGRICULTURAL BANK OF CHINA,CN,local,debit
623207,00-99,WUHAN RURAL COMMERCIAL BANK-CHINA TRAVEL CARD,CN,local,debit
623208,00-99,BANK OF CHINA,CN,local,debit
623209,00-99,HANGZHOU COMMERCIAL BANK,CN,local,debit
623210,00-99,BAOSHANG BANK,CN,local,credit
623211,00-99,CHINA CONSTRUCTION BANK,CN,local,debit
623212,00-99,QINGDAO BANK,CN,local,debit
623213,00-99,QING HAI SHENG RURAL CREDIT UNION,CN,local,debit
623214,00-99,,CN,local,debit
623215,00-99,,CN,local,debit
623216,00-99,LONGJIANG BANK-CHINA TRAVEL CARD,CN,local,debit
623217,00-99,,CN,local,debit
623218,00-99,POSTAL SAVINGS BANK OF CHINA,CN,local,debit
623219,00-99,POSTAL SAVINGS BANK OF CHINA,CN,local,debit
623220,00-99,ANHUI RURAL CREDIT COOPERATIVE,CN,local,debit
623221,00-99,GUILIN BANK,CN,local,debit
623222,00-99,,CN,local,debit
623223,00-99,,CN,local,debit
623224,00-99,,CN,local,debit
623225,00-99,,CN,local,debit
623226,00-99,,CN,local,debit
623227,00-99,,CN,local,debit
623228,00-99,,CN,local,debit
623229,00-99,INSDUSTRIAL AND COMMERCIAL BANK OF CHINA,CN,local,debit
623230,00-99,,CN,local,debit
623231,00-99,,CN,local,debit
623232,00-99,,CN,local,debit
623233,00-99,,CN,local,debit
623234,00-99,,CN,local,debit
623235,00-99,,CN,local,debit
623236,00-99,,CN,local,debit
623237,00-99,,CN,local,debit
623238,00-99,,CN,local,debit
623239,00-99,,CN,local,debit
623240,00-99,,CN,local,debit
623241,00-99,,CN,local,debit
623242,00-99,,CN,local,debit
623243,00-99,,CN,local,debit
623244,00-99,,CN,local,debit
623245,00-99,,CN,local,debit
623246,00-99,,CN,local,debit
623247,00-99,,CN,local,debit
623248,00-99,,CN,local,debit
623249,00-99,,CN,local,debit
623250,00-99,SHANGHAI PUDONG DEVELOPMENT BANK,CN,local,debit
623251,00-99,CHINA CONSTRUCTION BANK,CN,local,debit
623252,00-99,BANK OF NINGBO,CN,local,debit
623253,00-99,EVERBRIGHT BANK,CN,local,debit
623254,00-99,SUZHOU WUZHONG PEARL RIVER RURAL BANK,CN,local,debit
623255,00-99,CHINA MINSHENG BANKING CORP.LTD.,CN,local,debit
623256,00-99,SICHUAN RURAL CREDIT COOPERATIVE UNION,CN,local,debit
623257,00-99,GUANGZHOU RURAL COMMERCIAL BANK CO. LTD.,CN,local,debit
623258,00-99,CHINA MINSHENG BANKING CORP.LTD.,CN,local,debit
623259,00-99,CHINA GUANGFA BANK CO.LTD,CN,local,debit
623260,00-99,INDUSTRIAL AND COMMERCIAL BANK OF CHINA,CN,local,debit
623261,00-99,BANK OF COMMUNICATIONS,CN,local,debit
623262,00-99,CHINA MERCHANTS BANK,CN,local,debit
623263,00-99,BANK OF CHINA,CN,local,debit
623264,00-99,GREAT WALL HUAXI BANK,CN,local,debit
623265,00-99,WUHAN COMMERCIAL BANK,CN,local,debit
623266,00-99,,CN,local,debit
623267,00-99,JIANGSU RURAL CREDIT COOPERATIVE,CN,local,debit
623268,00-99,,CN,local,debit
623269,00-99,PING AN BANK,CN,local,debit
623270,00-99,BANK OF NANJING,CN,local,debit
623271,00-99,INDUSTRIAL AND COMMERCIAL BANK OF CHINA,CN,local,debit
623272,00-99,INDUSTRIAL AND COMMERCIAL BANK OF CHINA,CN,local,debit
623273,00-99,BAOSHANG BANK,CN,local,debit
623274,00-99,,CN,local,debit
623275,00-99,LANZHOU BANK CO. LTD.,CN,local,debit
623276,00-99,HUBEI RURAL CREDIT COOPERATIVE,CN,local,debit
623277,00-99,BANK OF XI'AN CO. LTD.,CN,local,debit
623278,00-99,DONGGUAN CITY COMMERCIAL BANK,CN,local,debit
623279,00-99,BANK OF JIANGSU,CN,local,debit
623280,00-99,CHINA CITIC BANK),CN,local,debit
623281,00-99,,CN,local,debit
623282,00-99,,CN,local,debit
623283,00-99,BANK OF BEIJING,CN,local,debit
623284,00-99,,CN,local,debit
623285,00-99,SICHUAN TIANFU BANK),CN,local,debit
623286,00-99,,CN,local,debit
623287,00-99,INDUSTRIAL BANK),CN,local,debit
623288,00-99,,CN,local,debit
623289,00-99,,CN,local,debit
623290,00-99,LESHAN CITY COMMERCIAL BANK,CN,local,debit
623291,00-99,HUISHANG BANK),CN,local,debit
623292,00-99,HUA XIA BANK,CN,local,debit
623293,00-99,GUANGDONG HUAXING BANK,CN,local,debit
623294,00-99,,CN,local,debit
623295,00-99,,CN,local,debit
623296,00-99,SHENZHEN RURAL COMMERCIAL BANK,CN,local,debit
623297,00-99,,CN,local,debit
623298,00-99,,CN,local,debit
623299,00-99,,CN,local,debit
623300,00-99,RAWBANK SARL,CD,local,debit
623301,00-99,CN ICBC PEONY MONEY LINK CARD,CN,local,debit
623302,00-99,PVB CARD CORPORATION,PH,local,debit
623303,00-99,PVB CARD CORPORATION,PH,local,debit
623304,00-99,PVB CARD CORPORATION,KG,local,debit
623305,00-99,PAYWISER LTD.,GB,local,debit
623306,00-99,,CN,local,debit
623307,00-99,U MICROFINANCE BANK LTD.,PK,local,debit
623308,00-99,NANYANG COMMERCIAL BANK,HK,local,debit
623309,00-99,BANK OF CHINA HK,HK,local,debit
623310,00-99,CHIYU BANK,HK,local,debit
623311,00-99,,NG,local,debit
623312,00-99,AL BARAKA BANK LTD.,PK,local,debit
623313,00-99,OJSC HAMKOR BANK,UZ,local,debit
623314,00-99,,NG,local,debit
623315,00-99,CRDB BANK PLC,TZ,local,debit
623316,00-99,CRDB BANK PLC,TZ,local,debit
623317,00-99,CRDB BANK PLC,TZ,local,debit
623318,00-99,BANK OF EAST ASIA LTD.,HK,local,debit
623319,00-99,,CN,local,debit
623320,00-99,KASIKORNBANK PUBLIC COMPANY LTD.,CN,local,debit
623321,00-99,INDUSTRIAL AND COMMERCIAL BANK OF CHINA (CANADA),CA,local,debit
623322,00-99,KB KOOKMIN CARD CO. LTD,KR,local,debit
623323,00-99,NONGHYUP BANK,KR,local,debit
623324,00-99,PVB CARD CORPORATION,PH,local,debit
623325,00-99,DAVR BANK,UZ,local,debit
623326,00-99,CJSC KYRGZ INVESTMENT AND CREDIT BANK,KG,local,debit
623327,00-99,CJSC KYRGZ INVESTMENT AND CREDIT BANK,KG,local,debit
623328,00-99,CITIC KA WAH BANK LTD.,HK,local,debit
623329,00-99,SHINHAN CARD CO. LTD.,KR,local,debit
623330,00-99,ICBC BRAZIL BRANCH,BR,local,debit
623331,00-99,STATE BANK OF MAURITIUS,MU,local,debit
623332,00-99,CAMBODIA MEKONGBANK PUBLIC LTD.,KH,local,debit
623333,00-99,,CN,local,debit
623334,00-99,K & R INTERNATIONAL LTD.,HK,local,debit
623335,00-99,ICBC,CN,local,debit
623336,00-99,JSC ATFBANK,KZ,local,debit
623337,00-99,JSC ATFBANK,KZ,local,debit
623338,00-99,JSC ATFBANK,KZ,local,debit
623339,00-99,OJSC RUSSIAN INVESTMENT BANK,KG,local,debit
623340,00-99,KB KOOKMIN CARD CO. LTD,KR,local,debit
623341,00-99,NONGHYUP BANK,KR,local,debit
623342,00-99,,CN,local,debit
623343,00-99,,RU,local,debit
623344,00-99,INTERNATIONAL BANK OF AZERBAIJAN,AZ,local,debit
623345,00-99,JSC LIBERTY BANK,GE,local,debit
623346,00-99,INTERNATIONAL BANK OF AZERBAIJAN,AZ,local,debit
623347,00-99,JSC LIBERTY BANK,GE,local,debit
623348,00-99,STATE BANK OF MAURITIUS,MU,local,debit
623349,00-99,OMNIPAY INC.,PH,local,debit
623350,00-99,CHINA CONSTRUCTION BANK CORPORATION MACAU BRANCH,MO,local,debit
623351,00-99,CJSC SPITAMEN BANK,TJ,local,debit
623352,00-99,STATE BANK LLC,MN,local,debit
623353,00-99,LIGHT BANK,RU,local,debit
623354,00-99,,CN,local,debit
623355,00-99,BANGKOK BANK PUBLIC COMPANY LTD.,TH,local,debit
623356,00-99,,RU,local,debit
623357,00-99,JOINT-STOCK HALYK SAVINGS BANK OF KAZAKHSTAN,KZ,local,debit
623358,00-99,LOTTE CARD CO. LTD.,KR,local,debit
623359,00-99,BANK AL HABIB LTD.,PK,local,debit
623360,00-99,OPTIMA BANK,KG,local,debit
623361,00-99,,CN,local,debit
623362,00-99,BANK OF CHINA,AU,local,debit
623363,00-99,,CN,local,debit
623364,00-99,INN FOR UNIONPAY CARD NETWORK,NP,local,debit
623365,00-99,CHINA GUANGFA BANK MACAU BRANCH,MO,local,debit
623366,00-99,CHINA GUANGFA BANK MACAU BRANCH,MO,local,debit
623367,00-99,LLC CHINA CONSTRUCTION BANK (RUSSIA),RU,local,debit
623368,00-99,TOJIKSODIROTBANK,TJ,local,debit
623369,00-99,HERITAGE INTERNATIONAL BANK,BZ,local,debit
623370,00-99,DE SURINAAMSCHE BANK N.V.,SR,local,debit
623371,00-99,GAZPROMBANK (JOINT STOCK COMPANY),RU,local,debit
623372,00-99,GAZPROMBANK (JOINT STOCK COMPANY),RU,local,debit
623373,00-99,GAZPROMBANK(OPEN JOINT-STOCK COMPANY),RU,local,debit
623374,00-99,KB KOOKMIN CARD CO. LTD,KR,local,debit
623375,00-99,ADVANCED BANK OF ASIA LTD.,KH,local,debit
623376,00-99,GAZPROMBANK(OPEN JOINT-STOCK COMPANY),RU,local,debit
623377,00-99,,CN,local,debit
623378,00-99,OPEN JOINT-STOCK COMPANY),CN,local,debit
623379,00-99,BC CARD,KR,local,debit
623380,00-99,COOPERATIVE & AGRICULTURAL CREDIT BANK,YE,local,debit
623381,00-99,BANK ALFALAH LTD.,PK,local,debit
623382,00-99,SBERBANK KZ,KZ,local,debit
623383,00-99,LAO CHINA BANK CO. LTD,LA,local,debit
623384,00-99,INN FOR UNIONPAY CARD NETWORK,AO,local,debit
623385,00-99,INN FOR UNIONPAY CARD NETWORK,AO,local,debit
623386,00-99,LAO CHINA BANK CO. LTD,LA,local,debit
623387,00-99,BC CARD,KR,local,debit
623388,00-99,LAO CHINA BANK CO. LTD,LA,local,debit
623389,00-99,SINDH BANK,PK,local,debit
623390,00-99,BC CARD,KR,local,debit
623391,00-99,NH NONGHYUP,KR,local,debit
623392,00-99,NH NONGHYUP,KR,local,debit
623393,00-99,BC CARD,KR,local,debit
623394,00-99,BC CARD,KR,local,debit
623395,00-99,BC CARD,KR,local,debit
623396,00-99,VTB BANK (PUBLIC JOINT-STOCK COMPANY),RU,local,debit
623397,00-99,CHINA CITIC BANK INTERNATIONAL LTD.,HK,local,debit
623398,00-99,OMNIPAY INC.,PH,local,debit
623399,00-99,INN FOR UNIONPAY CARD NETWORK,GH,local,debit
623400,00-99,CN ICBC PEONY MONEY LINK CARD,CN,local,debit
623401,00-99,,PK,local,debit
623402,00-99,BANK ALFALAH LTD.,PK,local,debit
623403,00-99,,PK,local,debit
623404,00-99,MCB ISLAMIC BANK,PK,local,debit
623405,00-99,BANK ALFALAH LTD.,PK,local,debit
623406,00-99,ASKARI BANK LTD.,PK,local,debit
623407,00-99,DUBAI ISLAMIC BANK PAKISTAN,PK,local,debit
623408,00-99,SUMMIT BANK,PK,local,debit
623409,00-99,INN FOR UNIONPAY CARD NETWORK,RU,local,debit
623410,00-99,INTERNATIONAL CARDS COMPANY JORDAN,JO,local,debit
623411,00-99,INTERNATIONAL CARDS COMPANY JORDAN,JO,local,debit
623412,00-99,ROSENERGOBANK,RU,local,debit
623413,00-99,,HK,local,debit
623414,00-99,XACBANK LLC,MN,local,debit
623415,00-99,SINOPAY (SINGAPORE) PTE LTD.,SG,local,debit
623416,00-99,CAPITAL BANK OF MONGOLIA,MN,local,debit
623417,00-99,INN FOR UNIONPAY CARD NETWORK,KZ,local,debit
623418,00-99,INN FOR UNIONPAY CARD NETWORK,KZ,local,debit
623419,00-99,INN FOR UNIONPAY CARD NETWORK,KZ,local,debit
623420,00-99,INN FOR UNIONPAY CARD NETWORK,KZ,local,debit
623421,00-99,INN FOR UNIONPAY CARD NETWORK,KZ,local,debit
623422,00-99,KIATNAKIN PHATRA BANK PUBLIC COMPANY LTD.,TH,local,debit
623423,00-99,BOC(CANADA),CA,local,debit
623424,00-99,JSCHALYK BANK OF KAZAKHSTAN,KZ,local,debit
623425,00-99,PRIMORYE BANK,RU,local,debit
623426,00-99,,CN,local,debit
623427,00-99,HABIB BANK LTD.,MU,local,debit
623428,00-99,INN FOR UNIONPAY CARD NETWORK,KE,local,debit
623429,00-99,INN FOR UNIONPAY CARD NETWORK,KE,local,debit
623430,00-99,LAND AND HOUSES BANK PUBLIC COMPANY LTD.,TH,local,debit
623431,00-99,,CN,local brand,debit
623432,00-99,PRIMSOTSBANK,RU,local,debit
623433,00-99,ASIA GREEN DEVELOPMENT BANK LTD.,MM,local,debit
623434,00-99,,RU,local,debit
623435,00-99,INN FOR UNIONPAY CARD NETWORK,RU,local,debit
623436,00-99,,CN,local,debit
623437,00-99,,CN,local,debit
623438,00-99,EQUITY BANK CONGO,CD,local,debit
623439,00-99,EXPRESSPAY CO LTD.,ZA,local,debit
623440,00-99,INN FOR UNIONPAY CARD NETWORK,KE,local,debit
623441,00-99,INN FOR UNIONPAY CARD NETWORK,KE,local,debit
623442,00-99,NOOR ISLAMIC BANK,AE,local,debit
623443,00-99,HABIB BANK LTD.,SC,local,debit
623444,00-99,INN FOR UNIONPAY CARD NETWORK,VU,local,debit
623445,00-99,ALMAZERGIENBANK,RU,local,debit
623446,00-99,JOINT STOCK COMPANY RUSSIAN AGRICULTURAL BANK,RU,local,debit
623447,00-99,BANK ZENIT,RU,local,debit
623448,00-99,HABIB BANK LTD.,KE,local,debit
623449,00-99,BANQUE SINO-CONGOLAISE POUR 1'AFRIQUE S.A,CG,local,debit
623450,00-99,HALYK SAVINGS BANK OF KAZAKHSTAN,KZ,local,debit
623451,00-99,BC CARD,KR,local,debit
623452,00-99,BC CARD,KR,local,debit
623453,00-99,BC CARD,KR,local,debit
623454,00-99,BC CARD,KR,local,debit
623455,00-99,INN FOR UNIONPAY CARD NETWORK,RW,local,debit
623456,00-99,CANADIA BANK PUBLIC LIMITED COMPANY,KH,local,debit
623457,00-99,INN FOR UNIONPAY CARD NETWORK,KH,local,debit
623458,00-99,KHAN BANK,MN,local,debit
623459,00-99,SMARTCHOICE TECHNOLOGIES PVT.LTD.,NP,local,debit
623460,00-99,ABC BANKING CORPORATION LTD.,MU,local,debit
623461,00-99,CJSC KYRGZ INVESTMENT AND CREDIT BANK,KG,local,debit
623462,00-99,INN FOR UNIONPAY CARD NETWORK,TJ,local,debit
623463,00-99,,CN,local,debit
623464,00-99,INN FOR UNIONPAY CARD NETWORK,KH,local,debit
623465,00-99,CHINA CITIC BANK INTERNATIONAL LTD.,HK,local,debit
623466,00-99,AYEYARWADY BANK LTD.,MM,local,debit
623467,00-99,FIRST HEARTLAND JUSAN BANK JOINT STOCK COMPANY,KZ,local,debit
623468,00-99,,CN,local,debit
623469,00-99,COMMERCIAL BANK OF KUWAIT SAK,KW,local,debit
623470,00-99,BC CARD CO. LTD.,KR,local,debit
623471,00-99,AL HAIL ORIX FINANCE,AE,local,debit
623472,00-99,,CN,local,debit
623473,00-99,,CN,local,debit
623474,00-99,,CN,local,debit
623475,00-99,INN FOR UNIONPAY CARD NETWORK,NP,local,debit
623476,00-99,INN FOR UNIONPAY CARD NETWORK,MM,local,debit
623477,00-99,SMARTCHOICE TECHNOLOGIES PVT.LTD.,NP,local,debit
623478,00-99,INN FOR UNIONPAY CARD NETWORK,CG,local,debit
623479,00-99,LAO DEVELOPMENT BANK,LA,local,debit
623480,00-99,CAPITRON BANK LLC,MN,local,debit
623481,00-99,PJSCB ORIENT FINANS,UZ,local,debit
623482,00-99,RAWBANK S.A.R.L,CD,local,debit
623483,00-99,INN FOR UNIONPAY CARD NETWORK,GH,local,debit
623484,00-99,GCB BANK LTD.,GH,local,debit
623485,00-99,BANK OF CHINA (HUNGARY) CLOSE LTD.,HU,local,debit
623486,00-99,,CN,local,debit
623487,00-99,KENYA COMMERCIAL BANK,KE,local,debit
623488,00-99,PUBLIC BANK BERHAD,MY,local,debit
623489,00-99,KB KOOKMIN CARD CO. LTD,KR,local brand,debit
623490,00-99,,CN,local,debit
623491,00-99,INN FOR UNIONPAY CARD NETWORK,NG,local,debit
623492,00-99,OMNIPAY INC.,PH,local,debit
623493,00-99,INN FOR UNIONPAY CARD NETWORK,MM,local,debit
623494,00-99,,CN,local,debit
623495,00-99,CSCBANK SAL,LB,local,debit
623496,00-99,INN FOR UNIONPAY CARD NETWORK,NG,local,debit
623497,00-99,CMB WING LUNG BANK LTD.,HK,local,debit
623498,00-99,BANK LIGHT,RU,local,debit
623499,00-99,HIMALAYAN BANK LTD.,NP,local,debit
623500,00-99,CN ICBC PEONY MONEY LINK CARD,CN,local,debit
623501,00-99,HEBEI RURAL CREDIT COOPERATIVE,CN,local,debit
623502,00-99,JINYUN HANGYIN RURAL BANK OF ZHEJIANG CO. LTD.,CN,local,debit
623503,00-99,JING JIANG RUN FENG COUNTY BANK,CN,local,debit
623504,00-99,ZHEJIANG XIUZHOU DESHANG COUNTY BANK CO.LTD,CN,local,debit
623505,00-99,ZHONGYUAN BANK,CN,local,debit
623506,00-99,GUANGFA BANK CO. LTD.-GUANGFA WEALTH MANAGEMENT MULTI-CURRENCY IC CARD,CN,local,debit
623507,00-99,,CN,local,debit
623508,00-99,ZHUHAI HENGQIN VILLAGE BANK,CN,local,debit
623509,00-99,SHANXI BANK CO.LTD.,CN,local,debit
623510,00-99,HAIKOU UNITED RURAL COMMERCIAL BANK-HAIKOU UNITED RURAL COMMERCIAL BANK CARD,CN,local,debit
623511,00-99,BANK OF CHINA TRAVEL SERVICE CO LTD JIAOZUO,CN,local,debit
623512,00-99,JIANGSUPIZHOULONGHAICUNZHENYINHANG,CN,local,debit
623513,00-99,HANA BANK,CN,local,debit
623514,00-99,XIAMEN CITY COMMERCIAL BANK,CN,local,debit
623515,00-99,JIANGSU DANYANG BAODE VILLAGE BANK-DANGUI IC DEBIT CARD,CN,local,debit
623516,00-99,HEILONGJIANG RURAL CREDIT COOPERATIVE UNION,CN,local,debit
623517,00-99,XIANGCHENG ZHONGYUANRURAL BANK CO.LTD.,CN,local,debit
623518,00-99,LONGJIANG BANK,CN,local,debit
623519,00-99,RUI XIN COUNTY BANK,CN,local,debit
623520,00-99,,CN,local,debit
623521,00-99,SUZHOU BANK CO. LTD.-GOLD GUI CARD,CN,local,debit
623522,00-99,NINGBO FENGHUA ROMON COUNTY BANK,CN,local,debit
623523,00-99,HANDAN CITY COMMERCIAL BANK-HANDAN BANK VIP IC DEBIT CARD,CN,local,debit
623524,00-99,CUP TOKEN,CN,local,debit
623525,00-99,ZHENGDING HENGSHENG RURAL BANK CO.LTD.,CN,local,debit
623526,00-99,SINO-GERMAN BAUSPARKASSE,CN,local,debit
623527,00-99,ZUNYI HUICHUAN QIANXING VILLAGE BANK,CN,local,debit
623528,00-99,CHINA MINSHENG BANKING CORPORATION LTD.,CN,local,debit
623529,00-99,CUP TOKEN,CN,local,debit
623530,00-99,XIANGHE YIMIN VILLAGE BANK CO.LTD,CN,local,debit
623531,00-99,BANK OF ZHENGZHOU,CN,local,debit
623532,00-99,JIANGSU HONGZE GOLDEN SUNSHINE COUNTY BANK CO.LTD,CN,local,debit
623533,00-99,YANTAI BANK CO.LTD.,CN,local,debit
623534,00-99,PANAN WUSHANG RURAL BANK OF ZHEJIANG CO.LTD,CN,local,debit
623535,00-99,ZHEJIANG TAILONG COMMERCIAL BANK,CN,local,debit
623536,00-99,,CN,local,debit
623537,00-99,NINGBO COMMERCE BANK COMPANY LTD.,CN,local,debit
623538,00-99,ZHEJIANG LONGYOU YISHANG RURAL BANK INC.,CN,local,debit
623539,00-99,YINZHOU BANK(ACQUIRING),CN,local,debit
623540,00-99,ZHEJIANG PROVINCE RURAL CREDIT UNION,CN,local,debit
623541,00-99,LANZHOU BANK,CN,local,debit
623542,00-99,YONGJI CITY SANHE RURAL BANK CO.LTD,CN,local,debit
623543,00-99,SHUI CHENG MENG YIN VILLAGE BANK,CN,local,debit
623544,00-99,,CN,local,debit
623545,00-99,DEPARTMENT OF ZHENNING VILLAGE BANK CO.LTD,CN,local,debit
623546,00-99,HUANGPING ZHENXING VILLAGE BANK,CN,local,debit
623547,00-99,YANGXIN HEHAI RURAL BANK CO.LTD,CN,local,debit
623548,00-99,SHANDONG GAOQING HUIJIN RURAL BANK,CN,local,debit
623549,00-99,ZHECHENG HUANGHUAI COMMUNITY BANK CO.LTD,CN,local,debit
623550,00-99,RUZHOU YUCHUAN COUNTY BANK COMPANY LTD.,CN,local,debit
623551,00-99,WOORI BANK (CHINA) LTD.,CN,local,debit
623552,00-99,SHANGHAI RURAL CREDIT COOPERATIVE UNION,CN,local,debit
623553,00-99,YIYUAN BOSHANG COUNTRY BANK,CN,local,debit
623554,00-99,BANK OF TIANJIN CO. LTD.,CN,local,debit
623555,00-99,NAMYANG COMMERCIAL BANK(CHINA),CN,local,debit
623556,00-99,INN FOR UNIONPAY CARD NETWORK,CN,local,debit
623557,00-99,SICHUAN JIANGYOU HUAXIA RURAL BANK LIMITED COMPANY,CN,local,debit
623558,00-99,ZHEJIANG SONGYANG HENGTONG RURAL BANK,CN,local,debit
623559,00-99,SHANGHAI PUDONG DEVELOPMENT BANK,CN,local,debit
623560,00-99,BANK OF COMMUNICATIONS,CN,local,debit
623561,00-99,BANK OF BEIJING,CN,local,debit
623562,00-99,BANK OF BEIJING,CN,local,debit
623563,00-99,CHINA MERCHANTS BANK,CN,local,debit
623564,00-99,,CN,local,debit
623565,00-99,FUBON BANK,CN,local,debit
623566,00-99,HAMI CITY COMMERCIAL BANK COMPANY LTD.,CN,local,debit
623567,00-99,YUZHOUXINMINSHENGCUNZHENYINHANGGUFENYOUXIANGONGSI,CN,local,debit
623568,00-99,BANK OF JINZHOU,CN,local,debit
623569,00-99,BANK OF CHINA,CN,local,debit
623570,00-99,YAODU RURAL COMMERCIAL BANK,CN,local,debit
623571,00-99,BANK OF CHINA,CN,local,debit
623572,00-99,BANK OF CHINA,CN,local,debit
623573,00-99,BANK OF CHINA,CN,local,debit
623574,00-99,BANK OF TIANJIN CO. LTD.,CN,local,debit
623575,00-99,BANK OF CHINA,CN,local,debit
623576,00-99,JIANGSU JIANGNAN RURAL COMMERCIAL BANK CO.LTD,CN,local,debit
623577,00-99,BANK OF BENXI CO.LTD.,CN,local,debit
623578,00-99,WENZHOU COMMERCIAL BANK,CN,local,debit
623579,00-99,ZHEJIANG YUHUAN YONGXING RURAL BANK,CN,local,debit
623580,00-99,ZHE JIANG SHENG ZHOU RUI FENG RURAL BANK,CN,local,debit
623581,00-99,NING XIA ZHONGNING QINGYIN RURAL BANK QY,CN,local,debit
623582,00-99,BANK OF HEBEI,CN,local,debit
623583,00-99,JIANCHANG RURAL BANK OF XINGCHENG,CN,local,debit
623584,00-99,GUANGRAO LIANGZOU GUOMIN COUNTY BANK,CN,local,debit
623585,00-99,TIELING XINGXING VILLAGE BANK,CN,local,debit
623586,00-99,BANK OF CHINA,CN,local,debit
623587,00-99,WUWEI HUIYIN TOWN BANK CO LTD.,CN,local,debit
623588,00-99,BANK OF DAZHOU CO.LTD.,CN,local,debit
623589,00-99,ZHUZHOU RONGXING RURAL BANK,CN,local,debit
623590,00-99,DIAOBINGSHAN HUIMIN RURAL BANK,CN,local,debit
623591,00-99,,CN,local,debit
623592,00-99,MENGSHANG BANK CO.LTD,CN,local,debit
623593,00-99,SHUNFENG VILLAGE BANK,CN,local,debit
623594,00-99,FEIXIAN LIANGZOU RURAL BANK,CN,local,debit
623595,00-99,GUANGDONG NANYUE BANK CO.LTD,CN,local,debit
623596,00-99,XIXIAN XINTIAN VILLAGE BANK,CN,local,debit
623597,00-99,INN FOR UNIONPAY CARD NETWORK,CN,local,debit
623598,00-99,BANK OF HULUDAO CO.LTD,CN,local,debit
623599,00-99,XINING CITY COMMERCIAL BANK,CN,local,debit
623600,00-99,SICHUAN XW BANK CORP.LTD.,CN,local,debit
623601,00-99,HAMI TIANSHAN RURAL BANK CO.LTD,CN,local,debit
623602,00-99,CN ICBC PEONY MONEY LINK CARD,CN,local,debit
623603,00-99,LIAONING RURAL CREDIT COOPERATIVES,CN,local,debit
623604,00-99,NANJING PUKOUJINGFA RURAL BANK,CN,local,debit
623605,00-99,MULINGFAREASTVILLAGEANDTOWNSHIPBANKCOMPANYLIMITED,CN,local,debit
623606,00-99,ZIGONG ZHONGCHENG RURAL BANK,CN,local,debit
623607,00-99,YONGCHENG QILU COUNTY BANK CO.LTD,CN,local,debit
623608,00-99,BAISE YOUJIANG CHINA RESOURCES VILLAGE BANK-BAISE YOUJIANG CHINA RESOURCES VILLAGE BANK GOLD CARD,CN,local,debit
623609,00-99,XINYIHANYUANCUNZHENYINHANG,CN,local,debit
623610,00-99,XI,CN,local,debit
623611,00-99,GUANGDONG HUAXING BANK,CN,local,debit
623612,00-99,,CN,local,debit
623613,00-99,ZHENGJIANG QUZHOU QUZIANG SHANGYIN VILLAGE BANK,CN,local,debit
623614,00-99,,CN,local,debit
623615,00-99,YUCHENG JIAODONG RURAL BANK CO..LTD,CN,local,debit
623616,00-99,TIANJIN JINCHENG BANK,CN,local,debit
623617,00-99,ZHUANGHE HUITONG VILLAGE BANK,CN,local,debit
623618,00-99,INN FOR UNIONPAY CARD NETWORK,CN,local,debit
623619,00-99,SHUOZHOU HUAIREN HUI RONG VILLAGE BANK LIMITED BY SHARE LTD.,CN,local,debit
623620,00-99,,CN,local,debit
623621,00-99,BANK OF HAINAN CO.LTD,CN,local,debit
623622,00-99,SHRBANK,CN,local,debit
623623,00-99,XIAMEN INTERNATIONAL BANK,CN,local,debit
623624,00-99,LINYI HEDONG QISHANG VILLAGE BANK,CN,local,debit
623625,00-99,BANK OF EAST ASIA(CHINA) LTD.,CN,local,debit
623626,00-99,INN FOR UNIONPAY CARD NETWORK,CN,local,debit
623627,00-99,GUANGDONG HUAXING BANK,CN,local,debit
623628,00-99,SHAANXI QINNONG RURAL COMMERCIAL BANK CO.LTD,CN,local,debit
623629,00-99,,CN,local,debit
623630,00-99,SHINHAN BANK (CHINA) LTD.,CN,local,debit
623631,00-99,MENGSHANG BANK CO.LTD,CN,local,debit
623632,00-99,WENZHOU MINSHANG BANK CO LTD.,CN,local,debit
623633,00-99,WEBANK,CN,local,debit
623634,00-99,LINGAO HUIFENG VILLAGE BANK,CN,local,debit
623635,00-99,SHEXIAN JIAYIN RURAL BANK OF ANHUI CO.LTD,CN,local,debit
623636,00-99,,CN,local,debit
623637,00-99,ANHUIRURALCREDITUNION,CN,local,debit
623638,00-99,JINING RUSHANG RURAL BANK CO.LTD.,CN,local,debit
623639,00-99,SHANDONG ZHIFU QIFENG RURAL BANK,CN,local,debit
623640,00-99,SHENZHEN BAOAN GUIYIN COUNTY BANK,CN,local,debit
623641,00-99,LEDU SANJIANG RURAL BANK,CN,local,debit
623642,00-99,INN FOR UNIONPAY CARD NETWORK,CN,local,debit
623643,00-99,YILLION BANK,CN,local,debit
623644,00-99,CHINA CONSTRUCTION BANK,CN,local,debit
623645,00-99,,CN,local,debit
623646,00-99,YIYANG BLUE OCEAN COMMUNITY BANK,CN,local,debit
623647,00-99,SHANGHAI JIADING HONGDU RURAL BANK,CN,local,debit
623648,00-99,CHINA GUANGFA BANK CO.LTD,CN,local,debit
623649,00-99,TONGXU RONGXIN RURAL BANK CO.LTD,CN,local,debit
623650,00-99,ZHEJIANG WENCHENG BOB RURAL BANK,CN,local,debit
623651,00-99,WUAN RURAL BANK CO.LTD.,CN,local,debit
623652,00-99,ZAOQIANG FENGYUAN COUNTY BANK CO.LTD.,CN,local,debit
623653,00-99,BANK OF HANDAN CO.LTD,CN,local,debit
623654,00-99,JIN TANG HUI JIN RURAL BANK,CN,local,debit
623655,00-99,YILAN HUIXIN RURAL BANK,CN,local,debit
623656,00-99,CHINA CONSTRUCTION BANK,CN,local,debit
623657,00-99,JINING HIGH-TECH COUNTY BANK CO.LTD.,CN,local,debit
623658,00-99,SHANGHAI PUDONG DEVELOPMENT BANK,CN,local,debit
623659,00-99,HARBIN RURAL COMMERCIAL BANK COMPANY LTD.,CN,local,debit
623660,00-99,CENTALINE BANK,CN,local,debit
623661,00-99,E.SUN BANK(CHINA) COMPANYLTD.,CN,local,debit
623662,00-99,INN FOR UNIONPAY CARD NETWORK,CN,local,debit
623663,00-99,XIAMEN CITY COMMERCIAL BANK,CN,local,debit
623664,00-99,HUI SHANG BANK,CN,local,debit
623665,00-99,GUANGDONG HUAXING BANK,CN,local,debit
623666,00-99,,CN,local,debit
623667,00-99,XJBANK,CN,local,debit
623668,00-99,CHINA CONSTRUCTION BANK,CN,local,debit
623669,00-99,CHINA CONSTRUCTION BANK,CN,local,debit
623670,00-99,XINING CITY COMMERCIAL BANK,CN,local,debit
623671,00-99,,CN,local,debit
623672,00-99,PINGCHNAG NOKE RURAL BANK,CN,local,debit
623673,00-99,INN FOR UNIONPAY CARD NETWORK,CN,local,debit
623674,00-99,LIAONING TAIZIHE RURAL BANK CO.LTD.,CN,local,debit
623675,00-99,TONGHE VILLAGE BANK OF DONGGANG,CN,local,debit
623676,00-99,POSTAL SAVING BANK OF CHINA,CN,local,debit
623677,00-99,POSTAL SAVING BANK OF CHINA,CN,local,debit
623678,00-99,SHANDONG LINQU JUFENG VILLAGE BANK-JUFENG CARD,CN,local,debit
623679,00-99,TUMEN DUNYIN VILLAGE BANK,CN,local,debit
623680,00-99,XIUYAN JINYU RURAL BANK,CN,local,debit
623681,00-99,,CN,local,debit
623682,00-99,,CN,local,debit
623683,00-99,CHINA MINSHENG BANK,CN,local,debit
623684,00-99,JIANPING HONGSHAN RURAL BANK CO.LTD.,CN,local,debit
623685,00-99,,CN,local,debit
623686,00-99,POSTAL SAVING BANK OF CHINA,CN,local,debit
623687,00-99,HULUDAO GUOXIN RURAL BANK,CN,local,debit
623688,00-99,GUANGDONG HUAXING BANK-HUAXING JOINT IC CARD,CN,local,debit
623689,00-99,,CN,local,debit
623690,00-99,Industrial And Commercial Bank Of China,CN,unionpay,debit
623691,00-99,,CN,local,debit
623692,00-99,,CN,local,debit
623693,00-99,,CN,local,debit
623694,00-99,GUIAN DEVELOPMENT RURAL BANK,CN,local,debit
623695,00-99,,CN,local,debit
623696,00-99,,CN,local,debit
623697,00-99,,CN,local,debit
623698,00-99,POSTAL SAVINGS BANK OF CHINA,CN,local,debit
623699,00-99,POSTAL SAVINGS BANK OF CHINA,CN,local,debit
623700,00-99,CN ICBC PEONY MONEY LINK CARD,CN,local,debit
623701,00-99,,CN,local,debit
623702,00-99,,CN,local,debit
623703,00-99,,CN,local,debit
623704,00-99,,CN,local,debit
623705,00-99,,CN,local,debit
623706,00-99,,CN,local,debit
623707,00-99,,CN,local,debit
623708,00-99,,CN,local,debit
623709,00-99,,CN,local,debit
623710,00-99,,CN,local,debit
623711,00-99,,CN,local,debit
623712,00-99,,CN,local,debit
623713,00-99,,CN,local,debit
623714,00-99,,CN,local,debit
623715,00-99,,CN,local,debit
623716,00-99,,CN,local,debit
623717,00-99,,CN,local,debit
623718,00-99,,CN,local,debit
623719,00-99,,CN,local,debit
623720,00-99,,CN,local,debit
623721,00-99,,CN,local,debit
623722,00-99,,CN,local,debit
623723,00-99,,CN,local,debit
623724,00-99,,CN,local,debit
623725,00-99,,CN,local,debit
623726,00-99,,CN,local,debit
623727,00-99,,CN,local,debit
623728,00-99,,CN,local,debit
623729,00-99,,CN,local,debit
623730,00-99,,CN,local,debit
623731,00-99,,CN,local,debit
623732,00-99,,CN,local,debit
623733,00-99,,CN,local,debit
623734,00-99,,CN,local,debit
623735,00-99,,CN,local,debit
623736,00-99,,CN,local,debit
623737,00-99,,CN,local,debit
623738,00-99,,CN,local,debit
623739,00-99,,CN,local,debit
623740,00-99,,CN,local,debit
623741,00-99,,CN,local,debit
623742,00-99,,CN,local,debit
623743,00-99,,CN,local,debit
623744,00-99,,CN,local,debit
623745,00-99,,CN,local,debit
623746,00-99,,CN,local,debit
623747,00-99,,CN,local,debit
623748,00-99,,BG,local,debit
623749,00-99,,CN,local,debit
623750,00-99,,CN,local,debit
623751,00-99,,CN,local,debit
623752,00-99,,CN,local,debit
623753,00-99,,CN,local,debit
623754,00-99,,CN,local,debit
623755,00-99,,CN,local,debit
623756,00-99,,CN,local,debit
623757,00-99,,CN,local,debit
623758,00-99,,CN,local,debit
623759,00-99,,CN,local,debit
623760,00-99,,CN,local,debit
623761,00-99,,CN,local,debit
623762,00-99,,CN,local,debit
623763,00-99,,CN,local,debit
623764,00-99,,CN,local,debit
623765,00-99,,CN,local,debit
623766,00-99,,CN,local,debit
623767,00-99,,CN,local,debit
623768,00-99,,CN,local,debit
623769,00-99,,CN,local,debit
623770,00-99,,CN,local,debit
623771,00-99,,CN,local,debit
623772,00-99,,CN,local,debit
623773,00-99,,CN,local,debit
623774,00-99,,CN,local,debit
623775,00-99,,CN,local,debit
623776,00-99,,CN,local,debit
623777,00-99,,CN,local,debit
623778,00-99,,CN,local,debit
623779,00-99,,CN,local,debit
623780,00-99,,CN,local,debit
623781,00-99,,CN,local,debit
623782,00-99,,CN,local,debit
623783,00-99,,CN,local,debit
623784,00-99,,CN,local,debit
623785,00-99,,CN,local,debit
623786,00-99,,CN,local,debit
623787,00-99,,CN,local,debit
623788,00-99,,CN,local,debit
623789,00-99,,CN,local,debit
623790,00-99,,CN,local,debit
623791,00-99,,CN,local,debit
623792,00-99,,CN,local,debit
623793,00-99,,CN,local,debit
623794,00-99,,CN,local,debit
623795,00-99,,CN,local,debit
623796,00-99,,CN,local,debit
623798,00-99,,CN,local,debit
623799,00-99,,CN,local,debit
623800,00-99,,CN,local,debit
623803,00-99,CN ICBC PEONY MONEY LINK CARD,CN,local,debit
623900,00-99,,CN,local,debit
623901,00-99,CN ICBC PEONY MONEY LINK CARD,CN,local,debit
623977,00-99,BANK OF PUNJAB,PK,maestro,debit
624000,00-99,ICBC-PEONY MONEY LINK CARD,CN,local,debit
624001,00-99,,CN,local,debit
624002,00-99,,CN,local,debit
624003,00-99,,CN,local,debit
624004,00-99,,CN,local,debit
624005,00-99,,CN,local,debit
624006,00-99,,CN,local,debit
624007,00-99,,CN,local,debit
624008,00-99,,CN,local,debit
624009,00-99,,CN,local,debit
624010,00-99,,CN,local,debit
624011,00-99,,CN,local,debit
624012,00-99,,CN,local,debit
624013,00-99,,CN,local,debit
624014,00-99,,CN,local,debit
624015,00-99,,CN,local,debit
624016,00-99,,CN,local,debit
624017,00-99,,CN,local,debit
624018,00-99,,CN,local,debit
624019,00-99,,CN,local,debit
624020,00-99,,CN,local,debit
624021,00-99,,CN,local,debit
624022,00-99,,CN,local,debit
624023,00-99,,CN,local,debit
624024,00-99,,CN,local,debit
624025,00-99,,CN,local,debit
624026,00-99,,CN,local,debit
624027,00-99,,CN,local,debit
624028,00-99,,CN,local,debit
624029,00-99,,CN,local,debit
624030,00-99,,CN,local,debit
624031,00-99,,CN,local,debit
624032,00-99,,CN,local,debit
624033,00-99,,CN,local,debit
624034,00-99,,CN,local,debit
624035,00-99,,CN,local,debit
624036,00-99,,CN,local,debit
624037,00-99,,CN,local,debit
624038,00-99,,CN,local,debit
624039,00-99,,CN,local,debit
624040,00-99,,CN,local,debit
624041,00-99,,CN,local,debit
624042,00-99,,CN,local,debit
624043,00-99,,CN,local,debit
624044,00-99,,CN,local,debit
624045,00-99,,CN,local,debit
624046,00-99,,CN,local,debit
624047,00-99,,CN,local,debit
624048,00-99,,CN,local,debit
624049,00-99,,CN,local,debit
624050,00-99,,CN,local,debit
624051,00-99,,CN,local,debit
624052,00-99,,CN,local,debit
624053,00-99,,CN,local,debit
624054,00-99,,CN,local,debit
624055,00-99,,CN,local,debit
624056,00-99,,CN,local,debit
624057,00-99,,CN,local,debit
624058,00-99,,CN,local,debit
624059,00-99,,CN,local,debit
624060,00-99,,CN,local,debit
624061,00-99,,CN,local,debit
624062,00-99,,CN,local,debit
624063,00-99,,CN,local,debit
624064,00-99,,CN,local,debit
624065,00-99,,CN,local,debit
624066,00-99,,CN,local,debit
624067,00-99,,CN,local,debit
624068,00-99,,CN,local,debit
624069,00-99,,CN,local,debit
624070,00-99,,CN,local,debit
624071,00-99,,CN,local,debit
624072,00-99,,CN,local,debit
624073,00-99,,CN,local,debit
624074,00-99,,CN,local,debit
624075,00-99,,CN,local,debit
624076,00-99,,CN,local,debit
624077,00-99,,CN,local,debit
624078,00-99,,CN,local,debit
624079,00-99,,CN,local,debit
624080,00-99,,CN,local,debit
624081,00-99,,CN,local,debit
624082,00-99,,CN,local,debit
624083,00-99,,CN,local,debit
624084,00-99,,CN,local,debit
624085,00-99,,CN,local,debit
624086,00-99,,CN,local,debit
624087,00-99,,CN,local,debit
624088,00-99,,CN,local,debit
624089,00-99,,CN,local,debit
624090,00-99,,CN,local,debit
624091,00-99,,CN,local,debit
624092,00-99,,CN,local,debit
624093,00-99,,CN,local,debit
624094,00-99,,CN,local,debit
624095,00-99,,CN,local,debit
624096,00-99,,CN,local,debit
624097,00-99,,CN,local,debit
624098,00-99,,CN,local,debit
624099,00-99,,CN,local,debit
624100,00-99,ICBC-PEONY MONEY LINK CARD,CN,local,debit
624101,00-99,,CN,local,debit
624102,00-99,,CN,local,debit
624103,00-99,,CN,local,debit
624104,00-99,,CN,local,debit
624105,00-99,,CN,local,debit
624106,00-99,,CN,local,debit
624107,00-99,,CN,local,debit
624108,00-99,,CN,local,debit
624109,00-99,,CN,local,debit
624110,00-99,,CN,local,debit
624111,00-99,,CN,local,debit
624112,00-99,,CN,local,debit
624113,00-99,,CN,local,debit
624114,00-99,,CN,local,debit
624115,00-99,,CN,local,debit
624116,00-99,,CN,local,debit
624117,00-99,,CN,local,debit
624118,00-99,,CN,local,debit
624119,00-99,,CN,local,debit
624120,00-99,,CN,local,debit
624121,00-99,,CN,local,debit
624122,00-99,,CN,local,debit
624123,00-99,,CN,local,debit
624124,00-99,,CN,local,debit
624125,00-99,,CN,local,debit
624126,00-99,,CN,local,debit
624127,00-99,,CN,local,debit
624128,00-99,,CN,local,debit
624129,00-99,,CN,local,debit
624130,00-99,,CN,local,debit
624131,00-99,,CN,local,debit
624132,00-99,,CN,local,debit
624133,00-99,,CN,local,debit
624134,00-99,,CN,local,debit
624135,00-99,,CN,local,debit
624136,00-99,,CN,local,debit
624137,00-99,,CN,local,debit
624138,00-99,,CN,local,debit
624139,00-99,,CN,local,debit
624140,00-99,,CN,local,debit
624141,00-99,,CN,local,debit
624142,00-99,,CN,local,debit
624143,00-99,,CN,local,debit
624144,00-99,,CN,local,debit
624145,00-99,,CN,local,debit
624146,00-99,,CN,local,debit
624147,00-99,,CN,local,debit
624148,00-99,,CN,local,debit
624149,00-99,,CN,local,debit
624150,00-99,,CN,local,debit
624151,00-99,,CN,local,debit
624152,00-99,,CN,local,debit
624153,00-99,,CN,local,debit
624154,00-99,,CN,local,debit
624155,00-99,,CN,local,debit
624156,00-99,,CN,local,debit
624157,00-99,,CN,local,debit
624158,00-99,,CN,local,debit
624159,00-99,,CN,local,debit
624160,00-99,,CN,local,debit
624161,00-99,,CN,local,debit
624162,00-99,,CN,local,debit
624163,00-99,,CN,local,debit
624164,00-99,,CN,local,debit
624165,00-99,,CN,local,debit
624166,00-99,,CN,local,debit
624167,00-99,,CN,local,debit
624168,00-99,,CN,local,debit
624169,00-99,,CN,local,debit
624170,00-99,,CN,local,debit
624171,00-99,,CN,local,debit
624172,00-99,,CN,local,debit
624173,00-99,,CN,local,debit
624174,00-99,,CN,local,debit
624175,00-99,,CN,local,debit
624176,00-99,,CN,local,debit
624177,00-99,,CN,local,debit
624178,00-99,,CN,local,debit
624179,00-99,,CN,local,debit
624180,00-99,,CN,local,debit
624181,00-99,,CN,local,debit
624182,00-99,,CN,local,debit
624183,00-99,,CN,local,debit
624184,00-99,,CN,local,debit
624185,00-99,,CN,local,debit
624186,00-99,,CN,local,debit
624187,00-99,,CN,local,debit
624188,00-99,,CN,local,debit
624189,00-99,,CN,local,debit
624190,00-99,,CN,local,debit
624191,00-99,,CN,local,debit
624192,00-99,,CN,local,debit
624193,00-99,,CN,local,debit
624194,00-99,,CN,local,debit
624195,00-99,,CN,local,debit
624196,00-99,,CN,local,debit
624197,00-99,,CN,local,debit
624198,00-99,,CN,local,debit
624199,00-99,,CN,local,debit
624200,00-99,ICBC-PEONY MONEY LINK CARD,CN,local,debit
624201,00-99,,CN,local,debit
624202,00-99,,CN,local,debit
624203,00-99,,CN,local,debit
624204,00-99,,CN,local,debit
624205,00-99,,CN,local,debit
624206,00-99,,CN,local,debit
624207,00-99,,US,local,debit
624208,00-99,,US,local,debit
624209,00-99,,CN,local,debit
624210,00-99,,CN,local,debit
624211,00-99,,CN,local,debit
624212,00-99,,CN,local,debit
624213,00-99,,CN,local,debit
624214,00-99,,CN,local,debit
624215,00-99,,CN,local,debit
624216,00-99,,CN,local,debit
624217,00-99,,CN,local,debit
624218,00-99,,CN,local,debit
624219,00-99,,CN,local,debit
624220,00-99,,CN,local,debit
624221,00-99,,CN,local,debit
624222,00-99,,CN,local,debit
624223,00-99,,CN,local,debit
624224,00-99,,CN,local,debit
624225,00-99,,CN,local,debit
624226,00-99,,CN,local,debit
624227,00-99,,CN,local,debit
624228,00-99,,CN,local,debit
624229,00-99,,CN,local,debit
624230,00-99,,CN,local,debit
624231,00-99,,CN,local,debit
624232,00-99,,CN,local,debit
624233,00-99,,CN,local,debit
624234,00-99,,CN,local,debit
624235,00-99,,CN,local,debit
624236,00-99,,CN,local,debit
624237,00-99,,CN,local,debit
624238,00-99,,CN,local,debit
624239,00-99,,CN,local,debit
624240,00-99,,CN,local,debit
624241,00-99,,CN,local,debit
624242,00-99,,CN,local,debit
624243,00-99,,CN,local,debit
624244,00-99,,CN,local,debit
624245,00-99,,CN,local,debit
624246,00-99,,CN,local,debit
624247,00-99,,CN,local,debit
624248,00-99,,CN,local,debit
624249,00-99,,CN,local,debit
624250,00-99,,CN,local,debit
624251,00-99,,CN,local,debit
624252,00-99,,CN,local,debit
624253,00-99,,CN,local,debit
624254,00-99,,CN,local,debit
624255,00-99,,CN,local,debit
624256,00-99,,CN,local,debit
624257,00-99,,CN,local,debit
624258,00-99,,CN,local,debit
624259,00-99,,CN,local,debit
624260,00-99,,CN,local,debit
624261,00-99,,CN,local,debit
624262,00-99,,CN,local,debit
624263,00-99,,CN,local,debit
624264,00-99,,CN,local,debit
624265,00-99,,CN,local,debit
624266,00-99,,CN,local,debit
624267,00-99,,CN,local,debit
624268,00-99,,CN,local,debit
624269,00-99,,CN,local,debit
624270,00-99,,CN,local,debit
624271,00-99,,CN,local,debit
624272,00-99,,CN,local,debit
624273,00-99,,CN,local,debit
624274,00-99,,CN,local,debit
624275,00-99,,CN,local,debit
624276,00-99,,CN,local,debit
624277,00-99,,CN,local,debit
624278,00-99,,CN,local,debit
624279,00-99,,CN,local,debit
624280,00-99,,CN,local,debit
624281,00-99,,CN,local,debit
624282,00-99,,CN,local,debit
624283,00-99,,CN,local,debit
624284,00-99,,CN,local,debit
624285,00-99,,CN,local,debit
624286,00-99,,CN,local,debit
624287,00-99,,CN,local,debit
624288,00-99,,CN,local,debit
624289,00-99,,CN,local,debit
624290,00-99,,CN,local,debit
624291,00-99,,CN,local,debit
624292,00-99,,CN,local,debit
624293,00-99,,CN,local,debit
624294,00-99,,CN,local,debit
624295,00-99,,CN,local,debit
624296,00-99,,CN,local,debit
624297,00-99,,CN,local,debit
624298,00-99,,CN,local,debit
624299,00-99,,CN,local,debit
624300,00-99,OCBC WING HANG BANK LTD.,MO,local,credit
624301,00-99,ICBC-PEONY MONEY LINK CARD,CN,local,debit
624302,00-99,OCBC WING HANG BANK LTD.,MO,local,credit
624303,00-99,CITIC KA WAH BANK CO. LTD.,HK,local,credit
624304,00-99,,CN,local,debit
624305,00-99,INN FOR UNIONPAY CARD NETWORK,CN,local,credit
624306,00-99,CIM FINANCE LTD.,MU,local,credit
624307,00-99,,CN,local,debit
624308,00-99,OCBC WING HANG BANK LTD.,MO,local,credit
624309,00-99,OCBC WING HANG BANK LTD.,MO,local,credit
624310,00-99,,HK,local,credit
624311,00-99,,CN,local,debit
624312,00-99,,CN,local,debit
624313,00-99,LOTTE CARD CO. LTD.,KR,local,credit
624314,00-99,,KR,local,credit
624315,00-99,,CN,local,debit
624316,00-99,,CN,local,debit
624317,00-99,,CN,local,debit
624318,00-99,ICBC INTERNATIONAL HANOI BRANCH,VN,local,credit
624319,00-99,INN FOR UNIONPAY CARD NETWORK,US,local,credit
624320,00-99,NONGHYUP BANK,KR,local,credit
624321,00-99,NONGHYUP BANK,KR,local,credit
624322,00-99,CIM FINANCE LTD.,MU,local,credit
624323,00-99,JSC ATFBANK,KZ,local,credit
624324,00-99,NONGHYUP BANK,KR,local,credit
624325,00-99,NONGHYUP BANK,KR,local,credit
624326,00-99,,MO,local,credit
624327,00-99,,CN,local,debit
624328,00-99,,CN,local,debit
624329,00-99,CCB(ASIA),HK,local,credit
624330,00-99,WANTAI COMMERCIAL BANK CO. LTD.,CN,local,debit
624331,00-99,SHINHAN CARD CO. LTD.,KR,local,credit
624332,00-99,SHINHAN CARD CO. LTD.,KR,local,credit
624333,00-99,LOTTE CARD CO. LTD.,KR,local,credit
624334,00-99,WOORICARDS CO. LTD.,KR,local,credit
624335,00-99,NH CARD,KR,local,credit
624336,00-99,BC CARD CO. LTD.,KR,local,credit
624337,00-99,CHONG HING BANK LTD.,HK,local,credit
624338,00-99,CAMBODIA MEKONGBANK PUBLIC LTD.,KH,local,credit
624339,00-99,SHINHAN CARD CO. LTD.,KR,local,credit
624340,00-99,SHINHAN CARD CO. LTD.,KR,local,credit
624341,00-99,NATIONAL SAVINGS BANK OF KAZAKHSTAN,KZ,local,credit
624342,00-99,MTS BANK,RU,local,credit
624343,00-99,BC CARD CO. LTD.,KR,local,credit
624344,00-99,BC CARD CO. LTD.,KR,local,credit
624345,00-99,BC CARD CO. LTD.,KR,local,credit
624346,00-99,BC CARD CO. LTD.,KR,local,credit
624347,00-99,BC CARD CO. LTD.,KR,local,credit
624348,00-99,SHINHAN CARD CO. LTD.,KR,local,credit
624349,00-99,NONGHYUP BANK,KR,local,credit
624350,00-99,NONGHYUP BANK,KR,local,credit
624351,00-99,CAMBODIA MEKONGBANK PUBLIC LTD.,KH,local,credit
624352,00-99,BANQUE POUR LE COMMERCE EXTERIEUR LAO PUBLIC,LA,local,credit
624353,00-99,BANQUE POUR LE COMMERCE EXTERIEUR LAO PUBLIC,LA,local,credit
624354,00-99,BANQUE POUR LE COMMERCE EXTERIEUR LAO PUBLIC,LA,local,credit
624355,00-99,GLOBAL BANK OF COMMERCE,AG,local,credit
624356,00-99,GLOBAL BANK OF COMMERCE,AG,local,credit
624357,00-99,BANCORP,US,local,credit
624358,00-99,KB KOOKMIN CARD CO. LTD,KR,local,credit
624359,00-99,NH CARD,KR,local,credit
624360,00-99,NH CARD,KR,local,credit
624361,00-99,BC CARD CO. LTD.,KR,local,credit
624362,00-99,NONGHYUP BANK,KR,local,credit
624363,00-99,NONGHYUP BANK,KR,local,credit
624364,00-99,METABANK,US,local,credit
624365,00-99,GAZPROMBANK(OPEN JOINT-STOCK COMPANY),RU,local,credit
624366,00-99,TRADE DEVELOPMENT BANK OF MONGOLIA,MN,local,credit
624367,00-99,COOPERATIVE & AGRICULTURAL CREDIT BANK,YE,local,credit
624368,00-99,HYUNDAICARD CO. LTD.,KR,local,credit
624369,00-99,,CN,local,debit
624370,00-99,KB KOOKMIN CARD CO. LTD,KR,local,credit
624371,00-99,BANCO NACIONAL ULTRAMARINO,MO,local,credit
624372,00-99,BANCO NACIONAL ULTRAMARINO,MO,local,credit
624373,00-99,BC CARD CO. LTD.,KR,local,credit
624374,00-99,BC CARD CO. LTD.,KR,local,credit
624375,00-99,BC CARD CO. LTD.,KR,local,credit
624376,00-99,HYUNDAICARD CO. LTD.,KR,local,credit
624377,00-99,HYUNDAICARD CO. LTD.,KR,local,credit
624378,00-99,HYUNDAICARD CO. LTD.,KR,local,credit
624379,00-99,DAEGU BANK,KR,local,credit
624380,00-99,BC CARD CO. LTD.,KR,local,credit
624381,00-99,BC CARD CO. LTD.,KR,local,credit
624382,00-99,BC CARD CO. LTD.,KR,local,credit
624383,00-99,BC CARD CO. LTD.,KR,local,credit
624384,00-99,IBK,KR,local,credit
624385,00-99,NATIONAL BANK OF PAKISTAN,PK,local,credit
624386,00-99,NATIONAL BANK OF PAKISTAN,PK,local,credit
624387,00-99,NONGHYUP BANK,KR,local,credit
624388,00-99,NONGHYUP BANK,KR,local,credit
624389,00-99,BC CARD,KR,local,credit
624390,00-99,CREDIT URAL BANK,RU,local,credit
624391,00-99,DBS BANK LTD.,SG,local,credit
624392,00-99,INTERNATIONAL CARDS COMPANY JORDAN,JO,local,credit
624393,00-99,INTERNATIONAL CARDS COMPANY JORDAN,JO,local,credit
624394,00-99,INTERNATIONAL CARDS COMPANY JORDAN,JO,local,credit
624395,00-99,INTERNATIONAL CARDS COMPANY JORDAN,JO,local,credit
624396,00-99,INTERNATIONAL CARDS COMPANY JORDAN,JO,local,credit
624397,00-99,,RU,local,credit
624398,00-99,BANCO NACIONAL ULTRAMARINO,MO,local,credit
624399,00-99,SAMSUNG CARD CO. LTD.,KR,local,credit
624400,00-99,SAMSUNG CARD CO. LTD.,KR,local,credit
624401,00-99,SAMSUNG CARD CO. LTD.,KR,local,credit
624402,00-99,ICBC-PEONY MONEY LINK CARD,CN,local,debit
624403,00-99,SAMSUNG,KR,local,credit
624404,00-99,BC CARD CO. LTD.,KR,local,credit
624405,00-99,BANK OF CHINA (SINGAPORE),SG,local,credit
624406,00-99,NONGHYUP,KR,local,credit
624407,00-99,LUSO INTERNATIONAL BANKING LTD.,MO,local,credit
624408,00-99,LUSO INTERNATIONAL BANKING LTD.,MO,local,credit
624409,00-99,JOINT-STOCK COMMERCIAL BANK,RU,local,credit
624410,00-99,SAMSUNG CARD CO. LTD.,KR,local,credit
624411,00-99,SAMSUNG CARD CO. LTD.,KR,local,credit
624412,00-99,CHINA CONSTRUCTION BANK CORPORATION MACAU BRANCH,MO,local,credit
624413,00-99,SAMSUNG CARD CO. LTD,KR,local,credit
624414,00-99,POST OFFICE,KR,local,credit
624415,00-99,INN FOR UNIONPAY CARD NETWORK,KE,local,credit
624416,00-99,FINANCIERA CUALLIX,MX,local,credit
624417,00-99,INN FOR UNIONPAY CARD NETWORK,CG,local,credit
624418,00-99,CREDIMAX B.S.C,BH,local,credit
624419,00-99,CB BANK PCL,MM,local,credit
624420,00-99,BC CARD CO. LTD.,KR,local,credit
624421,00-99,,CN,local,debit
624422,00-99,ICBC USA,US,local,credit
624423,00-99,CAMBODIA ASIA BANK,KH,local,credit
624424,00-99,BC CARD CO. LTD.,KR,local,credit
624425,00-99,CAMBODIA ASIA BANK,KH,local,credit
624426,00-99,INN FOR UNIONPAY CARD NETWORK,KH,local,credit
624427,00-99,WOORICARDS CO. LTD.,KR,local,credit
624428,00-99,JSC BASISBANK,GE,local,credit
624429,00-99,JSC BASISBANK,GE,local,credit
624430,00-99,AYEYARWADY BANK LTD.,MM,local,credit
624431,00-99,MYANMAR ORIENTAL BANK LTD.,MM,local,credit
624432,00-99,SHINHAN CARD CO. LTD.,KR,local,credit
624433,00-99,,KW,local,credit
624434,00-99,KB KOOKMIN CARD CO. LTD,KR,local,credit
624435,00-99,KEB HANA CARD CO. LTD.,KR,local,credit
624436,00-99,ONE,KR,local,credit
624437,00-99,BC CARD CO. LTD.,KR,local,credit
624438,00-99,METABANK,US,local,credit
624439,00-99,,CN,local,debit
624440,00-99,SAMSUNG CARD CO. LTD.,KR,local,credit
624441,00-99,SAMSUNG CARD CO. LTD.,KR,local,credit
624442,00-99,SAMSUNG CARD CO. LTD.,KR,local,credit
624443,00-99,SAMSUNG CARD CO. LTD.,KR,local,credit
624444,00-99,SAMSUNG CARD CO. LTD.,KR,local,credit
624445,00-99,KANBAWZA BANK LTD.,MM,local,credit
624446,00-99,BC CARD CO. LTD.,KR,local,credit
624447,00-99,,CN,local,debit
624448,00-99,IBK INDUSTRIAL BANK,KR,local,credit
624449,00-99,NONGHYUP BANK,KR,local,credit
624450,00-99,NONGHYUP BANK,KR,local,credit
624451,00-99,NONGHYUP BANK,KR,local,credit
624452,00-99,NONGHYUP BANK,KR,local,credit
624453,00-99,TRADE DEVELOPMENT BANK OF MONGOLIA,MN,local,credit
624454,00-99,KHAN BANK OF MONGOLIA,MN,local,credit
624455,00-99,BANK OF CHINA (MALAYSIA) BERHAD,MY,local,credit
624456,00-99,,CN,local,debit
624457,00-99,JSC KAZKOMMERTSBANK,KZ,local,debit
624458,00-99,CCB(ASIA),HK,local,credit
624459,00-99,CAMBODIA ASIA BANK,KH,local,credit
624460,00-99,,CN,local,debit
624461,00-99,,CN,local,debit
624462,00-99,KB KOOKMIN CARD CO. LTD,KR,local,credit
624463,00-99,INN FOR UNIONPAY CARD NETWORK,NG,local,credit
624464,00-99,,CN,local,debit
624465,00-99,BANK CENTERCREDIT,KZ,local,credit
624466,00-99,,SG,local,credit
624467,00-99,INN FOR UNIONPAY CARD NETWORK,NG,local,credit
624468,00-99,HKT PAYMENT LTD.,HK,local,credit
624469,00-99,UAB BANK LTD.,MM,local,credit
624470,00-99,BANK ESKHATA,TJ,local,credit
624471,00-99,WOORICARDS CO. LTD.,KR,local,credit
624472,00-99,BOC CREDIT CARD (INTERNATIONAL) LTD.,HK,local,credit
624473,00-99,,CN,local,debit
624474,00-99,BOC CREDIT (INTERNATIONAL) LTD.,MO,local,credit
624475,00-99,,CN,local,debit
624476,00-99,THE OPEN JOINT STOCK COMPANY KEREMET BANK,KG,local,credit
624477,00-99,INN FOR UNIONPAY CARD NETWORK,HK,local,credit
624478,00-99,PRIMECREDIT LTD.,HK,local,credit
624479,00-99,SHINHAN CARD CO. LTD.,KR,local,credit
624480,00-99,SHINHAN CARD CO. LTD.,KR,local,credit
624481,00-99,33 FINANCIAL SERVICES LTD.,HK,local,credit
624482,00-99,BC CARD CO. LTD.,KR,local,credit
624483,00-99,BOC CREDIT CARD (INTERNATIONAL) LTD.,HK,local,credit
624484,00-99,,CN,local,debit
624485,00-99,BANK OF CHINA LIMITEDMACAU BRANCH,MO,local,credit
624486,00-99,,CN,local,debit
624487,00-99,,CN,local,debit
624488,00-99,33 FINANCIAL SERVICES LTD.,HK,local,credit
624489,00-99,AEON CREDIT SERVICE (ASIA) CO. LTD.,HK,local,credit
624490,00-99,ACLEDA BANK PLC,KH,local,credit
624491,00-99,DISCOVER BANK,CN,local,credit
624492,00-99,,CN,local,debit
624493,00-99,,CN,local,debit
624494,00-99,ACLEDA BANK PLC.,KH,local,credit
624495,00-99,HALYK SAVINGS BANK OF KAZAKHSTAN,KZ,local,credit
624496,00-99,GTB,MM,local,credit
624497,00-99,BPS-SBERBANK,BY,local,credit
624498,00-99,,CN,local,debit
624499,00-99,,CN,local,debit
624500,00-99,,CN,local,debit
624501,00-99,,CN,local,debit
624502,00-99,,CN,local,debit
624503,00-99,,CN,local,debit
624504,00-99,,CN,local,debit
624505,00-99,,CN,local,debit
624506,00-99,,CN,local,debit
624507,00-99,,CN,local,debit
624508,00-99,,CN,local,debit
624509,00-99,,CN,local,debit
624510,00-99,,CN,local,debit
624511,00-99,,CN,local,debit
624512,00-99,,CN,local,debit
624513,00-99,,CN,local,debit
624514,00-99,,CN,local,debit
624515,00-99,,CN,local,debit
624516,00-99,,CN,local,debit
624517,00-99,,CN,local,debit
624518,00-99,ICBC-PEONY CREDIT CARD,CN,local,credit
624519,00-99,,CN,local,debit
624520,00-99,,CN,local,debit
624521,00-99,,CN,local,debit
624522,00-99,,CN,local,debit
624523,00-99,,CN,local,debit
624524,00-99,,CN,local,debit
624525,00-99,,CN,local,debit
624526,00-99,,CN,local,debit
624527,00-99,,CN,local,debit
624528,00-99,,CN,local,debit
624529,00-99,,CN,local,debit
624530,00-99,,CN,local,debit
624531,00-99,,CN,local,debit
624532,00-99,,CN,local,debit
624533,00-99,,CN,local,debit
624534,00-99,,CN,local,debit
624535,00-99,,CN,local,debit
624536,00-99,,CN,local,debit
624537,00-99,,CN,local,debit
624538,00-99,,CN,local,debit
624539,00-99,,CN,local,debit
624540,00-99,,CN,local,debit
624541,00-99,,CN,local,debit
624542,00-99,,CN,local,debit
624543,00-99,,CN,local,debit
624544,00-99,,CN,local,debit
624545,00-99,,CN,local,debit
624546,00-99,,CN,local,debit
624547,00-99,,CN,local,debit
624548,00-99,,CN,local,debit
624549,00-99,,CN,local,debit
624550,00-99,,CN,local,debit
624551,00-99,,CN,local,debit
624552,00-99,,CN,local,debit
624553,00-99,,CN,local,debit
624554,00-99,,CN,local,debit
624555,00-99,,CN,local,debit
624556,00-99,,CN,local,debit
624557,00-99,,CN,local,debit
624558,00-99,,CN,local,debit
624559,00-99,,CN,local,debit
624560,00-99,,CN,local,debit
624561,00-99,,CN,local,debit
624562,00-99,,CN,local,debit
624563,00-99,,CN,local,debit
624564,00-99,,CN,local,debit
624565,00-99,,CN,local,debit
624566,00-99,,CN,local,debit
624567,00-99,,CN,local,debit
624568,00-99,,CN,local,debit
624569,00-99,,CN,local,debit
624570,00-99,,CN,local,debit
624571,00-99,,CN,local,debit
624572,00-99,,CN,local,debit
624573,00-99,,CN,local,debit
624574,00-99,,CN,local,debit
624575,00-99,,CN,local,debit
624576,00-99,,CN,local,debit
624577,00-99,,CN,local,debit
624578,00-99,,CN,local,debit
624579,00-99,,CN,local,debit
624580,00-99,ICBC-PEONY CREDIT CARD,CN,local,credit
624581,00-99,,CN,local,debit
624582,00-99,,CN,local,debit
624583,00-99,,CN,local,debit
624584,00-99,,CN,local,debit
624585,00-99,,CN,local,debit
624586,00-99,,CN,local,debit
624587,00-99,,CN,local,debit
624588,00-99,,CN,local,debit
624589,00-99,,CN,local,debit
624590,00-99,,CN,local,debit
624591,00-99,,CN,local,debit
624592,00-99,,CN,local,debit
624593,00-99,,CN,local,debit
624594,00-99,,CN,local,debit
624595,00-99,,CN,local,debit
624596,00-99,,CN,local,debit
624597,00-99,,CN,local,debit
624598,00-99,,CN,local,debit
624599,00-99,,CN,local,debit
624600,00-99,,CN,local,debit
624601,00-99,,CN,local,debit
624602,00-99,,CN,local,debit
624603,00-99,,CN,local,debit
624604,00-99,,CN,local,debit
624605,00-99,,CN,local,debit
624606,00-99,,CN,local,debit
624607,00-99,,CN,local,debit
624608,00-99,,CN,local,debit
624609,00-99,,CN,local,debit
624610,00-99,,CN,local,debit
624611,00-99,,CN,local,debit
624612,00-99,,CN,local,debit
624613,00-99,,CN,local,debit
624614,00-99,,CN,local,debit
624615,00-99,,CN,local,debit
624616,00-99,,CN,local,debit
624617,00-99,,CN,local,debit
624618,00-99,,CN,local,debit
624619,00-99,,CN,local,debit
624620,00-99,,CN,local,debit
624621,00-99,,CN,local,debit
624622,00-99,,CN,local,debit
624623,00-99,,CN,local,debit
624624,00-99,INN FOR UNIONPAY CARD NETWORK,CN,local,credit
624625,00-99,,CN,local,debit
624626,00-99,,CN,local,debit
624627,00-99,,CN,local,debit
624628,00-99,,CN,local,debit
624629,00-99,,CN,local,debit
624630,00-99,,CN,local,debit
624631,00-99,,CN,local,debit
624632,00-99,,CN,local,debit
624633,00-99,,CN,local,debit
624634,00-99,,CN,local,debit
624635,00-99,,CN,local,debit
624636,00-99,,CN,local,debit
624637,00-99,,CN,local,debit
624638,00-99,,CN,local,debit
624639,00-99,,CN,local,debit
624640,00-99,,CN,local,debit
624641,00-99,,CN,local,debit
624642,00-99,,CN,local,debit
624643,00-99,,CN,local,debit
624644,00-99,,CN,local,debit
624645,00-99,,CN,local,debit
624646,00-99,,CN,local,debit
624647,00-99,,CN,local,debit
624648,00-99,,CN,local,debit
624649,00-99,,CN,local,debit
624650,00-99,,CN,local,debit
624651,00-99,,CN,local,debit
624652,00-99,,CN,local,debit
624653,00-99,,CN,local,debit
624654,00-99,,CN,local,debit
624655,00-99,,CN,local,debit
624656,00-99,,CN,local,debit
624657,00-99,,CN,local,debit
624658,00-99,,CN,local,debit
624659,00-99,,CN,local,debit
624660,00-99,,CN,local,debit
624661,00-99,,CN,local,debit
624662,00-99,,CN,local,debit
624663,00-99,,CN,local,debit
624664,00-99,,CN,local,debit
624665,00-99,,CN,local,debit
624666,00-99,,CN,local,debit
624667,00-99,,CN,local,debit
624668,00-99,,CN,local,debit
624669,00-99,,CN,local,debit
624670,00-99,,CN,local,debit
624671,00-99,,CN,local,debit
624672,00-99,,CN,local,debit
624673,00-99,,CN,local,debit
624674,00-99,,CN,local,debit
624675,00-99,,CN,local,debit
624676,00-99,,CN,local,debit
624677,00-99,,CN,local,debit
624678,00-99,,CN,local,debit
624679,00-99,,CN,local,debit
624680,00-99,,CN,local,debit
624681,00-99,,CN,local,debit
624682,00-99,,CN,local,debit
624683,00-99,,CN,local,debit
624684,00-99,,CN,local,debit
624685,00-99,,CN,local,debit
624686,00-99,,CN,local,debit
624687,00-99,,CN,local,debit
624688,00-99,,CN,local,debit
624689,00-99,,CN,local,debit
624690,00-99,,CN,local,debit
624691,00-99,,CN,local,debit
624692,00-99,,CN,local,debit
624693,00-99,,CN,local,debit
624694,00-99,,CN,local,debit
624695,00-99,,CN,local,debit
624696,00-99,,CN,local,debit
624697,00-99,,CN,local,debit
624698,00-99,,CN,local,debit
624699,00-99,,CN,local,debit
624700,00-99,,CN,local,debit
624701,00-99,,CN,local,debit
624702,00-99,,CN,local,debit
624703,00-99,,CN,local,debit
624704,00-99,,CN,local,debit
624705,00-99,,CN,local,debit
624706,00-99,,CN,local,debit
624707,00-99,,CN,local,debit
624708,00-99,,CN,local,debit
624709,00-99,,CN,local,debit
624710,00-99,,CN,local,debit
624711,00-99,,CN,local,debit
624712,00-99,,CN,local,debit
624713,00-99,,CN,local,debit
624714,00-99,,CN,local,debit
624715,00-99,,CN,local,debit
624716,00-99,,CN,local,debit
624717,00-99,,CN,local,debit
624718,00-99,,CN,local,debit
624719,00-99,,CN,local,debit
624720,00-99,,CN,local,debit
624721,00-99,,CN,local,debit
624722,00-99,,CN,local,debit
624723,00-99,,CN,local,debit
624724,00-99,,CN,local,debit
624725,00-99,,CN,local,debit
624726,00-99,,CN,local,debit
624727,00-99,,CN,local,debit
624728,00-99,,CN,local,debit
624729,00-99,,CN,local,debit
624730,00-99,,CN,local,debit
624731,00-99,,CN,local,debit
624732,00-99,,CN,local,debit
624733,00-99,,CN,local,debit
624734,00-99,,CN,local,debit
624735,00-99,,CN,local,debit
624736,00-99,,CN,local,debit
624737,00-99,,CN,local,debit
624738,00-99,,CN,local,debit
624739,00-99,,CN,local,debit
624740,00-99,,CN,local,debit
624741,00-99,,CN,local,debit
624742,00-99,,CN,local,debit
624743,00-99,,CN,local,debit
624744,00-99,,CN,local,debit
624745,00-99,,CN,local,debit
624746,00-99,,CN,local,debit
624747,00-99,,CN,local,debit
624748,00-99,,CN,local,debit
624749,00-99,,CN,local,debit
624750,00-99,,CN,local,debit
624751,00-99,,CN,local,debit
624752,00-99,,CN,local,debit
624753,00-99,,CN,local,debit
624754,00-99,,CN,local,debit
624755,00-99,,CN,local,debit
624756,00-99,,CN,local,debit
624757,00-99,,CN,local,debit
624758,00-99,,CN,local,debit
624759,00-99,,CN,local,debit
624760,00-99,,CN,local,debit
624761,00-99,,CN,local,debit
624762,00-99,,CN,local,debit
624763,00-99,,CN,local,debit
624764,00-99,,CN,local,debit
624765,00-99,,CN,local,debit
624766,00-99,,CN,local,debit
624767,00-99,,CN,local,debit
624768,00-99,,CN,local,debit
624769,00-99,,CN,local,debit
624770,00-99,,CN,local,debit
624771,00-99,,CN,local,debit
624772,00-99,,CN,local,debit
624773,00-99,,CN,local,debit
624774,00-99,,CN,local,debit
624775,00-99,,CN,local,debit
624776,00-99,,CN,local,debit
624777,00-99,,CN,local,debit
624778,00-99,,CN,local,debit
624779,00-99,,CN,local,debit
624780,00-99,,CN,local,debit
624781,00-99,,CN,local,debit
624782,00-99,,CN,local,debit
624783,00-99,,CN,local,debit
624784,00-99,,CN,local,debit
624785,00-99,,CN,local,debit
624786,00-99,,CN,local,debit
624787,00-99,,CN,local,debit
624788,00-99,,CN,local,debit
624789,00-99,,CN,local,debit
624790,00-99,,CN,local,debit
624791,00-99,,CN,local,debit
624792,00-99,,CN,local,debit
624793,00-99,,CN,local,debit
624794,00-99,,CN,local,debit
624795,00-99,,CN,local,debit
624796,00-99,,CN,local,debit
624797,00-99,,CN,local,debit
624798,00-99,,CN,local,debit
624799,00-99,,CN,local,debit
624800,00-99,,CN,local,debit
624801,00-99,,CN,local,debit
624802,00-99,,CN,local,debit
624803,00-99,,CN,local,debit
624804,00-99,,CN,local,debit
624805,00-99,,CN,local,debit
624806,00-99,,CN,local,debit
624807,00-99,,CN,local,debit
624808,00-99,,CN,local,debit
624809,00-99,,CN,local,debit
624810,00-99,,CN,local,debit
624811,00-99,,CN,local,debit
624812,00-99,,CN,local,debit
624813,00-99,,CN,local,debit
624814,00-99,,CN,local,debit
624815,00-99,,CN,local,debit
624816,00-99,,CN,local,debit
624817,00-99,,CN,local,debit
624818,00-99,,CN,local,debit
624819,00-99,,CN,local,debit
624820,00-99,,CN,local,debit
624821,00-99,,CN,local,debit
624822,00-99,,CN,local,debit
624823,00-99,,CN,local,debit
624824,00-99,,CN,local,debit
624825,00-99,,CN,local,debit
624826,00-99,,CN,local,debit
624827,00-99,,CN,local,debit
624828,00-99,,CN,local,debit
624829,00-99,,CN,local,debit
624830,00-99,,CN,local,debit
624831,00-99,,CN,local,debit
624832,00-99,,CN,local,debit
624833,00-99,,CN,local,debit
624834,00-99,,CN,local,debit
624835,00-99,,CN,local,debit
624836,00-99,,CN,local,debit
624837,00-99,,CN,local,debit
624838,00-99,,CN,local,debit
624839,00-99,,CN,local,debit
624840,00-99,,CN,local,debit
624841,00-99,,CN,local,debit
624842,00-99,,CN,local,debit
624843,00-99,,CN,local,debit
624844,00-99,,CN,local,debit
624845,00-99,,CN,local,debit
624846,00-99,,CN,local,debit
624847,00-99,,CN,local,debit
624848,00-99,,CN,local,debit
624849,00-99,,CN,local,debit
624850,00-99,,CN,local,debit
624851,00-99,,CN,local,debit
624852,00-99,,CN,local,debit
624853,00-99,,CN,local,debit
624854,00-99,,CN,local,debit
624855,00-99,,CN,local,debit
624856,00-99,,CN,local,debit
624857,00-99,,CN,local,debit
624858,00-99,,CN,local,debit
624859,00-99,,CN,local,debit
624860,00-99,,CN,local,debit
624861,00-99,,CN,local,debit
624862,00-99,,CN,local,debit
624863,00-99,,CN,local,debit
624864,00-99,,CN,local,debit
624865,00-99,,CN,local,debit
624866,00-99,,CN,local,debit
624867,00-99,,CN,local,debit
624868,00-99,,CN,local,debit
624869,00-99,,CN,local,debit
624870,00-99,,CN,local,debit
624871,00-99,,CN,local,debit
624872,00-99,,CN,local,debit
624873,00-99,,CN,local,debit
624874,00-99,,CN,local,debit
624875,00-99,,CN,local,debit
624876,00-99,,CN,local,debit
624877,00-99,,CN,local,debit
624878,00-99,,CN,local,debit
624879,00-99,,CN,local,debit
624880,00-99,,CN,local,debit
624881,00-99,,CN,local,debit
624882,00-99,,CN,local,debit
624883,00-99,,CN,local,debit
624884,00-99,,CN,local,debit
624885,00-99,,CN,local,debit
624886,00-99,,CN,local,debit
624887,00-99,,CN,local,debit
624888,00-99,,CN,local,debit
624889,00-99,,CN,local,debit
624890,00-99,,CN,local,debit
624891,00-99,,CN,local,debit
624892,00-99,,CN,local,debit
624893,00-99,,CN,local,debit
624894,00-99,,CN,local,debit
624895,00-99,,CN,local,debit
624896,00-99,,CN,local,debit
624897,00-99,,CN,local,debit
624898,00-99,,CN,local,debit
624899,00-99,,CN,local,debit
624900,00-99,,CN,local,debit
624901,00-99,,CN,local,debit
624902,00-99,,CN,local,debit
624903,00-99,,CN,local,debit
624904,00-99,,CN,local,debit
624905,00-99,,CN,local,debit
624906,00-99,,CN,local,debit
624907,00-99,,CN,local,debit
624908,00-99,,CN,local,debit
624909,00-99,,CN,local,debit
624910,00-99,,CN,local,debit
624911,00-99,,CN,local,debit
624912,00-99,,CN,local,debit
624913,00-99,,CN,local,debit
624914,00-99,,CN,local,debit
624915,00-99,,CN,local,debit
624916,00-99,,CN,local,debit
624917,00-99,,CN,local,debit
624918,00-99,,CN,local,debit
624919,00-99,,CN,local,debit
624920,00-99,,CN,local,debit
624921,00-99,,CN,local,debit
624922,00-99,,CN,local,debit
624923,00-99,,CN,local,debit
624924,00-99,,CN,local,debit
624925,00-99,,CN,local,debit
624926,00-99,,CN,local,debit
624927,00-99,,CN,local,debit
624928,00-99,,CN,local,debit
624929,00-99,,CN,local,debit
624930,00-99,,CN,local,debit
624931,00-99,,CN,local,debit
624932,00-99,,CN,local,debit
624933,00-99,,CN,local,debit
624934,00-99,,CN,local,debit
624935,00-99,,CN,local,debit
624936,00-99,,CN,local,debit
624937,00-99,,CN,local,debit
624938,00-99,,CN,local,debit
624939,00-99,,CN,local,debit
624940,00-99,,CN,local,debit
624941,00-99,,CN,local,debit
624942,00-99,,CN,local,debit
624943,00-99,,CN,local,debit
624944,00-99,,CN,local,debit
624945,00-99,,CN,local,debit
624946,00-99,,CN,local,debit
624947,00-99,,CN,local,debit
624948,00-99,,CN,local,debit
624949,00-99,,CN,local,debit
624950,00-99,,CN,local,debit
624951,00-99,,CN,local,debit
624952,00-99,,CN,local,debit
624953,00-99,,CN,local,debit
624954,00-99,,CN,local,debit
624955,00-99,,CN,local,debit
624956,00-99,,CN,local,debit
624957,00-99,,CN,local,debit
624958,00-99,,CN,local,debit
624959,00-99,,CN,local,debit
624960,00-99,,CN,local,debit
624961,00-99,,CN,local,debit
624962,00-99,,CN,local,debit
624963,00-99,,CN,local,debit
624964,00-99,,CN,local,debit
624965,00-99,,CN,local,debit
624966,00-99,,CN,local,debit
624967,00-99,,CN,local,debit
624968,00-99,,CN,local,debit
624969,00-99,,CN,local,debit
624970,00-99,,CN,local,debit
624971,00-99,,CN,local,debit
624972,00-99,,CN,local,debit
624973,00-99,,CN,local,debit
624974,00-99,,CN,local,debit
624975,00-99,,CN,local,debit
624976,00-99,,CN,local,debit
624977,00-99,,CN,local,debit
624978,00-99,,CN,local,debit
624979,00-99,,CN,local,debit
624980,00-99,,CN,local,debit
624981,00-99,,CN,local,debit
624982,00-99,,CN,local,debit
624983,00-99,,CN,local,debit
624984,00-99,,CN,local,debit
624985,00-99,,CN,local,debit
624986,00-99,,CN,local,debit
624987,00-99,,CN,local,debit
624988,00-99,,CN,local,debit
624989,00-99,,CN,local,debit
624990,00-99,,CN,local,debit
624991,00-99,,CN,local,debit
624992,00-99,,CN,local,debit
624993,00-99,,CN,local,debit
624994,00-99,,CN,local,debit
624995,00-99,,CN,local,debit
624996,00-99,,CN,local,debit
624997,00-99,,CN,local,debit
624998,00-99,,CN,local,debit
624999,00-99,,CN,local,debit
625000,00-99,,CN,local,debit
625001,00-99,TAIZHOU COMMERCIAL BANK (CUP DATA CREDIT CARD),CN,local,credit
625002,00-99,VIETNAM SAIGON COMMERCIAL BANK,VN,local,credit
625003,00-99,BC CARD CO. LTD.,KR,local,credit
625004,00-99,ROYAL BANK OPEN STOCK COMPANY,AZ,local,credit
625005,00-99,,CN,local,debit
625006,00-99,BC CARD CO. LTD.,KR,local,credit
625007,00-99,PHILIPPINE RCBC,PH,local,credit
625008,00-99,CHUANGXING BANK CO. LTD.,HK,local,credit
625009,00-99,CHUANGXING BANK CO. LTD.,HK,local,credit
625010,00-99,YONGHENG BANK,HK,local,credit
625011,00-99,BC CARD CO. LTD.,KR,local,credit
625012,00-99,BC CARD CO. LTD.,KR,local,credit
625013,00-99,PHILIPPINE NATIONAL BANK,PH,local,credit
625014,00-99,MACAO COMMERCIAL BANK,MO,local,credit
625015,00-99,,CN,local,debit
625016,00-99,MACAO COMMERCIAL BANK,MO,local,credit
625017,00-99,ICBC,MO,local,credit
625018,00-99,ICBC,MO,local,credit
625019,00-99,ICBC,MO,local,credit
625020,00-99,BC CARD CO. LTD.,KR,local,credit
625021,00-99,INDUSTRIAL AND COMMERCIAL BANK OF CHINA FRANKFURT BRANCH,DE,local,credit
625022,00-99,INDUSTRIAL AND COMMERCIAL BANK OF CHINA FRANKFURT BRANCH,DE,local,credit
625023,00-99,BC CARD CO. LTD.,KR,local,credit
625024,00-99,HANG SENG BANK LTD.,HK,local,credit
625025,00-99,BC CARD CO. LTD.,KR,local,credit
625026,00-99,HANG SENG BANK LTD.,HK,local,credit
625027,00-99,BC CARD CO. LTD.,KR,local,credit
625028,00-99,BANK OF COMMUNICATIONS HONG KONG BRANCH-DUAL CURRENCY CREDIT CARD,HK,local,credit
625029,00-99,BANK OF COMMUNICATIONS HONG KONG BRANCH-DUAL CURRENCY CREDIT CARD,HK,local,credit
625030,00-99,,CN,local,debit
625031,00-99,BC CARD CO. LTD.,KR,local,credit
625032,00-99,BC CARD CO. LTD.,KR,local,credit
625033,00-99,PHILIPPINE BDO,PH,local,credit
625034,00-99,THE HONGKONG AND SHANGHAI BANKING CORPORATION LTD.,HK,local,credit
625035,00-99,PHILIPPINE BDO,PH,local,credit
625036,00-99,ZHEJIANG MINTAI CB,CN,local,credit
625037,00-99,,CN,local,debit
625038,00-99,JSC RUSSIAN STANDARD BANK,RU,local,credit
625039,00-99,BC CARD CO. LTD.,KR,local,credit
625040,00-99,BANK OF CHINA (HONG KONG),HK,local,credit
625041,00-99,BANK OF CHINA,CN,local,credit
625042,00-99,BOC CREDIT CARD,HK,local,credit
625043,00-99,BANK OF CHINA UNIONPAY DUAL CURRENCY,CN,local,credit
625044,00-99,NANYANG COMMERCIAL BANK,HK,local,credit
625045,00-99,,CN,local,debit
625046,00-99,NANYANG COMMERCIAL BANK,HK,local,credit
625047,00-99,,CN,local,debit
625048,00-99,CHIYU BANK,HK,local,credit
625049,00-99,,CN,local,debit
625050,00-99,GCB BANK LTD.,CN,local,credit
625051,00-99,,CN,local,debit
625052,00-99,BANK OF KUNLUN,CN,local,credit
625053,00-99,CHIYOU BANK,HK,local,credit
625054,00-99,,CN,local,debit
625055,00-99,BOC CREDIT CARD,HK,local,credit
625056,00-99,,CN,local,debit
625057,00-99,,CN,local,debit
625058,00-99,NANYANG COMMERCIAL BANK,HK,local,credit
625059,00-99,,CN,local,debit
625060,00-99,CHIYU BANK,HK,local,credit
625061,00-99,,CN,local,debit
625062,00-99,WING LUNG BANK LTD.,HK,local,credit
625063,00-99,WING LUNG BANK LTD.,HK,local,credit
625064,00-99,,CN,local,debit
625065,00-99,,CN,local,debit
625066,00-99,,CN,local,debit
625067,00-99,,CN,local,debit
625068,00-99,,CN,local,debit
625069,00-99,,CN,local,debit
625070,00-99,,CN,local,debit
625071,00-99,GUANGDONG DEVELOPMENT BANK,CN,local,credit
625072,00-99,GUANGDONG DEVELOPMENT BANK,CN,local,credit
625073,00-99,GUANGDONG DEVELOPMENT BANK,CN,local,credit
625074,00-99,CITIBANK,CN,local,credit
625075,00-99,CITIBANK,CN,local,credit
625076,00-99,CITIBANK CHINA REWARDS,CN,local,credit
625077,00-99,CITIBANK CHINA PREMIERMILES,CN,local,credit
625078,00-99,BC CARD CO. LTD.,KR,local,credit
625079,00-99,BC CARD CO. LTD.,KR,local,credit
625080,00-99,GUANGZHOU RURALCOMMERCIAL BANK,CN,local,credit
625081,00-99,,CN,local,debit
625082,00-99,INTER-AMERICAN DEVELOPMENT BANK,CN,local,credit
625083,00-99,INTER-AMERICAN DEVELOPMENT BANK,CN,local,credit
625084,00-99,INTER-AMERICAN DEVELOPMENT BANK,CN,local,credit
625085,00-99,INTER-AMERICAN DEVELOPMENT BANK,CN,local,credit
625086,00-99,CHINA INDUSTRIAL BANK CREDIT CARD,CN,local,credit
625087,00-99,CHINA INDUSTRIAL BANK CREDIT CARD,CN,local,credit
625088,00-99,SHUNDE RURAL COMMERICAL BANK,CN,local,credit
625089,00-99,,CN,local,debit
625090,00-99,DAQING COMMERCIAL BANK,CN,local,credit
625091,00-99,CITIBANK LTD.,HK,local,credit
625092,00-99,HANG SENG BANK LTD.,HK,local,credit
625093,00-99,NCBC,CN,local,credit
625094,00-99,,CN,local,debit
625095,00-99,NCBC,CN,local,credit
625096,00-99,HONG KONG AND SHANGHAI BANKING CORPORATION LTD.,HK,local,credit
625097,00-99,SICHUAN RURAL CREDIT UNION,CN,local,credit
625098,00-99,HSBC,HK,local,credit
625099,00-99,BANK OF SHANGHAI,CN,local,credit
625100,00-99,,CN,local,debit
625101,00-99,CS RURALBANK(CUP),CN,local,credit
625102,00-99,HSBC BANK (CHINA),CN,local,credit
625103,00-99,BC CARD CO. LTD.,KR,local,credit
625104,00-99,ORIENT EXPRESS BANK,CN,local,credit
625105,00-99,,CN,local,debit
625106,00-99,BC CARD CO. LTD.,KR,local,credit
625107,00-99,SHANGHAI COMMERCIAL BANK,HK,local,credit
625108,00-99,,CN,local,debit
625109,00-99,,CN,local,debit
625110,00-99,INDUSTRIAL AND COMMERCIAL BANK OF CHINA (NEW ZEALAND) LTD.,NZ,local,credit
625111,00-99,BC CARD CO. LTD.,KR,local,credit
625112,00-99,BC CARD CO. LTD.,KR,local,credit
625113,00-99,ICBC MILAN,IT,local,credit
625114,00-99,ICBC PARIS BRANCH,FR,local,credit
625115,00-99,ICBC,HK,local,credit
625116,00-99,ICBC MACAU BRANCH-ICBC UNIONPAY CORPORATE CARD,MO,local,credit
625117,00-99,,CN,local,debit
625118,00-99,,CN,local,debit
625119,00-99,HARBIN BANK,CN,local,credit
625120,00-99,BC CARD CO. LTD.,KR,local,credit
625121,00-99,GUANGXINONGCUNXINYONGLIANHESHE,CN,local,credit
625122,00-99,CHINA BOHAI BANK,CN,local,credit
625123,00-99,BC CARD CO. LTD.,KR,local,credit
625124,00-99,VIETCOMBANK VIETNAM,VN,local,credit
625125,00-99,BC CARD CO. LTD.,KR,local,credit
625126,00-99,HAIKOU RURAL COMMERCIAL BANK CO.LTD,CN,local,credit
625127,00-99,GWANGJU,KR,local,credit
625128,00-99,FUJIAN RURAL CREDIT COOPERATIVE UNION,CN,local,credit
625129,00-99,JIANGSU JIANGNAN RURAL COMMERCIAL BANK,CN,local,credit
625130,00-99,,CN,local,debit
625131,00-99,BC CARD CO. LTD.,KR,local,credit
625132,00-99,BC CARD CO. LTD.,KR,local,credit
625133,00-99,SHANXI RURAL CREDIT UNION,CN,local,credit
625134,00-99,,CN,local,debit
625135,00-99,URUMQI CITY COMMERCIAL BANK-XUELIAN QUASI,CN,local,credit
625136,00-99,BANK OF CHINA,HK,local,credit
625137,00-99,,CN,local,debit
625138,00-99,BANK OF COMMUNICATIONS,CN,local,credit
625139,00-99,BC CARD CO. LTD.,KR,local,credit
625140,00-99,BANK OF CHINA BANGKOK BRANCH-GREAT WALL CREDIT CARD GLOBAL LINK,TH,local,credit
625141,00-99,BOC CREDIT CARD,MO,local,credit
625142,00-99,,CN,local,debit
625143,00-99,BOC CREDIT CARD,MO,local,credit
625144,00-99,,CN,local,debit
625145,00-99,BANK OF CHINA MACAU BRANCH-BOC UNIONPAY DUAL CURRENCY COMMERCIAL CARD,MO,local,credit
625146,00-99,,CN,local,debit
625147,00-99,MACAO DAFENG BANK,MO,local,credit
625148,00-99,,CN,local,debit
625149,00-99,,CN,local,debit
625150,00-99,YELLOW RIVER RURAL COMMERCIAL BANK,CN,local,credit
625151,00-99,,CN,local,debit
625152,00-99,TIANJIN BINHAI RURAL COMMERCIAL BANK,CN,local,credit
625153,00-99,CUP TOKEN,CN,local,credit
625154,00-99,VIETCOMBANK VIETNAM,VN,local,credit
625155,00-99,BANK OF URUMQI,CN,local,credit
625156,00-99,WUHAN RURAL COMMERCIAL BANK,CN,local,credit
625157,00-99,FU DIAN BANK,CN,local,credit
625158,00-99,SXYDNCCB,CN,local,credit
625159,00-99,INN FOR UNIONPAY CARD NETWORK,CN,local,credit
625160,00-99,INSDUSTRIAL AND COMMERCIAL BANK OF CHINA,CN,local,credit
625161,00-99,INSDUSTRIAL AND COMMERCIAL BANK OF CHINA,CN,local,credit
625162,00-99,INSDUSTRIAL AND COMMERCIAL BANK OF CHINA,CN,local,credit
625163,00-99,BANK OF ZHENGZHOU CO.LTD,CN,local,credit
625164,00-99,CUP TOKEN,CN,local,credit
625165,00-99,CHANGSHU RURAL COMMERCIAL BANK,CN,local,credit
625166,00-99,BANK OF SUZHOU,CN,local,credit
625167,00-99,SHANXI XI AN COMMERCIAL BANK,CN,local,credit
625168,00-99,GUILIN BANK CO.,CN,local,credit
625169,00-99,SHENZHEN RURAL COMMERCIAL BANK,CN,local,credit
625170,00-99,AGRICULTURE BANK OF CHINA,CN,local,credit
625171,00-99,AGRICULTURE BANK OF CHINA,CN,local,credit
625172,00-99,BOC CREDIT CARD (INTERNATIONAL) LTD.,HK,local,credit
625173,00-99,HUBEI RURAL CREDIT COOPERATIVE UNION ELECTRONIC BANKING CENTER,CN,local,credit
625174,00-99,BOC CREDIT CARD (INTERNATIONAL) LTD.,HK,local,credit
625175,00-99,,CN,local,debit
625176,00-99,BOC CREDIT CARD (INTERNATIONAL) LTD.,HK,local,credit
625177,00-99,BANK OF SHANGHAI,CN,local,credit
625178,00-99,BC CARD CO. LTD.,KR,local,credit
625179,00-99,GWANGJU,KR,local,credit
625180,00-99,BANK OF SHANGHAI,CN,local,credit
625181,00-99,,CN,local,debit
625182,00-99,JIANG SU TAICANG RURAL COMMERCIAL BANK CO.LTD,CN,local,credit
625183,00-99,GANSU PROVINCE RURAL CREDIT UNION,CN,local,credit
625184,00-99,,CN,local,debit
625185,00-99,,CN,local,debit
625186,00-99,BEIJING RURAL COMMERCIAL BANK,CN,local,credit
625187,00-99,SHAANXI QINNONG RURAL COMMERCIAL BANK CO.LTD,CN,local,credit
625188,00-99,CHINA MINSHENG BANK CREDIT CARD (CUP DATA),CN,local,credit
625189,00-99,JIANGSU RCB,CN,local,credit
625190,00-99,BANK OF DANDONG,CN,local,credit
625191,00-99,EVER GROWING BANK,CN,local,credit
625192,00-99,SICHUAN TIANFU BANK CO.LTD,CN,local,credit
625193,00-99,BANK OF SHANGHAI,CN,local,credit
625194,00-99,,CN,local,debit
625195,00-99,BANK OF JIUJIANG,CN,local,credit
625196,00-99,DAFENG BANK CO. LTD.,MO,local,credit
625197,00-99,,CN,local,debit
625198,00-99,DAFENG BANK CO. LTD.,MO,local,credit
625199,00-99,,CN,local,debit
625200,00-99,ZHONGYUANBANK,CN,local,credit
625201,00-99,BANK OF GANSU,CN,local,credit
625202,00-99,JINSHANG BANK CO.LTD,CN,local,credit
625203,00-99,CHANGCHUN DEVELOPMENT RURAL COMMERCIAL BANK,CN,local,credit
625204,00-99,,CN,local,debit
625205,00-99,JIUTAI RURAL COMMERCIAL BANK CO.LTD(CREDIT CARD),CN,local,credit
625206,00-99,CHANGCHUN RURAL COMMERCIAL BANK,CN,local,credit
625207,00-99,,CN,local,debit
625208,00-99,RURAL COMMERCIAL BANK OF ZHANGJIAGANG,CN,local,credit
625209,00-99,HARBIN RURAL COMMERCIAL BANK COMPANY LTD.,CN,local,credit
625210,00-99,JILIN HUANCHENG RURAL COMMERCIAL BANK CO. LTD.,CN,local,credit
625211,00-99,BAICHENG RURAL COMMERCIAL BANK CO. LTD.,CN,local,debit
625212,00-99,BANK OF LIUZHOU,CN,local,credit
625213,00-99,,CN,local,debit
625214,00-99,,CN,local,credit
625215,00-99,HENAN RURAL CREDIT UNION,CN,local,credit
625216,00-99,GUIZHOU RURAL CREDIT UNION,CN,local,credit
625217,00-99,,CN,local,debit
625218,00-99,BANK OF QINGDAO CO.LTD.,CN,local,credit
625219,00-99,,CN,local,credit
625220,00-99,BC CARD CO. LTD.,KR,local,credit
625221,00-99,,CN,local,debit
625222,00-99,,CN,local,debit
625223,00-99,,CN,local,debit
625224,00-99,,CN,local,debit
625225,00-99,ANHUI RURAL CREDIT UNION,CN,local,credit
625226,00-99,ANHUI RURAL CREDIT UNION,CN,local,credit
625227,00-99,,CN,local,debit
625228,00-99,,CN,local,debit
625229,00-99,,CN,local,debit
625230,00-99,,CN,local,debit
625231,00-99,,CN,local,debit
625232,00-99,,CN,local,debit
625233,00-99,,CN,local,debit
625234,00-99,,CN,local,debit
625235,00-99,,CN,local,debit
625236,00-99,,CN,local,debit
625237,00-99,,CN,local,debit
625238,00-99,,CN,local,debit
625239,00-99,,CN,local,debit
625240,00-99,,CN,local,debit
625241,00-99,IBK BANK,KR,local,credit
625242,00-99,IBK BANK,KR,local,credit
625243,00-99,WATER SUPPLIER,KR,local,credit
625244,00-99,WATER SUPPLIER,KR,local,credit
625245,00-99,GWANGJU,KR,local,credit
625246,00-99,GWANGJU,KR,local,credit
625247,00-99,INDUSTRIAL AND COMMERCIAL BANK OF CHINA,CN,local,credit
625248,00-99,INSDUSTRIAL AND COMMERCIAL BANK OF CHINA,CN,local,credit
625249,00-99,INDUSTRIAL AND COMMERCIAL BANK OF CHINA,CN,local,credit
625250,00-99,INDUSTRIAL AND COMMERCIAL BANK OF CHINA,CN,local,credit
625251,00-99,,CN,local,debit
625252,00-99,,CN,local,debit
625253,00-99,,CN,local,debit
625254,00-99,,CN,local,debit
625255,00-99,,CN,local,debit
625256,00-99,,CN,local,debit
625257,00-99,,CN,local,debit
625258,00-99,,CN,local,debit
625259,00-99,,CN,local,debit
625260,00-99,,CN,local,debit
625261,00-99,,CN,local,debit
625262,00-99,,CN,local,debit
625263,00-99,,CN,local,debit
625264,00-99,,CN,local,debit
625265,00-99,,CN,local,debit
625266,00-99,,CN,local,debit
625267,00-99,,CN,local,debit
625268,00-99,,CN,local,debit
625269,00-99,,CN,local,debit
625270,00-99,,CN,local,debit
625271,00-99,,CN,local,debit
625272,00-99,,CN,local,debit
625273,00-99,,CN,local,debit
625274,00-99,,CN,local,debit
625275,00-99,,CN,local,debit
625276,00-99,,CN,local,debit
625277,00-99,,CN,local,debit
625278,00-99,,CN,local,debit
625279,00-99,,CN,local,debit
625280,00-99,,CN,local,debit
625281,00-99,,CN,local,debit
625282,00-99,,CN,local,debit
625283,00-99,,CN,local,debit
625284,00-99,,CN,local,debit
625285,00-99,,CN,local,debit
625286,00-99,,CN,local,debit
625287,00-99,,CN,local,debit
625288,00-99,DONGGUAN RCU,CN,local,credit
625289,00-99,,CN,local,debit
625290,00-99,,CN,local,debit
625291,00-99,,CN,local,debit
625292,00-99,,CN,local,debit
625293,00-99,,CN,local,debit
625294,00-99,,CN,local,debit
625295,00-99,,CN,local,debit
625296,00-99,,CN,local,debit
625297,00-99,,CN,local,debit
625298,00-99,,CN,local,debit
625299,00-99,,CN,local,debit
625300,00-99,,CN,local,debit
625301,00-99,,CN,local,debit
625302,00-99,,CN,local,debit
625303,00-99,,CN,local,debit
625304,00-99,,CN,local,debit
625305,00-99,,CN,local,debit
625306,00-99,,CN,local,debit
625307,00-99,,CN,local,debit
625308,00-99,,CN,local,debit
625309,00-99,ICBC-PEONY CREDIT CARD,CN,local,credit
625310,00-99,,CN,local,debit
625311,00-99,,CN,local,debit
625312,00-99,,CN,local,debit
625313,00-99,,CN,local,debit
625314,00-99,,CN,local,debit
625315,00-99,,CN,local,debit
625316,00-99,,CN,local,debit
625317,00-99,,CN,local,debit
625318,00-99,,CN,local,debit
625319,00-99,,CN,local,debit
625320,00-99,BC CARD CO. LTD.,KR,local,credit
625321,00-99,,CN,local,debit
625322,00-99,,CN,local,debit
625323,00-99,,CN,local,debit
625324,00-99,,CN,local,debit
625325,00-99,,CN,local,debit
625326,00-99,,CN,local,debit
625327,00-99,,CN,local,debit
625328,00-99,,CN,local,debit
625329,00-99,,CN,local,debit
625330,00-99,INDUSTRIAL AND COMMERCIAL BANK OF CHINA,CN,local,credit
625331,00-99,INDUSTRIAL AND COMMERCIAL BANK OF CHINA,CN,local,credit
625332,00-99,INDUSTRIAL AND COMMERCIAL BANK OF CHINA,CN,local,credit
625333,00-99,BANK OF CHINA,CN,local,credit
625334,00-99,,CN,local,debit
625335,00-99,YINCHUAN CITY COMMERCIAL BANK (CUP DATA CREDIT CARD),CN,local,credit
625336,00-99,AGRICULTURAL BANK OF CHINA,CN,local,credit
625337,00-99,BANK OF CHINA,CN,local,credit
625338,00-99,BANK OF CHINA,CN,local,credit
625339,00-99,CHINA EVERBRIGHT BANK,CN,local,credit
625340,00-99,,CN,local,debit
625341,00-99,,CN,local,debit
625342,00-99,,CN,local,debit
625343,00-99,,CN,local,debit
625344,00-99,,CN,local,debit
625345,00-99,,CN,local,debit
625346,00-99,,CN,local,debit
625347,00-99,,CN,local,debit
625348,00-99,,CN,local,debit
625349,00-99,,CN,local,debit
625350,00-99,BANK OF SHANGHAI-CHINA TRAVEL CARD,CN,local,credit
625351,00-99,BANK OF SHANGHAI-CHINA TRAVEL CARD,CN,local,credit
625352,00-99,BANK OF SHANGHAI-CHINA TRAVEL CARD,CN,local,credit
625353,00-99,CHINA INDUSTRIAL BANK CREDIT CARD,CN,local,credit
625354,00-99,,CN,local,debit
625355,00-99,GUANGZHOU RURAL COMMERCIAL BANK CO. LTD.,CN,local,debit
625356,00-99,CHINA INDUSTRIAL BANK CREDIT CARD,CN,local,credit
625357,00-99,FUJIAN RURAL CREDIT UNION CREDIT CARD,CN,local,credit
625358,00-99,HUI SHANG BANK,CN,local,credit
625359,00-99,MENGSHANG BANK CO.LTD,CN,local,credit
625360,00-99,PING AN BANK,CN,local,credit
625361,00-99,PING AN BANK,CN,local,credit
625362,00-99,CHINA CONSTRUCTION BANK,CN,local,credit
625363,00-99,CHINA CONSTRUCTION BANK,CN,local,credit
625364,00-99,,CN,local,debit
625365,00-99,BANK OF XI'AN,CN,local,debit
625366,00-99,LONGJIANG BANK CO. LTD.,CN,local,credit
625367,00-99,POSTAL SAVINGS BANK OF CHINA,CN,local,credit
625368,00-99,POSTAL SAVINGS BANK OF CHINA,CN,local,credit
625369,00-99,GUILIN BANK,CN,local,credit
625370,00-99,LANZHOU BANK,CN,local,credit
625371,00-99,,CN,local,debit
625372,00-99,,CN,local,debit
625373,00-99,,CN,local,debit
625374,00-99,,CN,local,debit
625375,00-99,,CN,local,debit
625376,00-99,,CN,local,debit
625377,00-99,,CN,local,debit
625378,00-99,,CN,local,debit
625379,00-99,,CN,local,debit
625380,00-99,,CN,local,debit
625381,00-99,,CN,local,debit
625382,00-99,,CN,local,debit
625383,00-99,,CN,local,debit
625384,00-99,,CN,local,debit
625385,00-99,,CN,local,debit
625386,00-99,,CN,local,debit
625387,00-99,,CN,local,debit
625388,00-99,,CN,local,debit
625389,00-99,,CN,local,debit
625390,00-99,,CN,local,debit
625391,00-99,,CN,local,debit
625392,00-99,,CN,local,debit
625393,00-99,,CN,local,debit
625394,00-99,,CN,local,debit
625395,00-99,,CN,local,debit
625396,00-99,,CN,local,debit
625397,00-99,,CN,local,debit
625398,00-99,,CN,local,debit
625399,00-99,,CN,local,debit
625400,00-99,,CN,local,debit
625401,00-99,,CN,local,debit
625402,00-99,,CN,local,debit
625403,00-99,,CN,local,debit
625404,00-99,,CN,local,debit
625405,00-99,,CN,local,debit
625406,00-99,,CN,local,debit
625407,00-99,,CN,local,debit
625408,00-99,,CN,local,debit
625409,00-99,,CN,local,debit
625410,00-99,,CN,local,debit
625411,00-99,,CN,local,debit
625412,00-99,,CN,local,debit
625413,00-99,,CN,local,debit
625414,00-99,,CN,local,debit
625415,00-99,,CN,local,debit
625416,00-99,,CN,local,debit
625417,00-99,,CN,local,debit
625418,00-99,,CN,local,debit
625419,00-99,,CN,local,debit
625420,00-99,,CN,local,debit
625421,00-99,,CN,local,debit
625422,00-99,,CN,local,debit
625423,00-99,,CN,local,debit
625424,00-99,,CN,local,debit
625425,00-99,,CN,local,debit
625426,00-99,,CN,local,debit
625427,00-99,,CN,local,debit
625428,00-99,,CN,local,debit
625429,00-99,,CN,local,debit
625430,00-99,,CN,local,debit
625431,00-99,,CN,local,debit
625432,00-99,,CN,local,debit
625433,00-99,,CN,local,debit
625434,00-99,,CN,local,debit
625435,00-99,,CN,local,debit
625436,00-99,,CN,local,debit
625437,00-99,,CN,local,debit
625438,00-99,,CN,local,debit
625439,00-99,,CN,local,debit
625440,00-99,,CN,local,debit
625441,00-99,,CN,local,debit
625442,00-99,,CN,local,debit
625443,00-99,,CN,local,debit
625444,00-99,,CN,local,debit
625445,00-99,,CN,local,debit
625446,00-99,,CN,local,debit
625447,00-99,,CN,local,debit
625448,00-99,,CN,local,debit
625449,00-99,,CN,local,debit
625450,00-99,,CN,local,debit
625451,00-99,,CN,local,debit
625452,00-99,,CN,local,debit
625453,00-99,,CN,local,debit
625454,00-99,,CN,local,debit
625455,00-99,,CN,local,debit
625456,00-99,,CN,local,debit
625457,00-99,,CN,local,debit
625458,00-99,,CN,local,debit
625459,00-99,,CN,local,debit
625460,00-99,,CN,local,debit
625461,00-99,,CN,local,debit
625462,00-99,,CN,local,debit
625463,00-99,,CN,local,debit
625464,00-99,,CN,local,debit
625465,00-99,,CN,local,debit
625466,00-99,,CN,local,debit
625467,00-99,,CN,local,debit
625468,00-99,,CN,local,debit
625469,00-99,,CN,local,debit
625470,00-99,,CN,local,debit
625471,00-99,,CN,local,debit
625472,00-99,,CN,local,debit
625473,00-99,,CN,local,debit
625474,00-99,,CN,local,debit
625475,00-99,,CN,local,debit
625476,00-99,,CN,local,debit
625477,00-99,,CN,local,debit
625478,00-99,,CN,local,debit
625479,00-99,,CN,local,debit
625480,00-99,,CN,local,debit
625481,00-99,,CN,local,debit
625482,00-99,,CN,local,debit
625483,00-99,,CN,local,debit
625484,00-99,,CN,local,debit
625485,00-99,,CN,local,debit
625486,00-99,,CN,local,debit
625487,00-99,,CN,local,debit
625488,00-99,,CN,local,debit
625489,00-99,,CN,local,debit
625490,00-99,,CN,local,debit
625491,00-99,,CN,local,debit
625492,00-99,,CN,local,debit
625493,00-99,,CN,local,debit
625494,00-99,,CN,local,debit
625495,00-99,,CN,local,debit
625496,00-99,,CN,local,debit
625497,00-99,,CN,local,debit
625498,00-99,,CN,local,debit
625499,00-99,,CN,local,debit
625500,00-99,SHANGHAI RURAL COMMERCIAL BANK,CN,local,credit
625501,00-99,,CN,local,debit
625502,00-99,URUMQI COMMERCIAL BANK-FUNONG CARD CREDIT CARD,CN,local,credit
625503,00-99,URUMQI CITY COMMERCIAL BANK-FUNONG CARD QUASI CREDIT CARD-QUASI CREDIT CARD,CN,local,credit
625504,00-99,,CN,local,debit
625505,00-99,INN FOR UNIONPAY CARD NETWORK,CN,local,credit
625506,00-99,HNRCB,CN,local,credit
625507,00-99,,CN,local,debit
625508,00-99,,CN,local,debit
625509,00-99,,CN,local,debit
625510,00-99,,CN,local,debit
625511,00-99,,CN,local,debit
625512,00-99,,CN,local,debit
625513,00-99,,CN,local,debit
625514,00-99,,CN,local,debit
625515,00-99,,CN,local,debit
625516,00-99,CDNCCB,CN,local,credit
625517,00-99,,CN,local,debit
625518,00-99,,CN,local,debit
625519,00-99,HNRCB,CN,local,credit
625520,00-99,,CN,local,debit
625521,00-99,,CN,local,debit
625522,00-99,,CN,local,debit
625523,00-99,,CN,local,debit
625524,00-99,,CN,local,debit
625525,00-99,,CN,local,debit
625526,00-99,BEIJING RURAL COMMERCIAL BANK-PHOENIX FUNONG CARD,CN,local,credit
625527,00-99,,CN,local,debit
625528,00-99,,CN,local,debit
625529,00-99,YCCCB,CN,local,credit
625530,00-99,,CN,local,debit
625531,00-99,,CN,local,debit
625532,00-99,,CN,local,debit
625533,00-99,,CN,local,debit
625534,00-99,,CN,local,debit
625535,00-99,,CN,local,debit
625536,00-99,,CN,local,debit
625537,00-99,,CN,local,debit
625538,00-99,,CN,local,debit
625539,00-99,,CN,local,debit
625540,00-99,,CN,local,debit
625541,00-99,,CN,local,debit
625542,00-99,,CN,local,debit
625543,00-99,,CN,local,debit
625544,00-99,,CN,local,debit
625545,00-99,,CN,local,debit
625546,00-99,,CN,local,debit
625547,00-99,,CN,local,debit
625548,00-99,,CN,local,debit
625549,00-99,,CN,local,debit
625550,00-99,,CN,local,debit
625551,00-99,,CN,local,debit
625552,00-99,,CN,local,debit
625553,00-99,,CN,local,debit
625554,00-99,,CN,local,debit
625555,00-99,,CN,local,debit
625556,00-99,,CN,local,debit
625557,00-99,,CN,local,debit
625558,00-99,,CN,local,debit
625559,00-99,,CN,local,debit
625560,00-99,,CN,local,debit
625561,00-99,,CN,local,debit
625562,00-99,,CN,local,debit
625563,00-99,,CN,local,debit
625564,00-99,,CN,local,debit
625565,00-99,,CN,local,debit
625566,00-99,,CN,local,debit
625567,00-99,,CN,local,debit
625568,00-99,BANK OF CHINA-BOC FUNONG CREDIT CARD-QUASI CREDIT CARD,CN,local,credit
625569,00-99,,CN,local,debit
625570,00-99,,CN,local,debit
625571,00-99,,CN,local,debit
625572,00-99,,CN,local,debit
625573,00-99,,CN,local,debit
625574,00-99,,CN,local,debit
625575,00-99,,CN,local,debit
625576,00-99,,CN,local,debit
625577,00-99,HEBB,CN,local,credit
625578,00-99,,CN,local,debit
625579,00-99,,CN,local,debit
625580,00-99,,CN,local,debit
625581,00-99,,CN,local,debit
625582,00-99,,CN,local,debit
625583,00-99,,CN,local,debit
625584,00-99,,CN,local,debit
625585,00-99,,CN,local,debit
625586,00-99,POSTAL SAVINGS BANK OF CHINA,CN,local,debit
625587,00-99,,CN,local,debit
625588,00-99,DAQING COMMERCIAL BANK,CN,local,credit
625589,00-99,,CN,local,debit
625590,00-99,,CN,local,debit
625591,00-99,,CN,local,debit
625592,00-99,,CN,local,debit
625593,00-99,,CN,local,debit
625594,00-99,,CN,local,debit
625595,00-99,,CN,local,debit
625596,00-99,,CN,local,debit
625597,00-99,,CN,local,debit
625598,00-99,HEBEI BANK CO. LTD.,CN,local,credit
625599,00-99,,CN,local,debit
625600,00-99,,CN,local,debit
625601,00-99,,CN,local,debit
625602,00-99,,CN,local,debit
625603,00-99,POSTAL SAVINGS BANK OF CHINA,CN,local,credit
625604,00-99,,CN,local,debit
625605,00-99,YOUCHU BANK,CN,local,credit
625606,00-99,HANKOU BANK CO.LTD.,CN,local,credit
625607,00-99,,CN,local,debit
625608,00-99,,CN,local,debit
625609,00-99,,CN,local,debit
625610,00-99,,CN,local,debit
625611,00-99,,CN,local,debit
625612,00-99,,CN,local,debit
625613,00-99,,CN,local,debit
625614,00-99,,CN,local,debit
625615,00-99,,CN,local,debit
625616,00-99,,CN,local,debit
625617,00-99,,CN,local,debit
625618,00-99,,CN,local,debit
625619,00-99,,CN,local,debit
625620,00-99,,CN,local,debit
625621,00-99,,CN,local,debit
625622,00-99,,CN,local,debit
625623,00-99,,CN,local,debit
625624,00-99,,CN,local,debit
625625,00-99,,CN,local,debit
625626,00-99,,CN,local,debit
625627,00-99,,CN,local,debit
625628,00-99,,CN,local,debit
625629,00-99,,CN,local,debit
625630,00-99,,CN,local,debit
625631,00-99,,CN,local,debit
625632,00-99,,CN,local,debit
625633,00-99,,CN,local,debit
625634,00-99,,CN,local,debit
625635,00-99,,CN,local,debit
625636,00-99,,CN,local,debit
625637,00-99,,CN,local,debit
625638,00-99,,CN,local,debit
625639,00-99,,CN,local,debit
625640,00-99,,CN,local,debit
625641,00-99,,CN,local,debit
625642,00-99,,CN,local,debit
625643,00-99,,CN,local,debit
625644,00-99,,CN,local,debit
625645,00-99,,CN,local,debit
625646,00-99,,CN,local,debit
625647,00-99,,CN,local,debit
625648,00-99,,CN,local,debit
625649,00-99,,CN,local,debit
625650,00-99,INSDUSTRIAL AND COMMERCIAL BANK OF CHINA,CN,local,credit
625651,00-99,INSDUSTRIAL AND COMMERCIAL BANK OF CHINA,CN,local,credit
625652,00-99,HUISHANG BANK,CN,local,credit
625653,00-99,AGRICULTURE BANK OF CHINA,CN,local,credit
625654,00-99,,CN,local,debit
625655,00-99,,CN,local,debit
625656,00-99,,CN,local,debit
625657,00-99,INN FOR UNIONPAY CARD NETWORK,CN,local,credit
625658,00-99,HANKOU BANK CO.LTD.,CN,local,credit
625659,00-99,,CN,local,debit
625660,00-99,,CN,local,debit
625661,00-99,,CN,local,debit
625662,00-99,,CN,local,debit
625663,00-99,,CN,local,debit
625664,00-99,,CN,local,debit
625665,00-99,,CN,local,debit
625666,00-99,,CN,local,debit
625667,00-99,,CN,local,debit
625668,00-99,,CN,local,debit
625669,00-99,,CN,local,debit
625670,00-99,,CN,local,debit
625671,00-99,,CN,local,debit
625672,00-99,,CN,local,debit
625673,00-99,,CN,local,debit
625674,00-99,,CN,local,debit
625675,00-99,,CN,local,debit
625676,00-99,,CN,local,debit
625677,00-99,,CN,local,debit
625678,00-99,,CN,local,debit
625679,00-99,,CN,local,debit
625680,00-99,,CN,local,debit
625681,00-99,,CN,local,debit
625682,00-99,,CN,local,debit
625683,00-99,,CN,local,debit
625684,00-99,,CN,local,debit
625685,00-99,,CN,local,debit
625686,00-99,,CN,local,debit
625687,00-99,,CN,local,debit
625688,00-99,,CN,local,debit
625689,00-99,,CN,local,debit
625690,00-99,,CN,local,debit
625691,00-99,,CN,local,debit
625692,00-99,,CN,local,debit
625693,00-99,,CN,local,debit
625694,00-99,,CN,local,debit
625695,00-99,,CN,local,debit
625696,00-99,,CN,local,debit
625697,00-99,,CN,local,debit
625698,00-99,,CN,local,debit
625699,00-99,,CN,local,debit
625700,00-99,HUISHANG BANK,CN,local,credit
625701,00-99,SHANGHAI RURAL COMMERCIAL BANK,CN,local,credit
625702,00-99,,CN,local,debit
625703,00-99,,CN,local,debit
625704,00-99,,CN,local,debit
625705,00-99,,CN,local,debit
625706,00-99,,CN,local,debit
625707,00-99,,CN,local,debit
625708,00-99,ICBC-SMALL AND MEDIUM-SIZED MERCHANT PURCHASE CARD,CN,local,credit
625709,00-99,ICBC-SMALL AND MEDIUM-SIZED MERCHANT PURCHASE CARD,CN,local,credit
625710,00-99,,CN,local,debit
625711,00-99,,CN,local,debit
625712,00-99,,CN,local,debit
625713,00-99,,CN,local,debit
625714,00-99,,CN,local,debit
625715,00-99,,CN,local,debit
625716,00-99,,CN,local,debit
625717,00-99,,CN,local,debit
625718,00-99,,CN,local,debit
625719,00-99,,CN,local,debit
625720,00-99,,CN,local,debit
625721,00-99,,CN,local,debit
625722,00-99,,CN,local,debit
625723,00-99,,CN,local,debit
625724,00-99,,CN,local,debit
625725,00-99,,CN,local,debit
625726,00-99,,CN,local,debit
625727,00-99,,CN,local,debit
625728,00-99,,CN,local,debit
625729,00-99,,CN,local,debit
625730,00-99,,CN,local,debit
625731,00-99,,CN,local,debit
625732,00-99,,CN,local,debit
625733,00-99,,CN,local,debit
625734,00-99,,CN,local,debit
625735,00-99,,CN,local,debit
625736,00-99,,CN,local,debit
625737,00-99,,CN,local,debit
625738,00-99,,CN,local,debit
625739,00-99,,CN,local,debit
625740,00-99,,CN,local,debit
625741,00-99,,CN,local,debit
625742,00-99,,CN,local,debit
625743,00-99,,CN,local,debit
625744,00-99,,CN,local,debit
625745,00-99,,CN,local,debit
625746,00-99,,CN,local,debit
625747,00-99,,CN,local,debit
625748,00-99,,CN,local,debit
625749,00-99,,CN,local,debit
625750,00-99,,CN,local,debit
625751,00-99,,CN,local,debit
625752,00-99,,CN,local,debit
625753,00-99,,CN,local,debit
625754,00-99,,CN,local,debit
625755,00-99,,CN,local,debit
625756,00-99,,CN,local,debit
625757,00-99,,CN,local,debit
625758,00-99,,CN,local,debit
625759,00-99,,CN,local,debit
625760,00-99,,CN,local,debit
625761,00-99,,CN,local,debit
625762,00-99,,CN,local,debit
625763,00-99,,CN,local,debit
625764,00-99,,CN,local,debit
625765,00-99,,CN,local,debit
625766,00-99,,CN,local,debit
625767,00-99,,CN,local,debit
625768,00-99,,CN,local,debit
625769,00-99,,CN,local,debit
625770,00-99,,CN,local,debit
625771,00-99,,CN,local,debit
625772,00-99,,CN,local,debit
625773,00-99,,CN,local,debit
625774,00-99,,CN,local,debit
625775,00-99,,CN,local,debit
625776,00-99,,CN,local,debit
625777,00-99,,CN,local,debit
625778,00-99,,CN,local,debit
625779,00-99,,CN,local,debit
625780,00-99,,CN,local,debit
625781,00-99,,CN,local,debit
625782,00-99,,CN,local,debit
625783,00-99,,CN,local,debit
625784,00-99,,CN,local,debit
625785,00-99,,CN,local,debit
625786,00-99,,CN,local,debit
625787,00-99,,CN,local,debit
625788,00-99,,CN,local,debit
625789,00-99,,CN,local,debit
625790,00-99,,CN,local,debit
625791,00-99,,CN,local,debit
625792,00-99,,CN,local,debit
625793,00-99,,CN,local,debit
625794,00-99,,CN,local,debit
625795,00-99,,CN,local,debit
625796,00-99,,CN,local,debit
625797,00-99,,CN,local,debit
625798,00-99,,CN,local,debit
625799,00-99,,CN,local,debit
625800,00-99,HANGZHOU COMMERCIAL BANK,CN,local,credit
625801,00-99,INDUSTRIAL AND COMMERCIAL BANK OF CHINA (ASIA) LTD.,HK,local,credit
625802,00-99,CHINA MERCHANTS BANK,CN,local,credit
625803,00-99,CHINA MERCHANTS BANK,CN,local,credit
625804,00-99,KB KOOKMIN CARD CO. LTD,KR,local,credit
625805,00-99,GUANG DONG DEVELOPMENT BANK,CN,local,credit
625806,00-99,GUANG DONG DEVELOPMENT BANK,CN,local,credit
625807,00-99,GUANG DONG DEVELOPMENT BANK,CN,local,credit
625808,00-99,GUANG DONG DEVELOPMENT BANK,CN,local,credit
625809,00-99,GUANG DONG DEVELOPMENT BANK,CN,local,credit
625810,00-99,GUANG DONG DEVELOPMENT BANK,CN,local,credit
625811,00-99,SHENGJING BANK,CN,local,credit
625812,00-99,,CN,local,debit
625813,00-99,,CN,local,debit
625814,00-99,SAMSUNG CARD CO. LTD.,KR,local,credit
625815,00-99,,CN,local,debit
625816,00-99,BANK OF BEIJING,CN,local,credit
625817,00-99,SAMSUNG CARD CO. LTD.,KR,local,credit
625818,00-99,AGRICULTURE BANK OF CHINA,CN,local,credit
625819,00-99,TIANJIN RURAL COMMERCIAL BANK,CN,local,credit
625820,00-99,SHAN XI YAO DU NONG CUN COMMERCIAL BANK,CN,local,credit
625821,00-99,CHINA ZHESHANG BANK CO.LTD,CN,local,credit
625822,00-99,ZHESHANG BANK CO. LTD.,CN,local,debit
625823,00-99,PING AN BANK CO. LTD.-CREDIT IC CARD,CN,local,credit
625824,00-99,CUP TOKEN,CN,local,credit
625825,00-99,PING AN BANK CO. LTD.-PLATINUM IC CARD,CN,local,credit
625826,00-99,AGRICULTURAL BANK OF CHINA,CN,local,credit
625827,00-99,AGRICULTURAL BANK OF CHINA,CN,local,credit
625828,00-99,HUI SHANG BANK,CN,local,credit
625829,00-99,BANK OF CHINA,MY,local,credit
625830,00-99,,CN,local,debit
625831,00-99,PEOPLES BANK OF CHINA,CN,local,credit
625832,00-99,,CN,local,debit
625833,00-99,SHANGHAI PUDONG DEVELOPMENT BANK,CN,local,credit
625834,00-99,BANK OF CHINA,CN,local,credit
625835,00-99,,CN,local,debit
625836,00-99,GUANGZHOU BANK CO. LTD.,CN,local,credit
625837,00-99,RURAL CREDIT COOPERATIVE OF HEBEI,CN,local,credit
625838,00-99,KUNSHAN RURAL COMMERCIAL BANK,CN,local,credit
625839,00-99,BANK OF SHANGHAI-TAOBAO IC CARD,CN,local,credit
625840,00-99,SHINHAN CARD CO. LTD.,KR,local,credit
625841,00-99,SHINHAN CARD CO. LTD.,KR,local,credit
625842,00-99,KASIKORN BANK PCL,TH,local,credit
625843,00-99,KASIKORN BANK PCL,TH,local,credit
625844,00-99,,CN,local,debit
625845,00-99,,CN,local,debit
625846,00-99,,CN,local,debit
625847,00-99,,CN,local,debit
625848,00-99,,CN,local,debit
625849,00-99,,CN,local,debit
625850,00-99,HUBEI BANK CORPORATION LTD.,CN,local,credit
625851,00-99,,CN,local,debit
625852,00-99,,CN,local,debit
625853,00-99,,CN,local,debit
625854,00-99,,CN,local,debit
625855,00-99,,CN,local,debit
625856,00-99,,CN,local,debit
625857,00-99,,CN,local,debit
625858,00-99,INDUSTRIAL AND COMMERCIAL BANK OF CHINA LTD.,CN,local,credit
625859,00-99,INDUSTRIAL AND COMMERCIAL BANK OF CHINA,CN,local,credit
625860,00-99,INSDUSTRIAL AND COMMERCIAL BANK OF CHINA,CN,local,credit
625861,00-99,,CN,local,debit
625862,00-99,,CN,local,debit
625863,00-99,,CN,local,debit
625864,00-99,,CN,local,debit
625865,00-99,ICBC-IC GOLD CARD,CN,local,credit
625866,00-99,ICBC-IC PLATINUM CARD,CN,local,credit
625867,00-99,,CN,local,debit
625868,00-99,,CN,local,debit
625869,00-99,,CN,local,debit
625870,00-99,,CN,local,debit
625871,00-99,,CN,local,debit
625872,00-99,,CN,local,debit
625873,00-99,,CN,local,debit
625874,00-99,,CN,local,debit
625875,00-99,,CN,local,debit
625876,00-99,,CN,local,debit
625877,00-99,,CN,local,debit
625878,00-99,,CN,local,debit
625879,00-99,,CN,local,debit
625880,00-99,,CN,local,debit
625881,00-99,,CN,local,debit
625882,00-99,,CN,local,debit
625883,00-99,,CN,local,debit
625884,00-99,,CN,local,debit
625885,00-99,,CN,local,debit
625886,00-99,HUARONG XIANGJIANG BANK,CN,local,credit
625887,00-99,,CN,local,debit
625888,00-99,DONGGUAN RURAL COMMERCIAL BANK-CREDIT IC CARD,CN,local,credit
625889,00-99,HUBEI RURAL CREDIT UNION,CN,local,credit
625890,00-99,QILU BANK,CN,local,credit
625891,00-99,BANK OF GUIZHOU CO.LTD,CN,local,credit
625892,00-99,,CN,local,debit
625893,00-99,,CN,local,debit
625894,00-99,,CN,local,debit
625895,00-99,,CN,local,debit
625896,00-99,,CN,local,debit
625897,00-99,BANK OF CHINA,CN,local,credit
625898,00-99,HEILONGJIANG RURAL CREDIT COOPERATIVE UNION,CN,local,debit
625899,00-99,ICBC-ICBC IC CARD,CN,local,credit
625900,00-99,ICBC CREDIT CARD-ICBC CREDIT CARD,HK,local,credit
625901,00-99,CHANGSHA CITY COMMERCIAL BANK(CREDIT CARD),CN,local,credit
625902,00-99,JIANGSU BANK,CN,local,credit
625903,00-99,BANK OF NINGBO SH,CN,local,credit
625904,00-99,LOTTE CARD CO. LTD.,KR,local,credit
625905,00-99,BANK OF CHINA,CN,local,credit
625906,00-99,BANK OF CHINA,CN,local,credit
625907,00-99,BANK OF CHINA,CN,local,credit
625908,00-99,BANK OF CHINA-BOC FINANCIAL IC CARD PLATINUM CARD,CN,local,credit
625909,00-99,BANK OF CHINA,CN,local,credit
625910,00-99,BANK OF CHINA-BOC FINANCIAL IC CARD CARD,CN,local,credit
625911,00-99,CAHYA MATA SARAWAK BERHAD,CN,local,credit
625912,00-99,MINSHENG BANK-UNIONPAY CHIP GOLD CARD,CN,local,credit
625913,00-99,MINSHENG BANK-UNIONPAY CHIP PLATINUM CARD,CN,local,credit
625914,00-99,ICBC ALMATY BANK,KZ,local,credit
625915,00-99,ICBC,HK,local,credit
625916,00-99,ICBC,HK,local,credit
625917,00-99,ICBC SINGAPORE BRANCH,SG,local,credit
625918,00-99,ICBC INDONESIA BRANCH,ID,local,credit
625919,00-99,YOUCHU BANK,CN,local,credit
625920,00-99,ICBC THAILAND,TH,local,credit
625921,00-99,ICBC MALAYSIA,MY,local,credit
625922,00-99,ICBC HANOI,VN,local,credit
625923,00-99,INDUSTRIAL AND COMMERCIAL BANK OF CHINA MILAN BROUNCH,IT,local,credit
625924,00-99,ICBC LONDON,GB,local,credit
625925,00-99,ICBC LUXEMBOURG BRANCH,CN,local,credit
625926,00-99,ICBC AMSTERDAM,NL,local,credit
625927,00-99,ICBC,BR,local,credit
625928,00-99,ICBC ALMATY,KZ,local,credit
625929,00-99,ICBC BRUSSELS,BE,local,credit
625930,00-99,ICBC CANADA,CA,local,credit
625931,00-99,ICBC INDONESIA,ID,local,credit
625932,00-99,INDUSTRIAL AND COMMERCIAL BANK OF CHINA FRANKFURT BRANCH,DE,local,credit
625933,00-99,ICBC MADRID,ES,local,credit
625934,00-99,ICBC HANOI-ICBC VIETNAMESE DONG CREDIT CARD,VN,local,credit
625935,00-99,,CN,local,debit
625936,00-99,,CN,local,debit
625937,00-99,,CN,local,debit
625938,00-99,,CN,local,debit
625939,00-99,ICBC PHNOM PENH BRANCH,KH,local,credit
625940,00-99,DAH SING BANK LTD.,HK,local,credit
625941,00-99,INDUSTRIAL AND COMMERCIAL BANK OF CHINA (ASIA) LTD.,HK,local,credit
625942,00-99,ICBC KARACHI BRANCH,PK,local,credit
625943,00-99,BANK OF CHINA,MY,local,credit
625944,00-99,PHONGSAVANH BANK LTD.,LA,local,credit
625945,00-99,AMBANK (M) BERHAD,MY,local,credit
625946,00-99,WUHAN COMMERCIAL BANK,CN,local,credit
625947,00-99,,CN,local,debit
625948,00-99,,CN,local,debit
625949,00-99,,CN,local,debit
625950,00-99,BAOTOU CITY COMMERCIAL BANK,CN,local,credit
625951,00-99,,CN,local,debit
625952,00-99,HARBIN BANK,CN,local,credit
625953,00-99,BANK OF SHANGHAI,CN,local,credit
625954,00-99,,CN,local,debit
625955,00-99,CHINA CONSTRUCTION BANK,CN,local,credit
625956,00-99,CHINA CONSTRUCTION BANK,CN,local,credit
625957,00-99,PEOPLES BANK OF CHINA,CN,local,credit
625958,00-99,SHANGHAI PUDONG DEVELOPMENT BANK OF CHINA,CN,local,credit
625959,00-99,XNCUB,CN,local,credit
625960,00-99,CHINA INDUSTRIAL BANK CREDIT CARD,CN,local,credit
625961,00-99,CHINA INDUSTRIAL BANK CREDIT CARD,CN,local,credit
625962,00-99,CHINA INDUSTRIAL BANK CREDIT CARD,CN,local,credit
625963,00-99,CHINA INDUSTRIAL BANK CREDIT CARD,CN,local,credit
625964,00-99,CHINA CONSTRUCTION BANK,CN,local,credit
625965,00-99,CHINA CONSTRUCTION BANK,CN,local,credit
625966,00-99,CHINA CONSTRUCTION BANK,CN,local,credit
625967,00-99,HUA XIA BANK,CN,local,credit
625968,00-99,HUA XIA BANK,CN,local,credit
625969,00-99,HUA XIA BANK,CN,local,credit
625970,00-99,PEOPLES BANK OF CHINA,CN,local,credit
625971,00-99,PUDONG DEVELOPMENT BANK,CN,local,credit
625972,00-99,BANK OF EAST ASIA,CN,local,credit
625973,00-99,BANK OF EAST ASIA,CN,local,credit
625974,00-99,CREDIT CARD CENTER OF CHINA EVERBRIGHT BANK,CN,local,credit
625975,00-99,CHINA EVERBRIGHT BANK,CN,local,credit
625976,00-99,CHINA EVERBRIGHT BANK,CN,local,credit
625977,00-99,CHINA EVERBRIGHT BANK,CN,local,credit
625978,00-99,CHINA EVERBRIGHT BANK,CN,local,credit
625979,00-99,CHINA EVERBRIGHT BANK,CN,local,credit
625980,00-99,CHINA EVERBRIGHT BANK,CN,local,credit
625981,00-99,CHINA EVERBRIGHT BANK,CN,local,credit
625982,00-99,,CN,local,debit
625983,00-99,,CN,local,debit
625984,00-99,,CN,local,debit
625985,00-99,,CN,local,debit
625986,00-99,ICBC VIENTIANE BRANCH,LA,local,credit
625987,00-99,INDUSTRIAL AND COMMERCIAL BANK OF CHINA PHNOM PENH BRANCH,KH,local,credit
625988,00-99,WENZHOU BANK-CREDIT IC CARD,CN,local,credit
625989,00-99,SHANGHAI RURAL COMMERCIAL BANK,CN,local,credit
625990,00-99,,CN,local,debit
625991,00-99,,CN,local,debit
625992,00-99,JIANGXI RURAL CREDIT COOPERAHVES,CN,local,credit
625993,00-99,SHANGHAI PUDONG DEVELOPMENT BANK,CN,local,credit
625994,00-99,YUNNANSHENG RURAL CREDIT COOPERATIVE,CN,local,credit
625995,00-99,TIANJIN COMMERCIAL BANK-CREDIT IC CARD,CN,local,credit
625996,00-99,AGRICULTURAL BANK OF CHINA,CN,local,credit
625997,00-99,AGRICULTURAL BANK OF CHINA,CN,local,credit
625998,00-99,AGRICULTURAL BANK OF CHINA,CN,local,credit
625999,00-99,AGRICULTURE BANK OF CHINA,CN,local,credit
626000,00-99,,CN,local,debit
626001,00-99,,CN,local,debit
626002,00-99,,CN,local,debit
626003,00-99,,CN,local,debit
626004,00-99,,CN,local,debit
626005,00-99,,CN,local,debit
626006,00-99,,CN,local,debit
626007,00-99,,CN,local,debit
626008,00-99,,CN,local,debit
626009,00-99,,CN,local,debit
626010,00-99,,CN,local,debit
626011,00-99,,CN,local,debit
626012,00-99,,CN,local,debit
626013,00-99,,CN,local,debit
626014,00-99,,CN,local,debit
626015,00-99,E.SUN COMMERCIAL BANK CO.LTD.,TW,local,debit
626016,00-99,,CN,local,debit
626017,00-99,,CN,local,debit
626018,00-99,,CN,local,debit
626019,00-99,,CN,local,debit
626020,00-99,,CN,local,debit
626021,00-99,,CN,local,debit
626022,00-99,,CN,local,debit
626023,00-99,,CN,local,debit
626024,00-99,,CN,local,debit
626025,00-99,,CN,local,debit
626026,00-99,,CN,local,debit
626027,00-99,,CN,local,debit
626028,00-99,,CN,local,debit
626029,00-99,,CN,local,debit
626030,00-99,,CN,local,debit
626031,00-99,,CN,local,debit
626032,00-99,,CN,local,debit
626033,00-99,,CN,local,debit
626034,00-99,,CN,local,debit
626035,00-99,,CN,local,debit
626036,00-99,,CN,local,debit
626037,00-99,,CN,local,debit
626038,00-99,,CN,local,debit
626039,00-99,,CN,local,debit
626040,00-99,,CN,local,debit
626041,00-99,,CN,local,debit
626042,00-99,,CN,local,debit
626043,00-99,,CN,local,debit
626044,00-99,,CN,local,debit
626045,00-99,,CN,local,debit
626046,00-99,,CN,local,debit
626047,00-99,,CN,local,debit
626048,00-99,,CN,local,debit
626049,00-99,,CN,local,debit
626050,00-99,,CN,local,debit
626051,00-99,,CN,local,debit
626052,00-99,,CN,local,debit
626053,00-99,,CN,local,debit
626054,00-99,,CN,local,debit
626055,00-99,,CN,local,debit
626056,00-99,,CN,local,debit
626057,00-99,,CN,local,debit
626058,00-99,,CN,local,debit
626059,00-99,,CN,local,debit
626060,00-99,,CN,local,debit
626061,00-99,,CN,local,debit
626062,00-99,,CN,local,debit
626063,00-99,,CN,local,debit
626064,00-99,,CN,local,debit
626065,00-99,,CN,local,debit
626066,00-99,,CN,local,debit
626067,00-99,,CN,local,debit
626068,00-99,,CN,local,debit
626069,00-99,,CN,local,debit
626070,00-99,,CN,local,debit
626071,00-99,,CN,local,debit
626072,00-99,,CN,local,debit
626073,00-99,,CN,local,debit
626074,00-99,,CN,local,debit
626075,00-99,,CN,local,debit
626076,00-99,,CN,local,debit
626077,00-99,,CN,local,debit
626078,00-99,,CN,local,debit
626079,00-99,,CN,local,debit
626080,00-99,,CN,local,debit
626081,00-99,,CN,local,debit
626082,00-99,,CN,local,debit
626083,00-99,,CN,local,debit
626084,00-99,,CN,local,debit
626085,00-99,,CN,local,debit
626086,00-99,,CN,local,debit
626087,00-99,,CN,local,debit
626088,00-99,,CN,local,debit
626089,00-99,,CN,local,debit
626090,00-99,,CN,local,debit
626091,00-99,,CN,local,debit
626092,00-99,,CN,local,debit
626093,00-99,,CN,local,debit
626094,00-99,,CN,local,debit
626095,00-99,,CN,local,debit
626096,00-99,,CN,local,debit
626097,00-99,,CN,local,debit
626098,00-99,,CN,local,debit
626099,00-99,,CN,local,debit
626100,00-99,,CN,local,debit
626101,00-99,,CN,local,debit
626102,00-99,,CN,local,debit
626103,00-99,,CN,local,debit
626104,00-99,,CN,local,debit
626105,00-99,,CN,local,debit
626106,00-99,,CN,local,debit
626107,00-99,,CN,local,debit
626108,00-99,,CN,local,debit
626109,00-99,,CN,local,debit
626110,00-99,,CN,local,debit
626111,00-99,,CN,local,debit
626112,00-99,,CN,local,debit
626113,00-99,,CN,local,debit
626114,00-99,,CN,local,debit
626115,00-99,,CN,local,debit
626116,00-99,,CN,local,debit
626117,00-99,,CN,local,debit
626118,00-99,,CN,local,debit
626119,00-99,,CN,local,debit
626120,00-99,,CN,local,debit
626121,00-99,,CN,local,debit
626122,00-99,,CN,local,debit
626123,00-99,,CN,local,debit
626124,00-99,,CN,local,debit
626125,00-99,,CN,local,debit
626126,00-99,,CN,local,debit
626127,00-99,,CN,local,debit
626128,00-99,,CN,local,debit
626129,00-99,,CN,local,debit
626130,00-99,,CN,local,debit
626131,00-99,,CN,local,debit
626132,00-99,,CN,local,debit
626133,00-99,,CN,local,debit
626134,00-99,,CN,local,debit
626135,00-99,,CN,local,debit
626136,00-99,,CN,local,debit
626137,00-99,,CN,local,debit
626138,00-99,,CN,local,debit
626139,00-99,,CN,local,debit
626140,00-99,,CN,local,debit
626141,00-99,,CN,local,debit
626142,00-99,,CN,local,debit
626143,00-99,,CN,local,debit
626144,00-99,,CN,local,debit
626145,00-99,,CN,local,debit
626146,00-99,,CN,local,debit
626147,00-99,,CN,local,debit
626148,00-99,,CN,local,debit
626149,00-99,,CN,local,debit
626150,00-99,,CN,local,debit
626151,00-99,,CN,local,debit
626152,00-99,,CN,local,debit
626153,00-99,,CN,local,debit
626154,00-99,,CN,local,debit
626155,00-99,,CN,local,debit
626156,00-99,,CN,local,debit
626157,00-99,,CN,local,debit
626158,00-99,,CN,local,debit
626159,00-99,,CN,local,debit
626160,00-99,,CN,local,debit
626161,00-99,,CN,local,debit
626162,00-99,,CN,local,debit
626163,00-99,,CN,local,debit
626164,00-99,,CN,local,debit
626165,00-99,,CN,local,debit
626166,00-99,,CN,local,debit
626167,00-99,,CN,local,debit
626168,00-99,,CN,local,debit
626169,00-99,,CN,local,debit
626170,00-99,,CN,local,debit
626171,00-99,,CN,local,debit
626172,00-99,,CN,local,debit
626173,00-99,,CN,local,debit
626174,00-99,,CN,local,debit
626175,00-99,,CN,local,debit
626176,00-99,,CN,local,debit
626177,00-99,,CN,local,debit
626178,00-99,,CN,local,debit
626179,00-99,,CN,local,debit
626180,00-99,,CN,local,debit
626181,00-99,,CN,local,debit
626182,00-99,,CN,local,debit
626183,00-99,,CN,local,debit
626184,00-99,,CN,local,debit
626185,00-99,,CN,local,debit
626186,00-99,,CN,local,debit
626187,00-99,,CN,local,debit
626188,00-99,,CN,local,debit
626189,00-99,,CN,local,debit
626190,00-99,,CN,local,debit
626191,00-99,,CN,local,debit
626192,00-99,,CN,local,debit
626193,00-99,,CN,local,debit
626194,00-99,,CN,local,debit
626195,00-99,,CN,local,debit
626196,00-99,,CN,local,debit
626197,00-99,,CN,local,debit
626198,00-99,,CN,local,debit
626199,00-99,,KR,local,credit
626200,00-99,BANK OF CHINA LIMITED MACAU BRANCH,MO,local,credit
626201,00-99,BANK OF CHINA(AUSTRALIA)LIMITED,AU,local,credit
626202,00-99,AL HAIL ORIX FINANCE PSC,AE,local,credit
626203,00-99,,CN,local,debit
626204,00-99,JOINT DEVELOPMENT BANK CO. LTD,LA,local,credit
626205,00-99,INN FOR UNIONPAY CARD NETWORK,MN,local,credit
626206,00-99,BOC CREDIT CARD (INTERNATIONAL) LTD.,HK,local,credit
626207,00-99,,CN,local,debit
626208,00-99,BOC CREDIT CARD (INTERNATIONAL) LTD.,HK,local,credit
626209,00-99,,CN,local,debit
626210,00-99,BOC CREDIT CARD (INTERNATIONAL) LTD.,HK,local,credit
626211,00-99,,CN,local,debit
626212,00-99,BOC CREDIT CARD (INTERNATIONAL) LTD.,HK,local,credit
626213,00-99,,CN,local,debit
626214,00-99,BOC CREDIT CARD (INTERNATIONAL) LTD.,HK,local,credit
626215,00-99,,CN,local,debit
626216,00-99,INN FOR UNIONPAY CARD NETWORK,TJ,local,credit
626217,00-99,SBM BANK (MAURITIUS) LTD.,MU,local,credit
626218,00-99,INTERNATIONAL BANK OF TAJIKISTAN,TJ,local,credit
626219,00-99,INN FOR UNIONPAY CARD NETWORK,PT,local,credit
626220,00-99,MYANMA APEX BANK,MM,local,credit
626221,00-99,GOLOMT BANK OF MONGOLIA,MN,local,credit
626222,00-99,SAMSUNG CARD CO. LTD.,KR,local,credit
626223,00-99,CREDICORP BANK S.A.,PA,local,credit
626224,00-99,,UZ,local,credit
626225,00-99,INN FOR UNIONPAY CARD NETWORK,US,local,credit
626226,00-99,GLOBAL BANK,US,local,credit
626227,00-99,ST PETERSBURG BANK,RU,local,credit
626228,00-99,,JO,local,credit
626229,00-99,NATIONAL BANK OF PAKISTAN,PK,local,credit
626230,00-99,INN FOR UNIONPAY CARD NETWORK,TJ,local,credit
626231,00-99,INN FOR UNIONPAY CARD NETWORK,PT,local,credit
626232,00-99,SOUTHERN COMMERCLAL BANK NV,SR,local,credit
626233,00-99,COMMERCIAL BANK OF CEYLON PLC,LK,local,credit
626234,00-99,COMMERCIAL BANK OF CEYLON PLC,LK,local,credit
626235,00-99,COMMERCIAL BANK OF CEYLON PLC,LK,local,credit
626236,00-99,KEB HANA BANK CO. LTD.,KR,local,credit
626237,00-99,KEB HANA CARD CO. LTD.,KR,local,credit
626238,00-99,INN FOR UNIONPAY CARD NETWORK,TJ,local,credit
626239,00-99,JOINT-STOCK COMPANY COMMERCIAL BANK SOLIDARNOST,RU,local,credit
626240,00-99,TRANSFOREX,HK,local,credit
626241,00-99,BELGAZPROMBANK(POS),BY,local,credit
626242,00-99,PJSC ORIENT EXPRESS BANK,RU,local,credit
626243,00-99,VIETINBANK,VN,local,credit
626244,00-99,JSC ATFBANK,KZ,local,credit
626245,00-99,JSC ATFBANK,KZ,local,credit
626246,00-99,,FJ,local,credit
626247,00-99,ALOQABANK,UZ,local/uzcard,credit
626248,00-99,QISHLOQ QURILISH BANK,UZ,local/uzcard,credit
626249,00-99,IPAK YO'LI BANK,UZ,local/uzcard,credit
626250,00-99,BC CARD,KR,local,credit
626251,00-99,BC CARD,KR,local,credit
626252,00-99,,CN,local,debit
626253,00-99,INFIN BANK,UZ,local/uzcard,credit
626254,00-99,EAST WEST BANK,US,local,credit
626255,00-99,ORIENT-FINANS BANK,UZ,local/uzcard,credit
626256,00-99,HAMKOR BANK,UZ,local/uzcard,credit
626257,00-99,AGROBANK,UZ,local/uzcard,credit
626258,00-99,INN FOR UNIONPAY CARD NETWORK,KZ,local,credit
626259,00-99,ALINMA BANK,SA,local,credit
626260,00-99,,HK,local,credit
626261,00-99,KEB HANA CARD CO. LTD.,KR,local,credit
626262,00-99,,CN,local,debit
626263,00-99,NBU,UZ,local/uzcard,debit
626264,00-99,,CN,local,debit
626265,00-99,,CN,local,debit
626266,00-99,,CN,local,debit
626267,00-99,,CN,local,debit
626268,00-99,,CN,local,debit
626269,00-99,,CN,local,debit
626270,00-99,,CN,local,debit
626271,00-99,,CN,local,debit
626272,00-99,ASIA ALLIANCE BANK,UZ,local/uzcard,credit
626273,00-99,DAVR BANK,UZ,local,credit
626274,00-99,,UZ,local,credit
626275,00-99,POST OFFICE,KR,local,credit
626276,00-99,INN FOR UNIONPAY CARD NETWORK,AO,local,credit
626277,00-99,WOORI CARD,KR,local,credit
626278,00-99,KRUNGTHAI CARD PUBLIC COMPANY L,TH,local,credit
626279,00-99,,ID,local,credit
626280,00-99,KASIKORNBANK PUBLIC COMPANY LTD.,TH,local,credit
626281,00-99,,CN,local,debit
626282,00-99,TURKISTONBANK,UZ,local/uzcard,credit
626283,00-99,UNIVERSALBANK,UZ,local/uzcard,credit
626284,00-99,,CN,local,debit
626285,00-99,,SG,local,credit
626286,00-99,,HK,local,credit
626287,00-99,JOINT STOCK COMPANY ALTYN BANK,KZ,local,credit
626288,00-99,JOINT STOCK COMPANY ALTYN BANK,KZ,local,credit
626289,00-99,BANCO BOLIVARIANO C.A.,EC,local,credit
626290,00-99,INN FOR UNIONPAY CARD NETWORK,MN,local,credit
626291,00-99,XALQ BANK,UZ,local/uzcard,credit
626292,00-99,MIKROKREDITBANK,UZ,local/uzcard,credit
626293,00-99,BANCO BOLIVARIANO C.A.,EC,local,credit
626294,00-99,BANCO BOLIVARIANO C.A.,EC,local,credit
626295,00-99,BANCO WELL LINKS.A.,MO,local,credit
626296,00-99,,DM,local,credit
626297,00-99,,PT,local,credit
626298,00-99,,VN,local,credit
626299,00-99,,KR,local,credit
626300,00-99,,RU,local,credit
626301,00-99,HSBC,HK,local,debit
626302,00-99,,KR,local,credit
626303,00-99,KEB HANA CARD CO. LTD.,KR,local,debit
626304,00-99,,RU,local,credit
626305,00-99,,CN,local,debit
626306,00-99,,CN,local,debit
626307,00-99,,KR,local,credit
626308,00-99,,CN,local,debit
626309,00-99,,CN,local,debit
626310,00-99,,CN,local,debit
626311,00-99,,CN,local,debit
626312,00-99,,CN,local,debit
626313,00-99,,CN,local,debit
626314,00-99,,CN,local,debit
626315,00-99,,CN,local,debit
626316,00-99,,CN,local,debit
626317,00-99,,CN,local,debit
626318,00-99,,CN,local,debit
626319,00-99,,CN,local,debit
626320,00-99,,CN,local,debit
626321,00-99,,CN,local,debit
626322,00-99,,CN,local,debit
626323,00-99,,CN,local,debit
626324,00-99,,CN,local,debit
626325,00-99,,CN,local,debit
626326,00-99,,CN,local,debit
626327,00-99,,CN,local,debit
626328,00-99,,CN,local,debit
626329,00-99,,CN,local,debit
626330,00-99,,CN,local,debit
626331,00-99,,CN,local,debit
626332,00-99,,CN,local,debit
626333,00-99,,CN,local,debit
626334,00-99,,CN,local,debit
626335,00-99,,CN,local,debit
626336,00-99,,CN,local,debit
626337,00-99,,CN,local,debit
626338,00-99,,CN,local,debit
626339,00-99,,CN,local,debit
626340,00-99,,CN,local,debit
626341,00-99,,CN,local,debit
626342,00-99,,CN,local,debit
626343,00-99,,CN,local,debit
626344,00-99,NH CARD,KR,local,credit
626345,00-99,,CN,local,debit
626346,00-99,,CN,local,debit
626347,00-99,,CN,local,debit
626348,00-99,,CN,local,debit
626349,00-99,,CN,local,debit
626350,00-99,,CN,local,debit
626351,00-99,,CN,local,debit
626352,00-99,,CN,local,debit
626353,00-99,,CN,local,debit
626354,00-99,,CN,local,debit
626355,00-99,,CN,local,debit
626356,00-99,,CN,local,debit
626357,00-99,,CN,local,debit
626358,00-99,,CN,local,debit
626359,00-99,,CN,local,debit
626360,00-99,UPI TOKEN,CN,local,credit
626361,00-99,UPI TOKEN,CN,local,debit
626362,00-99,UPI TOKEN,CN,local,credit
626363,00-99,,CN,local,debit
626364,00-99,,CN,local,debit
626365,00-99,,CN,local,debit
626366,00-99,,CN,local,debit
626367,00-99,,CN,local,debit
626368,00-99,,CN,local,debit
626369,00-99,,CN,local,debit
626370,00-99,,CN,local,debit
626371,00-99,,CN,local,debit
626372,00-99,,CN,local,debit
626373,00-99,,CN,local,debit
626374,00-99,FIRST HEARTLAND JUSAN BANK JOINT STOCK COMPANY,KZ,local,credit
626375,00-99,,CN,local,debit
626376,00-99,,CN,local,debit
626377,00-99,,CN,local,debit
626378,00-99,,CN,local,debit
626379,00-99,,CN,local,debit
626380,00-99,,CN,local,debit
626381,00-99,,CN,local,debit
626382,00-99,,CN,local,debit
626383,00-99,,CN,local,debit
626384,00-99,,CN,local,debit
626385,00-99,,CN,local,debit
626386,00-99,,CN,local,debit
626387,00-99,,CN,local,debit
626388,00-99,,CN,local,debit
626389,00-99,,CN,local,debit
626390,00-99,,CN,local,debit
626391,00-99,,CN,local,debit
626392,00-99,,CN,local,debit
626393,00-99,,CN,local,debit
626394,00-99,SHINHAN CARD CO.LTD,KR,local,credit
626395,00-99,INN FOR UNIONPAY CARD NETWORK,KR,local,credit
626396,00-99,CHONG HING BANK LTD.,HK,local,credit
626397,00-99,,CN,local,debit
626398,00-99,INN FOR UNIONPAY CARD NETWORK,GE,local,credit
626399,00-99,KEB HANA CARD CO. LTD.,KR,local,credit
626400,00-99,ONE,KR,local,credit
626401,00-99,AL HAIL ORIX FINANCE PSC,AE,local,credit
626402,00-99,KB KOOKMIN CARD CO. LTD,KR,local,credit
626403,00-99,HALYK SAVINGS BANK OF KAZAKHSTAN,KZ,local,credit
626404,00-99,INN FOR UNIONPAY CARD NETWORK,NG,local,credit
626405,00-99,,CN,local,debit
626406,00-99,,CN,local,debit
626407,00-99,HKT PAYMENT LTD.,HK,local,credit
626408,00-99,BANK ESKHATA,TJ,local,credit
626409,00-99,ONE,KR,local,credit
626410,00-99,SBM BANK (MAURITIUS) LTD.,MU,local,credit
626411,00-99,BPS-SBERBANK,BY,local,credit
626412,00-99,INN FOR UNIONPAY CARD NETWORK,PT,local,credit
626413,00-99,BANCO COMERCIAL PORTUGUES,PT,local,credit
626414,00-99,SOUTHERN COMMERCLAL BANK NV,SR,local,credit
626415,00-99,IBK BANK,KR,local,credit
626416,00-99,IBK BANK,KR,local,credit
626417,00-99,,CN,local,debit
626418,00-99,ALOQABANK,UZ,local,credit
626419,00-99,,CN,local,debit
626420,00-99,,CN,local,debit
626421,00-99,,CN,local,debit
626422,00-99,POST OFFICE,KR,local,credit
626423,00-99,INN FOR UNIONPAY CARD NETWORK,AO,local,credit
626424,00-99,JOINT STOCK COMPANY ALTYN BANK,KZ,local,credit
626425,00-99,JEJU BANK,KR,local,credit
626426,00-99,BC CARD CO. LTD.,KR,local,credit
626427,00-99,BC CARD CO. LTD.,KR,local,credit
626428,00-99,,KR,local,credit
626429,00-99,,RU,local,credit
626430,00-99,,CN,local,debit
626431,00-99,,CN,local,debit
626432,00-99,,CN,local,debit
626433,00-99,,CN,local,debit
626434,00-99,,CN,local,debit
626435,00-99,,CN,local,debit
626436,00-99,,CN,local,debit
626437,00-99,,CN,local,debit
626438,00-99,,CN,local,debit
626439,00-99,,CN,local,debit
626440,00-99,,CN,local,debit
626441,00-99,,CN,local,debit
626442,00-99,,CN,local,debit
626443,00-99,,CN,local,debit
626444,00-99,,CN,local,debit
626445,00-99,,CN,local,debit
626446,00-99,,CN,local,debit
626447,00-99,,CN,local,debit
626448,00-99,,CN,local,debit
626449,00-99,,CN,local,debit
626450,00-99,,CN,local,debit
626451,00-99,,CN,local,debit
626452,00-99,,CN,local,debit
626453,00-99,,CN,local,debit
626454,00-99,,CN,local,debit
626455,00-99,,CN,local,debit
626456,00-99,,CN,local,debit
626457,00-99,,CN,local,debit
626458,00-99,,CN,local,debit
626459,00-99,,CN,local,debit
626460,00-99,,CN,local,debit
626461,00-99,,CN,local,debit
626462,00-99,,CN,local,debit
626463,00-99,,CN,local,debit
626464,00-99,,CN,local,debit
626465,00-99,,CN,local,debit
626466,00-99,,CN,local,debit
626467,00-99,,CN,local,debit
626468,00-99,,CN,local,debit
626469,00-99,,CN,local,debit
626470,00-99,,CN,local,debit
626471,00-99,,CN,local,debit
626472,00-99,,CN,local,debit
626473,00-99,,CN,local,debit
626474,00-99,,CN,local,debit
626475,00-99,,CN,local,debit
626476,00-99,,CN,local,debit
626477,00-99,,CN,local,debit
626478,00-99,,CN,local,debit
626479,00-99,,CN,local,debit
626480,00-99,,CN,local,debit
626481,00-99,,CN,local,debit
626482,00-99,,CN,local,debit
626483,00-99,,CN,local,debit
626484,00-99,,CN,local,debit
626485,00-99,,CN,local,debit
626486,00-99,,CN,local,debit
626487,00-99,,CN,local,debit
626488,00-99,,CN,local,debit
626489,00-99,,CN,local,debit
626490,00-99,,CN,local,debit
626491,00-99,,CN,local,debit
626492,00-99,,CN,local,debit
626493,00-99,,CN,local,debit
626494,00-99,,CN,local,debit
626495,00-99,,CN,local,debit
626496,00-99,,CN,local,debit
626497,00-99,,CN,local,debit
626498,00-99,,CN,local,debit
626499,00-99,,CN,local,debit
626500,00-99,,CN,local,debit
626501,00-99,,CN,local,debit
626502,00-99,,CN,local,debit
626503,00-99,,CN,local,debit
626504,00-99,,CN,local,debit
626505,00-99,,CN,local,debit
626506,00-99,,CN,local,debit
626507,00-99,,CN,local,debit
626508,00-99,,CN,local,debit
626509,00-99,,CN,local,debit
626510,00-99,,CN,local,debit
626511,00-99,,CN,local,debit
626512,00-99,,CN,local,debit
626513,00-99,,CN,local,debit
626514,00-99,,CN,local,debit
626515,00-99,,CN,local,debit
626516,00-99,,CN,local,debit
626517,00-99,,CN,local,debit
626518,00-99,,CN,local,debit
626519,00-99,,CN,local,debit
626520,00-99,,CN,local,debit
626521,00-99,,CN,local,debit
626522,00-99,,CN,local,debit
626523,00-99,,CN,local,debit
626524,00-99,,CN,local,debit
626525,00-99,,CN,local,debit
626526,00-99,,CN,local,debit
626527,00-99,,CN,local,debit
626528,00-99,,CN,local,debit
626529,00-99,,CN,local,debit
626530,00-99,,CN,local,debit
626531,00-99,,CN,local,debit
626532,00-99,,CN,local,debit
626533,00-99,,CN,local,debit
626534,00-99,,CN,local,debit
626535,00-99,,CN,local,debit
626536,00-99,,CN,local,debit
626537,00-99,,CN,local,debit
626538,00-99,,CN,local,debit
626539,00-99,,CN,local,debit
626540,00-99,,CN,local,debit
626541,00-99,,CN,local,debit
626542,00-99,,CN,local,debit
626543,00-99,,CN,local,debit
626544,00-99,,CN,local,debit
626545,00-99,,CN,local,debit
626546,00-99,,CN,local,debit
626547,00-99,,CN,local,debit
626548,00-99,,CN,local,debit
626549,00-99,,CN,local,debit
626550,00-99,,CN,local,debit
626551,00-99,,CN,local,debit
626552,00-99,,CN,local,debit
626553,00-99,,CN,local,debit
626554,00-99,,CN,local,debit
626555,00-99,,CN,local,debit
626556,00-99,,CN,local,debit
626557,00-99,,CN,local,debit
626558,00-99,,CN,local,debit
626559,00-99,,CN,local,debit
626560,00-99,,CN,local,debit
626561,00-99,,CN,local,debit
626562,00-99,,CN,local,debit
626563,00-99,,CN,local,debit
626564,00-99,,CN,local,debit
626565,00-99,,CN,local,debit
626566,00-99,,CN,local,debit
626567,00-99,,CN,local,debit
626568,00-99,,CN,local,debit
626569,00-99,,CN,local,debit
626570,00-99,,CN,local,debit
626571,00-99,,CN,local,debit
626572,00-99,,CN,local,debit
626573,00-99,,CN,local,debit
626574,00-99,,CN,local,debit
626575,00-99,,CN,local,debit
626576,00-99,,CN,local,debit
626577,00-99,,CN,local,debit
626578,00-99,,CN,local,debit
626579,00-99,,CN,local,debit
626580,00-99,,CN,local,debit
626581,00-99,,CN,local,debit
626582,00-99,,CN,local,debit
626583,00-99,,CN,local,debit
626584,00-99,,CN,local,debit
626585,00-99,,CN,local,debit
626586,00-99,,CN,local,debit
626587,00-99,,CN,local,debit
626588,00-99,,CN,local,debit
626589,00-99,,CN,local,debit
626590,00-99,,CN,local,debit
626591,00-99,,CN,local,debit
626592,00-99,,CN,local,debit
626593,00-99,,CN,local,debit
626594,00-99,,CN,local,debit
626595,00-99,,CN,local,debit
626596,00-99,,CN,local,debit
626597,00-99,,CN,local,debit
626598,00-99,,CN,local,debit
626599,00-99,,CN,local,debit
626600,00-99,,CN,local,debit
626601,00-99,,CN,local,debit
626602,00-99,,CN,local,debit
626603,00-99,,CN,local,debit
626604,00-99,,CN,local,debit
626605,00-99,,CN,local,debit
626606,00-99,,CN,local,debit
626607,00-99,,CN,local,debit
626608,00-99,,CN,local,debit
626609,00-99,,CN,local,debit
626610,00-99,,CN,local,debit
626611,00-99,,CN,local,debit
626612,00-99,,CN,local,debit
626613,00-99,,CN,local,debit
626614,00-99,,CN,local,debit
626615,00-99,,CN,local,debit
626616,00-99,,CN,local,debit
626617,00-99,,CN,local,debit
626618,00-99,,CN,local,debit
626619,00-99,,CN,local,debit
626620,00-99,,CN,local,debit
626621,00-99,,CN,local,debit
626622,00-99,,CN,local,debit
626623,00-99,,CN,local,debit
626624,00-99,,CN,local,debit
626625,00-99,,CN,local,debit
626626,00-99,,CN,local,debit
626627,00-99,,CN,local,debit
626628,00-99,,CN,local,debit
626629,00-99,,CN,local,debit
626630,00-99,,CN,local,debit
626631,00-99,,CN,local,debit
626632,00-99,,CN,local,debit
626633,00-99,,CN,local,debit
626634,00-99,,CN,local,debit
626635,00-99,,CN,local,debit
626636,00-99,,CN,local,debit
626637,00-99,,CN,local,debit
626638,00-99,,CN,local,debit
626639,00-99,,CN,local,debit
626640,00-99,,CN,local,debit
626641,00-99,,CN,local,debit
626642,00-99,,CN,local,debit
626643,00-99,,CN,local,debit
626644,00-99,,CN,local,debit
626645,00-99,,CN,local,debit
626646,00-99,,CN,local,debit
626647,00-99,,CN,local,debit
626648,00-99,,CN,local,debit
626649,00-99,,CN,local,debit
626650,00-99,,CN,local,debit
626651,00-99,,CN,local,debit
626652,00-99,,CN,local,debit
626653,00-99,,CN,local,debit
626654,00-99,,CN,local,debit
626655,00-99,,CN,local,debit
626656,00-99,,CN,local,debit
626657,00-99,,CN,local,debit
626658,00-99,,CN,local,debit
626659,00-99,,CN,local,debit
626660,00-99,,CN,local,debit
626661,00-99,,CN,local,debit
626662,00-99,,CN,local,debit
626663,00-99,,CN,local,debit
626664,00-99,,CN,local,debit
626665,00-99,,CN,local,debit
626666,00-99,,CN,local,debit
626667,00-99,,CN,local,debit
626668,00-99,,CN,local,debit
626669,00-99,,CN,local,debit
626670,00-99,,CN,local,debit
626671,00-99,,CN,local,debit
626672,00-99,,CN,local,debit
626673,00-99,,CN,local,debit
626674,00-99,,CN,local,debit
626675,00-99,,CN,local,debit
626676,00-99,,CN,local,debit
626677,00-99,,CN,local,debit
626678,00-99,,CN,local,debit
626679,00-99,,CN,local,debit
626680,00-99,,CN,local,debit
626681,00-99,,CN,local,debit
626682,00-99,,CN,local,debit
626683,00-99,,CN,local,debit
626684,00-99,,CN,local,debit
626685,00-99,,CN,local,debit
626686,00-99,,CN,local,debit
626687,00-99,,CN,local,debit
626688,00-99,,CN,local,debit
626689,00-99,,CN,local,debit
626690,00-99,,CN,local,debit
626691,00-99,,CN,local,debit
626692,00-99,,CN,local,debit
626693,00-99,,CN,local,debit
626694,00-99,,CN,local,debit
626695,00-99,,CN,local,debit
626696,00-99,,CN,local,debit
626697,00-99,,CN,local,debit
626698,00-99,,CN,local,debit
626699,00-99,,CN,local,debit
626700,00-99,,CN,local,debit
626701,00-99,,CN,local,debit
626702,00-99,,CN,local,debit
626703,00-99,,CN,local,debit
626704,00-99,,CN,local,debit
626705,00-99,,CN,local,debit
626706,00-99,,CN,local,debit
626707,00-99,,CN,local,debit
626708,00-99,,CN,local,debit
626709,00-99,,CN,local,debit
626710,00-99,,CN,local,debit
626711,00-99,,CN,local,debit
626712,00-99,,CN,local,debit
626713,00-99,,CN,local,debit
626714,00-99,,CN,local,debit
626715,00-99,,CN,local,debit
626716,00-99,,CN,local,debit
626717,00-99,,CN,local,debit
626718,00-99,,CN,local,debit
626719,00-99,,CN,local,debit
626720,00-99,,CN,local,debit
626721,00-99,,CN,local,debit
626722,00-99,,CN,local,debit
626723,00-99,,CN,local,debit
626724,00-99,,CN,local,debit
626725,00-99,,CN,local,debit
626726,00-99,,CN,local,debit
626727,00-99,,CN,local,debit
626728,00-99,,CN,local,debit
626729,00-99,,CN,local,debit
626730,00-99,,CN,local,debit
626731,00-99,,CN,local,debit
626732,00-99,,CN,local,debit
626733,00-99,,CN,local,debit
626734,00-99,,CN,local,debit
626735,00-99,,CN,local,debit
626736,00-99,,CN,local,debit
626737,00-99,,CN,local,debit
626738,00-99,,CN,local,debit
626739,00-99,,CN,local,debit
626740,00-99,,CN,local,debit
626741,00-99,,CN,local,debit
626742,00-99,,CN,local,debit
626743,00-99,,CN,local,debit
626744,00-99,,CN,local,debit
626745,00-99,,CN,local,debit
626746,00-99,,CN,local,debit
626747,00-99,,CN,local,debit
626748,00-99,,CN,local,debit
626749,00-99,,CN,local,debit
626750,00-99,,CN,local,debit
626751,00-99,,CN,local,debit
626752,00-99,,CN,local,debit
626753,00-99,,CN,local,debit
626754,00-99,,CN,local,debit
626755,00-99,,CN,local,debit
626756,00-99,,CN,local,debit
626757,00-99,,CN,local,debit
626758,00-99,,CN,local,debit
626759,00-99,,CN,local,debit
626760,00-99,,CN,local,debit
626761,00-99,,CN,local,debit
626762,00-99,,CN,local,debit
626763,00-99,,CN,local,debit
626764,00-99,,CN,local,debit
626765,00-99,,CN,local,debit
626766,00-99,,CN,local,debit
626767,00-99,,CN,local,debit
626768,00-99,,CN,local,debit
626769,00-99,,CN,local,debit
626770,00-99,,CN,local,debit
626771,00-99,,CN,local,debit
626772,00-99,,CN,local,debit
626773,00-99,,CN,local,debit
626774,00-99,,CN,local,debit
626775,00-99,,CN,local,debit
626776,00-99,,CN,local,debit
626777,00-99,,CN,local,debit
626778,00-99,,CN,local,debit
626779,00-99,,CN,local,debit
626780,00-99,,CN,local,debit
626781,00-99,,CN,local,debit
626782,00-99,,CN,local,debit
626783,00-99,,CN,local,debit
626784,00-99,,CN,local,debit
626785,00-99,,CN,local,debit
626786,00-99,,CN,local,debit
626787,00-99,,CN,local,debit
626788,00-99,,CN,local,debit
626789,00-99,,CN,local,debit
626790,00-99,,CN,local,debit
626791,00-99,,CN,local,debit
626792,00-99,,CN,local,debit
626793,00-99,,CN,local,debit
626794,00-99,,CN,local,debit
626795,00-99,,CN,local,debit
626796,00-99,,CN,local,debit
626797,00-99,,CN,local,debit
626798,00-99,,CN,local,debit
626799,00-99,,CN,local,debit
626800,00-99,,CN,local,debit
626801,00-99,,CN,local,debit
626802,00-99,,CN,local,debit
626803,00-99,,CN,local,debit
626804,00-99,,CN,local,debit
626805,00-99,,CN,local,debit
626806,00-99,,CN,local,debit
626807,00-99,,CN,local,debit
626808,00-99,,CN,local,debit
626809,00-99,,CN,local,debit
626810,00-99,,CN,local,debit
626811,00-99,,CN,local,debit
626812,00-99,,CN,local,debit
626813,00-99,,CN,local,debit
626814,00-99,,CN,local,debit
626815,00-99,,CN,local,debit
626816,00-99,,CN,local,debit
626817,00-99,,CN,local,debit
626818,00-99,,CN,local,debit
626819,00-99,,CN,local,debit
626820,00-99,,CN,local,debit
626821,00-99,,CN,local,debit
626822,00-99,,CN,local,debit
626823,00-99,,CN,local,debit
626824,00-99,,CN,local,debit
626825,00-99,,CN,local,debit
626826,00-99,,CN,local,debit
626827,00-99,,CN,local,debit
626828,00-99,,CN,local,debit
626829,00-99,,CN,local,debit
626830,00-99,,CN,local,debit
626831,00-99,,CN,local,debit
626832,00-99,,CN,local,debit
626833,00-99,,CN,local,debit
626834,00-99,,CN,local,debit
626835,00-99,,CN,local,debit
626836,00-99,,CN,local,debit
626837,00-99,,CN,local,debit
626838,00-99,,CN,local,debit
626839,00-99,,CN,local,debit
626840,00-99,,CN,local,debit
626841,00-99,,CN,local,debit
626842,00-99,,CN,local,debit
626843,00-99,,CN,local,debit
626844,00-99,,CN,local,debit
626845,00-99,,CN,local,debit
626846,00-99,,CN,local,debit
626847,00-99,,CN,local,debit
626848,00-99,,CN,local,debit
626849,00-99,,CN,local,debit
626850,00-99,,CN,local,debit
626851,00-99,,CN,local,debit
626852,00-99,,CN,local,debit
626853,00-99,,CN,local,debit
626854,00-99,,CN,local,debit
626855,00-99,,CN,local,debit
626856,00-99,,CN,local,debit
626857,00-99,,CN,local,debit
626858,00-99,,CN,local,debit
626859,00-99,,CN,local,debit
626860,00-99,,CN,local,debit
626861,00-99,,CN,local,debit
626862,00-99,,CN,local,debit
626863,00-99,,CN,local,debit
626864,00-99,,CN,local,debit
626865,00-99,,CN,local,debit
626866,00-99,,CN,local,debit
626867,00-99,,CN,local,debit
626868,00-99,,CN,local,debit
626869,00-99,,CN,local,debit
626870,00-99,,CN,local,debit
626871,00-99,,CN,local,debit
626872,00-99,,CN,local,debit
626873,00-99,,CN,local,debit
626874,00-99,,CN,local,debit
626875,00-99,,CN,local,debit
626876,00-99,,CN,local,debit
626877,00-99,,CN,local,debit
626878,00-99,,CN,local,debit
626879,00-99,,CN,local,debit
626880,00-99,,CN,local,debit
626881,00-99,,CN,local,debit
626882,00-99,,CN,local,debit
626883,00-99,,CN,local,debit
626884,00-99,,CN,local,debit
626885,00-99,,CN,local,debit
626886,00-99,,CN,local,debit
626887,00-99,,CN,local,debit
626888,00-99,,CN,local,debit
626889,00-99,,CN,local,debit
626890,00-99,,CN,local,debit
626891,00-99,,CN,local,debit
626892,00-99,,CN,local,debit
626893,00-99,,CN,local,debit
626894,00-99,,CN,local,debit
626895,00-99,,CN,local,debit
626896,00-99,,CN,local,debit
626897,00-99,,CN,local,debit
626898,00-99,,CN,local,debit
626899,00-99,,CN,local,debit
626900,00-99,,CN,local,debit
626901,00-99,,CN,local,debit
626902,00-99,,CN,local,debit
626903,00-99,,CN,local,debit
626904,00-99,,CN,local,debit
626905,00-99,,CN,local,debit
626906,00-99,,CN,local,debit
626907,00-99,,CN,local,debit
626908,00-99,,CN,local,debit
626909,00-99,,CN,local,debit
626910,00-99,,CN,local,debit
626911,00-99,,CN,local,debit
626912,00-99,,CN,local,debit
626913,00-99,,CN,local,debit
626914,00-99,,CN,local,debit
626915,00-99,,CN,local,debit
626916,00-99,,CN,local,debit
626917,00-99,,CN,local,debit
626918,00-99,,CN,local,debit
626919,00-99,,CN,local,debit
626920,00-99,,CN,local,debit
626921,00-99,,CN,local,debit
626922,00-99,,CN,local,debit
626923,00-99,,CN,local,debit
626924,00-99,,CN,local,debit
626925,00-99,,CN,local,debit
626926,00-99,,CN,local,debit
626927,00-99,,CN,local,debit
626928,00-99,,CN,local,debit
626929,00-99,,CN,local,debit
626930,00-99,,CN,local,debit
626931,00-99,,CN,local,debit
626932,00-99,,CN,local,debit
626933,00-99,,CN,local,debit
626934,00-99,,CN,local,debit
626935,00-99,,CN,local,debit
626936,00-99,,CN,local,debit
626937,00-99,,CN,local,debit
626938,00-99,,CN,local,debit
626939,00-99,,CN,local,debit
626940,00-99,,CN,local,debit
626941,00-99,,CN,local,debit
626942,00-99,,CN,local,debit
626943,00-99,,CN,local,debit
626944,00-99,,CN,local,debit
626945,00-99,,CN,local,debit
626946,00-99,,CN,local,debit
626947,00-99,,CN,local,debit
626948,00-99,,CN,local,debit
626949,00-99,,CN,local,debit
626950,00-99,,CN,local,debit
626951,00-99,,CN,local,debit
626952,00-99,,CN,local,debit
626953,00-99,,CN,local,debit
626954,00-99,,CN,local,debit
626955,00-99,,CN,local,debit
626956,00-99,,CN,local,debit
626957,00-99,,CN,local,debit
626958,00-99,,CN,local,debit
626959,00-99,,CN,local,debit
626960,00-99,,CN,local,debit
626961,00-99,,CN,local,debit
626962,00-99,,CN,local,debit
626963,00-99,,CN,local,debit
626964,00-99,,CN,local,debit
626965,00-99,,CN,local,debit
626966,00-99,,CN,local,debit
626967,00-99,,CN,local,debit
626968,00-99,,CN,local,debit
626969,00-99,,CN,local,debit
626970,00-99,,CN,local,debit
626971,00-99,,CN,local,debit
626972,00-99,,CN,local,debit
626973,00-99,,CN,local,debit
626974,00-99,,CN,local,debit
626975,00-99,,CN,local,debit
626976,00-99,,CN,local,debit
626977,00-99,,CN,local,debit
626978,00-99,,CN,local,debit
626979,00-99,,CN,local,debit
626980,00-99,,CN,local,debit
626981,00-99,,CN,local,debit
626982,00-99,,CN,local,debit
626983,00-99,,CN,local,debit
626984,00-99,,CN,local,debit
626985,00-99,,CN,local,debit
626986,00-99,,CN,local,debit
626987,00-99,,CN,local,debit
626988,00-99,,CN,local,debit
626989,00-99,,CN,local,debit
626990,00-99,,CN,local,debit
626991,00-99,,CN,local,debit
626992,00-99,,CN,local,debit
626993,00-99,,CN,local,debit
626994,00-99,,CN,local,debit
626995,00-99,,CN,local,debit
626996,00-99,,CN,local,debit
626997,00-99,,CN,local,debit
626998,00-99,,CN,local,debit
626999,00-99,,CN,local,debit
627002,00-99,,BG,local,debit
627006,00-99,,US,local,debit
627020,00-99,CHINA CONSTRUCTION BANK,CN,local,debit
627025,00-99,BANK OF CHINA,CN,local,debit
627026,00-99,BANK OF CHINA,CN,local,debit
627027,00-99,BANK OF CHINA,CN,local,debit
627028,00-99,BANK OF CHINA,CN,local,debit
627040,00-99,WENXI COUNTY JINRONG COMMUNITY BANK CO.LTD,CN,local,debit
627041,00-99,ZUOYUN COUNTY CHANGQING VILLAGE BANK CO.LTD,CN,local,debit
627042,00-99,YUANQU COUNTY HEDONG VILLAGE BANK CO. LTD.,CN,local,debit
627043,00-99,ZHEJIANG MINTAI COMMERCIAL BANK`,CN,local,debit
627060,00-99,INN FOR UNIONPAY CARD NETWORK,CN,local,debit
627061,00-99,CHONGQINGFUMINGBANK,CN,local,debit
627062,00-99,JILIN HUANCHENG RURAL COMMERCIAL BANK CO. LTD.,CN,local,debit
627063,00-99,KALAQIN YULONG COUNTRY BANK COMPANY CO.LTD,CN,local,debit
627064,00-99,KUAN DIAN BAI FENG RURAL BANK COMPANY LTD.,CN,local,debit
627065,00-99,XINGYI WANFENG VILLAGE BANK,CN,local,debit
627066,00-99,PINGAN BANK,CN,local,debit
627067,00-99,PINGAN BANK,CN,local,debit
627068,00-99,PING AN BANK,CN,local,debit
627069,00-99,PING AN BANK,CN,local,debit
627070,00-99,INN FOR UNIONPAY CARD NETWORK,CN,local,debit
627072,00-99,BAICHENG RURAL COMMERCIAL BANK CO. LTD.,CN,local,debit
627073,00-99,TACHENG JINHUI COUNTY BANK COMPANY WITH LIMITED LIABILITY,CN,local,debit
627074,00-99,ZIBOZICHUAN BEIHAI RURAL BANK CO.LTD,CN,local,debit
627075,00-99,YUTIAN DASHANG COUNTY BANK CO.LTD.,CN,local,debit
627076,00-99,ONEBANK,CN,local,debit
627077,00-99,QINGHAI MENYUAN DATONG RURAL BANK CO.LTD,CN,local,debit
627078,00-99,ANHUI XINAN BANK CO.LTD.,CN,local,debit
627089,00-99,,US,maestro,debit
627096,00-99,,US,cirrus,debit
627100,00-99,,PK,local,debit
627101,00-99,,US,maestro,debit
627104,00-99,,US,local,debit
627110,00-99,,ID,local,debit
627111,00-99,,US,local,debit
627118,00-99,,US,ebt,debit
627119,00-99,CJSC ALFA-BANK,RU,maestro,debit
627123,00-99,,US,maestro,debit
627124,00-99,,US,ebt,debit
627129,00-99,ABN-AMRO BANK,BR,private label,debit
627130,00-99,,US,ebt,debit
627131,00-99,,US,ebt,debit
627132,00-99,,US,ebt,debit
627133,00-99,,US,ebt,debit
627134,00-99,,US,ebt,debit
627135,00-99,MASTERCARD - MDS FOR EUROPE DEBIT ACQUIRER & NON-EUROPEAN DEBIT ISSUER,CA,cirrus,debit
627136,00-99,,US,ebt,debit
627137,00-99,,US,ebt,debit
627138,00-99,,US,ebt,debit
627139,00-99,WELLS FARGO BANK N.A.,US,ebt,debit
627140,00-99,,US,ebt,debit
627141,00-99,,US,ebt,debit
627142,00-99,,US,ebt,debit
627143,00-99,,US,ebt,debit
627144,00-99,,US,ebt,debit
627145,00-99,,US,ebt,debit
627146,00-99,,US,ebt,debit
627160,00-99,,US,ebt,debit
627161,00-99,TURKIYE FINANS KATILIM BANKASI,TR,maestro,debit
627162,00-99,,US,ebt,debit
627163,00-99,NETWORK ONLY,US,ebt,debit
627164,00-99,,US,ebt,debit
627165,00-99,,US,ebt,debit
627166,00-99,,US,maestro,debit
627167,00-99,,US,ebt,debit
627168,00-99,,US,ebt,debit
627169,00-99,,US,ebt,debit
627170,00-99,CABAL CARTAO,AR,cabal,credit
627171,00-99,,US,ebt,debit
627172,00-99,,US,ebt,debit
627173,00-99,U.S. BANK NATIONAL ASSOCIATION,US,maestro,debit
627174,00-99,,US,ebt,debit
627175,00-99,,US,ebt,debit
627176,00-99,,US,ebt,debit
627177,00-99,,US,ebt,debit
627178,00-99,,US,cirrus,debit
627179,00-99,,US,ebt,debit
627180,00-99,BANCO FALABELLA PERU S.A.,PE,private label,debit
627188,00-99,,US,ebt,debit
627192,00-99,STANDARD BANK OF SOUTH AFRICA LTD.,ZA,local,debit
627200,00-99,,BR,local,debit
627209,00-99,,US,local,debit
627210,00-99,,US,ebt,debit
627211,00-99,,US,ebt,debit
627212,00-99,,US,ebt,debit
627213,00-99,,US,ebt,debit
627214,00-99,,US,ebt,debit
627215,00-99,,US,ebt,debit
627216,00-99,,US,ebt,debit
627217,00-99,,US,ebt,debit
627218,00-99,,US,ebt,debit
627219,00-99,,US,ebt,debit
627230,00-99,,GB,local,debit
627232,00-99,,IN,local,debit
627233,00-99,,US,ebt,debit
627239,00-99,PREFERRED ONE,CA,private label,credit
627240,00-99,,MV,maestro,debit
627241,00-99,,US,ebt,debit
627242,00-99,,US,ebt,debit
627243,00-99,,US,ebt,debit
627244,00-99,,FR,local,debit
627245,00-99,,US,ebt,debit
627246,00-99,,US,ebt,debit
627247,00-99,,US,ebt,debit
627248,00-99,,US,ebt,debit
627249,00-99,,US,ebt,debit
627250,00-99,,US,ebt,debit
627251,00-99,,US,ebt,debit
627252,00-99,BANCA SELLA SPA,IT,maestro,debit
627253,00-99,,US,ebt,debit
627254,00-99,,US,maestro,debit
627255,00-99,,US,ebt,debit
627256,00-99,,US,ebt,debit
627257,00-99,,US,ebt,debit
627259,00-99,,US,ebt,debit
627264,00-99,,RU,local,debit
627277,00-99,,US,ebt,debit
627278,00-99,AGRANI BANK,BD,maestro,debit
627289,00-99,,US,ebt,debit
627290,00-99,,US,ebt,debit
627291,00-99,,US,ebt,debit
627292,00-99,,US,ebt,debit
627293,00-99,,US,ebt,debit
627294,00-99,,US,ebt,debit
627295,00-99,RETAIL GROCERS ASSOCIATION,US,ebt,debit
627296,00-99,,US,ebt,debit
627297,00-99,,US,ebt,debit
627298,00-99,,US,ebt,debit
627299,00-99,,US,ebt,debit
627309,00-99,TRANSNATIONAL BANK KENYA,NG,verve,debit
627310,00-99,,US,ebt,debit
627311,00-99,,US,ebt,debit
627312,00-99,,US,ebt,debit
627313,00-99,,US,ebt,debit
627314,00-99,,US,ebt,debit
627315,00-99,,US,ebt,debit
627316,00-99,,US,ebt,debit
627317,00-99,,US,ebt,debit
627318,00-99,PROVALE ELECTRONI CO,MX,maestro,debit
627319,00-99,,US,ebt,debit
627321,00-99,,US,ebt,debit
627324,00-99,,US,ebt,debit
627328,00-99,,RU,local,debit
627329,00-99,,ZA,local,debit
627347,00-99,,BR,maestro,debit
627348,00-99,,KE,local,debit
627350,00-99,,US,ebt,debit
627351,00-99,,US,ebt,debit
627352,00-99,U.S. BANK NATIONAL ASSOCIATION,US,maestro,debit
627353,00-99,,IT,local,debit
627354,00-99,,US,ebt,debit
627355,00-99,BANK OF AMERICA N.A.,US,maestro,debit
627356,00-99,,US,ebt,debit
627357,00-99,,US,ebt,debit
627358,00-99,,CH,maestro,debit
627359,00-99,,US,ebt,debit
627360,00-99,U.S. BANK NATIONAL ASSOCIATION,US,ebt,debit
627361,00-99,,US,ebt,debit
627362,00-99,,US,ebt,debit
627363,00-99,,US,ebt,debit
627364,00-99,,RU,maestro,debit
627365,00-99,,US,ebt,debit
627366,00-99,,US,maestro,debit
627367,00-99,,US,ebt,debit
627368,00-99,,US,ebt,debit
627369,00-99,,RU,local,debit
627380,00-99,,US,ebt,debit
627381,00-99,ANSAR BANK,IR,local brand,debit
627384,00-99,,US,cirrus,debit
627385,00-99,,US,ebt,debit
627387,00-99,BANK OF MAHARASHTRA,IN,rupay,debit
627390,00-99,,US,ebt,debit
627391,00-99,,US,ebt,debit
627392,00-99,,US,ebt,debit
627394,00-99,,US,ebt,debit
627395,00-99,,US,ebt,debit
627396,00-99,,US,ebt,debit
627397,00-99,WILD OATS,US,ebt,debit
627398,00-99,,US,ebt,debit
627399,00-99,,US,maestro,debit
627400,00-99,,US,ebt,debit
627401,00-99,,AR,local,debit
627402,00-99,,US,ebt,debit
627403,00-99,,US,ebt,debit
627404,00-99,,US,ebt,debit
627405,00-99,,US,ebt,debit
627406,00-99,,US,ebt,debit
627407,00-99,U.S. BANK NATIONAL ASSOCIATION,US,ebt,debit
627408,00-99,,US,ebt,debit
627409,00-99,,US,ebt,debit
627412,00-99,EGHTESAD NOVIN BANK,IR,local brand,debit
627417,00-99,HSBC BANK USA,US,cirrus,debit
627420,00-99,,US,ebt,debit
627421,00-99,AEROPLAN (AIR CANADA),CA,local brand,debit
627422,00-99,,US,ebt,debit
627424,00-99,,US,ebt,debit
627425,00-99,DISNEY REWARDS (ISSUED BY CHASE),US,ebt,debit
627426,00-99,,US,ebt,debit
627427,00-99,,US,ebt,debit
627428,00-99,,US,ebt,debit
627429,00-99,,US,ebt,debit
627441,00-99,,US,maestro,debit
627453,00-99,,US,maestro,debit
627454,00-99,,US,maestro,debit
627456,00-99,BANK OF AMERICA N.A.,US,maestro,debit
627462,00-99,ASYA KATILIM BANKASI A.S.,TR,maestro,debit
627467,00-99,SCOTIALINE,MX,maestro,debit
627471,00-99,,TH,local,debit
627472,00-99,NETWORK ONLY,US,ebt,debit
627479,00-99,MAXPOINTS CARD ISSUED BY CREDIMAX,BH,maestro,debit
627480,00-99,,NG,local,debit
627481,00-99,,US,ebt,debit
627482,00-99,,US,ebt,debit
627483,00-99,,US,ebt,debit
627484,00-99,,US,ebt,debit
627485,00-99,IOWA EBT,US,ebt,debit
627486,00-99,,US,ebt,debit
627487,00-99,,US,ebt,debit
627488,00-99,,US,ebt,debit
627489,00-99,,US,ebt,debit
627490,00-99,,US,ebt,debit
627491,00-99,,US,ebt,debit
627492,00-99,,US,ebt,debit
627493,00-99,,US,ebt,debit
627494,00-99,,US,ebt,debit
627495,00-99,,US,ebt,debit
627496,00-99,,US,ebt,debit
627497,00-99,,US,ebt,debit
627498,00-99,,US,ebt,debit
627499,00-99,U.S. BANK NATIONAL ASSOCIATION,US,ebt,debit
627500,00-99,,US,ebt,debit
627501,00-99,,US,ebt,debit
627502,00-99,,US,ebt,debit
627503,00-99,,US,ebt,debit
627504,00-99,,US,ebt,debit
627505,00-99,,US,ebt,debit
627506,00-99,,US,ebt,debit
627507,00-99,,US,ebt,debit
627508,00-99,,US,ebt,debit
627509,00-99,,US,ebt,debit
627510,00-99,ALBARAKA TURK KATILIM BANKASI A.S.,TR,local brand,debit
627511,00-99,,US,ebt,debit
627512,00-99,BBVA,ES,maestro,debit
627513,00-99,,US,ebt,debit
627514,00-99,,US,ebt,debit
627515,00-99,,US,ebt,debit
627516,00-99,,US,ebt,debit
627517,00-99,,BR,local,debit
627518,00-99,,US,ebt,debit
627519,00-99,WELLS FARGO BANK N.A.,US,ebt,debit
627520,00-99,,US,ebt,debit
627521,00-99,,US,ebt,debit
627522,00-99,,US,ebt,debit
627523,00-99,,US,ebt,debit
627524,00-99,,US,ebt,debit
627525,00-99,,US,ebt,debit
627526,00-99,,US,ebt,debit
627527,00-99,,US,ebt,debit
627528,00-99,,US,ebt,debit
627529,00-99,,US,ebt,debit
627530,00-99,,US,ebt,debit
627531,00-99,,US,ebt,debit
627532,00-99,WELLS FARGO BANK N.A.,US,ebt,debit
627533,00-99,,CA,local,debit
627534,00-99,,US,maestro,debit
627535,00-99,SODEXO,MX,carnet,debit
627536,00-99,,US,ebt,debit
627537,00-99,,US,ebt,debit
627538,00-99,,US,cirrus,debit
627539,00-99,,US,maestro,debit
627542,00-99,,US,maestro,debit
627548,00-99,,US,ebt,debit
627550,00-99,,US,ebt,debit
627551,00-99,,US,ebt,debit
627552,00-99,,US,ebt,debit
627553,00-99,,US,ebt,debit
627554,00-99,,US,ebt,debit
627555,00-99,,US,ebt,debit
627556,00-99,,US,ebt,debit
627557,00-99,,US,ebt,debit
627558,00-99,,US,ebt,debit
627559,00-99,,US,ebt,debit
627560,00-99,,US,ebt,debit
627561,00-99,,US,ebt,debit
627562,00-99,,US,ebt,debit
627563,00-99,,US,ebt,debit
627564,00-99,,US,ebt,debit
627565,00-99,,US,ebt,debit
627566,00-99,,US,ebt,debit
627567,00-99,,US,ebt,debit
627568,00-99,MONETA MONEY BANK A.S.,CZ,maestro,debit
627569,00-99,,US,ebt,debit
627570,00-99,,US,ebt,debit
627571,00-99,CAPITAL ONE BANK (USA) N.A.,US,ebt,debit
627572,00-99,,US,ebt,debit
627574,00-99,U.S. BANK NATIONAL ASSOCIATION,US,maestro,debit
627575,00-99,,US,ebt,debit
627576,00-99,,US,ebt,debit
627577,00-99,,US,ebt,debit
627578,00-99,,US,ebt,debit
627579,00-99,,US,ebt,debit
627580,00-99,,US,ebt,debit
627581,00-99,,US,ebt,debit
627582,00-99,,US,maestro,debit
627583,00-99,,US,ebt,debit
627584,00-99,,US,ebt,debit
627585,00-99,,US,ebt,debit
627586,00-99,,US,ebt,debit
627587,00-99,,US,ebt,debit
627588,00-99,,US,ebt,debit
627589,00-99,,US,ebt,debit
627590,00-99,,US,ebt,debit
627591,00-99,,US,ebt,debit
627592,00-99,,US,maestro,debit
627593,00-99,,US,ebt,debit
627594,00-99,,US,ebt,debit
627595,00-99,,US,ebt,debit
627596,00-99,,US,ebt,debit
627597,00-99,,US,ebt,debit
627598,00-99,,DE,maestro,debit
627599,00-99,,US,ebt,debit
627600,00-99,,US,ebt,debit
627601,00-99,,US,ebt,debit
627602,00-99,,US,ebt,debit
627603,00-99,,US,ebt,debit
627604,00-99,,US,ebt,debit
627605,00-99,,US,ebt,debit
627606,00-99,U.S. BANK NATIONAL ASSOCIATION,US,ebt,debit
627607,00-99,,US,ebt,debit
627608,00-99,,US,ebt,debit
627609,00-99,,US,maestro,debit
627610,00-99,,US,ebt,debit
627619,00-99,,US,cirrus,debit
627629,00-99,ZENITH BANK,NG,verve,debit
627635,00-99,,US,ebt,debit
627636,00-99,PROVALE ELECTRONI CO,MX,maestro,debit
627640,00-99,,US,ebt,debit
627641,00-99,,US,ebt,debit
627642,00-99,,US,ebt,debit
627643,00-99,,US,maestro,debit
627644,00-99,,US,ebt,debit
627645,00-99,,US,local,debit
627646,00-99,,US,ebt,debit
627647,00-99,,US,ebt,debit
627648,00-99,,US,ebt,debit
627649,00-99,,US,ebt,debit
627650,00-99,,US,ebt,debit
627651,00-99,,US,ebt,debit
627652,00-99,HSBC BANK A.S.,TR,local,debit
627653,00-99,,US,ebt,debit
627654,00-99,,US,ebt,debit
627655,00-99,,US,ebt,debit
627656,00-99,,US,ebt,debit
627657,00-99,,US,ebt,debit
627658,00-99,,US,ebt,debit
627659,00-99,,US,ebt,debit
627665,00-99,CESKA SPORITELNA A.S.,CZ,maestro,debit
627666,00-99,,IN,local,debit
627668,00-99,,US,local,debit
627669,00-99,,US,maestro,debit
627674,00-99,,US,maestro,debit
627675,00-99,,US,cirrus,debit
627679,00-99,,IN,local,debit
627680,00-99,,US,ebt,debit
627681,00-99,,PK,local,debit
627682,00-99,,US,ebt,debit
627683,00-99,,US,ebt,debit
627684,00-99,,US,ebt,debit
627685,00-99,,US,ebt,debit
627686,00-99,,US,ebt,debit
627687,00-99,,US,ebt,debit
627688,00-99,,US,ebt,debit
627689,00-99,,US,ebt,debit
627692,00-99,DIXIT,CA,local brand,debit
627694,00-99,,US,ebt,debit
627695,00-99,BARID ISS,MA,local brand,debit
627696,00-99,BANK OF AMERICA N.A.,US,maestro,debit
627698,00-99,,US,ebt,debit
627699,00-99,,US,ebt,debit
627700,00-99,,US,ebt,debit
627701,00-99,ICICI BANK CANADA,CA,maestro,debit
627702,00-99,ICICI BANK CANADA,CA,maestro,debit
627703,00-99,ICICI BANK CANADA,CA,maestro,debit
627704,00-99,ICICI BANK CANADA,CA,maestro,debit
627705,00-99,ICICI BANK CANADA,CA,maestro,debit
627706,00-99,ICICI BANK CANADA,CA,maestro,debit
627707,00-99,ICICI BANK CANADA,CA,maestro,debit
627708,00-99,ICICI BANK CANADA,CA,maestro,debit
627709,00-99,,US,maestro,debit
627710,00-99,ICICI BANK CANADA,CA,maestro,debit
627711,00-99,ICICI BANK CANADA,CA,maestro,debit
627712,00-99,ICICI BANK CANADA,CA,maestro,debit
627713,00-99,ICICI BANK CANADA,CA,maestro,debit
627714,00-99,ICICI BANK CANADA,CA,maestro,debit
627715,00-99,ICICI BANK CANADA,CA,maestro,debit
627716,00-99,ICICI BANK CANADA,CA,maestro,debit
627717,00-99,ICICI BANK CANADA,CA,maestro,debit
627718,00-99,ICICI BANK CANADA,CA,maestro,debit
627719,00-99,ICICI BANK CANADA,CA,maestro,debit
627720,00-99,ICICI BANK CANADA,CA,maestro,debit
627721,00-99,ICICI BANK CANADA,CA,maestro,debit
627722,00-99,ICICI BANK CANADA,CA,maestro,debit
627723,00-99,ICICI BANK CANADA,CA,maestro,debit
627724,00-99,ICICI BANK CANADA,CA,maestro,debit
627725,00-99,,US,cirrus,debit
627726,00-99,ICICI BANK CANADA,CA,maestro,debit
627727,00-99,ICICI BANK CANADA,CA,maestro,debit
627728,00-99,ICICI BANK CANADA,CA,maestro,debit
627729,00-99,ICICI BANK CANADA,CA,maestro,debit
627730,00-99,ICICI BANK CANADA,CA,maestro,debit
627731,00-99,ICICI BANK CANADA,CA,maestro,debit
627732,00-99,ICICI BANK CANADA,CA,maestro,debit
627733,00-99,ICICI BANK CANADA,CA,maestro,debit
627734,00-99,ICICI BANK CANADA,CA,maestro,debit
627735,00-99,ICICI BANK CANADA,CA,maestro,debit
627736,00-99,,US,cirrus,debit
627737,00-99,ICICI BANK CANADA,CA,maestro,debit
627738,00-99,ICICI BANK CANADA,CA,maestro,debit
627739,00-99,ICICI BANK CANADA,CA,maestro,debit
627740,00-99,MASTERCARD - MDS FOR EUROPE DEBIT ACQUIRER & NON-EUROPEAN DEBIT ISSUER,CA,cirrus,debit
627741,00-99,ICICI BANK CANADA,CA,maestro,debit
627742,00-99,ICICI BANK CANADA,CA,maestro,debit
627743,00-99,ICICI BANK CANADA,CA,maestro,debit
627744,00-99,ICICI BANK CANADA,CA,maestro,debit
627745,00-99,ICICI BANK CANADA,CA,maestro,debit
627746,00-99,,US,cirrus,debit
627747,00-99,ICICI BANK CANADA,CA,maestro,debit
627748,00-99,ICICI BANK CANADA,CA,maestro,debit
627749,00-99,ICICI BANK CANADA,CA,maestro,debit
627750,00-99,ICICI BANK CANADA,CA,maestro,debit
627751,00-99,,US,ebt,debit
627752,00-99,ICICI BANK CANADA,CA,maestro,debit
627753,00-99,ICICI BANK CANADA,CA,maestro,debit
627754,00-99,ICICI BANK CANADA,CA,maestro,debit
627755,00-99,ICICI BANK CANADA,CA,maestro,debit
627756,00-99,ICICI BANK CANADA,CA,maestro,debit
627757,00-99,ICICI BANK CANADA,CA,maestro,debit
627758,00-99,ICICI BANK CANADA,CA,maestro,debit
627759,00-99,ICICI BANK CANADA,CA,maestro,debit
627760,00-99,ICICI BANK CANADA,CA,maestro,debit
627761,00-99,ICICI BANK CANADA,CA,maestro,debit
627762,00-99,ICICI BANK CANADA,CA,maestro,debit
627763,00-99,,US,ebt,debit
627764,00-99,ICICI BANK CANADA,CA,maestro,debit
627765,00-99,ICICI BANK CANADA,CA,maestro,debit
627766,00-99,ICICI BANK CANADA,CA,maestro,debit
627767,00-99,,US,maestro,debit
627768,00-99,ICICI BANK CANADA,CA,maestro,debit
627769,00-99,ICICI BANK CANADA,CA,maestro,debit
627770,00-99,ICICI BANK CANADA,CA,maestro,debit
627771,00-99,ICICI BANK CANADA,CA,maestro,debit
627772,00-99,ICICI BANK CANADA,CA,maestro,debit
627773,00-99,ICICI BANK CANADA,CA,maestro,debit
627774,00-99,ICICI BANK CANADA,CA,maestro,debit
627775,00-99,ICICI BANK CANADA,CA,maestro,debit
627776,00-99,ICICI BANK CANADA,CA,maestro,debit
627777,00-99,ICICI BANK CANADA,CA,maestro,debit
627778,00-99,ICICI BANK CANADA,CA,maestro,debit
627779,00-99,ICICI BANK CANADA,CA,maestro,debit
627780,00-99,CAIXA ECONOMICA FEDERAL,BR,elo,debit
627781,00-99,ICICI BANK CANADA,CA,maestro,debit
627782,00-99,ICICI BANK CANADA,CA,maestro,debit
627783,00-99,ICICI BANK CANADA,CA,maestro,debit
627784,00-99,ICICI BANK CANADA,CA,maestro,debit
627785,00-99,,US,ebt,debit
627786,00-99,,US,ebt,debit
627787,00-99,ICICI BANK CANADA,CA,maestro,debit
627788,00-99,ICICI BANK CANADA,CA,maestro,debit
627789,00-99,ICICI BANK CANADA,CA,maestro,debit
627790,00-99,,US,maestro,debit
627791,00-99,ICICI BANK CANADA,CA,maestro,debit
627792,00-99,ICICI BANK CANADA,CA,maestro,debit
627793,00-99,ICICI BANK CANADA,CA,maestro,debit
627794,00-99,ICICI BANK CANADA,CA,maestro,debit
627795,00-99,ICICI BANK CANADA,CA,maestro,debit
627796,00-99,ICICI BANK CANADA,CA,maestro,debit
627797,00-99,ICICI BANK CANADA,CA,maestro,debit
627798,00-99,ICICI BANK CANADA,CA,maestro,debit
627799,00-99,ICICI BANK CANADA,CA,maestro,debit
627801,00-99,,US,maestro,debit
627802,00-99,,US,maestro,debit
627805,00-99,,RU,local,debit
627815,00-99,,GB,local,debit
627816,00-99,,US,maestro,debit
627817,00-99,,US,ebt,debit
627819,00-99,POLARIS BANK,NG,local brand,debit
627820,00-99,,US,ebt,debit
627821,00-99,,US,ebt,debit
627822,00-99,,US,ebt,debit
627823,00-99,,US,ebt,debit
627824,00-99,,US,ebt,debit
627825,00-99,,US,ebt,debit
627826,00-99,,US,ebt,debit
627827,00-99,,US,ebt,debit
627828,00-99,,US,ebt,debit
627829,00-99,,US,ebt,debit
627830,00-99,,US,ebt,debit
627831,00-99,,US,ebt,debit
627832,00-99,,US,ebt,debit
627833,00-99,,US,ebt,debit
627834,00-99,,US,ebt,debit
627835,00-99,,US,ebt,debit
627836,00-99,,US,ebt,debit
627837,00-99,,US,ebt,debit
627838,00-99,,US,ebt,debit
627839,00-99,,US,ebt,debit
627840,00-99,,US,ebt,debit
627841,00-99,,US,ebt,debit
627842,00-99,,US,ebt,debit
627843,00-99,,US,ebt,debit
627844,00-99,,US,ebt,debit
627845,00-99,,US,ebt,debit
627846,00-99,,US,ebt,debit
627847,00-99,,US,ebt,debit
627848,00-99,,US,ebt,debit
627849,00-99,,US,ebt,debit
627851,00-99,,KE,local,debit
627857,00-99,,US,ebt,debit
627858,00-99,STANBIC IBTC,NG,local brand,debit
627859,00-99,,US,ebt,debit
627860,00-99,,US,ebt,debit
627861,00-99,,US,ebt,debit
627862,00-99,,BR,local,debit
627863,00-99,,US,ebt,debit
627864,00-99,,US,ebt,debit
627866,00-99,,US,ebt,debit
627867,00-99,,US,ebt,debit
627868,00-99,,US,ebt,debit
627869,00-99,,BR,maestro,debit
627870,00-99,,US,ebt,debit
627871,00-99,,US,ebt,debit
627872,00-99,,US,ebt,debit
627873,00-99,,US,ebt,debit
627874,00-99,,US,ebt,debit
627875,00-99,,US,ebt,debit
627876,00-99,,US,ebt,debit
627877,00-99,,US,ebt,debit
627878,00-99,,US,ebt,debit
627879,00-99,,ID,local,debit
627884,00-99,EGHTESAD NOVIN BANK,IR,local brand,debit
627887,00-99,BANCO CREDIBOM S.A.,PT,local brand,debit
627892,00-99,,BR,maestro,debit
627894,00-99,,BR,local,debit
627895,00-99,US BANK,US,cirrus,debit
627898,00-99,,US,ebt,debit
627903,00-99,CONSOLIDATED BANK OF KENYA,NG,verve,debit
627908,00-99,,US,ebt,debit
627910,00-99,,US,ebt,debit
627911,00-99,WELLS FARGO BANK N.A.,US,ebt,debit
627912,00-99,,US,ebt,debit
627913,00-99,,US,ebt,debit
627914,00-99,,US,ebt,debit
627915,00-99,,US,ebt,debit
627916,00-99,,US,ebt,debit
627917,00-99,,US,ebt,debit
627918,00-99,,US,ebt,debit
627919,00-99,,US,ebt,debit
627920,00-99,,US,maestro,debit
627921,00-99,CENTEGO,US,local brand,debit
627923,00-99,,CH,local,debit
627931,00-99,,US,cirrus,debit
627937,00-99,,US,ebt,debit
627946,00-99,,US,ebt,debit
627949,00-99,,US,ebt,debit
627950,00-99,,US,cirrus,debit
627955,00-99,KEYSTONE BANK,NG,local brand,debit
627956,00-99,,US,ebt,debit
627957,00-99,,US,ebt,debit
627958,00-99,,US,ebt,debit
627959,00-99,,US,maestro,debit
627960,00-99,,US,ebt,debit
627961,00-99,,US,ebt,debit
627962,00-99,WELLS FARGO BANK N.A.,US,ebt,debit
627963,00-99,,US,ebt,debit
627964,00-99,,US,ebt,debit
627965,00-99,,US,ebt,debit
627966,00-99,,US,ebt,debit
627967,00-99,,US,ebt,debit
627968,00-99,,US,ebt,debit
627969,00-99,,IN,local,debit
627970,00-99,,US,ebt,debit
627971,00-99,,US,ebt,debit
627972,00-99,,US,ebt,debit
627973,00-99,,US,maestro,debit
627974,00-99,,US,ebt,debit
627975,00-99,,US,ebt,debit
627976,00-99,,US,ebt,debit
627977,00-99,,US,ebt,debit
627978,00-99,,US,ebt,debit
627979,00-99,,BR,maestro,debit
627980,00-99,FIRSTRAND BANK LTD.,ZA,local brand,credit
627987,00-99,FRESH MARKET,US,ebt,debit
627992,00-99,PRIVREDNA BANKA ZAGREB D.D.,HR,maestro,debit
627995,00-99,,BR,maestro,debit
627997,00-99,,US,ebt,debit
627998,00-99,,US,ebt,debit
628000,00-99,HERITAGE BANK LTD.,AU,local,debit
628001,00-99,,US,ebt,debit
628002,00-99,,US,ebt,debit
628003,00-99,,US,ebt,debit
628004,00-99,,US,ebt,debit
628005,00-99,,US,ebt,debit
628006,00-99,,US,ebt,debit
628007,00-99,WELLS FARGO BANK N.A.,US,ebt,debit
628008,00-99,,US,ebt,debit
628009,00-99,,CO,local,debit
628010,00-99,,US,ebt,debit
628011,00-99,,US,ebt,debit
628012,00-99,,US,ebt,debit
628013,00-99,U.S. BANK NATIONAL ASSOCIATION,US,ebt,debit
628014,00-99,,US,ebt,debit
628015,00-99,,US,ebt,debit
628016,00-99,,US,ebt,debit
628017,00-99,,US,ebt,debit
628018,00-99,,US,ebt,debit
628019,00-99,,US,ebt,debit
628023,00-99,MASKAN BANK,IR,local brand,debit
628028,00-99,,BR,maestro,debit
628030,00-99,,US,ebt,debit
628031,00-99,,US,ebt,debit
628032,00-99,,US,ebt,debit
628033,00-99,,US,ebt,debit
628034,00-99,,BR,local,debit
628035,00-99,,US,ebt,debit
628036,00-99,,US,ebt,debit
628037,00-99,,US,ebt,debit
628038,00-99,,RU,local,debit
628039,00-99,ROHAN CLOTHING,GB,maestro,debit
628043,00-99,,US,ebt,debit
628047,00-99,,US,maestro,debit
628051,00-99,,NG,verve,debit
628060,00-99,,US,ebt,debit
628061,00-99,,US,ebt,debit
628062,00-99,,US,ebt,debit
628064,00-99,NETWORK ONLY,US,ebt,debit
628065,00-99,WELLS FARGO BANK N.A.,US,ebt,debit
628066,00-99,,US,ebt,debit
628067,00-99,,US,ebt,debit
628068,00-99,,US,cirrus,debit
628069,00-99,,US,ebt,debit
628070,00-99,,US,ebt,debit
628071,00-99,,US,ebt,debit
628072,00-99,,BR,local,debit
628073,00-99,,US,ebt,debit
628074,00-99,,US,ebt,debit
628075,00-99,,BR,local,debit
628076,00-99,,BR,local,debit
628077,00-99,,US,ebt,debit
628078,00-99,,US,ebt,debit
628079,00-99,WELLS FARGO BANK N.A.,US,ebt,debit
628080,00-99,,US,ebt,debit
628081,00-99,,US,maestro,debit
628082,00-99,BANK OF THE PHILIPPINE ISLANDS,PH,maestro,debit
628083,00-99,,SE,local,debit
628084,00-99,,US,ebt,debit
628085,00-99,,US,ebt,debit
628086,00-99,,US,ebt,debit
628087,00-99,,US,ebt,debit
628088,00-99,,US,ebt,debit
628089,00-99,,US,ebt,debit
628092,00-99,,KE,local,debit
628093,00-99,,BR,local,debit
628095,00-99,,US,maestro,debit
628106,00-99,,ID,local,debit
628110,00-99,U.S. BANK NATIONAL ASSOCIATION,US,maestro,debit
628111,00-99,,US,ebt,debit
628112,00-99,,US,ebt,debit
628113,00-99,,US,ebt,debit
628114,00-99,,US,ebt,debit
628115,00-99,,VE,local,debit
628116,00-99,,US,ebt,debit
628117,00-99,,US,ebt,debit
628118,00-99,,US,ebt,debit
628119,00-99,,US,ebt,debit
628120,00-99,,US,ebt,debit
628121,00-99,,US,ebt,debit
628122,00-99,,US,ebt,debit
628123,00-99,,US,ebt,debit
628124,00-99,,US,ebt,debit
628125,00-99,,US,ebt,debit
628126,00-99,,US,ebt,debit
628127,00-99,,US,ebt,debit
628128,00-99,,US,ebt,debit
628129,00-99,,US,ebt,debit
628130,00-99,,US,cirrus,debit
628131,00-99,,US,ebt,debit
628132,00-99,,BR,maestro,debit
628133,00-99,METABANK,US,maestro,debit
628134,00-99,,US,ebt,debit
628135,00-99,,US,ebt,debit
628136,00-99,,US,ebt,debit
628137,00-99,,US,ebt,debit
628138,00-99,,US,ebt,debit
628139,00-99,,US,ebt,debit
628142,00-99,,US,ebt,debit
628154,00-99,FIRSTRAND BANK LTD.,ZA,local brand,credit
628155,00-99,,US,maestro,debit
628156,00-99,,CL,private label,debit
628157,00-99,TOSEE CREDIT INSTITUTION,IR,local brand,debit
628167,00-99,,BR,private label,debit
628179,00-99,BC CARD CO. LTD.,KR,local,debit
628180,00-99,BC CARD CO. LTD.,KR,local,debit
628181,00-99,SCOTIABANK,CA,local brand,debit
628182,00-99,,US,ebt,debit
628183,00-99,,US,ebt,debit
628184,00-99,,US,ebt,debit
628185,00-99,,US,ebt,debit
628186,00-99,,US,ebt,debit
628187,00-99,,US,ebt,debit
628188,00-99,,US,ebt,debit
628189,00-99,,US,ebt,debit
628190,00-99,,CN,local,debit
628200,00-99,WUHAN URBAN COMMERCIAL BANK,CN,local,credit
628201,00-99,CHINA EVERBRIGHT BANK,CN,local,credit
628202,00-99,CHINA EVERBRIGHT BANK,CN,local,credit
628203,00-99,BANK OF BEIJING,CN,local,credit
628204,00-99,JINHUA COMMERCIAL BANK,CN,local,credit
628205,00-99,TIANJIN CITY COMMERCIAL BANK(CREDIT CARD),CN,local,credit
628206,00-99,CITIC BANK FORCREDIT CARD,CN,local,credit
628207,00-99,NINGBO COMMERCIAL BANK,CN,local,credit
628208,00-99,CITIC BANK FORCREDIT CARD,CN,local,credit
628209,00-99,CITIC BANK FORCREDIT CARD,CN,local,credit
628210,00-99,BANK OF JIANGSUCO.LTD,CN,local,credit
628211,00-99,SHANGHAI RURUAL COMMERCIAL BANK,CN,local,credit
628212,00-99,CHINA INVESTMENT BANK,CN,local,credit
628213,00-99,GUIYANG CITY COMMERCIAL BANK CO. LTD.,CN,local,credit
628214,00-99,YC CITY COMMERCIAL BANK (CUP DATA CREDIT CARD),CN,local,credit
628215,00-99,,CN,local,credit
628216,00-99,BANK OF COMMUNICATIONS,CN,local,credit
628217,00-99,DONGYING CITY COMMERCIAL BANK CO. LIMITIED,CN,local,credit
628218,00-99,BANK OF COMMUNICATIONS,CN,local,credit
628219,00-99,GUILIN BANK,CN,local,credit
628220,00-99,BANK OF CHONGQING,CN,local,credit
628221,00-99,SHANGHAI PUDONG DEVELOPMENT BANK CO,CN,local,credit
628222,00-99,SHANGHAI PUDONG DEVELOPMENT BANK CO,CN,local,credit
628223,00-99,BANK OF SHANGRAO CO. LTD.,CN,local,credit
628224,00-99,HAERBIN COMMERCIAL BANK,CN,local,credit
628225,00-99,,CN,local,debit
628226,00-99,JIANGSU RCCU,CN,local,credit
628227,00-99,GUANGXI BEIBU GULF BANK,CN,local,credit
628228,00-99,BANK OF CHENGDU CO.LTD,CN,local,credit
628229,00-99,CHENG DE BANK,CN,local,credit
628230,00-99,CUP SHANGHAI CREDIT CARD CENTER,CN,local,credit
628231,00-99,FUDIAN BANK CO. LTD.,CN,local,credit
628232,00-99,FUJIAN RURAL CREDIT COOPERATIVE UNION,CN,local,credit
628233,00-99,GANZHOU BANK,CN,local,credit
628234,00-99,WEIHAI CITY COMMERCIAL BANK,CN,local,credit
628235,00-99,GRC BANK,CN,local,credit
628236,00-99,HANGZHOU BANK,CN,local,credit
628237,00-99,GUANGDONG NANYUE BANK,CN,local,credit
628238,00-99,JIU JIANG BANK,CN,local,credit
628239,00-99,QINGDAO BANK,CN,local,credit
628240,00-99,,CN,local,debit
628241,00-99,,CN,local,debit
628242,00-99,NANJING COMMERCIAL BANK,CN,local,credit
628243,00-99,SHANXI BANK CO.LTD.,CN,local,credit
628244,00-99,BANK OF CHAOYANG,CN,local,credit
628245,00-99,XIAMEN BANK CO.LTD.,CN,local,credit
628246,00-99,BANK OF ZHENGZHOU CO.LTD,CN,local,credit
628247,00-99,JIANG SU TAICANG RURAL COMMERCIAL BANK CO.LTD,CN,local,credit
628248,00-99,WUJIANG RCB,CN,local,credit
628249,00-99,,CN,local,debit
628250,00-99,ZHEJIANG CHOUZHOU COMMERCIAL BANK,CN,local,credit
628251,00-99,HUISHANG BANK CORPORATION LTD.,CN,local,credit
628252,00-99,BANK OF INDUSTRY AND MINE,CN,local,credit
628253,00-99,ORDOS COMMERCIAL,CN,local,credit
628254,00-99,HUBEI RURAL CREDIT UNION,CN,local,credit
628255,00-99,WENZHOU COMMERCIAL BANK,CN,local,credit
628256,00-99,,CN,local,debit
628257,00-99,BANK OF RIZHAO,CN,local,credit
628258,00-99,CHINA MINSHENG BANK,CN,local,credit
628259,00-99,GUANGDONG DEVELOPMENT BANK,CN,local,credit
628260,00-99,GUANGDONG DEVELOPMENT BANK,CN,local,credit
628261,00-99,JINZHOU BANK,CN,local,credit
628262,00-99,CHINA MERCHANTS BANK,CN,local,credit
628263,00-99,LANZHOU BANK,CN,local,credit
628264,00-99,BANK OF YINGKOU,CN,local,credit
628265,00-99,,CN,local,debit
628266,00-99,CHINA CONSTRUCTION BANK,CN,local,credit
628267,00-99,CHONGQIN RURAL COMMERCIAL BANK,CN,local,credit
628268,00-99,AGRICULTURAL BANK OF CHINA,CN,local,credit
628269,00-99,AGRICULTURAL BANK OF CHINA,CN,local,credit
628270,00-99,CRBC,CN,local,credit
628271,00-99,SHANGQIU BANK,CN,local,credit
628272,00-99,CS RURALBANK,CN,local,credit
628273,00-99,TAIZHOU CCB,CN,local,credit
628274,00-99,BANK OF HULUDAO CO.LTD.,CN,local,credit
628275,00-99,TAILONG COMMERCIAL BANK,CN,local,credit
628276,00-99,SICHUAN TIANFU BANK CO.LTD,CN,local,credit
628277,00-99,XINJIANG RURAL CREDIT COOPERATIVES,CN,local,credit
628278,00-99,URUMQI COMMERCIAL BANK,CN,local,credit
628279,00-99,LAIWU BANK,CN,local,credit
628280,00-99,ZHEJAING RURAL CREDIT UNION,CN,local,credit
628281,00-99,CHANGSHA CITY COMMERCIAL BANK(CREDIT CARD),CN,local,credit
628282,00-99,CHANGSHA CITY COMMERCIAL BANK(CREDIT CARD),CN,local,credit
628283,00-99,CHANGSHA CITY COMMERCIAL BANK(CREDIT CARD),CN,local,credit
628284,00-99,BANK OF TAIAN,CN,local,credit
628285,00-99,SY COMMERCIAL BANK CREDIT CARD (CUP DATA),CN,local,credit
628286,00-99,INDUSTRIAL AND COMMERCIAL BANK OF CHINA,CN,local,credit
628287,00-99,XINING COMMERCIAL BANK,CN,local,credit
628288,00-99,INDUSTRIAL AND COMMERCIAL BANK OF CHINA,CN,local,credit
628289,00-99,QHNC,CN,local,credit
628290,00-99,CHINA MERCHANTS BANK,CN,local,credit
628291,00-99,INN-U,CN,local,credit
628292,00-99,,CN,local,debit
628293,00-99,INN-U,CN,local,credit
628294,00-99,JINZHOU BANK,CN,local,credit
628295,00-99,BAOTOU CITY COMMERCIAL BANK,CN,local,credit
628296,00-99,PING AN BANK,CN,local,credit
628297,00-99,SICHUAN RURAL CREDIT COOPERATIVE UNION-XINGCHUAN OFFICIAL CARD,CN,local,credit
628298,00-99,DONGGUAN RURAL CREDIT UNION,CN,local,credit
628299,00-99,DALIAN CCB,CN,local,credit
628300,00-99,NING BO JIN ZHOU RURAL CREDIT UNION,CN,local,credit
628301,00-99,TIANJIN RURAL COOPERATIVE BANK,CN,local,credit
628302,00-99,BANK OF FUSHUN,CN,local,credit
628303,00-99,LUOHE BANK-FUYUAN CORPORATE CARD,CN,local,credit
628304,00-99,BANK OF ANSHAN CO.CTD.,CN,local,credit
628305,00-99,NANCHANG CITY COMMERCIAL BANK CREDITCARD,CN,local,credit
628306,00-99,BANK OF HUZHOU,CN,local,credit
628307,00-99,YUNNAN RURAL CREDIT UNION,CN,local,credit
628308,00-99,CHENGDU RURAL CREDIT COOPERATIVE UNION CREDITCARD,CN,local,credit
628309,00-99,LIAOYANG BANK CO. LTD.-OFFICIAL CARD,CN,local,credit
628310,00-99,THE POST SAVINGS BANK OF CHINA,CN,local,credit
628311,00-99,QISHANG BANK,CN,local,credit
628312,00-99,BANK OF CHINA,CN,local,credit
628313,00-99,BANK OF CHINA,CN,local,credit
628314,00-99,INN FOR UNIONPAY CARD NETWORK,CN,local,credit
628315,00-99,ZHOUKOU BANK-OFFICIAL CARD,CN,local,credit
628316,00-99,CHINA CONSTRUCTION BANK,CN,local,credit
628317,00-99,CHINA CONSTRUCTION BANK,CN,local,credit
628318,00-99,HUA XIA BANK,CN,local,credit
628319,00-99,QUANZHOU CITY COMMERICAL,CN,local,credit
628320,00-99,HAIKOU RURAL COMMERCIAL BANK CO.LTD,CN,local,credit
628321,00-99,BANK OF HEBEI CO. LTD.,CN,local,credit
628322,00-99,SHUN DE NONG CUN CB,CN,local,credit
628323,00-99,SHAANXI RURAL CREDIT COOPERATIVE UNION-FUQIN OFFICIAL CARD,CN,local,credit
628324,00-99,CHINA ZHESHANG BANK CO.LTD,CN,local,credit
628325,00-99,BANK OF XINGTAI,CN,local,credit
628326,00-99,YELLOW RIVER RURAL COMMERCIAL BANK,CN,local,credit
628327,00-99,BANK OF JIAXING CREDIT CARD CENTER,CN,local,credit
628328,00-99,HUARONG XIANGJIANG BANK,CN,local,credit
628329,00-99,DANDONG BANK-DANDONG BANK CORPORATE CARD,CN,local,credit
628330,00-99,GUANGXI ZHUANG AUTONOMOUS REGION RURAL CREDIT COOPERATIVE UNION,CN,local,credit
628331,00-99,XINYANG BANK-OFFICIAL CARD,CN,local,credit
628332,00-99,GANSU RURAL CREDIT COOPERATIVE UNION-OFFICIAL CARD,CN,local,credit
628333,00-99,LONGJIANG BANK CO. LTD.,CN,local,credit
628334,00-99,,CN,local,debit
628335,00-99,WUHAN RURAL COMMERCIAL BANK CO. LTD.,CN,local,debit
628336,00-99,BEIJING RURAL COMMERCIAL BANK,CN,local,credit
628337,00-99,SICHUAN BANK CO.LTD.,CN,local,credit
628338,00-99,,CN,local,debit
628339,00-99,PINGDINGSHAN BANK-PINGDINGSHAN BANK OFFICIAL CARD,CN,local,credit
628340,00-99,HUBEI BANK CORPORATION LTD.,CN,local,credit
628341,00-99,GUIZHOU RURAL CREDIT UNION,CN,local,credit
628342,00-99,BANK OF DAZHOU,CN,local,credit
628343,00-99,ZHONGYUANBANK,CN,local,credit
628344,00-99,,CN,local,debit
628345,00-99,SHANXI XI AN COMMERCIAL BANK,CN,local,credit
628346,00-99,AGRICULTURE BANK OF CHINA,CN,local,credit
628347,00-99,BANK OF GUIZHOU CO.LTD,CN,local,credit
628348,00-99,,CN,local,debit
628349,00-99,RURAL COMMERCIAL BANK OF ZHANGJIAGANG,CN,local,credit
628350,00-99,SHANXI RURAL CREDIT UNION,CN,local,credit
628351,00-99,YUXI CITY COMMERCIAL BANK-HONGTA CARD,CN,local,credit
628352,00-99,,CN,local,debit
628353,00-99,BANK OF FUXIN CO.LTD,CN,local,credit
628354,00-99,SHANXI BANK CO.LTD.,CN,local,credit
628355,00-99,INN-U,CN,local,credit
628356,00-99,BANK OF GANSU,CN,local,credit
628357,00-99,BANK OF QINHUANGDAO,CN,local,credit
628358,00-99,JILIN BANK-OFFICIAL CARD,CN,local,credit
628359,00-99,LSB,CN,local,credit
628360,00-99,FUJIAN HAIXIA BANK CO.LTD,CN,local,credit
628361,00-99,JIANGXI BANK CO LTD.,CN,local,credit
628362,00-99,CHINA MERCHANTS BANK,CN,local,credit
628363,00-99,,CN,local,debit
628364,00-99,BANK OF BAODING CO.LTG.,CN,local,credit
628365,00-99,BANK OF ZHANGJIAKOU CO LTD.,CN,local,credit
628366,00-99,CHINA CONSTRUCTION BANK,CN,local,credit
628367,00-99,GUANGZHOU COMMERCIAL BANK,CN,local,credit
628368,00-99,DAQING CITY COMMERCIAL BANK,CN,local,credit
628369,00-99,JIANGSU XIZHOU RURAL COMMERCIAL BANK,CN,local,credit
628370,00-99,CITIC BANK CREDIT CARD CENTER,CN,local,credit
628371,00-99,CITIC BANK CREDIT CARD CENTER,CN,local,credit
628372,00-99,CITIC BANK CREDIT CARD CENTER,CN,local,credit
628373,00-99,BANK OF LIUZHOU,CN,local,credit
628374,00-99,,CN,local,debit
628375,00-99,QINGDAO RURAL COMMERCIAL BANK,CN,local,credit
628376,00-99,,CN,local,debit
628377,00-99,INN FOR UNIONPAY CARD NETWORK,CN,local,credit
628378,00-99,ORDOS BANK CO. LTD.,CN,local,credit
628379,00-99,QILU BANK CO. LTD.,CN,local,credit
628380,00-99,INN FOR UNIONPAY CARD NETWORK,CN,local,credit
628381,00-99,JIANGYIN RURAL COMMERCIAL BANK CUPDATACREDIT,CN,local,credit
628382,00-99,SXYDNCCB,CN,local,credit
628383,00-99,,CN,local,debit
628384,00-99,,CN,local,debit
628385,00-99,CHANG AN BANK,CN,local,credit
628386,00-99,HUNAN RURAL CRDET COOPERATIVE UNION,CN,local,credit
628387,00-99,ANHUI RURAL CREDIT UNION,CN,local,credit
628388,00-99,BANK OF CHINA,CN,local,credit
628389,00-99,ZHUMADIAN BANK-OFFICIAL CARD,CN,local,credit
628390,00-99,,CN,local,debit
628391,00-99,WEI FANG BANK,CN,local,credit
628392,00-99,INN-U,CN,local,credit
628393,00-99,,CN,local,debit
628394,00-99,,CN,local,debit
628395,00-99,THE BANK OF CANGZHOU LIMITED BY SHARE LTD.,CN,local,credit
628396,00-99,BANK OF TEXAS INC.,US,local,debit
628397,00-99,DEZHOU BANK CO. LTD.,CN,local,credit
628398,00-99,DONGGUAN COMMERCIAL BANK-CORPORATE CARD,CN,local,credit
628399,00-99,LIAONING RURAL CREDIT COOPERATIVES,CN,local,credit
628400,00-99,,CN,local,debit
628401,00-99,,CN,local,debit
628402,00-99,,CN,local,debit
628403,00-99,,CN,local,debit
628404,00-99,,CN,local,debit
628405,00-99,,CN,local,debit
628406,00-99,,CN,local,debit
628407,00-99,,CN,local,debit
628408,00-99,,CN,local,debit
628409,00-99,,CN,local,debit
628410,00-99,,CN,local,debit
628411,00-99,,CN,local,debit
628412,00-99,,CN,local,debit
628413,00-99,,CN,local,debit
628414,00-99,,CN,local,debit
628415,00-99,,CN,local,debit
628416,00-99,,CN,local,debit
628417,00-99,,CN,local,debit
628418,00-99,,CN,local,debit
628419,00-99,,CN,local,debit
628420,00-99,,CN,local,debit
628421,00-99,,CN,local,debit
628422,00-99,,CN,local,debit
628423,00-99,,CN,local,debit
628424,00-99,,CN,local,debit
628425,00-99,,CN,local,debit
628426,00-99,,CN,local,debit
628427,00-99,,CN,local,debit
628428,00-99,,CN,local,debit
628429,00-99,,CN,local,debit
628430,00-99,,CN,local,debit
628431,00-99,,CN,local,debit
628432,00-99,,CN,local,debit
628433,00-99,,CN,local,debit
628434,00-99,,CN,local,debit
628435,00-99,,CN,local,debit
628436,00-99,,CN,local,debit
628437,00-99,,CN,local,debit
628438,00-99,,CN,local,debit
628439,00-99,,CN,local,debit
628440,00-99,,CN,local,debit
628441,00-99,,CN,local,debit
628442,00-99,,CN,local,debit
628443,00-99,,CN,local,debit
628444,00-99,,CN,local,debit
628445,00-99,,CN,local,debit
628446,00-99,,CN,local,debit
628447,00-99,ZHONGSHAN RURAL COMMERCIAL BANK,CN,local,credit
628448,00-99,INSDUSTRIAL AND COMMERCIAL BANK OF CHINA,CN,local,credit
628449,00-99,,CN,local,debit
628450,00-99,,CN,local,debit
628451,00-99,,CN,local,debit
628452,00-99,,CN,local,debit
628453,00-99,,CN,local,debit
628454,00-99,,CN,local,debit
628455,00-99,,CN,local,debit
628456,00-99,,CN,local,debit
628457,00-99,,CN,local,debit
628458,00-99,,CN,local,debit
628459,00-99,,CN,local,debit
628460,00-99,,CN,local,debit
628461,00-99,,CN,local,debit
628462,00-99,,CN,local,debit
628463,00-99,,CN,local,debit
628464,00-99,,CN,local,debit
628465,00-99,,CN,local,debit
628466,00-99,,CN,local,debit
628467,00-99,,CN,local,debit
628468,00-99,,CN,local,debit
628469,00-99,,CN,local,debit
628470,00-99,,CN,local,debit
628471,00-99,,CN,local,debit
628472,00-99,,CN,local,debit
628473,00-99,,CN,local,debit
628474,00-99,,CN,local,debit
628475,00-99,,CN,local,debit
628476,00-99,,CN,local,debit
628477,00-99,,CN,local,debit
628478,00-99,,CN,local,debit
628479,00-99,,CN,local,debit
628480,00-99,,CN,local,debit
628481,00-99,,CN,local,debit
628482,00-99,,CN,local,debit
628483,00-99,,CN,local,debit
628484,00-99,,CN,local,debit
628485,00-99,,CN,local,debit
628486,00-99,,CN,local,debit
628487,00-99,,CN,local,debit
628488,00-99,,CN,local,debit
628489,00-99,,CN,local,debit
628490,00-99,,CN,local,debit
628491,00-99,,CN,local,debit
628492,00-99,,CN,local,debit
628493,00-99,,CN,local,debit
628494,00-99,,CN,local,debit
628495,00-99,,CN,local,debit
628496,00-99,,CN,local,debit
628497,00-99,,CN,local,debit
628498,00-99,,CN,local,debit
628499,00-99,,CN,local,debit
628500,00-99,,CN,local,debit
628501,00-99,,CN,local,debit
628502,00-99,,CN,local,debit
628503,00-99,,CN,local,debit
628504,00-99,,CN,local,debit
628505,00-99,,CN,local,debit
628506,00-99,,CN,local,debit
628507,00-99,,CN,local,debit
628508,00-99,,CN,local,debit
628509,00-99,,CN,local,debit
628510,00-99,,CN,local,debit
628511,00-99,,CN,local,debit
628512,00-99,,CN,local,debit
628513,00-99,,CN,local,debit
628514,00-99,,CN,local,debit
628515,00-99,,CN,local,debit
628516,00-99,,CN,local,debit
628517,00-99,,CN,local,debit
628518,00-99,,CN,local,debit
628519,00-99,,CN,local,debit
628520,00-99,,CN,local,debit
628521,00-99,,CN,local,debit
628522,00-99,,CN,local,debit
628523,00-99,,CN,local,debit
628524,00-99,,CN,local,debit
628525,00-99,,CN,local,debit
628526,00-99,,CN,local,debit
628527,00-99,,CN,local,debit
628528,00-99,,CN,local,debit
628529,00-99,,CN,local,debit
628530,00-99,,CN,local,debit
628531,00-99,,CN,local,debit
628532,00-99,,CN,local,debit
628533,00-99,,CN,local,debit
628534,00-99,,CN,local,debit
628535,00-99,,CN,local,debit
628536,00-99,,CN,local,debit
628537,00-99,,CN,local,debit
628538,00-99,,CN,local,debit
628539,00-99,,CN,local,debit
628540,00-99,,CN,local,debit
628541,00-99,,CN,local,debit
628542,00-99,,CN,local,debit
628543,00-99,,CN,local,debit
628544,00-99,,CN,local,debit
628545,00-99,,CN,local,debit
628546,00-99,,CN,local,debit
628547,00-99,,CN,local,debit
628548,00-99,,CN,local,debit
628549,00-99,,CN,local,debit
628550,00-99,,CN,local,debit
628551,00-99,,CN,local,debit
628552,00-99,,CN,local,debit
628553,00-99,,CN,local,debit
628554,00-99,,CN,local,debit
628555,00-99,,CN,local,debit
628556,00-99,,CN,local,debit
628557,00-99,,CN,local,debit
628558,00-99,,CN,local,debit
628559,00-99,,CN,local,debit
628560,00-99,,CN,local,debit
628561,00-99,,CN,local,debit
628562,00-99,,CN,local,debit
628563,00-99,,CN,local,debit
628564,00-99,,CN,local,debit
628565,00-99,,CN,local,debit
628566,00-99,,CN,local,debit
628567,00-99,,CN,local,debit
628568,00-99,,CN,local,debit
628569,00-99,,CN,local,debit
628570,00-99,,CN,local,debit
628571,00-99,,CN,local,debit
628572,00-99,,CN,local,debit
628573,00-99,,CN,local,debit
628574,00-99,,CN,local,debit
628575,00-99,,CN,local,debit
628576,00-99,,CN,local,debit
628577,00-99,,CN,local,debit
628578,00-99,,CN,local,debit
628579,00-99,,CN,local,debit
628580,00-99,,CN,local,debit
628581,00-99,,CN,local,debit
628582,00-99,,CN,local,debit
628583,00-99,,CN,local,debit
628584,00-99,,CN,local,debit
628585,00-99,,CN,local,debit
628586,00-99,,CN,local,debit
628587,00-99,,CN,local,debit
628588,00-99,,CN,local,debit
628589,00-99,,CN,local,debit
628590,00-99,,CN,local,debit
628591,00-99,,CN,local,debit
628592,00-99,,CN,local,debit
628593,00-99,,CN,local,debit
628594,00-99,,CN,local,debit
628595,00-99,,CN,local,debit
628596,00-99,,CN,local,debit
628597,00-99,,CN,local,debit
628598,00-99,,CN,local,debit
628599,00-99,,CN,local,debit
628600,00-99,,CN,local,debit
628601,00-99,,CN,local,debit
628602,00-99,,CN,local,debit
628603,00-99,,CN,local,debit
628604,00-99,,CN,local,debit
628605,00-99,,CN,local,debit
628606,00-99,,CN,local,debit
628607,00-99,,CN,local,debit
628608,00-99,,CN,local,debit
628609,00-99,,CN,local,debit
628610,00-99,,CN,local,debit
628611,00-99,,CN,local,debit
628612,00-99,,CN,local,debit
628613,00-99,,CN,local,debit
628614,00-99,,CN,local,debit
628615,00-99,,CN,local,debit
628616,00-99,,CN,local,debit
628617,00-99,,CN,local,debit
628618,00-99,,CN,local,debit
628619,00-99,,CN,local,debit
628620,00-99,,CN,local,debit
628621,00-99,,CN,local,debit
628622,00-99,,CN,local,debit
628623,00-99,,CN,local,debit
628624,00-99,,CN,local,debit
628625,00-99,,CN,local,debit
628626,00-99,,CN,local,debit
628627,00-99,,CN,local,debit
628628,00-99,,CN,local,debit
628629,00-99,,CN,local,debit
628630,00-99,,CN,local,debit
628631,00-99,,CN,local,debit
628632,00-99,,CN,local,debit
628633,00-99,,CN,local,debit
628634,00-99,,CN,local,debit
628635,00-99,,CN,local,debit
628636,00-99,,CN,local,debit
628637,00-99,,CN,local,debit
628638,00-99,,CN,local,debit
628639,00-99,,CN,local,debit
628640,00-99,,CN,local,debit
628641,00-99,,CN,local,debit
628642,00-99,,CN,local,debit
628643,00-99,,CN,local,debit
628644,00-99,,CN,local,debit
628645,00-99,,CN,local,debit
628646,00-99,,CN,local,debit
628647,00-99,,CN,local,debit
628648,00-99,,CN,local,debit
628649,00-99,,CN,local,debit
628650,00-99,,CN,local,debit
628651,00-99,,CN,local,debit
628652,00-99,,CN,local,debit
628653,00-99,,CN,local,debit
628654,00-99,,CN,local,debit
628655,00-99,,CN,local,debit
628656,00-99,,CN,local,debit
628657,00-99,,CN,local,debit
628658,00-99,,CN,local,debit
628659,00-99,,CN,local,debit
628660,00-99,,CN,local,debit
628661,00-99,,CN,local,debit
628662,00-99,,CN,local,debit
628663,00-99,,CN,local,debit
628664,00-99,,CN,local,debit
628665,00-99,,CN,local,debit
628666,00-99,,CN,local,debit
628667,00-99,,CN,local,debit
628668,00-99,,CN,local,debit
628669,00-99,,CN,local,debit
628670,00-99,,CN,local,debit
628671,00-99,,CN,local,debit
628672,00-99,,CN,local,debit
628673,00-99,,CN,local,debit
628674,00-99,,CN,local,debit
628675,00-99,,CN,local,debit
628676,00-99,,CN,local,debit
628677,00-99,,CN,local,debit
628678,00-99,,CN,local,debit
628679,00-99,,CN,local,debit
628680,00-99,,CN,local,debit
628681,00-99,,CN,local,debit
628682,00-99,,CN,local,debit
628683,00-99,,CN,local,debit
628684,00-99,,CN,local,debit
628685,00-99,,CN,local,debit
628686,00-99,,CN,local,debit
628687,00-99,,CN,local,debit
628688,00-99,,CN,local,debit
628689,00-99,,CN,local,debit
628690,00-99,,CN,local,debit
628691,00-99,,CN,local,debit
628692,00-99,,CN,local,debit
628693,00-99,,CN,local,debit
628694,00-99,,CN,local,debit
628695,00-99,,CN,local,debit
628696,00-99,,CN,local,debit
628697,00-99,,CN,local,debit
628698,00-99,,CN,local,debit
628699,00-99,,CN,local,debit
628700,00-99,,CN,local,debit
628701,00-99,,CN,local,debit
628702,00-99,,CN,local,debit
628703,00-99,,CN,local,debit
628704,00-99,,CN,local,debit
628705,00-99,,CN,local,debit
628706,00-99,,CN,local,debit
628707,00-99,,CN,local,debit
628708,00-99,,CN,local,debit
628709,00-99,,CN,local,debit
628710,00-99,,CN,local,debit
628711,00-99,,CN,local,debit
628712,00-99,,CN,local,debit
628713,00-99,,CN,local,debit
628714,00-99,,CN,local,debit
628715,00-99,,CN,local,debit
628716,00-99,,CN,local,debit
628717,00-99,,CN,local,debit
628718,00-99,,CN,local,debit
628719,00-99,,CN,local,debit
628720,00-99,,CN,local,debit
628721,00-99,,CN,local,debit
628722,00-99,,CN,local,debit
628723,00-99,,CN,local,debit
628724,00-99,,CN,local,debit
628725,00-99,,CN,local,debit
628726,00-99,,CN,local,debit
628727,00-99,,CN,local,debit
628728,00-99,,CN,local,debit
628729,00-99,,CN,local,debit
628730,00-99,,CN,local,debit
628731,00-99,,CN,local,debit
628732,00-99,,CN,local,debit
628733,00-99,,CN,local,debit
628734,00-99,,CN,local,debit
628735,00-99,,CN,local,debit
628736,00-99,,CN,local,debit
628737,00-99,,CN,local,debit
628738,00-99,,CN,local,debit
628739,00-99,,CN,local,debit
628740,00-99,,CN,local,debit
628741,00-99,,CN,local,debit
628742,00-99,,CN,local,debit
628743,00-99,,CN,local,debit
628744,00-99,,CN,local,debit
628745,00-99,,CN,local,debit
628746,00-99,,CN,local,debit
628747,00-99,,CN,local,debit
628748,00-99,,CN,local,debit
628749,00-99,,CN,local,debit
628750,00-99,,CN,local,debit
628751,00-99,,CN,local,debit
628752,00-99,,CN,local,debit
628753,00-99,,CN,local,debit
628754,00-99,,CN,local,debit
628755,00-99,,CN,local,debit
628756,00-99,,CN,local,debit
628757,00-99,,CN,local,debit
628758,00-99,,CN,local,debit
628759,00-99,,CN,local,debit
628760,00-99,,CN,local,debit
628761,00-99,,CN,local,debit
628762,00-99,,CN,local,debit
628763,00-99,,CN,local,debit
628764,00-99,,CN,local,debit
628765,00-99,,CN,local,debit
628766,00-99,,CN,local,debit
628767,00-99,,CN,local,debit
628768,00-99,,CN,local,debit
628769,00-99,,CN,local,debit
628770,00-99,,CN,local,debit
628771,00-99,,CN,local,debit
628772,00-99,,CN,local,debit
628773,00-99,,CN,local,debit
628774,00-99,,CN,local,debit
628775,00-99,,CN,local,debit
628776,00-99,,CN,local,debit
628777,00-99,,CN,local,debit
628778,00-99,,CN,local,debit
628779,00-99,,CN,local,debit
628780,00-99,,CN,local,debit
628781,00-99,,CN,local,debit
628782,00-99,,CN,local,debit
628783,00-99,,CN,local,debit
628784,00-99,,CN,local,debit
628785,00-99,,CN,local,debit
628786,00-99,,CN,local,debit
628787,00-99,,CN,local,debit
628788,00-99,,CN,local,debit
628789,00-99,,CN,local,debit
628790,00-99,,CN,local,debit
628791,00-99,,CN,local,debit
628792,00-99,,CN,local,debit
628793,00-99,,CN,local,debit
628794,00-99,,CN,local,debit
628795,00-99,,CN,local,debit
628796,00-99,,CN,local,debit
628797,00-99,,CN,local,debit
628798,00-99,,CN,local,debit
628799,00-99,,CN,local,debit
628800,00-99,,CN,local,debit
628801,00-99,,CN,local,debit
628802,00-99,,CN,local,debit
628803,00-99,,CN,local,debit
628804,00-99,,CN,local,debit
628805,00-99,,CN,local,debit
628806,00-99,,CN,local,debit
628807,00-99,,CN,local,debit
628808,00-99,,CN,local,debit
628809,00-99,,CN,local,debit
628810,00-99,,CN,local,debit
628811,00-99,,CN,local,debit
628812,00-99,,CN,local,debit
628813,00-99,,CN,local,debit
628814,00-99,,CN,local,debit
628815,00-99,,CN,local,debit
628816,00-99,,CN,local,debit
628817,00-99,,CN,local,debit
628818,00-99,,CN,local,debit
628819,00-99,,CN,local,debit
628820,00-99,,CN,local,debit
628821,00-99,,CN,local,debit
628822,00-99,,CN,local,debit
628823,00-99,,CN,local,debit
628824,00-99,,CN,local,debit
628825,00-99,,CN,local,debit
628826,00-99,,CN,local,debit
628827,00-99,,CN,local,debit
628828,00-99,,CN,local,debit
628829,00-99,,CN,local,debit
628830,00-99,,CN,local,debit
628831,00-99,,CN,local,debit
628832,00-99,,CN,local,debit
628833,00-99,,CN,local,debit
628834,00-99,,CN,local,debit
628835,00-99,,CN,local,debit
628836,00-99,,CN,local,debit
628837,00-99,,CN,local,debit
628838,00-99,,CN,local,debit
628839,00-99,,CN,local,debit
628840,00-99,,CN,local,debit
628841,00-99,,CN,local,debit
628842,00-99,,CN,local,debit
628843,00-99,,CN,local,debit
628844,00-99,,CN,local,debit
628845,00-99,,CN,local,debit
628846,00-99,,CN,local,debit
628847,00-99,,CN,local,debit
628848,00-99,,CN,local,debit
628849,00-99,,CN,local,debit
628850,00-99,,CN,local,debit
628851,00-99,,CN,local,debit
628852,00-99,,CN,local,debit
628853,00-99,,CN,local,debit
628854,00-99,,CN,local,debit
628855,00-99,,CN,local,debit
628856,00-99,,CN,local,debit
628857,00-99,,CN,local,debit
628858,00-99,,CN,local,debit
628859,00-99,,CN,local,debit
628860,00-99,,CN,local,debit
628861,00-99,,CN,local,debit
628862,00-99,,CN,local,debit
628863,00-99,,CN,local,debit
628864,00-99,,CN,local,debit
628865,00-99,,CN,local,debit
628866,00-99,,CN,local,debit
628867,00-99,,CN,local,debit
628868,00-99,,CN,local,debit
628869,00-99,,CN,local,debit
628870,00-99,,CN,local,debit
628871,00-99,,CN,local,debit
628872,00-99,,CN,local,debit
628873,00-99,,CN,local,debit
628874,00-99,,CN,local,debit
628875,00-99,,CN,local,debit
628876,00-99,,CN,local,debit
628877,00-99,,CN,local,debit
628878,00-99,,CN,local,debit
628879,00-99,,CN,local,debit
628880,00-99,,CN,local,debit
628881,00-99,,CN,local,debit
628882,00-99,,CN,local,debit
628883,00-99,,CN,local,debit
628884,00-99,,CN,local,debit
628885,00-99,,CN,local,debit
628886,00-99,,CN,local,debit
628887,00-99,,CN,local,debit
628888,00-99,,CN,local,debit
628889,00-99,,CN,local,debit
628890,00-99,,CN,local,debit
628891,00-99,,CN,local,debit
628892,00-99,,CN,local,debit
628893,00-99,,CN,local,debit
628894,00-99,,CN,local,debit
628895,00-99,,CN,local,debit
628896,00-99,,CN,local,debit
628897,00-99,,CN,local,debit
628898,00-99,,CN,local,debit
628899,00-99,,CN,local,debit
628992,00-99,,CN,local,debit
628993,00-99,,CN,local,debit
628994,00-99,,CN,local,debit
628995,00-99,,CN,local,debit
628996,00-99,,CN,local,debit
628997,00-99,,CN,local,debit
628998,00-99,,CN,local,debit
629030,00-99,,CN,local,debit
629040,00-99,,CN,local,debit
629095,00-99,JOINT-STOCK COMPANY POYTAKHT BANK,HK,local,debit
629100,00-99,INN FOR UNIONPAY CARD NETWORK,PK,local,debit
629101,00-99,FAYSAL BANK LTD.,PK,local,debit
629102,00-99,,NP,local,debit
629103,00-99,,PK,local,debit
629110,00-99,POCHTA-BANK,RU,local,debit
629111,00-99,UNITED BANK,PK,local,debit
629112,00-99,FAYSAL BANK,PK,local,debit
629113,00-99,NBP FUND MANAGEMENT LTD.,PK,local,debit
629114,00-99,,PK,local,debit
629115,00-99,CEBUANA LHUILLIER RURAL BANK,PH,local,debit
629116,00-99,CENTRAL DIRECTORATE OF NATIONAL SAVINGS,PK,local,debit
629117,00-99,ASKARI BANK LTD.,PK,local,debit
629118,00-99,POSTAL SAVINGS BANK J.S.C.,CN,local,debit
629128,00-99,JOINT-STOCK COMPANY COMMERCIAL BANK SOLIDARNOST,RU,local,debit
629129,00-99,OJSC CB SOLIDARNOST,RU,local,debit
629130,00-99,CREDICORP BANK S.A.,PA,local,debit
629131,00-99,K & R INTERNATIONAL LTD.,HK,local,debit
629132,00-99,INN FOR UNIONPAY CARD NETWORK,NP,local,debit
629133,00-99,INN FOR UNIONPAY CARD NETWORK,MM,local,debit
629135,00-99,BANQUE POUR LE COMMERCE EXTERIEUR LAO PUBLIC,LA,local,debit
629136,00-99,INN FOR UNIONPAY CARD NETWORK,NG,local,debit
629138,00-99,NOUVOBANQ,SC,local,debit
629139,00-99,33 FINANCIAL SERVICES LTD.,HK,local,debit
629140,00-99,K & R INTERNATIONAL LTD.,HK,local,debit
629141,00-99,BC CARD,KR,local,debit
629142,00-99,BANQUE SOCREDO,PF,local,debit
629143,00-99,BANK OF CHINA(LAOS),LA,local,debit
629144,00-99,ADVANCED BANK OF ASIA LTD.,KH,local,debit
629147,00-99,UNIVERSAL MERCHANT BANK,GH,local,debit
629148,00-99,33 FINANCIAL SERVICES LTD.,HK,local,debit
629149,00-99,BC CARD CO. LTD,KR,local,debit
629150,00-99,BC CARD CO. LTD,KR,local,debit
629151,00-99,PRUDENTIAL BANK LTD.,GH,local,debit
629152,00-99,BOC(MALAYSIA),MY,local,debit
629153,00-99,BOC(PARIS),FR,local,debit
629154,00-99,MUGANBANK,AZ,local,debit
629155,00-99,COMMERCIAL BANK,RU,local,debit
629156,00-99,JOINT STOCK COMMERCIAL BANK,RU,local,debit
629157,00-99,JOINT STOCK COMPANY RUSSIAN REGIONAL DEVELOPMENT BANK,RU,local,debit
629158,00-99,JOINT DEVELOPMENT BANK CO. LTD,LA,local,debit
629161,00-99,INTERNATIONAL CRADS COMPANY,JO,local,debit
629162,00-99,BOGD BANK,MN,local,debit
629163,00-99,BOC(MILANO),IT,local,debit
629164,00-99,MOORWAND LTD.,GB,local,debit
629165,00-99,SBM BANK (MAURITIUS) LTD.,MG,local,debit
629166,00-99,BANCO COMERCIAL PORTUGUES,PT,local,debit
629167,00-99,INN FOR UNIONPAY CARD NETWORK,PT,local,debit
629168,00-99,TRANSPORT AND DEVELOPMENT BANK LLC,MN,local,debit
629169,00-99,TELENOR MICROFINANCE BANK LTD.,PK,local,debit
629171,00-99,INN FOR UNIONPAY CARD NETWORK,RU,local,debit
629172,00-99,INN FOR UNIONPAY CARD NETWORK,PT,local,debit
629173,00-99,INN FOR UNIONPAY CARD NETWORK,HK,local,debit
629174,00-99,TRANSFOREX,HK,local,debit
629175,00-99,INN FOR UNIONPAY CARD NETWORK,HK,local,debit
629176,00-99,COMMERCIAL BANK OF CEYLON PLC,LK,local,debit
629177,00-99,INN FOR UNIONPAY CARD NETWORK,LK,local,debit
629178,00-99,PRUDENTIAL BANK LTD.,GH,local,debit
629179,00-99,NRSP MICROFINANCE BANK LTD.,PK,local,debit
629180,00-99,INN FOR UNIONPAY CARD NETWORK,KZ,local,debit
629210,00-99,SUMMIT BANK,PK,local,debit
629211,00-99,PJSC ORIENT EXPRESS BANK,RU,local,debit
629212,00-99,VIETINBANK,VN,local,debit
629214,00-99,UAB BANK LTD.,MM,local,debit
629215,00-99,MUTUAL TRUST BANK LTD.,BD,local,debit
629216,00-99,USS SWITCHMASTER,RU,local,debit
629217,00-99,MUTUAL TRUST BANK LTD.,BD,local,debit
629218,00-99,,PH,local,debit
629219,00-99,,PH,local,debit
629220,00-99,POST BANK UGANDA LTD.,UG,local,debit
629221,00-99,BANCO WELL LINK S.A.,MO,local,debit
629222,00-99,INN FOR UNIONPAY CARD NETWORK,UG,local,debit
629223,00-99,BFC PAYMENTS B.S.C. (C),BH,local,debit
629224,00-99,STANDARD BANK OF SOUTH AFRICA LTD.,ZA,local,debit
629225,00-99,BOC,HK,local,debit
629226,00-99,INN FOR UNIONPAY CARD NETWORK,AO,local,debit
629227,00-99,NORTH INTERNATIONAL BANK,AG,local,debit
629228,00-99,BANCO NACIONAL DE GUNIEA ECUATORIAL,GQ,local,debit
629229,00-99,MOORWAND LTD.,GB,local,debit
629230,00-99,,GB,local,debit
629233,00-99,,IQ,local,debit
629236,00-99,AXIATA DIGITAL ECODE SDN. BHD.,MY,local,debit
629237,00-99,ACCESBANQUE MADAGASCAR,MG,local,debit
629238,00-99,INN FOR UNIONPAY CARD NETWORK,HK,local,debit
629239,00-99,INN FOR UNIONPAY CARD NETWORK,HK,local,debit
629240,00-99,ALLIED BANK LTD.,PK,local,debit
629241,00-99,ALLIED BANK LTD.,PK,local,debit
629242,00-99,KRUNG THAI BANK PUBLIC COMPANY LMITED,TH,local,debit
629244,00-99,PJSC PROMSVYAZBANK,RU,local,debit
629247,00-99,U MOBILE SERVICES SDN BHD,MY,local,debit
629248,00-99,,PH,local,debit
629249,00-99,DIXIPAY LTD.,GB,local,debit
629251,00-99,33 FINANCIAL SERVICES LTD.,HK,local,debit
629252,00-99,INN FOR UNIONPAY CARD NETWORK,LK,local,debit
629253,00-99,,HK,local,debit
629254,00-99,FBNBANK DRC SA,CD,local,debit
629255,00-99,FBNBANK DRC,CD,local,debit
629256,00-99,,RU,local,debit
629260,00-99,UPI TOKEN,CN,local,debit
629261,00-99,UPI TOKEN,CN,local,debit
629262,00-99,UPI TOKEN,CN,local,debit
629269,00-99,UPI TOKEN,CN,local,debit
629271,00-99,INN FOR UNIONPAY CARD NETWORK,VU,local,debit
629272,00-99,AL TAIL MONEY TRANSFER,IQ,local,debit
629273,00-99,USS SWITCHMASTER,RU,local,debit
629274,00-99,CJSC KYRGZ INVESTMENT AND CREDIT BANK,KG,local,debit
629275,00-99,INVEST BANK,CN,local,debit
629277,00-99,KHAN BANK OF MONGOLIA,MN,local,debit
629278,00-99,BANQUE SINO-CONGOLAISE POUR 1'AFRIQUE S.A,CG,local,debit
629279,00-99,AL TAIF MONEY TRANSFER,IQ,local,debit
629281,00-99,UNIVERSAL MERCHANT BANK,GH,local,debit
629283,00-99,INN FOR UNIONPAY CARD NETWORK,PT,local,debit
629284,00-99,KENYA COMMERCIAL BANK,KE,local,debit
629285,00-99,,RU,local,debit
629286,00-99,CHINA GUANGFA BANK MACAU BRANCH,MO,local,debit
629287,00-99,INN FOR UNIONPAY CARD NETWORK,AO,local,debit
629288,00-99,INN FOR UNIONPAY CARD NETWORK,GB,local,debit
629289,00-99,,GB,local,debit
629290,00-99,,IQ,local,debit
629291,00-99,ACCESBANQUE MADAGASCAR,MG,local,debit
629295,00-99,ALETA PLANET PTE. LTD.,SG,local,debit
629296,00-99,,RU,local,debit
629433,00-99,,CA,local,debit
629436,00-99,,US,local,debit
629441,00-99,MASTERCARD - MDS FOR EUROPE DEBIT ACQUIRER & NON-EUROPEAN DEBIT ISSUER,CA,maestro,debit
629442,00-99,MASTERCARD - MDS FOR EUROPE DEBIT ACQUIRER & NON-EUROPEAN DEBIT ISSUER,CA,maestro,debit
629443,00-99,MASTERCARD - MDS FOR EUROPE DEBIT ACQUIRER & NON-EUROPEAN DEBIT ISSUER,CA,maestro,debit
629444,00-99,,US,maestro,debit
629445,00-99,,US,maestro,debit
629446,00-99,,US,maestro,debit
629447,00-99,MASTERCARD - MDS FOR EUROPE DEBIT ACQUIRER & NON-EUROPEAN DEBIT ISSUER,CA,maestro,debit
629448,00-99,MASTERCARD - MDS FOR EUROPE DEBIT ACQUIRER & NON-EUROPEAN DEBIT ISSUER,CA,maestro,debit
629449,00-99,MASTERCARD - MDS FOR EUROPE DEBIT ACQUIRER & NON-EUROPEAN DEBIT ISSUER,CA,maestro,debit
629450,00-99,MASTERCARD - MDS FOR EUROPE DEBIT ACQUIRER & NON-EUROPEAN DEBIT ISSUER,CA,maestro,debit
629451,00-99,MASTERCARD - MDS FOR EUROPE DEBIT ACQUIRER & NON-EUROPEAN DEBIT ISSUER,CA,maestro,debit
629452,00-99,MASTERCARD - MDS FOR EUROPE DEBIT ACQUIRER & NON-EUROPEAN DEBIT ISSUER,CA,maestro,debit
629453,00-99,MASTERCARD - MDS FOR EUROPE DEBIT ACQUIRER & NON-EUROPEAN DEBIT ISSUER,CA,maestro,debit
629455,00-99,,US,cirrus,debit
629846,00-99,,BR,local,debit
629850,00-99,,US,ebt,debit
629851,00-99,,US,ebt,debit
629852,00-99,,US,ebt,debit
629853,00-99,,US,ebt,debit
629854,00-99,WELLS FARGO BANK N.A.,US,ebt,debit
629855,00-99,,US,ebt,debit
629856,00-99,,US,ebt,debit
629857,00-99,,US,ebt,debit
629858,00-99,,US,ebt,debit
629859,00-99,,US,ebt,debit
629860,00-99,U.S. BANK NATIONAL ASSOCIATION,US,ebt,debit
629861,00-99,,US,ebt,debit
629862,00-99,,US,ebt,debit
629863,00-99,,US,ebt,debit
629864,00-99,,IN,local,debit
629865,00-99,,US,ebt,debit
629866,00-99,,US,ebt,debit
629867,00-99,,US,ebt,debit
629868,00-99,,US,ebt,debit
629869,00-99,,US,ebt,debit
629886,00-99,,US,local,debit
629890,00-99,,US,ebt,debit
629891,00-99,,US,ebt,debit
629892,00-99,,US,ebt,debit
629893,00-99,,US,ebt,debit
629894,00-99,,US,ebt,debit
629895,00-99,,US,ebt,debit
629896,00-99,,US,ebt,debit
629897,00-99,,BR,private label,debit
629898,00-99,,US,ebt,debit
629899,00-99,WELLS FARGO BANK N.A.,US,ebt,debit
629914,00-99,EDENRED RESTAURANT TICKETS,BE,private label,debit
629949,00-99,,US,local,debit
629974,00-99,,US,local,debit
629975,00-99,,BR,local,debit
