BIN6,Ranges,Issuer,Country,Brand,Type
900000,00-99,UNIONPAY,CN,unionpay,debit
900001,00-99,BC CARD,KR,private label,debit
900002,00-99,AKTIF YATIRIM BANKASI,TR,troy,credit
900003,00-99,UNIONPAY,CN,unionpay,debit
900004,00-99,BANCO COOPERATIVO ESPANOL S.A.,ES,private label,debit
900005,00-99,BANCO DE CREDITO COOPERATIVO (GRUPO CAJAMAR),ES,private label,debit
900006,00-99,BANCO COOPERATIVO ESPANOL S.A. (BANTIERRA),ES,private label,debit
900007,00-99,CAIXABANK S.A.,ES,private label,debit
900008,00-99,BANCO COOPERATIVO ESPANOL S.A.,ES,private label,debit
900009,00-99,CAIXABANK S.A.,ES,private label,debit
900010,00-99,BANCO COOPERATIVO ESPANOL S.A.,ES,private label,debit
900011,00-99,BANCO COOPERATIVO ESPANOL S.A.,ES,private label,debit
900012,00-99,BANCO COOPERATIVO ESPANOL S.A.,ES,private label,debit
900013,00-99,BBVA,ES,private label,debit
900014,00-99,DISCOVER,US,discover,credit
900015,00-99,BANCO COOPERATIVO ESPANOL S.A.,ES,private label,debit
900016,00-99,BANCO COOPERATIVO ESPANOL S.A.,ES,private label,debit
900017,00-99,TEKSTILBANK A.S.,TR,troy,credit
900018,00-99,BANCO COOPERATIVO ESPANOL S.A.,ES,private label,debit
900019,00-99,BANCO DE CREDITO COOPERATIVO (GRUPO CAJAMAR),ES,private label,debit
900020,00-99,ODEA BANK A.S.,TR,troy,credit
900021,00-99,BANCO COOPERATIVO ESPANOL S.A.,ES,private label,debit
900022,00-99,BANCO DE SABADELL,ES,private label,debit
900023,00-99,BANCO COOPERATIVO ESPANOL S.A.,ES,private label,debit
900024,00-99,BANCO COOPERATIVO ESPANOL S.A.,ES,private label,debit
900025,00-99,BANCO DE CREDITO COOPERATIVO (GRUPO CAJAMAR),ES,private label,debit
900026,00-99,BANCO COOPERATIVO ESPANOL S.A.,ES,private label,debit
900027,00-99,BANCO COOPERATIVO ESPANOL S.A.,ES,private label,debit
900028,00-99,BANCO COOPERATIVO ESPANOL S.A.,ES,private label,debit
900029,00-99,POSTA VE TELGRAF TESKILATI A.S.,TR,troy,credit
900031,00-99,BANCO DE CREDITO COOPERATIVO (GRUPO CAJAMAR),ES,private label,debit
900033,00-99,BANCO DE CREDITO COOPERATIVO (GRUPO CAJAMAR),ES,private label,debit
900037,00-99,BANCO SANTANDER S.A.,ES,private label,credit
900038,00-99,BANCO SANTANDER S.A.,ES,private label,credit
900039,00-99,BANCO SANTANDER S.A.,ES,private label,credit
900040,00-99,BANCO POPULAR ESPANOL S.A.,ES,private label,credit
900042,00-99,BANCA MARCH,ES,private label,credit
900043,00-99,BANCO PASTOR,ES,private label,credit
900046,00-99,BANCO POPULAR ESPANOL S.A.,ES,private label,credit
900048,00-99,SAMBA FINANCIAL GROUP,PK,local brand,credit
900049,00-99,BANCO POPULAR ESPANOL S.A.,ES,private label,credit
900050,00-99,BC CARD,KR,local brand,credit
900052,00-99,BANCO POPULAR ESPANOL S.A.,ES,private label,credit
900054,00-99,BANCO POPULAR ESPANOL S.A.,ES,private label,credit
900055,00-99,BANCO SABADELL S.A.,ES,private label,credit
900071,00-99,CAIXABANK S.A.,ES,private label,credit
900072,00-99,BANCO POPULAR ESPANOL S.A.,ES,private label,credit
900077,00-99,BANCO COOPERATIVO ESPANOL S.A. (BANTIERRA),ES,private label,debit
900078,00-99,BANCO COOPERATIVO ESPANOL S.A. (BANTIERRA),ES,private label,debit
900079,00-99,BANCO DE CREDITO COOPERATIVO (GRUPO CAJAMAR),ES,private label,debit
900080,00-99,BANCO COOPERATIVO ESPANOL S.A.,ES,private label,debit
900081,00-99,CAIXABANK S.A.,ES,private label,debit
900082,00-99,BBVA,ES,private label,debit
900083,00-99,BANCO DE CREDITO COOPERATIVO (GRUPO CAJAMAR),ES,private label,debit
900086,00-99,BANCO DE CREDITO COOPERATIVO (GRUPO CAJAMAR),ES,private label,debit
900087,00-99,BBVA,ES,private label,debit
900088,00-99,BANCO DE CAJA ESPANA DE INVERSIONES SALAMANCA Y SORIA S.A.,ES,private label,debit
900092,00-99,BANCO SABADELL S.A.,ES,private label,debit
900093,00-99,BANCO SABADELL S.A.,ES,private label,debit
900094,00-99,BANCO DE CREDITO COOPERATIVO (GRUPO CAJAMAR),ES,private label,debit
900095,00-99,BANCA PUEYO S.A.,ES,private label,debit
900096,00-99,LABORAL KUTXA,ES,private label,debit
900097,00-99,BANCO COOPERATIVO ESPANOL S.A.,ES,private label,debit
900099,00-99,BANCO BILBAO VIZCAYA ARGENTARIA S.A. (BBVA),ES,private label,debit
900101,00-99,BC CARD,KR,local brand,debit
900105,00-99,JINAN RURAL CREDIT COOPERATIVE UNION (NOT USED),CN,local,debit
900154,00-99,ABSA GROUP LTD.,ZA,local brand,credit
900205,00-99,JINAN RURAL CREDIT COOPERATIVE UNION (NOT USED),CN,local,debit
900210,00-99,VAKIF KATILIM BANKASI A.S,TR,troy,credit
900300,00-99,CHINA EVERBRIGHT BANK,CN,local,debit
900301,00-99,CHINA EVERBRIGHT BANK,CN,local,debit
900302,00-99,CHINA EVERBRIGHT BANK,CN,local,debit
900303,00-99,CHINA EVERBRIGHT BANK,CN,local,debit
900304,00-99,CHINA EVERBRIGHT BANK,CN,local,debit
900305,00-99,CHINA EVERBRIGHT BANK,CN,local,debit
900306,00-99,CHINA EVERBRIGHT BANK,CN,local,debit
900307,00-99,CHINA EVERBRIGHT BANK,CN,local,debit
900308,00-99,CHINA EVERBRIGHT BANK,CN,local,debit
900309,00-99,CHINA EVERBRIGHT BANK,CN,local,debit
900500,00-99,CITI ETC CARD,JP,local brand,debit
900502,00-99,GE CAPITAL BANK,CZ,private label,debit
900504,00-99,GE CAPITAL BANK,CZ,private label,debit
900512,00-99,BANK MUSCAT,OM,visa,debit
900600,00-99,GE CAPITAL BANK,CZ,private label,debit
900601,00-99,DISCOVER,US,discover,credit
900602,00-99,DISCOVER,US,discover,credit
900603,00-99,DISCOVER,US,discover,credit
900604,00-99,DISCOVER,US,discover,credit
900605,00-99,DISCOVER,US,discover,credit
900606,00-99,DISCOVER,US,discover,credit
900607,00-99,DISCOVER,US,discover,credit
900608,00-99,DISCOVER,US,discover,credit
900609,00-99,DISCOVER,US,discover,credit
900630,00-99,,US,private label,debit
900631,00-99,,US,private label,debit
900632,00-99,,US,private label,debit
900633,00-99,,US,private label,debit
900634,00-99,,QA,private label,debit
900635,00-99,,US,private label,debit
900636,00-99,,US,private label,debit
900637,00-99,,US,private label,debit
900638,00-99,,US,private label,debit
900639,00-99,,US,private label,debit
900680,00-99,,US,private label,debit
900681,00-99,,US,private label,debit
900682,00-99,,SA,private label,debit
900683,00-99,,US,private label,debit
900684,00-99,,US,private label,debit
900685,00-99,,US,private label,debit
900686,00-99,,US,private label,debit
900687,00-99,,US,private label,debit
900688,00-99,,US,private label,debit
900689,00-99,,US,private label,debit
900720,00-99,AMEN B,TN,cmi,debit
900780,00-99,,US,private label,debit
900781,00-99,,US,private label,debit
900782,00-99,,US,private label,debit
900783,00-99,,US,private label,debit
900784,00-99,HSBC BANK MIDDLE EAST,AE,private label,debit
900785,00-99,,US,private label,debit
900786,00-99,,US,private label,debit
900787,00-99,,US,private label,debit
900788,00-99,,US,private label,debit
900789,00-99,,US,private label,debit
900901,00-99,BANGLADESH POST OFFICE,BD,local brand,debit
900902,00-99,BANGLADESH POST OFFICE,BD,local brand,debit
901001,00-99,AGRANI BANK,BD,local brand,debit
902837,00-99,ABSA GROUP LTD.,ZA,local brand,credit
902838,00-99,ABSA GROUP LTD.,ZA,local brand,credit
903001,00-99,BANGLADESH COMMERCE BANK LTD.,BD,local brand,credit
903121,00-99,UNIBANK,AZ,private label,debit
903131,00-99,BANK OF BAKU,AZ,private label,debit
903501,00-99,JEJU BANK,KR,local brand,credit
903502,00-99,JEJU BANK,KR,local brand,credit
903503,00-99,JEJU BANK,KR,local brand,credit
903504,00-99,JEJU BANK,KR,local brand,credit
903505,00-99,JEJU BANK,KR,local brand,credit
903516,00-99,JEJU BANK,KR,local brand,debit
903517,00-99,JEJU BANK,KR,local brand,debit
903518,00-99,JEJU BANK,KR,local brand,debit
903519,00-99,JEJU BANK,KR,local brand,debit
903520,00-99,JEJU BANK,KR,local brand,debit
903551,00-99,JEJU BANK,KR,local brand,credit
903552,00-99,JEJU BANK,KR,local brand,credit
903553,00-99,JEJU BANK,KR,local brand,credit
903554,00-99,JEJU BANK,KR,local brand,credit
903555,00-99,JEJU BANK,KR,local brand,credit
903708,00-99,ECOBANK,NG,local brand,debit
904000,00-99,YARD CARD CANADA,CA,private label,debit
904001,00-99,YARD CARD CANADA,CA,private label,debit
904002,00-99,YARD CARD CANADA,CA,private label,debit
904003,00-99,YARD CARD CANADA,CA,private label,debit
904004,00-99,YARD CARD CANADA,CA,private label,debit
904005,00-99,YARD CARD CANADA,CA,private label,debit
904006,00-99,YARD CARD CANADA,CA,private label,debit
904007,00-99,YARD CARD CANADA,CA,private label,debit
904008,00-99,YARD CARD CANADA,CA,private label,debit
904009,00-99,YARD CARD CANADA,CA,private label,debit
904010,00-99,YARD CARD CANADA,CA,private label,debit
904011,00-99,YARD CARD CANADA,CA,private label,debit
904012,00-99,YARD CARD CANADA,CA,private label,debit
904013,00-99,YARD CARD CANADA,CA,private label,debit
904014,00-99,YARD CARD CANADA,CA,private label,debit
904015,00-99,YARD CARD CANADA,CA,private label,debit
904016,00-99,YARD CARD CANADA,CA,private label,debit
904017,00-99,YARD CARD CANADA,CA,private label,debit
904018,00-99,YARD CARD CANADA,CA,private label,debit
904019,00-99,YARD CARD CANADA,CA,private label,debit
904020,00-99,YARD CARD CANADA,CA,private label,debit
904021,00-99,YARD CARD CANADA,CA,private label,debit
904022,00-99,YARD CARD CANADA,CA,private label,debit
904023,00-99,YARD CARD CANADA,CA,private label,debit
904024,00-99,YARD CARD CANADA,CA,private label,debit
904025,00-99,YARD CARD CANADA,CA,private label,debit
904026,00-99,YARD CARD CANADA,CA,private label,debit
904027,00-99,YARD CARD CANADA,CA,private label,debit
904028,00-99,YARD CARD CANADA,CA,private label,debit
904029,00-99,YARD CARD CANADA,CA,private label,debit
904030,00-99,YARD CARD CANADA,CA,private label,debit
904031,00-99,YARD CARD CANADA,CA,private label,debit
904032,00-99,YARD CARD CANADA,CA,private label,debit
904033,00-99,YARD CARD CANADA,CA,private label,debit
904034,00-99,YARD CARD CANADA,CA,private label,debit
904035,00-99,YARD CARD CANADA,CA,private label,debit
904036,00-99,YARD CARD CANADA,CA,private label,debit
904037,00-99,YARD CARD CANADA,CA,private label,debit
904038,00-99,YARD CARD CANADA,CA,private label,debit
904039,00-99,YARD CARD CANADA,CA,private label,debit
904040,00-99,YARD CARD CANADA,CA,private label,debit
904041,00-99,YARD CARD CANADA,CA,private label,debit
904042,00-99,YARD CARD CANADA,CA,private label,debit
904043,00-99,YARD CARD CANADA,CA,private label,debit
904044,00-99,YARD CARD CANADA,CA,private label,debit
904045,00-99,YARD CARD CANADA,CA,private label,debit
904046,00-99,YARD CARD CANADA,CA,private label,debit
904047,00-99,YARD CARD CANADA,CA,private label,debit
904048,00-99,YARD CARD CANADA,CA,private label,debit
904049,00-99,YARD CARD CANADA,CA,private label,debit
904050,00-99,YARD CARD CANADA,CA,private label,debit
904051,00-99,YARD CARD CANADA,CA,private label,debit
904052,00-99,YARD CARD CANADA,CA,private label,debit
904053,00-99,YARD CARD CANADA,CA,private label,debit
904054,00-99,YARD CARD CANADA,CA,private label,debit
904055,00-99,YARD CARD CANADA,CA,private label,debit
904056,00-99,YARD CARD CANADA,CA,private label,debit
904057,00-99,YARD CARD CANADA,CA,private label,debit
904058,00-99,YARD CARD CANADA,CA,private label,debit
904059,00-99,YARD CARD CANADA,CA,private label,debit
904060,00-99,YARD CARD CANADA,CA,private label,debit
904061,00-99,YARD CARD CANADA,CA,private label,debit
904062,00-99,YARD CARD CANADA,CA,private label,debit
904063,00-99,YARD CARD CANADA,CA,private label,debit
904064,00-99,YARD CARD CANADA,CA,private label,debit
904065,00-99,YARD CARD CANADA,CA,private label,debit
904066,00-99,YARD CARD CANADA,CA,private label,debit
904067,00-99,YARD CARD CANADA,CA,private label,debit
904068,00-99,YARD CARD CANADA,CA,private label,debit
904069,00-99,YARD CARD CANADA,CA,private label,debit
904070,00-99,YARD CARD CANADA,CA,private label,debit
904071,00-99,YARD CARD CANADA,CA,private label,debit
904072,00-99,YARD CARD CANADA,CA,private label,debit
904073,00-99,YARD CARD CANADA,CA,private label,debit
904074,00-99,YARD CARD CANADA,CA,private label,debit
904075,00-99,YARD CARD CANADA,CA,private label,debit
904076,00-99,YARD CARD CANADA,CA,private label,debit
904077,00-99,YARD CARD CANADA,CA,private label,debit
904078,00-99,YARD CARD CANADA,CA,private label,debit
904079,00-99,YARD CARD CANADA,CA,private label,debit
904080,00-99,YARD CARD CANADA,CA,private label,debit
904081,00-99,YARD CARD CANADA,CA,private label,debit
904082,00-99,YARD CARD CANADA,CA,private label,debit
904083,00-99,YARD CARD CANADA,CA,private label,debit
904084,00-99,YARD CARD CANADA,CA,private label,debit
904085,00-99,YARD CARD CANADA,CA,private label,debit
904086,00-99,YARD CARD CANADA,CA,private label,debit
904087,00-99,YARD CARD CANADA,CA,private label,debit
904088,00-99,YARD CARD CANADA,CA,private label,debit
904089,00-99,YARD CARD CANADA,CA,private label,debit
904090,00-99,YARD CARD CANADA,CA,private label,debit
904091,00-99,YARD CARD CANADA,CA,private label,debit
904092,00-99,YARD CARD CANADA,CA,private label,debit
904093,00-99,YARD CARD CANADA,CA,private label,debit
904094,00-99,YARD CARD CANADA,CA,private label,debit
904095,00-99,YARD CARD CANADA,CA,private label,debit
904096,00-99,YARD CARD CANADA,CA,private label,debit
904097,00-99,YARD CARD CANADA,CA,private label,debit
904098,00-99,YARD CARD CANADA,CA,private label,debit
904099,00-99,YARD CARD CANADA,CA,private label,debit
904100,00-99,YARD CARD CANADA,CA,private label,debit
904101,00-99,YARD CARD CANADA,CA,private label,debit
904102,00-99,YARD CARD CANADA,CA,private label,debit
904103,00-99,YARD CARD CANADA,CA,private label,debit
904104,00-99,YARD CARD CANADA,CA,private label,debit
904105,00-99,YARD CARD CANADA,CA,private label,debit
904106,00-99,YARD CARD CANADA,CA,private label,debit
904107,00-99,YARD CARD CANADA,CA,private label,debit
904108,00-99,YARD CARD CANADA,CA,private label,debit
904109,00-99,YARD CARD CANADA,CA,private label,debit
904110,00-99,YARD CARD CANADA,CA,private label,debit
904111,00-99,YARD CARD CANADA,CA,private label,debit
904112,00-99,YARD CARD CANADA,CA,private label,debit
904113,00-99,YARD CARD CANADA,CA,private label,debit
904114,00-99,YARD CARD CANADA,CA,private label,debit
904115,00-99,YARD CARD CANADA,CA,private label,debit
904116,00-99,YARD CARD CANADA,CA,private label,debit
904117,00-99,YARD CARD CANADA,CA,private label,debit
904118,00-99,YARD CARD CANADA,CA,private label,debit
904119,00-99,YARD CARD CANADA,CA,private label,debit
904120,00-99,YARD CARD CANADA,CA,private label,debit
904121,00-99,YARD CARD CANADA,CA,private label,debit
904122,00-99,YARD CARD CANADA,CA,private label,debit
904123,00-99,YARD CARD CANADA,CA,private label,debit
904124,00-99,YARD CARD CANADA,CA,private label,debit
904125,00-99,YARD CARD CANADA,CA,private label,debit
904126,00-99,YARD CARD CANADA,CA,private label,debit
904127,00-99,YARD CARD CANADA,CA,private label,debit
904128,00-99,YARD CARD CANADA,CA,private label,debit
904129,00-99,YARD CARD CANADA,CA,private label,debit
904130,00-99,YARD CARD CANADA,CA,private label,debit
904131,00-99,YARD CARD CANADA,CA,private label,debit
904132,00-99,YARD CARD CANADA,CA,private label,debit
904133,00-99,YARD CARD CANADA,CA,private label,debit
904134,00-99,YARD CARD CANADA,CA,private label,debit
904135,00-99,YARD CARD CANADA,CA,private label,debit
904136,00-99,YARD CARD CANADA,CA,private label,debit
904137,00-99,YARD CARD CANADA,CA,private label,debit
904138,00-99,YARD CARD CANADA,CA,private label,debit
904139,00-99,YARD CARD CANADA,CA,private label,debit
904140,00-99,YARD CARD CANADA,CA,private label,debit
904141,00-99,YARD CARD CANADA,CA,private label,debit
904142,00-99,YARD CARD CANADA,CA,private label,debit
904143,00-99,YARD CARD CANADA,CA,private label,debit
904144,00-99,YARD CARD CANADA,CA,private label,debit
904145,00-99,YARD CARD CANADA,CA,private label,debit
904146,00-99,YARD CARD CANADA,CA,private label,debit
904147,00-99,YARD CARD CANADA,CA,private label,debit
904148,00-99,YARD CARD CANADA,CA,private label,debit
904149,00-99,YARD CARD CANADA,CA,private label,debit
904150,00-99,YARD CARD CANADA,CA,private label,debit
904151,00-99,YARD CARD CANADA,CA,private label,debit
904152,00-99,YARD CARD CANADA,CA,private label,debit
904153,00-99,YARD CARD CANADA,CA,private label,debit
904154,00-99,YARD CARD CANADA,CA,private label,debit
904155,00-99,YARD CARD CANADA,CA,private label,debit
904156,00-99,YARD CARD CANADA,CA,private label,debit
904157,00-99,YARD CARD CANADA,CA,private label,debit
904158,00-99,YARD CARD CANADA,CA,private label,debit
904159,00-99,YARD CARD CANADA,CA,private label,debit
904160,00-99,YARD CARD CANADA,CA,private label,debit
904161,00-99,YARD CARD CANADA,CA,private label,debit
904162,00-99,YARD CARD CANADA,CA,private label,debit
904163,00-99,YARD CARD CANADA,CA,private label,debit
904164,00-99,YARD CARD CANADA,CA,private label,debit
904165,00-99,YARD CARD CANADA,CA,private label,debit
904166,00-99,YARD CARD CANADA,CA,private label,debit
904167,00-99,YARD CARD CANADA,CA,private label,debit
904168,00-99,YARD CARD CANADA,CA,private label,debit
904169,00-99,YARD CARD CANADA,CA,private label,debit
904170,00-99,YARD CARD CANADA,CA,private label,debit
904171,00-99,YARD CARD CANADA,CA,private label,debit
904172,00-99,YARD CARD CANADA,CA,private label,debit
904173,00-99,YARD CARD CANADA,CA,private label,debit
904174,00-99,YARD CARD CANADA,CA,private label,debit
904175,00-99,YARD CARD CANADA,CA,private label,debit
904176,00-99,YARD CARD CANADA,CA,private label,debit
904177,00-99,YARD CARD CANADA,CA,private label,debit
904178,00-99,YARD CARD CANADA,CA,private label,debit
904179,00-99,YARD CARD CANADA,CA,private label,debit
904180,00-99,YARD CARD CANADA,CA,private label,debit
904181,00-99,YARD CARD CANADA,CA,private label,debit
904182,00-99,YARD CARD CANADA,CA,private label,debit
904183,00-99,YARD CARD CANADA,CA,private label,debit
904184,00-99,YARD CARD CANADA,CA,private label,debit
904185,00-99,YARD CARD CANADA,CA,private label,debit
904186,00-99,YARD CARD CANADA,CA,private label,debit
904187,00-99,YARD CARD CANADA,CA,private label,debit
904188,00-99,YARD CARD CANADA,CA,private label,debit
904189,00-99,YARD CARD CANADA,CA,private label,debit
904190,00-99,YARD CARD CANADA,CA,private label,debit
904191,00-99,YARD CARD CANADA,CA,private label,debit
904192,00-99,YARD CARD CANADA,CA,private label,debit
904193,00-99,YARD CARD CANADA,CA,private label,debit
904194,00-99,YARD CARD CANADA,CA,private label,debit
904195,00-99,YARD CARD CANADA,CA,private label,debit
904196,00-99,YARD CARD CANADA,CA,private label,debit
904197,00-99,YARD CARD CANADA,CA,private label,debit
904198,00-99,YARD CARD CANADA,CA,private label,debit
904199,00-99,YARD CARD CANADA,CA,private label,debit
904200,00-99,YARD CARD CANADA,CA,private label,debit
904201,00-99,YARD CARD CANADA,CA,private label,debit
904202,00-99,YARD CARD CANADA,CA,private label,debit
904203,00-99,YARD CARD CANADA,CA,private label,debit
904204,00-99,YARD CARD CANADA,CA,private label,debit
904205,00-99,YARD CARD CANADA,CA,private label,debit
904206,00-99,YARD CARD CANADA,CA,private label,debit
904207,00-99,YARD CARD CANADA,CA,private label,debit
904208,00-99,YARD CARD CANADA,CA,private label,debit
904209,00-99,YARD CARD CANADA,CA,private label,debit
904210,00-99,YARD CARD CANADA,CA,private label,debit
904211,00-99,YARD CARD CANADA,CA,private label,debit
904212,00-99,YARD CARD CANADA,CA,private label,debit
904213,00-99,YARD CARD CANADA,CA,private label,debit
904214,00-99,YARD CARD CANADA,CA,private label,debit
904215,00-99,YARD CARD CANADA,CA,private label,debit
904216,00-99,YARD CARD CANADA,CA,private label,debit
904217,00-99,YARD CARD CANADA,CA,private label,debit
904218,00-99,YARD CARD CANADA,CA,private label,debit
904219,00-99,YARD CARD CANADA,CA,private label,debit
904220,00-99,YARD CARD CANADA,CA,private label,debit
904221,00-99,YARD CARD CANADA,CA,private label,debit
904222,00-99,YARD CARD CANADA,CA,private label,debit
904223,00-99,YARD CARD CANADA,CA,private label,debit
904224,00-99,YARD CARD CANADA,CA,private label,debit
904225,00-99,YARD CARD CANADA,CA,private label,debit
904226,00-99,YARD CARD CANADA,CA,private label,debit
904227,00-99,YARD CARD CANADA,CA,private label,debit
904228,00-99,YARD CARD CANADA,CA,private label,debit
904229,00-99,YARD CARD CANADA,CA,private label,debit
904230,00-99,YARD CARD CANADA,CA,private label,debit
904231,00-99,YARD CARD CANADA,CA,private label,debit
904232,00-99,YARD CARD CANADA,CA,private label,debit
904233,00-99,YARD CARD CANADA,CA,private label,debit
904234,00-99,YARD CARD CANADA,CA,private label,debit
904235,00-99,YARD CARD CANADA,CA,private label,debit
904236,00-99,YARD CARD CANADA,CA,private label,debit
904237,00-99,YARD CARD CANADA,CA,private label,debit
904238,00-99,YARD CARD CANADA,CA,private label,debit
904239,00-99,YARD CARD CANADA,CA,private label,debit
904240,00-99,YARD CARD CANADA,CA,private label,debit
904241,00-99,YARD CARD CANADA,CA,private label,debit
904242,00-99,YARD CARD CANADA,CA,private label,debit
904243,00-99,YARD CARD CANADA,CA,private label,debit
904244,00-99,YARD CARD CANADA,CA,private label,debit
904245,00-99,YARD CARD CANADA,CA,private label,debit
904246,00-99,YARD CARD CANADA,CA,private label,debit
904247,00-99,YARD CARD CANADA,CA,private label,debit
904248,00-99,YARD CARD CANADA,CA,private label,debit
904249,00-99,YARD CARD CANADA,CA,private label,debit
904250,00-99,YARD CARD CANADA,CA,private label,debit
904251,00-99,YARD CARD CANADA,CA,private label,debit
904252,00-99,YARD CARD CANADA,CA,private label,debit
904253,00-99,YARD CARD CANADA,CA,private label,debit
904254,00-99,YARD CARD CANADA,CA,private label,debit
904255,00-99,YARD CARD CANADA,CA,private label,debit
904256,00-99,YARD CARD CANADA,CA,private label,debit
904257,00-99,YARD CARD CANADA,CA,private label,debit
904258,00-99,YARD CARD CANADA,CA,private label,debit
904259,00-99,YARD CARD CANADA,CA,private label,debit
904260,00-99,YARD CARD CANADA,CA,private label,debit
904261,00-99,YARD CARD CANADA,CA,private label,debit
904262,00-99,YARD CARD CANADA,CA,private label,debit
904263,00-99,YARD CARD CANADA,CA,private label,debit
904264,00-99,YARD CARD CANADA,CA,private label,debit
904265,00-99,YARD CARD CANADA,CA,private label,debit
904266,00-99,YARD CARD CANADA,CA,private label,debit
904267,00-99,YARD CARD CANADA,CA,private label,debit
904268,00-99,YARD CARD CANADA,CA,private label,debit
904269,00-99,YARD CARD CANADA,CA,private label,debit
904270,00-99,YARD CARD CANADA,CA,private label,debit
904271,00-99,YARD CARD CANADA,CA,private label,debit
904272,00-99,YARD CARD CANADA,CA,private label,debit
904273,00-99,YARD CARD CANADA,CA,private label,debit
904274,00-99,YARD CARD CANADA,CA,private label,debit
904275,00-99,YARD CARD CANADA,CA,private label,debit
904276,00-99,YARD CARD CANADA,CA,private label,debit
904277,00-99,YARD CARD CANADA,CA,private label,debit
904278,00-99,YARD CARD CANADA,CA,private label,debit
904279,00-99,YARD CARD CANADA,CA,private label,debit
904280,00-99,YARD CARD CANADA,CA,private label,debit
904281,00-99,YARD CARD CANADA,CA,private label,debit
904282,00-99,YARD CARD CANADA,CA,private label,debit
904283,00-99,YARD CARD CANADA,CA,private label,debit
904284,00-99,YARD CARD CANADA,CA,private label,debit
904285,00-99,YARD CARD CANADA,CA,private label,debit
904286,00-99,YARD CARD CANADA,CA,private label,debit
904287,00-99,YARD CARD CANADA,CA,private label,debit
904288,00-99,YARD CARD CANADA,CA,private label,debit
904289,00-99,YARD CARD CANADA,CA,private label,debit
904290,00-99,YARD CARD CANADA,CA,private label,debit
904291,00-99,YARD CARD CANADA,CA,private label,debit
904292,00-99,YARD CARD CANADA,CA,private label,debit
904293,00-99,YARD CARD CANADA,CA,private label,debit
904294,00-99,YARD CARD CANADA,CA,private label,debit
904295,00-99,YARD CARD CANADA,CA,private label,debit
904296,00-99,YARD CARD CANADA,CA,private label,debit
904297,00-99,YARD CARD CANADA,CA,private label,debit
904298,00-99,YARD CARD CANADA,CA,private label,debit
904299,00-99,YARD CARD CANADA,CA,private label,debit
904300,00-99,YARD CARD CANADA,CA,private label,debit
904301,00-99,YARD CARD CANADA,CA,private label,debit
904302,00-99,YARD CARD CANADA,CA,private label,debit
904303,00-99,YARD CARD CANADA,CA,private label,debit
904304,00-99,YARD CARD CANADA,CA,private label,debit
904305,00-99,YARD CARD CANADA,CA,private label,debit
904306,00-99,YARD CARD CANADA,CA,private label,debit
904307,00-99,YARD CARD CANADA,CA,private label,debit
904308,00-99,YARD CARD CANADA,CA,private label,debit
904309,00-99,YARD CARD CANADA,CA,private label,debit
904310,00-99,YARD CARD CANADA,CA,private label,debit
904311,00-99,YARD CARD CANADA,CA,private label,debit
904312,00-99,YARD CARD CANADA,CA,private label,debit
904313,00-99,YARD CARD CANADA,CA,private label,debit
904314,00-99,YARD CARD CANADA,CA,private label,debit
904315,00-99,YARD CARD CANADA,CA,private label,debit
904316,00-99,YARD CARD CANADA,CA,private label,debit
904317,00-99,YARD CARD CANADA,CA,private label,debit
904318,00-99,YARD CARD CANADA,CA,private label,debit
904319,00-99,YARD CARD CANADA,CA,private label,debit
904320,00-99,YARD CARD CANADA,CA,private label,debit
904321,00-99,YARD CARD CANADA,CA,private label,debit
904322,00-99,YARD CARD CANADA,CA,private label,debit
904323,00-99,YARD CARD CANADA,CA,private label,debit
904324,00-99,YARD CARD CANADA,CA,private label,debit
904325,00-99,YARD CARD CANADA,CA,private label,debit
904326,00-99,YARD CARD CANADA,CA,private label,debit
904327,00-99,YARD CARD CANADA,CA,private label,debit
904328,00-99,YARD CARD CANADA,CA,private label,debit
904329,00-99,YARD CARD CANADA,CA,private label,debit
904330,00-99,YARD CARD CANADA,CA,private label,debit
904331,00-99,YARD CARD CANADA,CA,private label,debit
904332,00-99,YARD CARD CANADA,CA,private label,debit
904333,00-99,YARD CARD CANADA,CA,private label,debit
904334,00-99,YARD CARD CANADA,CA,private label,debit
904335,00-99,YARD CARD CANADA,CA,private label,debit
904336,00-99,YARD CARD CANADA,CA,private label,debit
904337,00-99,YARD CARD CANADA,CA,private label,debit
904338,00-99,YARD CARD CANADA,CA,private label,debit
904339,00-99,YARD CARD CANADA,CA,private label,debit
904340,00-99,YARD CARD CANADA,CA,private label,debit
904341,00-99,YARD CARD CANADA,CA,private label,debit
904342,00-99,YARD CARD CANADA,CA,private label,debit
904343,00-99,YARD CARD CANADA,CA,private label,debit
904344,00-99,YARD CARD CANADA,CA,private label,debit
904345,00-99,YARD CARD CANADA,CA,private label,debit
904346,00-99,YARD CARD CANADA,CA,private label,debit
904347,00-99,YARD CARD CANADA,CA,private label,debit
904348,00-99,YARD CARD CANADA,CA,private label,debit
904349,00-99,YARD CARD CANADA,CA,private label,debit
904350,00-99,YARD CARD CANADA,CA,private label,debit
904351,00-99,YARD CARD CANADA,CA,private label,debit
904352,00-99,YARD CARD CANADA,CA,private label,debit
904353,00-99,YARD CARD CANADA,CA,private label,debit
904354,00-99,YARD CARD CANADA,CA,private label,debit
904355,00-99,YARD CARD CANADA,CA,private label,debit
904356,00-99,YARD CARD CANADA,CA,private label,debit
904357,00-99,YARD CARD CANADA,CA,private label,debit
904358,00-99,YARD CARD CANADA,CA,private label,debit
904359,00-99,YARD CARD CANADA,CA,private label,debit
904360,00-99,YARD CARD CANADA,CA,private label,debit
904361,00-99,YARD CARD CANADA,CA,private label,debit
904362,00-99,YARD CARD CANADA,CA,private label,debit
904363,00-99,YARD CARD CANADA,CA,private label,debit
904364,00-99,YARD CARD CANADA,CA,private label,debit
904365,00-99,YARD CARD CANADA,CA,private label,debit
904366,00-99,YARD CARD CANADA,CA,private label,debit
904367,00-99,YARD CARD CANADA,CA,private label,debit
904368,00-99,YARD CARD CANADA,CA,private label,debit
904369,00-99,YARD CARD CANADA,CA,private label,debit
904370,00-99,YARD CARD CANADA,CA,private label,debit
904371,00-99,YARD CARD CANADA,CA,private label,debit
904372,00-99,YARD CARD CANADA,CA,private label,debit
904373,00-99,YARD CARD CANADA,CA,private label,debit
904374,00-99,YARD CARD CANADA,CA,private label,debit
904375,00-99,YARD CARD CANADA,CA,private label,debit
904376,00-99,YARD CARD CANADA,CA,private label,debit
904377,00-99,YARD CARD CANADA,CA,private label,debit
904378,00-99,YARD CARD CANADA,CA,private label,debit
904379,00-99,YARD CARD CANADA,CA,private label,debit
904380,00-99,YARD CARD CANADA,CA,private label,debit
904381,00-99,YARD CARD CANADA,CA,private label,debit
904382,00-99,YARD CARD CANADA,CA,private label,debit
904383,00-99,YARD CARD CANADA,CA,private label,debit
904384,00-99,YARD CARD CANADA,CA,private label,debit
904385,00-99,YARD CARD CANADA,CA,private label,debit
904386,00-99,YARD CARD CANADA,CA,private label,debit
904387,00-99,YARD CARD CANADA,CA,private label,debit
904388,00-99,YARD CARD CANADA,CA,private label,debit
904389,00-99,YARD CARD CANADA,CA,private label,debit
904390,00-99,YARD CARD CANADA,CA,private label,debit
904391,00-99,YARD CARD CANADA,CA,private label,debit
904392,00-99,YARD CARD CANADA,CA,private label,debit
904393,00-99,YARD CARD CANADA,CA,private label,debit
904394,00-99,YARD CARD CANADA,CA,private label,debit
904395,00-99,YARD CARD CANADA,CA,private label,debit
904396,00-99,YARD CARD CANADA,CA,private label,debit
904397,00-99,YARD CARD CANADA,CA,private label,debit
904398,00-99,YARD CARD CANADA,CA,private label,debit
904399,00-99,YARD CARD CANADA,CA,private label,debit
904400,00-99,YARD CARD CANADA,CA,private label,debit
904401,00-99,YARD CARD CANADA,CA,private label,debit
904402,00-99,YARD CARD CANADA,CA,private label,debit
904403,00-99,YARD CARD CANADA,CA,private label,debit
904404,00-99,YARD CARD CANADA,CA,private label,debit
904405,00-99,YARD CARD CANADA,CA,private label,debit
904406,00-99,YARD CARD CANADA,CA,private label,debit
904407,00-99,YARD CARD CANADA,CA,private label,debit
904408,00-99,YARD CARD CANADA,CA,private label,debit
904409,00-99,YARD CARD CANADA,CA,private label,debit
904410,00-99,YARD CARD CANADA,CA,private label,debit
904411,00-99,YARD CARD CANADA,CA,private label,debit
904412,00-99,YARD CARD CANADA,CA,private label,debit
904413,00-99,YARD CARD CANADA,CA,private label,debit
904414,00-99,YARD CARD CANADA,CA,private label,debit
904415,00-99,YARD CARD CANADA,CA,private label,debit
904416,00-99,YARD CARD CANADA,CA,private label,debit
904417,00-99,YARD CARD CANADA,CA,private label,debit
904418,00-99,YARD CARD CANADA,CA,private label,debit
904419,00-99,YARD CARD CANADA,CA,private label,debit
904420,00-99,YARD CARD CANADA,CA,private label,debit
904421,00-99,YARD CARD CANADA,CA,private label,debit
904422,00-99,YARD CARD CANADA,CA,private label,debit
904423,00-99,YARD CARD CANADA,CA,private label,debit
904424,00-99,YARD CARD CANADA,CA,private label,debit
904425,00-99,YARD CARD CANADA,CA,private label,debit
904426,00-99,YARD CARD CANADA,CA,private label,debit
904427,00-99,YARD CARD CANADA,CA,private label,debit
904428,00-99,YARD CARD CANADA,CA,private label,debit
904429,00-99,YARD CARD CANADA,CA,private label,debit
904430,00-99,YARD CARD CANADA,CA,private label,debit
904431,00-99,YARD CARD CANADA,CA,private label,debit
904432,00-99,YARD CARD CANADA,CA,private label,debit
904433,00-99,YARD CARD CANADA,CA,private label,debit
904434,00-99,YARD CARD CANADA,CA,private label,debit
904435,00-99,YARD CARD CANADA,CA,private label,debit
904436,00-99,YARD CARD CANADA,CA,private label,debit
904437,00-99,YARD CARD CANADA,CA,private label,debit
904438,00-99,YARD CARD CANADA,CA,private label,debit
904439,00-99,YARD CARD CANADA,CA,private label,debit
904440,00-99,YARD CARD CANADA,CA,private label,debit
904441,00-99,YARD CARD CANADA,CA,private label,debit
904442,00-99,YARD CARD CANADA,CA,private label,debit
904443,00-99,YARD CARD CANADA,CA,private label,debit
904444,00-99,YARD CARD CANADA,CA,private label,debit
904445,00-99,YARD CARD CANADA,CA,private label,debit
904446,00-99,YARD CARD CANADA,CA,private label,debit
904447,00-99,YARD CARD CANADA,CA,private label,debit
904448,00-99,YARD CARD CANADA,CA,private label,debit
904449,00-99,YARD CARD CANADA,CA,private label,debit
904450,00-99,YARD CARD CANADA,CA,private label,debit
904451,00-99,YARD CARD CANADA,CA,private label,debit
904452,00-99,YARD CARD CANADA,CA,private label,debit
904453,00-99,YARD CARD CANADA,CA,private label,debit
904454,00-99,YARD CARD CANADA,CA,private label,debit
904455,00-99,YARD CARD CANADA,CA,private label,debit
904456,00-99,YARD CARD CANADA,CA,private label,debit
904457,00-99,YARD CARD CANADA,CA,private label,debit
904458,00-99,YARD CARD CANADA,CA,private label,debit
904459,00-99,YARD CARD CANADA,CA,private label,debit
904460,00-99,YARD CARD CANADA,CA,private label,debit
904461,00-99,YARD CARD CANADA,CA,private label,debit
904462,00-99,YARD CARD CANADA,CA,private label,debit
904463,00-99,YARD CARD CANADA,CA,private label,debit
904464,00-99,YARD CARD CANADA,CA,private label,debit
904465,00-99,YARD CARD CANADA,CA,private label,debit
904466,00-99,YARD CARD CANADA,CA,private label,debit
904467,00-99,YARD CARD CANADA,CA,private label,debit
904468,00-99,YARD CARD CANADA,CA,private label,debit
904469,00-99,YARD CARD CANADA,CA,private label,debit
904470,00-99,YARD CARD CANADA,CA,private label,debit
904471,00-99,YARD CARD CANADA,CA,private label,debit
904472,00-99,YARD CARD CANADA,CA,private label,debit
904473,00-99,YARD CARD CANADA,CA,private label,debit
904474,00-99,YARD CARD CANADA,CA,private label,debit
904475,00-99,YARD CARD CANADA,CA,private label,debit
904476,00-99,YARD CARD CANADA,CA,private label,debit
904477,00-99,YARD CARD CANADA,CA,private label,debit
904478,00-99,YARD CARD CANADA,CA,private label,debit
904479,00-99,YARD CARD CANADA,CA,private label,debit
904480,00-99,YARD CARD CANADA,CA,private label,debit
904481,00-99,YARD CARD CANADA,CA,private label,debit
904482,00-99,YARD CARD CANADA,CA,private label,debit
904483,00-99,YARD CARD CANADA,CA,private label,debit
904484,00-99,YARD CARD CANADA,CA,private label,debit
904485,00-99,YARD CARD CANADA,CA,private label,debit
904486,00-99,YARD CARD CANADA,CA,private label,debit
904487,00-99,YARD CARD CANADA,CA,private label,debit
904488,00-99,YARD CARD CANADA,CA,private label,debit
904489,00-99,YARD CARD CANADA,CA,private label,debit
904490,00-99,YARD CARD CANADA,CA,private label,debit
904491,00-99,YARD CARD CANADA,CA,private label,debit
904492,00-99,YARD CARD CANADA,CA,private label,debit
904493,00-99,YARD CARD CANADA,CA,private label,debit
904494,00-99,YARD CARD CANADA,CA,private label,debit
904495,00-99,YARD CARD CANADA,CA,private label,debit
904496,00-99,YARD CARD CANADA,CA,private label,debit
904497,00-99,YARD CARD CANADA,CA,private label,debit
904498,00-99,YARD CARD CANADA,CA,private label,debit
904499,00-99,YARD CARD CANADA,CA,private label,debit
904500,00-99,YARD CARD CANADA,CA,private label,debit
904501,00-99,YARD CARD CANADA,CA,private label,debit
904502,00-99,YARD CARD CANADA,CA,private label,debit
904503,00-99,YARD CARD CANADA,CA,private label,debit
904504,00-99,YARD CARD CANADA,CA,private label,debit
904505,00-99,YARD CARD CANADA,CA,private label,debit
904506,00-99,YARD CARD CANADA,CA,private label,debit
904507,00-99,YARD CARD CANADA,CA,private label,debit
904508,00-99,YARD CARD CANADA,CA,private label,debit
904509,00-99,YARD CARD CANADA,CA,private label,debit
904510,00-99,YARD CARD CANADA,CA,private label,debit
904511,00-99,YARD CARD CANADA,CA,private label,debit
904512,00-99,YARD CARD CANADA,CA,private label,debit
904513,00-99,YARD CARD CANADA,CA,private label,debit
904514,00-99,YARD CARD CANADA,CA,private label,debit
904515,00-99,YARD CARD CANADA,CA,private label,debit
904516,00-99,YARD CARD CANADA,CA,private label,debit
904517,00-99,YARD CARD CANADA,CA,private label,debit
904518,00-99,YARD CARD CANADA,CA,private label,debit
904519,00-99,YARD CARD CANADA,CA,private label,debit
904520,00-99,YARD CARD CANADA,CA,private label,debit
904521,00-99,YARD CARD CANADA,CA,private label,debit
904522,00-99,YARD CARD CANADA,CA,private label,debit
904523,00-99,YARD CARD CANADA,CA,private label,debit
904524,00-99,YARD CARD CANADA,CA,private label,debit
904525,00-99,YARD CARD CANADA,CA,private label,debit
904526,00-99,YARD CARD CANADA,CA,private label,debit
904527,00-99,YARD CARD CANADA,CA,private label,debit
904528,00-99,YARD CARD CANADA,CA,private label,debit
904529,00-99,YARD CARD CANADA,CA,private label,debit
904530,00-99,YARD CARD CANADA,CA,private label,debit
904531,00-99,YARD CARD CANADA,CA,private label,debit
904532,00-99,YARD CARD CANADA,CA,private label,debit
904533,00-99,YARD CARD CANADA,CA,private label,debit
904534,00-99,YARD CARD CANADA,CA,private label,debit
904535,00-99,YARD CARD CANADA,CA,private label,debit
904536,00-99,YARD CARD CANADA,CA,private label,debit
904537,00-99,YARD CARD CANADA,CA,private label,debit
904538,00-99,YARD CARD CANADA,CA,private label,debit
904539,00-99,YARD CARD CANADA,CA,private label,debit
904540,00-99,YARD CARD CANADA,CA,private label,debit
904541,00-99,YARD CARD CANADA,CA,private label,debit
904542,00-99,YARD CARD CANADA,CA,private label,debit
904543,00-99,YARD CARD CANADA,CA,private label,debit
904544,00-99,YARD CARD CANADA,CA,private label,debit
904545,00-99,YARD CARD CANADA,CA,private label,debit
904546,00-99,YARD CARD CANADA,CA,private label,debit
904547,00-99,YARD CARD CANADA,CA,private label,debit
904548,00-99,YARD CARD CANADA,CA,private label,debit
904549,00-99,YARD CARD CANADA,CA,private label,debit
904550,00-99,YARD CARD CANADA,CA,private label,debit
904551,00-99,YARD CARD CANADA,CA,private label,debit
904552,00-99,YARD CARD CANADA,CA,private label,debit
904553,00-99,YARD CARD CANADA,CA,private label,debit
904554,00-99,YARD CARD CANADA,CA,private label,debit
904555,00-99,YARD CARD CANADA,CA,private label,debit
904556,00-99,YARD CARD CANADA,CA,private label,debit
904557,00-99,YARD CARD CANADA,CA,private label,debit
904558,00-99,YARD CARD CANADA,CA,private label,debit
904559,00-99,YARD CARD CANADA,CA,private label,debit
904560,00-99,YARD CARD CANADA,CA,private label,debit
904561,00-99,YARD CARD CANADA,CA,private label,debit
904562,00-99,YARD CARD CANADA,CA,private label,debit
904563,00-99,YARD CARD CANADA,CA,private label,debit
904564,00-99,YARD CARD CANADA,CA,private label,debit
904565,00-99,YARD CARD CANADA,CA,private label,debit
904566,00-99,YARD CARD CANADA,CA,private label,debit
904567,00-99,YARD CARD CANADA,CA,private label,debit
904568,00-99,YARD CARD CANADA,CA,private label,debit
904569,00-99,YARD CARD CANADA,CA,private label,debit
904570,00-99,YARD CARD CANADA,CA,private label,debit
904571,00-99,YARD CARD CANADA,CA,private label,debit
904572,00-99,YARD CARD CANADA,CA,private label,debit
904573,00-99,YARD CARD CANADA,CA,private label,debit
904574,00-99,YARD CARD CANADA,CA,private label,debit
904575,00-99,YARD CARD CANADA,CA,private label,debit
904576,00-99,YARD CARD CANADA,CA,private label,debit
904577,00-99,YARD CARD CANADA,CA,private label,debit
904578,00-99,YARD CARD CANADA,CA,private label,debit
904579,00-99,YARD CARD CANADA,CA,private label,debit
904580,00-99,YARD CARD CANADA,CA,private label,debit
904581,00-99,YARD CARD CANADA,CA,private label,debit
904582,00-99,YARD CARD CANADA,CA,private label,debit
904583,00-99,YARD CARD CANADA,CA,private label,debit
904584,00-99,YARD CARD CANADA,CA,private label,debit
904585,00-99,YARD CARD CANADA,CA,private label,debit
904586,00-99,YARD CARD CANADA,CA,private label,debit
904587,00-99,YARD CARD CANADA,CA,private label,debit
904588,00-99,YARD CARD CANADA,CA,private label,debit
904589,00-99,YARD CARD CANADA,CA,private label,debit
904590,00-99,YARD CARD CANADA,CA,private label,debit
904591,00-99,YARD CARD CANADA,CA,private label,debit
904592,00-99,YARD CARD CANADA,CA,private label,debit
904593,00-99,YARD CARD CANADA,CA,private label,debit
904594,00-99,YARD CARD CANADA,CA,private label,debit
904595,00-99,YARD CARD CANADA,CA,private label,debit
904596,00-99,YARD CARD CANADA,CA,private label,debit
904597,00-99,YARD CARD CANADA,CA,private label,debit
904598,00-99,YARD CARD CANADA,CA,private label,debit
904599,00-99,YARD CARD CANADA,CA,private label,debit
904600,00-99,YARD CARD CANADA,CA,private label,debit
904601,00-99,YARD CARD CANADA,CA,private label,debit
904602,00-99,YARD CARD CANADA,CA,private label,debit
904603,00-99,YARD CARD CANADA,CA,private label,debit
904604,00-99,YARD CARD CANADA,CA,private label,debit
904605,00-99,YARD CARD CANADA,CA,private label,debit
904606,00-99,YARD CARD CANADA,CA,private label,debit
904607,00-99,YARD CARD CANADA,CA,private label,debit
904608,00-99,YARD CARD CANADA,CA,private label,debit
904609,00-99,YARD CARD CANADA,CA,private label,debit
904610,00-99,YARD CARD CANADA,CA,private label,debit
904611,00-99,YARD CARD CANADA,CA,private label,debit
904612,00-99,YARD CARD CANADA,CA,private label,debit
904613,00-99,YARD CARD CANADA,CA,private label,debit
904614,00-99,YARD CARD CANADA,CA,private label,debit
904615,00-99,YARD CARD CANADA,CA,private label,debit
904616,00-99,YARD CARD CANADA,CA,private label,debit
904617,00-99,YARD CARD CANADA,CA,private label,debit
904618,00-99,YARD CARD CANADA,CA,private label,debit
904619,00-99,YARD CARD CANADA,CA,private label,debit
904620,00-99,YARD CARD CANADA,CA,private label,debit
904621,00-99,YARD CARD CANADA,CA,private label,debit
904622,00-99,YARD CARD CANADA,CA,private label,debit
904623,00-99,YARD CARD CANADA,CA,private label,debit
904624,00-99,YARD CARD CANADA,CA,private label,debit
904625,00-99,YARD CARD CANADA,CA,private label,debit
904626,00-99,YARD CARD CANADA,CA,private label,debit
904627,00-99,YARD CARD CANADA,CA,private label,debit
904628,00-99,YARD CARD CANADA,CA,private label,debit
904629,00-99,YARD CARD CANADA,CA,private label,debit
904630,00-99,YARD CARD CANADA,CA,private label,debit
904631,00-99,YARD CARD CANADA,CA,private label,debit
904632,00-99,YARD CARD CANADA,CA,private label,debit
904633,00-99,YARD CARD CANADA,CA,private label,debit
904634,00-99,YARD CARD CANADA,CA,private label,debit
904635,00-99,YARD CARD CANADA,CA,private label,debit
904636,00-99,YARD CARD CANADA,CA,private label,debit
904637,00-99,YARD CARD CANADA,CA,private label,debit
904638,00-99,YARD CARD CANADA,CA,private label,debit
904639,00-99,YARD CARD CANADA,CA,private label,debit
904640,00-99,YARD CARD CANADA,CA,private label,debit
904641,00-99,YARD CARD CANADA,CA,private label,debit
904642,00-99,YARD CARD CANADA,CA,private label,debit
904643,00-99,YARD CARD CANADA,CA,private label,debit
904644,00-99,YARD CARD CANADA,CA,private label,debit
904645,00-99,YARD CARD CANADA,CA,private label,debit
904646,00-99,YARD CARD CANADA,CA,private label,debit
904647,00-99,YARD CARD CANADA,CA,private label,debit
904648,00-99,YARD CARD CANADA,CA,private label,debit
904649,00-99,YARD CARD CANADA,CA,private label,debit
904650,00-99,YARD CARD CANADA,CA,private label,debit
904651,00-99,YARD CARD CANADA,CA,private label,debit
904652,00-99,YARD CARD CANADA,CA,private label,debit
904653,00-99,YARD CARD CANADA,CA,private label,debit
904654,00-99,YARD CARD CANADA,CA,private label,debit
904655,00-99,YARD CARD CANADA,CA,private label,debit
904656,00-99,YARD CARD CANADA,CA,private label,debit
904657,00-99,YARD CARD CANADA,CA,private label,debit
904658,00-99,YARD CARD CANADA,CA,private label,debit
904659,00-99,YARD CARD CANADA,CA,private label,debit
904660,00-99,YARD CARD CANADA,CA,private label,debit
904661,00-99,YARD CARD CANADA,CA,private label,debit
904662,00-99,YARD CARD CANADA,CA,private label,debit
904663,00-99,YARD CARD CANADA,CA,private label,debit
904664,00-99,YARD CARD CANADA,CA,private label,debit
904665,00-99,YARD CARD CANADA,CA,private label,debit
904666,00-99,YARD CARD CANADA,CA,private label,debit
904667,00-99,YARD CARD CANADA,CA,private label,debit
904668,00-99,YARD CARD CANADA,CA,private label,debit
904669,00-99,YARD CARD CANADA,CA,private label,debit
904670,00-99,YARD CARD CANADA,CA,private label,debit
904671,00-99,YARD CARD CANADA,CA,private label,debit
904672,00-99,YARD CARD CANADA,CA,private label,debit
904673,00-99,YARD CARD CANADA,CA,private label,debit
904674,00-99,YARD CARD CANADA,CA,private label,debit
904675,00-99,YARD CARD CANADA,CA,private label,debit
904676,00-99,YARD CARD CANADA,CA,private label,debit
904677,00-99,YARD CARD CANADA,CA,private label,debit
904678,00-99,YARD CARD CANADA,CA,private label,debit
904679,00-99,YARD CARD CANADA,CA,private label,debit
904680,00-99,YARD CARD CANADA,CA,private label,debit
904681,00-99,YARD CARD CANADA,CA,private label,debit
904682,00-99,YARD CARD CANADA,CA,private label,debit
904683,00-99,YARD CARD CANADA,CA,private label,debit
904684,00-99,YARD CARD CANADA,CA,private label,debit
904685,00-99,YARD CARD CANADA,CA,private label,debit
904686,00-99,YARD CARD CANADA,CA,private label,debit
904687,00-99,YARD CARD CANADA,CA,private label,debit
904688,00-99,YARD CARD CANADA,CA,private label,debit
904689,00-99,YARD CARD CANADA,CA,private label,debit
904690,00-99,YARD CARD CANADA,CA,private label,debit
904691,00-99,YARD CARD CANADA,CA,private label,debit
904692,00-99,YARD CARD CANADA,CA,private label,debit
904693,00-99,YARD CARD CANADA,CA,private label,debit
904694,00-99,YARD CARD CANADA,CA,private label,debit
904695,00-99,YARD CARD CANADA,CA,private label,debit
904696,00-99,YARD CARD CANADA,CA,private label,debit
904697,00-99,YARD CARD CANADA,CA,private label,debit
904698,00-99,YARD CARD CANADA,CA,private label,debit
904699,00-99,YARD CARD CANADA,CA,private label,debit
904700,00-99,YARD CARD CANADA,CA,private label,debit
904701,00-99,YARD CARD CANADA,CA,private label,debit
904702,00-99,YARD CARD CANADA,CA,private label,debit
904703,00-99,YARD CARD CANADA,CA,private label,debit
904704,00-99,YARD CARD CANADA,CA,private label,debit
904705,00-99,YARD CARD CANADA,CA,private label,debit
904706,00-99,YARD CARD CANADA,CA,private label,debit
904707,00-99,YARD CARD CANADA,CA,private label,debit
904708,00-99,YARD CARD CANADA,CA,private label,debit
904709,00-99,YARD CARD CANADA,CA,private label,debit
904710,00-99,YARD CARD CANADA,CA,private label,debit
904711,00-99,YARD CARD CANADA,CA,private label,debit
904712,00-99,YARD CARD CANADA,CA,private label,debit
904713,00-99,YARD CARD CANADA,CA,private label,debit
904714,00-99,YARD CARD CANADA,CA,private label,debit
904715,00-99,YARD CARD CANADA,CA,private label,debit
904716,00-99,YARD CARD CANADA,CA,private label,debit
904717,00-99,YARD CARD CANADA,CA,private label,debit
904718,00-99,YARD CARD CANADA,CA,private label,debit
904719,00-99,YARD CARD CANADA,CA,private label,debit
904720,00-99,YARD CARD CANADA,CA,private label,debit
904721,00-99,YARD CARD CANADA,CA,private label,debit
904722,00-99,YARD CARD CANADA,CA,private label,debit
904723,00-99,YARD CARD CANADA,CA,private label,debit
904724,00-99,YARD CARD CANADA,CA,private label,debit
904725,00-99,YARD CARD CANADA,CA,private label,debit
904726,00-99,YARD CARD CANADA,CA,private label,debit
904727,00-99,YARD CARD CANADA,CA,private label,debit
904728,00-99,YARD CARD CANADA,CA,private label,debit
904729,00-99,YARD CARD CANADA,CA,private label,debit
904730,00-99,YARD CARD CANADA,CA,private label,debit
904731,00-99,YARD CARD CANADA,CA,private label,debit
904732,00-99,YARD CARD CANADA,CA,private label,debit
904733,00-99,YARD CARD CANADA,CA,private label,debit
904734,00-99,YARD CARD CANADA,CA,private label,debit
904735,00-99,YARD CARD CANADA,CA,private label,debit
904736,00-99,YARD CARD CANADA,CA,private label,debit
904737,00-99,YARD CARD CANADA,CA,private label,debit
904738,00-99,YARD CARD CANADA,CA,private label,debit
904739,00-99,YARD CARD CANADA,CA,private label,debit
904740,00-99,YARD CARD CANADA,CA,private label,debit
904741,00-99,YARD CARD CANADA,CA,private label,debit
904742,00-99,YARD CARD CANADA,CA,private label,debit
904743,00-99,YARD CARD CANADA,CA,private label,debit
904744,00-99,YARD CARD CANADA,CA,private label,debit
904745,00-99,YARD CARD CANADA,CA,private label,debit
904746,00-99,YARD CARD CANADA,CA,private label,debit
904747,00-99,YARD CARD CANADA,CA,private label,debit
904748,00-99,YARD CARD CANADA,CA,private label,debit
904749,00-99,YARD CARD CANADA,CA,private label,debit
904750,00-99,YARD CARD CANADA,CA,private label,debit
904751,00-99,YARD CARD CANADA,CA,private label,debit
904752,00-99,YARD CARD CANADA,CA,private label,debit
904753,00-99,YARD CARD CANADA,CA,private label,debit
904754,00-99,YARD CARD CANADA,CA,private label,debit
904755,00-99,YARD CARD CANADA,CA,private label,debit
904756,00-99,YARD CARD CANADA,CA,private label,debit
904757,00-99,YARD CARD CANADA,CA,private label,debit
904758,00-99,YARD CARD CANADA,CA,private label,debit
904759,00-99,YARD CARD CANADA,CA,private label,debit
904760,00-99,YARD CARD CANADA,CA,private label,debit
904761,00-99,YARD CARD CANADA,CA,private label,debit
904762,00-99,YARD CARD CANADA,CA,private label,debit
904763,00-99,YARD CARD CANADA,CA,private label,debit
904764,00-99,YARD CARD CANADA,CA,private label,debit
904765,00-99,YARD CARD CANADA,CA,private label,debit
904766,00-99,YARD CARD CANADA,CA,private label,debit
904767,00-99,YARD CARD CANADA,CA,private label,debit
904768,00-99,YARD CARD CANADA,CA,private label,debit
904769,00-99,YARD CARD CANADA,CA,private label,debit
904770,00-99,YARD CARD CANADA,CA,private label,debit
904771,00-99,YARD CARD CANADA,CA,private label,debit
904772,00-99,YARD CARD CANADA,CA,private label,debit
904773,00-99,YARD CARD CANADA,CA,private label,debit
904774,00-99,YARD CARD CANADA,CA,private label,debit
904775,00-99,YARD CARD CANADA,CA,private label,debit
904776,00-99,YARD CARD CANADA,CA,private label,debit
904777,00-99,YARD CARD CANADA,CA,private label,debit
904778,00-99,YARD CARD CANADA,CA,private label,debit
904779,00-99,YARD CARD CANADA,CA,private label,debit
904780,00-99,YARD CARD CANADA,CA,private label,debit
904781,00-99,YARD CARD CANADA,CA,private label,debit
904782,00-99,YARD CARD CANADA,CA,private label,debit
904783,00-99,YARD CARD CANADA,CA,private label,debit
904784,00-99,YARD CARD CANADA,CA,private label,debit
904785,00-99,YARD CARD CANADA,CA,private label,debit
904786,00-99,YARD CARD CANADA,CA,private label,debit
904787,00-99,YARD CARD CANADA,CA,private label,debit
904788,00-99,YARD CARD CANADA,CA,private label,debit
904789,00-99,YARD CARD CANADA,CA,private label,debit
904790,00-99,YARD CARD CANADA,CA,private label,debit
904791,00-99,YARD CARD CANADA,CA,private label,debit
904792,00-99,YARD CARD CANADA,CA,private label,debit
904793,00-99,YARD CARD CANADA,CA,private label,debit
904794,00-99,YARD CARD CANADA,CA,private label,debit
904795,00-99,YARD CARD CANADA,CA,private label,debit
904796,00-99,YARD CARD CANADA,CA,private label,debit
904797,00-99,YARD CARD CANADA,CA,private label,debit
904798,00-99,YARD CARD CANADA,CA,private label,debit
904799,00-99,YARD CARD CANADA,CA,private label,debit
904800,00-99,YARD CARD CANADA,CA,private label,debit
904801,00-99,YARD CARD CANADA,CA,private label,debit
904802,00-99,YARD CARD CANADA,CA,private label,debit
904803,00-99,YARD CARD CANADA,CA,private label,debit
904804,00-99,YARD CARD CANADA,CA,private label,debit
904805,00-99,YARD CARD CANADA,CA,private label,debit
904806,00-99,YARD CARD CANADA,CA,private label,debit
904807,00-99,YARD CARD CANADA,CA,private label,debit
904808,00-99,YARD CARD CANADA,CA,private label,debit
904809,00-99,YARD CARD CANADA,CA,private label,debit
904810,00-99,YARD CARD CANADA,CA,private label,debit
904811,00-99,YARD CARD CANADA,CA,private label,debit
904812,00-99,YARD CARD CANADA,CA,private label,debit
904813,00-99,YARD CARD CANADA,CA,private label,debit
904814,00-99,YARD CARD CANADA,CA,private label,debit
904815,00-99,YARD CARD CANADA,CA,private label,debit
904816,00-99,YARD CARD CANADA,CA,private label,debit
904817,00-99,YARD CARD CANADA,CA,private label,debit
904818,00-99,YARD CARD CANADA,CA,private label,debit
904819,00-99,YARD CARD CANADA,CA,private label,debit
904820,00-99,YARD CARD CANADA,CA,private label,debit
904821,00-99,YARD CARD CANADA,CA,private label,debit
904822,00-99,YARD CARD CANADA,CA,private label,debit
904823,00-99,YARD CARD CANADA,CA,private label,debit
904824,00-99,YARD CARD CANADA,CA,private label,debit
904825,00-99,YARD CARD CANADA,CA,private label,debit
904826,00-99,YARD CARD CANADA,CA,private label,debit
904827,00-99,YARD CARD CANADA,CA,private label,debit
904828,00-99,YARD CARD CANADA,CA,private label,debit
904829,00-99,YARD CARD CANADA,CA,private label,debit
904830,00-99,YARD CARD CANADA,CA,private label,debit
904831,00-99,YARD CARD CANADA,CA,private label,debit
904832,00-99,YARD CARD CANADA,CA,private label,debit
904833,00-99,YARD CARD CANADA,CA,private label,debit
904834,00-99,YARD CARD CANADA,CA,private label,debit
904835,00-99,YARD CARD CANADA,CA,private label,debit
904836,00-99,YARD CARD CANADA,CA,private label,debit
904837,00-99,YARD CARD CANADA,CA,private label,debit
904838,00-99,YARD CARD CANADA,CA,private label,debit
904839,00-99,YARD CARD CANADA,CA,private label,debit
904840,00-99,YARD CARD CANADA,CA,private label,debit
904841,00-99,YARD CARD CANADA,CA,private label,debit
904842,00-99,YARD CARD CANADA,CA,private label,debit
904843,00-99,YARD CARD CANADA,CA,private label,debit
904844,00-99,YARD CARD CANADA,CA,private label,debit
904845,00-99,YARD CARD CANADA,CA,private label,debit
904846,00-99,YARD CARD CANADA,CA,private label,debit
904847,00-99,YARD CARD CANADA,CA,private label,debit
904848,00-99,YARD CARD CANADA,CA,private label,debit
904849,00-99,YARD CARD CANADA,CA,private label,debit
904850,00-99,YARD CARD CANADA,CA,private label,debit
904851,00-99,YARD CARD CANADA,CA,private label,debit
904852,00-99,YARD CARD CANADA,CA,private label,debit
904853,00-99,YARD CARD CANADA,CA,private label,debit
904854,00-99,YARD CARD CANADA,CA,private label,debit
904855,00-99,YARD CARD CANADA,CA,private label,debit
904856,00-99,YARD CARD CANADA,CA,private label,debit
904857,00-99,YARD CARD CANADA,CA,private label,debit
904858,00-99,YARD CARD CANADA,CA,private label,debit
904859,00-99,YARD CARD CANADA,CA,private label,debit
904860,00-99,YARD CARD CANADA,CA,private label,debit
904861,00-99,YARD CARD CANADA,CA,private label,debit
904862,00-99,YARD CARD CANADA,CA,private label,debit
904863,00-99,YARD CARD CANADA,CA,private label,debit
904864,00-99,YARD CARD CANADA,CA,private label,debit
904865,00-99,YARD CARD CANADA,CA,private label,debit
904866,00-99,YARD CARD CANADA,CA,private label,debit
904867,00-99,YARD CARD CANADA,CA,private label,debit
904868,00-99,YARD CARD CANADA,CA,private label,debit
904869,00-99,YARD CARD CANADA,CA,private label,debit
904870,00-99,YARD CARD CANADA,CA,private label,debit
904871,00-99,YARD CARD CANADA,CA,private label,debit
904872,00-99,YARD CARD CANADA,CA,private label,debit
904873,00-99,YARD CARD CANADA,CA,private label,debit
904874,00-99,YARD CARD CANADA,CA,private label,debit
904875,00-99,YARD CARD CANADA,CA,private label,debit
904876,00-99,YARD CARD CANADA,CA,private label,debit
904877,00-99,YARD CARD CANADA,CA,private label,debit
904878,00-99,YARD CARD CANADA,CA,private label,debit
904879,00-99,YARD CARD CANADA,CA,private label,debit
904880,00-99,YARD CARD CANADA,CA,private label,debit
904881,00-99,YARD CARD CANADA,CA,private label,debit
904882,00-99,YARD CARD CANADA,CA,private label,debit
904883,00-99,YARD CARD CANADA,CA,private label,debit
904884,00-99,YARD CARD CANADA,CA,private label,debit
904885,00-99,YARD CARD CANADA,CA,private label,debit
904886,00-99,YARD CARD CANADA,CA,private label,debit
904887,00-99,YARD CARD CANADA,CA,private label,debit
904888,00-99,YARD CARD CANADA,CA,private label,debit
904889,00-99,YARD CARD CANADA,CA,private label,debit
904890,00-99,YARD CARD CANADA,CA,private label,debit
904891,00-99,YARD CARD CANADA,CA,private label,debit
904892,00-99,YARD CARD CANADA,CA,private label,debit
904893,00-99,YARD CARD CANADA,CA,private label,debit
904894,00-99,YARD CARD CANADA,CA,private label,debit
904895,00-99,YARD CARD CANADA,CA,private label,debit
904896,00-99,YARD CARD CANADA,CA,private label,debit
904897,00-99,YARD CARD CANADA,CA,private label,debit
904898,00-99,YARD CARD CANADA,CA,private label,debit
904899,00-99,YARD CARD CANADA,CA,private label,debit
904900,00-99,YARD CARD CANADA,CA,private label,debit
904901,00-99,YARD CARD CANADA,CA,private label,debit
904902,00-99,YARD CARD CANADA,CA,private label,debit
904903,00-99,YARD CARD CANADA,CA,private label,debit
904904,00-99,YARD CARD CANADA,CA,private label,debit
904905,00-99,YARD CARD CANADA,CA,private label,debit
904906,00-99,YARD CARD CANADA,CA,private label,debit
904907,00-99,YARD CARD CANADA,CA,private label,debit
904908,00-99,YARD CARD CANADA,CA,private label,debit
904909,00-99,YARD CARD CANADA,CA,private label,debit
904910,00-99,YARD CARD CANADA,CA,private label,debit
904911,00-99,YARD CARD CANADA,CA,private label,debit
904912,00-99,YARD CARD CANADA,CA,private label,debit
904913,00-99,YARD CARD CANADA,CA,private label,debit
904914,00-99,YARD CARD CANADA,CA,private label,debit
904915,00-99,YARD CARD CANADA,CA,private label,debit
904916,00-99,YARD CARD CANADA,CA,private label,debit
904917,00-99,YARD CARD CANADA,CA,private label,debit
904918,00-99,YARD CARD CANADA,CA,private label,debit
904919,00-99,YARD CARD CANADA,CA,private label,debit
904920,00-99,YARD CARD CANADA,CA,private label,debit
904921,00-99,YARD CARD CANADA,CA,private label,debit
904922,00-99,YARD CARD CANADA,CA,private label,debit
904923,00-99,YARD CARD CANADA,CA,private label,debit
904924,00-99,YARD CARD CANADA,CA,private label,debit
904925,00-99,YARD CARD CANADA,CA,private label,debit
904926,00-99,YARD CARD CANADA,CA,private label,debit
904927,00-99,YARD CARD CANADA,CA,private label,debit
904928,00-99,YARD CARD CANADA,CA,private label,debit
904929,00-99,YARD CARD CANADA,CA,private label,debit
904930,00-99,YARD CARD CANADA,CA,private label,debit
904931,00-99,YARD CARD CANADA,CA,private label,debit
904932,00-99,YARD CARD CANADA,CA,private label,debit
904933,00-99,YARD CARD CANADA,CA,private label,debit
904934,00-99,YARD CARD CANADA,CA,private label,debit
904935,00-99,YARD CARD CANADA,CA,private label,debit
904936,00-99,YARD CARD CANADA,CA,private label,debit
904937,00-99,YARD CARD CANADA,CA,private label,debit
904938,00-99,YARD CARD CANADA,CA,private label,debit
904939,00-99,YARD CARD CANADA,CA,private label,debit
904940,00-99,YARD CARD CANADA,CA,private label,debit
904941,00-99,YARD CARD CANADA,CA,private label,debit
904942,00-99,YARD CARD CANADA,CA,private label,debit
904943,00-99,YARD CARD CANADA,CA,private label,debit
904944,00-99,YARD CARD CANADA,CA,private label,debit
904945,00-99,YARD CARD CANADA,CA,private label,debit
904946,00-99,YARD CARD CANADA,CA,private label,debit
904947,00-99,YARD CARD CANADA,CA,private label,debit
904948,00-99,YARD CARD CANADA,CA,private label,debit
904949,00-99,YARD CARD CANADA,CA,private label,debit
904950,00-99,YARD CARD CANADA,CA,private label,debit
904951,00-99,YARD CARD CANADA,CA,private label,debit
904952,00-99,YARD CARD CANADA,CA,private label,debit
904953,00-99,YARD CARD CANADA,CA,private label,debit
904954,00-99,YARD CARD CANADA,CA,private label,debit
904955,00-99,YARD CARD CANADA,CA,private label,debit
904956,00-99,YARD CARD CANADA,CA,private label,debit
904957,00-99,YARD CARD CANADA,CA,private label,debit
904958,00-99,YARD CARD CANADA,CA,private label,debit
904959,00-99,YARD CARD CANADA,CA,private label,debit
904960,00-99,YARD CARD CANADA,CA,private label,debit
904961,00-99,YARD CARD CANADA,CA,private label,debit
904962,00-99,YARD CARD CANADA,CA,private label,debit
904963,00-99,YARD CARD CANADA,CA,private label,debit
904964,00-99,YARD CARD CANADA,CA,private label,debit
904965,00-99,YARD CARD CANADA,CA,private label,debit
904966,00-99,YARD CARD CANADA,CA,private label,debit
904967,00-99,YARD CARD CANADA,CA,private label,debit
904968,00-99,YARD CARD CANADA,CA,private label,debit
904969,00-99,YARD CARD CANADA,CA,private label,debit
904970,00-99,YARD CARD CANADA,CA,private label,debit
904971,00-99,YARD CARD CANADA,CA,private label,debit
904972,00-99,YARD CARD CANADA,CA,private label,debit
904973,00-99,YARD CARD CANADA,CA,private label,debit
904974,00-99,YARD CARD CANADA,CA,private label,debit
904975,00-99,YARD CARD CANADA,CA,private label,debit
904976,00-99,YARD CARD CANADA,CA,private label,debit
904977,00-99,YARD CARD CANADA,CA,private label,debit
904978,00-99,YARD CARD CANADA,CA,private label,debit
904979,00-99,YARD CARD CANADA,CA,private label,debit
904980,00-99,YARD CARD CANADA,CA,private label,debit
904981,00-99,YARD CARD CANADA,CA,private label,debit
904982,00-99,YARD CARD CANADA,CA,private label,debit
904983,00-99,YARD CARD CANADA,CA,private label,debit
904984,00-99,YARD CARD CANADA,CA,private label,debit
904985,00-99,YARD CARD CANADA,CA,private label,debit
904986,00-99,YARD CARD CANADA,CA,private label,debit
904987,00-99,YARD CARD CANADA,CA,private label,debit
904988,00-99,YARD CARD CANADA,CA,private label,debit
904989,00-99,YARD CARD CANADA,CA,private label,debit
904990,00-99,YARD CARD CANADA,CA,private label,debit
904991,00-99,YARD CARD CANADA,CA,private label,debit
904992,00-99,YARD CARD CANADA,CA,private label,debit
904993,00-99,YARD CARD CANADA,CA,private label,debit
904994,00-99,YARD CARD CANADA,CA,private label,debit
904995,00-99,YARD CARD CANADA,CA,private label,debit
904996,00-99,YARD CARD CANADA,CA,private label,debit
904997,00-99,YARD CARD CANADA,CA,private label,debit
904998,00-99,YARD CARD CANADA,CA,private label,debit
904999,00-99,YARD CARD CANADA,CA,private label,debit
905050,00-99,TARJETA CENCOSUD,AR,private label,credit
905051,00-99,TARJETA CENCOSUD,AR,private label,credit
905114,00-99,ANELIK BANK,AM,private label,credit
905121,00-99,,AM,private label,debit
905501,00-99,BASIC BANK LTD.,BD,local brand,debit
905920,00-99,INDUSTRIAL BANK CO. LTD.,CN,local,debit
905921,00-99,INDUSTRIAL BANK CO. LTD.,CN,local,debit
905922,00-99,INDUSTRIAL BANK CO. LTD.,CN,local,debit
905923,00-99,INDUSTRIAL BANK CO. LTD.,CN,local,debit
905924,00-99,INDUSTRIAL BANK CO. LTD.,CN,local,debit
905925,00-99,INDUSTRIAL BANK CO. LTD.,CN,local,debit
905926,00-99,INDUSTRIAL BANK CO. LTD.,CN,local,debit
905927,00-99,INDUSTRIAL BANK CO. LTD.,CN,local,debit
905928,00-99,INDUSTRIAL BANK CO. LTD.,CN,local,debit
905929,00-99,INDUSTRIAL BANK CO. LTD.,CN,local,debit
906001,00-99,BRAC BANK LTD.,BD,local brand,debit
907001,00-99,BANK ASIA LTD.,BD,local brand,debit
907002,00-99,BANK ASIA LTD.,BD,local brand,debit
907601,00-99,,BD,private label,debit
907605,00-99,BANCO FINIVEST,BR,private label,debit
907621,00-99,BANCO FINIVEST,BR,private label,debit
907637,00-99,,BR,private label,debit
908000,00-99,YARD CARD CANADA,CA,private label,debit
908001,00-99,YARD CARD CANADA,CA,private label,debit
908002,00-99,YARD CARD CANADA,CA,private label,debit
908003,00-99,YARD CARD CANADA,CA,private label,debit
908004,00-99,YARD CARD CANADA,CA,private label,debit
908005,00-99,YARD CARD CANADA,CA,private label,debit
908006,00-99,YARD CARD CANADA,CA,private label,debit
908007,00-99,YARD CARD CANADA,CA,private label,debit
908008,00-99,YARD CARD CANADA,CA,private label,debit
908009,00-99,YARD CARD CANADA,CA,private label,debit
908010,00-99,YARD CARD CANADA,CA,private label,debit
908011,00-99,YARD CARD CANADA,CA,private label,debit
908012,00-99,YARD CARD CANADA,CA,private label,debit
908013,00-99,YARD CARD CANADA,CA,private label,debit
908014,00-99,YARD CARD CANADA,CA,private label,debit
908015,00-99,YARD CARD CANADA,CA,private label,debit
908016,00-99,YARD CARD CANADA,CA,private label,debit
908017,00-99,YARD CARD CANADA,CA,private label,debit
908018,00-99,YARD CARD CANADA,CA,private label,debit
908019,00-99,YARD CARD CANADA,CA,private label,debit
908020,00-99,YARD CARD CANADA,CA,private label,debit
908021,00-99,YARD CARD CANADA,CA,private label,debit
908022,00-99,YARD CARD CANADA,CA,private label,debit
908023,00-99,YARD CARD CANADA,CA,private label,debit
908024,00-99,YARD CARD CANADA,CA,private label,debit
908025,00-99,YARD CARD CANADA,CA,private label,debit
908026,00-99,YARD CARD CANADA,CA,private label,debit
908027,00-99,YARD CARD CANADA,CA,private label,debit
908028,00-99,YARD CARD CANADA,CA,private label,debit
908029,00-99,YARD CARD CANADA,CA,private label,debit
908030,00-99,YARD CARD CANADA,CA,private label,debit
908031,00-99,YARD CARD CANADA,CA,private label,debit
908032,00-99,YARD CARD CANADA,CA,private label,debit
908033,00-99,YARD CARD CANADA,CA,private label,debit
908034,00-99,YARD CARD CANADA,CA,private label,debit
908035,00-99,YARD CARD CANADA,CA,private label,debit
908036,00-99,YARD CARD CANADA,CA,private label,debit
908037,00-99,YARD CARD CANADA,CA,private label,debit
908038,00-99,YARD CARD CANADA,CA,private label,debit
908039,00-99,YARD CARD CANADA,CA,private label,debit
908040,00-99,YARD CARD CANADA,CA,private label,debit
908041,00-99,YARD CARD CANADA,CA,private label,debit
908042,00-99,YARD CARD CANADA,CA,private label,debit
908043,00-99,YARD CARD CANADA,CA,private label,debit
908044,00-99,YARD CARD CANADA,CA,private label,debit
908045,00-99,YARD CARD CANADA,CA,private label,debit
908046,00-99,YARD CARD CANADA,CA,private label,debit
908047,00-99,YARD CARD CANADA,CA,private label,debit
908048,00-99,YARD CARD CANADA,CA,private label,debit
908049,00-99,YARD CARD CANADA,CA,private label,debit
908050,00-99,YARD CARD CANADA,CA,private label,debit
908051,00-99,YARD CARD CANADA,CA,private label,debit
908052,00-99,YARD CARD CANADA,CA,private label,debit
908053,00-99,YARD CARD CANADA,CA,private label,debit
908054,00-99,YARD CARD CANADA,CA,private label,debit
908055,00-99,YARD CARD CANADA,CA,private label,debit
908056,00-99,YARD CARD CANADA,CA,private label,debit
908057,00-99,YARD CARD CANADA,CA,private label,debit
908058,00-99,YARD CARD CANADA,CA,private label,debit
908059,00-99,YARD CARD CANADA,CA,private label,debit
908060,00-99,YARD CARD CANADA,CA,private label,debit
908061,00-99,YARD CARD CANADA,CA,private label,debit
908062,00-99,YARD CARD CANADA,CA,private label,debit
908063,00-99,YARD CARD CANADA,CA,private label,debit
908064,00-99,YARD CARD CANADA,CA,private label,debit
908065,00-99,YARD CARD CANADA,CA,private label,debit
908066,00-99,YARD CARD CANADA,CA,private label,debit
908067,00-99,YARD CARD CANADA,CA,private label,debit
908068,00-99,YARD CARD CANADA,CA,private label,debit
908069,00-99,YARD CARD CANADA,CA,private label,debit
908070,00-99,YARD CARD CANADA,CA,private label,debit
908071,00-99,YARD CARD CANADA,CA,private label,debit
908072,00-99,YARD CARD CANADA,CA,private label,debit
908073,00-99,YARD CARD CANADA,CA,private label,debit
908074,00-99,YARD CARD CANADA,CA,private label,debit
908075,00-99,YARD CARD CANADA,CA,private label,debit
908076,00-99,YARD CARD CANADA,CA,private label,debit
908077,00-99,YARD CARD CANADA,CA,private label,debit
908078,00-99,YARD CARD CANADA,CA,private label,debit
908079,00-99,YARD CARD CANADA,CA,private label,debit
908080,00-99,YARD CARD CANADA,CA,private label,debit
908081,00-99,YARD CARD CANADA,CA,private label,debit
908082,00-99,YARD CARD CANADA,CA,private label,debit
908083,00-99,YARD CARD CANADA,CA,private label,debit
908084,00-99,YARD CARD CANADA,CA,private label,debit
908085,00-99,YARD CARD CANADA,CA,private label,debit
908086,00-99,YARD CARD CANADA,CA,private label,debit
908087,00-99,YARD CARD CANADA,CA,private label,debit
908088,00-99,YARD CARD CANADA,CA,private label,debit
908089,00-99,YARD CARD CANADA,CA,private label,debit
908090,00-99,YARD CARD CANADA,CA,private label,debit
908091,00-99,YARD CARD CANADA,CA,private label,debit
908092,00-99,YARD CARD CANADA,CA,private label,debit
908093,00-99,YARD CARD CANADA,CA,private label,debit
908094,00-99,YARD CARD CANADA,CA,private label,debit
908095,00-99,YARD CARD CANADA,CA,private label,debit
908096,00-99,YARD CARD CANADA,CA,private label,debit
908097,00-99,YARD CARD CANADA,CA,private label,debit
908098,00-99,YARD CARD CANADA,CA,private label,debit
908099,00-99,YARD CARD CANADA,CA,private label,debit
908100,00-99,YARD CARD CANADA,CA,private label,debit
908101,00-99,YARD CARD CANADA,CA,private label,debit
908102,00-99,YARD CARD CANADA,CA,private label,debit
908103,00-99,YARD CARD CANADA,CA,private label,debit
908104,00-99,YARD CARD CANADA,CA,private label,debit
908105,00-99,YARD CARD CANADA,CA,private label,debit
908106,00-99,YARD CARD CANADA,CA,private label,debit
908107,00-99,YARD CARD CANADA,CA,private label,debit
908108,00-99,YARD CARD CANADA,CA,private label,debit
908109,00-99,YARD CARD CANADA,CA,private label,debit
908110,00-99,YARD CARD CANADA,CA,private label,debit
908111,00-99,YARD CARD CANADA,CA,private label,debit
908112,00-99,YARD CARD CANADA,CA,private label,debit
908113,00-99,YARD CARD CANADA,CA,private label,debit
908114,00-99,YARD CARD CANADA,CA,private label,debit
908115,00-99,YARD CARD CANADA,CA,private label,debit
908116,00-99,YARD CARD CANADA,CA,private label,debit
908117,00-99,YARD CARD CANADA,CA,private label,debit
908118,00-99,YARD CARD CANADA,CA,private label,debit
908119,00-99,YARD CARD CANADA,CA,private label,debit
908120,00-99,YARD CARD CANADA,CA,private label,debit
908121,00-99,YARD CARD CANADA,CA,private label,debit
908122,00-99,YARD CARD CANADA,CA,private label,debit
908123,00-99,YARD CARD CANADA,CA,private label,debit
908124,00-99,YARD CARD CANADA,CA,private label,debit
908125,00-99,YARD CARD CANADA,CA,private label,debit
908126,00-99,YARD CARD CANADA,CA,private label,debit
908127,00-99,YARD CARD CANADA,CA,private label,debit
908128,00-99,YARD CARD CANADA,CA,private label,debit
908129,00-99,YARD CARD CANADA,CA,private label,debit
908130,00-99,YARD CARD CANADA,CA,private label,debit
908131,00-99,YARD CARD CANADA,CA,private label,debit
908132,00-99,YARD CARD CANADA,CA,private label,debit
908133,00-99,YARD CARD CANADA,CA,private label,debit
908134,00-99,YARD CARD CANADA,CA,private label,debit
908135,00-99,YARD CARD CANADA,CA,private label,debit
908136,00-99,YARD CARD CANADA,CA,private label,debit
908137,00-99,YARD CARD CANADA,CA,private label,debit
908138,00-99,YARD CARD CANADA,CA,private label,debit
908139,00-99,YARD CARD CANADA,CA,private label,debit
908140,00-99,YARD CARD CANADA,CA,private label,debit
908141,00-99,YARD CARD CANADA,CA,private label,debit
908142,00-99,YARD CARD CANADA,CA,private label,debit
908143,00-99,YARD CARD CANADA,CA,private label,debit
908144,00-99,YARD CARD CANADA,CA,private label,debit
908145,00-99,YARD CARD CANADA,CA,private label,debit
908146,00-99,YARD CARD CANADA,CA,private label,debit
908147,00-99,YARD CARD CANADA,CA,private label,debit
908148,00-99,YARD CARD CANADA,CA,private label,debit
908149,00-99,YARD CARD CANADA,CA,private label,debit
908150,00-99,YARD CARD CANADA,CA,private label,debit
908151,00-99,YARD CARD CANADA,CA,private label,debit
908152,00-99,YARD CARD CANADA,CA,private label,debit
908153,00-99,YARD CARD CANADA,CA,private label,debit
908154,00-99,YARD CARD CANADA,CA,private label,debit
908155,00-99,YARD CARD CANADA,CA,private label,debit
908156,00-99,YARD CARD CANADA,CA,private label,debit
908157,00-99,YARD CARD CANADA,CA,private label,debit
908158,00-99,YARD CARD CANADA,CA,private label,debit
908159,00-99,YARD CARD CANADA,CA,private label,debit
908160,00-99,YARD CARD CANADA,CA,private label,debit
908161,00-99,YARD CARD CANADA,CA,private label,debit
908162,00-99,YARD CARD CANADA,CA,private label,debit
908163,00-99,YARD CARD CANADA,CA,private label,debit
908164,00-99,YARD CARD CANADA,CA,private label,debit
908165,00-99,YARD CARD CANADA,CA,private label,debit
908166,00-99,YARD CARD CANADA,CA,private label,debit
908167,00-99,YARD CARD CANADA,CA,private label,debit
908168,00-99,YARD CARD CANADA,CA,private label,debit
908169,00-99,YARD CARD CANADA,CA,private label,debit
908170,00-99,YARD CARD CANADA,CA,private label,debit
908171,00-99,YARD CARD CANADA,CA,private label,debit
908172,00-99,YARD CARD CANADA,CA,private label,debit
908173,00-99,YARD CARD CANADA,CA,private label,debit
908174,00-99,YARD CARD CANADA,CA,private label,debit
908175,00-99,YARD CARD CANADA,CA,private label,debit
908176,00-99,YARD CARD CANADA,CA,private label,debit
908177,00-99,YARD CARD CANADA,CA,private label,debit
908178,00-99,YARD CARD CANADA,CA,private label,debit
908179,00-99,YARD CARD CANADA,CA,private label,debit
908180,00-99,YARD CARD CANADA,CA,private label,debit
908181,00-99,YARD CARD CANADA,CA,private label,debit
908182,00-99,YARD CARD CANADA,CA,private label,debit
908183,00-99,YARD CARD CANADA,CA,private label,debit
908184,00-99,YARD CARD CANADA,CA,private label,debit
908185,00-99,YARD CARD CANADA,CA,private label,debit
908186,00-99,YARD CARD CANADA,CA,private label,debit
908187,00-99,YARD CARD CANADA,CA,private label,debit
908188,00-99,YARD CARD CANADA,CA,private label,debit
908189,00-99,YARD CARD CANADA,CA,private label,debit
908190,00-99,YARD CARD CANADA,CA,private label,debit
908191,00-99,YARD CARD CANADA,CA,private label,debit
908192,00-99,YARD CARD CANADA,CA,private label,debit
908193,00-99,YARD CARD CANADA,CA,private label,debit
908194,00-99,YARD CARD CANADA,CA,private label,debit
908195,00-99,YARD CARD CANADA,CA,private label,debit
908196,00-99,YARD CARD CANADA,CA,private label,debit
908197,00-99,YARD CARD CANADA,CA,private label,debit
908198,00-99,YARD CARD CANADA,CA,private label,debit
908199,00-99,YARD CARD CANADA,CA,private label,debit
908200,00-99,YARD CARD CANADA,CA,private label,debit
908201,00-99,YARD CARD CANADA,CA,private label,debit
908202,00-99,YARD CARD CANADA,CA,private label,debit
908203,00-99,YARD CARD CANADA,CA,private label,debit
908204,00-99,YARD CARD CANADA,CA,private label,debit
908205,00-99,YARD CARD CANADA,CA,private label,debit
908206,00-99,YARD CARD CANADA,CA,private label,debit
908207,00-99,YARD CARD CANADA,CA,private label,debit
908208,00-99,YARD CARD CANADA,CA,private label,debit
908209,00-99,YARD CARD CANADA,CA,private label,debit
908210,00-99,YARD CARD CANADA,CA,private label,debit
908211,00-99,YARD CARD CANADA,CA,private label,debit
908212,00-99,YARD CARD CANADA,CA,private label,debit
908213,00-99,YARD CARD CANADA,CA,private label,debit
908214,00-99,YARD CARD CANADA,CA,private label,debit
908215,00-99,YARD CARD CANADA,CA,private label,debit
908216,00-99,YARD CARD CANADA,CA,private label,debit
908217,00-99,YARD CARD CANADA,CA,private label,debit
908218,00-99,YARD CARD CANADA,CA,private label,debit
908219,00-99,YARD CARD CANADA,CA,private label,debit
908220,00-99,YARD CARD CANADA,CA,private label,debit
908221,00-99,YARD CARD CANADA,CA,private label,debit
908222,00-99,YARD CARD CANADA,CA,private label,debit
908223,00-99,YARD CARD CANADA,CA,private label,debit
908224,00-99,YARD CARD CANADA,CA,private label,debit
908225,00-99,YARD CARD CANADA,CA,private label,debit
908226,00-99,YARD CARD CANADA,CA,private label,debit
908227,00-99,YARD CARD CANADA,CA,private label,debit
908228,00-99,YARD CARD CANADA,CA,private label,debit
908229,00-99,YARD CARD CANADA,CA,private label,debit
908230,00-99,YARD CARD CANADA,CA,private label,debit
908231,00-99,YARD CARD CANADA,CA,private label,debit
908232,00-99,YARD CARD CANADA,CA,private label,debit
908233,00-99,YARD CARD CANADA,CA,private label,debit
908234,00-99,YARD CARD CANADA,CA,private label,debit
908235,00-99,YARD CARD CANADA,CA,private label,debit
908236,00-99,YARD CARD CANADA,CA,private label,debit
908237,00-99,YARD CARD CANADA,CA,private label,debit
908238,00-99,YARD CARD CANADA,CA,private label,debit
908239,00-99,YARD CARD CANADA,CA,private label,debit
908240,00-99,YARD CARD CANADA,CA,private label,debit
908241,00-99,YARD CARD CANADA,CA,private label,debit
908242,00-99,YARD CARD CANADA,CA,private label,debit
908243,00-99,YARD CARD CANADA,CA,private label,debit
908244,00-99,YARD CARD CANADA,CA,private label,debit
908245,00-99,YARD CARD CANADA,CA,private label,debit
908246,00-99,YARD CARD CANADA,CA,private label,debit
908247,00-99,YARD CARD CANADA,CA,private label,debit
908248,00-99,YARD CARD CANADA,CA,private label,debit
908249,00-99,YARD CARD CANADA,CA,private label,debit
908250,00-99,YARD CARD CANADA,CA,private label,debit
908251,00-99,YARD CARD CANADA,CA,private label,debit
908252,00-99,YARD CARD CANADA,CA,private label,debit
908253,00-99,YARD CARD CANADA,CA,private label,debit
908254,00-99,YARD CARD CANADA,CA,private label,debit
908255,00-99,YARD CARD CANADA,CA,private label,debit
908256,00-99,YARD CARD CANADA,CA,private label,debit
908257,00-99,YARD CARD CANADA,CA,private label,debit
908258,00-99,YARD CARD CANADA,CA,private label,debit
908259,00-99,YARD CARD CANADA,CA,private label,debit
908260,00-99,YARD CARD CANADA,CA,private label,debit
908261,00-99,YARD CARD CANADA,CA,private label,debit
908262,00-99,YARD CARD CANADA,CA,private label,debit
908263,00-99,YARD CARD CANADA,CA,private label,debit
908264,00-99,YARD CARD CANADA,CA,private label,debit
908265,00-99,YARD CARD CANADA,CA,private label,debit
908266,00-99,YARD CARD CANADA,CA,private label,debit
908267,00-99,YARD CARD CANADA,CA,private label,debit
908268,00-99,YARD CARD CANADA,CA,private label,debit
908269,00-99,YARD CARD CANADA,CA,private label,debit
908270,00-99,YARD CARD CANADA,CA,private label,debit
908271,00-99,YARD CARD CANADA,CA,private label,debit
908272,00-99,YARD CARD CANADA,CA,private label,debit
908273,00-99,YARD CARD CANADA,CA,private label,debit
908274,00-99,YARD CARD CANADA,CA,private label,debit
908275,00-99,YARD CARD CANADA,CA,private label,debit
908276,00-99,YARD CARD CANADA,CA,private label,debit
908277,00-99,YARD CARD CANADA,CA,private label,debit
908278,00-99,YARD CARD CANADA,CA,private label,debit
908279,00-99,YARD CARD CANADA,CA,private label,debit
908280,00-99,YARD CARD CANADA,CA,private label,debit
908281,00-99,YARD CARD CANADA,CA,private label,debit
908282,00-99,YARD CARD CANADA,CA,private label,debit
908283,00-99,YARD CARD CANADA,CA,private label,debit
908284,00-99,YARD CARD CANADA,CA,private label,debit
908285,00-99,YARD CARD CANADA,CA,private label,debit
908286,00-99,YARD CARD CANADA,CA,private label,debit
908287,00-99,YARD CARD CANADA,CA,private label,debit
908288,00-99,YARD CARD CANADA,CA,private label,debit
908289,00-99,YARD CARD CANADA,CA,private label,debit
908290,00-99,YARD CARD CANADA,CA,private label,debit
908291,00-99,YARD CARD CANADA,CA,private label,debit
908292,00-99,YARD CARD CANADA,CA,private label,debit
908293,00-99,YARD CARD CANADA,CA,private label,debit
908294,00-99,YARD CARD CANADA,CA,private label,debit
908295,00-99,YARD CARD CANADA,CA,private label,debit
908296,00-99,YARD CARD CANADA,CA,private label,debit
908297,00-99,YARD CARD CANADA,CA,private label,debit
908298,00-99,YARD CARD CANADA,CA,private label,debit
908299,00-99,YARD CARD CANADA,CA,private label,debit
908300,00-99,YARD CARD CANADA,CA,private label,debit
908301,00-99,YARD CARD CANADA,CA,private label,debit
908302,00-99,YARD CARD CANADA,CA,private label,debit
908303,00-99,YARD CARD CANADA,CA,private label,debit
908304,00-99,YARD CARD CANADA,CA,private label,debit
908305,00-99,YARD CARD CANADA,CA,private label,debit
908306,00-99,YARD CARD CANADA,CA,private label,debit
908307,00-99,YARD CARD CANADA,CA,private label,debit
908308,00-99,YARD CARD CANADA,CA,private label,debit
908309,00-99,YARD CARD CANADA,CA,private label,debit
908310,00-99,YARD CARD CANADA,CA,private label,debit
908311,00-99,YARD CARD CANADA,CA,private label,debit
908312,00-99,YARD CARD CANADA,CA,private label,debit
908313,00-99,YARD CARD CANADA,CA,private label,debit
908314,00-99,YARD CARD CANADA,CA,private label,debit
908315,00-99,YARD CARD CANADA,CA,private label,debit
908316,00-99,YARD CARD CANADA,CA,private label,debit
908317,00-99,YARD CARD CANADA,CA,private label,debit
908318,00-99,YARD CARD CANADA,CA,private label,debit
908319,00-99,YARD CARD CANADA,CA,private label,debit
908320,00-99,YARD CARD CANADA,CA,private label,debit
908321,00-99,YARD CARD CANADA,CA,private label,debit
908322,00-99,YARD CARD CANADA,CA,private label,debit
908323,00-99,YARD CARD CANADA,CA,private label,debit
908324,00-99,YARD CARD CANADA,CA,private label,debit
908325,00-99,YARD CARD CANADA,CA,private label,debit
908326,00-99,YARD CARD CANADA,CA,private label,debit
908327,00-99,YARD CARD CANADA,CA,private label,debit
908328,00-99,YARD CARD CANADA,CA,private label,debit
908329,00-99,YARD CARD CANADA,CA,private label,debit
908330,00-99,YARD CARD CANADA,CA,private label,debit
908331,00-99,YARD CARD CANADA,CA,private label,debit
908332,00-99,YARD CARD CANADA,CA,private label,debit
908333,00-99,YARD CARD CANADA,CA,private label,debit
908334,00-99,YARD CARD CANADA,CA,private label,debit
908335,00-99,YARD CARD CANADA,CA,private label,debit
908336,00-99,YARD CARD CANADA,CA,private label,debit
908337,00-99,YARD CARD CANADA,CA,private label,debit
908338,00-99,YARD CARD CANADA,CA,private label,debit
908339,00-99,YARD CARD CANADA,CA,private label,debit
908340,00-99,YARD CARD CANADA,CA,private label,debit
908341,00-99,YARD CARD CANADA,CA,private label,debit
908342,00-99,YARD CARD CANADA,CA,private label,debit
908343,00-99,YARD CARD CANADA,CA,private label,debit
908344,00-99,YARD CARD CANADA,CA,private label,debit
908345,00-99,YARD CARD CANADA,CA,private label,debit
908346,00-99,YARD CARD CANADA,CA,private label,debit
908347,00-99,YARD CARD CANADA,CA,private label,debit
908348,00-99,YARD CARD CANADA,CA,private label,debit
908349,00-99,YARD CARD CANADA,CA,private label,debit
908350,00-99,YARD CARD CANADA,CA,private label,debit
908351,00-99,YARD CARD CANADA,CA,private label,debit
908352,00-99,YARD CARD CANADA,CA,private label,debit
908353,00-99,YARD CARD CANADA,CA,private label,debit
908354,00-99,YARD CARD CANADA,CA,private label,debit
908355,00-99,YARD CARD CANADA,CA,private label,debit
908356,00-99,YARD CARD CANADA,CA,private label,debit
908357,00-99,YARD CARD CANADA,CA,private label,debit
908358,00-99,YARD CARD CANADA,CA,private label,debit
908359,00-99,YARD CARD CANADA,CA,private label,debit
908360,00-99,YARD CARD CANADA,CA,private label,debit
908361,00-99,YARD CARD CANADA,CA,private label,debit
908362,00-99,YARD CARD CANADA,CA,private label,debit
908363,00-99,YARD CARD CANADA,CA,private label,debit
908364,00-99,YARD CARD CANADA,CA,private label,debit
908365,00-99,YARD CARD CANADA,CA,private label,debit
908366,00-99,YARD CARD CANADA,CA,private label,debit
908367,00-99,YARD CARD CANADA,CA,private label,debit
908368,00-99,YARD CARD CANADA,CA,private label,debit
908369,00-99,YARD CARD CANADA,CA,private label,debit
908370,00-99,YARD CARD CANADA,CA,private label,debit
908371,00-99,YARD CARD CANADA,CA,private label,debit
908372,00-99,YARD CARD CANADA,CA,private label,debit
908373,00-99,YARD CARD CANADA,CA,private label,debit
908374,00-99,YARD CARD CANADA,CA,private label,debit
908375,00-99,YARD CARD CANADA,CA,private label,debit
908376,00-99,YARD CARD CANADA,CA,private label,debit
908377,00-99,YARD CARD CANADA,CA,private label,debit
908378,00-99,YARD CARD CANADA,CA,private label,debit
908379,00-99,YARD CARD CANADA,CA,private label,debit
908380,00-99,YARD CARD CANADA,CA,private label,debit
908381,00-99,YARD CARD CANADA,CA,private label,debit
908382,00-99,YARD CARD CANADA,CA,private label,debit
908383,00-99,YARD CARD CANADA,CA,private label,debit
908384,00-99,YARD CARD CANADA,CA,private label,debit
908385,00-99,YARD CARD CANADA,CA,private label,debit
908386,00-99,YARD CARD CANADA,CA,private label,debit
908387,00-99,YARD CARD CANADA,CA,private label,debit
908388,00-99,YARD CARD CANADA,CA,private label,debit
908389,00-99,YARD CARD CANADA,CA,private label,debit
908390,00-99,YARD CARD CANADA,CA,private label,debit
908391,00-99,YARD CARD CANADA,CA,private label,debit
908392,00-99,YARD CARD CANADA,CA,private label,debit
908393,00-99,YARD CARD CANADA,CA,private label,debit
908394,00-99,YARD CARD CANADA,CA,private label,debit
908395,00-99,YARD CARD CANADA,CA,private label,debit
908396,00-99,YARD CARD CANADA,CA,private label,debit
908397,00-99,YARD CARD CANADA,CA,private label,debit
908398,00-99,YARD CARD CANADA,CA,private label,debit
908399,00-99,YARD CARD CANADA,CA,private label,debit
908400,00-99,YARD CARD CANADA,CA,private label,debit
908401,00-99,YARD CARD CANADA,CA,private label,debit
908402,00-99,YARD CARD CANADA,CA,private label,debit
908403,00-99,YARD CARD CANADA,CA,private label,debit
908404,00-99,YARD CARD CANADA,CA,private label,debit
908405,00-99,YARD CARD CANADA,CA,private label,debit
908406,00-99,YARD CARD CANADA,CA,private label,debit
908407,00-99,YARD CARD CANADA,CA,private label,debit
908408,00-99,YARD CARD CANADA,CA,private label,debit
908409,00-99,YARD CARD CANADA,CA,private label,debit
908410,00-99,YARD CARD CANADA,CA,private label,debit
908411,00-99,YARD CARD CANADA,CA,private label,debit
908412,00-99,YARD CARD CANADA,CA,private label,debit
908413,00-99,YARD CARD CANADA,CA,private label,debit
908414,00-99,YARD CARD CANADA,CA,private label,debit
908415,00-99,YARD CARD CANADA,CA,private label,debit
908416,00-99,YARD CARD CANADA,CA,private label,debit
908417,00-99,YARD CARD CANADA,CA,private label,debit
908418,00-99,YARD CARD CANADA,CA,private label,debit
908419,00-99,YARD CARD CANADA,CA,private label,debit
908420,00-99,YARD CARD CANADA,CA,private label,debit
908421,00-99,YARD CARD CANADA,CA,private label,debit
908422,00-99,YARD CARD CANADA,CA,private label,debit
908423,00-99,YARD CARD CANADA,CA,private label,debit
908424,00-99,YARD CARD CANADA,CA,private label,debit
908425,00-99,YARD CARD CANADA,CA,private label,debit
908426,00-99,YARD CARD CANADA,CA,private label,debit
908427,00-99,YARD CARD CANADA,CA,private label,debit
908428,00-99,YARD CARD CANADA,CA,private label,debit
908429,00-99,YARD CARD CANADA,CA,private label,debit
908430,00-99,YARD CARD CANADA,CA,private label,debit
908431,00-99,YARD CARD CANADA,CA,private label,debit
908432,00-99,YARD CARD CANADA,CA,private label,debit
908433,00-99,YARD CARD CANADA,CA,private label,debit
908434,00-99,YARD CARD CANADA,CA,private label,debit
908435,00-99,YARD CARD CANADA,CA,private label,debit
908436,00-99,YARD CARD CANADA,CA,private label,debit
908437,00-99,YARD CARD CANADA,CA,private label,debit
908438,00-99,YARD CARD CANADA,CA,private label,debit
908439,00-99,YARD CARD CANADA,CA,private label,debit
908440,00-99,YARD CARD CANADA,CA,private label,debit
908441,00-99,YARD CARD CANADA,CA,private label,debit
908442,00-99,YARD CARD CANADA,CA,private label,debit
908443,00-99,YARD CARD CANADA,CA,private label,debit
908444,00-99,YARD CARD CANADA,CA,private label,debit
908445,00-99,YARD CARD CANADA,CA,private label,debit
908446,00-99,YARD CARD CANADA,CA,private label,debit
908447,00-99,YARD CARD CANADA,CA,private label,debit
908448,00-99,YARD CARD CANADA,CA,private label,debit
908449,00-99,YARD CARD CANADA,CA,private label,debit
908450,00-99,YARD CARD CANADA,CA,private label,debit
908451,00-99,YARD CARD CANADA,CA,private label,debit
908452,00-99,YARD CARD CANADA,CA,private label,debit
908453,00-99,YARD CARD CANADA,CA,private label,debit
908454,00-99,YARD CARD CANADA,CA,private label,debit
908455,00-99,YARD CARD CANADA,CA,private label,debit
908456,00-99,YARD CARD CANADA,CA,private label,debit
908457,00-99,YARD CARD CANADA,CA,private label,debit
908458,00-99,YARD CARD CANADA,CA,private label,debit
908459,00-99,YARD CARD CANADA,CA,private label,debit
908460,00-99,YARD CARD CANADA,CA,private label,debit
908461,00-99,YARD CARD CANADA,CA,private label,debit
908462,00-99,YARD CARD CANADA,CA,private label,debit
908463,00-99,YARD CARD CANADA,CA,private label,debit
908464,00-99,YARD CARD CANADA,CA,private label,debit
908465,00-99,YARD CARD CANADA,CA,private label,debit
908466,00-99,YARD CARD CANADA,CA,private label,debit
908467,00-99,YARD CARD CANADA,CA,private label,debit
908468,00-99,YARD CARD CANADA,CA,private label,debit
908469,00-99,YARD CARD CANADA,CA,private label,debit
908470,00-99,YARD CARD CANADA,CA,private label,debit
908471,00-99,YARD CARD CANADA,CA,private label,debit
908472,00-99,YARD CARD CANADA,CA,private label,debit
908473,00-99,YARD CARD CANADA,CA,private label,debit
908474,00-99,YARD CARD CANADA,CA,private label,debit
908475,00-99,YARD CARD CANADA,CA,private label,debit
908476,00-99,YARD CARD CANADA,CA,private label,debit
908477,00-99,YARD CARD CANADA,CA,private label,debit
908478,00-99,YARD CARD CANADA,CA,private label,debit
908479,00-99,YARD CARD CANADA,CA,private label,debit
908480,00-99,YARD CARD CANADA,CA,private label,debit
908481,00-99,YARD CARD CANADA,CA,private label,debit
908482,00-99,YARD CARD CANADA,CA,private label,debit
908483,00-99,YARD CARD CANADA,CA,private label,debit
908484,00-99,YARD CARD CANADA,CA,private label,debit
908485,00-99,YARD CARD CANADA,CA,private label,debit
908486,00-99,YARD CARD CANADA,CA,private label,debit
908487,00-99,YARD CARD CANADA,CA,private label,debit
908488,00-99,YARD CARD CANADA,CA,private label,debit
908489,00-99,YARD CARD CANADA,CA,private label,debit
908490,00-99,YARD CARD CANADA,CA,private label,debit
908491,00-99,YARD CARD CANADA,CA,private label,debit
908492,00-99,YARD CARD CANADA,CA,private label,debit
908493,00-99,YARD CARD CANADA,CA,private label,debit
908494,00-99,YARD CARD CANADA,CA,private label,debit
908495,00-99,YARD CARD CANADA,CA,private label,debit
908496,00-99,YARD CARD CANADA,CA,private label,debit
908497,00-99,YARD CARD CANADA,CA,private label,debit
908498,00-99,YARD CARD CANADA,CA,private label,debit
908499,00-99,YARD CARD CANADA,CA,private label,debit
908500,00-99,YARD CARD CANADA,CA,private label,debit
908501,00-99,YARD CARD CANADA,CA,private label,debit
908502,00-99,YARD CARD CANADA,CA,private label,debit
908503,00-99,YARD CARD CANADA,CA,private label,debit
908504,00-99,YARD CARD CANADA,CA,private label,debit
908505,00-99,YARD CARD CANADA,CA,private label,debit
908506,00-99,YARD CARD CANADA,CA,private label,debit
908507,00-99,YARD CARD CANADA,CA,private label,debit
908508,00-99,YARD CARD CANADA,CA,private label,debit
908509,00-99,YARD CARD CANADA,CA,private label,debit
908510,00-99,YARD CARD CANADA,CA,private label,debit
908511,00-99,YARD CARD CANADA,CA,private label,debit
908512,00-99,YARD CARD CANADA,CA,private label,debit
908513,00-99,YARD CARD CANADA,CA,private label,debit
908514,00-99,YARD CARD CANADA,CA,private label,debit
908515,00-99,YARD CARD CANADA,CA,private label,debit
908516,00-99,YARD CARD CANADA,CA,private label,debit
908517,00-99,YARD CARD CANADA,CA,private label,debit
908518,00-99,YARD CARD CANADA,CA,private label,debit
908519,00-99,YARD CARD CANADA,CA,private label,debit
908520,00-99,YARD CARD CANADA,CA,private label,debit
908521,00-99,YARD CARD CANADA,CA,private label,debit
908522,00-99,YARD CARD CANADA,CA,private label,debit
908523,00-99,YARD CARD CANADA,CA,private label,debit
908524,00-99,YARD CARD CANADA,CA,private label,debit
908525,00-99,YARD CARD CANADA,CA,private label,debit
908526,00-99,YARD CARD CANADA,CA,private label,debit
908527,00-99,YARD CARD CANADA,CA,private label,debit
908528,00-99,YARD CARD CANADA,CA,private label,debit
908529,00-99,YARD CARD CANADA,CA,private label,debit
908530,00-99,YARD CARD CANADA,CA,private label,debit
908531,00-99,YARD CARD CANADA,CA,private label,debit
908532,00-99,YARD CARD CANADA,CA,private label,debit
908533,00-99,YARD CARD CANADA,CA,private label,debit
908534,00-99,YARD CARD CANADA,CA,private label,debit
908535,00-99,YARD CARD CANADA,CA,private label,debit
908536,00-99,YARD CARD CANADA,CA,private label,debit
908537,00-99,YARD CARD CANADA,CA,private label,debit
908538,00-99,YARD CARD CANADA,CA,private label,debit
908539,00-99,YARD CARD CANADA,CA,private label,debit
908540,00-99,YARD CARD CANADA,CA,private label,debit
908541,00-99,YARD CARD CANADA,CA,private label,debit
908542,00-99,YARD CARD CANADA,CA,private label,debit
908543,00-99,YARD CARD CANADA,CA,private label,debit
908544,00-99,YARD CARD CANADA,CA,private label,debit
908545,00-99,YARD CARD CANADA,CA,private label,debit
908546,00-99,YARD CARD CANADA,CA,private label,debit
908547,00-99,YARD CARD CANADA,CA,private label,debit
908548,00-99,YARD CARD CANADA,CA,private label,debit
908549,00-99,YARD CARD CANADA,CA,private label,debit
908550,00-99,YARD CARD CANADA,CA,private label,debit
908551,00-99,YARD CARD CANADA,CA,private label,debit
908552,00-99,YARD CARD CANADA,CA,private label,debit
908553,00-99,YARD CARD CANADA,CA,private label,debit
908554,00-99,YARD CARD CANADA,CA,private label,debit
908555,00-99,YARD CARD CANADA,CA,private label,debit
908556,00-99,YARD CARD CANADA,CA,private label,debit
908557,00-99,YARD CARD CANADA,CA,private label,debit
908558,00-99,YARD CARD CANADA,CA,private label,debit
908559,00-99,YARD CARD CANADA,CA,private label,debit
908560,00-99,YARD CARD CANADA,CA,private label,debit
908561,00-99,YARD CARD CANADA,CA,private label,debit
908562,00-99,YARD CARD CANADA,CA,private label,debit
908563,00-99,YARD CARD CANADA,CA,private label,debit
908564,00-99,YARD CARD CANADA,CA,private label,debit
908565,00-99,YARD CARD CANADA,CA,private label,debit
908566,00-99,YARD CARD CANADA,CA,private label,debit
908567,00-99,YARD CARD CANADA,CA,private label,debit
908568,00-99,YARD CARD CANADA,CA,private label,debit
908569,00-99,YARD CARD CANADA,CA,private label,debit
908570,00-99,YARD CARD CANADA,CA,private label,debit
908571,00-99,YARD CARD CANADA,CA,private label,debit
908572,00-99,YARD CARD CANADA,CA,private label,debit
908573,00-99,YARD CARD CANADA,CA,private label,debit
908574,00-99,YARD CARD CANADA,CA,private label,debit
908575,00-99,YARD CARD CANADA,CA,private label,debit
908576,00-99,YARD CARD CANADA,CA,private label,debit
908577,00-99,YARD CARD CANADA,CA,private label,debit
908578,00-99,YARD CARD CANADA,CA,private label,debit
908579,00-99,YARD CARD CANADA,CA,private label,debit
908580,00-99,YARD CARD CANADA,CA,private label,debit
908581,00-99,YARD CARD CANADA,CA,private label,debit
908582,00-99,YARD CARD CANADA,CA,private label,debit
908583,00-99,YARD CARD CANADA,CA,private label,debit
908584,00-99,YARD CARD CANADA,CA,private label,debit
908585,00-99,YARD CARD CANADA,CA,private label,debit
908586,00-99,YARD CARD CANADA,CA,private label,debit
908587,00-99,YARD CARD CANADA,CA,private label,debit
908588,00-99,YARD CARD CANADA,CA,private label,debit
908589,00-99,YARD CARD CANADA,CA,private label,debit
908590,00-99,YARD CARD CANADA,CA,private label,debit
908591,00-99,YARD CARD CANADA,CA,private label,debit
908592,00-99,YARD CARD CANADA,CA,private label,debit
908593,00-99,YARD CARD CANADA,CA,private label,debit
908594,00-99,YARD CARD CANADA,CA,private label,debit
908595,00-99,YARD CARD CANADA,CA,private label,debit
908596,00-99,YARD CARD CANADA,CA,private label,debit
908597,00-99,YARD CARD CANADA,CA,private label,debit
908598,00-99,YARD CARD CANADA,CA,private label,debit
908599,00-99,YARD CARD CANADA,CA,private label,debit
908600,00-99,YARD CARD CANADA,CA,private label,debit
908601,00-99,YARD CARD CANADA,CA,private label,debit
908602,00-99,YARD CARD CANADA,CA,private label,debit
908603,00-99,YARD CARD CANADA,CA,private label,debit
908604,00-99,YARD CARD CANADA,CA,private label,debit
908605,00-99,YARD CARD CANADA,CA,private label,debit
908606,00-99,YARD CARD CANADA,CA,private label,debit
908607,00-99,YARD CARD CANADA,CA,private label,debit
908608,00-99,YARD CARD CANADA,CA,private label,debit
908609,00-99,YARD CARD CANADA,CA,private label,debit
908610,00-99,YARD CARD CANADA,CA,private label,debit
908611,00-99,YARD CARD CANADA,CA,private label,debit
908612,00-99,YARD CARD CANADA,CA,private label,debit
908613,00-99,YARD CARD CANADA,CA,private label,debit
908614,00-99,YARD CARD CANADA,CA,private label,debit
908615,00-99,YARD CARD CANADA,CA,private label,debit
908616,00-99,YARD CARD CANADA,CA,private label,debit
908617,00-99,YARD CARD CANADA,CA,private label,debit
908618,00-99,YARD CARD CANADA,CA,private label,debit
908619,00-99,YARD CARD CANADA,CA,private label,debit
908620,00-99,YARD CARD CANADA,CA,private label,debit
908621,00-99,YARD CARD CANADA,CA,private label,debit
908622,00-99,YARD CARD CANADA,CA,private label,debit
908623,00-99,YARD CARD CANADA,CA,private label,debit
908624,00-99,YARD CARD CANADA,CA,private label,debit
908625,00-99,YARD CARD CANADA,CA,private label,debit
908626,00-99,YARD CARD CANADA,CA,private label,debit
908627,00-99,YARD CARD CANADA,CA,private label,debit
908628,00-99,YARD CARD CANADA,CA,private label,debit
908629,00-99,YARD CARD CANADA,CA,private label,debit
908630,00-99,YARD CARD CANADA,CA,private label,debit
908631,00-99,YARD CARD CANADA,CA,private label,debit
908632,00-99,YARD CARD CANADA,CA,private label,debit
908633,00-99,YARD CARD CANADA,CA,private label,debit
908634,00-99,YARD CARD CANADA,CA,private label,debit
908635,00-99,YARD CARD CANADA,CA,private label,debit
908636,00-99,YARD CARD CANADA,CA,private label,debit
908637,00-99,YARD CARD CANADA,CA,private label,debit
908638,00-99,YARD CARD CANADA,CA,private label,debit
908639,00-99,YARD CARD CANADA,CA,private label,debit
908640,00-99,YARD CARD CANADA,CA,private label,debit
908641,00-99,YARD CARD CANADA,CA,private label,debit
908642,00-99,YARD CARD CANADA,CA,private label,debit
908643,00-99,YARD CARD CANADA,CA,private label,debit
908644,00-99,YARD CARD CANADA,CA,private label,debit
908645,00-99,YARD CARD CANADA,CA,private label,debit
908646,00-99,YARD CARD CANADA,CA,private label,debit
908647,00-99,YARD CARD CANADA,CA,private label,debit
908648,00-99,YARD CARD CANADA,CA,private label,debit
908649,00-99,YARD CARD CANADA,CA,private label,debit
908650,00-99,YARD CARD CANADA,CA,private label,debit
908651,00-99,YARD CARD CANADA,CA,private label,debit
908652,00-99,YARD CARD CANADA,CA,private label,debit
908653,00-99,YARD CARD CANADA,CA,private label,debit
908654,00-99,YARD CARD CANADA,CA,private label,debit
908655,00-99,YARD CARD CANADA,CA,private label,debit
908656,00-99,YARD CARD CANADA,CA,private label,debit
908657,00-99,YARD CARD CANADA,CA,private label,debit
908658,00-99,YARD CARD CANADA,CA,private label,debit
908659,00-99,YARD CARD CANADA,CA,private label,debit
908660,00-99,YARD CARD CANADA,CA,private label,debit
908661,00-99,YARD CARD CANADA,CA,private label,debit
908662,00-99,YARD CARD CANADA,CA,private label,debit
908663,00-99,YARD CARD CANADA,CA,private label,debit
908664,00-99,YARD CARD CANADA,CA,private label,debit
908665,00-99,YARD CARD CANADA,CA,private label,debit
908666,00-99,YARD CARD CANADA,CA,private label,debit
908667,00-99,YARD CARD CANADA,CA,private label,debit
908668,00-99,YARD CARD CANADA,CA,private label,debit
908669,00-99,YARD CARD CANADA,CA,private label,debit
908670,00-99,YARD CARD CANADA,CA,private label,debit
908671,00-99,YARD CARD CANADA,CA,private label,debit
908672,00-99,YARD CARD CANADA,CA,private label,debit
908673,00-99,YARD CARD CANADA,CA,private label,debit
908674,00-99,YARD CARD CANADA,CA,private label,debit
908675,00-99,YARD CARD CANADA,CA,private label,debit
908676,00-99,YARD CARD CANADA,CA,private label,debit
908677,00-99,YARD CARD CANADA,CA,private label,debit
908678,00-99,YARD CARD CANADA,CA,private label,debit
908679,00-99,YARD CARD CANADA,CA,private label,debit
908680,00-99,YARD CARD CANADA,CA,private label,debit
908681,00-99,YARD CARD CANADA,CA,private label,debit
908682,00-99,YARD CARD CANADA,CA,private label,debit
908683,00-99,YARD CARD CANADA,CA,private label,debit
908684,00-99,YARD CARD CANADA,CA,private label,debit
908685,00-99,YARD CARD CANADA,CA,private label,debit
908686,00-99,YARD CARD CANADA,CA,private label,debit
908687,00-99,YARD CARD CANADA,CA,private label,debit
908688,00-99,YARD CARD CANADA,CA,private label,debit
908689,00-99,YARD CARD CANADA,CA,private label,debit
908690,00-99,YARD CARD CANADA,CA,private label,debit
908691,00-99,YARD CARD CANADA,CA,private label,debit
908692,00-99,YARD CARD CANADA,CA,private label,debit
908693,00-99,YARD CARD CANADA,CA,private label,debit
908694,00-99,YARD CARD CANADA,CA,private label,debit
908695,00-99,YARD CARD CANADA,CA,private label,debit
908696,00-99,YARD CARD CANADA,CA,private label,debit
908697,00-99,YARD CARD CANADA,CA,private label,debit
908698,00-99,YARD CARD CANADA,CA,private label,debit
908699,00-99,YARD CARD CANADA,CA,private label,debit
908700,00-99,YARD CARD CANADA,CA,private label,debit
908701,00-99,YARD CARD CANADA,CA,private label,debit
908702,00-99,YARD CARD CANADA,CA,private label,debit
908703,00-99,YARD CARD CANADA,CA,private label,debit
908704,00-99,YARD CARD CANADA,CA,private label,debit
908705,00-99,YARD CARD CANADA,CA,private label,debit
908706,00-99,YARD CARD CANADA,CA,private label,debit
908707,00-99,YARD CARD CANADA,CA,private label,debit
908708,00-99,YARD CARD CANADA,CA,private label,debit
908709,00-99,YARD CARD CANADA,CA,private label,debit
908710,00-99,YARD CARD CANADA,CA,private label,debit
908711,00-99,YARD CARD CANADA,CA,private label,debit
908712,00-99,YARD CARD CANADA,CA,private label,debit
908713,00-99,YARD CARD CANADA,CA,private label,debit
908714,00-99,YARD CARD CANADA,CA,private label,debit
908715,00-99,YARD CARD CANADA,CA,private label,debit
908716,00-99,YARD CARD CANADA,CA,private label,debit
908717,00-99,YARD CARD CANADA,CA,private label,debit
908718,00-99,YARD CARD CANADA,CA,private label,debit
908719,00-99,YARD CARD CANADA,CA,private label,debit
908720,00-99,YARD CARD CANADA,CA,private label,debit
908721,00-99,YARD CARD CANADA,CA,private label,debit
908722,00-99,YARD CARD CANADA,CA,private label,debit
908723,00-99,YARD CARD CANADA,CA,private label,debit
908724,00-99,YARD CARD CANADA,CA,private label,debit
908725,00-99,YARD CARD CANADA,CA,private label,debit
908726,00-99,YARD CARD CANADA,CA,private label,debit
908727,00-99,YARD CARD CANADA,CA,private label,debit
908728,00-99,YARD CARD CANADA,CA,private label,debit
908729,00-99,YARD CARD CANADA,CA,private label,debit
908730,00-99,YARD CARD CANADA,CA,private label,debit
908731,00-99,YARD CARD CANADA,CA,private label,debit
908732,00-99,YARD CARD CANADA,CA,private label,debit
908733,00-99,YARD CARD CANADA,CA,private label,debit
908734,00-99,YARD CARD CANADA,CA,private label,debit
908735,00-99,YARD CARD CANADA,CA,private label,debit
908736,00-99,YARD CARD CANADA,CA,private label,debit
908737,00-99,YARD CARD CANADA,CA,private label,debit
908738,00-99,YARD CARD CANADA,CA,private label,debit
908739,00-99,YARD CARD CANADA,CA,private label,debit
908740,00-99,YARD CARD CANADA,CA,private label,debit
908741,00-99,YARD CARD CANADA,CA,private label,debit
908742,00-99,YARD CARD CANADA,CA,private label,debit
908743,00-99,YARD CARD CANADA,CA,private label,debit
908744,00-99,YARD CARD CANADA,CA,private label,debit
908745,00-99,YARD CARD CANADA,CA,private label,debit
908746,00-99,YARD CARD CANADA,CA,private label,debit
908747,00-99,YARD CARD CANADA,CA,private label,debit
908748,00-99,YARD CARD CANADA,CA,private label,debit
908749,00-99,YARD CARD CANADA,CA,private label,debit
908750,00-99,YARD CARD CANADA,CA,private label,debit
908751,00-99,YARD CARD CANADA,CA,private label,debit
908752,00-99,YARD CARD CANADA,CA,private label,debit
908753,00-99,YARD CARD CANADA,CA,private label,debit
908754,00-99,YARD CARD CANADA,CA,private label,debit
908755,00-99,YARD CARD CANADA,CA,private label,debit
908756,00-99,YARD CARD CANADA,CA,private label,debit
908757,00-99,YARD CARD CANADA,CA,private label,debit
908758,00-99,YARD CARD CANADA,CA,private label,debit
908759,00-99,YARD CARD CANADA,CA,private label,debit
908760,00-99,YARD CARD CANADA,CA,private label,debit
908761,00-99,YARD CARD CANADA,CA,private label,debit
908762,00-99,YARD CARD CANADA,CA,private label,debit
908763,00-99,YARD CARD CANADA,CA,private label,debit
908764,00-99,YARD CARD CANADA,CA,private label,debit
908765,00-99,YARD CARD CANADA,CA,private label,debit
908766,00-99,YARD CARD CANADA,CA,private label,debit
908767,00-99,YARD CARD CANADA,CA,private label,debit
908768,00-99,YARD CARD CANADA,CA,private label,debit
908769,00-99,YARD CARD CANADA,CA,private label,debit
908770,00-99,YARD CARD CANADA,CA,private label,debit
908771,00-99,YARD CARD CANADA,CA,private label,debit
908772,00-99,YARD CARD CANADA,CA,private label,debit
908773,00-99,YARD CARD CANADA,CA,private label,debit
908774,00-99,YARD CARD CANADA,CA,private label,debit
908775,00-99,YARD CARD CANADA,CA,private label,debit
908776,00-99,YARD CARD CANADA,CA,private label,debit
908777,00-99,YARD CARD CANADA,CA,private label,debit
908778,00-99,YARD CARD CANADA,CA,private label,debit
908779,00-99,YARD CARD CANADA,CA,private label,debit
908780,00-99,YARD CARD CANADA,CA,private label,debit
908781,00-99,YARD CARD CANADA,CA,private label,debit
908782,00-99,YARD CARD CANADA,CA,private label,debit
908783,00-99,YARD CARD CANADA,CA,private label,debit
908784,00-99,YARD CARD CANADA,CA,private label,debit
908785,00-99,YARD CARD CANADA,CA,private label,debit
908786,00-99,YARD CARD CANADA,CA,private label,debit
908787,00-99,YARD CARD CANADA,CA,private label,debit
908788,00-99,YARD CARD CANADA,CA,private label,debit
908789,00-99,YARD CARD CANADA,CA,private label,debit
908790,00-99,YARD CARD CANADA,CA,private label,debit
908791,00-99,YARD CARD CANADA,CA,private label,debit
908792,00-99,YARD CARD CANADA,CA,private label,debit
908793,00-99,YARD CARD CANADA,CA,private label,debit
908794,00-99,YARD CARD CANADA,CA,private label,debit
908795,00-99,YARD CARD CANADA,CA,private label,debit
908796,00-99,YARD CARD CANADA,CA,private label,debit
908797,00-99,YARD CARD CANADA,CA,private label,debit
908798,00-99,YARD CARD CANADA,CA,private label,debit
908799,00-99,YARD CARD CANADA,CA,private label,debit
908800,00-99,YARD CARD CANADA,CA,private label,debit
908801,00-99,YARD CARD CANADA,CA,private label,debit
908802,00-99,YARD CARD CANADA,CA,private label,debit
908803,00-99,YARD CARD CANADA,CA,private label,debit
908804,00-99,YARD CARD CANADA,CA,private label,debit
908805,00-99,YARD CARD CANADA,CA,private label,debit
908806,00-99,YARD CARD CANADA,CA,private label,debit
908807,00-99,YARD CARD CANADA,CA,private label,debit
908808,00-99,YARD CARD CANADA,CA,private label,debit
908809,00-99,YARD CARD CANADA,CA,private label,debit
908810,00-99,YARD CARD CANADA,CA,private label,debit
908811,00-99,YARD CARD CANADA,CA,private label,debit
908812,00-99,YARD CARD CANADA,CA,private label,debit
908813,00-99,YARD CARD CANADA,CA,private label,debit
908814,00-99,YARD CARD CANADA,CA,private label,debit
908815,00-99,YARD CARD CANADA,CA,private label,debit
908816,00-99,YARD CARD CANADA,CA,private label,debit
908817,00-99,YARD CARD CANADA,CA,private label,debit
908818,00-99,YARD CARD CANADA,CA,private label,debit
908819,00-99,YARD CARD CANADA,CA,private label,debit
908820,00-99,YARD CARD CANADA,CA,private label,debit
908821,00-99,YARD CARD CANADA,CA,private label,debit
908822,00-99,YARD CARD CANADA,CA,private label,debit
908823,00-99,YARD CARD CANADA,CA,private label,debit
908824,00-99,YARD CARD CANADA,CA,private label,debit
908825,00-99,YARD CARD CANADA,CA,private label,debit
908826,00-99,YARD CARD CANADA,CA,private label,debit
908827,00-99,YARD CARD CANADA,CA,private label,debit
908828,00-99,YARD CARD CANADA,CA,private label,debit
908829,00-99,YARD CARD CANADA,CA,private label,debit
908830,00-99,YARD CARD CANADA,CA,private label,debit
908831,00-99,YARD CARD CANADA,CA,private label,debit
908832,00-99,YARD CARD CANADA,CA,private label,debit
908833,00-99,YARD CARD CANADA,CA,private label,debit
908834,00-99,YARD CARD CANADA,CA,private label,debit
908835,00-99,YARD CARD CANADA,CA,private label,debit
908836,00-99,YARD CARD CANADA,CA,private label,debit
908837,00-99,YARD CARD CANADA,CA,private label,debit
908838,00-99,YARD CARD CANADA,CA,private label,debit
908839,00-99,YARD CARD CANADA,CA,private label,debit
908840,00-99,YARD CARD CANADA,CA,private label,debit
908841,00-99,YARD CARD CANADA,CA,private label,debit
908842,00-99,YARD CARD CANADA,CA,private label,debit
908843,00-99,YARD CARD CANADA,CA,private label,debit
908844,00-99,YARD CARD CANADA,CA,private label,debit
908845,00-99,YARD CARD CANADA,CA,private label,debit
908846,00-99,YARD CARD CANADA,CA,private label,debit
908847,00-99,YARD CARD CANADA,CA,private label,debit
908848,00-99,YARD CARD CANADA,CA,private label,debit
908849,00-99,YARD CARD CANADA,CA,private label,debit
908850,00-99,YARD CARD CANADA,CA,private label,debit
908851,00-99,YARD CARD CANADA,CA,private label,debit
908852,00-99,YARD CARD CANADA,CA,private label,debit
908853,00-99,YARD CARD CANADA,CA,private label,debit
908854,00-99,YARD CARD CANADA,CA,private label,debit
908855,00-99,YARD CARD CANADA,CA,private label,debit
908856,00-99,YARD CARD CANADA,CA,private label,debit
908857,00-99,YARD CARD CANADA,CA,private label,debit
908858,00-99,YARD CARD CANADA,CA,private label,debit
908859,00-99,YARD CARD CANADA,CA,private label,debit
908860,00-99,YARD CARD CANADA,CA,private label,debit
908861,00-99,YARD CARD CANADA,CA,private label,debit
908862,00-99,YARD CARD CANADA,CA,private label,debit
908863,00-99,YARD CARD CANADA,CA,private label,debit
908864,00-99,YARD CARD CANADA,CA,private label,debit
908865,00-99,YARD CARD CANADA,CA,private label,debit
908866,00-99,YARD CARD CANADA,CA,private label,debit
908867,00-99,YARD CARD CANADA,CA,private label,debit
908868,00-99,YARD CARD CANADA,CA,private label,debit
908869,00-99,YARD CARD CANADA,CA,private label,debit
908870,00-99,YARD CARD CANADA,CA,private label,debit
908871,00-99,YARD CARD CANADA,CA,private label,debit
908872,00-99,YARD CARD CANADA,CA,private label,debit
908873,00-99,YARD CARD CANADA,CA,private label,debit
908874,00-99,YARD CARD CANADA,CA,private label,debit
908875,00-99,YARD CARD CANADA,CA,private label,debit
908876,00-99,YARD CARD CANADA,CA,private label,debit
908877,00-99,YARD CARD CANADA,CA,private label,debit
908878,00-99,YARD CARD CANADA,CA,private label,debit
908879,00-99,YARD CARD CANADA,CA,private label,debit
908880,00-99,YARD CARD CANADA,CA,private label,debit
908881,00-99,YARD CARD CANADA,CA,private label,debit
908882,00-99,YARD CARD CANADA,CA,private label,debit
908883,00-99,YARD CARD CANADA,CA,private label,debit
908884,00-99,YARD CARD CANADA,CA,private label,debit
908885,00-99,YARD CARD CANADA,CA,private label,debit
908886,00-99,YARD CARD CANADA,CA,private label,debit
908887,00-99,YARD CARD CANADA,CA,private label,debit
908888,00-99,YARD CARD CANADA,CA,private label,debit
908889,00-99,YARD CARD CANADA,CA,private label,debit
908890,00-99,YARD CARD CANADA,CA,private label,debit
908891,00-99,YARD CARD CANADA,CA,private label,debit
908892,00-99,YARD CARD CANADA,CA,private label,debit
908893,00-99,YARD CARD CANADA,CA,private label,debit
908894,00-99,YARD CARD CANADA,CA,private label,debit
908895,00-99,YARD CARD CANADA,CA,private label,debit
908896,00-99,YARD CARD CANADA,CA,private label,debit
908897,00-99,YARD CARD CANADA,CA,private label,debit
908898,00-99,YARD CARD CANADA,CA,private label,debit
908899,00-99,YARD CARD CANADA,CA,private label,debit
908900,00-99,YARD CARD CANADA,CA,private label,debit
908901,00-99,YARD CARD CANADA,CA,private label,debit
908902,00-99,YARD CARD CANADA,CA,private label,debit
908903,00-99,YARD CARD CANADA,CA,private label,debit
908904,00-99,YARD CARD CANADA,CA,private label,debit
908905,00-99,YARD CARD CANADA,CA,private label,debit
908906,00-99,YARD CARD CANADA,CA,private label,debit
908907,00-99,YARD CARD CANADA,CA,private label,debit
908908,00-99,YARD CARD CANADA,CA,private label,debit
908909,00-99,YARD CARD CANADA,CA,private label,debit
908910,00-99,YARD CARD CANADA,CA,private label,debit
908911,00-99,YARD CARD CANADA,CA,private label,debit
908912,00-99,YARD CARD CANADA,CA,private label,debit
908913,00-99,YARD CARD CANADA,CA,private label,debit
908914,00-99,YARD CARD CANADA,CA,private label,debit
908915,00-99,YARD CARD CANADA,CA,private label,debit
908916,00-99,YARD CARD CANADA,CA,private label,debit
908917,00-99,YARD CARD CANADA,CA,private label,debit
908918,00-99,YARD CARD CANADA,CA,private label,debit
908919,00-99,YARD CARD CANADA,CA,private label,debit
908920,00-99,YARD CARD CANADA,CA,private label,debit
908921,00-99,YARD CARD CANADA,CA,private label,debit
908922,00-99,YARD CARD CANADA,CA,private label,debit
908923,00-99,YARD CARD CANADA,CA,private label,debit
908924,00-99,YARD CARD CANADA,CA,private label,debit
908925,00-99,YARD CARD CANADA,CA,private label,debit
908926,00-99,YARD CARD CANADA,CA,private label,debit
908927,00-99,YARD CARD CANADA,CA,private label,debit
908928,00-99,YARD CARD CANADA,CA,private label,debit
908929,00-99,YARD CARD CANADA,CA,private label,debit
908930,00-99,YARD CARD CANADA,CA,private label,debit
908931,00-99,YARD CARD CANADA,CA,private label,debit
908932,00-99,YARD CARD CANADA,CA,private label,debit
908933,00-99,YARD CARD CANADA,CA,private label,debit
908934,00-99,YARD CARD CANADA,CA,private label,debit
908935,00-99,YARD CARD CANADA,CA,private label,debit
908936,00-99,YARD CARD CANADA,CA,private label,debit
908937,00-99,YARD CARD CANADA,CA,private label,debit
908938,00-99,YARD CARD CANADA,CA,private label,debit
908939,00-99,YARD CARD CANADA,CA,private label,debit
908940,00-99,YARD CARD CANADA,CA,private label,debit
908941,00-99,YARD CARD CANADA,CA,private label,debit
908942,00-99,YARD CARD CANADA,CA,private label,debit
908943,00-99,YARD CARD CANADA,CA,private label,debit
908944,00-99,YARD CARD CANADA,CA,private label,debit
908945,00-99,YARD CARD CANADA,CA,private label,debit
908946,00-99,YARD CARD CANADA,CA,private label,debit
908947,00-99,YARD CARD CANADA,CA,private label,debit
908948,00-99,YARD CARD CANADA,CA,private label,debit
908949,00-99,YARD CARD CANADA,CA,private label,debit
908950,00-99,YARD CARD CANADA,CA,private label,debit
908951,00-99,YARD CARD CANADA,CA,private label,debit
908952,00-99,YARD CARD CANADA,CA,private label,debit
908953,00-99,YARD CARD CANADA,CA,private label,debit
908954,00-99,YARD CARD CANADA,CA,private label,debit
908955,00-99,YARD CARD CANADA,CA,private label,debit
908956,00-99,YARD CARD CANADA,CA,private label,debit
908957,00-99,YARD CARD CANADA,CA,private label,debit
908958,00-99,YARD CARD CANADA,CA,private label,debit
908959,00-99,YARD CARD CANADA,CA,private label,debit
908960,00-99,YARD CARD CANADA,CA,private label,debit
908961,00-99,YARD CARD CANADA,CA,private label,debit
908962,00-99,YARD CARD CANADA,CA,private label,debit
908963,00-99,YARD CARD CANADA,CA,private label,debit
908964,00-99,YARD CARD CANADA,CA,private label,debit
908965,00-99,YARD CARD CANADA,CA,private label,debit
908966,00-99,YARD CARD CANADA,CA,private label,debit
908967,00-99,YARD CARD CANADA,CA,private label,debit
908968,00-99,YARD CARD CANADA,CA,private label,debit
908969,00-99,YARD CARD CANADA,CA,private label,debit
908970,00-99,YARD CARD CANADA,CA,private label,debit
908971,00-99,YARD CARD CANADA,CA,private label,debit
908972,00-99,YARD CARD CANADA,CA,private label,debit
908973,00-99,YARD CARD CANADA,CA,private label,debit
908974,00-99,YARD CARD CANADA,CA,private label,debit
908975,00-99,YARD CARD CANADA,CA,private label,debit
908976,00-99,YARD CARD CANADA,CA,private label,debit
908977,00-99,YARD CARD CANADA,CA,private label,debit
908978,00-99,YARD CARD CANADA,CA,private label,debit
908979,00-99,YARD CARD CANADA,CA,private label,debit
908980,00-99,YARD CARD CANADA,CA,private label,debit
908981,00-99,YARD CARD CANADA,CA,private label,debit
908982,00-99,YARD CARD CANADA,CA,private label,debit
908983,00-99,YARD CARD CANADA,CA,private label,debit
908984,00-99,YARD CARD CANADA,CA,private label,debit
908985,00-99,YARD CARD CANADA,CA,private label,debit
908986,00-99,YARD CARD CANADA,CA,private label,debit
908987,00-99,YARD CARD CANADA,CA,private label,debit
908988,00-99,YARD CARD CANADA,CA,private label,debit
908989,00-99,YARD CARD CANADA,CA,private label,debit
908990,00-99,YARD CARD CANADA,CA,private label,debit
908991,00-99,YARD CARD CANADA,CA,private label,debit
908992,00-99,YARD CARD CANADA,CA,private label,debit
908993,00-99,YARD CARD CANADA,CA,private label,debit
908994,00-99,YARD CARD CANADA,CA,private label,debit
908995,00-99,YARD CARD CANADA,CA,private label,debit
908996,00-99,YARD CARD CANADA,CA,private label,debit
908997,00-99,YARD CARD CANADA,CA,private label,debit
908998,00-99,YARD CARD CANADA,CA,private label,debit
908999,00-99,YARD CARD CANADA,CA,private label,debit
909001,00-99,DUTCH-BANGLA BANK LTD.,BD,local brand,debit
909002,00-99,DUTCH-BANGLA BANK LTD.,BD,local brand,debit
909602,00-99,,US,private label,debit
909603,00-99,,US,private label,debit
909604,00-99,,US,private label,debit
909605,00-99,,US,private label,debit
909606,00-99,,US,private label,debit
909607,00-99,,US,private label,debit
909608,00-99,,US,private label,debit
909609,00-99,,US,private label,debit
909810,00-99,GUANGZHOU RURAL COMMERCIAL BANK CO. LTD.,CN,local,debit
